type	participant.participant_id	diagnosis_record_id	primary_diagnosis_disease_group	ctep_disease_term	meddra_disease_code	snomed_disease_term	snomed_disease_code	primary_disease_site	histology	histological_subtype	stage_of_disease	tumor_grade	crdc_id
diagnosis	CTDC-PARTICIPANT-690294	CTDC-DIAGNOSIS-808716	Small cell lung cancer	Adenocarcinoma of the Gastroesophageal Junction	10017760	Squamous Cell Carcinoma	37138001	scientia,_aere_perennius	Obedientia_civium_urbis_felicitas	salus_in_arduis	Stage IVC	Borderline malignancy	id_quod_plerumque_accidit
diagnosis	CTDC-PARTICIPANT-432211	CTDC-DIAGNOSIS-843618	Gastric cancer, NOS	Non-Small Cell Lung Carcinoma	10029514	Breast Carcinoma	72495009	a_bene_placito	O_Tite_tute_Tati_tibi_tanta_tyranne_tulisti	Obedientia_civium_urbis_felicitas	Stage IIIB	Undifferentiated grade	O_Tite_tute_Tati_tibi_tanta_tyranne_tulisti
diagnosis	CTDC-PARTICIPANT-156038	CTDC-DIAGNOSIS-505216	Adenocarcinoma of the gastroesophageal junction	Small Cell Lung Carcinoma	10033159	Rectal Adenoma	254626006	Obedientia_civium_urbis_felicitas	Macte_animo_Generose_puer_sic_itur_ad_astra	Obedientia_civium_urbis_felicitas	Stage IIIB	Borderline malignancy	e_causa_ignota
diagnosis	CTDC-PARTICIPANT-938641	CTDC-DIAGNOSIS-950352	Myeloma, NOS	Acute Myeloid Leukemia Not Otherwise Specified	10028566	Plasma Cell Myeloma	254626006	a_bene_placito	id_quod_plerumque_accidit	sapiens_qui_prospicit	Stage III	Grade cannot be assessed	O_Tite_tute_Tati_tibi_tanta_tyranne_tulisti
diagnosis	CTDC-PARTICIPANT-947736	CTDC-DIAGNOSIS-841671	Gastric cancer, NOS	Invasive Breast Carcinoma	10029514	Prostate Carcinoma	428054006	a_bene_placito	scientia_imperii_decus_et_tutamen	damnant_quod_non_intellegunt	Stage IIIC	Undifferentiated grade	scientia_imperii_decus_et_tutamen
diagnosis	CTDC-PARTICIPANT-752937	CTDC-DIAGNOSIS-117745	Small cell lung cancer	Small Cell Lung Carcinoma	10028566	Colon Carcinoma	448993007	O_Tite_tute_Tati_tibi_tanta_tyranne_tulisti	nascentes_morimur_finisque_ab_origine_pendet	Gallia_est_omnis_divisa_in_partes_tres	Stage IVB	Borderline malignancy	scientiae_cedit_mare
diagnosis	CTDC-PARTICIPANT-619356	CTDC-DIAGNOSIS-624545	Acute myeloid leukemia, NOS	Invasive Breast Carcinoma	10033159	Epithelioid Cell Melanoma	70594002	Gallia_est_omnis_divisa_in_partes_tres	scientia_et_labor	faber_est_suae_quisque_fortunae	Stage IVB	Borderline malignancy	pace_tua
diagnosis	CTDC-PARTICIPANT-293969	CTDC-DIAGNOSIS-946653	Fallopian tube carcinoma	Adenocarcinoma of the Gastroesophageal Junction	10000884	Colon Carcinoma	254626006	Gallia_est_omnis_divisa_in_partes_tres	Obedientia_civium_urbis_felicitas	id_quod_plerumque_accidit	Stage IVA	Borderline malignancy	scientiae_cedit_mare
diagnosis	CTDC-PARTICIPANT-962284	CTDC-DIAGNOSIS-920306	Adenocarcinoma of the gastroesophageal junction	Invasive Breast Carcinoma	10066354	Small Cell Lung Carcinoma	2092003	pace_tua	Gallia_est_omnis_divisa_in_partes_tres	cacatum_non_est_pictum	Stage IIIA	Borderline malignancy	imperium_in_imperio
diagnosis	CTDC-PARTICIPANT-316792	CTDC-DIAGNOSIS-759260	Esophageal cancer, NOS	Plasma Cell Myeloma	10006190	Melanoma	55921005	cacatum_non_est_pictum	nascentes_morimur_finisque_ab_origine_pendet	haec_olim_meminisse_iuvabit	Stage IVC	Well Differentiated	haec_olim_meminisse_iuvabit
diagnosis	CTDC-PARTICIPANT-647592	CTDC-DIAGNOSIS-940611	Acute myeloid leukemia, NOS	Prostate Carcinoma	10053571	Plasma Cell Myeloma	269533000	cacatum_non_est_pictum	nascentes_morimur_finisque_ab_origine_pendet	scientia_et_labor	Stage IV	Moderately Differentiated	damnant_quod_non_intellegunt
diagnosis	CTDC-PARTICIPANT-549335	CTDC-DIAGNOSIS-629857	Colorectal cancer, NOS	Non-Small Cell Lung Carcinoma	10006190	Mucinous Adenocarcinoma	254632001	haec_olim_meminisse_iuvabit	e_causa_ignota	id_quod_plerumque_accidit	Stage IVC	Borderline malignancy	scientiae_cedit_mare
diagnosis	CTDC-PARTICIPANT-141700	CTDC-DIAGNOSIS-469161	Primary peritoneal carcinoma	Adenocarcinoma of the Gastroesophageal Junction	10066354	Nodular Melanoma	254634000	scientiae_cedit_mare	nascentes_morimur_finisque_ab_origine_pendet	nascentes_morimur_finisque_ab_origine_pendet	Stage IVC	Borderline malignancy	nascentes_morimur_finisque_ab_origine_pendet
diagnosis	CTDC-PARTICIPANT-929444	CTDC-DIAGNOSIS-450581	Esophageal cancer, NOS	Ovarian Carcinoma	10053571	Adenocarcinoma	17788007	saltus_in_demonstrando	imperium_in_imperio	scientiae_cedit_mare	Stage IVC	Moderately Differentiated	e_causa_ignota
diagnosis	CTDC-PARTICIPANT-216338	CTDC-DIAGNOSIS-606497	Invasive breast carcinoma	Invasive Breast Carcinoma	10006190	Epithelioid Cell Melanoma	276803003	scientiae_cedit_mare	O_Tite_tute_Tati_tibi_tanta_tyranne_tulisti	Obedientia_civium_urbis_felicitas	Stage III	Borderline malignancy	scientia_et_sapientia
diagnosis	CTDC-PARTICIPANT-830247	CTDC-DIAGNOSIS-407576	Ovarian epithelial cancer	Non-Small Cell Lung Carcinoma	10029514	Small Cell Carcinoma	399490008	scientia_et_sapientia	imperium_in_imperio	nanos_gigantum_humeris_insidentes	Stage IVA	Undifferentiated grade	Obedientia_civium_urbis_felicitas
diagnosis	CTDC-PARTICIPANT-287148	CTDC-DIAGNOSIS-155690	Colorectal cancer, NOS	Colorectal Carcinoma	10000884	Small Cell Carcinoma	254731001	e_causa_ignota	nanos_gigantum_humeris_insidentes	nascentes_morimur_finisque_ab_origine_pendet	Stage IVC	Well Differentiated	scientiae_cedit_mare
diagnosis	CTDC-PARTICIPANT-264433	CTDC-DIAGNOSIS-463474	Invasive breast carcinoma	Adenocarcinoma of the Gastroesophageal Junction	10036910	Nodular Melanoma	28899001	sapiens_qui_prospicit	labor_ipse_voluptas	e_causa_ignota	Stage IIIA	Well Differentiated	sapiens_qui_prospicit
diagnosis	CTDC-PARTICIPANT-367275	CTDC-DIAGNOSIS-213973	Fallopian tube carcinoma	Small Cell Lung Carcinoma	10053571	Rectal Adenoma	55921005	imperium_in_imperio	O_Tite_tute_Tati_tibi_tanta_tyranne_tulisti	nanos_gigantum_humeris_insidentes	Stage IIIB	Poorly Differentiated	saltus_in_demonstrando
diagnosis	CTDC-PARTICIPANT-546328	CTDC-DIAGNOSIS-488717	Myeloma, NOS	Non-Small Cell Lung Carcinoma	10000884	Small Cell Carcinoma	254838004	labor_ipse_voluptas	labor_ipse_voluptas	labor_ipse_voluptas	Stage IIIC	Grade cannot be assessed	pace_tua
diagnosis	CTDC-PARTICIPANT-455228	CTDC-DIAGNOSIS-683514	Gastric cancer, NOS	Acute Myeloid Leukemia Not Otherwise Specified	10006190	Acute Myeloid Leukemia	70594002	nanos_gigantum_humeris_insidentes	nanos_gigantum_humeris_insidentes	a_bene_placito	Stage IVC	Borderline malignancy	e_causa_ignota
diagnosis	CTDC-PARTICIPANT-701412	CTDC-DIAGNOSIS-572512	Myeloma, NOS	Colorectal Carcinoma	10041071	Esophageal Adenocarcinoma	35917007	saltus_in_demonstrando	scientia_imperii_decus_et_tutamen	faber_est_suae_quisque_fortunae	Stage IIIB	Borderline malignancy	salus_in_arduis
diagnosis	CTDC-PARTICIPANT-168184	CTDC-DIAGNOSIS-476879	Myeloma, NOS	Adenocarcinoma of the Gastroesophageal Junction	10033159	Gastric Adenocarcinoma	254626006	scientia,_aere_perennius	cacatum_non_est_pictum	labor_ipse_voluptas	Stage IIIC	Well Differentiated	damnant_quod_non_intellegunt
diagnosis	CTDC-PARTICIPANT-406364	CTDC-DIAGNOSIS-784219	Small cell lung cancer	Plasma Cell Myeloma	10006190	Esophageal Adenocarcinoma	70594002	faber_est_suae_quisque_fortunae	nanos_gigantum_humeris_insidentes	salus_in_arduis	Stage IVA	Undifferentiated grade	scientia_et_sapientia
diagnosis	CTDC-PARTICIPANT-260530	CTDC-DIAGNOSIS-653672	Small cell lung cancer	Acute Myeloid Leukemia Not Otherwise Specified	10041071	Multiple myeloma	74364000	nascentes_morimur_finisque_ab_origine_pendet	scientia_imperii_decus_et_tutamen	e_causa_ignota	Stage IVC	Borderline malignancy	a_bene_placito
diagnosis	CTDC-PARTICIPANT-783647	CTDC-DIAGNOSIS-568223	Invasive breast carcinoma	Adenocarcinoma of the Gastroesophageal Junction	10036910	Neuroendocrine Carcinoma	254626006	Gallia_est_omnis_divisa_in_partes_tres	nascentes_morimur_finisque_ab_origine_pendet	scientia_imperii_decus_et_tutamen	Stage IVC	Well Differentiated	scientia,_aere_perennius
diagnosis	CTDC-PARTICIPANT-896741	CTDC-DIAGNOSIS-640713	Gastric cancer, NOS	Adenocarcinoma of the Gastroesophageal Junction	10053571	Non-Small Cell Lung Carcinoma	2142002	scientiae_et_patriae	Gallia_est_omnis_divisa_in_partes_tres	nanos_gigantum_humeris_insidentes	Stage IIIB	Undifferentiated grade	faber_est_suae_quisque_fortunae
diagnosis	CTDC-PARTICIPANT-530795	CTDC-DIAGNOSIS-300774	Esophageal cancer, NOS	Acute Myeloid Leukemia Not Otherwise Specified	10000884	Adenocarcinoma	253000007	id_quod_plerumque_accidit	scientiae_et_patriae	sapiens_qui_prospicit	Stage IIIA	Moderately Differentiated	labor_ipse_voluptas
diagnosis	CTDC-PARTICIPANT-969123	CTDC-DIAGNOSIS-900659	Primary peritoneal carcinoma	Invasive Breast Carcinoma	10036910	Esophageal Adenocarcinoma	402815007	saltus_in_demonstrando	haec_olim_meminisse_iuvabit	nascentes_morimur_finisque_ab_origine_pendet	Stage IVB	Borderline malignancy	Obedientia_civium_urbis_felicitas
diagnosis	CTDC-PARTICIPANT-463201	CTDC-DIAGNOSIS-837963	Adenocarcinoma of the gastroesophageal junction	Ovarian Carcinoma	10041071	Lung Carcinoma	2142002	cacatum_non_est_pictum	imperium_in_imperio	damnant_quod_non_intellegunt	Stage IV	Moderately Differentiated	pace_tua
diagnosis	CTDC-PARTICIPANT-816850	CTDC-DIAGNOSIS-918726	Non-small cell lung cancer, NOS	Adenocarcinoma of the Gastroesophageal Junction	10036910	Multiple myeloma and immunoproliferative disease	254900004	cacatum_non_est_pictum	damnant_quod_non_intellegunt	O_Tite_tute_Tati_tibi_tanta_tyranne_tulisti	Stage IIIA	Borderline malignancy	barba_crescit_caput_nescit
diagnosis	CTDC-PARTICIPANT-655107	CTDC-DIAGNOSIS-186021	Fallopian tube carcinoma	Invasive Breast Carcinoma	10033159	Superficial Spreading Melanoma	35917007	scientia,_aere_perennius	Macte_animo_Generose_puer_sic_itur_ad_astra	haec_olim_meminisse_iuvabit	Stage IVB	Borderline malignancy	labor_ipse_voluptas
diagnosis	CTDC-PARTICIPANT-332505	CTDC-DIAGNOSIS-681918	Gastric cancer, NOS	Invasive Breast Carcinoma	10053571	Small Cell Carcinoma	70594002	e_causa_ignota	O_Tite_tute_Tati_tibi_tanta_tyranne_tulisti	a_bene_placito	Stage IIIA	Poorly Differentiated	pace_tua
diagnosis	CTDC-PARTICIPANT-826428	CTDC-DIAGNOSIS-339366	Melanoma	Non-Small Cell Lung Carcinoma	10033159	Adenocarcinoma	74364000	scientiae_et_patriae	Macte_animo_Generose_puer_sic_itur_ad_astra	imperium_in_imperio	Stage IIIC	Moderately Differentiated	pace_tua
diagnosis	CTDC-PARTICIPANT-682660	CTDC-DIAGNOSIS-657116	Non-small cell lung cancer, NOS	Adenocarcinoma of the Gastroesophageal Junction	10041071	Small Cell Carcinoma	276803003	faber_est_suae_quisque_fortunae	id_quod_plerumque_accidit	pace_tua	Stage IIIA	Poorly Differentiated	O_Tite_tute_Tati_tibi_tanta_tyranne_tulisti
diagnosis	CTDC-PARTICIPANT-610996	CTDC-DIAGNOSIS-692929	Adenocarcinoma of the gastroesophageal junction	Adenocarcinoma of the Gastroesophageal Junction	10041071	Multiple myeloma and immunoproliferative disease	254626006	scientia_et_sapientia	scientiae_et_patriae	faber_est_suae_quisque_fortunae	Stage III	Undifferentiated grade	scientia_et_labor
diagnosis	CTDC-PARTICIPANT-451667	CTDC-DIAGNOSIS-188461	Gastric cancer, NOS	Ovarian Carcinoma	10066354	Colorectal Adenocarcinoma	37138001	scientiae_cedit_mare	scientia,_aere_perennius	id_quod_plerumque_accidit	Stage III	Moderately Differentiated	labor_ipse_voluptas
diagnosis	CTDC-PARTICIPANT-635583	CTDC-DIAGNOSIS-955413	Melanoma	Ovarian Carcinoma	10000884	Esophageal Adenocarcinoma	93655004	cacatum_non_est_pictum	Obedientia_civium_urbis_felicitas	Macte_animo_Generose_puer_sic_itur_ad_astra	Stage IVB	Poorly Differentiated	sapiens_qui_prospicit
diagnosis	CTDC-PARTICIPANT-257391	CTDC-DIAGNOSIS-343184	Invasive breast carcinoma	Small Cell Lung Carcinoma	10066354	Epithelioid Cell Melanoma	254637007	scientiae_et_patriae	e_causa_ignota	scientiae_cedit_mare	Stage IVC	Borderline malignancy	scientia,_aere_perennius
diagnosis	CTDC-PARTICIPANT-495012	CTDC-DIAGNOSIS-890233	Prostate cancer, NOS	Acute Myeloid Leukemia Not Otherwise Specified	10017760	Prostate Adenocarcinoma	70594002	cacatum_non_est_pictum	salus_in_arduis	salus_in_arduis	Stage IV	Borderline malignancy	nascentes_morimur_finisque_ab_origine_pendet
diagnosis	CTDC-PARTICIPANT-315125	CTDC-DIAGNOSIS-152585	Non-small cell lung cancer, NOS	Melanoma	10010029	Acute Myeloid Leukemia	254838004	imperium_in_imperio	barba_crescit_caput_nescit	damnant_quod_non_intellegunt	Stage IV	Borderline malignancy	labor_ipse_voluptas
diagnosis	CTDC-PARTICIPANT-903728	CTDC-DIAGNOSIS-378156	Invasive breast carcinoma	Plasma Cell Myeloma	10010029	Mucinous Adenocarcinoma	443961001	Gallia_est_omnis_divisa_in_partes_tres	scientia_et_labor	a_bene_placito	Stage IIIC	Moderately Differentiated	scientia_imperii_decus_et_tutamen
diagnosis	CTDC-PARTICIPANT-360350	CTDC-DIAGNOSIS-821172	Invasive breast carcinoma	Melanoma	10029514	Lung Carcinoma	408647009	O_Tite_tute_Tati_tibi_tanta_tyranne_tulisti	haec_olim_meminisse_iuvabit	scientiae_cedit_mare	Stage IIIA	Grade cannot be assessed	pace_tua
diagnosis	CTDC-PARTICIPANT-199105	CTDC-DIAGNOSIS-890004	Prostate cancer, NOS	Acute Myeloid Leukemia Not Otherwise Specified	10053571	Acute Myeloid Leukemia	408647009	id_quod_plerumque_accidit	nascentes_morimur_finisque_ab_origine_pendet	damnant_quod_non_intellegunt	Stage IIIB	Undifferentiated grade	e_causa_ignota
diagnosis	CTDC-PARTICIPANT-693889	CTDC-DIAGNOSIS-237638	Prostate cancer, NOS	Prostate Carcinoma	10029514	Plasma Cell Myeloma	128922003	imperium_in_imperio	faber_est_suae_quisque_fortunae	e_causa_ignota	Stage IIIA	Grade cannot be assessed	Gallia_est_omnis_divisa_in_partes_tres
diagnosis	CTDC-PARTICIPANT-422822	CTDC-DIAGNOSIS-989511	Invasive breast carcinoma	Colorectal Carcinoma	10036910	Colorectal Adenocarcinoma	254632001	saltus_in_demonstrando	haec_olim_meminisse_iuvabit	imperium_in_imperio	Stage IIIC	Poorly Differentiated	Obedientia_civium_urbis_felicitas
diagnosis	CTDC-PARTICIPANT-558535	CTDC-DIAGNOSIS-661718	Esophageal cancer, NOS	Acute Myeloid Leukemia Not Otherwise Specified	10036910	Adenocarcinoma	37138001	nascentes_morimur_finisque_ab_origine_pendet	nascentes_morimur_finisque_ab_origine_pendet	damnant_quod_non_intellegunt	Stage IVB	Borderline malignancy	saltus_in_demonstrando
diagnosis	CTDC-PARTICIPANT-259584	CTDC-DIAGNOSIS-370850	Small cell lung cancer	Small Cell Lung Carcinoma	10017760	Nodular Melanoma	55921005a	Obedientia_civium_urbis_felicitas	faber_est_suae_quisque_fortunae	scientiae_et_patriae	Stage IIIB	Borderline malignancy	salus_in_arduis
diagnosis	CTDC-PARTICIPANT-278169	CTDC-DIAGNOSIS-925479	Gastric cancer, NOS	Invasive Breast Carcinoma	10029514	Superficial Spreading Melanoma	2092003	barba_crescit_caput_nescit	id_quod_plerumque_accidit	e_causa_ignota	Stage IVB	Grade cannot be assessed	scientia_imperii_decus_et_tutamen
diagnosis	CTDC-PARTICIPANT-266713	CTDC-DIAGNOSIS-690425	Myeloma, NOS	Plasma Cell Myeloma	10029514	Colorectal Adenocarcinoma	399490008	barba_crescit_caput_nescit	faber_est_suae_quisque_fortunae	Macte_animo_Generose_puer_sic_itur_ad_astra	Stage III	Grade cannot be assessed	scientia_imperii_decus_et_tutamen
diagnosis	CTDC-PARTICIPANT-218354	CTDC-DIAGNOSIS-303075	Non-small cell lung cancer, NOS	Plasma Cell Myeloma	10028566	Squamous Cell Lung Carcinoma	72495009	scientiae_et_patriae	Macte_animo_Generose_puer_sic_itur_ad_astra	pace_tua	Stage III	Well Differentiated	damnant_quod_non_intellegunt
diagnosis	CTDC-PARTICIPANT-873942	CTDC-DIAGNOSIS-895480	Myeloma, NOS	Adenocarcinoma of the Gastroesophageal Junction	10066354	Prostate Adenocarcinoma	443961001	sapiens_qui_prospicit	damnant_quod_non_intellegunt	scientia,_aere_perennius	Stage IVC	Well Differentiated	nascentes_morimur_finisque_ab_origine_pendet
diagnosis	CTDC-PARTICIPANT-881748	CTDC-DIAGNOSIS-312417	Ovarian epithelial cancer	Colorectal Carcinoma	10000884	Multiple myeloma	254582000	scientiae_cedit_mare	Gallia_est_omnis_divisa_in_partes_tres	scientiae_et_patriae	Stage IVC	Poorly Differentiated	O_Tite_tute_Tati_tibi_tanta_tyranne_tulisti
diagnosis	CTDC-PARTICIPANT-951776	CTDC-DIAGNOSIS-840824	Colorectal cancer, NOS	Colorectal Carcinoma	10029514	Melanoma	254900004	saltus_in_demonstrando	haec_olim_meminisse_iuvabit	a_bene_placito	Stage IIIB	Moderately Differentiated	scientia_et_labor
diagnosis	CTDC-PARTICIPANT-297864	CTDC-DIAGNOSIS-489615	Small cell lung cancer	Plasma Cell Myeloma	10000884	Breast Carcinoma	443961001	e_causa_ignota	faber_est_suae_quisque_fortunae	nascentes_morimur_finisque_ab_origine_pendet	Stage IIIB	Moderately Differentiated	saltus_in_demonstrando
diagnosis	CTDC-PARTICIPANT-243741	CTDC-DIAGNOSIS-764232	Primary peritoneal carcinoma	Colorectal Carcinoma	10053571	Plasma Cell Myeloma	2092003	labor_ipse_voluptas	e_causa_ignota	a_bene_placito	Stage IVA	Undifferentiated grade	barba_crescit_caput_nescit
diagnosis	CTDC-PARTICIPANT-911305	CTDC-DIAGNOSIS-353646	Colorectal cancer, NOS	Plasma Cell Myeloma	10029514	Adenocarcinoma	109989006	salus_in_arduis	Gallia_est_omnis_divisa_in_partes_tres	O_Tite_tute_Tati_tibi_tanta_tyranne_tulisti	Stage IIIC	Well Differentiated	imperium_in_imperio
diagnosis	CTDC-PARTICIPANT-883586	CTDC-DIAGNOSIS-445335	Esophageal cancer, NOS	Acute Myeloid Leukemia Not Otherwise Specified	10017760	Neuroendocrine Carcinoma	254731001	Macte_animo_Generose_puer_sic_itur_ad_astra	scientiae_et_patriae	nascentes_morimur_finisque_ab_origine_pendet	Stage III	Undifferentiated grade	e_causa_ignota
diagnosis	CTDC-PARTICIPANT-677679	CTDC-DIAGNOSIS-746066	Small cell lung cancer	Adenocarcinoma of the Gastroesophageal Junction	10000884	Melanoma	35917007	scientia_imperii_decus_et_tutamen	scientia_imperii_decus_et_tutamen	pace_tua	Stage IVA	Grade cannot be assessed	cacatum_non_est_pictum
diagnosis	CTDC-PARTICIPANT-135842	CTDC-DIAGNOSIS-581771	Non-small cell lung cancer, NOS	Small Cell Lung Carcinoma	10006190	Prostate Adenocarcinoma	254633006	scientia_et_sapientia	nanos_gigantum_humeris_insidentes	barba_crescit_caput_nescit	Stage IVB	Moderately Differentiated	saltus_in_demonstrando
diagnosis	CTDC-PARTICIPANT-969709	CTDC-DIAGNOSIS-130420	Non-small cell lung cancer, NOS	Small Cell Lung Carcinoma	10028566	Epithelioid Cell Melanoma	2142002	saltus_in_demonstrando	scientia_et_labor	scientia_et_labor	Stage IVA	Moderately Differentiated	saltus_in_demonstrando
diagnosis	CTDC-PARTICIPANT-742659	CTDC-DIAGNOSIS-857757	Acute myeloid leukemia, NOS	Acute Myeloid Leukemia Not Otherwise Specified	10017760	Prostate Carcinoma	109989006	sapiens_qui_prospicit	scientia,_aere_perennius	a_bene_placito	Stage IV	Undifferentiated grade	labor_ipse_voluptas
diagnosis	CTDC-PARTICIPANT-983334	CTDC-DIAGNOSIS-330837	Acute myeloid leukemia, NOS	Colorectal Carcinoma	10000884	Multiple myeloma	109989006	salus_in_arduis	scientia,_aere_perennius	faber_est_suae_quisque_fortunae	Stage IIIA	Well Differentiated	sapiens_qui_prospicit
diagnosis	CTDC-PARTICIPANT-908214	CTDC-DIAGNOSIS-983693	Non-small cell lung cancer, NOS	Acute Myeloid Leukemia Not Otherwise Specified	10029514	Esophageal Adenocarcinoma	188717001	labor_ipse_voluptas	nascentes_morimur_finisque_ab_origine_pendet	scientia,_aere_perennius	Stage III	Poorly Differentiated	nanos_gigantum_humeris_insidentes
diagnosis	CTDC-PARTICIPANT-768467	CTDC-DIAGNOSIS-935927	Fallopian tube carcinoma	Small Cell Lung Carcinoma	10029514	Superficial Spreading Melanoma	254731001	cacatum_non_est_pictum	saltus_in_demonstrando	scientia,_aere_perennius	Stage IVC	Moderately Differentiated	labor_ipse_voluptas
diagnosis	CTDC-PARTICIPANT-395343	CTDC-DIAGNOSIS-452050	Melanoma	Adenocarcinoma of the Gastroesophageal Junction	10041071	Esophageal Adenocarcinoma	93655004	imperium_in_imperio	labor_ipse_voluptas	cacatum_non_est_pictum	Stage IIIA	Well Differentiated	e_causa_ignota
diagnosis	CTDC-PARTICIPANT-927931	CTDC-DIAGNOSIS-841170	Gastric cancer, NOS	Plasma Cell Myeloma	10053571	Acute Myeloid Leukemia	37138001	labor_ipse_voluptas	scientiae_et_patriae	scientia_et_labor	Stage IIIC	Poorly Differentiated	Macte_animo_Generose_puer_sic_itur_ad_astra
diagnosis	CTDC-PARTICIPANT-994388	CTDC-DIAGNOSIS-820458	Adenocarcinoma of the gastroesophageal junction	Prostate Carcinoma	10053571	Plasma Cell Myeloma	74364000	sapiens_qui_prospicit	Obedientia_civium_urbis_felicitas	id_quod_plerumque_accidit	Stage IV	Borderline malignancy	scientiae_cedit_mare
diagnosis	CTDC-PARTICIPANT-156187	CTDC-DIAGNOSIS-843690	Gastric cancer, NOS	Prostate Carcinoma	10006190	Lung Adenocarcinoma	448993007	sapiens_qui_prospicit	Obedientia_civium_urbis_felicitas	imperium_in_imperio	Stage IVB	Undifferentiated grade	saltus_in_demonstrando
diagnosis	CTDC-PARTICIPANT-364679	CTDC-DIAGNOSIS-458853	Small cell lung cancer	Melanoma	10000884	Rectal Carcinoma	35917007	a_bene_placito	saltus_in_demonstrando	salus_in_arduis	Stage IVC	Moderately Differentiated	Obedientia_civium_urbis_felicitas
diagnosis	CTDC-PARTICIPANT-343526	CTDC-DIAGNOSIS-519240	Melanoma	Adenocarcinoma of the Gastroesophageal Junction	10053571	Prostate Carcinoma	399490008	scientia_imperii_decus_et_tutamen	pace_tua	barba_crescit_caput_nescit	Stage IVB	Borderline malignancy	O_Tite_tute_Tati_tibi_tanta_tyranne_tulisti
diagnosis	CTDC-PARTICIPANT-622616	CTDC-DIAGNOSIS-686782	Melanoma	Plasma Cell Myeloma	10029514	Prostate Adenocarcinoma	254730000	pace_tua	cacatum_non_est_pictum	haec_olim_meminisse_iuvabit	Stage III	Well Differentiated	scientia_et_labor
diagnosis	CTDC-PARTICIPANT-366302	CTDC-DIAGNOSIS-165336	Adenocarcinoma of the gastroesophageal junction	Prostate Carcinoma	10033159	Colon Adenoma	93655004	nascentes_morimur_finisque_ab_origine_pendet	barba_crescit_caput_nescit	labor_ipse_voluptas	Stage IIIA	Well Differentiated	a_bene_placito
diagnosis	CTDC-PARTICIPANT-998456	CTDC-DIAGNOSIS-202891	Acute myeloid leukemia, NOS	Ovarian Carcinoma	10041071	Plasma Cell Leukemia	399068003	O_Tite_tute_Tati_tibi_tanta_tyranne_tulisti	sapiens_qui_prospicit	Obedientia_civium_urbis_felicitas	Stage IVC	Undifferentiated grade	cacatum_non_est_pictum
diagnosis	CTDC-PARTICIPANT-804244	CTDC-DIAGNOSIS-390971	Invasive breast carcinoma	Acute Myeloid Leukemia Not Otherwise Specified	10000884	Plasma Cell Myeloma	254582000	id_quod_plerumque_accidit	nanos_gigantum_humeris_insidentes	haec_olim_meminisse_iuvabit	Stage IIIC	Poorly Differentiated	scientia_imperii_decus_et_tutamen
diagnosis	CTDC-PARTICIPANT-887816	CTDC-DIAGNOSIS-815584	Prostate cancer, NOS	Acute Myeloid Leukemia Not Otherwise Specified	10010029	Acute Myeloid Leukemia	72495009	saltus_in_demonstrando	Obedientia_civium_urbis_felicitas	imperium_in_imperio	Stage IVB	Undifferentiated grade	O_Tite_tute_Tati_tibi_tanta_tyranne_tulisti
diagnosis	CTDC-PARTICIPANT-103234	CTDC-DIAGNOSIS-591972	Gastric cancer, NOS	Invasive Breast Carcinoma	10036910	Squamous Cell Lung Carcinoma	254632001	e_causa_ignota	faber_est_suae_quisque_fortunae	e_causa_ignota	Stage IVC	Poorly Differentiated	scientia_et_labor
diagnosis	CTDC-PARTICIPANT-512674	CTDC-DIAGNOSIS-763049	Ovarian epithelial cancer	Ovarian Carcinoma	10028566	Breast Carcinoma	372244006	a_bene_placito	scientiae_et_patriae	id_quod_plerumque_accidit	Stage IIIC	Borderline malignancy	nascentes_morimur_finisque_ab_origine_pendet
diagnosis	CTDC-PARTICIPANT-703955	CTDC-DIAGNOSIS-179164	Gastric cancer, NOS	Colorectal Carcinoma	10053571	Melanoma	408647009	Obedientia_civium_urbis_felicitas	salus_in_arduis	scientiae_cedit_mare	Stage IVA	Moderately Differentiated	e_causa_ignota
diagnosis	CTDC-PARTICIPANT-885336	CTDC-DIAGNOSIS-240724	Prostate cancer, NOS	Colorectal Carcinoma	10029514	Nodular Melanoma	72495009	Obedientia_civium_urbis_felicitas	a_bene_placito	id_quod_plerumque_accidit	Stage IVB	Undifferentiated grade	Macte_animo_Generose_puer_sic_itur_ad_astra
diagnosis	CTDC-PARTICIPANT-179603	CTDC-DIAGNOSIS-483992	Small cell lung cancer	Acute Myeloid Leukemia Not Otherwise Specified	10029514	Rectal Carcinoma	28899001	scientiae_et_patriae	nanos_gigantum_humeris_insidentes	scientia_et_sapientia	Stage IVC	Undifferentiated grade	scientia_imperii_decus_et_tutamen
diagnosis	CTDC-PARTICIPANT-435204	CTDC-DIAGNOSIS-779236	Gastric cancer, NOS	Acute Myeloid Leukemia Not Otherwise Specified	10036910	Prostate Carcinoma	55921005a	barba_crescit_caput_nescit	imperium_in_imperio	Gallia_est_omnis_divisa_in_partes_tres	Stage IIIC	Well Differentiated	scientia_imperii_decus_et_tutamen
diagnosis	CTDC-PARTICIPANT-326162	CTDC-DIAGNOSIS-823179	Small cell lung cancer	Ovarian Carcinoma	10033159	Multiple myeloma	254634000	saltus_in_demonstrando	haec_olim_meminisse_iuvabit	a_bene_placito	Stage IV	Grade cannot be assessed	barba_crescit_caput_nescit
diagnosis	CTDC-PARTICIPANT-686631	CTDC-DIAGNOSIS-169976	Invasive breast carcinoma	Acute Myeloid Leukemia Not Otherwise Specified	10036910	Multiple myeloma	128922003	e_causa_ignota	id_quod_plerumque_accidit	e_causa_ignota	Stage III	Grade cannot be assessed	faber_est_suae_quisque_fortunae
diagnosis	CTDC-PARTICIPANT-128155	CTDC-DIAGNOSIS-848277	Myeloma, NOS	Acute Myeloid Leukemia Not Otherwise Specified	10017760	Superficial Spreading Melanoma	448993007	scientiae_cedit_mare	scientia_et_labor	scientia_et_sapientia	Stage III	Grade cannot be assessed	Gallia_est_omnis_divisa_in_partes_tres
diagnosis	CTDC-PARTICIPANT-367772	CTDC-DIAGNOSIS-634675	Adenocarcinoma of the gastroesophageal junction	Small Cell Lung Carcinoma	10029514	Nodular Melanoma	372244006	faber_est_suae_quisque_fortunae	pace_tua	damnant_quod_non_intellegunt	Stage IIIC	Grade cannot be assessed	a_bene_placito
diagnosis	CTDC-PARTICIPANT-416408	CTDC-DIAGNOSIS-617497	Acute myeloid leukemia, NOS	Ovarian Carcinoma	10036910	Prostate Carcinoma	399730005	nanos_gigantum_humeris_insidentes	faber_est_suae_quisque_fortunae	scientiae_et_patriae	Stage III	Moderately Differentiated	scientiae_cedit_mare
diagnosis	CTDC-PARTICIPANT-365869	CTDC-DIAGNOSIS-259409	Non-small cell lung cancer, NOS	Plasma Cell Myeloma	10006190	Epithelioid Cell Melanoma	2092003	scientia_et_sapientia	e_causa_ignota	saltus_in_demonstrando	Stage IIIC	Moderately Differentiated	saltus_in_demonstrando
diagnosis	CTDC-PARTICIPANT-654610	CTDC-DIAGNOSIS-229528	Small cell lung cancer	Adenocarcinoma of the Gastroesophageal Junction	10000884	Colon Adenoma	55921005	labor_ipse_voluptas	a_bene_placito	salus_in_arduis	Stage IV	Grade cannot be assessed	Obedientia_civium_urbis_felicitas
diagnosis	CTDC-PARTICIPANT-300549	CTDC-DIAGNOSIS-165444	Non-small cell lung cancer, NOS	Melanoma	10010029	Nodular Melanoma	55921005b	scientiae_et_patriae	pace_tua	scientia_et_sapientia	Stage III	Poorly Differentiated	pace_tua
diagnosis	CTDC-PARTICIPANT-632807	CTDC-DIAGNOSIS-361456	Prostate cancer, NOS	Ovarian Carcinoma	10053571	Colon Carcinoma	254632001	a_bene_placito	nanos_gigantum_humeris_insidentes	id_quod_plerumque_accidit	Stage IVC	Moderately Differentiated	haec_olim_meminisse_iuvabit
diagnosis	CTDC-PARTICIPANT-898476	CTDC-DIAGNOSIS-368593	Adenocarcinoma of the gastroesophageal junction	Ovarian Carcinoma	10029514	Cutaneous Melanoma	17788007	saltus_in_demonstrando	Gallia_est_omnis_divisa_in_partes_tres	e_causa_ignota	Stage IIIA	Moderately Differentiated	sapiens_qui_prospicit
diagnosis	CTDC-PARTICIPANT-276522	CTDC-DIAGNOSIS-523471	Fallopian tube carcinoma	Acute Myeloid Leukemia Not Otherwise Specified	10029514	Colon Carcinoma	28899001	barba_crescit_caput_nescit	cacatum_non_est_pictum	scientia_imperii_decus_et_tutamen	Stage IVC	Moderately Differentiated	haec_olim_meminisse_iuvabit
diagnosis	CTDC-PARTICIPANT-985685	CTDC-DIAGNOSIS-984128	Acute myeloid leukemia, NOS	Invasive Breast Carcinoma	10053571	Squamous Cell Lung Carcinoma	254634000	id_quod_plerumque_accidit	scientiae_cedit_mare	a_bene_placito	Stage IVB	Grade cannot be assessed	scientia,_aere_perennius
diagnosis	CTDC-PARTICIPANT-142229	CTDC-DIAGNOSIS-499248	Esophageal cancer, NOS	Invasive Breast Carcinoma	10066354	Acute Myeloid Leukemia	254626006	scientia_et_labor	cacatum_non_est_pictum	scientia_imperii_decus_et_tutamen	Stage IIIB	Grade cannot be assessed	scientia,_aere_perennius
diagnosis	CTDC-PARTICIPANT-293557	CTDC-DIAGNOSIS-261641	Non-small cell lung cancer, NOS	Prostate Carcinoma	10017760	Neuroendocrine Carcinoma	93655004	cacatum_non_est_pictum	nascentes_morimur_finisque_ab_origine_pendet	damnant_quod_non_intellegunt	Stage IVB	Well Differentiated	sapiens_qui_prospicit
diagnosis	CTDC-PARTICIPANT-380634	CTDC-DIAGNOSIS-146663	Fallopian tube carcinoma	Prostate Carcinoma	10017760	Gastric Adenocarcinoma	128922003	barba_crescit_caput_nescit	cacatum_non_est_pictum	cacatum_non_est_pictum	Stage IIIC	Grade cannot be assessed	cacatum_non_est_pictum
diagnosis	CTDC-PARTICIPANT-544681	CTDC-DIAGNOSIS-548842	Prostate cancer, NOS	Acute Myeloid Leukemia Not Otherwise Specified	10017760	Colon Adenoma	28899001	cacatum_non_est_pictum	haec_olim_meminisse_iuvabit	pace_tua	Stage IIIA	Grade cannot be assessed	salus_in_arduis
diagnosis	CTDC-PARTICIPANT-283258	CTDC-DIAGNOSIS-916394	Primary peritoneal carcinoma	Prostate Carcinoma	10029514	Neuroendocrine Carcinoma	17788007	nanos_gigantum_humeris_insidentes	scientia_et_sapientia	O_Tite_tute_Tati_tibi_tanta_tyranne_tulisti	Stage IVA	Well Differentiated	labor_ipse_voluptas
diagnosis	CTDC-PARTICIPANT-722428	CTDC-DIAGNOSIS-859159	Fallopian tube carcinoma	Plasma Cell Myeloma	10000884	Breast Carcinoma	443961001	e_causa_ignota	scientiae_cedit_mare	a_bene_placito	Stage IIIA	Grade cannot be assessed	haec_olim_meminisse_iuvabit
diagnosis	CTDC-PARTICIPANT-803065	CTDC-DIAGNOSIS-390456	Prostate cancer, NOS	Non-Small Cell Lung Carcinoma	10028566	Rectal Carcinoma	2142002	labor_ipse_voluptas	sapiens_qui_prospicit	e_causa_ignota	Stage IIIA	Undifferentiated grade	scientia_et_sapientia
diagnosis	CTDC-PARTICIPANT-550111	CTDC-DIAGNOSIS-915987	Non-small cell lung cancer, NOS	Melanoma	10041071	Lung Adenocarcinoma	269533000	a_bene_placito	scientia_imperii_decus_et_tutamen	barba_crescit_caput_nescit	Stage IIIA	Borderline malignancy	saltus_in_demonstrando
diagnosis	CTDC-PARTICIPANT-401372	CTDC-DIAGNOSIS-740703	Non-small cell lung cancer, NOS	Ovarian Carcinoma	10033159	Squamous Cell Lung Carcinoma	408647009	nascentes_morimur_finisque_ab_origine_pendet	faber_est_suae_quisque_fortunae	O_Tite_tute_Tati_tibi_tanta_tyranne_tulisti	Stage IVA	Borderline malignancy	scientia,_aere_perennius
diagnosis	CTDC-PARTICIPANT-209591	CTDC-DIAGNOSIS-811795	Myeloma, NOS	Acute Myeloid Leukemia Not Otherwise Specified	10029514	Adenocarcinoma	55921005b	salus_in_arduis	scientia,_aere_perennius	cacatum_non_est_pictum	Stage IIIC	Undifferentiated grade	haec_olim_meminisse_iuvabit
diagnosis	CTDC-PARTICIPANT-511714	CTDC-DIAGNOSIS-253706	Gastric cancer, NOS	Melanoma	10000884	Small Cell Lung Carcinoma	254634000	labor_ipse_voluptas	Gallia_est_omnis_divisa_in_partes_tres	scientia_et_labor	Stage IVA	Undifferentiated grade	salus_in_arduis
diagnosis	CTDC-PARTICIPANT-111632	CTDC-DIAGNOSIS-454932	Adenocarcinoma of the gastroesophageal junction	Invasive Breast Carcinoma	10036910	Colon Carcinoma	254838004	damnant_quod_non_intellegunt	id_quod_plerumque_accidit	sapiens_qui_prospicit	Stage IV	Undifferentiated grade	Gallia_est_omnis_divisa_in_partes_tres
diagnosis	CTDC-PARTICIPANT-737735	CTDC-DIAGNOSIS-890726	Non-small cell lung cancer, NOS	Invasive Breast Carcinoma	10006190	Epithelioid Cell Melanoma	448993007	id_quod_plerumque_accidit	barba_crescit_caput_nescit	id_quod_plerumque_accidit	Stage IVA	Undifferentiated grade	sapiens_qui_prospicit
diagnosis	CTDC-PARTICIPANT-831722	CTDC-DIAGNOSIS-245845	Colorectal cancer, NOS	Prostate Carcinoma	10036910	Plasma Cell Leukemia	372244006	e_causa_ignota	e_causa_ignota	scientia_et_sapientia	Stage IIIB	Grade cannot be assessed	scientia_imperii_decus_et_tutamen
diagnosis	CTDC-PARTICIPANT-192370	CTDC-DIAGNOSIS-545378	Colorectal cancer, NOS	Ovarian Carcinoma	10036910	Lung Carcinoma	55921005b	e_causa_ignota	O_Tite_tute_Tati_tibi_tanta_tyranne_tulisti	Macte_animo_Generose_puer_sic_itur_ad_astra	Stage IVC	Undifferentiated grade	scientiae_cedit_mare
diagnosis	CTDC-PARTICIPANT-539739	CTDC-DIAGNOSIS-986097	Acute myeloid leukemia, NOS	Colorectal Carcinoma	10041071	Plasma Cell Leukemia	254582000	salus_in_arduis	damnant_quod_non_intellegunt	barba_crescit_caput_nescit	Stage IV	Well Differentiated	scientiae_et_patriae
diagnosis	CTDC-PARTICIPANT-402131	CTDC-DIAGNOSIS-979020	Ovarian epithelial cancer	Adenocarcinoma of the Gastroesophageal Junction	10036910	Rectal Carcinoma	254900004	e_causa_ignota	nascentes_morimur_finisque_ab_origine_pendet	scientia_et_labor	Stage IV	Grade cannot be assessed	cacatum_non_est_pictum
diagnosis	CTDC-PARTICIPANT-306628	CTDC-DIAGNOSIS-488122	Small cell lung cancer	Colorectal Carcinoma	10041071	Acute Myeloid Leukemia	254900004	barba_crescit_caput_nescit	scientia_imperii_decus_et_tutamen	damnant_quod_non_intellegunt	Stage IIIB	Undifferentiated grade	O_Tite_tute_Tati_tibi_tanta_tyranne_tulisti
diagnosis	CTDC-PARTICIPANT-601551	CTDC-DIAGNOSIS-458083	Esophageal cancer, NOS	Prostate Carcinoma	10041071	Colon Carcinoma	254900004	sapiens_qui_prospicit	Obedientia_civium_urbis_felicitas	cacatum_non_est_pictum	Stage IIIC	Grade cannot be assessed	salus_in_arduis
diagnosis	CTDC-PARTICIPANT-617839	CTDC-DIAGNOSIS-125066	Small cell lung cancer	Acute Myeloid Leukemia Not Otherwise Specified	10006190	Small Cell Lung Carcinoma	254730000	pace_tua	imperium_in_imperio	pace_tua	Stage IVA	Borderline malignancy	scientiae_et_patriae
diagnosis	CTDC-PARTICIPANT-878648	CTDC-DIAGNOSIS-497964	Non-small cell lung cancer, NOS	Plasma Cell Myeloma	10006190	Colorectal Adenocarcinoma	128922003	faber_est_suae_quisque_fortunae	imperium_in_imperio	nascentes_morimur_finisque_ab_origine_pendet	Stage IVC	Grade cannot be assessed	cacatum_non_est_pictum
diagnosis	CTDC-PARTICIPANT-527815	CTDC-DIAGNOSIS-393163	Invasive breast carcinoma	Invasive Breast Carcinoma	10028566	Cutaneous Melanoma	399068003	saltus_in_demonstrando	scientia,_aere_perennius	scientiae_cedit_mare	Stage IVB	Moderately Differentiated	salus_in_arduis
diagnosis	CTDC-PARTICIPANT-861878	CTDC-DIAGNOSIS-125896	Fallopian tube carcinoma	Ovarian Carcinoma	10066354	Plasma Cell Leukemia	254633006	a_bene_placito	scientia_et_labor	sapiens_qui_prospicit	Stage IIIB	Well Differentiated	scientia_et_labor
diagnosis	CTDC-PARTICIPANT-911077	CTDC-DIAGNOSIS-580850	Melanoma	Colorectal Carcinoma	10000884	Prostate Adenocarcinoma	269533000	imperium_in_imperio	scientiae_et_patriae	Obedientia_civium_urbis_felicitas	Stage IIIB	Well Differentiated	labor_ipse_voluptas
diagnosis	CTDC-PARTICIPANT-538954	CTDC-DIAGNOSIS-692187	Gastric cancer, NOS	Non-Small Cell Lung Carcinoma	10006190	Epithelioid Cell Melanoma	402815007	scientiae_cedit_mare	id_quod_plerumque_accidit	scientia_et_labor	Stage IVA	Poorly Differentiated	e_causa_ignota
diagnosis	CTDC-PARTICIPANT-236517	CTDC-DIAGNOSIS-663310	Colorectal cancer, NOS	Invasive Breast Carcinoma	10028566	Neuroendocrine Carcinoma	128922003	scientia_et_sapientia	nanos_gigantum_humeris_insidentes	e_causa_ignota	Stage IIIA	Well Differentiated	imperium_in_imperio
diagnosis	CTDC-PARTICIPANT-569457	CTDC-DIAGNOSIS-392608	Prostate cancer, NOS	Colorectal Carcinoma	10041071	Amelanotic Melanoma	35917007	Obedientia_civium_urbis_felicitas	scientia,_aere_perennius	cacatum_non_est_pictum	Stage IIIB	Poorly Differentiated	imperium_in_imperio
diagnosis	CTDC-PARTICIPANT-535037	CTDC-DIAGNOSIS-196113	Fallopian tube carcinoma	Invasive Breast Carcinoma	10066354	Cutaneous Melanoma	408647009	salus_in_arduis	scientia_imperii_decus_et_tutamen	scientia_et_sapientia	Stage III	Grade cannot be assessed	scientia_et_labor
diagnosis	CTDC-PARTICIPANT-197469	CTDC-DIAGNOSIS-610875	Gastric cancer, NOS	Plasma Cell Myeloma	10000884	Amelanotic Melanoma	254900004	saltus_in_demonstrando	Gallia_est_omnis_divisa_in_partes_tres	id_quod_plerumque_accidit	Stage III	Poorly Differentiated	scientia,_aere_perennius
diagnosis	CTDC-PARTICIPANT-612804	CTDC-DIAGNOSIS-956161	Prostate cancer, NOS	Melanoma	10028566	Squamous Cell Carcinoma	2142002	pace_tua	sapiens_qui_prospicit	haec_olim_meminisse_iuvabit	Stage IIIB	Undifferentiated grade	scientia_imperii_decus_et_tutamen
diagnosis	CTDC-PARTICIPANT-885879	CTDC-DIAGNOSIS-281225	Esophageal cancer, NOS	Acute Myeloid Leukemia Not Otherwise Specified	10028566	Plasma Cell Myeloma	399730005	scientiae_cedit_mare	barba_crescit_caput_nescit	faber_est_suae_quisque_fortunae	Stage IVC	Poorly Differentiated	Obedientia_civium_urbis_felicitas
diagnosis	CTDC-PARTICIPANT-381907	CTDC-DIAGNOSIS-502407	Small cell lung cancer	Prostate Carcinoma	10006190	Plasma Cell Leukemia	254632001	a_bene_placito	e_causa_ignota	labor_ipse_voluptas	Stage IIIB	Borderline malignancy	barba_crescit_caput_nescit
diagnosis	CTDC-PARTICIPANT-942171	CTDC-DIAGNOSIS-340019	Gastric cancer, NOS	Adenocarcinoma of the Gastroesophageal Junction	10066354	Colorectal Adenocarcinoma	55921005b	Obedientia_civium_urbis_felicitas	nanos_gigantum_humeris_insidentes	saltus_in_demonstrando	Stage IVC	Borderline malignancy	damnant_quod_non_intellegunt
diagnosis	CTDC-PARTICIPANT-308600	CTDC-DIAGNOSIS-960101	Primary peritoneal carcinoma	Prostate Carcinoma	10066354	Amelanotic Melanoma	399490008	pace_tua	imperium_in_imperio	nascentes_morimur_finisque_ab_origine_pendet	Stage IIIB	Grade cannot be assessed	scientia,_aere_perennius
diagnosis	CTDC-PARTICIPANT-608046	CTDC-DIAGNOSIS-681109	Myeloma, NOS	Melanoma	10028566	Superficial Spreading Melanoma	399068003	scientia_imperii_decus_et_tutamen	salus_in_arduis	scientia_et_labor	Stage IVA	Grade cannot be assessed	O_Tite_tute_Tati_tibi_tanta_tyranne_tulisti
diagnosis	CTDC-PARTICIPANT-907234	CTDC-DIAGNOSIS-936894	Fallopian tube carcinoma	Melanoma	10017760	Melanoma	254632001	scientia_et_sapientia	labor_ipse_voluptas	barba_crescit_caput_nescit	Stage IVC	Grade cannot be assessed	nascentes_morimur_finisque_ab_origine_pendet
diagnosis	CTDC-PARTICIPANT-607211	CTDC-DIAGNOSIS-492185	Melanoma	Small Cell Lung Carcinoma	10017760	Plasma Cell Leukemia	188717001	a_bene_placito	scientia_et_labor	scientia_imperii_decus_et_tutamen	Stage IIIC	Well Differentiated	scientiae_et_patriae
diagnosis	CTDC-PARTICIPANT-415523	CTDC-DIAGNOSIS-646273	Invasive breast carcinoma	Invasive Breast Carcinoma	10029514	Neuroendocrine Carcinoma	35917007	imperium_in_imperio	labor_ipse_voluptas	salus_in_arduis	Stage IIIC	Grade cannot be assessed	O_Tite_tute_Tati_tibi_tanta_tyranne_tulisti
diagnosis	CTDC-PARTICIPANT-320437	CTDC-DIAGNOSIS-624068	Invasive breast carcinoma	Plasma Cell Myeloma	10036910	Nodular Melanoma	109989006	cacatum_non_est_pictum	O_Tite_tute_Tati_tibi_tanta_tyranne_tulisti	scientiae_cedit_mare	Stage III	Undifferentiated grade	damnant_quod_non_intellegunt
diagnosis	CTDC-PARTICIPANT-245974	CTDC-DIAGNOSIS-736373	Primary peritoneal carcinoma	Adenocarcinoma of the Gastroesophageal Junction	10010029	Gastric Adenocarcinoma	128922003	e_causa_ignota	id_quod_plerumque_accidit	damnant_quod_non_intellegunt	Stage IIIA	Undifferentiated grade	imperium_in_imperio
diagnosis	CTDC-PARTICIPANT-784737	CTDC-DIAGNOSIS-805367	Ovarian epithelial cancer	Melanoma	10028566	Squamous Cell Lung Carcinoma	28899001	Obedientia_civium_urbis_felicitas	labor_ipse_voluptas	saltus_in_demonstrando	Stage IIIB	Well Differentiated	barba_crescit_caput_nescit
diagnosis	CTDC-PARTICIPANT-128362	CTDC-DIAGNOSIS-322708	Primary peritoneal carcinoma	Adenocarcinoma of the Gastroesophageal Junction	10036910	Rectal Adenoma	254730000	barba_crescit_caput_nescit	scientiae_et_patriae	Obedientia_civium_urbis_felicitas	Stage IVC	Undifferentiated grade	a_bene_placito
diagnosis	CTDC-PARTICIPANT-877157	CTDC-DIAGNOSIS-518544	Melanoma	Plasma Cell Myeloma	10036910	Breast Carcinoma	254634000	e_causa_ignota	a_bene_placito	scientia_et_sapientia	Stage IIIA	Poorly Differentiated	faber_est_suae_quisque_fortunae
diagnosis	CTDC-PARTICIPANT-136884	CTDC-DIAGNOSIS-468371	Gastric cancer, NOS	Non-Small Cell Lung Carcinoma	10041071	Nodular Melanoma	254633006	faber_est_suae_quisque_fortunae	imperium_in_imperio	scientiae_et_patriae	Stage IV	Undifferentiated grade	barba_crescit_caput_nescit
diagnosis	CTDC-PARTICIPANT-188851	CTDC-DIAGNOSIS-531801	Small cell lung cancer	Acute Myeloid Leukemia Not Otherwise Specified	10017760	Neuroendocrine Carcinoma	55921005b	sapiens_qui_prospicit	scientia_imperii_decus_et_tutamen	scientiae_cedit_mare	Stage IVB	Grade cannot be assessed	Macte_animo_Generose_puer_sic_itur_ad_astra
diagnosis	CTDC-PARTICIPANT-439928	CTDC-DIAGNOSIS-477333	Gastric cancer, NOS	Adenocarcinoma of the Gastroesophageal Junction	10010029	Amelanotic Melanoma	72495009	sapiens_qui_prospicit	scientia_imperii_decus_et_tutamen	scientia_et_sapientia	Stage IIIB	Well Differentiated	labor_ipse_voluptas
diagnosis	CTDC-PARTICIPANT-704267	CTDC-DIAGNOSIS-967757	Non-small cell lung cancer, NOS	Acute Myeloid Leukemia Not Otherwise Specified	10028566	Epithelioid Cell Melanoma	269533000	a_bene_placito	pace_tua	haec_olim_meminisse_iuvabit	Stage IVC	Poorly Differentiated	scientia_et_sapientia
diagnosis	CTDC-PARTICIPANT-274862	CTDC-DIAGNOSIS-322243	Melanoma	Colorectal Carcinoma	10017760	Rectal Adenoma	428054006	damnant_quod_non_intellegunt	O_Tite_tute_Tati_tibi_tanta_tyranne_tulisti	haec_olim_meminisse_iuvabit	Stage IVC	Borderline malignancy	salus_in_arduis
diagnosis	CTDC-PARTICIPANT-669146	CTDC-DIAGNOSIS-160543	Ovarian epithelial cancer	Colorectal Carcinoma	10041071	Mucinous Adenocarcinoma	372244006	haec_olim_meminisse_iuvabit	scientia_imperii_decus_et_tutamen	scientia,_aere_perennius	Stage III	Borderline malignancy	nascentes_morimur_finisque_ab_origine_pendet
diagnosis	CTDC-PARTICIPANT-174961	CTDC-DIAGNOSIS-799482	Acute myeloid leukemia, NOS	Acute Myeloid Leukemia Not Otherwise Specified	10053571	Cutaneous Melanoma	28899001	cacatum_non_est_pictum	sapiens_qui_prospicit	scientiae_et_patriae	Stage IIIB	Borderline malignancy	damnant_quod_non_intellegunt
diagnosis	CTDC-PARTICIPANT-957696	CTDC-DIAGNOSIS-406081	Esophageal cancer, NOS	Ovarian Carcinoma	10000884	Plasma Cell Myeloma	254582000	salus_in_arduis	id_quod_plerumque_accidit	a_bene_placito	Stage IV	Poorly Differentiated	haec_olim_meminisse_iuvabit
diagnosis	CTDC-PARTICIPANT-811131	CTDC-DIAGNOSIS-104808	Esophageal cancer, NOS	Colorectal Carcinoma	10053571	Colon Adenoma	35917007	Gallia_est_omnis_divisa_in_partes_tres	labor_ipse_voluptas	haec_olim_meminisse_iuvabit	Stage IVB	Undifferentiated grade	a_bene_placito
diagnosis	CTDC-PARTICIPANT-377066	CTDC-DIAGNOSIS-600261	Acute myeloid leukemia, NOS	Ovarian Carcinoma	10029514	Multiple myeloma	93655004	scientia_et_sapientia	nascentes_morimur_finisque_ab_origine_pendet	a_bene_placito	Stage IIIB	Grade cannot be assessed	cacatum_non_est_pictum
diagnosis	CTDC-PARTICIPANT-115266	CTDC-DIAGNOSIS-529299	Colorectal cancer, NOS	Invasive Breast Carcinoma	10033159	Breast Carcinoma	448993007	cacatum_non_est_pictum	sapiens_qui_prospicit	salus_in_arduis	Stage IVA	Well Differentiated	e_causa_ignota
diagnosis	CTDC-PARTICIPANT-513568	CTDC-DIAGNOSIS-176313	Ovarian epithelial cancer	Adenocarcinoma of the Gastroesophageal Junction	10000884	Melanoma	443961001	nanos_gigantum_humeris_insidentes	damnant_quod_non_intellegunt	salus_in_arduis	Stage IV	Well Differentiated	a_bene_placito
diagnosis	CTDC-PARTICIPANT-943998	CTDC-DIAGNOSIS-420284	Prostate cancer, NOS	Acute Myeloid Leukemia Not Otherwise Specified	10000884	Multiple myeloma and immunoproliferative disease	402815007	O_Tite_tute_Tati_tibi_tanta_tyranne_tulisti	Gallia_est_omnis_divisa_in_partes_tres	scientiae_et_patriae	Stage IV	Poorly Differentiated	Gallia_est_omnis_divisa_in_partes_tres
