type	participant.participant_id	exposure_record_id	environmental_exposure_type	carcinogen_exposure	crdc_id
exposure	CTDC-PARTICIPANT-401275	CTDC-EXPOSURE-636183	Wood Dust Exposure	No	Macte_animo_Generose_puer_sic_itur_ad_astra
exposure	CTDC-PARTICIPANT-346284	CTDC-EXPOSURE-803960	Smoke Exposure	Unknown	Obedientia_civium_urbis_felicitas
exposure	CTDC-PARTICIPANT-659175	CTDC-EXPOSURE-685609	Marijuana Smoke Exposure	No	scientia_et_sapientia
exposure	CTDC-PARTICIPANT-206903	CTDC-EXPOSURE-730566	Marijuana Smoke Exposure	Yes	scientia,_aere_perennius
exposure	CTDC-PARTICIPANT-120022	CTDC-EXPOSURE-220004	Radiation Exposure	Yes	scientia,_aere_perennius
exposure	CTDC-PARTICIPANT-873569	CTDC-EXPOSURE-124042	Smokeless Tobacco Exposure	Yes	sapiens_qui_prospicit
exposure	CTDC-PARTICIPANT-434629	CTDC-EXPOSURE-928235	Smoke Exposure	No	saltus_in_demonstrando
exposure	CTDC-PARTICIPANT-458502	CTDC-EXPOSURE-370973	Respirable Crystalline Silica Exposure	Yes	pace_tua
exposure	CTDC-PARTICIPANT-560400	CTDC-EXPOSURE-121747	Radiation Exposure	Unknown	salus_in_arduis
exposure	CTDC-PARTICIPANT-925478	CTDC-EXPOSURE-157537	Tobacco Related Exposure	No	a_bene_placito
exposure	CTDC-PARTICIPANT-128929	CTDC-EXPOSURE-931935	Asbestos Exposure	Yes	saltus_in_demonstrando
exposure	CTDC-PARTICIPANT-454125	CTDC-EXPOSURE-515290	Asbestos Exposure	Unknown	cacatum_non_est_pictum
exposure	CTDC-PARTICIPANT-994421	CTDC-EXPOSURE-820126	Radon Exposure	No	scientiae_cedit_mare
exposure	CTDC-PARTICIPANT-415152	CTDC-EXPOSURE-550583	Tobacco Related Exposure	No	id_quod_plerumque_accidit
exposure	CTDC-PARTICIPANT-117200	CTDC-EXPOSURE-830372	Tobacco Related Exposure	No	Obedientia_civium_urbis_felicitas
exposure	CTDC-PARTICIPANT-373652	CTDC-EXPOSURE-574461	Radiation Exposure	Unknown	id_quod_plerumque_accidit
exposure	CTDC-PARTICIPANT-683957	CTDC-EXPOSURE-306733	Smoke Exposure	No	haec_olim_meminisse_iuvabit
exposure	CTDC-PARTICIPANT-510894	CTDC-EXPOSURE-802681	Radon Exposure	Yes	salus_in_arduis
exposure	CTDC-PARTICIPANT-214180	CTDC-EXPOSURE-427091	Asbestos Exposure	No	barba_crescit_caput_nescit
exposure	CTDC-PARTICIPANT-846729	CTDC-EXPOSURE-617809	Smokeless Tobacco Exposure	Yes	imperium_in_imperio
exposure	CTDC-PARTICIPANT-161324	CTDC-EXPOSURE-775678	Tobacco Related Exposure	No	e_causa_ignota
exposure	CTDC-PARTICIPANT-523955	CTDC-EXPOSURE-613252	Wood Dust Exposure	No	nanos_gigantum_humeris_insidentes
exposure	CTDC-PARTICIPANT-161725	CTDC-EXPOSURE-104190	Smokeless Tobacco Exposure	No	imperium_in_imperio
exposure	CTDC-PARTICIPANT-300799	CTDC-EXPOSURE-125245	Radon Exposure	No	scientiae_cedit_mare
exposure	CTDC-PARTICIPANT-701751	CTDC-EXPOSURE-705759	Chemical Exposure	Unknown	imperium_in_imperio
exposure	CTDC-PARTICIPANT-261533	CTDC-EXPOSURE-235434	Wood Dust Exposure	No	damnant_quod_non_intellegunt
exposure	CTDC-PARTICIPANT-907912	CTDC-EXPOSURE-684296	Smokeless Tobacco Exposure	Yes	pace_tua
exposure	CTDC-PARTICIPANT-791581	CTDC-EXPOSURE-719335	Asbestos Exposure	Unknown	nascentes_morimur_finisque_ab_origine_pendet
exposure	CTDC-PARTICIPANT-109309	CTDC-EXPOSURE-441095	Marijuana Smoke Exposure	Unknown	barba_crescit_caput_nescit
exposure	CTDC-PARTICIPANT-966762	CTDC-EXPOSURE-892195	Smokeless Tobacco Exposure	No	scientia_imperii_decus_et_tutamen
exposure	CTDC-PARTICIPANT-337234	CTDC-EXPOSURE-978681	Radiation Exposure	No	scientiae_cedit_mare
exposure	CTDC-PARTICIPANT-913024	CTDC-EXPOSURE-652754	Radon Exposure	Unknown	salus_in_arduis
exposure	CTDC-PARTICIPANT-471197	CTDC-EXPOSURE-155587	Radon Exposure	Yes	Macte_animo_Generose_puer_sic_itur_ad_astra
exposure	CTDC-PARTICIPANT-858356	CTDC-EXPOSURE-795012	Smoke Exposure	No	sapiens_qui_prospicit
exposure	CTDC-PARTICIPANT-961705	CTDC-EXPOSURE-109980	Respirable Crystalline Silica Exposure	Yes	barba_crescit_caput_nescit
exposure	CTDC-PARTICIPANT-578970	CTDC-EXPOSURE-160845	Wood Dust Exposure	Yes	scientiae_et_patriae
exposure	CTDC-PARTICIPANT-378249	CTDC-EXPOSURE-219828	Wood Dust Exposure	Yes	Gallia_est_omnis_divisa_in_partes_tres
exposure	CTDC-PARTICIPANT-950280	CTDC-EXPOSURE-588944	Radiation Exposure	No	faber_est_suae_quisque_fortunae
exposure	CTDC-PARTICIPANT-888235	CTDC-EXPOSURE-221396	Asbestos Exposure	No	faber_est_suae_quisque_fortunae
exposure	CTDC-PARTICIPANT-102877	CTDC-EXPOSURE-289102	Respirable Crystalline Silica Exposure	Yes	O_Tite_tute_Tati_tibi_tanta_tyranne_tulisti
exposure	CTDC-PARTICIPANT-952301	CTDC-EXPOSURE-420834	Respirable Crystalline Silica Exposure	No	imperium_in_imperio
exposure	CTDC-PARTICIPANT-296544	CTDC-EXPOSURE-860271	Chemical Exposure	No	O_Tite_tute_Tati_tibi_tanta_tyranne_tulisti
exposure	CTDC-PARTICIPANT-303105	CTDC-EXPOSURE-202135	Smokeless Tobacco Exposure	Yes	Obedientia_civium_urbis_felicitas
exposure	CTDC-PARTICIPANT-154658	CTDC-EXPOSURE-644049	Radon Exposure	No	salus_in_arduis
exposure	CTDC-PARTICIPANT-535664	CTDC-EXPOSURE-366167	Smokeless Tobacco Exposure	Unknown	scientia,_aere_perennius
exposure	CTDC-PARTICIPANT-177765	CTDC-EXPOSURE-397520	Tobacco Related Exposure	Yes	e_causa_ignota
exposure	CTDC-PARTICIPANT-277309	CTDC-EXPOSURE-423668	Asbestos Exposure	Unknown	scientia_imperii_decus_et_tutamen
exposure	CTDC-PARTICIPANT-658848	CTDC-EXPOSURE-334847	Respirable Crystalline Silica Exposure	No	scientia_imperii_decus_et_tutamen
exposure	CTDC-PARTICIPANT-513602	CTDC-EXPOSURE-142715	Radiation Exposure	Unknown	id_quod_plerumque_accidit
exposure	CTDC-PARTICIPANT-628818	CTDC-EXPOSURE-866166	Respirable Crystalline Silica Exposure	Yes	nascentes_morimur_finisque_ab_origine_pendet
exposure	CTDC-PARTICIPANT-571500	CTDC-EXPOSURE-318447	Marijuana Smoke Exposure	Yes	damnant_quod_non_intellegunt
exposure	CTDC-PARTICIPANT-386465	CTDC-EXPOSURE-237794	Marijuana Smoke Exposure	Unknown	labor_ipse_voluptas
exposure	CTDC-PARTICIPANT-901326	CTDC-EXPOSURE-712825	Tobacco Related Exposure	Unknown	scientiae_et_patriae
exposure	CTDC-PARTICIPANT-780433	CTDC-EXPOSURE-873656	Marijuana Smoke Exposure	Unknown	id_quod_plerumque_accidit
exposure	CTDC-PARTICIPANT-758182	CTDC-EXPOSURE-782702	Asbestos Exposure	No	scientia,_aere_perennius
exposure	CTDC-PARTICIPANT-548041	CTDC-EXPOSURE-999177	Wood Dust Exposure	No	labor_ipse_voluptas
exposure	CTDC-PARTICIPANT-717349	CTDC-EXPOSURE-201837	Asbestos Exposure	Yes	nascentes_morimur_finisque_ab_origine_pendet
exposure	CTDC-PARTICIPANT-791055	CTDC-EXPOSURE-809766	Smokeless Tobacco Exposure	Unknown	scientia_et_labor
exposure	CTDC-PARTICIPANT-263974	CTDC-EXPOSURE-235814	Wood Dust Exposure	Unknown	faber_est_suae_quisque_fortunae
exposure	CTDC-PARTICIPANT-948548	CTDC-EXPOSURE-477160	Smoke Exposure	No	id_quod_plerumque_accidit
exposure	CTDC-PARTICIPANT-594101	CTDC-EXPOSURE-987786	Wood Dust Exposure	No	Macte_animo_Generose_puer_sic_itur_ad_astra
exposure	CTDC-PARTICIPANT-124507	CTDC-EXPOSURE-171844	Smoke Exposure	Yes	labor_ipse_voluptas
exposure	CTDC-PARTICIPANT-501323	CTDC-EXPOSURE-408256	Smokeless Tobacco Exposure	No	salus_in_arduis
exposure	CTDC-PARTICIPANT-644468	CTDC-EXPOSURE-778847	Smokeless Tobacco Exposure	No	scientiae_et_patriae
exposure	CTDC-PARTICIPANT-799661	CTDC-EXPOSURE-300786	Radon Exposure	No	a_bene_placito
exposure	CTDC-PARTICIPANT-874326	CTDC-EXPOSURE-772935	Smoke Exposure	No	barba_crescit_caput_nescit
exposure	CTDC-PARTICIPANT-546103	CTDC-EXPOSURE-653969	Marijuana Smoke Exposure	Yes	cacatum_non_est_pictum
exposure	CTDC-PARTICIPANT-790392	CTDC-EXPOSURE-868282	Respirable Crystalline Silica Exposure	Unknown	id_quod_plerumque_accidit
exposure	CTDC-PARTICIPANT-346463	CTDC-EXPOSURE-318478	Radon Exposure	Yes	faber_est_suae_quisque_fortunae
exposure	CTDC-PARTICIPANT-137342	CTDC-EXPOSURE-376653	Marijuana Smoke Exposure	No	id_quod_plerumque_accidit
exposure	CTDC-PARTICIPANT-258786	CTDC-EXPOSURE-856411	Tobacco Related Exposure	No	saltus_in_demonstrando
exposure	CTDC-PARTICIPANT-372519	CTDC-EXPOSURE-587081	Chemical Exposure	Unknown	pace_tua
exposure	CTDC-PARTICIPANT-894878	CTDC-EXPOSURE-380057	Radon Exposure	No	scientia,_aere_perennius
exposure	CTDC-PARTICIPANT-981516	CTDC-EXPOSURE-425435	Smokeless Tobacco Exposure	Yes	a_bene_placito
exposure	CTDC-PARTICIPANT-868498	CTDC-EXPOSURE-285668	Tobacco Related Exposure	No	cacatum_non_est_pictum
exposure	CTDC-PARTICIPANT-461318	CTDC-EXPOSURE-777543	Tobacco Related Exposure	Yes	Gallia_est_omnis_divisa_in_partes_tres
exposure	CTDC-PARTICIPANT-167940	CTDC-EXPOSURE-440564	Radon Exposure	No	nanos_gigantum_humeris_insidentes
exposure	CTDC-PARTICIPANT-822003	CTDC-EXPOSURE-193985	Tobacco Related Exposure	Yes	barba_crescit_caput_nescit
exposure	CTDC-PARTICIPANT-891676	CTDC-EXPOSURE-211004	Marijuana Smoke Exposure	Unknown	Macte_animo_Generose_puer_sic_itur_ad_astra
exposure	CTDC-PARTICIPANT-297880	CTDC-EXPOSURE-974634	Asbestos Exposure	No	damnant_quod_non_intellegunt
exposure	CTDC-PARTICIPANT-373208	CTDC-EXPOSURE-584357	Chemical Exposure	No	imperium_in_imperio
exposure	CTDC-PARTICIPANT-213343	CTDC-EXPOSURE-459669	Radon Exposure	No	O_Tite_tute_Tati_tibi_tanta_tyranne_tulisti
exposure	CTDC-PARTICIPANT-448058	CTDC-EXPOSURE-923270	Radiation Exposure	No	nanos_gigantum_humeris_insidentes
exposure	CTDC-PARTICIPANT-973731	CTDC-EXPOSURE-235768	Smoke Exposure	No	imperium_in_imperio
exposure	CTDC-PARTICIPANT-590044	CTDC-EXPOSURE-954179	Asbestos Exposure	Unknown	barba_crescit_caput_nescit
exposure	CTDC-PARTICIPANT-825054	CTDC-EXPOSURE-747830	Asbestos Exposure	No	cacatum_non_est_pictum
exposure	CTDC-PARTICIPANT-725942	CTDC-EXPOSURE-938564	Chemical Exposure	No	sapiens_qui_prospicit
exposure	CTDC-PARTICIPANT-136923	CTDC-EXPOSURE-563269	Wood Dust Exposure	Unknown	scientiae_et_patriae
exposure	CTDC-PARTICIPANT-496843	CTDC-EXPOSURE-398733	Respirable Crystalline Silica Exposure	No	scientiae_cedit_mare
exposure	CTDC-PARTICIPANT-475332	CTDC-EXPOSURE-728445	Radiation Exposure	Unknown	scientia,_aere_perennius
exposure	CTDC-PARTICIPANT-822365	CTDC-EXPOSURE-221188	Tobacco Related Exposure	Unknown	faber_est_suae_quisque_fortunae
exposure	CTDC-PARTICIPANT-769747	CTDC-EXPOSURE-676400	Respirable Crystalline Silica Exposure	Unknown	labor_ipse_voluptas
exposure	CTDC-PARTICIPANT-921182	CTDC-EXPOSURE-212683	Respirable Crystalline Silica Exposure	No	Macte_animo_Generose_puer_sic_itur_ad_astra
exposure	CTDC-PARTICIPANT-827380	CTDC-EXPOSURE-652364	Smokeless Tobacco Exposure	No	scientia_et_sapientia
exposure	CTDC-PARTICIPANT-523819	CTDC-EXPOSURE-501676	Marijuana Smoke Exposure	Yes	scientia_et_sapientia
exposure	CTDC-PARTICIPANT-615230	CTDC-EXPOSURE-637975	Wood Dust Exposure	Unknown	a_bene_placito
exposure	CTDC-PARTICIPANT-212608	CTDC-EXPOSURE-714631	Asbestos Exposure	Unknown	damnant_quod_non_intellegunt
exposure	CTDC-PARTICIPANT-875439	CTDC-EXPOSURE-533981	Smokeless Tobacco Exposure	Yes	barba_crescit_caput_nescit
exposure	CTDC-PARTICIPANT-277510	CTDC-EXPOSURE-876089	Asbestos Exposure	Yes	scientia,_aere_perennius
exposure	CTDC-PARTICIPANT-372438	CTDC-EXPOSURE-856802	Wood Dust Exposure	Unknown	scientiae_et_patriae
exposure	CTDC-PARTICIPANT-151074	CTDC-EXPOSURE-861021	Respirable Crystalline Silica Exposure	Yes	scientiae_et_patriae
exposure	CTDC-PARTICIPANT-997451	CTDC-EXPOSURE-105680	Radon Exposure	Yes	id_quod_plerumque_accidit
exposure	CTDC-PARTICIPANT-253887	CTDC-EXPOSURE-342077	Smoke Exposure	Unknown	labor_ipse_voluptas
exposure	CTDC-PARTICIPANT-725121	CTDC-EXPOSURE-212132	Chemical Exposure	No	scientiae_et_patriae
exposure	CTDC-PARTICIPANT-495767	CTDC-EXPOSURE-673206	Respirable Crystalline Silica Exposure	No	sapiens_qui_prospicit
exposure	CTDC-PARTICIPANT-916627	CTDC-EXPOSURE-281499	Chemical Exposure	Yes	barba_crescit_caput_nescit
exposure	CTDC-PARTICIPANT-237878	CTDC-EXPOSURE-927600	Radiation Exposure	No	labor_ipse_voluptas
exposure	CTDC-PARTICIPANT-815226	CTDC-EXPOSURE-254727	Smokeless Tobacco Exposure	No	imperium_in_imperio
exposure	CTDC-PARTICIPANT-864045	CTDC-EXPOSURE-133610	Smoke Exposure	No	scientia_imperii_decus_et_tutamen
exposure	CTDC-PARTICIPANT-717633	CTDC-EXPOSURE-498238	Tobacco Related Exposure	Unknown	Gallia_est_omnis_divisa_in_partes_tres
exposure	CTDC-PARTICIPANT-174986	CTDC-EXPOSURE-530431	Asbestos Exposure	Yes	Gallia_est_omnis_divisa_in_partes_tres
exposure	CTDC-PARTICIPANT-498918	CTDC-EXPOSURE-981563	Wood Dust Exposure	Unknown	barba_crescit_caput_nescit
exposure	CTDC-PARTICIPANT-924443	CTDC-EXPOSURE-875214	Smokeless Tobacco Exposure	Unknown	e_causa_ignota
exposure	CTDC-PARTICIPANT-543175	CTDC-EXPOSURE-424319	Marijuana Smoke Exposure	Yes	scientiae_et_patriae
exposure	CTDC-PARTICIPANT-534756	CTDC-EXPOSURE-748962	Radon Exposure	Unknown	Gallia_est_omnis_divisa_in_partes_tres
exposure	CTDC-PARTICIPANT-462440	CTDC-EXPOSURE-169304	Respirable Crystalline Silica Exposure	Yes	e_causa_ignota
exposure	CTDC-PARTICIPANT-620615	CTDC-EXPOSURE-724288	Asbestos Exposure	No	scientiae_cedit_mare
exposure	CTDC-PARTICIPANT-427258	CTDC-EXPOSURE-171882	Respirable Crystalline Silica Exposure	Yes	Macte_animo_Generose_puer_sic_itur_ad_astra
exposure	CTDC-PARTICIPANT-227197	CTDC-EXPOSURE-827095	Radiation Exposure	Unknown	damnant_quod_non_intellegunt
exposure	CTDC-PARTICIPANT-362745	CTDC-EXPOSURE-988957	Radon Exposure	No	nascentes_morimur_finisque_ab_origine_pendet
exposure	CTDC-PARTICIPANT-744205	CTDC-EXPOSURE-361160	Radiation Exposure	No	O_Tite_tute_Tati_tibi_tanta_tyranne_tulisti
exposure	CTDC-PARTICIPANT-256843	CTDC-EXPOSURE-669999	Smokeless Tobacco Exposure	Yes	haec_olim_meminisse_iuvabit
exposure	CTDC-PARTICIPANT-914564	CTDC-EXPOSURE-787049	Marijuana Smoke Exposure	Yes	scientia_et_labor
exposure	CTDC-PARTICIPANT-895687	CTDC-EXPOSURE-558235	Smokeless Tobacco Exposure	Unknown	scientiae_et_patriae
exposure	CTDC-PARTICIPANT-272500	CTDC-EXPOSURE-863071	Marijuana Smoke Exposure	Unknown	sapiens_qui_prospicit
exposure	CTDC-PARTICIPANT-732880	CTDC-EXPOSURE-282478	Radon Exposure	Yes	barba_crescit_caput_nescit
exposure	CTDC-PARTICIPANT-132592	CTDC-EXPOSURE-594696	Wood Dust Exposure	Yes	pace_tua
exposure	CTDC-PARTICIPANT-314116	CTDC-EXPOSURE-449720	Respirable Crystalline Silica Exposure	No	nascentes_morimur_finisque_ab_origine_pendet
exposure	CTDC-PARTICIPANT-936239	CTDC-EXPOSURE-279575	Smokeless Tobacco Exposure	Unknown	nanos_gigantum_humeris_insidentes
exposure	CTDC-PARTICIPANT-819669	CTDC-EXPOSURE-821571	Wood Dust Exposure	Unknown	cacatum_non_est_pictum
exposure	CTDC-PARTICIPANT-695552	CTDC-EXPOSURE-222253	Radiation Exposure	Yes	labor_ipse_voluptas
exposure	CTDC-PARTICIPANT-555917	CTDC-EXPOSURE-717185	Marijuana Smoke Exposure	Yes	Gallia_est_omnis_divisa_in_partes_tres
exposure	CTDC-PARTICIPANT-745636	CTDC-EXPOSURE-120461	Radon Exposure	Yes	saltus_in_demonstrando
exposure	CTDC-PARTICIPANT-378402	CTDC-EXPOSURE-243553	Smokeless Tobacco Exposure	Unknown	scientiae_cedit_mare
exposure	CTDC-PARTICIPANT-199621	CTDC-EXPOSURE-259812	Smokeless Tobacco Exposure	No	faber_est_suae_quisque_fortunae
exposure	CTDC-PARTICIPANT-516065	CTDC-EXPOSURE-588926	Smoke Exposure	No	scientiae_cedit_mare
exposure	CTDC-PARTICIPANT-879543	CTDC-EXPOSURE-284667	Chemical Exposure	Yes	id_quod_plerumque_accidit
exposure	CTDC-PARTICIPANT-940929	CTDC-EXPOSURE-951879	Smokeless Tobacco Exposure	Yes	a_bene_placito
exposure	CTDC-PARTICIPANT-735963	CTDC-EXPOSURE-253960	Chemical Exposure	Unknown	barba_crescit_caput_nescit
exposure	CTDC-PARTICIPANT-163916	CTDC-EXPOSURE-362989	Tobacco Related Exposure	Unknown	Macte_animo_Generose_puer_sic_itur_ad_astra
exposure	CTDC-PARTICIPANT-424350	CTDC-EXPOSURE-303543	Radiation Exposure	Unknown	Macte_animo_Generose_puer_sic_itur_ad_astra
exposure	CTDC-PARTICIPANT-372186	CTDC-EXPOSURE-743986	Wood Dust Exposure	Unknown	Obedientia_civium_urbis_felicitas
exposure	CTDC-PARTICIPANT-615756	CTDC-EXPOSURE-934145	Smokeless Tobacco Exposure	Yes	id_quod_plerumque_accidit
exposure	CTDC-PARTICIPANT-646826	CTDC-EXPOSURE-484948	Radon Exposure	Unknown	nanos_gigantum_humeris_insidentes
exposure	CTDC-PARTICIPANT-815654	CTDC-EXPOSURE-494359	Chemical Exposure	Unknown	Gallia_est_omnis_divisa_in_partes_tres
exposure	CTDC-PARTICIPANT-860953	CTDC-EXPOSURE-536856	Asbestos Exposure	Unknown	scientia,_aere_perennius
exposure	CTDC-PARTICIPANT-275264	CTDC-EXPOSURE-971387	Smoke Exposure	Yes	pace_tua
exposure	CTDC-PARTICIPANT-353410	CTDC-EXPOSURE-906018	Smoke Exposure	Unknown	id_quod_plerumque_accidit
exposure	CTDC-PARTICIPANT-430106	CTDC-EXPOSURE-684538	Respirable Crystalline Silica Exposure	Yes	damnant_quod_non_intellegunt
exposure	CTDC-PARTICIPANT-752315	CTDC-EXPOSURE-384139	Chemical Exposure	Unknown	haec_olim_meminisse_iuvabit
exposure	CTDC-PARTICIPANT-752315	CTDC-EXPOSURE-624583	Radiation Exposure	Unknown	haec_olim_meminisse_iuvabit
exposure	CTDC-PARTICIPANT-752315	CTDC-EXPOSURE-581408	Radiation Exposure	Yes	pace_tua
exposure	CTDC-PARTICIPANT-752315	CTDC-EXPOSURE-882282	Radiation Exposure	Unknown	haec_olim_meminisse_iuvabit
exposure	CTDC-PARTICIPANT-752315	CTDC-EXPOSURE-866580	Respirable Crystalline Silica Exposure	Yes	scientia_imperii_decus_et_tutamen
exposure	CTDC-PARTICIPANT-752315	CTDC-EXPOSURE-995165	Tobacco Related Exposure	No	Obedientia_civium_urbis_felicitas
exposure	CTDC-PARTICIPANT-752315	CTDC-EXPOSURE-651685	Smokeless Tobacco Exposure	Unknown	e_causa_ignota
exposure	CTDC-PARTICIPANT-752315	CTDC-EXPOSURE-872535	Chemical Exposure	Unknown	cacatum_non_est_pictum
exposure	CTDC-PARTICIPANT-752315	CTDC-EXPOSURE-238562	Tobacco Related Exposure	No	salus_in_arduis
exposure	CTDC-PARTICIPANT-752315	CTDC-EXPOSURE-779336	Smoke Exposure	No	scientiae_cedit_mare
exposure	CTDC-PARTICIPANT-752315	CTDC-EXPOSURE-537860	Smokeless Tobacco Exposure	Yes	salus_in_arduis
exposure	CTDC-PARTICIPANT-752315	CTDC-EXPOSURE-817889	Chemical Exposure	Unknown	scientia_et_labor
exposure	CTDC-PARTICIPANT-752315	CTDC-EXPOSURE-625114	Radiation Exposure	Yes	saltus_in_demonstrando
exposure	CTDC-PARTICIPANT-752315	CTDC-EXPOSURE-831833	Radon Exposure	No	salus_in_arduis
exposure	CTDC-PARTICIPANT-752315	CTDC-EXPOSURE-750200	Tobacco Related Exposure	Unknown	Gallia_est_omnis_divisa_in_partes_tres
exposure	CTDC-PARTICIPANT-752315	CTDC-EXPOSURE-846368	Chemical Exposure	Unknown	nanos_gigantum_humeris_insidentes
exposure	CTDC-PARTICIPANT-752315	CTDC-EXPOSURE-394807	Tobacco Related Exposure	Unknown	Gallia_est_omnis_divisa_in_partes_tres
exposure	CTDC-PARTICIPANT-752315	CTDC-EXPOSURE-480037	Asbestos Exposure	Yes	pace_tua
exposure	CTDC-PARTICIPANT-752315	CTDC-EXPOSURE-159487	Asbestos Exposure	No	sapiens_qui_prospicit
exposure	CTDC-PARTICIPANT-752315	CTDC-EXPOSURE-423004	Tobacco Related Exposure	Yes	O_Tite_tute_Tati_tibi_tanta_tyranne_tulisti
exposure	CTDC-PARTICIPANT-752315	CTDC-EXPOSURE-630496	Radon Exposure	Unknown	imperium_in_imperio
exposure	CTDC-PARTICIPANT-752315	CTDC-EXPOSURE-887119	Chemical Exposure	No	scientiae_cedit_mare
exposure	CTDC-PARTICIPANT-752315	CTDC-EXPOSURE-387270	Respirable Crystalline Silica Exposure	Yes	scientiae_cedit_mare
exposure	CTDC-PARTICIPANT-752315	CTDC-EXPOSURE-695283	Respirable Crystalline Silica Exposure	No	scientiae_cedit_mare
exposure	CTDC-PARTICIPANT-752315	CTDC-EXPOSURE-735370	Wood Dust Exposure	No	e_causa_ignota
exposure	CTDC-PARTICIPANT-752315	CTDC-EXPOSURE-966642	Tobacco Related Exposure	Unknown	salus_in_arduis
exposure	CTDC-PARTICIPANT-752315	CTDC-EXPOSURE-304927	Radon Exposure	Unknown	a_bene_placito
exposure	CTDC-PARTICIPANT-752315	CTDC-EXPOSURE-350345	Wood Dust Exposure	Unknown	O_Tite_tute_Tati_tibi_tanta_tyranne_tulisti
exposure	CTDC-PARTICIPANT-752315	CTDC-EXPOSURE-673774	Tobacco Related Exposure	Yes	labor_ipse_voluptas
exposure	CTDC-PARTICIPANT-752315	CTDC-EXPOSURE-835173	Marijuana Smoke Exposure	Yes	imperium_in_imperio
exposure	CTDC-PARTICIPANT-752315	CTDC-EXPOSURE-961922	Smoke Exposure	No	scientiae_cedit_mare
exposure	CTDC-PARTICIPANT-752315	CTDC-EXPOSURE-931915	Radon Exposure	Unknown	imperium_in_imperio
exposure	CTDC-PARTICIPANT-752315	CTDC-EXPOSURE-864111	Chemical Exposure	No	scientia_imperii_decus_et_tutamen
exposure	CTDC-PARTICIPANT-752315	CTDC-EXPOSURE-627836	Smoke Exposure	Yes	nascentes_morimur_finisque_ab_origine_pendet
exposure	CTDC-PARTICIPANT-752315	CTDC-EXPOSURE-889392	Respirable Crystalline Silica Exposure	Yes	pace_tua
exposure	CTDC-PARTICIPANT-752315	CTDC-EXPOSURE-238146	Tobacco Related Exposure	Yes	sapiens_qui_prospicit
exposure	CTDC-PARTICIPANT-752315	CTDC-EXPOSURE-652563	Tobacco Related Exposure	Unknown	labor_ipse_voluptas
exposure	CTDC-PARTICIPANT-752315	CTDC-EXPOSURE-285250	Smokeless Tobacco Exposure	No	labor_ipse_voluptas
exposure	CTDC-PARTICIPANT-752315	CTDC-EXPOSURE-919147	Chemical Exposure	Yes	scientia_et_labor
exposure	CTDC-PARTICIPANT-752315	CTDC-EXPOSURE-927492	Asbestos Exposure	Yes	scientiae_et_patriae
exposure	CTDC-PARTICIPANT-752315	CTDC-EXPOSURE-998312	Asbestos Exposure	Unknown	Obedientia_civium_urbis_felicitas
exposure	CTDC-PARTICIPANT-752315	CTDC-EXPOSURE-919964	Marijuana Smoke Exposure	Yes	barba_crescit_caput_nescit
exposure	CTDC-PARTICIPANT-752315	CTDC-EXPOSURE-866103	Radon Exposure	Yes	Gallia_est_omnis_divisa_in_partes_tres
exposure	CTDC-PARTICIPANT-752315	CTDC-EXPOSURE-753618	Tobacco Related Exposure	No	e_causa_ignota
exposure	CTDC-PARTICIPANT-752315	CTDC-EXPOSURE-550131	Tobacco Related Exposure	Unknown	haec_olim_meminisse_iuvabit
exposure	CTDC-PARTICIPANT-752315	CTDC-EXPOSURE-845518	Asbestos Exposure	Yes	scientiae_et_patriae
exposure	CTDC-PARTICIPANT-752315	CTDC-EXPOSURE-950939	Chemical Exposure	No	scientia_imperii_decus_et_tutamen
exposure	CTDC-PARTICIPANT-752315	CTDC-EXPOSURE-592412	Marijuana Smoke Exposure	Yes	Obedientia_civium_urbis_felicitas
exposure	CTDC-PARTICIPANT-752315	CTDC-EXPOSURE-586550	Chemical Exposure	Unknown	imperium_in_imperio
exposure	CTDC-PARTICIPANT-752315	CTDC-EXPOSURE-790512	Marijuana Smoke Exposure	Yes	O_Tite_tute_Tati_tibi_tanta_tyranne_tulisti
exposure	CTDC-PARTICIPANT-752315	CTDC-EXPOSURE-529977	Smokeless Tobacco Exposure	No	imperium_in_imperio
