type	study.study_short_name	image_collection_record_id	image_collection_name	image_type_included	image_collection_url	repository_name	collection_access	crdc_id
image_collection	CTDC-STUDY-595791	CTDC-IMAGE-COLLECTION-106566	scientia_imperii_decus_et_tutamen	US	labor_ipse_voluptas	cacatum_non_est_pictum	Download	nascentes_morimur_finisque_ab_origine_pendet
image_collection	CTDC-STUDY-595791	CTDC-IMAGE-COLLECTION-719592	nascentes_morimur_finisque_ab_origine_pendet	MR	O_Tite_tute_Tati_tibi_tanta_tyranne_tulisti	imperium_in_imperio	Unrestricted	scientiae_et_patriae
image_collection	CTDC-STUDY-595791	CTDC-IMAGE-COLLECTION-925485	damnant_quod_non_intellegunt	NM	scientiae_cedit_mare	scientiae_cedit_mare	Download	saltus_in_demonstrando
image_collection	CTDC-STUDY-595791	CTDC-IMAGE-COLLECTION-327830	faber_est_suae_quisque_fortunae	US	O_Tite_tute_Tati_tibi_tanta_tyranne_tulisti	sapiens_qui_prospicit	Cloud	scientiae_cedit_mare
image_collection	CTDC-STUDY-595791	CTDC-IMAGE-COLLECTION-696806	O_Tite_tute_Tati_tibi_tanta_tyranne_tulisti	CT	id_quod_plerumque_accidit	scientiae_cedit_mare	Cloud	labor_ipse_voluptas
image_collection	CTDC-STUDY-595791	CTDC-IMAGE-COLLECTION-465222	scientia,_aere_perennius	NM	faber_est_suae_quisque_fortunae	nascentes_morimur_finisque_ab_origine_pendet	Download	saltus_in_demonstrando
image_collection	CTDC-STUDY-595791	CTDC-IMAGE-COLLECTION-725233	nanos_gigantum_humeris_insidentes	US	nascentes_morimur_finisque_ab_origine_pendet	scientiae_cedit_mare	Download	faber_est_suae_quisque_fortunae
image_collection	CTDC-STUDY-595791	CTDC-IMAGE-COLLECTION-404458	scientia_et_labor	US	nanos_gigantum_humeris_insidentes	scientia,_aere_perennius	Download	faber_est_suae_quisque_fortunae
image_collection	CTDC-STUDY-595791	CTDC-IMAGE-COLLECTION-546447	Obedientia_civium_urbis_felicitas	MR	a_bene_placito	labor_ipse_voluptas	Download	O_Tite_tute_Tati_tibi_tanta_tyranne_tulisti
image_collection	CTDC-STUDY-595791	CTDC-IMAGE-COLLECTION-452862	Macte_animo_Generose_puer_sic_itur_ad_astra	DX	nanos_gigantum_humeris_insidentes	scientia_imperii_decus_et_tutamen	Download	scientia_et_labor
image_collection	CTDC-STUDY-595791	CTDC-IMAGE-COLLECTION-822442	labor_ipse_voluptas	US	cacatum_non_est_pictum	scientiae_et_patriae	Unrestricted	labor_ipse_voluptas
image_collection	CTDC-STUDY-595791	CTDC-IMAGE-COLLECTION-821374	scientiae_cedit_mare	PT	faber_est_suae_quisque_fortunae	Gallia_est_omnis_divisa_in_partes_tres	Download	scientia,_aere_perennius
image_collection	CTDC-STUDY-595791	CTDC-IMAGE-COLLECTION-898962	scientia,_aere_perennius	NM	barba_crescit_caput_nescit	scientia_et_sapientia	Cloud	faber_est_suae_quisque_fortunae
image_collection	CTDC-STUDY-595791	CTDC-IMAGE-COLLECTION-733587	id_quod_plerumque_accidit	NM	scientia_imperii_decus_et_tutamen	O_Tite_tute_Tati_tibi_tanta_tyranne_tulisti	Unrestricted	a_bene_placito
image_collection	CTDC-STUDY-595791	CTDC-IMAGE-COLLECTION-132958	haec_olim_meminisse_iuvabit	US	Obedientia_civium_urbis_felicitas	scientia_et_sapientia	Unrestricted	cacatum_non_est_pictum
image_collection	CTDC-STUDY-595791	CTDC-IMAGE-COLLECTION-249238	haec_olim_meminisse_iuvabit	PT	damnant_quod_non_intellegunt	nanos_gigantum_humeris_insidentes	Download	labor_ipse_voluptas
image_collection	CTDC-STUDY-595791	CTDC-IMAGE-COLLECTION-860026	scientia,_aere_perennius	MR	cacatum_non_est_pictum	scientiae_cedit_mare	Unrestricted	scientia_imperii_decus_et_tutamen
image_collection	CTDC-STUDY-595791	CTDC-IMAGE-COLLECTION-209112	barba_crescit_caput_nescit	MR	damnant_quod_non_intellegunt	imperium_in_imperio	Unrestricted	cacatum_non_est_pictum
image_collection	CTDC-STUDY-595791	CTDC-IMAGE-COLLECTION-183547	damnant_quod_non_intellegunt	CT	scientia_imperii_decus_et_tutamen	O_Tite_tute_Tati_tibi_tanta_tyranne_tulisti	Cloud	scientia,_aere_perennius
image_collection	CTDC-STUDY-595791	CTDC-IMAGE-COLLECTION-127645	e_causa_ignota	NM	scientiae_et_patriae	salus_in_arduis	Download	nascentes_morimur_finisque_ab_origine_pendet
image_collection	CTDC-STUDY-595791	CTDC-IMAGE-COLLECTION-653996	sapiens_qui_prospicit	US	a_bene_placito	scientia_et_sapientia	Unrestricted	nascentes_morimur_finisque_ab_origine_pendet
image_collection	CTDC-STUDY-595791	CTDC-IMAGE-COLLECTION-328935	Gallia_est_omnis_divisa_in_partes_tres	CT	imperium_in_imperio	cacatum_non_est_pictum	Download	nascentes_morimur_finisque_ab_origine_pendet
image_collection	CTDC-STUDY-595791	CTDC-IMAGE-COLLECTION-273118	pace_tua	DX	scientiae_cedit_mare	id_quod_plerumque_accidit	Download	Macte_animo_Generose_puer_sic_itur_ad_astra
image_collection	CTDC-STUDY-595791	CTDC-IMAGE-COLLECTION-263771	faber_est_suae_quisque_fortunae	DX	O_Tite_tute_Tati_tibi_tanta_tyranne_tulisti	damnant_quod_non_intellegunt	Cloud	scientiae_cedit_mare
image_collection	CTDC-STUDY-595791	CTDC-IMAGE-COLLECTION-206291	scientia_et_labor	MR	haec_olim_meminisse_iuvabit	Macte_animo_Generose_puer_sic_itur_ad_astra	Download	faber_est_suae_quisque_fortunae
image_collection	CTDC-STUDY-595791	CTDC-IMAGE-COLLECTION-260473	salus_in_arduis	PT	Obedientia_civium_urbis_felicitas	scientia,_aere_perennius	Unrestricted	e_causa_ignota
image_collection	CTDC-STUDY-595791	CTDC-IMAGE-COLLECTION-128117	scientiae_et_patriae	PT	pace_tua	imperium_in_imperio	Unrestricted	labor_ipse_voluptas
image_collection	CTDC-STUDY-595791	CTDC-IMAGE-COLLECTION-936347	haec_olim_meminisse_iuvabit	MR	scientia_et_labor	nascentes_morimur_finisque_ab_origine_pendet	Unrestricted	id_quod_plerumque_accidit
image_collection	CTDC-STUDY-595791	CTDC-IMAGE-COLLECTION-688542	scientia_et_labor	PT	cacatum_non_est_pictum	nascentes_morimur_finisque_ab_origine_pendet	Unrestricted	damnant_quod_non_intellegunt
image_collection	CTDC-STUDY-595791	CTDC-IMAGE-COLLECTION-783351	scientiae_cedit_mare	PT	Macte_animo_Generose_puer_sic_itur_ad_astra	scientiae_cedit_mare	Download	barba_crescit_caput_nescit
image_collection	CTDC-STUDY-595791	CTDC-IMAGE-COLLECTION-811572	barba_crescit_caput_nescit	MR	scientiae_cedit_mare	Obedientia_civium_urbis_felicitas	Unrestricted	e_causa_ignota
image_collection	CTDC-STUDY-595791	CTDC-IMAGE-COLLECTION-319385	saltus_in_demonstrando	PT	cacatum_non_est_pictum	scientia_et_labor	Unrestricted	sapiens_qui_prospicit
image_collection	CTDC-STUDY-595791	CTDC-IMAGE-COLLECTION-968255	imperium_in_imperio	CT	imperium_in_imperio	cacatum_non_est_pictum	Download	Macte_animo_Generose_puer_sic_itur_ad_astra
image_collection	CTDC-STUDY-595791	CTDC-IMAGE-COLLECTION-401428	a_bene_placito	DX	scientia_imperii_decus_et_tutamen	scientiae_cedit_mare	Unrestricted	damnant_quod_non_intellegunt
image_collection	CTDC-STUDY-595791	CTDC-IMAGE-COLLECTION-695422	saltus_in_demonstrando	NM	labor_ipse_voluptas	id_quod_plerumque_accidit	Unrestricted	imperium_in_imperio
image_collection	CTDC-STUDY-595791	CTDC-IMAGE-COLLECTION-338619	scientiae_cedit_mare	DX	nascentes_morimur_finisque_ab_origine_pendet	Macte_animo_Generose_puer_sic_itur_ad_astra	Download	Macte_animo_Generose_puer_sic_itur_ad_astra
image_collection	CTDC-STUDY-595791	CTDC-IMAGE-COLLECTION-170587	salus_in_arduis	CT	O_Tite_tute_Tati_tibi_tanta_tyranne_tulisti	scientiae_et_patriae	Download	Gallia_est_omnis_divisa_in_partes_tres
image_collection	CTDC-STUDY-595791	CTDC-IMAGE-COLLECTION-471447	scientia_imperii_decus_et_tutamen	DX	labor_ipse_voluptas	scientiae_cedit_mare	Cloud	O_Tite_tute_Tati_tibi_tanta_tyranne_tulisti
image_collection	CTDC-STUDY-595791	CTDC-IMAGE-COLLECTION-638883	scientia_imperii_decus_et_tutamen	US	saltus_in_demonstrando	labor_ipse_voluptas	Unrestricted	haec_olim_meminisse_iuvabit
image_collection	CTDC-STUDY-595791	CTDC-IMAGE-COLLECTION-737523	saltus_in_demonstrando	US	Obedientia_civium_urbis_felicitas	barba_crescit_caput_nescit	Cloud	nascentes_morimur_finisque_ab_origine_pendet
image_collection	CTDC-STUDY-595791	CTDC-IMAGE-COLLECTION-181627	scientia_imperii_decus_et_tutamen	PT	scientiae_et_patriae	barba_crescit_caput_nescit	Download	saltus_in_demonstrando
image_collection	CTDC-STUDY-595791	CTDC-IMAGE-COLLECTION-603412	scientia_et_sapientia	CT	labor_ipse_voluptas	scientia,_aere_perennius	Download	nanos_gigantum_humeris_insidentes
image_collection	CTDC-STUDY-595791	CTDC-IMAGE-COLLECTION-460344	sapiens_qui_prospicit	MR	scientia_imperii_decus_et_tutamen	a_bene_placito	Unrestricted	cacatum_non_est_pictum
image_collection	CTDC-STUDY-595791	CTDC-IMAGE-COLLECTION-123484	salus_in_arduis	DX	haec_olim_meminisse_iuvabit	O_Tite_tute_Tati_tibi_tanta_tyranne_tulisti	Unrestricted	pace_tua
image_collection	CTDC-STUDY-595791	CTDC-IMAGE-COLLECTION-707062	O_Tite_tute_Tati_tibi_tanta_tyranne_tulisti	PT	barba_crescit_caput_nescit	scientia_et_sapientia	Download	damnant_quod_non_intellegunt
image_collection	CTDC-STUDY-595791	CTDC-IMAGE-COLLECTION-400371	salus_in_arduis	NM	scientia,_aere_perennius	Gallia_est_omnis_divisa_in_partes_tres	Cloud	salus_in_arduis
image_collection	CTDC-STUDY-595791	CTDC-IMAGE-COLLECTION-665218	scientiae_cedit_mare	CT	sapiens_qui_prospicit	e_causa_ignota	Cloud	saltus_in_demonstrando
image_collection	CTDC-STUDY-595791	CTDC-IMAGE-COLLECTION-627866	a_bene_placito	US	faber_est_suae_quisque_fortunae	scientia_imperii_decus_et_tutamen	Unrestricted	scientia_et_labor
image_collection	CTDC-STUDY-595791	CTDC-IMAGE-COLLECTION-262253	scientia_et_labor	CT	pace_tua	a_bene_placito	Cloud	scientiae_cedit_mare
image_collection	CTDC-STUDY-595791	CTDC-IMAGE-COLLECTION-680837	imperium_in_imperio	PT	scientia_et_labor	id_quod_plerumque_accidit	Unrestricted	saltus_in_demonstrando
image_collection	CTDC-STUDY-595791	CTDC-IMAGE-COLLECTION-649514	e_causa_ignota	CT	scientia_imperii_decus_et_tutamen	barba_crescit_caput_nescit	Cloud	Gallia_est_omnis_divisa_in_partes_tres
image_collection	CTDC-STUDY-595791	CTDC-IMAGE-COLLECTION-904081	scientiae_et_patriae	DX	faber_est_suae_quisque_fortunae	scientiae_cedit_mare	Download	cacatum_non_est_pictum
image_collection	CTDC-STUDY-595791	CTDC-IMAGE-COLLECTION-831522	scientia,_aere_perennius	DX	faber_est_suae_quisque_fortunae	barba_crescit_caput_nescit	Unrestricted	labor_ipse_voluptas
image_collection	CTDC-STUDY-595791	CTDC-IMAGE-COLLECTION-752809	cacatum_non_est_pictum	PT	scientiae_cedit_mare	scientiae_et_patriae	Cloud	O_Tite_tute_Tati_tibi_tanta_tyranne_tulisti
image_collection	CTDC-STUDY-595791	CTDC-IMAGE-COLLECTION-865386	nascentes_morimur_finisque_ab_origine_pendet	NM	pace_tua	pace_tua	Unrestricted	scientia_et_sapientia
image_collection	CTDC-STUDY-595791	CTDC-IMAGE-COLLECTION-743142	id_quod_plerumque_accidit	DX	O_Tite_tute_Tati_tibi_tanta_tyranne_tulisti	sapiens_qui_prospicit	Cloud	damnant_quod_non_intellegunt
image_collection	CTDC-STUDY-595791	CTDC-IMAGE-COLLECTION-127672	scientiae_et_patriae	NM	scientia_et_sapientia	imperium_in_imperio	Cloud	saltus_in_demonstrando
image_collection	CTDC-STUDY-595791	CTDC-IMAGE-COLLECTION-958858	O_Tite_tute_Tati_tibi_tanta_tyranne_tulisti	NM	nascentes_morimur_finisque_ab_origine_pendet	Macte_animo_Generose_puer_sic_itur_ad_astra	Download	damnant_quod_non_intellegunt
image_collection	CTDC-STUDY-595791	CTDC-IMAGE-COLLECTION-617996	Gallia_est_omnis_divisa_in_partes_tres	CT	imperium_in_imperio	e_causa_ignota	Unrestricted	imperium_in_imperio
image_collection	CTDC-STUDY-595791	CTDC-IMAGE-COLLECTION-170272	pace_tua	US	saltus_in_demonstrando	cacatum_non_est_pictum	Download	imperium_in_imperio
image_collection	CTDC-STUDY-595791	CTDC-IMAGE-COLLECTION-299968	scientiae_cedit_mare	PT	scientiae_et_patriae	scientiae_et_patriae	Unrestricted	barba_crescit_caput_nescit
image_collection	CTDC-STUDY-595791	CTDC-IMAGE-COLLECTION-892930	imperium_in_imperio	NM	salus_in_arduis	damnant_quod_non_intellegunt	Download	imperium_in_imperio
image_collection	CTDC-STUDY-595791	CTDC-IMAGE-COLLECTION-387412	sapiens_qui_prospicit	PT	e_causa_ignota	pace_tua	Unrestricted	a_bene_placito
image_collection	CTDC-STUDY-595791	CTDC-IMAGE-COLLECTION-497534	scientia,_aere_perennius	MR	scientia_imperii_decus_et_tutamen	Gallia_est_omnis_divisa_in_partes_tres	Download	sapiens_qui_prospicit
image_collection	CTDC-STUDY-595791	CTDC-IMAGE-COLLECTION-124255	id_quod_plerumque_accidit	US	haec_olim_meminisse_iuvabit	a_bene_placito	Cloud	saltus_in_demonstrando
image_collection	CTDC-STUDY-595791	CTDC-IMAGE-COLLECTION-934026	imperium_in_imperio	DX	Obedientia_civium_urbis_felicitas	saltus_in_demonstrando	Cloud	nascentes_morimur_finisque_ab_origine_pendet
image_collection	CTDC-STUDY-595791	CTDC-IMAGE-COLLECTION-438559	damnant_quod_non_intellegunt	NM	scientia_imperii_decus_et_tutamen	id_quod_plerumque_accidit	Download	sapiens_qui_prospicit
image_collection	CTDC-STUDY-595791	CTDC-IMAGE-COLLECTION-185948	Macte_animo_Generose_puer_sic_itur_ad_astra	NM	Gallia_est_omnis_divisa_in_partes_tres	faber_est_suae_quisque_fortunae	Download	a_bene_placito
image_collection	CTDC-STUDY-595791	CTDC-IMAGE-COLLECTION-751555	e_causa_ignota	PT	labor_ipse_voluptas	scientiae_et_patriae	Cloud	scientia_imperii_decus_et_tutamen
image_collection	CTDC-STUDY-595791	CTDC-IMAGE-COLLECTION-642619	Obedientia_civium_urbis_felicitas	MR	sapiens_qui_prospicit	saltus_in_demonstrando	Unrestricted	nanos_gigantum_humeris_insidentes
image_collection	CTDC-STUDY-595791	CTDC-IMAGE-COLLECTION-861977	Macte_animo_Generose_puer_sic_itur_ad_astra	DX	cacatum_non_est_pictum	damnant_quod_non_intellegunt	Cloud	scientiae_cedit_mare
image_collection	CTDC-STUDY-595791	CTDC-IMAGE-COLLECTION-363656	labor_ipse_voluptas	NM	a_bene_placito	id_quod_plerumque_accidit	Unrestricted	a_bene_placito
image_collection	CTDC-STUDY-595791	CTDC-IMAGE-COLLECTION-768473	id_quod_plerumque_accidit	CT	salus_in_arduis	imperium_in_imperio	Unrestricted	imperium_in_imperio
image_collection	CTDC-STUDY-595791	CTDC-IMAGE-COLLECTION-421236	haec_olim_meminisse_iuvabit	MR	Obedientia_civium_urbis_felicitas	imperium_in_imperio	Download	scientiae_cedit_mare
image_collection	CTDC-STUDY-595791	CTDC-IMAGE-COLLECTION-152878	O_Tite_tute_Tati_tibi_tanta_tyranne_tulisti	NM	Macte_animo_Generose_puer_sic_itur_ad_astra	O_Tite_tute_Tati_tibi_tanta_tyranne_tulisti	Unrestricted	faber_est_suae_quisque_fortunae
image_collection	CTDC-STUDY-595791	CTDC-IMAGE-COLLECTION-480245	scientiae_et_patriae	DX	scientia_imperii_decus_et_tutamen	scientia_et_labor	Unrestricted	imperium_in_imperio
image_collection	CTDC-STUDY-595791	CTDC-IMAGE-COLLECTION-778762	imperium_in_imperio	MR	cacatum_non_est_pictum	nascentes_morimur_finisque_ab_origine_pendet	Unrestricted	saltus_in_demonstrando
image_collection	CTDC-STUDY-595791	CTDC-IMAGE-COLLECTION-608991	e_causa_ignota	NM	pace_tua	imperium_in_imperio	Cloud	labor_ipse_voluptas
image_collection	CTDC-STUDY-595791	CTDC-IMAGE-COLLECTION-398151	haec_olim_meminisse_iuvabit	US	imperium_in_imperio	salus_in_arduis	Unrestricted	saltus_in_demonstrando
image_collection	CTDC-STUDY-595791	CTDC-IMAGE-COLLECTION-428696	imperium_in_imperio	DX	labor_ipse_voluptas	barba_crescit_caput_nescit	Unrestricted	nanos_gigantum_humeris_insidentes
image_collection	CTDC-STUDY-595791	CTDC-IMAGE-COLLECTION-550087	pace_tua	PT	barba_crescit_caput_nescit	O_Tite_tute_Tati_tibi_tanta_tyranne_tulisti	Download	scientia_et_labor
image_collection	CTDC-STUDY-595791	CTDC-IMAGE-COLLECTION-678205	Gallia_est_omnis_divisa_in_partes_tres	PT	faber_est_suae_quisque_fortunae	Obedientia_civium_urbis_felicitas	Download	scientiae_cedit_mare
image_collection	CTDC-STUDY-595791	CTDC-IMAGE-COLLECTION-825783	scientia_imperii_decus_et_tutamen	NM	nanos_gigantum_humeris_insidentes	scientia_et_labor	Cloud	saltus_in_demonstrando
image_collection	CTDC-STUDY-595791	CTDC-IMAGE-COLLECTION-854218	a_bene_placito	DX	pace_tua	scientia_imperii_decus_et_tutamen	Unrestricted	scientia,_aere_perennius
image_collection	CTDC-STUDY-595791	CTDC-IMAGE-COLLECTION-301673	sapiens_qui_prospicit	PT	pace_tua	id_quod_plerumque_accidit	Download	id_quod_plerumque_accidit
image_collection	CTDC-STUDY-595791	CTDC-IMAGE-COLLECTION-824772	pace_tua	NM	scientiae_cedit_mare	nanos_gigantum_humeris_insidentes	Unrestricted	scientia,_aere_perennius
image_collection	CTDC-STUDY-595791	CTDC-IMAGE-COLLECTION-708584	saltus_in_demonstrando	PT	scientia_et_sapientia	Obedientia_civium_urbis_felicitas	Download	scientiae_et_patriae
image_collection	CTDC-STUDY-595791	CTDC-IMAGE-COLLECTION-334122	damnant_quod_non_intellegunt	DX	barba_crescit_caput_nescit	Obedientia_civium_urbis_felicitas	Download	scientia_imperii_decus_et_tutamen
image_collection	CTDC-STUDY-595791	CTDC-IMAGE-COLLECTION-469596	scientia_et_sapientia	NM	imperium_in_imperio	barba_crescit_caput_nescit	Cloud	barba_crescit_caput_nescit
image_collection	CTDC-STUDY-595791	CTDC-IMAGE-COLLECTION-211801	scientia_et_labor	DX	faber_est_suae_quisque_fortunae	scientiae_et_patriae	Unrestricted	scientia_et_labor
image_collection	CTDC-STUDY-595791	CTDC-IMAGE-COLLECTION-298373	nanos_gigantum_humeris_insidentes	US	scientia,_aere_perennius	O_Tite_tute_Tati_tibi_tanta_tyranne_tulisti	Cloud	scientia_et_sapientia
image_collection	CTDC-STUDY-595791	CTDC-IMAGE-COLLECTION-929715	haec_olim_meminisse_iuvabit	DX	Macte_animo_Generose_puer_sic_itur_ad_astra	faber_est_suae_quisque_fortunae	Cloud	Obedientia_civium_urbis_felicitas
image_collection	CTDC-STUDY-595791	CTDC-IMAGE-COLLECTION-365740	pace_tua	CT	scientiae_et_patriae	O_Tite_tute_Tati_tibi_tanta_tyranne_tulisti	Unrestricted	Obedientia_civium_urbis_felicitas
image_collection	CTDC-STUDY-595791	CTDC-IMAGE-COLLECTION-563397	scientiae_et_patriae	PT	salus_in_arduis	cacatum_non_est_pictum	Cloud	sapiens_qui_prospicit
image_collection	CTDC-STUDY-595791	CTDC-IMAGE-COLLECTION-382707	imperium_in_imperio	CT	Obedientia_civium_urbis_felicitas	barba_crescit_caput_nescit	Unrestricted	Obedientia_civium_urbis_felicitas
image_collection	CTDC-STUDY-595791	CTDC-IMAGE-COLLECTION-919758	e_causa_ignota	CT	haec_olim_meminisse_iuvabit	barba_crescit_caput_nescit	Unrestricted	nanos_gigantum_humeris_insidentes
image_collection	CTDC-STUDY-595791	CTDC-IMAGE-COLLECTION-955305	damnant_quod_non_intellegunt	PT	labor_ipse_voluptas	id_quod_plerumque_accidit	Download	Obedientia_civium_urbis_felicitas
image_collection	CTDC-STUDY-595791	CTDC-IMAGE-COLLECTION-125918	scientia_et_labor	PT	scientia_imperii_decus_et_tutamen	salus_in_arduis	Unrestricted	faber_est_suae_quisque_fortunae
image_collection	CTDC-STUDY-595791	CTDC-IMAGE-COLLECTION-204423	scientia,_aere_perennius	CT	labor_ipse_voluptas	barba_crescit_caput_nescit	Unrestricted	haec_olim_meminisse_iuvabit
image_collection	CTDC-STUDY-595791	CTDC-IMAGE-COLLECTION-714182	e_causa_ignota	MR	imperium_in_imperio	scientia_imperii_decus_et_tutamen	Download	labor_ipse_voluptas
image_collection	CTDC-STUDY-595791	CTDC-IMAGE-COLLECTION-159447	O_Tite_tute_Tati_tibi_tanta_tyranne_tulisti	CT	scientia_et_labor	imperium_in_imperio	Cloud	scientia,_aere_perennius
image_collection	CTDC-STUDY-595791	CTDC-IMAGE-COLLECTION-340225	damnant_quod_non_intellegunt	PT	cacatum_non_est_pictum	cacatum_non_est_pictum	Download	scientiae_et_patriae
image_collection	CTDC-STUDY-595791	CTDC-IMAGE-COLLECTION-153953	sapiens_qui_prospicit	PT	faber_est_suae_quisque_fortunae	Gallia_est_omnis_divisa_in_partes_tres	Cloud	saltus_in_demonstrando
image_collection	CTDC-STUDY-595791	CTDC-IMAGE-COLLECTION-614492	Gallia_est_omnis_divisa_in_partes_tres	PT	scientia_et_labor	scientia,_aere_perennius	Cloud	Gallia_est_omnis_divisa_in_partes_tres
image_collection	CTDC-STUDY-595791	CTDC-IMAGE-COLLECTION-248723	nascentes_morimur_finisque_ab_origine_pendet	MR	scientia_et_labor	salus_in_arduis	Download	scientia_et_labor
image_collection	CTDC-STUDY-595791	CTDC-IMAGE-COLLECTION-879903	scientiae_cedit_mare	PT	nanos_gigantum_humeris_insidentes	barba_crescit_caput_nescit	Unrestricted	damnant_quod_non_intellegunt
image_collection	CTDC-STUDY-595791	CTDC-IMAGE-COLLECTION-433372	scientia_imperii_decus_et_tutamen	DX	a_bene_placito	O_Tite_tute_Tati_tibi_tanta_tyranne_tulisti	Unrestricted	nanos_gigantum_humeris_insidentes
image_collection	CTDC-STUDY-595791	CTDC-IMAGE-COLLECTION-549260	damnant_quod_non_intellegunt	MR	O_Tite_tute_Tati_tibi_tanta_tyranne_tulisti	saltus_in_demonstrando	Cloud	Obedientia_civium_urbis_felicitas
image_collection	CTDC-STUDY-595791	CTDC-IMAGE-COLLECTION-738689	Obedientia_civium_urbis_felicitas	CT	scientia_et_labor	scientia_imperii_decus_et_tutamen	Download	barba_crescit_caput_nescit
image_collection	CTDC-STUDY-595791	CTDC-IMAGE-COLLECTION-251522	scientia_imperii_decus_et_tutamen	MR	e_causa_ignota	scientiae_et_patriae	Cloud	barba_crescit_caput_nescit
image_collection	CTDC-STUDY-595791	CTDC-IMAGE-COLLECTION-227233	O_Tite_tute_Tati_tibi_tanta_tyranne_tulisti	CT	id_quod_plerumque_accidit	saltus_in_demonstrando	Cloud	Macte_animo_Generose_puer_sic_itur_ad_astra
image_collection	CTDC-STUDY-595791	CTDC-IMAGE-COLLECTION-477312	O_Tite_tute_Tati_tibi_tanta_tyranne_tulisti	PT	labor_ipse_voluptas	scientia,_aere_perennius	Download	sapiens_qui_prospicit
image_collection	CTDC-STUDY-595791	CTDC-IMAGE-COLLECTION-526880	scientia_et_sapientia	NM	faber_est_suae_quisque_fortunae	faber_est_suae_quisque_fortunae	Cloud	Gallia_est_omnis_divisa_in_partes_tres
image_collection	CTDC-STUDY-595791	CTDC-IMAGE-COLLECTION-129716	O_Tite_tute_Tati_tibi_tanta_tyranne_tulisti	DX	sapiens_qui_prospicit	id_quod_plerumque_accidit	Unrestricted	sapiens_qui_prospicit
image_collection	CTDC-STUDY-595791	CTDC-IMAGE-COLLECTION-386165	a_bene_placito	DX	Gallia_est_omnis_divisa_in_partes_tres	damnant_quod_non_intellegunt	Download	labor_ipse_voluptas
image_collection	CTDC-STUDY-595791	CTDC-IMAGE-COLLECTION-237168	nascentes_morimur_finisque_ab_origine_pendet	PT	faber_est_suae_quisque_fortunae	Gallia_est_omnis_divisa_in_partes_tres	Download	haec_olim_meminisse_iuvabit
image_collection	CTDC-STUDY-595791	CTDC-IMAGE-COLLECTION-826483	labor_ipse_voluptas	US	scientia_et_sapientia	e_causa_ignota	Download	scientia,_aere_perennius
image_collection	CTDC-STUDY-595791	CTDC-IMAGE-COLLECTION-991955	barba_crescit_caput_nescit	DX	barba_crescit_caput_nescit	O_Tite_tute_Tati_tibi_tanta_tyranne_tulisti	Unrestricted	e_causa_ignota
image_collection	CTDC-STUDY-595791	CTDC-IMAGE-COLLECTION-528152	nascentes_morimur_finisque_ab_origine_pendet	US	barba_crescit_caput_nescit	salus_in_arduis	Unrestricted	saltus_in_demonstrando
image_collection	CTDC-STUDY-595791	CTDC-IMAGE-COLLECTION-981753	Macte_animo_Generose_puer_sic_itur_ad_astra	PT	pace_tua	damnant_quod_non_intellegunt	Cloud	barba_crescit_caput_nescit
image_collection	CTDC-STUDY-595791	CTDC-IMAGE-COLLECTION-102247	nascentes_morimur_finisque_ab_origine_pendet	DX	Gallia_est_omnis_divisa_in_partes_tres	damnant_quod_non_intellegunt	Cloud	nanos_gigantum_humeris_insidentes
image_collection	CTDC-STUDY-595791	CTDC-IMAGE-COLLECTION-848891	imperium_in_imperio	MR	Gallia_est_omnis_divisa_in_partes_tres	scientia_imperii_decus_et_tutamen	Unrestricted	saltus_in_demonstrando
image_collection	CTDC-STUDY-595791	CTDC-IMAGE-COLLECTION-728896	id_quod_plerumque_accidit	MR	sapiens_qui_prospicit	sapiens_qui_prospicit	Cloud	imperium_in_imperio
image_collection	CTDC-STUDY-595791	CTDC-IMAGE-COLLECTION-652284	id_quod_plerumque_accidit	CT	Macte_animo_Generose_puer_sic_itur_ad_astra	nanos_gigantum_humeris_insidentes	Cloud	scientiae_cedit_mare
image_collection	CTDC-STUDY-595791	CTDC-IMAGE-COLLECTION-381164	nanos_gigantum_humeris_insidentes	CT	scientiae_cedit_mare	imperium_in_imperio	Download	faber_est_suae_quisque_fortunae
image_collection	CTDC-STUDY-595791	CTDC-IMAGE-COLLECTION-719081	nanos_gigantum_humeris_insidentes	NM	nascentes_morimur_finisque_ab_origine_pendet	cacatum_non_est_pictum	Cloud	scientia_imperii_decus_et_tutamen
image_collection	CTDC-STUDY-595791	CTDC-IMAGE-COLLECTION-519700	barba_crescit_caput_nescit	CT	nanos_gigantum_humeris_insidentes	nanos_gigantum_humeris_insidentes	Cloud	sapiens_qui_prospicit
image_collection	CTDC-STUDY-595791	CTDC-IMAGE-COLLECTION-762541	faber_est_suae_quisque_fortunae	PT	salus_in_arduis	saltus_in_demonstrando	Cloud	faber_est_suae_quisque_fortunae
image_collection	CTDC-STUDY-595791	CTDC-IMAGE-COLLECTION-634924	haec_olim_meminisse_iuvabit	CT	a_bene_placito	Macte_animo_Generose_puer_sic_itur_ad_astra	Download	scientia_imperii_decus_et_tutamen
image_collection	CTDC-STUDY-595791	CTDC-IMAGE-COLLECTION-849866	Macte_animo_Generose_puer_sic_itur_ad_astra	MR	scientia_et_labor	saltus_in_demonstrando	Download	scientiae_et_patriae
image_collection	CTDC-STUDY-595791	CTDC-IMAGE-COLLECTION-429922	a_bene_placito	US	O_Tite_tute_Tati_tibi_tanta_tyranne_tulisti	Gallia_est_omnis_divisa_in_partes_tres	Unrestricted	scientiae_cedit_mare
image_collection	CTDC-STUDY-595791	CTDC-IMAGE-COLLECTION-910634	Obedientia_civium_urbis_felicitas	CT	O_Tite_tute_Tati_tibi_tanta_tyranne_tulisti	nascentes_morimur_finisque_ab_origine_pendet	Download	scientiae_cedit_mare
image_collection	CTDC-STUDY-595791	CTDC-IMAGE-COLLECTION-290391	e_causa_ignota	NM	a_bene_placito	nascentes_morimur_finisque_ab_origine_pendet	Cloud	nanos_gigantum_humeris_insidentes
image_collection	CTDC-STUDY-595791	CTDC-IMAGE-COLLECTION-878923	imperium_in_imperio	US	haec_olim_meminisse_iuvabit	scientia_et_labor	Cloud	labor_ipse_voluptas
image_collection	CTDC-STUDY-595791	CTDC-IMAGE-COLLECTION-583727	imperium_in_imperio	DX	salus_in_arduis	imperium_in_imperio	Cloud	id_quod_plerumque_accidit
image_collection	CTDC-STUDY-595791	CTDC-IMAGE-COLLECTION-869345	Macte_animo_Generose_puer_sic_itur_ad_astra	MR	imperium_in_imperio	Obedientia_civium_urbis_felicitas	Cloud	Obedientia_civium_urbis_felicitas
image_collection	CTDC-STUDY-595791	CTDC-IMAGE-COLLECTION-483578	faber_est_suae_quisque_fortunae	NM	scientia_et_labor	haec_olim_meminisse_iuvabit	Unrestricted	cacatum_non_est_pictum
image_collection	CTDC-STUDY-595791	CTDC-IMAGE-COLLECTION-784097	damnant_quod_non_intellegunt	CT	O_Tite_tute_Tati_tibi_tanta_tyranne_tulisti	scientia_et_labor	Download	nanos_gigantum_humeris_insidentes
image_collection	CTDC-STUDY-595791	CTDC-IMAGE-COLLECTION-854839	faber_est_suae_quisque_fortunae	DX	haec_olim_meminisse_iuvabit	scientia_imperii_decus_et_tutamen	Cloud	scientia_imperii_decus_et_tutamen
image_collection	CTDC-STUDY-595791	CTDC-IMAGE-COLLECTION-232205	Macte_animo_Generose_puer_sic_itur_ad_astra	DX	scientia_imperii_decus_et_tutamen	nanos_gigantum_humeris_insidentes	Cloud	Macte_animo_Generose_puer_sic_itur_ad_astra
image_collection	CTDC-STUDY-595791	CTDC-IMAGE-COLLECTION-356939	id_quod_plerumque_accidit	DX	O_Tite_tute_Tati_tibi_tanta_tyranne_tulisti	nanos_gigantum_humeris_insidentes	Download	scientia_imperii_decus_et_tutamen
image_collection	CTDC-STUDY-595791	CTDC-IMAGE-COLLECTION-178699	scientia,_aere_perennius	MR	id_quod_plerumque_accidit	saltus_in_demonstrando	Cloud	faber_est_suae_quisque_fortunae
image_collection	CTDC-STUDY-595791	CTDC-IMAGE-COLLECTION-647194	Gallia_est_omnis_divisa_in_partes_tres	NM	scientia_et_sapientia	Macte_animo_Generose_puer_sic_itur_ad_astra	Unrestricted	salus_in_arduis
image_collection	CTDC-STUDY-595791	CTDC-IMAGE-COLLECTION-286500	Obedientia_civium_urbis_felicitas	NM	Gallia_est_omnis_divisa_in_partes_tres	pace_tua	Cloud	Macte_animo_Generose_puer_sic_itur_ad_astra
image_collection	CTDC-STUDY-595791	CTDC-IMAGE-COLLECTION-464623	saltus_in_demonstrando	MR	cacatum_non_est_pictum	faber_est_suae_quisque_fortunae	Download	sapiens_qui_prospicit
image_collection	CTDC-STUDY-595791	CTDC-IMAGE-COLLECTION-710792	labor_ipse_voluptas	PT	scientiae_cedit_mare	imperium_in_imperio	Download	faber_est_suae_quisque_fortunae
image_collection	CTDC-STUDY-595791	CTDC-IMAGE-COLLECTION-224278	a_bene_placito	US	labor_ipse_voluptas	cacatum_non_est_pictum	Download	scientia_et_sapientia
image_collection	CTDC-STUDY-595791	CTDC-IMAGE-COLLECTION-355359	saltus_in_demonstrando	DX	a_bene_placito	a_bene_placito	Download	barba_crescit_caput_nescit
image_collection	CTDC-STUDY-595791	CTDC-IMAGE-COLLECTION-267887	scientiae_cedit_mare	PT	haec_olim_meminisse_iuvabit	sapiens_qui_prospicit	Cloud	cacatum_non_est_pictum
image_collection	CTDC-STUDY-595791	CTDC-IMAGE-COLLECTION-223072	id_quod_plerumque_accidit	US	saltus_in_demonstrando	e_causa_ignota	Download	a_bene_placito
image_collection	CTDC-STUDY-595791	CTDC-IMAGE-COLLECTION-317956	labor_ipse_voluptas	US	nascentes_morimur_finisque_ab_origine_pendet	a_bene_placito	Cloud	Macte_animo_Generose_puer_sic_itur_ad_astra
image_collection	CTDC-STUDY-595791	CTDC-IMAGE-COLLECTION-746802	a_bene_placito	PT	saltus_in_demonstrando	scientiae_cedit_mare	Unrestricted	salus_in_arduis
image_collection	CTDC-STUDY-595791	CTDC-IMAGE-COLLECTION-264306	cacatum_non_est_pictum	CT	scientia_et_labor	a_bene_placito	Unrestricted	salus_in_arduis
image_collection	CTDC-STUDY-595791	CTDC-IMAGE-COLLECTION-821553	imperium_in_imperio	DX	haec_olim_meminisse_iuvabit	scientia,_aere_perennius	Download	cacatum_non_est_pictum
image_collection	CTDC-STUDY-595791	CTDC-IMAGE-COLLECTION-621604	Gallia_est_omnis_divisa_in_partes_tres	PT	id_quod_plerumque_accidit	faber_est_suae_quisque_fortunae	Cloud	nascentes_morimur_finisque_ab_origine_pendet
image_collection	CTDC-STUDY-595791	CTDC-IMAGE-COLLECTION-294650	scientia_imperii_decus_et_tutamen	MR	damnant_quod_non_intellegunt	scientia_imperii_decus_et_tutamen	Download	barba_crescit_caput_nescit
image_collection	CTDC-STUDY-595791	CTDC-IMAGE-COLLECTION-267307	e_causa_ignota	PT	pace_tua	id_quod_plerumque_accidit	Cloud	scientiae_et_patriae
image_collection	CTDC-STUDY-595791	CTDC-IMAGE-COLLECTION-505577	Gallia_est_omnis_divisa_in_partes_tres	NM	scientia,_aere_perennius	scientiae_et_patriae	Download	sapiens_qui_prospicit
image_collection	CTDC-STUDY-595791	CTDC-IMAGE-COLLECTION-191919	faber_est_suae_quisque_fortunae	DX	sapiens_qui_prospicit	Gallia_est_omnis_divisa_in_partes_tres	Cloud	barba_crescit_caput_nescit
image_collection	CTDC-STUDY-595791	CTDC-IMAGE-COLLECTION-615647	Obedientia_civium_urbis_felicitas	MR	imperium_in_imperio	id_quod_plerumque_accidit	Cloud	saltus_in_demonstrando
image_collection	CTDC-STUDY-595791	CTDC-IMAGE-COLLECTION-449323	labor_ipse_voluptas	DX	O_Tite_tute_Tati_tibi_tanta_tyranne_tulisti	barba_crescit_caput_nescit	Cloud	salus_in_arduis
image_collection	CTDC-STUDY-595791	CTDC-IMAGE-COLLECTION-648904	imperium_in_imperio	NM	scientia_et_sapientia	barba_crescit_caput_nescit	Cloud	scientia_imperii_decus_et_tutamen
image_collection	CTDC-STUDY-595791	CTDC-IMAGE-COLLECTION-692932	nascentes_morimur_finisque_ab_origine_pendet	MR	Gallia_est_omnis_divisa_in_partes_tres	salus_in_arduis	Unrestricted	haec_olim_meminisse_iuvabit
image_collection	CTDC-STUDY-595791	CTDC-IMAGE-COLLECTION-966089	scientia_et_labor	DX	scientia_imperii_decus_et_tutamen	sapiens_qui_prospicit	Download	haec_olim_meminisse_iuvabit
image_collection	CTDC-STUDY-595791	CTDC-IMAGE-COLLECTION-903612	Gallia_est_omnis_divisa_in_partes_tres	CT	imperium_in_imperio	a_bene_placito	Download	imperium_in_imperio
image_collection	CTDC-STUDY-595791	CTDC-IMAGE-COLLECTION-413709	Obedientia_civium_urbis_felicitas	CT	sapiens_qui_prospicit	faber_est_suae_quisque_fortunae	Unrestricted	scientia_et_sapientia
image_collection	CTDC-STUDY-595791	CTDC-IMAGE-COLLECTION-526750	scientia,_aere_perennius	CT	sapiens_qui_prospicit	imperium_in_imperio	Unrestricted	O_Tite_tute_Tati_tibi_tanta_tyranne_tulisti
image_collection	CTDC-STUDY-595791	CTDC-IMAGE-COLLECTION-419750	faber_est_suae_quisque_fortunae	US	barba_crescit_caput_nescit	scientiae_cedit_mare	Download	Macte_animo_Generose_puer_sic_itur_ad_astra
image_collection	CTDC-STUDY-595791	CTDC-IMAGE-COLLECTION-186648	Gallia_est_omnis_divisa_in_partes_tres	MR	damnant_quod_non_intellegunt	scientia_imperii_decus_et_tutamen	Cloud	barba_crescit_caput_nescit
image_collection	CTDC-STUDY-595791	CTDC-IMAGE-COLLECTION-392010	nascentes_morimur_finisque_ab_origine_pendet	MR	O_Tite_tute_Tati_tibi_tanta_tyranne_tulisti	cacatum_non_est_pictum	Cloud	scientia,_aere_perennius
image_collection	CTDC-STUDY-595791	CTDC-IMAGE-COLLECTION-406986	saltus_in_demonstrando	DX	damnant_quod_non_intellegunt	labor_ipse_voluptas	Download	scientia,_aere_perennius
image_collection	CTDC-STUDY-595791	CTDC-IMAGE-COLLECTION-719527	salus_in_arduis	NM	sapiens_qui_prospicit	haec_olim_meminisse_iuvabit	Download	a_bene_placito
image_collection	CTDC-STUDY-595791	CTDC-IMAGE-COLLECTION-106351	Obedientia_civium_urbis_felicitas	NM	haec_olim_meminisse_iuvabit	imperium_in_imperio	Download	Obedientia_civium_urbis_felicitas
image_collection	CTDC-STUDY-595791	CTDC-IMAGE-COLLECTION-712234	scientia_et_labor	PT	sapiens_qui_prospicit	saltus_in_demonstrando	Cloud	nascentes_morimur_finisque_ab_origine_pendet
image_collection	CTDC-STUDY-595791	CTDC-IMAGE-COLLECTION-914790	sapiens_qui_prospicit	US	scientiae_cedit_mare	scientiae_et_patriae	Cloud	faber_est_suae_quisque_fortunae
image_collection	CTDC-STUDY-595791	CTDC-IMAGE-COLLECTION-921669	Obedientia_civium_urbis_felicitas	NM	scientia_et_labor	Macte_animo_Generose_puer_sic_itur_ad_astra	Unrestricted	O_Tite_tute_Tati_tibi_tanta_tyranne_tulisti
image_collection	CTDC-STUDY-595791	CTDC-IMAGE-COLLECTION-224574	sapiens_qui_prospicit	CT	haec_olim_meminisse_iuvabit	a_bene_placito	Unrestricted	saltus_in_demonstrando
image_collection	CTDC-STUDY-595791	CTDC-IMAGE-COLLECTION-377502	barba_crescit_caput_nescit	DX	saltus_in_demonstrando	Gallia_est_omnis_divisa_in_partes_tres	Download	scientia,_aere_perennius
image_collection	CTDC-STUDY-595791	CTDC-IMAGE-COLLECTION-871971	damnant_quod_non_intellegunt	NM	damnant_quod_non_intellegunt	imperium_in_imperio	Cloud	faber_est_suae_quisque_fortunae
image_collection	CTDC-STUDY-595791	CTDC-IMAGE-COLLECTION-958421	scientia_et_sapientia	US	Obedientia_civium_urbis_felicitas	labor_ipse_voluptas	Cloud	barba_crescit_caput_nescit
image_collection	CTDC-STUDY-595791	CTDC-IMAGE-COLLECTION-637021	id_quod_plerumque_accidit	MR	O_Tite_tute_Tati_tibi_tanta_tyranne_tulisti	faber_est_suae_quisque_fortunae	Cloud	Macte_animo_Generose_puer_sic_itur_ad_astra
image_collection	CTDC-STUDY-595791	CTDC-IMAGE-COLLECTION-742893	nanos_gigantum_humeris_insidentes	PT	scientia_et_labor	scientiae_cedit_mare	Download	scientia_imperii_decus_et_tutamen
image_collection	CTDC-STUDY-595791	CTDC-IMAGE-COLLECTION-485151	nanos_gigantum_humeris_insidentes	CT	nanos_gigantum_humeris_insidentes	O_Tite_tute_Tati_tibi_tanta_tyranne_tulisti	Cloud	Obedientia_civium_urbis_felicitas
image_collection	CTDC-STUDY-595791	CTDC-IMAGE-COLLECTION-499653	scientiae_cedit_mare	US	damnant_quod_non_intellegunt	O_Tite_tute_Tati_tibi_tanta_tyranne_tulisti	Download	cacatum_non_est_pictum
image_collection	CTDC-STUDY-595791	CTDC-IMAGE-COLLECTION-531812	Macte_animo_Generose_puer_sic_itur_ad_astra	NM	e_causa_ignota	sapiens_qui_prospicit	Unrestricted	scientia,_aere_perennius
image_collection	CTDC-STUDY-595791	CTDC-IMAGE-COLLECTION-259742	faber_est_suae_quisque_fortunae	NM	imperium_in_imperio	nascentes_morimur_finisque_ab_origine_pendet	Download	scientia_et_labor
image_collection	CTDC-STUDY-595791	CTDC-IMAGE-COLLECTION-889064	haec_olim_meminisse_iuvabit	DX	damnant_quod_non_intellegunt	salus_in_arduis	Cloud	a_bene_placito
image_collection	CTDC-STUDY-595791	CTDC-IMAGE-COLLECTION-501700	imperium_in_imperio	DX	damnant_quod_non_intellegunt	nanos_gigantum_humeris_insidentes	Cloud	salus_in_arduis
image_collection	CTDC-STUDY-595791	CTDC-IMAGE-COLLECTION-593251	sapiens_qui_prospicit	DX	barba_crescit_caput_nescit	saltus_in_demonstrando	Download	nascentes_morimur_finisque_ab_origine_pendet
image_collection	CTDC-STUDY-595791	CTDC-IMAGE-COLLECTION-898851	pace_tua	DX	scientiae_cedit_mare	scientia_et_labor	Download	nanos_gigantum_humeris_insidentes
image_collection	CTDC-STUDY-595791	CTDC-IMAGE-COLLECTION-878917	haec_olim_meminisse_iuvabit	PT	id_quod_plerumque_accidit	e_causa_ignota	Unrestricted	e_causa_ignota
image_collection	CTDC-STUDY-595791	CTDC-IMAGE-COLLECTION-456350	nascentes_morimur_finisque_ab_origine_pendet	NM	scientia_et_labor	scientia_imperii_decus_et_tutamen	Download	id_quod_plerumque_accidit
image_collection	CTDC-STUDY-595791	CTDC-IMAGE-COLLECTION-829191	labor_ipse_voluptas	DX	faber_est_suae_quisque_fortunae	nascentes_morimur_finisque_ab_origine_pendet	Cloud	haec_olim_meminisse_iuvabit
image_collection	CTDC-STUDY-595791	CTDC-IMAGE-COLLECTION-488312	O_Tite_tute_Tati_tibi_tanta_tyranne_tulisti	CT	salus_in_arduis	saltus_in_demonstrando	Download	Obedientia_civium_urbis_felicitas
image_collection	CTDC-STUDY-595791	CTDC-IMAGE-COLLECTION-305555	e_causa_ignota	DX	nascentes_morimur_finisque_ab_origine_pendet	Obedientia_civium_urbis_felicitas	Cloud	id_quod_plerumque_accidit
image_collection	CTDC-STUDY-595791	CTDC-IMAGE-COLLECTION-611899	pace_tua	DX	nascentes_morimur_finisque_ab_origine_pendet	scientia_et_labor	Cloud	barba_crescit_caput_nescit
image_collection	CTDC-STUDY-595791	CTDC-IMAGE-COLLECTION-101527	imperium_in_imperio	CT	O_Tite_tute_Tati_tibi_tanta_tyranne_tulisti	scientiae_cedit_mare	Cloud	sapiens_qui_prospicit
image_collection	CTDC-STUDY-595791	CTDC-IMAGE-COLLECTION-296170	scientiae_cedit_mare	NM	faber_est_suae_quisque_fortunae	imperium_in_imperio	Cloud	scientia_et_sapientia
image_collection	CTDC-STUDY-595791	CTDC-IMAGE-COLLECTION-289649	a_bene_placito	PT	id_quod_plerumque_accidit	scientia,_aere_perennius	Download	scientia,_aere_perennius
image_collection	CTDC-STUDY-595791	CTDC-IMAGE-COLLECTION-560357	haec_olim_meminisse_iuvabit	CT	nanos_gigantum_humeris_insidentes	scientia,_aere_perennius	Unrestricted	salus_in_arduis
