type	study.study_short_name	participant_id	biomarker_results_available	radiology_report_available	radiology_images_available	histology_images_available	crdc_id
participant	CTDC-STUDY-977514	CTDC-PARTICIPANT-690294	No	Yes	Unknown	Unknown	scientiae_cedit_mare
participant	CTDC-STUDY-977514	CTDC-PARTICIPANT-432211	Yes	Yes	Unknown	Unknown	salus_in_arduis
participant	CTDC-STUDY-977514	CTDC-PARTICIPANT-156038	Yes	No	Yes	Yes	pace_tua
participant	CTDC-STUDY-977514	CTDC-PARTICIPANT-938641	Yes	Yes	No	Yes	haec_olim_meminisse_iuvabit
participant	CTDC-STUDY-977514	CTDC-PARTICIPANT-947736	Unknown	Yes	Yes	No	nanos_gigantum_humeris_insidentes
participant	CTDC-STUDY-977514	CTDC-PARTICIPANT-752937	No	No	Unknown	Unknown	faber_est_suae_quisque_fortunae
participant	CTDC-STUDY-977514	CTDC-PARTICIPANT-619356	Yes	Yes	Yes	Unknown	cacatum_non_est_pictum
participant	CTDC-STUDY-977514	CTDC-PARTICIPANT-293969	Unknown	Unknown	Yes	No	Gallia_est_omnis_divisa_in_partes_tres
participant	CTDC-STUDY-977514	CTDC-PARTICIPANT-962284	Yes	No	Yes	Unknown	barba_crescit_caput_nescit
participant	CTDC-STUDY-977514	CTDC-PARTICIPANT-316792	No	Unknown	No	Unknown	nanos_gigantum_humeris_insidentes
participant	CTDC-STUDY-977514	CTDC-PARTICIPANT-647592	No	No	Yes	Yes	scientia,_aere_perennius
participant	CTDC-STUDY-977514	CTDC-PARTICIPANT-549335	Yes	Yes	Yes	No	nanos_gigantum_humeris_insidentes
participant	CTDC-STUDY-977514	CTDC-PARTICIPANT-141700	No	Unknown	Yes	No	saltus_in_demonstrando
participant	CTDC-STUDY-977514	CTDC-PARTICIPANT-929444	No	Yes	Yes	No	e_causa_ignota
participant	CTDC-STUDY-977514	CTDC-PARTICIPANT-216338	No	No	No	Unknown	sapiens_qui_prospicit
participant	CTDC-STUDY-977514	CTDC-PARTICIPANT-830247	Unknown	Unknown	Unknown	Yes	nanos_gigantum_humeris_insidentes
participant	CTDC-STUDY-977514	CTDC-PARTICIPANT-287148	Yes	No	No	No	scientiae_cedit_mare
participant	CTDC-STUDY-977514	CTDC-PARTICIPANT-264433	No	No	Yes	Unknown	scientia,_aere_perennius
participant	CTDC-STUDY-977514	CTDC-PARTICIPANT-367275	Unknown	Unknown	Yes	Yes	labor_ipse_voluptas
participant	CTDC-STUDY-977514	CTDC-PARTICIPANT-546328	No	Yes	Yes	Unknown	sapiens_qui_prospicit
participant	CTDC-STUDY-977514	CTDC-PARTICIPANT-455228	Unknown	Yes	Unknown	Yes	faber_est_suae_quisque_fortunae
participant	CTDC-STUDY-977514	CTDC-PARTICIPANT-701412	Yes	No	Unknown	Unknown	sapiens_qui_prospicit
participant	CTDC-STUDY-977514	CTDC-PARTICIPANT-168184	Unknown	Unknown	No	Yes	salus_in_arduis
participant	CTDC-STUDY-977514	CTDC-PARTICIPANT-406364	Unknown	Unknown	Yes	No	Obedientia_civium_urbis_felicitas
participant	CTDC-STUDY-977514	CTDC-PARTICIPANT-260530	No	Yes	Yes	Yes	barba_crescit_caput_nescit
participant	CTDC-STUDY-977514	CTDC-PARTICIPANT-783647	No	Unknown	No	Yes	a_bene_placito
participant	CTDC-STUDY-977514	CTDC-PARTICIPANT-896741	No	Unknown	No	No	barba_crescit_caput_nescit
participant	CTDC-STUDY-977514	CTDC-PARTICIPANT-530795	Unknown	No	Yes	Yes	imperium_in_imperio
participant	CTDC-STUDY-977514	CTDC-PARTICIPANT-969123	Unknown	No	Yes	No	cacatum_non_est_pictum
participant	CTDC-STUDY-977514	CTDC-PARTICIPANT-463201	Unknown	No	No	No	cacatum_non_est_pictum
participant	CTDC-STUDY-977514	CTDC-PARTICIPANT-816850	Yes	No	No	Unknown	e_causa_ignota
participant	CTDC-STUDY-977514	CTDC-PARTICIPANT-655107	No	Unknown	No	No	scientia_et_labor
participant	CTDC-STUDY-977514	CTDC-PARTICIPANT-332505	No	Unknown	No	No	nascentes_morimur_finisque_ab_origine_pendet
participant	CTDC-STUDY-977514	CTDC-PARTICIPANT-826428	No	Yes	Yes	Yes	scientiae_cedit_mare
participant	CTDC-STUDY-977514	CTDC-PARTICIPANT-682660	Yes	Unknown	Unknown	Yes	imperium_in_imperio
participant	CTDC-STUDY-977514	CTDC-PARTICIPANT-610996	Yes	Yes	Yes	No	a_bene_placito
participant	CTDC-STUDY-977514	CTDC-PARTICIPANT-451667	Unknown	Yes	Yes	Yes	labor_ipse_voluptas
participant	CTDC-STUDY-977514	CTDC-PARTICIPANT-635583	Yes	Unknown	Yes	Unknown	nascentes_morimur_finisque_ab_origine_pendet
participant	CTDC-STUDY-977514	CTDC-PARTICIPANT-257391	No	Unknown	Yes	Yes	scientia_imperii_decus_et_tutamen
participant	CTDC-STUDY-977514	CTDC-PARTICIPANT-495012	No	Yes	Yes	Unknown	O_Tite_tute_Tati_tibi_tanta_tyranne_tulisti
participant	CTDC-STUDY-977514	CTDC-PARTICIPANT-315125	No	No	Yes	No	damnant_quod_non_intellegunt
participant	CTDC-STUDY-977514	CTDC-PARTICIPANT-903728	Yes	Yes	Unknown	Unknown	sapiens_qui_prospicit
participant	CTDC-STUDY-977514	CTDC-PARTICIPANT-360350	Unknown	Yes	Unknown	Unknown	scientia,_aere_perennius
participant	CTDC-STUDY-977514	CTDC-PARTICIPANT-199105	Yes	Unknown	Yes	Yes	scientia,_aere_perennius
participant	CTDC-STUDY-977514	CTDC-PARTICIPANT-693889	No	No	Unknown	Unknown	nascentes_morimur_finisque_ab_origine_pendet
participant	CTDC-STUDY-977514	CTDC-PARTICIPANT-422822	No	No	Yes	Yes	scientia,_aere_perennius
participant	CTDC-STUDY-977514	CTDC-PARTICIPANT-558535	Yes	Yes	Unknown	No	imperium_in_imperio
participant	CTDC-STUDY-977514	CTDC-PARTICIPANT-259584	No	Yes	No	Unknown	nanos_gigantum_humeris_insidentes
participant	CTDC-STUDY-977514	CTDC-PARTICIPANT-278169	Unknown	No	Unknown	Unknown	nascentes_morimur_finisque_ab_origine_pendet
participant	CTDC-STUDY-977514	CTDC-PARTICIPANT-266713	No	Yes	No	Unknown	scientia_et_sapientia
participant	CTDC-STUDY-977514	CTDC-PARTICIPANT-218354	Unknown	No	No	Yes	pace_tua
participant	CTDC-STUDY-977514	CTDC-PARTICIPANT-873942	Yes	Yes	Unknown	Yes	Obedientia_civium_urbis_felicitas
participant	CTDC-STUDY-977514	CTDC-PARTICIPANT-881748	No	No	Yes	Yes	nascentes_morimur_finisque_ab_origine_pendet
participant	CTDC-STUDY-977514	CTDC-PARTICIPANT-951776	Yes	Yes	Yes	Unknown	cacatum_non_est_pictum
participant	CTDC-STUDY-977514	CTDC-PARTICIPANT-297864	Yes	No	No	No	scientia_imperii_decus_et_tutamen
participant	CTDC-STUDY-977514	CTDC-PARTICIPANT-243741	No	No	Yes	Yes	damnant_quod_non_intellegunt
participant	CTDC-STUDY-977514	CTDC-PARTICIPANT-911305	No	Unknown	Yes	No	imperium_in_imperio
participant	CTDC-STUDY-977514	CTDC-PARTICIPANT-883586	Yes	Yes	No	Unknown	scientiae_et_patriae
participant	CTDC-STUDY-977514	CTDC-PARTICIPANT-677679	No	No	Yes	No	scientia_et_sapientia
participant	CTDC-STUDY-977514	CTDC-PARTICIPANT-135842	Unknown	Yes	Yes	Yes	Gallia_est_omnis_divisa_in_partes_tres
participant	CTDC-STUDY-977514	CTDC-PARTICIPANT-969709	Unknown	Yes	No	No	pace_tua
participant	CTDC-STUDY-977514	CTDC-PARTICIPANT-742659	No	Yes	Yes	Unknown	e_causa_ignota
participant	CTDC-STUDY-977514	CTDC-PARTICIPANT-983334	No	Yes	Yes	No	a_bene_placito
participant	CTDC-STUDY-977514	CTDC-PARTICIPANT-908214	Yes	No	No	Unknown	e_causa_ignota
participant	CTDC-STUDY-977514	CTDC-PARTICIPANT-768467	Yes	Unknown	Unknown	No	scientia,_aere_perennius
participant	CTDC-STUDY-977514	CTDC-PARTICIPANT-395343	No	Unknown	Unknown	No	nascentes_morimur_finisque_ab_origine_pendet
participant	CTDC-STUDY-977514	CTDC-PARTICIPANT-927931	Yes	Yes	Yes	No	barba_crescit_caput_nescit
participant	CTDC-STUDY-977514	CTDC-PARTICIPANT-994388	Yes	Yes	Yes	No	Gallia_est_omnis_divisa_in_partes_tres
participant	CTDC-STUDY-977514	CTDC-PARTICIPANT-156187	No	Unknown	Unknown	Yes	damnant_quod_non_intellegunt
participant	CTDC-STUDY-977514	CTDC-PARTICIPANT-364679	No	No	Unknown	Yes	scientiae_et_patriae
participant	CTDC-STUDY-977514	CTDC-PARTICIPANT-343526	Yes	Unknown	Unknown	Unknown	nascentes_morimur_finisque_ab_origine_pendet
participant	CTDC-STUDY-977514	CTDC-PARTICIPANT-622616	No	Yes	No	No	labor_ipse_voluptas
participant	CTDC-STUDY-977514	CTDC-PARTICIPANT-366302	Unknown	Unknown	Yes	Unknown	scientia_et_labor
participant	CTDC-STUDY-977514	CTDC-PARTICIPANT-998456	Yes	Yes	Unknown	Unknown	sapiens_qui_prospicit
participant	CTDC-STUDY-977514	CTDC-PARTICIPANT-804244	No	Yes	No	Yes	scientia_imperii_decus_et_tutamen
participant	CTDC-STUDY-977514	CTDC-PARTICIPANT-887816	Yes	No	Yes	No	cacatum_non_est_pictum
participant	CTDC-STUDY-977514	CTDC-PARTICIPANT-103234	Yes	Yes	Yes	Yes	damnant_quod_non_intellegunt
participant	CTDC-STUDY-977514	CTDC-PARTICIPANT-512674	Yes	Unknown	Unknown	Unknown	e_causa_ignota
participant	CTDC-STUDY-977514	CTDC-PARTICIPANT-703955	Yes	Unknown	Unknown	Unknown	Obedientia_civium_urbis_felicitas
participant	CTDC-STUDY-977514	CTDC-PARTICIPANT-885336	Unknown	No	Yes	Yes	O_Tite_tute_Tati_tibi_tanta_tyranne_tulisti
participant	CTDC-STUDY-977514	CTDC-PARTICIPANT-179603	Unknown	Yes	No	No	scientia_et_sapientia
participant	CTDC-STUDY-977514	CTDC-PARTICIPANT-435204	Yes	Yes	No	Yes	barba_crescit_caput_nescit
participant	CTDC-STUDY-977514	CTDC-PARTICIPANT-326162	No	No	No	No	faber_est_suae_quisque_fortunae
participant	CTDC-STUDY-977514	CTDC-PARTICIPANT-686631	Unknown	No	Yes	No	O_Tite_tute_Tati_tibi_tanta_tyranne_tulisti
participant	CTDC-STUDY-977514	CTDC-PARTICIPANT-128155	Yes	Unknown	Unknown	Yes	cacatum_non_est_pictum
participant	CTDC-STUDY-977514	CTDC-PARTICIPANT-367772	No	Yes	No	No	haec_olim_meminisse_iuvabit
participant	CTDC-STUDY-977514	CTDC-PARTICIPANT-416408	Yes	Yes	Unknown	Unknown	scientia_imperii_decus_et_tutamen
participant	CTDC-STUDY-977514	CTDC-PARTICIPANT-365869	No	No	Yes	Unknown	cacatum_non_est_pictum
participant	CTDC-STUDY-977514	CTDC-PARTICIPANT-654610	Yes	Yes	No	Yes	Gallia_est_omnis_divisa_in_partes_tres
participant	CTDC-STUDY-977514	CTDC-PARTICIPANT-300549	No	Unknown	Yes	Unknown	faber_est_suae_quisque_fortunae
participant	CTDC-STUDY-977514	CTDC-PARTICIPANT-632807	Yes	No	Yes	No	cacatum_non_est_pictum
participant	CTDC-STUDY-977514	CTDC-PARTICIPANT-898476	Yes	Yes	Unknown	Yes	scientia_et_labor
participant	CTDC-STUDY-977514	CTDC-PARTICIPANT-276522	No	Yes	No	Yes	scientia_et_sapientia
participant	CTDC-STUDY-977514	CTDC-PARTICIPANT-985685	Unknown	Yes	No	No	sapiens_qui_prospicit
participant	CTDC-STUDY-977514	CTDC-PARTICIPANT-142229	Unknown	No	Unknown	No	id_quod_plerumque_accidit
participant	CTDC-STUDY-977514	CTDC-PARTICIPANT-293557	No	Unknown	Yes	Unknown	pace_tua
participant	CTDC-STUDY-977514	CTDC-PARTICIPANT-380634	Unknown	No	No	No	damnant_quod_non_intellegunt
participant	CTDC-STUDY-977514	CTDC-PARTICIPANT-544681	Unknown	No	No	No	nascentes_morimur_finisque_ab_origine_pendet
participant	CTDC-STUDY-977514	CTDC-PARTICIPANT-283258	No	Yes	No	Unknown	id_quod_plerumque_accidit
participant	CTDC-STUDY-977514	CTDC-PARTICIPANT-722428	Yes	Unknown	No	Yes	pace_tua
participant	CTDC-STUDY-977514	CTDC-PARTICIPANT-803065	Yes	No	Unknown	Yes	damnant_quod_non_intellegunt
participant	CTDC-STUDY-977514	CTDC-PARTICIPANT-550111	Yes	No	Yes	No	Obedientia_civium_urbis_felicitas
participant	CTDC-STUDY-977514	CTDC-PARTICIPANT-401372	No	Unknown	Unknown	Yes	scientia_imperii_decus_et_tutamen
participant	CTDC-STUDY-977514	CTDC-PARTICIPANT-209591	Unknown	Yes	No	No	salus_in_arduis
participant	CTDC-STUDY-977514	CTDC-PARTICIPANT-511714	No	Yes	Unknown	No	barba_crescit_caput_nescit
participant	CTDC-STUDY-977514	CTDC-PARTICIPANT-111632	No	No	Yes	Unknown	id_quod_plerumque_accidit
participant	CTDC-STUDY-977514	CTDC-PARTICIPANT-737735	Yes	Unknown	No	No	scientia,_aere_perennius
participant	CTDC-STUDY-977514	CTDC-PARTICIPANT-831722	Yes	No	Unknown	No	Gallia_est_omnis_divisa_in_partes_tres
participant	CTDC-STUDY-977514	CTDC-PARTICIPANT-192370	Yes	Yes	No	Yes	Gallia_est_omnis_divisa_in_partes_tres
participant	CTDC-STUDY-977514	CTDC-PARTICIPANT-539739	Yes	Yes	Unknown	No	a_bene_placito
participant	CTDC-STUDY-977514	CTDC-PARTICIPANT-402131	Unknown	Unknown	Unknown	No	Macte_animo_Generose_puer_sic_itur_ad_astra
participant	CTDC-STUDY-977514	CTDC-PARTICIPANT-306628	Unknown	Yes	No	Unknown	scientiae_et_patriae
participant	CTDC-STUDY-977514	CTDC-PARTICIPANT-601551	Unknown	Unknown	Unknown	Yes	O_Tite_tute_Tati_tibi_tanta_tyranne_tulisti
participant	CTDC-STUDY-977514	CTDC-PARTICIPANT-617839	Yes	Unknown	Unknown	Unknown	labor_ipse_voluptas
participant	CTDC-STUDY-977514	CTDC-PARTICIPANT-878648	Unknown	No	Unknown	Unknown	nascentes_morimur_finisque_ab_origine_pendet
participant	CTDC-STUDY-977514	CTDC-PARTICIPANT-527815	Yes	No	Unknown	Yes	Obedientia_civium_urbis_felicitas
participant	CTDC-STUDY-977514	CTDC-PARTICIPANT-861878	Yes	Unknown	Yes	Yes	scientia_et_sapientia
participant	CTDC-STUDY-977514	CTDC-PARTICIPANT-911077	Yes	Unknown	Unknown	No	nascentes_morimur_finisque_ab_origine_pendet
participant	CTDC-STUDY-977514	CTDC-PARTICIPANT-538954	No	No	No	No	Macte_animo_Generose_puer_sic_itur_ad_astra
participant	CTDC-STUDY-977514	CTDC-PARTICIPANT-236517	Yes	Yes	Yes	Unknown	nascentes_morimur_finisque_ab_origine_pendet
participant	CTDC-STUDY-977514	CTDC-PARTICIPANT-569457	Unknown	Yes	No	Yes	salus_in_arduis
participant	CTDC-STUDY-977514	CTDC-PARTICIPANT-535037	No	No	Yes	No	Obedientia_civium_urbis_felicitas
participant	CTDC-STUDY-977514	CTDC-PARTICIPANT-197469	Unknown	Unknown	No	No	sapiens_qui_prospicit
participant	CTDC-STUDY-977514	CTDC-PARTICIPANT-612804	Yes	No	No	Unknown	damnant_quod_non_intellegunt
participant	CTDC-STUDY-977514	CTDC-PARTICIPANT-885879	Yes	No	No	Unknown	labor_ipse_voluptas
participant	CTDC-STUDY-977514	CTDC-PARTICIPANT-381907	No	Unknown	No	Yes	sapiens_qui_prospicit
participant	CTDC-STUDY-977514	CTDC-PARTICIPANT-942171	Unknown	Yes	No	Unknown	imperium_in_imperio
participant	CTDC-STUDY-977514	CTDC-PARTICIPANT-308600	Yes	Unknown	Yes	Yes	cacatum_non_est_pictum
participant	CTDC-STUDY-977514	CTDC-PARTICIPANT-608046	Unknown	Unknown	Unknown	Yes	imperium_in_imperio
participant	CTDC-STUDY-977514	CTDC-PARTICIPANT-907234	Yes	Yes	Unknown	Unknown	id_quod_plerumque_accidit
participant	CTDC-STUDY-977514	CTDC-PARTICIPANT-607211	Unknown	No	Unknown	Yes	Gallia_est_omnis_divisa_in_partes_tres
participant	CTDC-STUDY-977514	CTDC-PARTICIPANT-415523	Unknown	Yes	No	Yes	pace_tua
participant	CTDC-STUDY-977514	CTDC-PARTICIPANT-320437	Unknown	No	No	Unknown	a_bene_placito
participant	CTDC-STUDY-977514	CTDC-PARTICIPANT-245974	Unknown	Yes	Yes	Yes	scientia_et_labor
participant	CTDC-STUDY-977514	CTDC-PARTICIPANT-784737	Unknown	Yes	Unknown	Yes	e_causa_ignota
participant	CTDC-STUDY-977514	CTDC-PARTICIPANT-128362	Unknown	Unknown	No	Unknown	scientiae_et_patriae
participant	CTDC-STUDY-977514	CTDC-PARTICIPANT-877157	Yes	Yes	Unknown	Yes	nascentes_morimur_finisque_ab_origine_pendet
participant	CTDC-STUDY-977514	CTDC-PARTICIPANT-136884	Unknown	No	No	Yes	Gallia_est_omnis_divisa_in_partes_tres
participant	CTDC-STUDY-977514	CTDC-PARTICIPANT-188851	No	Unknown	No	Unknown	O_Tite_tute_Tati_tibi_tanta_tyranne_tulisti
participant	CTDC-STUDY-977514	CTDC-PARTICIPANT-439928	Unknown	No	Yes	Unknown	O_Tite_tute_Tati_tibi_tanta_tyranne_tulisti
participant	CTDC-STUDY-977514	CTDC-PARTICIPANT-704267	Unknown	Yes	No	No	haec_olim_meminisse_iuvabit
participant	CTDC-STUDY-977514	CTDC-PARTICIPANT-274862	Yes	Unknown	Yes	Unknown	scientiae_cedit_mare
participant	CTDC-STUDY-977514	CTDC-PARTICIPANT-669146	No	Unknown	Yes	No	Macte_animo_Generose_puer_sic_itur_ad_astra
participant	CTDC-STUDY-977514	CTDC-PARTICIPANT-174961	Yes	Yes	No	Unknown	a_bene_placito
participant	CTDC-STUDY-977514	CTDC-PARTICIPANT-957696	Yes	No	No	Yes	e_causa_ignota
participant	CTDC-STUDY-977514	CTDC-PARTICIPANT-811131	Yes	Unknown	No	No	id_quod_plerumque_accidit
participant	CTDC-STUDY-977514	CTDC-PARTICIPANT-377066	No	Unknown	No	Unknown	saltus_in_demonstrando
participant	CTDC-STUDY-977514	CTDC-PARTICIPANT-115266	Yes	Yes	No	Yes	sapiens_qui_prospicit
participant	CTDC-STUDY-977514	CTDC-PARTICIPANT-513568	No	No	No	No	faber_est_suae_quisque_fortunae
participant	CTDC-STUDY-977514	CTDC-PARTICIPANT-943998	Unknown	Unknown	No	Yes	Gallia_est_omnis_divisa_in_partes_tres
