type	participant.participant_id	participant_status_record_id	survival_status	primary_cause_of_death	off_study	off_study_reason	crdc_id
participant_status	CTDC-PARTICIPANT-690294	CTDC-PARTICIPANT-STATUS-769657	ALIVE	faber_est_suae_quisque_fortunae	Yes	NO LONGER CLINICALLY BENEFITING	imperium_in_imperio
participant_status	CTDC-PARTICIPANT-432211	CTDC-PARTICIPANT-STATUS-143035	DEAD	nanos_gigantum_humeris_insidentes	No	LOST TO FOLLOW-UP	a_bene_placito
participant_status	CTDC-PARTICIPANT-156038	CTDC-PARTICIPANT-STATUS-497106	UNKNOWN	scientiae_cedit_mare	No	LOST TO FOLLOW-UP	cacatum_non_est_pictum
participant_status	CTDC-PARTICIPANT-938641	CTDC-PARTICIPANT-STATUS-632889	DEAD	Gallia_est_omnis_divisa_in_partes_tres	No	RECOVERY	id_quod_plerumque_accidit
participant_status	CTDC-PARTICIPANT-947736	CTDC-PARTICIPANT-STATUS-398702	Alive, Disease Status Unknown	a_bene_placito	No	NON-COMPLIANCE WITH STUDY DEVICE	a_bene_placito
participant_status	CTDC-PARTICIPANT-752937	CTDC-PARTICIPANT-STATUS-250512	Alive, Disease Status Unknown	haec_olim_meminisse_iuvabit	Unknown	FAILURE TO MEET RANDOMIZATION CRITERIA	Macte_animo_Generose_puer_sic_itur_ad_astra
participant_status	CTDC-PARTICIPANT-619356	CTDC-PARTICIPANT-STATUS-761917	DEAD	scientiae_et_patriae	Unknown	NO LONGER CLINICALLY BENEFITING	e_causa_ignota
participant_status	CTDC-PARTICIPANT-293969	CTDC-PARTICIPANT-STATUS-488214	Dead	scientia,_aere_perennius	Yes	NON-COMPLIANCE WITH STUDY DEVICE	cacatum_non_est_pictum
participant_status	CTDC-PARTICIPANT-962284	CTDC-PARTICIPANT-STATUS-601997	Dead	labor_ipse_voluptas	Unknown	NON-COMPLIANCE WITH STUDY SCHEDULE	O_Tite_tute_Tati_tibi_tanta_tyranne_tulisti
participant_status	CTDC-PARTICIPANT-316792	CTDC-PARTICIPANT-STATUS-925760	Alive with No Evidence of Disease	damnant_quod_non_intellegunt	Yes	TECHNICAL PROBLEMS	a_bene_placito
participant_status	CTDC-PARTICIPANT-647592	CTDC-PARTICIPANT-STATUS-490329	Alive, Disease Status Unknown	nascentes_morimur_finisque_ab_origine_pendet	No	NON-COMPLIANCE WITH STUDY DEVICE	cacatum_non_est_pictum
participant_status	CTDC-PARTICIPANT-549335	CTDC-PARTICIPANT-STATUS-768700	DEAD	e_causa_ignota	Unknown	RANDOMIZED BY MISTAKE WITHOUT STUDY TREATMENT	damnant_quod_non_intellegunt
participant_status	CTDC-PARTICIPANT-141700	CTDC-PARTICIPANT-STATUS-694294	Alive with No Evidence of Disease	salus_in_arduis	Unknown	RANDOMIZED BY MISTAKE	cacatum_non_est_pictum
participant_status	CTDC-PARTICIPANT-929444	CTDC-PARTICIPANT-STATUS-547081	Alive with No Evidence of Disease	damnant_quod_non_intellegunt	Yes	LACK OF EFFICACY	Obedientia_civium_urbis_felicitas
participant_status	CTDC-PARTICIPANT-216338	CTDC-PARTICIPANT-STATUS-151069	Alive with No Evidence of Disease	saltus_in_demonstrando	Unknown	PHYSICIAN DECISION	faber_est_suae_quisque_fortunae
participant_status	CTDC-PARTICIPANT-830247	CTDC-PARTICIPANT-STATUS-575975	UNKNOWN	barba_crescit_caput_nescit	Unknown	WITHDRAWAL BY PARENT/GUARDIAN	nascentes_morimur_finisque_ab_origine_pendet
participant_status	CTDC-PARTICIPANT-287148	CTDC-PARTICIPANT-STATUS-518070	Alive with No Evidence of Disease	labor_ipse_voluptas	Unknown	NON-COMPLIANCE WITH NON-STUDY DEVICE	haec_olim_meminisse_iuvabit
participant_status	CTDC-PARTICIPANT-264433	CTDC-PARTICIPANT-STATUS-156267	Alive with No Evidence of Disease	scientia_et_sapientia	Yes	WITHDRAWAL OF CONSENT	sapiens_qui_prospicit
participant_status	CTDC-PARTICIPANT-367275	CTDC-PARTICIPANT-STATUS-233216	ALIVE	pace_tua	Unknown	RANDOMIZED BY MISTAKE WITHOUT STUDY TREATMENT	barba_crescit_caput_nescit
participant_status	CTDC-PARTICIPANT-546328	CTDC-PARTICIPANT-STATUS-390742	Alive with Disease	nanos_gigantum_humeris_insidentes	Yes	NON-COMPLIANCE WITH STUDY SCHEDULE	id_quod_plerumque_accidit
participant_status	CTDC-PARTICIPANT-455228	CTDC-PARTICIPANT-STATUS-245754	ALIVE	scientia_imperii_decus_et_tutamen	No	DEATH	Macte_animo_Generose_puer_sic_itur_ad_astra
participant_status	CTDC-PARTICIPANT-701412	CTDC-PARTICIPANT-STATUS-851381	Alive with No Evidence of Disease	Macte_animo_Generose_puer_sic_itur_ad_astra	No	RANDOMIZED BY MISTAKE	haec_olim_meminisse_iuvabit
participant_status	CTDC-PARTICIPANT-168184	CTDC-PARTICIPANT-STATUS-826077	Dead	scientiae_et_patriae	Unknown	SPONSOR REQUEST	Gallia_est_omnis_divisa_in_partes_tres
participant_status	CTDC-PARTICIPANT-406364	CTDC-PARTICIPANT-STATUS-876126	Alive with No Evidence of Disease	imperium_in_imperio	Yes	ADVERSE EVENT	Gallia_est_omnis_divisa_in_partes_tres
participant_status	CTDC-PARTICIPANT-260530	CTDC-PARTICIPANT-STATUS-339290	Dead	imperium_in_imperio	Yes	MET ELIGIBILITY CRITERIA BUT NOT NEEDED	scientia_et_sapientia
participant_status	CTDC-PARTICIPANT-783647	CTDC-PARTICIPANT-STATUS-356735	DEAD	cacatum_non_est_pictum	Unknown	PROTOCOL-SPECIFIED WITHDRAWAL CRITERION MET	faber_est_suae_quisque_fortunae
participant_status	CTDC-PARTICIPANT-896741	CTDC-PARTICIPANT-STATUS-637471	Alive, Disease Status Unknown	pace_tua	Yes	TECHNICAL PROBLEMS	Obedientia_civium_urbis_felicitas
participant_status	CTDC-PARTICIPANT-530795	CTDC-PARTICIPANT-STATUS-646469	UNKNOWN	salus_in_arduis	No	ADVERSE EVENT	nascentes_morimur_finisque_ab_origine_pendet
participant_status	CTDC-PARTICIPANT-969123	CTDC-PARTICIPANT-STATUS-333759	ALIVE	nascentes_morimur_finisque_ab_origine_pendet	Unknown	PROTOCOL VIOLATION	salus_in_arduis
participant_status	CTDC-PARTICIPANT-463201	CTDC-PARTICIPANT-STATUS-214952	Alive with Disease	cacatum_non_est_pictum	Unknown	DEATH	damnant_quod_non_intellegunt
participant_status	CTDC-PARTICIPANT-816850	CTDC-PARTICIPANT-STATUS-768503	ALIVE	barba_crescit_caput_nescit	Yes	RANDOMIZED BY MISTAKE WITH STUDY TREATMENT	Obedientia_civium_urbis_felicitas
participant_status	CTDC-PARTICIPANT-655107	CTDC-PARTICIPANT-STATUS-226730	DEAD	Gallia_est_omnis_divisa_in_partes_tres	Yes	NON-COMPLIANCE WITH STUDY DRUG	scientia,_aere_perennius
participant_status	CTDC-PARTICIPANT-332505	CTDC-PARTICIPANT-STATUS-347944	Alive, Disease Status Unknown	scientia_imperii_decus_et_tutamen	Yes	RANDOMIZED BY MISTAKE	saltus_in_demonstrando
participant_status	CTDC-PARTICIPANT-826428	CTDC-PARTICIPANT-STATUS-603157	Alive, Disease Status Unknown	haec_olim_meminisse_iuvabit	Unknown	NON-COMPLIANCE WITH STUDY SCHEDULE	nanos_gigantum_humeris_insidentes
participant_status	CTDC-PARTICIPANT-682660	CTDC-PARTICIPANT-STATUS-719722	Alive with Disease	labor_ipse_voluptas	No	PHYSICIAN DECISION	salus_in_arduis
participant_status	CTDC-PARTICIPANT-610996	CTDC-PARTICIPANT-STATUS-635093	Dead	cacatum_non_est_pictum	Unknown	TECHNICAL PROBLEMS	sapiens_qui_prospicit
participant_status	CTDC-PARTICIPANT-451667	CTDC-PARTICIPANT-STATUS-205526	Alive with Disease	barba_crescit_caput_nescit	Unknown	NON-COMPLIANCE WITH STUDY SCHEDULE	a_bene_placito
participant_status	CTDC-PARTICIPANT-635583	CTDC-PARTICIPANT-STATUS-125103	Alive, Disease Status Unknown	saltus_in_demonstrando	Unknown	MET ELIGIBILITY CRITERIA BUT NOT NEEDED	Macte_animo_Generose_puer_sic_itur_ad_astra
participant_status	CTDC-PARTICIPANT-257391	CTDC-PARTICIPANT-STATUS-267987	Alive with No Evidence of Disease	nascentes_morimur_finisque_ab_origine_pendet	Unknown	WITHDRAWAL OF ASSENT	O_Tite_tute_Tati_tibi_tanta_tyranne_tulisti
participant_status	CTDC-PARTICIPANT-495012	CTDC-PARTICIPANT-STATUS-550917	DEAD	Macte_animo_Generose_puer_sic_itur_ad_astra	No	SCREEN FAILURE	damnant_quod_non_intellegunt
participant_status	CTDC-PARTICIPANT-315125	CTDC-PARTICIPANT-STATUS-331984	Alive, Disease Status Unknown	e_causa_ignota	No	DEATH	scientia,_aere_perennius
participant_status	CTDC-PARTICIPANT-903728	CTDC-PARTICIPANT-STATUS-792024	Alive with Disease	scientia_et_labor	Yes	REQUIRES PROHIBITED MEDICATION	Macte_animo_Generose_puer_sic_itur_ad_astra
participant_status	CTDC-PARTICIPANT-360350	CTDC-PARTICIPANT-STATUS-919658	Dead	scientiae_et_patriae	Yes	FAILURE TO MEET CONTINUATION CRITERIA	pace_tua
participant_status	CTDC-PARTICIPANT-199105	CTDC-PARTICIPANT-STATUS-404689	ALIVE	scientia,_aere_perennius	No	FAILURE TO MEET RANDOMIZATION CRITERIA	id_quod_plerumque_accidit
participant_status	CTDC-PARTICIPANT-693889	CTDC-PARTICIPANT-STATUS-661539	ALIVE	pace_tua	Yes	NON-COMPLIANCE WITH STUDY SCHEDULE	a_bene_placito
participant_status	CTDC-PARTICIPANT-422822	CTDC-PARTICIPANT-STATUS-772204	ALIVE	salus_in_arduis	Unknown	RANDOMIZED BY MISTAKE WITH STUDY TREATMENT	nascentes_morimur_finisque_ab_origine_pendet
participant_status	CTDC-PARTICIPANT-558535	CTDC-PARTICIPANT-STATUS-852159	ALIVE	scientiae_et_patriae	Yes	DISEASE RELAPSE	Obedientia_civium_urbis_felicitas
participant_status	CTDC-PARTICIPANT-259584	CTDC-PARTICIPANT-STATUS-963121	Alive with No Evidence of Disease	id_quod_plerumque_accidit	No	WITHDRAWAL OF ASSENT	scientia,_aere_perennius
participant_status	CTDC-PARTICIPANT-278169	CTDC-PARTICIPANT-STATUS-561119	Alive with Disease	saltus_in_demonstrando	Unknown	LOST TO FOLLOW-UP	nanos_gigantum_humeris_insidentes
participant_status	CTDC-PARTICIPANT-266713	CTDC-PARTICIPANT-STATUS-451609	Alive, Disease Status Unknown	Macte_animo_Generose_puer_sic_itur_ad_astra	No	TECHNICAL PROBLEMS	haec_olim_meminisse_iuvabit
participant_status	CTDC-PARTICIPANT-218354	CTDC-PARTICIPANT-STATUS-654135	Alive, Disease Status Unknown	pace_tua	Unknown	PREGNANCY	damnant_quod_non_intellegunt
participant_status	CTDC-PARTICIPANT-873942	CTDC-PARTICIPANT-STATUS-148051	Alive, Disease Status Unknown	id_quod_plerumque_accidit	Unknown	PROTOCOL-SPECIFIED WITHDRAWAL CRITERION MET	O_Tite_tute_Tati_tibi_tanta_tyranne_tulisti
participant_status	CTDC-PARTICIPANT-881748	CTDC-PARTICIPANT-STATUS-940500	Alive with No Evidence of Disease	nascentes_morimur_finisque_ab_origine_pendet	No	PREGNANCY	nascentes_morimur_finisque_ab_origine_pendet
participant_status	CTDC-PARTICIPANT-951776	CTDC-PARTICIPANT-STATUS-861533	Alive, Disease Status Unknown	cacatum_non_est_pictum	No	NO LONGER CLINICALLY BENEFITING	e_causa_ignota
participant_status	CTDC-PARTICIPANT-297864	CTDC-PARTICIPANT-STATUS-714788	Alive, Disease Status Unknown	salus_in_arduis	Unknown	REQUIRES PROHIBITED MEDICATION	cacatum_non_est_pictum
participant_status	CTDC-PARTICIPANT-243741	CTDC-PARTICIPANT-STATUS-902909	Alive with Disease	haec_olim_meminisse_iuvabit	Unknown	RECOVERY	Macte_animo_Generose_puer_sic_itur_ad_astra
participant_status	CTDC-PARTICIPANT-911305	CTDC-PARTICIPANT-STATUS-515210	Alive with No Evidence of Disease	e_causa_ignota	No	PROGRESSIVE DISEASE	labor_ipse_voluptas
participant_status	CTDC-PARTICIPANT-883586	CTDC-PARTICIPANT-STATUS-108254	ALIVE	nanos_gigantum_humeris_insidentes	Unknown	SCREEN FAILURE	labor_ipse_voluptas
participant_status	CTDC-PARTICIPANT-677679	CTDC-PARTICIPANT-STATUS-529344	ALIVE	salus_in_arduis	Unknown	APPROVED DRUG AVAILABLE FOR INDICATION	sapiens_qui_prospicit
participant_status	CTDC-PARTICIPANT-135842	CTDC-PARTICIPANT-STATUS-454547	Dead	saltus_in_demonstrando	No	WITHDRAWAL BY SUBJECT	id_quod_plerumque_accidit
participant_status	CTDC-PARTICIPANT-969709	CTDC-PARTICIPANT-STATUS-866231	DEAD	nanos_gigantum_humeris_insidentes	Unknown	WITHDRAWAL OF CONSENT	faber_est_suae_quisque_fortunae
participant_status	CTDC-PARTICIPANT-742659	CTDC-PARTICIPANT-STATUS-396484	DEAD	sapiens_qui_prospicit	Unknown	APPROVED DRUG AVAILABLE FOR INDICATION	saltus_in_demonstrando
participant_status	CTDC-PARTICIPANT-983334	CTDC-PARTICIPANT-STATUS-247440	Dead	haec_olim_meminisse_iuvabit	Yes	WITHDRAWAL OF ASSENT	id_quod_plerumque_accidit
participant_status	CTDC-PARTICIPANT-908214	CTDC-PARTICIPANT-STATUS-807829	Dead	nanos_gigantum_humeris_insidentes	Unknown	RANDOMIZED BY MISTAKE	scientia_et_sapientia
participant_status	CTDC-PARTICIPANT-768467	CTDC-PARTICIPANT-STATUS-143001	UNKNOWN	haec_olim_meminisse_iuvabit	No	SCREEN FAILURE	scientiae_cedit_mare
participant_status	CTDC-PARTICIPANT-395343	CTDC-PARTICIPANT-STATUS-395450	ALIVE	scientia,_aere_perennius	Unknown	SCREENING NOT COMPLETED	nascentes_morimur_finisque_ab_origine_pendet
participant_status	CTDC-PARTICIPANT-927931	CTDC-PARTICIPANT-STATUS-293823	UNKNOWN	Macte_animo_Generose_puer_sic_itur_ad_astra	Yes	DEATH	scientia_et_sapientia
participant_status	CTDC-PARTICIPANT-994388	CTDC-PARTICIPANT-STATUS-922456	ALIVE	salus_in_arduis	Yes	LACK OF EFFICACY	scientiae_cedit_mare
participant_status	CTDC-PARTICIPANT-156187	CTDC-PARTICIPANT-STATUS-716445	ALIVE	imperium_in_imperio	No	PROTOCOL VIOLATION	imperium_in_imperio
participant_status	CTDC-PARTICIPANT-364679	CTDC-PARTICIPANT-STATUS-772448	UNKNOWN	cacatum_non_est_pictum	No	RANDOMIZED BY MISTAKE WITHOUT STUDY TREATMENT	a_bene_placito
participant_status	CTDC-PARTICIPANT-343526	CTDC-PARTICIPANT-STATUS-898146	Alive, Disease Status Unknown	haec_olim_meminisse_iuvabit	Yes	DEATH	sapiens_qui_prospicit
participant_status	CTDC-PARTICIPANT-622616	CTDC-PARTICIPANT-STATUS-398442	Alive, Disease Status Unknown	damnant_quod_non_intellegunt	Unknown	PROTOCOL VIOLATION	cacatum_non_est_pictum
participant_status	CTDC-PARTICIPANT-366302	CTDC-PARTICIPANT-STATUS-445164	UNKNOWN	barba_crescit_caput_nescit	Unknown	DISEASE RELAPSE	salus_in_arduis
participant_status	CTDC-PARTICIPANT-998456	CTDC-PARTICIPANT-STATUS-868701	DEAD	id_quod_plerumque_accidit	Yes	PARTNER PREGNANCY	damnant_quod_non_intellegunt
participant_status	CTDC-PARTICIPANT-804244	CTDC-PARTICIPANT-STATUS-171018	Alive with Disease	scientiae_cedit_mare	Unknown	WITHDRAWAL BY PARENT/GUARDIAN	scientia_imperii_decus_et_tutamen
participant_status	CTDC-PARTICIPANT-887816	CTDC-PARTICIPANT-STATUS-514291	Alive with No Evidence of Disease	scientia,_aere_perennius	Yes	COMPLETED	scientia,_aere_perennius
participant_status	CTDC-PARTICIPANT-103234	CTDC-PARTICIPANT-STATUS-437610	Alive with No Evidence of Disease	id_quod_plerumque_accidit	Yes	WITHDRAWAL BY SUBJECT	sapiens_qui_prospicit
participant_status	CTDC-PARTICIPANT-512674	CTDC-PARTICIPANT-STATUS-534794	Alive, Disease Status Unknown	Gallia_est_omnis_divisa_in_partes_tres	Unknown	PHYSICIAN DECISION	saltus_in_demonstrando
participant_status	CTDC-PARTICIPANT-703955	CTDC-PARTICIPANT-STATUS-905692	ALIVE	faber_est_suae_quisque_fortunae	Unknown	DEATH	barba_crescit_caput_nescit
participant_status	CTDC-PARTICIPANT-885336	CTDC-PARTICIPANT-STATUS-943204	UNKNOWN	scientia,_aere_perennius	Unknown	RANDOMIZED BY MISTAKE WITHOUT STUDY TREATMENT	pace_tua
participant_status	CTDC-PARTICIPANT-179603	CTDC-PARTICIPANT-STATUS-587684	Alive, Disease Status Unknown	id_quod_plerumque_accidit	Unknown	TECHNICAL PROBLEMS	O_Tite_tute_Tati_tibi_tanta_tyranne_tulisti
participant_status	CTDC-PARTICIPANT-435204	CTDC-PARTICIPANT-STATUS-333783	Alive with No Evidence of Disease	nascentes_morimur_finisque_ab_origine_pendet	Yes	WITHDRAWAL OF ASSENT	cacatum_non_est_pictum
participant_status	CTDC-PARTICIPANT-326162	CTDC-PARTICIPANT-STATUS-587347	DEAD	scientiae_cedit_mare	Yes	NO LONGER CLINICALLY BENEFITING	saltus_in_demonstrando
participant_status	CTDC-PARTICIPANT-686631	CTDC-PARTICIPANT-STATUS-261383	Dead	nanos_gigantum_humeris_insidentes	Yes	RANDOMIZED BY MISTAKE WITHOUT STUDY TREATMENT	Macte_animo_Generose_puer_sic_itur_ad_astra
participant_status	CTDC-PARTICIPANT-128155	CTDC-PARTICIPANT-STATUS-698445	UNKNOWN	haec_olim_meminisse_iuvabit	No	SCREEN FAILURE	nascentes_morimur_finisque_ab_origine_pendet
participant_status	CTDC-PARTICIPANT-367772	CTDC-PARTICIPANT-STATUS-876309	Alive with No Evidence of Disease	scientia_imperii_decus_et_tutamen	No	MET ELIGIBILITY CRITERIA BUT NOT NEEDED	haec_olim_meminisse_iuvabit
participant_status	CTDC-PARTICIPANT-416408	CTDC-PARTICIPANT-STATUS-805618	DEAD	faber_est_suae_quisque_fortunae	Yes	SCREENING NOT COMPLETED	Obedientia_civium_urbis_felicitas
participant_status	CTDC-PARTICIPANT-365869	CTDC-PARTICIPANT-STATUS-224819	Alive, Disease Status Unknown	a_bene_placito	No	STUDY TERMINATED BY SPONSOR	cacatum_non_est_pictum
participant_status	CTDC-PARTICIPANT-654610	CTDC-PARTICIPANT-STATUS-648346	Alive with Disease	haec_olim_meminisse_iuvabit	No	WITHDRAWAL BY SUBJECT	scientia,_aere_perennius
participant_status	CTDC-PARTICIPANT-300549	CTDC-PARTICIPANT-STATUS-998026	Alive with No Evidence of Disease	scientia_et_labor	Yes	SITE TERMINATED BY SPONSOR	haec_olim_meminisse_iuvabit
participant_status	CTDC-PARTICIPANT-632807	CTDC-PARTICIPANT-STATUS-730732	Dead	e_causa_ignota	Unknown	FAILURE TO MEET RANDOMIZATION CRITERIA	O_Tite_tute_Tati_tibi_tanta_tyranne_tulisti
participant_status	CTDC-PARTICIPANT-898476	CTDC-PARTICIPANT-STATUS-625653	ALIVE	scientia_et_labor	Yes	LOST TO FOLLOW-UP	scientia_et_sapientia
participant_status	CTDC-PARTICIPANT-276522	CTDC-PARTICIPANT-STATUS-948030	DEAD	scientia_et_labor	No	LOST TO FOLLOW-UP	scientia_et_sapientia
participant_status	CTDC-PARTICIPANT-985685	CTDC-PARTICIPANT-STATUS-774513	UNKNOWN	scientia_et_labor	Yes	WITHDRAWAL BY SUBJECT	salus_in_arduis
participant_status	CTDC-PARTICIPANT-142229	CTDC-PARTICIPANT-STATUS-375459	UNKNOWN	id_quod_plerumque_accidit	Yes	PROTOCOL DEVIATION	imperium_in_imperio
participant_status	CTDC-PARTICIPANT-293557	CTDC-PARTICIPANT-STATUS-757530	UNKNOWN	scientia_et_labor	Unknown	FAILURE TO MEET RANDOMIZATION CRITERIA	pace_tua
participant_status	CTDC-PARTICIPANT-380634	CTDC-PARTICIPANT-STATUS-984709	Alive with No Evidence of Disease	salus_in_arduis	Yes	REQUIRES PROHIBITED MEDICATION	sapiens_qui_prospicit
participant_status	CTDC-PARTICIPANT-544681	CTDC-PARTICIPANT-STATUS-755164	Alive with No Evidence of Disease	scientiae_et_patriae	Unknown	DISEASE RELAPSE	nanos_gigantum_humeris_insidentes
participant_status	CTDC-PARTICIPANT-283258	CTDC-PARTICIPANT-STATUS-417754	Dead	haec_olim_meminisse_iuvabit	No	NON-COMPLIANCE WITH STUDY DRUG	a_bene_placito
participant_status	CTDC-PARTICIPANT-722428	CTDC-PARTICIPANT-STATUS-462870	Alive with No Evidence of Disease	faber_est_suae_quisque_fortunae	Yes	NON-COMPLIANCE WITH STUDY DRUG	id_quod_plerumque_accidit
participant_status	CTDC-PARTICIPANT-803065	CTDC-PARTICIPANT-STATUS-913426	ALIVE	nascentes_morimur_finisque_ab_origine_pendet	Unknown	NON-COMPLIANCE WITH NON-STUDY DEVICE	sapiens_qui_prospicit
participant_status	CTDC-PARTICIPANT-550111	CTDC-PARTICIPANT-STATUS-588987	Alive, Disease Status Unknown	scientia_imperii_decus_et_tutamen	No	MET ELIGIBILITY CRITERIA BUT NOT NEEDED	barba_crescit_caput_nescit
participant_status	CTDC-PARTICIPANT-401372	CTDC-PARTICIPANT-STATUS-105481	UNKNOWN	salus_in_arduis	Yes	NON-COMPLIANCE WITH STUDY DEVICE	id_quod_plerumque_accidit
participant_status	CTDC-PARTICIPANT-209591	CTDC-PARTICIPANT-STATUS-882466	ALIVE	pace_tua	No	NON-COMPLIANCE WITH NON-STUDY DEVICE	scientia_et_labor
participant_status	CTDC-PARTICIPANT-511714	CTDC-PARTICIPANT-STATUS-437624	Alive with Disease	pace_tua	Unknown	TECHNICAL PROBLEMS	e_causa_ignota
participant_status	CTDC-PARTICIPANT-111632	CTDC-PARTICIPANT-STATUS-679052	Alive with Disease	sapiens_qui_prospicit	Unknown	DEATH	cacatum_non_est_pictum
participant_status	CTDC-PARTICIPANT-737735	CTDC-PARTICIPANT-STATUS-883224	DEAD	barba_crescit_caput_nescit	Unknown	SCREEN FAILURE	a_bene_placito
participant_status	CTDC-PARTICIPANT-831722	CTDC-PARTICIPANT-STATUS-495061	UNKNOWN	sapiens_qui_prospicit	Yes	PROTOCOL VIOLATION	a_bene_placito
participant_status	CTDC-PARTICIPANT-192370	CTDC-PARTICIPANT-STATUS-429082	Alive with No Evidence of Disease	Macte_animo_Generose_puer_sic_itur_ad_astra	Yes	DEATH	nanos_gigantum_humeris_insidentes
participant_status	CTDC-PARTICIPANT-539739	CTDC-PARTICIPANT-STATUS-921443	Dead	saltus_in_demonstrando	No	APPROVED DRUG AVAILABLE FOR INDICATION	barba_crescit_caput_nescit
participant_status	CTDC-PARTICIPANT-402131	CTDC-PARTICIPANT-STATUS-366692	UNKNOWN	damnant_quod_non_intellegunt	Yes	LOST TO FOLLOW-UP	scientia_imperii_decus_et_tutamen
participant_status	CTDC-PARTICIPANT-306628	CTDC-PARTICIPANT-STATUS-903607	Alive with Disease	scientia,_aere_perennius	Yes	NON-COMPLIANCE WITH NON-STUDY DEVICE	id_quod_plerumque_accidit
participant_status	CTDC-PARTICIPANT-601551	CTDC-PARTICIPANT-STATUS-477241	Alive with No Evidence of Disease	Macte_animo_Generose_puer_sic_itur_ad_astra	Yes	REQUIRES PROHIBITED MEDICATION	barba_crescit_caput_nescit
participant_status	CTDC-PARTICIPANT-617839	CTDC-PARTICIPANT-STATUS-498831	Dead	scientia_et_sapientia	No	PREGNANCY	labor_ipse_voluptas
participant_status	CTDC-PARTICIPANT-878648	CTDC-PARTICIPANT-STATUS-583445	Alive with No Evidence of Disease	barba_crescit_caput_nescit	No	PROGRESSIVE DISEASE	pace_tua
participant_status	CTDC-PARTICIPANT-527815	CTDC-PARTICIPANT-STATUS-159314	DEAD	pace_tua	Yes	NON-COMPLIANCE WITH STUDY DRUG	barba_crescit_caput_nescit
participant_status	CTDC-PARTICIPANT-861878	CTDC-PARTICIPANT-STATUS-302158	ALIVE	Macte_animo_Generose_puer_sic_itur_ad_astra	No	RANDOMIZED BY MISTAKE WITHOUT STUDY TREATMENT	scientia_et_sapientia
participant_status	CTDC-PARTICIPANT-911077	CTDC-PARTICIPANT-STATUS-936689	DEAD	sapiens_qui_prospicit	Unknown	OTHER	nascentes_morimur_finisque_ab_origine_pendet
participant_status	CTDC-PARTICIPANT-538954	CTDC-PARTICIPANT-STATUS-712441	Alive with Disease	id_quod_plerumque_accidit	No	DEATH	pace_tua
participant_status	CTDC-PARTICIPANT-236517	CTDC-PARTICIPANT-STATUS-675356	Dead	id_quod_plerumque_accidit	Yes	TECHNICAL PROBLEMS	labor_ipse_voluptas
participant_status	CTDC-PARTICIPANT-569457	CTDC-PARTICIPANT-STATUS-963709	ALIVE	O_Tite_tute_Tati_tibi_tanta_tyranne_tulisti	Yes	WITHDRAWAL OF ASSENT	e_causa_ignota
participant_status	CTDC-PARTICIPANT-535037	CTDC-PARTICIPANT-STATUS-336197	Alive, Disease Status Unknown	pace_tua	No	PROTOCOL VIOLATION	scientiae_et_patriae
participant_status	CTDC-PARTICIPANT-197469	CTDC-PARTICIPANT-STATUS-671571	Alive with Disease	scientiae_et_patriae	No	NO LONGER CLINICALLY BENEFITING	Gallia_est_omnis_divisa_in_partes_tres
participant_status	CTDC-PARTICIPANT-612804	CTDC-PARTICIPANT-STATUS-190639	DEAD	barba_crescit_caput_nescit	No	STUDY TERMINATED BY SPONSOR	e_causa_ignota
participant_status	CTDC-PARTICIPANT-885879	CTDC-PARTICIPANT-STATUS-293342	Alive with No Evidence of Disease	saltus_in_demonstrando	Unknown	PARTNER PREGNANCY	Gallia_est_omnis_divisa_in_partes_tres
participant_status	CTDC-PARTICIPANT-381907	CTDC-PARTICIPANT-STATUS-458170	Alive with No Evidence of Disease	id_quod_plerumque_accidit	Unknown	PROGRESSIVE DISEASE	O_Tite_tute_Tati_tibi_tanta_tyranne_tulisti
participant_status	CTDC-PARTICIPANT-942171	CTDC-PARTICIPANT-STATUS-646546	DEAD	scientia_et_labor	Yes	WITHDRAWAL BY SUBJECT	saltus_in_demonstrando
participant_status	CTDC-PARTICIPANT-308600	CTDC-PARTICIPANT-STATUS-341866	Alive, Disease Status Unknown	sapiens_qui_prospicit	No	APPROVED DRUG AVAILABLE FOR INDICATION	scientiae_et_patriae
participant_status	CTDC-PARTICIPANT-608046	CTDC-PARTICIPANT-STATUS-728630	DEAD	e_causa_ignota	No	FAILURE TO MEET CONTINUATION CRITERIA	id_quod_plerumque_accidit
participant_status	CTDC-PARTICIPANT-907234	CTDC-PARTICIPANT-STATUS-578221	Dead	labor_ipse_voluptas	Unknown	RANDOMIZED BY MISTAKE WITH STUDY TREATMENT	imperium_in_imperio
participant_status	CTDC-PARTICIPANT-607211	CTDC-PARTICIPANT-STATUS-694145	Alive with No Evidence of Disease	scientiae_et_patriae	No	DEATH	imperium_in_imperio
participant_status	CTDC-PARTICIPANT-415523	CTDC-PARTICIPANT-STATUS-831084	Alive with Disease	pace_tua	No	RECOVERY	O_Tite_tute_Tati_tibi_tanta_tyranne_tulisti
participant_status	CTDC-PARTICIPANT-320437	CTDC-PARTICIPANT-STATUS-484184	Alive, Disease Status Unknown	scientia_et_sapientia	Yes	PROTOCOL-SPECIFIED WITHDRAWAL CRITERION MET	scientiae_cedit_mare
participant_status	CTDC-PARTICIPANT-245974	CTDC-PARTICIPANT-STATUS-991344	UNKNOWN	labor_ipse_voluptas	Unknown	SITE TERMINATED BY SPONSOR	a_bene_placito
participant_status	CTDC-PARTICIPANT-784737	CTDC-PARTICIPANT-STATUS-342360	Alive, Disease Status Unknown	scientiae_cedit_mare	Unknown	REQUIRES PROHIBITED MEDICATION	id_quod_plerumque_accidit
participant_status	CTDC-PARTICIPANT-128362	CTDC-PARTICIPANT-STATUS-349185	Alive, Disease Status Unknown	nanos_gigantum_humeris_insidentes	Yes	SCREENING NOT COMPLETED	scientia_imperii_decus_et_tutamen
participant_status	CTDC-PARTICIPANT-877157	CTDC-PARTICIPANT-STATUS-365381	Alive with Disease	id_quod_plerumque_accidit	No	OTHER	labor_ipse_voluptas
participant_status	CTDC-PARTICIPANT-136884	CTDC-PARTICIPANT-STATUS-772892	UNKNOWN	scientia_et_sapientia	Unknown	LACK OF EFFICACY	scientiae_et_patriae
participant_status	CTDC-PARTICIPANT-188851	CTDC-PARTICIPANT-STATUS-457596	DEAD	scientia,_aere_perennius	Unknown	WITHDRAWAL OF ASSENT	O_Tite_tute_Tati_tibi_tanta_tyranne_tulisti
participant_status	CTDC-PARTICIPANT-439928	CTDC-PARTICIPANT-STATUS-926785	DEAD	scientiae_cedit_mare	Yes	RANDOMIZED BY MISTAKE	id_quod_plerumque_accidit
participant_status	CTDC-PARTICIPANT-704267	CTDC-PARTICIPANT-STATUS-474310	Alive, Disease Status Unknown	O_Tite_tute_Tati_tibi_tanta_tyranne_tulisti	No	SPONSOR REQUEST	scientiae_et_patriae
participant_status	CTDC-PARTICIPANT-274862	CTDC-PARTICIPANT-STATUS-101627	UNKNOWN	cacatum_non_est_pictum	No	PARTNER PREGNANCY	nascentes_morimur_finisque_ab_origine_pendet
participant_status	CTDC-PARTICIPANT-669146	CTDC-PARTICIPANT-STATUS-679271	UNKNOWN	scientia_imperii_decus_et_tutamen	Unknown	RECOVERY	labor_ipse_voluptas
participant_status	CTDC-PARTICIPANT-174961	CTDC-PARTICIPANT-STATUS-427273	Dead	scientiae_et_patriae	No	ADVERSE EVENT	faber_est_suae_quisque_fortunae
participant_status	CTDC-PARTICIPANT-957696	CTDC-PARTICIPANT-STATUS-126847	Dead	scientia,_aere_perennius	No	OTHER	a_bene_placito
participant_status	CTDC-PARTICIPANT-811131	CTDC-PARTICIPANT-STATUS-306445	DEAD	Macte_animo_Generose_puer_sic_itur_ad_astra	Unknown	LOST TO FOLLOW-UP	sapiens_qui_prospicit
participant_status	CTDC-PARTICIPANT-377066	CTDC-PARTICIPANT-STATUS-395034	ALIVE	cacatum_non_est_pictum	Yes	RANDOMIZED BY MISTAKE WITH STUDY TREATMENT	e_causa_ignota
participant_status	CTDC-PARTICIPANT-115266	CTDC-PARTICIPANT-STATUS-244473	Alive with Disease	scientia,_aere_perennius	No	DEATH	Gallia_est_omnis_divisa_in_partes_tres
participant_status	CTDC-PARTICIPANT-513568	CTDC-PARTICIPANT-STATUS-868996	Dead	scientiae_et_patriae	No	PREGNANCY	O_Tite_tute_Tati_tibi_tanta_tyranne_tulisti
participant_status	CTDC-PARTICIPANT-943998	CTDC-PARTICIPANT-STATUS-912118	Alive with Disease	pace_tua	Yes	MET ELIGIBILITY CRITERIA BUT NOT NEEDED	Gallia_est_omnis_divisa_in_partes_tres
