type	study.study_short_name	person_record_id	person_first_name	person_last_name	person_middle_name	person_orcid	crdc_id
principal_investigator	CTDC-STUDY-595791	CTDC-PRINCIPAL-INVESTIGATOR-865602	labor_ipse_voluptas	scientia_imperii_decus_et_tutamen	Gallia_est_omnis_divisa_in_partes_tres	Gallia_est_omnis_divisa_in_partes_tres	labor_ipse_voluptas
principal_investigator	CTDC-STUDY-595791	CTDC-PRINCIPAL-INVESTIGATOR-975435	damnant_quod_non_intellegunt	scientia_imperii_decus_et_tutamen	saltus_in_demonstrando	scientia_et_labor	damnant_quod_non_intellegunt
principal_investigator	CTDC-STUDY-595791	CTDC-PRINCIPAL-INVESTIGATOR-424710	Macte_animo_Generose_puer_sic_itur_ad_astra	labor_ipse_voluptas	scientia_et_labor	a_bene_placito	Obedientia_civium_urbis_felicitas
principal_investigator	CTDC-STUDY-595791	CTDC-PRINCIPAL-INVESTIGATOR-363521	barba_crescit_caput_nescit	scientia_et_labor	scientiae_et_patriae	Obedientia_civium_urbis_felicitas	e_causa_ignota
principal_investigator	CTDC-STUDY-595791	CTDC-PRINCIPAL-INVESTIGATOR-643147	damnant_quod_non_intellegunt	scientia_et_labor	scientia_et_sapientia	O_Tite_tute_Tati_tibi_tanta_tyranne_tulisti	cacatum_non_est_pictum
principal_investigator	CTDC-STUDY-595791	CTDC-PRINCIPAL-INVESTIGATOR-406865	saltus_in_demonstrando	scientiae_et_patriae	cacatum_non_est_pictum	Gallia_est_omnis_divisa_in_partes_tres	saltus_in_demonstrando
principal_investigator	CTDC-STUDY-595791	CTDC-PRINCIPAL-INVESTIGATOR-922586	Macte_animo_Generose_puer_sic_itur_ad_astra	id_quod_plerumque_accidit	imperium_in_imperio	labor_ipse_voluptas	scientiae_cedit_mare
principal_investigator	CTDC-STUDY-595791	CTDC-PRINCIPAL-INVESTIGATOR-987789	e_causa_ignota	salus_in_arduis	Macte_animo_Generose_puer_sic_itur_ad_astra	saltus_in_demonstrando	pace_tua
