type	participant.participant_id	radiological_procedure_record_id	radiological_procedure	radiological_procedure_anatomical_location	radiation_dose	radiation_dose_units	radiation_frequency	radiation_extent	radiotherapy_start_date	radiotherapy_end_date	best_response_to_radiotherapy	crdc_id
radiotherapy	CTDC-PARTICIPANT-690294	CTDC-RADIOTHERAPY-598429	sapiens_qui_prospicit	a_bene_placito	saltus_in_demonstrando	Gallia_est_omnis_divisa_in_partes_tres	barba_crescit_caput_nescit	scientia,_aere_perennius	647	98	Not Assessed	Gallia_est_omnis_divisa_in_partes_tres
radiotherapy	CTDC-PARTICIPANT-690294	CTDC-RADIOTHERAPY-993343	damnant_quod_non_intellegunt	O_Tite_tute_Tati_tibi_tanta_tyranne_tulisti	scientia_et_sapientia	faber_est_suae_quisque_fortunae	Gallia_est_omnis_divisa_in_partes_tres	nanos_gigantum_humeris_insidentes	49	94	Stable Disease	Macte_animo_Generose_puer_sic_itur_ad_astra
radiotherapy	CTDC-PARTICIPANT-432211	CTDC-RADIOTHERAPY-890063	salus_in_arduis	scientiae_cedit_mare	imperium_in_imperio	scientiae_cedit_mare	nanos_gigantum_humeris_insidentes	damnant_quod_non_intellegunt	729	484	Progressive Disease	sapiens_qui_prospicit
radiotherapy	CTDC-PARTICIPANT-432211	CTDC-RADIOTHERAPY-410576	scientiae_et_patriae	Gallia_est_omnis_divisa_in_partes_tres	scientiae_et_patriae	id_quod_plerumque_accidit	scientiae_cedit_mare	salus_in_arduis	77	174	Unknown	Obedientia_civium_urbis_felicitas
radiotherapy	CTDC-PARTICIPANT-156038	CTDC-RADIOTHERAPY-798246	Macte_animo_Generose_puer_sic_itur_ad_astra	scientia,_aere_perennius	scientia_imperii_decus_et_tutamen	scientia_imperii_decus_et_tutamen	scientia_et_sapientia	damnant_quod_non_intellegunt	503	894	Not Evaluable	scientia_et_sapientia
radiotherapy	CTDC-PARTICIPANT-156038	CTDC-RADIOTHERAPY-129526	scientia_et_labor	scientiae_cedit_mare	Macte_animo_Generose_puer_sic_itur_ad_astra	e_causa_ignota	pace_tua	barba_crescit_caput_nescit	538	194	Partial Response	cacatum_non_est_pictum
radiotherapy	CTDC-PARTICIPANT-938641	CTDC-RADIOTHERAPY-341536	Obedientia_civium_urbis_felicitas	scientia_et_labor	Macte_animo_Generose_puer_sic_itur_ad_astra	nanos_gigantum_humeris_insidentes	barba_crescit_caput_nescit	nanos_gigantum_humeris_insidentes	850	412	Less than partial response	a_bene_placito
radiotherapy	CTDC-PARTICIPANT-938641	CTDC-RADIOTHERAPY-651017	scientia,_aere_perennius	id_quod_plerumque_accidit	a_bene_placito	O_Tite_tute_Tati_tibi_tanta_tyranne_tulisti	a_bene_placito	imperium_in_imperio	227	973	Stable Disease	haec_olim_meminisse_iuvabit
radiotherapy	CTDC-PARTICIPANT-947736	CTDC-RADIOTHERAPY-958443	Gallia_est_omnis_divisa_in_partes_tres	a_bene_placito	scientia_et_labor	scientia_et_labor	scientia,_aere_perennius	scientiae_et_patriae	542	216	Not Assessed	imperium_in_imperio
radiotherapy	CTDC-PARTICIPANT-947736	CTDC-RADIOTHERAPY-123973	cacatum_non_est_pictum	haec_olim_meminisse_iuvabit	saltus_in_demonstrando	faber_est_suae_quisque_fortunae	labor_ipse_voluptas	Gallia_est_omnis_divisa_in_partes_tres	467	970	Stable Disease	pace_tua
radiotherapy	CTDC-PARTICIPANT-752937	CTDC-RADIOTHERAPY-125227	scientia_imperii_decus_et_tutamen	damnant_quod_non_intellegunt	scientia_et_sapientia	scientiae_cedit_mare	scientia,_aere_perennius	haec_olim_meminisse_iuvabit	114	574	Not Assessed	scientiae_et_patriae
radiotherapy	CTDC-PARTICIPANT-752937	CTDC-RADIOTHERAPY-112783	scientiae_cedit_mare	id_quod_plerumque_accidit	faber_est_suae_quisque_fortunae	pace_tua	haec_olim_meminisse_iuvabit	a_bene_placito	285	277	Too Early	scientia_imperii_decus_et_tutamen
radiotherapy	CTDC-PARTICIPANT-619356	CTDC-RADIOTHERAPY-436471	cacatum_non_est_pictum	haec_olim_meminisse_iuvabit	pace_tua	barba_crescit_caput_nescit	scientiae_cedit_mare	barba_crescit_caput_nescit	639	14	Partial Response	imperium_in_imperio
radiotherapy	CTDC-PARTICIPANT-619356	CTDC-RADIOTHERAPY-351532	nanos_gigantum_humeris_insidentes	labor_ipse_voluptas	id_quod_plerumque_accidit	id_quod_plerumque_accidit	scientia_et_labor	cacatum_non_est_pictum	634	864	Partial Response	imperium_in_imperio
radiotherapy	CTDC-PARTICIPANT-293969	CTDC-RADIOTHERAPY-355153	a_bene_placito	salus_in_arduis	Gallia_est_omnis_divisa_in_partes_tres	scientiae_cedit_mare	scientiae_cedit_mare	pace_tua	531	439	Stable Disease	labor_ipse_voluptas
radiotherapy	CTDC-PARTICIPANT-293969	CTDC-RADIOTHERAPY-149969	pace_tua	saltus_in_demonstrando	scientia_et_labor	scientia_imperii_decus_et_tutamen	Obedientia_civium_urbis_felicitas	scientia_et_sapientia	662	634	Unknown	cacatum_non_est_pictum
radiotherapy	CTDC-PARTICIPANT-962284	CTDC-RADIOTHERAPY-267774	scientia_et_labor	scientia_et_labor	a_bene_placito	id_quod_plerumque_accidit	nanos_gigantum_humeris_insidentes	scientiae_cedit_mare	79	328	Less than partial response	a_bene_placito
radiotherapy	CTDC-PARTICIPANT-962284	CTDC-RADIOTHERAPY-433628	faber_est_suae_quisque_fortunae	cacatum_non_est_pictum	salus_in_arduis	Gallia_est_omnis_divisa_in_partes_tres	Gallia_est_omnis_divisa_in_partes_tres	saltus_in_demonstrando	735	359	Not Assessed	faber_est_suae_quisque_fortunae
radiotherapy	CTDC-PARTICIPANT-316792	CTDC-RADIOTHERAPY-561321	cacatum_non_est_pictum	saltus_in_demonstrando	scientia_imperii_decus_et_tutamen	sapiens_qui_prospicit	nascentes_morimur_finisque_ab_origine_pendet	damnant_quod_non_intellegunt	548	352	Stable Disease	haec_olim_meminisse_iuvabit
radiotherapy	CTDC-PARTICIPANT-316792	CTDC-RADIOTHERAPY-172984	O_Tite_tute_Tati_tibi_tanta_tyranne_tulisti	scientia_et_sapientia	scientia_et_sapientia	scientia_et_labor	saltus_in_demonstrando	sapiens_qui_prospicit	310	235	Partial Response	Macte_animo_Generose_puer_sic_itur_ad_astra
radiotherapy	CTDC-PARTICIPANT-647592	CTDC-RADIOTHERAPY-624432	scientia_et_labor	faber_est_suae_quisque_fortunae	damnant_quod_non_intellegunt	scientiae_cedit_mare	scientia_et_sapientia	faber_est_suae_quisque_fortunae	406	294	Too Early	nanos_gigantum_humeris_insidentes
radiotherapy	CTDC-PARTICIPANT-647592	CTDC-RADIOTHERAPY-204339	cacatum_non_est_pictum	nascentes_morimur_finisque_ab_origine_pendet	scientia_et_sapientia	salus_in_arduis	Gallia_est_omnis_divisa_in_partes_tres	a_bene_placito	232	431	Too Early	Macte_animo_Generose_puer_sic_itur_ad_astra
radiotherapy	CTDC-PARTICIPANT-549335	CTDC-RADIOTHERAPY-799143	O_Tite_tute_Tati_tibi_tanta_tyranne_tulisti	scientia_imperii_decus_et_tutamen	scientia,_aere_perennius	nascentes_morimur_finisque_ab_origine_pendet	imperium_in_imperio	pace_tua	233	66	Not Evaluable	cacatum_non_est_pictum
radiotherapy	CTDC-PARTICIPANT-549335	CTDC-RADIOTHERAPY-863048	a_bene_placito	scientia_et_labor	cacatum_non_est_pictum	salus_in_arduis	saltus_in_demonstrando	labor_ipse_voluptas	462	990	Progressive Disease	scientia,_aere_perennius
radiotherapy	CTDC-PARTICIPANT-141700	CTDC-RADIOTHERAPY-434571	sapiens_qui_prospicit	Obedientia_civium_urbis_felicitas	damnant_quod_non_intellegunt	cacatum_non_est_pictum	cacatum_non_est_pictum	id_quod_plerumque_accidit	484	590	Too Early	salus_in_arduis
radiotherapy	CTDC-PARTICIPANT-141700	CTDC-RADIOTHERAPY-143893	a_bene_placito	sapiens_qui_prospicit	scientia_et_sapientia	scientia_imperii_decus_et_tutamen	faber_est_suae_quisque_fortunae	a_bene_placito	897	683	Unknown	O_Tite_tute_Tati_tibi_tanta_tyranne_tulisti
radiotherapy	CTDC-PARTICIPANT-929444	CTDC-RADIOTHERAPY-218838	imperium_in_imperio	imperium_in_imperio	imperium_in_imperio	labor_ipse_voluptas	scientia_imperii_decus_et_tutamen	scientia_et_labor	995	102	Too Early	faber_est_suae_quisque_fortunae
radiotherapy	CTDC-PARTICIPANT-929444	CTDC-RADIOTHERAPY-571305	O_Tite_tute_Tati_tibi_tanta_tyranne_tulisti	scientiae_cedit_mare	id_quod_plerumque_accidit	saltus_in_demonstrando	imperium_in_imperio	scientia,_aere_perennius	227	21	Unknown	Macte_animo_Generose_puer_sic_itur_ad_astra
radiotherapy	CTDC-PARTICIPANT-216338	CTDC-RADIOTHERAPY-704190	scientia,_aere_perennius	saltus_in_demonstrando	nascentes_morimur_finisque_ab_origine_pendet	sapiens_qui_prospicit	O_Tite_tute_Tati_tibi_tanta_tyranne_tulisti	nascentes_morimur_finisque_ab_origine_pendet	259	642	Progressive Disease	imperium_in_imperio
radiotherapy	CTDC-PARTICIPANT-216338	CTDC-RADIOTHERAPY-946848	salus_in_arduis	Macte_animo_Generose_puer_sic_itur_ad_astra	saltus_in_demonstrando	scientiae_cedit_mare	e_causa_ignota	scientiae_cedit_mare	552	183	Stable Disease	haec_olim_meminisse_iuvabit
radiotherapy	CTDC-PARTICIPANT-830247	CTDC-RADIOTHERAPY-227056	e_causa_ignota	scientia,_aere_perennius	Macte_animo_Generose_puer_sic_itur_ad_astra	salus_in_arduis	Macte_animo_Generose_puer_sic_itur_ad_astra	e_causa_ignota	378	697	Too Early	scientiae_et_patriae
radiotherapy	CTDC-PARTICIPANT-830247	CTDC-RADIOTHERAPY-116522	scientia,_aere_perennius	O_Tite_tute_Tati_tibi_tanta_tyranne_tulisti	haec_olim_meminisse_iuvabit	scientia,_aere_perennius	scientia_et_labor	pace_tua	692	921	Not Assessed	salus_in_arduis
radiotherapy	CTDC-PARTICIPANT-287148	CTDC-RADIOTHERAPY-179870	saltus_in_demonstrando	scientiae_cedit_mare	haec_olim_meminisse_iuvabit	nascentes_morimur_finisque_ab_origine_pendet	O_Tite_tute_Tati_tibi_tanta_tyranne_tulisti	scientia_et_sapientia	744	746	Progressive Disease	pace_tua
radiotherapy	CTDC-PARTICIPANT-287148	CTDC-RADIOTHERAPY-761422	O_Tite_tute_Tati_tibi_tanta_tyranne_tulisti	e_causa_ignota	salus_in_arduis	damnant_quod_non_intellegunt	cacatum_non_est_pictum	barba_crescit_caput_nescit	439	474	Complete Response	scientia_et_labor
radiotherapy	CTDC-PARTICIPANT-264433	CTDC-RADIOTHERAPY-139497	a_bene_placito	nascentes_morimur_finisque_ab_origine_pendet	labor_ipse_voluptas	scientiae_cedit_mare	scientia_et_sapientia	haec_olim_meminisse_iuvabit	857	794	Too Early	labor_ipse_voluptas
radiotherapy	CTDC-PARTICIPANT-264433	CTDC-RADIOTHERAPY-972658	nascentes_morimur_finisque_ab_origine_pendet	faber_est_suae_quisque_fortunae	cacatum_non_est_pictum	sapiens_qui_prospicit	scientia,_aere_perennius	damnant_quod_non_intellegunt	290	958	Too Early	Macte_animo_Generose_puer_sic_itur_ad_astra
radiotherapy	CTDC-PARTICIPANT-367275	CTDC-RADIOTHERAPY-884652	damnant_quod_non_intellegunt	cacatum_non_est_pictum	haec_olim_meminisse_iuvabit	pace_tua	imperium_in_imperio	a_bene_placito	703	776	Complete Response	scientia_imperii_decus_et_tutamen
radiotherapy	CTDC-PARTICIPANT-367275	CTDC-RADIOTHERAPY-204104	a_bene_placito	salus_in_arduis	salus_in_arduis	labor_ipse_voluptas	id_quod_plerumque_accidit	scientia_et_sapientia	280	97	Too Early	Gallia_est_omnis_divisa_in_partes_tres
radiotherapy	CTDC-PARTICIPANT-546328	CTDC-RADIOTHERAPY-706508	haec_olim_meminisse_iuvabit	scientia,_aere_perennius	scientiae_cedit_mare	faber_est_suae_quisque_fortunae	pace_tua	imperium_in_imperio	844	301	Progressive Disease	haec_olim_meminisse_iuvabit
radiotherapy	CTDC-PARTICIPANT-546328	CTDC-RADIOTHERAPY-107940	damnant_quod_non_intellegunt	nanos_gigantum_humeris_insidentes	Obedientia_civium_urbis_felicitas	Gallia_est_omnis_divisa_in_partes_tres	scientia_et_sapientia	imperium_in_imperio	755	575	Not Evaluable	Obedientia_civium_urbis_felicitas
radiotherapy	CTDC-PARTICIPANT-455228	CTDC-RADIOTHERAPY-270087	id_quod_plerumque_accidit	nanos_gigantum_humeris_insidentes	labor_ipse_voluptas	damnant_quod_non_intellegunt	scientia,_aere_perennius	nanos_gigantum_humeris_insidentes	873	734	Not Evaluable	haec_olim_meminisse_iuvabit
radiotherapy	CTDC-PARTICIPANT-455228	CTDC-RADIOTHERAPY-708436	imperium_in_imperio	haec_olim_meminisse_iuvabit	Obedientia_civium_urbis_felicitas	O_Tite_tute_Tati_tibi_tanta_tyranne_tulisti	Obedientia_civium_urbis_felicitas	saltus_in_demonstrando	514	955	Less than partial response	faber_est_suae_quisque_fortunae
radiotherapy	CTDC-PARTICIPANT-701412	CTDC-RADIOTHERAPY-967500	salus_in_arduis	sapiens_qui_prospicit	scientia_imperii_decus_et_tutamen	scientia,_aere_perennius	nascentes_morimur_finisque_ab_origine_pendet	damnant_quod_non_intellegunt	796	524	Stable Disease	id_quod_plerumque_accidit
radiotherapy	CTDC-PARTICIPANT-701412	CTDC-RADIOTHERAPY-386989	barba_crescit_caput_nescit	Obedientia_civium_urbis_felicitas	sapiens_qui_prospicit	faber_est_suae_quisque_fortunae	faber_est_suae_quisque_fortunae	salus_in_arduis	703	331	Partial Response	id_quod_plerumque_accidit
radiotherapy	CTDC-PARTICIPANT-168184	CTDC-RADIOTHERAPY-391365	cacatum_non_est_pictum	imperium_in_imperio	scientia_et_sapientia	id_quod_plerumque_accidit	Gallia_est_omnis_divisa_in_partes_tres	nanos_gigantum_humeris_insidentes	651	146	Unknown	Macte_animo_Generose_puer_sic_itur_ad_astra
radiotherapy	CTDC-PARTICIPANT-168184	CTDC-RADIOTHERAPY-725951	nascentes_morimur_finisque_ab_origine_pendet	cacatum_non_est_pictum	a_bene_placito	damnant_quod_non_intellegunt	saltus_in_demonstrando	id_quod_plerumque_accidit	684	367	Complete Response	Gallia_est_omnis_divisa_in_partes_tres
radiotherapy	CTDC-PARTICIPANT-406364	CTDC-RADIOTHERAPY-951050	scientia_et_labor	O_Tite_tute_Tati_tibi_tanta_tyranne_tulisti	scientia_imperii_decus_et_tutamen	scientia_imperii_decus_et_tutamen	damnant_quod_non_intellegunt	sapiens_qui_prospicit	729	670	Too Early	Gallia_est_omnis_divisa_in_partes_tres
radiotherapy	CTDC-PARTICIPANT-406364	CTDC-RADIOTHERAPY-971068	nascentes_morimur_finisque_ab_origine_pendet	scientia,_aere_perennius	haec_olim_meminisse_iuvabit	cacatum_non_est_pictum	pace_tua	Obedientia_civium_urbis_felicitas	872	613	Too Early	a_bene_placito
radiotherapy	CTDC-PARTICIPANT-260530	CTDC-RADIOTHERAPY-507339	damnant_quod_non_intellegunt	nascentes_morimur_finisque_ab_origine_pendet	a_bene_placito	Macte_animo_Generose_puer_sic_itur_ad_astra	saltus_in_demonstrando	labor_ipse_voluptas	733	637	Not Assessed	a_bene_placito
radiotherapy	CTDC-PARTICIPANT-260530	CTDC-RADIOTHERAPY-951761	a_bene_placito	a_bene_placito	O_Tite_tute_Tati_tibi_tanta_tyranne_tulisti	sapiens_qui_prospicit	nanos_gigantum_humeris_insidentes	damnant_quod_non_intellegunt	914	552	Not Evaluable	scientia,_aere_perennius
radiotherapy	CTDC-PARTICIPANT-783647	CTDC-RADIOTHERAPY-406126	scientiae_et_patriae	nascentes_morimur_finisque_ab_origine_pendet	nanos_gigantum_humeris_insidentes	Gallia_est_omnis_divisa_in_partes_tres	id_quod_plerumque_accidit	id_quod_plerumque_accidit	941	683	Not Assessed	haec_olim_meminisse_iuvabit
radiotherapy	CTDC-PARTICIPANT-783647	CTDC-RADIOTHERAPY-266366	scientia,_aere_perennius	pace_tua	scientiae_cedit_mare	Gallia_est_omnis_divisa_in_partes_tres	imperium_in_imperio	scientiae_et_patriae	208	352	Partial Response	cacatum_non_est_pictum
radiotherapy	CTDC-PARTICIPANT-896741	CTDC-RADIOTHERAPY-790444	scientiae_cedit_mare	nascentes_morimur_finisque_ab_origine_pendet	Gallia_est_omnis_divisa_in_partes_tres	Obedientia_civium_urbis_felicitas	scientiae_cedit_mare	scientia_et_sapientia	116	521	Complete Response	scientia_et_labor
radiotherapy	CTDC-PARTICIPANT-896741	CTDC-RADIOTHERAPY-823106	sapiens_qui_prospicit	scientiae_et_patriae	id_quod_plerumque_accidit	nanos_gigantum_humeris_insidentes	O_Tite_tute_Tati_tibi_tanta_tyranne_tulisti	nanos_gigantum_humeris_insidentes	834	952	Stable Disease	scientia_et_sapientia
radiotherapy	CTDC-PARTICIPANT-530795	CTDC-RADIOTHERAPY-971564	Gallia_est_omnis_divisa_in_partes_tres	id_quod_plerumque_accidit	Macte_animo_Generose_puer_sic_itur_ad_astra	nascentes_morimur_finisque_ab_origine_pendet	cacatum_non_est_pictum	a_bene_placito	853	775	Progressive Disease	barba_crescit_caput_nescit
radiotherapy	CTDC-PARTICIPANT-530795	CTDC-RADIOTHERAPY-855588	cacatum_non_est_pictum	cacatum_non_est_pictum	nanos_gigantum_humeris_insidentes	salus_in_arduis	O_Tite_tute_Tati_tibi_tanta_tyranne_tulisti	faber_est_suae_quisque_fortunae	333	637	Not Assessed	saltus_in_demonstrando
radiotherapy	CTDC-PARTICIPANT-969123	CTDC-RADIOTHERAPY-389950	imperium_in_imperio	sapiens_qui_prospicit	salus_in_arduis	sapiens_qui_prospicit	Macte_animo_Generose_puer_sic_itur_ad_astra	salus_in_arduis	34	906	Complete Response	scientia_imperii_decus_et_tutamen
radiotherapy	CTDC-PARTICIPANT-969123	CTDC-RADIOTHERAPY-986167	scientia,_aere_perennius	Obedientia_civium_urbis_felicitas	e_causa_ignota	scientia_et_labor	labor_ipse_voluptas	saltus_in_demonstrando	587	412	Stable Disease	imperium_in_imperio
radiotherapy	CTDC-PARTICIPANT-463201	CTDC-RADIOTHERAPY-900142	imperium_in_imperio	scientia,_aere_perennius	Obedientia_civium_urbis_felicitas	faber_est_suae_quisque_fortunae	scientia_et_labor	scientiae_cedit_mare	408	512	Unknown	Obedientia_civium_urbis_felicitas
radiotherapy	CTDC-PARTICIPANT-463201	CTDC-RADIOTHERAPY-523453	Obedientia_civium_urbis_felicitas	salus_in_arduis	labor_ipse_voluptas	haec_olim_meminisse_iuvabit	scientia_et_sapientia	O_Tite_tute_Tati_tibi_tanta_tyranne_tulisti	843	184	Not Assessed	nanos_gigantum_humeris_insidentes
radiotherapy	CTDC-PARTICIPANT-816850	CTDC-RADIOTHERAPY-404330	e_causa_ignota	Macte_animo_Generose_puer_sic_itur_ad_astra	Obedientia_civium_urbis_felicitas	a_bene_placito	nascentes_morimur_finisque_ab_origine_pendet	Obedientia_civium_urbis_felicitas	435	165	Partial Response	e_causa_ignota
radiotherapy	CTDC-PARTICIPANT-816850	CTDC-RADIOTHERAPY-937374	cacatum_non_est_pictum	imperium_in_imperio	scientiae_cedit_mare	damnant_quod_non_intellegunt	barba_crescit_caput_nescit	nanos_gigantum_humeris_insidentes	107	778	Less than partial response	scientia_et_labor
radiotherapy	CTDC-PARTICIPANT-655107	CTDC-RADIOTHERAPY-681226	sapiens_qui_prospicit	saltus_in_demonstrando	imperium_in_imperio	scientiae_cedit_mare	scientiae_et_patriae	nanos_gigantum_humeris_insidentes	480	202	Too Early	id_quod_plerumque_accidit
radiotherapy	CTDC-PARTICIPANT-655107	CTDC-RADIOTHERAPY-502411	nanos_gigantum_humeris_insidentes	Gallia_est_omnis_divisa_in_partes_tres	nascentes_morimur_finisque_ab_origine_pendet	Macte_animo_Generose_puer_sic_itur_ad_astra	O_Tite_tute_Tati_tibi_tanta_tyranne_tulisti	nanos_gigantum_humeris_insidentes	789	213	Stable Disease	nascentes_morimur_finisque_ab_origine_pendet
radiotherapy	CTDC-PARTICIPANT-332505	CTDC-RADIOTHERAPY-233187	salus_in_arduis	pace_tua	damnant_quod_non_intellegunt	scientia_imperii_decus_et_tutamen	O_Tite_tute_Tati_tibi_tanta_tyranne_tulisti	scientiae_et_patriae	607	689	Less than partial response	scientia_imperii_decus_et_tutamen
radiotherapy	CTDC-PARTICIPANT-332505	CTDC-RADIOTHERAPY-300514	scientiae_et_patriae	O_Tite_tute_Tati_tibi_tanta_tyranne_tulisti	id_quod_plerumque_accidit	O_Tite_tute_Tati_tibi_tanta_tyranne_tulisti	scientia_imperii_decus_et_tutamen	salus_in_arduis	185	227	Not Assessed	scientia,_aere_perennius
radiotherapy	CTDC-PARTICIPANT-826428	CTDC-RADIOTHERAPY-259767	labor_ipse_voluptas	Gallia_est_omnis_divisa_in_partes_tres	scientiae_cedit_mare	a_bene_placito	O_Tite_tute_Tati_tibi_tanta_tyranne_tulisti	saltus_in_demonstrando	275	446	Not Evaluable	e_causa_ignota
radiotherapy	CTDC-PARTICIPANT-826428	CTDC-RADIOTHERAPY-163239	nascentes_morimur_finisque_ab_origine_pendet	barba_crescit_caput_nescit	pace_tua	faber_est_suae_quisque_fortunae	scientiae_cedit_mare	e_causa_ignota	608	845	Not Assessed	saltus_in_demonstrando
radiotherapy	CTDC-PARTICIPANT-682660	CTDC-RADIOTHERAPY-667367	scientiae_cedit_mare	cacatum_non_est_pictum	nanos_gigantum_humeris_insidentes	scientiae_et_patriae	scientia_et_sapientia	Macte_animo_Generose_puer_sic_itur_ad_astra	953	805	Complete Response	faber_est_suae_quisque_fortunae
radiotherapy	CTDC-PARTICIPANT-682660	CTDC-RADIOTHERAPY-653876	e_causa_ignota	scientiae_cedit_mare	imperium_in_imperio	Macte_animo_Generose_puer_sic_itur_ad_astra	scientia,_aere_perennius	haec_olim_meminisse_iuvabit	309	29	Not Evaluable	nanos_gigantum_humeris_insidentes
radiotherapy	CTDC-PARTICIPANT-610996	CTDC-RADIOTHERAPY-754332	a_bene_placito	scientia_et_labor	nascentes_morimur_finisque_ab_origine_pendet	nascentes_morimur_finisque_ab_origine_pendet	pace_tua	damnant_quod_non_intellegunt	698	863	Not Assessed	id_quod_plerumque_accidit
radiotherapy	CTDC-PARTICIPANT-610996	CTDC-RADIOTHERAPY-719149	haec_olim_meminisse_iuvabit	nascentes_morimur_finisque_ab_origine_pendet	scientia_imperii_decus_et_tutamen	a_bene_placito	scientia_imperii_decus_et_tutamen	scientiae_cedit_mare	321	306	Unknown	Gallia_est_omnis_divisa_in_partes_tres
radiotherapy	CTDC-PARTICIPANT-451667	CTDC-RADIOTHERAPY-132736	O_Tite_tute_Tati_tibi_tanta_tyranne_tulisti	labor_ipse_voluptas	haec_olim_meminisse_iuvabit	e_causa_ignota	nanos_gigantum_humeris_insidentes	scientia,_aere_perennius	653	932	Complete Response	damnant_quod_non_intellegunt
radiotherapy	CTDC-PARTICIPANT-451667	CTDC-RADIOTHERAPY-734887	e_causa_ignota	Macte_animo_Generose_puer_sic_itur_ad_astra	scientia,_aere_perennius	salus_in_arduis	scientia_imperii_decus_et_tutamen	barba_crescit_caput_nescit	204	961	Complete Response	imperium_in_imperio
radiotherapy	CTDC-PARTICIPANT-635583	CTDC-RADIOTHERAPY-705406	barba_crescit_caput_nescit	nascentes_morimur_finisque_ab_origine_pendet	e_causa_ignota	faber_est_suae_quisque_fortunae	Macte_animo_Generose_puer_sic_itur_ad_astra	Obedientia_civium_urbis_felicitas	163	382	Partial Response	scientiae_cedit_mare
radiotherapy	CTDC-PARTICIPANT-635583	CTDC-RADIOTHERAPY-480743	scientia_et_sapientia	saltus_in_demonstrando	sapiens_qui_prospicit	damnant_quod_non_intellegunt	nanos_gigantum_humeris_insidentes	Obedientia_civium_urbis_felicitas	287	544	Not Assessed	pace_tua
radiotherapy	CTDC-PARTICIPANT-257391	CTDC-RADIOTHERAPY-269592	scientia_et_sapientia	saltus_in_demonstrando	pace_tua	Gallia_est_omnis_divisa_in_partes_tres	damnant_quod_non_intellegunt	scientiae_cedit_mare	992	985	Too Early	Obedientia_civium_urbis_felicitas
radiotherapy	CTDC-PARTICIPANT-257391	CTDC-RADIOTHERAPY-801593	O_Tite_tute_Tati_tibi_tanta_tyranne_tulisti	saltus_in_demonstrando	imperium_in_imperio	sapiens_qui_prospicit	nascentes_morimur_finisque_ab_origine_pendet	scientiae_cedit_mare	955	503	Stable Disease	barba_crescit_caput_nescit
radiotherapy	CTDC-PARTICIPANT-495012	CTDC-RADIOTHERAPY-250257	pace_tua	haec_olim_meminisse_iuvabit	cacatum_non_est_pictum	scientiae_cedit_mare	faber_est_suae_quisque_fortunae	O_Tite_tute_Tati_tibi_tanta_tyranne_tulisti	230	797	Progressive Disease	sapiens_qui_prospicit
radiotherapy	CTDC-PARTICIPANT-495012	CTDC-RADIOTHERAPY-424609	pace_tua	scientiae_cedit_mare	scientia_et_sapientia	id_quod_plerumque_accidit	damnant_quod_non_intellegunt	scientia,_aere_perennius	743	324	Partial Response	scientiae_et_patriae
radiotherapy	CTDC-PARTICIPANT-315125	CTDC-RADIOTHERAPY-707774	imperium_in_imperio	nascentes_morimur_finisque_ab_origine_pendet	id_quod_plerumque_accidit	id_quod_plerumque_accidit	Macte_animo_Generose_puer_sic_itur_ad_astra	scientia_et_labor	763	904	Complete Response	barba_crescit_caput_nescit
radiotherapy	CTDC-PARTICIPANT-315125	CTDC-RADIOTHERAPY-363735	Obedientia_civium_urbis_felicitas	e_causa_ignota	nanos_gigantum_humeris_insidentes	damnant_quod_non_intellegunt	scientia_et_labor	scientiae_et_patriae	650	347	Partial Response	saltus_in_demonstrando
radiotherapy	CTDC-PARTICIPANT-903728	CTDC-RADIOTHERAPY-552154	barba_crescit_caput_nescit	barba_crescit_caput_nescit	cacatum_non_est_pictum	saltus_in_demonstrando	salus_in_arduis	salus_in_arduis	180	341	Unknown	scientia_et_sapientia
radiotherapy	CTDC-PARTICIPANT-903728	CTDC-RADIOTHERAPY-985172	nascentes_morimur_finisque_ab_origine_pendet	scientia_et_labor	scientia_et_sapientia	sapiens_qui_prospicit	nanos_gigantum_humeris_insidentes	a_bene_placito	67	254	Not Evaluable	saltus_in_demonstrando
radiotherapy	CTDC-PARTICIPANT-360350	CTDC-RADIOTHERAPY-279922	scientiae_et_patriae	id_quod_plerumque_accidit	O_Tite_tute_Tati_tibi_tanta_tyranne_tulisti	damnant_quod_non_intellegunt	barba_crescit_caput_nescit	saltus_in_demonstrando	89	278	Complete Response	faber_est_suae_quisque_fortunae
radiotherapy	CTDC-PARTICIPANT-360350	CTDC-RADIOTHERAPY-220512	Macte_animo_Generose_puer_sic_itur_ad_astra	O_Tite_tute_Tati_tibi_tanta_tyranne_tulisti	scientia,_aere_perennius	O_Tite_tute_Tati_tibi_tanta_tyranne_tulisti	O_Tite_tute_Tati_tibi_tanta_tyranne_tulisti	Gallia_est_omnis_divisa_in_partes_tres	878	258	Unknown	Macte_animo_Generose_puer_sic_itur_ad_astra
radiotherapy	CTDC-PARTICIPANT-199105	CTDC-RADIOTHERAPY-744486	e_causa_ignota	scientia_et_labor	scientia_et_labor	cacatum_non_est_pictum	scientiae_cedit_mare	scientia,_aere_perennius	471	621	Too Early	pace_tua
radiotherapy	CTDC-PARTICIPANT-199105	CTDC-RADIOTHERAPY-837926	nascentes_morimur_finisque_ab_origine_pendet	labor_ipse_voluptas	haec_olim_meminisse_iuvabit	sapiens_qui_prospicit	salus_in_arduis	scientiae_cedit_mare	389	999	Progressive Disease	nanos_gigantum_humeris_insidentes
radiotherapy	CTDC-PARTICIPANT-693889	CTDC-RADIOTHERAPY-192591	e_causa_ignota	e_causa_ignota	a_bene_placito	scientia_imperii_decus_et_tutamen	Gallia_est_omnis_divisa_in_partes_tres	scientiae_cedit_mare	874	848	Too Early	scientia_et_sapientia
radiotherapy	CTDC-PARTICIPANT-693889	CTDC-RADIOTHERAPY-517900	scientia_imperii_decus_et_tutamen	O_Tite_tute_Tati_tibi_tanta_tyranne_tulisti	cacatum_non_est_pictum	scientiae_cedit_mare	salus_in_arduis	cacatum_non_est_pictum	324	968	Too Early	Obedientia_civium_urbis_felicitas
radiotherapy	CTDC-PARTICIPANT-422822	CTDC-RADIOTHERAPY-333887	salus_in_arduis	sapiens_qui_prospicit	Macte_animo_Generose_puer_sic_itur_ad_astra	imperium_in_imperio	id_quod_plerumque_accidit	labor_ipse_voluptas	783	720	Unknown	cacatum_non_est_pictum
radiotherapy	CTDC-PARTICIPANT-422822	CTDC-RADIOTHERAPY-107752	haec_olim_meminisse_iuvabit	cacatum_non_est_pictum	Gallia_est_omnis_divisa_in_partes_tres	faber_est_suae_quisque_fortunae	Gallia_est_omnis_divisa_in_partes_tres	scientiae_et_patriae	662	748	Less than partial response	nanos_gigantum_humeris_insidentes
radiotherapy	CTDC-PARTICIPANT-558535	CTDC-RADIOTHERAPY-743022	nascentes_morimur_finisque_ab_origine_pendet	scientia_et_labor	scientia_et_labor	scientia_imperii_decus_et_tutamen	Macte_animo_Generose_puer_sic_itur_ad_astra	nascentes_morimur_finisque_ab_origine_pendet	118	847	Unknown	cacatum_non_est_pictum
radiotherapy	CTDC-PARTICIPANT-558535	CTDC-RADIOTHERAPY-161359	a_bene_placito	id_quod_plerumque_accidit	Macte_animo_Generose_puer_sic_itur_ad_astra	scientia_imperii_decus_et_tutamen	saltus_in_demonstrando	cacatum_non_est_pictum	469	499	Less than partial response	scientia_imperii_decus_et_tutamen
radiotherapy	CTDC-PARTICIPANT-259584	CTDC-RADIOTHERAPY-626364	labor_ipse_voluptas	e_causa_ignota	scientia,_aere_perennius	scientia,_aere_perennius	Gallia_est_omnis_divisa_in_partes_tres	salus_in_arduis	906	120	Unknown	labor_ipse_voluptas
radiotherapy	CTDC-PARTICIPANT-259584	CTDC-RADIOTHERAPY-159400	sapiens_qui_prospicit	scientia_et_labor	haec_olim_meminisse_iuvabit	id_quod_plerumque_accidit	pace_tua	O_Tite_tute_Tati_tibi_tanta_tyranne_tulisti	521	552	Complete Response	barba_crescit_caput_nescit
radiotherapy	CTDC-PARTICIPANT-278169	CTDC-RADIOTHERAPY-649930	Macte_animo_Generose_puer_sic_itur_ad_astra	scientiae_et_patriae	scientia_et_labor	a_bene_placito	salus_in_arduis	scientia_et_labor	239	876	Less than partial response	pace_tua
radiotherapy	CTDC-PARTICIPANT-278169	CTDC-RADIOTHERAPY-608414	scientia_et_labor	saltus_in_demonstrando	scientia_imperii_decus_et_tutamen	nanos_gigantum_humeris_insidentes	id_quod_plerumque_accidit	imperium_in_imperio	519	890	Too Early	scientiae_et_patriae
radiotherapy	CTDC-PARTICIPANT-266713	CTDC-RADIOTHERAPY-769282	pace_tua	e_causa_ignota	barba_crescit_caput_nescit	scientia_imperii_decus_et_tutamen	saltus_in_demonstrando	a_bene_placito	734	159	Progressive Disease	O_Tite_tute_Tati_tibi_tanta_tyranne_tulisti
radiotherapy	CTDC-PARTICIPANT-266713	CTDC-RADIOTHERAPY-548035	saltus_in_demonstrando	Macte_animo_Generose_puer_sic_itur_ad_astra	id_quod_plerumque_accidit	faber_est_suae_quisque_fortunae	O_Tite_tute_Tati_tibi_tanta_tyranne_tulisti	imperium_in_imperio	874	157	Not Assessed	pace_tua
radiotherapy	CTDC-PARTICIPANT-218354	CTDC-RADIOTHERAPY-322398	e_causa_ignota	scientiae_cedit_mare	pace_tua	Gallia_est_omnis_divisa_in_partes_tres	faber_est_suae_quisque_fortunae	Macte_animo_Generose_puer_sic_itur_ad_astra	893	972	Less than partial response	id_quod_plerumque_accidit
radiotherapy	CTDC-PARTICIPANT-218354	CTDC-RADIOTHERAPY-263124	scientiae_cedit_mare	imperium_in_imperio	haec_olim_meminisse_iuvabit	labor_ipse_voluptas	scientia_imperii_decus_et_tutamen	salus_in_arduis	41	879	Too Early	scientia_et_labor
radiotherapy	CTDC-PARTICIPANT-873942	CTDC-RADIOTHERAPY-822240	Gallia_est_omnis_divisa_in_partes_tres	damnant_quod_non_intellegunt	nanos_gigantum_humeris_insidentes	e_causa_ignota	scientia_imperii_decus_et_tutamen	saltus_in_demonstrando	407	348	Complete Response	scientia_et_labor
radiotherapy	CTDC-PARTICIPANT-873942	CTDC-RADIOTHERAPY-733563	Gallia_est_omnis_divisa_in_partes_tres	Gallia_est_omnis_divisa_in_partes_tres	a_bene_placito	barba_crescit_caput_nescit	barba_crescit_caput_nescit	Obedientia_civium_urbis_felicitas	601	484	Complete Response	nascentes_morimur_finisque_ab_origine_pendet
radiotherapy	CTDC-PARTICIPANT-881748	CTDC-RADIOTHERAPY-807386	salus_in_arduis	scientia_et_labor	scientiae_cedit_mare	haec_olim_meminisse_iuvabit	haec_olim_meminisse_iuvabit	saltus_in_demonstrando	270	670	Not Evaluable	scientia,_aere_perennius
radiotherapy	CTDC-PARTICIPANT-881748	CTDC-RADIOTHERAPY-237938	faber_est_suae_quisque_fortunae	Obedientia_civium_urbis_felicitas	sapiens_qui_prospicit	Obedientia_civium_urbis_felicitas	faber_est_suae_quisque_fortunae	scientia,_aere_perennius	847	302	Too Early	Gallia_est_omnis_divisa_in_partes_tres
radiotherapy	CTDC-PARTICIPANT-951776	CTDC-RADIOTHERAPY-222888	barba_crescit_caput_nescit	scientiae_cedit_mare	O_Tite_tute_Tati_tibi_tanta_tyranne_tulisti	nascentes_morimur_finisque_ab_origine_pendet	scientia_et_labor	id_quod_plerumque_accidit	692	269	Partial Response	cacatum_non_est_pictum
radiotherapy	CTDC-PARTICIPANT-951776	CTDC-RADIOTHERAPY-661606	salus_in_arduis	imperium_in_imperio	salus_in_arduis	id_quod_plerumque_accidit	scientia_et_sapientia	pace_tua	398	88	Progressive Disease	scientiae_et_patriae
radiotherapy	CTDC-PARTICIPANT-297864	CTDC-RADIOTHERAPY-625155	scientia_imperii_decus_et_tutamen	barba_crescit_caput_nescit	faber_est_suae_quisque_fortunae	nanos_gigantum_humeris_insidentes	salus_in_arduis	faber_est_suae_quisque_fortunae	404	447	Too Early	labor_ipse_voluptas
radiotherapy	CTDC-PARTICIPANT-297864	CTDC-RADIOTHERAPY-794317	Macte_animo_Generose_puer_sic_itur_ad_astra	saltus_in_demonstrando	nanos_gigantum_humeris_insidentes	nanos_gigantum_humeris_insidentes	nanos_gigantum_humeris_insidentes	nascentes_morimur_finisque_ab_origine_pendet	853	463	Unknown	damnant_quod_non_intellegunt
radiotherapy	CTDC-PARTICIPANT-243741	CTDC-RADIOTHERAPY-848646	scientia,_aere_perennius	sapiens_qui_prospicit	nascentes_morimur_finisque_ab_origine_pendet	damnant_quod_non_intellegunt	scientia_et_sapientia	id_quod_plerumque_accidit	293	993	Progressive Disease	barba_crescit_caput_nescit
radiotherapy	CTDC-PARTICIPANT-243741	CTDC-RADIOTHERAPY-181779	scientia_imperii_decus_et_tutamen	scientiae_cedit_mare	saltus_in_demonstrando	scientiae_et_patriae	faber_est_suae_quisque_fortunae	O_Tite_tute_Tati_tibi_tanta_tyranne_tulisti	638	140	Not Evaluable	barba_crescit_caput_nescit
radiotherapy	CTDC-PARTICIPANT-911305	CTDC-RADIOTHERAPY-997722	scientia_et_sapientia	imperium_in_imperio	scientia,_aere_perennius	saltus_in_demonstrando	nascentes_morimur_finisque_ab_origine_pendet	scientia,_aere_perennius	556	408	Complete Response	scientia_et_labor
radiotherapy	CTDC-PARTICIPANT-911305	CTDC-RADIOTHERAPY-186699	scientia_et_sapientia	imperium_in_imperio	Macte_animo_Generose_puer_sic_itur_ad_astra	nascentes_morimur_finisque_ab_origine_pendet	nascentes_morimur_finisque_ab_origine_pendet	scientia_et_labor	764	216	Too Early	nascentes_morimur_finisque_ab_origine_pendet
radiotherapy	CTDC-PARTICIPANT-883586	CTDC-RADIOTHERAPY-346304	id_quod_plerumque_accidit	sapiens_qui_prospicit	O_Tite_tute_Tati_tibi_tanta_tyranne_tulisti	labor_ipse_voluptas	faber_est_suae_quisque_fortunae	scientiae_et_patriae	400	626	Too Early	scientia_et_sapientia
radiotherapy	CTDC-PARTICIPANT-883586	CTDC-RADIOTHERAPY-220980	pace_tua	scientiae_et_patriae	imperium_in_imperio	scientia_et_sapientia	salus_in_arduis	scientia_et_labor	446	224	Less than partial response	Macte_animo_Generose_puer_sic_itur_ad_astra
radiotherapy	CTDC-PARTICIPANT-677679	CTDC-RADIOTHERAPY-516177	saltus_in_demonstrando	scientia,_aere_perennius	nascentes_morimur_finisque_ab_origine_pendet	e_causa_ignota	a_bene_placito	scientiae_cedit_mare	28	22	Partial Response	sapiens_qui_prospicit
radiotherapy	CTDC-PARTICIPANT-677679	CTDC-RADIOTHERAPY-399887	Macte_animo_Generose_puer_sic_itur_ad_astra	barba_crescit_caput_nescit	scientia_imperii_decus_et_tutamen	pace_tua	scientiae_et_patriae	scientia_imperii_decus_et_tutamen	311	370	Stable Disease	scientia_imperii_decus_et_tutamen
radiotherapy	CTDC-PARTICIPANT-135842	CTDC-RADIOTHERAPY-569650	saltus_in_demonstrando	scientia_et_sapientia	scientia_et_sapientia	labor_ipse_voluptas	id_quod_plerumque_accidit	imperium_in_imperio	307	802	Too Early	haec_olim_meminisse_iuvabit
radiotherapy	CTDC-PARTICIPANT-135842	CTDC-RADIOTHERAPY-362296	id_quod_plerumque_accidit	scientiae_cedit_mare	labor_ipse_voluptas	cacatum_non_est_pictum	a_bene_placito	scientia_et_sapientia	812	510	Unknown	saltus_in_demonstrando
radiotherapy	CTDC-PARTICIPANT-969709	CTDC-RADIOTHERAPY-416676	scientiae_et_patriae	cacatum_non_est_pictum	scientiae_et_patriae	pace_tua	cacatum_non_est_pictum	scientiae_et_patriae	30	738	Not Evaluable	Obedientia_civium_urbis_felicitas
radiotherapy	CTDC-PARTICIPANT-969709	CTDC-RADIOTHERAPY-449686	faber_est_suae_quisque_fortunae	pace_tua	barba_crescit_caput_nescit	scientiae_et_patriae	scientia,_aere_perennius	scientia_et_labor	728	500	Progressive Disease	faber_est_suae_quisque_fortunae
radiotherapy	CTDC-PARTICIPANT-742659	CTDC-RADIOTHERAPY-829439	nanos_gigantum_humeris_insidentes	saltus_in_demonstrando	haec_olim_meminisse_iuvabit	e_causa_ignota	faber_est_suae_quisque_fortunae	barba_crescit_caput_nescit	854	479	Not Assessed	nascentes_morimur_finisque_ab_origine_pendet
radiotherapy	CTDC-PARTICIPANT-742659	CTDC-RADIOTHERAPY-734083	a_bene_placito	scientia_et_sapientia	labor_ipse_voluptas	imperium_in_imperio	scientia_imperii_decus_et_tutamen	cacatum_non_est_pictum	170	374	Not Evaluable	damnant_quod_non_intellegunt
radiotherapy	CTDC-PARTICIPANT-983334	CTDC-RADIOTHERAPY-383767	e_causa_ignota	scientia,_aere_perennius	sapiens_qui_prospicit	nascentes_morimur_finisque_ab_origine_pendet	barba_crescit_caput_nescit	O_Tite_tute_Tati_tibi_tanta_tyranne_tulisti	553	905	Complete Response	barba_crescit_caput_nescit
radiotherapy	CTDC-PARTICIPANT-983334	CTDC-RADIOTHERAPY-317140	salus_in_arduis	imperium_in_imperio	id_quod_plerumque_accidit	saltus_in_demonstrando	nanos_gigantum_humeris_insidentes	Macte_animo_Generose_puer_sic_itur_ad_astra	577	627	Complete Response	sapiens_qui_prospicit
radiotherapy	CTDC-PARTICIPANT-908214	CTDC-RADIOTHERAPY-467021	haec_olim_meminisse_iuvabit	scientia,_aere_perennius	labor_ipse_voluptas	scientia_et_labor	Obedientia_civium_urbis_felicitas	scientia_imperii_decus_et_tutamen	274	804	Stable Disease	barba_crescit_caput_nescit
radiotherapy	CTDC-PARTICIPANT-908214	CTDC-RADIOTHERAPY-404273	damnant_quod_non_intellegunt	scientiae_et_patriae	sapiens_qui_prospicit	labor_ipse_voluptas	labor_ipse_voluptas	scientiae_cedit_mare	27	837	Less than partial response	barba_crescit_caput_nescit
radiotherapy	CTDC-PARTICIPANT-768467	CTDC-RADIOTHERAPY-810575	labor_ipse_voluptas	scientiae_et_patriae	cacatum_non_est_pictum	id_quod_plerumque_accidit	cacatum_non_est_pictum	faber_est_suae_quisque_fortunae	28	484	Too Early	Obedientia_civium_urbis_felicitas
radiotherapy	CTDC-PARTICIPANT-768467	CTDC-RADIOTHERAPY-347903	cacatum_non_est_pictum	e_causa_ignota	scientia_et_sapientia	scientiae_et_patriae	nanos_gigantum_humeris_insidentes	haec_olim_meminisse_iuvabit	868	216	Partial Response	id_quod_plerumque_accidit
radiotherapy	CTDC-PARTICIPANT-395343	CTDC-RADIOTHERAPY-281223	cacatum_non_est_pictum	a_bene_placito	scientia,_aere_perennius	O_Tite_tute_Tati_tibi_tanta_tyranne_tulisti	damnant_quod_non_intellegunt	haec_olim_meminisse_iuvabit	278	536	Not Evaluable	labor_ipse_voluptas
radiotherapy	CTDC-PARTICIPANT-395343	CTDC-RADIOTHERAPY-405106	a_bene_placito	Gallia_est_omnis_divisa_in_partes_tres	nanos_gigantum_humeris_insidentes	pace_tua	scientiae_et_patriae	Gallia_est_omnis_divisa_in_partes_tres	735	692	Less than partial response	nascentes_morimur_finisque_ab_origine_pendet
radiotherapy	CTDC-PARTICIPANT-927931	CTDC-RADIOTHERAPY-859292	a_bene_placito	damnant_quod_non_intellegunt	pace_tua	nanos_gigantum_humeris_insidentes	imperium_in_imperio	faber_est_suae_quisque_fortunae	933	943	Too Early	scientia_et_labor
radiotherapy	CTDC-PARTICIPANT-927931	CTDC-RADIOTHERAPY-491718	imperium_in_imperio	pace_tua	haec_olim_meminisse_iuvabit	scientia,_aere_perennius	scientiae_cedit_mare	imperium_in_imperio	214	77	Unknown	a_bene_placito
radiotherapy	CTDC-PARTICIPANT-994388	CTDC-RADIOTHERAPY-922981	pace_tua	scientia_et_sapientia	e_causa_ignota	nanos_gigantum_humeris_insidentes	faber_est_suae_quisque_fortunae	cacatum_non_est_pictum	750	336	Too Early	scientia_et_labor
radiotherapy	CTDC-PARTICIPANT-994388	CTDC-RADIOTHERAPY-511152	barba_crescit_caput_nescit	scientia,_aere_perennius	saltus_in_demonstrando	sapiens_qui_prospicit	scientia,_aere_perennius	e_causa_ignota	718	190	Stable Disease	scientia,_aere_perennius
radiotherapy	CTDC-PARTICIPANT-156187	CTDC-RADIOTHERAPY-897821	Obedientia_civium_urbis_felicitas	scientia,_aere_perennius	imperium_in_imperio	Gallia_est_omnis_divisa_in_partes_tres	scientia_et_labor	scientia_imperii_decus_et_tutamen	128	590	Stable Disease	a_bene_placito
radiotherapy	CTDC-PARTICIPANT-156187	CTDC-RADIOTHERAPY-119346	haec_olim_meminisse_iuvabit	barba_crescit_caput_nescit	damnant_quod_non_intellegunt	salus_in_arduis	e_causa_ignota	nanos_gigantum_humeris_insidentes	753	119	Stable Disease	Gallia_est_omnis_divisa_in_partes_tres
radiotherapy	CTDC-PARTICIPANT-364679	CTDC-RADIOTHERAPY-193703	damnant_quod_non_intellegunt	scientia,_aere_perennius	damnant_quod_non_intellegunt	barba_crescit_caput_nescit	nascentes_morimur_finisque_ab_origine_pendet	id_quod_plerumque_accidit	662	368	Partial Response	nanos_gigantum_humeris_insidentes
radiotherapy	CTDC-PARTICIPANT-364679	CTDC-RADIOTHERAPY-135615	salus_in_arduis	scientia_imperii_decus_et_tutamen	damnant_quod_non_intellegunt	saltus_in_demonstrando	faber_est_suae_quisque_fortunae	labor_ipse_voluptas	859	244	Not Evaluable	Gallia_est_omnis_divisa_in_partes_tres
radiotherapy	CTDC-PARTICIPANT-343526	CTDC-RADIOTHERAPY-206181	Obedientia_civium_urbis_felicitas	scientia,_aere_perennius	sapiens_qui_prospicit	Obedientia_civium_urbis_felicitas	saltus_in_demonstrando	nascentes_morimur_finisque_ab_origine_pendet	412	527	Too Early	labor_ipse_voluptas
radiotherapy	CTDC-PARTICIPANT-343526	CTDC-RADIOTHERAPY-420529	haec_olim_meminisse_iuvabit	sapiens_qui_prospicit	Gallia_est_omnis_divisa_in_partes_tres	Macte_animo_Generose_puer_sic_itur_ad_astra	pace_tua	saltus_in_demonstrando	90	776	Complete Response	scientia_et_sapientia
radiotherapy	CTDC-PARTICIPANT-622616	CTDC-RADIOTHERAPY-318586	id_quod_plerumque_accidit	scientiae_et_patriae	pace_tua	sapiens_qui_prospicit	barba_crescit_caput_nescit	scientiae_et_patriae	342	209	Too Early	sapiens_qui_prospicit
radiotherapy	CTDC-PARTICIPANT-622616	CTDC-RADIOTHERAPY-287453	Macte_animo_Generose_puer_sic_itur_ad_astra	nascentes_morimur_finisque_ab_origine_pendet	e_causa_ignota	scientia_et_labor	a_bene_placito	salus_in_arduis	470	635	Too Early	barba_crescit_caput_nescit
radiotherapy	CTDC-PARTICIPANT-366302	CTDC-RADIOTHERAPY-292932	scientia_imperii_decus_et_tutamen	a_bene_placito	labor_ipse_voluptas	scientia_et_labor	saltus_in_demonstrando	nanos_gigantum_humeris_insidentes	207	839	Too Early	nanos_gigantum_humeris_insidentes
radiotherapy	CTDC-PARTICIPANT-366302	CTDC-RADIOTHERAPY-586242	labor_ipse_voluptas	Gallia_est_omnis_divisa_in_partes_tres	scientia_et_sapientia	cacatum_non_est_pictum	scientia_et_labor	haec_olim_meminisse_iuvabit	806	74	Too Early	cacatum_non_est_pictum
radiotherapy	CTDC-PARTICIPANT-998456	CTDC-RADIOTHERAPY-401676	haec_olim_meminisse_iuvabit	scientia_et_labor	Obedientia_civium_urbis_felicitas	sapiens_qui_prospicit	sapiens_qui_prospicit	a_bene_placito	599	855	Not Evaluable	sapiens_qui_prospicit
radiotherapy	CTDC-PARTICIPANT-998456	CTDC-RADIOTHERAPY-443284	nanos_gigantum_humeris_insidentes	haec_olim_meminisse_iuvabit	damnant_quod_non_intellegunt	Gallia_est_omnis_divisa_in_partes_tres	a_bene_placito	scientia,_aere_perennius	479	25	Not Assessed	scientia_imperii_decus_et_tutamen
radiotherapy	CTDC-PARTICIPANT-804244	CTDC-RADIOTHERAPY-767131	imperium_in_imperio	barba_crescit_caput_nescit	scientia,_aere_perennius	Obedientia_civium_urbis_felicitas	scientiae_et_patriae	nanos_gigantum_humeris_insidentes	542	464	Progressive Disease	scientiae_cedit_mare
radiotherapy	CTDC-PARTICIPANT-804244	CTDC-RADIOTHERAPY-355707	scientia_imperii_decus_et_tutamen	Obedientia_civium_urbis_felicitas	scientia_imperii_decus_et_tutamen	sapiens_qui_prospicit	pace_tua	scientia,_aere_perennius	704	339	Stable Disease	damnant_quod_non_intellegunt
radiotherapy	CTDC-PARTICIPANT-887816	CTDC-RADIOTHERAPY-330919	haec_olim_meminisse_iuvabit	damnant_quod_non_intellegunt	pace_tua	a_bene_placito	damnant_quod_non_intellegunt	scientiae_et_patriae	266	173	Stable Disease	Macte_animo_Generose_puer_sic_itur_ad_astra
radiotherapy	CTDC-PARTICIPANT-887816	CTDC-RADIOTHERAPY-936708	faber_est_suae_quisque_fortunae	sapiens_qui_prospicit	e_causa_ignota	Obedientia_civium_urbis_felicitas	scientia_et_labor	scientiae_cedit_mare	991	713	Not Assessed	scientia_imperii_decus_et_tutamen
radiotherapy	CTDC-PARTICIPANT-103234	CTDC-RADIOTHERAPY-445075	saltus_in_demonstrando	a_bene_placito	O_Tite_tute_Tati_tibi_tanta_tyranne_tulisti	scientiae_cedit_mare	barba_crescit_caput_nescit	pace_tua	69	410	Complete Response	scientia_et_sapientia
radiotherapy	CTDC-PARTICIPANT-103234	CTDC-RADIOTHERAPY-187767	damnant_quod_non_intellegunt	damnant_quod_non_intellegunt	scientiae_cedit_mare	damnant_quod_non_intellegunt	faber_est_suae_quisque_fortunae	haec_olim_meminisse_iuvabit	78	698	Too Early	scientiae_cedit_mare
radiotherapy	CTDC-PARTICIPANT-512674	CTDC-RADIOTHERAPY-565419	sapiens_qui_prospicit	O_Tite_tute_Tati_tibi_tanta_tyranne_tulisti	e_causa_ignota	a_bene_placito	barba_crescit_caput_nescit	barba_crescit_caput_nescit	126	897	Not Evaluable	nascentes_morimur_finisque_ab_origine_pendet
radiotherapy	CTDC-PARTICIPANT-512674	CTDC-RADIOTHERAPY-868663	sapiens_qui_prospicit	Gallia_est_omnis_divisa_in_partes_tres	nascentes_morimur_finisque_ab_origine_pendet	saltus_in_demonstrando	cacatum_non_est_pictum	nascentes_morimur_finisque_ab_origine_pendet	735	990	Partial Response	imperium_in_imperio
radiotherapy	CTDC-PARTICIPANT-703955	CTDC-RADIOTHERAPY-238018	scientiae_cedit_mare	e_causa_ignota	nanos_gigantum_humeris_insidentes	Gallia_est_omnis_divisa_in_partes_tres	imperium_in_imperio	damnant_quod_non_intellegunt	945	206	Not Assessed	scientia_et_sapientia
radiotherapy	CTDC-PARTICIPANT-703955	CTDC-RADIOTHERAPY-871000	imperium_in_imperio	scientiae_cedit_mare	imperium_in_imperio	O_Tite_tute_Tati_tibi_tanta_tyranne_tulisti	scientia_et_sapientia	faber_est_suae_quisque_fortunae	314	96	Stable Disease	nanos_gigantum_humeris_insidentes
radiotherapy	CTDC-PARTICIPANT-885336	CTDC-RADIOTHERAPY-252066	sapiens_qui_prospicit	nanos_gigantum_humeris_insidentes	Obedientia_civium_urbis_felicitas	damnant_quod_non_intellegunt	O_Tite_tute_Tati_tibi_tanta_tyranne_tulisti	sapiens_qui_prospicit	796	214	Progressive Disease	scientia,_aere_perennius
radiotherapy	CTDC-PARTICIPANT-885336	CTDC-RADIOTHERAPY-812612	cacatum_non_est_pictum	imperium_in_imperio	scientia_et_labor	a_bene_placito	O_Tite_tute_Tati_tibi_tanta_tyranne_tulisti	haec_olim_meminisse_iuvabit	802	966	Unknown	cacatum_non_est_pictum
radiotherapy	CTDC-PARTICIPANT-179603	CTDC-RADIOTHERAPY-539569	sapiens_qui_prospicit	nascentes_morimur_finisque_ab_origine_pendet	saltus_in_demonstrando	O_Tite_tute_Tati_tibi_tanta_tyranne_tulisti	e_causa_ignota	cacatum_non_est_pictum	628	934	Stable Disease	damnant_quod_non_intellegunt
radiotherapy	CTDC-PARTICIPANT-179603	CTDC-RADIOTHERAPY-656284	id_quod_plerumque_accidit	imperium_in_imperio	imperium_in_imperio	salus_in_arduis	scientiae_et_patriae	nanos_gigantum_humeris_insidentes	329	985	Not Evaluable	labor_ipse_voluptas
radiotherapy	CTDC-PARTICIPANT-435204	CTDC-RADIOTHERAPY-871991	scientia_et_labor	sapiens_qui_prospicit	nascentes_morimur_finisque_ab_origine_pendet	sapiens_qui_prospicit	faber_est_suae_quisque_fortunae	nanos_gigantum_humeris_insidentes	493	544	Complete Response	labor_ipse_voluptas
radiotherapy	CTDC-PARTICIPANT-435204	CTDC-RADIOTHERAPY-974649	scientia_et_sapientia	scientia_imperii_decus_et_tutamen	labor_ipse_voluptas	e_causa_ignota	cacatum_non_est_pictum	sapiens_qui_prospicit	997	629	Stable Disease	e_causa_ignota
radiotherapy	CTDC-PARTICIPANT-326162	CTDC-RADIOTHERAPY-641834	barba_crescit_caput_nescit	haec_olim_meminisse_iuvabit	faber_est_suae_quisque_fortunae	faber_est_suae_quisque_fortunae	haec_olim_meminisse_iuvabit	pace_tua	660	136	Unknown	e_causa_ignota
radiotherapy	CTDC-PARTICIPANT-326162	CTDC-RADIOTHERAPY-659429	labor_ipse_voluptas	Obedientia_civium_urbis_felicitas	scientia_et_sapientia	O_Tite_tute_Tati_tibi_tanta_tyranne_tulisti	Obedientia_civium_urbis_felicitas	labor_ipse_voluptas	537	677	Complete Response	sapiens_qui_prospicit
radiotherapy	CTDC-PARTICIPANT-686631	CTDC-RADIOTHERAPY-450187	damnant_quod_non_intellegunt	id_quod_plerumque_accidit	haec_olim_meminisse_iuvabit	Gallia_est_omnis_divisa_in_partes_tres	pace_tua	O_Tite_tute_Tati_tibi_tanta_tyranne_tulisti	913	618	Partial Response	sapiens_qui_prospicit
radiotherapy	CTDC-PARTICIPANT-686631	CTDC-RADIOTHERAPY-589851	scientia,_aere_perennius	a_bene_placito	labor_ipse_voluptas	barba_crescit_caput_nescit	a_bene_placito	a_bene_placito	68	705	Not Evaluable	barba_crescit_caput_nescit
radiotherapy	CTDC-PARTICIPANT-128155	CTDC-RADIOTHERAPY-189392	e_causa_ignota	cacatum_non_est_pictum	salus_in_arduis	haec_olim_meminisse_iuvabit	pace_tua	scientia_et_labor	677	982	Too Early	e_causa_ignota
radiotherapy	CTDC-PARTICIPANT-128155	CTDC-RADIOTHERAPY-867397	nascentes_morimur_finisque_ab_origine_pendet	barba_crescit_caput_nescit	Obedientia_civium_urbis_felicitas	damnant_quod_non_intellegunt	Obedientia_civium_urbis_felicitas	scientia_et_sapientia	928	998	Stable Disease	a_bene_placito
radiotherapy	CTDC-PARTICIPANT-367772	CTDC-RADIOTHERAPY-685098	barba_crescit_caput_nescit	scientiae_et_patriae	barba_crescit_caput_nescit	sapiens_qui_prospicit	id_quod_plerumque_accidit	labor_ipse_voluptas	828	891	Too Early	imperium_in_imperio
radiotherapy	CTDC-PARTICIPANT-367772	CTDC-RADIOTHERAPY-313556	scientia_et_sapientia	scientia_et_labor	scientia_imperii_decus_et_tutamen	imperium_in_imperio	Obedientia_civium_urbis_felicitas	nanos_gigantum_humeris_insidentes	437	814	Less than partial response	haec_olim_meminisse_iuvabit
radiotherapy	CTDC-PARTICIPANT-416408	CTDC-RADIOTHERAPY-573126	labor_ipse_voluptas	e_causa_ignota	haec_olim_meminisse_iuvabit	Macte_animo_Generose_puer_sic_itur_ad_astra	nascentes_morimur_finisque_ab_origine_pendet	Obedientia_civium_urbis_felicitas	861	659	Not Evaluable	faber_est_suae_quisque_fortunae
radiotherapy	CTDC-PARTICIPANT-416408	CTDC-RADIOTHERAPY-497063	Macte_animo_Generose_puer_sic_itur_ad_astra	Macte_animo_Generose_puer_sic_itur_ad_astra	id_quod_plerumque_accidit	Obedientia_civium_urbis_felicitas	O_Tite_tute_Tati_tibi_tanta_tyranne_tulisti	nascentes_morimur_finisque_ab_origine_pendet	114	266	Not Evaluable	scientia_imperii_decus_et_tutamen
radiotherapy	CTDC-PARTICIPANT-365869	CTDC-RADIOTHERAPY-856548	O_Tite_tute_Tati_tibi_tanta_tyranne_tulisti	scientia,_aere_perennius	Gallia_est_omnis_divisa_in_partes_tres	haec_olim_meminisse_iuvabit	scientiae_cedit_mare	barba_crescit_caput_nescit	162	950	Stable Disease	haec_olim_meminisse_iuvabit
radiotherapy	CTDC-PARTICIPANT-365869	CTDC-RADIOTHERAPY-707214	sapiens_qui_prospicit	cacatum_non_est_pictum	saltus_in_demonstrando	cacatum_non_est_pictum	scientia_et_sapientia	labor_ipse_voluptas	562	432	Partial Response	Macte_animo_Generose_puer_sic_itur_ad_astra
radiotherapy	CTDC-PARTICIPANT-654610	CTDC-RADIOTHERAPY-990881	nascentes_morimur_finisque_ab_origine_pendet	scientia,_aere_perennius	imperium_in_imperio	Gallia_est_omnis_divisa_in_partes_tres	scientia_et_sapientia	e_causa_ignota	924	359	Complete Response	saltus_in_demonstrando
radiotherapy	CTDC-PARTICIPANT-654610	CTDC-RADIOTHERAPY-834393	scientiae_cedit_mare	labor_ipse_voluptas	salus_in_arduis	a_bene_placito	haec_olim_meminisse_iuvabit	cacatum_non_est_pictum	580	855	Not Assessed	Macte_animo_Generose_puer_sic_itur_ad_astra
radiotherapy	CTDC-PARTICIPANT-300549	CTDC-RADIOTHERAPY-732773	scientia_et_labor	scientia_imperii_decus_et_tutamen	Gallia_est_omnis_divisa_in_partes_tres	nascentes_morimur_finisque_ab_origine_pendet	nanos_gigantum_humeris_insidentes	nascentes_morimur_finisque_ab_origine_pendet	442	425	Not Assessed	sapiens_qui_prospicit
radiotherapy	CTDC-PARTICIPANT-300549	CTDC-RADIOTHERAPY-271242	a_bene_placito	scientiae_cedit_mare	nanos_gigantum_humeris_insidentes	nascentes_morimur_finisque_ab_origine_pendet	e_causa_ignota	Obedientia_civium_urbis_felicitas	907	359	Less than partial response	imperium_in_imperio
radiotherapy	CTDC-PARTICIPANT-632807	CTDC-RADIOTHERAPY-238695	Gallia_est_omnis_divisa_in_partes_tres	scientia_et_sapientia	saltus_in_demonstrando	scientia_et_sapientia	scientia_et_labor	Obedientia_civium_urbis_felicitas	618	304	Complete Response	O_Tite_tute_Tati_tibi_tanta_tyranne_tulisti
radiotherapy	CTDC-PARTICIPANT-632807	CTDC-RADIOTHERAPY-133849	salus_in_arduis	faber_est_suae_quisque_fortunae	imperium_in_imperio	haec_olim_meminisse_iuvabit	id_quod_plerumque_accidit	nanos_gigantum_humeris_insidentes	578	102	Too Early	scientia_et_labor
radiotherapy	CTDC-PARTICIPANT-898476	CTDC-RADIOTHERAPY-742635	e_causa_ignota	Obedientia_civium_urbis_felicitas	O_Tite_tute_Tati_tibi_tanta_tyranne_tulisti	labor_ipse_voluptas	cacatum_non_est_pictum	scientia_imperii_decus_et_tutamen	356	716	Progressive Disease	e_causa_ignota
radiotherapy	CTDC-PARTICIPANT-898476	CTDC-RADIOTHERAPY-669073	scientia_et_sapientia	scientia,_aere_perennius	e_causa_ignota	Macte_animo_Generose_puer_sic_itur_ad_astra	faber_est_suae_quisque_fortunae	pace_tua	541	475	Too Early	labor_ipse_voluptas
radiotherapy	CTDC-PARTICIPANT-276522	CTDC-RADIOTHERAPY-897655	e_causa_ignota	imperium_in_imperio	scientiae_cedit_mare	Macte_animo_Generose_puer_sic_itur_ad_astra	id_quod_plerumque_accidit	O_Tite_tute_Tati_tibi_tanta_tyranne_tulisti	500	460	Not Evaluable	saltus_in_demonstrando
radiotherapy	CTDC-PARTICIPANT-276522	CTDC-RADIOTHERAPY-582082	barba_crescit_caput_nescit	Obedientia_civium_urbis_felicitas	O_Tite_tute_Tati_tibi_tanta_tyranne_tulisti	id_quod_plerumque_accidit	cacatum_non_est_pictum	scientiae_et_patriae	575	50	Stable Disease	scientiae_cedit_mare
radiotherapy	CTDC-PARTICIPANT-985685	CTDC-RADIOTHERAPY-691797	scientia_imperii_decus_et_tutamen	Macte_animo_Generose_puer_sic_itur_ad_astra	saltus_in_demonstrando	pace_tua	Obedientia_civium_urbis_felicitas	O_Tite_tute_Tati_tibi_tanta_tyranne_tulisti	953	607	Too Early	scientia_et_sapientia
radiotherapy	CTDC-PARTICIPANT-985685	CTDC-RADIOTHERAPY-196900	saltus_in_demonstrando	sapiens_qui_prospicit	scientia_imperii_decus_et_tutamen	a_bene_placito	cacatum_non_est_pictum	scientia_imperii_decus_et_tutamen	337	948	Complete Response	sapiens_qui_prospicit
radiotherapy	CTDC-PARTICIPANT-142229	CTDC-RADIOTHERAPY-303362	id_quod_plerumque_accidit	Gallia_est_omnis_divisa_in_partes_tres	cacatum_non_est_pictum	Gallia_est_omnis_divisa_in_partes_tres	scientiae_cedit_mare	sapiens_qui_prospicit	716	31	Partial Response	Macte_animo_Generose_puer_sic_itur_ad_astra
radiotherapy	CTDC-PARTICIPANT-142229	CTDC-RADIOTHERAPY-173921	scientia_imperii_decus_et_tutamen	salus_in_arduis	Gallia_est_omnis_divisa_in_partes_tres	haec_olim_meminisse_iuvabit	nascentes_morimur_finisque_ab_origine_pendet	a_bene_placito	858	31	Too Early	scientia_et_sapientia
radiotherapy	CTDC-PARTICIPANT-293557	CTDC-RADIOTHERAPY-101610	damnant_quod_non_intellegunt	scientiae_cedit_mare	haec_olim_meminisse_iuvabit	Obedientia_civium_urbis_felicitas	labor_ipse_voluptas	imperium_in_imperio	541	126	Stable Disease	sapiens_qui_prospicit
radiotherapy	CTDC-PARTICIPANT-293557	CTDC-RADIOTHERAPY-581757	a_bene_placito	scientiae_cedit_mare	pace_tua	faber_est_suae_quisque_fortunae	damnant_quod_non_intellegunt	imperium_in_imperio	97	569	Partial Response	scientia_imperii_decus_et_tutamen
radiotherapy	CTDC-PARTICIPANT-380634	CTDC-RADIOTHERAPY-618200	imperium_in_imperio	Gallia_est_omnis_divisa_in_partes_tres	scientia_imperii_decus_et_tutamen	a_bene_placito	barba_crescit_caput_nescit	scientia_imperii_decus_et_tutamen	107	929	Not Assessed	scientia_imperii_decus_et_tutamen
radiotherapy	CTDC-PARTICIPANT-380634	CTDC-RADIOTHERAPY-505175	saltus_in_demonstrando	Obedientia_civium_urbis_felicitas	haec_olim_meminisse_iuvabit	imperium_in_imperio	imperium_in_imperio	nascentes_morimur_finisque_ab_origine_pendet	71	730	Progressive Disease	scientia_imperii_decus_et_tutamen
radiotherapy	CTDC-PARTICIPANT-544681	CTDC-RADIOTHERAPY-321878	damnant_quod_non_intellegunt	Gallia_est_omnis_divisa_in_partes_tres	Obedientia_civium_urbis_felicitas	Gallia_est_omnis_divisa_in_partes_tres	barba_crescit_caput_nescit	saltus_in_demonstrando	920	942	Not Assessed	salus_in_arduis
radiotherapy	CTDC-PARTICIPANT-544681	CTDC-RADIOTHERAPY-563891	labor_ipse_voluptas	O_Tite_tute_Tati_tibi_tanta_tyranne_tulisti	scientia,_aere_perennius	labor_ipse_voluptas	pace_tua	Macte_animo_Generose_puer_sic_itur_ad_astra	263	18	Less than partial response	faber_est_suae_quisque_fortunae
radiotherapy	CTDC-PARTICIPANT-283258	CTDC-RADIOTHERAPY-416927	e_causa_ignota	cacatum_non_est_pictum	imperium_in_imperio	scientia_imperii_decus_et_tutamen	haec_olim_meminisse_iuvabit	Macte_animo_Generose_puer_sic_itur_ad_astra	196	458	Not Assessed	scientia_imperii_decus_et_tutamen
radiotherapy	CTDC-PARTICIPANT-283258	CTDC-RADIOTHERAPY-525712	scientiae_et_patriae	saltus_in_demonstrando	scientia_et_sapientia	cacatum_non_est_pictum	scientia_imperii_decus_et_tutamen	salus_in_arduis	126	952	Too Early	barba_crescit_caput_nescit
radiotherapy	CTDC-PARTICIPANT-722428	CTDC-RADIOTHERAPY-727111	labor_ipse_voluptas	faber_est_suae_quisque_fortunae	imperium_in_imperio	nascentes_morimur_finisque_ab_origine_pendet	scientia_imperii_decus_et_tutamen	a_bene_placito	35	208	Too Early	haec_olim_meminisse_iuvabit
radiotherapy	CTDC-PARTICIPANT-722428	CTDC-RADIOTHERAPY-871177	Gallia_est_omnis_divisa_in_partes_tres	nanos_gigantum_humeris_insidentes	Obedientia_civium_urbis_felicitas	Macte_animo_Generose_puer_sic_itur_ad_astra	Macte_animo_Generose_puer_sic_itur_ad_astra	e_causa_ignota	783	361	Too Early	pace_tua
radiotherapy	CTDC-PARTICIPANT-803065	CTDC-RADIOTHERAPY-931818	Obedientia_civium_urbis_felicitas	barba_crescit_caput_nescit	saltus_in_demonstrando	cacatum_non_est_pictum	scientiae_et_patriae	nanos_gigantum_humeris_insidentes	104	917	Less than partial response	damnant_quod_non_intellegunt
radiotherapy	CTDC-PARTICIPANT-803065	CTDC-RADIOTHERAPY-758430	Gallia_est_omnis_divisa_in_partes_tres	labor_ipse_voluptas	e_causa_ignota	faber_est_suae_quisque_fortunae	e_causa_ignota	id_quod_plerumque_accidit	500	488	Too Early	salus_in_arduis
radiotherapy	CTDC-PARTICIPANT-550111	CTDC-RADIOTHERAPY-593399	haec_olim_meminisse_iuvabit	Gallia_est_omnis_divisa_in_partes_tres	scientiae_et_patriae	labor_ipse_voluptas	scientia_et_labor	labor_ipse_voluptas	330	558	Partial Response	id_quod_plerumque_accidit
radiotherapy	CTDC-PARTICIPANT-550111	CTDC-RADIOTHERAPY-329639	nanos_gigantum_humeris_insidentes	nanos_gigantum_humeris_insidentes	damnant_quod_non_intellegunt	pace_tua	imperium_in_imperio	Gallia_est_omnis_divisa_in_partes_tres	276	378	Stable Disease	a_bene_placito
radiotherapy	CTDC-PARTICIPANT-401372	CTDC-RADIOTHERAPY-440489	scientia_et_sapientia	sapiens_qui_prospicit	sapiens_qui_prospicit	scientia_et_labor	faber_est_suae_quisque_fortunae	damnant_quod_non_intellegunt	34	934	Less than partial response	O_Tite_tute_Tati_tibi_tanta_tyranne_tulisti
radiotherapy	CTDC-PARTICIPANT-401372	CTDC-RADIOTHERAPY-256810	saltus_in_demonstrando	id_quod_plerumque_accidit	scientia_et_labor	labor_ipse_voluptas	nascentes_morimur_finisque_ab_origine_pendet	haec_olim_meminisse_iuvabit	364	639	Less than partial response	pace_tua
radiotherapy	CTDC-PARTICIPANT-209591	CTDC-RADIOTHERAPY-166579	imperium_in_imperio	damnant_quod_non_intellegunt	barba_crescit_caput_nescit	sapiens_qui_prospicit	barba_crescit_caput_nescit	scientiae_et_patriae	977	160	Less than partial response	a_bene_placito
radiotherapy	CTDC-PARTICIPANT-209591	CTDC-RADIOTHERAPY-244740	nanos_gigantum_humeris_insidentes	sapiens_qui_prospicit	nanos_gigantum_humeris_insidentes	nanos_gigantum_humeris_insidentes	cacatum_non_est_pictum	nanos_gigantum_humeris_insidentes	862	207	Too Early	scientia_et_sapientia
radiotherapy	CTDC-PARTICIPANT-511714	CTDC-RADIOTHERAPY-493692	barba_crescit_caput_nescit	O_Tite_tute_Tati_tibi_tanta_tyranne_tulisti	faber_est_suae_quisque_fortunae	saltus_in_demonstrando	cacatum_non_est_pictum	Obedientia_civium_urbis_felicitas	996	146	Less than partial response	nascentes_morimur_finisque_ab_origine_pendet
radiotherapy	CTDC-PARTICIPANT-511714	CTDC-RADIOTHERAPY-217760	a_bene_placito	Macte_animo_Generose_puer_sic_itur_ad_astra	imperium_in_imperio	scientia_et_labor	Obedientia_civium_urbis_felicitas	O_Tite_tute_Tati_tibi_tanta_tyranne_tulisti	180	604	Not Assessed	scientiae_et_patriae
radiotherapy	CTDC-PARTICIPANT-111632	CTDC-RADIOTHERAPY-437100	faber_est_suae_quisque_fortunae	scientia_imperii_decus_et_tutamen	pace_tua	saltus_in_demonstrando	saltus_in_demonstrando	damnant_quod_non_intellegunt	817	452	Too Early	sapiens_qui_prospicit
radiotherapy	CTDC-PARTICIPANT-111632	CTDC-RADIOTHERAPY-132614	scientiae_cedit_mare	haec_olim_meminisse_iuvabit	barba_crescit_caput_nescit	Obedientia_civium_urbis_felicitas	id_quod_plerumque_accidit	scientia_imperii_decus_et_tutamen	194	888	Not Assessed	O_Tite_tute_Tati_tibi_tanta_tyranne_tulisti
radiotherapy	CTDC-PARTICIPANT-737735	CTDC-RADIOTHERAPY-953566	barba_crescit_caput_nescit	sapiens_qui_prospicit	scientia_et_sapientia	labor_ipse_voluptas	saltus_in_demonstrando	scientiae_et_patriae	193	444	Not Assessed	damnant_quod_non_intellegunt
radiotherapy	CTDC-PARTICIPANT-737735	CTDC-RADIOTHERAPY-646318	scientia_et_labor	nanos_gigantum_humeris_insidentes	nascentes_morimur_finisque_ab_origine_pendet	Macte_animo_Generose_puer_sic_itur_ad_astra	scientiae_et_patriae	nascentes_morimur_finisque_ab_origine_pendet	335	388	Unknown	sapiens_qui_prospicit
radiotherapy	CTDC-PARTICIPANT-831722	CTDC-RADIOTHERAPY-911691	Obedientia_civium_urbis_felicitas	imperium_in_imperio	e_causa_ignota	salus_in_arduis	id_quod_plerumque_accidit	id_quod_plerumque_accidit	630	344	Complete Response	saltus_in_demonstrando
radiotherapy	CTDC-PARTICIPANT-831722	CTDC-RADIOTHERAPY-115327	barba_crescit_caput_nescit	scientiae_et_patriae	Obedientia_civium_urbis_felicitas	scientia_et_labor	Gallia_est_omnis_divisa_in_partes_tres	scientia,_aere_perennius	544	872	Partial Response	faber_est_suae_quisque_fortunae
radiotherapy	CTDC-PARTICIPANT-192370	CTDC-RADIOTHERAPY-955653	e_causa_ignota	salus_in_arduis	imperium_in_imperio	scientia_et_sapientia	labor_ipse_voluptas	O_Tite_tute_Tati_tibi_tanta_tyranne_tulisti	228	741	Not Assessed	barba_crescit_caput_nescit
radiotherapy	CTDC-PARTICIPANT-192370	CTDC-RADIOTHERAPY-940048	nascentes_morimur_finisque_ab_origine_pendet	cacatum_non_est_pictum	sapiens_qui_prospicit	O_Tite_tute_Tati_tibi_tanta_tyranne_tulisti	imperium_in_imperio	imperium_in_imperio	875	787	Less than partial response	barba_crescit_caput_nescit
radiotherapy	CTDC-PARTICIPANT-539739	CTDC-RADIOTHERAPY-386545	damnant_quod_non_intellegunt	O_Tite_tute_Tati_tibi_tanta_tyranne_tulisti	haec_olim_meminisse_iuvabit	faber_est_suae_quisque_fortunae	scientia_et_labor	scientia_imperii_decus_et_tutamen	267	237	Too Early	haec_olim_meminisse_iuvabit
radiotherapy	CTDC-PARTICIPANT-539739	CTDC-RADIOTHERAPY-290172	pace_tua	faber_est_suae_quisque_fortunae	e_causa_ignota	barba_crescit_caput_nescit	scientiae_cedit_mare	imperium_in_imperio	981	207	Unknown	imperium_in_imperio
radiotherapy	CTDC-PARTICIPANT-402131	CTDC-RADIOTHERAPY-348515	scientiae_cedit_mare	nascentes_morimur_finisque_ab_origine_pendet	Gallia_est_omnis_divisa_in_partes_tres	nanos_gigantum_humeris_insidentes	nascentes_morimur_finisque_ab_origine_pendet	scientia,_aere_perennius	545	878	Progressive Disease	id_quod_plerumque_accidit
radiotherapy	CTDC-PARTICIPANT-402131	CTDC-RADIOTHERAPY-973611	sapiens_qui_prospicit	scientiae_et_patriae	scientiae_et_patriae	Macte_animo_Generose_puer_sic_itur_ad_astra	scientiae_et_patriae	faber_est_suae_quisque_fortunae	717	815	Unknown	nanos_gigantum_humeris_insidentes
radiotherapy	CTDC-PARTICIPANT-306628	CTDC-RADIOTHERAPY-846139	scientia_et_sapientia	O_Tite_tute_Tati_tibi_tanta_tyranne_tulisti	haec_olim_meminisse_iuvabit	salus_in_arduis	Obedientia_civium_urbis_felicitas	scientiae_et_patriae	192	183	Complete Response	scientia_et_sapientia
radiotherapy	CTDC-PARTICIPANT-306628	CTDC-RADIOTHERAPY-138298	pace_tua	nanos_gigantum_humeris_insidentes	O_Tite_tute_Tati_tibi_tanta_tyranne_tulisti	nanos_gigantum_humeris_insidentes	scientia_et_sapientia	id_quod_plerumque_accidit	750	215	Too Early	sapiens_qui_prospicit
radiotherapy	CTDC-PARTICIPANT-601551	CTDC-RADIOTHERAPY-355043	Macte_animo_Generose_puer_sic_itur_ad_astra	scientia_imperii_decus_et_tutamen	scientia,_aere_perennius	scientiae_et_patriae	Gallia_est_omnis_divisa_in_partes_tres	scientiae_et_patriae	192	893	Stable Disease	sapiens_qui_prospicit
radiotherapy	CTDC-PARTICIPANT-601551	CTDC-RADIOTHERAPY-505122	Macte_animo_Generose_puer_sic_itur_ad_astra	scientia_imperii_decus_et_tutamen	cacatum_non_est_pictum	imperium_in_imperio	imperium_in_imperio	imperium_in_imperio	821	24	Progressive Disease	scientia,_aere_perennius
radiotherapy	CTDC-PARTICIPANT-617839	CTDC-RADIOTHERAPY-323423	labor_ipse_voluptas	pace_tua	imperium_in_imperio	Macte_animo_Generose_puer_sic_itur_ad_astra	id_quod_plerumque_accidit	scientia_imperii_decus_et_tutamen	175	649	Not Evaluable	nanos_gigantum_humeris_insidentes
radiotherapy	CTDC-PARTICIPANT-617839	CTDC-RADIOTHERAPY-153466	faber_est_suae_quisque_fortunae	haec_olim_meminisse_iuvabit	salus_in_arduis	scientia,_aere_perennius	barba_crescit_caput_nescit	haec_olim_meminisse_iuvabit	287	742	Less than partial response	scientia_imperii_decus_et_tutamen
radiotherapy	CTDC-PARTICIPANT-878648	CTDC-RADIOTHERAPY-671918	scientia_et_labor	e_causa_ignota	imperium_in_imperio	saltus_in_demonstrando	scientiae_et_patriae	saltus_in_demonstrando	655	530	Too Early	salus_in_arduis
radiotherapy	CTDC-PARTICIPANT-878648	CTDC-RADIOTHERAPY-345104	damnant_quod_non_intellegunt	id_quod_plerumque_accidit	Gallia_est_omnis_divisa_in_partes_tres	scientiae_cedit_mare	scientia_et_labor	Gallia_est_omnis_divisa_in_partes_tres	496	562	Complete Response	O_Tite_tute_Tati_tibi_tanta_tyranne_tulisti
radiotherapy	CTDC-PARTICIPANT-527815	CTDC-RADIOTHERAPY-761400	barba_crescit_caput_nescit	cacatum_non_est_pictum	scientia_et_labor	salus_in_arduis	faber_est_suae_quisque_fortunae	sapiens_qui_prospicit	871	503	Unknown	Macte_animo_Generose_puer_sic_itur_ad_astra
radiotherapy	CTDC-PARTICIPANT-527815	CTDC-RADIOTHERAPY-919255	nanos_gigantum_humeris_insidentes	faber_est_suae_quisque_fortunae	Obedientia_civium_urbis_felicitas	saltus_in_demonstrando	Macte_animo_Generose_puer_sic_itur_ad_astra	scientia_et_labor	483	284	Unknown	damnant_quod_non_intellegunt
radiotherapy	CTDC-PARTICIPANT-861878	CTDC-RADIOTHERAPY-270153	scientia_imperii_decus_et_tutamen	labor_ipse_voluptas	labor_ipse_voluptas	cacatum_non_est_pictum	Gallia_est_omnis_divisa_in_partes_tres	pace_tua	283	380	Unknown	cacatum_non_est_pictum
radiotherapy	CTDC-PARTICIPANT-861878	CTDC-RADIOTHERAPY-622459	a_bene_placito	scientia_et_sapientia	Macte_animo_Generose_puer_sic_itur_ad_astra	nanos_gigantum_humeris_insidentes	a_bene_placito	O_Tite_tute_Tati_tibi_tanta_tyranne_tulisti	136	808	Complete Response	scientiae_cedit_mare
radiotherapy	CTDC-PARTICIPANT-911077	CTDC-RADIOTHERAPY-826858	faber_est_suae_quisque_fortunae	scientia,_aere_perennius	damnant_quod_non_intellegunt	nanos_gigantum_humeris_insidentes	nanos_gigantum_humeris_insidentes	scientia,_aere_perennius	574	44	Not Assessed	salus_in_arduis
radiotherapy	CTDC-PARTICIPANT-911077	CTDC-RADIOTHERAPY-824613	labor_ipse_voluptas	barba_crescit_caput_nescit	sapiens_qui_prospicit	Gallia_est_omnis_divisa_in_partes_tres	scientia_et_labor	faber_est_suae_quisque_fortunae	263	884	Complete Response	scientia_et_labor
radiotherapy	CTDC-PARTICIPANT-538954	CTDC-RADIOTHERAPY-575570	Obedientia_civium_urbis_felicitas	nanos_gigantum_humeris_insidentes	imperium_in_imperio	scientia_et_sapientia	imperium_in_imperio	barba_crescit_caput_nescit	646	477	Too Early	barba_crescit_caput_nescit
radiotherapy	CTDC-PARTICIPANT-538954	CTDC-RADIOTHERAPY-743461	imperium_in_imperio	scientia,_aere_perennius	nascentes_morimur_finisque_ab_origine_pendet	scientiae_cedit_mare	scientiae_cedit_mare	scientia_et_labor	670	467	Too Early	haec_olim_meminisse_iuvabit
radiotherapy	CTDC-PARTICIPANT-236517	CTDC-RADIOTHERAPY-140927	scientiae_cedit_mare	haec_olim_meminisse_iuvabit	scientia_et_labor	a_bene_placito	scientia_imperii_decus_et_tutamen	cacatum_non_est_pictum	712	841	Less than partial response	O_Tite_tute_Tati_tibi_tanta_tyranne_tulisti
radiotherapy	CTDC-PARTICIPANT-236517	CTDC-RADIOTHERAPY-477186	scientia,_aere_perennius	Obedientia_civium_urbis_felicitas	O_Tite_tute_Tati_tibi_tanta_tyranne_tulisti	e_causa_ignota	salus_in_arduis	nanos_gigantum_humeris_insidentes	122	160	Stable Disease	nascentes_morimur_finisque_ab_origine_pendet
radiotherapy	CTDC-PARTICIPANT-569457	CTDC-RADIOTHERAPY-325390	haec_olim_meminisse_iuvabit	barba_crescit_caput_nescit	pace_tua	e_causa_ignota	Macte_animo_Generose_puer_sic_itur_ad_astra	nascentes_morimur_finisque_ab_origine_pendet	954	185	Partial Response	saltus_in_demonstrando
radiotherapy	CTDC-PARTICIPANT-569457	CTDC-RADIOTHERAPY-228885	nascentes_morimur_finisque_ab_origine_pendet	Gallia_est_omnis_divisa_in_partes_tres	a_bene_placito	haec_olim_meminisse_iuvabit	pace_tua	sapiens_qui_prospicit	491	586	Complete Response	cacatum_non_est_pictum
radiotherapy	CTDC-PARTICIPANT-535037	CTDC-RADIOTHERAPY-716240	scientiae_cedit_mare	scientia_et_sapientia	nanos_gigantum_humeris_insidentes	saltus_in_demonstrando	Gallia_est_omnis_divisa_in_partes_tres	salus_in_arduis	565	909	Complete Response	scientia,_aere_perennius
radiotherapy	CTDC-PARTICIPANT-535037	CTDC-RADIOTHERAPY-459026	labor_ipse_voluptas	cacatum_non_est_pictum	Macte_animo_Generose_puer_sic_itur_ad_astra	scientia_et_sapientia	scientiae_cedit_mare	nanos_gigantum_humeris_insidentes	180	779	Progressive Disease	Macte_animo_Generose_puer_sic_itur_ad_astra
radiotherapy	CTDC-PARTICIPANT-197469	CTDC-RADIOTHERAPY-243999	imperium_in_imperio	O_Tite_tute_Tati_tibi_tanta_tyranne_tulisti	nanos_gigantum_humeris_insidentes	Gallia_est_omnis_divisa_in_partes_tres	id_quod_plerumque_accidit	labor_ipse_voluptas	412	49	Less than partial response	damnant_quod_non_intellegunt
radiotherapy	CTDC-PARTICIPANT-197469	CTDC-RADIOTHERAPY-169264	scientia_et_labor	Gallia_est_omnis_divisa_in_partes_tres	labor_ipse_voluptas	faber_est_suae_quisque_fortunae	cacatum_non_est_pictum	scientia,_aere_perennius	225	135	Unknown	scientiae_et_patriae
radiotherapy	CTDC-PARTICIPANT-612804	CTDC-RADIOTHERAPY-143592	nascentes_morimur_finisque_ab_origine_pendet	scientia_et_labor	cacatum_non_est_pictum	barba_crescit_caput_nescit	labor_ipse_voluptas	id_quod_plerumque_accidit	109	418	Not Assessed	haec_olim_meminisse_iuvabit
radiotherapy	CTDC-PARTICIPANT-612804	CTDC-RADIOTHERAPY-379660	labor_ipse_voluptas	damnant_quod_non_intellegunt	sapiens_qui_prospicit	faber_est_suae_quisque_fortunae	faber_est_suae_quisque_fortunae	haec_olim_meminisse_iuvabit	391	88	Too Early	scientia_et_sapientia
radiotherapy	CTDC-PARTICIPANT-885879	CTDC-RADIOTHERAPY-776187	nascentes_morimur_finisque_ab_origine_pendet	salus_in_arduis	faber_est_suae_quisque_fortunae	e_causa_ignota	a_bene_placito	scientiae_cedit_mare	140	527	Too Early	O_Tite_tute_Tati_tibi_tanta_tyranne_tulisti
radiotherapy	CTDC-PARTICIPANT-885879	CTDC-RADIOTHERAPY-411074	e_causa_ignota	cacatum_non_est_pictum	nanos_gigantum_humeris_insidentes	salus_in_arduis	Macte_animo_Generose_puer_sic_itur_ad_astra	id_quod_plerumque_accidit	390	50	Too Early	Macte_animo_Generose_puer_sic_itur_ad_astra
radiotherapy	CTDC-PARTICIPANT-381907	CTDC-RADIOTHERAPY-109495	faber_est_suae_quisque_fortunae	saltus_in_demonstrando	a_bene_placito	scientia_et_labor	damnant_quod_non_intellegunt	id_quod_plerumque_accidit	534	55	Progressive Disease	O_Tite_tute_Tati_tibi_tanta_tyranne_tulisti
radiotherapy	CTDC-PARTICIPANT-381907	CTDC-RADIOTHERAPY-978563	Obedientia_civium_urbis_felicitas	id_quod_plerumque_accidit	pace_tua	a_bene_placito	faber_est_suae_quisque_fortunae	cacatum_non_est_pictum	982	977	Unknown	damnant_quod_non_intellegunt
radiotherapy	CTDC-PARTICIPANT-942171	CTDC-RADIOTHERAPY-559289	salus_in_arduis	scientia,_aere_perennius	Obedientia_civium_urbis_felicitas	scientiae_cedit_mare	Obedientia_civium_urbis_felicitas	nanos_gigantum_humeris_insidentes	723	248	Not Evaluable	barba_crescit_caput_nescit
radiotherapy	CTDC-PARTICIPANT-942171	CTDC-RADIOTHERAPY-667160	salus_in_arduis	cacatum_non_est_pictum	nascentes_morimur_finisque_ab_origine_pendet	haec_olim_meminisse_iuvabit	scientiae_et_patriae	scientia_et_sapientia	825	863	Too Early	Gallia_est_omnis_divisa_in_partes_tres
radiotherapy	CTDC-PARTICIPANT-308600	CTDC-RADIOTHERAPY-140503	damnant_quod_non_intellegunt	scientia,_aere_perennius	cacatum_non_est_pictum	damnant_quod_non_intellegunt	cacatum_non_est_pictum	saltus_in_demonstrando	134	999	Progressive Disease	barba_crescit_caput_nescit
radiotherapy	CTDC-PARTICIPANT-308600	CTDC-RADIOTHERAPY-770042	scientia_et_sapientia	haec_olim_meminisse_iuvabit	nanos_gigantum_humeris_insidentes	saltus_in_demonstrando	id_quod_plerumque_accidit	nascentes_morimur_finisque_ab_origine_pendet	771	906	Progressive Disease	labor_ipse_voluptas
radiotherapy	CTDC-PARTICIPANT-608046	CTDC-RADIOTHERAPY-562649	Obedientia_civium_urbis_felicitas	Obedientia_civium_urbis_felicitas	sapiens_qui_prospicit	labor_ipse_voluptas	Macte_animo_Generose_puer_sic_itur_ad_astra	pace_tua	403	787	Less than partial response	haec_olim_meminisse_iuvabit
radiotherapy	CTDC-PARTICIPANT-608046	CTDC-RADIOTHERAPY-900169	scientia_et_sapientia	pace_tua	barba_crescit_caput_nescit	haec_olim_meminisse_iuvabit	Macte_animo_Generose_puer_sic_itur_ad_astra	scientia_et_sapientia	381	1000	Not Assessed	Obedientia_civium_urbis_felicitas
radiotherapy	CTDC-PARTICIPANT-907234	CTDC-RADIOTHERAPY-608544	nanos_gigantum_humeris_insidentes	nascentes_morimur_finisque_ab_origine_pendet	faber_est_suae_quisque_fortunae	scientia_et_labor	nascentes_morimur_finisque_ab_origine_pendet	nascentes_morimur_finisque_ab_origine_pendet	483	657	Partial Response	haec_olim_meminisse_iuvabit
radiotherapy	CTDC-PARTICIPANT-907234	CTDC-RADIOTHERAPY-567423	haec_olim_meminisse_iuvabit	Macte_animo_Generose_puer_sic_itur_ad_astra	nascentes_morimur_finisque_ab_origine_pendet	scientiae_cedit_mare	scientiae_cedit_mare	cacatum_non_est_pictum	173	200	Not Assessed	haec_olim_meminisse_iuvabit
radiotherapy	CTDC-PARTICIPANT-607211	CTDC-RADIOTHERAPY-261562	damnant_quod_non_intellegunt	Gallia_est_omnis_divisa_in_partes_tres	scientia_et_sapientia	saltus_in_demonstrando	id_quod_plerumque_accidit	id_quod_plerumque_accidit	876	373	Stable Disease	scientia_et_sapientia
radiotherapy	CTDC-PARTICIPANT-607211	CTDC-RADIOTHERAPY-249197	saltus_in_demonstrando	imperium_in_imperio	scientia_et_labor	O_Tite_tute_Tati_tibi_tanta_tyranne_tulisti	faber_est_suae_quisque_fortunae	saltus_in_demonstrando	639	372	Not Evaluable	scientia,_aere_perennius
radiotherapy	CTDC-PARTICIPANT-415523	CTDC-RADIOTHERAPY-425149	cacatum_non_est_pictum	scientiae_et_patriae	scientiae_et_patriae	scientia_et_sapientia	Obedientia_civium_urbis_felicitas	O_Tite_tute_Tati_tibi_tanta_tyranne_tulisti	697	554	Less than partial response	imperium_in_imperio
radiotherapy	CTDC-PARTICIPANT-415523	CTDC-RADIOTHERAPY-994402	imperium_in_imperio	Obedientia_civium_urbis_felicitas	scientia_imperii_decus_et_tutamen	barba_crescit_caput_nescit	saltus_in_demonstrando	barba_crescit_caput_nescit	250	636	Unknown	salus_in_arduis
radiotherapy	CTDC-PARTICIPANT-320437	CTDC-RADIOTHERAPY-208173	a_bene_placito	nascentes_morimur_finisque_ab_origine_pendet	scientia_et_sapientia	a_bene_placito	imperium_in_imperio	nascentes_morimur_finisque_ab_origine_pendet	797	900	Complete Response	saltus_in_demonstrando
radiotherapy	CTDC-PARTICIPANT-320437	CTDC-RADIOTHERAPY-674951	e_causa_ignota	sapiens_qui_prospicit	Obedientia_civium_urbis_felicitas	Obedientia_civium_urbis_felicitas	scientia_et_labor	imperium_in_imperio	343	973	Progressive Disease	haec_olim_meminisse_iuvabit
radiotherapy	CTDC-PARTICIPANT-245974	CTDC-RADIOTHERAPY-942015	faber_est_suae_quisque_fortunae	scientia_imperii_decus_et_tutamen	Obedientia_civium_urbis_felicitas	a_bene_placito	imperium_in_imperio	Obedientia_civium_urbis_felicitas	492	621	Less than partial response	cacatum_non_est_pictum
radiotherapy	CTDC-PARTICIPANT-245974	CTDC-RADIOTHERAPY-491023	scientiae_et_patriae	labor_ipse_voluptas	nascentes_morimur_finisque_ab_origine_pendet	nanos_gigantum_humeris_insidentes	nascentes_morimur_finisque_ab_origine_pendet	scientiae_et_patriae	135	695	Partial Response	salus_in_arduis
radiotherapy	CTDC-PARTICIPANT-784737	CTDC-RADIOTHERAPY-842241	scientia,_aere_perennius	nascentes_morimur_finisque_ab_origine_pendet	nanos_gigantum_humeris_insidentes	scientia_et_labor	saltus_in_demonstrando	nanos_gigantum_humeris_insidentes	387	361	Too Early	nascentes_morimur_finisque_ab_origine_pendet
radiotherapy	CTDC-PARTICIPANT-784737	CTDC-RADIOTHERAPY-800418	scientiae_cedit_mare	cacatum_non_est_pictum	haec_olim_meminisse_iuvabit	O_Tite_tute_Tati_tibi_tanta_tyranne_tulisti	nanos_gigantum_humeris_insidentes	salus_in_arduis	558	512	Too Early	labor_ipse_voluptas
radiotherapy	CTDC-PARTICIPANT-128362	CTDC-RADIOTHERAPY-855298	scientiae_et_patriae	faber_est_suae_quisque_fortunae	sapiens_qui_prospicit	damnant_quod_non_intellegunt	faber_est_suae_quisque_fortunae	sapiens_qui_prospicit	93	469	Not Assessed	haec_olim_meminisse_iuvabit
radiotherapy	CTDC-PARTICIPANT-128362	CTDC-RADIOTHERAPY-783695	a_bene_placito	nascentes_morimur_finisque_ab_origine_pendet	damnant_quod_non_intellegunt	imperium_in_imperio	a_bene_placito	cacatum_non_est_pictum	138	885	Unknown	barba_crescit_caput_nescit
radiotherapy	CTDC-PARTICIPANT-877157	CTDC-RADIOTHERAPY-926599	Gallia_est_omnis_divisa_in_partes_tres	Macte_animo_Generose_puer_sic_itur_ad_astra	faber_est_suae_quisque_fortunae	pace_tua	scientiae_cedit_mare	nanos_gigantum_humeris_insidentes	575	615	Progressive Disease	sapiens_qui_prospicit
radiotherapy	CTDC-PARTICIPANT-877157	CTDC-RADIOTHERAPY-196236	saltus_in_demonstrando	scientia_et_labor	imperium_in_imperio	imperium_in_imperio	scientiae_cedit_mare	sapiens_qui_prospicit	158	975	Too Early	haec_olim_meminisse_iuvabit
radiotherapy	CTDC-PARTICIPANT-136884	CTDC-RADIOTHERAPY-780285	scientiae_cedit_mare	sapiens_qui_prospicit	scientia_et_sapientia	nanos_gigantum_humeris_insidentes	O_Tite_tute_Tati_tibi_tanta_tyranne_tulisti	O_Tite_tute_Tati_tibi_tanta_tyranne_tulisti	345	749	Partial Response	Macte_animo_Generose_puer_sic_itur_ad_astra
radiotherapy	CTDC-PARTICIPANT-136884	CTDC-RADIOTHERAPY-666401	cacatum_non_est_pictum	saltus_in_demonstrando	pace_tua	imperium_in_imperio	saltus_in_demonstrando	Macte_animo_Generose_puer_sic_itur_ad_astra	494	791	Unknown	scientia,_aere_perennius
radiotherapy	CTDC-PARTICIPANT-188851	CTDC-RADIOTHERAPY-409298	salus_in_arduis	Gallia_est_omnis_divisa_in_partes_tres	scientia_et_sapientia	scientia_et_labor	imperium_in_imperio	Obedientia_civium_urbis_felicitas	113	68	Complete Response	faber_est_suae_quisque_fortunae
radiotherapy	CTDC-PARTICIPANT-188851	CTDC-RADIOTHERAPY-137645	imperium_in_imperio	scientiae_et_patriae	scientiae_et_patriae	pace_tua	scientia_imperii_decus_et_tutamen	pace_tua	592	508	Partial Response	scientia,_aere_perennius
radiotherapy	CTDC-PARTICIPANT-439928	CTDC-RADIOTHERAPY-464511	scientia,_aere_perennius	damnant_quod_non_intellegunt	faber_est_suae_quisque_fortunae	damnant_quod_non_intellegunt	scientia,_aere_perennius	imperium_in_imperio	213	600	Unknown	Obedientia_civium_urbis_felicitas
radiotherapy	CTDC-PARTICIPANT-439928	CTDC-RADIOTHERAPY-543478	saltus_in_demonstrando	sapiens_qui_prospicit	scientia_et_labor	barba_crescit_caput_nescit	pace_tua	scientiae_et_patriae	841	647	Not Evaluable	scientia,_aere_perennius
radiotherapy	CTDC-PARTICIPANT-704267	CTDC-RADIOTHERAPY-632020	scientiae_cedit_mare	a_bene_placito	O_Tite_tute_Tati_tibi_tanta_tyranne_tulisti	scientiae_et_patriae	nascentes_morimur_finisque_ab_origine_pendet	nanos_gigantum_humeris_insidentes	174	402	Partial Response	pace_tua
radiotherapy	CTDC-PARTICIPANT-704267	CTDC-RADIOTHERAPY-361868	barba_crescit_caput_nescit	faber_est_suae_quisque_fortunae	scientia_et_sapientia	scientia_et_labor	scientia_et_labor	damnant_quod_non_intellegunt	888	923	Too Early	scientiae_cedit_mare
radiotherapy	CTDC-PARTICIPANT-274862	CTDC-RADIOTHERAPY-760746	Obedientia_civium_urbis_felicitas	a_bene_placito	scientiae_cedit_mare	a_bene_placito	saltus_in_demonstrando	a_bene_placito	667	375	Not Evaluable	scientia,_aere_perennius
radiotherapy	CTDC-PARTICIPANT-274862	CTDC-RADIOTHERAPY-874136	nascentes_morimur_finisque_ab_origine_pendet	imperium_in_imperio	pace_tua	scientia_et_labor	imperium_in_imperio	imperium_in_imperio	43	436	Partial Response	Gallia_est_omnis_divisa_in_partes_tres
radiotherapy	CTDC-PARTICIPANT-669146	CTDC-RADIOTHERAPY-357927	O_Tite_tute_Tati_tibi_tanta_tyranne_tulisti	salus_in_arduis	saltus_in_demonstrando	scientiae_et_patriae	scientia,_aere_perennius	Gallia_est_omnis_divisa_in_partes_tres	721	174	Not Evaluable	damnant_quod_non_intellegunt
radiotherapy	CTDC-PARTICIPANT-669146	CTDC-RADIOTHERAPY-286876	labor_ipse_voluptas	imperium_in_imperio	cacatum_non_est_pictum	barba_crescit_caput_nescit	sapiens_qui_prospicit	a_bene_placito	980	981	Less than partial response	scientiae_cedit_mare
radiotherapy	CTDC-PARTICIPANT-174961	CTDC-RADIOTHERAPY-592714	scientia_imperii_decus_et_tutamen	barba_crescit_caput_nescit	haec_olim_meminisse_iuvabit	pace_tua	Gallia_est_omnis_divisa_in_partes_tres	labor_ipse_voluptas	346	643	Partial Response	id_quod_plerumque_accidit
radiotherapy	CTDC-PARTICIPANT-174961	CTDC-RADIOTHERAPY-320739	sapiens_qui_prospicit	imperium_in_imperio	O_Tite_tute_Tati_tibi_tanta_tyranne_tulisti	Macte_animo_Generose_puer_sic_itur_ad_astra	cacatum_non_est_pictum	saltus_in_demonstrando	149	42	Not Evaluable	nanos_gigantum_humeris_insidentes
radiotherapy	CTDC-PARTICIPANT-957696	CTDC-RADIOTHERAPY-412043	O_Tite_tute_Tati_tibi_tanta_tyranne_tulisti	sapiens_qui_prospicit	scientia,_aere_perennius	sapiens_qui_prospicit	pace_tua	scientiae_et_patriae	752	235	Progressive Disease	scientia_imperii_decus_et_tutamen
radiotherapy	CTDC-PARTICIPANT-957696	CTDC-RADIOTHERAPY-477328	scientia,_aere_perennius	labor_ipse_voluptas	id_quod_plerumque_accidit	nascentes_morimur_finisque_ab_origine_pendet	scientiae_cedit_mare	scientiae_et_patriae	315	128	Not Assessed	scientiae_cedit_mare
radiotherapy	CTDC-PARTICIPANT-811131	CTDC-RADIOTHERAPY-582559	saltus_in_demonstrando	faber_est_suae_quisque_fortunae	barba_crescit_caput_nescit	Gallia_est_omnis_divisa_in_partes_tres	scientiae_et_patriae	a_bene_placito	241	404	Stable Disease	O_Tite_tute_Tati_tibi_tanta_tyranne_tulisti
radiotherapy	CTDC-PARTICIPANT-811131	CTDC-RADIOTHERAPY-331343	id_quod_plerumque_accidit	Gallia_est_omnis_divisa_in_partes_tres	haec_olim_meminisse_iuvabit	scientia_imperii_decus_et_tutamen	barba_crescit_caput_nescit	imperium_in_imperio	713	877	Not Evaluable	cacatum_non_est_pictum
radiotherapy	CTDC-PARTICIPANT-377066	CTDC-RADIOTHERAPY-254226	salus_in_arduis	faber_est_suae_quisque_fortunae	scientia_et_sapientia	cacatum_non_est_pictum	Macte_animo_Generose_puer_sic_itur_ad_astra	scientia_et_labor	49	680	Less than partial response	salus_in_arduis
radiotherapy	CTDC-PARTICIPANT-377066	CTDC-RADIOTHERAPY-989550	scientia,_aere_perennius	imperium_in_imperio	nascentes_morimur_finisque_ab_origine_pendet	cacatum_non_est_pictum	Obedientia_civium_urbis_felicitas	faber_est_suae_quisque_fortunae	734	470	Progressive Disease	damnant_quod_non_intellegunt
radiotherapy	CTDC-PARTICIPANT-115266	CTDC-RADIOTHERAPY-884718	nanos_gigantum_humeris_insidentes	faber_est_suae_quisque_fortunae	id_quod_plerumque_accidit	nanos_gigantum_humeris_insidentes	nanos_gigantum_humeris_insidentes	saltus_in_demonstrando	291	828	Progressive Disease	damnant_quod_non_intellegunt
radiotherapy	CTDC-PARTICIPANT-115266	CTDC-RADIOTHERAPY-852405	scientia_imperii_decus_et_tutamen	haec_olim_meminisse_iuvabit	Gallia_est_omnis_divisa_in_partes_tres	scientia_et_sapientia	scientiae_cedit_mare	barba_crescit_caput_nescit	599	745	Not Assessed	saltus_in_demonstrando
radiotherapy	CTDC-PARTICIPANT-513568	CTDC-RADIOTHERAPY-711871	Gallia_est_omnis_divisa_in_partes_tres	e_causa_ignota	scientia_et_labor	imperium_in_imperio	e_causa_ignota	scientia,_aere_perennius	800	769	Not Assessed	faber_est_suae_quisque_fortunae
radiotherapy	CTDC-PARTICIPANT-513568	CTDC-RADIOTHERAPY-669709	scientia,_aere_perennius	Obedientia_civium_urbis_felicitas	saltus_in_demonstrando	salus_in_arduis	pace_tua	Gallia_est_omnis_divisa_in_partes_tres	907	597	Unknown	salus_in_arduis
radiotherapy	CTDC-PARTICIPANT-943998	CTDC-RADIOTHERAPY-629561	cacatum_non_est_pictum	labor_ipse_voluptas	imperium_in_imperio	imperium_in_imperio	pace_tua	barba_crescit_caput_nescit	496	668	Not Evaluable	imperium_in_imperio
radiotherapy	CTDC-PARTICIPANT-943998	CTDC-RADIOTHERAPY-536122	id_quod_plerumque_accidit	damnant_quod_non_intellegunt	O_Tite_tute_Tati_tibi_tanta_tyranne_tulisti	Obedientia_civium_urbis_felicitas	nascentes_morimur_finisque_ab_origine_pendet	id_quod_plerumque_accidit	934	752	Less than partial response	sapiens_qui_prospicit
