type	participant.participant_id	specimen_record_id	specimen_type	specimen_category	anatomical_collection_site	tissue_category	assessment_timepoint	collection_date	crdc_id
specimen	CTDC-PARTICIPANT-690294	CTDC-SPECIMEN-523452	Formalin Fixed Tissue	STOOL	scientia_et_sapientia	Metastatic	On Treatment (Fresh)	629.43	scientiae_et_patriae
specimen	CTDC-PARTICIPANT-690294	CTDC-SPECIMEN-646949	FFPE Block	OTHER BODILY FLUIDs	scientia_et_sapientia	Primary	ON TREATMENT	786.63	saltus_in_demonstrando
specimen	CTDC-PARTICIPANT-432211	CTDC-SPECIMEN-894295	Cell Block	BONE MARROW	barba_crescit_caput_nescit	Normal	Baseline (Fresh)	56.4	Macte_animo_Generose_puer_sic_itur_ad_astra
specimen	CTDC-PARTICIPANT-432211	CTDC-SPECIMEN-120784	Stained Bone Marrow Aspirate Slide	FRESH TISSUE	nascentes_morimur_finisque_ab_origine_pendet	Normal	ON TREATMENT	559.2	scientia_et_labor
specimen	CTDC-PARTICIPANT-156038	CTDC-SPECIMEN-267583	Formalin Fixed Tissue	BONE MARROW	barba_crescit_caput_nescit	Metastatic	Baseline (Fresh)	124.08	damnant_quod_non_intellegunt
specimen	CTDC-PARTICIPANT-156038	CTDC-SPECIMEN-745982	Streck Blood to PDMR	SALIVA	Macte_animo_Generose_puer_sic_itur_ad_astra	Primary	On Treatment (Fresh)	781.1	salus_in_arduis
specimen	CTDC-PARTICIPANT-938641	CTDC-SPECIMEN-308117	Unstained Bone Marrow Aspirate Slide	SALIVA	id_quod_plerumque_accidit	Metastatic	PROGRESSION	447.69	nascentes_morimur_finisque_ab_origine_pendet
specimen	CTDC-PARTICIPANT-938641	CTDC-SPECIMEN-523498	Cell Block	Fresh Tissue	a_bene_placito	Normal	Post-Treatment (No progression)	780.03	scientiae_et_patriae
specimen	CTDC-PARTICIPANT-947736	CTDC-SPECIMEN-326866	Snap Frozen Tissue	URINE	id_quod_plerumque_accidit	Normal	Archival	946.79	labor_ipse_voluptas
specimen	CTDC-PARTICIPANT-947736	CTDC-SPECIMEN-460436	Fresh Tissue in Media to PDMR	Bone Marrow	nanos_gigantum_humeris_insidentes	Metastatic	BASELINE	23.54	id_quod_plerumque_accidit
specimen	CTDC-PARTICIPANT-752937	CTDC-SPECIMEN-517713	Unstained Bone Marrow Aspirate Slide	Bone Marrow	Obedientia_civium_urbis_felicitas	Adjacent Non-Tumor	PROGRESSION	872.29	scientiae_et_patriae
specimen	CTDC-PARTICIPANT-752937	CTDC-SPECIMEN-369962	Unstained Slide	BUCCAL CELL SAMPLE	id_quod_plerumque_accidit	Primary	PROGRESSION	958.17	pace_tua
specimen	CTDC-PARTICIPANT-619356	CTDC-SPECIMEN-743985	Bone Marrow Aspirate	Frozen Tissue	scientia_et_sapientia	Adjacent Non-Tumor	ON TREATMENT	870.88	scientia_et_sapientia
specimen	CTDC-PARTICIPANT-619356	CTDC-SPECIMEN-365795	Streck Blood to PDMR	BUCCAL CELL SAMPLE	faber_est_suae_quisque_fortunae	Metastatic	Baseline (Fresh)	901.42	pace_tua
specimen	CTDC-PARTICIPANT-293969	CTDC-SPECIMEN-661140	Cell Block	URINE	imperium_in_imperio	Normal	Baseline (Fresh)	456.02	id_quod_plerumque_accidit
specimen	CTDC-PARTICIPANT-293969	CTDC-SPECIMEN-513532	Streck Blood	BUCCAL CELL SAMPLE	salus_in_arduis	Metastatic	Post-Treatment (No progression)	42.05	scientia,_aere_perennius
specimen	CTDC-PARTICIPANT-962284	CTDC-SPECIMEN-511231	Streck Blood	Frozen Tissue	Macte_animo_Generose_puer_sic_itur_ad_astra	Primary	ON TREATMENT	262.8	scientia_imperii_decus_et_tutamen
specimen	CTDC-PARTICIPANT-962284	CTDC-SPECIMEN-773546	Streck Blood to PDMR	STOOL	salus_in_arduis	Primary	On Treatment (Fresh)	822.06	nascentes_morimur_finisque_ab_origine_pendet
specimen	CTDC-PARTICIPANT-316792	CTDC-SPECIMEN-736436	FFPE Block	OTHER BODILY FLUIDs	a_bene_placito	Metastatic	Archival	625.2	Macte_animo_Generose_puer_sic_itur_ad_astra
specimen	CTDC-PARTICIPANT-316792	CTDC-SPECIMEN-208011	Unstained Slide	Bone Marrow	barba_crescit_caput_nescit	Adjacent Non-Tumor	Baseline (Fresh)	611.28	a_bene_placito
specimen	CTDC-PARTICIPANT-647592	CTDC-SPECIMEN-694080	Formalin Fixed Tissue	Formalin Fixed Tissue	cacatum_non_est_pictum	Primary	Post-Treatment (No progression)	994.41	Gallia_est_omnis_divisa_in_partes_tres
specimen	CTDC-PARTICIPANT-647592	CTDC-SPECIMEN-992273	Bone Marrow Aspirate	Fresh Tissue	scientia_imperii_decus_et_tutamen	Adjacent Non-Tumor	Baseline (Fresh)	706.89	scientia,_aere_perennius
specimen	CTDC-PARTICIPANT-549335	CTDC-SPECIMEN-294219	FFPE Block	URINE	imperium_in_imperio	Primary	BASELINE	871.8	cacatum_non_est_pictum
specimen	CTDC-PARTICIPANT-549335	CTDC-SPECIMEN-670997	Streck Blood	BLOOD	scientia_et_labor	Adjacent Non-Tumor	Progression (Fresh)	67.85	scientia_et_labor
specimen	CTDC-PARTICIPANT-141700	CTDC-SPECIMEN-496526	Bone Marrow Aspirate	Blood	scientiae_cedit_mare	Adjacent Non-Tumor	ARCHIVAL	831.4	e_causa_ignota
specimen	CTDC-PARTICIPANT-141700	CTDC-SPECIMEN-898134	Unstained Slide	BUCCAL CELL SAMPLE	id_quod_plerumque_accidit	Adjacent Non-Tumor	Archival	669.95	nanos_gigantum_humeris_insidentes
specimen	CTDC-PARTICIPANT-929444	CTDC-SPECIMEN-714135	FORMALIN FIXED TISSUE	BLOOD	sapiens_qui_prospicit	Adjacent Non-Tumor	Archival	485.84	O_Tite_tute_Tati_tibi_tanta_tyranne_tulisti
specimen	CTDC-PARTICIPANT-929444	CTDC-SPECIMEN-348479	Stained Bone Marrow Aspirate Slide	FRESH TISSUE	barba_crescit_caput_nescit	Primary	BASELINE	215.0	scientiae_cedit_mare
specimen	CTDC-PARTICIPANT-216338	CTDC-SPECIMEN-523340	Formalin Fixed Tissue	Frozen Tissue	scientia_et_labor	Metastatic	ARCHIVAL	790.23	haec_olim_meminisse_iuvabit
specimen	CTDC-PARTICIPANT-216338	CTDC-SPECIMEN-152967	Stained Bone Marrow Aspirate Slide	OTHER BODILY FLUIDs	haec_olim_meminisse_iuvabit	Primary	ARCHIVAL	188.36	nanos_gigantum_humeris_insidentes
specimen	CTDC-PARTICIPANT-830247	CTDC-SPECIMEN-257073	Formalin Bone Marrow Biopsy	URINE	salus_in_arduis	Normal	Post-Treatment (No progression)	636.49	e_causa_ignota
specimen	CTDC-PARTICIPANT-830247	CTDC-SPECIMEN-421351	Formalin Fixed Tissue	SALIVA	haec_olim_meminisse_iuvabit	Normal	PROGRESSION	491.52	scientiae_et_patriae
specimen	CTDC-PARTICIPANT-287148	CTDC-SPECIMEN-312863	Fresh Tissue in Media to PDMR	Formalin Fixed Tissue	a_bene_placito	Normal	PROGRESSION	470.45	nanos_gigantum_humeris_insidentes
specimen	CTDC-PARTICIPANT-287148	CTDC-SPECIMEN-957657	Streck Blood to PDMR	SALIVA	pace_tua	Primary	Baseline (Fresh)	723.96	cacatum_non_est_pictum
specimen	CTDC-PARTICIPANT-264433	CTDC-SPECIMEN-825682	Streck Blood to VARI	Bone Marrow	id_quod_plerumque_accidit	Primary	On Treatment (Fresh)	375.79	sapiens_qui_prospicit
specimen	CTDC-PARTICIPANT-264433	CTDC-SPECIMEN-191960	EDTA Blood	Formalin Fixed Paraffin Embedded Tissue	damnant_quod_non_intellegunt	Adjacent Non-Tumor	Archival	586.86	cacatum_non_est_pictum
specimen	CTDC-PARTICIPANT-367275	CTDC-SPECIMEN-193759	Formalin Fixed Tissue	SALIVA	Obedientia_civium_urbis_felicitas	Metastatic	Post-Treatment (No progression)	719.47	scientia,_aere_perennius
specimen	CTDC-PARTICIPANT-367275	CTDC-SPECIMEN-426199	Formalin Fixed Tissue	FROZEN TISSUE	id_quod_plerumque_accidit	Adjacent Non-Tumor	ARCHIVAL	105.8	Obedientia_civium_urbis_felicitas
specimen	CTDC-PARTICIPANT-546328	CTDC-SPECIMEN-650348	Stained Bone Marrow Aspirate Slide	FROZEN TISSUE	saltus_in_demonstrando	Metastatic	BASELINE	59.52	Gallia_est_omnis_divisa_in_partes_tres
specimen	CTDC-PARTICIPANT-546328	CTDC-SPECIMEN-223148	EDTA Blood	FORMALIN FIXED PARAFFIN EMBEDDED TISSUE	Gallia_est_omnis_divisa_in_partes_tres	Metastatic	Baseline (Fresh)	888.57	O_Tite_tute_Tati_tibi_tanta_tyranne_tulisti
specimen	CTDC-PARTICIPANT-455228	CTDC-SPECIMEN-380950	Formalin Bone Marrow Biopsy	Bone Marrow	haec_olim_meminisse_iuvabit	Primary	ARCHIVAL	465.86	Macte_animo_Generose_puer_sic_itur_ad_astra
specimen	CTDC-PARTICIPANT-455228	CTDC-SPECIMEN-717404	FFPE Block	Fresh Tissue	Obedientia_civium_urbis_felicitas	Adjacent Non-Tumor	Post-Treatment (No progression)	471.89	imperium_in_imperio
specimen	CTDC-PARTICIPANT-701412	CTDC-SPECIMEN-293699	Formalin Bone Marrow Biopsy	Formalin Fixed Paraffin Embedded Tissue	salus_in_arduis	Metastatic	On Treatment (Fresh)	698.59	damnant_quod_non_intellegunt
specimen	CTDC-PARTICIPANT-701412	CTDC-SPECIMEN-177908	Snap Frozen Tissue	BUCCAL CELL SAMPLE	cacatum_non_est_pictum	Metastatic	PROGRESSION	550.48	haec_olim_meminisse_iuvabit
specimen	CTDC-PARTICIPANT-168184	CTDC-SPECIMEN-151592	Stained Bone Marrow Aspirate Slide	BUCCAL CELL SAMPLE	O_Tite_tute_Tati_tibi_tanta_tyranne_tulisti	Primary	ON TREATMENT	23.52	a_bene_placito
specimen	CTDC-PARTICIPANT-168184	CTDC-SPECIMEN-771073	Streck Blood to VARI	STOOL	sapiens_qui_prospicit	Primary	On Treatment (Fresh)	785.5	scientia_imperii_decus_et_tutamen
specimen	CTDC-PARTICIPANT-406364	CTDC-SPECIMEN-163223	Streck Blood to VARI	URINE	salus_in_arduis	Adjacent Non-Tumor	PROGRESSION	107.62	Macte_animo_Generose_puer_sic_itur_ad_astra
specimen	CTDC-PARTICIPANT-406364	CTDC-SPECIMEN-719507	Snap Frozen Tissue	BONE MARROW	Gallia_est_omnis_divisa_in_partes_tres	Metastatic	PROGRESSION	952.14	e_causa_ignota
specimen	CTDC-PARTICIPANT-260530	CTDC-SPECIMEN-451571	EDTA Blood	URINE	scientia,_aere_perennius	Adjacent Non-Tumor	BASELINE	151.02	e_causa_ignota
specimen	CTDC-PARTICIPANT-260530	CTDC-SPECIMEN-627814	Cell Block	SALIVA	barba_crescit_caput_nescit	Normal	PROGRESSION	258.76	e_causa_ignota
specimen	CTDC-PARTICIPANT-783647	CTDC-SPECIMEN-565199	Streck Blood to PDMR	FORMALIN FIXED PARAFFIN EMBEDDED TISSUE	faber_est_suae_quisque_fortunae	Adjacent Non-Tumor	BASELINE	310.05	faber_est_suae_quisque_fortunae
specimen	CTDC-PARTICIPANT-783647	CTDC-SPECIMEN-567017	Unstained Bone Marrow Aspirate Slide	STOOL	scientia,_aere_perennius	Adjacent Non-Tumor	Post-Treatment (No progression)	830.93	id_quod_plerumque_accidit
specimen	CTDC-PARTICIPANT-896741	CTDC-SPECIMEN-518972	Formalin Fixed Tissue	FRESH TISSUE	imperium_in_imperio	Metastatic	ON TREATMENT	804.14	Gallia_est_omnis_divisa_in_partes_tres
specimen	CTDC-PARTICIPANT-896741	CTDC-SPECIMEN-537914	Snap Frozen Tissue	Formalin Fixed Paraffin Embedded Tissue	Obedientia_civium_urbis_felicitas	Normal	ON TREATMENT	924.09	pace_tua
specimen	CTDC-PARTICIPANT-530795	CTDC-SPECIMEN-747562	Stained Bone Marrow Aspirate Slide	CEREBROSPINAL FLUID	scientia_et_sapientia	Normal	Post-Treatment (No progression)	82.58	Obedientia_civium_urbis_felicitas
specimen	CTDC-PARTICIPANT-530795	CTDC-SPECIMEN-620254	Formalin Bone Marrow Biopsy	FRESH TISSUE	nanos_gigantum_humeris_insidentes	Normal	Progression (Fresh)	960.04	nascentes_morimur_finisque_ab_origine_pendet
specimen	CTDC-PARTICIPANT-969123	CTDC-SPECIMEN-318404	Formalin Bone Marrow Biopsy	SALIVA	saltus_in_demonstrando	Normal	Archival	746.72	pace_tua
specimen	CTDC-PARTICIPANT-969123	CTDC-SPECIMEN-725313	Stained Bone Marrow Aspirate Slide	SALIVA	Macte_animo_Generose_puer_sic_itur_ad_astra	Normal	Archival	692.86	faber_est_suae_quisque_fortunae
specimen	CTDC-PARTICIPANT-463201	CTDC-SPECIMEN-615720	Streck Blood to VARI	STOOL	imperium_in_imperio	Adjacent Non-Tumor	ON TREATMENT	932.33	cacatum_non_est_pictum
specimen	CTDC-PARTICIPANT-463201	CTDC-SPECIMEN-327436	Cell Block	Blood	nascentes_morimur_finisque_ab_origine_pendet	Metastatic	Progression (Fresh)	501.26	scientia,_aere_perennius
specimen	CTDC-PARTICIPANT-816850	CTDC-SPECIMEN-106945	FFPE Block	BLOOD	nanos_gigantum_humeris_insidentes	Normal	Archival	627.48	labor_ipse_voluptas
specimen	CTDC-PARTICIPANT-816850	CTDC-SPECIMEN-924760	FFPE Block	URINE	scientia_et_labor	Adjacent Non-Tumor	Post-Treatment (No progression)	733.18	haec_olim_meminisse_iuvabit
specimen	CTDC-PARTICIPANT-655107	CTDC-SPECIMEN-397504	Fresh Tissue in Media to PDMR	BLOOD	labor_ipse_voluptas	Metastatic	Archival	170.26	scientia,_aere_perennius
specimen	CTDC-PARTICIPANT-655107	CTDC-SPECIMEN-920457	Stained Bone Marrow Aspirate Slide	BUCCAL CELL SAMPLE	saltus_in_demonstrando	Normal	On Treatment (Fresh)	950.89	scientia,_aere_perennius
specimen	CTDC-PARTICIPANT-332505	CTDC-SPECIMEN-726769	Cell Block	BONE MARROW	scientiae_et_patriae	Normal	BASELINE	597.27	nanos_gigantum_humeris_insidentes
specimen	CTDC-PARTICIPANT-332505	CTDC-SPECIMEN-463100	Formalin Fixed Tissue	FROZEN TISSUE	scientiae_et_patriae	Adjacent Non-Tumor	On Treatment (Fresh)	633.97	imperium_in_imperio
specimen	CTDC-PARTICIPANT-826428	CTDC-SPECIMEN-930220	Bone Marrow Aspirate	BONE MARROW	scientiae_cedit_mare	Adjacent Non-Tumor	BASELINE	467.27	e_causa_ignota
specimen	CTDC-PARTICIPANT-826428	CTDC-SPECIMEN-394750	Unstained Slide	Blood	pace_tua	Normal	On Treatment (Fresh)	403.86	nanos_gigantum_humeris_insidentes
specimen	CTDC-PARTICIPANT-682660	CTDC-SPECIMEN-757024	Snap Frozen Tissue	Formalin Fixed Paraffin Embedded Tissue	saltus_in_demonstrando	Metastatic	ON TREATMENT	450.3	saltus_in_demonstrando
specimen	CTDC-PARTICIPANT-682660	CTDC-SPECIMEN-450497	Bone Marrow Aspirate	SALIVA	Gallia_est_omnis_divisa_in_partes_tres	Primary	ON TREATMENT	93.53	O_Tite_tute_Tati_tibi_tanta_tyranne_tulisti
specimen	CTDC-PARTICIPANT-610996	CTDC-SPECIMEN-122391	Unstained Bone Marrow Aspirate Slide	URINE	scientia_et_labor	Adjacent Non-Tumor	PROGRESSION	796.32	Macte_animo_Generose_puer_sic_itur_ad_astra
specimen	CTDC-PARTICIPANT-610996	CTDC-SPECIMEN-376515	Formalin Bone Marrow Biopsy	Frozen Tissue	scientiae_et_patriae	Primary	On Treatment (Fresh)	583.61	sapiens_qui_prospicit
specimen	CTDC-PARTICIPANT-451667	CTDC-SPECIMEN-992441	Formalin Bone Marrow Biopsy	Frozen Tissue	scientiae_cedit_mare	Adjacent Non-Tumor	ARCHIVAL	367.34	labor_ipse_voluptas
specimen	CTDC-PARTICIPANT-451667	CTDC-SPECIMEN-481733	Streck Blood	Bone Marrow	scientia,_aere_perennius	Metastatic	PROGRESSION	551.75	scientiae_cedit_mare
specimen	CTDC-PARTICIPANT-635583	CTDC-SPECIMEN-837086	Unstained Slide	FRESH TISSUE	scientia_imperii_decus_et_tutamen	Metastatic	ARCHIVAL	116.45	salus_in_arduis
specimen	CTDC-PARTICIPANT-635583	CTDC-SPECIMEN-267732	Fresh Tissue in Media to PDMR	CEREBROSPINAL FLUID	labor_ipse_voluptas	Normal	ARCHIVAL	710.6	Gallia_est_omnis_divisa_in_partes_tres
specimen	CTDC-PARTICIPANT-257391	CTDC-SPECIMEN-773398	Formalin Fixed Tissue	BUCCAL CELL SAMPLE	scientiae_et_patriae	Adjacent Non-Tumor	ARCHIVAL	350.55	cacatum_non_est_pictum
specimen	CTDC-PARTICIPANT-257391	CTDC-SPECIMEN-128530	Streck Blood	Formalin Fixed Paraffin Embedded Tissue	scientiae_et_patriae	Adjacent Non-Tumor	Baseline (Fresh)	882.65	Macte_animo_Generose_puer_sic_itur_ad_astra
specimen	CTDC-PARTICIPANT-495012	CTDC-SPECIMEN-586538	Fresh Tissue in Media to PDMR	FORMALIN FIXED PARAFFIN EMBEDDED TISSUE	scientia_et_sapientia	Adjacent Non-Tumor	Archival	250.0	O_Tite_tute_Tati_tibi_tanta_tyranne_tulisti
specimen	CTDC-PARTICIPANT-495012	CTDC-SPECIMEN-536369	Streck Blood	FRESH TISSUE	damnant_quod_non_intellegunt	Primary	PROGRESSION	268.2	scientiae_et_patriae
specimen	CTDC-PARTICIPANT-315125	CTDC-SPECIMEN-428412	Stained Bone Marrow Aspirate Slide	BLOOD	O_Tite_tute_Tati_tibi_tanta_tyranne_tulisti	Primary	Post-Treatment (No progression)	275.07	labor_ipse_voluptas
specimen	CTDC-PARTICIPANT-315125	CTDC-SPECIMEN-400361	Stained Bone Marrow Aspirate Slide	BUCCAL CELL SAMPLE	labor_ipse_voluptas	Normal	PROGRESSION	438.73	nascentes_morimur_finisque_ab_origine_pendet
specimen	CTDC-PARTICIPANT-903728	CTDC-SPECIMEN-672507	EDTA Blood	BONE MARROW	damnant_quod_non_intellegunt	Metastatic	PROGRESSION	185.4	nanos_gigantum_humeris_insidentes
specimen	CTDC-PARTICIPANT-903728	CTDC-SPECIMEN-743415	Stained Bone Marrow Aspirate Slide	FORMALIN FIXED PARAFFIN EMBEDDED TISSUE	Obedientia_civium_urbis_felicitas	Adjacent Non-Tumor	Progression (Fresh)	22.71	a_bene_placito
specimen	CTDC-PARTICIPANT-360350	CTDC-SPECIMEN-249649	Formalin Bone Marrow Biopsy	BUCCAL CELL SAMPLE	O_Tite_tute_Tati_tibi_tanta_tyranne_tulisti	Normal	BASELINE	909.07	scientia_et_sapientia
specimen	CTDC-PARTICIPANT-360350	CTDC-SPECIMEN-290152	Fresh Tissue in Media to PDMR	Formalin Fixed Paraffin Embedded Tissue	haec_olim_meminisse_iuvabit	Normal	PROGRESSION	32.18	cacatum_non_est_pictum
specimen	CTDC-PARTICIPANT-199105	CTDC-SPECIMEN-532752	Unstained Bone Marrow Aspirate Slide	FORMALIN FIXED PARAFFIN EMBEDDED TISSUE	e_causa_ignota	Normal	Progression (Fresh)	739.59	faber_est_suae_quisque_fortunae
specimen	CTDC-PARTICIPANT-199105	CTDC-SPECIMEN-823923	Formalin Bone Marrow Biopsy	BLOOD	cacatum_non_est_pictum	Metastatic	ON TREATMENT	662.63	id_quod_plerumque_accidit
specimen	CTDC-PARTICIPANT-693889	CTDC-SPECIMEN-158657	Formalin Fixed Tissue	BLOOD	sapiens_qui_prospicit	Primary	Progression (Fresh)	995.4	cacatum_non_est_pictum
specimen	CTDC-PARTICIPANT-693889	CTDC-SPECIMEN-878105	EDTA Blood	STOOL	scientia_et_labor	Adjacent Non-Tumor	Post-Treatment (No progression)	703.56	haec_olim_meminisse_iuvabit
specimen	CTDC-PARTICIPANT-422822	CTDC-SPECIMEN-326347	EDTA Blood	Formalin Fixed Tissue	scientia,_aere_perennius	Adjacent Non-Tumor	Archival	584.78	e_causa_ignota
specimen	CTDC-PARTICIPANT-422822	CTDC-SPECIMEN-958573	FFPE Block	BONE MARROW	Macte_animo_Generose_puer_sic_itur_ad_astra	Primary	Post-Treatment (No progression)	942.83	scientiae_cedit_mare
specimen	CTDC-PARTICIPANT-558535	CTDC-SPECIMEN-533389	Unstained Slide	Bone Marrow	scientia_et_sapientia	Adjacent Non-Tumor	Baseline (Fresh)	512.84	labor_ipse_voluptas
specimen	CTDC-PARTICIPANT-558535	CTDC-SPECIMEN-310001	Fresh Tissue in Media to PDMR	CEREBROSPINAL FLUID	saltus_in_demonstrando	Metastatic	ON TREATMENT	262.63	faber_est_suae_quisque_fortunae
specimen	CTDC-PARTICIPANT-259584	CTDC-SPECIMEN-477283	Stained Bone Marrow Aspirate Slide	Bone Marrow	cacatum_non_est_pictum	Adjacent Non-Tumor	Baseline (Fresh)	418.93	sapiens_qui_prospicit
specimen	CTDC-PARTICIPANT-259584	CTDC-SPECIMEN-383895	Unstained Slide	Formalin Fixed Paraffin Embedded Tissue	scientiae_cedit_mare	Metastatic	ARCHIVAL	980.57	Obedientia_civium_urbis_felicitas
specimen	CTDC-PARTICIPANT-278169	CTDC-SPECIMEN-490264	Fresh Tissue in Media to PDMR	Bone Marrow	scientiae_cedit_mare	Metastatic	Archival	376.79	labor_ipse_voluptas
specimen	CTDC-PARTICIPANT-278169	CTDC-SPECIMEN-366786	Fresh Tissue in Media to PDMR	FROZEN TISSUE	labor_ipse_voluptas	Primary	Post-Treatment (No progression)	774.45	nanos_gigantum_humeris_insidentes
specimen	CTDC-PARTICIPANT-266713	CTDC-SPECIMEN-785358	Formalin Bone Marrow Biopsy	SALIVA	damnant_quod_non_intellegunt	Adjacent Non-Tumor	Progression (Fresh)	877.08	salus_in_arduis
specimen	CTDC-PARTICIPANT-266713	CTDC-SPECIMEN-581620	Formalin Fixed Tissue	URINE	scientia_et_sapientia	Adjacent Non-Tumor	ON TREATMENT	740.03	pace_tua
specimen	CTDC-PARTICIPANT-218354	CTDC-SPECIMEN-529185	Streck Blood	CEREBROSPINAL FLUID	barba_crescit_caput_nescit	Primary	Post-Treatment (No progression)	765.16	nascentes_morimur_finisque_ab_origine_pendet
specimen	CTDC-PARTICIPANT-218354	CTDC-SPECIMEN-143284	Streck Blood	FROZEN TISSUE	nanos_gigantum_humeris_insidentes	Adjacent Non-Tumor	ARCHIVAL	128.58	scientia,_aere_perennius
specimen	CTDC-PARTICIPANT-873942	CTDC-SPECIMEN-482983	FORMALIN FIXED TISSUE	STOOL	Macte_animo_Generose_puer_sic_itur_ad_astra	Adjacent Non-Tumor	Baseline (Fresh)	795.36	faber_est_suae_quisque_fortunae
specimen	CTDC-PARTICIPANT-873942	CTDC-SPECIMEN-826478	FFPE Block	BUCCAL CELL SAMPLE	nanos_gigantum_humeris_insidentes	Primary	ARCHIVAL	484.41	a_bene_placito
specimen	CTDC-PARTICIPANT-881748	CTDC-SPECIMEN-942274	Bone Marrow Aspirate	FORMALIN FIXED PARAFFIN EMBEDDED TISSUE	scientiae_et_patriae	Metastatic	Progression (Fresh)	805.2	haec_olim_meminisse_iuvabit
specimen	CTDC-PARTICIPANT-881748	CTDC-SPECIMEN-702233	FFPE Block	SALIVA	cacatum_non_est_pictum	Metastatic	Progression (Fresh)	580.79	barba_crescit_caput_nescit
specimen	CTDC-PARTICIPANT-951776	CTDC-SPECIMEN-305197	Streck Blood	BONE MARROW	faber_est_suae_quisque_fortunae	Adjacent Non-Tumor	BASELINE	902.22	Gallia_est_omnis_divisa_in_partes_tres
specimen	CTDC-PARTICIPANT-951776	CTDC-SPECIMEN-726648	EDTA Blood	FORMALIN FIXED PARAFFIN EMBEDDED TISSUE	Macte_animo_Generose_puer_sic_itur_ad_astra	Adjacent Non-Tumor	ON TREATMENT	477.23	scientiae_cedit_mare
specimen	CTDC-PARTICIPANT-297864	CTDC-SPECIMEN-896981	Formalin Bone Marrow Biopsy	Formalin Fixed Paraffin Embedded Tissue	scientia,_aere_perennius	Primary	BASELINE	348.62	scientia_imperii_decus_et_tutamen
specimen	CTDC-PARTICIPANT-297864	CTDC-SPECIMEN-818548	EDTA Blood	Frozen Tissue	barba_crescit_caput_nescit	Metastatic	ARCHIVAL	24.02	a_bene_placito
specimen	CTDC-PARTICIPANT-243741	CTDC-SPECIMEN-154314	Formalin Fixed Tissue	Formalin Fixed Tissue	scientia_imperii_decus_et_tutamen	Normal	Archival	592.88	labor_ipse_voluptas
specimen	CTDC-PARTICIPANT-243741	CTDC-SPECIMEN-972308	Bone Marrow Aspirate	STOOL	O_Tite_tute_Tati_tibi_tanta_tyranne_tulisti	Normal	Archival	226.23	salus_in_arduis
specimen	CTDC-PARTICIPANT-911305	CTDC-SPECIMEN-130522	EDTA Blood	STOOL	scientia_et_sapientia	Adjacent Non-Tumor	Archival	463.27	saltus_in_demonstrando
specimen	CTDC-PARTICIPANT-911305	CTDC-SPECIMEN-284486	Unstained Slide	URINE	scientia_et_sapientia	Metastatic	On Treatment (Fresh)	93.66	a_bene_placito
specimen	CTDC-PARTICIPANT-883586	CTDC-SPECIMEN-269222	Formalin Bone Marrow Biopsy	SALIVA	damnant_quod_non_intellegunt	Normal	Archival	662.26	damnant_quod_non_intellegunt
specimen	CTDC-PARTICIPANT-883586	CTDC-SPECIMEN-911870	Formalin Fixed Tissue	URINE	Obedientia_civium_urbis_felicitas	Normal	Baseline (Fresh)	565.41	nascentes_morimur_finisque_ab_origine_pendet
specimen	CTDC-PARTICIPANT-677679	CTDC-SPECIMEN-420470	Streck Blood	CEREBROSPINAL FLUID	Gallia_est_omnis_divisa_in_partes_tres	Metastatic	Progression (Fresh)	643.19	scientia,_aere_perennius
specimen	CTDC-PARTICIPANT-677679	CTDC-SPECIMEN-397188	FORMALIN FIXED TISSUE	OTHER BODILY FLUIDs	imperium_in_imperio	Normal	PROGRESSION	297.13	nascentes_morimur_finisque_ab_origine_pendet
specimen	CTDC-PARTICIPANT-135842	CTDC-SPECIMEN-658145	Cell Block	SALIVA	imperium_in_imperio	Normal	BASELINE	756.9	sapiens_qui_prospicit
specimen	CTDC-PARTICIPANT-135842	CTDC-SPECIMEN-452565	Streck Blood to VARI	Formalin Fixed Tissue	salus_in_arduis	Adjacent Non-Tumor	ON TREATMENT	450.89	damnant_quod_non_intellegunt
specimen	CTDC-PARTICIPANT-969709	CTDC-SPECIMEN-167948	FORMALIN FIXED TISSUE	Formalin Fixed Paraffin Embedded Tissue	Macte_animo_Generose_puer_sic_itur_ad_astra	Normal	PROGRESSION	129.63	damnant_quod_non_intellegunt
specimen	CTDC-PARTICIPANT-969709	CTDC-SPECIMEN-762847	Streck Blood to VARI	FROZEN TISSUE	saltus_in_demonstrando	Normal	ON TREATMENT	461.84	pace_tua
specimen	CTDC-PARTICIPANT-742659	CTDC-SPECIMEN-334266	Unstained Bone Marrow Aspirate Slide	FRESH TISSUE	scientia_et_sapientia	Primary	Archival	700.67	nascentes_morimur_finisque_ab_origine_pendet
specimen	CTDC-PARTICIPANT-742659	CTDC-SPECIMEN-881986	Streck Blood to PDMR	FORMALIN FIXED TISSUE	barba_crescit_caput_nescit	Metastatic	Baseline (Fresh)	389.21	Obedientia_civium_urbis_felicitas
specimen	CTDC-PARTICIPANT-983334	CTDC-SPECIMEN-339890	Cell Block	Frozen Tissue	damnant_quod_non_intellegunt	Adjacent Non-Tumor	ARCHIVAL	495.74	id_quod_plerumque_accidit
specimen	CTDC-PARTICIPANT-983334	CTDC-SPECIMEN-316325	Bone Marrow Aspirate	URINE	Gallia_est_omnis_divisa_in_partes_tres	Normal	ARCHIVAL	364.7	O_Tite_tute_Tati_tibi_tanta_tyranne_tulisti
specimen	CTDC-PARTICIPANT-908214	CTDC-SPECIMEN-391248	Streck Blood to PDMR	FROZEN TISSUE	scientia_et_labor	Primary	Progression (Fresh)	297.66	labor_ipse_voluptas
specimen	CTDC-PARTICIPANT-908214	CTDC-SPECIMEN-173718	Streck Blood to VARI	Frozen Tissue	pace_tua	Adjacent Non-Tumor	On Treatment (Fresh)	882.05	haec_olim_meminisse_iuvabit
specimen	CTDC-PARTICIPANT-768467	CTDC-SPECIMEN-252500	Cell Block	BONE MARROW	saltus_in_demonstrando	Primary	On Treatment (Fresh)	746.51	haec_olim_meminisse_iuvabit
specimen	CTDC-PARTICIPANT-768467	CTDC-SPECIMEN-725380	Streck Blood to VARI	FORMALIN FIXED PARAFFIN EMBEDDED TISSUE	scientia,_aere_perennius	Primary	ON TREATMENT	704.12	saltus_in_demonstrando
specimen	CTDC-PARTICIPANT-395343	CTDC-SPECIMEN-837070	FFPE Block	Blood	scientia_imperii_decus_et_tutamen	Adjacent Non-Tumor	Progression (Fresh)	437.96	scientiae_cedit_mare
specimen	CTDC-PARTICIPANT-395343	CTDC-SPECIMEN-449939	EDTA Blood	BONE MARROW	barba_crescit_caput_nescit	Normal	BASELINE	34.21	salus_in_arduis
specimen	CTDC-PARTICIPANT-927931	CTDC-SPECIMEN-885496	Bone Marrow Aspirate	OTHER BODILY FLUIDs	sapiens_qui_prospicit	Adjacent Non-Tumor	BASELINE	857.69	a_bene_placito
specimen	CTDC-PARTICIPANT-927931	CTDC-SPECIMEN-516959	FORMALIN FIXED TISSUE	SALIVA	Obedientia_civium_urbis_felicitas	Primary	Post-Treatment (No progression)	208.7	scientiae_et_patriae
specimen	CTDC-PARTICIPANT-994388	CTDC-SPECIMEN-312518	Streck Blood to VARI	BUCCAL CELL SAMPLE	saltus_in_demonstrando	Normal	ON TREATMENT	452.49	a_bene_placito
specimen	CTDC-PARTICIPANT-994388	CTDC-SPECIMEN-508666	Stained Bone Marrow Aspirate Slide	FORMALIN FIXED PARAFFIN EMBEDDED TISSUE	labor_ipse_voluptas	Primary	Archival	747.44	cacatum_non_est_pictum
specimen	CTDC-PARTICIPANT-156187	CTDC-SPECIMEN-939865	Streck Blood to PDMR	BONE MARROW	id_quod_plerumque_accidit	Metastatic	ON TREATMENT	328.59	damnant_quod_non_intellegunt
specimen	CTDC-PARTICIPANT-156187	CTDC-SPECIMEN-554198	FORMALIN FIXED TISSUE	Blood	cacatum_non_est_pictum	Primary	Archival	743.39	scientia_imperii_decus_et_tutamen
specimen	CTDC-PARTICIPANT-364679	CTDC-SPECIMEN-207544	Stained Bone Marrow Aspirate Slide	STOOL	scientia_et_sapientia	Metastatic	On Treatment (Fresh)	43.5	pace_tua
specimen	CTDC-PARTICIPANT-364679	CTDC-SPECIMEN-513890	Formalin Bone Marrow Biopsy	FORMALIN FIXED TISSUE	scientia_et_labor	Normal	Archival	486.53	salus_in_arduis
specimen	CTDC-PARTICIPANT-343526	CTDC-SPECIMEN-199537	Streck Blood to VARI	CEREBROSPINAL FLUID	salus_in_arduis	Adjacent Non-Tumor	Progression (Fresh)	647.98	scientia_imperii_decus_et_tutamen
specimen	CTDC-PARTICIPANT-343526	CTDC-SPECIMEN-878118	Streck Blood to VARI	Formalin Fixed Paraffin Embedded Tissue	pace_tua	Adjacent Non-Tumor	ARCHIVAL	728.35	Obedientia_civium_urbis_felicitas
specimen	CTDC-PARTICIPANT-622616	CTDC-SPECIMEN-966354	Stained Bone Marrow Aspirate Slide	FRESH TISSUE	barba_crescit_caput_nescit	Normal	Progression (Fresh)	222.36	damnant_quod_non_intellegunt
specimen	CTDC-PARTICIPANT-622616	CTDC-SPECIMEN-417527	Snap Frozen Tissue	URINE	barba_crescit_caput_nescit	Primary	Archival	487.86	haec_olim_meminisse_iuvabit
specimen	CTDC-PARTICIPANT-366302	CTDC-SPECIMEN-887846	EDTA Blood	Fresh Tissue	sapiens_qui_prospicit	Normal	ARCHIVAL	931.87	pace_tua
specimen	CTDC-PARTICIPANT-366302	CTDC-SPECIMEN-304283	Streck Blood to PDMR	BONE MARROW	haec_olim_meminisse_iuvabit	Primary	Post-Treatment (No progression)	31.52	scientiae_cedit_mare
specimen	CTDC-PARTICIPANT-998456	CTDC-SPECIMEN-551881	Bone Marrow Aspirate	URINE	e_causa_ignota	Metastatic	Archival	314.26	id_quod_plerumque_accidit
specimen	CTDC-PARTICIPANT-998456	CTDC-SPECIMEN-698670	EDTA Blood	FORMALIN FIXED TISSUE	imperium_in_imperio	Primary	ON TREATMENT	517.38	haec_olim_meminisse_iuvabit
specimen	CTDC-PARTICIPANT-804244	CTDC-SPECIMEN-439766	Streck Blood to VARI	SALIVA	salus_in_arduis	Normal	Post-Treatment (No progression)	364.64	e_causa_ignota
specimen	CTDC-PARTICIPANT-804244	CTDC-SPECIMEN-567509	Snap Frozen Tissue	Fresh Tissue	O_Tite_tute_Tati_tibi_tanta_tyranne_tulisti	Adjacent Non-Tumor	ON TREATMENT	644.92	cacatum_non_est_pictum
specimen	CTDC-PARTICIPANT-887816	CTDC-SPECIMEN-390195	Streck Blood to VARI	Frozen Tissue	saltus_in_demonstrando	Adjacent Non-Tumor	Post-Treatment (No progression)	91.57	scientia_imperii_decus_et_tutamen
specimen	CTDC-PARTICIPANT-887816	CTDC-SPECIMEN-528999	Stained Bone Marrow Aspirate Slide	OTHER BODILY FLUIDs	haec_olim_meminisse_iuvabit	Normal	On Treatment (Fresh)	278.24	Macte_animo_Generose_puer_sic_itur_ad_astra
specimen	CTDC-PARTICIPANT-103234	CTDC-SPECIMEN-941108	Bone Marrow Aspirate	FROZEN TISSUE	scientiae_et_patriae	Normal	PROGRESSION	391.57	e_causa_ignota
specimen	CTDC-PARTICIPANT-103234	CTDC-SPECIMEN-225776	Streck Blood to VARI	FORMALIN FIXED TISSUE	scientia_et_labor	Primary	ON TREATMENT	657.88	damnant_quod_non_intellegunt
specimen	CTDC-PARTICIPANT-512674	CTDC-SPECIMEN-499362	Cell Block	FORMALIN FIXED PARAFFIN EMBEDDED TISSUE	nanos_gigantum_humeris_insidentes	Adjacent Non-Tumor	On Treatment (Fresh)	920.88	sapiens_qui_prospicit
specimen	CTDC-PARTICIPANT-512674	CTDC-SPECIMEN-802534	Formalin Fixed Tissue	Formalin Fixed Tissue	saltus_in_demonstrando	Metastatic	PROGRESSION	794.69	nascentes_morimur_finisque_ab_origine_pendet
specimen	CTDC-PARTICIPANT-703955	CTDC-SPECIMEN-432633	FFPE Block	Bone Marrow	sapiens_qui_prospicit	Adjacent Non-Tumor	Progression (Fresh)	590.59	damnant_quod_non_intellegunt
specimen	CTDC-PARTICIPANT-703955	CTDC-SPECIMEN-743834	Streck Blood	Formalin Fixed Tissue	nanos_gigantum_humeris_insidentes	Primary	ARCHIVAL	815.59	nascentes_morimur_finisque_ab_origine_pendet
specimen	CTDC-PARTICIPANT-885336	CTDC-SPECIMEN-118311	Snap Frozen Tissue	BUCCAL CELL SAMPLE	scientia_et_sapientia	Primary	On Treatment (Fresh)	453.82	faber_est_suae_quisque_fortunae
specimen	CTDC-PARTICIPANT-885336	CTDC-SPECIMEN-314280	Cell Block	Frozen Tissue	salus_in_arduis	Primary	ARCHIVAL	186.44	salus_in_arduis
specimen	CTDC-PARTICIPANT-179603	CTDC-SPECIMEN-237861	Stained Bone Marrow Aspirate Slide	Fresh Tissue	nanos_gigantum_humeris_insidentes	Primary	ARCHIVAL	216.92	Gallia_est_omnis_divisa_in_partes_tres
specimen	CTDC-PARTICIPANT-179603	CTDC-SPECIMEN-501759	FFPE Block	FROZEN TISSUE	scientia,_aere_perennius	Normal	ON TREATMENT	510.63	scientia_et_labor
specimen	CTDC-PARTICIPANT-435204	CTDC-SPECIMEN-878048	Unstained Bone Marrow Aspirate Slide	SALIVA	salus_in_arduis	Normal	Post-Treatment (No progression)	966.84	salus_in_arduis
specimen	CTDC-PARTICIPANT-435204	CTDC-SPECIMEN-145535	FORMALIN FIXED TISSUE	Fresh Tissue	id_quod_plerumque_accidit	Normal	Archival	728.17	scientiae_cedit_mare
specimen	CTDC-PARTICIPANT-326162	CTDC-SPECIMEN-202793	Fresh Tissue in Media to PDMR	SALIVA	faber_est_suae_quisque_fortunae	Primary	ARCHIVAL	153.88	pace_tua
specimen	CTDC-PARTICIPANT-326162	CTDC-SPECIMEN-583933	FFPE Block	URINE	Macte_animo_Generose_puer_sic_itur_ad_astra	Adjacent Non-Tumor	Archival	196.0	damnant_quod_non_intellegunt
specimen	CTDC-PARTICIPANT-686631	CTDC-SPECIMEN-818751	Streck Blood	Bone Marrow	damnant_quod_non_intellegunt	Normal	PROGRESSION	56.26	imperium_in_imperio
specimen	CTDC-PARTICIPANT-686631	CTDC-SPECIMEN-273009	Streck Blood to VARI	Bone Marrow	haec_olim_meminisse_iuvabit	Normal	ON TREATMENT	332.67	salus_in_arduis
specimen	CTDC-PARTICIPANT-128155	CTDC-SPECIMEN-196985	Bone Marrow Aspirate	URINE	scientiae_cedit_mare	Primary	Post-Treatment (No progression)	661.34	faber_est_suae_quisque_fortunae
specimen	CTDC-PARTICIPANT-128155	CTDC-SPECIMEN-721224	Streck Blood	BLOOD	scientiae_cedit_mare	Normal	PROGRESSION	276.13	scientiae_et_patriae
specimen	CTDC-PARTICIPANT-367772	CTDC-SPECIMEN-762726	Cell Block	Bone Marrow	e_causa_ignota	Adjacent Non-Tumor	Baseline (Fresh)	787.53	damnant_quod_non_intellegunt
specimen	CTDC-PARTICIPANT-367772	CTDC-SPECIMEN-708116	FFPE Block	FORMALIN FIXED PARAFFIN EMBEDDED TISSUE	id_quod_plerumque_accidit	Normal	Progression (Fresh)	235.64	id_quod_plerumque_accidit
specimen	CTDC-PARTICIPANT-416408	CTDC-SPECIMEN-792343	Snap Frozen Tissue	BLOOD	scientia_et_sapientia	Metastatic	ARCHIVAL	868.75	O_Tite_tute_Tati_tibi_tanta_tyranne_tulisti
specimen	CTDC-PARTICIPANT-416408	CTDC-SPECIMEN-451099	FORMALIN FIXED TISSUE	Frozen Tissue	scientia_et_sapientia	Primary	On Treatment (Fresh)	165.77	cacatum_non_est_pictum
specimen	CTDC-PARTICIPANT-365869	CTDC-SPECIMEN-428444	Fresh Tissue in Media to PDMR	BLOOD	O_Tite_tute_Tati_tibi_tanta_tyranne_tulisti	Adjacent Non-Tumor	PROGRESSION	656.85	scientiae_cedit_mare
specimen	CTDC-PARTICIPANT-365869	CTDC-SPECIMEN-120624	Streck Blood to PDMR	FRESH TISSUE	nascentes_morimur_finisque_ab_origine_pendet	Adjacent Non-Tumor	BASELINE	761.36	faber_est_suae_quisque_fortunae
specimen	CTDC-PARTICIPANT-654610	CTDC-SPECIMEN-795290	FORMALIN FIXED TISSUE	BLOOD	pace_tua	Metastatic	Post-Treatment (No progression)	313.8	scientia_imperii_decus_et_tutamen
specimen	CTDC-PARTICIPANT-654610	CTDC-SPECIMEN-893080	EDTA Blood	FRESH TISSUE	haec_olim_meminisse_iuvabit	Primary	ARCHIVAL	76.78	nascentes_morimur_finisque_ab_origine_pendet
specimen	CTDC-PARTICIPANT-300549	CTDC-SPECIMEN-947227	Streck Blood to VARI	Fresh Tissue	pace_tua	Normal	Archival	112.23	scientia_imperii_decus_et_tutamen
specimen	CTDC-PARTICIPANT-300549	CTDC-SPECIMEN-743007	Cell Block	Formalin Fixed Paraffin Embedded Tissue	sapiens_qui_prospicit	Normal	Progression (Fresh)	129.13	Macte_animo_Generose_puer_sic_itur_ad_astra
specimen	CTDC-PARTICIPANT-632807	CTDC-SPECIMEN-330218	EDTA Blood	OTHER BODILY FLUIDs	Gallia_est_omnis_divisa_in_partes_tres	Metastatic	Progression (Fresh)	401.27	id_quod_plerumque_accidit
specimen	CTDC-PARTICIPANT-632807	CTDC-SPECIMEN-556959	Streck Blood	Formalin Fixed Paraffin Embedded Tissue	scientia,_aere_perennius	Primary	PROGRESSION	635.28	labor_ipse_voluptas
specimen	CTDC-PARTICIPANT-898476	CTDC-SPECIMEN-917577	Formalin Fixed Tissue	Fresh Tissue	scientiae_et_patriae	Primary	On Treatment (Fresh)	401.25	scientiae_cedit_mare
specimen	CTDC-PARTICIPANT-898476	CTDC-SPECIMEN-379876	Snap Frozen Tissue	OTHER BODILY FLUIDs	Obedientia_civium_urbis_felicitas	Metastatic	Progression (Fresh)	131.95	scientia_et_labor
specimen	CTDC-PARTICIPANT-276522	CTDC-SPECIMEN-400344	EDTA Blood	CEREBROSPINAL FLUID	barba_crescit_caput_nescit	Metastatic	ON TREATMENT	533.08	scientia_et_labor
specimen	CTDC-PARTICIPANT-276522	CTDC-SPECIMEN-835846	FFPE Block	FORMALIN FIXED TISSUE	haec_olim_meminisse_iuvabit	Adjacent Non-Tumor	ARCHIVAL	286.67	scientia_et_sapientia
specimen	CTDC-PARTICIPANT-985685	CTDC-SPECIMEN-869707	EDTA Blood	BONE MARROW	O_Tite_tute_Tati_tibi_tanta_tyranne_tulisti	Normal	BASELINE	565.77	id_quod_plerumque_accidit
specimen	CTDC-PARTICIPANT-985685	CTDC-SPECIMEN-678200	Snap Frozen Tissue	CEREBROSPINAL FLUID	barba_crescit_caput_nescit	Metastatic	Baseline (Fresh)	106.44	damnant_quod_non_intellegunt
specimen	CTDC-PARTICIPANT-142229	CTDC-SPECIMEN-327411	Formalin Fixed Tissue	OTHER BODILY FLUIDs	Obedientia_civium_urbis_felicitas	Metastatic	PROGRESSION	37.04	saltus_in_demonstrando
specimen	CTDC-PARTICIPANT-142229	CTDC-SPECIMEN-902662	EDTA Blood	CEREBROSPINAL FLUID	pace_tua	Adjacent Non-Tumor	ARCHIVAL	478.75	faber_est_suae_quisque_fortunae
specimen	CTDC-PARTICIPANT-293557	CTDC-SPECIMEN-449129	Streck Blood	Blood	salus_in_arduis	Normal	Progression (Fresh)	858.02	O_Tite_tute_Tati_tibi_tanta_tyranne_tulisti
specimen	CTDC-PARTICIPANT-293557	CTDC-SPECIMEN-860398	FORMALIN FIXED TISSUE	FROZEN TISSUE	scientia_et_labor	Metastatic	ON TREATMENT	400.31	nascentes_morimur_finisque_ab_origine_pendet
specimen	CTDC-PARTICIPANT-380634	CTDC-SPECIMEN-939006	Formalin Fixed Tissue	Formalin Fixed Paraffin Embedded Tissue	labor_ipse_voluptas	Normal	Post-Treatment (No progression)	869.71	scientia_et_labor
specimen	CTDC-PARTICIPANT-380634	CTDC-SPECIMEN-584051	Unstained Bone Marrow Aspirate Slide	FROZEN TISSUE	e_causa_ignota	Primary	Baseline (Fresh)	558.41	sapiens_qui_prospicit
specimen	CTDC-PARTICIPANT-544681	CTDC-SPECIMEN-800326	EDTA Blood	OTHER BODILY FLUIDs	cacatum_non_est_pictum	Normal	PROGRESSION	519.0	a_bene_placito
specimen	CTDC-PARTICIPANT-544681	CTDC-SPECIMEN-546808	Unstained Slide	FORMALIN FIXED PARAFFIN EMBEDDED TISSUE	nanos_gigantum_humeris_insidentes	Primary	Archival	18.66	nanos_gigantum_humeris_insidentes
specimen	CTDC-PARTICIPANT-283258	CTDC-SPECIMEN-383113	Snap Frozen Tissue	CEREBROSPINAL FLUID	scientia,_aere_perennius	Primary	On Treatment (Fresh)	27.03	salus_in_arduis
specimen	CTDC-PARTICIPANT-283258	CTDC-SPECIMEN-129151	Stained Bone Marrow Aspirate Slide	FROZEN TISSUE	haec_olim_meminisse_iuvabit	Adjacent Non-Tumor	PROGRESSION	706.6	sapiens_qui_prospicit
specimen	CTDC-PARTICIPANT-722428	CTDC-SPECIMEN-696981	FORMALIN FIXED TISSUE	OTHER BODILY FLUIDs	Macte_animo_Generose_puer_sic_itur_ad_astra	Metastatic	Archival	865.28	scientia_et_labor
specimen	CTDC-PARTICIPANT-722428	CTDC-SPECIMEN-849018	Unstained Slide	SALIVA	nanos_gigantum_humeris_insidentes	Primary	Progression (Fresh)	749.19	e_causa_ignota
specimen	CTDC-PARTICIPANT-803065	CTDC-SPECIMEN-868176	Streck Blood to VARI	Bone Marrow	scientia,_aere_perennius	Normal	Archival	483.68	id_quod_plerumque_accidit
specimen	CTDC-PARTICIPANT-803065	CTDC-SPECIMEN-195814	Streck Blood to PDMR	URINE	nascentes_morimur_finisque_ab_origine_pendet	Normal	ARCHIVAL	94.2	scientia_imperii_decus_et_tutamen
specimen	CTDC-PARTICIPANT-550111	CTDC-SPECIMEN-824703	Formalin Fixed Tissue	SALIVA	scientia,_aere_perennius	Primary	ARCHIVAL	866.24	Gallia_est_omnis_divisa_in_partes_tres
specimen	CTDC-PARTICIPANT-550111	CTDC-SPECIMEN-369599	Fresh Tissue in Media to PDMR	Fresh Tissue	imperium_in_imperio	Adjacent Non-Tumor	PROGRESSION	847.99	scientia_et_labor
specimen	CTDC-PARTICIPANT-401372	CTDC-SPECIMEN-812260	Formalin Fixed Tissue	URINE	salus_in_arduis	Normal	Archival	925.0	scientiae_et_patriae
specimen	CTDC-PARTICIPANT-401372	CTDC-SPECIMEN-103043	EDTA Blood	Fresh Tissue	salus_in_arduis	Adjacent Non-Tumor	ON TREATMENT	526.44	nanos_gigantum_humeris_insidentes
specimen	CTDC-PARTICIPANT-209591	CTDC-SPECIMEN-903952	EDTA Blood	Blood	scientiae_et_patriae	Adjacent Non-Tumor	Post-Treatment (No progression)	407.73	scientia_et_sapientia
specimen	CTDC-PARTICIPANT-209591	CTDC-SPECIMEN-271960	Streck Blood to PDMR	FORMALIN FIXED PARAFFIN EMBEDDED TISSUE	nascentes_morimur_finisque_ab_origine_pendet	Normal	ARCHIVAL	751.13	O_Tite_tute_Tati_tibi_tanta_tyranne_tulisti
specimen	CTDC-PARTICIPANT-511714	CTDC-SPECIMEN-784256	Fresh Tissue in Media to PDMR	FORMALIN FIXED PARAFFIN EMBEDDED TISSUE	scientiae_cedit_mare	Adjacent Non-Tumor	PROGRESSION	592.21	salus_in_arduis
specimen	CTDC-PARTICIPANT-511714	CTDC-SPECIMEN-370520	Formalin Fixed Tissue	BUCCAL CELL SAMPLE	e_causa_ignota	Adjacent Non-Tumor	Baseline (Fresh)	981.05	imperium_in_imperio
specimen	CTDC-PARTICIPANT-111632	CTDC-SPECIMEN-531427	Formalin Bone Marrow Biopsy	Formalin Fixed Paraffin Embedded Tissue	Macte_animo_Generose_puer_sic_itur_ad_astra	Primary	On Treatment (Fresh)	566.93	O_Tite_tute_Tati_tibi_tanta_tyranne_tulisti
specimen	CTDC-PARTICIPANT-111632	CTDC-SPECIMEN-753488	Fresh Tissue in Media to PDMR	CEREBROSPINAL FLUID	Obedientia_civium_urbis_felicitas	Primary	On Treatment (Fresh)	717.8	faber_est_suae_quisque_fortunae
specimen	CTDC-PARTICIPANT-737735	CTDC-SPECIMEN-414305	EDTA Blood	Fresh Tissue	Macte_animo_Generose_puer_sic_itur_ad_astra	Metastatic	ON TREATMENT	143.39	scientia_et_labor
specimen	CTDC-PARTICIPANT-737735	CTDC-SPECIMEN-186453	Unstained Slide	CEREBROSPINAL FLUID	haec_olim_meminisse_iuvabit	Normal	PROGRESSION	822.99	scientia_et_labor
specimen	CTDC-PARTICIPANT-831722	CTDC-SPECIMEN-866370	FFPE Block	FORMALIN FIXED PARAFFIN EMBEDDED TISSUE	scientiae_et_patriae	Primary	Archival	375.37	id_quod_plerumque_accidit
specimen	CTDC-PARTICIPANT-831722	CTDC-SPECIMEN-886248	Snap Frozen Tissue	FROZEN TISSUE	haec_olim_meminisse_iuvabit	Primary	Baseline (Fresh)	323.97	scientia,_aere_perennius
specimen	CTDC-PARTICIPANT-192370	CTDC-SPECIMEN-261923	Fresh Tissue in Media to PDMR	Bone Marrow	saltus_in_demonstrando	Primary	PROGRESSION	207.11	damnant_quod_non_intellegunt
specimen	CTDC-PARTICIPANT-192370	CTDC-SPECIMEN-805756	FFPE Block	Formalin Fixed Paraffin Embedded Tissue	scientia_et_labor	Primary	ARCHIVAL	156.62	scientiae_et_patriae
specimen	CTDC-PARTICIPANT-539739	CTDC-SPECIMEN-668265	Fresh Tissue in Media to PDMR	BLOOD	nanos_gigantum_humeris_insidentes	Metastatic	Progression (Fresh)	213.08	Gallia_est_omnis_divisa_in_partes_tres
specimen	CTDC-PARTICIPANT-539739	CTDC-SPECIMEN-483122	EDTA Blood	Formalin Fixed Paraffin Embedded Tissue	saltus_in_demonstrando	Primary	ON TREATMENT	900.74	haec_olim_meminisse_iuvabit
specimen	CTDC-PARTICIPANT-402131	CTDC-SPECIMEN-149831	Streck Blood to VARI	FRESH TISSUE	Gallia_est_omnis_divisa_in_partes_tres	Normal	PROGRESSION	539.08	damnant_quod_non_intellegunt
specimen	CTDC-PARTICIPANT-402131	CTDC-SPECIMEN-882148	Streck Blood	Formalin Fixed Paraffin Embedded Tissue	labor_ipse_voluptas	Adjacent Non-Tumor	On Treatment (Fresh)	120.69	faber_est_suae_quisque_fortunae
specimen	CTDC-PARTICIPANT-306628	CTDC-SPECIMEN-701441	Stained Bone Marrow Aspirate Slide	BUCCAL CELL SAMPLE	faber_est_suae_quisque_fortunae	Metastatic	PROGRESSION	356.53	scientia,_aere_perennius
specimen	CTDC-PARTICIPANT-306628	CTDC-SPECIMEN-250613	Streck Blood	Frozen Tissue	cacatum_non_est_pictum	Normal	On Treatment (Fresh)	190.33	pace_tua
specimen	CTDC-PARTICIPANT-601551	CTDC-SPECIMEN-574191	Streck Blood to PDMR	URINE	nanos_gigantum_humeris_insidentes	Adjacent Non-Tumor	Progression (Fresh)	993.35	pace_tua
specimen	CTDC-PARTICIPANT-601551	CTDC-SPECIMEN-854009	Fresh Tissue in Media to PDMR	FROZEN TISSUE	scientia_et_labor	Metastatic	ON TREATMENT	754.41	nascentes_morimur_finisque_ab_origine_pendet
specimen	CTDC-PARTICIPANT-617839	CTDC-SPECIMEN-982875	Cell Block	STOOL	e_causa_ignota	Adjacent Non-Tumor	Baseline (Fresh)	941.87	scientia_et_labor
specimen	CTDC-PARTICIPANT-617839	CTDC-SPECIMEN-816481	FORMALIN FIXED TISSUE	SALIVA	a_bene_placito	Metastatic	PROGRESSION	655.43	Obedientia_civium_urbis_felicitas
specimen	CTDC-PARTICIPANT-878648	CTDC-SPECIMEN-128171	Unstained Slide	URINE	O_Tite_tute_Tati_tibi_tanta_tyranne_tulisti	Adjacent Non-Tumor	On Treatment (Fresh)	993.54	scientia,_aere_perennius
specimen	CTDC-PARTICIPANT-878648	CTDC-SPECIMEN-674314	Streck Blood to PDMR	Fresh Tissue	id_quod_plerumque_accidit	Adjacent Non-Tumor	Baseline (Fresh)	103.44	Gallia_est_omnis_divisa_in_partes_tres
specimen	CTDC-PARTICIPANT-527815	CTDC-SPECIMEN-537878	EDTA Blood	BONE MARROW	Obedientia_civium_urbis_felicitas	Metastatic	Baseline (Fresh)	931.67	O_Tite_tute_Tati_tibi_tanta_tyranne_tulisti
specimen	CTDC-PARTICIPANT-527815	CTDC-SPECIMEN-988359	FORMALIN FIXED TISSUE	Frozen Tissue	sapiens_qui_prospicit	Metastatic	Progression (Fresh)	739.21	saltus_in_demonstrando
specimen	CTDC-PARTICIPANT-861878	CTDC-SPECIMEN-987226	Streck Blood	FRESH TISSUE	a_bene_placito	Primary	BASELINE	973.48	labor_ipse_voluptas
specimen	CTDC-PARTICIPANT-861878	CTDC-SPECIMEN-142703	Snap Frozen Tissue	Frozen Tissue	scientia_et_sapientia	Metastatic	Baseline (Fresh)	775.97	nanos_gigantum_humeris_insidentes
specimen	CTDC-PARTICIPANT-911077	CTDC-SPECIMEN-347717	Unstained Bone Marrow Aspirate Slide	Fresh Tissue	imperium_in_imperio	Primary	ON TREATMENT	929.97	scientiae_et_patriae
specimen	CTDC-PARTICIPANT-911077	CTDC-SPECIMEN-368618	Streck Blood	BLOOD	scientia,_aere_perennius	Normal	ARCHIVAL	72.11	labor_ipse_voluptas
specimen	CTDC-PARTICIPANT-538954	CTDC-SPECIMEN-549788	Formalin Bone Marrow Biopsy	OTHER BODILY FLUIDs	nanos_gigantum_humeris_insidentes	Adjacent Non-Tumor	ARCHIVAL	372.67	barba_crescit_caput_nescit
specimen	CTDC-PARTICIPANT-538954	CTDC-SPECIMEN-751576	Cell Block	BLOOD	a_bene_placito	Normal	ARCHIVAL	853.34	Macte_animo_Generose_puer_sic_itur_ad_astra
specimen	CTDC-PARTICIPANT-236517	CTDC-SPECIMEN-587402	Cell Block	FRESH TISSUE	Obedientia_civium_urbis_felicitas	Primary	PROGRESSION	997.74	scientia_et_labor
specimen	CTDC-PARTICIPANT-236517	CTDC-SPECIMEN-335245	Streck Blood to PDMR	Frozen Tissue	pace_tua	Normal	Archival	799.94	scientia_et_labor
specimen	CTDC-PARTICIPANT-569457	CTDC-SPECIMEN-901594	Bone Marrow Aspirate	Frozen Tissue	Macte_animo_Generose_puer_sic_itur_ad_astra	Primary	ON TREATMENT	122.33	nanos_gigantum_humeris_insidentes
specimen	CTDC-PARTICIPANT-569457	CTDC-SPECIMEN-696680	EDTA Blood	CEREBROSPINAL FLUID	barba_crescit_caput_nescit	Primary	Post-Treatment (No progression)	285.1	damnant_quod_non_intellegunt
specimen	CTDC-PARTICIPANT-535037	CTDC-SPECIMEN-782506	Streck Blood to VARI	Frozen Tissue	scientia_et_labor	Metastatic	On Treatment (Fresh)	431.22	e_causa_ignota
specimen	CTDC-PARTICIPANT-535037	CTDC-SPECIMEN-247745	Fresh Tissue in Media to PDMR	Blood	barba_crescit_caput_nescit	Metastatic	Progression (Fresh)	861.73	e_causa_ignota
specimen	CTDC-PARTICIPANT-197469	CTDC-SPECIMEN-249745	Streck Blood to VARI	Formalin Fixed Paraffin Embedded Tissue	saltus_in_demonstrando	Metastatic	Progression (Fresh)	351.01	imperium_in_imperio
specimen	CTDC-PARTICIPANT-197469	CTDC-SPECIMEN-641556	Unstained Bone Marrow Aspirate Slide	Formalin Fixed Tissue	barba_crescit_caput_nescit	Primary	ON TREATMENT	167.9	e_causa_ignota
specimen	CTDC-PARTICIPANT-612804	CTDC-SPECIMEN-990936	Streck Blood	BUCCAL CELL SAMPLE	Obedientia_civium_urbis_felicitas	Metastatic	ON TREATMENT	472.64	scientia_imperii_decus_et_tutamen
specimen	CTDC-PARTICIPANT-612804	CTDC-SPECIMEN-769878	Formalin Bone Marrow Biopsy	FORMALIN FIXED PARAFFIN EMBEDDED TISSUE	Gallia_est_omnis_divisa_in_partes_tres	Normal	PROGRESSION	505.01	Macte_animo_Generose_puer_sic_itur_ad_astra
specimen	CTDC-PARTICIPANT-885879	CTDC-SPECIMEN-983740	Unstained Slide	STOOL	pace_tua	Primary	BASELINE	815.83	a_bene_placito
specimen	CTDC-PARTICIPANT-885879	CTDC-SPECIMEN-345170	Unstained Bone Marrow Aspirate Slide	CEREBROSPINAL FLUID	scientiae_cedit_mare	Normal	Post-Treatment (No progression)	334.7	Macte_animo_Generose_puer_sic_itur_ad_astra
specimen	CTDC-PARTICIPANT-381907	CTDC-SPECIMEN-758369	FFPE Block	CEREBROSPINAL FLUID	haec_olim_meminisse_iuvabit	Metastatic	On Treatment (Fresh)	818.71	pace_tua
specimen	CTDC-PARTICIPANT-381907	CTDC-SPECIMEN-437339	Unstained Slide	OTHER BODILY FLUIDs	labor_ipse_voluptas	Normal	ARCHIVAL	828.91	nascentes_morimur_finisque_ab_origine_pendet
specimen	CTDC-PARTICIPANT-942171	CTDC-SPECIMEN-412334	Fresh Tissue in Media to PDMR	Formalin Fixed Tissue	nanos_gigantum_humeris_insidentes	Adjacent Non-Tumor	ON TREATMENT	113.71	Macte_animo_Generose_puer_sic_itur_ad_astra
specimen	CTDC-PARTICIPANT-942171	CTDC-SPECIMEN-202995	EDTA Blood	SALIVA	O_Tite_tute_Tati_tibi_tanta_tyranne_tulisti	Normal	Post-Treatment (No progression)	574.63	saltus_in_demonstrando
specimen	CTDC-PARTICIPANT-308600	CTDC-SPECIMEN-635187	Snap Frozen Tissue	CEREBROSPINAL FLUID	salus_in_arduis	Normal	Archival	719.89	scientia_imperii_decus_et_tutamen
specimen	CTDC-PARTICIPANT-308600	CTDC-SPECIMEN-320897	Formalin Fixed Tissue	SALIVA	imperium_in_imperio	Primary	ON TREATMENT	266.24	scientia_et_labor
specimen	CTDC-PARTICIPANT-608046	CTDC-SPECIMEN-322767	Streck Blood to PDMR	Blood	scientia_imperii_decus_et_tutamen	Primary	PROGRESSION	101.31	barba_crescit_caput_nescit
specimen	CTDC-PARTICIPANT-608046	CTDC-SPECIMEN-398784	Snap Frozen Tissue	BLOOD	scientiae_et_patriae	Metastatic	On Treatment (Fresh)	264.38	scientia_et_sapientia
specimen	CTDC-PARTICIPANT-907234	CTDC-SPECIMEN-362134	Streck Blood to VARI	STOOL	nanos_gigantum_humeris_insidentes	Normal	On Treatment (Fresh)	897.9	scientia_imperii_decus_et_tutamen
specimen	CTDC-PARTICIPANT-907234	CTDC-SPECIMEN-391855	Streck Blood to VARI	SALIVA	Obedientia_civium_urbis_felicitas	Normal	Baseline (Fresh)	993.09	saltus_in_demonstrando
specimen	CTDC-PARTICIPANT-607211	CTDC-SPECIMEN-691734	Streck Blood	Bone Marrow	Macte_animo_Generose_puer_sic_itur_ad_astra	Metastatic	ON TREATMENT	109.06	scientiae_et_patriae
specimen	CTDC-PARTICIPANT-607211	CTDC-SPECIMEN-979256	Snap Frozen Tissue	FROZEN TISSUE	scientia_imperii_decus_et_tutamen	Metastatic	Post-Treatment (No progression)	169.3	Gallia_est_omnis_divisa_in_partes_tres
specimen	CTDC-PARTICIPANT-415523	CTDC-SPECIMEN-589990	Snap Frozen Tissue	FORMALIN FIXED TISSUE	Obedientia_civium_urbis_felicitas	Metastatic	PROGRESSION	835.02	id_quod_plerumque_accidit
specimen	CTDC-PARTICIPANT-415523	CTDC-SPECIMEN-790305	Fresh Tissue in Media to PDMR	BONE MARROW	Gallia_est_omnis_divisa_in_partes_tres	Primary	On Treatment (Fresh)	790.11	labor_ipse_voluptas
specimen	CTDC-PARTICIPANT-320437	CTDC-SPECIMEN-290300	FFPE Block	BUCCAL CELL SAMPLE	Macte_animo_Generose_puer_sic_itur_ad_astra	Normal	Archival	557.32	scientia_et_labor
specimen	CTDC-PARTICIPANT-320437	CTDC-SPECIMEN-544301	Unstained Slide	FORMALIN FIXED TISSUE	scientia_et_labor	Primary	Post-Treatment (No progression)	94.32	a_bene_placito
specimen	CTDC-PARTICIPANT-245974	CTDC-SPECIMEN-937673	FORMALIN FIXED TISSUE	STOOL	e_causa_ignota	Metastatic	BASELINE	329.0	scientia,_aere_perennius
specimen	CTDC-PARTICIPANT-245974	CTDC-SPECIMEN-350789	Streck Blood	BONE MARROW	scientia_imperii_decus_et_tutamen	Normal	Progression (Fresh)	46.06	haec_olim_meminisse_iuvabit
specimen	CTDC-PARTICIPANT-784737	CTDC-SPECIMEN-679609	Streck Blood	BUCCAL CELL SAMPLE	id_quod_plerumque_accidit	Adjacent Non-Tumor	On Treatment (Fresh)	534.96	faber_est_suae_quisque_fortunae
specimen	CTDC-PARTICIPANT-784737	CTDC-SPECIMEN-893790	EDTA Blood	Frozen Tissue	scientia,_aere_perennius	Metastatic	On Treatment (Fresh)	352.01	scientia_imperii_decus_et_tutamen
specimen	CTDC-PARTICIPANT-128362	CTDC-SPECIMEN-668834	Streck Blood to VARI	FRESH TISSUE	Obedientia_civium_urbis_felicitas	Normal	ON TREATMENT	561.97	imperium_in_imperio
specimen	CTDC-PARTICIPANT-128362	CTDC-SPECIMEN-759912	Formalin Fixed Tissue	Fresh Tissue	nascentes_morimur_finisque_ab_origine_pendet	Metastatic	Post-Treatment (No progression)	736.42	haec_olim_meminisse_iuvabit
specimen	CTDC-PARTICIPANT-877157	CTDC-SPECIMEN-668972	Cell Block	Formalin Fixed Tissue	haec_olim_meminisse_iuvabit	Adjacent Non-Tumor	BASELINE	592.03	damnant_quod_non_intellegunt
specimen	CTDC-PARTICIPANT-877157	CTDC-SPECIMEN-185300	Fresh Tissue in Media to PDMR	URINE	scientia_et_labor	Metastatic	Progression (Fresh)	438.55	damnant_quod_non_intellegunt
specimen	CTDC-PARTICIPANT-136884	CTDC-SPECIMEN-720782	Cell Block	FORMALIN FIXED TISSUE	Gallia_est_omnis_divisa_in_partes_tres	Adjacent Non-Tumor	BASELINE	585.26	Macte_animo_Generose_puer_sic_itur_ad_astra
specimen	CTDC-PARTICIPANT-136884	CTDC-SPECIMEN-279466	Bone Marrow Aspirate	OTHER BODILY FLUIDs	id_quod_plerumque_accidit	Primary	On Treatment (Fresh)	842.2	scientia_et_sapientia
specimen	CTDC-PARTICIPANT-188851	CTDC-SPECIMEN-872136	Stained Bone Marrow Aspirate Slide	FRESH TISSUE	scientia,_aere_perennius	Primary	Progression (Fresh)	423.0	saltus_in_demonstrando
specimen	CTDC-PARTICIPANT-188851	CTDC-SPECIMEN-740650	Fresh Tissue in Media to PDMR	FORMALIN FIXED PARAFFIN EMBEDDED TISSUE	Obedientia_civium_urbis_felicitas	Normal	Archival	715.55	imperium_in_imperio
specimen	CTDC-PARTICIPANT-439928	CTDC-SPECIMEN-717846	Streck Blood to VARI	URINE	salus_in_arduis	Normal	On Treatment (Fresh)	335.07	nanos_gigantum_humeris_insidentes
specimen	CTDC-PARTICIPANT-439928	CTDC-SPECIMEN-513448	Streck Blood to PDMR	FORMALIN FIXED TISSUE	salus_in_arduis	Normal	Archival	57.14	imperium_in_imperio
specimen	CTDC-PARTICIPANT-704267	CTDC-SPECIMEN-916781	Formalin Fixed Tissue	URINE	scientia_et_labor	Metastatic	Post-Treatment (No progression)	561.58	faber_est_suae_quisque_fortunae
specimen	CTDC-PARTICIPANT-704267	CTDC-SPECIMEN-555877	Cell Block	FORMALIN FIXED TISSUE	scientia_et_sapientia	Primary	PROGRESSION	95.16	O_Tite_tute_Tati_tibi_tanta_tyranne_tulisti
specimen	CTDC-PARTICIPANT-274862	CTDC-SPECIMEN-618066	Snap Frozen Tissue	Blood	Macte_animo_Generose_puer_sic_itur_ad_astra	Adjacent Non-Tumor	PROGRESSION	847.27	haec_olim_meminisse_iuvabit
specimen	CTDC-PARTICIPANT-274862	CTDC-SPECIMEN-623404	EDTA Blood	Formalin Fixed Paraffin Embedded Tissue	Gallia_est_omnis_divisa_in_partes_tres	Primary	ON TREATMENT	727.72	scientia,_aere_perennius
specimen	CTDC-PARTICIPANT-669146	CTDC-SPECIMEN-305566	Snap Frozen Tissue	FORMALIN FIXED PARAFFIN EMBEDDED TISSUE	nascentes_morimur_finisque_ab_origine_pendet	Metastatic	Post-Treatment (No progression)	745.74	Obedientia_civium_urbis_felicitas
specimen	CTDC-PARTICIPANT-669146	CTDC-SPECIMEN-969608	Stained Bone Marrow Aspirate Slide	STOOL	scientia_imperii_decus_et_tutamen	Primary	ON TREATMENT	770.68	id_quod_plerumque_accidit
specimen	CTDC-PARTICIPANT-174961	CTDC-SPECIMEN-973185	Unstained Slide	SALIVA	damnant_quod_non_intellegunt	Metastatic	Baseline (Fresh)	802.95	saltus_in_demonstrando
specimen	CTDC-PARTICIPANT-174961	CTDC-SPECIMEN-820248	FORMALIN FIXED TISSUE	URINE	imperium_in_imperio	Primary	Post-Treatment (No progression)	684.0	haec_olim_meminisse_iuvabit
specimen	CTDC-PARTICIPANT-957696	CTDC-SPECIMEN-933800	Formalin Bone Marrow Biopsy	SALIVA	imperium_in_imperio	Metastatic	Progression (Fresh)	33.97	a_bene_placito
specimen	CTDC-PARTICIPANT-957696	CTDC-SPECIMEN-561086	Streck Blood to PDMR	Fresh Tissue	Gallia_est_omnis_divisa_in_partes_tres	Normal	Archival	501.26	Gallia_est_omnis_divisa_in_partes_tres
specimen	CTDC-PARTICIPANT-811131	CTDC-SPECIMEN-565815	Cell Block	SALIVA	nanos_gigantum_humeris_insidentes	Metastatic	Post-Treatment (No progression)	965.19	id_quod_plerumque_accidit
specimen	CTDC-PARTICIPANT-811131	CTDC-SPECIMEN-348533	Fresh Tissue in Media to PDMR	STOOL	scientia,_aere_perennius	Normal	PROGRESSION	95.72	faber_est_suae_quisque_fortunae
specimen	CTDC-PARTICIPANT-377066	CTDC-SPECIMEN-121455	Formalin Bone Marrow Biopsy	BUCCAL CELL SAMPLE	O_Tite_tute_Tati_tibi_tanta_tyranne_tulisti	Normal	ARCHIVAL	539.23	a_bene_placito
specimen	CTDC-PARTICIPANT-377066	CTDC-SPECIMEN-870210	Streck Blood to VARI	FORMALIN FIXED PARAFFIN EMBEDDED TISSUE	scientia_imperii_decus_et_tutamen	Adjacent Non-Tumor	ON TREATMENT	521.87	labor_ipse_voluptas
specimen	CTDC-PARTICIPANT-115266	CTDC-SPECIMEN-475901	Bone Marrow Aspirate	FROZEN TISSUE	labor_ipse_voluptas	Metastatic	Archival	372.72	scientiae_cedit_mare
specimen	CTDC-PARTICIPANT-115266	CTDC-SPECIMEN-405329	Streck Blood to PDMR	BONE MARROW	damnant_quod_non_intellegunt	Primary	PROGRESSION	209.97	Obedientia_civium_urbis_felicitas
specimen	CTDC-PARTICIPANT-513568	CTDC-SPECIMEN-269613	Unstained Bone Marrow Aspirate Slide	FORMALIN FIXED PARAFFIN EMBEDDED TISSUE	pace_tua	Adjacent Non-Tumor	Baseline (Fresh)	807.71	faber_est_suae_quisque_fortunae
specimen	CTDC-PARTICIPANT-513568	CTDC-SPECIMEN-184258	Unstained Bone Marrow Aspirate Slide	BONE MARROW	Obedientia_civium_urbis_felicitas	Metastatic	Baseline (Fresh)	515.77	pace_tua
specimen	CTDC-PARTICIPANT-943998	CTDC-SPECIMEN-286686	Unstained Slide	Frozen Tissue	Macte_animo_Generose_puer_sic_itur_ad_astra	Normal	Progression (Fresh)	640.17	cacatum_non_est_pictum
specimen	CTDC-PARTICIPANT-943998	CTDC-SPECIMEN-483898	Fresh Tissue in Media to PDMR	Formalin Fixed Paraffin Embedded Tissue	a_bene_placito	Normal	Archival	973.18	sapiens_qui_prospicit
