type	participant.participant_id	specimen_record_id	specimen_type	specimen_category	anatomical_collection_site	tissue_category	assessment_timepoint	collection_date	crdc_id
specimen	CTDC-PARTICIPANT-401275	CTDC-SPECIMEN-619836	Snap Frozen Tissue	Fresh Tissue	nascentes_morimur_finisque_ab_origine_pendet	Primary	Progression (Fresh)	571.31	pace_tua
specimen	CTDC-PARTICIPANT-401275	CTDC-SPECIMEN-883269	Streck Blood to PDMR	Bone Marrow	nascentes_morimur_finisque_ab_origine_pendet	Adjacent Non-Tumor	Post-Treatment (No progression)	664.34	imperium_in_imperio
specimen	CTDC-PARTICIPANT-346284	CTDC-SPECIMEN-186201	FORMALIN FIXED TISSUE	Blood	barba_crescit_caput_nescit	Primary	ARCHIVAL	261.41	haec_olim_meminisse_iuvabit
specimen	CTDC-PARTICIPANT-346284	CTDC-SPECIMEN-635141	Bone Marrow Aspirate	BONE MARROW	id_quod_plerumque_accidit	Primary	BASELINE	286.44	scientia_et_sapientia
specimen	CTDC-PARTICIPANT-659175	CTDC-SPECIMEN-385673	Stained Bone Marrow Aspirate Slide	FROZEN TISSUE	labor_ipse_voluptas	Primary	Archival	547.71	scientia_et_sapientia
specimen	CTDC-PARTICIPANT-659175	CTDC-SPECIMEN-494156	Formalin Fixed Tissue	Formalin Fixed Tissue	pace_tua	Primary	ARCHIVAL	76.88	nascentes_morimur_finisque_ab_origine_pendet
specimen	CTDC-PARTICIPANT-206903	CTDC-SPECIMEN-475413	FFPE Block	BUCCAL CELL SAMPLE	scientia_et_sapientia	Normal	BASELINE	180.96	scientiae_et_patriae
specimen	CTDC-PARTICIPANT-206903	CTDC-SPECIMEN-719629	Fresh Tissue in Media to PDMR	FORMALIN FIXED TISSUE	scientia_imperii_decus_et_tutamen	Primary	ON TREATMENT	456.96	salus_in_arduis
specimen	CTDC-PARTICIPANT-120022	CTDC-SPECIMEN-981703	Unstained Bone Marrow Aspirate Slide	CEREBROSPINAL FLUID	id_quod_plerumque_accidit	Adjacent Non-Tumor	Baseline (Fresh)	897.19	scientiae_et_patriae
specimen	CTDC-PARTICIPANT-120022	CTDC-SPECIMEN-296456	Fresh Tissue in Media to PDMR	FORMALIN FIXED TISSUE	Gallia_est_omnis_divisa_in_partes_tres	Primary	On Treatment (Fresh)	896.85	haec_olim_meminisse_iuvabit
specimen	CTDC-PARTICIPANT-873569	CTDC-SPECIMEN-215138	Formalin Fixed Tissue	FORMALIN FIXED TISSUE	labor_ipse_voluptas	Metastatic	Baseline (Fresh)	823.39	sapiens_qui_prospicit
specimen	CTDC-PARTICIPANT-873569	CTDC-SPECIMEN-772543	Formalin Fixed Tissue	Fresh Tissue	cacatum_non_est_pictum	Primary	Archival	650.26	nanos_gigantum_humeris_insidentes
specimen	CTDC-PARTICIPANT-434629	CTDC-SPECIMEN-986093	Fresh Tissue in Media to PDMR	BUCCAL CELL SAMPLE	scientia_et_labor	Primary	Post-Treatment (No progression)	657.62	damnant_quod_non_intellegunt
specimen	CTDC-PARTICIPANT-434629	CTDC-SPECIMEN-405941	Cell Block	FRESH TISSUE	nascentes_morimur_finisque_ab_origine_pendet	Adjacent Non-Tumor	ARCHIVAL	199.2	labor_ipse_voluptas
specimen	CTDC-PARTICIPANT-458502	CTDC-SPECIMEN-322758	Fresh Tissue in Media to PDMR	URINE	imperium_in_imperio	Adjacent Non-Tumor	ON TREATMENT	887.57	scientiae_cedit_mare
specimen	CTDC-PARTICIPANT-458502	CTDC-SPECIMEN-523078	Streck Blood to PDMR	FORMALIN FIXED PARAFFIN EMBEDDED TISSUE	id_quod_plerumque_accidit	Primary	BASELINE	913.15	scientiae_et_patriae
specimen	CTDC-PARTICIPANT-560400	CTDC-SPECIMEN-146274	Streck Blood	Formalin Fixed Paraffin Embedded Tissue	damnant_quod_non_intellegunt	Normal	Archival	697.14	barba_crescit_caput_nescit
specimen	CTDC-PARTICIPANT-560400	CTDC-SPECIMEN-427846	Fresh Tissue in Media to PDMR	Fresh Tissue	scientia_imperii_decus_et_tutamen	Metastatic	BASELINE	728.14	sapiens_qui_prospicit
specimen	CTDC-PARTICIPANT-925478	CTDC-SPECIMEN-996554	EDTA Blood	CEREBROSPINAL FLUID	nanos_gigantum_humeris_insidentes	Normal	Progression (Fresh)	921.05	imperium_in_imperio
specimen	CTDC-PARTICIPANT-925478	CTDC-SPECIMEN-233642	Unstained Slide	SALIVA	scientia_et_sapientia	Primary	Archival	111.34	scientiae_et_patriae
specimen	CTDC-PARTICIPANT-128929	CTDC-SPECIMEN-502078	FORMALIN FIXED TISSUE	STOOL	haec_olim_meminisse_iuvabit	Primary	On Treatment (Fresh)	132.29	scientia,_aere_perennius
specimen	CTDC-PARTICIPANT-128929	CTDC-SPECIMEN-298288	Streck Blood to VARI	BLOOD	id_quod_plerumque_accidit	Normal	BASELINE	267.63	nascentes_morimur_finisque_ab_origine_pendet
specimen	CTDC-PARTICIPANT-454125	CTDC-SPECIMEN-118851	EDTA Blood	FROZEN TISSUE	a_bene_placito	Metastatic	On Treatment (Fresh)	876.58	scientia,_aere_perennius
specimen	CTDC-PARTICIPANT-454125	CTDC-SPECIMEN-560030	Unstained Slide	Frozen Tissue	scientiae_cedit_mare	Adjacent Non-Tumor	Archival	288.47	O_Tite_tute_Tati_tibi_tanta_tyranne_tulisti
specimen	CTDC-PARTICIPANT-994421	CTDC-SPECIMEN-507568	Unstained Slide	Bone Marrow	e_causa_ignota	Metastatic	Progression (Fresh)	712.76	scientiae_et_patriae
specimen	CTDC-PARTICIPANT-994421	CTDC-SPECIMEN-331362	Stained Bone Marrow Aspirate Slide	STOOL	scientia_et_sapientia	Normal	On Treatment (Fresh)	863.86	scientia_imperii_decus_et_tutamen
specimen	CTDC-PARTICIPANT-415152	CTDC-SPECIMEN-195577	Streck Blood to VARI	OTHER BODILY FLUIDs	imperium_in_imperio	Normal	BASELINE	724.09	scientia_et_sapientia
specimen	CTDC-PARTICIPANT-415152	CTDC-SPECIMEN-198160	Fresh Tissue in Media to PDMR	Fresh Tissue	Obedientia_civium_urbis_felicitas	Normal	Progression (Fresh)	585.36	scientia_et_sapientia
specimen	CTDC-PARTICIPANT-117200	CTDC-SPECIMEN-161827	Formalin Fixed Tissue	STOOL	pace_tua	Adjacent Non-Tumor	Archival	976.1	scientia_et_sapientia
specimen	CTDC-PARTICIPANT-117200	CTDC-SPECIMEN-179506	Streck Blood	URINE	salus_in_arduis	Adjacent Non-Tumor	ON TREATMENT	772.76	haec_olim_meminisse_iuvabit
specimen	CTDC-PARTICIPANT-373652	CTDC-SPECIMEN-281623	Unstained Slide	Formalin Fixed Paraffin Embedded Tissue	barba_crescit_caput_nescit	Adjacent Non-Tumor	Archival	697.22	pace_tua
specimen	CTDC-PARTICIPANT-373652	CTDC-SPECIMEN-747867	EDTA Blood	Fresh Tissue	id_quod_plerumque_accidit	Primary	BASELINE	645.82	O_Tite_tute_Tati_tibi_tanta_tyranne_tulisti
specimen	CTDC-PARTICIPANT-683957	CTDC-SPECIMEN-260274	Bone Marrow Aspirate	BLOOD	a_bene_placito	Metastatic	BASELINE	832.36	pace_tua
specimen	CTDC-PARTICIPANT-683957	CTDC-SPECIMEN-421567	Streck Blood to PDMR	BONE MARROW	labor_ipse_voluptas	Metastatic	ON TREATMENT	245.32	salus_in_arduis
specimen	CTDC-PARTICIPANT-510894	CTDC-SPECIMEN-782966	FFPE Block	OTHER BODILY FLUIDs	cacatum_non_est_pictum	Metastatic	Progression (Fresh)	345.35	faber_est_suae_quisque_fortunae
specimen	CTDC-PARTICIPANT-510894	CTDC-SPECIMEN-419212	Bone Marrow Aspirate	BLOOD	O_Tite_tute_Tati_tibi_tanta_tyranne_tulisti	Primary	Baseline (Fresh)	721.11	imperium_in_imperio
specimen	CTDC-PARTICIPANT-214180	CTDC-SPECIMEN-505142	Streck Blood to VARI	CEREBROSPINAL FLUID	nanos_gigantum_humeris_insidentes	Adjacent Non-Tumor	On Treatment (Fresh)	870.5	imperium_in_imperio
specimen	CTDC-PARTICIPANT-214180	CTDC-SPECIMEN-522755	Unstained Bone Marrow Aspirate Slide	BUCCAL CELL SAMPLE	nanos_gigantum_humeris_insidentes	Metastatic	Progression (Fresh)	782.5	id_quod_plerumque_accidit
specimen	CTDC-PARTICIPANT-846729	CTDC-SPECIMEN-272349	Formalin Fixed Tissue	URINE	imperium_in_imperio	Normal	BASELINE	57.7	faber_est_suae_quisque_fortunae
specimen	CTDC-PARTICIPANT-846729	CTDC-SPECIMEN-585664	Fresh Tissue in Media to PDMR	Bone Marrow	scientia_imperii_decus_et_tutamen	Adjacent Non-Tumor	Archival	845.61	saltus_in_demonstrando
specimen	CTDC-PARTICIPANT-161324	CTDC-SPECIMEN-183288	Stained Bone Marrow Aspirate Slide	Formalin Fixed Paraffin Embedded Tissue	Obedientia_civium_urbis_felicitas	Metastatic	Baseline (Fresh)	365.74	damnant_quod_non_intellegunt
specimen	CTDC-PARTICIPANT-161324	CTDC-SPECIMEN-822717	Formalin Fixed Tissue	Bone Marrow	e_causa_ignota	Adjacent Non-Tumor	BASELINE	896.25	barba_crescit_caput_nescit
specimen	CTDC-PARTICIPANT-523955	CTDC-SPECIMEN-538787	Streck Blood to PDMR	Fresh Tissue	damnant_quod_non_intellegunt	Normal	Baseline (Fresh)	539.21	scientiae_cedit_mare
specimen	CTDC-PARTICIPANT-523955	CTDC-SPECIMEN-658916	FFPE Block	BONE MARROW	nascentes_morimur_finisque_ab_origine_pendet	Metastatic	ON TREATMENT	825.1	nanos_gigantum_humeris_insidentes
specimen	CTDC-PARTICIPANT-161725	CTDC-SPECIMEN-564413	Formalin Fixed Tissue	BLOOD	scientia_et_sapientia	Adjacent Non-Tumor	Archival	411.15	Gallia_est_omnis_divisa_in_partes_tres
specimen	CTDC-PARTICIPANT-161725	CTDC-SPECIMEN-350363	Formalin Fixed Tissue	Blood	scientiae_cedit_mare	Primary	ON TREATMENT	358.79	salus_in_arduis
specimen	CTDC-PARTICIPANT-300799	CTDC-SPECIMEN-873138	FFPE Block	OTHER BODILY FLUIDs	scientiae_et_patriae	Metastatic	BASELINE	940.6	haec_olim_meminisse_iuvabit
specimen	CTDC-PARTICIPANT-300799	CTDC-SPECIMEN-117213	Formalin Fixed Tissue	BONE MARROW	scientia_et_labor	Normal	BASELINE	741.99	nanos_gigantum_humeris_insidentes
specimen	CTDC-PARTICIPANT-701751	CTDC-SPECIMEN-693009	Unstained Slide	Fresh Tissue	faber_est_suae_quisque_fortunae	Metastatic	Archival	124.64	imperium_in_imperio
specimen	CTDC-PARTICIPANT-701751	CTDC-SPECIMEN-981116	Unstained Slide	FORMALIN FIXED PARAFFIN EMBEDDED TISSUE	cacatum_non_est_pictum	Adjacent Non-Tumor	On Treatment (Fresh)	485.84	salus_in_arduis
specimen	CTDC-PARTICIPANT-261533	CTDC-SPECIMEN-958015	Fresh Tissue in Media to PDMR	Bone Marrow	scientia_et_sapientia	Normal	ON TREATMENT	231.25	salus_in_arduis
specimen	CTDC-PARTICIPANT-261533	CTDC-SPECIMEN-692198	Unstained Slide	Bone Marrow	sapiens_qui_prospicit	Normal	Post-Treatment (No progression)	582.89	pace_tua
specimen	CTDC-PARTICIPANT-907912	CTDC-SPECIMEN-614761	Unstained Slide	URINE	labor_ipse_voluptas	Adjacent Non-Tumor	ON TREATMENT	136.14	O_Tite_tute_Tati_tibi_tanta_tyranne_tulisti
specimen	CTDC-PARTICIPANT-907912	CTDC-SPECIMEN-371520	Fresh Tissue in Media to PDMR	BLOOD	salus_in_arduis	Primary	On Treatment (Fresh)	871.47	Macte_animo_Generose_puer_sic_itur_ad_astra
specimen	CTDC-PARTICIPANT-791581	CTDC-SPECIMEN-662717	FORMALIN FIXED TISSUE	Frozen Tissue	e_causa_ignota	Primary	Post-Treatment (No progression)	223.46	faber_est_suae_quisque_fortunae
specimen	CTDC-PARTICIPANT-791581	CTDC-SPECIMEN-740144	Streck Blood to PDMR	FORMALIN FIXED PARAFFIN EMBEDDED TISSUE	barba_crescit_caput_nescit	Primary	ON TREATMENT	595.12	e_causa_ignota
specimen	CTDC-PARTICIPANT-109309	CTDC-SPECIMEN-628476	FFPE Block	FORMALIN FIXED PARAFFIN EMBEDDED TISSUE	a_bene_placito	Metastatic	Archival	145.03	scientiae_cedit_mare
specimen	CTDC-PARTICIPANT-109309	CTDC-SPECIMEN-352870	Snap Frozen Tissue	FORMALIN FIXED TISSUE	salus_in_arduis	Primary	On Treatment (Fresh)	593.35	pace_tua
specimen	CTDC-PARTICIPANT-966762	CTDC-SPECIMEN-899805	Snap Frozen Tissue	Formalin Fixed Paraffin Embedded Tissue	O_Tite_tute_Tati_tibi_tanta_tyranne_tulisti	Normal	ON TREATMENT	911.38	scientia_imperii_decus_et_tutamen
specimen	CTDC-PARTICIPANT-966762	CTDC-SPECIMEN-255456	FFPE Block	URINE	nanos_gigantum_humeris_insidentes	Primary	BASELINE	855.92	labor_ipse_voluptas
specimen	CTDC-PARTICIPANT-337234	CTDC-SPECIMEN-148514	Formalin Bone Marrow Biopsy	BLOOD	saltus_in_demonstrando	Primary	Post-Treatment (No progression)	295.65	a_bene_placito
specimen	CTDC-PARTICIPANT-337234	CTDC-SPECIMEN-559122	Formalin Bone Marrow Biopsy	FROZEN TISSUE	scientiae_cedit_mare	Primary	ARCHIVAL	695.06	haec_olim_meminisse_iuvabit
specimen	CTDC-PARTICIPANT-913024	CTDC-SPECIMEN-148492	Unstained Bone Marrow Aspirate Slide	FROZEN TISSUE	pace_tua	Normal	Archival	15.67	scientiae_et_patriae
specimen	CTDC-PARTICIPANT-913024	CTDC-SPECIMEN-713960	Bone Marrow Aspirate	Formalin Fixed Tissue	Gallia_est_omnis_divisa_in_partes_tres	Normal	Post-Treatment (No progression)	855.11	scientia_et_labor
specimen	CTDC-PARTICIPANT-471197	CTDC-SPECIMEN-769909	Snap Frozen Tissue	FROZEN TISSUE	scientia_et_sapientia	Primary	Post-Treatment (No progression)	870.92	scientia_imperii_decus_et_tutamen
specimen	CTDC-PARTICIPANT-471197	CTDC-SPECIMEN-819663	Snap Frozen Tissue	CEREBROSPINAL FLUID	scientia_et_labor	Primary	On Treatment (Fresh)	934.52	scientia_et_labor
specimen	CTDC-PARTICIPANT-858356	CTDC-SPECIMEN-774703	Streck Blood to VARI	FORMALIN FIXED PARAFFIN EMBEDDED TISSUE	scientia_et_labor	Primary	Post-Treatment (No progression)	255.58	faber_est_suae_quisque_fortunae
specimen	CTDC-PARTICIPANT-858356	CTDC-SPECIMEN-722592	Bone Marrow Aspirate	STOOL	cacatum_non_est_pictum	Adjacent Non-Tumor	ARCHIVAL	226.46	Gallia_est_omnis_divisa_in_partes_tres
specimen	CTDC-PARTICIPANT-961705	CTDC-SPECIMEN-513428	Formalin Bone Marrow Biopsy	URINE	faber_est_suae_quisque_fortunae	Normal	ARCHIVAL	725.46	pace_tua
specimen	CTDC-PARTICIPANT-961705	CTDC-SPECIMEN-592647	Unstained Slide	BONE MARROW	nanos_gigantum_humeris_insidentes	Primary	Progression (Fresh)	868.15	a_bene_placito
specimen	CTDC-PARTICIPANT-578970	CTDC-SPECIMEN-772738	Streck Blood	FRESH TISSUE	saltus_in_demonstrando	Adjacent Non-Tumor	Baseline (Fresh)	429.18	sapiens_qui_prospicit
specimen	CTDC-PARTICIPANT-578970	CTDC-SPECIMEN-788907	Stained Bone Marrow Aspirate Slide	Fresh Tissue	scientiae_et_patriae	Metastatic	ARCHIVAL	625.39	pace_tua
specimen	CTDC-PARTICIPANT-378249	CTDC-SPECIMEN-125354	FORMALIN FIXED TISSUE	Formalin Fixed Paraffin Embedded Tissue	salus_in_arduis	Metastatic	On Treatment (Fresh)	285.63	damnant_quod_non_intellegunt
specimen	CTDC-PARTICIPANT-378249	CTDC-SPECIMEN-264850	EDTA Blood	Fresh Tissue	Obedientia_civium_urbis_felicitas	Adjacent Non-Tumor	Progression (Fresh)	826.59	salus_in_arduis
specimen	CTDC-PARTICIPANT-950280	CTDC-SPECIMEN-597744	FORMALIN FIXED TISSUE	FORMALIN FIXED TISSUE	nanos_gigantum_humeris_insidentes	Adjacent Non-Tumor	ARCHIVAL	399.25	nascentes_morimur_finisque_ab_origine_pendet
specimen	CTDC-PARTICIPANT-950280	CTDC-SPECIMEN-887965	Snap Frozen Tissue	FORMALIN FIXED PARAFFIN EMBEDDED TISSUE	O_Tite_tute_Tati_tibi_tanta_tyranne_tulisti	Metastatic	ON TREATMENT	690.55	damnant_quod_non_intellegunt
specimen	CTDC-PARTICIPANT-888235	CTDC-SPECIMEN-851580	FFPE Block	Formalin Fixed Tissue	nanos_gigantum_humeris_insidentes	Metastatic	On Treatment (Fresh)	667.08	a_bene_placito
specimen	CTDC-PARTICIPANT-888235	CTDC-SPECIMEN-696576	EDTA Blood	Frozen Tissue	Obedientia_civium_urbis_felicitas	Adjacent Non-Tumor	Baseline (Fresh)	926.84	scientia_et_labor
specimen	CTDC-PARTICIPANT-102877	CTDC-SPECIMEN-885749	Cell Block	Fresh Tissue	imperium_in_imperio	Primary	Post-Treatment (No progression)	710.25	damnant_quod_non_intellegunt
specimen	CTDC-PARTICIPANT-102877	CTDC-SPECIMEN-813395	EDTA Blood	CEREBROSPINAL FLUID	scientia,_aere_perennius	Metastatic	Post-Treatment (No progression)	484.34	O_Tite_tute_Tati_tibi_tanta_tyranne_tulisti
specimen	CTDC-PARTICIPANT-952301	CTDC-SPECIMEN-348324	Bone Marrow Aspirate	URINE	scientiae_et_patriae	Adjacent Non-Tumor	Archival	869.7	cacatum_non_est_pictum
specimen	CTDC-PARTICIPANT-952301	CTDC-SPECIMEN-118234	Cell Block	FROZEN TISSUE	damnant_quod_non_intellegunt	Primary	Baseline (Fresh)	178.06	nascentes_morimur_finisque_ab_origine_pendet
specimen	CTDC-PARTICIPANT-296544	CTDC-SPECIMEN-543505	Streck Blood to PDMR	Frozen Tissue	barba_crescit_caput_nescit	Adjacent Non-Tumor	Progression (Fresh)	839.44	haec_olim_meminisse_iuvabit
specimen	CTDC-PARTICIPANT-296544	CTDC-SPECIMEN-688176	Formalin Fixed Tissue	SALIVA	Obedientia_civium_urbis_felicitas	Primary	Archival	496.9	imperium_in_imperio
specimen	CTDC-PARTICIPANT-303105	CTDC-SPECIMEN-879031	Streck Blood to VARI	BLOOD	barba_crescit_caput_nescit	Normal	ARCHIVAL	318.33	Macte_animo_Generose_puer_sic_itur_ad_astra
specimen	CTDC-PARTICIPANT-303105	CTDC-SPECIMEN-574894	Unstained Bone Marrow Aspirate Slide	Blood	e_causa_ignota	Normal	Progression (Fresh)	956.56	scientia_et_labor
specimen	CTDC-PARTICIPANT-154658	CTDC-SPECIMEN-408872	Unstained Slide	CEREBROSPINAL FLUID	Gallia_est_omnis_divisa_in_partes_tres	Metastatic	Archival	569.13	scientia_et_labor
specimen	CTDC-PARTICIPANT-154658	CTDC-SPECIMEN-864968	Streck Blood to PDMR	Blood	nanos_gigantum_humeris_insidentes	Normal	On Treatment (Fresh)	752.49	Macte_animo_Generose_puer_sic_itur_ad_astra
specimen	CTDC-PARTICIPANT-535664	CTDC-SPECIMEN-232495	Formalin Bone Marrow Biopsy	Fresh Tissue	haec_olim_meminisse_iuvabit	Primary	Progression (Fresh)	801.96	O_Tite_tute_Tati_tibi_tanta_tyranne_tulisti
specimen	CTDC-PARTICIPANT-535664	CTDC-SPECIMEN-521408	Snap Frozen Tissue	FORMALIN FIXED PARAFFIN EMBEDDED TISSUE	salus_in_arduis	Normal	PROGRESSION	194.4	scientiae_et_patriae
specimen	CTDC-PARTICIPANT-177765	CTDC-SPECIMEN-263329	Formalin Bone Marrow Biopsy	SALIVA	saltus_in_demonstrando	Metastatic	Progression (Fresh)	887.93	Macte_animo_Generose_puer_sic_itur_ad_astra
specimen	CTDC-PARTICIPANT-177765	CTDC-SPECIMEN-529858	FORMALIN FIXED TISSUE	STOOL	Gallia_est_omnis_divisa_in_partes_tres	Primary	Post-Treatment (No progression)	163.24	imperium_in_imperio
specimen	CTDC-PARTICIPANT-277309	CTDC-SPECIMEN-533953	Cell Block	Fresh Tissue	scientia_et_labor	Metastatic	On Treatment (Fresh)	707.0	scientiae_et_patriae
specimen	CTDC-PARTICIPANT-277309	CTDC-SPECIMEN-563696	Fresh Tissue in Media to PDMR	Formalin Fixed Paraffin Embedded Tissue	e_causa_ignota	Adjacent Non-Tumor	Archival	752.75	imperium_in_imperio
specimen	CTDC-PARTICIPANT-658848	CTDC-SPECIMEN-999826	Unstained Slide	BLOOD	damnant_quod_non_intellegunt	Primary	On Treatment (Fresh)	259.14	e_causa_ignota
specimen	CTDC-PARTICIPANT-658848	CTDC-SPECIMEN-863049	FORMALIN FIXED TISSUE	URINE	sapiens_qui_prospicit	Adjacent Non-Tumor	Baseline (Fresh)	712.55	Macte_animo_Generose_puer_sic_itur_ad_astra
specimen	CTDC-PARTICIPANT-513602	CTDC-SPECIMEN-101164	Bone Marrow Aspirate	CEREBROSPINAL FLUID	cacatum_non_est_pictum	Adjacent Non-Tumor	PROGRESSION	317.73	nanos_gigantum_humeris_insidentes
specimen	CTDC-PARTICIPANT-513602	CTDC-SPECIMEN-994324	FFPE Block	SALIVA	labor_ipse_voluptas	Metastatic	Archival	813.67	scientiae_cedit_mare
specimen	CTDC-PARTICIPANT-628818	CTDC-SPECIMEN-529018	Stained Bone Marrow Aspirate Slide	CEREBROSPINAL FLUID	barba_crescit_caput_nescit	Metastatic	Post-Treatment (No progression)	872.69	Macte_animo_Generose_puer_sic_itur_ad_astra
specimen	CTDC-PARTICIPANT-628818	CTDC-SPECIMEN-682941	Unstained Bone Marrow Aspirate Slide	Fresh Tissue	Macte_animo_Generose_puer_sic_itur_ad_astra	Adjacent Non-Tumor	BASELINE	271.31	labor_ipse_voluptas
specimen	CTDC-PARTICIPANT-571500	CTDC-SPECIMEN-838133	Streck Blood	Blood	scientia_imperii_decus_et_tutamen	Primary	BASELINE	588.47	scientia_et_sapientia
specimen	CTDC-PARTICIPANT-571500	CTDC-SPECIMEN-837337	FFPE Block	Formalin Fixed Paraffin Embedded Tissue	e_causa_ignota	Metastatic	PROGRESSION	44.42	id_quod_plerumque_accidit
specimen	CTDC-PARTICIPANT-386465	CTDC-SPECIMEN-842180	Stained Bone Marrow Aspirate Slide	OTHER BODILY FLUIDs	scientia,_aere_perennius	Metastatic	ARCHIVAL	721.53	scientia_et_labor
specimen	CTDC-PARTICIPANT-386465	CTDC-SPECIMEN-348761	Stained Bone Marrow Aspirate Slide	FRESH TISSUE	nanos_gigantum_humeris_insidentes	Primary	ON TREATMENT	891.61	a_bene_placito
specimen	CTDC-PARTICIPANT-901326	CTDC-SPECIMEN-964808	Unstained Slide	BLOOD	sapiens_qui_prospicit	Adjacent Non-Tumor	Post-Treatment (No progression)	117.25	e_causa_ignota
specimen	CTDC-PARTICIPANT-901326	CTDC-SPECIMEN-310706	Fresh Tissue in Media to PDMR	Frozen Tissue	scientiae_et_patriae	Primary	ARCHIVAL	945.08	haec_olim_meminisse_iuvabit
specimen	CTDC-PARTICIPANT-780433	CTDC-SPECIMEN-226994	Unstained Bone Marrow Aspirate Slide	STOOL	nascentes_morimur_finisque_ab_origine_pendet	Adjacent Non-Tumor	ARCHIVAL	643.78	scientia_et_labor
specimen	CTDC-PARTICIPANT-780433	CTDC-SPECIMEN-675084	Formalin Fixed Tissue	CEREBROSPINAL FLUID	labor_ipse_voluptas	Normal	Archival	858.27	faber_est_suae_quisque_fortunae
specimen	CTDC-PARTICIPANT-758182	CTDC-SPECIMEN-970214	Streck Blood	URINE	imperium_in_imperio	Primary	Baseline (Fresh)	684.3	e_causa_ignota
specimen	CTDC-PARTICIPANT-758182	CTDC-SPECIMEN-393890	Snap Frozen Tissue	FORMALIN FIXED TISSUE	sapiens_qui_prospicit	Primary	Archival	898.64	pace_tua
specimen	CTDC-PARTICIPANT-548041	CTDC-SPECIMEN-268060	Cell Block	Bone Marrow	cacatum_non_est_pictum	Adjacent Non-Tumor	Post-Treatment (No progression)	518.93	scientia_imperii_decus_et_tutamen
specimen	CTDC-PARTICIPANT-548041	CTDC-SPECIMEN-936646	FFPE Block	FROZEN TISSUE	damnant_quod_non_intellegunt	Normal	Baseline (Fresh)	273.98	id_quod_plerumque_accidit
specimen	CTDC-PARTICIPANT-717349	CTDC-SPECIMEN-227120	Formalin Fixed Tissue	BONE MARROW	damnant_quod_non_intellegunt	Primary	PROGRESSION	825.4	e_causa_ignota
specimen	CTDC-PARTICIPANT-717349	CTDC-SPECIMEN-520668	Streck Blood	URINE	scientia_imperii_decus_et_tutamen	Primary	Post-Treatment (No progression)	932.67	Obedientia_civium_urbis_felicitas
specimen	CTDC-PARTICIPANT-791055	CTDC-SPECIMEN-420186	Bone Marrow Aspirate	STOOL	damnant_quod_non_intellegunt	Adjacent Non-Tumor	Baseline (Fresh)	753.47	sapiens_qui_prospicit
specimen	CTDC-PARTICIPANT-791055	CTDC-SPECIMEN-469905	Fresh Tissue in Media to PDMR	Bone Marrow	scientia,_aere_perennius	Adjacent Non-Tumor	Baseline (Fresh)	594.33	scientiae_cedit_mare
specimen	CTDC-PARTICIPANT-263974	CTDC-SPECIMEN-202636	Fresh Tissue in Media to PDMR	STOOL	scientia_imperii_decus_et_tutamen	Normal	ON TREATMENT	735.92	id_quod_plerumque_accidit
specimen	CTDC-PARTICIPANT-263974	CTDC-SPECIMEN-697062	Bone Marrow Aspirate	Formalin Fixed Tissue	scientiae_et_patriae	Primary	BASELINE	499.17	scientiae_cedit_mare
specimen	CTDC-PARTICIPANT-948548	CTDC-SPECIMEN-757067	EDTA Blood	FROZEN TISSUE	nascentes_morimur_finisque_ab_origine_pendet	Adjacent Non-Tumor	BASELINE	804.39	O_Tite_tute_Tati_tibi_tanta_tyranne_tulisti
specimen	CTDC-PARTICIPANT-948548	CTDC-SPECIMEN-310656	Bone Marrow Aspirate	FROZEN TISSUE	scientia_et_sapientia	Primary	BASELINE	710.95	faber_est_suae_quisque_fortunae
specimen	CTDC-PARTICIPANT-594101	CTDC-SPECIMEN-209137	Streck Blood to VARI	BLOOD	barba_crescit_caput_nescit	Primary	Baseline (Fresh)	449.27	Gallia_est_omnis_divisa_in_partes_tres
specimen	CTDC-PARTICIPANT-594101	CTDC-SPECIMEN-883065	FORMALIN FIXED TISSUE	CEREBROSPINAL FLUID	sapiens_qui_prospicit	Adjacent Non-Tumor	Baseline (Fresh)	867.29	Obedientia_civium_urbis_felicitas
specimen	CTDC-PARTICIPANT-124507	CTDC-SPECIMEN-144017	Formalin Fixed Tissue	Formalin Fixed Paraffin Embedded Tissue	scientia_imperii_decus_et_tutamen	Normal	PROGRESSION	205.54	labor_ipse_voluptas
specimen	CTDC-PARTICIPANT-124507	CTDC-SPECIMEN-214351	Cell Block	Formalin Fixed Tissue	O_Tite_tute_Tati_tibi_tanta_tyranne_tulisti	Adjacent Non-Tumor	ON TREATMENT	694.65	e_causa_ignota
specimen	CTDC-PARTICIPANT-501323	CTDC-SPECIMEN-174886	FORMALIN FIXED TISSUE	FORMALIN FIXED TISSUE	scientiae_cedit_mare	Primary	Archival	908.9	labor_ipse_voluptas
specimen	CTDC-PARTICIPANT-501323	CTDC-SPECIMEN-461065	FFPE Block	BUCCAL CELL SAMPLE	scientia_et_labor	Adjacent Non-Tumor	PROGRESSION	643.04	sapiens_qui_prospicit
specimen	CTDC-PARTICIPANT-644468	CTDC-SPECIMEN-630622	EDTA Blood	URINE	haec_olim_meminisse_iuvabit	Primary	ARCHIVAL	82.89	Obedientia_civium_urbis_felicitas
specimen	CTDC-PARTICIPANT-644468	CTDC-SPECIMEN-530180	Unstained Slide	Fresh Tissue	scientiae_cedit_mare	Adjacent Non-Tumor	Progression (Fresh)	530.91	saltus_in_demonstrando
specimen	CTDC-PARTICIPANT-799661	CTDC-SPECIMEN-312183	FFPE Block	FROZEN TISSUE	saltus_in_demonstrando	Primary	BASELINE	983.9	scientiae_et_patriae
specimen	CTDC-PARTICIPANT-799661	CTDC-SPECIMEN-763256	Streck Blood to PDMR	Formalin Fixed Paraffin Embedded Tissue	imperium_in_imperio	Primary	PROGRESSION	424.48	Obedientia_civium_urbis_felicitas
specimen	CTDC-PARTICIPANT-874326	CTDC-SPECIMEN-983616	Stained Bone Marrow Aspirate Slide	Blood	Obedientia_civium_urbis_felicitas	Normal	Baseline (Fresh)	957.45	Macte_animo_Generose_puer_sic_itur_ad_astra
specimen	CTDC-PARTICIPANT-874326	CTDC-SPECIMEN-574461	Unstained Slide	FORMALIN FIXED PARAFFIN EMBEDDED TISSUE	a_bene_placito	Normal	Archival	461.46	haec_olim_meminisse_iuvabit
specimen	CTDC-PARTICIPANT-546103	CTDC-SPECIMEN-318359	Unstained Bone Marrow Aspirate Slide	URINE	scientiae_cedit_mare	Primary	Baseline (Fresh)	100.04	nanos_gigantum_humeris_insidentes
specimen	CTDC-PARTICIPANT-546103	CTDC-SPECIMEN-202305	Unstained Bone Marrow Aspirate Slide	OTHER BODILY FLUIDs	O_Tite_tute_Tati_tibi_tanta_tyranne_tulisti	Metastatic	ARCHIVAL	369.32	pace_tua
specimen	CTDC-PARTICIPANT-790392	CTDC-SPECIMEN-309242	Formalin Fixed Tissue	Frozen Tissue	O_Tite_tute_Tati_tibi_tanta_tyranne_tulisti	Primary	On Treatment (Fresh)	257.12	a_bene_placito
specimen	CTDC-PARTICIPANT-790392	CTDC-SPECIMEN-906933	Formalin Fixed Tissue	FORMALIN FIXED TISSUE	cacatum_non_est_pictum	Normal	Progression (Fresh)	908.84	nanos_gigantum_humeris_insidentes
specimen	CTDC-PARTICIPANT-346463	CTDC-SPECIMEN-526918	Snap Frozen Tissue	SALIVA	scientia_et_sapientia	Metastatic	Post-Treatment (No progression)	713.03	sapiens_qui_prospicit
specimen	CTDC-PARTICIPANT-346463	CTDC-SPECIMEN-470339	Formalin Bone Marrow Biopsy	STOOL	salus_in_arduis	Adjacent Non-Tumor	Progression (Fresh)	837.28	scientiae_cedit_mare
specimen	CTDC-PARTICIPANT-137342	CTDC-SPECIMEN-634069	Streck Blood to PDMR	CEREBROSPINAL FLUID	scientia_imperii_decus_et_tutamen	Normal	Progression (Fresh)	769.74	nanos_gigantum_humeris_insidentes
specimen	CTDC-PARTICIPANT-137342	CTDC-SPECIMEN-526577	FFPE Block	Frozen Tissue	e_causa_ignota	Adjacent Non-Tumor	ARCHIVAL	589.79	scientia,_aere_perennius
specimen	CTDC-PARTICIPANT-258786	CTDC-SPECIMEN-957843	Fresh Tissue in Media to PDMR	Bone Marrow	O_Tite_tute_Tati_tibi_tanta_tyranne_tulisti	Primary	Baseline (Fresh)	295.42	id_quod_plerumque_accidit
specimen	CTDC-PARTICIPANT-258786	CTDC-SPECIMEN-736730	Streck Blood to VARI	CEREBROSPINAL FLUID	nascentes_morimur_finisque_ab_origine_pendet	Normal	Post-Treatment (No progression)	335.54	salus_in_arduis
specimen	CTDC-PARTICIPANT-372519	CTDC-SPECIMEN-194276	Unstained Bone Marrow Aspirate Slide	FORMALIN FIXED TISSUE	scientiae_et_patriae	Normal	PROGRESSION	744.67	salus_in_arduis
specimen	CTDC-PARTICIPANT-372519	CTDC-SPECIMEN-431654	Streck Blood to PDMR	CEREBROSPINAL FLUID	id_quod_plerumque_accidit	Normal	Progression (Fresh)	111.03	scientiae_cedit_mare
specimen	CTDC-PARTICIPANT-894878	CTDC-SPECIMEN-664008	Bone Marrow Aspirate	Formalin Fixed Paraffin Embedded Tissue	a_bene_placito	Primary	Progression (Fresh)	794.18	nascentes_morimur_finisque_ab_origine_pendet
specimen	CTDC-PARTICIPANT-894878	CTDC-SPECIMEN-883390	Formalin Bone Marrow Biopsy	Blood	labor_ipse_voluptas	Metastatic	On Treatment (Fresh)	775.46	imperium_in_imperio
specimen	CTDC-PARTICIPANT-981516	CTDC-SPECIMEN-787882	Streck Blood to VARI	Frozen Tissue	scientiae_cedit_mare	Metastatic	Archival	396.43	saltus_in_demonstrando
specimen	CTDC-PARTICIPANT-981516	CTDC-SPECIMEN-204320	Streck Blood to PDMR	FRESH TISSUE	Gallia_est_omnis_divisa_in_partes_tres	Metastatic	Baseline (Fresh)	626.35	id_quod_plerumque_accidit
specimen	CTDC-PARTICIPANT-868498	CTDC-SPECIMEN-963793	Snap Frozen Tissue	FORMALIN FIXED TISSUE	cacatum_non_est_pictum	Normal	Post-Treatment (No progression)	986.45	saltus_in_demonstrando
specimen	CTDC-PARTICIPANT-868498	CTDC-SPECIMEN-633661	Fresh Tissue in Media to PDMR	Formalin Fixed Tissue	sapiens_qui_prospicit	Primary	Progression (Fresh)	556.89	id_quod_plerumque_accidit
specimen	CTDC-PARTICIPANT-461318	CTDC-SPECIMEN-429042	FORMALIN FIXED TISSUE	FROZEN TISSUE	scientia,_aere_perennius	Primary	Baseline (Fresh)	414.11	labor_ipse_voluptas
specimen	CTDC-PARTICIPANT-461318	CTDC-SPECIMEN-735919	Formalin Bone Marrow Biopsy	FRESH TISSUE	Obedientia_civium_urbis_felicitas	Metastatic	Baseline (Fresh)	714.43	imperium_in_imperio
specimen	CTDC-PARTICIPANT-167940	CTDC-SPECIMEN-586044	Unstained Bone Marrow Aspirate Slide	FORMALIN FIXED PARAFFIN EMBEDDED TISSUE	pace_tua	Metastatic	BASELINE	812.9	salus_in_arduis
specimen	CTDC-PARTICIPANT-167940	CTDC-SPECIMEN-188923	EDTA Blood	Frozen Tissue	nanos_gigantum_humeris_insidentes	Primary	Baseline (Fresh)	347.81	scientia_et_labor
specimen	CTDC-PARTICIPANT-822003	CTDC-SPECIMEN-126806	Snap Frozen Tissue	Frozen Tissue	labor_ipse_voluptas	Normal	ON TREATMENT	486.94	imperium_in_imperio
specimen	CTDC-PARTICIPANT-822003	CTDC-SPECIMEN-327751	Streck Blood to PDMR	BLOOD	a_bene_placito	Adjacent Non-Tumor	Baseline (Fresh)	50.19	cacatum_non_est_pictum
specimen	CTDC-PARTICIPANT-891676	CTDC-SPECIMEN-896632	Formalin Bone Marrow Biopsy	BONE MARROW	imperium_in_imperio	Adjacent Non-Tumor	PROGRESSION	820.46	imperium_in_imperio
specimen	CTDC-PARTICIPANT-891676	CTDC-SPECIMEN-341922	Fresh Tissue in Media to PDMR	Blood	nascentes_morimur_finisque_ab_origine_pendet	Primary	ARCHIVAL	974.21	Gallia_est_omnis_divisa_in_partes_tres
specimen	CTDC-PARTICIPANT-297880	CTDC-SPECIMEN-169007	Unstained Bone Marrow Aspirate Slide	FRESH TISSUE	e_causa_ignota	Adjacent Non-Tumor	Baseline (Fresh)	782.83	faber_est_suae_quisque_fortunae
specimen	CTDC-PARTICIPANT-297880	CTDC-SPECIMEN-689674	Snap Frozen Tissue	CEREBROSPINAL FLUID	scientia_imperii_decus_et_tutamen	Adjacent Non-Tumor	PROGRESSION	127.52	saltus_in_demonstrando
specimen	CTDC-PARTICIPANT-373208	CTDC-SPECIMEN-941144	Streck Blood to VARI	FROZEN TISSUE	e_causa_ignota	Adjacent Non-Tumor	On Treatment (Fresh)	13.22	nanos_gigantum_humeris_insidentes
specimen	CTDC-PARTICIPANT-373208	CTDC-SPECIMEN-888390	Fresh Tissue in Media to PDMR	Blood	scientia_et_labor	Adjacent Non-Tumor	Baseline (Fresh)	976.13	id_quod_plerumque_accidit
specimen	CTDC-PARTICIPANT-213343	CTDC-SPECIMEN-738764	Stained Bone Marrow Aspirate Slide	Formalin Fixed Paraffin Embedded Tissue	pace_tua	Normal	Archival	857.35	Obedientia_civium_urbis_felicitas
specimen	CTDC-PARTICIPANT-213343	CTDC-SPECIMEN-183416	Snap Frozen Tissue	Bone Marrow	Obedientia_civium_urbis_felicitas	Primary	Archival	470.73	Gallia_est_omnis_divisa_in_partes_tres
specimen	CTDC-PARTICIPANT-448058	CTDC-SPECIMEN-847215	Fresh Tissue in Media to PDMR	FORMALIN FIXED PARAFFIN EMBEDDED TISSUE	labor_ipse_voluptas	Metastatic	Post-Treatment (No progression)	379.72	haec_olim_meminisse_iuvabit
specimen	CTDC-PARTICIPANT-448058	CTDC-SPECIMEN-634950	FFPE Block	URINE	imperium_in_imperio	Primary	On Treatment (Fresh)	730.13	damnant_quod_non_intellegunt
specimen	CTDC-PARTICIPANT-973731	CTDC-SPECIMEN-197998	Bone Marrow Aspirate	FROZEN TISSUE	nanos_gigantum_humeris_insidentes	Adjacent Non-Tumor	BASELINE	447.58	haec_olim_meminisse_iuvabit
specimen	CTDC-PARTICIPANT-973731	CTDC-SPECIMEN-515397	EDTA Blood	URINE	scientiae_et_patriae	Normal	Archival	464.3	damnant_quod_non_intellegunt
specimen	CTDC-PARTICIPANT-590044	CTDC-SPECIMEN-176537	Cell Block	SALIVA	saltus_in_demonstrando	Metastatic	PROGRESSION	928.47	Obedientia_civium_urbis_felicitas
specimen	CTDC-PARTICIPANT-590044	CTDC-SPECIMEN-107115	Cell Block	BONE MARROW	Obedientia_civium_urbis_felicitas	Primary	Post-Treatment (No progression)	182.54	scientia,_aere_perennius
specimen	CTDC-PARTICIPANT-825054	CTDC-SPECIMEN-640276	Fresh Tissue in Media to PDMR	CEREBROSPINAL FLUID	faber_est_suae_quisque_fortunae	Normal	Progression (Fresh)	780.77	damnant_quod_non_intellegunt
specimen	CTDC-PARTICIPANT-825054	CTDC-SPECIMEN-876623	EDTA Blood	FROZEN TISSUE	O_Tite_tute_Tati_tibi_tanta_tyranne_tulisti	Normal	Archival	402.6	scientiae_et_patriae
specimen	CTDC-PARTICIPANT-725942	CTDC-SPECIMEN-695482	Streck Blood to PDMR	CEREBROSPINAL FLUID	faber_est_suae_quisque_fortunae	Adjacent Non-Tumor	PROGRESSION	947.12	id_quod_plerumque_accidit
specimen	CTDC-PARTICIPANT-725942	CTDC-SPECIMEN-706538	Snap Frozen Tissue	Formalin Fixed Paraffin Embedded Tissue	damnant_quod_non_intellegunt	Metastatic	ARCHIVAL	499.53	salus_in_arduis
specimen	CTDC-PARTICIPANT-136923	CTDC-SPECIMEN-960361	Streck Blood	STOOL	damnant_quod_non_intellegunt	Metastatic	On Treatment (Fresh)	844.2	labor_ipse_voluptas
specimen	CTDC-PARTICIPANT-136923	CTDC-SPECIMEN-612360	Streck Blood to VARI	Fresh Tissue	a_bene_placito	Adjacent Non-Tumor	PROGRESSION	986.64	scientia_imperii_decus_et_tutamen
specimen	CTDC-PARTICIPANT-496843	CTDC-SPECIMEN-686966	Formalin Fixed Tissue	BONE MARROW	barba_crescit_caput_nescit	Normal	Progression (Fresh)	145.18	e_causa_ignota
specimen	CTDC-PARTICIPANT-496843	CTDC-SPECIMEN-773116	Formalin Fixed Tissue	Frozen Tissue	nascentes_morimur_finisque_ab_origine_pendet	Metastatic	ON TREATMENT	979.51	scientiae_et_patriae
specimen	CTDC-PARTICIPANT-475332	CTDC-SPECIMEN-717767	Unstained Bone Marrow Aspirate Slide	Fresh Tissue	scientia,_aere_perennius	Metastatic	ARCHIVAL	881.48	Macte_animo_Generose_puer_sic_itur_ad_astra
specimen	CTDC-PARTICIPANT-475332	CTDC-SPECIMEN-702023	Streck Blood to PDMR	BUCCAL CELL SAMPLE	scientiae_cedit_mare	Adjacent Non-Tumor	On Treatment (Fresh)	342.01	cacatum_non_est_pictum
specimen	CTDC-PARTICIPANT-822365	CTDC-SPECIMEN-356765	Unstained Slide	OTHER BODILY FLUIDs	sapiens_qui_prospicit	Normal	Progression (Fresh)	758.46	faber_est_suae_quisque_fortunae
specimen	CTDC-PARTICIPANT-822365	CTDC-SPECIMEN-236805	EDTA Blood	FRESH TISSUE	Obedientia_civium_urbis_felicitas	Normal	Baseline (Fresh)	734.32	id_quod_plerumque_accidit
specimen	CTDC-PARTICIPANT-769747	CTDC-SPECIMEN-721224	Bone Marrow Aspirate	SALIVA	scientia_imperii_decus_et_tutamen	Adjacent Non-Tumor	BASELINE	868.16	e_causa_ignota
specimen	CTDC-PARTICIPANT-769747	CTDC-SPECIMEN-231424	Unstained Slide	CEREBROSPINAL FLUID	nascentes_morimur_finisque_ab_origine_pendet	Normal	Baseline (Fresh)	973.92	faber_est_suae_quisque_fortunae
specimen	CTDC-PARTICIPANT-921182	CTDC-SPECIMEN-990538	Unstained Slide	BLOOD	e_causa_ignota	Metastatic	On Treatment (Fresh)	788.84	saltus_in_demonstrando
specimen	CTDC-PARTICIPANT-921182	CTDC-SPECIMEN-400959	FFPE Block	STOOL	scientia,_aere_perennius	Normal	ARCHIVAL	951.82	nascentes_morimur_finisque_ab_origine_pendet
specimen	CTDC-PARTICIPANT-827380	CTDC-SPECIMEN-983243	Unstained Slide	BLOOD	sapiens_qui_prospicit	Metastatic	PROGRESSION	402.95	damnant_quod_non_intellegunt
specimen	CTDC-PARTICIPANT-827380	CTDC-SPECIMEN-996947	Streck Blood	Bone Marrow	labor_ipse_voluptas	Primary	BASELINE	520.03	scientia_et_sapientia
specimen	CTDC-PARTICIPANT-523819	CTDC-SPECIMEN-371476	Stained Bone Marrow Aspirate Slide	BLOOD	damnant_quod_non_intellegunt	Normal	Progression (Fresh)	677.94	a_bene_placito
specimen	CTDC-PARTICIPANT-523819	CTDC-SPECIMEN-302785	Cell Block	FRESH TISSUE	Obedientia_civium_urbis_felicitas	Adjacent Non-Tumor	Post-Treatment (No progression)	477.18	saltus_in_demonstrando
specimen	CTDC-PARTICIPANT-615230	CTDC-SPECIMEN-296200	Bone Marrow Aspirate	Blood	salus_in_arduis	Normal	PROGRESSION	44.73	scientia,_aere_perennius
specimen	CTDC-PARTICIPANT-615230	CTDC-SPECIMEN-826052	Stained Bone Marrow Aspirate Slide	Blood	sapiens_qui_prospicit	Metastatic	Archival	294.11	Gallia_est_omnis_divisa_in_partes_tres
specimen	CTDC-PARTICIPANT-212608	CTDC-SPECIMEN-612168	EDTA Blood	STOOL	scientia_et_sapientia	Metastatic	On Treatment (Fresh)	601.25	scientia,_aere_perennius
specimen	CTDC-PARTICIPANT-212608	CTDC-SPECIMEN-333998	Formalin Bone Marrow Biopsy	FROZEN TISSUE	pace_tua	Metastatic	On Treatment (Fresh)	135.88	Gallia_est_omnis_divisa_in_partes_tres
specimen	CTDC-PARTICIPANT-875439	CTDC-SPECIMEN-461257	Formalin Bone Marrow Biopsy	Fresh Tissue	Obedientia_civium_urbis_felicitas	Adjacent Non-Tumor	On Treatment (Fresh)	531.91	imperium_in_imperio
specimen	CTDC-PARTICIPANT-875439	CTDC-SPECIMEN-782359	Formalin Bone Marrow Biopsy	Fresh Tissue	scientia_et_sapientia	Metastatic	On Treatment (Fresh)	897.38	cacatum_non_est_pictum
specimen	CTDC-PARTICIPANT-277510	CTDC-SPECIMEN-307989	Fresh Tissue in Media to PDMR	URINE	scientiae_et_patriae	Primary	Progression (Fresh)	604.83	imperium_in_imperio
specimen	CTDC-PARTICIPANT-277510	CTDC-SPECIMEN-385325	Fresh Tissue in Media to PDMR	URINE	Obedientia_civium_urbis_felicitas	Primary	Archival	476.47	salus_in_arduis
specimen	CTDC-PARTICIPANT-372438	CTDC-SPECIMEN-251604	Streck Blood	FROZEN TISSUE	haec_olim_meminisse_iuvabit	Primary	On Treatment (Fresh)	688.58	faber_est_suae_quisque_fortunae
specimen	CTDC-PARTICIPANT-372438	CTDC-SPECIMEN-162932	FORMALIN FIXED TISSUE	Formalin Fixed Tissue	e_causa_ignota	Normal	BASELINE	75.43	imperium_in_imperio
specimen	CTDC-PARTICIPANT-151074	CTDC-SPECIMEN-814440	Unstained Bone Marrow Aspirate Slide	FORMALIN FIXED TISSUE	scientiae_et_patriae	Metastatic	Post-Treatment (No progression)	611.33	barba_crescit_caput_nescit
specimen	CTDC-PARTICIPANT-151074	CTDC-SPECIMEN-360738	Snap Frozen Tissue	FROZEN TISSUE	nanos_gigantum_humeris_insidentes	Primary	BASELINE	299.5	cacatum_non_est_pictum
specimen	CTDC-PARTICIPANT-997451	CTDC-SPECIMEN-521139	Fresh Tissue in Media to PDMR	FROZEN TISSUE	e_causa_ignota	Metastatic	ARCHIVAL	681.94	Macte_animo_Generose_puer_sic_itur_ad_astra
specimen	CTDC-PARTICIPANT-997451	CTDC-SPECIMEN-760118	Snap Frozen Tissue	Fresh Tissue	scientiae_et_patriae	Metastatic	Post-Treatment (No progression)	488.93	a_bene_placito
specimen	CTDC-PARTICIPANT-253887	CTDC-SPECIMEN-171195	Streck Blood	Bone Marrow	Macte_animo_Generose_puer_sic_itur_ad_astra	Metastatic	Archival	711.25	pace_tua
specimen	CTDC-PARTICIPANT-253887	CTDC-SPECIMEN-964597	Snap Frozen Tissue	BUCCAL CELL SAMPLE	scientia_imperii_decus_et_tutamen	Primary	Progression (Fresh)	605.75	Gallia_est_omnis_divisa_in_partes_tres
specimen	CTDC-PARTICIPANT-725121	CTDC-SPECIMEN-586414	Formalin Fixed Tissue	Frozen Tissue	O_Tite_tute_Tati_tibi_tanta_tyranne_tulisti	Normal	ARCHIVAL	129.82	cacatum_non_est_pictum
specimen	CTDC-PARTICIPANT-725121	CTDC-SPECIMEN-638628	FFPE Block	BONE MARROW	scientia_imperii_decus_et_tutamen	Normal	On Treatment (Fresh)	381.06	scientiae_cedit_mare
specimen	CTDC-PARTICIPANT-495767	CTDC-SPECIMEN-522569	FFPE Block	Formalin Fixed Paraffin Embedded Tissue	nanos_gigantum_humeris_insidentes	Normal	BASELINE	215.95	Obedientia_civium_urbis_felicitas
specimen	CTDC-PARTICIPANT-495767	CTDC-SPECIMEN-273453	FFPE Block	Formalin Fixed Tissue	sapiens_qui_prospicit	Primary	On Treatment (Fresh)	886.76	nascentes_morimur_finisque_ab_origine_pendet
specimen	CTDC-PARTICIPANT-916627	CTDC-SPECIMEN-341055	Formalin Fixed Tissue	BONE MARROW	a_bene_placito	Metastatic	ON TREATMENT	961.31	e_causa_ignota
specimen	CTDC-PARTICIPANT-916627	CTDC-SPECIMEN-427767	Unstained Slide	FROZEN TISSUE	nascentes_morimur_finisque_ab_origine_pendet	Metastatic	PROGRESSION	38.71	sapiens_qui_prospicit
specimen	CTDC-PARTICIPANT-237878	CTDC-SPECIMEN-226158	Streck Blood	Formalin Fixed Paraffin Embedded Tissue	imperium_in_imperio	Adjacent Non-Tumor	Post-Treatment (No progression)	367.89	sapiens_qui_prospicit
specimen	CTDC-PARTICIPANT-237878	CTDC-SPECIMEN-888370	Snap Frozen Tissue	BLOOD	a_bene_placito	Primary	PROGRESSION	401.82	nascentes_morimur_finisque_ab_origine_pendet
specimen	CTDC-PARTICIPANT-815226	CTDC-SPECIMEN-116155	Streck Blood to PDMR	SALIVA	e_causa_ignota	Primary	BASELINE	905.41	Gallia_est_omnis_divisa_in_partes_tres
specimen	CTDC-PARTICIPANT-815226	CTDC-SPECIMEN-678041	Stained Bone Marrow Aspirate Slide	Bone Marrow	haec_olim_meminisse_iuvabit	Adjacent Non-Tumor	On Treatment (Fresh)	959.01	Gallia_est_omnis_divisa_in_partes_tres
specimen	CTDC-PARTICIPANT-864045	CTDC-SPECIMEN-221786	Streck Blood to PDMR	FRESH TISSUE	id_quod_plerumque_accidit	Metastatic	Archival	727.81	nascentes_morimur_finisque_ab_origine_pendet
specimen	CTDC-PARTICIPANT-864045	CTDC-SPECIMEN-896633	Fresh Tissue in Media to PDMR	FORMALIN FIXED PARAFFIN EMBEDDED TISSUE	pace_tua	Primary	ARCHIVAL	768.79	faber_est_suae_quisque_fortunae
specimen	CTDC-PARTICIPANT-717633	CTDC-SPECIMEN-916601	FFPE Block	BONE MARROW	scientiae_cedit_mare	Adjacent Non-Tumor	Post-Treatment (No progression)	873.61	imperium_in_imperio
specimen	CTDC-PARTICIPANT-717633	CTDC-SPECIMEN-795226	Streck Blood to VARI	BLOOD	scientia_imperii_decus_et_tutamen	Metastatic	ARCHIVAL	385.91	Gallia_est_omnis_divisa_in_partes_tres
specimen	CTDC-PARTICIPANT-174986	CTDC-SPECIMEN-735977	Streck Blood to VARI	Fresh Tissue	scientiae_et_patriae	Metastatic	Archival	226.73	imperium_in_imperio
specimen	CTDC-PARTICIPANT-174986	CTDC-SPECIMEN-383242	EDTA Blood	SALIVA	sapiens_qui_prospicit	Adjacent Non-Tumor	Baseline (Fresh)	565.69	O_Tite_tute_Tati_tibi_tanta_tyranne_tulisti
specimen	CTDC-PARTICIPANT-498918	CTDC-SPECIMEN-536831	Cell Block	SALIVA	cacatum_non_est_pictum	Metastatic	Archival	132.07	scientiae_cedit_mare
specimen	CTDC-PARTICIPANT-498918	CTDC-SPECIMEN-792919	Cell Block	FRESH TISSUE	damnant_quod_non_intellegunt	Primary	BASELINE	267.93	labor_ipse_voluptas
specimen	CTDC-PARTICIPANT-924443	CTDC-SPECIMEN-387732	Cell Block	FORMALIN FIXED PARAFFIN EMBEDDED TISSUE	salus_in_arduis	Metastatic	ON TREATMENT	368.49	scientia,_aere_perennius
specimen	CTDC-PARTICIPANT-924443	CTDC-SPECIMEN-189700	FORMALIN FIXED TISSUE	BLOOD	scientia_et_labor	Metastatic	PROGRESSION	913.3	scientia_imperii_decus_et_tutamen
specimen	CTDC-PARTICIPANT-543175	CTDC-SPECIMEN-713956	Fresh Tissue in Media to PDMR	BONE MARROW	scientia,_aere_perennius	Normal	PROGRESSION	771.56	salus_in_arduis
specimen	CTDC-PARTICIPANT-543175	CTDC-SPECIMEN-262434	Formalin Bone Marrow Biopsy	STOOL	scientia,_aere_perennius	Primary	ARCHIVAL	559.0	barba_crescit_caput_nescit
specimen	CTDC-PARTICIPANT-534756	CTDC-SPECIMEN-106801	Formalin Bone Marrow Biopsy	STOOL	imperium_in_imperio	Primary	PROGRESSION	892.41	scientia_imperii_decus_et_tutamen
specimen	CTDC-PARTICIPANT-534756	CTDC-SPECIMEN-666726	Formalin Bone Marrow Biopsy	Frozen Tissue	damnant_quod_non_intellegunt	Adjacent Non-Tumor	On Treatment (Fresh)	950.03	haec_olim_meminisse_iuvabit
specimen	CTDC-PARTICIPANT-462440	CTDC-SPECIMEN-125040	Formalin Bone Marrow Biopsy	Formalin Fixed Paraffin Embedded Tissue	cacatum_non_est_pictum	Metastatic	Post-Treatment (No progression)	410.91	Gallia_est_omnis_divisa_in_partes_tres
specimen	CTDC-PARTICIPANT-462440	CTDC-SPECIMEN-365424	FFPE Block	Bone Marrow	pace_tua	Normal	ON TREATMENT	908.5	haec_olim_meminisse_iuvabit
specimen	CTDC-PARTICIPANT-620615	CTDC-SPECIMEN-390358	Bone Marrow Aspirate	Formalin Fixed Tissue	cacatum_non_est_pictum	Metastatic	BASELINE	21.72	Gallia_est_omnis_divisa_in_partes_tres
specimen	CTDC-PARTICIPANT-620615	CTDC-SPECIMEN-651638	Stained Bone Marrow Aspirate Slide	OTHER BODILY FLUIDs	scientiae_cedit_mare	Metastatic	Post-Treatment (No progression)	544.21	scientiae_cedit_mare
specimen	CTDC-PARTICIPANT-427258	CTDC-SPECIMEN-990242	FORMALIN FIXED TISSUE	URINE	sapiens_qui_prospicit	Normal	ARCHIVAL	818.54	O_Tite_tute_Tati_tibi_tanta_tyranne_tulisti
specimen	CTDC-PARTICIPANT-427258	CTDC-SPECIMEN-562621	Fresh Tissue in Media to PDMR	BONE MARROW	nascentes_morimur_finisque_ab_origine_pendet	Normal	On Treatment (Fresh)	32.86	a_bene_placito
specimen	CTDC-PARTICIPANT-227197	CTDC-SPECIMEN-675102	Streck Blood to PDMR	FRESH TISSUE	barba_crescit_caput_nescit	Normal	BASELINE	883.87	scientia,_aere_perennius
specimen	CTDC-PARTICIPANT-227197	CTDC-SPECIMEN-625506	Unstained Bone Marrow Aspirate Slide	Bone Marrow	cacatum_non_est_pictum	Primary	BASELINE	682.67	scientiae_cedit_mare
specimen	CTDC-PARTICIPANT-362745	CTDC-SPECIMEN-142763	Bone Marrow Aspirate	Formalin Fixed Paraffin Embedded Tissue	barba_crescit_caput_nescit	Normal	Post-Treatment (No progression)	396.47	id_quod_plerumque_accidit
specimen	CTDC-PARTICIPANT-362745	CTDC-SPECIMEN-781244	EDTA Blood	FRESH TISSUE	barba_crescit_caput_nescit	Metastatic	ON TREATMENT	304.95	haec_olim_meminisse_iuvabit
specimen	CTDC-PARTICIPANT-744205	CTDC-SPECIMEN-964608	Fresh Tissue in Media to PDMR	URINE	imperium_in_imperio	Metastatic	On Treatment (Fresh)	449.98	nanos_gigantum_humeris_insidentes
specimen	CTDC-PARTICIPANT-744205	CTDC-SPECIMEN-676631	Streck Blood	Fresh Tissue	O_Tite_tute_Tati_tibi_tanta_tyranne_tulisti	Primary	BASELINE	345.81	a_bene_placito
specimen	CTDC-PARTICIPANT-256843	CTDC-SPECIMEN-284940	Stained Bone Marrow Aspirate Slide	STOOL	damnant_quod_non_intellegunt	Adjacent Non-Tumor	Post-Treatment (No progression)	174.41	scientia_imperii_decus_et_tutamen
specimen	CTDC-PARTICIPANT-256843	CTDC-SPECIMEN-839814	EDTA Blood	BONE MARROW	Obedientia_civium_urbis_felicitas	Adjacent Non-Tumor	ON TREATMENT	875.73	scientiae_cedit_mare
specimen	CTDC-PARTICIPANT-914564	CTDC-SPECIMEN-205499	FORMALIN FIXED TISSUE	FORMALIN FIXED PARAFFIN EMBEDDED TISSUE	faber_est_suae_quisque_fortunae	Normal	Post-Treatment (No progression)	12.33	labor_ipse_voluptas
specimen	CTDC-PARTICIPANT-914564	CTDC-SPECIMEN-748439	Formalin Bone Marrow Biopsy	Frozen Tissue	scientia,_aere_perennius	Metastatic	Post-Treatment (No progression)	194.92	imperium_in_imperio
specimen	CTDC-PARTICIPANT-895687	CTDC-SPECIMEN-653892	Cell Block	OTHER BODILY FLUIDs	Obedientia_civium_urbis_felicitas	Normal	Progression (Fresh)	724.66	nanos_gigantum_humeris_insidentes
specimen	CTDC-PARTICIPANT-895687	CTDC-SPECIMEN-524404	Bone Marrow Aspirate	FORMALIN FIXED PARAFFIN EMBEDDED TISSUE	Obedientia_civium_urbis_felicitas	Normal	Progression (Fresh)	921.44	cacatum_non_est_pictum
specimen	CTDC-PARTICIPANT-272500	CTDC-SPECIMEN-810261	Snap Frozen Tissue	BONE MARROW	labor_ipse_voluptas	Normal	Baseline (Fresh)	381.1	Gallia_est_omnis_divisa_in_partes_tres
specimen	CTDC-PARTICIPANT-272500	CTDC-SPECIMEN-939691	Formalin Bone Marrow Biopsy	Fresh Tissue	imperium_in_imperio	Metastatic	Baseline (Fresh)	359.27	O_Tite_tute_Tati_tibi_tanta_tyranne_tulisti
specimen	CTDC-PARTICIPANT-732880	CTDC-SPECIMEN-113464	Fresh Tissue in Media to PDMR	BLOOD	Gallia_est_omnis_divisa_in_partes_tres	Primary	On Treatment (Fresh)	855.88	damnant_quod_non_intellegunt
specimen	CTDC-PARTICIPANT-732880	CTDC-SPECIMEN-167813	Formalin Fixed Tissue	Frozen Tissue	scientia,_aere_perennius	Primary	Baseline (Fresh)	234.71	e_causa_ignota
specimen	CTDC-PARTICIPANT-132592	CTDC-SPECIMEN-595213	Snap Frozen Tissue	Frozen Tissue	labor_ipse_voluptas	Primary	On Treatment (Fresh)	69.39	pace_tua
specimen	CTDC-PARTICIPANT-132592	CTDC-SPECIMEN-601599	Unstained Slide	STOOL	salus_in_arduis	Adjacent Non-Tumor	Archival	504.21	scientiae_et_patriae
specimen	CTDC-PARTICIPANT-314116	CTDC-SPECIMEN-855170	Snap Frozen Tissue	FROZEN TISSUE	nascentes_morimur_finisque_ab_origine_pendet	Metastatic	Progression (Fresh)	477.86	imperium_in_imperio
specimen	CTDC-PARTICIPANT-314116	CTDC-SPECIMEN-260393	Stained Bone Marrow Aspirate Slide	BUCCAL CELL SAMPLE	saltus_in_demonstrando	Primary	Baseline (Fresh)	639.51	barba_crescit_caput_nescit
specimen	CTDC-PARTICIPANT-936239	CTDC-SPECIMEN-262843	Cell Block	Formalin Fixed Paraffin Embedded Tissue	labor_ipse_voluptas	Normal	PROGRESSION	24.61	Macte_animo_Generose_puer_sic_itur_ad_astra
specimen	CTDC-PARTICIPANT-936239	CTDC-SPECIMEN-920048	Unstained Bone Marrow Aspirate Slide	Bone Marrow	O_Tite_tute_Tati_tibi_tanta_tyranne_tulisti	Adjacent Non-Tumor	ARCHIVAL	587.81	labor_ipse_voluptas
specimen	CTDC-PARTICIPANT-819669	CTDC-SPECIMEN-287119	FORMALIN FIXED TISSUE	Formalin Fixed Tissue	salus_in_arduis	Adjacent Non-Tumor	Post-Treatment (No progression)	212.4	labor_ipse_voluptas
specimen	CTDC-PARTICIPANT-819669	CTDC-SPECIMEN-526850	Streck Blood to VARI	SALIVA	pace_tua	Adjacent Non-Tumor	PROGRESSION	132.01	cacatum_non_est_pictum
specimen	CTDC-PARTICIPANT-695552	CTDC-SPECIMEN-225600	Formalin Fixed Tissue	URINE	O_Tite_tute_Tati_tibi_tanta_tyranne_tulisti	Primary	On Treatment (Fresh)	836.94	scientia_et_labor
specimen	CTDC-PARTICIPANT-695552	CTDC-SPECIMEN-406421	Snap Frozen Tissue	SALIVA	imperium_in_imperio	Primary	Baseline (Fresh)	172.21	scientiae_et_patriae
specimen	CTDC-PARTICIPANT-555917	CTDC-SPECIMEN-331502	Fresh Tissue in Media to PDMR	FORMALIN FIXED TISSUE	faber_est_suae_quisque_fortunae	Adjacent Non-Tumor	Progression (Fresh)	520.84	Obedientia_civium_urbis_felicitas
specimen	CTDC-PARTICIPANT-555917	CTDC-SPECIMEN-163780	Formalin Bone Marrow Biopsy	Frozen Tissue	salus_in_arduis	Normal	Baseline (Fresh)	630.76	pace_tua
specimen	CTDC-PARTICIPANT-745636	CTDC-SPECIMEN-385494	Stained Bone Marrow Aspirate Slide	FRESH TISSUE	saltus_in_demonstrando	Metastatic	BASELINE	345.58	labor_ipse_voluptas
specimen	CTDC-PARTICIPANT-745636	CTDC-SPECIMEN-324099	FORMALIN FIXED TISSUE	FRESH TISSUE	scientiae_et_patriae	Metastatic	Archival	566.61	scientiae_et_patriae
specimen	CTDC-PARTICIPANT-378402	CTDC-SPECIMEN-229198	Formalin Bone Marrow Biopsy	Formalin Fixed Paraffin Embedded Tissue	a_bene_placito	Primary	ON TREATMENT	990.16	Gallia_est_omnis_divisa_in_partes_tres
specimen	CTDC-PARTICIPANT-378402	CTDC-SPECIMEN-568273	Unstained Bone Marrow Aspirate Slide	STOOL	faber_est_suae_quisque_fortunae	Adjacent Non-Tumor	PROGRESSION	909.28	e_causa_ignota
specimen	CTDC-PARTICIPANT-199621	CTDC-SPECIMEN-368744	Stained Bone Marrow Aspirate Slide	Formalin Fixed Tissue	damnant_quod_non_intellegunt	Adjacent Non-Tumor	PROGRESSION	320.79	faber_est_suae_quisque_fortunae
specimen	CTDC-PARTICIPANT-199621	CTDC-SPECIMEN-458684	Bone Marrow Aspirate	STOOL	haec_olim_meminisse_iuvabit	Normal	Progression (Fresh)	619.67	Obedientia_civium_urbis_felicitas
specimen	CTDC-PARTICIPANT-516065	CTDC-SPECIMEN-923166	Snap Frozen Tissue	Fresh Tissue	scientiae_et_patriae	Metastatic	Post-Treatment (No progression)	422.46	O_Tite_tute_Tati_tibi_tanta_tyranne_tulisti
specimen	CTDC-PARTICIPANT-516065	CTDC-SPECIMEN-366010	Streck Blood to PDMR	FROZEN TISSUE	Macte_animo_Generose_puer_sic_itur_ad_astra	Primary	Baseline (Fresh)	380.6	sapiens_qui_prospicit
specimen	CTDC-PARTICIPANT-879543	CTDC-SPECIMEN-623567	Streck Blood to VARI	BLOOD	scientiae_et_patriae	Normal	ARCHIVAL	355.84	Obedientia_civium_urbis_felicitas
specimen	CTDC-PARTICIPANT-879543	CTDC-SPECIMEN-501870	FORMALIN FIXED TISSUE	FORMALIN FIXED PARAFFIN EMBEDDED TISSUE	haec_olim_meminisse_iuvabit	Adjacent Non-Tumor	ON TREATMENT	276.76	Obedientia_civium_urbis_felicitas
specimen	CTDC-PARTICIPANT-940929	CTDC-SPECIMEN-282305	Unstained Bone Marrow Aspirate Slide	Formalin Fixed Paraffin Embedded Tissue	scientia,_aere_perennius	Adjacent Non-Tumor	Archival	301.83	Obedientia_civium_urbis_felicitas
specimen	CTDC-PARTICIPANT-940929	CTDC-SPECIMEN-918141	Formalin Fixed Tissue	OTHER BODILY FLUIDs	O_Tite_tute_Tati_tibi_tanta_tyranne_tulisti	Primary	Baseline (Fresh)	556.76	barba_crescit_caput_nescit
specimen	CTDC-PARTICIPANT-735963	CTDC-SPECIMEN-735115	Streck Blood	Fresh Tissue	scientia_imperii_decus_et_tutamen	Adjacent Non-Tumor	On Treatment (Fresh)	207.45	scientia_imperii_decus_et_tutamen
specimen	CTDC-PARTICIPANT-735963	CTDC-SPECIMEN-482349	Streck Blood	OTHER BODILY FLUIDs	scientia_et_sapientia	Metastatic	ON TREATMENT	433.22	cacatum_non_est_pictum
specimen	CTDC-PARTICIPANT-163916	CTDC-SPECIMEN-843782	FFPE Block	Bone Marrow	Obedientia_civium_urbis_felicitas	Normal	Post-Treatment (No progression)	942.74	id_quod_plerumque_accidit
specimen	CTDC-PARTICIPANT-163916	CTDC-SPECIMEN-338565	EDTA Blood	FROZEN TISSUE	imperium_in_imperio	Metastatic	ARCHIVAL	687.35	O_Tite_tute_Tati_tibi_tanta_tyranne_tulisti
specimen	CTDC-PARTICIPANT-424350	CTDC-SPECIMEN-755636	FORMALIN FIXED TISSUE	SALIVA	e_causa_ignota	Adjacent Non-Tumor	Baseline (Fresh)	874.01	scientiae_et_patriae
specimen	CTDC-PARTICIPANT-424350	CTDC-SPECIMEN-546986	Streck Blood to PDMR	BLOOD	pace_tua	Normal	Post-Treatment (No progression)	896.25	saltus_in_demonstrando
specimen	CTDC-PARTICIPANT-372186	CTDC-SPECIMEN-813259	Bone Marrow Aspirate	Fresh Tissue	Obedientia_civium_urbis_felicitas	Adjacent Non-Tumor	ON TREATMENT	816.45	pace_tua
specimen	CTDC-PARTICIPANT-372186	CTDC-SPECIMEN-449723	Unstained Slide	Formalin Fixed Paraffin Embedded Tissue	faber_est_suae_quisque_fortunae	Primary	On Treatment (Fresh)	403.17	scientia,_aere_perennius
specimen	CTDC-PARTICIPANT-615756	CTDC-SPECIMEN-120341	Formalin Bone Marrow Biopsy	BONE MARROW	scientia,_aere_perennius	Primary	ON TREATMENT	168.35	imperium_in_imperio
specimen	CTDC-PARTICIPANT-615756	CTDC-SPECIMEN-710501	EDTA Blood	BONE MARROW	Gallia_est_omnis_divisa_in_partes_tres	Normal	BASELINE	562.3	haec_olim_meminisse_iuvabit
specimen	CTDC-PARTICIPANT-646826	CTDC-SPECIMEN-112668	Streck Blood	CEREBROSPINAL FLUID	imperium_in_imperio	Metastatic	BASELINE	735.77	e_causa_ignota
specimen	CTDC-PARTICIPANT-646826	CTDC-SPECIMEN-138429	Formalin Fixed Tissue	Formalin Fixed Paraffin Embedded Tissue	O_Tite_tute_Tati_tibi_tanta_tyranne_tulisti	Adjacent Non-Tumor	Post-Treatment (No progression)	502.72	scientia,_aere_perennius
specimen	CTDC-PARTICIPANT-815654	CTDC-SPECIMEN-760262	FORMALIN FIXED TISSUE	Frozen Tissue	sapiens_qui_prospicit	Normal	Progression (Fresh)	218.78	nanos_gigantum_humeris_insidentes
specimen	CTDC-PARTICIPANT-815654	CTDC-SPECIMEN-284500	Bone Marrow Aspirate	OTHER BODILY FLUIDs	e_causa_ignota	Adjacent Non-Tumor	PROGRESSION	381.36	salus_in_arduis
specimen	CTDC-PARTICIPANT-860953	CTDC-SPECIMEN-770344	FORMALIN FIXED TISSUE	Fresh Tissue	damnant_quod_non_intellegunt	Normal	Baseline (Fresh)	284.32	haec_olim_meminisse_iuvabit
specimen	CTDC-PARTICIPANT-860953	CTDC-SPECIMEN-477931	Formalin Bone Marrow Biopsy	BONE MARROW	scientia,_aere_perennius	Normal	ARCHIVAL	757.32	scientiae_et_patriae
specimen	CTDC-PARTICIPANT-275264	CTDC-SPECIMEN-311957	Cell Block	Blood	barba_crescit_caput_nescit	Normal	ON TREATMENT	640.28	scientiae_cedit_mare
specimen	CTDC-PARTICIPANT-275264	CTDC-SPECIMEN-805230	Formalin Bone Marrow Biopsy	FORMALIN FIXED PARAFFIN EMBEDDED TISSUE	salus_in_arduis	Adjacent Non-Tumor	Post-Treatment (No progression)	455.79	a_bene_placito
specimen	CTDC-PARTICIPANT-353410	CTDC-SPECIMEN-270353	EDTA Blood	OTHER BODILY FLUIDs	haec_olim_meminisse_iuvabit	Normal	On Treatment (Fresh)	617.17	pace_tua
specimen	CTDC-PARTICIPANT-353410	CTDC-SPECIMEN-600600	Cell Block	BONE MARROW	damnant_quod_non_intellegunt	Normal	Archival	371.46	saltus_in_demonstrando
specimen	CTDC-PARTICIPANT-430106	CTDC-SPECIMEN-345943	FORMALIN FIXED TISSUE	Frozen Tissue	scientiae_cedit_mare	Adjacent Non-Tumor	On Treatment (Fresh)	804.84	Macte_animo_Generose_puer_sic_itur_ad_astra
specimen	CTDC-PARTICIPANT-430106	CTDC-SPECIMEN-922338	Unstained Slide	Formalin Fixed Paraffin Embedded Tissue	saltus_in_demonstrando	Primary	Baseline (Fresh)	305.78	Obedientia_civium_urbis_felicitas
specimen	CTDC-PARTICIPANT-752315	CTDC-SPECIMEN-460752	Streck Blood	Fresh Tissue	imperium_in_imperio	Normal	Post-Treatment (No progression)	93.02	scientia_et_sapientia
specimen	CTDC-PARTICIPANT-752315	CTDC-SPECIMEN-439869	EDTA Blood	CEREBROSPINAL FLUID	barba_crescit_caput_nescit	Primary	Baseline (Fresh)	552.64	scientia_et_labor
