type	participant.participant_id	surgical_procedure_record_id	surgical_procedure	surgical_procedure_date	surgical_procedure_anatomical_location	surgical_procedure_therapeutic	surgical_procedure_findings	extent_of_residual_disease	crdc_id
surgery	CTDC-PARTICIPANT-401275	CTDC-SURGERY-136720	Macte_animo_Generose_puer_sic_itur_ad_astra	383	saltus_in_demonstrando	Yes	haec_olim_meminisse_iuvabit	faber_est_suae_quisque_fortunae	salus_in_arduis
surgery	CTDC-PARTICIPANT-401275	CTDC-SURGERY-873008	faber_est_suae_quisque_fortunae	621	nanos_gigantum_humeris_insidentes	No	sapiens_qui_prospicit	labor_ipse_voluptas	e_causa_ignota
surgery	CTDC-PARTICIPANT-346284	CTDC-SURGERY-317583	nascentes_morimur_finisque_ab_origine_pendet	74	salus_in_arduis	Yes	barba_crescit_caput_nescit	scientia_imperii_decus_et_tutamen	cacatum_non_est_pictum
surgery	CTDC-PARTICIPANT-346284	CTDC-SURGERY-723133	pace_tua	204	pace_tua	No	saltus_in_demonstrando	id_quod_plerumque_accidit	scientiae_et_patriae
surgery	CTDC-PARTICIPANT-659175	CTDC-SURGERY-130024	scientiae_et_patriae	752	salus_in_arduis	No	e_causa_ignota	cacatum_non_est_pictum	scientia,_aere_perennius
surgery	CTDC-PARTICIPANT-659175	CTDC-SURGERY-956916	saltus_in_demonstrando	340	id_quod_plerumque_accidit	No	scientia_imperii_decus_et_tutamen	scientia,_aere_perennius	Macte_animo_Generose_puer_sic_itur_ad_astra
surgery	CTDC-PARTICIPANT-206903	CTDC-SURGERY-945715	a_bene_placito	72	Gallia_est_omnis_divisa_in_partes_tres	Yes	scientiae_et_patriae	scientia_et_labor	nanos_gigantum_humeris_insidentes
surgery	CTDC-PARTICIPANT-206903	CTDC-SURGERY-222558	faber_est_suae_quisque_fortunae	716	scientiae_et_patriae	No	cacatum_non_est_pictum	nascentes_morimur_finisque_ab_origine_pendet	nascentes_morimur_finisque_ab_origine_pendet
surgery	CTDC-PARTICIPANT-120022	CTDC-SURGERY-483690	scientia_imperii_decus_et_tutamen	772	e_causa_ignota	Yes	barba_crescit_caput_nescit	barba_crescit_caput_nescit	Obedientia_civium_urbis_felicitas
surgery	CTDC-PARTICIPANT-120022	CTDC-SURGERY-137117	Gallia_est_omnis_divisa_in_partes_tres	212	scientiae_cedit_mare	No	Obedientia_civium_urbis_felicitas	nanos_gigantum_humeris_insidentes	imperium_in_imperio
surgery	CTDC-PARTICIPANT-873569	CTDC-SURGERY-967425	haec_olim_meminisse_iuvabit	961	scientia_et_labor	Yes	cacatum_non_est_pictum	id_quod_plerumque_accidit	saltus_in_demonstrando
surgery	CTDC-PARTICIPANT-873569	CTDC-SURGERY-408605	barba_crescit_caput_nescit	207	scientia,_aere_perennius	Yes	a_bene_placito	damnant_quod_non_intellegunt	scientia_imperii_decus_et_tutamen
surgery	CTDC-PARTICIPANT-434629	CTDC-SURGERY-548089	Obedientia_civium_urbis_felicitas	809	labor_ipse_voluptas	No	damnant_quod_non_intellegunt	pace_tua	nascentes_morimur_finisque_ab_origine_pendet
surgery	CTDC-PARTICIPANT-434629	CTDC-SURGERY-693287	scientia,_aere_perennius	383	damnant_quod_non_intellegunt	No	pace_tua	barba_crescit_caput_nescit	faber_est_suae_quisque_fortunae
surgery	CTDC-PARTICIPANT-458502	CTDC-SURGERY-726143	nanos_gigantum_humeris_insidentes	301	scientia,_aere_perennius	Yes	faber_est_suae_quisque_fortunae	nascentes_morimur_finisque_ab_origine_pendet	e_causa_ignota
surgery	CTDC-PARTICIPANT-458502	CTDC-SURGERY-800229	O_Tite_tute_Tati_tibi_tanta_tyranne_tulisti	979	salus_in_arduis	Yes	saltus_in_demonstrando	scientia,_aere_perennius	imperium_in_imperio
surgery	CTDC-PARTICIPANT-560400	CTDC-SURGERY-816694	saltus_in_demonstrando	193	Macte_animo_Generose_puer_sic_itur_ad_astra	No	salus_in_arduis	scientiae_et_patriae	scientia_et_sapientia
surgery	CTDC-PARTICIPANT-560400	CTDC-SURGERY-186372	Obedientia_civium_urbis_felicitas	77	nascentes_morimur_finisque_ab_origine_pendet	No	damnant_quod_non_intellegunt	scientia_et_labor	damnant_quod_non_intellegunt
surgery	CTDC-PARTICIPANT-925478	CTDC-SURGERY-257520	Gallia_est_omnis_divisa_in_partes_tres	769	labor_ipse_voluptas	No	barba_crescit_caput_nescit	O_Tite_tute_Tati_tibi_tanta_tyranne_tulisti	nanos_gigantum_humeris_insidentes
surgery	CTDC-PARTICIPANT-925478	CTDC-SURGERY-229922	damnant_quod_non_intellegunt	700	cacatum_non_est_pictum	No	scientiae_et_patriae	imperium_in_imperio	Gallia_est_omnis_divisa_in_partes_tres
surgery	CTDC-PARTICIPANT-128929	CTDC-SURGERY-493291	scientia_imperii_decus_et_tutamen	237	O_Tite_tute_Tati_tibi_tanta_tyranne_tulisti	Yes	O_Tite_tute_Tati_tibi_tanta_tyranne_tulisti	Macte_animo_Generose_puer_sic_itur_ad_astra	scientiae_cedit_mare
surgery	CTDC-PARTICIPANT-128929	CTDC-SURGERY-475792	scientia_et_sapientia	376	e_causa_ignota	No	Macte_animo_Generose_puer_sic_itur_ad_astra	haec_olim_meminisse_iuvabit	labor_ipse_voluptas
surgery	CTDC-PARTICIPANT-454125	CTDC-SURGERY-383665	Obedientia_civium_urbis_felicitas	724	nascentes_morimur_finisque_ab_origine_pendet	No	a_bene_placito	damnant_quod_non_intellegunt	scientiae_et_patriae
surgery	CTDC-PARTICIPANT-454125	CTDC-SURGERY-962604	e_causa_ignota	662	cacatum_non_est_pictum	Yes	scientia,_aere_perennius	Macte_animo_Generose_puer_sic_itur_ad_astra	sapiens_qui_prospicit
surgery	CTDC-PARTICIPANT-994421	CTDC-SURGERY-296859	damnant_quod_non_intellegunt	140	O_Tite_tute_Tati_tibi_tanta_tyranne_tulisti	No	nanos_gigantum_humeris_insidentes	sapiens_qui_prospicit	id_quod_plerumque_accidit
surgery	CTDC-PARTICIPANT-994421	CTDC-SURGERY-104170	Obedientia_civium_urbis_felicitas	822	scientia,_aere_perennius	No	nascentes_morimur_finisque_ab_origine_pendet	cacatum_non_est_pictum	nascentes_morimur_finisque_ab_origine_pendet
surgery	CTDC-PARTICIPANT-415152	CTDC-SURGERY-133612	scientia_et_labor	822	barba_crescit_caput_nescit	No	e_causa_ignota	faber_est_suae_quisque_fortunae	Obedientia_civium_urbis_felicitas
surgery	CTDC-PARTICIPANT-415152	CTDC-SURGERY-873640	scientiae_cedit_mare	123	scientiae_cedit_mare	No	sapiens_qui_prospicit	Gallia_est_omnis_divisa_in_partes_tres	damnant_quod_non_intellegunt
surgery	CTDC-PARTICIPANT-117200	CTDC-SURGERY-722854	Macte_animo_Generose_puer_sic_itur_ad_astra	830	damnant_quod_non_intellegunt	No	scientia,_aere_perennius	cacatum_non_est_pictum	faber_est_suae_quisque_fortunae
surgery	CTDC-PARTICIPANT-117200	CTDC-SURGERY-347015	scientia,_aere_perennius	12	imperium_in_imperio	No	labor_ipse_voluptas	haec_olim_meminisse_iuvabit	imperium_in_imperio
surgery	CTDC-PARTICIPANT-373652	CTDC-SURGERY-686485	scientia_et_sapientia	551	scientia_imperii_decus_et_tutamen	No	Gallia_est_omnis_divisa_in_partes_tres	barba_crescit_caput_nescit	damnant_quod_non_intellegunt
surgery	CTDC-PARTICIPANT-373652	CTDC-SURGERY-392881	faber_est_suae_quisque_fortunae	885	Obedientia_civium_urbis_felicitas	No	scientiae_cedit_mare	scientiae_et_patriae	pace_tua
surgery	CTDC-PARTICIPANT-683957	CTDC-SURGERY-697518	Macte_animo_Generose_puer_sic_itur_ad_astra	425	salus_in_arduis	Yes	haec_olim_meminisse_iuvabit	saltus_in_demonstrando	pace_tua
surgery	CTDC-PARTICIPANT-683957	CTDC-SURGERY-321384	Gallia_est_omnis_divisa_in_partes_tres	829	pace_tua	Yes	scientia_et_sapientia	scientia_et_sapientia	Macte_animo_Generose_puer_sic_itur_ad_astra
surgery	CTDC-PARTICIPANT-510894	CTDC-SURGERY-457096	scientia_et_sapientia	154	saltus_in_demonstrando	Yes	haec_olim_meminisse_iuvabit	pace_tua	saltus_in_demonstrando
surgery	CTDC-PARTICIPANT-510894	CTDC-SURGERY-469445	Gallia_est_omnis_divisa_in_partes_tres	744	e_causa_ignota	No	barba_crescit_caput_nescit	Macte_animo_Generose_puer_sic_itur_ad_astra	saltus_in_demonstrando
surgery	CTDC-PARTICIPANT-214180	CTDC-SURGERY-617100	cacatum_non_est_pictum	29	scientia_imperii_decus_et_tutamen	No	scientia,_aere_perennius	scientia_et_sapientia	haec_olim_meminisse_iuvabit
surgery	CTDC-PARTICIPANT-214180	CTDC-SURGERY-643225	salus_in_arduis	342	e_causa_ignota	Yes	faber_est_suae_quisque_fortunae	imperium_in_imperio	scientiae_cedit_mare
surgery	CTDC-PARTICIPANT-846729	CTDC-SURGERY-656805	scientia_et_labor	119	scientia,_aere_perennius	No	haec_olim_meminisse_iuvabit	labor_ipse_voluptas	scientiae_cedit_mare
surgery	CTDC-PARTICIPANT-846729	CTDC-SURGERY-179075	saltus_in_demonstrando	673	Obedientia_civium_urbis_felicitas	No	Macte_animo_Generose_puer_sic_itur_ad_astra	labor_ipse_voluptas	imperium_in_imperio
surgery	CTDC-PARTICIPANT-161324	CTDC-SURGERY-597039	salus_in_arduis	700	a_bene_placito	Yes	O_Tite_tute_Tati_tibi_tanta_tyranne_tulisti	labor_ipse_voluptas	scientia_et_sapientia
surgery	CTDC-PARTICIPANT-161324	CTDC-SURGERY-255698	haec_olim_meminisse_iuvabit	333	saltus_in_demonstrando	No	scientia_et_labor	nanos_gigantum_humeris_insidentes	Obedientia_civium_urbis_felicitas
surgery	CTDC-PARTICIPANT-523955	CTDC-SURGERY-772291	a_bene_placito	908	cacatum_non_est_pictum	Yes	imperium_in_imperio	scientia_et_sapientia	labor_ipse_voluptas
surgery	CTDC-PARTICIPANT-523955	CTDC-SURGERY-402475	nanos_gigantum_humeris_insidentes	752	pace_tua	Yes	nanos_gigantum_humeris_insidentes	faber_est_suae_quisque_fortunae	saltus_in_demonstrando
surgery	CTDC-PARTICIPANT-161725	CTDC-SURGERY-976776	Gallia_est_omnis_divisa_in_partes_tres	463	pace_tua	Yes	scientia_et_sapientia	id_quod_plerumque_accidit	barba_crescit_caput_nescit
surgery	CTDC-PARTICIPANT-161725	CTDC-SURGERY-183488	imperium_in_imperio	919	nascentes_morimur_finisque_ab_origine_pendet	Yes	scientia_imperii_decus_et_tutamen	cacatum_non_est_pictum	cacatum_non_est_pictum
surgery	CTDC-PARTICIPANT-300799	CTDC-SURGERY-376648	barba_crescit_caput_nescit	271	scientia_imperii_decus_et_tutamen	Yes	sapiens_qui_prospicit	a_bene_placito	a_bene_placito
surgery	CTDC-PARTICIPANT-300799	CTDC-SURGERY-835666	nascentes_morimur_finisque_ab_origine_pendet	582	scientia_et_sapientia	No	faber_est_suae_quisque_fortunae	sapiens_qui_prospicit	Gallia_est_omnis_divisa_in_partes_tres
surgery	CTDC-PARTICIPANT-701751	CTDC-SURGERY-176719	scientia_et_labor	424	labor_ipse_voluptas	No	scientia_et_sapientia	sapiens_qui_prospicit	Obedientia_civium_urbis_felicitas
surgery	CTDC-PARTICIPANT-701751	CTDC-SURGERY-137782	scientia_imperii_decus_et_tutamen	231	pace_tua	No	scientiae_et_patriae	a_bene_placito	e_causa_ignota
surgery	CTDC-PARTICIPANT-261533	CTDC-SURGERY-668756	cacatum_non_est_pictum	719	scientiae_et_patriae	Yes	sapiens_qui_prospicit	Gallia_est_omnis_divisa_in_partes_tres	sapiens_qui_prospicit
surgery	CTDC-PARTICIPANT-261533	CTDC-SURGERY-133092	Obedientia_civium_urbis_felicitas	77	Macte_animo_Generose_puer_sic_itur_ad_astra	No	haec_olim_meminisse_iuvabit	barba_crescit_caput_nescit	faber_est_suae_quisque_fortunae
surgery	CTDC-PARTICIPANT-907912	CTDC-SURGERY-414834	e_causa_ignota	985	faber_est_suae_quisque_fortunae	Yes	a_bene_placito	nascentes_morimur_finisque_ab_origine_pendet	damnant_quod_non_intellegunt
surgery	CTDC-PARTICIPANT-907912	CTDC-SURGERY-553877	scientia_et_sapientia	772	damnant_quod_non_intellegunt	No	scientia_imperii_decus_et_tutamen	scientiae_et_patriae	salus_in_arduis
surgery	CTDC-PARTICIPANT-791581	CTDC-SURGERY-603046	scientiae_cedit_mare	793	scientiae_et_patriae	Yes	saltus_in_demonstrando	scientia,_aere_perennius	scientia,_aere_perennius
surgery	CTDC-PARTICIPANT-791581	CTDC-SURGERY-107515	damnant_quod_non_intellegunt	817	salus_in_arduis	No	pace_tua	scientia_et_sapientia	a_bene_placito
surgery	CTDC-PARTICIPANT-109309	CTDC-SURGERY-293042	O_Tite_tute_Tati_tibi_tanta_tyranne_tulisti	930	Gallia_est_omnis_divisa_in_partes_tres	No	faber_est_suae_quisque_fortunae	nanos_gigantum_humeris_insidentes	scientiae_et_patriae
surgery	CTDC-PARTICIPANT-109309	CTDC-SURGERY-838301	haec_olim_meminisse_iuvabit	268	scientia,_aere_perennius	No	labor_ipse_voluptas	scientia,_aere_perennius	cacatum_non_est_pictum
surgery	CTDC-PARTICIPANT-966762	CTDC-SURGERY-217650	id_quod_plerumque_accidit	98	nascentes_morimur_finisque_ab_origine_pendet	Yes	Obedientia_civium_urbis_felicitas	cacatum_non_est_pictum	scientia,_aere_perennius
surgery	CTDC-PARTICIPANT-966762	CTDC-SURGERY-302892	scientia_imperii_decus_et_tutamen	318	damnant_quod_non_intellegunt	Yes	Obedientia_civium_urbis_felicitas	salus_in_arduis	scientiae_cedit_mare
surgery	CTDC-PARTICIPANT-337234	CTDC-SURGERY-165660	nanos_gigantum_humeris_insidentes	256	id_quod_plerumque_accidit	Yes	scientiae_cedit_mare	scientiae_et_patriae	pace_tua
surgery	CTDC-PARTICIPANT-337234	CTDC-SURGERY-997821	scientiae_et_patriae	413	barba_crescit_caput_nescit	Yes	pace_tua	Gallia_est_omnis_divisa_in_partes_tres	scientia_et_sapientia
surgery	CTDC-PARTICIPANT-913024	CTDC-SURGERY-727962	scientia,_aere_perennius	57	scientia_et_sapientia	Yes	id_quod_plerumque_accidit	pace_tua	sapiens_qui_prospicit
surgery	CTDC-PARTICIPANT-913024	CTDC-SURGERY-419893	Obedientia_civium_urbis_felicitas	728	a_bene_placito	No	salus_in_arduis	scientia_et_sapientia	Obedientia_civium_urbis_felicitas
surgery	CTDC-PARTICIPANT-471197	CTDC-SURGERY-201972	id_quod_plerumque_accidit	654	O_Tite_tute_Tati_tibi_tanta_tyranne_tulisti	No	barba_crescit_caput_nescit	Gallia_est_omnis_divisa_in_partes_tres	O_Tite_tute_Tati_tibi_tanta_tyranne_tulisti
surgery	CTDC-PARTICIPANT-471197	CTDC-SURGERY-809500	nascentes_morimur_finisque_ab_origine_pendet	445	haec_olim_meminisse_iuvabit	Yes	labor_ipse_voluptas	scientia_et_sapientia	scientia_et_labor
surgery	CTDC-PARTICIPANT-858356	CTDC-SURGERY-233294	a_bene_placito	166	scientiae_cedit_mare	Yes	a_bene_placito	labor_ipse_voluptas	O_Tite_tute_Tati_tibi_tanta_tyranne_tulisti
surgery	CTDC-PARTICIPANT-858356	CTDC-SURGERY-265602	pace_tua	649	haec_olim_meminisse_iuvabit	No	salus_in_arduis	e_causa_ignota	scientiae_et_patriae
surgery	CTDC-PARTICIPANT-961705	CTDC-SURGERY-378382	nascentes_morimur_finisque_ab_origine_pendet	156	labor_ipse_voluptas	Yes	e_causa_ignota	imperium_in_imperio	e_causa_ignota
surgery	CTDC-PARTICIPANT-961705	CTDC-SURGERY-672148	nascentes_morimur_finisque_ab_origine_pendet	945	salus_in_arduis	No	Gallia_est_omnis_divisa_in_partes_tres	Obedientia_civium_urbis_felicitas	scientia_imperii_decus_et_tutamen
surgery	CTDC-PARTICIPANT-578970	CTDC-SURGERY-518623	faber_est_suae_quisque_fortunae	121	nanos_gigantum_humeris_insidentes	Yes	id_quod_plerumque_accidit	cacatum_non_est_pictum	labor_ipse_voluptas
surgery	CTDC-PARTICIPANT-578970	CTDC-SURGERY-691657	scientia_imperii_decus_et_tutamen	725	imperium_in_imperio	Yes	labor_ipse_voluptas	scientiae_cedit_mare	saltus_in_demonstrando
surgery	CTDC-PARTICIPANT-378249	CTDC-SURGERY-187940	scientia,_aere_perennius	845	scientia_et_sapientia	No	scientiae_cedit_mare	scientiae_cedit_mare	scientia_et_sapientia
surgery	CTDC-PARTICIPANT-378249	CTDC-SURGERY-550736	barba_crescit_caput_nescit	677	Macte_animo_Generose_puer_sic_itur_ad_astra	No	Macte_animo_Generose_puer_sic_itur_ad_astra	damnant_quod_non_intellegunt	haec_olim_meminisse_iuvabit
surgery	CTDC-PARTICIPANT-950280	CTDC-SURGERY-757771	scientia_et_sapientia	508	scientiae_et_patriae	Yes	nascentes_morimur_finisque_ab_origine_pendet	faber_est_suae_quisque_fortunae	scientia,_aere_perennius
surgery	CTDC-PARTICIPANT-950280	CTDC-SURGERY-296896	sapiens_qui_prospicit	589	damnant_quod_non_intellegunt	No	Obedientia_civium_urbis_felicitas	scientiae_et_patriae	pace_tua
surgery	CTDC-PARTICIPANT-888235	CTDC-SURGERY-760468	nascentes_morimur_finisque_ab_origine_pendet	23	Gallia_est_omnis_divisa_in_partes_tres	No	scientiae_et_patriae	scientiae_et_patriae	a_bene_placito
surgery	CTDC-PARTICIPANT-888235	CTDC-SURGERY-316497	scientia,_aere_perennius	568	scientia_et_sapientia	No	sapiens_qui_prospicit	saltus_in_demonstrando	damnant_quod_non_intellegunt
surgery	CTDC-PARTICIPANT-102877	CTDC-SURGERY-628575	Obedientia_civium_urbis_felicitas	281	saltus_in_demonstrando	No	scientiae_cedit_mare	scientia_et_labor	scientia_imperii_decus_et_tutamen
surgery	CTDC-PARTICIPANT-102877	CTDC-SURGERY-376467	sapiens_qui_prospicit	25	scientiae_et_patriae	No	O_Tite_tute_Tati_tibi_tanta_tyranne_tulisti	Gallia_est_omnis_divisa_in_partes_tres	e_causa_ignota
surgery	CTDC-PARTICIPANT-952301	CTDC-SURGERY-990006	scientia_imperii_decus_et_tutamen	808	sapiens_qui_prospicit	No	cacatum_non_est_pictum	scientiae_et_patriae	Gallia_est_omnis_divisa_in_partes_tres
surgery	CTDC-PARTICIPANT-952301	CTDC-SURGERY-608805	barba_crescit_caput_nescit	434	imperium_in_imperio	No	labor_ipse_voluptas	scientia_et_labor	scientiae_cedit_mare
surgery	CTDC-PARTICIPANT-296544	CTDC-SURGERY-558042	scientia,_aere_perennius	823	haec_olim_meminisse_iuvabit	No	scientiae_et_patriae	scientiae_cedit_mare	faber_est_suae_quisque_fortunae
surgery	CTDC-PARTICIPANT-296544	CTDC-SURGERY-918616	Macte_animo_Generose_puer_sic_itur_ad_astra	810	scientia_et_sapientia	Yes	damnant_quod_non_intellegunt	barba_crescit_caput_nescit	Macte_animo_Generose_puer_sic_itur_ad_astra
surgery	CTDC-PARTICIPANT-303105	CTDC-SURGERY-435336	damnant_quod_non_intellegunt	453	a_bene_placito	Yes	sapiens_qui_prospicit	nanos_gigantum_humeris_insidentes	barba_crescit_caput_nescit
surgery	CTDC-PARTICIPANT-303105	CTDC-SURGERY-313409	scientia,_aere_perennius	866	Obedientia_civium_urbis_felicitas	Yes	scientiae_et_patriae	nanos_gigantum_humeris_insidentes	O_Tite_tute_Tati_tibi_tanta_tyranne_tulisti
surgery	CTDC-PARTICIPANT-154658	CTDC-SURGERY-308915	nascentes_morimur_finisque_ab_origine_pendet	956	id_quod_plerumque_accidit	Yes	cacatum_non_est_pictum	scientia_imperii_decus_et_tutamen	scientia_et_labor
surgery	CTDC-PARTICIPANT-154658	CTDC-SURGERY-207628	O_Tite_tute_Tati_tibi_tanta_tyranne_tulisti	654	Macte_animo_Generose_puer_sic_itur_ad_astra	Yes	scientia_imperii_decus_et_tutamen	barba_crescit_caput_nescit	saltus_in_demonstrando
surgery	CTDC-PARTICIPANT-535664	CTDC-SURGERY-449995	e_causa_ignota	261	imperium_in_imperio	Yes	nascentes_morimur_finisque_ab_origine_pendet	salus_in_arduis	id_quod_plerumque_accidit
surgery	CTDC-PARTICIPANT-535664	CTDC-SURGERY-148866	sapiens_qui_prospicit	335	sapiens_qui_prospicit	No	scientia,_aere_perennius	barba_crescit_caput_nescit	scientia_et_sapientia
surgery	CTDC-PARTICIPANT-177765	CTDC-SURGERY-231517	Obedientia_civium_urbis_felicitas	577	faber_est_suae_quisque_fortunae	No	a_bene_placito	e_causa_ignota	saltus_in_demonstrando
surgery	CTDC-PARTICIPANT-177765	CTDC-SURGERY-353832	damnant_quod_non_intellegunt	195	barba_crescit_caput_nescit	Yes	scientia,_aere_perennius	Macte_animo_Generose_puer_sic_itur_ad_astra	labor_ipse_voluptas
surgery	CTDC-PARTICIPANT-277309	CTDC-SURGERY-773587	scientiae_cedit_mare	260	nascentes_morimur_finisque_ab_origine_pendet	No	nanos_gigantum_humeris_insidentes	damnant_quod_non_intellegunt	damnant_quod_non_intellegunt
surgery	CTDC-PARTICIPANT-277309	CTDC-SURGERY-427005	nanos_gigantum_humeris_insidentes	443	O_Tite_tute_Tati_tibi_tanta_tyranne_tulisti	Yes	nascentes_morimur_finisque_ab_origine_pendet	sapiens_qui_prospicit	damnant_quod_non_intellegunt
surgery	CTDC-PARTICIPANT-658848	CTDC-SURGERY-491092	sapiens_qui_prospicit	294	scientia_et_labor	Yes	Macte_animo_Generose_puer_sic_itur_ad_astra	salus_in_arduis	scientiae_cedit_mare
surgery	CTDC-PARTICIPANT-658848	CTDC-SURGERY-156263	salus_in_arduis	532	faber_est_suae_quisque_fortunae	No	barba_crescit_caput_nescit	nanos_gigantum_humeris_insidentes	nascentes_morimur_finisque_ab_origine_pendet
surgery	CTDC-PARTICIPANT-513602	CTDC-SURGERY-266286	scientia_et_labor	845	salus_in_arduis	Yes	O_Tite_tute_Tati_tibi_tanta_tyranne_tulisti	cacatum_non_est_pictum	id_quod_plerumque_accidit
surgery	CTDC-PARTICIPANT-513602	CTDC-SURGERY-240176	scientia_et_sapientia	882	cacatum_non_est_pictum	No	damnant_quod_non_intellegunt	nanos_gigantum_humeris_insidentes	faber_est_suae_quisque_fortunae
surgery	CTDC-PARTICIPANT-628818	CTDC-SURGERY-684114	salus_in_arduis	587	scientia,_aere_perennius	No	scientiae_cedit_mare	id_quod_plerumque_accidit	O_Tite_tute_Tati_tibi_tanta_tyranne_tulisti
surgery	CTDC-PARTICIPANT-628818	CTDC-SURGERY-236896	saltus_in_demonstrando	49	scientia,_aere_perennius	No	labor_ipse_voluptas	labor_ipse_voluptas	nanos_gigantum_humeris_insidentes
surgery	CTDC-PARTICIPANT-571500	CTDC-SURGERY-948774	labor_ipse_voluptas	487	scientia_imperii_decus_et_tutamen	Yes	id_quod_plerumque_accidit	damnant_quod_non_intellegunt	Obedientia_civium_urbis_felicitas
surgery	CTDC-PARTICIPANT-571500	CTDC-SURGERY-669461	scientiae_cedit_mare	751	id_quod_plerumque_accidit	No	Gallia_est_omnis_divisa_in_partes_tres	haec_olim_meminisse_iuvabit	saltus_in_demonstrando
surgery	CTDC-PARTICIPANT-386465	CTDC-SURGERY-435768	cacatum_non_est_pictum	309	nanos_gigantum_humeris_insidentes	Yes	e_causa_ignota	scientiae_cedit_mare	scientiae_et_patriae
surgery	CTDC-PARTICIPANT-386465	CTDC-SURGERY-839662	nascentes_morimur_finisque_ab_origine_pendet	797	scientia_et_sapientia	No	scientia_et_labor	labor_ipse_voluptas	e_causa_ignota
surgery	CTDC-PARTICIPANT-901326	CTDC-SURGERY-211093	sapiens_qui_prospicit	435	labor_ipse_voluptas	Yes	labor_ipse_voluptas	e_causa_ignota	O_Tite_tute_Tati_tibi_tanta_tyranne_tulisti
surgery	CTDC-PARTICIPANT-901326	CTDC-SURGERY-617570	damnant_quod_non_intellegunt	237	Gallia_est_omnis_divisa_in_partes_tres	No	pace_tua	scientia_et_sapientia	a_bene_placito
surgery	CTDC-PARTICIPANT-780433	CTDC-SURGERY-497055	cacatum_non_est_pictum	263	haec_olim_meminisse_iuvabit	Yes	O_Tite_tute_Tati_tibi_tanta_tyranne_tulisti	Obedientia_civium_urbis_felicitas	sapiens_qui_prospicit
surgery	CTDC-PARTICIPANT-780433	CTDC-SURGERY-884278	Obedientia_civium_urbis_felicitas	498	scientiae_et_patriae	Yes	scientiae_cedit_mare	Obedientia_civium_urbis_felicitas	scientia_et_labor
surgery	CTDC-PARTICIPANT-758182	CTDC-SURGERY-387899	faber_est_suae_quisque_fortunae	361	id_quod_plerumque_accidit	Yes	pace_tua	scientia,_aere_perennius	imperium_in_imperio
surgery	CTDC-PARTICIPANT-758182	CTDC-SURGERY-407437	a_bene_placito	202	barba_crescit_caput_nescit	Yes	faber_est_suae_quisque_fortunae	saltus_in_demonstrando	labor_ipse_voluptas
surgery	CTDC-PARTICIPANT-548041	CTDC-SURGERY-374867	nanos_gigantum_humeris_insidentes	987	e_causa_ignota	Yes	scientia_imperii_decus_et_tutamen	cacatum_non_est_pictum	scientia_imperii_decus_et_tutamen
surgery	CTDC-PARTICIPANT-548041	CTDC-SURGERY-701384	scientia_imperii_decus_et_tutamen	562	scientiae_cedit_mare	Yes	nanos_gigantum_humeris_insidentes	a_bene_placito	salus_in_arduis
surgery	CTDC-PARTICIPANT-717349	CTDC-SURGERY-381365	scientia_et_sapientia	612	scientiae_cedit_mare	Yes	damnant_quod_non_intellegunt	cacatum_non_est_pictum	nanos_gigantum_humeris_insidentes
surgery	CTDC-PARTICIPANT-717349	CTDC-SURGERY-706944	scientia_et_labor	386	damnant_quod_non_intellegunt	Yes	imperium_in_imperio	pace_tua	labor_ipse_voluptas
surgery	CTDC-PARTICIPANT-791055	CTDC-SURGERY-980358	id_quod_plerumque_accidit	161	Obedientia_civium_urbis_felicitas	Yes	salus_in_arduis	barba_crescit_caput_nescit	e_causa_ignota
surgery	CTDC-PARTICIPANT-791055	CTDC-SURGERY-628847	a_bene_placito	392	salus_in_arduis	Yes	damnant_quod_non_intellegunt	barba_crescit_caput_nescit	salus_in_arduis
surgery	CTDC-PARTICIPANT-263974	CTDC-SURGERY-936348	id_quod_plerumque_accidit	402	a_bene_placito	No	scientia_imperii_decus_et_tutamen	scientia_et_labor	scientia,_aere_perennius
surgery	CTDC-PARTICIPANT-263974	CTDC-SURGERY-730128	labor_ipse_voluptas	664	Macte_animo_Generose_puer_sic_itur_ad_astra	No	pace_tua	sapiens_qui_prospicit	saltus_in_demonstrando
surgery	CTDC-PARTICIPANT-948548	CTDC-SURGERY-660460	scientiae_et_patriae	316	id_quod_plerumque_accidit	No	faber_est_suae_quisque_fortunae	nascentes_morimur_finisque_ab_origine_pendet	a_bene_placito
surgery	CTDC-PARTICIPANT-948548	CTDC-SURGERY-413500	a_bene_placito	364	salus_in_arduis	No	id_quod_plerumque_accidit	pace_tua	imperium_in_imperio
surgery	CTDC-PARTICIPANT-594101	CTDC-SURGERY-887947	faber_est_suae_quisque_fortunae	940	a_bene_placito	Yes	O_Tite_tute_Tati_tibi_tanta_tyranne_tulisti	O_Tite_tute_Tati_tibi_tanta_tyranne_tulisti	saltus_in_demonstrando
surgery	CTDC-PARTICIPANT-594101	CTDC-SURGERY-112702	scientia,_aere_perennius	150	faber_est_suae_quisque_fortunae	Yes	scientia_imperii_decus_et_tutamen	scientiae_cedit_mare	imperium_in_imperio
surgery	CTDC-PARTICIPANT-124507	CTDC-SURGERY-699138	Gallia_est_omnis_divisa_in_partes_tres	469	nanos_gigantum_humeris_insidentes	Yes	cacatum_non_est_pictum	sapiens_qui_prospicit	faber_est_suae_quisque_fortunae
surgery	CTDC-PARTICIPANT-124507	CTDC-SURGERY-674313	Gallia_est_omnis_divisa_in_partes_tres	694	Gallia_est_omnis_divisa_in_partes_tres	No	Macte_animo_Generose_puer_sic_itur_ad_astra	id_quod_plerumque_accidit	scientiae_cedit_mare
surgery	CTDC-PARTICIPANT-501323	CTDC-SURGERY-466436	Gallia_est_omnis_divisa_in_partes_tres	999	scientiae_cedit_mare	No	cacatum_non_est_pictum	e_causa_ignota	scientiae_et_patriae
surgery	CTDC-PARTICIPANT-501323	CTDC-SURGERY-407825	haec_olim_meminisse_iuvabit	527	nanos_gigantum_humeris_insidentes	Yes	Macte_animo_Generose_puer_sic_itur_ad_astra	scientia,_aere_perennius	damnant_quod_non_intellegunt
surgery	CTDC-PARTICIPANT-644468	CTDC-SURGERY-913542	O_Tite_tute_Tati_tibi_tanta_tyranne_tulisti	829	Macte_animo_Generose_puer_sic_itur_ad_astra	Yes	sapiens_qui_prospicit	labor_ipse_voluptas	scientia_et_labor
surgery	CTDC-PARTICIPANT-644468	CTDC-SURGERY-122445	scientiae_cedit_mare	302	scientia_et_labor	No	faber_est_suae_quisque_fortunae	scientiae_et_patriae	scientia_et_labor
surgery	CTDC-PARTICIPANT-799661	CTDC-SURGERY-905341	saltus_in_demonstrando	570	faber_est_suae_quisque_fortunae	No	sapiens_qui_prospicit	Macte_animo_Generose_puer_sic_itur_ad_astra	scientiae_et_patriae
surgery	CTDC-PARTICIPANT-799661	CTDC-SURGERY-165626	scientiae_cedit_mare	572	saltus_in_demonstrando	No	salus_in_arduis	O_Tite_tute_Tati_tibi_tanta_tyranne_tulisti	imperium_in_imperio
surgery	CTDC-PARTICIPANT-874326	CTDC-SURGERY-520717	salus_in_arduis	404	e_causa_ignota	No	sapiens_qui_prospicit	salus_in_arduis	labor_ipse_voluptas
surgery	CTDC-PARTICIPANT-874326	CTDC-SURGERY-933220	id_quod_plerumque_accidit	939	imperium_in_imperio	No	scientia,_aere_perennius	sapiens_qui_prospicit	pace_tua
surgery	CTDC-PARTICIPANT-546103	CTDC-SURGERY-202328	Macte_animo_Generose_puer_sic_itur_ad_astra	229	damnant_quod_non_intellegunt	Yes	scientiae_et_patriae	pace_tua	pace_tua
surgery	CTDC-PARTICIPANT-546103	CTDC-SURGERY-827890	labor_ipse_voluptas	906	cacatum_non_est_pictum	No	a_bene_placito	damnant_quod_non_intellegunt	salus_in_arduis
surgery	CTDC-PARTICIPANT-790392	CTDC-SURGERY-992838	imperium_in_imperio	687	salus_in_arduis	Yes	e_causa_ignota	e_causa_ignota	damnant_quod_non_intellegunt
surgery	CTDC-PARTICIPANT-790392	CTDC-SURGERY-294700	sapiens_qui_prospicit	363	haec_olim_meminisse_iuvabit	No	scientiae_cedit_mare	scientia_imperii_decus_et_tutamen	cacatum_non_est_pictum
surgery	CTDC-PARTICIPANT-346463	CTDC-SURGERY-453330	nanos_gigantum_humeris_insidentes	514	barba_crescit_caput_nescit	No	Obedientia_civium_urbis_felicitas	salus_in_arduis	saltus_in_demonstrando
surgery	CTDC-PARTICIPANT-346463	CTDC-SURGERY-360239	barba_crescit_caput_nescit	860	barba_crescit_caput_nescit	No	a_bene_placito	haec_olim_meminisse_iuvabit	scientia_imperii_decus_et_tutamen
surgery	CTDC-PARTICIPANT-137342	CTDC-SURGERY-771970	sapiens_qui_prospicit	192	imperium_in_imperio	Yes	faber_est_suae_quisque_fortunae	labor_ipse_voluptas	barba_crescit_caput_nescit
surgery	CTDC-PARTICIPANT-137342	CTDC-SURGERY-954900	scientia,_aere_perennius	446	Obedientia_civium_urbis_felicitas	Yes	barba_crescit_caput_nescit	scientia_imperii_decus_et_tutamen	faber_est_suae_quisque_fortunae
surgery	CTDC-PARTICIPANT-258786	CTDC-SURGERY-154372	sapiens_qui_prospicit	983	cacatum_non_est_pictum	Yes	id_quod_plerumque_accidit	scientia_et_labor	Gallia_est_omnis_divisa_in_partes_tres
surgery	CTDC-PARTICIPANT-258786	CTDC-SURGERY-537235	saltus_in_demonstrando	903	saltus_in_demonstrando	No	Obedientia_civium_urbis_felicitas	scientia_et_labor	barba_crescit_caput_nescit
surgery	CTDC-PARTICIPANT-372519	CTDC-SURGERY-393403	scientiae_cedit_mare	241	pace_tua	Yes	pace_tua	labor_ipse_voluptas	Gallia_est_omnis_divisa_in_partes_tres
surgery	CTDC-PARTICIPANT-372519	CTDC-SURGERY-998897	scientiae_et_patriae	586	sapiens_qui_prospicit	Yes	scientia_imperii_decus_et_tutamen	faber_est_suae_quisque_fortunae	Obedientia_civium_urbis_felicitas
surgery	CTDC-PARTICIPANT-894878	CTDC-SURGERY-918499	Gallia_est_omnis_divisa_in_partes_tres	12	labor_ipse_voluptas	Yes	sapiens_qui_prospicit	Gallia_est_omnis_divisa_in_partes_tres	saltus_in_demonstrando
surgery	CTDC-PARTICIPANT-894878	CTDC-SURGERY-117917	damnant_quod_non_intellegunt	436	nascentes_morimur_finisque_ab_origine_pendet	Yes	Gallia_est_omnis_divisa_in_partes_tres	id_quod_plerumque_accidit	pace_tua
surgery	CTDC-PARTICIPANT-981516	CTDC-SURGERY-355485	haec_olim_meminisse_iuvabit	388	scientia,_aere_perennius	Yes	sapiens_qui_prospicit	faber_est_suae_quisque_fortunae	nascentes_morimur_finisque_ab_origine_pendet
surgery	CTDC-PARTICIPANT-981516	CTDC-SURGERY-327444	nanos_gigantum_humeris_insidentes	241	faber_est_suae_quisque_fortunae	Yes	faber_est_suae_quisque_fortunae	barba_crescit_caput_nescit	nascentes_morimur_finisque_ab_origine_pendet
surgery	CTDC-PARTICIPANT-868498	CTDC-SURGERY-737072	salus_in_arduis	470	damnant_quod_non_intellegunt	Yes	scientia_imperii_decus_et_tutamen	Macte_animo_Generose_puer_sic_itur_ad_astra	scientiae_et_patriae
surgery	CTDC-PARTICIPANT-868498	CTDC-SURGERY-863216	scientia_et_labor	22	O_Tite_tute_Tati_tibi_tanta_tyranne_tulisti	Yes	Obedientia_civium_urbis_felicitas	id_quod_plerumque_accidit	nascentes_morimur_finisque_ab_origine_pendet
surgery	CTDC-PARTICIPANT-461318	CTDC-SURGERY-519400	e_causa_ignota	97	id_quod_plerumque_accidit	No	scientia_et_labor	nanos_gigantum_humeris_insidentes	scientia_et_sapientia
surgery	CTDC-PARTICIPANT-461318	CTDC-SURGERY-250381	scientia_et_labor	399	Obedientia_civium_urbis_felicitas	No	faber_est_suae_quisque_fortunae	scientia_et_sapientia	scientia_et_sapientia
surgery	CTDC-PARTICIPANT-167940	CTDC-SURGERY-481347	e_causa_ignota	452	faber_est_suae_quisque_fortunae	No	salus_in_arduis	O_Tite_tute_Tati_tibi_tanta_tyranne_tulisti	sapiens_qui_prospicit
surgery	CTDC-PARTICIPANT-167940	CTDC-SURGERY-908704	salus_in_arduis	38	id_quod_plerumque_accidit	Yes	saltus_in_demonstrando	pace_tua	O_Tite_tute_Tati_tibi_tanta_tyranne_tulisti
surgery	CTDC-PARTICIPANT-822003	CTDC-SURGERY-828084	nascentes_morimur_finisque_ab_origine_pendet	750	e_causa_ignota	No	scientia_et_labor	Gallia_est_omnis_divisa_in_partes_tres	haec_olim_meminisse_iuvabit
surgery	CTDC-PARTICIPANT-822003	CTDC-SURGERY-700668	Macte_animo_Generose_puer_sic_itur_ad_astra	533	haec_olim_meminisse_iuvabit	Yes	imperium_in_imperio	O_Tite_tute_Tati_tibi_tanta_tyranne_tulisti	scientia,_aere_perennius
surgery	CTDC-PARTICIPANT-891676	CTDC-SURGERY-202622	sapiens_qui_prospicit	223	scientia_et_labor	Yes	scientia_et_sapientia	haec_olim_meminisse_iuvabit	scientia_et_labor
surgery	CTDC-PARTICIPANT-891676	CTDC-SURGERY-962269	Obedientia_civium_urbis_felicitas	438	salus_in_arduis	No	scientiae_et_patriae	barba_crescit_caput_nescit	saltus_in_demonstrando
surgery	CTDC-PARTICIPANT-297880	CTDC-SURGERY-437562	cacatum_non_est_pictum	778	faber_est_suae_quisque_fortunae	No	Obedientia_civium_urbis_felicitas	haec_olim_meminisse_iuvabit	salus_in_arduis
surgery	CTDC-PARTICIPANT-297880	CTDC-SURGERY-471612	scientiae_cedit_mare	974	a_bene_placito	No	scientiae_et_patriae	scientiae_et_patriae	e_causa_ignota
surgery	CTDC-PARTICIPANT-373208	CTDC-SURGERY-877537	Obedientia_civium_urbis_felicitas	862	saltus_in_demonstrando	Yes	Gallia_est_omnis_divisa_in_partes_tres	faber_est_suae_quisque_fortunae	scientia_et_sapientia
surgery	CTDC-PARTICIPANT-373208	CTDC-SURGERY-809081	scientiae_cedit_mare	575	scientia_imperii_decus_et_tutamen	No	O_Tite_tute_Tati_tibi_tanta_tyranne_tulisti	imperium_in_imperio	Macte_animo_Generose_puer_sic_itur_ad_astra
surgery	CTDC-PARTICIPANT-213343	CTDC-SURGERY-802574	imperium_in_imperio	842	scientia_et_sapientia	No	cacatum_non_est_pictum	Obedientia_civium_urbis_felicitas	a_bene_placito
surgery	CTDC-PARTICIPANT-213343	CTDC-SURGERY-618471	cacatum_non_est_pictum	552	scientia_et_labor	Yes	e_causa_ignota	barba_crescit_caput_nescit	pace_tua
surgery	CTDC-PARTICIPANT-448058	CTDC-SURGERY-257827	saltus_in_demonstrando	338	scientia_imperii_decus_et_tutamen	No	haec_olim_meminisse_iuvabit	labor_ipse_voluptas	a_bene_placito
surgery	CTDC-PARTICIPANT-448058	CTDC-SURGERY-855965	scientiae_et_patriae	467	saltus_in_demonstrando	No	a_bene_placito	Gallia_est_omnis_divisa_in_partes_tres	scientiae_cedit_mare
surgery	CTDC-PARTICIPANT-973731	CTDC-SURGERY-693559	scientia_imperii_decus_et_tutamen	730	id_quod_plerumque_accidit	No	salus_in_arduis	a_bene_placito	scientiae_cedit_mare
surgery	CTDC-PARTICIPANT-973731	CTDC-SURGERY-442094	saltus_in_demonstrando	203	imperium_in_imperio	No	faber_est_suae_quisque_fortunae	nascentes_morimur_finisque_ab_origine_pendet	cacatum_non_est_pictum
surgery	CTDC-PARTICIPANT-590044	CTDC-SURGERY-782255	damnant_quod_non_intellegunt	734	e_causa_ignota	No	scientia,_aere_perennius	O_Tite_tute_Tati_tibi_tanta_tyranne_tulisti	damnant_quod_non_intellegunt
surgery	CTDC-PARTICIPANT-590044	CTDC-SURGERY-998295	Obedientia_civium_urbis_felicitas	349	imperium_in_imperio	No	nanos_gigantum_humeris_insidentes	faber_est_suae_quisque_fortunae	haec_olim_meminisse_iuvabit
surgery	CTDC-PARTICIPANT-825054	CTDC-SURGERY-136967	saltus_in_demonstrando	745	scientiae_cedit_mare	No	e_causa_ignota	cacatum_non_est_pictum	barba_crescit_caput_nescit
surgery	CTDC-PARTICIPANT-825054	CTDC-SURGERY-667706	labor_ipse_voluptas	986	O_Tite_tute_Tati_tibi_tanta_tyranne_tulisti	Yes	damnant_quod_non_intellegunt	scientiae_et_patriae	haec_olim_meminisse_iuvabit
surgery	CTDC-PARTICIPANT-725942	CTDC-SURGERY-637680	scientiae_cedit_mare	50	imperium_in_imperio	No	salus_in_arduis	scientia_imperii_decus_et_tutamen	Obedientia_civium_urbis_felicitas
surgery	CTDC-PARTICIPANT-725942	CTDC-SURGERY-433733	damnant_quod_non_intellegunt	989	pace_tua	Yes	Gallia_est_omnis_divisa_in_partes_tres	labor_ipse_voluptas	e_causa_ignota
surgery	CTDC-PARTICIPANT-136923	CTDC-SURGERY-308313	damnant_quod_non_intellegunt	339	imperium_in_imperio	No	Macte_animo_Generose_puer_sic_itur_ad_astra	Macte_animo_Generose_puer_sic_itur_ad_astra	Obedientia_civium_urbis_felicitas
surgery	CTDC-PARTICIPANT-136923	CTDC-SURGERY-887613	barba_crescit_caput_nescit	728	scientia_et_labor	No	salus_in_arduis	nanos_gigantum_humeris_insidentes	nascentes_morimur_finisque_ab_origine_pendet
surgery	CTDC-PARTICIPANT-496843	CTDC-SURGERY-623378	scientia_imperii_decus_et_tutamen	638	pace_tua	No	scientia,_aere_perennius	faber_est_suae_quisque_fortunae	cacatum_non_est_pictum
surgery	CTDC-PARTICIPANT-496843	CTDC-SURGERY-635468	imperium_in_imperio	399	scientia_imperii_decus_et_tutamen	No	damnant_quod_non_intellegunt	scientia_imperii_decus_et_tutamen	labor_ipse_voluptas
surgery	CTDC-PARTICIPANT-475332	CTDC-SURGERY-883016	a_bene_placito	554	haec_olim_meminisse_iuvabit	No	saltus_in_demonstrando	scientia,_aere_perennius	labor_ipse_voluptas
surgery	CTDC-PARTICIPANT-475332	CTDC-SURGERY-493931	Obedientia_civium_urbis_felicitas	343	labor_ipse_voluptas	No	scientia_imperii_decus_et_tutamen	barba_crescit_caput_nescit	scientia,_aere_perennius
surgery	CTDC-PARTICIPANT-822365	CTDC-SURGERY-401768	a_bene_placito	390	scientia_et_sapientia	No	O_Tite_tute_Tati_tibi_tanta_tyranne_tulisti	labor_ipse_voluptas	scientia_imperii_decus_et_tutamen
surgery	CTDC-PARTICIPANT-822365	CTDC-SURGERY-237959	saltus_in_demonstrando	159	scientia_et_sapientia	Yes	Macte_animo_Generose_puer_sic_itur_ad_astra	sapiens_qui_prospicit	labor_ipse_voluptas
surgery	CTDC-PARTICIPANT-769747	CTDC-SURGERY-157477	Obedientia_civium_urbis_felicitas	813	O_Tite_tute_Tati_tibi_tanta_tyranne_tulisti	No	damnant_quod_non_intellegunt	saltus_in_demonstrando	O_Tite_tute_Tati_tibi_tanta_tyranne_tulisti
surgery	CTDC-PARTICIPANT-769747	CTDC-SURGERY-174720	sapiens_qui_prospicit	121	Gallia_est_omnis_divisa_in_partes_tres	Yes	O_Tite_tute_Tati_tibi_tanta_tyranne_tulisti	Obedientia_civium_urbis_felicitas	scientia,_aere_perennius
surgery	CTDC-PARTICIPANT-921182	CTDC-SURGERY-194042	nanos_gigantum_humeris_insidentes	899	Gallia_est_omnis_divisa_in_partes_tres	Yes	imperium_in_imperio	damnant_quod_non_intellegunt	scientiae_cedit_mare
surgery	CTDC-PARTICIPANT-921182	CTDC-SURGERY-637068	faber_est_suae_quisque_fortunae	852	imperium_in_imperio	No	saltus_in_demonstrando	Obedientia_civium_urbis_felicitas	scientia_et_labor
surgery	CTDC-PARTICIPANT-827380	CTDC-SURGERY-150487	scientia_et_sapientia	283	Macte_animo_Generose_puer_sic_itur_ad_astra	No	nanos_gigantum_humeris_insidentes	scientia_imperii_decus_et_tutamen	scientiae_cedit_mare
surgery	CTDC-PARTICIPANT-827380	CTDC-SURGERY-353064	salus_in_arduis	561	scientia_imperii_decus_et_tutamen	Yes	O_Tite_tute_Tati_tibi_tanta_tyranne_tulisti	id_quod_plerumque_accidit	scientia_imperii_decus_et_tutamen
surgery	CTDC-PARTICIPANT-523819	CTDC-SURGERY-982416	pace_tua	261	O_Tite_tute_Tati_tibi_tanta_tyranne_tulisti	No	sapiens_qui_prospicit	sapiens_qui_prospicit	scientia_et_labor
surgery	CTDC-PARTICIPANT-523819	CTDC-SURGERY-657664	e_causa_ignota	21	Gallia_est_omnis_divisa_in_partes_tres	No	faber_est_suae_quisque_fortunae	labor_ipse_voluptas	cacatum_non_est_pictum
surgery	CTDC-PARTICIPANT-615230	CTDC-SURGERY-846765	nascentes_morimur_finisque_ab_origine_pendet	839	pace_tua	No	Obedientia_civium_urbis_felicitas	barba_crescit_caput_nescit	damnant_quod_non_intellegunt
surgery	CTDC-PARTICIPANT-615230	CTDC-SURGERY-910124	damnant_quod_non_intellegunt	207	id_quod_plerumque_accidit	No	scientia_imperii_decus_et_tutamen	damnant_quod_non_intellegunt	nascentes_morimur_finisque_ab_origine_pendet
surgery	CTDC-PARTICIPANT-212608	CTDC-SURGERY-883358	id_quod_plerumque_accidit	613	faber_est_suae_quisque_fortunae	Yes	damnant_quod_non_intellegunt	barba_crescit_caput_nescit	id_quod_plerumque_accidit
surgery	CTDC-PARTICIPANT-212608	CTDC-SURGERY-648544	sapiens_qui_prospicit	83	faber_est_suae_quisque_fortunae	No	scientiae_cedit_mare	labor_ipse_voluptas	id_quod_plerumque_accidit
surgery	CTDC-PARTICIPANT-875439	CTDC-SURGERY-842686	damnant_quod_non_intellegunt	380	e_causa_ignota	Yes	scientia,_aere_perennius	imperium_in_imperio	a_bene_placito
surgery	CTDC-PARTICIPANT-875439	CTDC-SURGERY-650831	salus_in_arduis	77	scientia_imperii_decus_et_tutamen	Yes	haec_olim_meminisse_iuvabit	imperium_in_imperio	salus_in_arduis
surgery	CTDC-PARTICIPANT-277510	CTDC-SURGERY-607990	scientia,_aere_perennius	312	scientiae_cedit_mare	No	a_bene_placito	cacatum_non_est_pictum	cacatum_non_est_pictum
surgery	CTDC-PARTICIPANT-277510	CTDC-SURGERY-963656	sapiens_qui_prospicit	435	nanos_gigantum_humeris_insidentes	Yes	imperium_in_imperio	haec_olim_meminisse_iuvabit	Gallia_est_omnis_divisa_in_partes_tres
surgery	CTDC-PARTICIPANT-372438	CTDC-SURGERY-473681	labor_ipse_voluptas	275	pace_tua	No	barba_crescit_caput_nescit	scientia_et_labor	haec_olim_meminisse_iuvabit
surgery	CTDC-PARTICIPANT-372438	CTDC-SURGERY-157336	saltus_in_demonstrando	463	scientia_et_sapientia	Yes	scientia,_aere_perennius	scientia_imperii_decus_et_tutamen	imperium_in_imperio
surgery	CTDC-PARTICIPANT-151074	CTDC-SURGERY-652465	labor_ipse_voluptas	282	O_Tite_tute_Tati_tibi_tanta_tyranne_tulisti	No	nanos_gigantum_humeris_insidentes	pace_tua	nanos_gigantum_humeris_insidentes
surgery	CTDC-PARTICIPANT-151074	CTDC-SURGERY-726453	scientia,_aere_perennius	380	scientiae_et_patriae	Yes	scientiae_cedit_mare	a_bene_placito	nascentes_morimur_finisque_ab_origine_pendet
surgery	CTDC-PARTICIPANT-997451	CTDC-SURGERY-259489	scientia,_aere_perennius	521	id_quod_plerumque_accidit	No	scientia_et_labor	id_quod_plerumque_accidit	scientia,_aere_perennius
surgery	CTDC-PARTICIPANT-997451	CTDC-SURGERY-646705	haec_olim_meminisse_iuvabit	855	e_causa_ignota	Yes	barba_crescit_caput_nescit	nascentes_morimur_finisque_ab_origine_pendet	salus_in_arduis
surgery	CTDC-PARTICIPANT-253887	CTDC-SURGERY-745834	damnant_quod_non_intellegunt	122	pace_tua	No	salus_in_arduis	a_bene_placito	Gallia_est_omnis_divisa_in_partes_tres
surgery	CTDC-PARTICIPANT-253887	CTDC-SURGERY-223374	scientia_et_sapientia	420	imperium_in_imperio	Yes	damnant_quod_non_intellegunt	scientia_imperii_decus_et_tutamen	labor_ipse_voluptas
surgery	CTDC-PARTICIPANT-725121	CTDC-SURGERY-950733	labor_ipse_voluptas	950	cacatum_non_est_pictum	Yes	O_Tite_tute_Tati_tibi_tanta_tyranne_tulisti	scientiae_et_patriae	scientia_et_sapientia
surgery	CTDC-PARTICIPANT-725121	CTDC-SURGERY-384169	nascentes_morimur_finisque_ab_origine_pendet	467	sapiens_qui_prospicit	No	nascentes_morimur_finisque_ab_origine_pendet	imperium_in_imperio	salus_in_arduis
surgery	CTDC-PARTICIPANT-495767	CTDC-SURGERY-146333	scientia,_aere_perennius	899	haec_olim_meminisse_iuvabit	Yes	id_quod_plerumque_accidit	scientia_et_sapientia	barba_crescit_caput_nescit
surgery	CTDC-PARTICIPANT-495767	CTDC-SURGERY-216991	pace_tua	840	pace_tua	Yes	salus_in_arduis	scientia_et_labor	labor_ipse_voluptas
surgery	CTDC-PARTICIPANT-916627	CTDC-SURGERY-836235	imperium_in_imperio	749	salus_in_arduis	No	scientia_imperii_decus_et_tutamen	cacatum_non_est_pictum	imperium_in_imperio
surgery	CTDC-PARTICIPANT-916627	CTDC-SURGERY-854123	e_causa_ignota	72	a_bene_placito	No	e_causa_ignota	salus_in_arduis	pace_tua
surgery	CTDC-PARTICIPANT-237878	CTDC-SURGERY-700964	Obedientia_civium_urbis_felicitas	876	haec_olim_meminisse_iuvabit	No	saltus_in_demonstrando	scientia_imperii_decus_et_tutamen	scientiae_et_patriae
surgery	CTDC-PARTICIPANT-237878	CTDC-SURGERY-870211	salus_in_arduis	644	scientia_et_labor	No	nanos_gigantum_humeris_insidentes	e_causa_ignota	haec_olim_meminisse_iuvabit
surgery	CTDC-PARTICIPANT-815226	CTDC-SURGERY-906212	labor_ipse_voluptas	348	sapiens_qui_prospicit	No	scientia_imperii_decus_et_tutamen	scientia_et_sapientia	sapiens_qui_prospicit
surgery	CTDC-PARTICIPANT-815226	CTDC-SURGERY-842367	id_quod_plerumque_accidit	915	scientia,_aere_perennius	No	scientia,_aere_perennius	damnant_quod_non_intellegunt	e_causa_ignota
surgery	CTDC-PARTICIPANT-864045	CTDC-SURGERY-977039	cacatum_non_est_pictum	585	id_quod_plerumque_accidit	Yes	salus_in_arduis	nascentes_morimur_finisque_ab_origine_pendet	scientia,_aere_perennius
surgery	CTDC-PARTICIPANT-864045	CTDC-SURGERY-661237	id_quod_plerumque_accidit	68	cacatum_non_est_pictum	Yes	scientia_et_labor	scientia_et_sapientia	saltus_in_demonstrando
surgery	CTDC-PARTICIPANT-717633	CTDC-SURGERY-857576	scientia_et_sapientia	987	imperium_in_imperio	Yes	damnant_quod_non_intellegunt	scientia,_aere_perennius	Obedientia_civium_urbis_felicitas
surgery	CTDC-PARTICIPANT-717633	CTDC-SURGERY-897827	faber_est_suae_quisque_fortunae	167	id_quod_plerumque_accidit	Yes	scientiae_et_patriae	id_quod_plerumque_accidit	a_bene_placito
surgery	CTDC-PARTICIPANT-174986	CTDC-SURGERY-456292	nanos_gigantum_humeris_insidentes	522	labor_ipse_voluptas	Yes	e_causa_ignota	scientia_et_sapientia	Obedientia_civium_urbis_felicitas
surgery	CTDC-PARTICIPANT-174986	CTDC-SURGERY-405832	labor_ipse_voluptas	536	scientia_imperii_decus_et_tutamen	Yes	id_quod_plerumque_accidit	scientia_et_labor	scientiae_et_patriae
surgery	CTDC-PARTICIPANT-498918	CTDC-SURGERY-101059	pace_tua	27	barba_crescit_caput_nescit	Yes	sapiens_qui_prospicit	imperium_in_imperio	Obedientia_civium_urbis_felicitas
surgery	CTDC-PARTICIPANT-498918	CTDC-SURGERY-263550	nanos_gigantum_humeris_insidentes	693	scientiae_et_patriae	Yes	scientiae_cedit_mare	e_causa_ignota	e_causa_ignota
surgery	CTDC-PARTICIPANT-924443	CTDC-SURGERY-276053	barba_crescit_caput_nescit	614	labor_ipse_voluptas	No	saltus_in_demonstrando	haec_olim_meminisse_iuvabit	scientia_et_sapientia
surgery	CTDC-PARTICIPANT-924443	CTDC-SURGERY-433788	sapiens_qui_prospicit	445	scientia_et_sapientia	No	haec_olim_meminisse_iuvabit	cacatum_non_est_pictum	imperium_in_imperio
surgery	CTDC-PARTICIPANT-543175	CTDC-SURGERY-928394	Obedientia_civium_urbis_felicitas	937	scientia_et_labor	Yes	barba_crescit_caput_nescit	cacatum_non_est_pictum	scientia_et_sapientia
surgery	CTDC-PARTICIPANT-543175	CTDC-SURGERY-718628	id_quod_plerumque_accidit	482	scientia_imperii_decus_et_tutamen	No	damnant_quod_non_intellegunt	Gallia_est_omnis_divisa_in_partes_tres	scientiae_cedit_mare
surgery	CTDC-PARTICIPANT-534756	CTDC-SURGERY-798160	Macte_animo_Generose_puer_sic_itur_ad_astra	761	a_bene_placito	Yes	Macte_animo_Generose_puer_sic_itur_ad_astra	scientia_et_labor	a_bene_placito
surgery	CTDC-PARTICIPANT-534756	CTDC-SURGERY-189758	scientia,_aere_perennius	121	e_causa_ignota	No	scientia_et_sapientia	labor_ipse_voluptas	nascentes_morimur_finisque_ab_origine_pendet
surgery	CTDC-PARTICIPANT-462440	CTDC-SURGERY-530949	a_bene_placito	350	imperium_in_imperio	No	scientiae_cedit_mare	nanos_gigantum_humeris_insidentes	saltus_in_demonstrando
surgery	CTDC-PARTICIPANT-462440	CTDC-SURGERY-705931	sapiens_qui_prospicit	735	scientia_et_labor	Yes	cacatum_non_est_pictum	id_quod_plerumque_accidit	sapiens_qui_prospicit
surgery	CTDC-PARTICIPANT-620615	CTDC-SURGERY-150642	cacatum_non_est_pictum	496	Obedientia_civium_urbis_felicitas	No	scientiae_et_patriae	scientiae_et_patriae	O_Tite_tute_Tati_tibi_tanta_tyranne_tulisti
surgery	CTDC-PARTICIPANT-620615	CTDC-SURGERY-868157	faber_est_suae_quisque_fortunae	385	pace_tua	No	e_causa_ignota	nascentes_morimur_finisque_ab_origine_pendet	imperium_in_imperio
surgery	CTDC-PARTICIPANT-427258	CTDC-SURGERY-158913	labor_ipse_voluptas	314	Macte_animo_Generose_puer_sic_itur_ad_astra	No	imperium_in_imperio	Macte_animo_Generose_puer_sic_itur_ad_astra	Gallia_est_omnis_divisa_in_partes_tres
surgery	CTDC-PARTICIPANT-427258	CTDC-SURGERY-961416	scientiae_cedit_mare	705	Gallia_est_omnis_divisa_in_partes_tres	No	haec_olim_meminisse_iuvabit	barba_crescit_caput_nescit	Macte_animo_Generose_puer_sic_itur_ad_astra
surgery	CTDC-PARTICIPANT-227197	CTDC-SURGERY-525494	damnant_quod_non_intellegunt	176	barba_crescit_caput_nescit	Yes	Obedientia_civium_urbis_felicitas	damnant_quod_non_intellegunt	Gallia_est_omnis_divisa_in_partes_tres
surgery	CTDC-PARTICIPANT-227197	CTDC-SURGERY-864225	Obedientia_civium_urbis_felicitas	241	Obedientia_civium_urbis_felicitas	No	imperium_in_imperio	barba_crescit_caput_nescit	salus_in_arduis
surgery	CTDC-PARTICIPANT-362745	CTDC-SURGERY-805746	e_causa_ignota	760	barba_crescit_caput_nescit	Yes	nanos_gigantum_humeris_insidentes	labor_ipse_voluptas	damnant_quod_non_intellegunt
surgery	CTDC-PARTICIPANT-362745	CTDC-SURGERY-423437	labor_ipse_voluptas	637	scientia,_aere_perennius	Yes	scientia,_aere_perennius	salus_in_arduis	a_bene_placito
surgery	CTDC-PARTICIPANT-744205	CTDC-SURGERY-561383	scientia_et_sapientia	15	pace_tua	Yes	id_quod_plerumque_accidit	Macte_animo_Generose_puer_sic_itur_ad_astra	scientia,_aere_perennius
surgery	CTDC-PARTICIPANT-744205	CTDC-SURGERY-419387	salus_in_arduis	94	a_bene_placito	Yes	nascentes_morimur_finisque_ab_origine_pendet	Gallia_est_omnis_divisa_in_partes_tres	damnant_quod_non_intellegunt
surgery	CTDC-PARTICIPANT-256843	CTDC-SURGERY-245221	scientia_et_labor	901	scientiae_et_patriae	No	barba_crescit_caput_nescit	e_causa_ignota	scientiae_et_patriae
surgery	CTDC-PARTICIPANT-256843	CTDC-SURGERY-406346	scientia_et_sapientia	850	e_causa_ignota	Yes	Obedientia_civium_urbis_felicitas	Gallia_est_omnis_divisa_in_partes_tres	O_Tite_tute_Tati_tibi_tanta_tyranne_tulisti
surgery	CTDC-PARTICIPANT-914564	CTDC-SURGERY-206875	barba_crescit_caput_nescit	701	Macte_animo_Generose_puer_sic_itur_ad_astra	Yes	Obedientia_civium_urbis_felicitas	nascentes_morimur_finisque_ab_origine_pendet	salus_in_arduis
surgery	CTDC-PARTICIPANT-914564	CTDC-SURGERY-916595	Macte_animo_Generose_puer_sic_itur_ad_astra	200	barba_crescit_caput_nescit	Yes	pace_tua	faber_est_suae_quisque_fortunae	scientia,_aere_perennius
surgery	CTDC-PARTICIPANT-895687	CTDC-SURGERY-720706	scientiae_cedit_mare	589	sapiens_qui_prospicit	Yes	scientia_et_sapientia	salus_in_arduis	Obedientia_civium_urbis_felicitas
surgery	CTDC-PARTICIPANT-895687	CTDC-SURGERY-627870	imperium_in_imperio	656	scientia_et_labor	No	cacatum_non_est_pictum	sapiens_qui_prospicit	scientiae_et_patriae
surgery	CTDC-PARTICIPANT-272500	CTDC-SURGERY-729363	Obedientia_civium_urbis_felicitas	929	scientia,_aere_perennius	Yes	labor_ipse_voluptas	scientia_imperii_decus_et_tutamen	saltus_in_demonstrando
surgery	CTDC-PARTICIPANT-272500	CTDC-SURGERY-757647	damnant_quod_non_intellegunt	429	scientia,_aere_perennius	Yes	saltus_in_demonstrando	a_bene_placito	Obedientia_civium_urbis_felicitas
surgery	CTDC-PARTICIPANT-732880	CTDC-SURGERY-539893	imperium_in_imperio	920	pace_tua	No	saltus_in_demonstrando	labor_ipse_voluptas	Gallia_est_omnis_divisa_in_partes_tres
surgery	CTDC-PARTICIPANT-732880	CTDC-SURGERY-288319	imperium_in_imperio	693	labor_ipse_voluptas	Yes	scientia_et_labor	scientiae_cedit_mare	pace_tua
surgery	CTDC-PARTICIPANT-132592	CTDC-SURGERY-824121	pace_tua	675	nanos_gigantum_humeris_insidentes	Yes	salus_in_arduis	Obedientia_civium_urbis_felicitas	barba_crescit_caput_nescit
surgery	CTDC-PARTICIPANT-132592	CTDC-SURGERY-267113	labor_ipse_voluptas	234	haec_olim_meminisse_iuvabit	No	scientia,_aere_perennius	O_Tite_tute_Tati_tibi_tanta_tyranne_tulisti	Macte_animo_Generose_puer_sic_itur_ad_astra
surgery	CTDC-PARTICIPANT-314116	CTDC-SURGERY-781896	pace_tua	858	O_Tite_tute_Tati_tibi_tanta_tyranne_tulisti	Yes	scientiae_et_patriae	Gallia_est_omnis_divisa_in_partes_tres	cacatum_non_est_pictum
surgery	CTDC-PARTICIPANT-314116	CTDC-SURGERY-934369	salus_in_arduis	571	Obedientia_civium_urbis_felicitas	Yes	a_bene_placito	barba_crescit_caput_nescit	id_quod_plerumque_accidit
surgery	CTDC-PARTICIPANT-936239	CTDC-SURGERY-969525	barba_crescit_caput_nescit	586	scientia_et_labor	Yes	salus_in_arduis	scientia_et_labor	Macte_animo_Generose_puer_sic_itur_ad_astra
surgery	CTDC-PARTICIPANT-936239	CTDC-SURGERY-844182	Gallia_est_omnis_divisa_in_partes_tres	757	Obedientia_civium_urbis_felicitas	No	Obedientia_civium_urbis_felicitas	e_causa_ignota	sapiens_qui_prospicit
surgery	CTDC-PARTICIPANT-819669	CTDC-SURGERY-470224	damnant_quod_non_intellegunt	661	nascentes_morimur_finisque_ab_origine_pendet	Yes	imperium_in_imperio	Obedientia_civium_urbis_felicitas	cacatum_non_est_pictum
surgery	CTDC-PARTICIPANT-819669	CTDC-SURGERY-819108	nanos_gigantum_humeris_insidentes	769	barba_crescit_caput_nescit	Yes	saltus_in_demonstrando	damnant_quod_non_intellegunt	barba_crescit_caput_nescit
surgery	CTDC-PARTICIPANT-695552	CTDC-SURGERY-483939	faber_est_suae_quisque_fortunae	692	scientiae_et_patriae	Yes	scientiae_cedit_mare	scientiae_et_patriae	O_Tite_tute_Tati_tibi_tanta_tyranne_tulisti
surgery	CTDC-PARTICIPANT-695552	CTDC-SURGERY-673430	labor_ipse_voluptas	425	pace_tua	No	sapiens_qui_prospicit	scientia_et_sapientia	Macte_animo_Generose_puer_sic_itur_ad_astra
surgery	CTDC-PARTICIPANT-555917	CTDC-SURGERY-724939	faber_est_suae_quisque_fortunae	229	barba_crescit_caput_nescit	No	nascentes_morimur_finisque_ab_origine_pendet	faber_est_suae_quisque_fortunae	scientia_et_labor
surgery	CTDC-PARTICIPANT-555917	CTDC-SURGERY-233643	sapiens_qui_prospicit	331	damnant_quod_non_intellegunt	Yes	scientia,_aere_perennius	faber_est_suae_quisque_fortunae	O_Tite_tute_Tati_tibi_tanta_tyranne_tulisti
surgery	CTDC-PARTICIPANT-745636	CTDC-SURGERY-618113	Obedientia_civium_urbis_felicitas	19	scientia,_aere_perennius	No	O_Tite_tute_Tati_tibi_tanta_tyranne_tulisti	nascentes_morimur_finisque_ab_origine_pendet	faber_est_suae_quisque_fortunae
surgery	CTDC-PARTICIPANT-745636	CTDC-SURGERY-654550	haec_olim_meminisse_iuvabit	980	scientia,_aere_perennius	Yes	salus_in_arduis	scientiae_et_patriae	scientiae_cedit_mare
surgery	CTDC-PARTICIPANT-378402	CTDC-SURGERY-968411	a_bene_placito	434	salus_in_arduis	Yes	scientia_et_labor	id_quod_plerumque_accidit	cacatum_non_est_pictum
surgery	CTDC-PARTICIPANT-378402	CTDC-SURGERY-274708	scientia,_aere_perennius	893	faber_est_suae_quisque_fortunae	No	nanos_gigantum_humeris_insidentes	faber_est_suae_quisque_fortunae	damnant_quod_non_intellegunt
surgery	CTDC-PARTICIPANT-199621	CTDC-SURGERY-849635	Macte_animo_Generose_puer_sic_itur_ad_astra	529	sapiens_qui_prospicit	Yes	scientia_imperii_decus_et_tutamen	nascentes_morimur_finisque_ab_origine_pendet	O_Tite_tute_Tati_tibi_tanta_tyranne_tulisti
surgery	CTDC-PARTICIPANT-199621	CTDC-SURGERY-674465	haec_olim_meminisse_iuvabit	765	Obedientia_civium_urbis_felicitas	Yes	scientiae_et_patriae	Macte_animo_Generose_puer_sic_itur_ad_astra	nascentes_morimur_finisque_ab_origine_pendet
surgery	CTDC-PARTICIPANT-516065	CTDC-SURGERY-190089	scientia,_aere_perennius	565	salus_in_arduis	No	a_bene_placito	scientiae_cedit_mare	pace_tua
surgery	CTDC-PARTICIPANT-516065	CTDC-SURGERY-794709	faber_est_suae_quisque_fortunae	381	cacatum_non_est_pictum	Yes	faber_est_suae_quisque_fortunae	scientia_et_labor	Gallia_est_omnis_divisa_in_partes_tres
surgery	CTDC-PARTICIPANT-879543	CTDC-SURGERY-575299	Gallia_est_omnis_divisa_in_partes_tres	750	scientia,_aere_perennius	Yes	damnant_quod_non_intellegunt	scientia_imperii_decus_et_tutamen	scientia_imperii_decus_et_tutamen
surgery	CTDC-PARTICIPANT-879543	CTDC-SURGERY-963332	nanos_gigantum_humeris_insidentes	153	e_causa_ignota	Yes	saltus_in_demonstrando	O_Tite_tute_Tati_tibi_tanta_tyranne_tulisti	haec_olim_meminisse_iuvabit
surgery	CTDC-PARTICIPANT-940929	CTDC-SURGERY-470769	scientia_et_sapientia	677	nascentes_morimur_finisque_ab_origine_pendet	Yes	scientia_et_labor	O_Tite_tute_Tati_tibi_tanta_tyranne_tulisti	imperium_in_imperio
surgery	CTDC-PARTICIPANT-940929	CTDC-SURGERY-358052	e_causa_ignota	493	salus_in_arduis	No	imperium_in_imperio	cacatum_non_est_pictum	sapiens_qui_prospicit
surgery	CTDC-PARTICIPANT-735963	CTDC-SURGERY-722220	scientia,_aere_perennius	23	e_causa_ignota	No	sapiens_qui_prospicit	salus_in_arduis	labor_ipse_voluptas
surgery	CTDC-PARTICIPANT-735963	CTDC-SURGERY-959925	id_quod_plerumque_accidit	288	scientia,_aere_perennius	No	O_Tite_tute_Tati_tibi_tanta_tyranne_tulisti	Macte_animo_Generose_puer_sic_itur_ad_astra	cacatum_non_est_pictum
surgery	CTDC-PARTICIPANT-163916	CTDC-SURGERY-397007	scientia_imperii_decus_et_tutamen	551	id_quod_plerumque_accidit	No	saltus_in_demonstrando	scientia,_aere_perennius	scientia_imperii_decus_et_tutamen
surgery	CTDC-PARTICIPANT-163916	CTDC-SURGERY-639387	scientiae_et_patriae	319	id_quod_plerumque_accidit	No	faber_est_suae_quisque_fortunae	Obedientia_civium_urbis_felicitas	Obedientia_civium_urbis_felicitas
surgery	CTDC-PARTICIPANT-424350	CTDC-SURGERY-587982	saltus_in_demonstrando	499	e_causa_ignota	Yes	a_bene_placito	scientia_et_labor	id_quod_plerumque_accidit
surgery	CTDC-PARTICIPANT-424350	CTDC-SURGERY-852515	barba_crescit_caput_nescit	794	Macte_animo_Generose_puer_sic_itur_ad_astra	Yes	scientia_et_sapientia	scientia,_aere_perennius	cacatum_non_est_pictum
surgery	CTDC-PARTICIPANT-372186	CTDC-SURGERY-965391	scientia_et_sapientia	397	imperium_in_imperio	No	a_bene_placito	scientiae_cedit_mare	scientiae_cedit_mare
surgery	CTDC-PARTICIPANT-372186	CTDC-SURGERY-594082	saltus_in_demonstrando	345	O_Tite_tute_Tati_tibi_tanta_tyranne_tulisti	No	nascentes_morimur_finisque_ab_origine_pendet	e_causa_ignota	a_bene_placito
surgery	CTDC-PARTICIPANT-615756	CTDC-SURGERY-716078	imperium_in_imperio	89	labor_ipse_voluptas	Yes	Obedientia_civium_urbis_felicitas	nascentes_morimur_finisque_ab_origine_pendet	labor_ipse_voluptas
surgery	CTDC-PARTICIPANT-615756	CTDC-SURGERY-869212	scientiae_et_patriae	589	salus_in_arduis	No	sapiens_qui_prospicit	cacatum_non_est_pictum	id_quod_plerumque_accidit
surgery	CTDC-PARTICIPANT-646826	CTDC-SURGERY-717445	scientiae_et_patriae	678	barba_crescit_caput_nescit	No	O_Tite_tute_Tati_tibi_tanta_tyranne_tulisti	saltus_in_demonstrando	saltus_in_demonstrando
surgery	CTDC-PARTICIPANT-646826	CTDC-SURGERY-107474	cacatum_non_est_pictum	170	pace_tua	No	imperium_in_imperio	O_Tite_tute_Tati_tibi_tanta_tyranne_tulisti	imperium_in_imperio
surgery	CTDC-PARTICIPANT-815654	CTDC-SURGERY-647726	O_Tite_tute_Tati_tibi_tanta_tyranne_tulisti	379	pace_tua	Yes	scientia_imperii_decus_et_tutamen	cacatum_non_est_pictum	barba_crescit_caput_nescit
surgery	CTDC-PARTICIPANT-815654	CTDC-SURGERY-918660	imperium_in_imperio	679	Obedientia_civium_urbis_felicitas	No	Obedientia_civium_urbis_felicitas	pace_tua	Obedientia_civium_urbis_felicitas
surgery	CTDC-PARTICIPANT-860953	CTDC-SURGERY-252917	scientia_et_labor	465	saltus_in_demonstrando	Yes	e_causa_ignota	imperium_in_imperio	scientiae_et_patriae
surgery	CTDC-PARTICIPANT-860953	CTDC-SURGERY-310740	scientiae_cedit_mare	650	id_quod_plerumque_accidit	Yes	nanos_gigantum_humeris_insidentes	scientia,_aere_perennius	sapiens_qui_prospicit
surgery	CTDC-PARTICIPANT-275264	CTDC-SURGERY-812653	e_causa_ignota	501	saltus_in_demonstrando	Yes	Obedientia_civium_urbis_felicitas	Obedientia_civium_urbis_felicitas	labor_ipse_voluptas
surgery	CTDC-PARTICIPANT-275264	CTDC-SURGERY-116231	saltus_in_demonstrando	672	nascentes_morimur_finisque_ab_origine_pendet	No	sapiens_qui_prospicit	barba_crescit_caput_nescit	Obedientia_civium_urbis_felicitas
surgery	CTDC-PARTICIPANT-353410	CTDC-SURGERY-831925	nascentes_morimur_finisque_ab_origine_pendet	190	saltus_in_demonstrando	Yes	Gallia_est_omnis_divisa_in_partes_tres	Gallia_est_omnis_divisa_in_partes_tres	sapiens_qui_prospicit
surgery	CTDC-PARTICIPANT-353410	CTDC-SURGERY-677152	sapiens_qui_prospicit	672	scientiae_cedit_mare	No	scientiae_cedit_mare	nanos_gigantum_humeris_insidentes	sapiens_qui_prospicit
surgery	CTDC-PARTICIPANT-430106	CTDC-SURGERY-567312	scientiae_et_patriae	422	scientia,_aere_perennius	Yes	pace_tua	saltus_in_demonstrando	scientiae_et_patriae
surgery	CTDC-PARTICIPANT-430106	CTDC-SURGERY-986209	imperium_in_imperio	683	sapiens_qui_prospicit	Yes	barba_crescit_caput_nescit	Gallia_est_omnis_divisa_in_partes_tres	barba_crescit_caput_nescit
surgery	CTDC-PARTICIPANT-752315	CTDC-SURGERY-723283	nanos_gigantum_humeris_insidentes	592	scientia,_aere_perennius	No	labor_ipse_voluptas	haec_olim_meminisse_iuvabit	salus_in_arduis
surgery	CTDC-PARTICIPANT-752315	CTDC-SURGERY-863856	Macte_animo_Generose_puer_sic_itur_ad_astra	853	haec_olim_meminisse_iuvabit	No	Gallia_est_omnis_divisa_in_partes_tres	labor_ipse_voluptas	Obedientia_civium_urbis_felicitas
