type	participant.participant_id	targeted_therapy_record_id	targeted_therapy	targeted_therapy_dose	targeted_therapy_dose_units	targeted_therapy_frequency	targeted_therapy_start_date	targeted_therapy_end_date	best_response_to_targeted_therapy	crdc_id
targeted_therapy	CTDC-PARTICIPANT-690294	CTDC-TARGETED-THERAPY-719093	saltus_in_demonstrando	haec_olim_meminisse_iuvabit	scientia_et_labor	O_Tite_tute_Tati_tibi_tanta_tyranne_tulisti	918	886	Progressive Disease	nanos_gigantum_humeris_insidentes
targeted_therapy	CTDC-PARTICIPANT-690294	CTDC-TARGETED-THERAPY-532326	haec_olim_meminisse_iuvabit	scientia,_aere_perennius	scientia_et_sapientia	nascentes_morimur_finisque_ab_origine_pendet	538	915	Unknown	barba_crescit_caput_nescit
targeted_therapy	CTDC-PARTICIPANT-432211	CTDC-TARGETED-THERAPY-603780	cacatum_non_est_pictum	O_Tite_tute_Tati_tibi_tanta_tyranne_tulisti	O_Tite_tute_Tati_tibi_tanta_tyranne_tulisti	O_Tite_tute_Tati_tibi_tanta_tyranne_tulisti	605	325	Not Evaluable	nascentes_morimur_finisque_ab_origine_pendet
targeted_therapy	CTDC-PARTICIPANT-432211	CTDC-TARGETED-THERAPY-862602	id_quod_plerumque_accidit	saltus_in_demonstrando	faber_est_suae_quisque_fortunae	scientiae_et_patriae	812	860	Stable Disease	pace_tua
targeted_therapy	CTDC-PARTICIPANT-156038	CTDC-TARGETED-THERAPY-882537	scientia,_aere_perennius	Obedientia_civium_urbis_felicitas	e_causa_ignota	damnant_quod_non_intellegunt	392	428	Unknown	id_quod_plerumque_accidit
targeted_therapy	CTDC-PARTICIPANT-156038	CTDC-TARGETED-THERAPY-460418	labor_ipse_voluptas	scientia_et_sapientia	saltus_in_demonstrando	nanos_gigantum_humeris_insidentes	17	508	Not Assessed	labor_ipse_voluptas
targeted_therapy	CTDC-PARTICIPANT-938641	CTDC-TARGETED-THERAPY-665450	e_causa_ignota	sapiens_qui_prospicit	cacatum_non_est_pictum	barba_crescit_caput_nescit	301	459	Too Early	barba_crescit_caput_nescit
targeted_therapy	CTDC-PARTICIPANT-938641	CTDC-TARGETED-THERAPY-192676	a_bene_placito	a_bene_placito	nanos_gigantum_humeris_insidentes	scientia,_aere_perennius	691	846	Not Evaluable	nascentes_morimur_finisque_ab_origine_pendet
targeted_therapy	CTDC-PARTICIPANT-947736	CTDC-TARGETED-THERAPY-536045	nanos_gigantum_humeris_insidentes	Gallia_est_omnis_divisa_in_partes_tres	scientia_et_sapientia	nanos_gigantum_humeris_insidentes	975	703	Stable Disease	nascentes_morimur_finisque_ab_origine_pendet
targeted_therapy	CTDC-PARTICIPANT-947736	CTDC-TARGETED-THERAPY-378814	salus_in_arduis	sapiens_qui_prospicit	pace_tua	imperium_in_imperio	701	822	Less than partial response	scientiae_cedit_mare
targeted_therapy	CTDC-PARTICIPANT-752937	CTDC-TARGETED-THERAPY-801508	saltus_in_demonstrando	saltus_in_demonstrando	O_Tite_tute_Tati_tibi_tanta_tyranne_tulisti	scientia_imperii_decus_et_tutamen	170	571	Less than partial response	Gallia_est_omnis_divisa_in_partes_tres
targeted_therapy	CTDC-PARTICIPANT-752937	CTDC-TARGETED-THERAPY-481962	e_causa_ignota	id_quod_plerumque_accidit	pace_tua	haec_olim_meminisse_iuvabit	956	934	Progressive Disease	sapiens_qui_prospicit
targeted_therapy	CTDC-PARTICIPANT-619356	CTDC-TARGETED-THERAPY-341904	sapiens_qui_prospicit	Obedientia_civium_urbis_felicitas	nanos_gigantum_humeris_insidentes	scientia_imperii_decus_et_tutamen	298	238	Unknown	Macte_animo_Generose_puer_sic_itur_ad_astra
targeted_therapy	CTDC-PARTICIPANT-619356	CTDC-TARGETED-THERAPY-984529	nascentes_morimur_finisque_ab_origine_pendet	sapiens_qui_prospicit	Gallia_est_omnis_divisa_in_partes_tres	e_causa_ignota	765	595	Complete Response	e_causa_ignota
targeted_therapy	CTDC-PARTICIPANT-293969	CTDC-TARGETED-THERAPY-549638	scientiae_cedit_mare	cacatum_non_est_pictum	imperium_in_imperio	O_Tite_tute_Tati_tibi_tanta_tyranne_tulisti	733	142	Not Assessed	faber_est_suae_quisque_fortunae
targeted_therapy	CTDC-PARTICIPANT-293969	CTDC-TARGETED-THERAPY-317668	Macte_animo_Generose_puer_sic_itur_ad_astra	damnant_quod_non_intellegunt	scientiae_et_patriae	imperium_in_imperio	588	80	Too Early	barba_crescit_caput_nescit
targeted_therapy	CTDC-PARTICIPANT-962284	CTDC-TARGETED-THERAPY-968965	salus_in_arduis	haec_olim_meminisse_iuvabit	salus_in_arduis	saltus_in_demonstrando	65	275	Progressive Disease	nascentes_morimur_finisque_ab_origine_pendet
targeted_therapy	CTDC-PARTICIPANT-962284	CTDC-TARGETED-THERAPY-183126	id_quod_plerumque_accidit	scientia,_aere_perennius	saltus_in_demonstrando	id_quod_plerumque_accidit	377	515	Unknown	saltus_in_demonstrando
targeted_therapy	CTDC-PARTICIPANT-316792	CTDC-TARGETED-THERAPY-148432	scientiae_et_patriae	cacatum_non_est_pictum	scientia_imperii_decus_et_tutamen	Obedientia_civium_urbis_felicitas	868	963	Partial Response	scientia_et_labor
targeted_therapy	CTDC-PARTICIPANT-316792	CTDC-TARGETED-THERAPY-274606	O_Tite_tute_Tati_tibi_tanta_tyranne_tulisti	sapiens_qui_prospicit	scientia_imperii_decus_et_tutamen	scientia_et_labor	486	207	Too Early	nascentes_morimur_finisque_ab_origine_pendet
targeted_therapy	CTDC-PARTICIPANT-647592	CTDC-TARGETED-THERAPY-647523	a_bene_placito	a_bene_placito	imperium_in_imperio	scientiae_et_patriae	147	585	Too Early	scientiae_cedit_mare
targeted_therapy	CTDC-PARTICIPANT-647592	CTDC-TARGETED-THERAPY-256140	a_bene_placito	pace_tua	faber_est_suae_quisque_fortunae	id_quod_plerumque_accidit	487	782	Less than partial response	pace_tua
targeted_therapy	CTDC-PARTICIPANT-549335	CTDC-TARGETED-THERAPY-393240	damnant_quod_non_intellegunt	Macte_animo_Generose_puer_sic_itur_ad_astra	cacatum_non_est_pictum	Obedientia_civium_urbis_felicitas	917	226	Not Assessed	salus_in_arduis
targeted_therapy	CTDC-PARTICIPANT-549335	CTDC-TARGETED-THERAPY-265222	scientia_imperii_decus_et_tutamen	Obedientia_civium_urbis_felicitas	salus_in_arduis	scientia_et_sapientia	706	264	Complete Response	nascentes_morimur_finisque_ab_origine_pendet
targeted_therapy	CTDC-PARTICIPANT-141700	CTDC-TARGETED-THERAPY-491486	salus_in_arduis	e_causa_ignota	scientia_et_sapientia	O_Tite_tute_Tati_tibi_tanta_tyranne_tulisti	343	320	Unknown	scientiae_et_patriae
targeted_therapy	CTDC-PARTICIPANT-141700	CTDC-TARGETED-THERAPY-242918	cacatum_non_est_pictum	scientia,_aere_perennius	Obedientia_civium_urbis_felicitas	saltus_in_demonstrando	589	900	Not Assessed	cacatum_non_est_pictum
targeted_therapy	CTDC-PARTICIPANT-929444	CTDC-TARGETED-THERAPY-292115	Macte_animo_Generose_puer_sic_itur_ad_astra	labor_ipse_voluptas	scientia_imperii_decus_et_tutamen	nanos_gigantum_humeris_insidentes	746	363	Not Evaluable	salus_in_arduis
targeted_therapy	CTDC-PARTICIPANT-929444	CTDC-TARGETED-THERAPY-353862	scientia_imperii_decus_et_tutamen	faber_est_suae_quisque_fortunae	nascentes_morimur_finisque_ab_origine_pendet	Obedientia_civium_urbis_felicitas	894	156	Progressive Disease	scientia_et_labor
targeted_therapy	CTDC-PARTICIPANT-216338	CTDC-TARGETED-THERAPY-295317	salus_in_arduis	scientia,_aere_perennius	haec_olim_meminisse_iuvabit	haec_olim_meminisse_iuvabit	506	430	Unknown	damnant_quod_non_intellegunt
targeted_therapy	CTDC-PARTICIPANT-216338	CTDC-TARGETED-THERAPY-664651	imperium_in_imperio	salus_in_arduis	damnant_quod_non_intellegunt	O_Tite_tute_Tati_tibi_tanta_tyranne_tulisti	810	916	Complete Response	cacatum_non_est_pictum
targeted_therapy	CTDC-PARTICIPANT-830247	CTDC-TARGETED-THERAPY-958220	a_bene_placito	saltus_in_demonstrando	labor_ipse_voluptas	a_bene_placito	941	753	Complete Response	sapiens_qui_prospicit
targeted_therapy	CTDC-PARTICIPANT-830247	CTDC-TARGETED-THERAPY-671754	barba_crescit_caput_nescit	scientiae_et_patriae	nascentes_morimur_finisque_ab_origine_pendet	pace_tua	462	747	Complete Response	nascentes_morimur_finisque_ab_origine_pendet
targeted_therapy	CTDC-PARTICIPANT-287148	CTDC-TARGETED-THERAPY-671732	haec_olim_meminisse_iuvabit	barba_crescit_caput_nescit	O_Tite_tute_Tati_tibi_tanta_tyranne_tulisti	sapiens_qui_prospicit	810	196	Unknown	saltus_in_demonstrando
targeted_therapy	CTDC-PARTICIPANT-287148	CTDC-TARGETED-THERAPY-251455	saltus_in_demonstrando	scientia_et_labor	scientiae_cedit_mare	scientia,_aere_perennius	349	132	Partial Response	damnant_quod_non_intellegunt
targeted_therapy	CTDC-PARTICIPANT-264433	CTDC-TARGETED-THERAPY-772321	scientia_et_sapientia	labor_ipse_voluptas	scientiae_et_patriae	scientiae_et_patriae	66	977	Unknown	O_Tite_tute_Tati_tibi_tanta_tyranne_tulisti
targeted_therapy	CTDC-PARTICIPANT-264433	CTDC-TARGETED-THERAPY-621890	pace_tua	imperium_in_imperio	pace_tua	a_bene_placito	317	945	Not Evaluable	nanos_gigantum_humeris_insidentes
targeted_therapy	CTDC-PARTICIPANT-367275	CTDC-TARGETED-THERAPY-723086	cacatum_non_est_pictum	scientiae_et_patriae	e_causa_ignota	scientiae_cedit_mare	685	274	Less than partial response	scientia_imperii_decus_et_tutamen
targeted_therapy	CTDC-PARTICIPANT-367275	CTDC-TARGETED-THERAPY-322481	Gallia_est_omnis_divisa_in_partes_tres	scientia_et_labor	nascentes_morimur_finisque_ab_origine_pendet	scientiae_et_patriae	768	87	Complete Response	scientia_et_sapientia
targeted_therapy	CTDC-PARTICIPANT-546328	CTDC-TARGETED-THERAPY-776024	scientia_et_sapientia	scientiae_et_patriae	damnant_quod_non_intellegunt	labor_ipse_voluptas	444	844	Unknown	cacatum_non_est_pictum
targeted_therapy	CTDC-PARTICIPANT-546328	CTDC-TARGETED-THERAPY-294726	scientia,_aere_perennius	nascentes_morimur_finisque_ab_origine_pendet	a_bene_placito	scientia_imperii_decus_et_tutamen	582	246	Not Evaluable	O_Tite_tute_Tati_tibi_tanta_tyranne_tulisti
targeted_therapy	CTDC-PARTICIPANT-455228	CTDC-TARGETED-THERAPY-724227	salus_in_arduis	saltus_in_demonstrando	salus_in_arduis	labor_ipse_voluptas	875	247	Too Early	scientiae_cedit_mare
targeted_therapy	CTDC-PARTICIPANT-455228	CTDC-TARGETED-THERAPY-806361	O_Tite_tute_Tati_tibi_tanta_tyranne_tulisti	saltus_in_demonstrando	pace_tua	pace_tua	449	916	Not Evaluable	faber_est_suae_quisque_fortunae
targeted_therapy	CTDC-PARTICIPANT-701412	CTDC-TARGETED-THERAPY-948578	id_quod_plerumque_accidit	scientiae_et_patriae	e_causa_ignota	nascentes_morimur_finisque_ab_origine_pendet	16	701	Not Assessed	scientia_et_labor
targeted_therapy	CTDC-PARTICIPANT-701412	CTDC-TARGETED-THERAPY-952585	Macte_animo_Generose_puer_sic_itur_ad_astra	salus_in_arduis	damnant_quod_non_intellegunt	Obedientia_civium_urbis_felicitas	465	552	Complete Response	labor_ipse_voluptas
targeted_therapy	CTDC-PARTICIPANT-168184	CTDC-TARGETED-THERAPY-888578	cacatum_non_est_pictum	scientia_et_labor	a_bene_placito	Obedientia_civium_urbis_felicitas	431	912	Complete Response	O_Tite_tute_Tati_tibi_tanta_tyranne_tulisti
targeted_therapy	CTDC-PARTICIPANT-168184	CTDC-TARGETED-THERAPY-165180	scientiae_et_patriae	labor_ipse_voluptas	Gallia_est_omnis_divisa_in_partes_tres	Macte_animo_Generose_puer_sic_itur_ad_astra	742	993	Complete Response	nanos_gigantum_humeris_insidentes
targeted_therapy	CTDC-PARTICIPANT-406364	CTDC-TARGETED-THERAPY-851150	pace_tua	scientia_imperii_decus_et_tutamen	scientiae_cedit_mare	e_causa_ignota	958	928	Too Early	scientia_et_sapientia
targeted_therapy	CTDC-PARTICIPANT-406364	CTDC-TARGETED-THERAPY-715443	scientia_et_sapientia	cacatum_non_est_pictum	cacatum_non_est_pictum	scientia,_aere_perennius	253	512	Not Evaluable	salus_in_arduis
targeted_therapy	CTDC-PARTICIPANT-260530	CTDC-TARGETED-THERAPY-960318	O_Tite_tute_Tati_tibi_tanta_tyranne_tulisti	salus_in_arduis	saltus_in_demonstrando	nanos_gigantum_humeris_insidentes	138	90	Partial Response	scientia_imperii_decus_et_tutamen
targeted_therapy	CTDC-PARTICIPANT-260530	CTDC-TARGETED-THERAPY-689475	O_Tite_tute_Tati_tibi_tanta_tyranne_tulisti	a_bene_placito	cacatum_non_est_pictum	nascentes_morimur_finisque_ab_origine_pendet	129	862	Not Evaluable	nanos_gigantum_humeris_insidentes
targeted_therapy	CTDC-PARTICIPANT-783647	CTDC-TARGETED-THERAPY-355324	labor_ipse_voluptas	barba_crescit_caput_nescit	haec_olim_meminisse_iuvabit	e_causa_ignota	702	708	Partial Response	cacatum_non_est_pictum
targeted_therapy	CTDC-PARTICIPANT-783647	CTDC-TARGETED-THERAPY-463616	barba_crescit_caput_nescit	scientia_imperii_decus_et_tutamen	damnant_quod_non_intellegunt	haec_olim_meminisse_iuvabit	290	872	Complete Response	nanos_gigantum_humeris_insidentes
targeted_therapy	CTDC-PARTICIPANT-896741	CTDC-TARGETED-THERAPY-904487	scientia_et_sapientia	scientiae_cedit_mare	Macte_animo_Generose_puer_sic_itur_ad_astra	Macte_animo_Generose_puer_sic_itur_ad_astra	224	990	Partial Response	saltus_in_demonstrando
targeted_therapy	CTDC-PARTICIPANT-896741	CTDC-TARGETED-THERAPY-907465	scientia_imperii_decus_et_tutamen	salus_in_arduis	nanos_gigantum_humeris_insidentes	imperium_in_imperio	938	651	Too Early	cacatum_non_est_pictum
targeted_therapy	CTDC-PARTICIPANT-530795	CTDC-TARGETED-THERAPY-486541	saltus_in_demonstrando	sapiens_qui_prospicit	scientiae_cedit_mare	imperium_in_imperio	808	963	Less than partial response	saltus_in_demonstrando
targeted_therapy	CTDC-PARTICIPANT-530795	CTDC-TARGETED-THERAPY-796958	scientiae_cedit_mare	faber_est_suae_quisque_fortunae	a_bene_placito	labor_ipse_voluptas	573	927	Partial Response	cacatum_non_est_pictum
targeted_therapy	CTDC-PARTICIPANT-969123	CTDC-TARGETED-THERAPY-541640	haec_olim_meminisse_iuvabit	haec_olim_meminisse_iuvabit	O_Tite_tute_Tati_tibi_tanta_tyranne_tulisti	scientiae_cedit_mare	620	740	Complete Response	cacatum_non_est_pictum
targeted_therapy	CTDC-PARTICIPANT-969123	CTDC-TARGETED-THERAPY-464635	scientia_et_sapientia	nanos_gigantum_humeris_insidentes	scientia,_aere_perennius	e_causa_ignota	424	482	Partial Response	Gallia_est_omnis_divisa_in_partes_tres
targeted_therapy	CTDC-PARTICIPANT-463201	CTDC-TARGETED-THERAPY-858592	nanos_gigantum_humeris_insidentes	scientia_et_sapientia	Obedientia_civium_urbis_felicitas	faber_est_suae_quisque_fortunae	485	812	Complete Response	faber_est_suae_quisque_fortunae
targeted_therapy	CTDC-PARTICIPANT-463201	CTDC-TARGETED-THERAPY-970229	scientiae_cedit_mare	nascentes_morimur_finisque_ab_origine_pendet	nascentes_morimur_finisque_ab_origine_pendet	a_bene_placito	687	279	Too Early	scientia_et_sapientia
targeted_therapy	CTDC-PARTICIPANT-816850	CTDC-TARGETED-THERAPY-407858	scientiae_et_patriae	sapiens_qui_prospicit	Gallia_est_omnis_divisa_in_partes_tres	salus_in_arduis	998	819	Unknown	Gallia_est_omnis_divisa_in_partes_tres
targeted_therapy	CTDC-PARTICIPANT-816850	CTDC-TARGETED-THERAPY-843117	Gallia_est_omnis_divisa_in_partes_tres	Obedientia_civium_urbis_felicitas	saltus_in_demonstrando	salus_in_arduis	906	559	Partial Response	Macte_animo_Generose_puer_sic_itur_ad_astra
targeted_therapy	CTDC-PARTICIPANT-655107	CTDC-TARGETED-THERAPY-562700	cacatum_non_est_pictum	Obedientia_civium_urbis_felicitas	labor_ipse_voluptas	haec_olim_meminisse_iuvabit	581	917	Too Early	a_bene_placito
targeted_therapy	CTDC-PARTICIPANT-655107	CTDC-TARGETED-THERAPY-299098	Gallia_est_omnis_divisa_in_partes_tres	Macte_animo_Generose_puer_sic_itur_ad_astra	Macte_animo_Generose_puer_sic_itur_ad_astra	scientia_imperii_decus_et_tutamen	430	886	Less than partial response	haec_olim_meminisse_iuvabit
targeted_therapy	CTDC-PARTICIPANT-332505	CTDC-TARGETED-THERAPY-880904	pace_tua	scientia_et_labor	id_quod_plerumque_accidit	scientiae_cedit_mare	171	563	Unknown	a_bene_placito
targeted_therapy	CTDC-PARTICIPANT-332505	CTDC-TARGETED-THERAPY-382519	scientiae_cedit_mare	nascentes_morimur_finisque_ab_origine_pendet	imperium_in_imperio	scientiae_et_patriae	238	216	Unknown	saltus_in_demonstrando
targeted_therapy	CTDC-PARTICIPANT-826428	CTDC-TARGETED-THERAPY-713056	nascentes_morimur_finisque_ab_origine_pendet	salus_in_arduis	faber_est_suae_quisque_fortunae	id_quod_plerumque_accidit	680	54	Partial Response	saltus_in_demonstrando
targeted_therapy	CTDC-PARTICIPANT-826428	CTDC-TARGETED-THERAPY-785251	id_quod_plerumque_accidit	scientiae_et_patriae	salus_in_arduis	nascentes_morimur_finisque_ab_origine_pendet	897	762	Unknown	scientiae_cedit_mare
targeted_therapy	CTDC-PARTICIPANT-682660	CTDC-TARGETED-THERAPY-277855	scientia_et_sapientia	scientia_et_sapientia	scientiae_et_patriae	cacatum_non_est_pictum	529	315	Stable Disease	barba_crescit_caput_nescit
targeted_therapy	CTDC-PARTICIPANT-682660	CTDC-TARGETED-THERAPY-687175	Obedientia_civium_urbis_felicitas	scientia,_aere_perennius	cacatum_non_est_pictum	cacatum_non_est_pictum	456	848	Too Early	Obedientia_civium_urbis_felicitas
targeted_therapy	CTDC-PARTICIPANT-610996	CTDC-TARGETED-THERAPY-675853	Gallia_est_omnis_divisa_in_partes_tres	barba_crescit_caput_nescit	faber_est_suae_quisque_fortunae	scientiae_cedit_mare	517	778	Not Assessed	nascentes_morimur_finisque_ab_origine_pendet
targeted_therapy	CTDC-PARTICIPANT-610996	CTDC-TARGETED-THERAPY-882900	saltus_in_demonstrando	Macte_animo_Generose_puer_sic_itur_ad_astra	imperium_in_imperio	labor_ipse_voluptas	473	97	Unknown	id_quod_plerumque_accidit
targeted_therapy	CTDC-PARTICIPANT-451667	CTDC-TARGETED-THERAPY-378797	scientiae_cedit_mare	O_Tite_tute_Tati_tibi_tanta_tyranne_tulisti	faber_est_suae_quisque_fortunae	nascentes_morimur_finisque_ab_origine_pendet	690	227	Progressive Disease	sapiens_qui_prospicit
targeted_therapy	CTDC-PARTICIPANT-451667	CTDC-TARGETED-THERAPY-907320	nanos_gigantum_humeris_insidentes	Macte_animo_Generose_puer_sic_itur_ad_astra	e_causa_ignota	Macte_animo_Generose_puer_sic_itur_ad_astra	430	204	Complete Response	nanos_gigantum_humeris_insidentes
targeted_therapy	CTDC-PARTICIPANT-635583	CTDC-TARGETED-THERAPY-676956	salus_in_arduis	imperium_in_imperio	e_causa_ignota	Obedientia_civium_urbis_felicitas	637	871	Unknown	pace_tua
targeted_therapy	CTDC-PARTICIPANT-635583	CTDC-TARGETED-THERAPY-897016	e_causa_ignota	scientiae_et_patriae	Gallia_est_omnis_divisa_in_partes_tres	scientiae_et_patriae	669	807	Too Early	damnant_quod_non_intellegunt
targeted_therapy	CTDC-PARTICIPANT-257391	CTDC-TARGETED-THERAPY-707944	damnant_quod_non_intellegunt	O_Tite_tute_Tati_tibi_tanta_tyranne_tulisti	O_Tite_tute_Tati_tibi_tanta_tyranne_tulisti	Gallia_est_omnis_divisa_in_partes_tres	17	866	Not Assessed	scientia_et_sapientia
targeted_therapy	CTDC-PARTICIPANT-257391	CTDC-TARGETED-THERAPY-464130	damnant_quod_non_intellegunt	Obedientia_civium_urbis_felicitas	O_Tite_tute_Tati_tibi_tanta_tyranne_tulisti	e_causa_ignota	315	82	Stable Disease	imperium_in_imperio
targeted_therapy	CTDC-PARTICIPANT-495012	CTDC-TARGETED-THERAPY-251635	saltus_in_demonstrando	saltus_in_demonstrando	nanos_gigantum_humeris_insidentes	id_quod_plerumque_accidit	327	22	Unknown	damnant_quod_non_intellegunt
targeted_therapy	CTDC-PARTICIPANT-495012	CTDC-TARGETED-THERAPY-125265	saltus_in_demonstrando	sapiens_qui_prospicit	scientia_et_sapientia	barba_crescit_caput_nescit	453	369	Complete Response	labor_ipse_voluptas
targeted_therapy	CTDC-PARTICIPANT-315125	CTDC-TARGETED-THERAPY-880062	a_bene_placito	cacatum_non_est_pictum	salus_in_arduis	nanos_gigantum_humeris_insidentes	230	452	Less than partial response	barba_crescit_caput_nescit
targeted_therapy	CTDC-PARTICIPANT-315125	CTDC-TARGETED-THERAPY-694059	O_Tite_tute_Tati_tibi_tanta_tyranne_tulisti	barba_crescit_caput_nescit	Macte_animo_Generose_puer_sic_itur_ad_astra	Gallia_est_omnis_divisa_in_partes_tres	728	269	Not Evaluable	scientia,_aere_perennius
targeted_therapy	CTDC-PARTICIPANT-903728	CTDC-TARGETED-THERAPY-251198	labor_ipse_voluptas	O_Tite_tute_Tati_tibi_tanta_tyranne_tulisti	faber_est_suae_quisque_fortunae	sapiens_qui_prospicit	275	93	Not Assessed	scientiae_et_patriae
targeted_therapy	CTDC-PARTICIPANT-903728	CTDC-TARGETED-THERAPY-764544	Gallia_est_omnis_divisa_in_partes_tres	nanos_gigantum_humeris_insidentes	faber_est_suae_quisque_fortunae	scientia,_aere_perennius	486	104	Unknown	scientia,_aere_perennius
targeted_therapy	CTDC-PARTICIPANT-360350	CTDC-TARGETED-THERAPY-985030	scientiae_et_patriae	pace_tua	Macte_animo_Generose_puer_sic_itur_ad_astra	pace_tua	429	379	Progressive Disease	Macte_animo_Generose_puer_sic_itur_ad_astra
targeted_therapy	CTDC-PARTICIPANT-360350	CTDC-TARGETED-THERAPY-662978	O_Tite_tute_Tati_tibi_tanta_tyranne_tulisti	e_causa_ignota	scientia_et_sapientia	O_Tite_tute_Tati_tibi_tanta_tyranne_tulisti	376	530	Not Evaluable	haec_olim_meminisse_iuvabit
targeted_therapy	CTDC-PARTICIPANT-199105	CTDC-TARGETED-THERAPY-418126	imperium_in_imperio	faber_est_suae_quisque_fortunae	nascentes_morimur_finisque_ab_origine_pendet	nascentes_morimur_finisque_ab_origine_pendet	856	535	Not Assessed	Obedientia_civium_urbis_felicitas
targeted_therapy	CTDC-PARTICIPANT-199105	CTDC-TARGETED-THERAPY-814825	Gallia_est_omnis_divisa_in_partes_tres	labor_ipse_voluptas	scientia_et_sapientia	scientia_et_sapientia	394	770	Less than partial response	faber_est_suae_quisque_fortunae
targeted_therapy	CTDC-PARTICIPANT-693889	CTDC-TARGETED-THERAPY-685818	pace_tua	saltus_in_demonstrando	Macte_animo_Generose_puer_sic_itur_ad_astra	haec_olim_meminisse_iuvabit	278	300	Less than partial response	Gallia_est_omnis_divisa_in_partes_tres
targeted_therapy	CTDC-PARTICIPANT-693889	CTDC-TARGETED-THERAPY-425736	O_Tite_tute_Tati_tibi_tanta_tyranne_tulisti	e_causa_ignota	labor_ipse_voluptas	barba_crescit_caput_nescit	492	416	Less than partial response	barba_crescit_caput_nescit
targeted_therapy	CTDC-PARTICIPANT-422822	CTDC-TARGETED-THERAPY-396855	damnant_quod_non_intellegunt	haec_olim_meminisse_iuvabit	a_bene_placito	a_bene_placito	26	915	Not Evaluable	Gallia_est_omnis_divisa_in_partes_tres
targeted_therapy	CTDC-PARTICIPANT-422822	CTDC-TARGETED-THERAPY-234831	scientia,_aere_perennius	scientia_imperii_decus_et_tutamen	scientiae_et_patriae	nanos_gigantum_humeris_insidentes	914	808	Partial Response	haec_olim_meminisse_iuvabit
targeted_therapy	CTDC-PARTICIPANT-558535	CTDC-TARGETED-THERAPY-761864	scientiae_et_patriae	e_causa_ignota	imperium_in_imperio	salus_in_arduis	308	878	Unknown	pace_tua
targeted_therapy	CTDC-PARTICIPANT-558535	CTDC-TARGETED-THERAPY-257113	scientia,_aere_perennius	faber_est_suae_quisque_fortunae	id_quod_plerumque_accidit	damnant_quod_non_intellegunt	685	819	Too Early	nanos_gigantum_humeris_insidentes
targeted_therapy	CTDC-PARTICIPANT-259584	CTDC-TARGETED-THERAPY-332886	imperium_in_imperio	cacatum_non_est_pictum	haec_olim_meminisse_iuvabit	scientia_et_sapientia	343	170	Stable Disease	id_quod_plerumque_accidit
targeted_therapy	CTDC-PARTICIPANT-259584	CTDC-TARGETED-THERAPY-547522	O_Tite_tute_Tati_tibi_tanta_tyranne_tulisti	imperium_in_imperio	O_Tite_tute_Tati_tibi_tanta_tyranne_tulisti	salus_in_arduis	530	817	Complete Response	Macte_animo_Generose_puer_sic_itur_ad_astra
targeted_therapy	CTDC-PARTICIPANT-278169	CTDC-TARGETED-THERAPY-454438	scientia_et_sapientia	sapiens_qui_prospicit	faber_est_suae_quisque_fortunae	scientia,_aere_perennius	936	58	Stable Disease	Macte_animo_Generose_puer_sic_itur_ad_astra
targeted_therapy	CTDC-PARTICIPANT-278169	CTDC-TARGETED-THERAPY-382718	id_quod_plerumque_accidit	Macte_animo_Generose_puer_sic_itur_ad_astra	scientiae_cedit_mare	Macte_animo_Generose_puer_sic_itur_ad_astra	659	802	Stable Disease	cacatum_non_est_pictum
targeted_therapy	CTDC-PARTICIPANT-266713	CTDC-TARGETED-THERAPY-960841	salus_in_arduis	imperium_in_imperio	scientia_et_sapientia	e_causa_ignota	311	170	Too Early	labor_ipse_voluptas
targeted_therapy	CTDC-PARTICIPANT-266713	CTDC-TARGETED-THERAPY-372305	sapiens_qui_prospicit	Obedientia_civium_urbis_felicitas	e_causa_ignota	imperium_in_imperio	738	160	Unknown	Gallia_est_omnis_divisa_in_partes_tres
targeted_therapy	CTDC-PARTICIPANT-218354	CTDC-TARGETED-THERAPY-300417	saltus_in_demonstrando	O_Tite_tute_Tati_tibi_tanta_tyranne_tulisti	pace_tua	imperium_in_imperio	805	414	Progressive Disease	O_Tite_tute_Tati_tibi_tanta_tyranne_tulisti
targeted_therapy	CTDC-PARTICIPANT-218354	CTDC-TARGETED-THERAPY-330025	damnant_quod_non_intellegunt	Macte_animo_Generose_puer_sic_itur_ad_astra	Obedientia_civium_urbis_felicitas	scientia_et_labor	909	702	Stable Disease	scientia_imperii_decus_et_tutamen
targeted_therapy	CTDC-PARTICIPANT-873942	CTDC-TARGETED-THERAPY-557955	id_quod_plerumque_accidit	imperium_in_imperio	pace_tua	cacatum_non_est_pictum	613	589	Too Early	Gallia_est_omnis_divisa_in_partes_tres
targeted_therapy	CTDC-PARTICIPANT-873942	CTDC-TARGETED-THERAPY-673839	e_causa_ignota	scientia_imperii_decus_et_tutamen	Gallia_est_omnis_divisa_in_partes_tres	Macte_animo_Generose_puer_sic_itur_ad_astra	678	893	Stable Disease	scientiae_et_patriae
targeted_therapy	CTDC-PARTICIPANT-881748	CTDC-TARGETED-THERAPY-909663	cacatum_non_est_pictum	saltus_in_demonstrando	O_Tite_tute_Tati_tibi_tanta_tyranne_tulisti	scientia_et_sapientia	178	224	Not Evaluable	salus_in_arduis
targeted_therapy	CTDC-PARTICIPANT-881748	CTDC-TARGETED-THERAPY-562664	a_bene_placito	id_quod_plerumque_accidit	pace_tua	scientiae_cedit_mare	292	772	Not Assessed	scientiae_et_patriae
targeted_therapy	CTDC-PARTICIPANT-951776	CTDC-TARGETED-THERAPY-923916	haec_olim_meminisse_iuvabit	scientia_et_labor	cacatum_non_est_pictum	barba_crescit_caput_nescit	122	935	Less than partial response	scientia,_aere_perennius
targeted_therapy	CTDC-PARTICIPANT-951776	CTDC-TARGETED-THERAPY-606554	imperium_in_imperio	labor_ipse_voluptas	scientiae_cedit_mare	labor_ipse_voluptas	70	83	Too Early	e_causa_ignota
targeted_therapy	CTDC-PARTICIPANT-297864	CTDC-TARGETED-THERAPY-103951	imperium_in_imperio	scientiae_et_patriae	saltus_in_demonstrando	scientia_et_labor	881	944	Stable Disease	scientia_et_sapientia
targeted_therapy	CTDC-PARTICIPANT-297864	CTDC-TARGETED-THERAPY-190641	scientia,_aere_perennius	faber_est_suae_quisque_fortunae	barba_crescit_caput_nescit	O_Tite_tute_Tati_tibi_tanta_tyranne_tulisti	199	954	Complete Response	sapiens_qui_prospicit
targeted_therapy	CTDC-PARTICIPANT-243741	CTDC-TARGETED-THERAPY-865118	faber_est_suae_quisque_fortunae	pace_tua	saltus_in_demonstrando	faber_est_suae_quisque_fortunae	593	213	Progressive Disease	cacatum_non_est_pictum
targeted_therapy	CTDC-PARTICIPANT-243741	CTDC-TARGETED-THERAPY-254299	nanos_gigantum_humeris_insidentes	scientia,_aere_perennius	salus_in_arduis	scientia_imperii_decus_et_tutamen	747	999	Less than partial response	sapiens_qui_prospicit
targeted_therapy	CTDC-PARTICIPANT-911305	CTDC-TARGETED-THERAPY-815384	Obedientia_civium_urbis_felicitas	pace_tua	Gallia_est_omnis_divisa_in_partes_tres	nascentes_morimur_finisque_ab_origine_pendet	552	809	Not Evaluable	Macte_animo_Generose_puer_sic_itur_ad_astra
targeted_therapy	CTDC-PARTICIPANT-911305	CTDC-TARGETED-THERAPY-250842	e_causa_ignota	damnant_quod_non_intellegunt	nanos_gigantum_humeris_insidentes	labor_ipse_voluptas	951	679	Too Early	faber_est_suae_quisque_fortunae
targeted_therapy	CTDC-PARTICIPANT-883586	CTDC-TARGETED-THERAPY-556416	scientia_et_sapientia	scientiae_et_patriae	scientia_et_sapientia	Gallia_est_omnis_divisa_in_partes_tres	97	922	Not Evaluable	cacatum_non_est_pictum
targeted_therapy	CTDC-PARTICIPANT-883586	CTDC-TARGETED-THERAPY-150617	salus_in_arduis	labor_ipse_voluptas	labor_ipse_voluptas	damnant_quod_non_intellegunt	738	384	Stable Disease	scientia_et_labor
targeted_therapy	CTDC-PARTICIPANT-677679	CTDC-TARGETED-THERAPY-718550	pace_tua	scientia_imperii_decus_et_tutamen	scientia,_aere_perennius	e_causa_ignota	394	838	Not Evaluable	Obedientia_civium_urbis_felicitas
targeted_therapy	CTDC-PARTICIPANT-677679	CTDC-TARGETED-THERAPY-229541	nascentes_morimur_finisque_ab_origine_pendet	scientia_et_sapientia	Gallia_est_omnis_divisa_in_partes_tres	scientiae_cedit_mare	420	214	Not Assessed	scientiae_cedit_mare
targeted_therapy	CTDC-PARTICIPANT-135842	CTDC-TARGETED-THERAPY-472474	haec_olim_meminisse_iuvabit	scientia_et_sapientia	Gallia_est_omnis_divisa_in_partes_tres	pace_tua	222	782	Less than partial response	a_bene_placito
targeted_therapy	CTDC-PARTICIPANT-135842	CTDC-TARGETED-THERAPY-899762	Macte_animo_Generose_puer_sic_itur_ad_astra	faber_est_suae_quisque_fortunae	e_causa_ignota	haec_olim_meminisse_iuvabit	329	785	Complete Response	scientia_et_sapientia
targeted_therapy	CTDC-PARTICIPANT-969709	CTDC-TARGETED-THERAPY-114559	nascentes_morimur_finisque_ab_origine_pendet	imperium_in_imperio	scientia_imperii_decus_et_tutamen	salus_in_arduis	422	679	Unknown	scientiae_et_patriae
targeted_therapy	CTDC-PARTICIPANT-969709	CTDC-TARGETED-THERAPY-427548	imperium_in_imperio	scientia_et_labor	nanos_gigantum_humeris_insidentes	e_causa_ignota	22	40	Not Evaluable	e_causa_ignota
targeted_therapy	CTDC-PARTICIPANT-742659	CTDC-TARGETED-THERAPY-115802	imperium_in_imperio	scientia_et_sapientia	imperium_in_imperio	sapiens_qui_prospicit	972	125	Less than partial response	sapiens_qui_prospicit
targeted_therapy	CTDC-PARTICIPANT-742659	CTDC-TARGETED-THERAPY-767044	scientiae_et_patriae	id_quod_plerumque_accidit	Macte_animo_Generose_puer_sic_itur_ad_astra	labor_ipse_voluptas	680	602	Partial Response	scientiae_et_patriae
targeted_therapy	CTDC-PARTICIPANT-983334	CTDC-TARGETED-THERAPY-869365	haec_olim_meminisse_iuvabit	scientia,_aere_perennius	saltus_in_demonstrando	sapiens_qui_prospicit	132	142	Not Assessed	scientia,_aere_perennius
targeted_therapy	CTDC-PARTICIPANT-983334	CTDC-TARGETED-THERAPY-905998	scientiae_et_patriae	a_bene_placito	scientia_et_sapientia	scientia_imperii_decus_et_tutamen	97	650	Not Assessed	scientia_et_sapientia
targeted_therapy	CTDC-PARTICIPANT-908214	CTDC-TARGETED-THERAPY-560201	nanos_gigantum_humeris_insidentes	Gallia_est_omnis_divisa_in_partes_tres	scientiae_cedit_mare	scientia_et_labor	367	166	Partial Response	Obedientia_civium_urbis_felicitas
targeted_therapy	CTDC-PARTICIPANT-908214	CTDC-TARGETED-THERAPY-772438	barba_crescit_caput_nescit	id_quod_plerumque_accidit	faber_est_suae_quisque_fortunae	scientia_et_sapientia	987	499	Less than partial response	e_causa_ignota
targeted_therapy	CTDC-PARTICIPANT-768467	CTDC-TARGETED-THERAPY-359629	barba_crescit_caput_nescit	imperium_in_imperio	saltus_in_demonstrando	labor_ipse_voluptas	452	903	Stable Disease	faber_est_suae_quisque_fortunae
targeted_therapy	CTDC-PARTICIPANT-768467	CTDC-TARGETED-THERAPY-299499	pace_tua	nascentes_morimur_finisque_ab_origine_pendet	saltus_in_demonstrando	scientiae_et_patriae	153	315	Partial Response	nanos_gigantum_humeris_insidentes
targeted_therapy	CTDC-PARTICIPANT-395343	CTDC-TARGETED-THERAPY-657351	saltus_in_demonstrando	e_causa_ignota	sapiens_qui_prospicit	nanos_gigantum_humeris_insidentes	601	346	Partial Response	scientiae_cedit_mare
targeted_therapy	CTDC-PARTICIPANT-395343	CTDC-TARGETED-THERAPY-326664	scientia_et_labor	a_bene_placito	id_quod_plerumque_accidit	a_bene_placito	33	682	Progressive Disease	haec_olim_meminisse_iuvabit
targeted_therapy	CTDC-PARTICIPANT-927931	CTDC-TARGETED-THERAPY-997050	faber_est_suae_quisque_fortunae	scientia,_aere_perennius	scientia_et_sapientia	imperium_in_imperio	576	188	Stable Disease	scientiae_et_patriae
targeted_therapy	CTDC-PARTICIPANT-927931	CTDC-TARGETED-THERAPY-901318	scientia_et_sapientia	O_Tite_tute_Tati_tibi_tanta_tyranne_tulisti	faber_est_suae_quisque_fortunae	cacatum_non_est_pictum	434	98	Stable Disease	damnant_quod_non_intellegunt
targeted_therapy	CTDC-PARTICIPANT-994388	CTDC-TARGETED-THERAPY-308523	Obedientia_civium_urbis_felicitas	a_bene_placito	O_Tite_tute_Tati_tibi_tanta_tyranne_tulisti	a_bene_placito	303	267	Too Early	faber_est_suae_quisque_fortunae
targeted_therapy	CTDC-PARTICIPANT-994388	CTDC-TARGETED-THERAPY-316452	scientiae_cedit_mare	haec_olim_meminisse_iuvabit	pace_tua	scientia_et_sapientia	656	506	Stable Disease	pace_tua
targeted_therapy	CTDC-PARTICIPANT-156187	CTDC-TARGETED-THERAPY-503830	cacatum_non_est_pictum	Obedientia_civium_urbis_felicitas	faber_est_suae_quisque_fortunae	imperium_in_imperio	469	949	Stable Disease	Gallia_est_omnis_divisa_in_partes_tres
targeted_therapy	CTDC-PARTICIPANT-156187	CTDC-TARGETED-THERAPY-622237	e_causa_ignota	a_bene_placito	Obedientia_civium_urbis_felicitas	scientia_et_labor	962	378	Stable Disease	Macte_animo_Generose_puer_sic_itur_ad_astra
targeted_therapy	CTDC-PARTICIPANT-364679	CTDC-TARGETED-THERAPY-718962	damnant_quod_non_intellegunt	nascentes_morimur_finisque_ab_origine_pendet	sapiens_qui_prospicit	pace_tua	478	217	Not Assessed	haec_olim_meminisse_iuvabit
targeted_therapy	CTDC-PARTICIPANT-364679	CTDC-TARGETED-THERAPY-188941	cacatum_non_est_pictum	scientia,_aere_perennius	cacatum_non_est_pictum	scientia_et_sapientia	980	353	Less than partial response	damnant_quod_non_intellegunt
targeted_therapy	CTDC-PARTICIPANT-343526	CTDC-TARGETED-THERAPY-387107	Obedientia_civium_urbis_felicitas	salus_in_arduis	scientia_et_sapientia	faber_est_suae_quisque_fortunae	908	211	Not Evaluable	Macte_animo_Generose_puer_sic_itur_ad_astra
targeted_therapy	CTDC-PARTICIPANT-343526	CTDC-TARGETED-THERAPY-179051	damnant_quod_non_intellegunt	id_quod_plerumque_accidit	id_quod_plerumque_accidit	labor_ipse_voluptas	644	268	Too Early	damnant_quod_non_intellegunt
targeted_therapy	CTDC-PARTICIPANT-622616	CTDC-TARGETED-THERAPY-627414	Obedientia_civium_urbis_felicitas	id_quod_plerumque_accidit	scientia_et_sapientia	scientia_et_labor	998	612	Partial Response	nanos_gigantum_humeris_insidentes
targeted_therapy	CTDC-PARTICIPANT-622616	CTDC-TARGETED-THERAPY-274911	imperium_in_imperio	faber_est_suae_quisque_fortunae	barba_crescit_caput_nescit	nanos_gigantum_humeris_insidentes	751	590	Partial Response	faber_est_suae_quisque_fortunae
targeted_therapy	CTDC-PARTICIPANT-366302	CTDC-TARGETED-THERAPY-268662	barba_crescit_caput_nescit	scientia_et_sapientia	a_bene_placito	damnant_quod_non_intellegunt	119	494	Unknown	sapiens_qui_prospicit
targeted_therapy	CTDC-PARTICIPANT-366302	CTDC-TARGETED-THERAPY-694559	damnant_quod_non_intellegunt	a_bene_placito	salus_in_arduis	nanos_gigantum_humeris_insidentes	351	152	Not Assessed	salus_in_arduis
targeted_therapy	CTDC-PARTICIPANT-998456	CTDC-TARGETED-THERAPY-607432	saltus_in_demonstrando	imperium_in_imperio	scientiae_cedit_mare	haec_olim_meminisse_iuvabit	911	541	Not Evaluable	cacatum_non_est_pictum
targeted_therapy	CTDC-PARTICIPANT-998456	CTDC-TARGETED-THERAPY-442863	e_causa_ignota	scientia_imperii_decus_et_tutamen	imperium_in_imperio	Gallia_est_omnis_divisa_in_partes_tres	533	521	Unknown	scientia_imperii_decus_et_tutamen
targeted_therapy	CTDC-PARTICIPANT-804244	CTDC-TARGETED-THERAPY-922317	e_causa_ignota	e_causa_ignota	pace_tua	damnant_quod_non_intellegunt	454	303	Less than partial response	Macte_animo_Generose_puer_sic_itur_ad_astra
targeted_therapy	CTDC-PARTICIPANT-804244	CTDC-TARGETED-THERAPY-602526	labor_ipse_voluptas	haec_olim_meminisse_iuvabit	id_quod_plerumque_accidit	scientia_imperii_decus_et_tutamen	664	241	Less than partial response	labor_ipse_voluptas
targeted_therapy	CTDC-PARTICIPANT-887816	CTDC-TARGETED-THERAPY-672786	id_quod_plerumque_accidit	Obedientia_civium_urbis_felicitas	scientia_et_sapientia	e_causa_ignota	529	59	Not Evaluable	scientiae_cedit_mare
targeted_therapy	CTDC-PARTICIPANT-887816	CTDC-TARGETED-THERAPY-483487	a_bene_placito	scientia_et_sapientia	pace_tua	cacatum_non_est_pictum	639	838	Not Evaluable	scientiae_et_patriae
targeted_therapy	CTDC-PARTICIPANT-103234	CTDC-TARGETED-THERAPY-806870	scientia_imperii_decus_et_tutamen	e_causa_ignota	Obedientia_civium_urbis_felicitas	a_bene_placito	557	209	Stable Disease	sapiens_qui_prospicit
targeted_therapy	CTDC-PARTICIPANT-103234	CTDC-TARGETED-THERAPY-848651	imperium_in_imperio	scientiae_cedit_mare	damnant_quod_non_intellegunt	Macte_animo_Generose_puer_sic_itur_ad_astra	994	186	Less than partial response	Gallia_est_omnis_divisa_in_partes_tres
targeted_therapy	CTDC-PARTICIPANT-512674	CTDC-TARGETED-THERAPY-551901	sapiens_qui_prospicit	nascentes_morimur_finisque_ab_origine_pendet	nascentes_morimur_finisque_ab_origine_pendet	a_bene_placito	951	307	Complete Response	id_quod_plerumque_accidit
targeted_therapy	CTDC-PARTICIPANT-512674	CTDC-TARGETED-THERAPY-821489	sapiens_qui_prospicit	O_Tite_tute_Tati_tibi_tanta_tyranne_tulisti	cacatum_non_est_pictum	scientia_et_sapientia	830	340	Not Evaluable	salus_in_arduis
targeted_therapy	CTDC-PARTICIPANT-703955	CTDC-TARGETED-THERAPY-794333	barba_crescit_caput_nescit	faber_est_suae_quisque_fortunae	e_causa_ignota	Obedientia_civium_urbis_felicitas	636	958	Not Assessed	pace_tua
targeted_therapy	CTDC-PARTICIPANT-703955	CTDC-TARGETED-THERAPY-334224	scientia,_aere_perennius	cacatum_non_est_pictum	salus_in_arduis	pace_tua	600	564	Too Early	salus_in_arduis
targeted_therapy	CTDC-PARTICIPANT-885336	CTDC-TARGETED-THERAPY-612607	imperium_in_imperio	nanos_gigantum_humeris_insidentes	faber_est_suae_quisque_fortunae	cacatum_non_est_pictum	845	588	Stable Disease	haec_olim_meminisse_iuvabit
targeted_therapy	CTDC-PARTICIPANT-885336	CTDC-TARGETED-THERAPY-487016	haec_olim_meminisse_iuvabit	barba_crescit_caput_nescit	scientia_et_sapientia	id_quod_plerumque_accidit	708	733	Unknown	Obedientia_civium_urbis_felicitas
targeted_therapy	CTDC-PARTICIPANT-179603	CTDC-TARGETED-THERAPY-925709	salus_in_arduis	scientia,_aere_perennius	Gallia_est_omnis_divisa_in_partes_tres	scientia_et_sapientia	576	596	Unknown	scientia_et_labor
targeted_therapy	CTDC-PARTICIPANT-179603	CTDC-TARGETED-THERAPY-576944	imperium_in_imperio	nascentes_morimur_finisque_ab_origine_pendet	haec_olim_meminisse_iuvabit	Gallia_est_omnis_divisa_in_partes_tres	427	676	Not Evaluable	e_causa_ignota
targeted_therapy	CTDC-PARTICIPANT-435204	CTDC-TARGETED-THERAPY-746643	barba_crescit_caput_nescit	labor_ipse_voluptas	Gallia_est_omnis_divisa_in_partes_tres	a_bene_placito	304	107	Too Early	scientiae_et_patriae
targeted_therapy	CTDC-PARTICIPANT-435204	CTDC-TARGETED-THERAPY-336113	Macte_animo_Generose_puer_sic_itur_ad_astra	imperium_in_imperio	damnant_quod_non_intellegunt	a_bene_placito	976	701	Complete Response	sapiens_qui_prospicit
targeted_therapy	CTDC-PARTICIPANT-326162	CTDC-TARGETED-THERAPY-582842	scientia,_aere_perennius	scientia_et_sapientia	O_Tite_tute_Tati_tibi_tanta_tyranne_tulisti	labor_ipse_voluptas	651	937	Too Early	a_bene_placito
targeted_therapy	CTDC-PARTICIPANT-326162	CTDC-TARGETED-THERAPY-205434	Gallia_est_omnis_divisa_in_partes_tres	cacatum_non_est_pictum	e_causa_ignota	nascentes_morimur_finisque_ab_origine_pendet	276	993	Too Early	salus_in_arduis
targeted_therapy	CTDC-PARTICIPANT-686631	CTDC-TARGETED-THERAPY-504485	scientia_imperii_decus_et_tutamen	haec_olim_meminisse_iuvabit	faber_est_suae_quisque_fortunae	saltus_in_demonstrando	62	884	Stable Disease	pace_tua
targeted_therapy	CTDC-PARTICIPANT-686631	CTDC-TARGETED-THERAPY-710173	e_causa_ignota	id_quod_plerumque_accidit	scientia_et_sapientia	sapiens_qui_prospicit	916	796	Not Evaluable	haec_olim_meminisse_iuvabit
targeted_therapy	CTDC-PARTICIPANT-128155	CTDC-TARGETED-THERAPY-642602	Macte_animo_Generose_puer_sic_itur_ad_astra	labor_ipse_voluptas	faber_est_suae_quisque_fortunae	scientia,_aere_perennius	813	877	Not Evaluable	labor_ipse_voluptas
targeted_therapy	CTDC-PARTICIPANT-128155	CTDC-TARGETED-THERAPY-359236	scientia_imperii_decus_et_tutamen	labor_ipse_voluptas	imperium_in_imperio	pace_tua	879	47	Partial Response	barba_crescit_caput_nescit
targeted_therapy	CTDC-PARTICIPANT-367772	CTDC-TARGETED-THERAPY-280516	imperium_in_imperio	a_bene_placito	imperium_in_imperio	saltus_in_demonstrando	858	747	Less than partial response	scientia,_aere_perennius
targeted_therapy	CTDC-PARTICIPANT-367772	CTDC-TARGETED-THERAPY-557026	labor_ipse_voluptas	scientiae_cedit_mare	nascentes_morimur_finisque_ab_origine_pendet	damnant_quod_non_intellegunt	424	481	Not Evaluable	Obedientia_civium_urbis_felicitas
targeted_therapy	CTDC-PARTICIPANT-416408	CTDC-TARGETED-THERAPY-178686	saltus_in_demonstrando	a_bene_placito	O_Tite_tute_Tati_tibi_tanta_tyranne_tulisti	barba_crescit_caput_nescit	949	950	Complete Response	faber_est_suae_quisque_fortunae
targeted_therapy	CTDC-PARTICIPANT-416408	CTDC-TARGETED-THERAPY-781633	scientia_et_sapientia	barba_crescit_caput_nescit	salus_in_arduis	e_causa_ignota	67	624	Partial Response	damnant_quod_non_intellegunt
targeted_therapy	CTDC-PARTICIPANT-365869	CTDC-TARGETED-THERAPY-614247	Obedientia_civium_urbis_felicitas	O_Tite_tute_Tati_tibi_tanta_tyranne_tulisti	e_causa_ignota	nascentes_morimur_finisque_ab_origine_pendet	113	866	Not Evaluable	faber_est_suae_quisque_fortunae
targeted_therapy	CTDC-PARTICIPANT-365869	CTDC-TARGETED-THERAPY-669847	sapiens_qui_prospicit	faber_est_suae_quisque_fortunae	Obedientia_civium_urbis_felicitas	Macte_animo_Generose_puer_sic_itur_ad_astra	393	673	Too Early	scientia_imperii_decus_et_tutamen
targeted_therapy	CTDC-PARTICIPANT-654610	CTDC-TARGETED-THERAPY-224837	id_quod_plerumque_accidit	Obedientia_civium_urbis_felicitas	scientia_et_labor	faber_est_suae_quisque_fortunae	343	296	Partial Response	O_Tite_tute_Tati_tibi_tanta_tyranne_tulisti
targeted_therapy	CTDC-PARTICIPANT-654610	CTDC-TARGETED-THERAPY-613189	labor_ipse_voluptas	imperium_in_imperio	faber_est_suae_quisque_fortunae	pace_tua	250	428	Not Assessed	scientia_et_labor
targeted_therapy	CTDC-PARTICIPANT-300549	CTDC-TARGETED-THERAPY-350128	scientiae_cedit_mare	Obedientia_civium_urbis_felicitas	damnant_quod_non_intellegunt	O_Tite_tute_Tati_tibi_tanta_tyranne_tulisti	896	343	Not Assessed	nascentes_morimur_finisque_ab_origine_pendet
targeted_therapy	CTDC-PARTICIPANT-300549	CTDC-TARGETED-THERAPY-962266	id_quod_plerumque_accidit	damnant_quod_non_intellegunt	Obedientia_civium_urbis_felicitas	scientia_et_sapientia	443	783	Progressive Disease	damnant_quod_non_intellegunt
targeted_therapy	CTDC-PARTICIPANT-632807	CTDC-TARGETED-THERAPY-345730	scientiae_cedit_mare	scientiae_et_patriae	salus_in_arduis	faber_est_suae_quisque_fortunae	538	906	Less than partial response	scientiae_cedit_mare
targeted_therapy	CTDC-PARTICIPANT-632807	CTDC-TARGETED-THERAPY-332577	nascentes_morimur_finisque_ab_origine_pendet	nascentes_morimur_finisque_ab_origine_pendet	Gallia_est_omnis_divisa_in_partes_tres	nanos_gigantum_humeris_insidentes	922	559	Unknown	scientia_et_labor
targeted_therapy	CTDC-PARTICIPANT-898476	CTDC-TARGETED-THERAPY-471693	salus_in_arduis	Obedientia_civium_urbis_felicitas	damnant_quod_non_intellegunt	barba_crescit_caput_nescit	159	709	Too Early	scientia_et_labor
targeted_therapy	CTDC-PARTICIPANT-898476	CTDC-TARGETED-THERAPY-287203	scientia,_aere_perennius	scientia,_aere_perennius	faber_est_suae_quisque_fortunae	cacatum_non_est_pictum	868	174	Complete Response	barba_crescit_caput_nescit
targeted_therapy	CTDC-PARTICIPANT-276522	CTDC-TARGETED-THERAPY-695905	scientia_imperii_decus_et_tutamen	damnant_quod_non_intellegunt	imperium_in_imperio	nascentes_morimur_finisque_ab_origine_pendet	333	51	Progressive Disease	scientia,_aere_perennius
targeted_therapy	CTDC-PARTICIPANT-276522	CTDC-TARGETED-THERAPY-754312	salus_in_arduis	nanos_gigantum_humeris_insidentes	a_bene_placito	haec_olim_meminisse_iuvabit	824	212	Stable Disease	nascentes_morimur_finisque_ab_origine_pendet
targeted_therapy	CTDC-PARTICIPANT-985685	CTDC-TARGETED-THERAPY-783153	pace_tua	Obedientia_civium_urbis_felicitas	salus_in_arduis	pace_tua	393	400	Too Early	scientiae_et_patriae
targeted_therapy	CTDC-PARTICIPANT-985685	CTDC-TARGETED-THERAPY-849339	salus_in_arduis	scientia_et_sapientia	nascentes_morimur_finisque_ab_origine_pendet	sapiens_qui_prospicit	220	625	Not Evaluable	barba_crescit_caput_nescit
targeted_therapy	CTDC-PARTICIPANT-142229	CTDC-TARGETED-THERAPY-712441	damnant_quod_non_intellegunt	scientiae_et_patriae	scientia_et_labor	Obedientia_civium_urbis_felicitas	430	754	Unknown	Obedientia_civium_urbis_felicitas
targeted_therapy	CTDC-PARTICIPANT-142229	CTDC-TARGETED-THERAPY-705842	scientia,_aere_perennius	damnant_quod_non_intellegunt	faber_est_suae_quisque_fortunae	scientia_et_sapientia	973	358	Stable Disease	scientiae_cedit_mare
targeted_therapy	CTDC-PARTICIPANT-293557	CTDC-TARGETED-THERAPY-130778	scientia,_aere_perennius	scientia_et_labor	nascentes_morimur_finisque_ab_origine_pendet	scientia_et_labor	664	771	Complete Response	a_bene_placito
targeted_therapy	CTDC-PARTICIPANT-293557	CTDC-TARGETED-THERAPY-258420	barba_crescit_caput_nescit	Gallia_est_omnis_divisa_in_partes_tres	haec_olim_meminisse_iuvabit	Gallia_est_omnis_divisa_in_partes_tres	645	652	Unknown	cacatum_non_est_pictum
targeted_therapy	CTDC-PARTICIPANT-380634	CTDC-TARGETED-THERAPY-218358	scientia_et_labor	imperium_in_imperio	nanos_gigantum_humeris_insidentes	a_bene_placito	260	972	Not Assessed	nanos_gigantum_humeris_insidentes
targeted_therapy	CTDC-PARTICIPANT-380634	CTDC-TARGETED-THERAPY-273904	salus_in_arduis	cacatum_non_est_pictum	Gallia_est_omnis_divisa_in_partes_tres	Macte_animo_Generose_puer_sic_itur_ad_astra	498	33	Stable Disease	labor_ipse_voluptas
targeted_therapy	CTDC-PARTICIPANT-544681	CTDC-TARGETED-THERAPY-565197	salus_in_arduis	O_Tite_tute_Tati_tibi_tanta_tyranne_tulisti	damnant_quod_non_intellegunt	nascentes_morimur_finisque_ab_origine_pendet	66	421	Complete Response	cacatum_non_est_pictum
targeted_therapy	CTDC-PARTICIPANT-544681	CTDC-TARGETED-THERAPY-405815	scientiae_et_patriae	scientiae_et_patriae	a_bene_placito	id_quod_plerumque_accidit	511	307	Partial Response	damnant_quod_non_intellegunt
targeted_therapy	CTDC-PARTICIPANT-283258	CTDC-TARGETED-THERAPY-166555	barba_crescit_caput_nescit	salus_in_arduis	Obedientia_civium_urbis_felicitas	sapiens_qui_prospicit	685	892	Complete Response	O_Tite_tute_Tati_tibi_tanta_tyranne_tulisti
targeted_therapy	CTDC-PARTICIPANT-283258	CTDC-TARGETED-THERAPY-350802	damnant_quod_non_intellegunt	scientiae_cedit_mare	cacatum_non_est_pictum	scientia_et_sapientia	559	488	Less than partial response	barba_crescit_caput_nescit
targeted_therapy	CTDC-PARTICIPANT-722428	CTDC-TARGETED-THERAPY-708685	salus_in_arduis	Gallia_est_omnis_divisa_in_partes_tres	barba_crescit_caput_nescit	faber_est_suae_quisque_fortunae	922	234	Too Early	imperium_in_imperio
targeted_therapy	CTDC-PARTICIPANT-722428	CTDC-TARGETED-THERAPY-781546	scientia,_aere_perennius	Macte_animo_Generose_puer_sic_itur_ad_astra	a_bene_placito	haec_olim_meminisse_iuvabit	165	675	Partial Response	a_bene_placito
targeted_therapy	CTDC-PARTICIPANT-803065	CTDC-TARGETED-THERAPY-308723	pace_tua	Gallia_est_omnis_divisa_in_partes_tres	faber_est_suae_quisque_fortunae	imperium_in_imperio	104	244	Less than partial response	sapiens_qui_prospicit
targeted_therapy	CTDC-PARTICIPANT-803065	CTDC-TARGETED-THERAPY-920031	cacatum_non_est_pictum	salus_in_arduis	nascentes_morimur_finisque_ab_origine_pendet	scientia_et_sapientia	306	244	Complete Response	nascentes_morimur_finisque_ab_origine_pendet
targeted_therapy	CTDC-PARTICIPANT-550111	CTDC-TARGETED-THERAPY-387803	O_Tite_tute_Tati_tibi_tanta_tyranne_tulisti	a_bene_placito	imperium_in_imperio	nanos_gigantum_humeris_insidentes	386	815	Not Evaluable	haec_olim_meminisse_iuvabit
targeted_therapy	CTDC-PARTICIPANT-550111	CTDC-TARGETED-THERAPY-444737	scientia_et_sapientia	Macte_animo_Generose_puer_sic_itur_ad_astra	scientiae_et_patriae	cacatum_non_est_pictum	374	423	Not Evaluable	Obedientia_civium_urbis_felicitas
targeted_therapy	CTDC-PARTICIPANT-401372	CTDC-TARGETED-THERAPY-977535	scientia_imperii_decus_et_tutamen	nanos_gigantum_humeris_insidentes	O_Tite_tute_Tati_tibi_tanta_tyranne_tulisti	scientia,_aere_perennius	404	475	Too Early	labor_ipse_voluptas
targeted_therapy	CTDC-PARTICIPANT-401372	CTDC-TARGETED-THERAPY-487615	Macte_animo_Generose_puer_sic_itur_ad_astra	cacatum_non_est_pictum	haec_olim_meminisse_iuvabit	scientiae_cedit_mare	902	496	Unknown	scientia_et_labor
targeted_therapy	CTDC-PARTICIPANT-209591	CTDC-TARGETED-THERAPY-400875	faber_est_suae_quisque_fortunae	haec_olim_meminisse_iuvabit	O_Tite_tute_Tati_tibi_tanta_tyranne_tulisti	id_quod_plerumque_accidit	941	321	Too Early	nascentes_morimur_finisque_ab_origine_pendet
targeted_therapy	CTDC-PARTICIPANT-209591	CTDC-TARGETED-THERAPY-239146	imperium_in_imperio	imperium_in_imperio	nanos_gigantum_humeris_insidentes	damnant_quod_non_intellegunt	330	220	Unknown	scientiae_cedit_mare
targeted_therapy	CTDC-PARTICIPANT-511714	CTDC-TARGETED-THERAPY-776626	nanos_gigantum_humeris_insidentes	nanos_gigantum_humeris_insidentes	scientiae_et_patriae	imperium_in_imperio	944	109	Complete Response	haec_olim_meminisse_iuvabit
targeted_therapy	CTDC-PARTICIPANT-511714	CTDC-TARGETED-THERAPY-669233	a_bene_placito	Macte_animo_Generose_puer_sic_itur_ad_astra	scientiae_cedit_mare	Macte_animo_Generose_puer_sic_itur_ad_astra	365	380	Unknown	pace_tua
targeted_therapy	CTDC-PARTICIPANT-111632	CTDC-TARGETED-THERAPY-410048	scientia,_aere_perennius	sapiens_qui_prospicit	barba_crescit_caput_nescit	scientia_et_labor	759	762	Complete Response	scientiae_et_patriae
targeted_therapy	CTDC-PARTICIPANT-111632	CTDC-TARGETED-THERAPY-706544	id_quod_plerumque_accidit	scientiae_et_patriae	Gallia_est_omnis_divisa_in_partes_tres	cacatum_non_est_pictum	894	716	Partial Response	a_bene_placito
targeted_therapy	CTDC-PARTICIPANT-737735	CTDC-TARGETED-THERAPY-389011	imperium_in_imperio	imperium_in_imperio	id_quod_plerumque_accidit	scientia_et_labor	524	458	Progressive Disease	cacatum_non_est_pictum
targeted_therapy	CTDC-PARTICIPANT-737735	CTDC-TARGETED-THERAPY-288994	nascentes_morimur_finisque_ab_origine_pendet	scientia_et_sapientia	scientiae_et_patriae	a_bene_placito	842	276	Partial Response	scientia,_aere_perennius
targeted_therapy	CTDC-PARTICIPANT-831722	CTDC-TARGETED-THERAPY-706597	scientiae_cedit_mare	nanos_gigantum_humeris_insidentes	barba_crescit_caput_nescit	barba_crescit_caput_nescit	140	668	Unknown	saltus_in_demonstrando
targeted_therapy	CTDC-PARTICIPANT-831722	CTDC-TARGETED-THERAPY-620568	id_quod_plerumque_accidit	barba_crescit_caput_nescit	id_quod_plerumque_accidit	faber_est_suae_quisque_fortunae	988	304	Partial Response	imperium_in_imperio
targeted_therapy	CTDC-PARTICIPANT-192370	CTDC-TARGETED-THERAPY-146463	scientia_et_sapientia	faber_est_suae_quisque_fortunae	scientia_et_sapientia	cacatum_non_est_pictum	801	217	Unknown	sapiens_qui_prospicit
targeted_therapy	CTDC-PARTICIPANT-192370	CTDC-TARGETED-THERAPY-532850	nascentes_morimur_finisque_ab_origine_pendet	Macte_animo_Generose_puer_sic_itur_ad_astra	labor_ipse_voluptas	scientia,_aere_perennius	940	165	Partial Response	saltus_in_demonstrando
targeted_therapy	CTDC-PARTICIPANT-539739	CTDC-TARGETED-THERAPY-991085	Obedientia_civium_urbis_felicitas	scientia_imperii_decus_et_tutamen	damnant_quod_non_intellegunt	haec_olim_meminisse_iuvabit	690	30	Stable Disease	faber_est_suae_quisque_fortunae
targeted_therapy	CTDC-PARTICIPANT-539739	CTDC-TARGETED-THERAPY-158750	Obedientia_civium_urbis_felicitas	scientia_et_labor	cacatum_non_est_pictum	haec_olim_meminisse_iuvabit	892	70	Complete Response	id_quod_plerumque_accidit
targeted_therapy	CTDC-PARTICIPANT-402131	CTDC-TARGETED-THERAPY-538482	a_bene_placito	O_Tite_tute_Tati_tibi_tanta_tyranne_tulisti	nanos_gigantum_humeris_insidentes	labor_ipse_voluptas	791	92	Unknown	nascentes_morimur_finisque_ab_origine_pendet
targeted_therapy	CTDC-PARTICIPANT-402131	CTDC-TARGETED-THERAPY-976484	labor_ipse_voluptas	cacatum_non_est_pictum	saltus_in_demonstrando	pace_tua	222	290	Progressive Disease	scientia_et_sapientia
targeted_therapy	CTDC-PARTICIPANT-306628	CTDC-TARGETED-THERAPY-610753	Obedientia_civium_urbis_felicitas	nascentes_morimur_finisque_ab_origine_pendet	damnant_quod_non_intellegunt	e_causa_ignota	55	975	Unknown	scientia_et_labor
targeted_therapy	CTDC-PARTICIPANT-306628	CTDC-TARGETED-THERAPY-303832	barba_crescit_caput_nescit	Obedientia_civium_urbis_felicitas	cacatum_non_est_pictum	haec_olim_meminisse_iuvabit	34	80	Partial Response	faber_est_suae_quisque_fortunae
targeted_therapy	CTDC-PARTICIPANT-601551	CTDC-TARGETED-THERAPY-158293	damnant_quod_non_intellegunt	e_causa_ignota	faber_est_suae_quisque_fortunae	nanos_gigantum_humeris_insidentes	85	634	Too Early	nanos_gigantum_humeris_insidentes
targeted_therapy	CTDC-PARTICIPANT-601551	CTDC-TARGETED-THERAPY-962184	O_Tite_tute_Tati_tibi_tanta_tyranne_tulisti	scientia,_aere_perennius	nanos_gigantum_humeris_insidentes	scientia_imperii_decus_et_tutamen	149	672	Not Assessed	Obedientia_civium_urbis_felicitas
targeted_therapy	CTDC-PARTICIPANT-617839	CTDC-TARGETED-THERAPY-459269	salus_in_arduis	imperium_in_imperio	cacatum_non_est_pictum	Obedientia_civium_urbis_felicitas	524	438	Progressive Disease	scientiae_et_patriae
targeted_therapy	CTDC-PARTICIPANT-617839	CTDC-TARGETED-THERAPY-372055	sapiens_qui_prospicit	damnant_quod_non_intellegunt	e_causa_ignota	scientia,_aere_perennius	590	872	Stable Disease	haec_olim_meminisse_iuvabit
targeted_therapy	CTDC-PARTICIPANT-878648	CTDC-TARGETED-THERAPY-736164	barba_crescit_caput_nescit	imperium_in_imperio	saltus_in_demonstrando	scientia_et_labor	478	541	Complete Response	scientia_imperii_decus_et_tutamen
targeted_therapy	CTDC-PARTICIPANT-878648	CTDC-TARGETED-THERAPY-371267	scientia_et_labor	saltus_in_demonstrando	saltus_in_demonstrando	saltus_in_demonstrando	381	994	Complete Response	barba_crescit_caput_nescit
targeted_therapy	CTDC-PARTICIPANT-527815	CTDC-TARGETED-THERAPY-721489	e_causa_ignota	salus_in_arduis	saltus_in_demonstrando	Gallia_est_omnis_divisa_in_partes_tres	87	136	Stable Disease	labor_ipse_voluptas
targeted_therapy	CTDC-PARTICIPANT-527815	CTDC-TARGETED-THERAPY-499200	nascentes_morimur_finisque_ab_origine_pendet	cacatum_non_est_pictum	scientia_et_sapientia	Obedientia_civium_urbis_felicitas	132	66	Progressive Disease	imperium_in_imperio
targeted_therapy	CTDC-PARTICIPANT-861878	CTDC-TARGETED-THERAPY-679263	a_bene_placito	nanos_gigantum_humeris_insidentes	id_quod_plerumque_accidit	scientia_et_labor	834	850	Less than partial response	scientia,_aere_perennius
targeted_therapy	CTDC-PARTICIPANT-861878	CTDC-TARGETED-THERAPY-801018	damnant_quod_non_intellegunt	faber_est_suae_quisque_fortunae	scientiae_cedit_mare	nascentes_morimur_finisque_ab_origine_pendet	999	884	Progressive Disease	id_quod_plerumque_accidit
targeted_therapy	CTDC-PARTICIPANT-911077	CTDC-TARGETED-THERAPY-835684	labor_ipse_voluptas	scientiae_et_patriae	faber_est_suae_quisque_fortunae	scientia_et_sapientia	534	661	Stable Disease	nascentes_morimur_finisque_ab_origine_pendet
targeted_therapy	CTDC-PARTICIPANT-911077	CTDC-TARGETED-THERAPY-118128	scientia_et_labor	scientia_et_sapientia	Obedientia_civium_urbis_felicitas	scientiae_cedit_mare	264	596	Less than partial response	scientiae_cedit_mare
targeted_therapy	CTDC-PARTICIPANT-538954	CTDC-TARGETED-THERAPY-267630	damnant_quod_non_intellegunt	sapiens_qui_prospicit	a_bene_placito	O_Tite_tute_Tati_tibi_tanta_tyranne_tulisti	885	315	Less than partial response	scientiae_cedit_mare
targeted_therapy	CTDC-PARTICIPANT-538954	CTDC-TARGETED-THERAPY-626711	pace_tua	saltus_in_demonstrando	haec_olim_meminisse_iuvabit	scientia,_aere_perennius	972	498	Not Evaluable	e_causa_ignota
targeted_therapy	CTDC-PARTICIPANT-236517	CTDC-TARGETED-THERAPY-617872	Obedientia_civium_urbis_felicitas	scientia_et_labor	salus_in_arduis	nascentes_morimur_finisque_ab_origine_pendet	429	13	Not Assessed	scientiae_cedit_mare
targeted_therapy	CTDC-PARTICIPANT-236517	CTDC-TARGETED-THERAPY-330963	faber_est_suae_quisque_fortunae	scientia_et_labor	scientiae_cedit_mare	e_causa_ignota	575	58	Stable Disease	O_Tite_tute_Tati_tibi_tanta_tyranne_tulisti
targeted_therapy	CTDC-PARTICIPANT-569457	CTDC-TARGETED-THERAPY-236140	salus_in_arduis	scientia,_aere_perennius	cacatum_non_est_pictum	salus_in_arduis	445	626	Not Evaluable	labor_ipse_voluptas
targeted_therapy	CTDC-PARTICIPANT-569457	CTDC-TARGETED-THERAPY-164329	id_quod_plerumque_accidit	Macte_animo_Generose_puer_sic_itur_ad_astra	saltus_in_demonstrando	nanos_gigantum_humeris_insidentes	754	935	Progressive Disease	imperium_in_imperio
targeted_therapy	CTDC-PARTICIPANT-535037	CTDC-TARGETED-THERAPY-514299	e_causa_ignota	scientiae_et_patriae	scientia,_aere_perennius	cacatum_non_est_pictum	582	746	Too Early	scientia_et_sapientia
targeted_therapy	CTDC-PARTICIPANT-535037	CTDC-TARGETED-THERAPY-180141	nascentes_morimur_finisque_ab_origine_pendet	nascentes_morimur_finisque_ab_origine_pendet	faber_est_suae_quisque_fortunae	saltus_in_demonstrando	398	785	Progressive Disease	Gallia_est_omnis_divisa_in_partes_tres
targeted_therapy	CTDC-PARTICIPANT-197469	CTDC-TARGETED-THERAPY-935047	scientia_et_labor	barba_crescit_caput_nescit	nascentes_morimur_finisque_ab_origine_pendet	damnant_quod_non_intellegunt	494	324	Unknown	scientia,_aere_perennius
targeted_therapy	CTDC-PARTICIPANT-197469	CTDC-TARGETED-THERAPY-649824	scientia_et_sapientia	nanos_gigantum_humeris_insidentes	imperium_in_imperio	barba_crescit_caput_nescit	969	736	Not Assessed	scientia,_aere_perennius
targeted_therapy	CTDC-PARTICIPANT-612804	CTDC-TARGETED-THERAPY-349833	e_causa_ignota	Obedientia_civium_urbis_felicitas	nascentes_morimur_finisque_ab_origine_pendet	nanos_gigantum_humeris_insidentes	439	909	Not Assessed	scientiae_et_patriae
targeted_therapy	CTDC-PARTICIPANT-612804	CTDC-TARGETED-THERAPY-252558	scientia_imperii_decus_et_tutamen	scientia_imperii_decus_et_tutamen	salus_in_arduis	imperium_in_imperio	321	905	Progressive Disease	saltus_in_demonstrando
targeted_therapy	CTDC-PARTICIPANT-885879	CTDC-TARGETED-THERAPY-717034	damnant_quod_non_intellegunt	imperium_in_imperio	barba_crescit_caput_nescit	sapiens_qui_prospicit	655	254	Unknown	haec_olim_meminisse_iuvabit
targeted_therapy	CTDC-PARTICIPANT-885879	CTDC-TARGETED-THERAPY-407991	labor_ipse_voluptas	scientia_imperii_decus_et_tutamen	O_Tite_tute_Tati_tibi_tanta_tyranne_tulisti	barba_crescit_caput_nescit	844	720	Progressive Disease	scientia_imperii_decus_et_tutamen
targeted_therapy	CTDC-PARTICIPANT-381907	CTDC-TARGETED-THERAPY-497912	barba_crescit_caput_nescit	sapiens_qui_prospicit	salus_in_arduis	pace_tua	564	962	Stable Disease	scientia_et_sapientia
targeted_therapy	CTDC-PARTICIPANT-381907	CTDC-TARGETED-THERAPY-190481	pace_tua	Obedientia_civium_urbis_felicitas	labor_ipse_voluptas	Macte_animo_Generose_puer_sic_itur_ad_astra	895	476	Partial Response	e_causa_ignota
targeted_therapy	CTDC-PARTICIPANT-942171	CTDC-TARGETED-THERAPY-219524	scientiae_et_patriae	sapiens_qui_prospicit	salus_in_arduis	saltus_in_demonstrando	289	630	Complete Response	id_quod_plerumque_accidit
targeted_therapy	CTDC-PARTICIPANT-942171	CTDC-TARGETED-THERAPY-235001	pace_tua	labor_ipse_voluptas	scientiae_cedit_mare	salus_in_arduis	826	898	Too Early	sapiens_qui_prospicit
targeted_therapy	CTDC-PARTICIPANT-308600	CTDC-TARGETED-THERAPY-322583	labor_ipse_voluptas	id_quod_plerumque_accidit	faber_est_suae_quisque_fortunae	barba_crescit_caput_nescit	16	952	Progressive Disease	e_causa_ignota
targeted_therapy	CTDC-PARTICIPANT-308600	CTDC-TARGETED-THERAPY-258727	haec_olim_meminisse_iuvabit	pace_tua	scientiae_cedit_mare	e_causa_ignota	122	655	Not Assessed	e_causa_ignota
targeted_therapy	CTDC-PARTICIPANT-608046	CTDC-TARGETED-THERAPY-189289	Macte_animo_Generose_puer_sic_itur_ad_astra	pace_tua	nascentes_morimur_finisque_ab_origine_pendet	Obedientia_civium_urbis_felicitas	523	183	Stable Disease	Obedientia_civium_urbis_felicitas
targeted_therapy	CTDC-PARTICIPANT-608046	CTDC-TARGETED-THERAPY-383815	nanos_gigantum_humeris_insidentes	Obedientia_civium_urbis_felicitas	cacatum_non_est_pictum	scientiae_et_patriae	104	453	Stable Disease	nascentes_morimur_finisque_ab_origine_pendet
targeted_therapy	CTDC-PARTICIPANT-907234	CTDC-TARGETED-THERAPY-497638	pace_tua	Gallia_est_omnis_divisa_in_partes_tres	barba_crescit_caput_nescit	id_quod_plerumque_accidit	696	208	Less than partial response	scientia,_aere_perennius
targeted_therapy	CTDC-PARTICIPANT-907234	CTDC-TARGETED-THERAPY-331554	sapiens_qui_prospicit	damnant_quod_non_intellegunt	faber_est_suae_quisque_fortunae	scientia_et_sapientia	555	585	Complete Response	damnant_quod_non_intellegunt
targeted_therapy	CTDC-PARTICIPANT-607211	CTDC-TARGETED-THERAPY-172169	a_bene_placito	Obedientia_civium_urbis_felicitas	damnant_quod_non_intellegunt	scientiae_cedit_mare	157	264	Complete Response	nascentes_morimur_finisque_ab_origine_pendet
targeted_therapy	CTDC-PARTICIPANT-607211	CTDC-TARGETED-THERAPY-980173	nanos_gigantum_humeris_insidentes	scientia_imperii_decus_et_tutamen	scientia,_aere_perennius	saltus_in_demonstrando	364	253	Partial Response	Obedientia_civium_urbis_felicitas
targeted_therapy	CTDC-PARTICIPANT-415523	CTDC-TARGETED-THERAPY-616714	barba_crescit_caput_nescit	scientiae_cedit_mare	cacatum_non_est_pictum	imperium_in_imperio	23	425	Partial Response	damnant_quod_non_intellegunt
targeted_therapy	CTDC-PARTICIPANT-415523	CTDC-TARGETED-THERAPY-117937	id_quod_plerumque_accidit	nascentes_morimur_finisque_ab_origine_pendet	scientia_imperii_decus_et_tutamen	imperium_in_imperio	398	723	Stable Disease	saltus_in_demonstrando
targeted_therapy	CTDC-PARTICIPANT-320437	CTDC-TARGETED-THERAPY-744764	haec_olim_meminisse_iuvabit	Obedientia_civium_urbis_felicitas	Obedientia_civium_urbis_felicitas	damnant_quod_non_intellegunt	75	505	Not Evaluable	a_bene_placito
targeted_therapy	CTDC-PARTICIPANT-320437	CTDC-TARGETED-THERAPY-933265	O_Tite_tute_Tati_tibi_tanta_tyranne_tulisti	scientiae_et_patriae	e_causa_ignota	imperium_in_imperio	15	745	Unknown	saltus_in_demonstrando
targeted_therapy	CTDC-PARTICIPANT-245974	CTDC-TARGETED-THERAPY-769459	scientia_imperii_decus_et_tutamen	scientiae_et_patriae	imperium_in_imperio	O_Tite_tute_Tati_tibi_tanta_tyranne_tulisti	182	492	Partial Response	nascentes_morimur_finisque_ab_origine_pendet
targeted_therapy	CTDC-PARTICIPANT-245974	CTDC-TARGETED-THERAPY-457554	labor_ipse_voluptas	scientia_et_sapientia	haec_olim_meminisse_iuvabit	Obedientia_civium_urbis_felicitas	429	271	Less than partial response	nanos_gigantum_humeris_insidentes
targeted_therapy	CTDC-PARTICIPANT-784737	CTDC-TARGETED-THERAPY-380883	imperium_in_imperio	scientia_imperii_decus_et_tutamen	O_Tite_tute_Tati_tibi_tanta_tyranne_tulisti	saltus_in_demonstrando	312	773	Complete Response	pace_tua
targeted_therapy	CTDC-PARTICIPANT-784737	CTDC-TARGETED-THERAPY-646446	Gallia_est_omnis_divisa_in_partes_tres	O_Tite_tute_Tati_tibi_tanta_tyranne_tulisti	Macte_animo_Generose_puer_sic_itur_ad_astra	Macte_animo_Generose_puer_sic_itur_ad_astra	52	651	Complete Response	nascentes_morimur_finisque_ab_origine_pendet
targeted_therapy	CTDC-PARTICIPANT-128362	CTDC-TARGETED-THERAPY-912586	damnant_quod_non_intellegunt	nanos_gigantum_humeris_insidentes	e_causa_ignota	imperium_in_imperio	39	536	Stable Disease	faber_est_suae_quisque_fortunae
targeted_therapy	CTDC-PARTICIPANT-128362	CTDC-TARGETED-THERAPY-717199	labor_ipse_voluptas	Gallia_est_omnis_divisa_in_partes_tres	sapiens_qui_prospicit	haec_olim_meminisse_iuvabit	677	833	Not Assessed	nascentes_morimur_finisque_ab_origine_pendet
targeted_therapy	CTDC-PARTICIPANT-877157	CTDC-TARGETED-THERAPY-858213	scientia,_aere_perennius	Obedientia_civium_urbis_felicitas	Macte_animo_Generose_puer_sic_itur_ad_astra	e_causa_ignota	476	194	Unknown	haec_olim_meminisse_iuvabit
targeted_therapy	CTDC-PARTICIPANT-877157	CTDC-TARGETED-THERAPY-481882	faber_est_suae_quisque_fortunae	sapiens_qui_prospicit	haec_olim_meminisse_iuvabit	imperium_in_imperio	714	578	Complete Response	saltus_in_demonstrando
targeted_therapy	CTDC-PARTICIPANT-136884	CTDC-TARGETED-THERAPY-617466	haec_olim_meminisse_iuvabit	a_bene_placito	id_quod_plerumque_accidit	scientia_imperii_decus_et_tutamen	547	483	Less than partial response	sapiens_qui_prospicit
targeted_therapy	CTDC-PARTICIPANT-136884	CTDC-TARGETED-THERAPY-778437	scientia_imperii_decus_et_tutamen	scientia_imperii_decus_et_tutamen	nascentes_morimur_finisque_ab_origine_pendet	pace_tua	738	489	Complete Response	scientia_imperii_decus_et_tutamen
targeted_therapy	CTDC-PARTICIPANT-188851	CTDC-TARGETED-THERAPY-945262	scientia,_aere_perennius	faber_est_suae_quisque_fortunae	barba_crescit_caput_nescit	scientia_et_sapientia	529	577	Too Early	scientia_et_labor
targeted_therapy	CTDC-PARTICIPANT-188851	CTDC-TARGETED-THERAPY-157396	imperium_in_imperio	labor_ipse_voluptas	scientia_imperii_decus_et_tutamen	haec_olim_meminisse_iuvabit	709	529	Less than partial response	sapiens_qui_prospicit
targeted_therapy	CTDC-PARTICIPANT-439928	CTDC-TARGETED-THERAPY-207224	a_bene_placito	damnant_quod_non_intellegunt	Macte_animo_Generose_puer_sic_itur_ad_astra	scientiae_et_patriae	952	491	Less than partial response	saltus_in_demonstrando
targeted_therapy	CTDC-PARTICIPANT-439928	CTDC-TARGETED-THERAPY-215335	scientia,_aere_perennius	cacatum_non_est_pictum	salus_in_arduis	pace_tua	467	118	Stable Disease	labor_ipse_voluptas
targeted_therapy	CTDC-PARTICIPANT-704267	CTDC-TARGETED-THERAPY-817984	barba_crescit_caput_nescit	salus_in_arduis	e_causa_ignota	O_Tite_tute_Tati_tibi_tanta_tyranne_tulisti	222	494	Partial Response	O_Tite_tute_Tati_tibi_tanta_tyranne_tulisti
targeted_therapy	CTDC-PARTICIPANT-704267	CTDC-TARGETED-THERAPY-393607	e_causa_ignota	scientia,_aere_perennius	barba_crescit_caput_nescit	scientiae_cedit_mare	533	996	Partial Response	e_causa_ignota
targeted_therapy	CTDC-PARTICIPANT-274862	CTDC-TARGETED-THERAPY-809316	scientiae_cedit_mare	Gallia_est_omnis_divisa_in_partes_tres	nanos_gigantum_humeris_insidentes	nascentes_morimur_finisque_ab_origine_pendet	208	336	Complete Response	nascentes_morimur_finisque_ab_origine_pendet
targeted_therapy	CTDC-PARTICIPANT-274862	CTDC-TARGETED-THERAPY-245470	sapiens_qui_prospicit	id_quod_plerumque_accidit	barba_crescit_caput_nescit	faber_est_suae_quisque_fortunae	91	121	Less than partial response	scientia_imperii_decus_et_tutamen
targeted_therapy	CTDC-PARTICIPANT-669146	CTDC-TARGETED-THERAPY-200644	barba_crescit_caput_nescit	O_Tite_tute_Tati_tibi_tanta_tyranne_tulisti	labor_ipse_voluptas	imperium_in_imperio	423	688	Complete Response	salus_in_arduis
targeted_therapy	CTDC-PARTICIPANT-669146	CTDC-TARGETED-THERAPY-426642	scientiae_cedit_mare	scientia,_aere_perennius	scientia_et_sapientia	saltus_in_demonstrando	764	212	Unknown	haec_olim_meminisse_iuvabit
targeted_therapy	CTDC-PARTICIPANT-174961	CTDC-TARGETED-THERAPY-718405	faber_est_suae_quisque_fortunae	cacatum_non_est_pictum	Obedientia_civium_urbis_felicitas	Gallia_est_omnis_divisa_in_partes_tres	988	444	Not Evaluable	scientiae_cedit_mare
targeted_therapy	CTDC-PARTICIPANT-174961	CTDC-TARGETED-THERAPY-467045	faber_est_suae_quisque_fortunae	scientia,_aere_perennius	id_quod_plerumque_accidit	salus_in_arduis	611	438	Too Early	damnant_quod_non_intellegunt
targeted_therapy	CTDC-PARTICIPANT-957696	CTDC-TARGETED-THERAPY-449738	imperium_in_imperio	a_bene_placito	faber_est_suae_quisque_fortunae	cacatum_non_est_pictum	947	769	Stable Disease	Obedientia_civium_urbis_felicitas
targeted_therapy	CTDC-PARTICIPANT-957696	CTDC-TARGETED-THERAPY-613676	haec_olim_meminisse_iuvabit	Macte_animo_Generose_puer_sic_itur_ad_astra	Macte_animo_Generose_puer_sic_itur_ad_astra	scientia,_aere_perennius	900	297	Partial Response	damnant_quod_non_intellegunt
targeted_therapy	CTDC-PARTICIPANT-811131	CTDC-TARGETED-THERAPY-775017	faber_est_suae_quisque_fortunae	scientia,_aere_perennius	a_bene_placito	e_causa_ignota	562	582	Not Assessed	id_quod_plerumque_accidit
targeted_therapy	CTDC-PARTICIPANT-811131	CTDC-TARGETED-THERAPY-783843	Obedientia_civium_urbis_felicitas	pace_tua	O_Tite_tute_Tati_tibi_tanta_tyranne_tulisti	cacatum_non_est_pictum	758	908	Unknown	damnant_quod_non_intellegunt
targeted_therapy	CTDC-PARTICIPANT-377066	CTDC-TARGETED-THERAPY-731023	scientia,_aere_perennius	scientia_et_sapientia	Macte_animo_Generose_puer_sic_itur_ad_astra	scientia_imperii_decus_et_tutamen	615	100	Less than partial response	O_Tite_tute_Tati_tibi_tanta_tyranne_tulisti
targeted_therapy	CTDC-PARTICIPANT-377066	CTDC-TARGETED-THERAPY-681042	id_quod_plerumque_accidit	Macte_animo_Generose_puer_sic_itur_ad_astra	id_quod_plerumque_accidit	scientiae_et_patriae	477	407	Less than partial response	nascentes_morimur_finisque_ab_origine_pendet
targeted_therapy	CTDC-PARTICIPANT-115266	CTDC-TARGETED-THERAPY-744959	nanos_gigantum_humeris_insidentes	scientia,_aere_perennius	Obedientia_civium_urbis_felicitas	scientia_et_sapientia	476	92	Progressive Disease	pace_tua
targeted_therapy	CTDC-PARTICIPANT-115266	CTDC-TARGETED-THERAPY-539132	Macte_animo_Generose_puer_sic_itur_ad_astra	sapiens_qui_prospicit	e_causa_ignota	e_causa_ignota	607	755	Complete Response	scientia_et_labor
targeted_therapy	CTDC-PARTICIPANT-513568	CTDC-TARGETED-THERAPY-889575	barba_crescit_caput_nescit	Obedientia_civium_urbis_felicitas	scientia_et_sapientia	a_bene_placito	538	378	Complete Response	Macte_animo_Generose_puer_sic_itur_ad_astra
targeted_therapy	CTDC-PARTICIPANT-513568	CTDC-TARGETED-THERAPY-522338	scientia,_aere_perennius	saltus_in_demonstrando	scientiae_cedit_mare	Macte_animo_Generose_puer_sic_itur_ad_astra	948	40	Progressive Disease	barba_crescit_caput_nescit
targeted_therapy	CTDC-PARTICIPANT-943998	CTDC-TARGETED-THERAPY-627273	imperium_in_imperio	saltus_in_demonstrando	scientiae_et_patriae	Macte_animo_Generose_puer_sic_itur_ad_astra	178	441	Not Assessed	nanos_gigantum_humeris_insidentes
targeted_therapy	CTDC-PARTICIPANT-943998	CTDC-TARGETED-THERAPY-836906	a_bene_placito	nascentes_morimur_finisque_ab_origine_pendet	nascentes_morimur_finisque_ab_origine_pendet	salus_in_arduis	798	904	Stable Disease	labor_ipse_voluptas
