type	study.study_id	consent_group_id	consent_group_name	consent_group_number	crdc_id
consent_group	GC-STUDY-341048	GC-CONSENT-GROUP-323798	nanos_gigantum_humeris_insidentes	810	pace_tua
consent_group	GC-STUDY-341048	GC-CONSENT-GROUP-243688	scientia_et_labor	675	haec_olim_meminisse_iuvabit
consent_group	GC-STUDY-341048	GC-CONSENT-GROUP-589220	pace_tua	901	O_Tite_tute_Tati_tibi_tanta_tyranne_tulisti
consent_group	GC-STUDY-694385	GC-CONSENT-GROUP-376804	scientia_et_labor	296	nanos_gigantum_humeris_insidentes
consent_group	GC-STUDY-694385	GC-CONSENT-GROUP-836100	O_Tite_tute_Tati_tibi_tanta_tyranne_tulisti	573	scientia,_aere_perennius
consent_group	GC-STUDY-694385	GC-CONSENT-GROUP-663008	Gallia_est_omnis_divisa_in_partes_tres	228	Gallia_est_omnis_divisa_in_partes_tres
consent_group	GC-STUDY-552395	GC-CONSENT-GROUP-884574	id_quod_plerumque_accidit	426	haec_olim_meminisse_iuvabit
consent_group	GC-STUDY-552395	GC-CONSENT-GROUP-182703	id_quod_plerumque_accidit	558	salus_in_arduis
consent_group	GC-STUDY-552395	GC-CONSENT-GROUP-318693	Obedientia_civium_urbis_felicitas	839	Macte_animo_Generose_puer_sic_itur_ad_astra
consent_group	GC-STUDY-552395	GC-CONSENT-GROUP-684531	imperium_in_imperio	106	scientia,_aere_perennius
