type	study.study_id	consent_group_id	consent_group_name	consent_group_number	crdc_id
consent_group	GC-STUDY-530531	GC-CONSENT-GROUP-523400	barba_crescit_caput_nescit	206	labor_ipse_voluptas
consent_group	GC-STUDY-530531	GC-CONSENT-GROUP-427551	salus_in_arduis	915	scientia_imperii_decus_et_tutamen
consent_group	GC-STUDY-530531	GC-CONSENT-GROUP-225618	O_Tite_tute_Tati_tibi_tanta_tyranne_tulisti	586	e_causa_ignota
consent_group	GC-STUDY-171068	GC-CONSENT-GROUP-504903	Gallia_est_omnis_divisa_in_partes_tres	975	scientia,_aere_perennius
consent_group	GC-STUDY-171068	GC-CONSENT-GROUP-609082	scientia_et_labor	300	salus_in_arduis
consent_group	GC-STUDY-171068	GC-CONSENT-GROUP-595842	nascentes_morimur_finisque_ab_origine_pendet	798	Gallia_est_omnis_divisa_in_partes_tres
consent_group	GC-STUDY-180820	GC-CONSENT-GROUP-621133	barba_crescit_caput_nescit	119	cacatum_non_est_pictum
consent_group	GC-STUDY-180820	GC-CONSENT-GROUP-941315	scientia,_aere_perennius	189	salus_in_arduis
consent_group	GC-STUDY-180820	GC-CONSENT-GROUP-242406	scientia_et_labor	379	saltus_in_demonstrando
consent_group	GC-STUDY-180820	GC-CONSENT-GROUP-130152	labor_ipse_voluptas	808	Macte_animo_Generose_puer_sic_itur_ad_astra
