type	participant.study_participant_id	study_diagnosis_id	diagnosis_id	disease_type	vital_status	primary_diagnosis	primary_site	age_at_diagnosis	tumor_grade	tumor_stage_clinical_m	tumor_stage_clinical_n	tumor_stage_clinical_t	morphology	incidence_type	progression_or_recurrence	days_to_recurrence	days_to_last_followup	last_known_disease_status	days_to_last_known_status	tissue_or_organ_of_origin	site_of_resection_or_biopsy	days_to_last_known_disease_status	crdc_id
diagnosis	GC-CASE-454380	GC-DX-274061	a_bene_placito	Adenomas and Adenocarcinomas	Dead	Carcinoma showing thymus-like element	Fourth Ventricle	222	G4 Anaplastic	Not Reported	N0 (mol+)	T1c	8800/3	no_disease	Unknown	867	661	Localized Disease	663	Apex of the Tongue	Ceruminous Gland	404.42	scientiae_cedit_mare
diagnosis	GC-CASE-337149	GC-DX-701217	id_quod_plerumque_accidit	Blood Vessel Tumors	Dead	Low-grade tumor	Mediastinum	932	GB Borderline	Not Reported	N1bIII	T4d	8905/0	no_disease	Not Applicable	995	240	Not Applicable	151	Lip	Posterior Wall of the Pharynx	94.27	scientia_imperii_decus_et_tutamen
diagnosis	GC-CASE-903958	GC-DX-534364	damnant_quod_non_intellegunt	Myxomatous Neoplasms	Not reported	Neuroepithelial Tumor	Patella	406	Not Applicable	M1a	N0 (i+)	T1mi	8144/3	metastasis	Censored	409	192	Distant Metastasis	704	Neck Skin	Myocardium	594.66	a_bene_placito
diagnosis	GC-CASE-849582	GC-DX-639750	pace_tua	Not Otherwise Specified	Unknown	Glycogen-rich carcinoma	Optic Nerve	189	GX Grade Cannot Be Assessed	cM0 (i+)	N2a	T3	9301/0	no_disease	Not Allowed to Collect	84	220	Not Allowed To Collect	828	Cerebral Meninges	Pineal Gland	872.93	scientia_et_sapientia
diagnosis	GC-CASE-885156	GC-DX-872370	pace_tua	Basal Cell Neoplasms	Not reported	Giant Cell Glioblastoma	Para-Aortic Lymph Nodes	45	Unknown	cM0 (i+)	N3b	T4d	8895/3	recurrence	No	464	688	New Tumor Event	76	Hypoglossal Nerve	Hand Phalanx	531.65	labor_ipse_voluptas
diagnosis	GC-CASE-828457	GC-DX-271620	salus_in_arduis	Paragangliomas and Glomus Tumors	Alive	Large Cell Medulloblastoma, Medulloblastoma, Medulloblastoma, Non-WNT/Non-SHH	Mesenteric Nodes	720	Not Reported	M0	N1c	T2a	9187/3	remission	Not Reported	718	686	Regional Disease	253	Isthmus Uteri	Cauda Equina	696.3	scientia_et_labor
diagnosis	GC-CASE-727555	GC-DX-119865	scientiae_et_patriae	Epithelial Neoplasms, NOS	Unspecified	Nonencapsulated sclerosing tumor	Gastrointestinal Tract	80	Not Applicable	Unknown	N3b	T3c	9983/3	progression	Unknown	69	780	Localized Disease	783	Vulva	Femoral Artery	218.73	scientia_et_labor
diagnosis	GC-CASE-530936	GC-DX-788240	salus_in_arduis	Paragangliomas and Glomus Tumors	Not reported	Malignant Tumor, Spindle Cell Type	Urogenital	731	Not Applicable	Unknown	N1bIV	Tis (Paget's)	8840/0	no_disease	Yes	475	857	Not Allowed To Collect	573	Ulnar Artery	Greater Curvature of the Stomach	530.64	nascentes_morimur_finisque_ab_origine_pendet
diagnosis	GC-CASE-726336	GC-DX-556800	saltus_in_demonstrando	Nevi and Melanomas	Alive	Residual Dermatofibrosarcoma Protuberans	Hip/Inguinal Region	524	GX Grade Cannot Be Assessed	cM0 (i+)	N3a	T2a	8041/6	recurrence	No	164	289	Distant Metastasis	499	Sella Turcica	Sublingual Salivary Gland	471.91	O_Tite_tute_Tati_tibi_tanta_tyranne_tulisti
diagnosis	GC-CASE-668792	GC-DX-900121	scientiae_cedit_mare	Nevi and Melanomas	Not reported	Embryonal teratoma	Shoulder Joint	330	G3 High Grade	M1c	N3a	Tis	9090/0	remission	Yes	81	51	Distant Metastasis	656	Shoulder Joint	Skeletal Muscle Tissue	866.65	salus_in_arduis
diagnosis	GC-CASE-331007	GC-DX-946924	saltus_in_demonstrando	Mast Cell Neoplasm	Not reported	Mucoid carcinoma	Stomach	679	G1 Low Grade	M1	N1bIV	T2b	9982/3	recurrence	Not Allowed to Collect	580	540	Regional Disease	517	Pubic Symphysis	Trachea	318.9	a_bene_placito
diagnosis	GC-CASE-726843	GC-DX-679369	scientia_et_sapientia	Lymphatic Vessel Tumors	Not reported	Myeloid and lymphoid neoplasms with FGFR1 abnormalities	Liver/Biliary Tract	905	Unknown	cM0 (i+)	N0 (i-)	T1a2	9653/3	remission	Unknown	300	779	With Tumor	940	Chest	Ceruminous Gland	452.53	id_quod_plerumque_accidit
diagnosis	GC-CASE-974030	GC-DX-735372	O_Tite_tute_Tati_tibi_tanta_tyranne_tulisti	Odontogenic Tumors	Unknown	Prolymphocytic leukemia, B-cell type	Vagina	244	G4 Anaplastic	M1	N2b	T3	8811/1	primary	Not Applicable	632	87	Distant Metastasis	561	Hypopharynx	Submandibular Lymph Node	53.53	e_causa_ignota
diagnosis	GC-CASE-837994	GC-DX-681332	e_causa_ignota	Miscellaneous Tumors	Dead	Non-invasive FTP	Thyroid	494	Unknown	M0	NX	Ta	8897/1	metastasis	Unknown	463	215	New Tumor Event	387	Labium	Pelvis	739.9	sapiens_qui_prospicit
diagnosis	GC-CASE-306991	GC-DX-870437	Macte_animo_Generose_puer_sic_itur_ad_astra	Plasma Cell Neoplasm	Not reported	Hemangioendothelioma, Malignant	Liver	258	G2 Intermediate Grade	cM0 (i+)	N0 (mol-)	Tis (Paget's)	8981/3	recurrence	No	829	337	Regional Disease	165	Ankle Skin	Mammary Gland	77.1	sapiens_qui_prospicit
diagnosis	GC-CASE-406747	GC-DX-816142	cacatum_non_est_pictum	Mast Cell Neoplasm	Not reported	Non-invasive FTP	Unknown	237	G4 Anaplastic	cM0 (i+)	N1	T3b	9221/0	remission	Not Applicable	528	767	Regional Disease	928	Oculomotor Muscle	Anal Transitional Zone	977.83	saltus_in_demonstrando
diagnosis	GC-CASE-462340	GC-DX-914593	cacatum_non_est_pictum	Not Otherwise Specified	Unknown	Multiple hemorrhagic sarcoma	Larynx	874	Not Applicable	Unknown	N0 (i+)	T3d	9963/3	progression	Yes	261	812	New Tumor Event	767	Male Prepuce	Head Skin	86.35	pace_tua
diagnosis	GC-CASE-617085	GC-DX-265517	scientia_et_labor	Lipomatous Neoplasms	Not reported	Therapy-related myelodysplastic syndrome, epipodophyllotoxin-related	Pelvis	619	Not Reported	MX	N1b	Unknown	8660/0	recurrence	Yes	823	275	Localized Disease	926	Hypoglossal Nerve	Cerebellopontine Angle	866.64	faber_est_suae_quisque_fortunae
diagnosis	GC-CASE-883832	GC-DX-870735	e_causa_ignota	Complex Mixed and Stromal Neoplasms	Alive	Epithelioid MPNST	Choroid	145	G2 Intermediate Grade	Unknown	NX	T4b	9084/0	no_disease	Yes	573	219	Regional Disease	67	Nasolacrimal Duct	Urachus	870.17	scientia_et_labor
diagnosis	GC-CASE-859701	GC-DX-681614	scientia_et_labor	Neoplasms, NOS	Alive	Soft tissue tumor, malignant	Lumbar Spine	904	Not Applicable	Unknown	N0	TX	8430/3	recurrence	No	220	369	Localized Disease	27	Isthmus Uteri	Labium Majus	712.51	damnant_quod_non_intellegunt
diagnosis	GC-CASE-109550	GC-DX-462899	Obedientia_civium_urbis_felicitas	Leukemias	Not reported	Neoplasm, Malignant, Medulloblastoma, Medulloblastoma, NOS Or NEC	Schlemm's Canal	223	Not Reported	M1b	N1	T1b2	8935/0	no_disease	Censored	872	513	Localized Disease	572	Ectocervix	Ceruminous Gland	108.46	nanos_gigantum_humeris_insidentes
diagnosis	GC-CASE-757646	GC-DX-333772	damnant_quod_non_intellegunt	Myxomatous Neoplasms	Unspecified	Pleuropulmonary Blastoma	Occipital Lobe	597	Not Applicable	M0	N1mi	T4a	9020/1	recurrence	Censored	618	474	Biochemical evidence of disease without structural correlate	16	Lateral Ventricle	Skull	937.9	saltus_in_demonstrando
diagnosis	GC-CASE-831019	GC-DX-393227	scientia_et_labor	Blood Vessel Tumors	Unspecified	Spongioblastoma polare	Female Reproductive System Part	507	Unknown	M1a	N1b	T1	8400/3	remission	Not Reported	300	935	Not Applicable	595	Chest Wall	Scalp	60.4	id_quod_plerumque_accidit
diagnosis	GC-CASE-828682	GC-DX-654352	scientia,_aere_perennius	Paragangliomas and Glomus Tumors	Not reported	Pediatric-Type Glioma, CNS WHO Grade 4	Shoulder Girdle	666	G4 Anaplastic	Unknown	Not Reported	T4a	8300/0	metastasis	Censored	719	25	Localized Disease	873	Labium	Submandibular Lymph Node	757.17	Obedientia_civium_urbis_felicitas
diagnosis	GC-CASE-300507	GC-DX-493110	pace_tua	Myelodysplastic Syndromes	Alive	Malignant lymphoma, mixed cell type, diffuse	Other	697	GB Borderline	M0	N1bII	T1b1	8898/1	progression	Yes	244	354	New Tumor Event	793	Epidural Spinal Canal Space	Female Genitalia	144.79	barba_crescit_caput_nescit
diagnosis	GC-CASE-809780	GC-DX-282008	a_bene_placito	Fibroepithelial Neoplasms	Unspecified	Yolk Sac Tumor, NOS	Temporal Lobe	22	GB Borderline	M1a	N1b	T1c	8503/0	recurrence	Not Applicable	405	369	Regional Disease	479	Infraclavicular Lymph Node	Gastrointestinal Tract	129.3	nanos_gigantum_humeris_insidentes
diagnosis	GC-CASE-380878	GC-DX-800922	pace_tua	Basal Cell Neoplasms	Dead	Clear cell adenocarcinofibroma	Oral Cavity	974	Unknown	M1b	N0	T2d	8002/3	metastasis	Not Reported	404	830	Not Allowed To Collect	96	Lingula of the Lung	Pelvic Lymph Node	877.61	imperium_in_imperio
diagnosis	GC-CASE-173421	GC-DX-803113	cacatum_non_est_pictum	Myelodysplastic Syndromes	Unknown	Pituitary Tumor	Large Vessels	454	GB Borderline	M1a	NX	T2b	8254/3	progression	Yes	225	211	Regional Disease	798	Ethmoid Bone	Parotid Gland	273.12	haec_olim_meminisse_iuvabit
diagnosis	GC-CASE-650724	GC-DX-943443	salus_in_arduis	Odontogenic Tumors	Alive	Adenocarcinoma with mixed subtypes	Hypopharynx	739	G1 Low Grade	M1c	N1a	T4c	8310/0	primary	Unknown	179	762	Tumor Free	792	Lateral Wall of the Nasopharynx	Pharynx	227.31	haec_olim_meminisse_iuvabit
diagnosis	GC-CASE-715865	GC-DX-298589	Obedientia_civium_urbis_felicitas	Fibromatous Neoplasms	Dead	Bile duct adenoma	Thoracic Spinal Cord	401	G4 Anaplastic	M0	N3a	Tis (DCIS)	8490/6	metastasis	No	244	930	With Tumor	400	Shoulder Joint	Adrenal Cortex	25.79	labor_ipse_voluptas
diagnosis	GC-CASE-999587	GC-DX-906705	O_Tite_tute_Tati_tibi_tanta_tyranne_tulisti	Unknown	Unspecified	Neoplasm, Malignant, Astrocytoma, IDH-Mutant, Low-Grade Glioma	Larynx - Trachea	619	G1 Low Grade	M0	N1	T4a	9835/3	primary	Not Reported	628	117	Tumor Free	737	Labium	Isthmus Uteri	143.32	imperium_in_imperio
diagnosis	GC-CASE-916271	GC-DX-215173	e_causa_ignota	Nevi and Melanomas	Unspecified	HHV8 Positive Diffuse Large B-Cell Lymphoma	Cervical Vertebra	910	G3 High Grade	Not Reported	N3a	T4d	9130/1	remission	Not Reported	216	940	New Tumor Event	480	Hypopharynx	Trunk	36.28	Macte_animo_Generose_puer_sic_itur_ad_astra
diagnosis	GC-CASE-685636	GC-DX-770654	O_Tite_tute_Tati_tibi_tanta_tyranne_tulisti	Miscellaneous Tumors	Unspecified	Gastrointestinal Stromal Tumor, NOS	Parathyroid	779	G2 Intermediate Grade	M1	N1bI	Tis (Paget's)	8142/3	remission	Not Applicable	741	791	Not Allowed To Collect	124	Cystic Duct	Epidural Spinal Canal Space	466.08	scientia,_aere_perennius
diagnosis	GC-CASE-149162	GC-DX-861129	scientia_imperii_decus_et_tutamen	Osseous and Chondromatous Neoplasms	Unspecified	Noninvasive pancreatobiliary papillary neoplasm with high grade intraepithelial neoplasia	Cutaneous	488	G4 Anaplastic	M1	N0	T2	8145/3	recurrence	Not Reported	537	869	New Tumor Event	647	External Acoustic Meatus	Metacarpal Bone	473.29	salus_in_arduis
diagnosis	GC-CASE-305816	GC-DX-318371	scientia,_aere_perennius	Lymphatic Vessel Tumors	Not reported	Favor Pilocytic Astrocytoma With Increased Proliferation Indices	Para-Aortic Lymph Nodes	373	Not Reported	M1	N0 (mol+)	Tis (DCIS)	9510/3	progression	No	788	817	Not Applicable	839	Laryngeal Cartilage	Hematopoietic System	785.0	scientia_imperii_decus_et_tutamen
diagnosis	GC-CASE-208381	GC-DX-237963	nascentes_morimur_finisque_ab_origine_pendet	Squamous Cell Neoplasms	Unknown	Choroid Plexus Papilloma, Negative For Atypia And Malignancy	Larynx - Trachea	340	GB Borderline	M1b	N1a	T1a	9719/3	no_disease	Censored	675	67	Biochemical evidence of disease without structural correlate	632	Epiglottis	Epitrochlear Lymph Node	884.83	sapiens_qui_prospicit
diagnosis	GC-CASE-213451	GC-DX-764017	nanos_gigantum_humeris_insidentes	Lipomatous Neoplasms	Unknown	Malignant lymphoma, histiocytic, nodular	Pancreas	682	G1 Low Grade	Unknown	N1bIV	T1a1	9491/0	no_disease	Yes	972	307	Tumor Free	152	Skin of the Lower Limb and Hip	Thigh	848.45	saltus_in_demonstrando
diagnosis	GC-CASE-904016	GC-DX-130418	Obedientia_civium_urbis_felicitas	Mucoepidermoid Neoplasms	Dead	Embryonal Rhabdomyosarcoma, NOS, CNS Embryonal Tumor, NOS	Intraspinal	286	GB Borderline	M1a	N3a	T4	9507/0	metastasis	Not Reported	752	235	Localized Disease	89	Hard Palate	Meibomian Gland	546.01	scientia,_aere_perennius
diagnosis	GC-CASE-901529	GC-DX-722394	scientia_et_sapientia	Not Reported	Unspecified	Undifferentiated Nasopharyngeal Carcinoma	Intrathoracic	37	GX Grade Cannot Be Assessed	M1b	N0 (i-)	Tis (LCIS)	9371/3	remission	Not Reported	939	18	Distant Metastasis	899	Larynx	Ileocecal Valve	768.02	scientiae_et_patriae
diagnosis	GC-CASE-816109	GC-DX-130620	sapiens_qui_prospicit	Giant Cell Tumors	Unspecified	CNS Embryonal Tumor, NOS, CNS Embryonal Tumor, NOS Or NEC, Other CNS Embryonal Tumors	Skull and Face Bone	833	G4 Anaplastic	M1	N1a	T1a1	8325/0	no_disease	Unknown	321	344	New Tumor Event	631	Vagina	Scrotum	800.5	saltus_in_demonstrando
diagnosis	GC-CASE-891015	GC-DX-759775	Obedientia_civium_urbis_felicitas	Not Applicable	Unknown	Ductal carcinoma in situ, comedo type	Humerus	177	GX Grade Cannot Be Assessed	M1	N0 (i-)	T4b	8581/1	no_disease	Censored	246	829	With Tumor	39	Iris	Corpus Uteri	337.58	sapiens_qui_prospicit
diagnosis	GC-CASE-629837	GC-DX-434936	Macte_animo_Generose_puer_sic_itur_ad_astra	Mesothelial Neoplasms	Alive	Residual Astrocytoma	Parotid	322	GX Grade Cannot Be Assessed	MX	N1bII	Tis (LCIS)	9392/3	no_disease	Not Reported	733	958	Distant Metastasis	489	Urethra	Toenail	530.76	barba_crescit_caput_nescit
diagnosis	GC-CASE-456175	GC-DX-577390	saltus_in_demonstrando	Neuroepitheliomatous Neoplasms	Alive	Dendritic cell sarcoma, NOS	Cervical Vertebra	471	G2 Intermediate Grade	Unknown	N3b	T4b	9898/3	progression	No	207	525	Tumor Free	75	Hand Phalanx	Vas Deferens	19.25	salus_in_arduis
diagnosis	GC-CASE-574511	GC-DX-332452	Gallia_est_omnis_divisa_in_partes_tres	Plasma Cell Neoplasm	Not reported	Duct carcinoma, NOS	Pectoral Nodes	17	G3 High Grade	M1a	N2c	T2	9321/0	progression	Not Allowed to Collect	370	437	Localized Disease	888	Inguinal Lymph Node	Iris	905.94	nascentes_morimur_finisque_ab_origine_pendet
diagnosis	GC-CASE-395456	GC-DX-851276	scientiae_cedit_mare	Unknown	Not reported	Medulloblastoma By Morphology, NON-WNT By Immunohistochemistry	Pelvis/Sacrum	970	G4 Anaplastic	Unknown	N3b	T4	8175/3	remission	Not Applicable	471	811	Biochemical evidence of disease without structural correlate	114	Autonomic Nervous System	Cornea	294.01	scientia,_aere_perennius
diagnosis	GC-CASE-475950	GC-DX-166413	scientia_et_labor	Myxomatous Neoplasms	Unknown	High-grade blue cell tumor	Oral Cavity	330	G1 Low Grade	MX	N4	T1b2	9861/3	recurrence	Not Reported	258	338	Tumor Free	431	Lens	Plantar Fascia	921.61	a_bene_placito
diagnosis	GC-CASE-861303	GC-DX-544350	sapiens_qui_prospicit	Fibroepithelial Neoplasms	Not reported	Myeloid Leukemia With Myelodysplasia-Related Changes	Appendix	169	Not Applicable	Not Reported	N1bII	T2a2	8630/0	no_disease	No	48	219	New Tumor Event	87	Nasal Cartilage	Biceps Femoris	632.08	labor_ipse_voluptas
diagnosis	GC-CASE-802880	GC-DX-729868	scientia,_aere_perennius	Granular Cell Tumors and Alveolar Soft Part Sarcomas	Dead	Plexiform fibromyxoma	Spine	806	G3 High Grade	Not Reported	N2a	T4d	9470/3	recurrence	Unknown	876	234	Unknown	882	Appendix	Urethra	59.23	O_Tite_tute_Tati_tibi_tanta_tyranne_tulisti
diagnosis	GC-CASE-738489	GC-DX-106806	scientia_et_sapientia	Mesothelial Neoplasms	Dead	Tubular adenoma, NOS	Liver	450	GB Borderline	M1b	N0 (mol+)	T1b2	9506/1	progression	Not Applicable	276	584	With Tumor	803	Retroperitoneal Lymph Node	Thyroid Cartilage	245.21	nascentes_morimur_finisque_ab_origine_pendet
diagnosis	GC-CASE-380603	GC-DX-251736	saltus_in_demonstrando	Fibroepithelial Neoplasms	Not reported	Papillotubular adenoma	Sacrococcygeal	947	G2 Intermediate Grade	M1b	N2b	T2a1	8010/2	remission	Not Applicable	992	368	Not Applicable	400	Iliopsoas Muscle	Tonsillar Fossa	437.13	pace_tua
diagnosis	GC-CASE-589474	GC-DX-190830	labor_ipse_voluptas	Neoplasms, NOS	Unspecified	Mast cell sarcoma	Medulla	841	G2 Intermediate Grade	cM0 (i+)	N3a	Not Reported	9220/0	primary	Yes	416	266	New Tumor Event	148	Thorax	Hip Joint	522.9	sapiens_qui_prospicit
diagnosis	GC-CASE-657831	GC-DX-517172	sapiens_qui_prospicit	Gliomas	Alive	Microcystic adnexal carcinoma	Hand Bone	292	GB Borderline	M1b	N1mi	Tis (DCIS)	8522/1	primary	Unknown	411	782	New Tumor Event	109	True Vocal Cord	Upper Extremity	318.69	scientiae_cedit_mare
diagnosis	GC-CASE-976601	GC-DX-316324	nascentes_morimur_finisque_ab_origine_pendet	Not Applicable	Not reported	Aleukemic myelogenous leukemia	Bronchus	73	GX Grade Cannot Be Assessed	Not Reported	N2a	T3a	8507/2	metastasis	Unknown	315	933	With Tumor	741	External Ear	Male Prepuce	30.9	barba_crescit_caput_nescit
diagnosis	GC-CASE-943629	GC-DX-634467	imperium_in_imperio	Gliomas	Alive	Adenocarcinoma in situ in a polyp, NOS	Wrist Joint	517	G1 Low Grade	M1b	N3c	Unknown	9874/3	no_disease	Not Allowed to Collect	876	494	Not Applicable	287	Mandible	Broad Ligament	656.16	id_quod_plerumque_accidit
diagnosis	GC-CASE-131204	GC-DX-309867	id_quod_plerumque_accidit	Not Reported	Not reported	Epithelioma, malignant	Pleural Effusion	749	G2 Intermediate Grade	M1b	Unknown	T1	9726/3	primary	Yes	576	929	Distant Metastasis	305	Posterior Mediastinum	Eustachian Tube	56.03	e_causa_ignota
diagnosis	GC-CASE-539692	GC-DX-452243	saltus_in_demonstrando	Synovial-like Neoplasms	Unknown	Adenocarcinoma in situ in tubular adenoma	Sacrum	27	G1 Low Grade	M0	N0 (i-)	T5	9192/3	recurrence	Unknown	68	697	Tumor Free	153	Temporal Bone	Supraclavicular Lymph Node	397.25	a_bene_placito
diagnosis	GC-CASE-126506	GC-DX-724496	nanos_gigantum_humeris_insidentes	Gliomas	Unknown	Brain Neoplasm	Appendix	535	Not Reported	M0	N1mi	T0	8300/3	primary	Not Allowed to Collect	421	683	New Tumor Event	338	Brachialis	Cervical Lymph Node	575.4	labor_ipse_voluptas
diagnosis	GC-CASE-598276	GC-DX-864783	a_bene_placito	Germ Cell Neoplasms	Unknown	Adult Granulosa Cell Tumor Of Testis	Central Nervous System	957	Unknown	M1a	N3a	T4b	8932/0	no_disease	No	60	224	Tumor Free	216	Endocervix	Retroperitoneal Lymph Node	287.59	faber_est_suae_quisque_fortunae
diagnosis	GC-CASE-442474	GC-DX-242695	pace_tua	Synovial-like Neoplasms	Alive	Pericanalicular fibroadenoma	Upper Arm	89	Not Applicable	M1b	N2b	T4a	8582/1	remission	Unknown	426	884	New Tumor Event	249	Parotid Gland	Hepatic Flexure	610.24	imperium_in_imperio
diagnosis	GC-CASE-851240	GC-DX-535253	barba_crescit_caput_nescit	Synovial-like Neoplasms	Unknown	Mixed small cell carcinoma	Shoulder Girdle	982	GX Grade Cannot Be Assessed	Not Reported	N1mi	T2a1	9460/3	primary	Not Allowed to Collect	315	400	Distant Metastasis	858	Upper Third of the Esophagus	Pelvis	621.97	Macte_animo_Generose_puer_sic_itur_ad_astra
diagnosis	GC-CASE-314381	GC-DX-952359	id_quod_plerumque_accidit	Fibromatous Neoplasms	Unknown	Desmoplastic Infantile Astrocytoma	Ear - Lateral Skull Base and Nasopharynx	248	GX Grade Cannot Be Assessed	M0	N0 (i+)	T3b	9867/3	metastasis	Unknown	93	168	Distant Metastasis	31	Brachial Plexus	Sternocleidomastoid Muscle	75.13	e_causa_ignota
diagnosis	GC-CASE-688508	GC-DX-698179	a_bene_placito	Synovial-like Neoplasms	Not reported	Epithelioma, benign	Maxilla	321	Not Applicable	Not Reported	N0	T3c	8720/2	metastasis	Censored	458	780	Unknown	485	True Vocal Cord	Sciatic Nerve	321.88	scientia_et_sapientia
diagnosis	GC-CASE-658791	GC-DX-441990	id_quod_plerumque_accidit	Basal Cell Neoplasms	Unknown	Subependymal astrocytoma, NOS	Bronchus	753	Not Applicable	Not Reported	N2b	Tis (Paget's)	8930/0	remission	No	390	118	With Tumor	677	Adrenal Medulla	Parathyroid Gland	279.74	nascentes_morimur_finisque_ab_origine_pendet
diagnosis	GC-CASE-320643	GC-DX-237462	labor_ipse_voluptas	Unknown	Unknown	Thymic large B-cell lymphoma	Ear - Lateral Skull Base and Nasopharynx	31	GX Grade Cannot Be Assessed	M1a	N2c	T3	9512/3	primary	Not Applicable	273	12	New Tumor Event	342	Glossopharyngeal Nerve	Humerus	174.51	scientiae_cedit_mare
diagnosis	GC-CASE-913535	GC-DX-159853	salus_in_arduis	Not Reported	Not reported	MGUS	Omentum	476	G3 High Grade	Not Reported	N0 (mol+)	T5	8082/3	metastasis	Not Reported	171	738	Localized Disease	334	Lens	Intervertebral Disc	884.54	labor_ipse_voluptas
diagnosis	GC-CASE-124660	GC-DX-141383	Macte_animo_Generose_puer_sic_itur_ad_astra	Fibroepithelial Neoplasms	Dead	Mucinous Adenocarcinoma	Finger	585	Unknown	M1b	Unknown	T1a2	9831/3	progression	Unknown	228	543	Unknown	726	Mammary Gland	Hypoglossal Nerve	764.28	nascentes_morimur_finisque_ab_origine_pendet
diagnosis	GC-CASE-634463	GC-DX-548104	saltus_in_demonstrando	Myelodysplastic Syndromes	Unknown	Neoplasm	Oculus Uterque (Both Eyes)	857	G1 Low Grade	M1c	Unknown	Tis (LCIS)	8640/1	primary	Not Reported	461	358	With Tumor	326	Urethra	Subclavian Artery	170.62	e_causa_ignota
diagnosis	GC-CASE-587913	GC-DX-697793	labor_ipse_voluptas	Squamous Cell Neoplasms	Unspecified	Primary CNS Neoplasm	Upper Extremity	207	Unknown	M1	N1bI	T4e	8594/1	primary	Yes	300	674	Localized Disease	10	Middle Cranial Fossa	Visceral Pleura	730.24	scientia_et_sapientia
diagnosis	GC-CASE-655789	GC-DX-437395	id_quod_plerumque_accidit	Transitional Cell Papillomas and Carcinomas	Dead	Chromophobe cell renal carcinoma	Metatarsals	939	G4 Anaplastic	cM0 (i+)	N0 (mol-)	T1b1	8522/3	recurrence	Unknown	879	598	Not Applicable	572	Corpus Callosum	Anus	446.37	haec_olim_meminisse_iuvabit
diagnosis	GC-CASE-120044	GC-DX-988812	cacatum_non_est_pictum	Miscellaneous Tumors	Unknown	Pediatric neuroepithelial tumor with ROS1 fusion	Cervical Vertebra	683	Not Reported	cM0 (i+)	N1a	T4e	8983/0	no_disease	Not Applicable	938	620	Not Allowed To Collect	694	Sternocostal Joint	Nasal Septum	869.72	faber_est_suae_quisque_fortunae
diagnosis	GC-CASE-975522	GC-DX-260800	e_causa_ignota	Fibromatous Neoplasms	Unspecified	Intraductal papillary mucinous neoplasm with an associated invasive carcinoma	Anterior Skull Base	519	Not Reported	M1c	N1bII	T2a1	9475/3	metastasis	Not Applicable	498	223	Distant Metastasis	941	Anterior Wall of the Bladder	Tendon	817.76	salus_in_arduis
diagnosis	GC-CASE-462190	GC-DX-615080	Gallia_est_omnis_divisa_in_partes_tres	Thymic Epithelial Neoplasms	Unknown	Carcinoma in situ in a polyp, NOS	Foot	962	G3 High Grade	Unknown	N3a	T4e	9320/0	no_disease	Not Applicable	584	84	Biochemical evidence of disease without structural correlate	806	Anus	Parotid Gland	810.62	scientiae_et_patriae
diagnosis	GC-CASE-672476	GC-DX-464891	O_Tite_tute_Tati_tibi_tanta_tyranne_tulisti	Lymphatic Vessel Tumors	Dead	Hemangioendothelioma, benign	Lumbar Vertebra	219	GX Grade Cannot Be Assessed	MX	N1	T1b	8856/0	remission	No	845	641	Localized Disease	131	Metacarpal Bone	Mons Pubis	133.22	barba_crescit_caput_nescit
diagnosis	GC-CASE-424428	GC-DX-962082	e_causa_ignota	Squamous Cell Neoplasms	Alive	Diffuse leptomeningeal glioneuronal tumor	Lower Arm	719	Unknown	cM0 (i+)	N0 (mol-)	T2d	8983/3	metastasis	Unknown	997	858	Distant Metastasis	544	Nasolacrimal Duct	Lateral Wall of the Nasopharynx	737.64	imperium_in_imperio
diagnosis	GC-CASE-723926	GC-DX-815096	e_causa_ignota	Nerve Sheath Tumors	Dead	Myeloma, NOS	Vulva	478	Not Reported	M1a	N2b	T0	8581/3	recurrence	Not Allowed to Collect	504	278	Not Reported	453	External Ear	Nasopharynx	220.69	nascentes_morimur_finisque_ab_origine_pendet
diagnosis	GC-CASE-242861	GC-DX-333593	scientiae_et_patriae	Complex Mixed and Stromal Neoplasms	Dead	Epithelioid Hemangioendothelioma, NOS	Lower Leg	739	G1 Low Grade	M1	N2b	T4	9460/3	metastasis	Not Allowed to Collect	485	672	Regional Disease	216	Nerve	Anterior Surface of the Epiglottis	350.74	O_Tite_tute_Tati_tibi_tanta_tyranne_tulisti
diagnosis	GC-CASE-701232	GC-DX-304306	scientia_imperii_decus_et_tutamen	Neoplasms, NOS	Not reported	Neuroendocrine Tumor	Elbow Joint	893	G3 High Grade	M1b	N1bII	T1mi	9123/0	progression	Not Applicable	247	436	Tumor Free	365	Gastrointestinal Tract	Pyriform Sinus	40.9	Macte_animo_Generose_puer_sic_itur_ad_astra
diagnosis	GC-CASE-246203	GC-DX-441381	scientia_et_labor	Soft Tissue Tumors and Sarcomas, NOS	Dead	Thymoma	Radius Bone	857	G1 Low Grade	M1a	N3b	T5	9872/3	no_disease	Unknown	454	810	With Tumor	857	Floor of Mouth	Sternocleidomastoid Muscle	808.98	O_Tite_tute_Tati_tibi_tanta_tyranne_tulisti
diagnosis	GC-CASE-672995	GC-DX-134158	scientia_imperii_decus_et_tutamen	Myelodysplastic Syndromes	Not reported	Astrocytoma, NOS	Shoulder Joint	553	Not Reported	MX	N0 (mol+)	T4e	8123/3	primary	Censored	678	903	Unknown	814	Trunk	Skin	462.76	sapiens_qui_prospicit
diagnosis	GC-CASE-865160	GC-DX-295093	id_quod_plerumque_accidit	Unknown	Dead	Papillary squamous cell carcinoma	Intraspinal	930	Not Applicable	cM0 (i+)	Not Reported	T2b	8077/2	primary	Not Applicable	69	287	New Tumor Event	96	Orbit	Subglottis	752.25	Macte_animo_Generose_puer_sic_itur_ad_astra
diagnosis	GC-CASE-873981	GC-DX-330242	e_causa_ignota	Immunoproliferative Diseases	Dead	Bronchiolo-alveolar carcinoma, type II pneumocyte and goblet cell type	Hypopharynx	570	Unknown	M1c	N1a	T4b	8130/3	recurrence	Not Applicable	994	27	Regional Disease	902	Optic Nerve	Fingernail	992.48	Obedientia_civium_urbis_felicitas
diagnosis	GC-CASE-888431	GC-DX-622652	salus_in_arduis	Fibroepithelial Neoplasms	Not reported	Villoglandular adenoma	Omentum	975	GB Borderline	M1a	N1bII	T4a	9653/3	primary	Not Applicable	488	715	Regional Disease	268	Ascending Colon	Nostril	519.43	imperium_in_imperio
diagnosis	GC-CASE-297399	GC-DX-865132	scientia,_aere_perennius	Nevi and Melanomas	Alive	Follicular carcinoma, minimally invasive	Parietal Lobe	640	G1 Low Grade	M1c	Unknown	T2c	8231/3	no_disease	Not Reported	93	920	Not Allowed To Collect	145	Nasolacrimal Duct	Hypothalamus	460.69	damnant_quod_non_intellegunt
diagnosis	GC-CASE-599094	GC-DX-957877	O_Tite_tute_Tati_tibi_tanta_tyranne_tulisti	Mucoepidermoid Neoplasms	Unknown	Langerhans cell histiocytosis, poly-ostotic	Occipital Bone	125	G3 High Grade	M1b	N1bIV	TX	8163/0	no_disease	Not Reported	300	650	New Tumor Event	579	Antecubital Region	Palatine Tonsil	570.13	nanos_gigantum_humeris_insidentes
diagnosis	GC-CASE-767435	GC-DX-809626	scientia,_aere_perennius	Mucoepidermoid Neoplasms	Not reported	Chronic myeloid leukemia, NOS	Lymphatic Basin	687	G3 High Grade	Not Reported	N0 (mol+)	T3c	9050/0	primary	Unknown	962	242	Tumor Free	1000	Palate	Mons Pubis	302.47	scientia_et_sapientia
diagnosis	GC-CASE-337916	GC-DX-840085	damnant_quod_non_intellegunt	Nerve Sheath Tumors	Dead	Cutaneous mastocytosis	Foot Joint	365	G2 Intermediate Grade	M0	N0	T1b1	9110/1	remission	Censored	780	887	Not Allowed To Collect	209	Cerebellopontine Angle	Skin of the Upper Limb and Shoulder	444.69	scientiae_et_patriae
diagnosis	GC-CASE-731879	GC-DX-461453	Gallia_est_omnis_divisa_in_partes_tres	Soft Tissue Tumors and Sarcomas, NOS	Dead	Infiltrative Fibromatosis	Central Nervous System	793	GB Borderline	MX	N0	T2	8402/3	progression	Not Allowed to Collect	89	883	With Tumor	107	External Lower Lip	Meibomian Gland	662.97	scientia_et_sapientia
diagnosis	GC-CASE-753260	GC-DX-555318	scientia,_aere_perennius	Unknown	Dead	Fibromyxosarcoma	Fallopian Tube	748	G1 Low Grade	Not Reported	N2	Tis (Paget's)	8650/0	progression	No	329	523	Localized Disease	304	Coracobrachialis	Glottis	793.19	nanos_gigantum_humeris_insidentes
diagnosis	GC-CASE-274208	GC-DX-164340	nanos_gigantum_humeris_insidentes	Lymphatic Vessel Tumors	Dead	Teratoma, malignant, NOS	Oculus Uterque (Both Eyes)	472	G2 Intermediate Grade	MX	N0 (mol-)	T3	8242/1	metastasis	Not Applicable	683	254	Distant Metastasis	508	Lip	Sacral Plexus	615.48	scientia_et_labor
diagnosis	GC-CASE-298799	GC-DX-344205	id_quod_plerumque_accidit	Neuroepitheliomatous Neoplasms	Not reported	Metanephric adenoma	Superior Limb and Shoulder	432	G2 Intermediate Grade	cM0 (i+)	N3c	T3b	9444/1	primary	Unknown	691	609	Not Allowed To Collect	302	Portal Lymph Node	Portal Lymph Node	832.33	sapiens_qui_prospicit
diagnosis	GC-CASE-979289	GC-DX-215056	cacatum_non_est_pictum	Gliomas	Not reported	Ependymoma, WHO Grade II	Nasopharynx	932	Not Applicable	cM0 (i+)	N3	T4	9040/3	metastasis	Unknown	574	19	Localized Disease	690	Descending Colon	Spermatic Cord	397.11	scientiae_et_patriae
diagnosis	GC-CASE-641265	GC-DX-733652	labor_ipse_voluptas	Leukemias	Not reported	SETTLE	Thorax	339	Not Applicable	M1	N1a	Tis (DCIS)	9801/3	remission	Not Applicable	102	724	New Tumor Event	395	Perineum	Corpus Uteri	457.19	haec_olim_meminisse_iuvabit
diagnosis	GC-CASE-729793	GC-DX-368266	a_bene_placito	Myomatous Neoplasms	Not reported	Immature teratoma, NOS	Pelvis/Sacrum	806	Not Applicable	M1a	N1bII	T1b2	8190/3	progression	Yes	734	901	Localized Disease	990	Sclera	Lower Lobe of the Lung	279.96	id_quod_plerumque_accidit
diagnosis	GC-CASE-730360	GC-DX-940975	scientiae_et_patriae	Thymic Epithelial Neoplasms	Unspecified	Well Differentiated Embryonal Rhabdomyosarcoma	Nasal Septum	55	Not Reported	M1	N1bII	T1mi	9724/3	no_disease	Not Reported	769	233	Localized Disease	721	Vagina	Myometrium	318.25	scientia,_aere_perennius
diagnosis	GC-CASE-549798	GC-DX-324715	barba_crescit_caput_nescit	Acinar Cell Neoplasms	Alive	8910/3 : Embryonal Rhabdomyosarcoma, NOS	Knee Joint	170	Not Reported	M0	N0 (mol+)	T1mi	8642/1	no_disease	Not Allowed to Collect	297	973	Tumor Free	281	Posterior Wall of the Bladder	Retromolar Trigone	885.5	cacatum_non_est_pictum
diagnosis	GC-CASE-130639	GC-DX-284528	saltus_in_demonstrando	Leukemias	Not reported	Myxoid Liposarcoma	Inguinal	515	G1 Low Grade	M1	N3a	T4d	8811/0	primary	Yes	522	744	Distant Metastasis	431	False Vocal Cord	Pectoralis Major	737.61	e_causa_ignota
diagnosis	GC-CASE-967763	GC-DX-369562	id_quod_plerumque_accidit	Fibromatous Neoplasms	Unknown	High-grade pleomorphic sarcoma	Trunk - Paraspinal	568	GB Borderline	Unknown	N4	Tis (Paget's)	8005/0	progression	Yes	284	973	Regional Disease	539	Mucosa of the Upper Lip	Inguinal Lymph Node	663.01	nanos_gigantum_humeris_insidentes
diagnosis	GC-CASE-420869	GC-DX-134424	sapiens_qui_prospicit	Giant Cell Tumors	Unknown	Islet cell adenocarcinoma	Bone or Bone Marrow	330	Not Reported	M0	N0 (mol+)	T4e	8264/0	metastasis	Not Allowed to Collect	414	601	Regional Disease	735	Iliac Vein	Pectoralis Major	782.82	labor_ipse_voluptas
diagnosis	GC-CASE-118595	GC-DX-696850	scientia_et_labor	Leukemias	Alive	Composite carcinoid	Vulva	396	G1 Low Grade	M1c	N1	T2d	9441/3	recurrence	Not Applicable	82	494	Not Reported	106	Subglottis	Male Genitalia	798.1	barba_crescit_caput_nescit
diagnosis	GC-CASE-719243	GC-DX-814389	pace_tua	Epithelial Neoplasms, NOS	Unspecified	Inflammatory Myofibroblastic Tumor	Patella	165	Unknown	MX	Unknown	T4d	9400/3	metastasis	Yes	385	717	New Tumor Event	798	Corpus Striatum	Lymph Node	310.86	scientia_imperii_decus_et_tutamen
diagnosis	GC-CASE-130372	GC-DX-407665	nascentes_morimur_finisque_ab_origine_pendet	Adenomas and Adenocarcinomas	Unknown	Meningeal melanocytoma	Craniospinal	574	Not Reported	MX	N1c	T1b	8800/3	progression	Not Allowed to Collect	261	410	With Tumor	403	Forearm	Adrenal Cortex	519.42	O_Tite_tute_Tati_tibi_tanta_tyranne_tulisti
diagnosis	GC-CASE-404291	GC-DX-276986	scientiae_cedit_mare	Giant Cell Tumors	Dead	Melanoma, malignant, of soft parts	Mediastinum	224	G1 Low Grade	Unknown	N1a	T3b	8074/3	recurrence	Not Allowed to Collect	276	211	Distant Metastasis	941	Brain Ventricle	Masseter Muscle	769.74	scientia_et_labor
diagnosis	GC-CASE-173106	GC-DX-528105	cacatum_non_est_pictum	Fibroepithelial Neoplasms	Unspecified	Spongioneuroblastoma	Cauda Equina Spinal Cord	426	Unknown	Unknown	N0 (i-)	Tis	9220/3	primary	Not Allowed to Collect	690	606	Distant Metastasis	18	Mesenteric Artery	Ascending Colon	692.79	id_quod_plerumque_accidit
diagnosis	GC-CASE-237225	GC-DX-648769	barba_crescit_caput_nescit	Not Otherwise Specified	Unknown	Low-grade Glial/Neuronal Tumor	Celiac Nodes	602	Not Reported	MX	N0 (mol-)	T3a	8003/3	remission	Not Allowed to Collect	50	602	Localized Disease	453	Obturator Nerve	Round Ligament of the Uterus	55.69	haec_olim_meminisse_iuvabit
diagnosis	GC-CASE-955495	GC-DX-941781	nanos_gigantum_humeris_insidentes	Miscellaneous Tumors	Not reported	Thymoma, type B2, malignant	Supraclavicular Nodes	72	Not Applicable	M0	N0 (mol-)	T4a	8811/1	progression	Not Allowed to Collect	189	72	Biochemical evidence of disease without structural correlate	542	Labium	Flank	776.88	Obedientia_civium_urbis_felicitas
diagnosis	GC-CASE-302092	GC-DX-267246	scientia,_aere_perennius	Adenomas and Adenocarcinomas	Alive	Squamous cell epithelioma	Colon	940	Not Reported	M1b	N3a	T2b	8340/3	progression	Censored	628	642	Regional Disease	127	Visceral Pleura	Mucosa of the Lip	20.34	faber_est_suae_quisque_fortunae
diagnosis	GC-CASE-871825	GC-DX-713881	a_bene_placito	Nerve Sheath Tumors	Not reported	Neuroblastoma, Undifferentiated Type	Optic Chiasm	667	Unknown	M0	N0 (i+)	T3d	9424/3	remission	Yes	174	576	Not Allowed To Collect	598	Pylorus	Cervical Gland	446.13	scientiae_et_patriae
diagnosis	GC-CASE-501435	GC-DX-791677	scientiae_cedit_mare	Fibromatous Neoplasms	Not reported	Intermediate and giant congenital nevus	Adjacent Organ	64	G4 Anaplastic	M1a	N1c	T1a1	8772/3	progression	Yes	581	739	Unknown	11	Internal Iliac Lymph Node	Umbilicus	772.33	cacatum_non_est_pictum
diagnosis	GC-CASE-598376	GC-DX-337011	nanos_gigantum_humeris_insidentes	Mast Cell Neoplasm	Unknown	Carotid body tumor	Leg	793	G1 Low Grade	Unknown	Not Reported	T1a1	8508/3	remission	No	28	693	With Tumor	106	Bronchus	Abdominal Muscle	670.21	nascentes_morimur_finisque_ab_origine_pendet
diagnosis	GC-CASE-152671	GC-DX-348509	salus_in_arduis	Odontogenic Tumors	Unspecified	c-ALL	Brain	178	G2 Intermediate Grade	M1	N0 (mol+)	T2d	8560/3	recurrence	Not Reported	568	90	Localized Disease	621	Hyoid Bone	C2 Vertebra	999.22	scientia_et_sapientia
diagnosis	GC-CASE-623714	GC-DX-212695	cacatum_non_est_pictum	Epithelial Neoplasms, NOS	Unspecified	Papillary Thyroid Carcinoma, Classic Type	Rib	104	GB Borderline	M1a	N1bII	T2a	8191/0	metastasis	Not Applicable	237	715	Distant Metastasis	445	External Nose	Chest	595.75	nascentes_morimur_finisque_ab_origine_pendet
diagnosis	GC-CASE-221722	GC-DX-611945	scientiae_et_patriae	Miscellaneous Tumors	Unspecified	Juvenile myelomonocytic leukemia	Anal/Perianal	890	G3 High Grade	M1c	N0 (i+)	T4e	8507/3	recurrence	Not Allowed to Collect	945	286	Tumor Free	177	Nasal Cartilage	Radial Artery	768.44	nascentes_morimur_finisque_ab_origine_pendet
diagnosis	GC-CASE-491373	GC-DX-881186	salus_in_arduis	Myelodysplastic Syndromes	Dead	Synovioma, benign	Stomach	805	GB Borderline	M1c	N3a	T3b	8935/3	remission	Not Applicable	494	542	Distant Metastasis	23	Lens	Cerebral Hemisphere	77.66	scientiae_cedit_mare
diagnosis	GC-CASE-877420	GC-DX-472956	nanos_gigantum_humeris_insidentes	Miscellaneous Tumors	Not reported	Glioma, Malignant, Other, Other CNS Tumor, NOS Or NEC	Knee Joint	652	G4 Anaplastic	Unknown	N2b	T3b	8270/0	progression	Not Reported	566	955	Distant Metastasis	354	Male Prepuce	Ovary	287.58	Gallia_est_omnis_divisa_in_partes_tres
diagnosis	GC-CASE-144964	GC-DX-656401	sapiens_qui_prospicit	Paragangliomas and Glomus Tumors	Unknown	Malignant giant cell tumor of soft parts	Pre-auricular Nodes	302	GB Borderline	Unknown	N1	T1c	8727/0	primary	No	364	525	Localized Disease	225	Lateral Wall of the Nasopharynx	Cranial Nerve	769.64	Macte_animo_Generose_puer_sic_itur_ad_astra
diagnosis	GC-CASE-160995	GC-DX-872679	damnant_quod_non_intellegunt	Thymic Epithelial Neoplasms	Dead	Medulloblastoma, CNS-WHO Grade 4	Rib	866	Not Reported	M1c	N0 (mol-)	Ta	9812/3	primary	No	592	585	Not Reported	222	Antrum Pylori	Corpus Callosum	877.01	Obedientia_civium_urbis_felicitas
diagnosis	GC-CASE-321176	GC-DX-508515	scientia_imperii_decus_et_tutamen	Miscellaneous Bone Tumors	Unspecified	Trichilemmal carcinoma	Mesenteric Nodes	838	G2 Intermediate Grade	M1	N4	Ta	9511/3	primary	Not Applicable	174	518	With Tumor	891	Foot Bone	Inguinal Region	350.05	cacatum_non_est_pictum
diagnosis	GC-CASE-967600	GC-DX-971293	scientia_imperii_decus_et_tutamen	Fibromatous Neoplasms	Alive	Desmoplastic Nodular Medulloblastoma, Medulloblastoma, Medulloblastoma, SHH-Activated And TP53-Wildtype	Neck	657	Unknown	Not Reported	N1bII	T2b	8090/3	recurrence	No	529	567	New Tumor Event	809	Bone of the Extremity	Seminal Vesicle	947.13	scientia_imperii_decus_et_tutamen
diagnosis	GC-CASE-789366	GC-DX-192648	id_quod_plerumque_accidit	Miscellaneous Bone Tumors	Alive	Hairy cell leukemia variant	Pineal	254	Unknown	M1	N1bII	Tis (Paget's)	8722/0	primary	Yes	19	551	Not Applicable	395	Pectoralis Major	Ileum	813.74	scientia_imperii_decus_et_tutamen
diagnosis	GC-CASE-567970	GC-DX-639524	scientia,_aere_perennius	Granular Cell Tumors and Alveolar Soft Part Sarcomas	Not reported	Lentiginous Melanocytic Nevus	Foot	778	GB Borderline	cM0 (i+)	N0 (i-)	T3d	9869/3	no_disease	Not Allowed to Collect	144	376	Localized Disease	861	Upper-Inner Quadrant of the Breast	Cranial Nerve	466.4	a_bene_placito
diagnosis	GC-CASE-515930	GC-DX-667787	saltus_in_demonstrando	Trophoblastic neoplasms	Not reported	Clear cell chondrosarcoma	Tonsil	470	GB Borderline	Not Reported	N0 (i+)	T4	9083/3	remission	Not Applicable	443	737	Tumor Free	608	Celiac Lymph Node	Lacrimal Sac	35.11	damnant_quod_non_intellegunt
diagnosis	GC-CASE-120034	GC-DX-614372	Gallia_est_omnis_divisa_in_partes_tres	Giant Cell Tumors	Alive	Squamous Cell Carcinoma Nos	Orbit	415	G4 Anaplastic	M1b	Not Reported	T1a	8858/3	no_disease	Not Allowed to Collect	394	845	Distant Metastasis	179	Cochlear Nerve	Pancreatic Lymph Node	423.76	e_causa_ignota
diagnosis	GC-CASE-318656	GC-DX-598596	nascentes_morimur_finisque_ab_origine_pendet	Myxomatous Neoplasms	Dead	Non-Germinomatous Germ Cell Tumor	Foot Phalanges	117	GB Borderline	M1b	N1	Unknown	8344/3	no_disease	Censored	906	423	Distant Metastasis	248	Mesonephros	Mentum	652.19	sapiens_qui_prospicit
diagnosis	GC-CASE-269669	GC-DX-347548	O_Tite_tute_Tati_tibi_tanta_tyranne_tulisti	Lymphatic Vessel Tumors	Unspecified	Adenocarcinoma With Mixed Subtypes	Parietal Cortex	663	G2 Intermediate Grade	M1a	N0 (i-)	T1c	8722/0	remission	Censored	664	268	Localized Disease	429	Adrenal Gland	Labium Majus	756.74	scientiae_cedit_mare
diagnosis	GC-CASE-792984	GC-DX-969850	Obedientia_civium_urbis_felicitas	Paragangliomas and Glomus Tumors	Not reported	Low Grade Primary CNS Neoplasm	Trunk - Paraspinal	888	G2 Intermediate Grade	M1c	N4	TX	9385/3	primary	Unknown	476	799	With Tumor	627	Connective Tissue	Superior Vena Cava	515.85	cacatum_non_est_pictum
diagnosis	GC-CASE-120400	GC-DX-777646	nanos_gigantum_humeris_insidentes	Mucoepidermoid Neoplasms	Unspecified	NK-cell large granular lymphocytic leukemia	Rib	645	Not Reported	M1a	N1a	Tis (Paget's)	9759/3	remission	Not Allowed to Collect	620	907	New Tumor Event	348	Finger	Ovary	149.94	scientia,_aere_perennius
diagnosis	GC-CASE-132885	GC-DX-339005	Obedientia_civium_urbis_felicitas	Myelodysplastic Syndromes	Not reported	Low grade appendiceal mucinous neoplasm	Occipital Bone	203	Not Reported	M1b	Unknown	T2a1	8211/3	recurrence	Unknown	870	151	Regional Disease	27	Skin of the Face	Pancreatic Lymph Node	217.71	e_causa_ignota
diagnosis	GC-CASE-811012	GC-DX-457776	scientia_et_sapientia	Lipomatous Neoplasms	Unknown	Spitz nevus	Inguinal or Femoral Nodes	223	Not Applicable	M1b	N1mi	TX	8982/0	metastasis	Unknown	19	763	Localized Disease	433	Pylorus	Ovary	60.43	damnant_quod_non_intellegunt
diagnosis	GC-CASE-405854	GC-DX-691930	Gallia_est_omnis_divisa_in_partes_tres	Mesothelial Neoplasms	Alive	Eosinophil adenocarcinoma	Meninges	489	Not Reported	Not Reported	N0 (i+)	Tis (Paget's)	8770/0	progression	Not Allowed to Collect	911	451	Localized Disease	956	Eyelid	Artery	867.25	Obedientia_civium_urbis_felicitas
diagnosis	GC-CASE-371577	GC-DX-358872	e_causa_ignota	Mesothelial Neoplasms	Unspecified	Colon Adenocarcinoma	Regional Lymph Nodes	511	Not Applicable	M1	N2c	T4b	8934/3	remission	Not Reported	144	236	Not Reported	40	Sublingual Lymph Node	Pubic Symphysis	887.32	Gallia_est_omnis_divisa_in_partes_tres
diagnosis	GC-CASE-790318	GC-DX-208369	pace_tua	Neoplasms, NOS	Not reported	Pancreas-Adenosquamous Carcinoma	Cervical Vertebra	222	G1 Low Grade	M1c	N0	TX	9220/1	progression	No	961	167	New Tumor Event	480	Vena Cava	Paraaortic Lymph Node	432.82	pace_tua
diagnosis	GC-CASE-852127	GC-DX-885735	cacatum_non_est_pictum	Not Reported	Dead	Myeloid neoplasms with PDGFRB rearrangement	Cerebellum	177	G2 Intermediate Grade	M1c	Not Reported	T3b	9700/3	primary	Unknown	80	527	Not Reported	146	Waldeyer's Tonsillar Ring	Wrist Joint	599.02	cacatum_non_est_pictum
diagnosis	GC-CASE-757430	GC-DX-265479	saltus_in_demonstrando	Transitional Cell Papillomas and Carcinomas	Unknown	Basal cell adenocarcinoma	Brain/Leptomeninges	207	G3 High Grade	MX	N3b	T1b2	9051/0	progression	Yes	64	751	Distant Metastasis	670	Ischiorectal Fossa	Corpus Callosum	477.21	id_quod_plerumque_accidit
diagnosis	GC-CASE-789869	GC-DX-117527	scientia_et_labor	Transitional Cell Papillomas and Carcinomas	Unknown	Retinoblastoma, spontaneously regressed	Hand Phalanges	903	GX Grade Cannot Be Assessed	M1a	N3c	T2a2	8552/3	remission	Not Reported	97	353	Tumor Free	669	Tibia	Endocervix	604.19	Macte_animo_Generose_puer_sic_itur_ad_astra
diagnosis	GC-CASE-296422	GC-DX-679893	imperium_in_imperio	Not Reported	Not reported	Malignant lymphoma, large cell, cleaved and noncleaved	Spleen	488	G1 Low Grade	Not Reported	N2b	T2b	8170/0	recurrence	Yes	988	248	Not Applicable	253	Eyelid	Rathke Pouch	456.09	id_quod_plerumque_accidit
diagnosis	GC-CASE-434134	GC-DX-608200	Obedientia_civium_urbis_felicitas	Synovial-like Neoplasms	Dead	CNS Embryonal Tumor	Ureter	828	G1 Low Grade	M1	N1bIV	Not Reported	8894/3	remission	Not Reported	977	918	Localized Disease	445	Radius Bone	Clitoris	648.8	scientia,_aere_perennius
diagnosis	GC-CASE-210048	GC-DX-115171	imperium_in_imperio	Immunoproliferative Diseases	Not reported	Langerhans Cell Histiocytosis, Disseminated	Fallopian Tube	924	G1 Low Grade	M1a	NX	T4e	8245/1	no_disease	Not Allowed to Collect	683	396	Not Applicable	836	Nose	Ependyma	587.11	scientia_et_sapientia
diagnosis	GC-CASE-990631	GC-DX-821256	faber_est_suae_quisque_fortunae	Not Reported	Unknown	Beta cell tumor, malignant	Skull and Face Bone	726	G1 Low Grade	M0	Not Reported	Ta	8100/0	progression	Censored	951	10	Not Applicable	92	Brain Ventricle	Brachialis	498.24	e_causa_ignota
diagnosis	GC-CASE-827339	GC-DX-554225	barba_crescit_caput_nescit	Soft Tissue Tumors and Sarcomas, NOS	Not reported	Refractory anemia with ring sideroblasts associated with marked thrombocytosis	Intrathoracic	615	G1 Low Grade	M1c	N1	Unknown	9230/3	recurrence	Not Reported	61	587	Not Reported	239	Elbow Skin	Forehead	370.01	salus_in_arduis
diagnosis	GC-CASE-717625	GC-DX-212891	e_causa_ignota	Adenomas and Adenocarcinomas	Not reported	Mixed-Phenotype Acute Leukemia, T/Myeloid, Not Otherwise Specified	Bone Face	264	Unknown	M1a	N2b	T4d	8570/3	recurrence	Not Applicable	175	247	Not Applicable	733	Main Bronchus	Obturator Lymph Node	925.63	saltus_in_demonstrando
diagnosis	GC-CASE-484625	GC-DX-816793	scientia_imperii_decus_et_tutamen	Osseous and Chondromatous Neoplasms	Not reported	Malignant lymphoma, lymphoplasmacytoid	Superior Limb and Shoulder	365	Not Reported	M1	Not Reported	T3c	8584/1	progression	No	574	237	Localized Disease	296	Splenic Hilar Lymph Node	Lip	371.05	scientia,_aere_perennius
diagnosis	GC-CASE-629182	GC-DX-969913	haec_olim_meminisse_iuvabit	Not Otherwise Specified	Alive	Noninvasive pancreatobiliary papillary neoplasm with low grade intraepithelial neoplasia	Gallbladder	239	Unknown	Not Reported	N0 (mol+)	T4c	9832/3	primary	Censored	210	389	Not Applicable	810	Thoracic Esophagus	Sclera	894.42	haec_olim_meminisse_iuvabit
diagnosis	GC-CASE-970911	GC-DX-908789	scientia_et_sapientia	Soft Tissue Tumors and Sarcomas, NOS	Unknown	Chondroblastic osteosarcoma	Iliac Crest	366	Unknown	M0	N1a	T1b2	8500/6	primary	Unknown	185	604	Tumor Free	845	Epicardium	Intercostal Lymph Node	772.44	O_Tite_tute_Tati_tibi_tanta_tyranne_tulisti
diagnosis	GC-CASE-195606	GC-DX-770525	scientia_imperii_decus_et_tutamen	Meningiomas	Alive	Extra-adrenal paraganglioma, malignant	Distant Lymph Nodes	652	Not Applicable	MX	N0 (mol+)	T3d	9570/0	progression	Yes	120	751	Regional Disease	200	Acromioclavicular Joint	Bronchial Lymph Node	279.21	salus_in_arduis
diagnosis	GC-CASE-420992	GC-DX-654392	scientia_et_labor	Lipomatous Neoplasms	Dead	Gangliocytic paraganglioma	Cerebellum	649	G4 Anaplastic	M1a	N1bI	T3a	9330/0	recurrence	Not Allowed to Collect	678	880	Biochemical evidence of disease without structural correlate	55	Clitoris	Nasal Cartilage	69.26	scientia,_aere_perennius
diagnosis	GC-CASE-570642	GC-DX-188214	scientia_et_sapientia	Granular Cell Tumors and Alveolar Soft Part Sarcomas	Dead	Solid Pseudopapillary Neoplasm Of Pancreas	Anal/Perianal	755	G1 Low Grade	M1a	N0 (i+)	Not Reported	8131/3	primary	Yes	209	466	Tumor Free	278	Trunk	Intra-Abdominal Lymph Node	322.47	barba_crescit_caput_nescit
diagnosis	GC-CASE-909453	GC-DX-835770	scientia_imperii_decus_et_tutamen	Myelodysplastic Syndromes	Alive	Epithelial-Myoepithelial Carcinoma	Oculus Uterque (Both Eyes)	815	Unknown	M0	N2c	Tis	8040/3	progression	Not Reported	506	740	Regional Disease	823	Ceruminous Gland	Cheek	879.76	e_causa_ignota
diagnosis	GC-CASE-998273	GC-DX-679542	cacatum_non_est_pictum	Complex Mixed and Stromal Neoplasms	Dead	Clear cell cystic tumor of borderline malignancy	Lumbar Spinal Cord	58	GX Grade Cannot Be Assessed	Not Reported	N0 (i+)	T1a	9965/3	recurrence	No	752	871	Not Applicable	989	Rectosigmoid Colon	Gastrocnemius Muscle	879.19	labor_ipse_voluptas
diagnosis	GC-CASE-351663	GC-DX-915384	scientia,_aere_perennius	Squamous Cell Neoplasms	Alive	Lobular adenocarcinoma	Third Ventricle	293	Not Applicable	MX	N0	T1c	9310/3	progression	Yes	314	592	Not Reported	575	Body of Stomach	Vena Cava	969.58	Macte_animo_Generose_puer_sic_itur_ad_astra
diagnosis	GC-CASE-434330	GC-DX-549343	saltus_in_demonstrando	Neoplasms, NOS	Unknown	Basophil adenocarcinoma	Lumbar Vertebra	262	GX Grade Cannot Be Assessed	M0	N3b	T2	8713/0	no_disease	Yes	595	125	New Tumor Event	623	Ulnar Artery	Lip	255.46	saltus_in_demonstrando
diagnosis	GC-CASE-198216	GC-DX-225230	e_causa_ignota	Epithelial Neoplasms, NOS	Dead	Positive for lesional tissue, favor low-grade glioma, additional studies pending.	Sternum/Chest Wall	407	Not Reported	MX	N2b	T1	8401/0	remission	Not Applicable	293	201	Localized Disease	648	Posterior Wall of the Bladder	Eye	364.12	sapiens_qui_prospicit
diagnosis	GC-CASE-319579	GC-DX-709492	nanos_gigantum_humeris_insidentes	Lymphatic Vessel Tumors	Unknown	Fibromatosis	Bronchus	246	Not Reported	cM0 (i+)	N1c	Tis (Paget's)	9102/3	progression	Not Applicable	151	667	Not Allowed To Collect	431	Hippocampus	Patella	904.77	barba_crescit_caput_nescit
diagnosis	GC-CASE-335116	GC-DX-755885	scientiae_cedit_mare	Squamous Cell Neoplasms	Alive	Acinar cell carcinoma	Zygomatic Bone	143	G2 Intermediate Grade	Not Reported	N1b	T1b2	8401/0	metastasis	Not Allowed to Collect	118	968	New Tumor Event	812	Mucosa of the Lip	Lobule of the Auricle	812.81	nanos_gigantum_humeris_insidentes
diagnosis	GC-CASE-666720	GC-DX-578589	Obedientia_civium_urbis_felicitas	Mast Cell Neoplasm	Unspecified	Adenocarcinoma,NOS, Glioblastoma, NOS	Lymphatic Basin	666	G3 High Grade	M1a	N0	T1mi	8800/6	remission	Unknown	89	560	Tumor Free	839	Hypopharynx	Internal Capsule	617.98	scientiae_cedit_mare
diagnosis	GC-CASE-265407	GC-DX-115808	scientia,_aere_perennius	Neuroepitheliomatous Neoplasms	Not reported	Burkitt tumor	Cervical Spine	346	G3 High Grade	M1c	N1bI	T1c	8762/1	progression	No	587	107	Tumor Free	206	Ethmoid Sinus	Choroid Plexus of the Lateral Ventricle	334.16	haec_olim_meminisse_iuvabit
diagnosis	GC-CASE-636941	GC-DX-403493	Macte_animo_Generose_puer_sic_itur_ad_astra	Adnexal and Skin Appendage Neoplasms	Unknown	Neuroendocrine tumor, well differentiated	Skin	561	GX Grade Cannot Be Assessed	Unknown	N0 (i-)	T2b	9987/3	metastasis	No	195	707	Localized Disease	56	Jejunum	Central Portion of the Breast	676.19	scientiae_cedit_mare
diagnosis	GC-CASE-101727	GC-DX-453006	saltus_in_demonstrando	Mucoepidermoid Neoplasms	Unknown	Choriocarcinoma Combined With Other Germ Cell Elements	Mandible	540	G2 Intermediate Grade	cM0 (i+)	N3b	T3b	8602/0	progression	Yes	671	539	Tumor Free	148	Sacral Plexus	Endometrium	995.82	nascentes_morimur_finisque_ab_origine_pendet
diagnosis	GC-CASE-414913	GC-DX-427994	nanos_gigantum_humeris_insidentes	Not Otherwise Specified	Not reported	Thymoma, type B2, malignant	Temporal Bone	189	Not Reported	cM0 (i+)	N0	T1a	8440/3	metastasis	Not Reported	639	258	Unknown	444	Biliary Tract	Subglottis	182.13	Obedientia_civium_urbis_felicitas
diagnosis	GC-CASE-253942	GC-DX-774319	imperium_in_imperio	Basal Cell Neoplasms	Dead	Neoplasm, Malignant, Astrocytoma, IDH-Mutant, Low-Grade Glioma	Epitrochlear or Brachial Nodes	804	G1 Low Grade	M0	N0 (mol-)	T1a1	9421/1	remission	Not Allowed to Collect	233	227	With Tumor	848	Scalene Lymph Node	Portal Lymph Node	330.75	labor_ipse_voluptas
diagnosis	GC-CASE-279459	GC-DX-619579	nascentes_morimur_finisque_ab_origine_pendet	Paragangliomas and Glomus Tumors	Alive	Choroid plexus papilloma, WHO grade 1	Parietal Lobe	213	G4 Anaplastic	cM0 (i+)	N1mi	T5	9582/0	metastasis	Not Allowed to Collect	388	761	Localized Disease	809	Paratracheal Lymph Node	Cerebral Cortex	683.66	saltus_in_demonstrando
diagnosis	GC-CASE-531269	GC-DX-212163	O_Tite_tute_Tati_tibi_tanta_tyranne_tulisti	Nevi and Melanomas	Dead	Malignant Melanoma, NOS	Temporal Bone	430	GX Grade Cannot Be Assessed	M1b	N1bIV	T3c	8261/3	no_disease	Not Allowed to Collect	855	240	Localized Disease	382	Sternocleidomastoid Muscle	Uvea	731.94	damnant_quod_non_intellegunt
diagnosis	GC-CASE-466965	GC-DX-225290	Gallia_est_omnis_divisa_in_partes_tres	Miscellaneous Tumors	Unspecified	PPNET	Deep Facial Areas	807	Not Applicable	cM0 (i+)	N1bI	Unknown	8041/3	metastasis	Yes	863	107	New Tumor Event	442	Ureter	Abducens Nerve	396.34	salus_in_arduis
diagnosis	GC-CASE-939915	GC-DX-519007	Gallia_est_omnis_divisa_in_partes_tres	Ductal and Lobular Neoplasms	Unspecified	Systemic tissue mast cell disease	Spine	143	Not Reported	cM0 (i+)	N2a	Unknown	8525/3	metastasis	No	191	538	Distant Metastasis	804	Spinal Nerve	Mesonephric Duct	731.59	labor_ipse_voluptas
diagnosis	GC-CASE-428034	GC-DX-538291	nascentes_morimur_finisque_ab_origine_pendet	Miscellaneous Bone Tumors	Alive	Trabecular carcinoma	Sternum	126	Unknown	MX	N1bI	T4c	9950/3	primary	Unknown	729	707	New Tumor Event	769	Bone Marrow	Adrenal Medulla	156.44	labor_ipse_voluptas
diagnosis	GC-CASE-865919	GC-DX-830088	Obedientia_civium_urbis_felicitas	Mesothelial Neoplasms	Alive	Juvenile nevus	Hand Phalanges	672	G1 Low Grade	M1b	N1bIV	T1b	9680/3	metastasis	Unknown	614	823	Biochemical evidence of disease without structural correlate	862	Fascia	True Vocal Cord	459.54	nanos_gigantum_humeris_insidentes
diagnosis	GC-CASE-917139	GC-DX-653140	scientia_imperii_decus_et_tutamen	Mucoepidermoid Neoplasms	Not reported	Lobular and ductal carcinoma	Intraspinal	353	GX Grade Cannot Be Assessed	M1	N1bIV	Tis (Paget's)	9423/3	metastasis	Not Allowed to Collect	444	708	Distant Metastasis	633	Hepatic	Glottis	342.45	barba_crescit_caput_nescit
diagnosis	GC-CASE-135964	GC-DX-311642	haec_olim_meminisse_iuvabit	Lymphatic Vessel Tumors	Unspecified	LCIS, NOS	Eyelid	535	Unknown	M1a	N1	T4	9251/3	no_disease	Not Reported	651	343	Not Allowed To Collect	908	Parotid Duct	Eyelid	689.73	a_bene_placito
diagnosis	GC-CASE-546831	GC-DX-683951	saltus_in_demonstrando	Nerve Sheath Tumors	Unknown	Thymoma, medullary, malignant	Superior Limb and Shoulder	757	G4 Anaplastic	M1b	N1	T2a1	8504/3	metastasis	Yes	871	476	Not Reported	274	Common Bile Duct	Popliteal Lymph Node	912.11	faber_est_suae_quisque_fortunae
diagnosis	GC-CASE-998469	GC-DX-694428	salus_in_arduis	Leukemias	Not reported	Malignant serous adenofibroma	Forearm	353	G2 Intermediate Grade	M1b	N3a	Tis (DCIS)	9124/3	remission	Not Reported	807	559	Not Applicable	713	Inguinal Lymph Node	Middle Cranial Fossa	600.52	scientia_et_sapientia
diagnosis	GC-CASE-789065	GC-DX-916126	nanos_gigantum_humeris_insidentes	Adnexal and Skin Appendage Neoplasms	Unknown	Nested urothelial carcinoma	Femur	612	Not Reported	MX	N4	Not Reported	9086/3	progression	No	728	563	Not Reported	827	Rectosigmoid Colon	Posterior Wall of the Pharynx	784.6	Obedientia_civium_urbis_felicitas
diagnosis	GC-CASE-194922	GC-DX-346903	barba_crescit_caput_nescit	Acinar Cell Neoplasms	Unspecified	Glioblastoma, NOS	Tonsil	887	G4 Anaplastic	M1	N1a	T4e	8633/1	progression	Censored	738	770	Distant Metastasis	722	Bronchial Lymph Node	Upper Extremity	157.79	nascentes_morimur_finisque_ab_origine_pendet
diagnosis	GC-CASE-145392	GC-DX-457820	scientia_imperii_decus_et_tutamen	Miscellaneous Tumors	Dead	Paraganglioma, benign	Ethmoid Bone	299	Not Applicable	MX	N3	T2c	8121/1	remission	Unknown	758	623	Distant Metastasis	345	Falx Cerebelli	Middle Cranial Fossa	576.39	e_causa_ignota
diagnosis	GC-CASE-429878	GC-DX-669974	scientia_et_labor	Neoplasms, NOS	Not reported	Malignant mucinous adenofibroma	Upper Extremity	259	G3 High Grade	M1b	N1b	Ta	8740/3	remission	Yes	24	848	Distant Metastasis	194	Portal Lymph Node	Intraocular Route of Administration	633.92	scientia_et_labor
diagnosis	GC-CASE-531661	GC-DX-830559	scientia_et_sapientia	Synovial-like Neoplasms	Unspecified	Meningioma, NOS, Other	Kidney	183	GX Grade Cannot Be Assessed	M1b	N2c	T2a	8240/6	metastasis	No	635	289	Unknown	15	Pericardium	Hematopoietic System	911.13	nascentes_morimur_finisque_ab_origine_pendet
diagnosis	GC-CASE-100351	GC-DX-735221	id_quod_plerumque_accidit	Squamous Cell Neoplasms	Dead	Enteropathy associated T-cell lymphoma	Foot Phalanges	640	Unknown	MX	N1b	T4	8693/3	remission	Yes	929	900	New Tumor Event	767	Tail of the Pancreas	Bile Canaliculus	973.8	labor_ipse_voluptas
diagnosis	GC-CASE-484627	GC-DX-403088	faber_est_suae_quisque_fortunae	Neoplasms, NOS	Not reported	Juxtacortical chondrosarcoma	Pancreas	531	G3 High Grade	Not Reported	N0 (mol-)	T0	8221/3	primary	Censored	581	679	Tumor Free	479	Upper-Inner Quadrant of the Breast	Bladder Trigone	148.71	saltus_in_demonstrando
diagnosis	GC-CASE-392022	GC-DX-786473	scientiae_cedit_mare	Osseous and Chondromatous Neoplasms	Unknown	Lipomatous medulloblastoma	Frontal Bone	286	Not Reported	M0	N0 (mol+)	T3a	8158/1	remission	Censored	300	415	Tumor Free	370	Thyroglossal Duct	Artery	120.67	haec_olim_meminisse_iuvabit
diagnosis	GC-CASE-588684	GC-DX-436954	Macte_animo_Generose_puer_sic_itur_ad_astra	Trophoblastic neoplasms	Dead	Gemistocytic astrocytoma	Waldeyer's Ring	808	G4 Anaplastic	M1	N4	T4a	8505/0	remission	No	810	787	Not Applicable	549	Thalamus	Thyroglossal Duct	764.4	scientia,_aere_perennius
diagnosis	GC-CASE-701641	GC-DX-449383	scientia,_aere_perennius	Leukemias	Unknown	Anaplastic oligoastrocytoma	Splenic Hilar Nodes	533	G1 Low Grade	M0	Unknown	T4	8930/3	progression	Unknown	613	655	Unknown	832	Lower-Inner Quadrant of the Breast	Choroid	341.37	saltus_in_demonstrando
diagnosis	GC-CASE-733671	GC-DX-466762	cacatum_non_est_pictum	Mast Cell Neoplasm	Alive	Colloid adenoma	Foot Joint	400	Not Reported	MX	N3a	T2a1	9834/3	no_disease	Not Allowed to Collect	719	31	New Tumor Event	712	Common Bile Duct	Tracheobronchial Lymph Node	292.64	nascentes_morimur_finisque_ab_origine_pendet
diagnosis	GC-CASE-879915	GC-DX-599844	sapiens_qui_prospicit	Osseous and Chondromatous Neoplasms	Unknown	Low-grade astrocytoma	Superior Maxilla	214	G3 High Grade	M1b	Unknown	T4b	8975/1	metastasis	Not Reported	641	219	Biochemical evidence of disease without structural correlate	598	Pylorus	Skin of the Face	283.92	pace_tua
diagnosis	GC-CASE-442103	GC-DX-453117	scientiae_et_patriae	Lipomatous Neoplasms	Not reported	Papillary microcarcinoma	Tonsil	837	G2 Intermediate Grade	M1	N3a	T1a2	8214/3	remission	No	76	480	Localized Disease	401	Esophagus	Descending Colon	271.51	scientia,_aere_perennius
diagnosis	GC-CASE-930135	GC-DX-210803	pace_tua	Transitional Cell Papillomas and Carcinomas	Not reported	Choroid Plexus Papilloma, NOS, Choroid Plexus Tumors	Bone Marrow	203	G1 Low Grade	M1c	N0 (i+)	T3c	8825/3	metastasis	Censored	275	226	Not Reported	315	Posterior Cranial Fossa	Lacrimal Gland	792.67	Obedientia_civium_urbis_felicitas
diagnosis	GC-CASE-250684	GC-DX-208865	pace_tua	Mesothelial Neoplasms	Unspecified	Histologically Low-Grade Glioma With Pilocytic Features, Most Suggestive Of Pilocytic Astrocytoma	Parietal Cortex	907	Unknown	M1c	N0 (i+)	T2	8960/1	no_disease	Yes	68	538	Biochemical evidence of disease without structural correlate	403	Nasolacrimal Duct	External Lower Lip	116.38	O_Tite_tute_Tati_tibi_tanta_tyranne_tulisti
diagnosis	GC-CASE-106808	GC-DX-655109	scientia,_aere_perennius	Lymphatic Vessel Tumors	Unknown	Neoplasm, Metastatic	Inguinal	249	G4 Anaplastic	MX	N0	T3a	8571/3	progression	Censored	442	865	Localized Disease	423	Colon	Suprasellar Region	426.77	scientiae_cedit_mare
diagnosis	GC-CASE-803390	GC-DX-761469	labor_ipse_voluptas	Not Applicable	Alive	Carcinoid, NOS, of appendix	Hand	454	G1 Low Grade	Unknown	N1bIII	T4a	8891/0	primary	No	885	322	Localized Disease	742	Appendage of the Uterus	Mammary Gland	313.52	scientia_imperii_decus_et_tutamen
diagnosis	GC-CASE-349273	GC-DX-421519	barba_crescit_caput_nescit	Myxomatous Neoplasms	Dead	Pilocytic Astrocytoma, CNS WHO Grade I	Superior Limb and Shoulder	618	G1 Low Grade	Not Reported	N0 (i+)	T4e	8402/0	metastasis	Not Reported	510	960	Tumor Free	497	Renal Artery	Endocervix	68.18	faber_est_suae_quisque_fortunae
diagnosis	GC-CASE-688980	GC-DX-961105	salus_in_arduis	Giant Cell Tumors	Unspecified	Primary effusion lymphoma	Lumbar Vertebra	652	Not Applicable	Not Reported	N2a	Ta	8341/3	metastasis	Not Reported	739	717	Tumor Free	63	Testis	Toenail	154.92	scientia_imperii_decus_et_tutamen
diagnosis	GC-CASE-156342	GC-DX-868658	nanos_gigantum_humeris_insidentes	Neoplasms, NOS	Unspecified	Traditional sessile serrated adenoma	Axillary Nodes	966	G1 Low Grade	M1c	N2a	Unknown	9650/3	recurrence	Not Applicable	813	451	With Tumor	578	Lymphatic	Suprasellar Region	968.72	scientiae_cedit_mare
diagnosis	GC-CASE-945194	GC-DX-269267	pace_tua	Acinar Cell Neoplasms	Alive	Hurthle cell carcinoma	Esophagus	486	GB Borderline	M1c	N1mi	T1c	9946/3	metastasis	No	229	250	Not Applicable	299	Iliac Lymph Node	Uvula	853.6	scientia_et_labor
diagnosis	GC-CASE-800216	GC-DX-398520	pace_tua	Odontogenic Tumors	Dead	Inflammatory Myofibroblastic Tumor With An Associated Odontogenic Keratocyst	Testis	517	G1 Low Grade	M0	Not Reported	T2a2	9667/3	primary	Not Allowed to Collect	99	461	Tumor Free	978	Uvea	Retina	84.65	Obedientia_civium_urbis_felicitas
diagnosis	GC-CASE-766402	GC-DX-175154	scientia_et_sapientia	Epithelial Neoplasms, NOS	Alive	Prolactinoma	Deep Gray (e.g. Basal ganglia or Thalamus)	471	G1 Low Grade	M1	Unknown	T2d	8772/0	remission	Not Applicable	331	998	Distant Metastasis	842	Posterior Wall of the Nasopharynx	Foot Phalanx	207.78	faber_est_suae_quisque_fortunae
diagnosis	GC-CASE-695580	GC-DX-298554	cacatum_non_est_pictum	Thymic Epithelial Neoplasms	Dead	Peripheral primitive neuroectodermal tumor, NOS	Trunk - Paraspinal	689	GB Borderline	MX	N0 (mol+)	Ta	8583/3	progression	Yes	324	101	Distant Metastasis	191	Scalene Lymph Node	Mesenteric Lymph Node	382.41	a_bene_placito
diagnosis	GC-CASE-385900	GC-DX-671794	Gallia_est_omnis_divisa_in_partes_tres	Unknown	Alive	Clear Cell Adenocarcinoma, NOS	Pleural Effusion	930	Not Reported	MX	N3b	TX	8452/1	metastasis	Not Applicable	429	606	Localized Disease	349	Lacrimal Gland	Frontal Lobe	762.18	haec_olim_meminisse_iuvabit
diagnosis	GC-CASE-398707	GC-DX-416409	salus_in_arduis	Germ Cell Neoplasms	Not reported	Ancient schwannoma	Cervical Nodes	360	G3 High Grade	M1a	N2b	T4a	8391/0	progression	Not Allowed to Collect	157	718	Biochemical evidence of disease without structural correlate	463	Outer Canthus	Epitrochlear Lymph Node	495.41	labor_ipse_voluptas
diagnosis	GC-CASE-508934	GC-DX-811281	id_quod_plerumque_accidit	Miscellaneous Tumors	Not reported	Low Grade Glial Tumor	Anal/Perianal	727	GB Borderline	M1b	N3c	Not Reported	8852/0	remission	No	369	586	Not Reported	577	Tooth Socket	Paraganglion	143.58	a_bene_placito
diagnosis	GC-CASE-241749	GC-DX-771888	damnant_quod_non_intellegunt	Myelodysplastic Syndromes	Dead	Langerhans cell histiocytosis, poly-ostotic	Unknown	108	G3 High Grade	MX	NX	T1a	8163/3	no_disease	Not Reported	136	555	Localized Disease	677	Intercostal Lymph Node	Clitoris	209.2	Obedientia_civium_urbis_felicitas
diagnosis	GC-CASE-800646	GC-DX-906464	Gallia_est_omnis_divisa_in_partes_tres	Not Applicable	Alive	Glomus tumor, malignant	Craniospinal	793	GX Grade Cannot Be Assessed	M0	N3c	T5	9000/1	metastasis	Not Allowed to Collect	868	876	Not Allowed To Collect	262	Lateral Ventricle	Epidural Spinal Canal Space	87.36	labor_ipse_voluptas
diagnosis	GC-CASE-270431	GC-DX-936330	scientia_et_labor	Unknown	Alive	Papillocystic adenocarcinoma	Trunk - Paraspinal	367	G2 Intermediate Grade	Unknown	N0	T4	8250/1	no_disease	Not Applicable	240	217	Unknown	256	Neck Skin	Sacral Nerve	37.69	barba_crescit_caput_nescit
diagnosis	GC-CASE-241904	GC-DX-127538	O_Tite_tute_Tati_tibi_tanta_tyranne_tulisti	Odontogenic Tumors	Not reported	Neoplasm, Uncertain Whether Benign Or Malignant, Medulloblastoma, Medulloblastoma, NOS Or NEC	Ethmoid Bone	718	GX Grade Cannot Be Assessed	Unknown	N0 (i+)	T3b	8936/0	remission	Not Reported	859	778	Unknown	891	Frontal Pole	Gallbladder	508.7	pace_tua
