type	participant.study_participant_id	study_diagnosis_id	diagnosis_id	disease_type	vital_status	primary_diagnosis	primary_site	age_at_diagnosis	tumor_grade	tumor_stage_clinical_m	tumor_stage_clinical_n	tumor_stage_clinical_t	morphology	incidence_type	progression_or_recurrence	days_to_recurrence	days_to_last_followup	last_known_disease_status	days_to_last_known_status	tissue_or_organ_of_origin	site_of_resection_or_biopsy	days_to_last_known_disease_status	crdc_id
diagnosis	GC-CASE-349155	GC-DX-244848	barba_crescit_caput_nescit	Trophoblastic neoplasms	Dead	Transitional pineal tumor	Carpal Bone	42	Not Applicable	Unknown	N0 (mol-)	T3d	9065/3	recurrence	Censored	655	417	Distant Metastasis	232	Hand Digit 1	Meibomian Gland	169.19	sapiens_qui_prospicit
diagnosis	GC-CASE-175796	GC-DX-349895	cacatum_non_est_pictum	Adenomas and Adenocarcinomas	Unknown	Peripheral T-cell lymphoma, pleomorphic small cell	Skull	689	G3 High Grade	Not Reported	N1c	T3d	9837/3	progression	Unknown	97	762	Not Applicable	706	Male Genitalia	Parasympathetic Nervous System	594.85	a_bene_placito
diagnosis	GC-CASE-715117	GC-DX-865141	e_causa_ignota	Cystic, Mucinous and Serous Neoplasms	Unknown	Eccrine cystadenoma	Supraclavicular Nodes	800	GB Borderline	MX	N1a	T2b	8322/0	remission	Unknown	528	90	With Tumor	442	Ascending Colon	Hyoid Bone	479.78	id_quod_plerumque_accidit
diagnosis	GC-CASE-121715	GC-DX-573135	haec_olim_meminisse_iuvabit	Nerve Sheath Tumors	Alive	Metastatic Rhabdomyosarcoma	Pleura Thymus	841	Not Applicable	Unknown	N0 (i+)	T1b1	8770/3	no_disease	Unknown	888	652	Biochemical evidence of disease without structural correlate	545	Hyoid Bone	Chest	94.95	damnant_quod_non_intellegunt
diagnosis	GC-CASE-455132	GC-DX-807376	Obedientia_civium_urbis_felicitas	Mucoepidermoid Neoplasms	Alive	Therapy-related acute myeloid leukemia, alkylating agent related	Larynx	345	G3 High Grade	Not Reported	N1c	T1a	9480/3	no_disease	No	811	41	Distant Metastasis	880	Nasolacrimal Duct	Ethmoid Sinus	644.53	Macte_animo_Generose_puer_sic_itur_ad_astra
diagnosis	GC-CASE-852105	GC-DX-743880	salus_in_arduis	Mucoepidermoid Neoplasms	Unspecified	INI-Deficient High-grade Malignant Neoplasm	Parietal Bone	748	G2 Intermediate Grade	M1b	N1mi	Tis (Paget's)	8896/3	progression	Not Applicable	638	679	Unknown	952	Abdominal Wall	Lens	936.06	saltus_in_demonstrando
diagnosis	GC-CASE-986269	GC-DX-163766	Gallia_est_omnis_divisa_in_partes_tres	Acinar Cell Neoplasms	Unknown	Lipoid cell tumor of ovary	Lateral Ventricle	570	GB Borderline	M1a	N3a	T1c	9424/3	no_disease	Unknown	814	50	Unknown	745	Anal Transitional Zone	Bladder Trigone	836.31	Obedientia_civium_urbis_felicitas
diagnosis	GC-CASE-246607	GC-DX-689376	saltus_in_demonstrando	Unknown	Unspecified	Desmoplastic melanoma, malignant	Rectum	92	GX Grade Cannot Be Assessed	M1a	N3c	T3a	8050/2	primary	Not Reported	935	777	Tumor Free	942	Skull	Lens	635.15	e_causa_ignota
diagnosis	GC-CASE-326217	GC-DX-941848	damnant_quod_non_intellegunt	Basal Cell Neoplasms	Unknown	Follicular Hyperplasia/Metastatic Papillary Thyroid Cancer	Splenic Hilar Nodes	895	G1 Low Grade	MX	N3c	T3d	8774/3	primary	Unknown	671	887	New Tumor Event	729	Acromioclavicular Joint	Pyriform Sinus	991.48	Gallia_est_omnis_divisa_in_partes_tres
diagnosis	GC-CASE-496635	GC-DX-927128	labor_ipse_voluptas	Epithelial Neoplasms, NOS	Alive	Nonlipid reticuloendotheliosis	Spine	838	G3 High Grade	M1c	N1bIII	T1c	8050/2	primary	Not Reported	765	606	Regional Disease	722	Lower Extremity	Tentorium Cerebelli	802.38	a_bene_placito
diagnosis	GC-CASE-218909	GC-DX-137808	scientiae_cedit_mare	Mast Cell Neoplasm	Not reported	Mucinous carcinoma, gastric type	Oculus Sinister (Left Eye)	838	G4 Anaplastic	M1a	N4	T4	8249/6	recurrence	Censored	798	230	Biochemical evidence of disease without structural correlate	884	Abdominal Skin	Pubic Bone	510.66	scientia_imperii_decus_et_tutamen
diagnosis	GC-CASE-695699	GC-DX-941662	nanos_gigantum_humeris_insidentes	Gliomas	Unspecified	Lepidic adenocarcinoma	Cauda Equina Spinal Cord	957	Not Reported	M1c	N3c	T4c	9700/3	recurrence	Not Allowed to Collect	613	495	Localized Disease	794	Heart	Anterior Surface of the Epiglottis	712.7	scientia_et_labor
diagnosis	GC-CASE-228587	GC-DX-931227	scientia_et_sapientia	Gliomas	Unknown	Sympathetic paraganglioma	Not Reported	495	Not Applicable	Not Reported	N1bII	T1a1	9541/0	recurrence	Not Allowed to Collect	790	855	Tumor Free	400	Myocardium	Skin of the Scalp and Neck	399.65	sapiens_qui_prospicit
diagnosis	GC-CASE-597121	GC-DX-732758	id_quod_plerumque_accidit	Paragangliomas and Glomus Tumors	Alive	Intraepidermal carcinoma, NOS	Iliac Crest	756	GB Borderline	Unknown	N1bII	T1b	9502/3	no_disease	Censored	896	548	Tumor Free	442	Abdominal Wall	Gastric Cardia	861.93	scientiae_cedit_mare
diagnosis	GC-CASE-378853	GC-DX-193452	faber_est_suae_quisque_fortunae	Adnexal and Skin Appendage Neoplasms	Unspecified	Struma ovarii and carcinoid	Deep Facial Areas	531	G1 Low Grade	M0	N0 (i-)	T4	8870/0	progression	Not Applicable	996	840	Distant Metastasis	865	Pulmonary Hilar Lymph Node	Sphincter of Oddi	389.31	e_causa_ignota
diagnosis	GC-CASE-320548	GC-DX-218400	a_bene_placito	Granular Cell Tumors and Alveolar Soft Part Sarcomas	Dead	Neoplasm, Nos	Supraclavicular Nodes	277	GB Borderline	M1a	N0 (mol+)	Tis	8450/3	progression	Censored	937	68	Localized Disease	974	External Ear	Pancreatic Lymph Node	737.6	sapiens_qui_prospicit
diagnosis	GC-CASE-375663	GC-DX-845546	haec_olim_meminisse_iuvabit	Ductal and Lobular Neoplasms	Unknown	Dermatofibrosarcoma, NOS	Lumbar Spinal Cord	621	GB Borderline	M1a	N0 (i+)	T1b	9705/3	remission	Censored	599	158	With Tumor	321	Biceps Femoris	Axillary Tail of the Breast	209.7	salus_in_arduis
diagnosis	GC-CASE-958319	GC-DX-410045	Macte_animo_Generose_puer_sic_itur_ad_astra	Meningiomas	Dead	Intracystic papillary adenocarcinoma	Lower Extremity	126	GB Borderline	M1b	N2	Tis (DCIS)	9100/1	metastasis	Not Reported	602	500	Regional Disease	291	Lobule of the Auricle	Choroid Plexus of the Fourth Ventricle	740.13	scientiae_cedit_mare
diagnosis	GC-CASE-902946	GC-DX-412965	pace_tua	Myxomatous Neoplasms	Alive	Medulloblastoma, Classic Histologic Type, CNS WHO Grade 4	Brain/Leptomeninges	800	Not Reported	MX	N1a	T1b	8850/3	metastasis	Censored	796	790	Distant Metastasis	123	Scalp	Hand Skin	989.61	Gallia_est_omnis_divisa_in_partes_tres
diagnosis	GC-CASE-754313	GC-DX-371641	Obedientia_civium_urbis_felicitas	Neoplasms, NOS	Unknown	Low-grade Glioma	Oropharynx	37	G1 Low Grade	M1c	N2	T4a	8771/3	progression	Not Applicable	377	914	Unknown	309	Liver	Epitrochlear Lymph Node	897.81	salus_in_arduis
diagnosis	GC-CASE-786347	GC-DX-620991	nanos_gigantum_humeris_insidentes	Fibromatous Neoplasms	Dead	Eosinophil adenoma	Intra-abdominal	882	Not Reported	M0	N0	T3c	9430/3	recurrence	Not Applicable	263	688	Biochemical evidence of disease without structural correlate	885	Spermatic Cord	Posterior Wall of the Pharynx	413.45	Gallia_est_omnis_divisa_in_partes_tres
diagnosis	GC-CASE-581051	GC-DX-639669	sapiens_qui_prospicit	Odontogenic Tumors	Unknown	Acute myeloid leukemia with prior myelodysplastic syndrome	Supraclavicular Nodes	337	GX Grade Cannot Be Assessed	M0	N1mi	T2b	9270/3	no_disease	Unknown	171	865	New Tumor Event	767	Sacral Lymph Node	Calcaneum	260.1	faber_est_suae_quisque_fortunae
diagnosis	GC-CASE-796408	GC-DX-454204	nanos_gigantum_humeris_insidentes	Not Reported	Dead	Fibromatosis-like metaplastic carcinoma	Coccyx	533	G1 Low Grade	M0	Not Reported	T3c	8801/3	primary	Unknown	96	778	Biochemical evidence of disease without structural correlate	531	Pharyngeal Tonsil	Round Ligament of the Uterus	539.54	faber_est_suae_quisque_fortunae
diagnosis	GC-CASE-547034	GC-DX-322149	salus_in_arduis	Mucoepidermoid Neoplasms	Dead	Medullary Carcinoma, NOS	Oculus Sinister (Left Eye)	66	G3 High Grade	M0	Unknown	Unknown	9950/3	metastasis	Not Reported	401	815	Localized Disease	790	Bronchial Lymph Node	Oral Cavity	623.25	a_bene_placito
diagnosis	GC-CASE-972345	GC-DX-694473	Gallia_est_omnis_divisa_in_partes_tres	Complex Mixed and Stromal Neoplasms	Dead	Langerhans cell granulomatosis, unifocal	Splenic Hilar Nodes	354	G4 Anaplastic	Unknown	N1mi	T4d	9986/3	remission	Yes	814	10	Distant Metastasis	634	Subclavian Artery	Upper Extremity	640.68	salus_in_arduis
diagnosis	GC-CASE-804925	GC-DX-284744	scientia_et_labor	Nevi and Melanomas	Unknown	9380/3 : Glioma, Malignant	Cervical Spine	429	G4 Anaplastic	M1c	N1b	T2a1	8380/2	metastasis	Not Applicable	534	421	Unknown	485	Pituitary Gland	Carina	406.59	scientia_et_sapientia
diagnosis	GC-CASE-715025	GC-DX-603296	scientiae_et_patriae	Myelodysplastic Syndromes	Alive	Fibrillary astrocytoma	Patella	313	Not Reported	M1a	N2b	T2b	9691/3	no_disease	Unknown	203	782	Not Applicable	979	Lingual Tonsil	Pulmonary Hilar Lymph Node	816.91	labor_ipse_voluptas
diagnosis	GC-CASE-198902	GC-DX-331772	e_causa_ignota	Nevi and Melanomas	Unspecified	Gonadal stromal tumor, NOS	Mandible	999	GB Borderline	M1a	N0 (mol-)	T1b1	8015/3	recurrence	Not Applicable	419	352	Distant Metastasis	632	Cerebral White Matter	Hypoglossal Nerve	30.21	faber_est_suae_quisque_fortunae
diagnosis	GC-CASE-590056	GC-DX-837128	cacatum_non_est_pictum	Nevi and Melanomas	Not reported	Clear cell cystadenofibroma	Leg	830	G3 High Grade	M1	N1c	T3	8102/0	metastasis	Not Applicable	612	39	Tumor Free	458	Thyroid Gland	Penis	968.22	nanos_gigantum_humeris_insidentes
diagnosis	GC-CASE-361478	GC-DX-915227	sapiens_qui_prospicit	Germ Cell Neoplasms	Not reported	Neuroblastoma, Undifferentiated Type	Colon	967	GX Grade Cannot Be Assessed	Unknown	N0 (mol+)	T2a	8522/2	remission	Not Reported	745	582	Localized Disease	965	Base of the Tongue	Maxilla	922.61	damnant_quod_non_intellegunt
diagnosis	GC-CASE-556486	GC-DX-597925	sapiens_qui_prospicit	Meningiomas	Alive	Secondary carcinoma	Orbit	664	GB Borderline	M0	N4	T4	9895/3	primary	Not Reported	45	64	Not Applicable	14	Clitoris	Accessory Nerve	644.22	scientia_et_sapientia
diagnosis	GC-CASE-684774	GC-DX-348738	pace_tua	Leukemias	Unknown	Subependymal astrocytoma, NOS	Bone	316	G1 Low Grade	Unknown	N0	T2a1	9220/3	remission	Unknown	382	596	Distant Metastasis	450	Anal Canal	Sacral Plexus	959.41	faber_est_suae_quisque_fortunae
diagnosis	GC-CASE-796100	GC-DX-431495	faber_est_suae_quisque_fortunae	Mucoepidermoid Neoplasms	Unspecified	Primary cutaneous CD8-positive aggressive epidermotropic cytotoxic T-cell lymphoma	Knee Joint	961	G4 Anaplastic	cM0 (i+)	N1bII	TX	8471/0	progression	Not Allowed to Collect	117	548	New Tumor Event	939	Mesovarium	Acetabulum	897.07	damnant_quod_non_intellegunt
diagnosis	GC-CASE-716828	GC-DX-726716	damnant_quod_non_intellegunt	Basal Cell Neoplasms	Dead	Minimally invasive adenocarcinoma, non-mucinous	Ilium	660	G1 Low Grade	Unknown	N1bIV	T1c	8046/3	no_disease	No	924	934	New Tumor Event	511	Renal	Cervical Esophagus	891.69	Macte_animo_Generose_puer_sic_itur_ad_astra
diagnosis	GC-CASE-900103	GC-DX-374390	imperium_in_imperio	Mesothelial Neoplasms	Unknown	Lymphoplasmacyte-rich meningioma	Leptomeningeal	21	GX Grade Cannot Be Assessed	M1b	N3	T4e	8981/3	remission	No	154	965	Localized Disease	631	Ureter	Submandibular Gland	518.33	labor_ipse_voluptas
diagnosis	GC-CASE-505695	GC-DX-560675	haec_olim_meminisse_iuvabit	Mucoepidermoid Neoplasms	Unspecified	Hepatoblastoma, mixed epithelial-mesenchymal	Larynx - Trachea	103	GX Grade Cannot Be Assessed	M1	N1b	T1a1	8170/0	primary	Yes	808	377	Localized Disease	410	Shoulder	Upper Third of the Esophagus	601.44	salus_in_arduis
diagnosis	GC-CASE-880587	GC-DX-840336	faber_est_suae_quisque_fortunae	Neuroepitheliomatous Neoplasms	Unspecified	Renal Cell Carcinoma, NOS	Anus	921	G2 Intermediate Grade	M1a	N2b	T2a2	8140/0	metastasis	Not Allowed to Collect	88	290	With Tumor	843	Submandibular Gland	Cuneiform Cartilage	488.56	Obedientia_civium_urbis_felicitas
diagnosis	GC-CASE-158398	GC-DX-169848	salus_in_arduis	Not Reported	Unknown	Low-grade Glial or Glioneuronal neoplasm	Cerebrospinal Fluid	170	G3 High Grade	M1a	N3c	T5	8576/3	recurrence	No	885	438	Unknown	992	Facial Bone	Medulla Oblongata	999.67	scientiae_cedit_mare
diagnosis	GC-CASE-518785	GC-DX-304686	scientia_et_sapientia	Myelodysplastic Syndromes	Not reported	Solitary fibrous tumor/hemangiopericytoma Grade 1 (CNS)	Regional Lymph Nodes	949	G1 Low Grade	M1b	N1bII	T3d	9262/0	no_disease	Not Applicable	968	214	Unknown	916	Maxillary Sinus	Meninges	252.39	Obedientia_civium_urbis_felicitas
diagnosis	GC-CASE-377746	GC-DX-194234	pace_tua	Mucoepidermoid Neoplasms	Alive	Central neuroblastoma	Scapula/Clavicle	441	GB Borderline	M1a	N1bI	T2a2	8585/1	metastasis	Censored	640	198	Tumor Free	846	Ilium	Arm Skin	828.74	barba_crescit_caput_nescit
diagnosis	GC-CASE-280642	GC-DX-817399	scientia_et_labor	Lymphatic Vessel Tumors	Alive	Minimally invasive adenocarcinoma, mucinous	Paratesticular	69	GB Borderline	M0	N0 (mol+)	T2c	8013/3	no_disease	Censored	958	751	Distant Metastasis	16	Ischiorectal Fossa	Cartilage	64.83	barba_crescit_caput_nescit
diagnosis	GC-CASE-403745	GC-DX-942529	scientia_imperii_decus_et_tutamen	Not Applicable	Unspecified	Nuclear Protein In Testis (NUT)-Associated Carcinoma	Waldeyer's Ring	892	GB Borderline	M0	N1b	T1a	8850/1	recurrence	Not Reported	417	64	Unknown	108	Jaw Joint	Forehead	713.12	imperium_in_imperio
diagnosis	GC-CASE-916009	GC-DX-625627	labor_ipse_voluptas	Mast Cell Neoplasm	Unspecified	Subepidermal nodular fibrosis	Bladder/Prostate	554	GX Grade Cannot Be Assessed	M1a	NX	T1a1	9240/3	remission	Censored	130	619	Not Reported	948	Upper-Outer Quadrant of the Breast	Corpus Striatum	850.6	nascentes_morimur_finisque_ab_origine_pendet
diagnosis	GC-CASE-426332	GC-DX-343869	Macte_animo_Generose_puer_sic_itur_ad_astra	Not Otherwise Specified	Alive	Teratoma, malignant, NOS	Rectum	385	G4 Anaplastic	Unknown	N0 (i+)	T1b1	8854/3	remission	Censored	735	523	Not Allowed To Collect	374	Sacral Bone	Endometrium	731.02	barba_crescit_caput_nescit
diagnosis	GC-CASE-249806	GC-DX-759250	labor_ipse_voluptas	Synovial-like Neoplasms	Not reported	9473/3 : CNS Embryonal Tumor, NOS	Unknown	971	G4 Anaplastic	M1c	N1bI	T1b2	9412/1	progression	Not Reported	203	390	Not Reported	494	Lower Lobe of the Lung	Cranial Nerve	517.56	salus_in_arduis
diagnosis	GC-CASE-588854	GC-DX-651253	scientia_et_labor	Germ Cell Neoplasms	Not reported	Piloid Glial Proliferation	Perineum	795	G2 Intermediate Grade	Unknown	N1bII	T3d	9273/0	remission	Not Reported	460	330	Tumor Free	203	Uvula	Tarsal Bone	286.12	scientiae_et_patriae
diagnosis	GC-CASE-517367	GC-DX-405463	Obedientia_civium_urbis_felicitas	Transitional Cell Papillomas and Carcinomas	Dead	Multiple meningiomas	Wrist Joint	403	Not Reported	MX	N1c	T4a	9382/3	recurrence	Yes	412	734	Localized Disease	319	Intervertebral Disc	Frontal Pole	912.52	salus_in_arduis
diagnosis	GC-CASE-251277	GC-DX-190738	barba_crescit_caput_nescit	Plasma Cell Neoplasm	Alive	Infiltrating duct and mucinous carcinoma	Chest Wall	682	GB Borderline	M1	N0 (mol-)	T1b1	8146/0	remission	Not Reported	895	70	Unknown	146	Coracobrachialis	Cardiac Ventricle	736.89	damnant_quod_non_intellegunt
diagnosis	GC-CASE-737373	GC-DX-836258	scientia,_aere_perennius	Not Reported	Unknown	Astrocytoma, Benign	Cutaneous	85	G3 High Grade	M1c	N1bIII	Ta	9396/3	primary	Yes	35	424	With Tumor	775	Endocardium	Rectus Abdominis	35.93	pace_tua
diagnosis	GC-CASE-666083	GC-DX-409328	scientia_et_labor	Miscellaneous Tumors	Unspecified	Neoplasm, Malignant, Medulloblastoma, Medulloblastoma, WNT-Activated	Breast	546	G2 Intermediate Grade	cM0 (i+)	N0	T0	9530/3	no_disease	Not Applicable	75	529	Unknown	375	Biceps Femoris	Parotid Gland Lymph Node	483.46	Macte_animo_Generose_puer_sic_itur_ad_astra
diagnosis	GC-CASE-357468	GC-DX-532683	Obedientia_civium_urbis_felicitas	Not Applicable	Dead	Unknown, To Be Completed Later, Medulloblastoma, Medulloblastoma, Non-WNT/Non-SHH	Leg	789	Not Reported	cM0 (i+)	N1c	Tis (DCIS)	9690/3	progression	Not Reported	290	553	Localized Disease	136	Buttock	Palate	193.69	pace_tua
diagnosis	GC-CASE-257669	GC-DX-437054	haec_olim_meminisse_iuvabit	Thymic Epithelial Neoplasms	Unspecified	Glomus jugulare tumor, NOS	Lumbar Spine	664	Not Reported	M1	N0 (mol-)	T3d	8780/3	primary	No	728	657	Not Allowed To Collect	642	Myocardium	Cecum	338.27	scientiae_et_patriae
diagnosis	GC-CASE-304677	GC-DX-209022	barba_crescit_caput_nescit	Nerve Sheath Tumors	Unspecified	Retinoblastoma, spontaneously regressed	Temporal Bone	778	G3 High Grade	cM0 (i+)	N2b	T1b1	9252/3	recurrence	Not Applicable	591	578	Not Reported	947	Meniscus Lateralis	Lateral Wall of the Pharynx	760.07	barba_crescit_caput_nescit
diagnosis	GC-CASE-391308	GC-DX-904632	barba_crescit_caput_nescit	Miscellaneous Bone Tumors	Unspecified	Diffuse midline glioma, H3 K27M-mutant	Not Reported	841	GX Grade Cannot Be Assessed	M1c	N1b	Tis (LCIS)	9989/3	remission	Censored	94	162	Tumor Free	80	Cauda Equina	Peritoneal Cavity	576.23	salus_in_arduis
diagnosis	GC-CASE-552856	GC-DX-311760	barba_crescit_caput_nescit	Myelodysplastic Syndromes	Alive	Atypical Choroid Plexus Papilloma WHO Grade 2	Bladder	597	Unknown	M1	NX	Tis (DCIS)	9187/3	metastasis	Not Allowed to Collect	285	134	Biochemical evidence of disease without structural correlate	273	Cerebellum	Posterior Wall of the Pharynx	95.65	Gallia_est_omnis_divisa_in_partes_tres
diagnosis	GC-CASE-490909	GC-DX-320190	imperium_in_imperio	Odontogenic Tumors	Not reported	Choroid Plexus Papilloma	Cheek	130	Unknown	M1b	Unknown	T5	8822/1	no_disease	Censored	554	255	Distant Metastasis	563	Neck Skin	Lymph Node of Inguinal Region or Leg	179.95	nanos_gigantum_humeris_insidentes
diagnosis	GC-CASE-500366	GC-DX-631619	O_Tite_tute_Tati_tibi_tanta_tyranne_tulisti	Neoplasms, NOS	Dead	Pineoblastoma, Other CNS Embryonal Tumors	Anterior Skull Base	811	Not Reported	MX	N1bIII	T1c	8011/0	primary	Yes	448	923	Biochemical evidence of disease without structural correlate	836	Skin of the Lip	Ectocervix	389.36	a_bene_placito
diagnosis	GC-CASE-530972	GC-DX-523528	scientiae_et_patriae	Epithelial Neoplasms, NOS	Unknown	Dermatofibrosarcoma Protuberans, NOS	Cheek	672	G4 Anaplastic	M1c	N2	T4a	8440/3	metastasis	Unknown	138	328	New Tumor Event	825	Nostril	Vertebral Column	742.62	scientia_imperii_decus_et_tutamen
diagnosis	GC-CASE-433005	GC-DX-758190	saltus_in_demonstrando	Nerve Sheath Tumors	Unspecified	Oligodendroglioma, Anaplastic, NOS	Optic Nerve	360	G4 Anaplastic	M1a	N0 (i-)	T1a2	8120/3	primary	Not Applicable	19	248	New Tumor Event	705	Other Specified Parts of Pancreas	Cerebral White Matter	901.49	saltus_in_demonstrando
diagnosis	GC-CASE-952498	GC-DX-414822	e_causa_ignota	Miscellaneous Bone Tumors	Unknown	Familial polyposis coli	Cerebrospinal Fluid	894	G1 Low Grade	cM0 (i+)	Unknown	T4a	9734/3	metastasis	Yes	971	622	Localized Disease	818	Ethmoid Sinus	Musculus Latissimus Dorsi	46.44	Obedientia_civium_urbis_felicitas
diagnosis	GC-CASE-579670	GC-DX-864268	scientiae_cedit_mare	Giant Cell Tumors	Unknown	Matrical carcinoma	Medulla	586	G1 Low Grade	M0	N3c	Tis (DCIS)	9250/3	progression	Not Reported	234	561	Tumor Free	218	Cervix Uteri	Skin of the Face	871.61	pace_tua
diagnosis	GC-CASE-599367	GC-DX-490219	saltus_in_demonstrando	Ductal and Lobular Neoplasms	Unknown	Melanoma in situ	Infraclavicular Nodes	137	Not Reported	Not Reported	N3c	T5	9679/3	primary	Not Allowed to Collect	684	301	New Tumor Event	579	Lacrimal Gland	Anterior Cranial Fossa	660.02	saltus_in_demonstrando
diagnosis	GC-CASE-460061	GC-DX-735950	id_quod_plerumque_accidit	Odontogenic Tumors	Alive	Therapy-related myelodysplastic syndrome, NOS	Epitrochlear or Brachial Nodes	442	Not Reported	M1c	N0 (i+)	T1a	8474/1	metastasis	Not Applicable	649	987	New Tumor Event	268	Mucosa of the Lip	Skin of the Face	795.59	nascentes_morimur_finisque_ab_origine_pendet
diagnosis	GC-CASE-483338	GC-DX-515903	a_bene_placito	Unknown	Unspecified	Glioma, malignant	Other	282	G4 Anaplastic	MX	N1bIII	T3c	8263/0	no_disease	Unknown	274	228	Localized Disease	231	Lateral Wall of the Bladder	Ceruminous Gland	793.89	scientia_et_labor
diagnosis	GC-CASE-166955	GC-DX-467374	saltus_in_demonstrando	Soft Tissue Tumors and Sarcomas, NOS	Unspecified	Intracystic papillary neoplasm with high grade intraepithelial neoplasia	Zygomatic Bone	818	G4 Anaplastic	M1a	N1b	T2a	8150/3	progression	No	785	534	Distant Metastasis	166	Duct of Gartner	Ulnar Nerve	179.08	scientia_et_labor
diagnosis	GC-CASE-598191	GC-DX-105985	faber_est_suae_quisque_fortunae	Epithelial Neoplasms, NOS	Unspecified	Granular cell tumor of the sellar region	Scapula	58	G1 Low Grade	Unknown	NX	T3b	8242/1	remission	Censored	53	370	Localized Disease	880	Ectocervix	Fibrous Tissue	25.89	Macte_animo_Generose_puer_sic_itur_ad_astra
diagnosis	GC-CASE-992733	GC-DX-520682	scientia,_aere_perennius	Miscellaneous Tumors	Not reported	Pilocytic astrocytoma (WHO Grade 1)	Spinal Cord	406	G3 High Grade	cM0 (i+)	N1bII	T2a	9560/0	metastasis	Not Applicable	471	334	Biochemical evidence of disease without structural correlate	215	Floor of Mouth	Oral Cavity	849.64	barba_crescit_caput_nescit
diagnosis	GC-CASE-683778	GC-DX-812492	nanos_gigantum_humeris_insidentes	Lipomatous Neoplasms	Unspecified	Hurthle cell adenocarcinoma	Hand	686	G2 Intermediate Grade	MX	N2c	T1b1	8160/0	recurrence	Not Applicable	394	634	New Tumor Event	682	Arytenoid Cartilage	Duodenum	35.55	a_bene_placito
diagnosis	GC-CASE-958106	GC-DX-449796	scientia_et_sapientia	Fibromatous Neoplasms	Alive	Intracystic papillary tumor with high grade entraepithelial neoplasia	Pre-auricular Nodes	412	Not Applicable	M0	N3a	T4	8041/3	progression	Not Reported	168	535	Not Allowed To Collect	724	Pectoral Lymph Node	Uvea	848.29	scientiae_et_patriae
diagnosis	GC-CASE-990248	GC-DX-602642	damnant_quod_non_intellegunt	Lymphatic Vessel Tumors	Unspecified	Small round blue cell tumor: rhabdomyosarcoma	Heart	447	GX Grade Cannot Be Assessed	M1a	N3b	Tis (LCIS)	8836/1	remission	No	955	130	Biochemical evidence of disease without structural correlate	171	Axillary Tail of the Breast	Autonomic Nervous System	33.36	scientia_et_sapientia
diagnosis	GC-CASE-789333	GC-DX-894373	nanos_gigantum_humeris_insidentes	Paragangliomas and Glomus Tumors	Unspecified	Diffuse Glioma High-grade	Middle Ear	559	Unknown	M0	NX	T3	9966/3	recurrence	Yes	278	111	Not Allowed To Collect	542	Femur	Supraclavicular Lymph Node	716.36	sapiens_qui_prospicit
diagnosis	GC-CASE-968546	GC-DX-677857	nanos_gigantum_humeris_insidentes	Osseous and Chondromatous Neoplasms	Alive	Residual/Recurrent Extraventricular Neurocytoma	Vagina	462	GB Borderline	Unknown	N1b	T1b2	8053/0	remission	Yes	259	813	Distant Metastasis	334	Branchial Cleft Remnant	Temporal Bone	211.23	imperium_in_imperio
diagnosis	GC-CASE-797588	GC-DX-420329	pace_tua	Neoplasms, NOS	Unspecified	Desmoplastic melanoma, amelanotic	Omentum	638	Not Applicable	Not Reported	N1b	Unknown	8744/3	progression	Yes	171	25	Biochemical evidence of disease without structural correlate	665	Gingiva	Mons Pubis	73.79	Gallia_est_omnis_divisa_in_partes_tres
diagnosis	GC-CASE-416320	GC-DX-960960	labor_ipse_voluptas	Acinar Cell Neoplasms	Unknown	Squamous intraepithelial neoplasia, grade I	Occipital Bone	275	G3 High Grade	cM0 (i+)	N1bII	T4	8254/3	primary	Not Reported	67	211	Not Allowed To Collect	276	Cerebellum	Sigmoid Colon	672.34	sapiens_qui_prospicit
diagnosis	GC-CASE-787219	GC-DX-602631	scientia_imperii_decus_et_tutamen	Granular Cell Tumors and Alveolar Soft Part Sarcomas	Not reported	Tumor Cells, Uncertain Whether Benign Or Malignant, Other CNS Embryonal Tumors, Pineoblastoma	Middle Ear	386	Not Applicable	Not Reported	N0 (i-)	T1b2	9210/0	metastasis	No	575	184	Tumor Free	719	Spleen	Mesentery	811.59	labor_ipse_voluptas
diagnosis	GC-CASE-523342	GC-DX-605486	faber_est_suae_quisque_fortunae	Leukemias	Dead	Suprasellar Mass	Upper Airway	40	G1 Low Grade	cM0 (i+)	N1mi	T4b	8802/3	no_disease	Not Applicable	70	76	Biochemical evidence of disease without structural correlate	15	Internal Nare	Small Intestine	752.14	Obedientia_civium_urbis_felicitas
diagnosis	GC-CASE-997055	GC-DX-609734	nanos_gigantum_humeris_insidentes	Fibroepithelial Neoplasms	Unknown	Reticulohistiocytoma	Tarsal Bone	497	G1 Low Grade	M1b	N3a	T1a1	8246/3	primary	Not Reported	26	180	Regional Disease	189	Hip	Facial Bone	351.71	scientia_et_sapientia
diagnosis	GC-CASE-795069	GC-DX-267854	nascentes_morimur_finisque_ab_origine_pendet	Giant Cell Tumors	Unspecified	Renal cell carcinoma, unclassified	Hip	892	G1 Low Grade	M1a	N3	T3d	9230/3	metastasis	Censored	879	475	Localized Disease	163	Upper Third of the Esophagus	Fingernail	671.01	nanos_gigantum_humeris_insidentes
diagnosis	GC-CASE-540021	GC-DX-798432	Macte_animo_Generose_puer_sic_itur_ad_astra	Lymphatic Vessel Tumors	Dead	Mixed acinar-ductal carcinoma	Sternum	43	G2 Intermediate Grade	cM0 (i+)	N1	T2a1	8240/3	progression	Censored	811	371	Not Allowed To Collect	831	Bone Marrow	Accessory Nerve	665.01	scientiae_et_patriae
diagnosis	GC-CASE-828571	GC-DX-576491	labor_ipse_voluptas	Meningiomas	Unknown	Myelofibrosis as a result of myeloproliferative disease	Regional Lymph Nodes	402	G4 Anaplastic	MX	N1a	Ta	8827/1	metastasis	Not Reported	190	992	Unknown	260	Ceruminous Gland	Trapezius Muscle	934.55	labor_ipse_voluptas
diagnosis	GC-CASE-268297	GC-DX-407069	nascentes_morimur_finisque_ab_origine_pendet	Mesothelial Neoplasms	Alive	Adenoma, NOS	Vagina	618	G1 Low Grade	M1	N2a	T4d	8471/3	primary	Censored	896	281	Not Reported	49	Dome of the Bladder	Meckel Diverticulum	799.19	scientiae_et_patriae
diagnosis	GC-CASE-871643	GC-DX-229112	haec_olim_meminisse_iuvabit	Acinar Cell Neoplasms	Unknown	Medullary carcinoma with amyloid stroma	Inferior Limb	197	GB Borderline	M1b	N1bII	T3a	9241/0	progression	No	531	828	Localized Disease	432	Nose	Fingernail	324.59	scientiae_et_patriae
diagnosis	GC-CASE-301433	GC-DX-126138	pace_tua	Soft Tissue Tumors and Sarcomas, NOS	Not reported	8072/3 : Squamous Cell Carcinoma, Large Cell, Nonkeratinizing, NOS	Ankle Joint	407	G4 Anaplastic	M1b	N1	T3b	8401/0	remission	Unknown	339	673	Distant Metastasis	939	Thyroid Cartilage	Palatine Tonsil	421.64	scientia_et_sapientia
diagnosis	GC-CASE-854147	GC-DX-720926	id_quod_plerumque_accidit	Germ Cell Neoplasms	Unspecified	Primary cutaneous gamma-delta T-cell lymphoma	Middle Ear	388	G4 Anaplastic	M1c	Not Reported	T3c	8500/6	remission	Censored	991	79	Distant Metastasis	638	Uterine Gland	Visceral Pleura	131.61	e_causa_ignota
diagnosis	GC-CASE-163255	GC-DX-519265	faber_est_suae_quisque_fortunae	Plasma Cell Neoplasm	Unspecified	Malignant lymphoma, small cleaved cell, diffuse	Pectoral Nodes	238	GB Borderline	cM0 (i+)	N0 (mol-)	T0	9013/0	recurrence	Not Allowed to Collect	301	236	Biochemical evidence of disease without structural correlate	806	Shoulder Girdle	Spinal Nerve	769.62	Macte_animo_Generose_puer_sic_itur_ad_astra
diagnosis	GC-CASE-524664	GC-DX-864238	saltus_in_demonstrando	Trophoblastic neoplasms	Not reported	Choroid Plexus Carcinoma, TP53 Mutant	Zygomatic Bone	618	GB Borderline	M1c	Unknown	T0	9170/0	remission	Not Reported	137	46	Localized Disease	820	Costal Cartilage	Laryngeal Cartilage	105.77	saltus_in_demonstrando
diagnosis	GC-CASE-621618	GC-DX-642765	a_bene_placito	Not Applicable	Unknown	Glioneuronal	Radius Bone	427	GX Grade Cannot Be Assessed	Unknown	N4	T3a	8341/3	primary	Not Allowed to Collect	902	421	Tumor Free	200	Pubic Symphysis	Labium	857.19	barba_crescit_caput_nescit
diagnosis	GC-CASE-231164	GC-DX-350518	a_bene_placito	Adenomas and Adenocarcinomas	Alive	Subependymal astrocytoma, NOS	Chest	752	Not Reported	M0	N1bII	T2c	9171/0	primary	Not Reported	272	112	Localized Disease	538	Cerebellum	Lymphatic	330.74	scientiae_et_patriae
diagnosis	GC-CASE-270109	GC-DX-914980	a_bene_placito	Basal Cell Neoplasms	Unspecified	Von Recklinghausen disease	Brain	484	G2 Intermediate Grade	Unknown	N1b	T3b	8407/0	remission	Not Reported	230	944	Unknown	179	Postcricoid Region	Knee Joint	252.31	damnant_quod_non_intellegunt
diagnosis	GC-CASE-227389	GC-DX-384001	scientia_imperii_decus_et_tutamen	Miscellaneous Bone Tumors	Unspecified	Ganglioneuroma, High-Grade Glioma, High-Grade Glioma, NOS Or NEC	Oral Cavity	859	GX Grade Cannot Be Assessed	M0	N0	T1a	8361/0	metastasis	Censored	461	747	Distant Metastasis	869	Cardiac Atrium	Frontal Bone	387.46	imperium_in_imperio
diagnosis	GC-CASE-429117	GC-DX-760047	scientiae_et_patriae	Thymic Epithelial Neoplasms	Unspecified	Glioblastoma	Large Vessels	262	Unknown	cM0 (i+)	Not Reported	T1mi	9365/3	recurrence	Yes	672	174	Biochemical evidence of disease without structural correlate	819	Neck Skin	Brain Stem	420.99	scientia_et_sapientia
diagnosis	GC-CASE-352036	GC-DX-296534	id_quod_plerumque_accidit	Paragangliomas and Glomus Tumors	Alive	Favor Anaplastic Ependymoma	Hypopharynx	125	GX Grade Cannot Be Assessed	cM0 (i+)	N4	Tis (DCIS)	8832/0	metastasis	Yes	701	559	Localized Disease	244	Renal	Anterior Surface of the Epiglottis	425.89	salus_in_arduis
diagnosis	GC-CASE-839726	GC-DX-902950	saltus_in_demonstrando	Germ Cell Neoplasms	Not reported	Squamotransitional cell carcinoma	Suprasellar Pituitary	497	G1 Low Grade	MX	N1bIV	T4	9816/3	metastasis	Not Reported	556	296	Localized Disease	878	Autonomic Nervous System	Abdominal Wall	620.02	pace_tua
diagnosis	GC-CASE-477862	GC-DX-201377	Macte_animo_Generose_puer_sic_itur_ad_astra	Cystic, Mucinous and Serous Neoplasms	Alive	Duct carcinoma, desmoplastic type	Brain	627	Not Applicable	MX	N3c	Ta	9252/3	remission	Not Reported	889	624	Localized Disease	160	Lacrimal Sac	Vaginal Fornix	310.78	id_quod_plerumque_accidit
diagnosis	GC-CASE-111424	GC-DX-271007	imperium_in_imperio	Osseous and Chondromatous Neoplasms	Alive	Micropapillary adenocarcinoma	Ethmoid Bone	757	G2 Intermediate Grade	MX	Not Reported	T3b	9751/1	primary	Censored	39	429	Not Reported	402	Globus Pallidus	Floor of Mouth	203.81	labor_ipse_voluptas
diagnosis	GC-CASE-231407	GC-DX-394477	a_bene_placito	Complex Mixed and Stromal Neoplasms	Alive	PFA Ependymoma	Hand	860	Not Reported	M1b	N3	TX	9444/1	remission	Yes	443	602	Not Applicable	773	Cuneiform Cartilage	Brain Stem	915.28	scientia,_aere_perennius
diagnosis	GC-CASE-647681	GC-DX-828857	sapiens_qui_prospicit	Not Applicable	Unknown	Somatostatinoma, malignant	Patella	663	GB Borderline	cM0 (i+)	N1bII	Tis (Paget's)	8441/2	no_disease	Unknown	624	115	New Tumor Event	903	Skin of the Lower Limb and Hip	Pia Mater	54.5	barba_crescit_caput_nescit
diagnosis	GC-CASE-135658	GC-DX-531819	damnant_quod_non_intellegunt	Gliomas	Not reported	Pediatric neuroepithelial tumor with ROS1 fusion	Liver/Biliary Tract	784	G2 Intermediate Grade	M1b	NX	TX	9120/0	metastasis	Yes	316	337	New Tumor Event	596	Hypothalamus	Prostatic Utricle	915.0	Macte_animo_Generose_puer_sic_itur_ad_astra
diagnosis	GC-CASE-552274	GC-DX-186408	Macte_animo_Generose_puer_sic_itur_ad_astra	Trophoblastic neoplasms	Unknown	Acute myeloid leukemia with maturation	Anus	543	G3 High Grade	M1c	N2c	T1a2	8812/3	recurrence	Unknown	337	848	Not Reported	948	Craniopharyngeal Duct	Oropharynx	335.83	imperium_in_imperio
diagnosis	GC-CASE-824282	GC-DX-734841	barba_crescit_caput_nescit	Adnexal and Skin Appendage Neoplasms	Alive	Signet-ring Cell Carcinoma	Spinal Cord	725	G4 Anaplastic	M1	N1c	T3	8272/0	remission	Unknown	856	490	Not Applicable	372	Endocardium	Abdominal Wall	33.64	Obedientia_civium_urbis_felicitas
diagnosis	GC-CASE-469842	GC-DX-855013	scientiae_cedit_mare	Complex Mixed and Stromal Neoplasms	Unspecified	Mesenchymal Lesion	Brain/Leptomeninges	351	Not Reported	Unknown	N4	T2c	9275/0	recurrence	Not Reported	822	440	Distant Metastasis	718	Subclavian Artery	Thoracic Lymph Node	730.41	labor_ipse_voluptas
diagnosis	GC-CASE-171192	GC-DX-518103	scientiae_et_patriae	Granular Cell Tumors and Alveolar Soft Part Sarcomas	Alive	Low Grade Glioma, Consistent With Pilocytic Astrocytoma, WHO Grade 1	Parietal Cortex	767	G3 High Grade	M1c	Unknown	T2a1	9370/3	metastasis	Unknown	506	566	Distant Metastasis	709	Intrathoracic Lymph Node	Eyebrow	103.83	saltus_in_demonstrando
diagnosis	GC-CASE-995860	GC-DX-536545	damnant_quod_non_intellegunt	Leukemias	Alive	Thymoma, lymphocyte-rich, malignant	Axillary Nodes	924	GB Borderline	M0	Unknown	T1a1	9252/0	progression	Not Applicable	653	134	Distant Metastasis	963	Fourth Ventricle	Parotid Duct	531.27	labor_ipse_voluptas
diagnosis	GC-CASE-657635	GC-DX-801210	scientia_et_labor	Meningiomas	Dead	Invasive mole, NOS	Celiac Nodes	105	G4 Anaplastic	Unknown	N2a	Unknown	9591/3	primary	Not Allowed to Collect	566	655	New Tumor Event	345	Diaphragm	Infratentorial Brain	351.59	Macte_animo_Generose_puer_sic_itur_ad_astra
diagnosis	GC-CASE-674656	GC-DX-934032	scientiae_cedit_mare	Granular Cell Tumors and Alveolar Soft Part Sarcomas	Unknown	Teratoma, malignant, NOS	Nasopharynx	921	G4 Anaplastic	M1a	N1bI	T4c	9081/3	progression	No	281	418	Regional Disease	733	Anterior Cranial Fossa	Head of the Pancreas	488.51	scientia_et_sapientia
diagnosis	GC-CASE-834800	GC-DX-716869	barba_crescit_caput_nescit	Not Applicable	Alive	Low-grade Glial/Glioneuronal tumor	Salivary Gland	360	Unknown	cM0 (i+)	N1	T3a	9185/3	no_disease	Not Reported	252	682	Localized Disease	982	Renal Pelvis	Bile Canaliculus	104.11	saltus_in_demonstrando
diagnosis	GC-CASE-362286	GC-DX-680464	scientia_et_sapientia	Miscellaneous Bone Tumors	Unknown	Fibroblastic reticular cell tumor	Mandible	243	G4 Anaplastic	M1c	N0 (i-)	T4a	9391/3	metastasis	Not Allowed to Collect	145	508	Distant Metastasis	364	Diaphragm	Head and Neck Lymph Node	715.1	pace_tua
diagnosis	GC-CASE-443202	GC-DX-188108	e_causa_ignota	Leukemias	Alive	Therapy-related acute myeloid leukemia, alkylating agent related	Maxilla	663	G1 Low Grade	M1	NX	T5	9411/3	no_disease	Not Allowed to Collect	315	394	New Tumor Event	561	Tendon	Gastric Lymph Node	614.99	salus_in_arduis
diagnosis	GC-CASE-797178	GC-DX-216097	nanos_gigantum_humeris_insidentes	Basal Cell Neoplasms	Not reported	Lobular And Ductal Carcinoma	Uterus	454	GX Grade Cannot Be Assessed	M1b	Not Reported	T4	9086/3	progression	Not Allowed to Collect	144	232	Not Applicable	506	Aortocaval Lymph Node	Costovertebral Joint	854.58	damnant_quod_non_intellegunt
diagnosis	GC-CASE-773241	GC-DX-104626	faber_est_suae_quisque_fortunae	Thymic Epithelial Neoplasms	Unknown	Thymoma, organoid, malignant	Sternum	353	GB Borderline	M0	N1a	T2a2	9987/3	progression	No	965	810	Not Reported	551	Vagina	Occipital Lobe	547.44	scientia_et_labor
diagnosis	GC-CASE-999164	GC-DX-379608	scientia_imperii_decus_et_tutamen	Epithelial Neoplasms, NOS	Not reported	Hemangioma simplex	Oral Cavity	18	GX Grade Cannot Be Assessed	Not Reported	N0 (mol+)	T1a2	9971/3	progression	Not Allowed to Collect	124	282	Tumor Free	814	Sigmoid Colon	Gingiva	153.73	nascentes_morimur_finisque_ab_origine_pendet
diagnosis	GC-CASE-856212	GC-DX-919707	id_quod_plerumque_accidit	Basal Cell Neoplasms	Not reported	Medulloblastoma, SHH-activated and TP53-mutant	Foot Bone	944	Not Applicable	Unknown	N3	Tis (LCIS)	8023/3	remission	Unknown	753	513	New Tumor Event	598	Anterior Mediastinum	Radius Bone	412.13	Obedientia_civium_urbis_felicitas
diagnosis	GC-CASE-360595	GC-DX-113578	nanos_gigantum_humeris_insidentes	Miscellaneous Tumors	Unspecified	Thymoma, type B1, malignant	Breast	467	G4 Anaplastic	M0	N3	T3c	8470/2	no_disease	Yes	134	79	Localized Disease	539	Dura Mater	Ligament	339.72	damnant_quod_non_intellegunt
diagnosis	GC-CASE-825431	GC-DX-353425	O_Tite_tute_Tati_tibi_tanta_tyranne_tulisti	Leukemias	Not reported	Medulloblastoma, NOS, Medulloblastoma, SHH-Activated And TP53-Mutant	Parietal Bone	749	G2 Intermediate Grade	Unknown	N1bIV	T1b2	8761/3	progression	Unknown	873	553	Distant Metastasis	138	Abdominal Skin	Lateral Wall of the Pharynx	626.19	scientiae_et_patriae
diagnosis	GC-CASE-475104	GC-DX-639201	nascentes_morimur_finisque_ab_origine_pendet	Granular Cell Tumors and Alveolar Soft Part Sarcomas	Alive	High-grade primitive appearing neoplasm	Upper Airway	751	G4 Anaplastic	M1	N1bII	Tis (DCIS)	8586/3	recurrence	Unknown	397	259	With Tumor	198	Branchial Cleft Remnant	Renal Pelvis	517.64	damnant_quod_non_intellegunt
diagnosis	GC-CASE-711788	GC-DX-996223	labor_ipse_voluptas	Complex Mixed and Stromal Neoplasms	Dead	Ganglioneuromatosis	Spleen	461	GB Borderline	MX	N0	T4b	8090/1	no_disease	Not Allowed to Collect	83	91	Localized Disease	840	Larynx	Spinal Cord Dura Mater	984.88	scientiae_et_patriae
diagnosis	GC-CASE-651251	GC-DX-502808	nanos_gigantum_humeris_insidentes	Trophoblastic neoplasms	Unspecified	Fetal lipomatosis	Nasal Bone	957	G2 Intermediate Grade	M1c	N3a	T2a2	9815/3	recurrence	Censored	647	935	Unknown	501	Buttock	Oropharynx	865.07	haec_olim_meminisse_iuvabit
diagnosis	GC-CASE-277467	GC-DX-886828	damnant_quod_non_intellegunt	Not Otherwise Specified	Unspecified	Medullary carcinoma with amyloid stroma	Head	919	G2 Intermediate Grade	M1	N4	Tis	9015/0	recurrence	Not Allowed to Collect	128	508	Not Reported	405	Aryepiglottic Fold	Stomach	668.07	damnant_quod_non_intellegunt
diagnosis	GC-CASE-566711	GC-DX-259900	scientia_et_sapientia	Blood Vessel Tumors	Unspecified	Squamous cell carcinoma, nonkeratinizing, NOS	Skull	403	G1 Low Grade	Unknown	N0 (i-)	T3	8894/0	no_disease	Censored	812	612	Distant Metastasis	262	Intervertebral Disc	Tunica Vaginalis	190.43	labor_ipse_voluptas
diagnosis	GC-CASE-472622	GC-DX-134538	barba_crescit_caput_nescit	Epithelial Neoplasms, NOS	Unspecified	Spindle Cell Rhabdomyosarcoma	Mediastinum	446	Not Applicable	Unknown	N1mi	TX	8522/1	primary	Censored	931	693	Not Allowed To Collect	664	Endocrine Gland	Paraaortic Lymph Node	910.44	scientiae_cedit_mare
diagnosis	GC-CASE-897198	GC-DX-975585	a_bene_placito	Epithelial Neoplasms, NOS	Not reported	Perivascular epithelioid cell tumor, malignant	Other	517	G4 Anaplastic	MX	Unknown	T3a	8806/3	primary	Yes	92	401	Distant Metastasis	889	Biceps Femoris	Pleura	570.1	scientiae_cedit_mare
diagnosis	GC-CASE-161731	GC-DX-210882	Obedientia_civium_urbis_felicitas	Ductal and Lobular Neoplasms	Unspecified	Malignant Rhabdoid Tumor	Axilla	576	GB Borderline	cM0 (i+)	N0 (i+)	T1a2	8982/0	primary	Not Reported	610	828	Localized Disease	140	Chest Wall	Blood	257.11	damnant_quod_non_intellegunt
diagnosis	GC-CASE-105659	GC-DX-449946	scientiae_et_patriae	Immunoproliferative Diseases	Dead	Carcinoma in adenomatous polyp	Nasal Bone	561	G2 Intermediate Grade	M0	Unknown	T1b1	8013/3	remission	Not Allowed to Collect	598	511	With Tumor	389	Gastric Lymph Node	Islet of Langerhans	930.16	cacatum_non_est_pictum
diagnosis	GC-CASE-197507	GC-DX-725847	e_causa_ignota	Paragangliomas and Glomus Tumors	Unspecified	Chronic Myelogenous Leukemia	Celiac Nodes	886	G4 Anaplastic	Not Reported	N2a	T4a	9769/1	progression	Not Applicable	813	33	New Tumor Event	361	Hip	Lower Gingiva	352.09	damnant_quod_non_intellegunt
diagnosis	GC-CASE-694335	GC-DX-241856	e_causa_ignota	Mesothelial Neoplasms	Not reported	Rhabdomyosarcoma strongly suspected	Eyelid	358	G4 Anaplastic	M0	N2	Not Reported	8021/3	progression	Not Applicable	401	254	With Tumor	825	Basal Ganglia	Anal Transitional Zone	569.61	O_Tite_tute_Tati_tibi_tanta_tyranne_tulisti
diagnosis	GC-CASE-359237	GC-DX-728131	Gallia_est_omnis_divisa_in_partes_tres	Nevi and Melanomas	Unspecified	Pheochromocytoma	Breast	279	G2 Intermediate Grade	Not Reported	N0 (i+)	T4c	8520/3	recurrence	Not Allowed to Collect	680	851	Not Reported	492	Jaw Bone	Cranial Nerve	269.81	Gallia_est_omnis_divisa_in_partes_tres
diagnosis	GC-CASE-488802	GC-DX-703345	scientia_imperii_decus_et_tutamen	Myelodysplastic Syndromes	Unknown	Large cell neuroendocrine carcinoma	Sphenoid Bone	109	GX Grade Cannot Be Assessed	MX	N1mi	T3b	8505/0	remission	Not Applicable	115	217	With Tumor	803	Waldeyer's Tonsillar Ring	Coccyx	791.05	scientiae_et_patriae
diagnosis	GC-CASE-372670	GC-DX-983751	haec_olim_meminisse_iuvabit	Unknown	Not reported	Atypical teratoid/rhabdoid tumor	Bronchus	815	Unknown	Not Reported	N2	T2a	8077/2	no_disease	Not Applicable	875	812	With Tumor	849	Splenic Hilar Lymph Node	Bile Canaliculus	134.96	scientia_imperii_decus_et_tutamen
diagnosis	GC-CASE-842250	GC-DX-153197	sapiens_qui_prospicit	Thymic Epithelial Neoplasms	Dead	Hand-Schuller-Christian disease	Other	144	Not Applicable	M1	NX	T2a2	8853/3	recurrence	Not Reported	232	641	Distant Metastasis	459	Pia Mater	Aortocaval Lymph Node	906.82	scientia_imperii_decus_et_tutamen
diagnosis	GC-CASE-394914	GC-DX-852274	nascentes_morimur_finisque_ab_origine_pendet	Miscellaneous Tumors	Unknown	High-grade Glioma	Lacrimal Bone	377	Unknown	Unknown	N1a	T0	8052/3	no_disease	No	450	142	Not Reported	542	Visceral Pleura	Ductus Santorini	728.3	nanos_gigantum_humeris_insidentes
diagnosis	GC-CASE-404873	GC-DX-681993	salus_in_arduis	Plasma Cell Neoplasm	Not reported	Spindle cell angioendothelioma	Lumbar Spinal Cord	712	G3 High Grade	M1	N2c	T4b	8163/2	no_disease	Censored	729	393	New Tumor Event	603	Acromioclavicular Joint	Paranasal Sinus	308.69	faber_est_suae_quisque_fortunae
diagnosis	GC-CASE-957952	GC-DX-771450	scientiae_et_patriae	Thymic Epithelial Neoplasms	Not reported	Carotid body tumor	Humerus	872	G1 Low Grade	Unknown	Not Reported	T4b	8241/3	remission	No	427	168	Not Allowed To Collect	472	Gastric Cardia	Cul-de-sac	665.52	barba_crescit_caput_nescit
diagnosis	GC-CASE-230214	GC-DX-719241	barba_crescit_caput_nescit	Plasma Cell Neoplasm	Unspecified	Serous cystadenoma, borderline malignancy	Paratesticular	940	G3 High Grade	cM0 (i+)	N0 (mol+)	T1b	9365/3	progression	Unknown	80	141	Localized Disease	99	Maxillary Sinus	Aryepiglottic Fold	59.02	salus_in_arduis
diagnosis	GC-CASE-583567	GC-DX-521616	a_bene_placito	Neuroepitheliomatous Neoplasms	Dead	Micropapillary Carcinoma, NOS	Upper Extremity	385	Not Reported	Unknown	N0 (i+)	T5	8290/0	progression	Yes	288	23	Not Allowed To Collect	652	Medulla Oblongata	Elbow Joint	320.49	nascentes_morimur_finisque_ab_origine_pendet
diagnosis	GC-CASE-707046	GC-DX-152170	nanos_gigantum_humeris_insidentes	Synovial-like Neoplasms	Alive	Choriocarcinoma Combined With Other Germ Cell Elements	Bone Face	721	G1 Low Grade	M1b	N3	T1a2	8980/3	progression	Unknown	585	223	Localized Disease	673	Cuneiform Cartilage	Ethmoid Sinus	690.49	salus_in_arduis
diagnosis	GC-CASE-741553	GC-DX-358825	e_causa_ignota	Thymic Epithelial Neoplasms	Not reported	Hepatosplenic gamma-delta cell lymphoma	Leptomeningeal	723	G1 Low Grade	M1	N1c	T2c	8622/1	remission	Not Allowed to Collect	929	621	Tumor Free	472	Craniopharyngeal Duct	Elbow Joint	833.66	Macte_animo_Generose_puer_sic_itur_ad_astra
diagnosis	GC-CASE-708100	GC-DX-799349	salus_in_arduis	Lymphatic Vessel Tumors	Not reported	Primitive Sarcoma	Retroperitoneum	486	GB Borderline	M1b	N3	T1mi	9080/1	metastasis	Unknown	277	316	Regional Disease	415	Pectoralis Major	Cardiac Atrium	962.57	scientiae_et_patriae
diagnosis	GC-CASE-321696	GC-DX-815676	Macte_animo_Generose_puer_sic_itur_ad_astra	Lymphatic Vessel Tumors	Unspecified	Mucinous carcinoma, intestinal type	Nasal Cavity and Paranasal Sinuses	548	Not Reported	MX	N1bI	Unknown	8740/3	metastasis	Censored	444	844	Biochemical evidence of disease without structural correlate	386	Iris	Lateral Wall of the Nasopharynx	532.17	imperium_in_imperio
diagnosis	GC-CASE-391033	GC-DX-745805	e_causa_ignota	Myxomatous Neoplasms	Alive	8170/3 : Hepatocellular Carcinoma, NOS	Carpal Bone	176	Unknown	M1a	N1c	T2d	9105/3	recurrence	Not Applicable	130	31	Distant Metastasis	531	Sigmoid Colon	Pectoral Lymph Node	267.86	Obedientia_civium_urbis_felicitas
diagnosis	GC-CASE-576815	GC-DX-239120	Obedientia_civium_urbis_felicitas	Not Applicable	Not reported	Subacute monocytic leukemia	Hip	470	G3 High Grade	M1a	NX	T3	8212/0	recurrence	Not Allowed to Collect	743	879	New Tumor Event	830	Bladder Neck	Cerebral Peduncle	387.14	cacatum_non_est_pictum
diagnosis	GC-CASE-475171	GC-DX-493531	saltus_in_demonstrando	Fibroepithelial Neoplasms	Unspecified	Malignant lymphoma, small cleaved cell, diffuse	Popliteal Nodes	969	GX Grade Cannot Be Assessed	M1b	Unknown	T2d	9759/3	metastasis	Unknown	723	171	Biochemical evidence of disease without structural correlate	807	Retroperitoneum	Lung	227.5	pace_tua
diagnosis	GC-CASE-891949	GC-DX-980509	scientiae_cedit_mare	Not Otherwise Specified	Unknown	Psammomatous schwannoma	Epitrochlear or Brachial Nodes	972	GX Grade Cannot Be Assessed	M0	N0 (i-)	T2b	8959/3	progression	Not Reported	664	703	Not Applicable	778	Perineum	Intercostal Nerve	226.08	Macte_animo_Generose_puer_sic_itur_ad_astra
diagnosis	GC-CASE-816164	GC-DX-794044	pace_tua	Adenomas and Adenocarcinomas	Not reported	Ganglioneuroma, Other, Schwannoma	Ascitic Fluid	209	GB Borderline	M1c	NX	T1	8472/1	recurrence	Not Allowed to Collect	76	938	Unknown	271	Paraaortic Lymph Node	Nasal Septum	423.03	scientia,_aere_perennius
diagnosis	GC-CASE-825323	GC-DX-233476	scientia,_aere_perennius	Soft Tissue Tumors and Sarcomas, NOS	Not reported	Atypical Teratoid/ Rhabdoid Tumor, CNS WHO Grade IV	Thoracic Vertebra	979	Not Applicable	M1b	N2c	Ta	8500/2	remission	Censored	724	658	Regional Disease	779	Vallecula	Bone	873.83	sapiens_qui_prospicit
diagnosis	GC-CASE-781141	GC-DX-354203	a_bene_placito	Basal Cell Neoplasms	Dead	Neuroepithelial neoplasm, Glioma	Temporal Lobe	449	G4 Anaplastic	Unknown	N1b	TX	8410/0	primary	Yes	122	19	Distant Metastasis	904	Mesonephros	Fourth Ventricle	584.71	Macte_animo_Generose_puer_sic_itur_ad_astra
diagnosis	GC-CASE-287393	GC-DX-259747	salus_in_arduis	Trophoblastic neoplasms	Unknown	Glioma, Malignant, Other, Other CNS Tumor, NOS Or NEC	Hypodermis	926	Not Reported	cM0 (i+)	N1bI	Tis	9539/3	recurrence	Not Applicable	271	455	Distant Metastasis	121	Cardiac Atrium	Intestine	83.77	scientiae_et_patriae
diagnosis	GC-CASE-385683	GC-DX-875766	scientia_et_labor	Ductal and Lobular Neoplasms	Unknown	Myxoid leiomyosarcoma	Intraspinal	342	Not Reported	cM0 (i+)	N1b	T2a	9100/1	progression	Censored	500	279	Unknown	838	Obturator Nerve	Tendon Sheath	520.04	pace_tua
diagnosis	GC-CASE-721122	GC-DX-601193	nascentes_morimur_finisque_ab_origine_pendet	Synovial-like Neoplasms	Unknown	Neoplasm, Malignant, Uncertain Whether Primary Or Metastatic	Oculus Dexter (Right Eye)	393	Not Reported	MX	N2a	T1b	8040/1	progression	Unknown	12	592	Not Applicable	472	Gastric Cardia	Splenic Flexure	560.03	scientia_et_sapientia
diagnosis	GC-CASE-429718	GC-DX-757808	pace_tua	Gliomas	Dead	Bronchial adenoma, NOS	Hip	620	G2 Intermediate Grade	M1c	N2	T1a1	8248/1	recurrence	Not Applicable	571	435	Tumor Free	523	Temporal Lobe	Medulla Oblongata	19.2	scientia,_aere_perennius
diagnosis	GC-CASE-826390	GC-DX-560733	O_Tite_tute_Tati_tibi_tanta_tyranne_tulisti	Meningiomas	Not reported	Aggressive systemic mastocytosis	Sternum/Chest Wall	946	GX Grade Cannot Be Assessed	M1	N0 (mol+)	T2a	8461/6	remission	Not Applicable	638	440	With Tumor	73	Arm Skin	Retroperitoneum	106.15	barba_crescit_caput_nescit
diagnosis	GC-CASE-669589	GC-DX-435491	sapiens_qui_prospicit	Adnexal and Skin Appendage Neoplasms	Unknown	Kupffer cell sarcoma	Superior Maxilla	345	G1 Low Grade	cM0 (i+)	N3b	T3c	8870/0	primary	Censored	788	90	Tumor Free	454	Gastroesophageal Junction	Scalene Lymph Node	313.54	scientia_imperii_decus_et_tutamen
diagnosis	GC-CASE-157881	GC-DX-595354	Obedientia_civium_urbis_felicitas	Ductal and Lobular Neoplasms	Unspecified	Pseudomucinous cystadenoma, borderline malignancy	Parietal Lobe	927	G4 Anaplastic	M1	N0 (i+)	T2a	8077/0	progression	Not Allowed to Collect	804	573	Biochemical evidence of disease without structural correlate	365	Infratentorial Brain	Bile Canaliculus	849.22	O_Tite_tute_Tati_tibi_tanta_tyranne_tulisti
diagnosis	GC-CASE-501764	GC-DX-223481	sapiens_qui_prospicit	Meningiomas	Not reported	Thecoma, NOS	Pons Varolii	795	G3 High Grade	cM0 (i+)	N3a	T1	8746/3	primary	Yes	989	877	Localized Disease	623	Chest Wall	Uterine Gland	645.69	Obedientia_civium_urbis_felicitas
diagnosis	GC-CASE-388833	GC-DX-359780	barba_crescit_caput_nescit	Adenomas and Adenocarcinomas	Alive	Lymphocytic leukemia, NOS	Hand Joint	903	Not Reported	cM0 (i+)	Unknown	Tis (LCIS)	8318/3	recurrence	Yes	335	191	Distant Metastasis	15	Blood	Lateral Ventricle	556.9	labor_ipse_voluptas
diagnosis	GC-CASE-473111	GC-DX-293738	haec_olim_meminisse_iuvabit	Neuroepitheliomatous Neoplasms	Dead	Malignant Epithelioid And Myxoid Neoplasm	Hand	704	G4 Anaplastic	M1	N4	T2a	9541/0	no_disease	No	576	898	New Tumor Event	425	Gluteus Maximus	Pons Varolii	424.7	a_bene_placito
diagnosis	GC-CASE-210095	GC-DX-764685	pace_tua	Nerve Sheath Tumors	Unknown	Odontogenic tumor, benign	Cerebrospinal Fluid	886	G4 Anaplastic	M1	N0 (mol+)	T4	8211/0	progression	Not Applicable	528	931	Distant Metastasis	621	Salivary Gland	True Vocal Cord	733.31	cacatum_non_est_pictum
diagnosis	GC-CASE-371301	GC-DX-654542	nascentes_morimur_finisque_ab_origine_pendet	Mast Cell Neoplasm	Unspecified	Extra-adrenal paraganglioma, NOS	Hip	13	G2 Intermediate Grade	M1b	N1mi	T1a2	9161/1	primary	Unknown	186	595	Unknown	860	Areola	Corpus Callosum	250.44	scientia_et_sapientia
diagnosis	GC-CASE-892682	GC-DX-597150	imperium_in_imperio	Adenomas and Adenocarcinomas	Not reported	Embryonal rhabdomyosarcoma, minimal focal anaplasia	Cutaneous	557	Not Applicable	cM0 (i+)	N1mi	T2a2	8202/0	primary	Yes	295	150	With Tumor	183	Triceps Brachii	Vein	120.59	labor_ipse_voluptas
diagnosis	GC-CASE-539599	GC-DX-908536	scientiae_cedit_mare	Not Applicable	Unspecified	Thalamic Brain Tumor	Pons Varolii	600	G2 Intermediate Grade	M0	N2c	T4d	9731/3	primary	Unknown	289	593	Distant Metastasis	261	Lens	Musculus Latissimus Dorsi	373.79	salus_in_arduis
diagnosis	GC-CASE-469903	GC-DX-759351	damnant_quod_non_intellegunt	Lipomatous Neoplasms	Unspecified	Calcifying nested epithelial stromal tumor	Wrist Joint	406	G3 High Grade	Unknown	N3c	T5	8523/3	progression	Not Applicable	934	680	Not Allowed To Collect	336	Nose	Hematopoietic System	34.91	labor_ipse_voluptas
diagnosis	GC-CASE-398477	GC-DX-632439	e_causa_ignota	Myomatous Neoplasms	Dead	Transitional cell carcinoma	Breast	690	Not Reported	M1	N1bII	T1b1	8071/2	remission	Not Allowed to Collect	11	972	Biochemical evidence of disease without structural correlate	493	Brain Ventricle	Tonsillar Pillar	140.08	nanos_gigantum_humeris_insidentes
diagnosis	GC-CASE-579682	GC-DX-789725	a_bene_placito	Myomatous Neoplasms	Dead	Epithelial - Myoepithelial Carcinoma	Lumbar Vertebra	166	GX Grade Cannot Be Assessed	M1a	N1	T1a1	9811/3	metastasis	Not Allowed to Collect	113	233	Distant Metastasis	568	Pia Mater	Lobule of the Auricle	404.64	pace_tua
diagnosis	GC-CASE-119128	GC-DX-261781	id_quod_plerumque_accidit	Myomatous Neoplasms	Alive	Bronchiolo-alveolar carcinoma, Clara cell and goblet cell type	Testis	818	G1 Low Grade	MX	N1b	T4	8123/3	primary	Unknown	836	175	Localized Disease	381	Blood	Placenta	914.49	scientia_imperii_decus_et_tutamen
diagnosis	GC-CASE-917605	GC-DX-844390	scientiae_cedit_mare	Leukemias	Not reported	Solid adenocarcinoma with mucin formation	Third Ventricle	455	Not Applicable	M1	N4	Unknown	9985/3	metastasis	Unknown	686	231	New Tumor Event	159	Gastrointestinal Tract	Lower Gingiva	88.0	scientia_et_sapientia
diagnosis	GC-CASE-579767	GC-DX-866354	imperium_in_imperio	Blood Vessel Tumors	Unspecified	Basophil carcinoma	Skull and Face Bone	65	G1 Low Grade	M1c	N2b	T1b2	8441/0	recurrence	Not Allowed to Collect	550	904	Not Reported	601	Lateral Wall of the Pharynx	Mesonephric Duct	727.9	saltus_in_demonstrando
diagnosis	GC-CASE-801577	GC-DX-200790	Macte_animo_Generose_puer_sic_itur_ad_astra	Osseous and Chondromatous Neoplasms	Unspecified	Eosinophil adenocarcinoma	Suprasellar Pituitary	74	G2 Intermediate Grade	cM0 (i+)	N3	T1b1	9241/0	no_disease	No	111	892	Localized Disease	245	Glossopharyngeal Nerve	Tragus	382.58	Obedientia_civium_urbis_felicitas
diagnosis	GC-CASE-392719	GC-DX-587294	salus_in_arduis	Epithelial Neoplasms, NOS	Alive	Hepatoma, NOS	Forearm	546	Not Applicable	MX	N0 (i+)	T4	8710/3	remission	Not Reported	587	361	Not Allowed To Collect	981	Tongue	Cauda Equina	593.27	sapiens_qui_prospicit
diagnosis	GC-CASE-850631	GC-DX-471867	e_causa_ignota	Unknown	Alive	Myelodysplastic syndrome with 5q deletion (5q-) syndrome	Fallopian Tube	456	Not Reported	M1c	Not Reported	T4e	8123/3	recurrence	Not Allowed to Collect	330	457	With Tumor	382	Superior Wall of the Nasopharynx	Gastric Lymph Node	547.25	Obedientia_civium_urbis_felicitas
diagnosis	GC-CASE-242304	GC-DX-437021	nascentes_morimur_finisque_ab_origine_pendet	Neoplasms, NOS	Dead	Ceruminous adenocarcinoma	Hypopharynx	901	G1 Low Grade	M0	N1bIV	T5	9220/0	remission	Yes	642	233	Biochemical evidence of disease without structural correlate	486	Mediastinum	Tendon	485.01	id_quod_plerumque_accidit
diagnosis	GC-CASE-304702	GC-DX-122747	Obedientia_civium_urbis_felicitas	Adnexal and Skin Appendage Neoplasms	Unspecified	Small cell carcinoma, intermediate cell	Testis	155	Not Reported	M1b	N2	T3c	8360/1	progression	Censored	926	443	Unknown	634	Sphincter of Oddi	Pancreatic Duct	751.45	haec_olim_meminisse_iuvabit
diagnosis	GC-CASE-460463	GC-DX-268982	nanos_gigantum_humeris_insidentes	Myelodysplastic Syndromes	Dead	Angiocentric T-cell lymphoma	Celiac Nodes	506	Not Applicable	M1c	N2b	Tis (DCIS)	9290/0	remission	No	731	523	Not Applicable	453	Broad Ligament	Inguinal Lymph Node	368.73	damnant_quod_non_intellegunt
diagnosis	GC-CASE-142916	GC-DX-165784	nascentes_morimur_finisque_ab_origine_pendet	Mesothelial Neoplasms	Unspecified	Neoplasm, Uncertain Whether Benign Or Malignant, High-Grade Glioma, High-Grade Glioma, NOS Or NEC	Hypopharynx	424	G3 High Grade	Unknown	N1bIII	T2a2	8120/1	remission	Not Applicable	155	174	Regional Disease	845	Costovertebral Joint	Cornea	696.92	scientiae_cedit_mare
diagnosis	GC-CASE-945329	GC-DX-986498	id_quod_plerumque_accidit	Fibroepithelial Neoplasms	Unspecified	Head and Neck Squamous Cell Carcinoma	Bone or Bone Marrow	787	G1 Low Grade	M1a	Not Reported	T4e	8210/3	no_disease	Unknown	430	237	Not Applicable	855	Ankle Skin	Mucosa of the Upper Lip	628.78	haec_olim_meminisse_iuvabit
diagnosis	GC-CASE-290724	GC-DX-674865	imperium_in_imperio	Gliomas	Dead	Malignant lymphoma, small B lymphocytic, NOS	Inguinal or Femoral Nodes	225	Not Applicable	Not Reported	N4	Not Reported	8131/3	remission	Yes	979	248	Distant Metastasis	330	Rectosigmoid Region	Biceps Femoris	366.86	scientia_et_labor
diagnosis	GC-CASE-545925	GC-DX-897175	nascentes_morimur_finisque_ab_origine_pendet	Miscellaneous Bone Tumors	Alive	Squamous cell carcinoma in situ with questionable stromal invasion	Cerebellum	201	G1 Low Grade	M1	N1c	T1b1	8541/3	progression	Censored	148	785	Distant Metastasis	88	Biliary Tract	Trunk	105.63	O_Tite_tute_Tati_tibi_tanta_tyranne_tulisti
diagnosis	GC-CASE-182494	GC-DX-336210	barba_crescit_caput_nescit	Myomatous Neoplasms	Alive	Invasive Ductal Carcinoma	Parietal Bone	986	GX Grade Cannot Be Assessed	MX	N1bI	T1b1	8342/3	no_disease	Yes	268	346	Localized Disease	871	Myocardium	Pyriform Sinus	847.64	pace_tua
diagnosis	GC-CASE-997175	GC-DX-517234	id_quod_plerumque_accidit	Fibromatous Neoplasms	Dead	High Grade Neuroepithelial Tumor, With Features Aligning Best With A CNS Embryonal Tumor, CNS WHO Grade 4	Leg	842	G1 Low Grade	Unknown	N3c	T1a2	8143/3	progression	Unknown	297	864	Localized Disease	235	Axillary Tail of the Breast	Celiac Lymph Node	301.72	scientiae_cedit_mare
diagnosis	GC-CASE-525427	GC-DX-309923	nanos_gigantum_humeris_insidentes	Meningiomas	Not reported	Intracystic papillary tumor with high grade entraepithelial neoplasia	Pons Varolii	100	G3 High Grade	M1a	N3a	T1a1	8092/3	primary	Not Allowed to Collect	407	747	Unknown	423	Sella Turcica	Falx Cerebri	459.44	haec_olim_meminisse_iuvabit
diagnosis	GC-CASE-890964	GC-DX-607503	haec_olim_meminisse_iuvabit	Paragangliomas and Glomus Tumors	Unspecified	Astrocytoma, NOS, Angiocentric Glioma, Low-Grade Glioma	Thoracic Spinal Cord	212	Not Reported	M1a	N1c	T2c	9520/3	recurrence	Not Applicable	784	655	Not Applicable	125	Vermis	Submandibular Gland	826.65	labor_ipse_voluptas
diagnosis	GC-CASE-150972	GC-DX-886167	Obedientia_civium_urbis_felicitas	Lipomatous Neoplasms	Dead	Mitotically Active Glial/ Glioneuronal Neoplasm	Mediastinum	139	G1 Low Grade	M1b	N1bIII	Tis (LCIS)	8620/3	recurrence	No	373	554	With Tumor	199	Femoral Artery	Sphenoid Bone	888.43	damnant_quod_non_intellegunt
diagnosis	GC-CASE-454024	GC-DX-764968	Gallia_est_omnis_divisa_in_partes_tres	Lipomatous Neoplasms	Unknown	Heavy chain disease, NOS	Mesenteric Nodes	466	G4 Anaplastic	M1c	N0	Tis	9769/1	no_disease	Yes	371	330	New Tumor Event	509	Rectum	Lobule of the Auricle	149.48	saltus_in_demonstrando
diagnosis	GC-CASE-117486	GC-DX-251652	faber_est_suae_quisque_fortunae	Myelodysplastic Syndromes	Alive	Sweat gland tumor, malignant	Head and Neck	558	G1 Low Grade	Not Reported	N2b	T4c	9537/0	primary	Not Allowed to Collect	438	396	Not Allowed To Collect	339	Body of Stomach	Infraclavicular Region	271.81	nascentes_morimur_finisque_ab_origine_pendet
diagnosis	GC-CASE-627364	GC-DX-277763	labor_ipse_voluptas	Germ Cell Neoplasms	Not reported	Cribriform carcinoma, NOS	Adrenal Gland	842	G3 High Grade	M1c	N0 (i+)	T1c	8311/3	no_disease	Not Allowed to Collect	133	424	Regional Disease	557	Maxillary Sinus	Vallecula	42.65	a_bene_placito
diagnosis	GC-CASE-440744	GC-DX-640212	pace_tua	Epithelial Neoplasms, NOS	Not reported	Chondroblastic osteosarcoma	Upper Airway	642	G4 Anaplastic	M1c	N1bIV	T2c	8830/0	recurrence	No	89	689	With Tumor	216	Epididymis	Thoracic Duct	399.89	Gallia_est_omnis_divisa_in_partes_tres
diagnosis	GC-CASE-193075	GC-DX-326231	Macte_animo_Generose_puer_sic_itur_ad_astra	Gliomas	Dead	Villoglandular carcinoma	Omentum	709	G1 Low Grade	M0	N1	T5	8727/0	metastasis	No	200	564	Unknown	949	Ischiorectal Fossa	Carpal Region	262.99	labor_ipse_voluptas
diagnosis	GC-CASE-521265	GC-DX-207802	scientiae_et_patriae	Gliomas	Unknown	Low grade neuroepithelial tumor consistent with polymorphous low grade neuro-epithelial tumor of the young	Lower Arm	593	Not Reported	M0	N2a	T0	8854/3	primary	No	594	394	Distant Metastasis	78	Shoulder	Colon	380.49	Obedientia_civium_urbis_felicitas
diagnosis	GC-CASE-797987	GC-DX-116124	Gallia_est_omnis_divisa_in_partes_tres	Acinar Cell Neoplasms	Not reported	T-cell large granular lymphocytosis	Ovary	912	GB Borderline	M0	N1mi	T0	9520/3	progression	Unknown	510	365	Tumor Free	873	Paraganglion	Tooth Socket	402.85	nascentes_morimur_finisque_ab_origine_pendet
diagnosis	GC-CASE-523313	GC-DX-674157	saltus_in_demonstrando	Unknown	Not reported	Giant cell tumor of bone, NOS	Hip/Inguinal Region	599	G2 Intermediate Grade	M1b	N3c	Tis (DCIS)	9137/3	remission	Unknown	134	450	Regional Disease	230	Supratentorial Brain	Male Prepuce	307.98	imperium_in_imperio
diagnosis	GC-CASE-883501	GC-DX-586559	salus_in_arduis	Blood Vessel Tumors	Unspecified	Dedifferentiated chordoma	Trunk	111	Not Reported	M1a	N1bI	Ta	8561/0	recurrence	Not Reported	310	794	New Tumor Event	885	Ischiorectal Fossa	Plantar Region	960.19	damnant_quod_non_intellegunt
diagnosis	GC-CASE-877333	GC-DX-117947	scientia_et_sapientia	Synovial-like Neoplasms	Alive	Neoplasm, Malignant, ATRT-SHH, Atypical Teratoid/Rhabdoid Tumor	Scapula/Clavicle	841	Not Reported	Not Reported	NX	T1c	9400/3	recurrence	Yes	232	613	Not Reported	910	Extrahepatic Bile Duct	Posterior Wall of the Oropharynx	300.87	scientia_et_labor
diagnosis	GC-CASE-958249	GC-DX-190079	Gallia_est_omnis_divisa_in_partes_tres	Blood Vessel Tumors	Not reported	Thecoma, malignant	Breast	613	Not Applicable	M1	N3c	Tis (LCIS)	8052/2	no_disease	No	351	81	Regional Disease	477	Ectocervix	Ureter	164.37	scientia_et_sapientia
diagnosis	GC-CASE-665857	GC-DX-139225	e_causa_ignota	Soft Tissue Tumors and Sarcomas, NOS	Dead	Left Thoracic Tumor	Splenic Hilar Nodes	271	G3 High Grade	M1	Not Reported	T1a2	9946/3	metastasis	No	119	416	Localized Disease	385	Floor of Mouth	Posterior Wall of the Oropharynx	874.86	Obedientia_civium_urbis_felicitas
diagnosis	GC-CASE-243527	GC-DX-104236	haec_olim_meminisse_iuvabit	Complex Mixed and Stromal Neoplasms	Dead	Triple-Negative Breast Carcinoma	Fibula	668	Not Reported	M1b	N3c	T1	8832/3	recurrence	Not Applicable	820	622	Unknown	357	Calf	Pectoralis Major	288.73	Obedientia_civium_urbis_felicitas
diagnosis	GC-CASE-924640	GC-DX-317941	Gallia_est_omnis_divisa_in_partes_tres	Complex Mixed and Stromal Neoplasms	Dead	Hodgkin disease, lymphocyte predominance, NOS	Vagina	585	GX Grade Cannot Be Assessed	M0	NX	T1b2	8920/6	no_disease	Not Allowed to Collect	586	983	Distant Metastasis	854	Frontal Pole	Cul-de-sac	903.85	cacatum_non_est_pictum
diagnosis	GC-CASE-440898	GC-DX-775361	scientiae_et_patriae	Nerve Sheath Tumors	Unspecified	Glioma, Malignant, High-Grade Glioma, Pleomorphic Xanthoastrocytoma	Cutaneous	723	G1 Low Grade	M1b	Not Reported	T1b1	9867/3	progression	Yes	49	215	Not Allowed To Collect	487	Skin Of The Axilla	Femoral Artery	736.55	id_quod_plerumque_accidit
diagnosis	GC-CASE-633450	GC-DX-667758	Obedientia_civium_urbis_felicitas	Mast Cell Neoplasm	Dead	Acinar adenocarcinoma	Tonsil	514	Not Applicable	M1b	N1bIV	T3c	9520/3	no_disease	No	777	755	New Tumor Event	473	Helix	Submandibular Duct	374.49	scientia_et_labor
diagnosis	GC-CASE-232482	GC-DX-223359	labor_ipse_voluptas	Complex Mixed and Stromal Neoplasms	Unknown	Wolffian duct carcinoma	Metacarpals	206	GX Grade Cannot Be Assessed	M1b	N4	T2	9478/3	primary	Not Allowed to Collect	82	216	Unknown	382	Masseter Muscle	Hard Palate	654.24	O_Tite_tute_Tati_tibi_tanta_tyranne_tulisti
diagnosis	GC-CASE-184959	GC-DX-122027	pace_tua	Mucoepidermoid Neoplasms	Unspecified	Lymphangioendothelioma, NOS	Forearm	863	Not Reported	M1c	N1bI	T3a	8094/3	recurrence	Censored	276	192	Not Reported	538	Liver	Fallopian Tube	860.67	sapiens_qui_prospicit
diagnosis	GC-CASE-706546	GC-DX-994897	scientiae_cedit_mare	Nerve Sheath Tumors	Dead	Alveolar Soft Part Sarcoma	Liver	140	G3 High Grade	M1	N1c	T2	8375/0	progression	Not Applicable	531	794	New Tumor Event	504	Hematopoietic System	Toe	427.37	scientiae_et_patriae
diagnosis	GC-CASE-408168	GC-DX-133584	saltus_in_demonstrando	Not Otherwise Specified	Unspecified	Paraganglioma, malignant	Intrathoracic	942	G2 Intermediate Grade	M1c	N1bII	T4a	8190/3	progression	Unknown	95	103	Distant Metastasis	293	Cervical Gland	Occipital Lobe	892.52	nanos_gigantum_humeris_insidentes
