type	file.file_id	genomic_info_id	library_id	bases	number_of_reads	avg_read_length	coverage	reference_genome_assembly	custom_assembly_fasta_file_for_alignment	design_description	library_strategy	library_layout	library_selection	platform	instrument_model	sequence_alignment_software	reporter_label	methylation_platform	library_source_material	library_source_molecule	crdc_id
genomic_info	GC-FILE-258357	GC-GENO-760688	a_bene_placito	513	279	521.14	9	GRCh38	Macte_animo_Generose_puer_sic_itur_ad_astra	barba_crescit_caput_nescit	ssRNA-seq	Single-indexed	CF-T	Illumina	454 GS 20	scientiae_et_patriae	faber_est_suae_quisque_fortunae	saltus_in_demonstrando	Bulk Nuclei	Viral RNA	sapiens_qui_prospicit
genomic_info	GC-FILE-506028	GC-GENO-647838	scientiae_cedit_mare	715	186	595.87	2	Not specified in data	damnant_quod_non_intellegunt	salus_in_arduis	MNase-Seq	Single-indexed	Poly-A Enriched Genomic Library	PacBio SMRT	Illumina Genome Analyzer	scientia_et_labor	scientia_et_sapientia	damnant_quod_non_intellegunt	Bulk Tissue	Transcriptome	sapiens_qui_prospicit
genomic_info	GC-FILE-511344	GC-GENO-450959	barba_crescit_caput_nescit	652	801	16.52	1	GRCh37-lite	barba_crescit_caput_nescit	faber_est_suae_quisque_fortunae	EST	Paired-End	MDA	Illumina	Illumina NextSeq	faber_est_suae_quisque_fortunae	Macte_animo_Generose_puer_sic_itur_ad_astra	Obedientia_civium_urbis_felicitas	Bulk Tissue	Genomic DNA	faber_est_suae_quisque_fortunae
genomic_info	GC-FILE-830255	GC-GENO-373105	cacatum_non_est_pictum	511	757	600.64	5	GRCh38	nanos_gigantum_humeris_insidentes	Gallia_est_omnis_divisa_in_partes_tres	ncRNA-Seq	Paired-End	MNase	Ion Torrent	AB SOLiD PI System	haec_olim_meminisse_iuvabit	scientia_et_sapientia	scientia,_aere_perennius	Single-nuclei	Not Reported	scientia_et_sapientia
genomic_info	GC-FILE-740609	GC-GENO-842629	imperium_in_imperio	914	227	50.02	2	GRCh37	scientia_et_sapientia	imperium_in_imperio	Synthetic-Long-Read	Single-indexed	Other	ABI Solid	Ultima Genomics UG100	faber_est_suae_quisque_fortunae	Macte_animo_Generose_puer_sic_itur_ad_astra	scientia,_aere_perennius	Bulk Cells	Metatranscriptomic	a_bene_placito
genomic_info	GC-FILE-392173	GC-GENO-501780	Obedientia_civium_urbis_felicitas	767	855	530.43	0	Not specified in data	id_quod_plerumque_accidit	damnant_quod_non_intellegunt	WGS	Paired-End	CF-T	ABI Solid	Illumina NextSeq	Gallia_est_omnis_divisa_in_partes_tres	saltus_in_demonstrando	labor_ipse_voluptas	Single-cells	Not Reported	sapiens_qui_prospicit
genomic_info	GC-FILE-623800	GC-GENO-146735	labor_ipse_voluptas	172	512	585.25	2	GRCh37	a_bene_placito	haec_olim_meminisse_iuvabit	Synthetic-Long-Read	Paired-End	DNAse	Capillary	DNBSEQ-G400	scientiae_cedit_mare	a_bene_placito	scientiae_et_patriae	Bulk Nuclei	Not Reported	nascentes_morimur_finisque_ab_origine_pendet
genomic_info	GC-FILE-327351	GC-GENO-730134	O_Tite_tute_Tati_tibi_tanta_tyranne_tulisti	368	858	51.52	2	GRCh38	haec_olim_meminisse_iuvabit	nascentes_morimur_finisque_ab_origine_pendet	scMultiome	Paired-End	CF-M	Ultima	BGISEQ-500	Gallia_est_omnis_divisa_in_partes_tres	scientia_et_labor	scientia,_aere_perennius	Not Reported	Metatranscriptomic	haec_olim_meminisse_iuvabit
genomic_info	GC-FILE-963543	GC-GENO-445961	scientia,_aere_perennius	261	782	66.8	4	GRCh37	scientiae_cedit_mare	faber_est_suae_quisque_fortunae	RIP-Seq	Paired-End	MF	BGISEQ	Illumina HiSeq 2500	saltus_in_demonstrando	a_bene_placito	nanos_gigantum_humeris_insidentes	Bulk Tissue	Metagenomic	haec_olim_meminisse_iuvabit
genomic_info	GC-FILE-417814	GC-GENO-830180	scientia_imperii_decus_et_tutamen	68	924	694.75	2	GRCh37-lite	Macte_animo_Generose_puer_sic_itur_ad_astra	Obedientia_civium_urbis_felicitas	EST	Paired-End	5-methylcytidine antibody	Helicos	Illumina NovaSeq 6000	barba_crescit_caput_nescit	damnant_quod_non_intellegunt	faber_est_suae_quisque_fortunae	Bulk Tissue	Metagenomic	labor_ipse_voluptas
genomic_info	GC-FILE-582905	GC-GENO-420006	Obedientia_civium_urbis_felicitas	878	220	630.68	6	Not specified in data	scientia_imperii_decus_et_tutamen	labor_ipse_voluptas	mRNA-Seq	Single-indexed	Repeat fractionation	PacBio SMRT	Illumina HiSeq X Ten	pace_tua	scientia_imperii_decus_et_tutamen	scientia,_aere_perennius	Single-nuclei	Metatranscriptomic	a_bene_placito
genomic_info	GC-FILE-887072	GC-GENO-917432	barba_crescit_caput_nescit	408	441	627.51	5	GRCh38	nanos_gigantum_humeris_insidentes	id_quod_plerumque_accidit	ncRNA-Seq	Paired-End	Poly-A Enriched Genomic Library	Ion Torrent	454 GS FLX	pace_tua	a_bene_placito	scientiae_cedit_mare	Bulk Cells	Transcriptome	Gallia_est_omnis_divisa_in_partes_tres
genomic_info	GC-FILE-793003	GC-GENO-879251	scientia_et_sapientia	820	374	700.11	9	Not specified in data	sapiens_qui_prospicit	nanos_gigantum_humeris_insidentes	ATAC-Seq	Paired-End	CF-H	Oxford Nanopore	Illumina NextSeq 2500	id_quod_plerumque_accidit	scientiae_et_patriae	damnant_quod_non_intellegunt	Not Reported	Metatranscriptomic	imperium_in_imperio
genomic_info	GC-FILE-748268	GC-GENO-560509	e_causa_ignota	564	154	384.28	10	GRCh38	Obedientia_civium_urbis_felicitas	scientia_imperii_decus_et_tutamen	ncRNA-Seq	Single-indexed	Hybrid Selection	LS 454	MGISEQ-2000RS	haec_olim_meminisse_iuvabit	sapiens_qui_prospicit	pace_tua	Bulk Nuclei	Viral RNA	id_quod_plerumque_accidit
genomic_info	GC-FILE-224311	GC-GENO-609504	Macte_animo_Generose_puer_sic_itur_ad_astra	960	560	561.65	3	GRCh37	id_quod_plerumque_accidit	e_causa_ignota	ChIA-PET	Single-indexed	Reduced Representation	Illumina	AB SOLiD 4	scientia_et_sapientia	haec_olim_meminisse_iuvabit	faber_est_suae_quisque_fortunae	Not Reported	Genomic DNA	id_quod_plerumque_accidit
genomic_info	GC-FILE-407316	GC-GENO-426620	scientiae_et_patriae	205	480	548.39	8	GRCh37	scientia_et_sapientia	faber_est_suae_quisque_fortunae	mRNA-Seq	Paired-End	cDNA	BGISEQ	Illumina Genome Analyzer IIx	a_bene_placito	Gallia_est_omnis_divisa_in_partes_tres	scientia,_aere_perennius	Bulk Tissue	Viral RNA	sapiens_qui_prospicit
genomic_info	GC-FILE-365224	GC-GENO-967496	scientia_et_labor	666	148	500.88	8	GRCh37	scientia,_aere_perennius	pace_tua	RIP-Seq	Paired-End	ChIP	BGISEQ	454 GS FLX+	e_causa_ignota	nascentes_morimur_finisque_ab_origine_pendet	sapiens_qui_prospicit	Not Reported	Metagenomic	scientia_et_labor
genomic_info	GC-FILE-299176	GC-GENO-395164	nanos_gigantum_humeris_insidentes	204	278	592.26	0	GRCh37	scientia_et_sapientia	haec_olim_meminisse_iuvabit	Bulk RNA-Seq	Paired-End	Poly-A Enriched Genomic Library	PacBio SMRT	PacBio RS	scientia_et_labor	e_causa_ignota	haec_olim_meminisse_iuvabit	Bulk Tissue	Not Reported	salus_in_arduis
genomic_info	GC-FILE-664548	GC-GENO-655612	barba_crescit_caput_nescit	565	962	71.95	3	GRCh37-lite	nascentes_morimur_finisque_ab_origine_pendet	faber_est_suae_quisque_fortunae	WGS	Single-indexed	Size fractionation	PacBio SMRT	BGISEQ-500	sapiens_qui_prospicit	scientia,_aere_perennius	pace_tua	Not Reported	Metatranscriptomic	scientia_imperii_decus_et_tutamen
genomic_info	GC-FILE-815013	GC-GENO-130694	scientia_imperii_decus_et_tutamen	248	731	189.63	5	GRCh37	scientia_imperii_decus_et_tutamen	Gallia_est_omnis_divisa_in_partes_tres	SELEX	Paired-End	Poly-A Enriched Genomic Library	LS 454	AB 3130xL Genetic Analyzer	nanos_gigantum_humeris_insidentes	scientiae_cedit_mare	Gallia_est_omnis_divisa_in_partes_tres	Bulk Cells	Not Reported	scientiae_et_patriae
genomic_info	GC-FILE-668445	GC-GENO-555566	a_bene_placito	449	521	149.65	5	GRCh38	scientia_et_sapientia	cacatum_non_est_pictum	ChIA-PET	Paired-End	CF-H	Capillary	454 GS Junior	faber_est_suae_quisque_fortunae	sapiens_qui_prospicit	cacatum_non_est_pictum	Bulk Nuclei	Not Reported	Gallia_est_omnis_divisa_in_partes_tres
genomic_info	GC-FILE-878623	GC-GENO-713370	imperium_in_imperio	988	913	351.9	9	Not specified in data	e_causa_ignota	scientia_et_sapientia	DNase-Hypersensitivity	Paired-End	Hybrid Selection	LS 454	AB SOLiD 2	O_Tite_tute_Tati_tibi_tanta_tyranne_tulisti	scientia_et_labor	scientiae_et_patriae	Not Reported	Viral RNA	scientia_imperii_decus_et_tutamen
genomic_info	GC-FILE-214346	GC-GENO-453183	a_bene_placito	84	585	406.66	6	Not specified in data	pace_tua	scientia_et_labor	CLONE	Single-indexed	Inverse rRNA	Ultima	AB 3730xL Genetic Analyzer	sapiens_qui_prospicit	scientia_et_labor	damnant_quod_non_intellegunt	Single-cells	Metagenomic	pace_tua
genomic_info	GC-FILE-854031	GC-GENO-319312	scientia_et_sapientia	349	761	913.43	9	Not specified in data	Gallia_est_omnis_divisa_in_partes_tres	saltus_in_demonstrando	Hi-C	Paired-End	Poly-A Enriched Genomic Library	ABI Solid	AB 5500x-Wl Genetic Analyzer	sapiens_qui_prospicit	Macte_animo_Generose_puer_sic_itur_ad_astra	damnant_quod_non_intellegunt	Not Reported	Transcriptome	cacatum_non_est_pictum
genomic_info	GC-FILE-569390	GC-GENO-160015	imperium_in_imperio	744	259	289.61	9	Not specified in data	nascentes_morimur_finisque_ab_origine_pendet	haec_olim_meminisse_iuvabit	CLONE	Paired-End	MDA	LS 454	AB SOLiD 4hq System	O_Tite_tute_Tati_tibi_tanta_tyranne_tulisti	damnant_quod_non_intellegunt	imperium_in_imperio	Bulk Nuclei	Genomic DNA	faber_est_suae_quisque_fortunae
genomic_info	GC-FILE-138693	GC-GENO-870129	Gallia_est_omnis_divisa_in_partes_tres	323	55	980.09	0	GRCh37	labor_ipse_voluptas	imperium_in_imperio	scRNA-Seq	Single-indexed	Unspecified	ABI Solid	Unknown	scientiae_et_patriae	barba_crescit_caput_nescit	id_quod_plerumque_accidit	Bulk Cells	Metatranscriptomic	sapiens_qui_prospicit
genomic_info	GC-FILE-225074	GC-GENO-737834	scientia_et_sapientia	174	707	333.11	0	GRCh38	Obedientia_civium_urbis_felicitas	scientiae_cedit_mare	SELEX	Single-indexed	rRNA Depletion	Ion Torrent	454 GS Junior	scientiae_et_patriae	barba_crescit_caput_nescit	scientia,_aere_perennius	Bulk Cells	Transcriptome	nanos_gigantum_humeris_insidentes
genomic_info	GC-FILE-180761	GC-GENO-733637	cacatum_non_est_pictum	532	118	950.53	9	Not specified in data	e_causa_ignota	O_Tite_tute_Tati_tibi_tanta_tyranne_tulisti	CLONE	Single-indexed	CF-H	Complete Genomics	Helicos HeliScope	cacatum_non_est_pictum	Macte_animo_Generose_puer_sic_itur_ad_astra	imperium_in_imperio	Bulk Cells	Metatranscriptomic	e_causa_ignota
genomic_info	GC-FILE-144665	GC-GENO-137911	labor_ipse_voluptas	614	12	223.76	9	GRCh37-lite	id_quod_plerumque_accidit	saltus_in_demonstrando	FINISHING	Single-indexed	cDNA oligo_dT	ABI Solid	AB SOLiD 4hq System	a_bene_placito	pace_tua	id_quod_plerumque_accidit	Single-cells	Metagenomic	barba_crescit_caput_nescit
genomic_info	GC-FILE-877241	GC-GENO-249593	id_quod_plerumque_accidit	818	749	495.23	7	GRCh37	e_causa_ignota	sapiens_qui_prospicit	WXS	Paired-End	MDA	Capillary	PacBio RS	id_quod_plerumque_accidit	barba_crescit_caput_nescit	scientia_imperii_decus_et_tutamen	Bulk Cells	Not Reported	nascentes_morimur_finisque_ab_origine_pendet
genomic_info	GC-FILE-812633	GC-GENO-625999	salus_in_arduis	774	260	428.42	8	Not specified in data	damnant_quod_non_intellegunt	scientiae_cedit_mare	MRE-Seq	Paired-End	cDNA random priming	Oxford Nanopore	454 GS	id_quod_plerumque_accidit	pace_tua	Gallia_est_omnis_divisa_in_partes_tres	Single-nuclei	Metatranscriptomic	scientia_imperii_decus_et_tutamen
genomic_info	GC-FILE-356079	GC-GENO-160570	haec_olim_meminisse_iuvabit	503	791	99.35	9	Not specified in data	imperium_in_imperio	cacatum_non_est_pictum	RAD-Seq	Single-indexed	miRNA Size Fractionation	Helicos	Helicos HeliScope	haec_olim_meminisse_iuvabit	salus_in_arduis	scientia_imperii_decus_et_tutamen	Single-nuclei	Metagenomic	haec_olim_meminisse_iuvabit
genomic_info	GC-FILE-143902	GC-GENO-935205	scientiae_et_patriae	450	403	793.7	3	GRCh38	pace_tua	haec_olim_meminisse_iuvabit	miRNA-Seq	Single-indexed	MBD2 protein methyl-CpG binding domain	LS 454	Ion Torrent S5	barba_crescit_caput_nescit	barba_crescit_caput_nescit	Macte_animo_Generose_puer_sic_itur_ad_astra	Bulk Nuclei	Genomic DNA	saltus_in_demonstrando
genomic_info	GC-FILE-803657	GC-GENO-500544	imperium_in_imperio	385	763	659.08	1	GRCh37-lite	labor_ipse_voluptas	labor_ipse_voluptas	SELEX	Paired-End	CAGE	LS 454	AB SOLiD 2	haec_olim_meminisse_iuvabit	Obedientia_civium_urbis_felicitas	nascentes_morimur_finisque_ab_origine_pendet	Bulk Cells	Metagenomic	Obedientia_civium_urbis_felicitas
genomic_info	GC-FILE-591660	GC-GENO-184425	a_bene_placito	182	305	816.13	3	GRCh37	nanos_gigantum_humeris_insidentes	scientia_imperii_decus_et_tutamen	EST	Paired-End	Padlock probes capture method	ABI Solid	Illumina Genome Analyzer IIx	id_quod_plerumque_accidit	Macte_animo_Generose_puer_sic_itur_ad_astra	e_causa_ignota	Not Reported	Transcriptome	damnant_quod_non_intellegunt
genomic_info	GC-FILE-241420	GC-GENO-196135	scientia,_aere_perennius	942	614	981.51	3	GRCh37	faber_est_suae_quisque_fortunae	id_quod_plerumque_accidit	Tethered Chromatin Conformation Capture	Paired-End	Unspecified	Capillary	Illumina NovaSeq	Gallia_est_omnis_divisa_in_partes_tres	scientia_et_sapientia	scientia,_aere_perennius	Bulk Tissue	Metagenomic	O_Tite_tute_Tati_tibi_tanta_tyranne_tulisti
genomic_info	GC-FILE-263075	GC-GENO-185157	imperium_in_imperio	118	843	777.9	7	GRCh38	e_causa_ignota	barba_crescit_caput_nescit	mRNA-Seq	Paired-End	CAGE	Ultima	454 GS FLX+	labor_ipse_voluptas	imperium_in_imperio	scientia_et_sapientia	Bulk Cells	Transcriptome	imperium_in_imperio
genomic_info	GC-FILE-803568	GC-GENO-375563	faber_est_suae_quisque_fortunae	742	462	686.16	4	GRCh38	scientia_imperii_decus_et_tutamen	saltus_in_demonstrando	MRE-Seq	Single-indexed	CAGE	Ultima	Illumina HiScanSQ	scientia_et_labor	salus_in_arduis	imperium_in_imperio	Bulk Nuclei	Viral RNA	scientia,_aere_perennius
genomic_info	GC-FILE-331936	GC-GENO-784913	scientia_et_labor	821	749	697.36	2	GRCh38	salus_in_arduis	Macte_animo_Generose_puer_sic_itur_ad_astra	CTS	Paired-End	CF-T	Complete Genomics	AB 3130 Genetic Analyzer	Obedientia_civium_urbis_felicitas	nascentes_morimur_finisque_ab_origine_pendet	id_quod_plerumque_accidit	Bulk Cells	Viral RNA	scientia_et_sapientia
genomic_info	GC-FILE-349309	GC-GENO-655906	e_causa_ignota	999	860	520.75	2	GRCh37	id_quod_plerumque_accidit	salus_in_arduis	snATAC-Seq	Single-indexed	PCR	PacBio SMRT	DNBSEQ-G400	e_causa_ignota	scientia_imperii_decus_et_tutamen	pace_tua	Single-cells	Metatranscriptomic	e_causa_ignota
genomic_info	GC-FILE-257791	GC-GENO-914632	id_quod_plerumque_accidit	496	287	145.73	1	GRCh37	sapiens_qui_prospicit	scientiae_et_patriae	Tethered Chromatin Conformation Capture	Paired-End	rRNA Depletion	Ultima	Illumina NextSeq 550	Gallia_est_omnis_divisa_in_partes_tres	O_Tite_tute_Tati_tibi_tanta_tyranne_tulisti	salus_in_arduis	Bulk Cells	Not Reported	saltus_in_demonstrando
genomic_info	GC-FILE-782091	GC-GENO-716093	pace_tua	310	957	171.37	10	GRCh37-lite	scientia_imperii_decus_et_tutamen	O_Tite_tute_Tati_tibi_tanta_tyranne_tulisti	Tn-Seq	Single-indexed	CF-S	Ion Torrent	Illumina HiSeq 4000	pace_tua	Gallia_est_omnis_divisa_in_partes_tres	e_causa_ignota	Bulk Tissue	Metatranscriptomic	scientiae_cedit_mare
genomic_info	GC-FILE-853454	GC-GENO-270805	scientia,_aere_perennius	18	967	540.75	7	GRCh38	scientia_et_sapientia	salus_in_arduis	EST	Paired-End	cDNA	BGISEQ	Illumina MiniSeq	haec_olim_meminisse_iuvabit	labor_ipse_voluptas	scientiae_et_patriae	Not Reported	Viral RNA	scientia_imperii_decus_et_tutamen
genomic_info	GC-FILE-347769	GC-GENO-715871	scientia_et_sapientia	222	402	90.42	5	GRCh38	scientia,_aere_perennius	damnant_quod_non_intellegunt	scRNA-Seq	Paired-End	cDNA oligo_dT	Illumina	Illumina Genome Analyzer IIx	id_quod_plerumque_accidit	O_Tite_tute_Tati_tibi_tanta_tyranne_tulisti	nascentes_morimur_finisque_ab_origine_pendet	Bulk Nuclei	Not Reported	pace_tua
genomic_info	GC-FILE-832766	GC-GENO-585737	e_causa_ignota	979	241	287.8	7	Not specified in data	Macte_animo_Generose_puer_sic_itur_ad_astra	scientia_et_sapientia	MNase-Seq	Single-indexed	Restriction Digest	Illumina	DNBSEQ-T7	salus_in_arduis	O_Tite_tute_Tati_tibi_tanta_tyranne_tulisti	scientia_et_labor	Not Reported	Metagenomic	O_Tite_tute_Tati_tibi_tanta_tyranne_tulisti
genomic_info	GC-FILE-164010	GC-GENO-534435	scientia,_aere_perennius	336	465	766.04	1	Not specified in data	e_causa_ignota	cacatum_non_est_pictum	Bulk RNA-Seq	Paired-End	CF-T	Capillary	AB SOLiD 4hq System	scientia_imperii_decus_et_tutamen	cacatum_non_est_pictum	barba_crescit_caput_nescit	Bulk Cells	Metagenomic	cacatum_non_est_pictum
genomic_info	GC-FILE-852800	GC-GENO-796719	cacatum_non_est_pictum	684	421	69.07	6	GRCh38	O_Tite_tute_Tati_tibi_tanta_tyranne_tulisti	cacatum_non_est_pictum	FL-cDNA	Single-indexed	RT-PCR	BGISEQ	PacBio Sequel	barba_crescit_caput_nescit	nascentes_morimur_finisque_ab_origine_pendet	labor_ipse_voluptas	Bulk Cells	Metagenomic	nanos_gigantum_humeris_insidentes
genomic_info	GC-FILE-957924	GC-GENO-711459	O_Tite_tute_Tati_tibi_tanta_tyranne_tulisti	966	804	318.42	0	GRCh38	nascentes_morimur_finisque_ab_origine_pendet	scientia,_aere_perennius	RIP-Seq	Paired-End	Random	Ion Torrent	PacBio Sequel II	pace_tua	salus_in_arduis	a_bene_placito	Not Reported	Metagenomic	saltus_in_demonstrando
genomic_info	GC-FILE-268093	GC-GENO-564569	saltus_in_demonstrando	344	39	720.6	6	GRCh38	cacatum_non_est_pictum	pace_tua	POOLCLONE	Single-indexed	Affinity Enrichment	PacBio SMRT	AB SOLiD 3	a_bene_placito	nanos_gigantum_humeris_insidentes	Obedientia_civium_urbis_felicitas	Bulk Nuclei	Viral RNA	scientiae_cedit_mare
genomic_info	GC-FILE-435613	GC-GENO-893402	imperium_in_imperio	778	655	164.36	3	GRCh37	nascentes_morimur_finisque_ab_origine_pendet	imperium_in_imperio	miRNA-Seq	Single-indexed	CF-T	PacBio SMRT	Complete Genomics	salus_in_arduis	haec_olim_meminisse_iuvabit	e_causa_ignota	Bulk Tissue	Transcriptome	Obedientia_civium_urbis_felicitas
genomic_info	GC-FILE-890220	GC-GENO-145758	faber_est_suae_quisque_fortunae	179	350	61.51	4	GRCh37	haec_olim_meminisse_iuvabit	id_quod_plerumque_accidit	Targeted-Capture	Single-indexed	PCR	ABI Solid	AB 3730 Genetic Analyzer	Obedientia_civium_urbis_felicitas	Macte_animo_Generose_puer_sic_itur_ad_astra	a_bene_placito	Not Reported	Metatranscriptomic	O_Tite_tute_Tati_tibi_tanta_tyranne_tulisti
genomic_info	GC-FILE-294202	GC-GENO-538743	nascentes_morimur_finisque_ab_origine_pendet	164	792	249.49	0	GRCh37	faber_est_suae_quisque_fortunae	nascentes_morimur_finisque_ab_origine_pendet	Bulk RNA-Seq	Single-indexed	cDNA random priming	PacBio SMRT	MinION	nanos_gigantum_humeris_insidentes	cacatum_non_est_pictum	faber_est_suae_quisque_fortunae	Not Reported	Metagenomic	a_bene_placito
genomic_info	GC-FILE-368191	GC-GENO-231233	nanos_gigantum_humeris_insidentes	142	564	246.16	2	Not specified in data	Obedientia_civium_urbis_felicitas	scientia_et_sapientia	miRNA-Seq	Paired-End	cDNA	PacBio SMRT	Illumina MiniSeq	scientia_et_sapientia	e_causa_ignota	scientia_et_labor	Bulk Cells	Not Reported	nascentes_morimur_finisque_ab_origine_pendet
genomic_info	GC-FILE-175624	GC-GENO-251613	scientiae_et_patriae	663	652	922.52	5	GRCh38	saltus_in_demonstrando	damnant_quod_non_intellegunt	FINISHING	Paired-End	RACE	Ion Torrent	AB 5500 Genetic Analyzer	saltus_in_demonstrando	saltus_in_demonstrando	Obedientia_civium_urbis_felicitas	Bulk Cells	Metatranscriptomic	faber_est_suae_quisque_fortunae
genomic_info	GC-FILE-747856	GC-GENO-476951	Macte_animo_Generose_puer_sic_itur_ad_astra	409	577	621.6	3	GRCh37	pace_tua	pace_tua	FINISHING	Single-indexed	Repeat fractionation	Ultima	Ion Torrent Proton	scientia,_aere_perennius	Gallia_est_omnis_divisa_in_partes_tres	scientia_et_labor	Single-cells	Metagenomic	Obedientia_civium_urbis_felicitas
genomic_info	GC-FILE-658798	GC-GENO-708993	pace_tua	656	630	902.5	6	GRCh37-lite	imperium_in_imperio	scientiae_et_patriae	scRNA-Seq	Single-indexed	DNAse	BGISEQ	Other	sapiens_qui_prospicit	scientiae_cedit_mare	scientia_et_sapientia	Not Reported	Metagenomic	damnant_quod_non_intellegunt
genomic_info	GC-FILE-486594	GC-GENO-700408	Macte_animo_Generose_puer_sic_itur_ad_astra	517	576	246.4	0	GRCh37-lite	nanos_gigantum_humeris_insidentes	haec_olim_meminisse_iuvabit	POOLCLONE	Paired-End	Repeat fractionation	BGISEQ	Illumina NovaSeq 6000	barba_crescit_caput_nescit	salus_in_arduis	scientiae_cedit_mare	Single-cells	Not Reported	nanos_gigantum_humeris_insidentes
genomic_info	GC-FILE-129729	GC-GENO-695823	a_bene_placito	314	35	990.58	7	GRCh37	Gallia_est_omnis_divisa_in_partes_tres	scientiae_et_patriae	Targeted-Capture	Paired-End	cDNA random priming	ABI Solid	PromethION	scientia,_aere_perennius	scientia_imperii_decus_et_tutamen	a_bene_placito	Not Reported	Metatranscriptomic	faber_est_suae_quisque_fortunae
genomic_info	GC-FILE-896911	GC-GENO-451205	salus_in_arduis	308	940	227.02	6	GRCh38	Macte_animo_Generose_puer_sic_itur_ad_astra	cacatum_non_est_pictum	CTS	Paired-End	CF-M	ABI Solid	Helicos HeliScope	scientia_imperii_decus_et_tutamen	Obedientia_civium_urbis_felicitas	scientiae_et_patriae	Bulk Tissue	Not Reported	scientia_et_labor
genomic_info	GC-FILE-916932	GC-GENO-820559	scientia_et_sapientia	963	862	570.73	3	GRCh38	Gallia_est_omnis_divisa_in_partes_tres	scientiae_cedit_mare	Bulk RNA-Seq	Single-indexed	CF-H	Capillary	Illumina HiSeq 2000	salus_in_arduis	Gallia_est_omnis_divisa_in_partes_tres	O_Tite_tute_Tati_tibi_tanta_tyranne_tulisti	Bulk Cells	Metatranscriptomic	Obedientia_civium_urbis_felicitas
genomic_info	GC-FILE-369085	GC-GENO-125820	nanos_gigantum_humeris_insidentes	44	563	668.15	9	GRCh37	faber_est_suae_quisque_fortunae	saltus_in_demonstrando	ChIP-Seq	Single-indexed	ChIP	ABI Solid	AB 3130 Genetic Analyzer	imperium_in_imperio	id_quod_plerumque_accidit	Obedientia_civium_urbis_felicitas	Bulk Cells	Metagenomic	scientia_imperii_decus_et_tutamen
genomic_info	GC-FILE-606670	GC-GENO-227853	saltus_in_demonstrando	404	596	791.41	0	GRCh37-lite	Gallia_est_omnis_divisa_in_partes_tres	Gallia_est_omnis_divisa_in_partes_tres	POOLCLONE	Single-indexed	MNase	PacBio SMRT	AB SOLiD 3 Plus System	saltus_in_demonstrando	labor_ipse_voluptas	nascentes_morimur_finisque_ab_origine_pendet	Single-nuclei	Not Reported	O_Tite_tute_Tati_tibi_tanta_tyranne_tulisti
genomic_info	GC-FILE-233702	GC-GENO-607226	scientia,_aere_perennius	690	461	384.25	0	Not specified in data	Macte_animo_Generose_puer_sic_itur_ad_astra	Gallia_est_omnis_divisa_in_partes_tres	miRNA-Seq	Single-indexed	Not applicable	ABI Solid	Illumina HiSeq 4000	saltus_in_demonstrando	sapiens_qui_prospicit	imperium_in_imperio	Not Reported	Metagenomic	faber_est_suae_quisque_fortunae
genomic_info	GC-FILE-293247	GC-GENO-884713	pace_tua	757	561	742.63	0	GRCh37	labor_ipse_voluptas	sapiens_qui_prospicit	mRNA-Seq	Single-indexed	PCR	BGISEQ	Illumina NextSeq 2500	nanos_gigantum_humeris_insidentes	Macte_animo_Generose_puer_sic_itur_ad_astra	scientia_imperii_decus_et_tutamen	Bulk Cells	Transcriptome	faber_est_suae_quisque_fortunae
genomic_info	GC-FILE-721501	GC-GENO-782397	scientiae_cedit_mare	977	53	209.49	8	GRCh37-lite	pace_tua	nascentes_morimur_finisque_ab_origine_pendet	CTS	Single-indexed	Random PCR	Ion Torrent	AB 5500xl Genetic Analyzer	scientia_imperii_decus_et_tutamen	imperium_in_imperio	scientiae_cedit_mare	Single-nuclei	Genomic DNA	id_quod_plerumque_accidit
genomic_info	GC-FILE-870136	GC-GENO-793454	nanos_gigantum_humeris_insidentes	383	592	746.87	3	GRCh38	O_Tite_tute_Tati_tibi_tanta_tyranne_tulisti	scientia_imperii_decus_et_tutamen	miRNA-Seq	Paired-End	MNase	ABI Solid	Illumina MiSeq	scientia,_aere_perennius	O_Tite_tute_Tati_tibi_tanta_tyranne_tulisti	nanos_gigantum_humeris_insidentes	Bulk Nuclei	Viral RNA	nascentes_morimur_finisque_ab_origine_pendet
genomic_info	GC-FILE-631743	GC-GENO-677394	a_bene_placito	64	337	428.61	7	GRCh38	Macte_animo_Generose_puer_sic_itur_ad_astra	a_bene_placito	scRNA-Seq	Single-indexed	CF-M	ABI Solid	454 GS 20	scientia_et_labor	faber_est_suae_quisque_fortunae	imperium_in_imperio	Bulk Tissue	Transcriptome	scientiae_et_patriae
genomic_info	GC-FILE-861809	GC-GENO-938867	labor_ipse_voluptas	643	876	662.39	7	GRCh38	sapiens_qui_prospicit	nanos_gigantum_humeris_insidentes	MRE-Seq	Paired-End	CF-S	PacBio SMRT	Not Reported	salus_in_arduis	barba_crescit_caput_nescit	pace_tua	Single-nuclei	Metatranscriptomic	saltus_in_demonstrando
genomic_info	GC-FILE-293157	GC-GENO-613748	O_Tite_tute_Tati_tibi_tanta_tyranne_tulisti	418	654	872.6	5	GRCh38	Obedientia_civium_urbis_felicitas	scientia,_aere_perennius	MBD-Seq	Paired-End	Other	BGISEQ	Not Reported	scientia_et_labor	scientiae_cedit_mare	scientia_et_sapientia	Bulk Tissue	Metagenomic	haec_olim_meminisse_iuvabit
genomic_info	GC-FILE-842164	GC-GENO-203126	cacatum_non_est_pictum	733	633	483.42	10	GRCh37	e_causa_ignota	Obedientia_civium_urbis_felicitas	Tn-Seq	Single-indexed	MF	Capillary	Illumina HiSeq 4000	imperium_in_imperio	cacatum_non_est_pictum	scientia_imperii_decus_et_tutamen	Bulk Tissue	Transcriptome	haec_olim_meminisse_iuvabit
genomic_info	GC-FILE-258345	GC-GENO-849293	haec_olim_meminisse_iuvabit	394	352	969.15	5	GRCh37	pace_tua	scientia,_aere_perennius	RAD-Seq	Paired-End	MNase	ABI Solid	PacBio RS II	nascentes_morimur_finisque_ab_origine_pendet	barba_crescit_caput_nescit	salus_in_arduis	Single-cells	Viral RNA	Macte_animo_Generose_puer_sic_itur_ad_astra
genomic_info	GC-FILE-386921	GC-GENO-165599	O_Tite_tute_Tati_tibi_tanta_tyranne_tulisti	786	1000	948.87	3	Not specified in data	sapiens_qui_prospicit	barba_crescit_caput_nescit	mRNA-Seq	Single-indexed	CAGE	LS 454	PacBio Sequel	scientiae_et_patriae	damnant_quod_non_intellegunt	scientia_imperii_decus_et_tutamen	Bulk Nuclei	Viral RNA	faber_est_suae_quisque_fortunae
genomic_info	GC-FILE-505694	GC-GENO-538832	a_bene_placito	75	421	819.84	6	Not specified in data	haec_olim_meminisse_iuvabit	saltus_in_demonstrando	MRE-Seq	Paired-End	Repeat fractionation	LS 454	Illumina MiSeq	sapiens_qui_prospicit	scientiae_et_patriae	labor_ipse_voluptas	Bulk Tissue	Metagenomic	damnant_quod_non_intellegunt
genomic_info	GC-FILE-825635	GC-GENO-710089	scientiae_et_patriae	770	509	856.13	10	GRCh38	labor_ipse_voluptas	Obedientia_civium_urbis_felicitas	scRNA-Seq	Paired-End	HMPR	Complete Genomics	PacBio RS	scientia_et_sapientia	sapiens_qui_prospicit	scientia_et_labor	Bulk Nuclei	Genomic DNA	e_causa_ignota
genomic_info	GC-FILE-425320	GC-GENO-402525	scientiae_et_patriae	365	551	575.69	7	GRCh37-lite	saltus_in_demonstrando	scientia,_aere_perennius	ATAC-Seq	Single-indexed	Other	BGISEQ	Illumina NovaSeq 6000	cacatum_non_est_pictum	salus_in_arduis	a_bene_placito	Single-cells	Metagenomic	faber_est_suae_quisque_fortunae
genomic_info	GC-FILE-219419	GC-GENO-454245	scientiae_cedit_mare	520	216	119.13	2	Not specified in data	pace_tua	labor_ipse_voluptas	Other	Paired-End	CF-H	Ion Torrent	AB SOLiD 3	nanos_gigantum_humeris_insidentes	Obedientia_civium_urbis_felicitas	imperium_in_imperio	Bulk Cells	Metagenomic	haec_olim_meminisse_iuvabit
genomic_info	GC-FILE-918851	GC-GENO-544789	barba_crescit_caput_nescit	935	654	446.52	8	Not specified in data	sapiens_qui_prospicit	scientia_et_sapientia	FINISHING	Paired-End	CF-H	Illumina	MinION	pace_tua	haec_olim_meminisse_iuvabit	scientia_et_sapientia	Not Reported	Metatranscriptomic	labor_ipse_voluptas
genomic_info	GC-FILE-785885	GC-GENO-899133	faber_est_suae_quisque_fortunae	407	808	121.77	1	Not specified in data	scientia_imperii_decus_et_tutamen	scientia_imperii_decus_et_tutamen	Synthetic-Long-Read	Single-indexed	CF-H	BGISEQ	AB SOLiD PI System	faber_est_suae_quisque_fortunae	id_quod_plerumque_accidit	haec_olim_meminisse_iuvabit	Bulk Nuclei	Viral RNA	salus_in_arduis
genomic_info	GC-FILE-996162	GC-GENO-708003	Gallia_est_omnis_divisa_in_partes_tres	401	406	84.97	4	GRCh37	damnant_quod_non_intellegunt	scientiae_et_patriae	Targeted-Capture	Single-indexed	CF-S	Complete Genomics	Illumina HiSeq 1000	pace_tua	nanos_gigantum_humeris_insidentes	scientia,_aere_perennius	Bulk Cells	Metagenomic	pace_tua
genomic_info	GC-FILE-670592	GC-GENO-949561	Obedientia_civium_urbis_felicitas	393	73	985.12	8	GRCh37-lite	imperium_in_imperio	Gallia_est_omnis_divisa_in_partes_tres	Synthetic-Long-Read	Single-indexed	Size fractionation	Oxford Nanopore	AB 310 Genetic Analyzer	scientia_et_labor	imperium_in_imperio	a_bene_placito	Single-cells	Transcriptome	cacatum_non_est_pictum
genomic_info	GC-FILE-118347	GC-GENO-479497	id_quod_plerumque_accidit	173	651	694.62	2	Not specified in data	sapiens_qui_prospicit	Macte_animo_Generose_puer_sic_itur_ad_astra	WXS	Single-indexed	MSLL	Illumina	PacBio RS II	nascentes_morimur_finisque_ab_origine_pendet	damnant_quod_non_intellegunt	O_Tite_tute_Tati_tibi_tanta_tyranne_tulisti	Bulk Nuclei	Transcriptome	nascentes_morimur_finisque_ab_origine_pendet
genomic_info	GC-FILE-724508	GC-GENO-722133	scientia,_aere_perennius	384	762	674.48	3	GRCh38	labor_ipse_voluptas	imperium_in_imperio	WCS	Paired-End	Random	BGISEQ	Illumina HiSeq 2500	labor_ipse_voluptas	faber_est_suae_quisque_fortunae	nanos_gigantum_humeris_insidentes	Not Reported	Metatranscriptomic	id_quod_plerumque_accidit
genomic_info	GC-FILE-189847	GC-GENO-832365	haec_olim_meminisse_iuvabit	224	96	647.61	2	Not specified in data	O_Tite_tute_Tati_tibi_tanta_tyranne_tulisti	imperium_in_imperio	MRE-Seq	Single-indexed	cDNA oligo_dT	BGISEQ	Ion Torrent S5	salus_in_arduis	id_quod_plerumque_accidit	cacatum_non_est_pictum	Bulk Nuclei	Metagenomic	a_bene_placito
genomic_info	GC-FILE-492192	GC-GENO-983917	id_quod_plerumque_accidit	803	621	286.6	0	Not specified in data	damnant_quod_non_intellegunt	damnant_quod_non_intellegunt	ChIA-PET	Paired-End	Other	BGISEQ	454 GS FLX	Macte_animo_Generose_puer_sic_itur_ad_astra	Macte_animo_Generose_puer_sic_itur_ad_astra	scientia_et_labor	Bulk Tissue	Metagenomic	Obedientia_civium_urbis_felicitas
genomic_info	GC-FILE-980201	GC-GENO-399610	imperium_in_imperio	204	975	135.61	1	GRCh38	labor_ipse_voluptas	faber_est_suae_quisque_fortunae	scRNA-Seq	Single-indexed	Inverse rRNA	PacBio SMRT	AB 3500 Genetic Analyzer	scientia_imperii_decus_et_tutamen	pace_tua	e_causa_ignota	Bulk Cells	Viral RNA	scientia_imperii_decus_et_tutamen
genomic_info	GC-FILE-606437	GC-GENO-168439	scientia_et_labor	824	292	36.87	1	GRCh37-lite	pace_tua	scientiae_et_patriae	CLONE	Paired-End	cDNA random priming	BGISEQ	Other	Macte_animo_Generose_puer_sic_itur_ad_astra	imperium_in_imperio	scientia_et_sapientia	Not Reported	Viral RNA	faber_est_suae_quisque_fortunae
genomic_info	GC-FILE-171225	GC-GENO-856615	haec_olim_meminisse_iuvabit	177	832	828.88	2	Not specified in data	damnant_quod_non_intellegunt	O_Tite_tute_Tati_tibi_tanta_tyranne_tulisti	miRNA-Seq	Paired-End	Size fractionation	BGISEQ	Ion Torrent Proton	Macte_animo_Generose_puer_sic_itur_ad_astra	scientia_et_labor	imperium_in_imperio	Single-nuclei	Not Reported	sapiens_qui_prospicit
genomic_info	GC-FILE-680977	GC-GENO-661913	damnant_quod_non_intellegunt	305	382	261.83	1	GRCh37	salus_in_arduis	Gallia_est_omnis_divisa_in_partes_tres	WGA	Paired-End	Repeat fractionation	Ultima	DNBSEQ-T7	scientia_imperii_decus_et_tutamen	saltus_in_demonstrando	scientia_et_sapientia	Not Reported	Not Reported	nanos_gigantum_humeris_insidentes
genomic_info	GC-FILE-326342	GC-GENO-342378	barba_crescit_caput_nescit	586	512	754.11	0	Not specified in data	id_quod_plerumque_accidit	cacatum_non_est_pictum	ATAC-Seq	Paired-End	miRNA Size Fractionation	Helicos	Illumina Genome Analyzer IIx	nascentes_morimur_finisque_ab_origine_pendet	Macte_animo_Generose_puer_sic_itur_ad_astra	salus_in_arduis	Not Reported	Metatranscriptomic	id_quod_plerumque_accidit
genomic_info	GC-FILE-194932	GC-GENO-521877	damnant_quod_non_intellegunt	105	383	795.56	7	GRCh37	Macte_animo_Generose_puer_sic_itur_ad_astra	scientia_imperii_decus_et_tutamen	FAIRE-seq	Single-indexed	RACE	Helicos	MGISEQ-2000RS	Gallia_est_omnis_divisa_in_partes_tres	a_bene_placito	haec_olim_meminisse_iuvabit	Single-cells	Transcriptome	barba_crescit_caput_nescit
genomic_info	GC-FILE-818283	GC-GENO-464333	nanos_gigantum_humeris_insidentes	913	802	646.3	5	GRCh38	scientiae_et_patriae	saltus_in_demonstrando	MeDIP-Seq	Paired-End	Inverse rRNA	Oxford Nanopore	Illumina HiSeq X Ten	nanos_gigantum_humeris_insidentes	labor_ipse_voluptas	Obedientia_civium_urbis_felicitas	Single-nuclei	Genomic DNA	damnant_quod_non_intellegunt
genomic_info	GC-FILE-828671	GC-GENO-518176	saltus_in_demonstrando	291	161	502.6	4	GRCh37	scientia_et_sapientia	imperium_in_imperio	Targeted-Capture	Single-indexed	DNAse	PacBio SMRT	BGISEQ-500	pace_tua	barba_crescit_caput_nescit	labor_ipse_voluptas	Bulk Nuclei	Metatranscriptomic	scientia_et_labor
genomic_info	GC-FILE-432720	GC-GENO-860859	a_bene_placito	789	834	530.93	10	Not specified in data	imperium_in_imperio	nanos_gigantum_humeris_insidentes	Bulk RNA-Seq	Paired-End	MSLL	Oxford Nanopore	Illumina MiSeq	nascentes_morimur_finisque_ab_origine_pendet	saltus_in_demonstrando	scientia_et_sapientia	Single-nuclei	Metatranscriptomic	sapiens_qui_prospicit
genomic_info	GC-FILE-412700	GC-GENO-285401	pace_tua	13	452	872.41	6	Not specified in data	imperium_in_imperio	haec_olim_meminisse_iuvabit	ChIP-Seq	Single-indexed	Random PCR	Helicos	AB 5500xl Genetic Analyzer	salus_in_arduis	scientia_imperii_decus_et_tutamen	nanos_gigantum_humeris_insidentes	Bulk Nuclei	Metatranscriptomic	O_Tite_tute_Tati_tibi_tanta_tyranne_tulisti
genomic_info	GC-FILE-130177	GC-GENO-764537	barba_crescit_caput_nescit	496	614	435.94	3	Not specified in data	cacatum_non_est_pictum	scientiae_cedit_mare	CTS	Single-indexed	Size fractionation	Oxford Nanopore	BGISEQ-500	scientia,_aere_perennius	scientiae_cedit_mare	scientia_et_sapientia	Single-nuclei	Viral RNA	faber_est_suae_quisque_fortunae
genomic_info	GC-FILE-405706	GC-GENO-437294	pace_tua	597	260	427.03	0	GRCh38	cacatum_non_est_pictum	nascentes_morimur_finisque_ab_origine_pendet	CTS	Paired-End	Repeat fractionation	PacBio SMRT	454 GS FLX Titanium	damnant_quod_non_intellegunt	scientia,_aere_perennius	id_quod_plerumque_accidit	Bulk Cells	Not Reported	Macte_animo_Generose_puer_sic_itur_ad_astra
genomic_info	GC-FILE-495508	GC-GENO-254416	imperium_in_imperio	199	467	311.73	8	GRCh38	Obedientia_civium_urbis_felicitas	Obedientia_civium_urbis_felicitas	RIP-Seq	Paired-End	CF-M	LS 454	PacBio RS	a_bene_placito	saltus_in_demonstrando	salus_in_arduis	Bulk Tissue	Metatranscriptomic	scientiae_et_patriae
genomic_info	GC-FILE-673365	GC-GENO-390649	Obedientia_civium_urbis_felicitas	149	322	720.88	4	GRCh38	a_bene_placito	barba_crescit_caput_nescit	DNase-Hypersensitivity	Single-indexed	Random PCR	LS 454	AB 3730 Genetic Analyzer	Macte_animo_Generose_puer_sic_itur_ad_astra	Macte_animo_Generose_puer_sic_itur_ad_astra	imperium_in_imperio	Bulk Cells	Transcriptome	barba_crescit_caput_nescit
genomic_info	GC-FILE-481068	GC-GENO-528499	saltus_in_demonstrando	313	358	882.13	9	GRCh38	sapiens_qui_prospicit	O_Tite_tute_Tati_tibi_tanta_tyranne_tulisti	MeDIP-Seq	Paired-End	Padlock probes capture method	Illumina	AB 5500xl Genetic Analyzer	nascentes_morimur_finisque_ab_origine_pendet	faber_est_suae_quisque_fortunae	sapiens_qui_prospicit	Single-nuclei	Genomic DNA	O_Tite_tute_Tati_tibi_tanta_tyranne_tulisti
genomic_info	GC-FILE-228106	GC-GENO-168286	nascentes_morimur_finisque_ab_origine_pendet	675	699	607.99	9	GRCh38	Obedientia_civium_urbis_felicitas	nanos_gigantum_humeris_insidentes	EST	Single-indexed	DNAse	PacBio SMRT	DNBSEQ-G400	labor_ipse_voluptas	pace_tua	Gallia_est_omnis_divisa_in_partes_tres	Single-nuclei	Viral RNA	nascentes_morimur_finisque_ab_origine_pendet
genomic_info	GC-FILE-324128	GC-GENO-780612	scientia_et_labor	364	90	345.42	4	GRCh38	e_causa_ignota	labor_ipse_voluptas	Spatial-tx	Single-indexed	Inverse rRNA	Complete Genomics	BGISEQ-500	scientia_et_sapientia	scientia_et_labor	labor_ipse_voluptas	Bulk Tissue	Genomic DNA	cacatum_non_est_pictum
genomic_info	GC-FILE-510142	GC-GENO-132230	saltus_in_demonstrando	872	73	875.31	5	GRCh37-lite	pace_tua	scientia_et_labor	WGA	Paired-End	PCR	Ultima	AB 310 Genetic Analyzer	labor_ipse_voluptas	imperium_in_imperio	Macte_animo_Generose_puer_sic_itur_ad_astra	Bulk Nuclei	Metatranscriptomic	a_bene_placito
genomic_info	GC-FILE-643686	GC-GENO-194942	scientiae_cedit_mare	97	719	101.18	4	GRCh37-lite	faber_est_suae_quisque_fortunae	a_bene_placito	scMultiome	Paired-End	Not applicable	ABI Solid	Illumina NovaSeq 6000	id_quod_plerumque_accidit	labor_ipse_voluptas	sapiens_qui_prospicit	Bulk Tissue	Not Reported	scientiae_et_patriae
genomic_info	GC-FILE-794496	GC-GENO-748489	scientia_et_sapientia	804	873	858.19	3	GRCh37	a_bene_placito	labor_ipse_voluptas	MRE-Seq	Single-indexed	PCR	Helicos	BGISEQ-500	e_causa_ignota	a_bene_placito	imperium_in_imperio	Single-cells	Viral RNA	a_bene_placito
genomic_info	GC-FILE-672707	GC-GENO-522999	nanos_gigantum_humeris_insidentes	127	944	754.97	7	Not specified in data	nascentes_morimur_finisque_ab_origine_pendet	sapiens_qui_prospicit	WXS	Paired-End	Repeat fractionation	BGISEQ	AB 3730 Genetic Analyzer	saltus_in_demonstrando	scientia_et_sapientia	scientia,_aere_perennius	Not Reported	Not Reported	sapiens_qui_prospicit
genomic_info	GC-FILE-607296	GC-GENO-935936	labor_ipse_voluptas	515	603	190.34	6	GRCh37	a_bene_placito	cacatum_non_est_pictum	Bisulfite-Seq	Single-indexed	Repeat fractionation	Ultima	Illumina HiSeq X Five	salus_in_arduis	barba_crescit_caput_nescit	barba_crescit_caput_nescit	Not Reported	Viral RNA	sapiens_qui_prospicit
genomic_info	GC-FILE-469405	GC-GENO-433571	scientia_et_labor	996	659	790.49	10	GRCh37	imperium_in_imperio	cacatum_non_est_pictum	Tethered Chromatin Conformation Capture	Paired-End	miRNA Size Fractionation	Illumina	454 GS Junior	salus_in_arduis	scientia_et_labor	nascentes_morimur_finisque_ab_origine_pendet	Bulk Cells	Transcriptome	sapiens_qui_prospicit
genomic_info	GC-FILE-502829	GC-GENO-197188	scientia,_aere_perennius	566	946	257.21	5	GRCh37-lite	nanos_gigantum_humeris_insidentes	scientia,_aere_perennius	ChIA-PET	Single-indexed	cDNA oligo_dT	Complete Genomics	MGISEQ-2000RS	Gallia_est_omnis_divisa_in_partes_tres	scientia_et_labor	damnant_quod_non_intellegunt	Bulk Cells	Viral RNA	Gallia_est_omnis_divisa_in_partes_tres
genomic_info	GC-FILE-973129	GC-GENO-513564	scientia,_aere_perennius	65	745	489.05	10	Not specified in data	id_quod_plerumque_accidit	scientia_et_labor	Targeted-Capture	Single-indexed	MSLL	Oxford Nanopore	Other	a_bene_placito	pace_tua	scientiae_cedit_mare	Single-nuclei	Metagenomic	pace_tua
genomic_info	GC-FILE-776285	GC-GENO-543281	imperium_in_imperio	166	885	60.18	8	GRCh38	scientia_et_sapientia	scientia_et_labor	scMultiome	Single-indexed	Size fractionation	LS 454	Illumina Genome Analyzer IIx	scientia_et_labor	nascentes_morimur_finisque_ab_origine_pendet	imperium_in_imperio	Single-nuclei	Metatranscriptomic	faber_est_suae_quisque_fortunae
genomic_info	GC-FILE-132372	GC-GENO-975138	saltus_in_demonstrando	495	609	706.02	5	GRCh37	scientia_et_sapientia	scientiae_cedit_mare	FL-cDNA	Paired-End	cDNA random priming	Helicos	Illumina NovaSeq 6000	sapiens_qui_prospicit	scientiae_cedit_mare	faber_est_suae_quisque_fortunae	Bulk Nuclei	Not Reported	faber_est_suae_quisque_fortunae
genomic_info	GC-FILE-734947	GC-GENO-360980	a_bene_placito	507	239	668.72	10	Not specified in data	scientia_et_sapientia	nascentes_morimur_finisque_ab_origine_pendet	CLONE	Single-indexed	DNAse	BGISEQ	Illumina NextSeq 550	O_Tite_tute_Tati_tibi_tanta_tyranne_tulisti	salus_in_arduis	faber_est_suae_quisque_fortunae	Single-nuclei	Metagenomic	Obedientia_civium_urbis_felicitas
genomic_info	GC-FILE-781913	GC-GENO-930248	damnant_quod_non_intellegunt	145	484	583.74	1	GRCh38	nascentes_morimur_finisque_ab_origine_pendet	scientia_et_labor	Bisulfite-Seq	Single-indexed	cDNA oligo_dT	BGISEQ	AB SOLiD System	Macte_animo_Generose_puer_sic_itur_ad_astra	sapiens_qui_prospicit	id_quod_plerumque_accidit	Bulk Nuclei	Metatranscriptomic	pace_tua
genomic_info	GC-FILE-873433	GC-GENO-461691	O_Tite_tute_Tati_tibi_tanta_tyranne_tulisti	810	974	160.04	6	Not specified in data	cacatum_non_est_pictum	faber_est_suae_quisque_fortunae	Targeted-Capture	Paired-End	Reduced Representation	PacBio SMRT	AB 3500 Genetic Analyzer	scientia,_aere_perennius	saltus_in_demonstrando	scientiae_et_patriae	Bulk Tissue	Metagenomic	id_quod_plerumque_accidit
genomic_info	GC-FILE-910114	GC-GENO-490552	Obedientia_civium_urbis_felicitas	204	38	682.38	6	Not specified in data	saltus_in_demonstrando	scientia,_aere_perennius	EST	Paired-End	RACE	Oxford Nanopore	PacBio Sequel	Macte_animo_Generose_puer_sic_itur_ad_astra	O_Tite_tute_Tati_tibi_tanta_tyranne_tulisti	scientia_imperii_decus_et_tutamen	Single-nuclei	Genomic DNA	nanos_gigantum_humeris_insidentes
genomic_info	GC-FILE-336290	GC-GENO-363641	e_causa_ignota	864	22	641.15	8	Not specified in data	haec_olim_meminisse_iuvabit	cacatum_non_est_pictum	Bulk RNA-Seq	Single-indexed	Size fractionation	Illumina	Complete Genomics	sapiens_qui_prospicit	cacatum_non_est_pictum	e_causa_ignota	Single-nuclei	Metagenomic	sapiens_qui_prospicit
genomic_info	GC-FILE-309899	GC-GENO-653084	id_quod_plerumque_accidit	38	818	938.63	10	GRCh37	scientia_et_labor	scientiae_et_patriae	MBD-Seq	Single-indexed	Inverse rRNA	Complete Genomics	Illumina HiSeq 1000	scientia_imperii_decus_et_tutamen	id_quod_plerumque_accidit	scientia_imperii_decus_et_tutamen	Single-nuclei	Viral RNA	nascentes_morimur_finisque_ab_origine_pendet
genomic_info	GC-FILE-270959	GC-GENO-198811	Obedientia_civium_urbis_felicitas	539	988	118.43	1	GRCh37	id_quod_plerumque_accidit	imperium_in_imperio	SELEX	Single-indexed	CF-T	Oxford Nanopore	PromethION	id_quod_plerumque_accidit	scientiae_et_patriae	sapiens_qui_prospicit	Not Reported	Viral RNA	cacatum_non_est_pictum
genomic_info	GC-FILE-350664	GC-GENO-352583	Macte_animo_Generose_puer_sic_itur_ad_astra	381	475	182.09	1	GRCh37-lite	O_Tite_tute_Tati_tibi_tanta_tyranne_tulisti	faber_est_suae_quisque_fortunae	Targeted-Capture	Single-indexed	rRNA Depletion	Helicos	AB 5500 Genetic Analyzer	scientia_et_sapientia	Gallia_est_omnis_divisa_in_partes_tres	haec_olim_meminisse_iuvabit	Bulk Cells	Viral RNA	haec_olim_meminisse_iuvabit
genomic_info	GC-FILE-293538	GC-GENO-830246	damnant_quod_non_intellegunt	122	17	869.67	6	Not specified in data	Gallia_est_omnis_divisa_in_partes_tres	damnant_quod_non_intellegunt	Bisulfite-Seq	Paired-End	MNase	Ion Torrent	AB SOLiD System	a_bene_placito	scientia_et_sapientia	Gallia_est_omnis_divisa_in_partes_tres	Single-cells	Not Reported	cacatum_non_est_pictum
genomic_info	GC-FILE-237196	GC-GENO-749293	O_Tite_tute_Tati_tibi_tanta_tyranne_tulisti	605	172	308.09	6	Not specified in data	scientia,_aere_perennius	pace_tua	Hi-C	Paired-End	CAGE	PacBio SMRT	Illumina NovaSeq X Plus	barba_crescit_caput_nescit	imperium_in_imperio	scientia_imperii_decus_et_tutamen	Bulk Nuclei	Metagenomic	a_bene_placito
genomic_info	GC-FILE-165663	GC-GENO-611997	Gallia_est_omnis_divisa_in_partes_tres	509	38	754.95	4	GRCh38	labor_ipse_voluptas	pace_tua	POOLCLONE	Single-indexed	miRNA Size Fractionation	PacBio SMRT	454 GS FLX Titanium	cacatum_non_est_pictum	id_quod_plerumque_accidit	Obedientia_civium_urbis_felicitas	Bulk Tissue	Not Reported	labor_ipse_voluptas
genomic_info	GC-FILE-927346	GC-GENO-547807	scientiae_et_patriae	170	576	502.15	9	GRCh37	labor_ipse_voluptas	labor_ipse_voluptas	MRE-Seq	Single-indexed	cDNA random priming	Helicos	Illumina Genome Analyzer IIx	damnant_quod_non_intellegunt	scientia_imperii_decus_et_tutamen	nanos_gigantum_humeris_insidentes	Single-nuclei	Viral RNA	haec_olim_meminisse_iuvabit
genomic_info	GC-FILE-179875	GC-GENO-525074	a_bene_placito	210	781	747.58	6	Not specified in data	a_bene_placito	O_Tite_tute_Tati_tibi_tanta_tyranne_tulisti	FINISHING	Single-indexed	ChIP	Capillary	Ion Torrent S5 XL	scientia,_aere_perennius	O_Tite_tute_Tati_tibi_tanta_tyranne_tulisti	Obedientia_civium_urbis_felicitas	Not Reported	Metagenomic	labor_ipse_voluptas
genomic_info	GC-FILE-213919	GC-GENO-421060	barba_crescit_caput_nescit	807	491	296.2	9	GRCh37	pace_tua	damnant_quod_non_intellegunt	Bulk RNA-Seq	Paired-End	Hybrid Selection	ABI Solid	Illumina HiSeq 2000	e_causa_ignota	barba_crescit_caput_nescit	e_causa_ignota	Bulk Cells	Not Reported	Macte_animo_Generose_puer_sic_itur_ad_astra
genomic_info	GC-FILE-760012	GC-GENO-874267	nanos_gigantum_humeris_insidentes	36	741	840.98	8	GRCh37-lite	damnant_quod_non_intellegunt	Obedientia_civium_urbis_felicitas	MRE-Seq	Paired-End	CF-T	Complete Genomics	BGISEQ-500	scientia_et_sapientia	scientia,_aere_perennius	nascentes_morimur_finisque_ab_origine_pendet	Single-nuclei	Metatranscriptomic	scientia_imperii_decus_et_tutamen
genomic_info	GC-FILE-888754	GC-GENO-113155	nanos_gigantum_humeris_insidentes	279	162	726.56	5	GRCh37-lite	Gallia_est_omnis_divisa_in_partes_tres	haec_olim_meminisse_iuvabit	POOLCLONE	Single-indexed	Affinity Enrichment	LS 454	Illumina HiSeq X Ten	saltus_in_demonstrando	faber_est_suae_quisque_fortunae	labor_ipse_voluptas	Single-nuclei	Genomic DNA	scientia_et_labor
genomic_info	GC-FILE-632620	GC-GENO-225918	scientia,_aere_perennius	954	272	402.15	8	GRCh37	scientia,_aere_perennius	imperium_in_imperio	Tethered Chromatin Conformation Capture	Paired-End	CF-M	LS 454	Other	Gallia_est_omnis_divisa_in_partes_tres	barba_crescit_caput_nescit	damnant_quod_non_intellegunt	Single-cells	Viral RNA	O_Tite_tute_Tati_tibi_tanta_tyranne_tulisti
genomic_info	GC-FILE-555284	GC-GENO-788795	scientia_et_labor	542	654	176.78	7	GRCh37	id_quod_plerumque_accidit	id_quod_plerumque_accidit	CLONEEND	Paired-End	DNAse	Oxford Nanopore	MGISEQ-2000RS	haec_olim_meminisse_iuvabit	saltus_in_demonstrando	O_Tite_tute_Tati_tibi_tanta_tyranne_tulisti	Not Reported	Metatranscriptomic	salus_in_arduis
genomic_info	GC-FILE-189322	GC-GENO-720523	damnant_quod_non_intellegunt	941	993	200.43	3	GRCh38	a_bene_placito	scientia_et_sapientia	CLONE	Single-indexed	Restriction Digest	Capillary	Complete Genomics	imperium_in_imperio	faber_est_suae_quisque_fortunae	barba_crescit_caput_nescit	Bulk Cells	Metatranscriptomic	scientiae_cedit_mare
genomic_info	GC-FILE-495585	GC-GENO-167514	imperium_in_imperio	15	526	774.2	10	Not specified in data	pace_tua	id_quod_plerumque_accidit	ncRNA-Seq	Paired-End	CF-M	Illumina	AB SOLiD 2	Macte_animo_Generose_puer_sic_itur_ad_astra	scientia_et_labor	scientia_imperii_decus_et_tutamen	Bulk Cells	Metatranscriptomic	scientia,_aere_perennius
genomic_info	GC-FILE-295694	GC-GENO-884037	Macte_animo_Generose_puer_sic_itur_ad_astra	384	988	924.74	7	GRCh38	imperium_in_imperio	faber_est_suae_quisque_fortunae	Tn-Seq	Single-indexed	cDNA oligo_dT	Helicos	AB SOLiD 3 Plus System	a_bene_placito	Gallia_est_omnis_divisa_in_partes_tres	Gallia_est_omnis_divisa_in_partes_tres	Bulk Cells	Genomic DNA	labor_ipse_voluptas
genomic_info	GC-FILE-658853	GC-GENO-139693	scientia_et_labor	751	501	204.93	9	GRCh38	salus_in_arduis	barba_crescit_caput_nescit	WXS	Single-indexed	RACE	Ultima	AB 3500xL Genetic Analyzer	nanos_gigantum_humeris_insidentes	labor_ipse_voluptas	O_Tite_tute_Tati_tibi_tanta_tyranne_tulisti	Not Reported	Metagenomic	barba_crescit_caput_nescit
genomic_info	GC-FILE-184332	GC-GENO-373486	O_Tite_tute_Tati_tibi_tanta_tyranne_tulisti	903	66	420.42	7	GRCh37-lite	haec_olim_meminisse_iuvabit	haec_olim_meminisse_iuvabit	MeDIP-Seq	Paired-End	miRNA Size Fractionation	Ion Torrent	PacBio RS II	scientia_et_sapientia	nascentes_morimur_finisque_ab_origine_pendet	cacatum_non_est_pictum	Single-cells	Genomic DNA	cacatum_non_est_pictum
genomic_info	GC-FILE-551148	GC-GENO-343880	imperium_in_imperio	662	737	751.69	7	Not specified in data	Gallia_est_omnis_divisa_in_partes_tres	pace_tua	Hi-C	Paired-End	MNase	Capillary	AB 3500 Genetic Analyzer	Obedientia_civium_urbis_felicitas	pace_tua	e_causa_ignota	Bulk Nuclei	Transcriptome	Obedientia_civium_urbis_felicitas
genomic_info	GC-FILE-579172	GC-GENO-117579	labor_ipse_voluptas	888	524	947.03	3	Not specified in data	sapiens_qui_prospicit	damnant_quod_non_intellegunt	scRNA-Seq	Single-indexed	rRNA Depletion	Helicos	PromethION	pace_tua	damnant_quod_non_intellegunt	cacatum_non_est_pictum	Single-nuclei	Viral RNA	damnant_quod_non_intellegunt
genomic_info	GC-FILE-382411	GC-GENO-759979	a_bene_placito	829	328	341.52	5	GRCh38	O_Tite_tute_Tati_tibi_tanta_tyranne_tulisti	sapiens_qui_prospicit	ChIA-PET	Paired-End	CF-T	Capillary	Illumina HiSeq X Ten	O_Tite_tute_Tati_tibi_tanta_tyranne_tulisti	damnant_quod_non_intellegunt	nascentes_morimur_finisque_ab_origine_pendet	Bulk Nuclei	Viral RNA	id_quod_plerumque_accidit
genomic_info	GC-FILE-831373	GC-GENO-772767	Macte_animo_Generose_puer_sic_itur_ad_astra	997	644	367.23	0	GRCh37-lite	id_quod_plerumque_accidit	e_causa_ignota	POOLCLONE	Single-indexed	MF	Complete Genomics	454 GS 20	scientia_et_labor	imperium_in_imperio	salus_in_arduis	Single-cells	Genomic DNA	O_Tite_tute_Tati_tibi_tanta_tyranne_tulisti
genomic_info	GC-FILE-107890	GC-GENO-122219	scientia_et_labor	21	288	729.23	3	Not specified in data	scientia_imperii_decus_et_tutamen	cacatum_non_est_pictum	Hi-C	Single-indexed	Hybrid Selection	Ion Torrent	AB 3130xL Genetic Analyzer	imperium_in_imperio	salus_in_arduis	scientiae_et_patriae	Single-cells	Not Reported	damnant_quod_non_intellegunt
genomic_info	GC-FILE-778425	GC-GENO-990014	e_causa_ignota	184	225	157.28	9	Not specified in data	scientia_imperii_decus_et_tutamen	haec_olim_meminisse_iuvabit	Synthetic-Long-Read	Single-indexed	Random	ABI Solid	AB 5500 Genetic Analyzer	Gallia_est_omnis_divisa_in_partes_tres	saltus_in_demonstrando	Obedientia_civium_urbis_felicitas	Bulk Nuclei	Transcriptome	nanos_gigantum_humeris_insidentes
genomic_info	GC-FILE-648150	GC-GENO-693394	salus_in_arduis	855	700	842.35	8	Not specified in data	scientiae_cedit_mare	damnant_quod_non_intellegunt	Targeted-Capture	Paired-End	PCR	Oxford Nanopore	454 GS 20	scientia_imperii_decus_et_tutamen	cacatum_non_est_pictum	scientia,_aere_perennius	Single-cells	Not Reported	Gallia_est_omnis_divisa_in_partes_tres
genomic_info	GC-FILE-600405	GC-GENO-702052	Obedientia_civium_urbis_felicitas	143	375	962.46	5	Not specified in data	pace_tua	sapiens_qui_prospicit	FAIRE-seq	Single-indexed	CAGE	Illumina	454 GS Junior	Gallia_est_omnis_divisa_in_partes_tres	scientia_imperii_decus_et_tutamen	id_quod_plerumque_accidit	Bulk Cells	Metatranscriptomic	faber_est_suae_quisque_fortunae
genomic_info	GC-FILE-744857	GC-GENO-120119	e_causa_ignota	877	513	591.99	5	GRCh37-lite	scientia_et_sapientia	a_bene_placito	miRNA-Seq	Single-indexed	Inverse rRNA	Ion Torrent	Ion Torrent Proton	scientiae_et_patriae	scientia,_aere_perennius	faber_est_suae_quisque_fortunae	Bulk Nuclei	Transcriptome	labor_ipse_voluptas
genomic_info	GC-FILE-281128	GC-GENO-484881	sapiens_qui_prospicit	55	410	154.45	8	GRCh37-lite	cacatum_non_est_pictum	O_Tite_tute_Tati_tibi_tanta_tyranne_tulisti	WGA	Single-indexed	Reduced Representation	Capillary	AB SOLiD System	imperium_in_imperio	Macte_animo_Generose_puer_sic_itur_ad_astra	scientia_imperii_decus_et_tutamen	Bulk Tissue	Viral RNA	nascentes_morimur_finisque_ab_origine_pendet
genomic_info	GC-FILE-501350	GC-GENO-481677	a_bene_placito	94	279	793.17	7	GRCh38	pace_tua	O_Tite_tute_Tati_tibi_tanta_tyranne_tulisti	mRNA-Seq	Single-indexed	Inverse rRNA	Capillary	454 GS	scientiae_et_patriae	scientia,_aere_perennius	damnant_quod_non_intellegunt	Bulk Tissue	Viral RNA	cacatum_non_est_pictum
genomic_info	GC-FILE-771139	GC-GENO-271776	scientia_et_labor	348	466	635.48	8	GRCh37	Macte_animo_Generose_puer_sic_itur_ad_astra	a_bene_placito	Hi-C	Paired-End	MNase	ABI Solid	454 GS FLX+	e_causa_ignota	id_quod_plerumque_accidit	salus_in_arduis	Single-nuclei	Transcriptome	sapiens_qui_prospicit
genomic_info	GC-FILE-624407	GC-GENO-166061	a_bene_placito	489	577	111.0	5	GRCh37-lite	scientia_et_sapientia	saltus_in_demonstrando	Bisulfite-Seq	Paired-End	ChIP	Ion Torrent	AB 3500 Genetic Analyzer	scientiae_et_patriae	scientiae_et_patriae	scientiae_cedit_mare	Bulk Tissue	Viral RNA	scientia,_aere_perennius
genomic_info	GC-FILE-651642	GC-GENO-903415	faber_est_suae_quisque_fortunae	487	413	263.84	4	GRCh38	labor_ipse_voluptas	nanos_gigantum_humeris_insidentes	MRE-Seq	Paired-End	Not applicable	Helicos	AB 3730xL Genetic Analyzer	barba_crescit_caput_nescit	nascentes_morimur_finisque_ab_origine_pendet	saltus_in_demonstrando	Bulk Cells	Not Reported	a_bene_placito
genomic_info	GC-FILE-267900	GC-GENO-916736	e_causa_ignota	926	988	858.7	3	GRCh37-lite	cacatum_non_est_pictum	cacatum_non_est_pictum	Bulk RNA-Seq	Single-indexed	CF-S	Ultima	Illumina MiSeq	scientia_et_labor	sapiens_qui_prospicit	id_quod_plerumque_accidit	Bulk Nuclei	Not Reported	scientiae_cedit_mare
genomic_info	GC-FILE-852790	GC-GENO-740142	salus_in_arduis	32	41	335.03	4	GRCh37-lite	scientia_imperii_decus_et_tutamen	haec_olim_meminisse_iuvabit	WXS	Paired-End	Other	BGISEQ	454 GS FLX	imperium_in_imperio	scientia,_aere_perennius	saltus_in_demonstrando	Bulk Nuclei	Genomic DNA	Obedientia_civium_urbis_felicitas
genomic_info	GC-FILE-458267	GC-GENO-774414	scientiae_et_patriae	228	628	878.34	2	GRCh37-lite	scientia_et_labor	nascentes_morimur_finisque_ab_origine_pendet	Tn-Seq	Single-indexed	cDNA oligo_dT	Ion Torrent	PromethION	pace_tua	scientiae_et_patriae	e_causa_ignota	Single-cells	Not Reported	nanos_gigantum_humeris_insidentes
genomic_info	GC-FILE-316961	GC-GENO-640681	nanos_gigantum_humeris_insidentes	271	272	634.95	4	GRCh38	barba_crescit_caput_nescit	scientia_et_labor	WGS	Paired-End	rRNA Depletion	ABI Solid	Illumina NextSeq 550	nascentes_morimur_finisque_ab_origine_pendet	damnant_quod_non_intellegunt	Obedientia_civium_urbis_felicitas	Single-cells	Not Reported	sapiens_qui_prospicit
genomic_info	GC-FILE-507272	GC-GENO-555572	imperium_in_imperio	299	102	577.64	4	GRCh37	Macte_animo_Generose_puer_sic_itur_ad_astra	scientia_et_sapientia	ChIA-PET	Paired-End	Repeat fractionation	PacBio SMRT	Illumina HiSeq X Ten	a_bene_placito	scientiae_et_patriae	nanos_gigantum_humeris_insidentes	Bulk Tissue	Not Reported	id_quod_plerumque_accidit
genomic_info	GC-FILE-582309	GC-GENO-507358	imperium_in_imperio	43	887	57.05	6	GRCh37-lite	salus_in_arduis	nanos_gigantum_humeris_insidentes	WXS	Paired-End	cDNA	BGISEQ	PromethION	Gallia_est_omnis_divisa_in_partes_tres	scientia,_aere_perennius	scientiae_et_patriae	Single-nuclei	Metatranscriptomic	e_causa_ignota
genomic_info	GC-FILE-489214	GC-GENO-308378	scientia_imperii_decus_et_tutamen	754	55	878.46	3	GRCh37-lite	sapiens_qui_prospicit	labor_ipse_voluptas	CTS	Paired-End	Reduced Representation	Oxford Nanopore	AB 310 Genetic Analyzer	labor_ipse_voluptas	scientiae_cedit_mare	id_quod_plerumque_accidit	Single-cells	Metagenomic	scientia,_aere_perennius
genomic_info	GC-FILE-140626	GC-GENO-597210	labor_ipse_voluptas	546	247	371.27	9	GRCh37-lite	O_Tite_tute_Tati_tibi_tanta_tyranne_tulisti	Gallia_est_omnis_divisa_in_partes_tres	CLONEEND	Single-indexed	Affinity Enrichment	ABI Solid	MinION	nascentes_morimur_finisque_ab_origine_pendet	salus_in_arduis	faber_est_suae_quisque_fortunae	Bulk Tissue	Genomic DNA	scientiae_et_patriae
genomic_info	GC-FILE-793533	GC-GENO-491401	labor_ipse_voluptas	208	382	353.8	2	GRCh37	sapiens_qui_prospicit	haec_olim_meminisse_iuvabit	CLONE	Single-indexed	rRNA Depletion	Ultima	Illumina HiSeq 4000	scientiae_cedit_mare	scientia_et_sapientia	scientiae_cedit_mare	Bulk Tissue	Not Reported	labor_ipse_voluptas
genomic_info	GC-FILE-836447	GC-GENO-225270	damnant_quod_non_intellegunt	576	382	375.16	6	GRCh37-lite	O_Tite_tute_Tati_tibi_tanta_tyranne_tulisti	scientia_et_labor	CLONE	Single-indexed	HMPR	BGISEQ	PacBio Sequel II	scientiae_et_patriae	Macte_animo_Generose_puer_sic_itur_ad_astra	scientia_imperii_decus_et_tutamen	Bulk Nuclei	Viral RNA	labor_ipse_voluptas
genomic_info	GC-FILE-623364	GC-GENO-648380	saltus_in_demonstrando	510	73	435.53	2	GRCh37	Gallia_est_omnis_divisa_in_partes_tres	scientiae_et_patriae	miRNA-Seq	Single-indexed	Affinity Enrichment	LS 454	Illumina NextSeq	pace_tua	scientiae_et_patriae	Gallia_est_omnis_divisa_in_partes_tres	Single-cells	Viral RNA	pace_tua
genomic_info	GC-FILE-664711	GC-GENO-703306	nascentes_morimur_finisque_ab_origine_pendet	255	255	495.85	5	GRCh37	damnant_quod_non_intellegunt	O_Tite_tute_Tati_tibi_tanta_tyranne_tulisti	AMPLICON	Single-indexed	MDA	Capillary	Illumina Genome Analyzer IIx	sapiens_qui_prospicit	scientia,_aere_perennius	nanos_gigantum_humeris_insidentes	Bulk Cells	Genomic DNA	nanos_gigantum_humeris_insidentes
genomic_info	GC-FILE-333210	GC-GENO-965292	scientia_et_labor	959	281	410.42	5	GRCh38	scientiae_cedit_mare	scientia,_aere_perennius	CLONEEND	Single-indexed	CF-M	PacBio SMRT	Illumina MiSeq	Obedientia_civium_urbis_felicitas	barba_crescit_caput_nescit	scientia,_aere_perennius	Single-nuclei	Transcriptome	e_causa_ignota
genomic_info	GC-FILE-525474	GC-GENO-531471	faber_est_suae_quisque_fortunae	140	342	487.55	4	GRCh37	imperium_in_imperio	pace_tua	ATAC-Seq	Paired-End	Random	BGISEQ	AB 5500xl Genetic Analyzer	imperium_in_imperio	a_bene_placito	Gallia_est_omnis_divisa_in_partes_tres	Single-cells	Metagenomic	scientia_imperii_decus_et_tutamen
genomic_info	GC-FILE-880878	GC-GENO-299051	salus_in_arduis	350	823	922.98	4	GRCh37	scientia,_aere_perennius	barba_crescit_caput_nescit	WGS	Single-indexed	MBD2 protein methyl-CpG binding domain	Ultima	Illumina HiSeq 4000	barba_crescit_caput_nescit	imperium_in_imperio	Macte_animo_Generose_puer_sic_itur_ad_astra	Single-nuclei	Viral RNA	sapiens_qui_prospicit
genomic_info	GC-FILE-654624	GC-GENO-840549	faber_est_suae_quisque_fortunae	907	764	739.36	8	GRCh37-lite	haec_olim_meminisse_iuvabit	imperium_in_imperio	MRE-Seq	Single-indexed	MF	PacBio SMRT	MinION	imperium_in_imperio	scientiae_cedit_mare	scientia,_aere_perennius	Single-cells	Not Reported	scientiae_et_patriae
genomic_info	GC-FILE-312681	GC-GENO-209745	nanos_gigantum_humeris_insidentes	343	881	296.29	7	GRCh37-lite	pace_tua	Gallia_est_omnis_divisa_in_partes_tres	DNase-Hypersensitivity	Paired-End	DNAse	BGISEQ	AB 3730xL Genetic Analyzer	Obedientia_civium_urbis_felicitas	pace_tua	labor_ipse_voluptas	Single-cells	Metatranscriptomic	scientia_et_sapientia
genomic_info	GC-FILE-977164	GC-GENO-425014	sapiens_qui_prospicit	320	48	518.26	7	GRCh37-lite	imperium_in_imperio	nascentes_morimur_finisque_ab_origine_pendet	ssRNA-seq	Paired-End	cDNA	LS 454	454 GS FLX+	scientiae_cedit_mare	scientiae_cedit_mare	e_causa_ignota	Bulk Tissue	Genomic DNA	faber_est_suae_quisque_fortunae
genomic_info	GC-FILE-794488	GC-GENO-588793	scientia,_aere_perennius	989	261	292.18	4	GRCh37-lite	scientiae_et_patriae	sapiens_qui_prospicit	ChIP-Seq	Paired-End	CF-S	LS 454	454 GS	barba_crescit_caput_nescit	a_bene_placito	imperium_in_imperio	Bulk Tissue	Not Reported	nascentes_morimur_finisque_ab_origine_pendet
genomic_info	GC-FILE-566171	GC-GENO-704667	haec_olim_meminisse_iuvabit	479	807	994.36	6	GRCh37-lite	sapiens_qui_prospicit	Macte_animo_Generose_puer_sic_itur_ad_astra	SELEX	Paired-End	MNase	Capillary	AB 3500xL Genetic Analyzer	nanos_gigantum_humeris_insidentes	O_Tite_tute_Tati_tibi_tanta_tyranne_tulisti	labor_ipse_voluptas	Bulk Tissue	Metagenomic	labor_ipse_voluptas
genomic_info	GC-FILE-685943	GC-GENO-330814	faber_est_suae_quisque_fortunae	478	238	905.95	5	GRCh38	sapiens_qui_prospicit	damnant_quod_non_intellegunt	ChIA-PET	Single-indexed	Padlock probes capture method	LS 454	454 GS 20	barba_crescit_caput_nescit	scientia_et_sapientia	scientia_et_labor	Single-nuclei	Viral RNA	scientia,_aere_perennius
genomic_info	GC-FILE-942599	GC-GENO-175633	a_bene_placito	773	990	865.85	2	GRCh37	scientia_imperii_decus_et_tutamen	salus_in_arduis	WGA	Paired-End	CAGE	ABI Solid	AB 3730 Genetic Analyzer	scientia,_aere_perennius	scientia_et_sapientia	imperium_in_imperio	Single-nuclei	Transcriptome	scientia,_aere_perennius
genomic_info	GC-FILE-784090	GC-GENO-679872	O_Tite_tute_Tati_tibi_tanta_tyranne_tulisti	239	623	156.72	0	GRCh38	cacatum_non_est_pictum	saltus_in_demonstrando	snATAC-Seq	Paired-End	Reduced Representation	Oxford Nanopore	454 GS FLX	haec_olim_meminisse_iuvabit	scientia_et_sapientia	id_quod_plerumque_accidit	Bulk Tissue	Transcriptome	haec_olim_meminisse_iuvabit
genomic_info	GC-FILE-681355	GC-GENO-346511	scientia,_aere_perennius	67	383	378.93	6	Not specified in data	e_causa_ignota	Obedientia_civium_urbis_felicitas	ChIP-Seq	Paired-End	ChIP	ABI Solid	PromethION	damnant_quod_non_intellegunt	saltus_in_demonstrando	scientiae_cedit_mare	Single-nuclei	Metatranscriptomic	imperium_in_imperio
genomic_info	GC-FILE-279901	GC-GENO-620104	Macte_animo_Generose_puer_sic_itur_ad_astra	33	14	78.13	3	GRCh38	haec_olim_meminisse_iuvabit	nanos_gigantum_humeris_insidentes	ChIP-Seq	Single-indexed	RACE	BGISEQ	AB 3130 Genetic Analyzer	nascentes_morimur_finisque_ab_origine_pendet	scientia_et_labor	faber_est_suae_quisque_fortunae	Not Reported	Not Reported	scientia,_aere_perennius
genomic_info	GC-FILE-799818	GC-GENO-500385	cacatum_non_est_pictum	779	395	114.6	0	Not specified in data	scientia_et_labor	damnant_quod_non_intellegunt	EST	Single-indexed	MF	Oxford Nanopore	454 GS FLX Titanium	sapiens_qui_prospicit	Obedientia_civium_urbis_felicitas	saltus_in_demonstrando	Bulk Cells	Transcriptome	labor_ipse_voluptas
genomic_info	GC-FILE-897692	GC-GENO-758278	id_quod_plerumque_accidit	71	868	408.03	3	GRCh37	id_quod_plerumque_accidit	barba_crescit_caput_nescit	FL-cDNA	Paired-End	DNAse	LS 454	AB 310 Genetic Analyzer	Obedientia_civium_urbis_felicitas	cacatum_non_est_pictum	scientiae_cedit_mare	Single-nuclei	Transcriptome	Obedientia_civium_urbis_felicitas
genomic_info	GC-FILE-426366	GC-GENO-968205	nanos_gigantum_humeris_insidentes	869	125	776.55	10	GRCh38	scientia_et_sapientia	id_quod_plerumque_accidit	ssRNA-seq	Single-indexed	ChIP	Complete Genomics	Illumina HiSeq X Five	Obedientia_civium_urbis_felicitas	scientiae_cedit_mare	scientia,_aere_perennius	Not Reported	Transcriptome	scientia_imperii_decus_et_tutamen
genomic_info	GC-FILE-167475	GC-GENO-388600	salus_in_arduis	316	775	362.22	1	GRCh38	scientiae_et_patriae	nascentes_morimur_finisque_ab_origine_pendet	Bisulfite-Seq	Single-indexed	ChIP	Ion Torrent	AB SOLiD 4	scientia_et_sapientia	scientiae_et_patriae	scientia_imperii_decus_et_tutamen	Bulk Tissue	Not Reported	id_quod_plerumque_accidit
genomic_info	GC-FILE-200437	GC-GENO-957238	damnant_quod_non_intellegunt	369	818	919.73	2	GRCh37-lite	saltus_in_demonstrando	scientiae_cedit_mare	ChIP-Seq	Paired-End	rRNA Depletion	BGISEQ	AB 3130 Genetic Analyzer	e_causa_ignota	Macte_animo_Generose_puer_sic_itur_ad_astra	saltus_in_demonstrando	Not Reported	Viral RNA	Gallia_est_omnis_divisa_in_partes_tres
genomic_info	GC-FILE-994431	GC-GENO-375183	a_bene_placito	207	138	554.7	7	Not specified in data	saltus_in_demonstrando	scientia_imperii_decus_et_tutamen	MBD-Seq	Single-indexed	rRNA Depletion	BGISEQ	BGISEQ-500	damnant_quod_non_intellegunt	Obedientia_civium_urbis_felicitas	a_bene_placito	Bulk Tissue	Metatranscriptomic	cacatum_non_est_pictum
genomic_info	GC-FILE-928215	GC-GENO-742025	e_causa_ignota	859	931	649.78	10	GRCh38	pace_tua	a_bene_placito	MeDIP-Seq	Paired-End	CF-M	Complete Genomics	454 GS FLX+	damnant_quod_non_intellegunt	faber_est_suae_quisque_fortunae	labor_ipse_voluptas	Single-cells	Viral RNA	nanos_gigantum_humeris_insidentes
genomic_info	GC-FILE-303119	GC-GENO-271356	scientia,_aere_perennius	863	208	947.21	4	GRCh37	salus_in_arduis	saltus_in_demonstrando	CTS	Paired-End	Other	PacBio SMRT	AB 310 Genetic Analyzer	id_quod_plerumque_accidit	scientia_et_labor	O_Tite_tute_Tati_tibi_tanta_tyranne_tulisti	Single-nuclei	Viral RNA	scientia_imperii_decus_et_tutamen
genomic_info	GC-FILE-268424	GC-GENO-800707	Macte_animo_Generose_puer_sic_itur_ad_astra	22	699	911.76	4	Not specified in data	e_causa_ignota	sapiens_qui_prospicit	Spatial-tx	Single-indexed	CF-S	Oxford Nanopore	PacBio RS II	damnant_quod_non_intellegunt	cacatum_non_est_pictum	barba_crescit_caput_nescit	Single-cells	Viral RNA	nanos_gigantum_humeris_insidentes
genomic_info	GC-FILE-848221	GC-GENO-795979	saltus_in_demonstrando	40	975	239.1	9	GRCh37	scientia_et_sapientia	barba_crescit_caput_nescit	Bisulfite-Seq	Paired-End	RT-PCR	Ultima	GridION	scientia_et_sapientia	nascentes_morimur_finisque_ab_origine_pendet	cacatum_non_est_pictum	Bulk Cells	Not Reported	Obedientia_civium_urbis_felicitas
genomic_info	GC-FILE-247272	GC-GENO-647066	scientiae_cedit_mare	425	77	925.76	6	GRCh37-lite	scientia_et_labor	faber_est_suae_quisque_fortunae	ATAC-Seq	Paired-End	HMPR	PacBio SMRT	454 GS FLX+	scientia,_aere_perennius	a_bene_placito	cacatum_non_est_pictum	Bulk Tissue	Metatranscriptomic	cacatum_non_est_pictum
genomic_info	GC-FILE-873978	GC-GENO-674465	nascentes_morimur_finisque_ab_origine_pendet	239	496	84.92	1	Not specified in data	Macte_animo_Generose_puer_sic_itur_ad_astra	sapiens_qui_prospicit	DNase-Hypersensitivity	Single-indexed	Restriction Digest	Oxford Nanopore	AB 5500 Genetic Analyzer	scientiae_et_patriae	saltus_in_demonstrando	faber_est_suae_quisque_fortunae	Bulk Tissue	Metagenomic	nascentes_morimur_finisque_ab_origine_pendet
genomic_info	GC-FILE-227416	GC-GENO-405349	barba_crescit_caput_nescit	861	272	303.25	1	GRCh37	sapiens_qui_prospicit	nanos_gigantum_humeris_insidentes	FINISHING	Single-indexed	CF-T	Ion Torrent	AB 3130 Genetic Analyzer	damnant_quod_non_intellegunt	scientia,_aere_perennius	Obedientia_civium_urbis_felicitas	Bulk Nuclei	Genomic DNA	Obedientia_civium_urbis_felicitas
genomic_info	GC-FILE-607192	GC-GENO-332690	labor_ipse_voluptas	297	76	639.11	1	GRCh37-lite	a_bene_placito	pace_tua	ChIP-Seq	Paired-End	miRNA Size Fractionation	Illumina	AB SOLiD PI System	Obedientia_civium_urbis_felicitas	salus_in_arduis	barba_crescit_caput_nescit	Single-nuclei	Metagenomic	Macte_animo_Generose_puer_sic_itur_ad_astra
genomic_info	GC-FILE-971868	GC-GENO-924107	cacatum_non_est_pictum	294	775	827.66	8	Not specified in data	scientiae_cedit_mare	damnant_quod_non_intellegunt	FINISHING	Single-indexed	Unspecified	PacBio SMRT	454 GS FLX+	e_causa_ignota	O_Tite_tute_Tati_tibi_tanta_tyranne_tulisti	a_bene_placito	Bulk Cells	Transcriptome	scientia,_aere_perennius
genomic_info	GC-FILE-591996	GC-GENO-278192	scientiae_et_patriae	422	442	351.87	1	GRCh37	nanos_gigantum_humeris_insidentes	faber_est_suae_quisque_fortunae	MBD-Seq	Paired-End	MNase	Helicos	PacBio RS	Obedientia_civium_urbis_felicitas	saltus_in_demonstrando	Gallia_est_omnis_divisa_in_partes_tres	Bulk Nuclei	Metagenomic	salus_in_arduis
genomic_info	GC-FILE-239823	GC-GENO-953302	a_bene_placito	151	81	819.0	9	GRCh37-lite	scientia,_aere_perennius	Obedientia_civium_urbis_felicitas	DNase-Hypersensitivity	Paired-End	Size fractionation	Ultima	Other	Obedientia_civium_urbis_felicitas	imperium_in_imperio	cacatum_non_est_pictum	Single-cells	Transcriptome	sapiens_qui_prospicit
genomic_info	GC-FILE-128834	GC-GENO-371999	scientia_imperii_decus_et_tutamen	802	869	878.47	10	GRCh37-lite	e_causa_ignota	nanos_gigantum_humeris_insidentes	ChIP-Seq	Paired-End	miRNA Size Fractionation	Ultima	BGISEQ-500	saltus_in_demonstrando	e_causa_ignota	pace_tua	Single-nuclei	Metagenomic	scientia_imperii_decus_et_tutamen
genomic_info	GC-FILE-701622	GC-GENO-959057	barba_crescit_caput_nescit	310	807	685.15	7	GRCh37-lite	e_causa_ignota	e_causa_ignota	RIP-Seq	Single-indexed	MBD2 protein methyl-CpG binding domain	Complete Genomics	Ultima Genomics UG100	O_Tite_tute_Tati_tibi_tanta_tyranne_tulisti	nascentes_morimur_finisque_ab_origine_pendet	saltus_in_demonstrando	Not Reported	Viral RNA	Gallia_est_omnis_divisa_in_partes_tres
genomic_info	GC-FILE-305336	GC-GENO-655017	scientiae_et_patriae	844	801	852.39	0	GRCh37	damnant_quod_non_intellegunt	scientia,_aere_perennius	CTS	Single-indexed	Affinity Enrichment	Capillary	Illumina NextSeq 550	haec_olim_meminisse_iuvabit	cacatum_non_est_pictum	scientiae_et_patriae	Single-nuclei	Viral RNA	id_quod_plerumque_accidit
genomic_info	GC-FILE-713733	GC-GENO-848809	haec_olim_meminisse_iuvabit	988	671	360.89	2	GRCh37	scientia_et_labor	labor_ipse_voluptas	scMultiome	Single-indexed	MSLL	Complete Genomics	Illumina HiSeq 1500	scientiae_cedit_mare	labor_ipse_voluptas	cacatum_non_est_pictum	Bulk Cells	Viral RNA	id_quod_plerumque_accidit
genomic_info	GC-FILE-520717	GC-GENO-743954	scientia_et_labor	10	401	178.47	2	Not specified in data	salus_in_arduis	faber_est_suae_quisque_fortunae	Spatial-tx	Single-indexed	HMPR	ABI Solid	Illumina HiSeq 2000	scientia,_aere_perennius	Gallia_est_omnis_divisa_in_partes_tres	haec_olim_meminisse_iuvabit	Bulk Tissue	Viral RNA	scientia,_aere_perennius
genomic_info	GC-FILE-382256	GC-GENO-580779	id_quod_plerumque_accidit	452	999	178.94	2	GRCh38	Obedientia_civium_urbis_felicitas	imperium_in_imperio	MNase-Seq	Paired-End	HMPR	Ultima	AB 3130 Genetic Analyzer	labor_ipse_voluptas	Obedientia_civium_urbis_felicitas	scientia,_aere_perennius	Bulk Tissue	Metatranscriptomic	saltus_in_demonstrando
genomic_info	GC-FILE-512976	GC-GENO-796865	faber_est_suae_quisque_fortunae	90	407	139.71	7	Not specified in data	e_causa_ignota	scientia,_aere_perennius	ssRNA-seq	Single-indexed	MBD2 protein methyl-CpG binding domain	Ultima	Illumina NovaSeq 6000	salus_in_arduis	O_Tite_tute_Tati_tibi_tanta_tyranne_tulisti	labor_ipse_voluptas	Bulk Nuclei	Not Reported	a_bene_placito
genomic_info	GC-FILE-801921	GC-GENO-523019	id_quod_plerumque_accidit	613	640	29.47	3	GRCh37	scientia_et_labor	scientiae_cedit_mare	FINISHING	Paired-End	MBD2 protein methyl-CpG binding domain	Complete Genomics	454 GS 20	faber_est_suae_quisque_fortunae	O_Tite_tute_Tati_tibi_tanta_tyranne_tulisti	Obedientia_civium_urbis_felicitas	Bulk Cells	Transcriptome	scientia_et_labor
genomic_info	GC-FILE-330749	GC-GENO-125948	e_causa_ignota	816	803	772.32	2	GRCh37-lite	id_quod_plerumque_accidit	sapiens_qui_prospicit	ChIP-Seq	Single-indexed	Poly-A Enriched Genomic Library	LS 454	AB 3130 Genetic Analyzer	nascentes_morimur_finisque_ab_origine_pendet	Obedientia_civium_urbis_felicitas	scientiae_et_patriae	Bulk Nuclei	Metatranscriptomic	saltus_in_demonstrando
genomic_info	GC-FILE-967294	GC-GENO-218320	pace_tua	220	292	72.84	0	Not specified in data	Macte_animo_Generose_puer_sic_itur_ad_astra	a_bene_placito	WXS	Paired-End	cDNA oligo_dT	Illumina	DNBSEQ-G400	sapiens_qui_prospicit	nascentes_morimur_finisque_ab_origine_pendet	scientia_imperii_decus_et_tutamen	Bulk Cells	Genomic DNA	Macte_animo_Generose_puer_sic_itur_ad_astra
