type	file.file_id	genomic_info_id	library_id	bases	number_of_reads	avg_read_length	coverage	reference_genome_assembly	custom_assembly_fasta_file_for_alignment	design_description	library_strategy	library_layout	library_selection	platform	instrument_model	sequence_alignment_software	reporter_label	methylation_platform	library_source_material	library_source_molecule	crdc_id
genomic_info	GC-FILE-789807	GC-GENO-924601	Macte_animo_Generose_puer_sic_itur_ad_astra	905	85	987.87	1	GRCh37-lite	imperium_in_imperio	salus_in_arduis	Synthetic-Long-Read	Single-indexed	HMPR	Ion Torrent	454 GS	damnant_quod_non_intellegunt	saltus_in_demonstrando	Gallia_est_omnis_divisa_in_partes_tres	Not Reported	Metagenomic	O_Tite_tute_Tati_tibi_tanta_tyranne_tulisti
genomic_info	GC-FILE-469060	GC-GENO-203431	saltus_in_demonstrando	415	505	591.79	8	Not specified in data	nanos_gigantum_humeris_insidentes	imperium_in_imperio	MeDIP-Seq	Single-indexed	Random PCR	PacBio SMRT	Ion Torrent PGM	damnant_quod_non_intellegunt	salus_in_arduis	damnant_quod_non_intellegunt	Bulk Tissue	Genomic DNA	scientia_imperii_decus_et_tutamen
genomic_info	GC-FILE-196226	GC-GENO-684692	faber_est_suae_quisque_fortunae	704	296	118.33	7	Not specified in data	Gallia_est_omnis_divisa_in_partes_tres	pace_tua	Hi-C	Single-indexed	Hybrid Selection	Capillary	Illumina iSeq 100	cacatum_non_est_pictum	scientia_et_labor	barba_crescit_caput_nescit	Bulk Tissue	Genomic DNA	saltus_in_demonstrando
genomic_info	GC-FILE-431884	GC-GENO-862976	Obedientia_civium_urbis_felicitas	23	304	268.61	0	GRCh37-lite	barba_crescit_caput_nescit	nascentes_morimur_finisque_ab_origine_pendet	ncRNA-Seq	Single-indexed	ChIP	BGISEQ	GridION	scientia_et_sapientia	Macte_animo_Generose_puer_sic_itur_ad_astra	scientia_et_sapientia	Not Reported	Metatranscriptomic	cacatum_non_est_pictum
genomic_info	GC-FILE-679699	GC-GENO-953547	scientia_et_sapientia	111	192	377.32	5	Not specified in data	cacatum_non_est_pictum	scientia_imperii_decus_et_tutamen	WGS	Single-indexed	Repeat fractionation	Ion Torrent	GridION	cacatum_non_est_pictum	nascentes_morimur_finisque_ab_origine_pendet	Gallia_est_omnis_divisa_in_partes_tres	Not Reported	Not Reported	Gallia_est_omnis_divisa_in_partes_tres
genomic_info	GC-FILE-937778	GC-GENO-469738	scientia,_aere_perennius	996	779	243.77	1	GRCh37-lite	Macte_animo_Generose_puer_sic_itur_ad_astra	a_bene_placito	ChIA-PET	Paired-End	MDA	Ion Torrent	Illumina Genome Analyzer IIx	scientia,_aere_perennius	faber_est_suae_quisque_fortunae	Macte_animo_Generose_puer_sic_itur_ad_astra	Bulk Cells	Metatranscriptomic	nascentes_morimur_finisque_ab_origine_pendet
genomic_info	GC-FILE-146789	GC-GENO-114260	faber_est_suae_quisque_fortunae	154	209	272.18	10	Not specified in data	Obedientia_civium_urbis_felicitas	scientia,_aere_perennius	ATAC-Seq	Single-indexed	cDNA oligo_dT	ABI Solid	Illumina HiSeq 1000	Obedientia_civium_urbis_felicitas	salus_in_arduis	O_Tite_tute_Tati_tibi_tanta_tyranne_tulisti	Not Reported	Not Reported	O_Tite_tute_Tati_tibi_tanta_tyranne_tulisti
genomic_info	GC-FILE-432537	GC-GENO-292117	cacatum_non_est_pictum	346	691	201.38	2	GRCh37-lite	saltus_in_demonstrando	scientia_et_sapientia	POOLCLONE	Paired-End	DNAse	Capillary	AB 3500xL Genetic Analyzer	cacatum_non_est_pictum	salus_in_arduis	haec_olim_meminisse_iuvabit	Not Reported	Genomic DNA	a_bene_placito
genomic_info	GC-FILE-552423	GC-GENO-863593	imperium_in_imperio	988	465	143.07	10	GRCh38	cacatum_non_est_pictum	Gallia_est_omnis_divisa_in_partes_tres	MNase-Seq	Single-indexed	DNAse	ABI Solid	Illumina HiSeq 1000	salus_in_arduis	scientia_et_sapientia	labor_ipse_voluptas	Bulk Cells	Viral RNA	imperium_in_imperio
genomic_info	GC-FILE-393693	GC-GENO-395880	labor_ipse_voluptas	398	706	49.25	10	GRCh38	labor_ipse_voluptas	scientiae_cedit_mare	Bisulfite-Seq	Paired-End	Not applicable	Capillary	Ion Torrent S5	pace_tua	haec_olim_meminisse_iuvabit	Obedientia_civium_urbis_felicitas	Single-nuclei	Genomic DNA	nanos_gigantum_humeris_insidentes
genomic_info	GC-FILE-981780	GC-GENO-870559	labor_ipse_voluptas	384	934	928.22	8	GRCh38	e_causa_ignota	damnant_quod_non_intellegunt	WCS	Paired-End	CAGE	LS 454	Illumina NovaSeq	scientia,_aere_perennius	e_causa_ignota	a_bene_placito	Single-nuclei	Transcriptome	haec_olim_meminisse_iuvabit
genomic_info	GC-FILE-667646	GC-GENO-337189	sapiens_qui_prospicit	739	263	290.64	5	GRCh38	saltus_in_demonstrando	id_quod_plerumque_accidit	scMultiome	Paired-End	Hybrid Selection	LS 454	DNBSEQ-G400	nanos_gigantum_humeris_insidentes	salus_in_arduis	sapiens_qui_prospicit	Not Reported	Metagenomic	cacatum_non_est_pictum
genomic_info	GC-FILE-284628	GC-GENO-563524	Gallia_est_omnis_divisa_in_partes_tres	428	297	729.81	10	GRCh37-lite	cacatum_non_est_pictum	O_Tite_tute_Tati_tibi_tanta_tyranne_tulisti	ChIP-Seq	Single-indexed	CF-S	PacBio SMRT	454 GS 20	scientia_et_labor	imperium_in_imperio	scientia_et_sapientia	Single-nuclei	Viral RNA	scientia_et_labor
genomic_info	GC-FILE-828565	GC-GENO-803363	id_quod_plerumque_accidit	884	550	522.84	3	GRCh37	Gallia_est_omnis_divisa_in_partes_tres	O_Tite_tute_Tati_tibi_tanta_tyranne_tulisti	CLONE	Single-indexed	Unspecified	Illumina	Illumina MiSeq	barba_crescit_caput_nescit	scientia_imperii_decus_et_tutamen	cacatum_non_est_pictum	Bulk Cells	Genomic DNA	salus_in_arduis
genomic_info	GC-FILE-703028	GC-GENO-730710	faber_est_suae_quisque_fortunae	542	514	261.29	8	GRCh37	scientia,_aere_perennius	haec_olim_meminisse_iuvabit	miRNA-Seq	Paired-End	MSLL	Complete Genomics	Illumina Genome Analyzer II	haec_olim_meminisse_iuvabit	Obedientia_civium_urbis_felicitas	nanos_gigantum_humeris_insidentes	Single-nuclei	Transcriptome	Obedientia_civium_urbis_felicitas
genomic_info	GC-FILE-541924	GC-GENO-936944	haec_olim_meminisse_iuvabit	340	491	280.11	7	GRCh37	nascentes_morimur_finisque_ab_origine_pendet	sapiens_qui_prospicit	CTS	Single-indexed	PCR	BGISEQ	Ion Torrent S5 XL	e_causa_ignota	faber_est_suae_quisque_fortunae	scientiae_et_patriae	Bulk Cells	Metatranscriptomic	scientia_et_sapientia
genomic_info	GC-FILE-994881	GC-GENO-937162	a_bene_placito	930	13	513.85	8	GRCh37	scientia,_aere_perennius	haec_olim_meminisse_iuvabit	ssRNA-seq	Paired-End	HMPR	LS 454	AB SOLiD 3	O_Tite_tute_Tati_tibi_tanta_tyranne_tulisti	a_bene_placito	Obedientia_civium_urbis_felicitas	Bulk Cells	Transcriptome	barba_crescit_caput_nescit
genomic_info	GC-FILE-825838	GC-GENO-989445	haec_olim_meminisse_iuvabit	512	13	222.49	4	GRCh38	nanos_gigantum_humeris_insidentes	scientia_imperii_decus_et_tutamen	Synthetic-Long-Read	Single-indexed	Restriction Digest	LS 454	DNBSEQ-T7	scientia_imperii_decus_et_tutamen	imperium_in_imperio	a_bene_placito	Bulk Tissue	Metagenomic	pace_tua
genomic_info	GC-FILE-258677	GC-GENO-944700	scientia,_aere_perennius	881	645	608.32	0	GRCh38	Gallia_est_omnis_divisa_in_partes_tres	cacatum_non_est_pictum	miRNA-Seq	Paired-End	HMPR	Ion Torrent	Illumina HiSeq 2000	scientia_et_labor	barba_crescit_caput_nescit	scientiae_et_patriae	Bulk Cells	Viral RNA	imperium_in_imperio
genomic_info	GC-FILE-569616	GC-GENO-344772	faber_est_suae_quisque_fortunae	366	651	923.9	7	GRCh37-lite	scientiae_cedit_mare	scientia_et_labor	Bulk RNA-Seq	Paired-End	Inverse rRNA	Ion Torrent	AB SOLiD PI System	labor_ipse_voluptas	Obedientia_civium_urbis_felicitas	Gallia_est_omnis_divisa_in_partes_tres	Single-cells	Viral RNA	salus_in_arduis
genomic_info	GC-FILE-162698	GC-GENO-432355	cacatum_non_est_pictum	174	571	492.24	1	GRCh37	scientia_et_sapientia	scientia_et_sapientia	RAD-Seq	Paired-End	MSLL	Ion Torrent	Ion Torrent S5 XL	cacatum_non_est_pictum	scientia_et_sapientia	cacatum_non_est_pictum	Bulk Cells	Metatranscriptomic	nascentes_morimur_finisque_ab_origine_pendet
genomic_info	GC-FILE-999829	GC-GENO-222411	haec_olim_meminisse_iuvabit	163	824	65.22	1	Not specified in data	faber_est_suae_quisque_fortunae	faber_est_suae_quisque_fortunae	MNase-Seq	Single-indexed	Inverse rRNA	Complete Genomics	Ion Torrent S5	faber_est_suae_quisque_fortunae	imperium_in_imperio	labor_ipse_voluptas	Single-cells	Metagenomic	scientia,_aere_perennius
genomic_info	GC-FILE-603542	GC-GENO-539181	scientiae_et_patriae	435	958	636.32	2	Not specified in data	Macte_animo_Generose_puer_sic_itur_ad_astra	Macte_animo_Generose_puer_sic_itur_ad_astra	Spatial-tx	Single-indexed	rRNA Depletion	ABI Solid	PacBio Sequel	sapiens_qui_prospicit	sapiens_qui_prospicit	scientiae_et_patriae	Single-nuclei	Metagenomic	scientia,_aere_perennius
genomic_info	GC-FILE-250087	GC-GENO-881555	Macte_animo_Generose_puer_sic_itur_ad_astra	334	252	817.09	4	Not specified in data	haec_olim_meminisse_iuvabit	scientia_et_sapientia	MRE-Seq	Single-indexed	MNase	Capillary	Illumina HiScanSQ	damnant_quod_non_intellegunt	labor_ipse_voluptas	Gallia_est_omnis_divisa_in_partes_tres	Single-nuclei	Not Reported	O_Tite_tute_Tati_tibi_tanta_tyranne_tulisti
genomic_info	GC-FILE-480617	GC-GENO-741116	damnant_quod_non_intellegunt	746	238	417.79	6	GRCh37-lite	scientia,_aere_perennius	barba_crescit_caput_nescit	CLONE	Paired-End	Other	Ultima	454 GS 20	scientia_imperii_decus_et_tutamen	e_causa_ignota	Macte_animo_Generose_puer_sic_itur_ad_astra	Bulk Nuclei	Not Reported	haec_olim_meminisse_iuvabit
genomic_info	GC-FILE-939585	GC-GENO-171226	scientia,_aere_perennius	505	179	443.09	5	Not specified in data	e_causa_ignota	saltus_in_demonstrando	RAD-Seq	Paired-End	MDA	ABI Solid	Other	Macte_animo_Generose_puer_sic_itur_ad_astra	scientia_et_labor	scientia,_aere_perennius	Single-nuclei	Metatranscriptomic	faber_est_suae_quisque_fortunae
genomic_info	GC-FILE-135792	GC-GENO-919126	nanos_gigantum_humeris_insidentes	20	475	105.93	1	Not specified in data	saltus_in_demonstrando	Gallia_est_omnis_divisa_in_partes_tres	WCS	Single-indexed	CF-H	Helicos	DNBSEQ-T7	Gallia_est_omnis_divisa_in_partes_tres	O_Tite_tute_Tati_tibi_tanta_tyranne_tulisti	scientia_et_sapientia	Bulk Tissue	Not Reported	cacatum_non_est_pictum
genomic_info	GC-FILE-206240	GC-GENO-295561	scientiae_cedit_mare	755	700	81.61	5	GRCh38	id_quod_plerumque_accidit	O_Tite_tute_Tati_tibi_tanta_tyranne_tulisti	CLONEEND	Single-indexed	Other	Complete Genomics	Other	e_causa_ignota	scientiae_et_patriae	barba_crescit_caput_nescit	Bulk Tissue	Genomic DNA	salus_in_arduis
genomic_info	GC-FILE-414720	GC-GENO-153641	Gallia_est_omnis_divisa_in_partes_tres	129	183	508.9	10	Not specified in data	nascentes_morimur_finisque_ab_origine_pendet	cacatum_non_est_pictum	Bisulfite-Seq	Single-indexed	Random PCR	Illumina	Illumina NextSeq 550	damnant_quod_non_intellegunt	e_causa_ignota	salus_in_arduis	Bulk Cells	Metatranscriptomic	nanos_gigantum_humeris_insidentes
genomic_info	GC-FILE-999244	GC-GENO-803989	nanos_gigantum_humeris_insidentes	326	107	996.1	1	GRCh38	scientia,_aere_perennius	Obedientia_civium_urbis_felicitas	FAIRE-seq	Single-indexed	MF	Ultima	Other	scientia_et_labor	Macte_animo_Generose_puer_sic_itur_ad_astra	scientia_et_sapientia	Bulk Cells	Genomic DNA	scientia_et_sapientia
genomic_info	GC-FILE-647429	GC-GENO-414568	Obedientia_civium_urbis_felicitas	266	197	397.9	7	GRCh37	Gallia_est_omnis_divisa_in_partes_tres	scientia,_aere_perennius	Bisulfite-Seq	Single-indexed	Other	PacBio SMRT	DNBSEQ-T7	sapiens_qui_prospicit	faber_est_suae_quisque_fortunae	pace_tua	Bulk Nuclei	Not Reported	scientia_et_sapientia
genomic_info	GC-FILE-142770	GC-GENO-250959	haec_olim_meminisse_iuvabit	460	172	514.02	3	GRCh37	scientia,_aere_perennius	nascentes_morimur_finisque_ab_origine_pendet	mRNA-Seq	Paired-End	MBD2 protein methyl-CpG binding domain	Complete Genomics	AB 310 Genetic Analyzer	Macte_animo_Generose_puer_sic_itur_ad_astra	a_bene_placito	scientia_imperii_decus_et_tutamen	Bulk Nuclei	Transcriptome	scientia_imperii_decus_et_tutamen
genomic_info	GC-FILE-119103	GC-GENO-139001	pace_tua	324	205	328.07	10	GRCh37	Gallia_est_omnis_divisa_in_partes_tres	e_causa_ignota	ChIP-Seq	Single-indexed	Other	Oxford Nanopore	AB 3130 Genetic Analyzer	barba_crescit_caput_nescit	scientiae_et_patriae	Obedientia_civium_urbis_felicitas	Bulk Cells	Viral RNA	Macte_animo_Generose_puer_sic_itur_ad_astra
genomic_info	GC-FILE-381713	GC-GENO-746396	nanos_gigantum_humeris_insidentes	888	966	374.32	6	Not specified in data	Macte_animo_Generose_puer_sic_itur_ad_astra	scientia_et_labor	ChIP-Seq	Paired-End	rRNA Depletion	Capillary	Illumina HiSeq 2500	id_quod_plerumque_accidit	barba_crescit_caput_nescit	haec_olim_meminisse_iuvabit	Bulk Cells	Transcriptome	Gallia_est_omnis_divisa_in_partes_tres
genomic_info	GC-FILE-652586	GC-GENO-939435	damnant_quod_non_intellegunt	275	676	14.26	4	GRCh37	a_bene_placito	barba_crescit_caput_nescit	Hi-C	Single-indexed	cDNA oligo_dT	Complete Genomics	454 GS FLX	scientia,_aere_perennius	saltus_in_demonstrando	imperium_in_imperio	Bulk Tissue	Not Reported	Gallia_est_omnis_divisa_in_partes_tres
genomic_info	GC-FILE-323904	GC-GENO-446476	haec_olim_meminisse_iuvabit	900	189	349.15	0	Not specified in data	barba_crescit_caput_nescit	salus_in_arduis	ATAC-Seq	Single-indexed	cDNA random priming	Ion Torrent	AB 3730xL Genetic Analyzer	Macte_animo_Generose_puer_sic_itur_ad_astra	Gallia_est_omnis_divisa_in_partes_tres	cacatum_non_est_pictum	Bulk Nuclei	Metatranscriptomic	haec_olim_meminisse_iuvabit
genomic_info	GC-FILE-268821	GC-GENO-860338	imperium_in_imperio	57	902	687.13	2	Not specified in data	barba_crescit_caput_nescit	scientia_et_sapientia	DNase-Hypersensitivity	Single-indexed	CF-S	Illumina	AB 3730 Genetic Analyzer	barba_crescit_caput_nescit	scientia_imperii_decus_et_tutamen	imperium_in_imperio	Single-nuclei	Metagenomic	e_causa_ignota
genomic_info	GC-FILE-802811	GC-GENO-236728	damnant_quod_non_intellegunt	907	894	961.37	3	GRCh37-lite	pace_tua	scientiae_cedit_mare	POOLCLONE	Single-indexed	Unspecified	Capillary	Ion Torrent S5 XL	e_causa_ignota	scientia_imperii_decus_et_tutamen	scientia_et_labor	Bulk Nuclei	Metagenomic	id_quod_plerumque_accidit
genomic_info	GC-FILE-991510	GC-GENO-576372	haec_olim_meminisse_iuvabit	314	185	860.59	0	Not specified in data	Obedientia_civium_urbis_felicitas	barba_crescit_caput_nescit	miRNA-Seq	Single-indexed	cDNA	Capillary	AB 3130xL Genetic Analyzer	labor_ipse_voluptas	scientia_et_sapientia	scientiae_et_patriae	Single-nuclei	Metatranscriptomic	sapiens_qui_prospicit
genomic_info	GC-FILE-846331	GC-GENO-377287	scientia_et_sapientia	967	470	838.89	4	GRCh38	e_causa_ignota	faber_est_suae_quisque_fortunae	Synthetic-Long-Read	Single-indexed	RACE	BGISEQ	DNBSEQ-T7	salus_in_arduis	haec_olim_meminisse_iuvabit	O_Tite_tute_Tati_tibi_tanta_tyranne_tulisti	Not Reported	Viral RNA	e_causa_ignota
genomic_info	GC-FILE-484017	GC-GENO-816403	sapiens_qui_prospicit	707	793	694.7	7	GRCh38	id_quod_plerumque_accidit	faber_est_suae_quisque_fortunae	ncRNA-Seq	Paired-End	CF-M	PacBio SMRT	AB SOLiD 2	saltus_in_demonstrando	pace_tua	faber_est_suae_quisque_fortunae	Bulk Tissue	Metatranscriptomic	id_quod_plerumque_accidit
genomic_info	GC-FILE-580073	GC-GENO-341295	salus_in_arduis	162	429	228.11	1	GRCh37	Gallia_est_omnis_divisa_in_partes_tres	labor_ipse_voluptas	Targeted-Capture	Paired-End	DNAse	Ultima	DNBSEQ-G400	e_causa_ignota	damnant_quod_non_intellegunt	Gallia_est_omnis_divisa_in_partes_tres	Not Reported	Metagenomic	faber_est_suae_quisque_fortunae
genomic_info	GC-FILE-797210	GC-GENO-292176	Obedientia_civium_urbis_felicitas	252	509	326.65	1	GRCh37-lite	scientiae_cedit_mare	Gallia_est_omnis_divisa_in_partes_tres	miRNA-Seq	Single-indexed	DNAse	Illumina	MinION	scientiae_et_patriae	Gallia_est_omnis_divisa_in_partes_tres	scientia,_aere_perennius	Single-nuclei	Metatranscriptomic	scientia,_aere_perennius
genomic_info	GC-FILE-642056	GC-GENO-672607	scientia_imperii_decus_et_tutamen	873	930	284.95	4	GRCh37	salus_in_arduis	scientia_et_labor	ssRNA-seq	Single-indexed	cDNA random priming	Oxford Nanopore	AB 3130 Genetic Analyzer	Macte_animo_Generose_puer_sic_itur_ad_astra	scientiae_cedit_mare	faber_est_suae_quisque_fortunae	Not Reported	Not Reported	saltus_in_demonstrando
genomic_info	GC-FILE-158519	GC-GENO-437767	salus_in_arduis	285	149	412.54	7	GRCh38	scientia,_aere_perennius	nanos_gigantum_humeris_insidentes	MNase-Seq	Paired-End	5-methylcytidine antibody	Helicos	Illumina HiSeq 1000	barba_crescit_caput_nescit	nanos_gigantum_humeris_insidentes	scientiae_et_patriae	Not Reported	Not Reported	scientia_imperii_decus_et_tutamen
genomic_info	GC-FILE-716078	GC-GENO-164823	Macte_animo_Generose_puer_sic_itur_ad_astra	1000	520	44.2	7	Not specified in data	salus_in_arduis	Gallia_est_omnis_divisa_in_partes_tres	ChIA-PET	Single-indexed	MF	Illumina	Illumina NextSeq 2500	scientia_et_sapientia	scientia_et_sapientia	barba_crescit_caput_nescit	Not Reported	Not Reported	haec_olim_meminisse_iuvabit
genomic_info	GC-FILE-422562	GC-GENO-698248	scientia_et_sapientia	166	415	584.86	1	GRCh37-lite	Macte_animo_Generose_puer_sic_itur_ad_astra	scientia_et_sapientia	WGA	Single-indexed	Restriction Digest	Illumina	Unknown	sapiens_qui_prospicit	Obedientia_civium_urbis_felicitas	e_causa_ignota	Bulk Tissue	Metatranscriptomic	scientia_imperii_decus_et_tutamen
genomic_info	GC-FILE-963656	GC-GENO-868084	labor_ipse_voluptas	505	157	71.26	6	GRCh38	scientia_imperii_decus_et_tutamen	pace_tua	Bisulfite-Seq	Paired-End	RACE	Helicos	Illumina NextSeq 550	damnant_quod_non_intellegunt	sapiens_qui_prospicit	scientiae_cedit_mare	Bulk Tissue	Genomic DNA	pace_tua
genomic_info	GC-FILE-898228	GC-GENO-819376	nascentes_morimur_finisque_ab_origine_pendet	100	118	58.65	9	GRCh37	sapiens_qui_prospicit	labor_ipse_voluptas	scMultiome	Single-indexed	cDNA oligo_dT	Helicos	Illumina NovaSeq 6000	scientiae_et_patriae	cacatum_non_est_pictum	cacatum_non_est_pictum	Single-nuclei	Genomic DNA	sapiens_qui_prospicit
genomic_info	GC-FILE-476523	GC-GENO-246135	nanos_gigantum_humeris_insidentes	51	365	618.05	7	Not specified in data	damnant_quod_non_intellegunt	scientia_imperii_decus_et_tutamen	DNase-Hypersensitivity	Paired-End	MBD2 protein methyl-CpG binding domain	BGISEQ	PromethION	O_Tite_tute_Tati_tibi_tanta_tyranne_tulisti	a_bene_placito	saltus_in_demonstrando	Single-nuclei	Transcriptome	a_bene_placito
genomic_info	GC-FILE-313788	GC-GENO-624547	saltus_in_demonstrando	792	42	14.46	2	GRCh38	e_causa_ignota	nascentes_morimur_finisque_ab_origine_pendet	WGS	Single-indexed	Not applicable	Capillary	Illumina Genome Analyzer II	damnant_quod_non_intellegunt	scientiae_cedit_mare	barba_crescit_caput_nescit	Not Reported	Metagenomic	Gallia_est_omnis_divisa_in_partes_tres
genomic_info	GC-FILE-152664	GC-GENO-129362	barba_crescit_caput_nescit	881	840	100.83	7	GRCh37	id_quod_plerumque_accidit	scientia_et_labor	EST	Single-indexed	CAGE	PacBio SMRT	454 GS Junior	Obedientia_civium_urbis_felicitas	imperium_in_imperio	scientiae_cedit_mare	Bulk Nuclei	Metatranscriptomic	e_causa_ignota
genomic_info	GC-FILE-819094	GC-GENO-959883	faber_est_suae_quisque_fortunae	543	798	117.35	7	Not specified in data	faber_est_suae_quisque_fortunae	haec_olim_meminisse_iuvabit	Targeted-Capture	Paired-End	DNAse	BGISEQ	Illumina HiSeq 1000	saltus_in_demonstrando	e_causa_ignota	nanos_gigantum_humeris_insidentes	Not Reported	Viral RNA	id_quod_plerumque_accidit
genomic_info	GC-FILE-432392	GC-GENO-462406	id_quod_plerumque_accidit	168	18	902.07	9	GRCh37-lite	nascentes_morimur_finisque_ab_origine_pendet	haec_olim_meminisse_iuvabit	Bulk RNA-Seq	Paired-End	DNAse	Illumina	AB 3500xL Genetic Analyzer	nascentes_morimur_finisque_ab_origine_pendet	scientiae_cedit_mare	barba_crescit_caput_nescit	Not Reported	Viral RNA	scientiae_et_patriae
genomic_info	GC-FILE-366273	GC-GENO-999984	nanos_gigantum_humeris_insidentes	353	183	321.18	1	GRCh37-lite	faber_est_suae_quisque_fortunae	saltus_in_demonstrando	Bisulfite-Seq	Single-indexed	cDNA oligo_dT	ABI Solid	AB SOLiD 3 Plus System	pace_tua	scientia,_aere_perennius	barba_crescit_caput_nescit	Single-nuclei	Not Reported	sapiens_qui_prospicit
genomic_info	GC-FILE-725361	GC-GENO-804070	scientia_et_sapientia	448	436	846.59	3	GRCh38	sapiens_qui_prospicit	scientia_et_labor	WCS	Paired-End	CF-T	Complete Genomics	AB 310 Genetic Analyzer	nascentes_morimur_finisque_ab_origine_pendet	sapiens_qui_prospicit	cacatum_non_est_pictum	Single-cells	Metatranscriptomic	damnant_quod_non_intellegunt
genomic_info	GC-FILE-784382	GC-GENO-114087	O_Tite_tute_Tati_tibi_tanta_tyranne_tulisti	979	726	945.01	2	Not specified in data	nanos_gigantum_humeris_insidentes	salus_in_arduis	Tn-Seq	Single-indexed	Not applicable	Ion Torrent	PacBio Sequel	faber_est_suae_quisque_fortunae	nanos_gigantum_humeris_insidentes	nanos_gigantum_humeris_insidentes	Single-cells	Viral RNA	a_bene_placito
genomic_info	GC-FILE-990995	GC-GENO-282693	scientia_imperii_decus_et_tutamen	199	664	867.81	2	Not specified in data	pace_tua	a_bene_placito	WXS	Single-indexed	5-methylcytidine antibody	Complete Genomics	Illumina MiniSeq	labor_ipse_voluptas	Macte_animo_Generose_puer_sic_itur_ad_astra	faber_est_suae_quisque_fortunae	Bulk Nuclei	Viral RNA	pace_tua
genomic_info	GC-FILE-611589	GC-GENO-502271	scientia_imperii_decus_et_tutamen	800	84	915.74	3	Not specified in data	scientia_imperii_decus_et_tutamen	saltus_in_demonstrando	MeDIP-Seq	Single-indexed	MNase	ABI Solid	Illumina HiSeq 1000	Gallia_est_omnis_divisa_in_partes_tres	sapiens_qui_prospicit	scientia_et_labor	Bulk Tissue	Viral RNA	pace_tua
genomic_info	GC-FILE-793902	GC-GENO-942973	scientia_et_labor	867	322	182.03	7	GRCh37-lite	scientiae_cedit_mare	scientia_et_labor	ATAC-Seq	Single-indexed	cDNA	PacBio SMRT	PacBio Sequel II	O_Tite_tute_Tati_tibi_tanta_tyranne_tulisti	scientia_et_labor	O_Tite_tute_Tati_tibi_tanta_tyranne_tulisti	Single-cells	Transcriptome	scientia_et_sapientia
genomic_info	GC-FILE-706984	GC-GENO-280945	Macte_animo_Generose_puer_sic_itur_ad_astra	765	406	401.4	8	GRCh37-lite	e_causa_ignota	scientia_imperii_decus_et_tutamen	WXS	Paired-End	MBD2 protein methyl-CpG binding domain	Helicos	AB 5500 Genetic Analyzer	labor_ipse_voluptas	faber_est_suae_quisque_fortunae	scientiae_et_patriae	Bulk Tissue	Not Reported	labor_ipse_voluptas
genomic_info	GC-FILE-837964	GC-GENO-123067	barba_crescit_caput_nescit	876	767	920.87	6	GRCh37-lite	damnant_quod_non_intellegunt	scientia_et_sapientia	FL-cDNA	Single-indexed	rRNA Depletion	PacBio SMRT	454 GS	e_causa_ignota	scientiae_cedit_mare	pace_tua	Not Reported	Not Reported	e_causa_ignota
genomic_info	GC-FILE-592488	GC-GENO-537975	nascentes_morimur_finisque_ab_origine_pendet	788	858	871.44	10	GRCh37	scientiae_cedit_mare	nascentes_morimur_finisque_ab_origine_pendet	SELEX	Paired-End	cDNA oligo_dT	PacBio SMRT	Illumina HiSeq 2500	sapiens_qui_prospicit	id_quod_plerumque_accidit	scientiae_cedit_mare	Single-nuclei	Not Reported	scientia_et_sapientia
genomic_info	GC-FILE-218721	GC-GENO-505321	Gallia_est_omnis_divisa_in_partes_tres	366	527	280.21	6	GRCh37-lite	faber_est_suae_quisque_fortunae	nanos_gigantum_humeris_insidentes	WXS	Paired-End	HMPR	Helicos	Ion Torrent PGM	scientia_et_sapientia	nascentes_morimur_finisque_ab_origine_pendet	scientia_imperii_decus_et_tutamen	Single-nuclei	Not Reported	faber_est_suae_quisque_fortunae
genomic_info	GC-FILE-150096	GC-GENO-510014	pace_tua	829	458	667.34	6	Not specified in data	O_Tite_tute_Tati_tibi_tanta_tyranne_tulisti	labor_ipse_voluptas	ncRNA-Seq	Paired-End	Other	ABI Solid	454 GS FLX+	Macte_animo_Generose_puer_sic_itur_ad_astra	scientia_et_labor	Gallia_est_omnis_divisa_in_partes_tres	Bulk Cells	Not Reported	pace_tua
genomic_info	GC-FILE-197457	GC-GENO-164922	imperium_in_imperio	897	260	873.31	9	Not specified in data	scientia_et_labor	barba_crescit_caput_nescit	Synthetic-Long-Read	Single-indexed	5-methylcytidine antibody	Ultima	454 GS FLX+	nascentes_morimur_finisque_ab_origine_pendet	Macte_animo_Generose_puer_sic_itur_ad_astra	Gallia_est_omnis_divisa_in_partes_tres	Bulk Cells	Not Reported	scientia_et_sapientia
genomic_info	GC-FILE-554088	GC-GENO-724940	nascentes_morimur_finisque_ab_origine_pendet	792	507	800.86	7	GRCh38	O_Tite_tute_Tati_tibi_tanta_tyranne_tulisti	labor_ipse_voluptas	Other	Paired-End	PCR	BGISEQ	AB 3500 Genetic Analyzer	salus_in_arduis	O_Tite_tute_Tati_tibi_tanta_tyranne_tulisti	Obedientia_civium_urbis_felicitas	Single-nuclei	Viral RNA	faber_est_suae_quisque_fortunae
genomic_info	GC-FILE-310526	GC-GENO-242701	barba_crescit_caput_nescit	244	966	39.96	3	Not specified in data	e_causa_ignota	scientiae_et_patriae	miRNA-Seq	Paired-End	DNAse	Ion Torrent	Illumina NextSeq 2500	Macte_animo_Generose_puer_sic_itur_ad_astra	scientiae_cedit_mare	Gallia_est_omnis_divisa_in_partes_tres	Bulk Nuclei	Not Reported	labor_ipse_voluptas
genomic_info	GC-FILE-299983	GC-GENO-299849	nascentes_morimur_finisque_ab_origine_pendet	464	687	367.77	6	GRCh38	scientia_et_labor	scientia_et_sapientia	FL-cDNA	Single-indexed	cDNA random priming	Illumina	MinION	a_bene_placito	saltus_in_demonstrando	faber_est_suae_quisque_fortunae	Bulk Nuclei	Not Reported	labor_ipse_voluptas
genomic_info	GC-FILE-622462	GC-GENO-472718	imperium_in_imperio	268	162	731.77	10	GRCh37-lite	labor_ipse_voluptas	Macte_animo_Generose_puer_sic_itur_ad_astra	Bisulfite-Seq	Single-indexed	5-methylcytidine antibody	Helicos	Not Reported	Macte_animo_Generose_puer_sic_itur_ad_astra	scientiae_cedit_mare	saltus_in_demonstrando	Single-cells	Viral RNA	a_bene_placito
genomic_info	GC-FILE-898601	GC-GENO-509709	damnant_quod_non_intellegunt	534	469	773.9	10	Not specified in data	saltus_in_demonstrando	a_bene_placito	FAIRE-seq	Single-indexed	MSLL	PacBio SMRT	AB 5500 Genetic Analyzer	salus_in_arduis	cacatum_non_est_pictum	e_causa_ignota	Bulk Cells	Metatranscriptomic	e_causa_ignota
genomic_info	GC-FILE-806699	GC-GENO-827002	O_Tite_tute_Tati_tibi_tanta_tyranne_tulisti	76	618	155.82	1	GRCh37	scientiae_cedit_mare	Obedientia_civium_urbis_felicitas	MNase-Seq	Paired-End	MF	Helicos	Illumina HiSeq 1500	barba_crescit_caput_nescit	scientia,_aere_perennius	damnant_quod_non_intellegunt	Bulk Nuclei	Transcriptome	nascentes_morimur_finisque_ab_origine_pendet
genomic_info	GC-FILE-976952	GC-GENO-943937	faber_est_suae_quisque_fortunae	129	499	393.8	3	GRCh37-lite	nanos_gigantum_humeris_insidentes	e_causa_ignota	RIP-Seq	Single-indexed	ChIP	Helicos	AB 3730xL Genetic Analyzer	labor_ipse_voluptas	haec_olim_meminisse_iuvabit	Obedientia_civium_urbis_felicitas	Bulk Nuclei	Transcriptome	damnant_quod_non_intellegunt
genomic_info	GC-FILE-202827	GC-GENO-994606	scientia_et_sapientia	403	971	433.84	8	Not specified in data	scientiae_et_patriae	barba_crescit_caput_nescit	MNase-Seq	Single-indexed	rRNA Depletion	Capillary	AB 3500 Genetic Analyzer	nascentes_morimur_finisque_ab_origine_pendet	scientia_et_labor	damnant_quod_non_intellegunt	Bulk Cells	Not Reported	nanos_gigantum_humeris_insidentes
genomic_info	GC-FILE-340343	GC-GENO-915482	barba_crescit_caput_nescit	926	108	394.96	8	GRCh37	id_quod_plerumque_accidit	faber_est_suae_quisque_fortunae	AMPLICON	Paired-End	Restriction Digest	ABI Solid	PromethION	a_bene_placito	barba_crescit_caput_nescit	Obedientia_civium_urbis_felicitas	Not Reported	Viral RNA	scientia_et_labor
genomic_info	GC-FILE-286337	GC-GENO-350606	e_causa_ignota	703	847	212.73	8	GRCh37-lite	scientia_imperii_decus_et_tutamen	Gallia_est_omnis_divisa_in_partes_tres	SELEX	Paired-End	Inverse rRNA	BGISEQ	Illumina HiSeq 2000	e_causa_ignota	scientiae_et_patriae	cacatum_non_est_pictum	Single-cells	Metatranscriptomic	scientiae_cedit_mare
genomic_info	GC-FILE-356249	GC-GENO-136440	scientia_et_labor	892	331	52.6	5	GRCh38	scientia_imperii_decus_et_tutamen	labor_ipse_voluptas	WCS	Paired-End	cDNA oligo_dT	PacBio SMRT	Illumina HiSeq 1500	Macte_animo_Generose_puer_sic_itur_ad_astra	scientiae_et_patriae	e_causa_ignota	Bulk Nuclei	Genomic DNA	saltus_in_demonstrando
genomic_info	GC-FILE-223448	GC-GENO-133648	pace_tua	331	922	671.4	2	GRCh38	barba_crescit_caput_nescit	scientia,_aere_perennius	Tethered Chromatin Conformation Capture	Single-indexed	cDNA	Helicos	454 GS Junior	O_Tite_tute_Tati_tibi_tanta_tyranne_tulisti	sapiens_qui_prospicit	haec_olim_meminisse_iuvabit	Bulk Nuclei	Transcriptome	Obedientia_civium_urbis_felicitas
genomic_info	GC-FILE-128432	GC-GENO-458482	sapiens_qui_prospicit	445	637	751.31	7	GRCh37	scientiae_cedit_mare	scientiae_cedit_mare	DNase-Hypersensitivity	Paired-End	ChIP	Helicos	AB SOLiD 3 Plus System	O_Tite_tute_Tati_tibi_tanta_tyranne_tulisti	sapiens_qui_prospicit	scientia_et_sapientia	Single-nuclei	Metatranscriptomic	imperium_in_imperio
genomic_info	GC-FILE-426579	GC-GENO-653043	barba_crescit_caput_nescit	383	868	452.52	4	GRCh38	scientia_imperii_decus_et_tutamen	scientia_imperii_decus_et_tutamen	WCS	Paired-End	RACE	Illumina	AB SOLiD 3 Plus System	nanos_gigantum_humeris_insidentes	id_quod_plerumque_accidit	e_causa_ignota	Bulk Tissue	Viral RNA	damnant_quod_non_intellegunt
genomic_info	GC-FILE-257420	GC-GENO-125376	a_bene_placito	235	180	533.99	1	GRCh37-lite	scientia_imperii_decus_et_tutamen	scientia_et_labor	ChIA-PET	Single-indexed	ChIP	PacBio SMRT	Ion Torrent S5	Gallia_est_omnis_divisa_in_partes_tres	sapiens_qui_prospicit	Obedientia_civium_urbis_felicitas	Not Reported	Metagenomic	haec_olim_meminisse_iuvabit
genomic_info	GC-FILE-436602	GC-GENO-500255	scientia,_aere_perennius	324	563	733.76	9	Not specified in data	nanos_gigantum_humeris_insidentes	labor_ipse_voluptas	WGA	Single-indexed	cDNA oligo_dT	Capillary	PacBio RS II	scientia_et_sapientia	scientia_et_labor	scientia_et_labor	Bulk Tissue	Metagenomic	sapiens_qui_prospicit
genomic_info	GC-FILE-802377	GC-GENO-855678	barba_crescit_caput_nescit	414	359	887.77	9	GRCh37-lite	pace_tua	imperium_in_imperio	ChIA-PET	Single-indexed	Hybrid Selection	Complete Genomics	Illumina HiSeq 1500	scientia_imperii_decus_et_tutamen	imperium_in_imperio	nascentes_morimur_finisque_ab_origine_pendet	Single-nuclei	Transcriptome	O_Tite_tute_Tati_tibi_tanta_tyranne_tulisti
genomic_info	GC-FILE-174784	GC-GENO-293427	Obedientia_civium_urbis_felicitas	602	274	797.04	0	GRCh37-lite	pace_tua	Obedientia_civium_urbis_felicitas	MeDIP-Seq	Single-indexed	Random PCR	BGISEQ	AB SOLiD 4	faber_est_suae_quisque_fortunae	scientiae_cedit_mare	faber_est_suae_quisque_fortunae	Not Reported	Viral RNA	Obedientia_civium_urbis_felicitas
genomic_info	GC-FILE-832708	GC-GENO-474328	barba_crescit_caput_nescit	210	207	737.84	0	Not specified in data	labor_ipse_voluptas	damnant_quod_non_intellegunt	RAD-Seq	Paired-End	Restriction Digest	Helicos	AB SOLiD System	nascentes_morimur_finisque_ab_origine_pendet	labor_ipse_voluptas	salus_in_arduis	Single-nuclei	Metagenomic	scientia_et_sapientia
genomic_info	GC-FILE-997195	GC-GENO-177318	Macte_animo_Generose_puer_sic_itur_ad_astra	402	399	993.18	3	Not specified in data	pace_tua	id_quod_plerumque_accidit	Hi-C	Paired-End	CAGE	Helicos	454 GS FLX	saltus_in_demonstrando	saltus_in_demonstrando	salus_in_arduis	Not Reported	Metatranscriptomic	scientiae_et_patriae
genomic_info	GC-FILE-868035	GC-GENO-906625	salus_in_arduis	41	538	836.91	7	Not specified in data	nascentes_morimur_finisque_ab_origine_pendet	scientiae_cedit_mare	SELEX	Paired-End	Hybrid Selection	Oxford Nanopore	AB 310 Genetic Analyzer	Gallia_est_omnis_divisa_in_partes_tres	a_bene_placito	saltus_in_demonstrando	Bulk Tissue	Transcriptome	e_causa_ignota
genomic_info	GC-FILE-540759	GC-GENO-493977	Gallia_est_omnis_divisa_in_partes_tres	648	619	814.47	6	Not specified in data	Macte_animo_Generose_puer_sic_itur_ad_astra	id_quod_plerumque_accidit	scMultiome	Single-indexed	MSLL	Oxford Nanopore	AB 3500 Genetic Analyzer	Obedientia_civium_urbis_felicitas	damnant_quod_non_intellegunt	scientiae_et_patriae	Not Reported	Metatranscriptomic	damnant_quod_non_intellegunt
genomic_info	GC-FILE-812108	GC-GENO-392070	salus_in_arduis	247	908	128.78	7	GRCh37	scientia_et_sapientia	salus_in_arduis	Targeted-Capture	Single-indexed	rRNA Depletion	Ion Torrent	Not Reported	haec_olim_meminisse_iuvabit	scientia,_aere_perennius	cacatum_non_est_pictum	Not Reported	Viral RNA	e_causa_ignota
genomic_info	GC-FILE-189388	GC-GENO-987488	scientia_et_labor	964	628	935.7	0	GRCh37-lite	pace_tua	scientia_et_sapientia	WXS	Single-indexed	Padlock probes capture method	PacBio SMRT	AB SOLiD 3	Obedientia_civium_urbis_felicitas	Macte_animo_Generose_puer_sic_itur_ad_astra	Macte_animo_Generose_puer_sic_itur_ad_astra	Bulk Tissue	Metagenomic	cacatum_non_est_pictum
genomic_info	GC-FILE-851767	GC-GENO-319541	cacatum_non_est_pictum	382	295	573.74	8	GRCh38	Obedientia_civium_urbis_felicitas	labor_ipse_voluptas	ncRNA-Seq	Paired-End	MNase	Helicos	AB SOLiD 2	nanos_gigantum_humeris_insidentes	nanos_gigantum_humeris_insidentes	nascentes_morimur_finisque_ab_origine_pendet	Single-nuclei	Viral RNA	Obedientia_civium_urbis_felicitas
genomic_info	GC-FILE-237092	GC-GENO-559416	scientia_et_sapientia	532	210	79.85	6	GRCh37	damnant_quod_non_intellegunt	scientiae_cedit_mare	WCS	Single-indexed	Unspecified	BGISEQ	AB 3130xL Genetic Analyzer	scientia,_aere_perennius	imperium_in_imperio	salus_in_arduis	Single-nuclei	Not Reported	O_Tite_tute_Tati_tibi_tanta_tyranne_tulisti
genomic_info	GC-FILE-921641	GC-GENO-553746	haec_olim_meminisse_iuvabit	437	720	951.89	0	Not specified in data	scientia_imperii_decus_et_tutamen	scientia,_aere_perennius	Targeted-Capture	Single-indexed	ChIP	Helicos	PromethION	faber_est_suae_quisque_fortunae	labor_ipse_voluptas	haec_olim_meminisse_iuvabit	Bulk Cells	Not Reported	scientiae_cedit_mare
genomic_info	GC-FILE-933401	GC-GENO-811315	salus_in_arduis	937	434	991.62	4	Not specified in data	Macte_animo_Generose_puer_sic_itur_ad_astra	cacatum_non_est_pictum	CTS	Single-indexed	Not applicable	Ion Torrent	AB SOLiD System	labor_ipse_voluptas	scientia,_aere_perennius	salus_in_arduis	Single-nuclei	Transcriptome	pace_tua
genomic_info	GC-FILE-437508	GC-GENO-462087	scientia_imperii_decus_et_tutamen	817	156	215.48	0	GRCh38	nascentes_morimur_finisque_ab_origine_pendet	Macte_animo_Generose_puer_sic_itur_ad_astra	POOLCLONE	Paired-End	HMPR	Complete Genomics	454 GS	id_quod_plerumque_accidit	O_Tite_tute_Tati_tibi_tanta_tyranne_tulisti	O_Tite_tute_Tati_tibi_tanta_tyranne_tulisti	Bulk Cells	Not Reported	Obedientia_civium_urbis_felicitas
genomic_info	GC-FILE-544671	GC-GENO-623739	Obedientia_civium_urbis_felicitas	605	859	371.03	4	Not specified in data	sapiens_qui_prospicit	faber_est_suae_quisque_fortunae	Targeted-Capture	Paired-End	Not applicable	Ion Torrent	AB SOLiD 4hq System	O_Tite_tute_Tati_tibi_tanta_tyranne_tulisti	imperium_in_imperio	nanos_gigantum_humeris_insidentes	Single-cells	Metagenomic	scientiae_et_patriae
genomic_info	GC-FILE-872719	GC-GENO-160792	barba_crescit_caput_nescit	70	833	661.16	9	GRCh38	cacatum_non_est_pictum	scientia,_aere_perennius	CLONEEND	Single-indexed	Unspecified	Oxford Nanopore	MGISEQ-2000RS	Macte_animo_Generose_puer_sic_itur_ad_astra	haec_olim_meminisse_iuvabit	a_bene_placito	Bulk Cells	Metatranscriptomic	nanos_gigantum_humeris_insidentes
genomic_info	GC-FILE-495841	GC-GENO-229182	scientia_et_labor	287	287	832.75	6	GRCh37	salus_in_arduis	faber_est_suae_quisque_fortunae	MeDIP-Seq	Single-indexed	Other	PacBio SMRT	Illumina NextSeq	nanos_gigantum_humeris_insidentes	scientia_et_labor	scientia_et_labor	Single-nuclei	Metatranscriptomic	labor_ipse_voluptas
genomic_info	GC-FILE-251433	GC-GENO-399118	nanos_gigantum_humeris_insidentes	478	314	202.25	9	GRCh37-lite	scientiae_et_patriae	a_bene_placito	Bisulfite-Seq	Single-indexed	RACE	Oxford Nanopore	PacBio Sequel	labor_ipse_voluptas	haec_olim_meminisse_iuvabit	cacatum_non_est_pictum	Single-nuclei	Metatranscriptomic	Gallia_est_omnis_divisa_in_partes_tres
genomic_info	GC-FILE-724527	GC-GENO-815629	scientia,_aere_perennius	659	791	989.79	7	GRCh38	sapiens_qui_prospicit	e_causa_ignota	FINISHING	Paired-End	CF-T	Complete Genomics	Illumina HiSeq 2500	barba_crescit_caput_nescit	scientiae_et_patriae	scientiae_et_patriae	Single-nuclei	Metatranscriptomic	labor_ipse_voluptas
genomic_info	GC-FILE-532360	GC-GENO-516183	Gallia_est_omnis_divisa_in_partes_tres	617	102	770.06	1	GRCh37-lite	id_quod_plerumque_accidit	Macte_animo_Generose_puer_sic_itur_ad_astra	SELEX	Single-indexed	ChIP	Ultima	PacBio Sequel II	scientia_et_sapientia	Macte_animo_Generose_puer_sic_itur_ad_astra	labor_ipse_voluptas	Not Reported	Metagenomic	saltus_in_demonstrando
genomic_info	GC-FILE-267727	GC-GENO-201662	labor_ipse_voluptas	95	610	664.99	9	GRCh37	barba_crescit_caput_nescit	pace_tua	Spatial-tx	Single-indexed	5-methylcytidine antibody	Oxford Nanopore	Ion Torrent S5	Obedientia_civium_urbis_felicitas	saltus_in_demonstrando	nanos_gigantum_humeris_insidentes	Single-cells	Metatranscriptomic	e_causa_ignota
genomic_info	GC-FILE-305573	GC-GENO-158184	e_causa_ignota	143	445	374.98	2	GRCh37-lite	barba_crescit_caput_nescit	scientia_imperii_decus_et_tutamen	MBD-Seq	Single-indexed	Other	BGISEQ	Illumina NextSeq 550	a_bene_placito	damnant_quod_non_intellegunt	saltus_in_demonstrando	Single-cells	Not Reported	damnant_quod_non_intellegunt
genomic_info	GC-FILE-961391	GC-GENO-259137	Macte_animo_Generose_puer_sic_itur_ad_astra	86	112	571.03	6	GRCh38	Gallia_est_omnis_divisa_in_partes_tres	damnant_quod_non_intellegunt	Other	Paired-End	Padlock probes capture method	ABI Solid	AB SOLiD 3 Plus System	scientiae_et_patriae	barba_crescit_caput_nescit	imperium_in_imperio	Bulk Cells	Metatranscriptomic	e_causa_ignota
genomic_info	GC-FILE-357821	GC-GENO-957283	sapiens_qui_prospicit	676	914	506.9	0	GRCh37-lite	haec_olim_meminisse_iuvabit	saltus_in_demonstrando	WCS	Single-indexed	Size fractionation	Helicos	AB SOLiD 4	pace_tua	scientia_et_labor	cacatum_non_est_pictum	Single-nuclei	Transcriptome	haec_olim_meminisse_iuvabit
genomic_info	GC-FILE-257577	GC-GENO-516584	nanos_gigantum_humeris_insidentes	51	131	401.4	6	GRCh37	faber_est_suae_quisque_fortunae	faber_est_suae_quisque_fortunae	AMPLICON	Single-indexed	MF	BGISEQ	AB 5500 Genetic Analyzer	Obedientia_civium_urbis_felicitas	scientiae_et_patriae	Gallia_est_omnis_divisa_in_partes_tres	Not Reported	Genomic DNA	sapiens_qui_prospicit
genomic_info	GC-FILE-592880	GC-GENO-691004	labor_ipse_voluptas	492	172	607.74	5	GRCh38	Gallia_est_omnis_divisa_in_partes_tres	imperium_in_imperio	WCS	Paired-End	Inverse rRNA	Complete Genomics	AB SOLiD PI System	labor_ipse_voluptas	damnant_quod_non_intellegunt	cacatum_non_est_pictum	Not Reported	Transcriptome	Obedientia_civium_urbis_felicitas
genomic_info	GC-FILE-920629	GC-GENO-231905	Macte_animo_Generose_puer_sic_itur_ad_astra	164	684	832.38	1	GRCh38	sapiens_qui_prospicit	imperium_in_imperio	snATAC-Seq	Single-indexed	Other	Ion Torrent	DNBSEQ-T7	sapiens_qui_prospicit	nanos_gigantum_humeris_insidentes	scientia,_aere_perennius	Not Reported	Metatranscriptomic	a_bene_placito
genomic_info	GC-FILE-214286	GC-GENO-298467	pace_tua	930	675	937.26	5	Not specified in data	cacatum_non_est_pictum	Gallia_est_omnis_divisa_in_partes_tres	SELEX	Single-indexed	Other	ABI Solid	PacBio RS II	Gallia_est_omnis_divisa_in_partes_tres	scientia,_aere_perennius	nascentes_morimur_finisque_ab_origine_pendet	Not Reported	Transcriptome	scientia,_aere_perennius
genomic_info	GC-FILE-989231	GC-GENO-152293	nascentes_morimur_finisque_ab_origine_pendet	668	516	345.99	6	GRCh38	labor_ipse_voluptas	saltus_in_demonstrando	SELEX	Paired-End	Other	Complete Genomics	Ion Torrent Proton	e_causa_ignota	scientia_et_sapientia	cacatum_non_est_pictum	Bulk Tissue	Viral RNA	a_bene_placito
genomic_info	GC-FILE-615209	GC-GENO-169436	scientia_et_sapientia	638	619	136.4	0	GRCh38	damnant_quod_non_intellegunt	imperium_in_imperio	RAD-Seq	Single-indexed	DNAse	Oxford Nanopore	454 GS FLX+	scientia_imperii_decus_et_tutamen	saltus_in_demonstrando	scientiae_et_patriae	Single-cells	Metatranscriptomic	imperium_in_imperio
genomic_info	GC-FILE-471128	GC-GENO-313501	imperium_in_imperio	610	579	983.24	2	GRCh37	sapiens_qui_prospicit	nanos_gigantum_humeris_insidentes	Targeted-Capture	Single-indexed	MBD2 protein methyl-CpG binding domain	Oxford Nanopore	Illumina NextSeq 2500	e_causa_ignota	barba_crescit_caput_nescit	O_Tite_tute_Tati_tibi_tanta_tyranne_tulisti	Bulk Tissue	Viral RNA	Obedientia_civium_urbis_felicitas
genomic_info	GC-FILE-729650	GC-GENO-730685	barba_crescit_caput_nescit	515	753	350.13	9	GRCh38	sapiens_qui_prospicit	scientia_et_labor	ssRNA-seq	Single-indexed	Other	Oxford Nanopore	454 GS FLX Titanium	a_bene_placito	scientia_et_sapientia	e_causa_ignota	Single-cells	Metagenomic	faber_est_suae_quisque_fortunae
genomic_info	GC-FILE-984022	GC-GENO-250012	Macte_animo_Generose_puer_sic_itur_ad_astra	980	420	700.23	7	GRCh37-lite	scientia_imperii_decus_et_tutamen	faber_est_suae_quisque_fortunae	WCS	Single-indexed	CF-S	PacBio SMRT	BGISEQ-500	salus_in_arduis	cacatum_non_est_pictum	scientia_et_labor	Single-cells	Genomic DNA	nanos_gigantum_humeris_insidentes
genomic_info	GC-FILE-315759	GC-GENO-613908	faber_est_suae_quisque_fortunae	78	36	922.71	6	GRCh37-lite	O_Tite_tute_Tati_tibi_tanta_tyranne_tulisti	a_bene_placito	Bisulfite-Seq	Single-indexed	Random PCR	BGISEQ	Ultima Genomics UG100	barba_crescit_caput_nescit	Gallia_est_omnis_divisa_in_partes_tres	nanos_gigantum_humeris_insidentes	Single-nuclei	Viral RNA	imperium_in_imperio
genomic_info	GC-FILE-765143	GC-GENO-516370	scientia_et_sapientia	153	496	991.85	1	GRCh37	e_causa_ignota	damnant_quod_non_intellegunt	Tn-Seq	Paired-End	MDA	BGISEQ	Illumina HiSeq 1500	O_Tite_tute_Tati_tibi_tanta_tyranne_tulisti	labor_ipse_voluptas	sapiens_qui_prospicit	Single-cells	Transcriptome	haec_olim_meminisse_iuvabit
genomic_info	GC-FILE-379670	GC-GENO-245443	nascentes_morimur_finisque_ab_origine_pendet	708	879	343.2	2	GRCh38	Obedientia_civium_urbis_felicitas	scientia_imperii_decus_et_tutamen	MBD-Seq	Single-indexed	ChIP	Ultima	Illumina NextSeq	scientia_et_sapientia	imperium_in_imperio	scientiae_et_patriae	Bulk Cells	Metagenomic	haec_olim_meminisse_iuvabit
genomic_info	GC-FILE-906320	GC-GENO-179313	id_quod_plerumque_accidit	785	214	902.42	4	Not specified in data	barba_crescit_caput_nescit	scientia_et_labor	Tn-Seq	Single-indexed	miRNA Size Fractionation	BGISEQ	MinION	Macte_animo_Generose_puer_sic_itur_ad_astra	e_causa_ignota	pace_tua	Bulk Nuclei	Viral RNA	saltus_in_demonstrando
genomic_info	GC-FILE-879148	GC-GENO-576595	Macte_animo_Generose_puer_sic_itur_ad_astra	451	134	923.75	6	Not specified in data	haec_olim_meminisse_iuvabit	scientiae_cedit_mare	AMPLICON	Single-indexed	Hybrid Selection	BGISEQ	Ion Torrent PGM	saltus_in_demonstrando	salus_in_arduis	scientia_et_sapientia	Bulk Tissue	Viral RNA	scientia_imperii_decus_et_tutamen
genomic_info	GC-FILE-719124	GC-GENO-617950	saltus_in_demonstrando	18	391	822.04	3	GRCh37-lite	O_Tite_tute_Tati_tibi_tanta_tyranne_tulisti	Obedientia_civium_urbis_felicitas	EST	Single-indexed	MSLL	LS 454	Complete Genomics	scientia_et_sapientia	a_bene_placito	nascentes_morimur_finisque_ab_origine_pendet	Single-nuclei	Viral RNA	scientiae_cedit_mare
genomic_info	GC-FILE-991555	GC-GENO-853157	scientia_et_sapientia	272	788	714.28	0	Not specified in data	scientiae_et_patriae	imperium_in_imperio	EST	Paired-End	MNase	Complete Genomics	AB SOLiD System	scientia,_aere_perennius	cacatum_non_est_pictum	e_causa_ignota	Single-nuclei	Genomic DNA	id_quod_plerumque_accidit
genomic_info	GC-FILE-642199	GC-GENO-584385	imperium_in_imperio	865	163	261.7	1	GRCh38	haec_olim_meminisse_iuvabit	haec_olim_meminisse_iuvabit	Other	Single-indexed	Unspecified	PacBio SMRT	PacBio RS	damnant_quod_non_intellegunt	scientiae_cedit_mare	scientia_et_sapientia	Single-cells	Viral RNA	Obedientia_civium_urbis_felicitas
genomic_info	GC-FILE-298922	GC-GENO-742911	Obedientia_civium_urbis_felicitas	136	972	496.21	6	GRCh37-lite	damnant_quod_non_intellegunt	a_bene_placito	CLONEEND	Single-indexed	5-methylcytidine antibody	ABI Solid	AB 3730 Genetic Analyzer	scientia_et_labor	sapiens_qui_prospicit	labor_ipse_voluptas	Single-nuclei	Viral RNA	scientia,_aere_perennius
genomic_info	GC-FILE-395113	GC-GENO-315048	nascentes_morimur_finisque_ab_origine_pendet	305	832	588.21	0	GRCh37	id_quod_plerumque_accidit	e_causa_ignota	FL-cDNA	Paired-End	CF-S	Illumina	PacBio RS	haec_olim_meminisse_iuvabit	haec_olim_meminisse_iuvabit	scientia_imperii_decus_et_tutamen	Bulk Nuclei	Genomic DNA	pace_tua
genomic_info	GC-FILE-296490	GC-GENO-312403	scientia_et_sapientia	939	109	49.99	8	GRCh37	O_Tite_tute_Tati_tibi_tanta_tyranne_tulisti	sapiens_qui_prospicit	ChIP-Seq	Paired-End	MNase	ABI Solid	Illumina NextSeq	scientiae_cedit_mare	scientiae_et_patriae	scientia_et_sapientia	Bulk Cells	Metatranscriptomic	Macte_animo_Generose_puer_sic_itur_ad_astra
genomic_info	GC-FILE-771828	GC-GENO-710389	id_quod_plerumque_accidit	535	620	243.77	5	Not specified in data	scientia_et_labor	scientiae_cedit_mare	MBD-Seq	Paired-End	Random	Complete Genomics	AB 3730xL Genetic Analyzer	a_bene_placito	barba_crescit_caput_nescit	pace_tua	Not Reported	Genomic DNA	imperium_in_imperio
genomic_info	GC-FILE-882651	GC-GENO-822986	haec_olim_meminisse_iuvabit	149	70	247.29	5	GRCh37-lite	haec_olim_meminisse_iuvabit	pace_tua	Synthetic-Long-Read	Paired-End	CF-S	Ultima	Illumina HiSeq 4000	nascentes_morimur_finisque_ab_origine_pendet	salus_in_arduis	pace_tua	Single-cells	Not Reported	a_bene_placito
genomic_info	GC-FILE-282688	GC-GENO-776664	imperium_in_imperio	65	752	834.68	4	GRCh37	saltus_in_demonstrando	imperium_in_imperio	DNase-Hypersensitivity	Single-indexed	RACE	Complete Genomics	Ion Torrent PGM	scientia_imperii_decus_et_tutamen	Gallia_est_omnis_divisa_in_partes_tres	scientia,_aere_perennius	Bulk Cells	Not Reported	Gallia_est_omnis_divisa_in_partes_tres
genomic_info	GC-FILE-456600	GC-GENO-570694	id_quod_plerumque_accidit	179	97	294.42	5	GRCh38	id_quod_plerumque_accidit	Macte_animo_Generose_puer_sic_itur_ad_astra	FAIRE-seq	Single-indexed	CF-H	Ion Torrent	AB 3130xL Genetic Analyzer	labor_ipse_voluptas	Gallia_est_omnis_divisa_in_partes_tres	labor_ipse_voluptas	Not Reported	Not Reported	scientia_et_labor
genomic_info	GC-FILE-120925	GC-GENO-939191	nascentes_morimur_finisque_ab_origine_pendet	400	267	926.76	2	GRCh37	haec_olim_meminisse_iuvabit	scientia_et_sapientia	miRNA-Seq	Single-indexed	CF-H	ABI Solid	Illumina HiSeq 4000	saltus_in_demonstrando	barba_crescit_caput_nescit	labor_ipse_voluptas	Single-cells	Transcriptome	scientia_imperii_decus_et_tutamen
genomic_info	GC-FILE-580927	GC-GENO-534073	damnant_quod_non_intellegunt	53	560	117.72	2	GRCh37-lite	barba_crescit_caput_nescit	scientiae_et_patriae	CLONE	Paired-End	cDNA random priming	Complete Genomics	Illumina HiSeq 2500	Gallia_est_omnis_divisa_in_partes_tres	scientia,_aere_perennius	labor_ipse_voluptas	Single-cells	Not Reported	scientia_et_labor
genomic_info	GC-FILE-118286	GC-GENO-118725	nanos_gigantum_humeris_insidentes	644	877	854.03	2	GRCh38	Obedientia_civium_urbis_felicitas	imperium_in_imperio	MRE-Seq	Paired-End	CF-M	BGISEQ	Ion Torrent S5 XL	scientiae_et_patriae	saltus_in_demonstrando	e_causa_ignota	Bulk Tissue	Metatranscriptomic	labor_ipse_voluptas
genomic_info	GC-FILE-127810	GC-GENO-519112	id_quod_plerumque_accidit	225	320	663.03	7	GRCh37	id_quod_plerumque_accidit	a_bene_placito	WCS	Paired-End	Unspecified	Complete Genomics	Ion Torrent S5 XL	scientia_et_sapientia	salus_in_arduis	cacatum_non_est_pictum	Bulk Nuclei	Genomic DNA	id_quod_plerumque_accidit
genomic_info	GC-FILE-204920	GC-GENO-663259	Obedientia_civium_urbis_felicitas	516	967	130.47	0	GRCh38	saltus_in_demonstrando	imperium_in_imperio	WGS	Single-indexed	HMPR	Illumina	PromethION	id_quod_plerumque_accidit	nanos_gigantum_humeris_insidentes	Macte_animo_Generose_puer_sic_itur_ad_astra	Single-nuclei	Transcriptome	barba_crescit_caput_nescit
genomic_info	GC-FILE-994212	GC-GENO-841685	labor_ipse_voluptas	463	505	679.6	6	Not specified in data	salus_in_arduis	cacatum_non_est_pictum	ncRNA-Seq	Paired-End	HMPR	Complete Genomics	AB SOLiD 2	Macte_animo_Generose_puer_sic_itur_ad_astra	barba_crescit_caput_nescit	pace_tua	Bulk Cells	Viral RNA	Obedientia_civium_urbis_felicitas
genomic_info	GC-FILE-529870	GC-GENO-569706	scientiae_cedit_mare	56	851	817.36	3	GRCh37	scientia_imperii_decus_et_tutamen	faber_est_suae_quisque_fortunae	MeDIP-Seq	Single-indexed	Random PCR	Complete Genomics	Illumina NovaSeq X Plus	scientia_imperii_decus_et_tutamen	sapiens_qui_prospicit	salus_in_arduis	Single-nuclei	Genomic DNA	id_quod_plerumque_accidit
genomic_info	GC-FILE-604925	GC-GENO-851541	scientia_et_sapientia	945	749	613.52	5	GRCh37-lite	damnant_quod_non_intellegunt	faber_est_suae_quisque_fortunae	miRNA-Seq	Paired-End	CF-H	Illumina	Illumina Genome Analyzer II	sapiens_qui_prospicit	Gallia_est_omnis_divisa_in_partes_tres	scientia_imperii_decus_et_tutamen	Bulk Cells	Genomic DNA	scientiae_et_patriae
genomic_info	GC-FILE-640134	GC-GENO-750749	nanos_gigantum_humeris_insidentes	299	189	532.58	5	GRCh38	Gallia_est_omnis_divisa_in_partes_tres	haec_olim_meminisse_iuvabit	Bisulfite-Seq	Single-indexed	Inverse rRNA	Helicos	AB SOLiD PI System	a_bene_placito	scientiae_cedit_mare	barba_crescit_caput_nescit	Bulk Nuclei	Not Reported	scientia_et_labor
genomic_info	GC-FILE-641498	GC-GENO-191923	haec_olim_meminisse_iuvabit	579	683	558.38	5	GRCh38	Obedientia_civium_urbis_felicitas	scientiae_cedit_mare	ncRNA-Seq	Single-indexed	Inverse rRNA	Complete Genomics	Illumina HiScanSQ	scientiae_et_patriae	nanos_gigantum_humeris_insidentes	O_Tite_tute_Tati_tibi_tanta_tyranne_tulisti	Single-cells	Genomic DNA	e_causa_ignota
genomic_info	GC-FILE-514064	GC-GENO-391661	O_Tite_tute_Tati_tibi_tanta_tyranne_tulisti	341	195	271.77	9	GRCh37	scientia,_aere_perennius	faber_est_suae_quisque_fortunae	mRNA-Seq	Paired-End	Not applicable	Ultima	Illumina MiniSeq	cacatum_non_est_pictum	faber_est_suae_quisque_fortunae	cacatum_non_est_pictum	Bulk Cells	Transcriptome	scientiae_et_patriae
genomic_info	GC-FILE-996874	GC-GENO-899152	haec_olim_meminisse_iuvabit	878	312	531.12	9	GRCh37	saltus_in_demonstrando	O_Tite_tute_Tati_tibi_tanta_tyranne_tulisti	FINISHING	Paired-End	Reduced Representation	Illumina	AB 5500 Genetic Analyzer	scientia,_aere_perennius	scientiae_et_patriae	a_bene_placito	Single-cells	Transcriptome	id_quod_plerumque_accidit
genomic_info	GC-FILE-249042	GC-GENO-741531	damnant_quod_non_intellegunt	844	213	921.1	2	GRCh37-lite	imperium_in_imperio	scientia_imperii_decus_et_tutamen	ChIA-PET	Single-indexed	MNase	Helicos	AB 5500 Genetic Analyzer	nascentes_morimur_finisque_ab_origine_pendet	cacatum_non_est_pictum	scientia,_aere_perennius	Bulk Cells	Metagenomic	nascentes_morimur_finisque_ab_origine_pendet
genomic_info	GC-FILE-354869	GC-GENO-151834	id_quod_plerumque_accidit	797	167	58.33	3	Not specified in data	scientiae_cedit_mare	sapiens_qui_prospicit	Targeted-Capture	Single-indexed	Repeat fractionation	Capillary	MinION	O_Tite_tute_Tati_tibi_tanta_tyranne_tulisti	scientia_et_sapientia	id_quod_plerumque_accidit	Bulk Nuclei	Genomic DNA	barba_crescit_caput_nescit
genomic_info	GC-FILE-811359	GC-GENO-525399	sapiens_qui_prospicit	586	150	186.5	6	Not specified in data	a_bene_placito	nanos_gigantum_humeris_insidentes	Hi-C	Paired-End	5-methylcytidine antibody	Oxford Nanopore	Unknown	scientia_imperii_decus_et_tutamen	imperium_in_imperio	faber_est_suae_quisque_fortunae	Single-nuclei	Transcriptome	faber_est_suae_quisque_fortunae
genomic_info	GC-FILE-880238	GC-GENO-373067	scientia_et_sapientia	643	917	54.9	2	Not specified in data	O_Tite_tute_Tati_tibi_tanta_tyranne_tulisti	Gallia_est_omnis_divisa_in_partes_tres	DNase-Hypersensitivity	Paired-End	Affinity Enrichment	Oxford Nanopore	454 GS	labor_ipse_voluptas	e_causa_ignota	imperium_in_imperio	Single-nuclei	Metatranscriptomic	pace_tua
genomic_info	GC-FILE-676115	GC-GENO-761213	id_quod_plerumque_accidit	491	903	780.8	1	Not specified in data	labor_ipse_voluptas	scientia_imperii_decus_et_tutamen	CTS	Single-indexed	rRNA Depletion	Complete Genomics	PromethION	Macte_animo_Generose_puer_sic_itur_ad_astra	scientia_et_sapientia	damnant_quod_non_intellegunt	Single-cells	Not Reported	salus_in_arduis
genomic_info	GC-FILE-788095	GC-GENO-377034	sapiens_qui_prospicit	352	456	203.95	4	Not specified in data	a_bene_placito	scientiae_et_patriae	Bulk RNA-Seq	Paired-End	Repeat fractionation	Capillary	Illumina NovaSeq 6000	damnant_quod_non_intellegunt	haec_olim_meminisse_iuvabit	Obedientia_civium_urbis_felicitas	Bulk Cells	Viral RNA	nanos_gigantum_humeris_insidentes
genomic_info	GC-FILE-713856	GC-GENO-259218	Obedientia_civium_urbis_felicitas	342	481	306.01	10	GRCh37-lite	scientiae_et_patriae	scientiae_et_patriae	CLONEEND	Paired-End	Affinity Enrichment	LS 454	Illumina HiSeq 1000	Macte_animo_Generose_puer_sic_itur_ad_astra	pace_tua	barba_crescit_caput_nescit	Bulk Tissue	Transcriptome	imperium_in_imperio
genomic_info	GC-FILE-489675	GC-GENO-492337	barba_crescit_caput_nescit	593	349	203.58	6	Not specified in data	cacatum_non_est_pictum	id_quod_plerumque_accidit	Bulk RNA-Seq	Single-indexed	MF	ABI Solid	AB SOLiD System	Obedientia_civium_urbis_felicitas	imperium_in_imperio	nanos_gigantum_humeris_insidentes	Bulk Tissue	Transcriptome	nascentes_morimur_finisque_ab_origine_pendet
genomic_info	GC-FILE-468101	GC-GENO-583337	e_causa_ignota	766	758	775.99	1	Not specified in data	barba_crescit_caput_nescit	labor_ipse_voluptas	Tn-Seq	Paired-End	RT-PCR	LS 454	Illumina Genome Analyzer	a_bene_placito	scientiae_et_patriae	scientia_imperii_decus_et_tutamen	Single-nuclei	Viral RNA	Macte_animo_Generose_puer_sic_itur_ad_astra
genomic_info	GC-FILE-326476	GC-GENO-264689	imperium_in_imperio	170	529	55.9	7	GRCh38	sapiens_qui_prospicit	scientia_et_labor	scRNA-Seq	Single-indexed	Inverse rRNA	BGISEQ	Not Reported	scientiae_et_patriae	scientiae_cedit_mare	id_quod_plerumque_accidit	Single-nuclei	Metatranscriptomic	saltus_in_demonstrando
genomic_info	GC-FILE-416224	GC-GENO-294997	O_Tite_tute_Tati_tibi_tanta_tyranne_tulisti	262	626	485.26	9	GRCh37-lite	sapiens_qui_prospicit	scientia,_aere_perennius	FINISHING	Paired-End	RT-PCR	Complete Genomics	GridION	nascentes_morimur_finisque_ab_origine_pendet	nascentes_morimur_finisque_ab_origine_pendet	nanos_gigantum_humeris_insidentes	Single-nuclei	Metatranscriptomic	nanos_gigantum_humeris_insidentes
genomic_info	GC-FILE-542045	GC-GENO-605499	faber_est_suae_quisque_fortunae	959	665	110.41	2	Not specified in data	haec_olim_meminisse_iuvabit	labor_ipse_voluptas	ChIA-PET	Single-indexed	MSLL	Capillary	454 GS	damnant_quod_non_intellegunt	pace_tua	damnant_quod_non_intellegunt	Single-nuclei	Metagenomic	sapiens_qui_prospicit
genomic_info	GC-FILE-230842	GC-GENO-429751	scientia_et_labor	657	501	919.69	5	GRCh38	a_bene_placito	scientia_et_sapientia	Bisulfite-Seq	Single-indexed	Poly-A Enriched Genomic Library	LS 454	PacBio Sequel	scientia_et_sapientia	scientia_et_sapientia	scientia,_aere_perennius	Single-nuclei	Viral RNA	damnant_quod_non_intellegunt
genomic_info	GC-FILE-320102	GC-GENO-381186	saltus_in_demonstrando	393	504	619.72	5	GRCh37-lite	id_quod_plerumque_accidit	barba_crescit_caput_nescit	ChIP-Seq	Paired-End	MNase	Ion Torrent	Illumina Genome Analyzer	Gallia_est_omnis_divisa_in_partes_tres	a_bene_placito	O_Tite_tute_Tati_tibi_tanta_tyranne_tulisti	Single-nuclei	Transcriptome	O_Tite_tute_Tati_tibi_tanta_tyranne_tulisti
genomic_info	GC-FILE-685454	GC-GENO-702871	barba_crescit_caput_nescit	656	214	674.3	9	GRCh37-lite	Obedientia_civium_urbis_felicitas	salus_in_arduis	SELEX	Single-indexed	Random PCR	Ultima	AB SOLiD PI System	Gallia_est_omnis_divisa_in_partes_tres	scientia_imperii_decus_et_tutamen	saltus_in_demonstrando	Single-nuclei	Transcriptome	Macte_animo_Generose_puer_sic_itur_ad_astra
genomic_info	GC-FILE-215286	GC-GENO-143382	barba_crescit_caput_nescit	737	754	184.04	1	GRCh37	saltus_in_demonstrando	Gallia_est_omnis_divisa_in_partes_tres	WXS	Single-indexed	Random	BGISEQ	AB SOLiD 4hq System	scientiae_cedit_mare	scientia_et_labor	labor_ipse_voluptas	Bulk Tissue	Not Reported	imperium_in_imperio
genomic_info	GC-FILE-889042	GC-GENO-687406	sapiens_qui_prospicit	913	531	479.71	1	GRCh37	pace_tua	scientiae_cedit_mare	DNase-Hypersensitivity	Single-indexed	Poly-A Enriched Genomic Library	LS 454	AB 5500x-Wl Genetic Analyzer	scientia_et_sapientia	scientia_imperii_decus_et_tutamen	cacatum_non_est_pictum	Single-nuclei	Genomic DNA	O_Tite_tute_Tati_tibi_tanta_tyranne_tulisti
genomic_info	GC-FILE-870502	GC-GENO-192101	labor_ipse_voluptas	14	971	916.38	0	GRCh37-lite	Obedientia_civium_urbis_felicitas	O_Tite_tute_Tati_tibi_tanta_tyranne_tulisti	MRE-Seq	Paired-End	CAGE	Illumina	AB SOLiD System	barba_crescit_caput_nescit	haec_olim_meminisse_iuvabit	Obedientia_civium_urbis_felicitas	Bulk Tissue	Genomic DNA	pace_tua
genomic_info	GC-FILE-683513	GC-GENO-731218	O_Tite_tute_Tati_tibi_tanta_tyranne_tulisti	471	789	86.82	2	GRCh37	sapiens_qui_prospicit	nascentes_morimur_finisque_ab_origine_pendet	ChIP-Seq	Paired-End	DNAse	PacBio SMRT	AB 5500x-Wl Genetic Analyzer	sapiens_qui_prospicit	scientia,_aere_perennius	scientia_imperii_decus_et_tutamen	Single-nuclei	Viral RNA	haec_olim_meminisse_iuvabit
genomic_info	GC-FILE-206803	GC-GENO-148371	barba_crescit_caput_nescit	643	567	627.16	5	GRCh37-lite	nascentes_morimur_finisque_ab_origine_pendet	scientia_et_labor	RIP-Seq	Single-indexed	Not applicable	PacBio SMRT	Illumina HiSeq 1500	scientiae_et_patriae	Gallia_est_omnis_divisa_in_partes_tres	id_quod_plerumque_accidit	Not Reported	Not Reported	scientia,_aere_perennius
genomic_info	GC-FILE-978246	GC-GENO-448358	nanos_gigantum_humeris_insidentes	856	613	21.65	7	GRCh38	Obedientia_civium_urbis_felicitas	faber_est_suae_quisque_fortunae	Tn-Seq	Paired-End	CF-M	Illumina	Illumina iSeq 100	Gallia_est_omnis_divisa_in_partes_tres	damnant_quod_non_intellegunt	damnant_quod_non_intellegunt	Bulk Nuclei	Metagenomic	labor_ipse_voluptas
genomic_info	GC-FILE-634314	GC-GENO-592534	scientia_imperii_decus_et_tutamen	24	931	475.33	4	GRCh37-lite	Gallia_est_omnis_divisa_in_partes_tres	scientia_et_labor	MRE-Seq	Paired-End	Not applicable	PacBio SMRT	AB 3500xL Genetic Analyzer	scientia,_aere_perennius	haec_olim_meminisse_iuvabit	cacatum_non_est_pictum	Bulk Tissue	Metagenomic	O_Tite_tute_Tati_tibi_tanta_tyranne_tulisti
genomic_info	GC-FILE-806926	GC-GENO-755633	cacatum_non_est_pictum	515	550	395.82	4	GRCh37	faber_est_suae_quisque_fortunae	damnant_quod_non_intellegunt	CLONEEND	Paired-End	Other	Ion Torrent	AB 5500xl Genetic Analyzer	Gallia_est_omnis_divisa_in_partes_tres	scientia_et_labor	salus_in_arduis	Single-nuclei	Genomic DNA	scientia,_aere_perennius
genomic_info	GC-FILE-243869	GC-GENO-545523	id_quod_plerumque_accidit	630	562	249.78	2	GRCh37	Macte_animo_Generose_puer_sic_itur_ad_astra	scientia,_aere_perennius	snATAC-Seq	Single-indexed	CF-T	ABI Solid	Illumina NovaSeq X Plus	imperium_in_imperio	Obedientia_civium_urbis_felicitas	pace_tua	Single-nuclei	Not Reported	Obedientia_civium_urbis_felicitas
genomic_info	GC-FILE-890336	GC-GENO-853653	scientiae_et_patriae	680	955	992.88	7	Not specified in data	scientiae_et_patriae	e_causa_ignota	MBD-Seq	Single-indexed	Random	Ultima	PromethION	scientia,_aere_perennius	saltus_in_demonstrando	sapiens_qui_prospicit	Bulk Cells	Metagenomic	Gallia_est_omnis_divisa_in_partes_tres
genomic_info	GC-FILE-406237	GC-GENO-796581	sapiens_qui_prospicit	857	169	711.4	10	GRCh37-lite	id_quod_plerumque_accidit	saltus_in_demonstrando	CTS	Single-indexed	PCR	Capillary	AB SOLiD 3	nanos_gigantum_humeris_insidentes	damnant_quod_non_intellegunt	e_causa_ignota	Not Reported	Metatranscriptomic	nanos_gigantum_humeris_insidentes
genomic_info	GC-FILE-446762	GC-GENO-517664	nanos_gigantum_humeris_insidentes	208	346	697.66	1	GRCh38	scientia_et_labor	e_causa_ignota	ncRNA-Seq	Paired-End	Poly-A Enriched Genomic Library	Illumina	Illumina NextSeq 550	O_Tite_tute_Tati_tibi_tanta_tyranne_tulisti	nascentes_morimur_finisque_ab_origine_pendet	O_Tite_tute_Tati_tibi_tanta_tyranne_tulisti	Single-nuclei	Transcriptome	barba_crescit_caput_nescit
genomic_info	GC-FILE-530553	GC-GENO-934571	saltus_in_demonstrando	455	262	642.92	2	GRCh38	id_quod_plerumque_accidit	salus_in_arduis	POOLCLONE	Single-indexed	CF-S	LS 454	Illumina HiSeq 1500	scientiae_cedit_mare	nascentes_morimur_finisque_ab_origine_pendet	scientiae_cedit_mare	Bulk Cells	Not Reported	nanos_gigantum_humeris_insidentes
genomic_info	GC-FILE-177713	GC-GENO-656677	cacatum_non_est_pictum	837	209	49.05	9	GRCh38	Macte_animo_Generose_puer_sic_itur_ad_astra	scientia_et_labor	ChIA-PET	Paired-End	5-methylcytidine antibody	Helicos	Not Reported	imperium_in_imperio	salus_in_arduis	scientiae_et_patriae	Single-nuclei	Metagenomic	scientia,_aere_perennius
genomic_info	GC-FILE-873386	GC-GENO-555875	a_bene_placito	983	419	257.51	7	GRCh38	pace_tua	imperium_in_imperio	EST	Paired-End	rRNA Depletion	Illumina	PacBio RS II	nascentes_morimur_finisque_ab_origine_pendet	nanos_gigantum_humeris_insidentes	scientia_imperii_decus_et_tutamen	Bulk Cells	Viral RNA	Obedientia_civium_urbis_felicitas
genomic_info	GC-FILE-600781	GC-GENO-311118	damnant_quod_non_intellegunt	304	272	961.42	3	GRCh37	nanos_gigantum_humeris_insidentes	scientia_et_sapientia	FL-cDNA	Single-indexed	cDNA	Helicos	Illumina NextSeq	labor_ipse_voluptas	scientia_imperii_decus_et_tutamen	scientia_et_sapientia	Not Reported	Not Reported	id_quod_plerumque_accidit
genomic_info	GC-FILE-716299	GC-GENO-625201	cacatum_non_est_pictum	970	345	618.26	0	GRCh37	e_causa_ignota	Obedientia_civium_urbis_felicitas	WGA	Paired-End	MF	ABI Solid	Illumina NovaSeq X Plus	scientiae_et_patriae	salus_in_arduis	O_Tite_tute_Tati_tibi_tanta_tyranne_tulisti	Not Reported	Not Reported	Gallia_est_omnis_divisa_in_partes_tres
genomic_info	GC-FILE-668664	GC-GENO-896693	haec_olim_meminisse_iuvabit	814	697	718.4	6	GRCh37	Obedientia_civium_urbis_felicitas	Macte_animo_Generose_puer_sic_itur_ad_astra	WXS	Single-indexed	Unspecified	Ion Torrent	AB SOLiD 2	saltus_in_demonstrando	a_bene_placito	sapiens_qui_prospicit	Single-cells	Genomic DNA	haec_olim_meminisse_iuvabit
genomic_info	GC-FILE-383154	GC-GENO-128558	e_causa_ignota	661	810	778.49	6	GRCh38	pace_tua	nanos_gigantum_humeris_insidentes	Other	Single-indexed	Repeat fractionation	Helicos	454 GS FLX	Obedientia_civium_urbis_felicitas	barba_crescit_caput_nescit	scientiae_et_patriae	Single-nuclei	Metagenomic	Macte_animo_Generose_puer_sic_itur_ad_astra
genomic_info	GC-FILE-531553	GC-GENO-468787	damnant_quod_non_intellegunt	691	979	191.77	8	GRCh37-lite	salus_in_arduis	haec_olim_meminisse_iuvabit	CLONEEND	Single-indexed	Not applicable	BGISEQ	Illumina HiScanSQ	haec_olim_meminisse_iuvabit	scientia,_aere_perennius	id_quod_plerumque_accidit	Single-cells	Metagenomic	sapiens_qui_prospicit
genomic_info	GC-FILE-756451	GC-GENO-487915	e_causa_ignota	330	804	514.43	6	Not specified in data	salus_in_arduis	damnant_quod_non_intellegunt	Spatial-tx	Single-indexed	cDNA random priming	PacBio SMRT	AB 3730 Genetic Analyzer	Gallia_est_omnis_divisa_in_partes_tres	haec_olim_meminisse_iuvabit	scientiae_cedit_mare	Bulk Nuclei	Viral RNA	nascentes_morimur_finisque_ab_origine_pendet
genomic_info	GC-FILE-648593	GC-GENO-436706	nanos_gigantum_humeris_insidentes	394	267	449.77	10	GRCh38	scientiae_cedit_mare	faber_est_suae_quisque_fortunae	scRNA-Seq	Paired-End	miRNA Size Fractionation	Illumina	AB 310 Genetic Analyzer	faber_est_suae_quisque_fortunae	cacatum_non_est_pictum	cacatum_non_est_pictum	Single-nuclei	Metagenomic	a_bene_placito
genomic_info	GC-FILE-490220	GC-GENO-281120	scientia_et_labor	160	572	373.85	5	GRCh38	barba_crescit_caput_nescit	e_causa_ignota	ncRNA-Seq	Single-indexed	Affinity Enrichment	Complete Genomics	Illumina HiSeq 2500	haec_olim_meminisse_iuvabit	scientiae_et_patriae	scientia_et_labor	Single-cells	Metatranscriptomic	e_causa_ignota
genomic_info	GC-FILE-670573	GC-GENO-601617	pace_tua	210	455	983.24	8	GRCh37	labor_ipse_voluptas	faber_est_suae_quisque_fortunae	CLONEEND	Paired-End	Random	Oxford Nanopore	AB 3500 Genetic Analyzer	scientia,_aere_perennius	Macte_animo_Generose_puer_sic_itur_ad_astra	Obedientia_civium_urbis_felicitas	Bulk Cells	Viral RNA	Obedientia_civium_urbis_felicitas
genomic_info	GC-FILE-118042	GC-GENO-497508	nascentes_morimur_finisque_ab_origine_pendet	770	209	886.15	0	GRCh37-lite	imperium_in_imperio	damnant_quod_non_intellegunt	MNase-Seq	Paired-End	miRNA Size Fractionation	LS 454	Illumina HiSeq 2500	scientiae_cedit_mare	O_Tite_tute_Tati_tibi_tanta_tyranne_tulisti	haec_olim_meminisse_iuvabit	Bulk Nuclei	Not Reported	O_Tite_tute_Tati_tibi_tanta_tyranne_tulisti
genomic_info	GC-FILE-791505	GC-GENO-330816	cacatum_non_est_pictum	259	912	382.89	9	GRCh38	e_causa_ignota	salus_in_arduis	EST	Single-indexed	CAGE	PacBio SMRT	AB 3500 Genetic Analyzer	scientiae_et_patriae	Obedientia_civium_urbis_felicitas	barba_crescit_caput_nescit	Single-nuclei	Metatranscriptomic	Obedientia_civium_urbis_felicitas
genomic_info	GC-FILE-530956	GC-GENO-778280	nascentes_morimur_finisque_ab_origine_pendet	469	666	806.51	3	Not specified in data	scientia_et_sapientia	O_Tite_tute_Tati_tibi_tanta_tyranne_tulisti	WGS	Single-indexed	rRNA Depletion	PacBio SMRT	Illumina HiScanSQ	scientiae_et_patriae	pace_tua	cacatum_non_est_pictum	Single-cells	Metatranscriptomic	Macte_animo_Generose_puer_sic_itur_ad_astra
genomic_info	GC-FILE-298317	GC-GENO-244276	cacatum_non_est_pictum	781	71	382.85	2	GRCh38	saltus_in_demonstrando	scientiae_et_patriae	WCS	Paired-End	Inverse rRNA	Helicos	AB 3500 Genetic Analyzer	nascentes_morimur_finisque_ab_origine_pendet	scientia_imperii_decus_et_tutamen	scientia_imperii_decus_et_tutamen	Bulk Cells	Genomic DNA	pace_tua
genomic_info	GC-FILE-752294	GC-GENO-870939	nascentes_morimur_finisque_ab_origine_pendet	900	299	448.39	4	GRCh38	id_quod_plerumque_accidit	scientia_et_labor	AMPLICON	Paired-End	CF-S	ABI Solid	Illumina HiSeq 4000	e_causa_ignota	barba_crescit_caput_nescit	saltus_in_demonstrando	Bulk Cells	Metagenomic	imperium_in_imperio
genomic_info	GC-FILE-636620	GC-GENO-760318	id_quod_plerumque_accidit	266	782	156.33	0	GRCh37	a_bene_placito	saltus_in_demonstrando	RIP-Seq	Single-indexed	Repeat fractionation	Oxford Nanopore	MinION	Obedientia_civium_urbis_felicitas	damnant_quod_non_intellegunt	labor_ipse_voluptas	Bulk Nuclei	Metagenomic	damnant_quod_non_intellegunt
genomic_info	GC-FILE-949118	GC-GENO-608319	scientia_imperii_decus_et_tutamen	527	364	427.51	5	Not specified in data	saltus_in_demonstrando	Gallia_est_omnis_divisa_in_partes_tres	WGS	Single-indexed	MDA	Complete Genomics	Illumina HiSeq 3000	Macte_animo_Generose_puer_sic_itur_ad_astra	Macte_animo_Generose_puer_sic_itur_ad_astra	salus_in_arduis	Bulk Nuclei	Not Reported	scientia,_aere_perennius
genomic_info	GC-FILE-955355	GC-GENO-693841	salus_in_arduis	826	938	250.72	1	GRCh37	a_bene_placito	Gallia_est_omnis_divisa_in_partes_tres	CLONE	Paired-End	rRNA Depletion	Ion Torrent	Illumina NovaSeq X Plus	id_quod_plerumque_accidit	scientia_imperii_decus_et_tutamen	nascentes_morimur_finisque_ab_origine_pendet	Bulk Nuclei	Not Reported	labor_ipse_voluptas
genomic_info	GC-FILE-775784	GC-GENO-753852	sapiens_qui_prospicit	229	138	169.0	0	GRCh37	scientia,_aere_perennius	scientia_et_sapientia	RIP-Seq	Single-indexed	MBD2 protein methyl-CpG binding domain	Ion Torrent	Illumina MiSeq	scientia,_aere_perennius	Macte_animo_Generose_puer_sic_itur_ad_astra	scientia,_aere_perennius	Bulk Tissue	Genomic DNA	imperium_in_imperio
genomic_info	GC-FILE-728313	GC-GENO-158157	nascentes_morimur_finisque_ab_origine_pendet	238	223	524.08	1	Not specified in data	saltus_in_demonstrando	e_causa_ignota	Hi-C	Paired-End	Repeat fractionation	Capillary	Ion Torrent S5	Obedientia_civium_urbis_felicitas	a_bene_placito	imperium_in_imperio	Bulk Tissue	Metagenomic	barba_crescit_caput_nescit
genomic_info	GC-FILE-458808	GC-GENO-144498	scientia_et_labor	311	761	61.33	5	GRCh37	e_causa_ignota	labor_ipse_voluptas	Synthetic-Long-Read	Paired-End	Hybrid Selection	PacBio SMRT	Illumina Genome Analyzer	sapiens_qui_prospicit	a_bene_placito	labor_ipse_voluptas	Single-nuclei	Not Reported	labor_ipse_voluptas
genomic_info	GC-FILE-606947	GC-GENO-834057	Macte_animo_Generose_puer_sic_itur_ad_astra	948	42	612.55	4	GRCh37	sapiens_qui_prospicit	sapiens_qui_prospicit	Spatial-tx	Paired-End	CF-H	Complete Genomics	AB 3130 Genetic Analyzer	O_Tite_tute_Tati_tibi_tanta_tyranne_tulisti	Macte_animo_Generose_puer_sic_itur_ad_astra	scientiae_et_patriae	Not Reported	Genomic DNA	scientia_et_sapientia
genomic_info	GC-FILE-648232	GC-GENO-525331	faber_est_suae_quisque_fortunae	247	92	816.35	3	GRCh37	Obedientia_civium_urbis_felicitas	barba_crescit_caput_nescit	Bisulfite-Seq	Single-indexed	Restriction Digest	Illumina	AB SOLiD 3 Plus System	Obedientia_civium_urbis_felicitas	scientia_et_sapientia	scientia_et_labor	Single-nuclei	Not Reported	scientia,_aere_perennius
genomic_info	GC-FILE-232739	GC-GENO-719326	faber_est_suae_quisque_fortunae	953	963	992.01	4	GRCh37-lite	nascentes_morimur_finisque_ab_origine_pendet	damnant_quod_non_intellegunt	MNase-Seq	Single-indexed	Other	Illumina	DNBSEQ-G400	sapiens_qui_prospicit	O_Tite_tute_Tati_tibi_tanta_tyranne_tulisti	O_Tite_tute_Tati_tibi_tanta_tyranne_tulisti	Bulk Cells	Metagenomic	scientia_imperii_decus_et_tutamen
genomic_info	GC-FILE-320352	GC-GENO-762169	saltus_in_demonstrando	669	15	691.35	3	GRCh38	haec_olim_meminisse_iuvabit	haec_olim_meminisse_iuvabit	CTS	Paired-End	Unspecified	Illumina	454 GS FLX	a_bene_placito	scientia,_aere_perennius	a_bene_placito	Bulk Tissue	Metagenomic	scientiae_et_patriae
genomic_info	GC-FILE-575349	GC-GENO-641759	labor_ipse_voluptas	291	917	48.02	7	GRCh37	damnant_quod_non_intellegunt	nanos_gigantum_humeris_insidentes	MNase-Seq	Single-indexed	cDNA	Capillary	Illumina iSeq 100	sapiens_qui_prospicit	damnant_quod_non_intellegunt	imperium_in_imperio	Single-cells	Transcriptome	sapiens_qui_prospicit
genomic_info	GC-FILE-516377	GC-GENO-151595	pace_tua	848	559	924.52	7	GRCh38	Gallia_est_omnis_divisa_in_partes_tres	Obedientia_civium_urbis_felicitas	FL-cDNA	Single-indexed	cDNA	Capillary	Other	barba_crescit_caput_nescit	scientia_et_sapientia	nanos_gigantum_humeris_insidentes	Single-cells	Metagenomic	id_quod_plerumque_accidit
genomic_info	GC-FILE-313518	GC-GENO-878101	scientia_imperii_decus_et_tutamen	672	711	928.22	9	GRCh38	sapiens_qui_prospicit	barba_crescit_caput_nescit	Bisulfite-Seq	Single-indexed	Repeat fractionation	Ion Torrent	DNBSEQ-G400	imperium_in_imperio	imperium_in_imperio	saltus_in_demonstrando	Bulk Tissue	Metatranscriptomic	a_bene_placito
genomic_info	GC-FILE-759485	GC-GENO-132897	scientia_et_sapientia	566	981	194.91	10	Not specified in data	imperium_in_imperio	e_causa_ignota	WGA	Single-indexed	MSLL	LS 454	AB SOLiD 4	Obedientia_civium_urbis_felicitas	scientiae_et_patriae	a_bene_placito	Bulk Cells	Not Reported	scientia_et_labor
genomic_info	GC-FILE-868341	GC-GENO-625787	imperium_in_imperio	999	17	296.22	7	GRCh37-lite	imperium_in_imperio	Obedientia_civium_urbis_felicitas	POOLCLONE	Single-indexed	5-methylcytidine antibody	Complete Genomics	BGISEQ-500	scientiae_cedit_mare	faber_est_suae_quisque_fortunae	faber_est_suae_quisque_fortunae	Bulk Nuclei	Metagenomic	damnant_quod_non_intellegunt
