type	study.study_id	investigator_id	primary_investigator_name	primary_investigator_email	co_investigator_name	co_investigator_email	role_or_affiliation	title	first_name	middle_name	last_name	suffix	email
investigator	GC-STUDY-530531	GC-INVESTIGATOR-GROUP-815975	scientia_et_labor	scientia_et_sapientia	faber_est_suae_quisque_fortunae	scientia_imperii_decus_et_tutamen	Protocol Chair at an Organization	Fr.	scientiae_cedit_mare	Obedientia_civium_urbis_felicitas	saltus_in_demonstrando	II	pace_tua
investigator	GC-STUDY-530531	GC-INVESTIGATOR-GROUP-210363	labor_ipse_voluptas	scientiae_cedit_mare	scientia_imperii_decus_et_tutamen	scientia_et_sapientia	Letter of Intent Review Chair	Ch.	scientia,_aere_perennius	haec_olim_meminisse_iuvabit	barba_crescit_caput_nescit	Jr.	haec_olim_meminisse_iuvabit
investigator	GC-STUDY-530531	GC-INVESTIGATOR-GROUP-610366	saltus_in_demonstrando	barba_crescit_caput_nescit	salus_in_arduis	damnant_quod_non_intellegunt	Protocol Review Chair	Sr.	scientiae_cedit_mare	imperium_in_imperio	a_bene_placito	Jr.	haec_olim_meminisse_iuvabit
investigator	GC-STUDY-171068	GC-INVESTIGATOR-GROUP-718376	scientia_imperii_decus_et_tutamen	scientia_et_sapientia	cacatum_non_est_pictum	Obedientia_civium_urbis_felicitas	CEP Member	Mr.	Obedientia_civium_urbis_felicitas	saltus_in_demonstrando	nanos_gigantum_humeris_insidentes	Jr.	Obedientia_civium_urbis_felicitas
investigator	GC-STUDY-171068	GC-INVESTIGATOR-GROUP-854214	scientia_imperii_decus_et_tutamen	Obedientia_civium_urbis_felicitas	scientia_et_labor	labor_ipse_voluptas	Nurse Practitioner	Dr.	Obedientia_civium_urbis_felicitas	nascentes_morimur_finisque_ab_origine_pendet	Gallia_est_omnis_divisa_in_partes_tres	III	pace_tua
investigator	GC-STUDY-171068	GC-INVESTIGATOR-GROUP-326160	e_causa_ignota	saltus_in_demonstrando	O_Tite_tute_Tati_tibi_tanta_tyranne_tulisti	Macte_animo_Generose_puer_sic_itur_ad_astra	Program Specialist	Mr.	barba_crescit_caput_nescit	cacatum_non_est_pictum	scientia_et_sapientia	Sr.	scientia_et_labor
investigator	GC-STUDY-180820	GC-INVESTIGATOR-GROUP-418086	Obedientia_civium_urbis_felicitas	e_causa_ignota	nascentes_morimur_finisque_ab_origine_pendet	scientia,_aere_perennius	Laboratory Technologist	Prof.	scientia,_aere_perennius	damnant_quod_non_intellegunt	cacatum_non_est_pictum	III	a_bene_placito
investigator	GC-STUDY-180820	GC-INVESTIGATOR-GROUP-186131	labor_ipse_voluptas	scientia,_aere_perennius	scientiae_et_patriae	scientia_imperii_decus_et_tutamen	Protocol Lead Investigator	Miss	barba_crescit_caput_nescit	labor_ipse_voluptas	scientiae_et_patriae	III	Obedientia_civium_urbis_felicitas
investigator	GC-STUDY-180820	GC-INVESTIGATOR-GROUP-592035	damnant_quod_non_intellegunt	scientia_et_sapientia	nanos_gigantum_humeris_insidentes	sapiens_qui_prospicit	Health Care Provider	Mrs.	sapiens_qui_prospicit	id_quod_plerumque_accidit	id_quod_plerumque_accidit	I	scientiae_et_patriae
investigator	GC-STUDY-180820	GC-INVESTIGATOR-GROUP-388672	id_quod_plerumque_accidit	O_Tite_tute_Tati_tibi_tanta_tyranne_tulisti	Obedientia_civium_urbis_felicitas	nanos_gigantum_humeris_insidentes	Program Specialist	Ms.	saltus_in_demonstrando	scientiae_et_patriae	nascentes_morimur_finisque_ab_origine_pendet	I	nascentes_morimur_finisque_ab_origine_pendet
