type	study.study_id	investigator_id	primary_investigator_name	primary_investigator_email	co_investigator_name	co_investigator_email	role_or_affiliation	title	first_name	middle_name	last_name	suffix	email
investigator	GC-STUDY-341048	GC-INVESTIGATOR-GROUP-520506	imperium_in_imperio	scientia_et_labor	scientia_et_sapientia	imperium_in_imperio	Oncologist	Ms.	scientia_et_sapientia	scientia,_aere_perennius	scientia_imperii_decus_et_tutamen	IV	imperium_in_imperio
investigator	GC-STUDY-341048	GC-INVESTIGATOR-GROUP-697016	haec_olim_meminisse_iuvabit	barba_crescit_caput_nescit	haec_olim_meminisse_iuvabit	scientia_et_sapientia	Protocol Chair	Br.	labor_ipse_voluptas	id_quod_plerumque_accidit	barba_crescit_caput_nescit	Sr.	labor_ipse_voluptas
investigator	GC-STUDY-341048	GC-INVESTIGATOR-GROUP-295659	scientiae_et_patriae	Obedientia_civium_urbis_felicitas	barba_crescit_caput_nescit	sapiens_qui_prospicit	Grant Investigator	Dr.	salus_in_arduis	Obedientia_civium_urbis_felicitas	e_causa_ignota	Sr.	pace_tua
investigator	GC-STUDY-694385	GC-INVESTIGATOR-GROUP-272534	barba_crescit_caput_nescit	id_quod_plerumque_accidit	damnant_quod_non_intellegunt	labor_ipse_voluptas	Pharmacist	Rev.	labor_ipse_voluptas	a_bene_placito	pace_tua	Sr.	Macte_animo_Generose_puer_sic_itur_ad_astra
investigator	GC-STUDY-694385	GC-INVESTIGATOR-GROUP-452825	scientiae_et_patriae	scientia_et_labor	cacatum_non_est_pictum	scientiae_cedit_mare	Admitting Physician	Fr.	id_quod_plerumque_accidit	Gallia_est_omnis_divisa_in_partes_tres	scientia,_aere_perennius	Sr.	scientia_et_labor
investigator	GC-STUDY-694385	GC-INVESTIGATOR-GROUP-452442	Macte_animo_Generose_puer_sic_itur_ad_astra	barba_crescit_caput_nescit	scientiae_cedit_mare	scientia_et_sapientia	Drug Company Contact	Ch.	cacatum_non_est_pictum	Macte_animo_Generose_puer_sic_itur_ad_astra	cacatum_non_est_pictum	Sr.	scientia,_aere_perennius
investigator	GC-STUDY-552395	GC-INVESTIGATOR-GROUP-426444	nanos_gigantum_humeris_insidentes	Obedientia_civium_urbis_felicitas	cacatum_non_est_pictum	scientiae_cedit_mare	Protocol Review Chair	Fr.	O_Tite_tute_Tati_tibi_tanta_tyranne_tulisti	scientia_et_labor	scientia,_aere_perennius	III	sapiens_qui_prospicit
investigator	GC-STUDY-552395	GC-INVESTIGATOR-GROUP-108716	barba_crescit_caput_nescit	barba_crescit_caput_nescit	damnant_quod_non_intellegunt	sapiens_qui_prospicit	Protocol Chair	Miss	Macte_animo_Generose_puer_sic_itur_ad_astra	pace_tua	pace_tua	III	Obedientia_civium_urbis_felicitas
investigator	GC-STUDY-552395	GC-INVESTIGATOR-GROUP-147992	scientia_et_sapientia	faber_est_suae_quisque_fortunae	salus_in_arduis	cacatum_non_est_pictum	Program Specialist	Ms.	scientia_imperii_decus_et_tutamen	scientia_et_labor	cacatum_non_est_pictum	III	labor_ipse_voluptas
investigator	GC-STUDY-552395	GC-INVESTIGATOR-GROUP-346128	O_Tite_tute_Tati_tibi_tanta_tyranne_tulisti	salus_in_arduis	nanos_gigantum_humeris_insidentes	O_Tite_tute_Tati_tibi_tanta_tyranne_tulisti	Abstractor	Rev.	scientia_et_sapientia	labor_ipse_voluptas	nascentes_morimur_finisque_ab_origine_pendet	I	Obedientia_civium_urbis_felicitas
