type	image.study_link_id	NonDICOMMRimages_id	MRImageAcquisitionProtocolElement_echoPulseSequenceCategoryCode	MRImageAcquisitionProtocolElement_diffusionBValue	MRImageAcquisitionProtocolElement_diffusionDirectionalityCode	MRImageAcquisitionProtocolElement_magneticFieldStrength	MRImageAcquisitionProtocolElement_resonantNucleusCode	MRImageAcquisitionProtocolElement_acquisitionContrastCode	MRImageAcquisitionProtocolElement_inversionRecoveryIndicator	MRImageAcquisitionProtocolElement_pulseSequenceName	MRImageAcquisitionProtocolElement_multipleSpinEchoIndicator	MRImageAcquisitionProtocolElement_phaseContrastIndicator	MRImageAcquisitionProtocolElement_timeOfFlightContrastIndicator	MRImageAcquisitionProtocolElement_arterialSpinLabelingContrastCode	MRImageAcquisitionProtocolElement_steadyStatePulseSequenceCode	MRImageAcquisitionProtocolElement_echoPlanarPulseSequenceIndicator	MRImageAcquisitionProtocolElement_saturationRecoveryIndicator	MRImageAcquisitionProtocolElement_spectrallySelectedSuppressionCode	MRImageReconstructionProtocolElement_complexImageComponentCode	crdc_id
NonDICOMMRimages	GC-IMAGE-314307	GC-NonDICOMMRimages-381784	SPIN	Obedientia_civium_urbis_felicitas	BMATRIX	scientiae_cedit_mare	23NA	T2_T2 weighted contrast	No	pace_tua	Yes	Yes	Yes	damnant_quod_non_intellegunt	LONGITUDINAL	Yes	No	SILICON GEL	REAL	damnant_quod_non_intellegunt
NonDICOMMRimages	GC-IMAGE-577201	GC-NonDICOMMRimages-776031	BOTH	id_quod_plerumque_accidit	NONE	sapiens_qui_prospicit	31P	PERFUSION_Perfusion weighted contrast	Yes	scientia,_aere_perennius	Yes	Yes	Yes	pace_tua	FREE PRECESSION	No	No	SILICON GEL	IMAGINARY	scientia_et_sapientia
NonDICOMMRimages	GC-IMAGE-621355	GC-NonDICOMMRimages-828472	BOTH	nascentes_morimur_finisque_ab_origine_pendet	ISOTROPIC	saltus_in_demonstrando	13C	TOF_Time Of Flight weighted contrast	Yes	Macte_animo_Generose_puer_sic_itur_ad_astra	No	No	No	Obedientia_civium_urbis_felicitas	NONE	No	No	FAT AND WATER	MAGNITUDE	a_bene_placito
NonDICOMMRimages	GC-IMAGE-327365	GC-NonDICOMMRimages-423866	SPIN	e_causa_ignota	DIRECTIONAL	scientia_imperii_decus_et_tutamen	129XE	PERFUSION_Perfusion weighted contrast	No	nanos_gigantum_humeris_insidentes	Yes	No	No	scientia_et_labor	FREE PRECESSION	No	No	NONE	PHASE	faber_est_suae_quisque_fortunae
NonDICOMMRimages	GC-IMAGE-851191	GC-NonDICOMMRimages-315062	BOTH	salus_in_arduis	ISOTROPIC	sapiens_qui_prospicit	129XE	T1_T1 weighted contrast	No	a_bene_placito	No	No	Yes	nanos_gigantum_humeris_insidentes	FREE PRECESSION	Yes	No	NONE	MAGNITUDE	O_Tite_tute_Tati_tibi_tanta_tyranne_tulisti
NonDICOMMRimages	GC-IMAGE-149228	GC-NonDICOMMRimages-356796	SPIN	scientiae_cedit_mare	ISOTROPIC	O_Tite_tute_Tati_tibi_tanta_tyranne_tulisti	19F	T1_T1 weighted contrast	Yes	O_Tite_tute_Tati_tibi_tanta_tyranne_tulisti	Yes	No	Yes	Gallia_est_omnis_divisa_in_partes_tres	TIME REVERSED	No	No	SILICON GEL	MAGNITUDE	Gallia_est_omnis_divisa_in_partes_tres
NonDICOMMRimages	GC-IMAGE-359257	GC-NonDICOMMRimages-414457	BOTH	O_Tite_tute_Tati_tibi_tanta_tyranne_tulisti	NONE	scientia,_aere_perennius	23NA	T1_T1 weighted contrast	No	Obedientia_civium_urbis_felicitas	Yes	Yes	Yes	nascentes_morimur_finisque_ab_origine_pendet	FREE PRECESSION	Yes	Yes	SILICON GEL	REAL	barba_crescit_caput_nescit
NonDICOMMRimages	GC-IMAGE-615177	GC-NonDICOMMRimages-817061	SPIN	scientiae_et_patriae	BMATRIX	scientia_et_sapientia	31P	DIFFUSION	Yes	salus_in_arduis	Yes	Yes	No	scientia,_aere_perennius	TRANSVERSE	Yes	Yes	FAT	IMAGINARY	sapiens_qui_prospicit
NonDICOMMRimages	GC-IMAGE-428350	GC-NonDICOMMRimages-769457	BOTH	nanos_gigantum_humeris_insidentes	BMATRIX	nascentes_morimur_finisque_ab_origine_pendet	3HE	TOF_Time Of Flight weighted contrast	No	scientia,_aere_perennius	No	Yes	Yes	nascentes_morimur_finisque_ab_origine_pendet	NONE	No	Yes	FAT AND WATER	REAL	scientiae_cedit_mare
NonDICOMMRimages	GC-IMAGE-206406	GC-NonDICOMMRimages-440783	SPIN	labor_ipse_voluptas	BMATRIX	saltus_in_demonstrando	3HE	FLOW_ENCODED_Flow Encoded contrast	Yes	faber_est_suae_quisque_fortunae	No	Yes	No	cacatum_non_est_pictum	TIME REVERSED	Yes	Yes	SILICON GEL	IMAGINARY	salus_in_arduis
NonDICOMMRimages	GC-IMAGE-241188	GC-NonDICOMMRimages-334213	SPIN	faber_est_suae_quisque_fortunae	ISOTROPIC	scientia_imperii_decus_et_tutamen	7LI	DIFFUSION	No	scientia,_aere_perennius	Yes	Yes	No	scientia_et_labor	NONE	Yes	No	NONE	MAGNITUDE	sapiens_qui_prospicit
NonDICOMMRimages	GC-IMAGE-164123	GC-NonDICOMMRimages-311460	SPIN	scientiae_cedit_mare	BMATRIX	a_bene_placito	3HE	TAGGING_Superposition of thin saturation bands onto image	No	O_Tite_tute_Tati_tibi_tanta_tyranne_tulisti	Yes	Yes	Yes	scientia_imperii_decus_et_tutamen	FREE PRECESSION	No	Yes	WATER	MAGNITUDE	sapiens_qui_prospicit
NonDICOMMRimages	GC-IMAGE-688388	GC-NonDICOMMRimages-407907	SPIN	a_bene_placito	DIRECTIONAL	scientia,_aere_perennius	19F	DIFFUSION	No	barba_crescit_caput_nescit	Yes	No	No	cacatum_non_est_pictum	TRANSVERSE	Yes	No	FAT AND WATER	PHASE	O_Tite_tute_Tati_tibi_tanta_tyranne_tulisti
NonDICOMMRimages	GC-IMAGE-276029	GC-NonDICOMMRimages-715891	BOTH	Obedientia_civium_urbis_felicitas	ISOTROPIC	id_quod_plerumque_accidit	31P	PROTON_DENSITY_Proton Density weighted contrast	No	barba_crescit_caput_nescit	Yes	No	No	sapiens_qui_prospicit	TRANSVERSE	No	Yes	FAT	PHASE	scientia,_aere_perennius
NonDICOMMRimages	GC-IMAGE-578871	GC-NonDICOMMRimages-664770	BOTH	id_quod_plerumque_accidit	NONE	salus_in_arduis	3HE	STIR_Short Tau Inversion Recovery	Yes	Obedientia_civium_urbis_felicitas	Yes	Yes	Yes	a_bene_placito	TRANSVERSE	Yes	Yes	SILICON GEL	MAGNITUDE	pace_tua
NonDICOMMRimages	GC-IMAGE-685606	GC-NonDICOMMRimages-836365	BOTH	haec_olim_meminisse_iuvabit	ISOTROPIC	cacatum_non_est_pictum	13C	FLUID_ATTENUATED_Fluid Attenuated T2 weighted contrast	No	imperium_in_imperio	Yes	No	No	saltus_in_demonstrando	NONE	No	No	WATER	IMAGINARY	id_quod_plerumque_accidit
NonDICOMMRimages	GC-IMAGE-737734	GC-NonDICOMMRimages-540611	GRADIENT	Gallia_est_omnis_divisa_in_partes_tres	BMATRIX	nascentes_morimur_finisque_ab_origine_pendet	7LI	TOF_Time Of Flight weighted contrast	Yes	Gallia_est_omnis_divisa_in_partes_tres	No	Yes	Yes	nascentes_morimur_finisque_ab_origine_pendet	LONGITUDINAL	Yes	Yes	NONE	PHASE	O_Tite_tute_Tati_tibi_tanta_tyranne_tulisti
NonDICOMMRimages	GC-IMAGE-417757	GC-NonDICOMMRimages-656295	SPIN	labor_ipse_voluptas	BMATRIX	labor_ipse_voluptas	19F	TOF_Time Of Flight weighted contrast	Yes	nascentes_morimur_finisque_ab_origine_pendet	Yes	No	No	damnant_quod_non_intellegunt	TIME REVERSED	Yes	Yes	WATER	MAGNITUDE	a_bene_placito
NonDICOMMRimages	GC-IMAGE-565365	GC-NonDICOMMRimages-853367	GRADIENT	scientia_imperii_decus_et_tutamen	DIRECTIONAL	scientia,_aere_perennius	19F	STIR_Short Tau Inversion Recovery	Yes	cacatum_non_est_pictum	Yes	Yes	No	nascentes_morimur_finisque_ab_origine_pendet	TIME REVERSED	No	Yes	FAT	MAGNITUDE	Gallia_est_omnis_divisa_in_partes_tres
NonDICOMMRimages	GC-IMAGE-683295	GC-NonDICOMMRimages-598373	BOTH	id_quod_plerumque_accidit	ISOTROPIC	labor_ipse_voluptas	31P	T1_T1 weighted contrast	No	sapiens_qui_prospicit	Yes	No	No	id_quod_plerumque_accidit	NONE	No	Yes	NONE	PHASE	damnant_quod_non_intellegunt
NonDICOMMRimages	GC-IMAGE-237904	GC-NonDICOMMRimages-905936	SPIN	Obedientia_civium_urbis_felicitas	ISOTROPIC	pace_tua	129XE	FLOW_ENCODED_Flow Encoded contrast	No	scientiae_et_patriae	No	No	No	pace_tua	LONGITUDINAL	No	Yes	NONE	IMAGINARY	salus_in_arduis
NonDICOMMRimages	GC-IMAGE-350905	GC-NonDICOMMRimages-387754	GRADIENT	salus_in_arduis	NONE	pace_tua	19F	STIR_Short Tau Inversion Recovery	No	scientia_et_labor	No	Yes	Yes	saltus_in_demonstrando	TRANSVERSE	Yes	Yes	FAT	MAGNITUDE	scientiae_et_patriae
NonDICOMMRimages	GC-IMAGE-543441	GC-NonDICOMMRimages-928675	GRADIENT	nascentes_morimur_finisque_ab_origine_pendet	DIRECTIONAL	damnant_quod_non_intellegunt	19F	TOF_Time Of Flight weighted contrast	Yes	scientiae_et_patriae	No	No	Yes	Gallia_est_omnis_divisa_in_partes_tres	FREE PRECESSION	Yes	Yes	NONE	IMAGINARY	Macte_animo_Generose_puer_sic_itur_ad_astra
NonDICOMMRimages	GC-IMAGE-387462	GC-NonDICOMMRimages-833503	BOTH	scientiae_cedit_mare	DIRECTIONAL	salus_in_arduis	1H	STIR_Short Tau Inversion Recovery	Yes	O_Tite_tute_Tati_tibi_tanta_tyranne_tulisti	No	No	Yes	Macte_animo_Generose_puer_sic_itur_ad_astra	NONE	Yes	No	NONE	IMAGINARY	scientiae_cedit_mare
NonDICOMMRimages	GC-IMAGE-736590	GC-NonDICOMMRimages-323280	GRADIENT	Obedientia_civium_urbis_felicitas	NONE	scientia_et_sapientia	129XE	T2_STAR_T2* weighted contrast	No	scientia_et_sapientia	Yes	Yes	No	salus_in_arduis	FREE PRECESSION	No	No	SILICON GEL	PHASE	scientia_et_sapientia
NonDICOMMRimages	GC-IMAGE-483445	GC-NonDICOMMRimages-488787	SPIN	a_bene_placito	NONE	scientia,_aere_perennius	129XE	TAGGING_Superposition of thin saturation bands onto image	Yes	scientiae_cedit_mare	No	No	No	sapiens_qui_prospicit	FREE PRECESSION	Yes	Yes	SILICON GEL	PHASE	Gallia_est_omnis_divisa_in_partes_tres
NonDICOMMRimages	GC-IMAGE-676114	GC-NonDICOMMRimages-301656	BOTH	cacatum_non_est_pictum	BMATRIX	scientiae_cedit_mare	129XE	TAGGING_Superposition of thin saturation bands onto image	Yes	Obedientia_civium_urbis_felicitas	Yes	No	Yes	scientia_et_sapientia	TIME REVERSED	No	No	FAT	IMAGINARY	scientiae_et_patriae
NonDICOMMRimages	GC-IMAGE-146307	GC-NonDICOMMRimages-290276	GRADIENT	e_causa_ignota	DIRECTIONAL	faber_est_suae_quisque_fortunae	31P	DIFFUSION	No	a_bene_placito	No	Yes	Yes	labor_ipse_voluptas	LONGITUDINAL	Yes	No	FAT	IMAGINARY	haec_olim_meminisse_iuvabit
NonDICOMMRimages	GC-IMAGE-158939	GC-NonDICOMMRimages-834887	SPIN	sapiens_qui_prospicit	DIRECTIONAL	nanos_gigantum_humeris_insidentes	1H	DIFFUSION	No	scientiae_et_patriae	No	Yes	No	a_bene_placito	LONGITUDINAL	Yes	Yes	FAT AND WATER	IMAGINARY	Obedientia_civium_urbis_felicitas
NonDICOMMRimages	GC-IMAGE-794359	GC-NonDICOMMRimages-990166	BOTH	cacatum_non_est_pictum	BMATRIX	barba_crescit_caput_nescit	13C	FLUID_ATTENUATED_Fluid Attenuated T2 weighted contrast	Yes	saltus_in_demonstrando	No	No	Yes	scientia,_aere_perennius	TIME REVERSED	Yes	Yes	SILICON GEL	IMAGINARY	nanos_gigantum_humeris_insidentes
NonDICOMMRimages	GC-IMAGE-978610	GC-NonDICOMMRimages-506689	SPIN	scientia_et_sapientia	DIRECTIONAL	faber_est_suae_quisque_fortunae	7LI	FLUID_ATTENUATED_Fluid Attenuated T2 weighted contrast	Yes	saltus_in_demonstrando	Yes	Yes	No	salus_in_arduis	TRANSVERSE	Yes	No	FAT AND WATER	PHASE	scientia_et_sapientia
NonDICOMMRimages	GC-IMAGE-337845	GC-NonDICOMMRimages-314799	BOTH	nascentes_morimur_finisque_ab_origine_pendet	ISOTROPIC	scientia_et_sapientia	1H	T2_STAR_T2* weighted contrast	Yes	nanos_gigantum_humeris_insidentes	Yes	Yes	No	scientia_imperii_decus_et_tutamen	NONE	No	Yes	WATER	MAGNITUDE	sapiens_qui_prospicit
NonDICOMMRimages	GC-IMAGE-640411	GC-NonDICOMMRimages-361583	SPIN	scientia_et_sapientia	DIRECTIONAL	barba_crescit_caput_nescit	23NA	STIR_Short Tau Inversion Recovery	Yes	id_quod_plerumque_accidit	Yes	Yes	Yes	cacatum_non_est_pictum	TRANSVERSE	Yes	No	FAT AND WATER	MAGNITUDE	faber_est_suae_quisque_fortunae
NonDICOMMRimages	GC-IMAGE-870187	GC-NonDICOMMRimages-444821	GRADIENT	a_bene_placito	BMATRIX	damnant_quod_non_intellegunt	129XE	T2_T2 weighted contrast	No	faber_est_suae_quisque_fortunae	Yes	No	Yes	scientia,_aere_perennius	TRANSVERSE	Yes	Yes	NONE	REAL	scientiae_et_patriae
NonDICOMMRimages	GC-IMAGE-104015	GC-NonDICOMMRimages-152885	BOTH	scientia,_aere_perennius	ISOTROPIC	damnant_quod_non_intellegunt	129XE	TAGGING_Superposition of thin saturation bands onto image	Yes	pace_tua	Yes	Yes	Yes	O_Tite_tute_Tati_tibi_tanta_tyranne_tulisti	TRANSVERSE	No	Yes	WATER	PHASE	damnant_quod_non_intellegunt
NonDICOMMRimages	GC-IMAGE-851209	GC-NonDICOMMRimages-782815	BOTH	e_causa_ignota	BMATRIX	Macte_animo_Generose_puer_sic_itur_ad_astra	1H	DIFFUSION	Yes	pace_tua	No	Yes	No	saltus_in_demonstrando	LONGITUDINAL	Yes	No	SILICON GEL	PHASE	nascentes_morimur_finisque_ab_origine_pendet
NonDICOMMRimages	GC-IMAGE-475757	GC-NonDICOMMRimages-268619	SPIN	salus_in_arduis	ISOTROPIC	e_causa_ignota	23NA	FLOW_ENCODED_Flow Encoded contrast	Yes	a_bene_placito	Yes	Yes	No	e_causa_ignota	FREE PRECESSION	Yes	Yes	SILICON GEL	REAL	scientiae_cedit_mare
NonDICOMMRimages	GC-IMAGE-882044	GC-NonDICOMMRimages-627945	BOTH	imperium_in_imperio	NONE	nanos_gigantum_humeris_insidentes	31P	T2_T2 weighted contrast	No	e_causa_ignota	Yes	No	Yes	scientiae_et_patriae	TRANSVERSE	No	No	FAT	REAL	pace_tua
NonDICOMMRimages	GC-IMAGE-343960	GC-NonDICOMMRimages-433897	BOTH	imperium_in_imperio	DIRECTIONAL	scientiae_cedit_mare	3HE	T2_STAR_T2* weighted contrast	No	nanos_gigantum_humeris_insidentes	No	No	Yes	Macte_animo_Generose_puer_sic_itur_ad_astra	TIME REVERSED	No	No	FAT	MAGNITUDE	scientia,_aere_perennius
NonDICOMMRimages	GC-IMAGE-308282	GC-NonDICOMMRimages-409477	SPIN	Macte_animo_Generose_puer_sic_itur_ad_astra	ISOTROPIC	id_quod_plerumque_accidit	23NA	T2_STAR_T2* weighted contrast	No	cacatum_non_est_pictum	No	No	Yes	labor_ipse_voluptas	TRANSVERSE	No	No	FAT	PHASE	nascentes_morimur_finisque_ab_origine_pendet
NonDICOMMRimages	GC-IMAGE-430274	GC-NonDICOMMRimages-645330	SPIN	damnant_quod_non_intellegunt	NONE	saltus_in_demonstrando	1H	FLOW_ENCODED_Flow Encoded contrast	No	Macte_animo_Generose_puer_sic_itur_ad_astra	No	Yes	Yes	Macte_animo_Generose_puer_sic_itur_ad_astra	FREE PRECESSION	Yes	Yes	FAT AND WATER	MAGNITUDE	scientia,_aere_perennius
NonDICOMMRimages	GC-IMAGE-363125	GC-NonDICOMMRimages-829930	BOTH	Obedientia_civium_urbis_felicitas	NONE	imperium_in_imperio	129XE	STIR_Short Tau Inversion Recovery	No	O_Tite_tute_Tati_tibi_tanta_tyranne_tulisti	Yes	Yes	Yes	scientia_et_labor	NONE	No	No	NONE	MAGNITUDE	scientia_et_sapientia
NonDICOMMRimages	GC-IMAGE-806581	GC-NonDICOMMRimages-217678	SPIN	sapiens_qui_prospicit	DIRECTIONAL	O_Tite_tute_Tati_tibi_tanta_tyranne_tulisti	1H	PROTON_DENSITY_Proton Density weighted contrast	Yes	salus_in_arduis	No	Yes	Yes	Gallia_est_omnis_divisa_in_partes_tres	FREE PRECESSION	Yes	Yes	WATER	IMAGINARY	e_causa_ignota
NonDICOMMRimages	GC-IMAGE-100610	GC-NonDICOMMRimages-155440	SPIN	O_Tite_tute_Tati_tibi_tanta_tyranne_tulisti	BMATRIX	barba_crescit_caput_nescit	3HE	STIR_Short Tau Inversion Recovery	Yes	nanos_gigantum_humeris_insidentes	No	Yes	Yes	imperium_in_imperio	TIME REVERSED	Yes	Yes	FAT	MAGNITUDE	sapiens_qui_prospicit
NonDICOMMRimages	GC-IMAGE-816788	GC-NonDICOMMRimages-233518	GRADIENT	a_bene_placito	NONE	imperium_in_imperio	31P	STIR_Short Tau Inversion Recovery	Yes	damnant_quod_non_intellegunt	No	No	Yes	a_bene_placito	LONGITUDINAL	No	Yes	WATER	REAL	a_bene_placito
NonDICOMMRimages	GC-IMAGE-292748	GC-NonDICOMMRimages-666063	BOTH	scientiae_et_patriae	BMATRIX	pace_tua	7LI	FLOW_ENCODED_Flow Encoded contrast	Yes	saltus_in_demonstrando	Yes	No	No	damnant_quod_non_intellegunt	TIME REVERSED	No	No	WATER	PHASE	Gallia_est_omnis_divisa_in_partes_tres
NonDICOMMRimages	GC-IMAGE-181104	GC-NonDICOMMRimages-883784	BOTH	e_causa_ignota	BMATRIX	id_quod_plerumque_accidit	31P	T1_T1 weighted contrast	Yes	haec_olim_meminisse_iuvabit	Yes	Yes	No	scientia_et_labor	LONGITUDINAL	No	No	FAT	MAGNITUDE	Gallia_est_omnis_divisa_in_partes_tres
NonDICOMMRimages	GC-IMAGE-423341	GC-NonDICOMMRimages-390165	SPIN	pace_tua	DIRECTIONAL	labor_ipse_voluptas	7LI	TOF_Time Of Flight weighted contrast	Yes	haec_olim_meminisse_iuvabit	No	Yes	No	scientia_et_sapientia	TIME REVERSED	Yes	No	FAT AND WATER	IMAGINARY	nascentes_morimur_finisque_ab_origine_pendet
NonDICOMMRimages	GC-IMAGE-523577	GC-NonDICOMMRimages-424787	BOTH	salus_in_arduis	BMATRIX	haec_olim_meminisse_iuvabit	31P	T2_STAR_T2* weighted contrast	Yes	faber_est_suae_quisque_fortunae	Yes	No	No	scientia_et_sapientia	NONE	Yes	Yes	WATER	MAGNITUDE	scientiae_et_patriae
NonDICOMMRimages	GC-IMAGE-449197	GC-NonDICOMMRimages-868413	SPIN	damnant_quod_non_intellegunt	DIRECTIONAL	faber_est_suae_quisque_fortunae	1H	TOF_Time Of Flight weighted contrast	Yes	cacatum_non_est_pictum	Yes	Yes	No	e_causa_ignota	LONGITUDINAL	Yes	No	FAT AND WATER	REAL	scientia_et_sapientia
NonDICOMMRimages	GC-IMAGE-864502	GC-NonDICOMMRimages-875007	GRADIENT	haec_olim_meminisse_iuvabit	NONE	cacatum_non_est_pictum	31P	FLUID_ATTENUATED_Fluid Attenuated T2 weighted contrast	Yes	sapiens_qui_prospicit	Yes	No	Yes	sapiens_qui_prospicit	FREE PRECESSION	Yes	Yes	SILICON GEL	REAL	imperium_in_imperio
NonDICOMMRimages	GC-IMAGE-859501	GC-NonDICOMMRimages-963261	SPIN	damnant_quod_non_intellegunt	DIRECTIONAL	scientia_et_labor	7LI	STIR_Short Tau Inversion Recovery	Yes	nanos_gigantum_humeris_insidentes	Yes	Yes	No	scientiae_cedit_mare	FREE PRECESSION	No	Yes	FAT	REAL	imperium_in_imperio
NonDICOMMRimages	GC-IMAGE-654311	GC-NonDICOMMRimages-316251	GRADIENT	Macte_animo_Generose_puer_sic_itur_ad_astra	NONE	e_causa_ignota	19F	T2_T2 weighted contrast	No	scientiae_et_patriae	Yes	Yes	No	barba_crescit_caput_nescit	FREE PRECESSION	No	Yes	WATER	REAL	Macte_animo_Generose_puer_sic_itur_ad_astra
NonDICOMMRimages	GC-IMAGE-886255	GC-NonDICOMMRimages-448066	SPIN	labor_ipse_voluptas	NONE	barba_crescit_caput_nescit	19F	DIFFUSION	No	Obedientia_civium_urbis_felicitas	Yes	Yes	Yes	pace_tua	TIME REVERSED	No	No	NONE	REAL	cacatum_non_est_pictum
NonDICOMMRimages	GC-IMAGE-453386	GC-NonDICOMMRimages-872784	BOTH	e_causa_ignota	NONE	Obedientia_civium_urbis_felicitas	23NA	T1_T1 weighted contrast	No	Gallia_est_omnis_divisa_in_partes_tres	No	No	No	scientiae_cedit_mare	LONGITUDINAL	No	Yes	FAT	MAGNITUDE	scientiae_et_patriae
NonDICOMMRimages	GC-IMAGE-413608	GC-NonDICOMMRimages-576746	SPIN	saltus_in_demonstrando	DIRECTIONAL	scientia_et_labor	13C	STIR_Short Tau Inversion Recovery	Yes	haec_olim_meminisse_iuvabit	Yes	Yes	No	labor_ipse_voluptas	TRANSVERSE	No	No	FAT AND WATER	IMAGINARY	imperium_in_imperio
NonDICOMMRimages	GC-IMAGE-921515	GC-NonDICOMMRimages-131594	GRADIENT	scientiae_et_patriae	ISOTROPIC	a_bene_placito	3HE	T2_STAR_T2* weighted contrast	Yes	sapiens_qui_prospicit	No	No	No	salus_in_arduis	FREE PRECESSION	Yes	No	NONE	MAGNITUDE	imperium_in_imperio
NonDICOMMRimages	GC-IMAGE-767199	GC-NonDICOMMRimages-680669	GRADIENT	scientiae_et_patriae	DIRECTIONAL	Macte_animo_Generose_puer_sic_itur_ad_astra	23NA	T1_T1 weighted contrast	No	scientiae_cedit_mare	Yes	Yes	No	O_Tite_tute_Tati_tibi_tanta_tyranne_tulisti	LONGITUDINAL	No	No	SILICON GEL	REAL	e_causa_ignota
NonDICOMMRimages	GC-IMAGE-524976	GC-NonDICOMMRimages-163372	GRADIENT	Obedientia_civium_urbis_felicitas	BMATRIX	scientia_et_labor	13C	PROTON_DENSITY_Proton Density weighted contrast	Yes	imperium_in_imperio	No	No	Yes	salus_in_arduis	NONE	Yes	Yes	FAT AND WATER	PHASE	faber_est_suae_quisque_fortunae
NonDICOMMRimages	GC-IMAGE-169929	GC-NonDICOMMRimages-104820	BOTH	barba_crescit_caput_nescit	DIRECTIONAL	sapiens_qui_prospicit	31P	FLOW_ENCODED_Flow Encoded contrast	No	barba_crescit_caput_nescit	Yes	Yes	No	faber_est_suae_quisque_fortunae	NONE	No	No	FAT AND WATER	REAL	scientiae_et_patriae
NonDICOMMRimages	GC-IMAGE-291468	GC-NonDICOMMRimages-959908	GRADIENT	imperium_in_imperio	NONE	nascentes_morimur_finisque_ab_origine_pendet	129XE	STIR_Short Tau Inversion Recovery	No	Obedientia_civium_urbis_felicitas	Yes	Yes	No	scientia_et_sapientia	FREE PRECESSION	No	Yes	SILICON GEL	REAL	salus_in_arduis
NonDICOMMRimages	GC-IMAGE-675204	GC-NonDICOMMRimages-116318	GRADIENT	O_Tite_tute_Tati_tibi_tanta_tyranne_tulisti	ISOTROPIC	e_causa_ignota	23NA	STIR_Short Tau Inversion Recovery	Yes	pace_tua	Yes	No	Yes	scientiae_cedit_mare	NONE	Yes	No	NONE	IMAGINARY	e_causa_ignota
NonDICOMMRimages	GC-IMAGE-777573	GC-NonDICOMMRimages-958640	SPIN	scientia_imperii_decus_et_tutamen	NONE	Macte_animo_Generose_puer_sic_itur_ad_astra	19F	T2_T2 weighted contrast	Yes	scientia_imperii_decus_et_tutamen	No	No	No	O_Tite_tute_Tati_tibi_tanta_tyranne_tulisti	TIME REVERSED	No	No	FAT AND WATER	PHASE	barba_crescit_caput_nescit
NonDICOMMRimages	GC-IMAGE-177456	GC-NonDICOMMRimages-101201	BOTH	scientia_et_labor	DIRECTIONAL	faber_est_suae_quisque_fortunae	13C	T2_STAR_T2* weighted contrast	No	Macte_animo_Generose_puer_sic_itur_ad_astra	Yes	No	Yes	sapiens_qui_prospicit	FREE PRECESSION	No	No	SILICON GEL	MAGNITUDE	pace_tua
NonDICOMMRimages	GC-IMAGE-715141	GC-NonDICOMMRimages-478231	GRADIENT	barba_crescit_caput_nescit	ISOTROPIC	Gallia_est_omnis_divisa_in_partes_tres	1H	STIR_Short Tau Inversion Recovery	Yes	sapiens_qui_prospicit	No	No	Yes	labor_ipse_voluptas	NONE	No	Yes	SILICON GEL	PHASE	salus_in_arduis
NonDICOMMRimages	GC-IMAGE-775032	GC-NonDICOMMRimages-128184	GRADIENT	sapiens_qui_prospicit	ISOTROPIC	pace_tua	7LI	T2_T2 weighted contrast	Yes	nanos_gigantum_humeris_insidentes	Yes	No	Yes	Gallia_est_omnis_divisa_in_partes_tres	FREE PRECESSION	No	Yes	SILICON GEL	MAGNITUDE	scientiae_cedit_mare
NonDICOMMRimages	GC-IMAGE-123385	GC-NonDICOMMRimages-652496	BOTH	damnant_quod_non_intellegunt	NONE	sapiens_qui_prospicit	3HE	T1_T1 weighted contrast	No	scientia_et_sapientia	No	No	Yes	nascentes_morimur_finisque_ab_origine_pendet	LONGITUDINAL	Yes	Yes	SILICON GEL	MAGNITUDE	scientia_et_sapientia
NonDICOMMRimages	GC-IMAGE-633441	GC-NonDICOMMRimages-982657	BOTH	saltus_in_demonstrando	DIRECTIONAL	Macte_animo_Generose_puer_sic_itur_ad_astra	129XE	T1_T1 weighted contrast	No	sapiens_qui_prospicit	No	No	No	O_Tite_tute_Tati_tibi_tanta_tyranne_tulisti	TIME REVERSED	No	Yes	WATER	IMAGINARY	imperium_in_imperio
NonDICOMMRimages	GC-IMAGE-184923	GC-NonDICOMMRimages-952320	GRADIENT	scientia_imperii_decus_et_tutamen	ISOTROPIC	imperium_in_imperio	31P	STIR_Short Tau Inversion Recovery	Yes	scientia_et_labor	Yes	No	Yes	O_Tite_tute_Tati_tibi_tanta_tyranne_tulisti	NONE	Yes	No	WATER	REAL	nanos_gigantum_humeris_insidentes
NonDICOMMRimages	GC-IMAGE-861383	GC-NonDICOMMRimages-383267	SPIN	damnant_quod_non_intellegunt	BMATRIX	salus_in_arduis	3HE	TAGGING_Superposition of thin saturation bands onto image	Yes	O_Tite_tute_Tati_tibi_tanta_tyranne_tulisti	Yes	No	No	labor_ipse_voluptas	NONE	Yes	Yes	NONE	PHASE	a_bene_placito
NonDICOMMRimages	GC-IMAGE-891899	GC-NonDICOMMRimages-363743	BOTH	damnant_quod_non_intellegunt	NONE	salus_in_arduis	23NA	TOF_Time Of Flight weighted contrast	Yes	scientia,_aere_perennius	No	No	Yes	Gallia_est_omnis_divisa_in_partes_tres	NONE	No	No	WATER	MAGNITUDE	nascentes_morimur_finisque_ab_origine_pendet
NonDICOMMRimages	GC-IMAGE-672063	GC-NonDICOMMRimages-143075	GRADIENT	scientia_et_labor	ISOTROPIC	saltus_in_demonstrando	23NA	T1_T1 weighted contrast	Yes	scientia,_aere_perennius	Yes	Yes	No	Gallia_est_omnis_divisa_in_partes_tres	LONGITUDINAL	Yes	No	FAT	IMAGINARY	salus_in_arduis
NonDICOMMRimages	GC-IMAGE-148185	GC-NonDICOMMRimages-246249	BOTH	scientia_et_labor	BMATRIX	a_bene_placito	19F	T2_T2 weighted contrast	No	sapiens_qui_prospicit	No	Yes	No	nascentes_morimur_finisque_ab_origine_pendet	LONGITUDINAL	Yes	Yes	WATER	IMAGINARY	Macte_animo_Generose_puer_sic_itur_ad_astra
NonDICOMMRimages	GC-IMAGE-878997	GC-NonDICOMMRimages-853191	BOTH	salus_in_arduis	DIRECTIONAL	nascentes_morimur_finisque_ab_origine_pendet	31P	FLUID_ATTENUATED_Fluid Attenuated T2 weighted contrast	Yes	scientia_imperii_decus_et_tutamen	No	No	No	nanos_gigantum_humeris_insidentes	TRANSVERSE	Yes	No	FAT	IMAGINARY	a_bene_placito
NonDICOMMRimages	GC-IMAGE-461556	GC-NonDICOMMRimages-601116	SPIN	scientiae_et_patriae	DIRECTIONAL	labor_ipse_voluptas	23NA	T2_T2 weighted contrast	Yes	pace_tua	Yes	No	No	Macte_animo_Generose_puer_sic_itur_ad_astra	TRANSVERSE	Yes	Yes	FAT AND WATER	REAL	damnant_quod_non_intellegunt
NonDICOMMRimages	GC-IMAGE-835591	GC-NonDICOMMRimages-664350	SPIN	damnant_quod_non_intellegunt	BMATRIX	Gallia_est_omnis_divisa_in_partes_tres	7LI	PROTON_DENSITY_Proton Density weighted contrast	Yes	scientiae_et_patriae	Yes	Yes	Yes	salus_in_arduis	NONE	Yes	Yes	SILICON GEL	REAL	a_bene_placito
NonDICOMMRimages	GC-IMAGE-872287	GC-NonDICOMMRimages-602939	SPIN	damnant_quod_non_intellegunt	BMATRIX	scientia,_aere_perennius	1H	T2_STAR_T2* weighted contrast	Yes	scientiae_et_patriae	Yes	Yes	No	cacatum_non_est_pictum	TRANSVERSE	No	Yes	FAT	MAGNITUDE	barba_crescit_caput_nescit
NonDICOMMRimages	GC-IMAGE-220174	GC-NonDICOMMRimages-123933	BOTH	id_quod_plerumque_accidit	DIRECTIONAL	cacatum_non_est_pictum	129XE	TOF_Time Of Flight weighted contrast	No	salus_in_arduis	No	Yes	Yes	scientia_imperii_decus_et_tutamen	TRANSVERSE	Yes	Yes	NONE	IMAGINARY	barba_crescit_caput_nescit
NonDICOMMRimages	GC-IMAGE-727530	GC-NonDICOMMRimages-435312	BOTH	pace_tua	DIRECTIONAL	pace_tua	13C	FLUID_ATTENUATED_Fluid Attenuated T2 weighted contrast	No	scientia,_aere_perennius	Yes	No	Yes	scientia,_aere_perennius	TRANSVERSE	Yes	No	FAT AND WATER	REAL	id_quod_plerumque_accidit
NonDICOMMRimages	GC-IMAGE-999832	GC-NonDICOMMRimages-762035	GRADIENT	labor_ipse_voluptas	NONE	id_quod_plerumque_accidit	13C	PERFUSION_Perfusion weighted contrast	No	Macte_animo_Generose_puer_sic_itur_ad_astra	Yes	No	Yes	Gallia_est_omnis_divisa_in_partes_tres	TIME REVERSED	Yes	No	WATER	IMAGINARY	labor_ipse_voluptas
NonDICOMMRimages	GC-IMAGE-441668	GC-NonDICOMMRimages-673389	SPIN	haec_olim_meminisse_iuvabit	ISOTROPIC	damnant_quod_non_intellegunt	129XE	FLOW_ENCODED_Flow Encoded contrast	Yes	pace_tua	Yes	No	Yes	scientia_et_labor	TRANSVERSE	Yes	No	FAT AND WATER	PHASE	damnant_quod_non_intellegunt
NonDICOMMRimages	GC-IMAGE-619595	GC-NonDICOMMRimages-626820	BOTH	haec_olim_meminisse_iuvabit	NONE	Gallia_est_omnis_divisa_in_partes_tres	7LI	FLUID_ATTENUATED_Fluid Attenuated T2 weighted contrast	No	scientia_imperii_decus_et_tutamen	Yes	No	Yes	scientia_et_labor	TIME REVERSED	No	Yes	NONE	PHASE	nascentes_morimur_finisque_ab_origine_pendet
NonDICOMMRimages	GC-IMAGE-119098	GC-NonDICOMMRimages-667635	GRADIENT	nascentes_morimur_finisque_ab_origine_pendet	ISOTROPIC	sapiens_qui_prospicit	23NA	TAGGING_Superposition of thin saturation bands onto image	No	damnant_quod_non_intellegunt	Yes	Yes	Yes	salus_in_arduis	LONGITUDINAL	No	No	NONE	IMAGINARY	haec_olim_meminisse_iuvabit
NonDICOMMRimages	GC-IMAGE-700439	GC-NonDICOMMRimages-263982	BOTH	a_bene_placito	NONE	nascentes_morimur_finisque_ab_origine_pendet	13C	DIFFUSION	Yes	Gallia_est_omnis_divisa_in_partes_tres	No	No	No	haec_olim_meminisse_iuvabit	NONE	Yes	No	FAT AND WATER	IMAGINARY	salus_in_arduis
NonDICOMMRimages	GC-IMAGE-967750	GC-NonDICOMMRimages-777113	GRADIENT	O_Tite_tute_Tati_tibi_tanta_tyranne_tulisti	BMATRIX	pace_tua	1H	FLOW_ENCODED_Flow Encoded contrast	Yes	scientia_et_labor	Yes	Yes	No	haec_olim_meminisse_iuvabit	NONE	Yes	Yes	FAT	IMAGINARY	scientiae_et_patriae
NonDICOMMRimages	GC-IMAGE-375398	GC-NonDICOMMRimages-673729	SPIN	scientia_et_sapientia	ISOTROPIC	scientia,_aere_perennius	31P	DIFFUSION	Yes	scientiae_cedit_mare	Yes	Yes	Yes	a_bene_placito	NONE	Yes	No	NONE	IMAGINARY	a_bene_placito
NonDICOMMRimages	GC-IMAGE-832860	GC-NonDICOMMRimages-794130	GRADIENT	a_bene_placito	DIRECTIONAL	O_Tite_tute_Tati_tibi_tanta_tyranne_tulisti	1H	FLOW_ENCODED_Flow Encoded contrast	No	imperium_in_imperio	Yes	No	No	imperium_in_imperio	LONGITUDINAL	Yes	No	NONE	MAGNITUDE	scientia_et_sapientia
NonDICOMMRimages	GC-IMAGE-302734	GC-NonDICOMMRimages-347710	GRADIENT	id_quod_plerumque_accidit	NONE	scientia,_aere_perennius	13C	TOF_Time Of Flight weighted contrast	No	nanos_gigantum_humeris_insidentes	Yes	Yes	No	barba_crescit_caput_nescit	NONE	Yes	Yes	SILICON GEL	PHASE	damnant_quod_non_intellegunt
NonDICOMMRimages	GC-IMAGE-656269	GC-NonDICOMMRimages-306762	BOTH	pace_tua	DIRECTIONAL	id_quod_plerumque_accidit	19F	PROTON_DENSITY_Proton Density weighted contrast	Yes	scientia_et_sapientia	Yes	Yes	No	nascentes_morimur_finisque_ab_origine_pendet	FREE PRECESSION	Yes	No	NONE	REAL	id_quod_plerumque_accidit
NonDICOMMRimages	GC-IMAGE-881390	GC-NonDICOMMRimages-948188	SPIN	Macte_animo_Generose_puer_sic_itur_ad_astra	BMATRIX	pace_tua	1H	PERFUSION_Perfusion weighted contrast	No	id_quod_plerumque_accidit	Yes	Yes	Yes	scientiae_cedit_mare	TIME REVERSED	No	No	NONE	PHASE	scientiae_cedit_mare
NonDICOMMRimages	GC-IMAGE-159189	GC-NonDICOMMRimages-694953	BOTH	nanos_gigantum_humeris_insidentes	BMATRIX	haec_olim_meminisse_iuvabit	13C	PERFUSION_Perfusion weighted contrast	No	scientia_imperii_decus_et_tutamen	Yes	Yes	No	cacatum_non_est_pictum	LONGITUDINAL	No	Yes	FAT	MAGNITUDE	scientia_imperii_decus_et_tutamen
NonDICOMMRimages	GC-IMAGE-748948	GC-NonDICOMMRimages-968199	BOTH	faber_est_suae_quisque_fortunae	ISOTROPIC	Gallia_est_omnis_divisa_in_partes_tres	23NA	PROTON_DENSITY_Proton Density weighted contrast	Yes	damnant_quod_non_intellegunt	No	Yes	No	id_quod_plerumque_accidit	LONGITUDINAL	No	Yes	FAT AND WATER	REAL	pace_tua
NonDICOMMRimages	GC-IMAGE-504266	GC-NonDICOMMRimages-630307	BOTH	sapiens_qui_prospicit	BMATRIX	barba_crescit_caput_nescit	13C	PERFUSION_Perfusion weighted contrast	No	O_Tite_tute_Tati_tibi_tanta_tyranne_tulisti	Yes	No	No	barba_crescit_caput_nescit	TRANSVERSE	Yes	Yes	FAT	PHASE	scientia_et_sapientia
NonDICOMMRimages	GC-IMAGE-896757	GC-NonDICOMMRimages-631500	SPIN	faber_est_suae_quisque_fortunae	ISOTROPIC	nanos_gigantum_humeris_insidentes	7LI	FLOW_ENCODED_Flow Encoded contrast	Yes	haec_olim_meminisse_iuvabit	Yes	Yes	No	sapiens_qui_prospicit	NONE	Yes	Yes	WATER	IMAGINARY	Gallia_est_omnis_divisa_in_partes_tres
NonDICOMMRimages	GC-IMAGE-550645	GC-NonDICOMMRimages-324251	BOTH	haec_olim_meminisse_iuvabit	BMATRIX	sapiens_qui_prospicit	19F	FLUID_ATTENUATED_Fluid Attenuated T2 weighted contrast	No	saltus_in_demonstrando	No	Yes	No	saltus_in_demonstrando	FREE PRECESSION	Yes	No	WATER	IMAGINARY	scientiae_cedit_mare
NonDICOMMRimages	GC-IMAGE-289449	GC-NonDICOMMRimages-872126	GRADIENT	Gallia_est_omnis_divisa_in_partes_tres	BMATRIX	cacatum_non_est_pictum	19F	T2_STAR_T2* weighted contrast	No	nascentes_morimur_finisque_ab_origine_pendet	Yes	No	Yes	salus_in_arduis	NONE	No	Yes	SILICON GEL	IMAGINARY	Obedientia_civium_urbis_felicitas
NonDICOMMRimages	GC-IMAGE-669340	GC-NonDICOMMRimages-363326	SPIN	sapiens_qui_prospicit	BMATRIX	O_Tite_tute_Tati_tibi_tanta_tyranne_tulisti	3HE	TOF_Time Of Flight weighted contrast	No	scientiae_cedit_mare	Yes	Yes	No	sapiens_qui_prospicit	FREE PRECESSION	Yes	Yes	FAT AND WATER	PHASE	pace_tua
NonDICOMMRimages	GC-IMAGE-299964	GC-NonDICOMMRimages-878896	BOTH	saltus_in_demonstrando	ISOTROPIC	scientiae_et_patriae	3HE	PERFUSION_Perfusion weighted contrast	Yes	scientia_et_sapientia	Yes	Yes	Yes	nascentes_morimur_finisque_ab_origine_pendet	TRANSVERSE	Yes	Yes	SILICON GEL	REAL	Gallia_est_omnis_divisa_in_partes_tres
NonDICOMMRimages	GC-IMAGE-483799	GC-NonDICOMMRimages-546078	GRADIENT	scientiae_cedit_mare	DIRECTIONAL	scientia_et_sapientia	31P	T2_STAR_T2* weighted contrast	Yes	scientia_imperii_decus_et_tutamen	No	No	Yes	scientia_et_labor	FREE PRECESSION	Yes	No	NONE	IMAGINARY	nascentes_morimur_finisque_ab_origine_pendet
NonDICOMMRimages	GC-IMAGE-510616	GC-NonDICOMMRimages-461680	SPIN	scientia_et_labor	DIRECTIONAL	scientia_et_sapientia	31P	TOF_Time Of Flight weighted contrast	No	sapiens_qui_prospicit	No	Yes	No	sapiens_qui_prospicit	LONGITUDINAL	No	Yes	NONE	IMAGINARY	e_causa_ignota
NonDICOMMRimages	GC-IMAGE-470303	GC-NonDICOMMRimages-428916	SPIN	sapiens_qui_prospicit	ISOTROPIC	labor_ipse_voluptas	1H	DIFFUSION	No	O_Tite_tute_Tati_tibi_tanta_tyranne_tulisti	No	No	Yes	imperium_in_imperio	NONE	Yes	Yes	NONE	MAGNITUDE	imperium_in_imperio
NonDICOMMRimages	GC-IMAGE-744547	GC-NonDICOMMRimages-290154	SPIN	scientia_imperii_decus_et_tutamen	NONE	e_causa_ignota	129XE	FLOW_ENCODED_Flow Encoded contrast	No	faber_est_suae_quisque_fortunae	Yes	No	Yes	faber_est_suae_quisque_fortunae	FREE PRECESSION	No	No	FAT AND WATER	IMAGINARY	a_bene_placito
NonDICOMMRimages	GC-IMAGE-795097	GC-NonDICOMMRimages-581156	GRADIENT	barba_crescit_caput_nescit	ISOTROPIC	scientia_et_labor	31P	STIR_Short Tau Inversion Recovery	Yes	sapiens_qui_prospicit	Yes	No	Yes	labor_ipse_voluptas	TRANSVERSE	No	No	WATER	IMAGINARY	nanos_gigantum_humeris_insidentes
NonDICOMMRimages	GC-IMAGE-808799	GC-NonDICOMMRimages-702867	SPIN	O_Tite_tute_Tati_tibi_tanta_tyranne_tulisti	NONE	faber_est_suae_quisque_fortunae	129XE	DIFFUSION	No	cacatum_non_est_pictum	Yes	Yes	Yes	Obedientia_civium_urbis_felicitas	TRANSVERSE	No	Yes	FAT	PHASE	scientiae_et_patriae
NonDICOMMRimages	GC-IMAGE-573348	GC-NonDICOMMRimages-194452	SPIN	nanos_gigantum_humeris_insidentes	NONE	nascentes_morimur_finisque_ab_origine_pendet	7LI	PROTON_DENSITY_Proton Density weighted contrast	Yes	cacatum_non_est_pictum	No	No	Yes	scientia_imperii_decus_et_tutamen	FREE PRECESSION	No	Yes	FAT	PHASE	barba_crescit_caput_nescit
NonDICOMMRimages	GC-IMAGE-941956	GC-NonDICOMMRimages-536827	BOTH	scientia_imperii_decus_et_tutamen	BMATRIX	nanos_gigantum_humeris_insidentes	13C	DIFFUSION	Yes	pace_tua	No	Yes	No	scientia_et_labor	NONE	Yes	Yes	FAT AND WATER	REAL	damnant_quod_non_intellegunt
NonDICOMMRimages	GC-IMAGE-351629	GC-NonDICOMMRimages-458689	BOTH	Macte_animo_Generose_puer_sic_itur_ad_astra	NONE	cacatum_non_est_pictum	3HE	STIR_Short Tau Inversion Recovery	No	O_Tite_tute_Tati_tibi_tanta_tyranne_tulisti	No	Yes	Yes	saltus_in_demonstrando	FREE PRECESSION	Yes	Yes	SILICON GEL	IMAGINARY	scientia_et_labor
NonDICOMMRimages	GC-IMAGE-291087	GC-NonDICOMMRimages-585209	SPIN	damnant_quod_non_intellegunt	DIRECTIONAL	labor_ipse_voluptas	7LI	PERFUSION_Perfusion weighted contrast	Yes	saltus_in_demonstrando	Yes	No	Yes	haec_olim_meminisse_iuvabit	FREE PRECESSION	No	Yes	SILICON GEL	IMAGINARY	barba_crescit_caput_nescit
NonDICOMMRimages	GC-IMAGE-485997	GC-NonDICOMMRimages-671259	BOTH	labor_ipse_voluptas	BMATRIX	imperium_in_imperio	19F	T1_T1 weighted contrast	Yes	scientiae_cedit_mare	No	No	No	haec_olim_meminisse_iuvabit	FREE PRECESSION	No	Yes	FAT	REAL	Obedientia_civium_urbis_felicitas
NonDICOMMRimages	GC-IMAGE-519963	GC-NonDICOMMRimages-194193	BOTH	salus_in_arduis	NONE	nascentes_morimur_finisque_ab_origine_pendet	31P	FLUID_ATTENUATED_Fluid Attenuated T2 weighted contrast	No	imperium_in_imperio	Yes	Yes	Yes	O_Tite_tute_Tati_tibi_tanta_tyranne_tulisti	LONGITUDINAL	No	Yes	FAT	REAL	Gallia_est_omnis_divisa_in_partes_tres
NonDICOMMRimages	GC-IMAGE-216616	GC-NonDICOMMRimages-762601	BOTH	sapiens_qui_prospicit	BMATRIX	Obedientia_civium_urbis_felicitas	1H	FLUID_ATTENUATED_Fluid Attenuated T2 weighted contrast	Yes	Obedientia_civium_urbis_felicitas	No	Yes	No	cacatum_non_est_pictum	NONE	Yes	No	FAT	PHASE	damnant_quod_non_intellegunt
NonDICOMMRimages	GC-IMAGE-742213	GC-NonDICOMMRimages-219403	SPIN	nanos_gigantum_humeris_insidentes	DIRECTIONAL	e_causa_ignota	19F	PROTON_DENSITY_Proton Density weighted contrast	No	Gallia_est_omnis_divisa_in_partes_tres	Yes	No	No	labor_ipse_voluptas	TIME REVERSED	No	No	NONE	IMAGINARY	pace_tua
NonDICOMMRimages	GC-IMAGE-947729	GC-NonDICOMMRimages-431598	SPIN	Macte_animo_Generose_puer_sic_itur_ad_astra	NONE	cacatum_non_est_pictum	19F	FLUID_ATTENUATED_Fluid Attenuated T2 weighted contrast	No	Macte_animo_Generose_puer_sic_itur_ad_astra	No	Yes	Yes	nascentes_morimur_finisque_ab_origine_pendet	TIME REVERSED	No	No	SILICON GEL	PHASE	scientiae_et_patriae
NonDICOMMRimages	GC-IMAGE-647918	GC-NonDICOMMRimages-278307	GRADIENT	Obedientia_civium_urbis_felicitas	ISOTROPIC	e_causa_ignota	31P	FLOW_ENCODED_Flow Encoded contrast	No	a_bene_placito	Yes	No	No	e_causa_ignota	TRANSVERSE	No	No	FAT AND WATER	PHASE	imperium_in_imperio
NonDICOMMRimages	GC-IMAGE-643876	GC-NonDICOMMRimages-438547	SPIN	Gallia_est_omnis_divisa_in_partes_tres	ISOTROPIC	nascentes_morimur_finisque_ab_origine_pendet	7LI	T1_T1 weighted contrast	Yes	faber_est_suae_quisque_fortunae	Yes	No	No	pace_tua	NONE	Yes	No	FAT AND WATER	PHASE	scientia,_aere_perennius
NonDICOMMRimages	GC-IMAGE-650748	GC-NonDICOMMRimages-837464	GRADIENT	scientia_et_labor	ISOTROPIC	O_Tite_tute_Tati_tibi_tanta_tyranne_tulisti	31P	TOF_Time Of Flight weighted contrast	Yes	e_causa_ignota	No	Yes	No	labor_ipse_voluptas	NONE	No	No	FAT AND WATER	IMAGINARY	Macte_animo_Generose_puer_sic_itur_ad_astra
NonDICOMMRimages	GC-IMAGE-530557	GC-NonDICOMMRimages-182659	SPIN	imperium_in_imperio	BMATRIX	id_quod_plerumque_accidit	7LI	STIR_Short Tau Inversion Recovery	No	barba_crescit_caput_nescit	No	No	No	scientia_et_sapientia	NONE	Yes	Yes	FAT AND WATER	IMAGINARY	haec_olim_meminisse_iuvabit
NonDICOMMRimages	GC-IMAGE-586183	GC-NonDICOMMRimages-384665	SPIN	cacatum_non_est_pictum	NONE	sapiens_qui_prospicit	3HE	TAGGING_Superposition of thin saturation bands onto image	Yes	nascentes_morimur_finisque_ab_origine_pendet	Yes	No	Yes	id_quod_plerumque_accidit	NONE	Yes	Yes	FAT AND WATER	REAL	damnant_quod_non_intellegunt
NonDICOMMRimages	GC-IMAGE-309727	GC-NonDICOMMRimages-280258	GRADIENT	haec_olim_meminisse_iuvabit	BMATRIX	salus_in_arduis	7LI	TOF_Time Of Flight weighted contrast	No	pace_tua	No	No	Yes	id_quod_plerumque_accidit	TRANSVERSE	Yes	No	NONE	PHASE	labor_ipse_voluptas
NonDICOMMRimages	GC-IMAGE-662359	GC-NonDICOMMRimages-776200	GRADIENT	damnant_quod_non_intellegunt	BMATRIX	scientiae_et_patriae	13C	T1_T1 weighted contrast	No	O_Tite_tute_Tati_tibi_tanta_tyranne_tulisti	No	No	No	id_quod_plerumque_accidit	LONGITUDINAL	No	Yes	NONE	REAL	imperium_in_imperio
NonDICOMMRimages	GC-IMAGE-392212	GC-NonDICOMMRimages-594602	SPIN	scientiae_cedit_mare	NONE	O_Tite_tute_Tati_tibi_tanta_tyranne_tulisti	23NA	T2_T2 weighted contrast	No	imperium_in_imperio	No	Yes	Yes	scientia,_aere_perennius	TIME REVERSED	No	Yes	NONE	PHASE	scientiae_et_patriae
NonDICOMMRimages	GC-IMAGE-761144	GC-NonDICOMMRimages-727879	SPIN	id_quod_plerumque_accidit	ISOTROPIC	id_quod_plerumque_accidit	129XE	TAGGING_Superposition of thin saturation bands onto image	Yes	Obedientia_civium_urbis_felicitas	No	No	Yes	Obedientia_civium_urbis_felicitas	TIME REVERSED	No	No	FAT AND WATER	IMAGINARY	damnant_quod_non_intellegunt
NonDICOMMRimages	GC-IMAGE-953587	GC-NonDICOMMRimages-731193	SPIN	damnant_quod_non_intellegunt	DIRECTIONAL	barba_crescit_caput_nescit	3HE	T2_T2 weighted contrast	No	nascentes_morimur_finisque_ab_origine_pendet	No	No	No	a_bene_placito	FREE PRECESSION	No	No	NONE	IMAGINARY	scientiae_et_patriae
NonDICOMMRimages	GC-IMAGE-552304	GC-NonDICOMMRimages-293703	GRADIENT	sapiens_qui_prospicit	NONE	id_quod_plerumque_accidit	129XE	TOF_Time Of Flight weighted contrast	No	scientia,_aere_perennius	Yes	Yes	Yes	O_Tite_tute_Tati_tibi_tanta_tyranne_tulisti	TIME REVERSED	Yes	Yes	WATER	PHASE	Macte_animo_Generose_puer_sic_itur_ad_astra
NonDICOMMRimages	GC-IMAGE-469004	GC-NonDICOMMRimages-913351	SPIN	Gallia_est_omnis_divisa_in_partes_tres	DIRECTIONAL	scientia_et_sapientia	7LI	TAGGING_Superposition of thin saturation bands onto image	No	salus_in_arduis	Yes	No	Yes	damnant_quod_non_intellegunt	TIME REVERSED	Yes	No	NONE	PHASE	cacatum_non_est_pictum
NonDICOMMRimages	GC-IMAGE-595347	GC-NonDICOMMRimages-893549	SPIN	saltus_in_demonstrando	ISOTROPIC	pace_tua	3HE	TAGGING_Superposition of thin saturation bands onto image	No	id_quod_plerumque_accidit	Yes	Yes	No	barba_crescit_caput_nescit	FREE PRECESSION	Yes	Yes	NONE	MAGNITUDE	haec_olim_meminisse_iuvabit
NonDICOMMRimages	GC-IMAGE-829028	GC-NonDICOMMRimages-967977	BOTH	scientia,_aere_perennius	NONE	scientiae_et_patriae	13C	PERFUSION_Perfusion weighted contrast	No	faber_est_suae_quisque_fortunae	No	Yes	No	labor_ipse_voluptas	LONGITUDINAL	No	No	NONE	REAL	scientia_et_sapientia
NonDICOMMRimages	GC-IMAGE-458348	GC-NonDICOMMRimages-539161	GRADIENT	O_Tite_tute_Tati_tibi_tanta_tyranne_tulisti	NONE	Macte_animo_Generose_puer_sic_itur_ad_astra	31P	T2_STAR_T2* weighted contrast	No	imperium_in_imperio	Yes	No	Yes	barba_crescit_caput_nescit	TRANSVERSE	No	Yes	FAT AND WATER	PHASE	e_causa_ignota
NonDICOMMRimages	GC-IMAGE-676863	GC-NonDICOMMRimages-434261	BOTH	e_causa_ignota	NONE	scientia,_aere_perennius	1H	STIR_Short Tau Inversion Recovery	Yes	cacatum_non_est_pictum	No	Yes	Yes	a_bene_placito	TIME REVERSED	Yes	No	SILICON GEL	MAGNITUDE	Obedientia_civium_urbis_felicitas
NonDICOMMRimages	GC-IMAGE-935028	GC-NonDICOMMRimages-530156	SPIN	faber_est_suae_quisque_fortunae	BMATRIX	imperium_in_imperio	3HE	T1_T1 weighted contrast	No	haec_olim_meminisse_iuvabit	Yes	No	No	Gallia_est_omnis_divisa_in_partes_tres	FREE PRECESSION	No	Yes	FAT AND WATER	IMAGINARY	imperium_in_imperio
NonDICOMMRimages	GC-IMAGE-177054	GC-NonDICOMMRimages-509321	GRADIENT	Gallia_est_omnis_divisa_in_partes_tres	NONE	Obedientia_civium_urbis_felicitas	3HE	T2_STAR_T2* weighted contrast	Yes	scientia_imperii_decus_et_tutamen	Yes	Yes	Yes	nanos_gigantum_humeris_insidentes	TRANSVERSE	No	No	FAT	IMAGINARY	scientia_et_sapientia
NonDICOMMRimages	GC-IMAGE-972058	GC-NonDICOMMRimages-303775	SPIN	cacatum_non_est_pictum	NONE	barba_crescit_caput_nescit	3HE	PROTON_DENSITY_Proton Density weighted contrast	Yes	cacatum_non_est_pictum	No	Yes	Yes	scientiae_et_patriae	NONE	No	Yes	NONE	IMAGINARY	nascentes_morimur_finisque_ab_origine_pendet
NonDICOMMRimages	GC-IMAGE-534892	GC-NonDICOMMRimages-592347	GRADIENT	salus_in_arduis	ISOTROPIC	Macte_animo_Generose_puer_sic_itur_ad_astra	31P	STIR_Short Tau Inversion Recovery	No	scientia_et_labor	Yes	No	No	cacatum_non_est_pictum	FREE PRECESSION	No	No	FAT	IMAGINARY	a_bene_placito
NonDICOMMRimages	GC-IMAGE-695086	GC-NonDICOMMRimages-787580	GRADIENT	Obedientia_civium_urbis_felicitas	BMATRIX	O_Tite_tute_Tati_tibi_tanta_tyranne_tulisti	3HE	TOF_Time Of Flight weighted contrast	Yes	Gallia_est_omnis_divisa_in_partes_tres	No	Yes	No	labor_ipse_voluptas	TIME REVERSED	Yes	No	NONE	PHASE	Macte_animo_Generose_puer_sic_itur_ad_astra
NonDICOMMRimages	GC-IMAGE-571575	GC-NonDICOMMRimages-928652	BOTH	scientiae_cedit_mare	DIRECTIONAL	labor_ipse_voluptas	7LI	T1_T1 weighted contrast	No	pace_tua	Yes	Yes	No	scientia_et_sapientia	NONE	Yes	Yes	FAT	REAL	imperium_in_imperio
NonDICOMMRimages	GC-IMAGE-956927	GC-NonDICOMMRimages-455164	SPIN	Obedientia_civium_urbis_felicitas	BMATRIX	scientia_imperii_decus_et_tutamen	7LI	PROTON_DENSITY_Proton Density weighted contrast	No	id_quod_plerumque_accidit	Yes	Yes	No	scientia_et_sapientia	LONGITUDINAL	Yes	Yes	FAT	REAL	pace_tua
NonDICOMMRimages	GC-IMAGE-137491	GC-NonDICOMMRimages-106276	SPIN	faber_est_suae_quisque_fortunae	ISOTROPIC	scientia_et_sapientia	31P	T1_T1 weighted contrast	Yes	sapiens_qui_prospicit	No	Yes	Yes	scientiae_et_patriae	TIME REVERSED	Yes	Yes	NONE	PHASE	a_bene_placito
NonDICOMMRimages	GC-IMAGE-279207	GC-NonDICOMMRimages-688956	BOTH	haec_olim_meminisse_iuvabit	BMATRIX	scientia_et_labor	7LI	T2_STAR_T2* weighted contrast	Yes	id_quod_plerumque_accidit	Yes	Yes	Yes	saltus_in_demonstrando	TIME REVERSED	No	No	NONE	IMAGINARY	saltus_in_demonstrando
NonDICOMMRimages	GC-IMAGE-291892	GC-NonDICOMMRimages-849152	BOTH	scientia_et_sapientia	NONE	cacatum_non_est_pictum	13C	T1_T1 weighted contrast	No	faber_est_suae_quisque_fortunae	Yes	No	Yes	nascentes_morimur_finisque_ab_origine_pendet	FREE PRECESSION	Yes	No	FAT AND WATER	IMAGINARY	faber_est_suae_quisque_fortunae
NonDICOMMRimages	GC-IMAGE-366961	GC-NonDICOMMRimages-766625	GRADIENT	id_quod_plerumque_accidit	NONE	scientia_et_sapientia	7LI	STIR_Short Tau Inversion Recovery	Yes	barba_crescit_caput_nescit	Yes	No	No	a_bene_placito	NONE	Yes	No	FAT AND WATER	MAGNITUDE	damnant_quod_non_intellegunt
NonDICOMMRimages	GC-IMAGE-151467	GC-NonDICOMMRimages-929635	BOTH	scientiae_cedit_mare	DIRECTIONAL	scientia,_aere_perennius	13C	TOF_Time Of Flight weighted contrast	Yes	a_bene_placito	Yes	Yes	No	damnant_quod_non_intellegunt	TIME REVERSED	No	No	NONE	MAGNITUDE	Gallia_est_omnis_divisa_in_partes_tres
NonDICOMMRimages	GC-IMAGE-903375	GC-NonDICOMMRimages-905693	GRADIENT	scientiae_et_patriae	DIRECTIONAL	nanos_gigantum_humeris_insidentes	1H	DIFFUSION	Yes	scientia_et_labor	No	No	Yes	salus_in_arduis	LONGITUDINAL	Yes	Yes	WATER	PHASE	labor_ipse_voluptas
NonDICOMMRimages	GC-IMAGE-863020	GC-NonDICOMMRimages-570304	SPIN	Obedientia_civium_urbis_felicitas	DIRECTIONAL	id_quod_plerumque_accidit	1H	FLOW_ENCODED_Flow Encoded contrast	No	imperium_in_imperio	No	No	No	nascentes_morimur_finisque_ab_origine_pendet	NONE	No	No	SILICON GEL	MAGNITUDE	scientia_imperii_decus_et_tutamen
NonDICOMMRimages	GC-IMAGE-902332	GC-NonDICOMMRimages-285238	BOTH	scientiae_et_patriae	NONE	pace_tua	3HE	PERFUSION_Perfusion weighted contrast	No	scientiae_cedit_mare	No	Yes	Yes	scientia_et_sapientia	FREE PRECESSION	Yes	Yes	SILICON GEL	REAL	imperium_in_imperio
NonDICOMMRimages	GC-IMAGE-426806	GC-NonDICOMMRimages-155494	GRADIENT	haec_olim_meminisse_iuvabit	DIRECTIONAL	e_causa_ignota	31P	TOF_Time Of Flight weighted contrast	Yes	O_Tite_tute_Tati_tibi_tanta_tyranne_tulisti	Yes	No	Yes	scientia_et_sapientia	NONE	No	Yes	NONE	IMAGINARY	a_bene_placito
NonDICOMMRimages	GC-IMAGE-815491	GC-NonDICOMMRimages-651863	GRADIENT	e_causa_ignota	ISOTROPIC	scientia_et_sapientia	129XE	TOF_Time Of Flight weighted contrast	Yes	O_Tite_tute_Tati_tibi_tanta_tyranne_tulisti	Yes	No	No	pace_tua	NONE	No	Yes	FAT AND WATER	REAL	faber_est_suae_quisque_fortunae
NonDICOMMRimages	GC-IMAGE-799182	GC-NonDICOMMRimages-697212	SPIN	id_quod_plerumque_accidit	ISOTROPIC	labor_ipse_voluptas	7LI	T2_T2 weighted contrast	Yes	Gallia_est_omnis_divisa_in_partes_tres	No	No	Yes	scientia_imperii_decus_et_tutamen	NONE	No	Yes	FAT	IMAGINARY	Obedientia_civium_urbis_felicitas
NonDICOMMRimages	GC-IMAGE-239864	GC-NonDICOMMRimages-495325	SPIN	Gallia_est_omnis_divisa_in_partes_tres	NONE	haec_olim_meminisse_iuvabit	23NA	FLUID_ATTENUATED_Fluid Attenuated T2 weighted contrast	No	haec_olim_meminisse_iuvabit	No	No	No	Gallia_est_omnis_divisa_in_partes_tres	LONGITUDINAL	Yes	Yes	WATER	MAGNITUDE	faber_est_suae_quisque_fortunae
NonDICOMMRimages	GC-IMAGE-568529	GC-NonDICOMMRimages-353642	GRADIENT	barba_crescit_caput_nescit	DIRECTIONAL	saltus_in_demonstrando	7LI	TAGGING_Superposition of thin saturation bands onto image	No	O_Tite_tute_Tati_tibi_tanta_tyranne_tulisti	No	No	No	Obedientia_civium_urbis_felicitas	LONGITUDINAL	Yes	Yes	FAT AND WATER	PHASE	Macte_animo_Generose_puer_sic_itur_ad_astra
NonDICOMMRimages	GC-IMAGE-915795	GC-NonDICOMMRimages-308639	BOTH	e_causa_ignota	BMATRIX	O_Tite_tute_Tati_tibi_tanta_tyranne_tulisti	13C	DIFFUSION	No	saltus_in_demonstrando	No	No	Yes	O_Tite_tute_Tati_tibi_tanta_tyranne_tulisti	LONGITUDINAL	Yes	No	FAT AND WATER	REAL	nascentes_morimur_finisque_ab_origine_pendet
NonDICOMMRimages	GC-IMAGE-311641	GC-NonDICOMMRimages-516196	GRADIENT	cacatum_non_est_pictum	ISOTROPIC	e_causa_ignota	7LI	PERFUSION_Perfusion weighted contrast	No	Macte_animo_Generose_puer_sic_itur_ad_astra	No	Yes	Yes	barba_crescit_caput_nescit	TIME REVERSED	No	Yes	FAT	REAL	faber_est_suae_quisque_fortunae
NonDICOMMRimages	GC-IMAGE-553011	GC-NonDICOMMRimages-433491	SPIN	salus_in_arduis	NONE	scientia_et_labor	13C	T2_T2 weighted contrast	Yes	Macte_animo_Generose_puer_sic_itur_ad_astra	Yes	Yes	No	damnant_quod_non_intellegunt	TIME REVERSED	No	Yes	WATER	REAL	imperium_in_imperio
NonDICOMMRimages	GC-IMAGE-838601	GC-NonDICOMMRimages-504020	GRADIENT	scientiae_et_patriae	BMATRIX	faber_est_suae_quisque_fortunae	23NA	TOF_Time Of Flight weighted contrast	No	scientiae_et_patriae	No	Yes	Yes	haec_olim_meminisse_iuvabit	NONE	Yes	Yes	SILICON GEL	MAGNITUDE	sapiens_qui_prospicit
NonDICOMMRimages	GC-IMAGE-656706	GC-NonDICOMMRimages-417623	BOTH	O_Tite_tute_Tati_tibi_tanta_tyranne_tulisti	BMATRIX	O_Tite_tute_Tati_tibi_tanta_tyranne_tulisti	19F	DIFFUSION	Yes	scientiae_et_patriae	Yes	Yes	No	nanos_gigantum_humeris_insidentes	TIME REVERSED	No	Yes	WATER	MAGNITUDE	labor_ipse_voluptas
NonDICOMMRimages	GC-IMAGE-250959	GC-NonDICOMMRimages-535292	GRADIENT	Macte_animo_Generose_puer_sic_itur_ad_astra	DIRECTIONAL	barba_crescit_caput_nescit	23NA	STIR_Short Tau Inversion Recovery	No	labor_ipse_voluptas	Yes	No	Yes	cacatum_non_est_pictum	LONGITUDINAL	No	Yes	FAT AND WATER	PHASE	salus_in_arduis
NonDICOMMRimages	GC-IMAGE-988476	GC-NonDICOMMRimages-950438	GRADIENT	haec_olim_meminisse_iuvabit	BMATRIX	scientia_et_sapientia	1H	STIR_Short Tau Inversion Recovery	No	salus_in_arduis	No	No	No	id_quod_plerumque_accidit	TIME REVERSED	No	Yes	SILICON GEL	IMAGINARY	haec_olim_meminisse_iuvabit
NonDICOMMRimages	GC-IMAGE-694800	GC-NonDICOMMRimages-284642	GRADIENT	sapiens_qui_prospicit	NONE	haec_olim_meminisse_iuvabit	23NA	PERFUSION_Perfusion weighted contrast	Yes	O_Tite_tute_Tati_tibi_tanta_tyranne_tulisti	Yes	No	No	faber_est_suae_quisque_fortunae	TIME REVERSED	No	No	SILICON GEL	PHASE	scientiae_et_patriae
NonDICOMMRimages	GC-IMAGE-265680	GC-NonDICOMMRimages-460142	BOTH	salus_in_arduis	NONE	pace_tua	23NA	TOF_Time Of Flight weighted contrast	Yes	e_causa_ignota	Yes	Yes	No	e_causa_ignota	TRANSVERSE	Yes	No	SILICON GEL	PHASE	Gallia_est_omnis_divisa_in_partes_tres
NonDICOMMRimages	GC-IMAGE-633676	GC-NonDICOMMRimages-497010	BOTH	pace_tua	BMATRIX	O_Tite_tute_Tati_tibi_tanta_tyranne_tulisti	129XE	T1_T1 weighted contrast	No	scientiae_et_patriae	No	No	Yes	scientia_imperii_decus_et_tutamen	FREE PRECESSION	Yes	Yes	NONE	IMAGINARY	saltus_in_demonstrando
NonDICOMMRimages	GC-IMAGE-200200	GC-NonDICOMMRimages-644233	BOTH	Gallia_est_omnis_divisa_in_partes_tres	ISOTROPIC	scientia,_aere_perennius	19F	PROTON_DENSITY_Proton Density weighted contrast	Yes	barba_crescit_caput_nescit	Yes	No	Yes	sapiens_qui_prospicit	FREE PRECESSION	Yes	Yes	FAT	MAGNITUDE	imperium_in_imperio
NonDICOMMRimages	GC-IMAGE-964245	GC-NonDICOMMRimages-926792	SPIN	nanos_gigantum_humeris_insidentes	NONE	scientia_et_labor	31P	PROTON_DENSITY_Proton Density weighted contrast	No	O_Tite_tute_Tati_tibi_tanta_tyranne_tulisti	No	No	Yes	nanos_gigantum_humeris_insidentes	FREE PRECESSION	Yes	No	NONE	REAL	faber_est_suae_quisque_fortunae
NonDICOMMRimages	GC-IMAGE-780594	GC-NonDICOMMRimages-881570	BOTH	sapiens_qui_prospicit	NONE	scientiae_cedit_mare	23NA	FLOW_ENCODED_Flow Encoded contrast	Yes	saltus_in_demonstrando	No	Yes	Yes	Obedientia_civium_urbis_felicitas	TRANSVERSE	No	Yes	FAT	IMAGINARY	saltus_in_demonstrando
NonDICOMMRimages	GC-IMAGE-452752	GC-NonDICOMMRimages-627634	GRADIENT	scientiae_cedit_mare	NONE	Gallia_est_omnis_divisa_in_partes_tres	3HE	FLOW_ENCODED_Flow Encoded contrast	Yes	scientiae_et_patriae	Yes	Yes	Yes	scientia_et_sapientia	FREE PRECESSION	No	Yes	FAT	PHASE	scientia_et_labor
NonDICOMMRimages	GC-IMAGE-473031	GC-NonDICOMMRimages-551881	SPIN	cacatum_non_est_pictum	NONE	Gallia_est_omnis_divisa_in_partes_tres	31P	PERFUSION_Perfusion weighted contrast	No	nascentes_morimur_finisque_ab_origine_pendet	Yes	Yes	Yes	nascentes_morimur_finisque_ab_origine_pendet	TRANSVERSE	No	Yes	SILICON GEL	PHASE	nanos_gigantum_humeris_insidentes
NonDICOMMRimages	GC-IMAGE-825299	GC-NonDICOMMRimages-348331	BOTH	pace_tua	DIRECTIONAL	damnant_quod_non_intellegunt	31P	DIFFUSION	Yes	a_bene_placito	Yes	Yes	Yes	scientia_et_sapientia	TIME REVERSED	No	Yes	WATER	REAL	scientiae_et_patriae
NonDICOMMRimages	GC-IMAGE-475094	GC-NonDICOMMRimages-360515	GRADIENT	barba_crescit_caput_nescit	NONE	labor_ipse_voluptas	23NA	T2_T2 weighted contrast	Yes	labor_ipse_voluptas	Yes	Yes	No	salus_in_arduis	LONGITUDINAL	Yes	Yes	SILICON GEL	IMAGINARY	Gallia_est_omnis_divisa_in_partes_tres
NonDICOMMRimages	GC-IMAGE-992753	GC-NonDICOMMRimages-710101	GRADIENT	Gallia_est_omnis_divisa_in_partes_tres	ISOTROPIC	nanos_gigantum_humeris_insidentes	7LI	DIFFUSION	Yes	id_quod_plerumque_accidit	Yes	No	Yes	nanos_gigantum_humeris_insidentes	TRANSVERSE	No	Yes	WATER	REAL	sapiens_qui_prospicit
NonDICOMMRimages	GC-IMAGE-534895	GC-NonDICOMMRimages-301290	BOTH	Macte_animo_Generose_puer_sic_itur_ad_astra	ISOTROPIC	e_causa_ignota	129XE	TOF_Time Of Flight weighted contrast	No	id_quod_plerumque_accidit	Yes	No	No	labor_ipse_voluptas	FREE PRECESSION	Yes	Yes	NONE	PHASE	labor_ipse_voluptas
NonDICOMMRimages	GC-IMAGE-235158	GC-NonDICOMMRimages-869199	GRADIENT	damnant_quod_non_intellegunt	DIRECTIONAL	scientia,_aere_perennius	7LI	T2_STAR_T2* weighted contrast	No	haec_olim_meminisse_iuvabit	Yes	No	No	nascentes_morimur_finisque_ab_origine_pendet	TRANSVERSE	No	No	WATER	PHASE	labor_ipse_voluptas
NonDICOMMRimages	GC-IMAGE-856905	GC-NonDICOMMRimages-309524	GRADIENT	scientiae_cedit_mare	NONE	scientia_et_labor	129XE	STIR_Short Tau Inversion Recovery	No	sapiens_qui_prospicit	No	No	No	scientia_imperii_decus_et_tutamen	LONGITUDINAL	Yes	Yes	WATER	REAL	pace_tua
NonDICOMMRimages	GC-IMAGE-836092	GC-NonDICOMMRimages-321577	GRADIENT	id_quod_plerumque_accidit	BMATRIX	Obedientia_civium_urbis_felicitas	7LI	PERFUSION_Perfusion weighted contrast	No	haec_olim_meminisse_iuvabit	Yes	No	No	cacatum_non_est_pictum	FREE PRECESSION	Yes	Yes	FAT AND WATER	REAL	O_Tite_tute_Tati_tibi_tanta_tyranne_tulisti
NonDICOMMRimages	GC-IMAGE-635790	GC-NonDICOMMRimages-566985	GRADIENT	id_quod_plerumque_accidit	NONE	labor_ipse_voluptas	31P	PROTON_DENSITY_Proton Density weighted contrast	No	barba_crescit_caput_nescit	No	Yes	Yes	nascentes_morimur_finisque_ab_origine_pendet	TRANSVERSE	Yes	No	NONE	PHASE	scientiae_cedit_mare
NonDICOMMRimages	GC-IMAGE-586891	GC-NonDICOMMRimages-103352	SPIN	Obedientia_civium_urbis_felicitas	DIRECTIONAL	saltus_in_demonstrando	19F	PERFUSION_Perfusion weighted contrast	No	nascentes_morimur_finisque_ab_origine_pendet	No	No	Yes	Gallia_est_omnis_divisa_in_partes_tres	FREE PRECESSION	No	Yes	FAT AND WATER	IMAGINARY	nanos_gigantum_humeris_insidentes
NonDICOMMRimages	GC-IMAGE-702184	GC-NonDICOMMRimages-660729	GRADIENT	e_causa_ignota	ISOTROPIC	nascentes_morimur_finisque_ab_origine_pendet	3HE	FLUID_ATTENUATED_Fluid Attenuated T2 weighted contrast	Yes	pace_tua	No	Yes	Yes	Gallia_est_omnis_divisa_in_partes_tres	TRANSVERSE	Yes	No	FAT	PHASE	Gallia_est_omnis_divisa_in_partes_tres
NonDICOMMRimages	GC-IMAGE-462781	GC-NonDICOMMRimages-529224	BOTH	damnant_quod_non_intellegunt	NONE	scientiae_cedit_mare	129XE	T2_STAR_T2* weighted contrast	No	scientiae_et_patriae	Yes	Yes	No	scientia_imperii_decus_et_tutamen	TRANSVERSE	No	Yes	SILICON GEL	REAL	damnant_quod_non_intellegunt
NonDICOMMRimages	GC-IMAGE-707876	GC-NonDICOMMRimages-455214	SPIN	O_Tite_tute_Tati_tibi_tanta_tyranne_tulisti	ISOTROPIC	pace_tua	3HE	PERFUSION_Perfusion weighted contrast	No	damnant_quod_non_intellegunt	Yes	Yes	Yes	scientia_et_labor	NONE	Yes	Yes	WATER	PHASE	Macte_animo_Generose_puer_sic_itur_ad_astra
NonDICOMMRimages	GC-IMAGE-410546	GC-NonDICOMMRimages-290046	SPIN	scientia_et_sapientia	NONE	nanos_gigantum_humeris_insidentes	13C	TOF_Time Of Flight weighted contrast	No	scientia_et_sapientia	No	No	Yes	pace_tua	TIME REVERSED	No	Yes	FAT AND WATER	PHASE	pace_tua
NonDICOMMRimages	GC-IMAGE-129991	GC-NonDICOMMRimages-836344	GRADIENT	nascentes_morimur_finisque_ab_origine_pendet	BMATRIX	a_bene_placito	7LI	DIFFUSION	No	scientiae_et_patriae	Yes	Yes	Yes	nanos_gigantum_humeris_insidentes	TRANSVERSE	Yes	No	SILICON GEL	MAGNITUDE	labor_ipse_voluptas
NonDICOMMRimages	GC-IMAGE-530532	GC-NonDICOMMRimages-767698	GRADIENT	scientia,_aere_perennius	DIRECTIONAL	scientiae_cedit_mare	13C	FLUID_ATTENUATED_Fluid Attenuated T2 weighted contrast	Yes	id_quod_plerumque_accidit	No	Yes	No	faber_est_suae_quisque_fortunae	LONGITUDINAL	Yes	Yes	SILICON GEL	REAL	a_bene_placito
NonDICOMMRimages	GC-IMAGE-667754	GC-NonDICOMMRimages-576310	GRADIENT	id_quod_plerumque_accidit	BMATRIX	damnant_quod_non_intellegunt	23NA	T2_T2 weighted contrast	No	cacatum_non_est_pictum	No	Yes	Yes	scientia_et_labor	TRANSVERSE	Yes	No	NONE	PHASE	scientia_et_labor
NonDICOMMRimages	GC-IMAGE-134045	GC-NonDICOMMRimages-469116	SPIN	scientiae_cedit_mare	DIRECTIONAL	barba_crescit_caput_nescit	23NA	FLUID_ATTENUATED_Fluid Attenuated T2 weighted contrast	No	nascentes_morimur_finisque_ab_origine_pendet	No	No	No	scientiae_et_patriae	TIME REVERSED	No	Yes	WATER	MAGNITUDE	scientiae_et_patriae
NonDICOMMRimages	GC-IMAGE-662973	GC-NonDICOMMRimages-578261	GRADIENT	labor_ipse_voluptas	BMATRIX	scientiae_et_patriae	7LI	DIFFUSION	No	Macte_animo_Generose_puer_sic_itur_ad_astra	Yes	No	Yes	scientia_et_labor	TIME REVERSED	Yes	Yes	FAT	PHASE	sapiens_qui_prospicit
NonDICOMMRimages	GC-IMAGE-545420	GC-NonDICOMMRimages-461982	SPIN	haec_olim_meminisse_iuvabit	NONE	saltus_in_demonstrando	7LI	DIFFUSION	No	cacatum_non_est_pictum	Yes	No	No	a_bene_placito	LONGITUDINAL	No	Yes	FAT	IMAGINARY	pace_tua
NonDICOMMRimages	GC-IMAGE-181867	GC-NonDICOMMRimages-818754	GRADIENT	barba_crescit_caput_nescit	BMATRIX	nanos_gigantum_humeris_insidentes	13C	T2_STAR_T2* weighted contrast	No	scientia_et_labor	No	Yes	No	id_quod_plerumque_accidit	NONE	No	No	WATER	MAGNITUDE	labor_ipse_voluptas
NonDICOMMRimages	GC-IMAGE-792662	GC-NonDICOMMRimages-137693	BOTH	id_quod_plerumque_accidit	NONE	e_causa_ignota	7LI	DIFFUSION	No	nanos_gigantum_humeris_insidentes	No	No	No	scientia_imperii_decus_et_tutamen	TRANSVERSE	No	Yes	NONE	PHASE	scientiae_et_patriae
NonDICOMMRimages	GC-IMAGE-389398	GC-NonDICOMMRimages-356259	SPIN	labor_ipse_voluptas	BMATRIX	Macte_animo_Generose_puer_sic_itur_ad_astra	3HE	T2_T2 weighted contrast	No	scientia_et_sapientia	No	Yes	Yes	e_causa_ignota	NONE	Yes	Yes	FAT	REAL	scientia_et_labor
NonDICOMMRimages	GC-IMAGE-663093	GC-NonDICOMMRimages-876142	SPIN	imperium_in_imperio	BMATRIX	scientiae_et_patriae	129XE	PERFUSION_Perfusion weighted contrast	No	salus_in_arduis	No	Yes	Yes	cacatum_non_est_pictum	TRANSVERSE	No	No	FAT	MAGNITUDE	O_Tite_tute_Tati_tibi_tanta_tyranne_tulisti
NonDICOMMRimages	GC-IMAGE-532476	GC-NonDICOMMRimages-180630	SPIN	nascentes_morimur_finisque_ab_origine_pendet	NONE	nascentes_morimur_finisque_ab_origine_pendet	13C	TAGGING_Superposition of thin saturation bands onto image	No	cacatum_non_est_pictum	No	No	No	O_Tite_tute_Tati_tibi_tanta_tyranne_tulisti	TRANSVERSE	No	No	FAT AND WATER	IMAGINARY	nascentes_morimur_finisque_ab_origine_pendet
NonDICOMMRimages	GC-IMAGE-895164	GC-NonDICOMMRimages-906844	SPIN	saltus_in_demonstrando	ISOTROPIC	faber_est_suae_quisque_fortunae	7LI	FLUID_ATTENUATED_Fluid Attenuated T2 weighted contrast	No	scientia,_aere_perennius	Yes	No	No	saltus_in_demonstrando	FREE PRECESSION	Yes	No	WATER	IMAGINARY	scientia,_aere_perennius
NonDICOMMRimages	GC-IMAGE-822461	GC-NonDICOMMRimages-593444	BOTH	barba_crescit_caput_nescit	DIRECTIONAL	id_quod_plerumque_accidit	19F	STIR_Short Tau Inversion Recovery	Yes	Obedientia_civium_urbis_felicitas	No	Yes	Yes	barba_crescit_caput_nescit	NONE	Yes	Yes	FAT	PHASE	a_bene_placito
NonDICOMMRimages	GC-IMAGE-999631	GC-NonDICOMMRimages-944927	SPIN	scientia_imperii_decus_et_tutamen	DIRECTIONAL	imperium_in_imperio	23NA	DIFFUSION	No	scientiae_cedit_mare	Yes	Yes	No	faber_est_suae_quisque_fortunae	NONE	No	No	NONE	MAGNITUDE	haec_olim_meminisse_iuvabit
NonDICOMMRimages	GC-IMAGE-344181	GC-NonDICOMMRimages-614907	GRADIENT	scientia_et_sapientia	NONE	haec_olim_meminisse_iuvabit	129XE	FLOW_ENCODED_Flow Encoded contrast	No	pace_tua	No	No	No	e_causa_ignota	TIME REVERSED	No	Yes	SILICON GEL	REAL	cacatum_non_est_pictum
NonDICOMMRimages	GC-IMAGE-770419	GC-NonDICOMMRimages-881909	BOTH	e_causa_ignota	NONE	barba_crescit_caput_nescit	3HE	PERFUSION_Perfusion weighted contrast	Yes	scientia_imperii_decus_et_tutamen	No	Yes	No	scientiae_et_patriae	TIME REVERSED	Yes	Yes	NONE	PHASE	damnant_quod_non_intellegunt
NonDICOMMRimages	GC-IMAGE-563519	GC-NonDICOMMRimages-988899	SPIN	haec_olim_meminisse_iuvabit	ISOTROPIC	haec_olim_meminisse_iuvabit	129XE	T2_T2 weighted contrast	No	scientia_et_labor	Yes	Yes	No	scientiae_cedit_mare	TIME REVERSED	No	No	SILICON GEL	REAL	nascentes_morimur_finisque_ab_origine_pendet
NonDICOMMRimages	GC-IMAGE-544673	GC-NonDICOMMRimages-894855	GRADIENT	imperium_in_imperio	BMATRIX	scientia_imperii_decus_et_tutamen	1H	PROTON_DENSITY_Proton Density weighted contrast	No	labor_ipse_voluptas	No	Yes	Yes	Obedientia_civium_urbis_felicitas	LONGITUDINAL	No	Yes	FAT AND WATER	REAL	Macte_animo_Generose_puer_sic_itur_ad_astra
NonDICOMMRimages	GC-IMAGE-968121	GC-NonDICOMMRimages-816041	SPIN	scientia_et_sapientia	NONE	scientia_imperii_decus_et_tutamen	129XE	PROTON_DENSITY_Proton Density weighted contrast	Yes	cacatum_non_est_pictum	No	Yes	No	sapiens_qui_prospicit	TIME REVERSED	No	Yes	SILICON GEL	PHASE	scientiae_cedit_mare
NonDICOMMRimages	GC-IMAGE-553994	GC-NonDICOMMRimages-412025	GRADIENT	scientiae_cedit_mare	BMATRIX	scientiae_et_patriae	129XE	T2_T2 weighted contrast	Yes	e_causa_ignota	No	Yes	No	pace_tua	TIME REVERSED	No	Yes	SILICON GEL	MAGNITUDE	scientia_et_labor
NonDICOMMRimages	GC-IMAGE-787561	GC-NonDICOMMRimages-435456	SPIN	labor_ipse_voluptas	NONE	damnant_quod_non_intellegunt	129XE	PERFUSION_Perfusion weighted contrast	Yes	imperium_in_imperio	Yes	Yes	Yes	barba_crescit_caput_nescit	TRANSVERSE	Yes	No	FAT AND WATER	MAGNITUDE	scientiae_cedit_mare
NonDICOMMRimages	GC-IMAGE-870768	GC-NonDICOMMRimages-324690	BOTH	cacatum_non_est_pictum	DIRECTIONAL	Macte_animo_Generose_puer_sic_itur_ad_astra	31P	STIR_Short Tau Inversion Recovery	No	scientiae_cedit_mare	Yes	No	Yes	scientiae_et_patriae	TRANSVERSE	No	No	SILICON GEL	MAGNITUDE	haec_olim_meminisse_iuvabit
NonDICOMMRimages	GC-IMAGE-939584	GC-NonDICOMMRimages-124820	BOTH	pace_tua	BMATRIX	labor_ipse_voluptas	13C	T2_T2 weighted contrast	No	salus_in_arduis	Yes	Yes	No	saltus_in_demonstrando	TRANSVERSE	No	No	FAT	REAL	labor_ipse_voluptas
