type	image.study_link_id	NonDICOMCTimages_id	CTAquisitionProtocolElement_singleCollimationWidth	CTAquisitionProtocolElement_totalCollimationWidth	CTAquisitionProtocolElement_gantryDetectorTilt	CTAquisitionProtocolElement_spiralPitchFactor	CTAquisitionProtocolElement_ctdiVol	CTAquisitionProtocolElement_ctdiPhantomTypeCode	CTAquisitionProtocolElement_kVp	CTAquisitionProtocolElement_exposureModulationType_Code	CTImageReconstructionProtocolElement_convolutionKernel	CTImageReconstructionProtocolElement_convolutionKernelGroupCode	crdc_id
NonDICOMCTimages	GC-IMAGE-819534	GC-NonDICOMCTimages-942438	scientiae_cedit_mare	haec_olim_meminisse_iuvabit	imperium_in_imperio	e.g., 2:1	scientia,_aere_perennius	scientia,_aere_perennius	imperium_in_imperio	ANGULAR	salus_in_arduis	labor_ipse_voluptas	Gallia_est_omnis_divisa_in_partes_tres
NonDICOMCTimages	GC-IMAGE-748284	GC-NonDICOMCTimages-789477	nascentes_morimur_finisque_ab_origine_pendet	scientiae_cedit_mare	Gallia_est_omnis_divisa_in_partes_tres	e.g., 2:1	e_causa_ignota	scientiae_et_patriae	nanos_gigantum_humeris_insidentes	NONE	sapiens_qui_prospicit	pace_tua	e_causa_ignota
NonDICOMCTimages	GC-IMAGE-403489	GC-NonDICOMCTimages-394628	scientiae_et_patriae	Obedientia_civium_urbis_felicitas	scientiae_cedit_mare	e.g., 2:1	scientia_et_sapientia	labor_ipse_voluptas	sapiens_qui_prospicit	ORGAN-BASED	scientiae_et_patriae	nascentes_morimur_finisque_ab_origine_pendet	scientiae_cedit_mare
NonDICOMCTimages	GC-IMAGE-474580	GC-NonDICOMCTimages-118597	Obedientia_civium_urbis_felicitas	pace_tua	id_quod_plerumque_accidit	e.g., 2:1	id_quod_plerumque_accidit	nanos_gigantum_humeris_insidentes	pace_tua	ANGULAR	sapiens_qui_prospicit	Macte_animo_Generose_puer_sic_itur_ad_astra	nanos_gigantum_humeris_insidentes
NonDICOMCTimages	GC-IMAGE-308941	GC-NonDICOMCTimages-112968	imperium_in_imperio	faber_est_suae_quisque_fortunae	Macte_animo_Generose_puer_sic_itur_ad_astra	e.g., 2:1	scientiae_cedit_mare	scientia_et_sapientia	scientia_et_sapientia	ORGAN-BASED	nanos_gigantum_humeris_insidentes	Gallia_est_omnis_divisa_in_partes_tres	imperium_in_imperio
NonDICOMCTimages	GC-IMAGE-394490	GC-NonDICOMCTimages-351627	O_Tite_tute_Tati_tibi_tanta_tyranne_tulisti	haec_olim_meminisse_iuvabit	haec_olim_meminisse_iuvabit	e.g., 2:1	scientia_imperii_decus_et_tutamen	e_causa_ignota	e_causa_ignota	ECG-BASED	a_bene_placito	damnant_quod_non_intellegunt	cacatum_non_est_pictum
NonDICOMCTimages	GC-IMAGE-859914	GC-NonDICOMCTimages-439862	scientiae_et_patriae	cacatum_non_est_pictum	haec_olim_meminisse_iuvabit	e.g., 2:1	id_quod_plerumque_accidit	faber_est_suae_quisque_fortunae	nascentes_morimur_finisque_ab_origine_pendet	ORGAN-BASED	O_Tite_tute_Tati_tibi_tanta_tyranne_tulisti	nanos_gigantum_humeris_insidentes	imperium_in_imperio
NonDICOMCTimages	GC-IMAGE-305974	GC-NonDICOMCTimages-642081	pace_tua	pace_tua	O_Tite_tute_Tati_tibi_tanta_tyranne_tulisti	e.g., 2:1	scientiae_et_patriae	scientia_et_labor	nanos_gigantum_humeris_insidentes	ANGULAR	faber_est_suae_quisque_fortunae	Gallia_est_omnis_divisa_in_partes_tres	nanos_gigantum_humeris_insidentes
NonDICOMCTimages	GC-IMAGE-317696	GC-NonDICOMCTimages-874713	id_quod_plerumque_accidit	a_bene_placito	saltus_in_demonstrando	e.g., 2:1	saltus_in_demonstrando	nanos_gigantum_humeris_insidentes	scientia,_aere_perennius	NONE	O_Tite_tute_Tati_tibi_tanta_tyranne_tulisti	nascentes_morimur_finisque_ab_origine_pendet	scientia,_aere_perennius
NonDICOMCTimages	GC-IMAGE-765860	GC-NonDICOMCTimages-537249	imperium_in_imperio	id_quod_plerumque_accidit	O_Tite_tute_Tati_tibi_tanta_tyranne_tulisti	e.g., 2:1	Gallia_est_omnis_divisa_in_partes_tres	damnant_quod_non_intellegunt	saltus_in_demonstrando	NONE	a_bene_placito	e_causa_ignota	haec_olim_meminisse_iuvabit
NonDICOMCTimages	GC-IMAGE-707032	GC-NonDICOMCTimages-547514	e_causa_ignota	scientia_et_labor	sapiens_qui_prospicit	e.g., 2:1	imperium_in_imperio	Obedientia_civium_urbis_felicitas	imperium_in_imperio	NONE	barba_crescit_caput_nescit	a_bene_placito	id_quod_plerumque_accidit
NonDICOMCTimages	GC-IMAGE-625961	GC-NonDICOMCTimages-653020	saltus_in_demonstrando	scientiae_et_patriae	O_Tite_tute_Tati_tibi_tanta_tyranne_tulisti	e.g., 2:1	faber_est_suae_quisque_fortunae	Gallia_est_omnis_divisa_in_partes_tres	Obedientia_civium_urbis_felicitas	ANGULAR	e_causa_ignota	Macte_animo_Generose_puer_sic_itur_ad_astra	labor_ipse_voluptas
NonDICOMCTimages	GC-IMAGE-677433	GC-NonDICOMCTimages-658407	imperium_in_imperio	scientia,_aere_perennius	scientia_imperii_decus_et_tutamen	e.g., 2:1	scientia_et_labor	barba_crescit_caput_nescit	barba_crescit_caput_nescit	ECG-BASED	scientia,_aere_perennius	a_bene_placito	imperium_in_imperio
NonDICOMCTimages	GC-IMAGE-835781	GC-NonDICOMCTimages-814829	scientia,_aere_perennius	damnant_quod_non_intellegunt	saltus_in_demonstrando	e.g., 2:1	haec_olim_meminisse_iuvabit	pace_tua	saltus_in_demonstrando	ECG-BASED	faber_est_suae_quisque_fortunae	labor_ipse_voluptas	Obedientia_civium_urbis_felicitas
NonDICOMCTimages	GC-IMAGE-329224	GC-NonDICOMCTimages-596670	nanos_gigantum_humeris_insidentes	scientia_et_labor	faber_est_suae_quisque_fortunae	e.g., 2:1	O_Tite_tute_Tati_tibi_tanta_tyranne_tulisti	Gallia_est_omnis_divisa_in_partes_tres	labor_ipse_voluptas	LONGITUDINAL	O_Tite_tute_Tati_tibi_tanta_tyranne_tulisti	salus_in_arduis	imperium_in_imperio
NonDICOMCTimages	GC-IMAGE-270314	GC-NonDICOMCTimages-780296	nanos_gigantum_humeris_insidentes	scientia_imperii_decus_et_tutamen	Obedientia_civium_urbis_felicitas	e.g., 2:1	barba_crescit_caput_nescit	nanos_gigantum_humeris_insidentes	Macte_animo_Generose_puer_sic_itur_ad_astra	ANGULAR	nanos_gigantum_humeris_insidentes	scientiae_cedit_mare	sapiens_qui_prospicit
NonDICOMCTimages	GC-IMAGE-255686	GC-NonDICOMCTimages-765464	salus_in_arduis	salus_in_arduis	labor_ipse_voluptas	e.g., 2:1	a_bene_placito	imperium_in_imperio	imperium_in_imperio	ANGULAR	nanos_gigantum_humeris_insidentes	Gallia_est_omnis_divisa_in_partes_tres	Obedientia_civium_urbis_felicitas
NonDICOMCTimages	GC-IMAGE-104451	GC-NonDICOMCTimages-758242	cacatum_non_est_pictum	e_causa_ignota	scientia_imperii_decus_et_tutamen	e.g., 2:1	nascentes_morimur_finisque_ab_origine_pendet	Gallia_est_omnis_divisa_in_partes_tres	pace_tua	ANGULAR	scientiae_cedit_mare	barba_crescit_caput_nescit	scientia,_aere_perennius
NonDICOMCTimages	GC-IMAGE-603999	GC-NonDICOMCTimages-191632	e_causa_ignota	sapiens_qui_prospicit	cacatum_non_est_pictum	e.g., 2:1	scientiae_cedit_mare	cacatum_non_est_pictum	haec_olim_meminisse_iuvabit	ECG-BASED	Macte_animo_Generose_puer_sic_itur_ad_astra	sapiens_qui_prospicit	saltus_in_demonstrando
NonDICOMCTimages	GC-IMAGE-702993	GC-NonDICOMCTimages-825122	haec_olim_meminisse_iuvabit	nanos_gigantum_humeris_insidentes	imperium_in_imperio	e.g., 2:1	id_quod_plerumque_accidit	id_quod_plerumque_accidit	labor_ipse_voluptas	ORGAN-BASED	scientia_et_labor	scientiae_et_patriae	sapiens_qui_prospicit
NonDICOMCTimages	GC-IMAGE-823185	GC-NonDICOMCTimages-541855	Gallia_est_omnis_divisa_in_partes_tres	barba_crescit_caput_nescit	scientia_imperii_decus_et_tutamen	e.g., 2:1	barba_crescit_caput_nescit	pace_tua	salus_in_arduis	LONGITUDINAL	pace_tua	faber_est_suae_quisque_fortunae	Obedientia_civium_urbis_felicitas
NonDICOMCTimages	GC-IMAGE-796133	GC-NonDICOMCTimages-418140	Macte_animo_Generose_puer_sic_itur_ad_astra	faber_est_suae_quisque_fortunae	nanos_gigantum_humeris_insidentes	e.g., 2:1	scientia,_aere_perennius	salus_in_arduis	a_bene_placito	ANGULAR	a_bene_placito	scientia,_aere_perennius	scientiae_cedit_mare
NonDICOMCTimages	GC-IMAGE-287018	GC-NonDICOMCTimages-424028	haec_olim_meminisse_iuvabit	scientia_imperii_decus_et_tutamen	a_bene_placito	e.g., 2:1	scientia_et_sapientia	Obedientia_civium_urbis_felicitas	barba_crescit_caput_nescit	NONE	id_quod_plerumque_accidit	cacatum_non_est_pictum	scientia_et_labor
NonDICOMCTimages	GC-IMAGE-895498	GC-NonDICOMCTimages-844603	scientia_et_labor	scientia_et_sapientia	e_causa_ignota	e.g., 2:1	id_quod_plerumque_accidit	scientiae_cedit_mare	Macte_animo_Generose_puer_sic_itur_ad_astra	NONE	nascentes_morimur_finisque_ab_origine_pendet	damnant_quod_non_intellegunt	faber_est_suae_quisque_fortunae
NonDICOMCTimages	GC-IMAGE-636844	GC-NonDICOMCTimages-103616	faber_est_suae_quisque_fortunae	saltus_in_demonstrando	scientia_et_sapientia	e.g., 2:1	scientiae_cedit_mare	id_quod_plerumque_accidit	scientia_imperii_decus_et_tutamen	ORGAN-BASED	pace_tua	pace_tua	scientia,_aere_perennius
NonDICOMCTimages	GC-IMAGE-536159	GC-NonDICOMCTimages-365434	sapiens_qui_prospicit	imperium_in_imperio	imperium_in_imperio	e.g., 2:1	id_quod_plerumque_accidit	haec_olim_meminisse_iuvabit	scientiae_et_patriae	ORGAN-BASED	haec_olim_meminisse_iuvabit	scientia,_aere_perennius	saltus_in_demonstrando
NonDICOMCTimages	GC-IMAGE-422306	GC-NonDICOMCTimages-530038	cacatum_non_est_pictum	labor_ipse_voluptas	salus_in_arduis	e.g., 2:1	saltus_in_demonstrando	Gallia_est_omnis_divisa_in_partes_tres	barba_crescit_caput_nescit	ANGULAR	damnant_quod_non_intellegunt	scientiae_cedit_mare	faber_est_suae_quisque_fortunae
NonDICOMCTimages	GC-IMAGE-775002	GC-NonDICOMCTimages-333959	id_quod_plerumque_accidit	O_Tite_tute_Tati_tibi_tanta_tyranne_tulisti	nanos_gigantum_humeris_insidentes	e.g., 2:1	nanos_gigantum_humeris_insidentes	faber_est_suae_quisque_fortunae	sapiens_qui_prospicit	ORGAN-BASED	scientia_imperii_decus_et_tutamen	Gallia_est_omnis_divisa_in_partes_tres	scientiae_et_patriae
NonDICOMCTimages	GC-IMAGE-659591	GC-NonDICOMCTimages-944458	a_bene_placito	labor_ipse_voluptas	salus_in_arduis	e.g., 2:1	id_quod_plerumque_accidit	pace_tua	nanos_gigantum_humeris_insidentes	NONE	e_causa_ignota	id_quod_plerumque_accidit	Gallia_est_omnis_divisa_in_partes_tres
NonDICOMCTimages	GC-IMAGE-369694	GC-NonDICOMCTimages-580282	scientia,_aere_perennius	nascentes_morimur_finisque_ab_origine_pendet	nascentes_morimur_finisque_ab_origine_pendet	e.g., 2:1	damnant_quod_non_intellegunt	scientia_imperii_decus_et_tutamen	Gallia_est_omnis_divisa_in_partes_tres	NONE	scientia_et_sapientia	Obedientia_civium_urbis_felicitas	faber_est_suae_quisque_fortunae
NonDICOMCTimages	GC-IMAGE-395589	GC-NonDICOMCTimages-320157	nanos_gigantum_humeris_insidentes	nanos_gigantum_humeris_insidentes	imperium_in_imperio	e.g., 2:1	Gallia_est_omnis_divisa_in_partes_tres	nanos_gigantum_humeris_insidentes	scientia_et_sapientia	ANGULAR	nascentes_morimur_finisque_ab_origine_pendet	faber_est_suae_quisque_fortunae	nanos_gigantum_humeris_insidentes
NonDICOMCTimages	GC-IMAGE-443656	GC-NonDICOMCTimages-440942	a_bene_placito	damnant_quod_non_intellegunt	scientia_imperii_decus_et_tutamen	e.g., 2:1	scientia,_aere_perennius	pace_tua	cacatum_non_est_pictum	ANGULAR	scientia_et_labor	saltus_in_demonstrando	scientia_imperii_decus_et_tutamen
NonDICOMCTimages	GC-IMAGE-817490	GC-NonDICOMCTimages-248667	scientia,_aere_perennius	pace_tua	sapiens_qui_prospicit	e.g., 2:1	Gallia_est_omnis_divisa_in_partes_tres	pace_tua	nanos_gigantum_humeris_insidentes	LONGITUDINAL	Macte_animo_Generose_puer_sic_itur_ad_astra	damnant_quod_non_intellegunt	cacatum_non_est_pictum
NonDICOMCTimages	GC-IMAGE-598712	GC-NonDICOMCTimages-166713	labor_ipse_voluptas	nanos_gigantum_humeris_insidentes	faber_est_suae_quisque_fortunae	e.g., 2:1	scientiae_cedit_mare	Gallia_est_omnis_divisa_in_partes_tres	Macte_animo_Generose_puer_sic_itur_ad_astra	ANGULAR	salus_in_arduis	labor_ipse_voluptas	scientia,_aere_perennius
NonDICOMCTimages	GC-IMAGE-768492	GC-NonDICOMCTimages-822785	damnant_quod_non_intellegunt	salus_in_arduis	barba_crescit_caput_nescit	e.g., 2:1	Macte_animo_Generose_puer_sic_itur_ad_astra	faber_est_suae_quisque_fortunae	salus_in_arduis	LONGITUDINAL	imperium_in_imperio	scientia_et_sapientia	labor_ipse_voluptas
NonDICOMCTimages	GC-IMAGE-968585	GC-NonDICOMCTimages-294960	Macte_animo_Generose_puer_sic_itur_ad_astra	pace_tua	Macte_animo_Generose_puer_sic_itur_ad_astra	e.g., 2:1	faber_est_suae_quisque_fortunae	scientia_et_labor	saltus_in_demonstrando	ECG-BASED	a_bene_placito	sapiens_qui_prospicit	Gallia_est_omnis_divisa_in_partes_tres
NonDICOMCTimages	GC-IMAGE-340560	GC-NonDICOMCTimages-768311	O_Tite_tute_Tati_tibi_tanta_tyranne_tulisti	Obedientia_civium_urbis_felicitas	nanos_gigantum_humeris_insidentes	e.g., 2:1	e_causa_ignota	nanos_gigantum_humeris_insidentes	nascentes_morimur_finisque_ab_origine_pendet	ORGAN-BASED	damnant_quod_non_intellegunt	scientiae_cedit_mare	id_quod_plerumque_accidit
NonDICOMCTimages	GC-IMAGE-315898	GC-NonDICOMCTimages-863363	damnant_quod_non_intellegunt	barba_crescit_caput_nescit	Macte_animo_Generose_puer_sic_itur_ad_astra	e.g., 2:1	scientia_imperii_decus_et_tutamen	O_Tite_tute_Tati_tibi_tanta_tyranne_tulisti	nanos_gigantum_humeris_insidentes	ORGAN-BASED	scientia,_aere_perennius	scientia_et_labor	Obedientia_civium_urbis_felicitas
NonDICOMCTimages	GC-IMAGE-755793	GC-NonDICOMCTimages-626804	imperium_in_imperio	sapiens_qui_prospicit	pace_tua	e.g., 2:1	faber_est_suae_quisque_fortunae	a_bene_placito	damnant_quod_non_intellegunt	NONE	saltus_in_demonstrando	a_bene_placito	e_causa_ignota
NonDICOMCTimages	GC-IMAGE-115478	GC-NonDICOMCTimages-422216	a_bene_placito	salus_in_arduis	Macte_animo_Generose_puer_sic_itur_ad_astra	e.g., 2:1	sapiens_qui_prospicit	scientiae_et_patriae	id_quod_plerumque_accidit	ECG-BASED	e_causa_ignota	Obedientia_civium_urbis_felicitas	cacatum_non_est_pictum
NonDICOMCTimages	GC-IMAGE-123408	GC-NonDICOMCTimages-995471	labor_ipse_voluptas	haec_olim_meminisse_iuvabit	labor_ipse_voluptas	e.g., 2:1	O_Tite_tute_Tati_tibi_tanta_tyranne_tulisti	id_quod_plerumque_accidit	cacatum_non_est_pictum	NONE	sapiens_qui_prospicit	scientia_et_labor	e_causa_ignota
NonDICOMCTimages	GC-IMAGE-479851	GC-NonDICOMCTimages-542290	pace_tua	imperium_in_imperio	Gallia_est_omnis_divisa_in_partes_tres	e.g., 2:1	haec_olim_meminisse_iuvabit	id_quod_plerumque_accidit	scientiae_et_patriae	ANGULAR	sapiens_qui_prospicit	scientia_imperii_decus_et_tutamen	scientia_et_sapientia
NonDICOMCTimages	GC-IMAGE-635802	GC-NonDICOMCTimages-522287	damnant_quod_non_intellegunt	e_causa_ignota	Obedientia_civium_urbis_felicitas	e.g., 2:1	Obedientia_civium_urbis_felicitas	id_quod_plerumque_accidit	scientiae_cedit_mare	ECG-BASED	cacatum_non_est_pictum	labor_ipse_voluptas	scientia_imperii_decus_et_tutamen
NonDICOMCTimages	GC-IMAGE-849992	GC-NonDICOMCTimages-326981	cacatum_non_est_pictum	scientia,_aere_perennius	damnant_quod_non_intellegunt	e.g., 2:1	haec_olim_meminisse_iuvabit	barba_crescit_caput_nescit	salus_in_arduis	NONE	damnant_quod_non_intellegunt	e_causa_ignota	Macte_animo_Generose_puer_sic_itur_ad_astra
NonDICOMCTimages	GC-IMAGE-273878	GC-NonDICOMCTimages-278464	Obedientia_civium_urbis_felicitas	faber_est_suae_quisque_fortunae	scientia_imperii_decus_et_tutamen	e.g., 2:1	nanos_gigantum_humeris_insidentes	Obedientia_civium_urbis_felicitas	scientia,_aere_perennius	ANGULAR	imperium_in_imperio	damnant_quod_non_intellegunt	Gallia_est_omnis_divisa_in_partes_tres
NonDICOMCTimages	GC-IMAGE-414583	GC-NonDICOMCTimages-940745	damnant_quod_non_intellegunt	Macte_animo_Generose_puer_sic_itur_ad_astra	scientia_et_sapientia	e.g., 2:1	scientia_et_sapientia	damnant_quod_non_intellegunt	pace_tua	ECG-BASED	a_bene_placito	pace_tua	salus_in_arduis
NonDICOMCTimages	GC-IMAGE-451005	GC-NonDICOMCTimages-117440	Gallia_est_omnis_divisa_in_partes_tres	a_bene_placito	saltus_in_demonstrando	e.g., 2:1	O_Tite_tute_Tati_tibi_tanta_tyranne_tulisti	salus_in_arduis	e_causa_ignota	ANGULAR	labor_ipse_voluptas	pace_tua	nascentes_morimur_finisque_ab_origine_pendet
NonDICOMCTimages	GC-IMAGE-363843	GC-NonDICOMCTimages-726043	cacatum_non_est_pictum	Gallia_est_omnis_divisa_in_partes_tres	barba_crescit_caput_nescit	e.g., 2:1	sapiens_qui_prospicit	damnant_quod_non_intellegunt	scientia_et_labor	ECG-BASED	cacatum_non_est_pictum	scientia_et_labor	scientiae_et_patriae
NonDICOMCTimages	GC-IMAGE-210367	GC-NonDICOMCTimages-662913	e_causa_ignota	salus_in_arduis	a_bene_placito	e.g., 2:1	cacatum_non_est_pictum	a_bene_placito	sapiens_qui_prospicit	ANGULAR	Macte_animo_Generose_puer_sic_itur_ad_astra	faber_est_suae_quisque_fortunae	labor_ipse_voluptas
NonDICOMCTimages	GC-IMAGE-159356	GC-NonDICOMCTimages-213520	haec_olim_meminisse_iuvabit	barba_crescit_caput_nescit	Gallia_est_omnis_divisa_in_partes_tres	e.g., 2:1	damnant_quod_non_intellegunt	barba_crescit_caput_nescit	labor_ipse_voluptas	ANGULAR	nanos_gigantum_humeris_insidentes	haec_olim_meminisse_iuvabit	salus_in_arduis
NonDICOMCTimages	GC-IMAGE-579353	GC-NonDICOMCTimages-159974	nanos_gigantum_humeris_insidentes	pace_tua	e_causa_ignota	e.g., 2:1	Gallia_est_omnis_divisa_in_partes_tres	damnant_quod_non_intellegunt	saltus_in_demonstrando	NONE	imperium_in_imperio	haec_olim_meminisse_iuvabit	O_Tite_tute_Tati_tibi_tanta_tyranne_tulisti
NonDICOMCTimages	GC-IMAGE-832904	GC-NonDICOMCTimages-477227	sapiens_qui_prospicit	labor_ipse_voluptas	sapiens_qui_prospicit	e.g., 2:1	haec_olim_meminisse_iuvabit	saltus_in_demonstrando	scientia_et_sapientia	ORGAN-BASED	Obedientia_civium_urbis_felicitas	scientia,_aere_perennius	e_causa_ignota
NonDICOMCTimages	GC-IMAGE-303602	GC-NonDICOMCTimages-747637	saltus_in_demonstrando	Obedientia_civium_urbis_felicitas	scientia_et_sapientia	e.g., 2:1	scientia_et_sapientia	Macte_animo_Generose_puer_sic_itur_ad_astra	scientia_et_sapientia	NONE	scientia_imperii_decus_et_tutamen	sapiens_qui_prospicit	cacatum_non_est_pictum
NonDICOMCTimages	GC-IMAGE-712111	GC-NonDICOMCTimages-435573	sapiens_qui_prospicit	id_quod_plerumque_accidit	Gallia_est_omnis_divisa_in_partes_tres	e.g., 2:1	scientia_et_sapientia	Macte_animo_Generose_puer_sic_itur_ad_astra	a_bene_placito	ANGULAR	labor_ipse_voluptas	nascentes_morimur_finisque_ab_origine_pendet	Gallia_est_omnis_divisa_in_partes_tres
NonDICOMCTimages	GC-IMAGE-805561	GC-NonDICOMCTimages-695971	faber_est_suae_quisque_fortunae	scientia,_aere_perennius	scientia_et_sapientia	e.g., 2:1	salus_in_arduis	damnant_quod_non_intellegunt	salus_in_arduis	ANGULAR	faber_est_suae_quisque_fortunae	haec_olim_meminisse_iuvabit	scientia_et_sapientia
NonDICOMCTimages	GC-IMAGE-964340	GC-NonDICOMCTimages-432288	scientia,_aere_perennius	scientiae_et_patriae	pace_tua	e.g., 2:1	scientia_et_sapientia	labor_ipse_voluptas	imperium_in_imperio	NONE	salus_in_arduis	O_Tite_tute_Tati_tibi_tanta_tyranne_tulisti	haec_olim_meminisse_iuvabit
NonDICOMCTimages	GC-IMAGE-206623	GC-NonDICOMCTimages-702558	barba_crescit_caput_nescit	e_causa_ignota	O_Tite_tute_Tati_tibi_tanta_tyranne_tulisti	e.g., 2:1	damnant_quod_non_intellegunt	scientia_imperii_decus_et_tutamen	labor_ipse_voluptas	ORGAN-BASED	scientiae_et_patriae	Gallia_est_omnis_divisa_in_partes_tres	faber_est_suae_quisque_fortunae
NonDICOMCTimages	GC-IMAGE-502889	GC-NonDICOMCTimages-235767	imperium_in_imperio	sapiens_qui_prospicit	scientia_et_labor	e.g., 2:1	scientia_et_labor	scientia_et_sapientia	scientiae_cedit_mare	ANGULAR	scientiae_et_patriae	barba_crescit_caput_nescit	saltus_in_demonstrando
NonDICOMCTimages	GC-IMAGE-130043	GC-NonDICOMCTimages-712396	Gallia_est_omnis_divisa_in_partes_tres	scientia,_aere_perennius	Obedientia_civium_urbis_felicitas	e.g., 2:1	salus_in_arduis	saltus_in_demonstrando	nascentes_morimur_finisque_ab_origine_pendet	ORGAN-BASED	scientia_et_labor	labor_ipse_voluptas	nanos_gigantum_humeris_insidentes
NonDICOMCTimages	GC-IMAGE-454341	GC-NonDICOMCTimages-672214	faber_est_suae_quisque_fortunae	scientia_et_sapientia	nascentes_morimur_finisque_ab_origine_pendet	e.g., 2:1	scientia,_aere_perennius	cacatum_non_est_pictum	cacatum_non_est_pictum	NONE	haec_olim_meminisse_iuvabit	saltus_in_demonstrando	cacatum_non_est_pictum
NonDICOMCTimages	GC-IMAGE-454377	GC-NonDICOMCTimages-217594	Obedientia_civium_urbis_felicitas	salus_in_arduis	scientiae_cedit_mare	e.g., 2:1	scientia_et_sapientia	a_bene_placito	scientiae_et_patriae	NONE	a_bene_placito	Obedientia_civium_urbis_felicitas	a_bene_placito
NonDICOMCTimages	GC-IMAGE-963226	GC-NonDICOMCTimages-755236	scientiae_et_patriae	scientia_et_sapientia	faber_est_suae_quisque_fortunae	e.g., 2:1	scientia_et_sapientia	haec_olim_meminisse_iuvabit	imperium_in_imperio	ANGULAR	damnant_quod_non_intellegunt	Gallia_est_omnis_divisa_in_partes_tres	Macte_animo_Generose_puer_sic_itur_ad_astra
NonDICOMCTimages	GC-IMAGE-672082	GC-NonDICOMCTimages-398604	scientia_imperii_decus_et_tutamen	haec_olim_meminisse_iuvabit	damnant_quod_non_intellegunt	e.g., 2:1	labor_ipse_voluptas	cacatum_non_est_pictum	Gallia_est_omnis_divisa_in_partes_tres	LONGITUDINAL	scientiae_cedit_mare	O_Tite_tute_Tati_tibi_tanta_tyranne_tulisti	O_Tite_tute_Tati_tibi_tanta_tyranne_tulisti
NonDICOMCTimages	GC-IMAGE-379268	GC-NonDICOMCTimages-145494	sapiens_qui_prospicit	scientia,_aere_perennius	scientia,_aere_perennius	e.g., 2:1	scientiae_et_patriae	damnant_quod_non_intellegunt	Gallia_est_omnis_divisa_in_partes_tres	LONGITUDINAL	Macte_animo_Generose_puer_sic_itur_ad_astra	pace_tua	imperium_in_imperio
NonDICOMCTimages	GC-IMAGE-730470	GC-NonDICOMCTimages-746929	nanos_gigantum_humeris_insidentes	O_Tite_tute_Tati_tibi_tanta_tyranne_tulisti	scientia_et_sapientia	e.g., 2:1	pace_tua	a_bene_placito	Macte_animo_Generose_puer_sic_itur_ad_astra	ANGULAR	barba_crescit_caput_nescit	scientia_imperii_decus_et_tutamen	labor_ipse_voluptas
NonDICOMCTimages	GC-IMAGE-106009	GC-NonDICOMCTimages-855083	saltus_in_demonstrando	scientia_et_labor	cacatum_non_est_pictum	e.g., 2:1	barba_crescit_caput_nescit	imperium_in_imperio	damnant_quod_non_intellegunt	LONGITUDINAL	damnant_quod_non_intellegunt	Gallia_est_omnis_divisa_in_partes_tres	faber_est_suae_quisque_fortunae
NonDICOMCTimages	GC-IMAGE-739281	GC-NonDICOMCTimages-118183	labor_ipse_voluptas	O_Tite_tute_Tati_tibi_tanta_tyranne_tulisti	sapiens_qui_prospicit	e.g., 2:1	a_bene_placito	a_bene_placito	pace_tua	NONE	scientia_imperii_decus_et_tutamen	nanos_gigantum_humeris_insidentes	salus_in_arduis
NonDICOMCTimages	GC-IMAGE-202215	GC-NonDICOMCTimages-758493	Macte_animo_Generose_puer_sic_itur_ad_astra	O_Tite_tute_Tati_tibi_tanta_tyranne_tulisti	scientiae_cedit_mare	e.g., 2:1	Obedientia_civium_urbis_felicitas	O_Tite_tute_Tati_tibi_tanta_tyranne_tulisti	scientia_imperii_decus_et_tutamen	NONE	damnant_quod_non_intellegunt	sapiens_qui_prospicit	a_bene_placito
NonDICOMCTimages	GC-IMAGE-169647	GC-NonDICOMCTimages-350680	pace_tua	a_bene_placito	scientia,_aere_perennius	e.g., 2:1	nascentes_morimur_finisque_ab_origine_pendet	pace_tua	scientia_et_sapientia	LONGITUDINAL	scientiae_et_patriae	pace_tua	saltus_in_demonstrando
NonDICOMCTimages	GC-IMAGE-482229	GC-NonDICOMCTimages-142420	cacatum_non_est_pictum	imperium_in_imperio	Gallia_est_omnis_divisa_in_partes_tres	e.g., 2:1	scientiae_et_patriae	scientiae_cedit_mare	a_bene_placito	ORGAN-BASED	a_bene_placito	faber_est_suae_quisque_fortunae	Macte_animo_Generose_puer_sic_itur_ad_astra
NonDICOMCTimages	GC-IMAGE-135787	GC-NonDICOMCTimages-278175	a_bene_placito	pace_tua	salus_in_arduis	e.g., 2:1	nascentes_morimur_finisque_ab_origine_pendet	cacatum_non_est_pictum	scientia_imperii_decus_et_tutamen	ECG-BASED	scientiae_cedit_mare	nanos_gigantum_humeris_insidentes	e_causa_ignota
NonDICOMCTimages	GC-IMAGE-753978	GC-NonDICOMCTimages-700440	id_quod_plerumque_accidit	scientia_et_sapientia	scientiae_cedit_mare	e.g., 2:1	scientia_imperii_decus_et_tutamen	faber_est_suae_quisque_fortunae	pace_tua	NONE	cacatum_non_est_pictum	Gallia_est_omnis_divisa_in_partes_tres	scientia_et_sapientia
NonDICOMCTimages	GC-IMAGE-995568	GC-NonDICOMCTimages-509233	pace_tua	salus_in_arduis	nanos_gigantum_humeris_insidentes	e.g., 2:1	salus_in_arduis	haec_olim_meminisse_iuvabit	damnant_quod_non_intellegunt	ANGULAR	haec_olim_meminisse_iuvabit	scientia_et_sapientia	barba_crescit_caput_nescit
NonDICOMCTimages	GC-IMAGE-440246	GC-NonDICOMCTimages-217464	sapiens_qui_prospicit	Gallia_est_omnis_divisa_in_partes_tres	scientiae_et_patriae	e.g., 2:1	scientiae_et_patriae	O_Tite_tute_Tati_tibi_tanta_tyranne_tulisti	damnant_quod_non_intellegunt	NONE	salus_in_arduis	e_causa_ignota	imperium_in_imperio
NonDICOMCTimages	GC-IMAGE-115139	GC-NonDICOMCTimages-534637	scientiae_et_patriae	pace_tua	faber_est_suae_quisque_fortunae	e.g., 2:1	Gallia_est_omnis_divisa_in_partes_tres	Macte_animo_Generose_puer_sic_itur_ad_astra	barba_crescit_caput_nescit	ANGULAR	cacatum_non_est_pictum	scientiae_et_patriae	barba_crescit_caput_nescit
NonDICOMCTimages	GC-IMAGE-611375	GC-NonDICOMCTimages-466593	Macte_animo_Generose_puer_sic_itur_ad_astra	a_bene_placito	Obedientia_civium_urbis_felicitas	e.g., 2:1	Gallia_est_omnis_divisa_in_partes_tres	scientiae_cedit_mare	imperium_in_imperio	ANGULAR	haec_olim_meminisse_iuvabit	sapiens_qui_prospicit	scientia_et_sapientia
NonDICOMCTimages	GC-IMAGE-998922	GC-NonDICOMCTimages-684003	saltus_in_demonstrando	Gallia_est_omnis_divisa_in_partes_tres	labor_ipse_voluptas	e.g., 2:1	scientia_imperii_decus_et_tutamen	nascentes_morimur_finisque_ab_origine_pendet	e_causa_ignota	LONGITUDINAL	id_quod_plerumque_accidit	barba_crescit_caput_nescit	scientia_et_sapientia
NonDICOMCTimages	GC-IMAGE-472429	GC-NonDICOMCTimages-641204	haec_olim_meminisse_iuvabit	nascentes_morimur_finisque_ab_origine_pendet	imperium_in_imperio	e.g., 2:1	haec_olim_meminisse_iuvabit	Macte_animo_Generose_puer_sic_itur_ad_astra	scientiae_cedit_mare	NONE	faber_est_suae_quisque_fortunae	pace_tua	barba_crescit_caput_nescit
NonDICOMCTimages	GC-IMAGE-135435	GC-NonDICOMCTimages-304382	Macte_animo_Generose_puer_sic_itur_ad_astra	sapiens_qui_prospicit	labor_ipse_voluptas	e.g., 2:1	nascentes_morimur_finisque_ab_origine_pendet	salus_in_arduis	scientia_et_sapientia	ORGAN-BASED	id_quod_plerumque_accidit	O_Tite_tute_Tati_tibi_tanta_tyranne_tulisti	id_quod_plerumque_accidit
NonDICOMCTimages	GC-IMAGE-912900	GC-NonDICOMCTimages-803894	salus_in_arduis	nascentes_morimur_finisque_ab_origine_pendet	scientia_et_labor	e.g., 2:1	Macte_animo_Generose_puer_sic_itur_ad_astra	cacatum_non_est_pictum	scientia,_aere_perennius	ORGAN-BASED	damnant_quod_non_intellegunt	Obedientia_civium_urbis_felicitas	scientia_imperii_decus_et_tutamen
NonDICOMCTimages	GC-IMAGE-412958	GC-NonDICOMCTimages-480902	Gallia_est_omnis_divisa_in_partes_tres	haec_olim_meminisse_iuvabit	haec_olim_meminisse_iuvabit	e.g., 2:1	haec_olim_meminisse_iuvabit	e_causa_ignota	haec_olim_meminisse_iuvabit	ANGULAR	pace_tua	damnant_quod_non_intellegunt	sapiens_qui_prospicit
NonDICOMCTimages	GC-IMAGE-822095	GC-NonDICOMCTimages-776411	haec_olim_meminisse_iuvabit	barba_crescit_caput_nescit	e_causa_ignota	e.g., 2:1	scientia_et_labor	id_quod_plerumque_accidit	imperium_in_imperio	NONE	faber_est_suae_quisque_fortunae	Macte_animo_Generose_puer_sic_itur_ad_astra	haec_olim_meminisse_iuvabit
NonDICOMCTimages	GC-IMAGE-600735	GC-NonDICOMCTimages-598194	haec_olim_meminisse_iuvabit	scientiae_et_patriae	scientia_et_labor	e.g., 2:1	cacatum_non_est_pictum	barba_crescit_caput_nescit	saltus_in_demonstrando	LONGITUDINAL	Macte_animo_Generose_puer_sic_itur_ad_astra	labor_ipse_voluptas	salus_in_arduis
NonDICOMCTimages	GC-IMAGE-199558	GC-NonDICOMCTimages-128848	id_quod_plerumque_accidit	a_bene_placito	cacatum_non_est_pictum	e.g., 2:1	scientia,_aere_perennius	nascentes_morimur_finisque_ab_origine_pendet	e_causa_ignota	ECG-BASED	O_Tite_tute_Tati_tibi_tanta_tyranne_tulisti	salus_in_arduis	labor_ipse_voluptas
NonDICOMCTimages	GC-IMAGE-320462	GC-NonDICOMCTimages-541328	imperium_in_imperio	id_quod_plerumque_accidit	Gallia_est_omnis_divisa_in_partes_tres	e.g., 2:1	imperium_in_imperio	scientia_imperii_decus_et_tutamen	scientia_et_sapientia	LONGITUDINAL	scientia_imperii_decus_et_tutamen	saltus_in_demonstrando	damnant_quod_non_intellegunt
NonDICOMCTimages	GC-IMAGE-328960	GC-NonDICOMCTimages-953918	scientia_et_sapientia	Macte_animo_Generose_puer_sic_itur_ad_astra	sapiens_qui_prospicit	e.g., 2:1	imperium_in_imperio	Gallia_est_omnis_divisa_in_partes_tres	salus_in_arduis	ANGULAR	sapiens_qui_prospicit	Gallia_est_omnis_divisa_in_partes_tres	scientia_et_sapientia
NonDICOMCTimages	GC-IMAGE-332860	GC-NonDICOMCTimages-432437	scientia_imperii_decus_et_tutamen	salus_in_arduis	scientiae_et_patriae	e.g., 2:1	barba_crescit_caput_nescit	saltus_in_demonstrando	pace_tua	ANGULAR	scientiae_et_patriae	e_causa_ignota	salus_in_arduis
NonDICOMCTimages	GC-IMAGE-373214	GC-NonDICOMCTimages-354900	cacatum_non_est_pictum	scientia_et_sapientia	nascentes_morimur_finisque_ab_origine_pendet	e.g., 2:1	e_causa_ignota	Obedientia_civium_urbis_felicitas	Gallia_est_omnis_divisa_in_partes_tres	ANGULAR	salus_in_arduis	Macte_animo_Generose_puer_sic_itur_ad_astra	scientiae_cedit_mare
NonDICOMCTimages	GC-IMAGE-184356	GC-NonDICOMCTimages-608067	nanos_gigantum_humeris_insidentes	Macte_animo_Generose_puer_sic_itur_ad_astra	nanos_gigantum_humeris_insidentes	e.g., 2:1	barba_crescit_caput_nescit	sapiens_qui_prospicit	scientia_et_sapientia	ORGAN-BASED	scientia_et_labor	barba_crescit_caput_nescit	faber_est_suae_quisque_fortunae
NonDICOMCTimages	GC-IMAGE-412218	GC-NonDICOMCTimages-986706	pace_tua	salus_in_arduis	nanos_gigantum_humeris_insidentes	e.g., 2:1	barba_crescit_caput_nescit	salus_in_arduis	e_causa_ignota	LONGITUDINAL	Obedientia_civium_urbis_felicitas	saltus_in_demonstrando	e_causa_ignota
NonDICOMCTimages	GC-IMAGE-517940	GC-NonDICOMCTimages-279111	labor_ipse_voluptas	imperium_in_imperio	faber_est_suae_quisque_fortunae	e.g., 2:1	Macte_animo_Generose_puer_sic_itur_ad_astra	cacatum_non_est_pictum	sapiens_qui_prospicit	LONGITUDINAL	sapiens_qui_prospicit	scientia_et_labor	id_quod_plerumque_accidit
NonDICOMCTimages	GC-IMAGE-977209	GC-NonDICOMCTimages-529580	scientia_et_labor	scientiae_cedit_mare	id_quod_plerumque_accidit	e.g., 2:1	Obedientia_civium_urbis_felicitas	barba_crescit_caput_nescit	saltus_in_demonstrando	ORGAN-BASED	nanos_gigantum_humeris_insidentes	scientia_imperii_decus_et_tutamen	nanos_gigantum_humeris_insidentes
NonDICOMCTimages	GC-IMAGE-528764	GC-NonDICOMCTimages-107543	O_Tite_tute_Tati_tibi_tanta_tyranne_tulisti	scientia_imperii_decus_et_tutamen	Macte_animo_Generose_puer_sic_itur_ad_astra	e.g., 2:1	scientia,_aere_perennius	haec_olim_meminisse_iuvabit	scientia,_aere_perennius	ECG-BASED	scientiae_cedit_mare	nanos_gigantum_humeris_insidentes	a_bene_placito
NonDICOMCTimages	GC-IMAGE-842787	GC-NonDICOMCTimages-954156	e_causa_ignota	barba_crescit_caput_nescit	scientia,_aere_perennius	e.g., 2:1	haec_olim_meminisse_iuvabit	imperium_in_imperio	salus_in_arduis	ANGULAR	imperium_in_imperio	nascentes_morimur_finisque_ab_origine_pendet	scientia,_aere_perennius
NonDICOMCTimages	GC-IMAGE-100413	GC-NonDICOMCTimages-863858	Macte_animo_Generose_puer_sic_itur_ad_astra	Obedientia_civium_urbis_felicitas	haec_olim_meminisse_iuvabit	e.g., 2:1	id_quod_plerumque_accidit	nanos_gigantum_humeris_insidentes	salus_in_arduis	NONE	Gallia_est_omnis_divisa_in_partes_tres	barba_crescit_caput_nescit	e_causa_ignota
NonDICOMCTimages	GC-IMAGE-271452	GC-NonDICOMCTimages-428307	Macte_animo_Generose_puer_sic_itur_ad_astra	nanos_gigantum_humeris_insidentes	pace_tua	e.g., 2:1	O_Tite_tute_Tati_tibi_tanta_tyranne_tulisti	salus_in_arduis	scientia,_aere_perennius	ORGAN-BASED	a_bene_placito	scientiae_cedit_mare	Macte_animo_Generose_puer_sic_itur_ad_astra
NonDICOMCTimages	GC-IMAGE-233688	GC-NonDICOMCTimages-663783	Gallia_est_omnis_divisa_in_partes_tres	pace_tua	haec_olim_meminisse_iuvabit	e.g., 2:1	damnant_quod_non_intellegunt	a_bene_placito	haec_olim_meminisse_iuvabit	ORGAN-BASED	scientiae_cedit_mare	scientia_et_sapientia	scientiae_cedit_mare
NonDICOMCTimages	GC-IMAGE-503322	GC-NonDICOMCTimages-198401	haec_olim_meminisse_iuvabit	scientia,_aere_perennius	imperium_in_imperio	e.g., 2:1	Gallia_est_omnis_divisa_in_partes_tres	Obedientia_civium_urbis_felicitas	pace_tua	LONGITUDINAL	haec_olim_meminisse_iuvabit	damnant_quod_non_intellegunt	O_Tite_tute_Tati_tibi_tanta_tyranne_tulisti
NonDICOMCTimages	GC-IMAGE-821757	GC-NonDICOMCTimages-572766	damnant_quod_non_intellegunt	scientia_imperii_decus_et_tutamen	damnant_quod_non_intellegunt	e.g., 2:1	faber_est_suae_quisque_fortunae	imperium_in_imperio	haec_olim_meminisse_iuvabit	LONGITUDINAL	labor_ipse_voluptas	labor_ipse_voluptas	salus_in_arduis
NonDICOMCTimages	GC-IMAGE-404632	GC-NonDICOMCTimages-300100	labor_ipse_voluptas	scientiae_et_patriae	Gallia_est_omnis_divisa_in_partes_tres	e.g., 2:1	scientia_et_labor	a_bene_placito	labor_ipse_voluptas	ORGAN-BASED	e_causa_ignota	scientia,_aere_perennius	nanos_gigantum_humeris_insidentes
NonDICOMCTimages	GC-IMAGE-371067	GC-NonDICOMCTimages-831499	labor_ipse_voluptas	e_causa_ignota	O_Tite_tute_Tati_tibi_tanta_tyranne_tulisti	e.g., 2:1	barba_crescit_caput_nescit	a_bene_placito	haec_olim_meminisse_iuvabit	ANGULAR	nascentes_morimur_finisque_ab_origine_pendet	faber_est_suae_quisque_fortunae	id_quod_plerumque_accidit
NonDICOMCTimages	GC-IMAGE-446090	GC-NonDICOMCTimages-655351	scientiae_et_patriae	sapiens_qui_prospicit	nascentes_morimur_finisque_ab_origine_pendet	e.g., 2:1	saltus_in_demonstrando	barba_crescit_caput_nescit	a_bene_placito	ORGAN-BASED	saltus_in_demonstrando	Obedientia_civium_urbis_felicitas	Macte_animo_Generose_puer_sic_itur_ad_astra
NonDICOMCTimages	GC-IMAGE-997355	GC-NonDICOMCTimages-965902	labor_ipse_voluptas	scientiae_et_patriae	a_bene_placito	e.g., 2:1	Macte_animo_Generose_puer_sic_itur_ad_astra	O_Tite_tute_Tati_tibi_tanta_tyranne_tulisti	scientia,_aere_perennius	NONE	imperium_in_imperio	Macte_animo_Generose_puer_sic_itur_ad_astra	faber_est_suae_quisque_fortunae
NonDICOMCTimages	GC-IMAGE-116513	GC-NonDICOMCTimages-198272	pace_tua	cacatum_non_est_pictum	Obedientia_civium_urbis_felicitas	e.g., 2:1	cacatum_non_est_pictum	faber_est_suae_quisque_fortunae	scientiae_cedit_mare	NONE	saltus_in_demonstrando	scientia_et_sapientia	cacatum_non_est_pictum
NonDICOMCTimages	GC-IMAGE-562379	GC-NonDICOMCTimages-431099	scientia_et_sapientia	damnant_quod_non_intellegunt	scientia_imperii_decus_et_tutamen	e.g., 2:1	scientiae_et_patriae	scientia_imperii_decus_et_tutamen	id_quod_plerumque_accidit	LONGITUDINAL	haec_olim_meminisse_iuvabit	e_causa_ignota	faber_est_suae_quisque_fortunae
NonDICOMCTimages	GC-IMAGE-444301	GC-NonDICOMCTimages-864314	scientia_et_labor	pace_tua	scientiae_et_patriae	e.g., 2:1	scientiae_cedit_mare	scientia,_aere_perennius	scientiae_cedit_mare	ANGULAR	pace_tua	barba_crescit_caput_nescit	barba_crescit_caput_nescit
NonDICOMCTimages	GC-IMAGE-610985	GC-NonDICOMCTimages-980937	a_bene_placito	salus_in_arduis	e_causa_ignota	e.g., 2:1	pace_tua	scientiae_et_patriae	O_Tite_tute_Tati_tibi_tanta_tyranne_tulisti	ECG-BASED	barba_crescit_caput_nescit	nanos_gigantum_humeris_insidentes	scientiae_cedit_mare
NonDICOMCTimages	GC-IMAGE-826533	GC-NonDICOMCTimages-215433	cacatum_non_est_pictum	e_causa_ignota	Obedientia_civium_urbis_felicitas	e.g., 2:1	scientia,_aere_perennius	scientiae_cedit_mare	cacatum_non_est_pictum	NONE	faber_est_suae_quisque_fortunae	haec_olim_meminisse_iuvabit	a_bene_placito
NonDICOMCTimages	GC-IMAGE-190875	GC-NonDICOMCTimages-937676	faber_est_suae_quisque_fortunae	Obedientia_civium_urbis_felicitas	cacatum_non_est_pictum	e.g., 2:1	O_Tite_tute_Tati_tibi_tanta_tyranne_tulisti	salus_in_arduis	Gallia_est_omnis_divisa_in_partes_tres	ORGAN-BASED	nanos_gigantum_humeris_insidentes	haec_olim_meminisse_iuvabit	labor_ipse_voluptas
NonDICOMCTimages	GC-IMAGE-200728	GC-NonDICOMCTimages-148671	nanos_gigantum_humeris_insidentes	scientia_imperii_decus_et_tutamen	scientia,_aere_perennius	e.g., 2:1	barba_crescit_caput_nescit	labor_ipse_voluptas	nascentes_morimur_finisque_ab_origine_pendet	ORGAN-BASED	nanos_gigantum_humeris_insidentes	scientia_et_sapientia	labor_ipse_voluptas
NonDICOMCTimages	GC-IMAGE-228467	GC-NonDICOMCTimages-189995	saltus_in_demonstrando	scientiae_cedit_mare	O_Tite_tute_Tati_tibi_tanta_tyranne_tulisti	e.g., 2:1	scientiae_et_patriae	nanos_gigantum_humeris_insidentes	sapiens_qui_prospicit	ORGAN-BASED	imperium_in_imperio	O_Tite_tute_Tati_tibi_tanta_tyranne_tulisti	barba_crescit_caput_nescit
NonDICOMCTimages	GC-IMAGE-201427	GC-NonDICOMCTimages-227122	labor_ipse_voluptas	labor_ipse_voluptas	pace_tua	e.g., 2:1	id_quod_plerumque_accidit	e_causa_ignota	scientia_imperii_decus_et_tutamen	ANGULAR	faber_est_suae_quisque_fortunae	Macte_animo_Generose_puer_sic_itur_ad_astra	damnant_quod_non_intellegunt
NonDICOMCTimages	GC-IMAGE-448425	GC-NonDICOMCTimages-655697	scientiae_et_patriae	id_quod_plerumque_accidit	faber_est_suae_quisque_fortunae	e.g., 2:1	scientia_et_sapientia	scientia,_aere_perennius	saltus_in_demonstrando	NONE	haec_olim_meminisse_iuvabit	scientia_imperii_decus_et_tutamen	cacatum_non_est_pictum
NonDICOMCTimages	GC-IMAGE-293476	GC-NonDICOMCTimages-406098	Macte_animo_Generose_puer_sic_itur_ad_astra	barba_crescit_caput_nescit	barba_crescit_caput_nescit	e.g., 2:1	scientiae_et_patriae	scientia,_aere_perennius	scientia_et_sapientia	NONE	labor_ipse_voluptas	saltus_in_demonstrando	scientia,_aere_perennius
NonDICOMCTimages	GC-IMAGE-103661	GC-NonDICOMCTimages-862509	scientiae_et_patriae	scientia_et_labor	pace_tua	e.g., 2:1	Obedientia_civium_urbis_felicitas	imperium_in_imperio	id_quod_plerumque_accidit	LONGITUDINAL	Macte_animo_Generose_puer_sic_itur_ad_astra	e_causa_ignota	salus_in_arduis
NonDICOMCTimages	GC-IMAGE-363528	GC-NonDICOMCTimages-455622	scientia,_aere_perennius	scientiae_cedit_mare	sapiens_qui_prospicit	e.g., 2:1	id_quod_plerumque_accidit	Gallia_est_omnis_divisa_in_partes_tres	Gallia_est_omnis_divisa_in_partes_tres	ORGAN-BASED	faber_est_suae_quisque_fortunae	Gallia_est_omnis_divisa_in_partes_tres	scientia_et_sapientia
NonDICOMCTimages	GC-IMAGE-342949	GC-NonDICOMCTimages-918207	saltus_in_demonstrando	O_Tite_tute_Tati_tibi_tanta_tyranne_tulisti	a_bene_placito	e.g., 2:1	sapiens_qui_prospicit	labor_ipse_voluptas	scientiae_cedit_mare	ECG-BASED	id_quod_plerumque_accidit	scientia,_aere_perennius	O_Tite_tute_Tati_tibi_tanta_tyranne_tulisti
NonDICOMCTimages	GC-IMAGE-155204	GC-NonDICOMCTimages-383502	pace_tua	faber_est_suae_quisque_fortunae	labor_ipse_voluptas	e.g., 2:1	imperium_in_imperio	a_bene_placito	Obedientia_civium_urbis_felicitas	ANGULAR	saltus_in_demonstrando	scientia_et_sapientia	haec_olim_meminisse_iuvabit
NonDICOMCTimages	GC-IMAGE-734473	GC-NonDICOMCTimages-792620	pace_tua	saltus_in_demonstrando	scientia_et_labor	e.g., 2:1	Gallia_est_omnis_divisa_in_partes_tres	scientia,_aere_perennius	haec_olim_meminisse_iuvabit	LONGITUDINAL	scientia_et_labor	barba_crescit_caput_nescit	faber_est_suae_quisque_fortunae
NonDICOMCTimages	GC-IMAGE-936314	GC-NonDICOMCTimages-475618	O_Tite_tute_Tati_tibi_tanta_tyranne_tulisti	salus_in_arduis	nanos_gigantum_humeris_insidentes	e.g., 2:1	haec_olim_meminisse_iuvabit	a_bene_placito	scientia_et_labor	ORGAN-BASED	id_quod_plerumque_accidit	a_bene_placito	scientia,_aere_perennius
NonDICOMCTimages	GC-IMAGE-646178	GC-NonDICOMCTimages-153529	labor_ipse_voluptas	nanos_gigantum_humeris_insidentes	imperium_in_imperio	e.g., 2:1	scientia_imperii_decus_et_tutamen	id_quod_plerumque_accidit	nanos_gigantum_humeris_insidentes	LONGITUDINAL	scientia,_aere_perennius	scientia_et_labor	scientia_imperii_decus_et_tutamen
NonDICOMCTimages	GC-IMAGE-984937	GC-NonDICOMCTimages-952737	barba_crescit_caput_nescit	faber_est_suae_quisque_fortunae	barba_crescit_caput_nescit	e.g., 2:1	Obedientia_civium_urbis_felicitas	damnant_quod_non_intellegunt	scientia_et_labor	LONGITUDINAL	scientia_et_labor	haec_olim_meminisse_iuvabit	barba_crescit_caput_nescit
NonDICOMCTimages	GC-IMAGE-165009	GC-NonDICOMCTimages-882491	haec_olim_meminisse_iuvabit	Macte_animo_Generose_puer_sic_itur_ad_astra	scientia_et_sapientia	e.g., 2:1	salus_in_arduis	scientia_et_labor	labor_ipse_voluptas	LONGITUDINAL	pace_tua	scientia_et_labor	Macte_animo_Generose_puer_sic_itur_ad_astra
NonDICOMCTimages	GC-IMAGE-555415	GC-NonDICOMCTimages-220460	nanos_gigantum_humeris_insidentes	salus_in_arduis	id_quod_plerumque_accidit	e.g., 2:1	imperium_in_imperio	e_causa_ignota	barba_crescit_caput_nescit	ANGULAR	e_causa_ignota	salus_in_arduis	saltus_in_demonstrando
NonDICOMCTimages	GC-IMAGE-560975	GC-NonDICOMCTimages-163829	barba_crescit_caput_nescit	O_Tite_tute_Tati_tibi_tanta_tyranne_tulisti	nascentes_morimur_finisque_ab_origine_pendet	e.g., 2:1	damnant_quod_non_intellegunt	pace_tua	cacatum_non_est_pictum	ANGULAR	nanos_gigantum_humeris_insidentes	imperium_in_imperio	saltus_in_demonstrando
NonDICOMCTimages	GC-IMAGE-187170	GC-NonDICOMCTimages-216797	scientiae_et_patriae	a_bene_placito	scientiae_cedit_mare	e.g., 2:1	barba_crescit_caput_nescit	labor_ipse_voluptas	pace_tua	ORGAN-BASED	id_quod_plerumque_accidit	barba_crescit_caput_nescit	scientia,_aere_perennius
NonDICOMCTimages	GC-IMAGE-286619	GC-NonDICOMCTimages-392961	nanos_gigantum_humeris_insidentes	scientia_et_sapientia	scientia_et_sapientia	e.g., 2:1	labor_ipse_voluptas	imperium_in_imperio	scientia_et_labor	LONGITUDINAL	Gallia_est_omnis_divisa_in_partes_tres	haec_olim_meminisse_iuvabit	nascentes_morimur_finisque_ab_origine_pendet
NonDICOMCTimages	GC-IMAGE-366951	GC-NonDICOMCTimages-903760	scientiae_cedit_mare	e_causa_ignota	saltus_in_demonstrando	e.g., 2:1	damnant_quod_non_intellegunt	scientia_imperii_decus_et_tutamen	saltus_in_demonstrando	ANGULAR	O_Tite_tute_Tati_tibi_tanta_tyranne_tulisti	cacatum_non_est_pictum	saltus_in_demonstrando
NonDICOMCTimages	GC-IMAGE-975408	GC-NonDICOMCTimages-232830	nascentes_morimur_finisque_ab_origine_pendet	pace_tua	haec_olim_meminisse_iuvabit	e.g., 2:1	saltus_in_demonstrando	nascentes_morimur_finisque_ab_origine_pendet	sapiens_qui_prospicit	ANGULAR	scientia,_aere_perennius	Gallia_est_omnis_divisa_in_partes_tres	scientiae_et_patriae
NonDICOMCTimages	GC-IMAGE-314045	GC-NonDICOMCTimages-901142	e_causa_ignota	sapiens_qui_prospicit	pace_tua	e.g., 2:1	saltus_in_demonstrando	salus_in_arduis	scientiae_et_patriae	LONGITUDINAL	pace_tua	labor_ipse_voluptas	scientiae_et_patriae
NonDICOMCTimages	GC-IMAGE-438058	GC-NonDICOMCTimages-394469	O_Tite_tute_Tati_tibi_tanta_tyranne_tulisti	O_Tite_tute_Tati_tibi_tanta_tyranne_tulisti	scientiae_cedit_mare	e.g., 2:1	scientia,_aere_perennius	scientiae_et_patriae	scientiae_et_patriae	LONGITUDINAL	Macte_animo_Generose_puer_sic_itur_ad_astra	sapiens_qui_prospicit	scientia,_aere_perennius
NonDICOMCTimages	GC-IMAGE-886374	GC-NonDICOMCTimages-133166	scientiae_et_patriae	O_Tite_tute_Tati_tibi_tanta_tyranne_tulisti	O_Tite_tute_Tati_tibi_tanta_tyranne_tulisti	e.g., 2:1	cacatum_non_est_pictum	Obedientia_civium_urbis_felicitas	scientiae_et_patriae	ECG-BASED	nascentes_morimur_finisque_ab_origine_pendet	pace_tua	cacatum_non_est_pictum
NonDICOMCTimages	GC-IMAGE-748765	GC-NonDICOMCTimages-790978	a_bene_placito	scientia_et_sapientia	scientia_et_labor	e.g., 2:1	labor_ipse_voluptas	id_quod_plerumque_accidit	sapiens_qui_prospicit	LONGITUDINAL	scientia,_aere_perennius	nanos_gigantum_humeris_insidentes	Obedientia_civium_urbis_felicitas
NonDICOMCTimages	GC-IMAGE-267799	GC-NonDICOMCTimages-280861	saltus_in_demonstrando	Obedientia_civium_urbis_felicitas	scientia_et_labor	e.g., 2:1	sapiens_qui_prospicit	pace_tua	cacatum_non_est_pictum	ECG-BASED	imperium_in_imperio	scientia_et_sapientia	e_causa_ignota
NonDICOMCTimages	GC-IMAGE-878410	GC-NonDICOMCTimages-272225	O_Tite_tute_Tati_tibi_tanta_tyranne_tulisti	nanos_gigantum_humeris_insidentes	O_Tite_tute_Tati_tibi_tanta_tyranne_tulisti	e.g., 2:1	faber_est_suae_quisque_fortunae	saltus_in_demonstrando	imperium_in_imperio	NONE	scientia_imperii_decus_et_tutamen	salus_in_arduis	nanos_gigantum_humeris_insidentes
NonDICOMCTimages	GC-IMAGE-245862	GC-NonDICOMCTimages-491007	nanos_gigantum_humeris_insidentes	labor_ipse_voluptas	e_causa_ignota	e.g., 2:1	scientiae_et_patriae	damnant_quod_non_intellegunt	nascentes_morimur_finisque_ab_origine_pendet	NONE	scientia_et_labor	a_bene_placito	scientiae_cedit_mare
NonDICOMCTimages	GC-IMAGE-175419	GC-NonDICOMCTimages-214220	scientia,_aere_perennius	saltus_in_demonstrando	scientiae_et_patriae	e.g., 2:1	O_Tite_tute_Tati_tibi_tanta_tyranne_tulisti	scientia,_aere_perennius	faber_est_suae_quisque_fortunae	NONE	imperium_in_imperio	id_quod_plerumque_accidit	scientia,_aere_perennius
NonDICOMCTimages	GC-IMAGE-647088	GC-NonDICOMCTimages-806916	cacatum_non_est_pictum	a_bene_placito	scientia,_aere_perennius	e.g., 2:1	sapiens_qui_prospicit	Obedientia_civium_urbis_felicitas	cacatum_non_est_pictum	NONE	scientiae_cedit_mare	Obedientia_civium_urbis_felicitas	labor_ipse_voluptas
NonDICOMCTimages	GC-IMAGE-393701	GC-NonDICOMCTimages-627288	haec_olim_meminisse_iuvabit	Gallia_est_omnis_divisa_in_partes_tres	saltus_in_demonstrando	e.g., 2:1	faber_est_suae_quisque_fortunae	labor_ipse_voluptas	Gallia_est_omnis_divisa_in_partes_tres	ECG-BASED	barba_crescit_caput_nescit	e_causa_ignota	scientiae_et_patriae
NonDICOMCTimages	GC-IMAGE-180258	GC-NonDICOMCTimages-511906	damnant_quod_non_intellegunt	nascentes_morimur_finisque_ab_origine_pendet	saltus_in_demonstrando	e.g., 2:1	barba_crescit_caput_nescit	Macte_animo_Generose_puer_sic_itur_ad_astra	saltus_in_demonstrando	ORGAN-BASED	scientiae_cedit_mare	scientia_et_sapientia	damnant_quod_non_intellegunt
NonDICOMCTimages	GC-IMAGE-904817	GC-NonDICOMCTimages-418559	labor_ipse_voluptas	scientiae_cedit_mare	Gallia_est_omnis_divisa_in_partes_tres	e.g., 2:1	scientia,_aere_perennius	salus_in_arduis	scientia_et_sapientia	LONGITUDINAL	faber_est_suae_quisque_fortunae	e_causa_ignota	scientiae_et_patriae
NonDICOMCTimages	GC-IMAGE-873035	GC-NonDICOMCTimages-945095	Obedientia_civium_urbis_felicitas	salus_in_arduis	cacatum_non_est_pictum	e.g., 2:1	scientia,_aere_perennius	a_bene_placito	salus_in_arduis	ECG-BASED	nascentes_morimur_finisque_ab_origine_pendet	saltus_in_demonstrando	scientiae_cedit_mare
NonDICOMCTimages	GC-IMAGE-304448	GC-NonDICOMCTimages-396610	scientiae_cedit_mare	haec_olim_meminisse_iuvabit	Macte_animo_Generose_puer_sic_itur_ad_astra	e.g., 2:1	scientiae_cedit_mare	scientiae_et_patriae	nascentes_morimur_finisque_ab_origine_pendet	ECG-BASED	scientia,_aere_perennius	pace_tua	scientiae_cedit_mare
NonDICOMCTimages	GC-IMAGE-802277	GC-NonDICOMCTimages-873347	nanos_gigantum_humeris_insidentes	scientia_et_sapientia	haec_olim_meminisse_iuvabit	e.g., 2:1	haec_olim_meminisse_iuvabit	imperium_in_imperio	O_Tite_tute_Tati_tibi_tanta_tyranne_tulisti	NONE	scientia_et_sapientia	damnant_quod_non_intellegunt	a_bene_placito
NonDICOMCTimages	GC-IMAGE-285672	GC-NonDICOMCTimages-632609	scientiae_et_patriae	damnant_quod_non_intellegunt	barba_crescit_caput_nescit	e.g., 2:1	scientiae_et_patriae	pace_tua	Gallia_est_omnis_divisa_in_partes_tres	LONGITUDINAL	cacatum_non_est_pictum	scientia_et_sapientia	salus_in_arduis
NonDICOMCTimages	GC-IMAGE-517666	GC-NonDICOMCTimages-631907	e_causa_ignota	e_causa_ignota	sapiens_qui_prospicit	e.g., 2:1	pace_tua	scientia,_aere_perennius	damnant_quod_non_intellegunt	ORGAN-BASED	nascentes_morimur_finisque_ab_origine_pendet	scientia_et_labor	scientia_imperii_decus_et_tutamen
NonDICOMCTimages	GC-IMAGE-128118	GC-NonDICOMCTimages-836759	barba_crescit_caput_nescit	e_causa_ignota	faber_est_suae_quisque_fortunae	e.g., 2:1	Gallia_est_omnis_divisa_in_partes_tres	nascentes_morimur_finisque_ab_origine_pendet	Obedientia_civium_urbis_felicitas	LONGITUDINAL	haec_olim_meminisse_iuvabit	scientia_et_sapientia	e_causa_ignota
NonDICOMCTimages	GC-IMAGE-625292	GC-NonDICOMCTimages-688443	saltus_in_demonstrando	barba_crescit_caput_nescit	scientia,_aere_perennius	e.g., 2:1	barba_crescit_caput_nescit	saltus_in_demonstrando	Gallia_est_omnis_divisa_in_partes_tres	NONE	O_Tite_tute_Tati_tibi_tanta_tyranne_tulisti	barba_crescit_caput_nescit	salus_in_arduis
NonDICOMCTimages	GC-IMAGE-312226	GC-NonDICOMCTimages-880492	faber_est_suae_quisque_fortunae	scientiae_et_patriae	scientia_et_labor	e.g., 2:1	salus_in_arduis	scientiae_et_patriae	saltus_in_demonstrando	ANGULAR	labor_ipse_voluptas	Obedientia_civium_urbis_felicitas	salus_in_arduis
NonDICOMCTimages	GC-IMAGE-992738	GC-NonDICOMCTimages-890931	scientia_et_sapientia	scientia_imperii_decus_et_tutamen	scientia_et_labor	e.g., 2:1	imperium_in_imperio	a_bene_placito	damnant_quod_non_intellegunt	NONE	faber_est_suae_quisque_fortunae	haec_olim_meminisse_iuvabit	saltus_in_demonstrando
NonDICOMCTimages	GC-IMAGE-797579	GC-NonDICOMCTimages-687508	id_quod_plerumque_accidit	pace_tua	a_bene_placito	e.g., 2:1	cacatum_non_est_pictum	barba_crescit_caput_nescit	Obedientia_civium_urbis_felicitas	LONGITUDINAL	haec_olim_meminisse_iuvabit	damnant_quod_non_intellegunt	scientia,_aere_perennius
NonDICOMCTimages	GC-IMAGE-116826	GC-NonDICOMCTimages-981626	pace_tua	scientiae_et_patriae	saltus_in_demonstrando	e.g., 2:1	barba_crescit_caput_nescit	nanos_gigantum_humeris_insidentes	pace_tua	ANGULAR	faber_est_suae_quisque_fortunae	barba_crescit_caput_nescit	nanos_gigantum_humeris_insidentes
NonDICOMCTimages	GC-IMAGE-335660	GC-NonDICOMCTimages-128004	Macte_animo_Generose_puer_sic_itur_ad_astra	scientiae_et_patriae	damnant_quod_non_intellegunt	e.g., 2:1	sapiens_qui_prospicit	saltus_in_demonstrando	Obedientia_civium_urbis_felicitas	LONGITUDINAL	O_Tite_tute_Tati_tibi_tanta_tyranne_tulisti	scientiae_cedit_mare	Macte_animo_Generose_puer_sic_itur_ad_astra
NonDICOMCTimages	GC-IMAGE-796120	GC-NonDICOMCTimages-434831	Obedientia_civium_urbis_felicitas	cacatum_non_est_pictum	imperium_in_imperio	e.g., 2:1	scientia_imperii_decus_et_tutamen	faber_est_suae_quisque_fortunae	saltus_in_demonstrando	NONE	saltus_in_demonstrando	faber_est_suae_quisque_fortunae	faber_est_suae_quisque_fortunae
NonDICOMCTimages	GC-IMAGE-270082	GC-NonDICOMCTimages-216840	scientia_et_sapientia	scientia_et_sapientia	barba_crescit_caput_nescit	e.g., 2:1	pace_tua	a_bene_placito	scientia,_aere_perennius	NONE	damnant_quod_non_intellegunt	labor_ipse_voluptas	Gallia_est_omnis_divisa_in_partes_tres
NonDICOMCTimages	GC-IMAGE-154708	GC-NonDICOMCTimages-609101	nascentes_morimur_finisque_ab_origine_pendet	Macte_animo_Generose_puer_sic_itur_ad_astra	faber_est_suae_quisque_fortunae	e.g., 2:1	scientia_et_labor	Obedientia_civium_urbis_felicitas	O_Tite_tute_Tati_tibi_tanta_tyranne_tulisti	ECG-BASED	nascentes_morimur_finisque_ab_origine_pendet	sapiens_qui_prospicit	salus_in_arduis
NonDICOMCTimages	GC-IMAGE-108525	GC-NonDICOMCTimages-749710	haec_olim_meminisse_iuvabit	damnant_quod_non_intellegunt	nascentes_morimur_finisque_ab_origine_pendet	e.g., 2:1	a_bene_placito	Gallia_est_omnis_divisa_in_partes_tres	sapiens_qui_prospicit	ECG-BASED	pace_tua	salus_in_arduis	scientia,_aere_perennius
NonDICOMCTimages	GC-IMAGE-167501	GC-NonDICOMCTimages-607336	Macte_animo_Generose_puer_sic_itur_ad_astra	Gallia_est_omnis_divisa_in_partes_tres	scientia_et_labor	e.g., 2:1	faber_est_suae_quisque_fortunae	salus_in_arduis	pace_tua	ANGULAR	imperium_in_imperio	Gallia_est_omnis_divisa_in_partes_tres	nascentes_morimur_finisque_ab_origine_pendet
NonDICOMCTimages	GC-IMAGE-911992	GC-NonDICOMCTimages-196342	id_quod_plerumque_accidit	scientia,_aere_perennius	faber_est_suae_quisque_fortunae	e.g., 2:1	scientiae_cedit_mare	Gallia_est_omnis_divisa_in_partes_tres	scientiae_cedit_mare	ORGAN-BASED	scientia_imperii_decus_et_tutamen	Obedientia_civium_urbis_felicitas	haec_olim_meminisse_iuvabit
NonDICOMCTimages	GC-IMAGE-445340	GC-NonDICOMCTimages-937242	sapiens_qui_prospicit	sapiens_qui_prospicit	labor_ipse_voluptas	e.g., 2:1	sapiens_qui_prospicit	nascentes_morimur_finisque_ab_origine_pendet	saltus_in_demonstrando	LONGITUDINAL	pace_tua	Obedientia_civium_urbis_felicitas	pace_tua
NonDICOMCTimages	GC-IMAGE-171649	GC-NonDICOMCTimages-996188	faber_est_suae_quisque_fortunae	faber_est_suae_quisque_fortunae	O_Tite_tute_Tati_tibi_tanta_tyranne_tulisti	e.g., 2:1	haec_olim_meminisse_iuvabit	barba_crescit_caput_nescit	Gallia_est_omnis_divisa_in_partes_tres	LONGITUDINAL	pace_tua	a_bene_placito	sapiens_qui_prospicit
NonDICOMCTimages	GC-IMAGE-907015	GC-NonDICOMCTimages-114575	scientia_imperii_decus_et_tutamen	cacatum_non_est_pictum	salus_in_arduis	e.g., 2:1	scientiae_et_patriae	labor_ipse_voluptas	cacatum_non_est_pictum	NONE	e_causa_ignota	Gallia_est_omnis_divisa_in_partes_tres	id_quod_plerumque_accidit
NonDICOMCTimages	GC-IMAGE-922980	GC-NonDICOMCTimages-798781	cacatum_non_est_pictum	damnant_quod_non_intellegunt	barba_crescit_caput_nescit	e.g., 2:1	haec_olim_meminisse_iuvabit	a_bene_placito	saltus_in_demonstrando	ECG-BASED	scientia_et_labor	nanos_gigantum_humeris_insidentes	salus_in_arduis
NonDICOMCTimages	GC-IMAGE-316050	GC-NonDICOMCTimages-466491	nascentes_morimur_finisque_ab_origine_pendet	labor_ipse_voluptas	scientia_et_labor	e.g., 2:1	damnant_quod_non_intellegunt	damnant_quod_non_intellegunt	Macte_animo_Generose_puer_sic_itur_ad_astra	NONE	cacatum_non_est_pictum	nanos_gigantum_humeris_insidentes	scientiae_et_patriae
NonDICOMCTimages	GC-IMAGE-911712	GC-NonDICOMCTimages-506821	scientiae_cedit_mare	O_Tite_tute_Tati_tibi_tanta_tyranne_tulisti	haec_olim_meminisse_iuvabit	e.g., 2:1	barba_crescit_caput_nescit	O_Tite_tute_Tati_tibi_tanta_tyranne_tulisti	id_quod_plerumque_accidit	ORGAN-BASED	Obedientia_civium_urbis_felicitas	pace_tua	scientiae_cedit_mare
NonDICOMCTimages	GC-IMAGE-603884	GC-NonDICOMCTimages-919564	damnant_quod_non_intellegunt	saltus_in_demonstrando	haec_olim_meminisse_iuvabit	e.g., 2:1	barba_crescit_caput_nescit	salus_in_arduis	a_bene_placito	NONE	scientiae_cedit_mare	O_Tite_tute_Tati_tibi_tanta_tyranne_tulisti	id_quod_plerumque_accidit
NonDICOMCTimages	GC-IMAGE-663778	GC-NonDICOMCTimages-758175	imperium_in_imperio	a_bene_placito	Obedientia_civium_urbis_felicitas	e.g., 2:1	Macte_animo_Generose_puer_sic_itur_ad_astra	scientiae_cedit_mare	scientiae_et_patriae	NONE	nanos_gigantum_humeris_insidentes	a_bene_placito	salus_in_arduis
NonDICOMCTimages	GC-IMAGE-187256	GC-NonDICOMCTimages-704931	a_bene_placito	id_quod_plerumque_accidit	nascentes_morimur_finisque_ab_origine_pendet	e.g., 2:1	cacatum_non_est_pictum	sapiens_qui_prospicit	sapiens_qui_prospicit	LONGITUDINAL	haec_olim_meminisse_iuvabit	labor_ipse_voluptas	scientia,_aere_perennius
NonDICOMCTimages	GC-IMAGE-670051	GC-NonDICOMCTimages-985541	labor_ipse_voluptas	pace_tua	nascentes_morimur_finisque_ab_origine_pendet	e.g., 2:1	scientia,_aere_perennius	O_Tite_tute_Tati_tibi_tanta_tyranne_tulisti	a_bene_placito	ANGULAR	imperium_in_imperio	Macte_animo_Generose_puer_sic_itur_ad_astra	O_Tite_tute_Tati_tibi_tanta_tyranne_tulisti
NonDICOMCTimages	GC-IMAGE-743521	GC-NonDICOMCTimages-889683	scientia_imperii_decus_et_tutamen	haec_olim_meminisse_iuvabit	scientiae_cedit_mare	e.g., 2:1	scientia_et_labor	imperium_in_imperio	labor_ipse_voluptas	NONE	faber_est_suae_quisque_fortunae	labor_ipse_voluptas	scientia_imperii_decus_et_tutamen
NonDICOMCTimages	GC-IMAGE-992565	GC-NonDICOMCTimages-305647	Gallia_est_omnis_divisa_in_partes_tres	labor_ipse_voluptas	O_Tite_tute_Tati_tibi_tanta_tyranne_tulisti	e.g., 2:1	Macte_animo_Generose_puer_sic_itur_ad_astra	saltus_in_demonstrando	nascentes_morimur_finisque_ab_origine_pendet	ORGAN-BASED	O_Tite_tute_Tati_tibi_tanta_tyranne_tulisti	Gallia_est_omnis_divisa_in_partes_tres	nanos_gigantum_humeris_insidentes
NonDICOMCTimages	GC-IMAGE-871093	GC-NonDICOMCTimages-282364	pace_tua	scientiae_cedit_mare	scientiae_et_patriae	e.g., 2:1	sapiens_qui_prospicit	faber_est_suae_quisque_fortunae	O_Tite_tute_Tati_tibi_tanta_tyranne_tulisti	ANGULAR	scientiae_et_patriae	O_Tite_tute_Tati_tibi_tanta_tyranne_tulisti	O_Tite_tute_Tati_tibi_tanta_tyranne_tulisti
NonDICOMCTimages	GC-IMAGE-124495	GC-NonDICOMCTimages-429237	nascentes_morimur_finisque_ab_origine_pendet	scientia_et_sapientia	labor_ipse_voluptas	e.g., 2:1	scientia_et_sapientia	nascentes_morimur_finisque_ab_origine_pendet	cacatum_non_est_pictum	NONE	cacatum_non_est_pictum	scientia_imperii_decus_et_tutamen	barba_crescit_caput_nescit
NonDICOMCTimages	GC-IMAGE-775372	GC-NonDICOMCTimages-314763	scientia_et_sapientia	cacatum_non_est_pictum	haec_olim_meminisse_iuvabit	e.g., 2:1	O_Tite_tute_Tati_tibi_tanta_tyranne_tulisti	scientiae_et_patriae	nascentes_morimur_finisque_ab_origine_pendet	LONGITUDINAL	haec_olim_meminisse_iuvabit	haec_olim_meminisse_iuvabit	cacatum_non_est_pictum
NonDICOMCTimages	GC-IMAGE-273957	GC-NonDICOMCTimages-112525	labor_ipse_voluptas	nanos_gigantum_humeris_insidentes	nanos_gigantum_humeris_insidentes	e.g., 2:1	haec_olim_meminisse_iuvabit	scientia_imperii_decus_et_tutamen	e_causa_ignota	LONGITUDINAL	nascentes_morimur_finisque_ab_origine_pendet	nascentes_morimur_finisque_ab_origine_pendet	scientiae_cedit_mare
NonDICOMCTimages	GC-IMAGE-687925	GC-NonDICOMCTimages-563807	O_Tite_tute_Tati_tibi_tanta_tyranne_tulisti	e_causa_ignota	id_quod_plerumque_accidit	e.g., 2:1	nascentes_morimur_finisque_ab_origine_pendet	scientia,_aere_perennius	e_causa_ignota	LONGITUDINAL	a_bene_placito	scientiae_cedit_mare	scientia_et_labor
NonDICOMCTimages	GC-IMAGE-230876	GC-NonDICOMCTimages-978838	sapiens_qui_prospicit	scientia_imperii_decus_et_tutamen	salus_in_arduis	e.g., 2:1	scientia_et_labor	barba_crescit_caput_nescit	damnant_quod_non_intellegunt	LONGITUDINAL	scientia_imperii_decus_et_tutamen	imperium_in_imperio	salus_in_arduis
NonDICOMCTimages	GC-IMAGE-205875	GC-NonDICOMCTimages-664692	e_causa_ignota	scientiae_cedit_mare	haec_olim_meminisse_iuvabit	e.g., 2:1	damnant_quod_non_intellegunt	barba_crescit_caput_nescit	scientia_et_sapientia	NONE	nanos_gigantum_humeris_insidentes	imperium_in_imperio	cacatum_non_est_pictum
NonDICOMCTimages	GC-IMAGE-821771	GC-NonDICOMCTimages-762102	labor_ipse_voluptas	O_Tite_tute_Tati_tibi_tanta_tyranne_tulisti	O_Tite_tute_Tati_tibi_tanta_tyranne_tulisti	e.g., 2:1	salus_in_arduis	pace_tua	scientiae_et_patriae	ECG-BASED	scientiae_cedit_mare	cacatum_non_est_pictum	Macte_animo_Generose_puer_sic_itur_ad_astra
NonDICOMCTimages	GC-IMAGE-355144	GC-NonDICOMCTimages-964043	a_bene_placito	pace_tua	haec_olim_meminisse_iuvabit	e.g., 2:1	a_bene_placito	cacatum_non_est_pictum	e_causa_ignota	LONGITUDINAL	nanos_gigantum_humeris_insidentes	scientia,_aere_perennius	O_Tite_tute_Tati_tibi_tanta_tyranne_tulisti
NonDICOMCTimages	GC-IMAGE-206160	GC-NonDICOMCTimages-363060	scientiae_cedit_mare	salus_in_arduis	O_Tite_tute_Tati_tibi_tanta_tyranne_tulisti	e.g., 2:1	cacatum_non_est_pictum	faber_est_suae_quisque_fortunae	scientia,_aere_perennius	ANGULAR	labor_ipse_voluptas	saltus_in_demonstrando	id_quod_plerumque_accidit
NonDICOMCTimages	GC-IMAGE-533445	GC-NonDICOMCTimages-637669	O_Tite_tute_Tati_tibi_tanta_tyranne_tulisti	labor_ipse_voluptas	e_causa_ignota	e.g., 2:1	faber_est_suae_quisque_fortunae	e_causa_ignota	scientiae_cedit_mare	ORGAN-BASED	O_Tite_tute_Tati_tibi_tanta_tyranne_tulisti	labor_ipse_voluptas	haec_olim_meminisse_iuvabit
NonDICOMCTimages	GC-IMAGE-523724	GC-NonDICOMCTimages-833232	pace_tua	Macte_animo_Generose_puer_sic_itur_ad_astra	barba_crescit_caput_nescit	e.g., 2:1	salus_in_arduis	id_quod_plerumque_accidit	salus_in_arduis	ORGAN-BASED	scientia,_aere_perennius	scientiae_cedit_mare	id_quod_plerumque_accidit
NonDICOMCTimages	GC-IMAGE-549832	GC-NonDICOMCTimages-981501	Gallia_est_omnis_divisa_in_partes_tres	faber_est_suae_quisque_fortunae	scientia_et_labor	e.g., 2:1	Gallia_est_omnis_divisa_in_partes_tres	salus_in_arduis	nascentes_morimur_finisque_ab_origine_pendet	ECG-BASED	Gallia_est_omnis_divisa_in_partes_tres	haec_olim_meminisse_iuvabit	haec_olim_meminisse_iuvabit
NonDICOMCTimages	GC-IMAGE-207729	GC-NonDICOMCTimages-180266	nascentes_morimur_finisque_ab_origine_pendet	sapiens_qui_prospicit	Obedientia_civium_urbis_felicitas	e.g., 2:1	imperium_in_imperio	Obedientia_civium_urbis_felicitas	scientia_imperii_decus_et_tutamen	ECG-BASED	barba_crescit_caput_nescit	scientia_et_sapientia	Macte_animo_Generose_puer_sic_itur_ad_astra
NonDICOMCTimages	GC-IMAGE-327379	GC-NonDICOMCTimages-317233	a_bene_placito	saltus_in_demonstrando	a_bene_placito	e.g., 2:1	O_Tite_tute_Tati_tibi_tanta_tyranne_tulisti	salus_in_arduis	cacatum_non_est_pictum	NONE	Macte_animo_Generose_puer_sic_itur_ad_astra	sapiens_qui_prospicit	scientia_et_sapientia
NonDICOMCTimages	GC-IMAGE-266346	GC-NonDICOMCTimages-415900	barba_crescit_caput_nescit	imperium_in_imperio	damnant_quod_non_intellegunt	e.g., 2:1	labor_ipse_voluptas	scientiae_cedit_mare	nascentes_morimur_finisque_ab_origine_pendet	ORGAN-BASED	Macte_animo_Generose_puer_sic_itur_ad_astra	saltus_in_demonstrando	pace_tua
NonDICOMCTimages	GC-IMAGE-279828	GC-NonDICOMCTimages-674417	labor_ipse_voluptas	O_Tite_tute_Tati_tibi_tanta_tyranne_tulisti	Gallia_est_omnis_divisa_in_partes_tres	e.g., 2:1	scientiae_et_patriae	cacatum_non_est_pictum	scientia_imperii_decus_et_tutamen	ORGAN-BASED	scientia,_aere_perennius	barba_crescit_caput_nescit	O_Tite_tute_Tati_tibi_tanta_tyranne_tulisti
NonDICOMCTimages	GC-IMAGE-780983	GC-NonDICOMCTimages-359314	saltus_in_demonstrando	damnant_quod_non_intellegunt	sapiens_qui_prospicit	e.g., 2:1	id_quod_plerumque_accidit	cacatum_non_est_pictum	imperium_in_imperio	ANGULAR	O_Tite_tute_Tati_tibi_tanta_tyranne_tulisti	Macte_animo_Generose_puer_sic_itur_ad_astra	pace_tua
NonDICOMCTimages	GC-IMAGE-630085	GC-NonDICOMCTimages-919956	O_Tite_tute_Tati_tibi_tanta_tyranne_tulisti	scientiae_et_patriae	scientia_et_labor	e.g., 2:1	scientiae_cedit_mare	a_bene_placito	nanos_gigantum_humeris_insidentes	ORGAN-BASED	salus_in_arduis	scientiae_cedit_mare	Gallia_est_omnis_divisa_in_partes_tres
NonDICOMCTimages	GC-IMAGE-316644	GC-NonDICOMCTimages-585455	a_bene_placito	imperium_in_imperio	nanos_gigantum_humeris_insidentes	e.g., 2:1	Macte_animo_Generose_puer_sic_itur_ad_astra	haec_olim_meminisse_iuvabit	imperium_in_imperio	LONGITUDINAL	Obedientia_civium_urbis_felicitas	scientia_et_sapientia	salus_in_arduis
NonDICOMCTimages	GC-IMAGE-780522	GC-NonDICOMCTimages-410753	saltus_in_demonstrando	nascentes_morimur_finisque_ab_origine_pendet	nanos_gigantum_humeris_insidentes	e.g., 2:1	Obedientia_civium_urbis_felicitas	imperium_in_imperio	labor_ipse_voluptas	NONE	damnant_quod_non_intellegunt	e_causa_ignota	scientiae_et_patriae
NonDICOMCTimages	GC-IMAGE-134402	GC-NonDICOMCTimages-341483	nanos_gigantum_humeris_insidentes	cacatum_non_est_pictum	a_bene_placito	e.g., 2:1	haec_olim_meminisse_iuvabit	scientia_et_sapientia	scientia_et_labor	NONE	scientia_et_sapientia	scientiae_cedit_mare	a_bene_placito
NonDICOMCTimages	GC-IMAGE-363895	GC-NonDICOMCTimages-599895	saltus_in_demonstrando	labor_ipse_voluptas	pace_tua	e.g., 2:1	scientia_et_labor	barba_crescit_caput_nescit	a_bene_placito	NONE	labor_ipse_voluptas	salus_in_arduis	e_causa_ignota
NonDICOMCTimages	GC-IMAGE-847605	GC-NonDICOMCTimages-694703	labor_ipse_voluptas	scientia_et_labor	damnant_quod_non_intellegunt	e.g., 2:1	scientia,_aere_perennius	scientia_et_labor	scientia_imperii_decus_et_tutamen	LONGITUDINAL	scientia_et_sapientia	e_causa_ignota	e_causa_ignota
NonDICOMCTimages	GC-IMAGE-878266	GC-NonDICOMCTimages-666410	cacatum_non_est_pictum	pace_tua	id_quod_plerumque_accidit	e.g., 2:1	faber_est_suae_quisque_fortunae	labor_ipse_voluptas	scientiae_cedit_mare	ANGULAR	sapiens_qui_prospicit	scientia_et_labor	pace_tua
NonDICOMCTimages	GC-IMAGE-971385	GC-NonDICOMCTimages-509826	scientia_et_labor	id_quod_plerumque_accidit	O_Tite_tute_Tati_tibi_tanta_tyranne_tulisti	e.g., 2:1	haec_olim_meminisse_iuvabit	faber_est_suae_quisque_fortunae	scientia,_aere_perennius	LONGITUDINAL	damnant_quod_non_intellegunt	a_bene_placito	scientia_et_sapientia
NonDICOMCTimages	GC-IMAGE-836088	GC-NonDICOMCTimages-560508	Obedientia_civium_urbis_felicitas	damnant_quod_non_intellegunt	damnant_quod_non_intellegunt	e.g., 2:1	damnant_quod_non_intellegunt	damnant_quod_non_intellegunt	Gallia_est_omnis_divisa_in_partes_tres	LONGITUDINAL	salus_in_arduis	scientia_et_labor	pace_tua
NonDICOMCTimages	GC-IMAGE-723198	GC-NonDICOMCTimages-846245	scientiae_cedit_mare	a_bene_placito	nanos_gigantum_humeris_insidentes	e.g., 2:1	e_causa_ignota	labor_ipse_voluptas	nascentes_morimur_finisque_ab_origine_pendet	NONE	faber_est_suae_quisque_fortunae	labor_ipse_voluptas	scientia_imperii_decus_et_tutamen
NonDICOMCTimages	GC-IMAGE-820192	GC-NonDICOMCTimages-704934	scientiae_et_patriae	a_bene_placito	cacatum_non_est_pictum	e.g., 2:1	O_Tite_tute_Tati_tibi_tanta_tyranne_tulisti	scientia_imperii_decus_et_tutamen	scientia_et_sapientia	ANGULAR	cacatum_non_est_pictum	a_bene_placito	haec_olim_meminisse_iuvabit
