type	image.study_link_id	NonDICOMMRimages_id	MRImageAcquisitionProtocolElement_echoPulseSequenceCategoryCode	MRImageAcquisitionProtocolElement_diffusionBValue	MRImageAcquisitionProtocolElement_diffusionDirectionalityCode	MRImageAcquisitionProtocolElement_magneticFieldStrength	MRImageAcquisitionProtocolElement_resonantNucleusCode	MRImageAcquisitionProtocolElement_acquisitionContrastCode	MRImageAcquisitionProtocolElement_inversionRecoveryIndicator	MRImageAcquisitionProtocolElement_pulseSequenceName	MRImageAcquisitionProtocolElement_multipleSpinEchoIndicator	MRImageAcquisitionProtocolElement_phaseContrastIndicator	MRImageAcquisitionProtocolElement_timeOfFlightContrastIndicator	MRImageAcquisitionProtocolElement_arterialSpinLabelingContrastCode	MRImageAcquisitionProtocolElement_steadyStatePulseSequenceCode	MRImageAcquisitionProtocolElement_echoPlanarPulseSequenceIndicator	MRImageAcquisitionProtocolElement_saturationRecoveryIndicator	MRImageAcquisitionProtocolElement_spectrallySelectedSuppressionCode	MRImageReconstructionProtocolElement_complexImageComponentCode	crdc_id
NonDICOMMRimages	GC-IMAGE-819534	GC-NonDICOMMRimages-594708	BOTH	labor_ipse_voluptas	ISOTROPIC	id_quod_plerumque_accidit	3HE	FLOW_ENCODED_Flow Encoded contrast	No	O_Tite_tute_Tati_tibi_tanta_tyranne_tulisti	Yes	No	Yes	imperium_in_imperio	FREE PRECESSION	No	Yes	SILICON GEL	MAGNITUDE	salus_in_arduis
NonDICOMMRimages	GC-IMAGE-748284	GC-NonDICOMMRimages-207816	SPIN	barba_crescit_caput_nescit	ISOTROPIC	sapiens_qui_prospicit	3HE	TOF_Time Of Flight weighted contrast	Yes	scientia_et_labor	Yes	Yes	Yes	Obedientia_civium_urbis_felicitas	FREE PRECESSION	No	Yes	WATER	PHASE	scientiae_cedit_mare
NonDICOMMRimages	GC-IMAGE-403489	GC-NonDICOMMRimages-833048	BOTH	haec_olim_meminisse_iuvabit	NONE	pace_tua	31P	TAGGING_Superposition of thin saturation bands onto image	Yes	imperium_in_imperio	No	Yes	No	scientia_et_labor	TIME REVERSED	No	No	NONE	PHASE	a_bene_placito
NonDICOMMRimages	GC-IMAGE-474580	GC-NonDICOMMRimages-986229	SPIN	barba_crescit_caput_nescit	BMATRIX	nanos_gigantum_humeris_insidentes	1H	T2_T2 weighted contrast	No	nanos_gigantum_humeris_insidentes	Yes	No	Yes	haec_olim_meminisse_iuvabit	LONGITUDINAL	Yes	No	SILICON GEL	PHASE	imperium_in_imperio
NonDICOMMRimages	GC-IMAGE-308941	GC-NonDICOMMRimages-644622	GRADIENT	scientiae_et_patriae	BMATRIX	scientia_imperii_decus_et_tutamen	23NA	FLOW_ENCODED_Flow Encoded contrast	No	nanos_gigantum_humeris_insidentes	No	No	No	cacatum_non_est_pictum	TRANSVERSE	Yes	No	FAT AND WATER	PHASE	haec_olim_meminisse_iuvabit
NonDICOMMRimages	GC-IMAGE-394490	GC-NonDICOMMRimages-347291	BOTH	imperium_in_imperio	ISOTROPIC	cacatum_non_est_pictum	129XE	FLUID_ATTENUATED_Fluid Attenuated T2 weighted contrast	Yes	faber_est_suae_quisque_fortunae	Yes	Yes	No	scientiae_et_patriae	LONGITUDINAL	Yes	No	FAT	MAGNITUDE	Obedientia_civium_urbis_felicitas
NonDICOMMRimages	GC-IMAGE-859914	GC-NonDICOMMRimages-747042	SPIN	scientiae_et_patriae	BMATRIX	imperium_in_imperio	7LI	T2_T2 weighted contrast	Yes	nanos_gigantum_humeris_insidentes	Yes	No	No	sapiens_qui_prospicit	LONGITUDINAL	No	No	FAT	MAGNITUDE	Obedientia_civium_urbis_felicitas
NonDICOMMRimages	GC-IMAGE-305974	GC-NonDICOMMRimages-887244	BOTH	damnant_quod_non_intellegunt	DIRECTIONAL	scientiae_et_patriae	31P	PERFUSION_Perfusion weighted contrast	No	imperium_in_imperio	No	No	No	scientia_et_sapientia	LONGITUDINAL	No	Yes	SILICON GEL	IMAGINARY	scientiae_et_patriae
NonDICOMMRimages	GC-IMAGE-317696	GC-NonDICOMMRimages-261818	SPIN	id_quod_plerumque_accidit	DIRECTIONAL	scientiae_et_patriae	31P	PERFUSION_Perfusion weighted contrast	Yes	pace_tua	Yes	No	Yes	scientia,_aere_perennius	FREE PRECESSION	No	No	FAT AND WATER	MAGNITUDE	nascentes_morimur_finisque_ab_origine_pendet
NonDICOMMRimages	GC-IMAGE-765860	GC-NonDICOMMRimages-917723	GRADIENT	id_quod_plerumque_accidit	DIRECTIONAL	Gallia_est_omnis_divisa_in_partes_tres	19F	FLUID_ATTENUATED_Fluid Attenuated T2 weighted contrast	Yes	Gallia_est_omnis_divisa_in_partes_tres	No	Yes	No	scientiae_et_patriae	NONE	No	No	FAT	PHASE	scientia_et_sapientia
NonDICOMMRimages	GC-IMAGE-707032	GC-NonDICOMMRimages-535648	SPIN	scientiae_et_patriae	NONE	scientia,_aere_perennius	3HE	PERFUSION_Perfusion weighted contrast	No	scientia_et_sapientia	Yes	Yes	Yes	Gallia_est_omnis_divisa_in_partes_tres	LONGITUDINAL	Yes	Yes	NONE	IMAGINARY	scientia_et_sapientia
NonDICOMMRimages	GC-IMAGE-625961	GC-NonDICOMMRimages-768743	SPIN	faber_est_suae_quisque_fortunae	NONE	scientiae_cedit_mare	7LI	T1_T1 weighted contrast	Yes	scientia_et_labor	No	Yes	No	scientia_et_sapientia	TIME REVERSED	No	Yes	FAT	PHASE	barba_crescit_caput_nescit
NonDICOMMRimages	GC-IMAGE-677433	GC-NonDICOMMRimages-640838	SPIN	damnant_quod_non_intellegunt	NONE	barba_crescit_caput_nescit	3HE	PROTON_DENSITY_Proton Density weighted contrast	No	faber_est_suae_quisque_fortunae	No	No	No	id_quod_plerumque_accidit	NONE	Yes	No	SILICON GEL	MAGNITUDE	pace_tua
NonDICOMMRimages	GC-IMAGE-835781	GC-NonDICOMMRimages-208292	SPIN	nanos_gigantum_humeris_insidentes	BMATRIX	id_quod_plerumque_accidit	23NA	T2_STAR_T2* weighted contrast	Yes	labor_ipse_voluptas	No	No	No	scientia_et_sapientia	FREE PRECESSION	No	No	NONE	IMAGINARY	a_bene_placito
NonDICOMMRimages	GC-IMAGE-329224	GC-NonDICOMMRimages-773829	GRADIENT	saltus_in_demonstrando	DIRECTIONAL	scientia_et_labor	1H	T1_T1 weighted contrast	Yes	imperium_in_imperio	Yes	No	No	id_quod_plerumque_accidit	LONGITUDINAL	No	No	FAT AND WATER	REAL	a_bene_placito
NonDICOMMRimages	GC-IMAGE-270314	GC-NonDICOMMRimages-722283	SPIN	imperium_in_imperio	NONE	scientia,_aere_perennius	31P	TAGGING_Superposition of thin saturation bands onto image	Yes	scientia_imperii_decus_et_tutamen	No	No	No	e_causa_ignota	FREE PRECESSION	Yes	Yes	FAT AND WATER	REAL	faber_est_suae_quisque_fortunae
NonDICOMMRimages	GC-IMAGE-255686	GC-NonDICOMMRimages-379132	BOTH	Macte_animo_Generose_puer_sic_itur_ad_astra	BMATRIX	salus_in_arduis	7LI	T1_T1 weighted contrast	No	id_quod_plerumque_accidit	No	No	No	saltus_in_demonstrando	TRANSVERSE	No	No	FAT	REAL	Gallia_est_omnis_divisa_in_partes_tres
NonDICOMMRimages	GC-IMAGE-104451	GC-NonDICOMMRimages-989524	BOTH	salus_in_arduis	DIRECTIONAL	labor_ipse_voluptas	13C	TAGGING_Superposition of thin saturation bands onto image	No	id_quod_plerumque_accidit	Yes	Yes	No	cacatum_non_est_pictum	TRANSVERSE	No	Yes	NONE	REAL	Gallia_est_omnis_divisa_in_partes_tres
NonDICOMMRimages	GC-IMAGE-603999	GC-NonDICOMMRimages-601221	BOTH	pace_tua	BMATRIX	barba_crescit_caput_nescit	7LI	FLOW_ENCODED_Flow Encoded contrast	Yes	scientiae_et_patriae	Yes	Yes	No	a_bene_placito	LONGITUDINAL	Yes	Yes	FAT AND WATER	REAL	id_quod_plerumque_accidit
NonDICOMMRimages	GC-IMAGE-702993	GC-NonDICOMMRimages-992562	GRADIENT	nascentes_morimur_finisque_ab_origine_pendet	BMATRIX	scientia_imperii_decus_et_tutamen	31P	TAGGING_Superposition of thin saturation bands onto image	Yes	cacatum_non_est_pictum	Yes	Yes	Yes	pace_tua	NONE	No	No	FAT	REAL	scientiae_et_patriae
NonDICOMMRimages	GC-IMAGE-823185	GC-NonDICOMMRimages-945748	BOTH	pace_tua	ISOTROPIC	Obedientia_civium_urbis_felicitas	129XE	T2_STAR_T2* weighted contrast	Yes	Macte_animo_Generose_puer_sic_itur_ad_astra	No	Yes	Yes	scientiae_cedit_mare	LONGITUDINAL	No	No	FAT AND WATER	MAGNITUDE	faber_est_suae_quisque_fortunae
NonDICOMMRimages	GC-IMAGE-796133	GC-NonDICOMMRimages-484195	SPIN	damnant_quod_non_intellegunt	BMATRIX	O_Tite_tute_Tati_tibi_tanta_tyranne_tulisti	31P	PROTON_DENSITY_Proton Density weighted contrast	Yes	scientia,_aere_perennius	Yes	Yes	Yes	damnant_quod_non_intellegunt	TRANSVERSE	No	No	WATER	IMAGINARY	barba_crescit_caput_nescit
NonDICOMMRimages	GC-IMAGE-287018	GC-NonDICOMMRimages-473208	BOTH	scientia_et_labor	ISOTROPIC	saltus_in_demonstrando	3HE	FLOW_ENCODED_Flow Encoded contrast	Yes	imperium_in_imperio	No	No	Yes	cacatum_non_est_pictum	NONE	Yes	No	FAT	PHASE	sapiens_qui_prospicit
NonDICOMMRimages	GC-IMAGE-895498	GC-NonDICOMMRimages-559071	GRADIENT	id_quod_plerumque_accidit	NONE	scientia_et_sapientia	3HE	FLOW_ENCODED_Flow Encoded contrast	No	O_Tite_tute_Tati_tibi_tanta_tyranne_tulisti	No	Yes	Yes	nanos_gigantum_humeris_insidentes	FREE PRECESSION	Yes	Yes	WATER	IMAGINARY	e_causa_ignota
NonDICOMMRimages	GC-IMAGE-636844	GC-NonDICOMMRimages-764184	SPIN	Obedientia_civium_urbis_felicitas	DIRECTIONAL	salus_in_arduis	129XE	STIR_Short Tau Inversion Recovery	Yes	scientia,_aere_perennius	No	No	Yes	scientia_et_labor	TIME REVERSED	No	No	FAT	IMAGINARY	scientiae_cedit_mare
NonDICOMMRimages	GC-IMAGE-536159	GC-NonDICOMMRimages-285395	SPIN	nanos_gigantum_humeris_insidentes	BMATRIX	scientia_et_labor	23NA	TAGGING_Superposition of thin saturation bands onto image	Yes	id_quod_plerumque_accidit	No	No	No	haec_olim_meminisse_iuvabit	LONGITUDINAL	Yes	No	FAT	PHASE	scientia_imperii_decus_et_tutamen
NonDICOMMRimages	GC-IMAGE-422306	GC-NonDICOMMRimages-721358	BOTH	nascentes_morimur_finisque_ab_origine_pendet	NONE	saltus_in_demonstrando	19F	PERFUSION_Perfusion weighted contrast	Yes	scientiae_cedit_mare	No	Yes	No	Obedientia_civium_urbis_felicitas	LONGITUDINAL	No	No	SILICON GEL	IMAGINARY	scientiae_cedit_mare
NonDICOMMRimages	GC-IMAGE-775002	GC-NonDICOMMRimages-195755	BOTH	imperium_in_imperio	NONE	scientia_imperii_decus_et_tutamen	129XE	FLOW_ENCODED_Flow Encoded contrast	Yes	scientiae_et_patriae	No	Yes	No	nanos_gigantum_humeris_insidentes	LONGITUDINAL	No	No	FAT	MAGNITUDE	scientia_et_labor
NonDICOMMRimages	GC-IMAGE-659591	GC-NonDICOMMRimages-479400	BOTH	damnant_quod_non_intellegunt	DIRECTIONAL	scientia_et_sapientia	129XE	T2_STAR_T2* weighted contrast	Yes	haec_olim_meminisse_iuvabit	No	Yes	Yes	nascentes_morimur_finisque_ab_origine_pendet	NONE	Yes	Yes	NONE	REAL	salus_in_arduis
NonDICOMMRimages	GC-IMAGE-369694	GC-NonDICOMMRimages-467518	BOTH	a_bene_placito	ISOTROPIC	faber_est_suae_quisque_fortunae	3HE	DIFFUSION	Yes	O_Tite_tute_Tati_tibi_tanta_tyranne_tulisti	No	No	Yes	haec_olim_meminisse_iuvabit	TRANSVERSE	Yes	Yes	FAT	REAL	Gallia_est_omnis_divisa_in_partes_tres
NonDICOMMRimages	GC-IMAGE-395589	GC-NonDICOMMRimages-883768	SPIN	Macte_animo_Generose_puer_sic_itur_ad_astra	NONE	saltus_in_demonstrando	3HE	TAGGING_Superposition of thin saturation bands onto image	Yes	Gallia_est_omnis_divisa_in_partes_tres	No	Yes	No	Obedientia_civium_urbis_felicitas	FREE PRECESSION	Yes	No	WATER	PHASE	scientiae_et_patriae
NonDICOMMRimages	GC-IMAGE-443656	GC-NonDICOMMRimages-663984	SPIN	nanos_gigantum_humeris_insidentes	NONE	scientia_imperii_decus_et_tutamen	13C	PROTON_DENSITY_Proton Density weighted contrast	No	e_causa_ignota	No	No	No	a_bene_placito	NONE	No	No	FAT	PHASE	imperium_in_imperio
NonDICOMMRimages	GC-IMAGE-817490	GC-NonDICOMMRimages-583177	SPIN	labor_ipse_voluptas	NONE	imperium_in_imperio	31P	T2_T2 weighted contrast	Yes	haec_olim_meminisse_iuvabit	No	Yes	No	scientia_et_labor	LONGITUDINAL	No	No	FAT AND WATER	MAGNITUDE	scientia,_aere_perennius
NonDICOMMRimages	GC-IMAGE-598712	GC-NonDICOMMRimages-762803	GRADIENT	Obedientia_civium_urbis_felicitas	NONE	scientia_et_labor	23NA	PROTON_DENSITY_Proton Density weighted contrast	No	scientiae_et_patriae	No	Yes	Yes	scientia_imperii_decus_et_tutamen	LONGITUDINAL	No	No	FAT AND WATER	REAL	haec_olim_meminisse_iuvabit
NonDICOMMRimages	GC-IMAGE-768492	GC-NonDICOMMRimages-251595	GRADIENT	labor_ipse_voluptas	ISOTROPIC	labor_ipse_voluptas	31P	PERFUSION_Perfusion weighted contrast	No	scientia,_aere_perennius	No	Yes	No	scientia_imperii_decus_et_tutamen	TRANSVERSE	Yes	No	FAT	PHASE	barba_crescit_caput_nescit
NonDICOMMRimages	GC-IMAGE-968585	GC-NonDICOMMRimages-716397	SPIN	scientia_et_labor	NONE	scientia_imperii_decus_et_tutamen	7LI	TOF_Time Of Flight weighted contrast	Yes	barba_crescit_caput_nescit	Yes	No	Yes	O_Tite_tute_Tati_tibi_tanta_tyranne_tulisti	FREE PRECESSION	No	Yes	WATER	MAGNITUDE	scientia_imperii_decus_et_tutamen
NonDICOMMRimages	GC-IMAGE-340560	GC-NonDICOMMRimages-380365	BOTH	O_Tite_tute_Tati_tibi_tanta_tyranne_tulisti	ISOTROPIC	labor_ipse_voluptas	23NA	DIFFUSION	Yes	labor_ipse_voluptas	No	Yes	No	a_bene_placito	TRANSVERSE	No	Yes	FAT	IMAGINARY	cacatum_non_est_pictum
NonDICOMMRimages	GC-IMAGE-315898	GC-NonDICOMMRimages-928654	BOTH	saltus_in_demonstrando	ISOTROPIC	faber_est_suae_quisque_fortunae	31P	T2_T2 weighted contrast	No	scientia_et_labor	Yes	Yes	Yes	imperium_in_imperio	TRANSVERSE	No	Yes	FAT AND WATER	PHASE	salus_in_arduis
NonDICOMMRimages	GC-IMAGE-755793	GC-NonDICOMMRimages-233040	BOTH	faber_est_suae_quisque_fortunae	ISOTROPIC	scientia,_aere_perennius	7LI	TOF_Time Of Flight weighted contrast	No	id_quod_plerumque_accidit	No	No	Yes	scientia_et_labor	TIME REVERSED	No	No	FAT	PHASE	O_Tite_tute_Tati_tibi_tanta_tyranne_tulisti
NonDICOMMRimages	GC-IMAGE-115478	GC-NonDICOMMRimages-813037	BOTH	saltus_in_demonstrando	BMATRIX	Obedientia_civium_urbis_felicitas	3HE	STIR_Short Tau Inversion Recovery	Yes	a_bene_placito	No	Yes	Yes	nanos_gigantum_humeris_insidentes	TIME REVERSED	No	No	NONE	MAGNITUDE	nanos_gigantum_humeris_insidentes
NonDICOMMRimages	GC-IMAGE-123408	GC-NonDICOMMRimages-886426	SPIN	Obedientia_civium_urbis_felicitas	NONE	scientia_imperii_decus_et_tutamen	23NA	FLOW_ENCODED_Flow Encoded contrast	Yes	scientia,_aere_perennius	Yes	Yes	Yes	nascentes_morimur_finisque_ab_origine_pendet	FREE PRECESSION	No	No	SILICON GEL	PHASE	scientiae_cedit_mare
NonDICOMMRimages	GC-IMAGE-479851	GC-NonDICOMMRimages-535359	SPIN	scientia_imperii_decus_et_tutamen	DIRECTIONAL	saltus_in_demonstrando	3HE	T2_T2 weighted contrast	Yes	O_Tite_tute_Tati_tibi_tanta_tyranne_tulisti	Yes	No	No	scientia_et_sapientia	TRANSVERSE	Yes	Yes	NONE	PHASE	scientia,_aere_perennius
NonDICOMMRimages	GC-IMAGE-635802	GC-NonDICOMMRimages-767126	BOTH	labor_ipse_voluptas	BMATRIX	scientia_et_sapientia	23NA	DIFFUSION	Yes	e_causa_ignota	No	No	Yes	a_bene_placito	NONE	No	Yes	SILICON GEL	PHASE	scientia,_aere_perennius
NonDICOMMRimages	GC-IMAGE-849992	GC-NonDICOMMRimages-218566	SPIN	damnant_quod_non_intellegunt	NONE	Macte_animo_Generose_puer_sic_itur_ad_astra	7LI	FLOW_ENCODED_Flow Encoded contrast	Yes	imperium_in_imperio	No	Yes	Yes	scientia,_aere_perennius	TIME REVERSED	Yes	No	FAT AND WATER	IMAGINARY	faber_est_suae_quisque_fortunae
NonDICOMMRimages	GC-IMAGE-273878	GC-NonDICOMMRimages-587928	SPIN	scientia_imperii_decus_et_tutamen	DIRECTIONAL	a_bene_placito	129XE	FLOW_ENCODED_Flow Encoded contrast	No	labor_ipse_voluptas	Yes	Yes	Yes	faber_est_suae_quisque_fortunae	LONGITUDINAL	No	No	FAT AND WATER	IMAGINARY	scientiae_et_patriae
NonDICOMMRimages	GC-IMAGE-414583	GC-NonDICOMMRimages-563455	GRADIENT	labor_ipse_voluptas	DIRECTIONAL	salus_in_arduis	23NA	DIFFUSION	Yes	pace_tua	No	No	Yes	scientia_et_sapientia	FREE PRECESSION	Yes	Yes	FAT	PHASE	Macte_animo_Generose_puer_sic_itur_ad_astra
NonDICOMMRimages	GC-IMAGE-451005	GC-NonDICOMMRimages-969795	GRADIENT	scientia,_aere_perennius	DIRECTIONAL	cacatum_non_est_pictum	19F	FLUID_ATTENUATED_Fluid Attenuated T2 weighted contrast	Yes	faber_est_suae_quisque_fortunae	Yes	Yes	Yes	imperium_in_imperio	TIME REVERSED	No	Yes	WATER	PHASE	salus_in_arduis
NonDICOMMRimages	GC-IMAGE-363843	GC-NonDICOMMRimages-976320	BOTH	barba_crescit_caput_nescit	NONE	scientia,_aere_perennius	31P	PROTON_DENSITY_Proton Density weighted contrast	No	O_Tite_tute_Tati_tibi_tanta_tyranne_tulisti	Yes	Yes	Yes	haec_olim_meminisse_iuvabit	TIME REVERSED	Yes	Yes	NONE	REAL	scientiae_cedit_mare
NonDICOMMRimages	GC-IMAGE-210367	GC-NonDICOMMRimages-394750	BOTH	scientiae_et_patriae	DIRECTIONAL	id_quod_plerumque_accidit	23NA	T2_STAR_T2* weighted contrast	Yes	scientiae_cedit_mare	No	Yes	No	scientia,_aere_perennius	FREE PRECESSION	Yes	No	FAT	PHASE	faber_est_suae_quisque_fortunae
NonDICOMMRimages	GC-IMAGE-159356	GC-NonDICOMMRimages-682360	BOTH	salus_in_arduis	DIRECTIONAL	Obedientia_civium_urbis_felicitas	1H	FLOW_ENCODED_Flow Encoded contrast	Yes	O_Tite_tute_Tati_tibi_tanta_tyranne_tulisti	Yes	Yes	Yes	id_quod_plerumque_accidit	TIME REVERSED	No	No	NONE	IMAGINARY	imperium_in_imperio
NonDICOMMRimages	GC-IMAGE-579353	GC-NonDICOMMRimages-396272	GRADIENT	O_Tite_tute_Tati_tibi_tanta_tyranne_tulisti	BMATRIX	scientia_et_sapientia	3HE	T2_T2 weighted contrast	No	scientia_imperii_decus_et_tutamen	Yes	No	No	imperium_in_imperio	NONE	Yes	Yes	NONE	REAL	salus_in_arduis
NonDICOMMRimages	GC-IMAGE-832904	GC-NonDICOMMRimages-946182	SPIN	scientia_imperii_decus_et_tutamen	ISOTROPIC	Obedientia_civium_urbis_felicitas	23NA	TAGGING_Superposition of thin saturation bands onto image	No	scientia_imperii_decus_et_tutamen	No	No	No	scientia,_aere_perennius	TIME REVERSED	Yes	No	WATER	MAGNITUDE	scientia_et_sapientia
NonDICOMMRimages	GC-IMAGE-303602	GC-NonDICOMMRimages-866594	SPIN	Macte_animo_Generose_puer_sic_itur_ad_astra	ISOTROPIC	faber_est_suae_quisque_fortunae	19F	T2_T2 weighted contrast	Yes	Gallia_est_omnis_divisa_in_partes_tres	Yes	No	Yes	scientia_et_sapientia	TIME REVERSED	No	No	SILICON GEL	REAL	damnant_quod_non_intellegunt
NonDICOMMRimages	GC-IMAGE-712111	GC-NonDICOMMRimages-467661	BOTH	imperium_in_imperio	BMATRIX	scientiae_et_patriae	7LI	STIR_Short Tau Inversion Recovery	No	nascentes_morimur_finisque_ab_origine_pendet	Yes	No	Yes	scientia,_aere_perennius	TIME REVERSED	No	No	NONE	REAL	a_bene_placito
NonDICOMMRimages	GC-IMAGE-805561	GC-NonDICOMMRimages-376703	SPIN	e_causa_ignota	NONE	cacatum_non_est_pictum	1H	T2_STAR_T2* weighted contrast	No	sapiens_qui_prospicit	No	No	Yes	nascentes_morimur_finisque_ab_origine_pendet	FREE PRECESSION	Yes	Yes	WATER	REAL	imperium_in_imperio
NonDICOMMRimages	GC-IMAGE-964340	GC-NonDICOMMRimages-728544	SPIN	sapiens_qui_prospicit	DIRECTIONAL	barba_crescit_caput_nescit	19F	PROTON_DENSITY_Proton Density weighted contrast	No	sapiens_qui_prospicit	Yes	Yes	Yes	Gallia_est_omnis_divisa_in_partes_tres	TIME REVERSED	Yes	Yes	SILICON GEL	REAL	O_Tite_tute_Tati_tibi_tanta_tyranne_tulisti
NonDICOMMRimages	GC-IMAGE-206623	GC-NonDICOMMRimages-632378	BOTH	Obedientia_civium_urbis_felicitas	BMATRIX	salus_in_arduis	7LI	FLOW_ENCODED_Flow Encoded contrast	No	nanos_gigantum_humeris_insidentes	No	No	Yes	cacatum_non_est_pictum	LONGITUDINAL	Yes	No	NONE	MAGNITUDE	haec_olim_meminisse_iuvabit
NonDICOMMRimages	GC-IMAGE-502889	GC-NonDICOMMRimages-155892	SPIN	haec_olim_meminisse_iuvabit	ISOTROPIC	scientia_et_sapientia	19F	STIR_Short Tau Inversion Recovery	Yes	labor_ipse_voluptas	No	No	Yes	scientiae_cedit_mare	TIME REVERSED	Yes	No	FAT	IMAGINARY	saltus_in_demonstrando
NonDICOMMRimages	GC-IMAGE-130043	GC-NonDICOMMRimages-480978	BOTH	damnant_quod_non_intellegunt	DIRECTIONAL	scientiae_cedit_mare	129XE	T1_T1 weighted contrast	No	imperium_in_imperio	Yes	No	No	saltus_in_demonstrando	FREE PRECESSION	No	Yes	NONE	PHASE	haec_olim_meminisse_iuvabit
NonDICOMMRimages	GC-IMAGE-454341	GC-NonDICOMMRimages-724399	BOTH	scientia,_aere_perennius	BMATRIX	barba_crescit_caput_nescit	1H	TAGGING_Superposition of thin saturation bands onto image	Yes	scientiae_et_patriae	No	No	No	id_quod_plerumque_accidit	LONGITUDINAL	Yes	Yes	FAT AND WATER	MAGNITUDE	O_Tite_tute_Tati_tibi_tanta_tyranne_tulisti
NonDICOMMRimages	GC-IMAGE-454377	GC-NonDICOMMRimages-543041	GRADIENT	nanos_gigantum_humeris_insidentes	BMATRIX	e_causa_ignota	7LI	TAGGING_Superposition of thin saturation bands onto image	Yes	Macte_animo_Generose_puer_sic_itur_ad_astra	No	Yes	No	scientia_et_labor	FREE PRECESSION	No	No	FAT	PHASE	Gallia_est_omnis_divisa_in_partes_tres
NonDICOMMRimages	GC-IMAGE-963226	GC-NonDICOMMRimages-968028	GRADIENT	nanos_gigantum_humeris_insidentes	ISOTROPIC	scientia_et_labor	7LI	FLUID_ATTENUATED_Fluid Attenuated T2 weighted contrast	No	id_quod_plerumque_accidit	No	No	Yes	haec_olim_meminisse_iuvabit	NONE	Yes	No	SILICON GEL	IMAGINARY	saltus_in_demonstrando
NonDICOMMRimages	GC-IMAGE-672082	GC-NonDICOMMRimages-522882	GRADIENT	a_bene_placito	BMATRIX	cacatum_non_est_pictum	23NA	DIFFUSION	No	scientia_et_labor	No	Yes	Yes	barba_crescit_caput_nescit	NONE	Yes	No	FAT	REAL	scientiae_et_patriae
NonDICOMMRimages	GC-IMAGE-379268	GC-NonDICOMMRimages-692700	GRADIENT	scientia_et_labor	ISOTROPIC	sapiens_qui_prospicit	7LI	DIFFUSION	Yes	imperium_in_imperio	Yes	No	No	O_Tite_tute_Tati_tibi_tanta_tyranne_tulisti	TIME REVERSED	No	No	WATER	IMAGINARY	a_bene_placito
NonDICOMMRimages	GC-IMAGE-730470	GC-NonDICOMMRimages-852693	GRADIENT	nanos_gigantum_humeris_insidentes	BMATRIX	scientia_et_sapientia	19F	FLOW_ENCODED_Flow Encoded contrast	Yes	damnant_quod_non_intellegunt	Yes	No	Yes	e_causa_ignota	NONE	No	No	WATER	IMAGINARY	salus_in_arduis
NonDICOMMRimages	GC-IMAGE-106009	GC-NonDICOMMRimages-532610	SPIN	barba_crescit_caput_nescit	ISOTROPIC	barba_crescit_caput_nescit	1H	T2_T2 weighted contrast	Yes	pace_tua	No	No	No	haec_olim_meminisse_iuvabit	FREE PRECESSION	No	Yes	SILICON GEL	MAGNITUDE	scientia_et_labor
NonDICOMMRimages	GC-IMAGE-739281	GC-NonDICOMMRimages-603697	BOTH	faber_est_suae_quisque_fortunae	ISOTROPIC	saltus_in_demonstrando	1H	T2_STAR_T2* weighted contrast	Yes	salus_in_arduis	Yes	Yes	Yes	scientia_imperii_decus_et_tutamen	TRANSVERSE	No	No	WATER	IMAGINARY	scientiae_et_patriae
NonDICOMMRimages	GC-IMAGE-202215	GC-NonDICOMMRimages-129561	GRADIENT	labor_ipse_voluptas	BMATRIX	e_causa_ignota	31P	FLUID_ATTENUATED_Fluid Attenuated T2 weighted contrast	Yes	scientia,_aere_perennius	No	No	Yes	saltus_in_demonstrando	NONE	Yes	Yes	FAT AND WATER	REAL	Gallia_est_omnis_divisa_in_partes_tres
NonDICOMMRimages	GC-IMAGE-169647	GC-NonDICOMMRimages-723063	GRADIENT	damnant_quod_non_intellegunt	NONE	scientia,_aere_perennius	31P	T1_T1 weighted contrast	No	scientia,_aere_perennius	No	Yes	No	salus_in_arduis	TRANSVERSE	No	Yes	NONE	MAGNITUDE	Macte_animo_Generose_puer_sic_itur_ad_astra
NonDICOMMRimages	GC-IMAGE-482229	GC-NonDICOMMRimages-310512	GRADIENT	barba_crescit_caput_nescit	BMATRIX	id_quod_plerumque_accidit	3HE	STIR_Short Tau Inversion Recovery	No	pace_tua	Yes	Yes	No	saltus_in_demonstrando	TIME REVERSED	No	Yes	SILICON GEL	REAL	imperium_in_imperio
NonDICOMMRimages	GC-IMAGE-135787	GC-NonDICOMMRimages-698757	BOTH	damnant_quod_non_intellegunt	ISOTROPIC	damnant_quod_non_intellegunt	129XE	FLUID_ATTENUATED_Fluid Attenuated T2 weighted contrast	No	saltus_in_demonstrando	Yes	Yes	Yes	O_Tite_tute_Tati_tibi_tanta_tyranne_tulisti	NONE	Yes	No	NONE	REAL	a_bene_placito
NonDICOMMRimages	GC-IMAGE-753978	GC-NonDICOMMRimages-314155	BOTH	labor_ipse_voluptas	ISOTROPIC	id_quod_plerumque_accidit	13C	PERFUSION_Perfusion weighted contrast	No	haec_olim_meminisse_iuvabit	Yes	No	Yes	pace_tua	TIME REVERSED	No	No	WATER	PHASE	labor_ipse_voluptas
NonDICOMMRimages	GC-IMAGE-995568	GC-NonDICOMMRimages-413844	GRADIENT	Macte_animo_Generose_puer_sic_itur_ad_astra	NONE	salus_in_arduis	7LI	T2_T2 weighted contrast	No	Obedientia_civium_urbis_felicitas	No	No	No	scientiae_cedit_mare	TIME REVERSED	Yes	No	FAT	MAGNITUDE	scientia_et_sapientia
NonDICOMMRimages	GC-IMAGE-440246	GC-NonDICOMMRimages-634854	SPIN	salus_in_arduis	DIRECTIONAL	scientiae_cedit_mare	23NA	DIFFUSION	Yes	barba_crescit_caput_nescit	Yes	Yes	No	scientiae_cedit_mare	TRANSVERSE	No	Yes	NONE	REAL	sapiens_qui_prospicit
NonDICOMMRimages	GC-IMAGE-115139	GC-NonDICOMMRimages-142475	SPIN	a_bene_placito	ISOTROPIC	barba_crescit_caput_nescit	23NA	STIR_Short Tau Inversion Recovery	No	scientia,_aere_perennius	No	Yes	No	sapiens_qui_prospicit	LONGITUDINAL	No	No	NONE	MAGNITUDE	nascentes_morimur_finisque_ab_origine_pendet
NonDICOMMRimages	GC-IMAGE-611375	GC-NonDICOMMRimages-291948	SPIN	imperium_in_imperio	ISOTROPIC	labor_ipse_voluptas	19F	TAGGING_Superposition of thin saturation bands onto image	Yes	cacatum_non_est_pictum	Yes	Yes	Yes	scientia,_aere_perennius	TIME REVERSED	Yes	No	SILICON GEL	MAGNITUDE	scientia,_aere_perennius
NonDICOMMRimages	GC-IMAGE-998922	GC-NonDICOMMRimages-915806	BOTH	imperium_in_imperio	BMATRIX	nascentes_morimur_finisque_ab_origine_pendet	31P	DIFFUSION	Yes	scientia,_aere_perennius	No	No	No	scientia,_aere_perennius	LONGITUDINAL	Yes	Yes	FAT	PHASE	pace_tua
NonDICOMMRimages	GC-IMAGE-472429	GC-NonDICOMMRimages-677658	BOTH	scientia_et_sapientia	DIRECTIONAL	scientia_et_sapientia	13C	PERFUSION_Perfusion weighted contrast	Yes	cacatum_non_est_pictum	No	Yes	No	nanos_gigantum_humeris_insidentes	FREE PRECESSION	Yes	No	SILICON GEL	PHASE	saltus_in_demonstrando
NonDICOMMRimages	GC-IMAGE-135435	GC-NonDICOMMRimages-780712	BOTH	cacatum_non_est_pictum	NONE	cacatum_non_est_pictum	31P	PROTON_DENSITY_Proton Density weighted contrast	No	scientia_et_sapientia	No	Yes	Yes	nanos_gigantum_humeris_insidentes	TIME REVERSED	No	No	FAT AND WATER	PHASE	nascentes_morimur_finisque_ab_origine_pendet
NonDICOMMRimages	GC-IMAGE-912900	GC-NonDICOMMRimages-969768	GRADIENT	pace_tua	NONE	nascentes_morimur_finisque_ab_origine_pendet	3HE	TOF_Time Of Flight weighted contrast	No	imperium_in_imperio	No	No	No	nascentes_morimur_finisque_ab_origine_pendet	LONGITUDINAL	Yes	Yes	WATER	REAL	nascentes_morimur_finisque_ab_origine_pendet
NonDICOMMRimages	GC-IMAGE-412958	GC-NonDICOMMRimages-573634	BOTH	salus_in_arduis	DIRECTIONAL	sapiens_qui_prospicit	23NA	T2_T2 weighted contrast	Yes	e_causa_ignota	Yes	Yes	Yes	nascentes_morimur_finisque_ab_origine_pendet	TIME REVERSED	Yes	Yes	FAT	IMAGINARY	cacatum_non_est_pictum
NonDICOMMRimages	GC-IMAGE-822095	GC-NonDICOMMRimages-150552	SPIN	scientia_et_sapientia	BMATRIX	imperium_in_imperio	31P	T1_T1 weighted contrast	No	cacatum_non_est_pictum	Yes	No	No	Obedientia_civium_urbis_felicitas	FREE PRECESSION	Yes	Yes	FAT AND WATER	IMAGINARY	scientia_imperii_decus_et_tutamen
NonDICOMMRimages	GC-IMAGE-600735	GC-NonDICOMMRimages-464501	SPIN	faber_est_suae_quisque_fortunae	DIRECTIONAL	labor_ipse_voluptas	23NA	FLOW_ENCODED_Flow Encoded contrast	Yes	Obedientia_civium_urbis_felicitas	No	No	Yes	damnant_quod_non_intellegunt	TIME REVERSED	No	No	SILICON GEL	REAL	scientiae_cedit_mare
NonDICOMMRimages	GC-IMAGE-199558	GC-NonDICOMMRimages-432502	SPIN	Gallia_est_omnis_divisa_in_partes_tres	ISOTROPIC	barba_crescit_caput_nescit	3HE	PERFUSION_Perfusion weighted contrast	Yes	scientia_imperii_decus_et_tutamen	No	No	No	scientiae_et_patriae	NONE	Yes	Yes	NONE	REAL	pace_tua
NonDICOMMRimages	GC-IMAGE-320462	GC-NonDICOMMRimages-929582	BOTH	pace_tua	BMATRIX	scientiae_et_patriae	3HE	T2_T2 weighted contrast	No	faber_est_suae_quisque_fortunae	No	No	No	nanos_gigantum_humeris_insidentes	NONE	No	Yes	WATER	MAGNITUDE	scientia,_aere_perennius
NonDICOMMRimages	GC-IMAGE-328960	GC-NonDICOMMRimages-171071	BOTH	pace_tua	ISOTROPIC	scientia_et_labor	7LI	FLUID_ATTENUATED_Fluid Attenuated T2 weighted contrast	No	imperium_in_imperio	No	No	No	saltus_in_demonstrando	TRANSVERSE	Yes	No	NONE	PHASE	labor_ipse_voluptas
NonDICOMMRimages	GC-IMAGE-332860	GC-NonDICOMMRimages-589161	BOTH	scientia,_aere_perennius	BMATRIX	labor_ipse_voluptas	13C	FLUID_ATTENUATED_Fluid Attenuated T2 weighted contrast	Yes	sapiens_qui_prospicit	No	No	No	salus_in_arduis	TIME REVERSED	No	No	NONE	MAGNITUDE	scientia_et_sapientia
NonDICOMMRimages	GC-IMAGE-373214	GC-NonDICOMMRimages-250121	BOTH	nanos_gigantum_humeris_insidentes	ISOTROPIC	faber_est_suae_quisque_fortunae	3HE	T1_T1 weighted contrast	Yes	pace_tua	Yes	Yes	No	saltus_in_demonstrando	TIME REVERSED	No	Yes	SILICON GEL	IMAGINARY	scientia_imperii_decus_et_tutamen
NonDICOMMRimages	GC-IMAGE-184356	GC-NonDICOMMRimages-381064	SPIN	faber_est_suae_quisque_fortunae	NONE	nascentes_morimur_finisque_ab_origine_pendet	7LI	FLOW_ENCODED_Flow Encoded contrast	Yes	scientiae_et_patriae	No	Yes	Yes	saltus_in_demonstrando	TIME REVERSED	Yes	Yes	FAT AND WATER	MAGNITUDE	nascentes_morimur_finisque_ab_origine_pendet
NonDICOMMRimages	GC-IMAGE-412218	GC-NonDICOMMRimages-907296	SPIN	labor_ipse_voluptas	DIRECTIONAL	O_Tite_tute_Tati_tibi_tanta_tyranne_tulisti	129XE	TOF_Time Of Flight weighted contrast	No	scientia_et_labor	No	Yes	Yes	Macte_animo_Generose_puer_sic_itur_ad_astra	FREE PRECESSION	No	Yes	FAT AND WATER	MAGNITUDE	scientia_imperii_decus_et_tutamen
NonDICOMMRimages	GC-IMAGE-517940	GC-NonDICOMMRimages-190561	BOTH	haec_olim_meminisse_iuvabit	BMATRIX	id_quod_plerumque_accidit	23NA	T2_STAR_T2* weighted contrast	No	nanos_gigantum_humeris_insidentes	No	Yes	No	scientia_et_labor	LONGITUDINAL	No	Yes	FAT AND WATER	PHASE	cacatum_non_est_pictum
NonDICOMMRimages	GC-IMAGE-977209	GC-NonDICOMMRimages-826203	GRADIENT	scientia_et_sapientia	BMATRIX	Macte_animo_Generose_puer_sic_itur_ad_astra	7LI	PERFUSION_Perfusion weighted contrast	No	Macte_animo_Generose_puer_sic_itur_ad_astra	Yes	No	Yes	Obedientia_civium_urbis_felicitas	TIME REVERSED	No	Yes	WATER	REAL	scientia_imperii_decus_et_tutamen
NonDICOMMRimages	GC-IMAGE-528764	GC-NonDICOMMRimages-414322	BOTH	haec_olim_meminisse_iuvabit	BMATRIX	e_causa_ignota	7LI	FLOW_ENCODED_Flow Encoded contrast	Yes	Macte_animo_Generose_puer_sic_itur_ad_astra	No	Yes	No	scientia_imperii_decus_et_tutamen	TRANSVERSE	No	Yes	FAT AND WATER	IMAGINARY	scientia_imperii_decus_et_tutamen
NonDICOMMRimages	GC-IMAGE-842787	GC-NonDICOMMRimages-922330	SPIN	a_bene_placito	NONE	nascentes_morimur_finisque_ab_origine_pendet	13C	T2_T2 weighted contrast	No	haec_olim_meminisse_iuvabit	No	Yes	No	O_Tite_tute_Tati_tibi_tanta_tyranne_tulisti	TRANSVERSE	No	Yes	FAT AND WATER	PHASE	barba_crescit_caput_nescit
NonDICOMMRimages	GC-IMAGE-100413	GC-NonDICOMMRimages-246313	SPIN	damnant_quod_non_intellegunt	ISOTROPIC	scientia_et_sapientia	31P	FLUID_ATTENUATED_Fluid Attenuated T2 weighted contrast	Yes	pace_tua	Yes	No	Yes	Gallia_est_omnis_divisa_in_partes_tres	TRANSVERSE	Yes	Yes	FAT AND WATER	PHASE	sapiens_qui_prospicit
NonDICOMMRimages	GC-IMAGE-271452	GC-NonDICOMMRimages-588530	GRADIENT	scientia_et_sapientia	BMATRIX	O_Tite_tute_Tati_tibi_tanta_tyranne_tulisti	7LI	PERFUSION_Perfusion weighted contrast	No	O_Tite_tute_Tati_tibi_tanta_tyranne_tulisti	No	Yes	Yes	Obedientia_civium_urbis_felicitas	TRANSVERSE	No	Yes	WATER	IMAGINARY	nanos_gigantum_humeris_insidentes
NonDICOMMRimages	GC-IMAGE-233688	GC-NonDICOMMRimages-798508	GRADIENT	labor_ipse_voluptas	NONE	Gallia_est_omnis_divisa_in_partes_tres	3HE	T2_STAR_T2* weighted contrast	No	scientiae_cedit_mare	No	No	Yes	faber_est_suae_quisque_fortunae	FREE PRECESSION	Yes	No	FAT AND WATER	IMAGINARY	damnant_quod_non_intellegunt
NonDICOMMRimages	GC-IMAGE-503322	GC-NonDICOMMRimages-636904	GRADIENT	a_bene_placito	BMATRIX	pace_tua	19F	FLOW_ENCODED_Flow Encoded contrast	No	scientiae_et_patriae	No	Yes	Yes	imperium_in_imperio	NONE	No	No	WATER	PHASE	imperium_in_imperio
NonDICOMMRimages	GC-IMAGE-821757	GC-NonDICOMMRimages-720201	GRADIENT	scientia_et_sapientia	NONE	imperium_in_imperio	31P	DIFFUSION	No	imperium_in_imperio	Yes	No	No	Macte_animo_Generose_puer_sic_itur_ad_astra	FREE PRECESSION	No	No	FAT AND WATER	IMAGINARY	scientiae_et_patriae
NonDICOMMRimages	GC-IMAGE-404632	GC-NonDICOMMRimages-370731	GRADIENT	Gallia_est_omnis_divisa_in_partes_tres	DIRECTIONAL	damnant_quod_non_intellegunt	3HE	T2_T2 weighted contrast	No	sapiens_qui_prospicit	No	Yes	Yes	Macte_animo_Generose_puer_sic_itur_ad_astra	NONE	Yes	Yes	FAT AND WATER	IMAGINARY	damnant_quod_non_intellegunt
NonDICOMMRimages	GC-IMAGE-371067	GC-NonDICOMMRimages-838915	SPIN	faber_est_suae_quisque_fortunae	DIRECTIONAL	imperium_in_imperio	1H	FLOW_ENCODED_Flow Encoded contrast	No	scientia_et_sapientia	Yes	No	Yes	barba_crescit_caput_nescit	FREE PRECESSION	No	Yes	FAT	REAL	id_quod_plerumque_accidit
NonDICOMMRimages	GC-IMAGE-446090	GC-NonDICOMMRimages-622489	GRADIENT	scientia_et_sapientia	BMATRIX	scientia,_aere_perennius	19F	PERFUSION_Perfusion weighted contrast	Yes	a_bene_placito	No	No	Yes	O_Tite_tute_Tati_tibi_tanta_tyranne_tulisti	TIME REVERSED	Yes	Yes	SILICON GEL	REAL	barba_crescit_caput_nescit
NonDICOMMRimages	GC-IMAGE-997355	GC-NonDICOMMRimages-280795	SPIN	id_quod_plerumque_accidit	NONE	scientia_et_labor	1H	TOF_Time Of Flight weighted contrast	No	salus_in_arduis	Yes	No	Yes	sapiens_qui_prospicit	TRANSVERSE	No	Yes	WATER	PHASE	nanos_gigantum_humeris_insidentes
NonDICOMMRimages	GC-IMAGE-116513	GC-NonDICOMMRimages-136458	GRADIENT	id_quod_plerumque_accidit	ISOTROPIC	Macte_animo_Generose_puer_sic_itur_ad_astra	1H	PROTON_DENSITY_Proton Density weighted contrast	No	scientiae_cedit_mare	Yes	No	Yes	imperium_in_imperio	TRANSVERSE	No	Yes	FAT AND WATER	MAGNITUDE	damnant_quod_non_intellegunt
NonDICOMMRimages	GC-IMAGE-562379	GC-NonDICOMMRimages-800166	BOTH	scientia_imperii_decus_et_tutamen	BMATRIX	nanos_gigantum_humeris_insidentes	19F	FLOW_ENCODED_Flow Encoded contrast	Yes	Macte_animo_Generose_puer_sic_itur_ad_astra	Yes	Yes	Yes	pace_tua	TIME REVERSED	No	Yes	FAT AND WATER	REAL	damnant_quod_non_intellegunt
NonDICOMMRimages	GC-IMAGE-444301	GC-NonDICOMMRimages-552922	SPIN	Obedientia_civium_urbis_felicitas	DIRECTIONAL	nascentes_morimur_finisque_ab_origine_pendet	23NA	PERFUSION_Perfusion weighted contrast	Yes	scientia_et_sapientia	No	Yes	Yes	haec_olim_meminisse_iuvabit	TIME REVERSED	No	Yes	FAT AND WATER	MAGNITUDE	Gallia_est_omnis_divisa_in_partes_tres
NonDICOMMRimages	GC-IMAGE-610985	GC-NonDICOMMRimages-982142	SPIN	scientia_et_sapientia	BMATRIX	id_quod_plerumque_accidit	1H	PROTON_DENSITY_Proton Density weighted contrast	Yes	faber_est_suae_quisque_fortunae	Yes	No	No	scientiae_cedit_mare	TIME REVERSED	No	No	FAT AND WATER	PHASE	O_Tite_tute_Tati_tibi_tanta_tyranne_tulisti
NonDICOMMRimages	GC-IMAGE-826533	GC-NonDICOMMRimages-173208	SPIN	O_Tite_tute_Tati_tibi_tanta_tyranne_tulisti	NONE	sapiens_qui_prospicit	31P	FLUID_ATTENUATED_Fluid Attenuated T2 weighted contrast	Yes	scientiae_cedit_mare	No	Yes	Yes	O_Tite_tute_Tati_tibi_tanta_tyranne_tulisti	TRANSVERSE	Yes	Yes	SILICON GEL	PHASE	saltus_in_demonstrando
NonDICOMMRimages	GC-IMAGE-190875	GC-NonDICOMMRimages-486388	SPIN	damnant_quod_non_intellegunt	ISOTROPIC	Gallia_est_omnis_divisa_in_partes_tres	31P	FLUID_ATTENUATED_Fluid Attenuated T2 weighted contrast	Yes	Obedientia_civium_urbis_felicitas	No	No	No	id_quod_plerumque_accidit	NONE	No	No	SILICON GEL	PHASE	sapiens_qui_prospicit
NonDICOMMRimages	GC-IMAGE-200728	GC-NonDICOMMRimages-743610	SPIN	pace_tua	ISOTROPIC	haec_olim_meminisse_iuvabit	129XE	FLOW_ENCODED_Flow Encoded contrast	No	scientiae_cedit_mare	Yes	Yes	Yes	barba_crescit_caput_nescit	LONGITUDINAL	Yes	Yes	SILICON GEL	MAGNITUDE	labor_ipse_voluptas
NonDICOMMRimages	GC-IMAGE-228467	GC-NonDICOMMRimages-618647	BOTH	cacatum_non_est_pictum	ISOTROPIC	O_Tite_tute_Tati_tibi_tanta_tyranne_tulisti	3HE	FLOW_ENCODED_Flow Encoded contrast	No	nanos_gigantum_humeris_insidentes	No	No	Yes	cacatum_non_est_pictum	FREE PRECESSION	No	No	FAT AND WATER	IMAGINARY	Gallia_est_omnis_divisa_in_partes_tres
NonDICOMMRimages	GC-IMAGE-201427	GC-NonDICOMMRimages-588279	GRADIENT	scientia_imperii_decus_et_tutamen	BMATRIX	a_bene_placito	31P	PROTON_DENSITY_Proton Density weighted contrast	No	imperium_in_imperio	No	Yes	No	faber_est_suae_quisque_fortunae	TIME REVERSED	No	No	NONE	IMAGINARY	scientiae_cedit_mare
NonDICOMMRimages	GC-IMAGE-448425	GC-NonDICOMMRimages-794575	BOTH	haec_olim_meminisse_iuvabit	DIRECTIONAL	id_quod_plerumque_accidit	129XE	T2_T2 weighted contrast	Yes	saltus_in_demonstrando	Yes	Yes	Yes	saltus_in_demonstrando	TRANSVERSE	Yes	Yes	NONE	MAGNITUDE	scientia_imperii_decus_et_tutamen
NonDICOMMRimages	GC-IMAGE-293476	GC-NonDICOMMRimages-866205	SPIN	scientia_et_sapientia	NONE	scientia_imperii_decus_et_tutamen	19F	DIFFUSION	Yes	labor_ipse_voluptas	Yes	Yes	Yes	salus_in_arduis	NONE	No	Yes	FAT AND WATER	MAGNITUDE	a_bene_placito
NonDICOMMRimages	GC-IMAGE-103661	GC-NonDICOMMRimages-364772	SPIN	faber_est_suae_quisque_fortunae	DIRECTIONAL	cacatum_non_est_pictum	13C	T2_STAR_T2* weighted contrast	Yes	scientia,_aere_perennius	Yes	No	Yes	imperium_in_imperio	TRANSVERSE	Yes	Yes	SILICON GEL	IMAGINARY	O_Tite_tute_Tati_tibi_tanta_tyranne_tulisti
NonDICOMMRimages	GC-IMAGE-363528	GC-NonDICOMMRimages-398965	BOTH	O_Tite_tute_Tati_tibi_tanta_tyranne_tulisti	BMATRIX	pace_tua	19F	FLUID_ATTENUATED_Fluid Attenuated T2 weighted contrast	No	Gallia_est_omnis_divisa_in_partes_tres	Yes	No	No	Macte_animo_Generose_puer_sic_itur_ad_astra	TIME REVERSED	No	No	FAT	REAL	scientiae_cedit_mare
NonDICOMMRimages	GC-IMAGE-342949	GC-NonDICOMMRimages-344601	SPIN	haec_olim_meminisse_iuvabit	ISOTROPIC	Macte_animo_Generose_puer_sic_itur_ad_astra	3HE	PERFUSION_Perfusion weighted contrast	Yes	scientia_et_sapientia	No	No	Yes	scientia_et_sapientia	LONGITUDINAL	No	No	NONE	IMAGINARY	faber_est_suae_quisque_fortunae
NonDICOMMRimages	GC-IMAGE-155204	GC-NonDICOMMRimages-122215	GRADIENT	imperium_in_imperio	ISOTROPIC	damnant_quod_non_intellegunt	129XE	T2_STAR_T2* weighted contrast	Yes	Gallia_est_omnis_divisa_in_partes_tres	No	No	Yes	damnant_quod_non_intellegunt	TIME REVERSED	Yes	Yes	FAT	MAGNITUDE	faber_est_suae_quisque_fortunae
NonDICOMMRimages	GC-IMAGE-734473	GC-NonDICOMMRimages-809185	BOTH	pace_tua	BMATRIX	cacatum_non_est_pictum	23NA	FLOW_ENCODED_Flow Encoded contrast	No	scientiae_et_patriae	No	Yes	No	scientiae_cedit_mare	TRANSVERSE	Yes	Yes	FAT	IMAGINARY	scientia_et_sapientia
NonDICOMMRimages	GC-IMAGE-936314	GC-NonDICOMMRimages-514588	SPIN	scientia_imperii_decus_et_tutamen	NONE	labor_ipse_voluptas	7LI	T2_T2 weighted contrast	Yes	imperium_in_imperio	No	Yes	No	labor_ipse_voluptas	TRANSVERSE	Yes	Yes	FAT AND WATER	IMAGINARY	sapiens_qui_prospicit
NonDICOMMRimages	GC-IMAGE-646178	GC-NonDICOMMRimages-180446	SPIN	Macte_animo_Generose_puer_sic_itur_ad_astra	DIRECTIONAL	Obedientia_civium_urbis_felicitas	13C	FLOW_ENCODED_Flow Encoded contrast	Yes	cacatum_non_est_pictum	Yes	Yes	No	imperium_in_imperio	FREE PRECESSION	Yes	No	FAT AND WATER	PHASE	sapiens_qui_prospicit
NonDICOMMRimages	GC-IMAGE-984937	GC-NonDICOMMRimages-693405	BOTH	faber_est_suae_quisque_fortunae	ISOTROPIC	sapiens_qui_prospicit	19F	FLUID_ATTENUATED_Fluid Attenuated T2 weighted contrast	No	a_bene_placito	Yes	No	Yes	scientia_et_sapientia	TRANSVERSE	Yes	Yes	FAT AND WATER	IMAGINARY	sapiens_qui_prospicit
NonDICOMMRimages	GC-IMAGE-165009	GC-NonDICOMMRimages-554279	BOTH	sapiens_qui_prospicit	BMATRIX	barba_crescit_caput_nescit	23NA	TOF_Time Of Flight weighted contrast	Yes	scientia_imperii_decus_et_tutamen	No	Yes	Yes	scientia_imperii_decus_et_tutamen	FREE PRECESSION	No	Yes	NONE	PHASE	Gallia_est_omnis_divisa_in_partes_tres
NonDICOMMRimages	GC-IMAGE-555415	GC-NonDICOMMRimages-335072	GRADIENT	a_bene_placito	DIRECTIONAL	O_Tite_tute_Tati_tibi_tanta_tyranne_tulisti	3HE	T2_T2 weighted contrast	No	sapiens_qui_prospicit	No	Yes	Yes	Gallia_est_omnis_divisa_in_partes_tres	TRANSVERSE	Yes	Yes	FAT AND WATER	REAL	scientia,_aere_perennius
NonDICOMMRimages	GC-IMAGE-560975	GC-NonDICOMMRimages-792449	SPIN	e_causa_ignota	DIRECTIONAL	a_bene_placito	19F	FLUID_ATTENUATED_Fluid Attenuated T2 weighted contrast	No	pace_tua	No	Yes	Yes	nascentes_morimur_finisque_ab_origine_pendet	NONE	Yes	Yes	FAT	IMAGINARY	Macte_animo_Generose_puer_sic_itur_ad_astra
NonDICOMMRimages	GC-IMAGE-187170	GC-NonDICOMMRimages-951720	BOTH	O_Tite_tute_Tati_tibi_tanta_tyranne_tulisti	NONE	id_quod_plerumque_accidit	3HE	STIR_Short Tau Inversion Recovery	Yes	Gallia_est_omnis_divisa_in_partes_tres	Yes	No	Yes	scientia_et_labor	FREE PRECESSION	No	No	FAT	IMAGINARY	Macte_animo_Generose_puer_sic_itur_ad_astra
NonDICOMMRimages	GC-IMAGE-286619	GC-NonDICOMMRimages-781690	SPIN	labor_ipse_voluptas	BMATRIX	sapiens_qui_prospicit	23NA	T1_T1 weighted contrast	No	a_bene_placito	Yes	Yes	No	Gallia_est_omnis_divisa_in_partes_tres	LONGITUDINAL	No	Yes	FAT AND WATER	IMAGINARY	pace_tua
NonDICOMMRimages	GC-IMAGE-366951	GC-NonDICOMMRimages-313820	GRADIENT	scientiae_cedit_mare	NONE	sapiens_qui_prospicit	13C	PERFUSION_Perfusion weighted contrast	No	salus_in_arduis	No	No	Yes	salus_in_arduis	TRANSVERSE	Yes	No	NONE	PHASE	imperium_in_imperio
NonDICOMMRimages	GC-IMAGE-975408	GC-NonDICOMMRimages-731864	SPIN	salus_in_arduis	DIRECTIONAL	scientiae_et_patriae	1H	DIFFUSION	Yes	pace_tua	No	Yes	Yes	damnant_quod_non_intellegunt	NONE	Yes	Yes	NONE	REAL	salus_in_arduis
NonDICOMMRimages	GC-IMAGE-314045	GC-NonDICOMMRimages-571890	GRADIENT	a_bene_placito	BMATRIX	scientia_imperii_decus_et_tutamen	13C	T2_STAR_T2* weighted contrast	No	id_quod_plerumque_accidit	No	No	No	imperium_in_imperio	FREE PRECESSION	No	No	WATER	PHASE	scientia_et_labor
NonDICOMMRimages	GC-IMAGE-438058	GC-NonDICOMMRimages-182053	BOTH	cacatum_non_est_pictum	NONE	nascentes_morimur_finisque_ab_origine_pendet	23NA	DIFFUSION	No	haec_olim_meminisse_iuvabit	No	No	Yes	O_Tite_tute_Tati_tibi_tanta_tyranne_tulisti	TRANSVERSE	Yes	Yes	FAT	MAGNITUDE	scientia,_aere_perennius
NonDICOMMRimages	GC-IMAGE-886374	GC-NonDICOMMRimages-426415	SPIN	faber_est_suae_quisque_fortunae	ISOTROPIC	Obedientia_civium_urbis_felicitas	7LI	TOF_Time Of Flight weighted contrast	Yes	scientia_imperii_decus_et_tutamen	Yes	No	Yes	barba_crescit_caput_nescit	LONGITUDINAL	Yes	Yes	WATER	REAL	imperium_in_imperio
NonDICOMMRimages	GC-IMAGE-748765	GC-NonDICOMMRimages-741135	SPIN	cacatum_non_est_pictum	BMATRIX	pace_tua	23NA	PERFUSION_Perfusion weighted contrast	Yes	faber_est_suae_quisque_fortunae	Yes	Yes	No	Obedientia_civium_urbis_felicitas	FREE PRECESSION	Yes	Yes	SILICON GEL	IMAGINARY	Macte_animo_Generose_puer_sic_itur_ad_astra
NonDICOMMRimages	GC-IMAGE-267799	GC-NonDICOMMRimages-796794	SPIN	imperium_in_imperio	ISOTROPIC	labor_ipse_voluptas	7LI	STIR_Short Tau Inversion Recovery	No	labor_ipse_voluptas	No	No	Yes	nanos_gigantum_humeris_insidentes	TRANSVERSE	No	Yes	WATER	IMAGINARY	labor_ipse_voluptas
NonDICOMMRimages	GC-IMAGE-878410	GC-NonDICOMMRimages-658390	BOTH	faber_est_suae_quisque_fortunae	DIRECTIONAL	salus_in_arduis	1H	PROTON_DENSITY_Proton Density weighted contrast	No	Gallia_est_omnis_divisa_in_partes_tres	Yes	Yes	No	imperium_in_imperio	LONGITUDINAL	No	No	NONE	IMAGINARY	id_quod_plerumque_accidit
NonDICOMMRimages	GC-IMAGE-245862	GC-NonDICOMMRimages-973005	BOTH	cacatum_non_est_pictum	ISOTROPIC	damnant_quod_non_intellegunt	19F	FLUID_ATTENUATED_Fluid Attenuated T2 weighted contrast	Yes	id_quod_plerumque_accidit	Yes	No	No	faber_est_suae_quisque_fortunae	LONGITUDINAL	No	Yes	WATER	IMAGINARY	barba_crescit_caput_nescit
NonDICOMMRimages	GC-IMAGE-175419	GC-NonDICOMMRimages-670193	SPIN	scientia_et_sapientia	BMATRIX	nascentes_morimur_finisque_ab_origine_pendet	7LI	DIFFUSION	No	salus_in_arduis	No	No	No	salus_in_arduis	FREE PRECESSION	Yes	No	WATER	IMAGINARY	Gallia_est_omnis_divisa_in_partes_tres
NonDICOMMRimages	GC-IMAGE-647088	GC-NonDICOMMRimages-729039	GRADIENT	id_quod_plerumque_accidit	NONE	Obedientia_civium_urbis_felicitas	31P	TAGGING_Superposition of thin saturation bands onto image	Yes	labor_ipse_voluptas	Yes	Yes	Yes	Macte_animo_Generose_puer_sic_itur_ad_astra	NONE	No	Yes	FAT AND WATER	IMAGINARY	scientiae_cedit_mare
NonDICOMMRimages	GC-IMAGE-393701	GC-NonDICOMMRimages-837367	BOTH	saltus_in_demonstrando	BMATRIX	scientia_imperii_decus_et_tutamen	3HE	T2_STAR_T2* weighted contrast	Yes	scientia_et_labor	No	Yes	No	cacatum_non_est_pictum	TIME REVERSED	No	No	SILICON GEL	IMAGINARY	cacatum_non_est_pictum
NonDICOMMRimages	GC-IMAGE-180258	GC-NonDICOMMRimages-181795	BOTH	id_quod_plerumque_accidit	NONE	scientia_imperii_decus_et_tutamen	129XE	FLUID_ATTENUATED_Fluid Attenuated T2 weighted contrast	No	scientiae_cedit_mare	No	No	Yes	damnant_quod_non_intellegunt	TIME REVERSED	No	Yes	NONE	REAL	haec_olim_meminisse_iuvabit
NonDICOMMRimages	GC-IMAGE-904817	GC-NonDICOMMRimages-425686	SPIN	e_causa_ignota	ISOTROPIC	labor_ipse_voluptas	13C	PERFUSION_Perfusion weighted contrast	Yes	scientia,_aere_perennius	Yes	Yes	Yes	pace_tua	FREE PRECESSION	No	Yes	SILICON GEL	PHASE	scientiae_cedit_mare
NonDICOMMRimages	GC-IMAGE-873035	GC-NonDICOMMRimages-656424	GRADIENT	sapiens_qui_prospicit	BMATRIX	haec_olim_meminisse_iuvabit	13C	FLUID_ATTENUATED_Fluid Attenuated T2 weighted contrast	Yes	Macte_animo_Generose_puer_sic_itur_ad_astra	No	Yes	No	Obedientia_civium_urbis_felicitas	TRANSVERSE	No	No	WATER	IMAGINARY	scientiae_cedit_mare
NonDICOMMRimages	GC-IMAGE-304448	GC-NonDICOMMRimages-733538	BOTH	Obedientia_civium_urbis_felicitas	DIRECTIONAL	Obedientia_civium_urbis_felicitas	13C	FLOW_ENCODED_Flow Encoded contrast	No	salus_in_arduis	Yes	No	No	pace_tua	FREE PRECESSION	Yes	Yes	NONE	PHASE	faber_est_suae_quisque_fortunae
NonDICOMMRimages	GC-IMAGE-802277	GC-NonDICOMMRimages-414448	SPIN	Gallia_est_omnis_divisa_in_partes_tres	ISOTROPIC	saltus_in_demonstrando	3HE	TOF_Time Of Flight weighted contrast	Yes	salus_in_arduis	No	No	Yes	nanos_gigantum_humeris_insidentes	FREE PRECESSION	No	Yes	SILICON GEL	REAL	a_bene_placito
NonDICOMMRimages	GC-IMAGE-285672	GC-NonDICOMMRimages-998254	SPIN	scientiae_et_patriae	BMATRIX	nanos_gigantum_humeris_insidentes	31P	T2_T2 weighted contrast	No	Obedientia_civium_urbis_felicitas	No	Yes	No	faber_est_suae_quisque_fortunae	LONGITUDINAL	Yes	No	WATER	REAL	O_Tite_tute_Tati_tibi_tanta_tyranne_tulisti
NonDICOMMRimages	GC-IMAGE-517666	GC-NonDICOMMRimages-197767	GRADIENT	scientiae_et_patriae	NONE	salus_in_arduis	1H	TOF_Time Of Flight weighted contrast	No	scientiae_et_patriae	Yes	No	No	Gallia_est_omnis_divisa_in_partes_tres	TIME REVERSED	No	Yes	FAT AND WATER	PHASE	labor_ipse_voluptas
NonDICOMMRimages	GC-IMAGE-128118	GC-NonDICOMMRimages-973514	BOTH	scientia_et_sapientia	BMATRIX	a_bene_placito	7LI	DIFFUSION	Yes	haec_olim_meminisse_iuvabit	No	No	Yes	faber_est_suae_quisque_fortunae	TRANSVERSE	No	Yes	NONE	MAGNITUDE	scientia,_aere_perennius
NonDICOMMRimages	GC-IMAGE-625292	GC-NonDICOMMRimages-789637	BOTH	scientia_imperii_decus_et_tutamen	DIRECTIONAL	sapiens_qui_prospicit	3HE	T2_STAR_T2* weighted contrast	Yes	haec_olim_meminisse_iuvabit	No	Yes	Yes	nascentes_morimur_finisque_ab_origine_pendet	TIME REVERSED	Yes	Yes	NONE	PHASE	imperium_in_imperio
NonDICOMMRimages	GC-IMAGE-312226	GC-NonDICOMMRimages-321855	GRADIENT	id_quod_plerumque_accidit	ISOTROPIC	Gallia_est_omnis_divisa_in_partes_tres	31P	FLUID_ATTENUATED_Fluid Attenuated T2 weighted contrast	No	sapiens_qui_prospicit	Yes	Yes	No	pace_tua	TRANSVERSE	No	Yes	FAT	IMAGINARY	id_quod_plerumque_accidit
NonDICOMMRimages	GC-IMAGE-992738	GC-NonDICOMMRimages-906398	BOTH	scientia_et_labor	ISOTROPIC	scientia_et_labor	13C	FLOW_ENCODED_Flow Encoded contrast	No	Gallia_est_omnis_divisa_in_partes_tres	Yes	No	No	id_quod_plerumque_accidit	TRANSVERSE	Yes	Yes	FAT AND WATER	REAL	scientia_et_sapientia
NonDICOMMRimages	GC-IMAGE-797579	GC-NonDICOMMRimages-469439	GRADIENT	e_causa_ignota	BMATRIX	pace_tua	1H	PROTON_DENSITY_Proton Density weighted contrast	Yes	a_bene_placito	No	No	Yes	imperium_in_imperio	LONGITUDINAL	No	No	NONE	MAGNITUDE	a_bene_placito
NonDICOMMRimages	GC-IMAGE-116826	GC-NonDICOMMRimages-380570	GRADIENT	O_Tite_tute_Tati_tibi_tanta_tyranne_tulisti	ISOTROPIC	id_quod_plerumque_accidit	23NA	PERFUSION_Perfusion weighted contrast	No	haec_olim_meminisse_iuvabit	Yes	No	Yes	labor_ipse_voluptas	FREE PRECESSION	No	No	SILICON GEL	IMAGINARY	scientia_imperii_decus_et_tutamen
NonDICOMMRimages	GC-IMAGE-335660	GC-NonDICOMMRimages-120055	GRADIENT	Macte_animo_Generose_puer_sic_itur_ad_astra	DIRECTIONAL	Obedientia_civium_urbis_felicitas	129XE	PROTON_DENSITY_Proton Density weighted contrast	Yes	scientia_et_labor	No	No	Yes	e_causa_ignota	NONE	No	No	FAT	IMAGINARY	nascentes_morimur_finisque_ab_origine_pendet
NonDICOMMRimages	GC-IMAGE-796120	GC-NonDICOMMRimages-113831	BOTH	scientia,_aere_perennius	ISOTROPIC	e_causa_ignota	19F	T2_STAR_T2* weighted contrast	Yes	faber_est_suae_quisque_fortunae	No	Yes	Yes	pace_tua	TIME REVERSED	Yes	No	NONE	IMAGINARY	faber_est_suae_quisque_fortunae
NonDICOMMRimages	GC-IMAGE-270082	GC-NonDICOMMRimages-639649	GRADIENT	nanos_gigantum_humeris_insidentes	ISOTROPIC	id_quod_plerumque_accidit	19F	TAGGING_Superposition of thin saturation bands onto image	No	Gallia_est_omnis_divisa_in_partes_tres	Yes	No	No	damnant_quod_non_intellegunt	TRANSVERSE	No	No	WATER	MAGNITUDE	barba_crescit_caput_nescit
NonDICOMMRimages	GC-IMAGE-154708	GC-NonDICOMMRimages-538585	SPIN	a_bene_placito	BMATRIX	salus_in_arduis	129XE	STIR_Short Tau Inversion Recovery	No	nascentes_morimur_finisque_ab_origine_pendet	Yes	No	No	e_causa_ignota	NONE	No	Yes	WATER	REAL	scientiae_cedit_mare
NonDICOMMRimages	GC-IMAGE-108525	GC-NonDICOMMRimages-129028	GRADIENT	damnant_quod_non_intellegunt	NONE	faber_est_suae_quisque_fortunae	1H	TAGGING_Superposition of thin saturation bands onto image	Yes	scientia_et_sapientia	Yes	Yes	Yes	nanos_gigantum_humeris_insidentes	TRANSVERSE	Yes	No	FAT	REAL	pace_tua
NonDICOMMRimages	GC-IMAGE-167501	GC-NonDICOMMRimages-505647	BOTH	id_quod_plerumque_accidit	NONE	salus_in_arduis	19F	STIR_Short Tau Inversion Recovery	No	Gallia_est_omnis_divisa_in_partes_tres	Yes	No	No	scientia_et_sapientia	FREE PRECESSION	No	No	SILICON GEL	IMAGINARY	faber_est_suae_quisque_fortunae
NonDICOMMRimages	GC-IMAGE-911992	GC-NonDICOMMRimages-757170	GRADIENT	a_bene_placito	DIRECTIONAL	scientia,_aere_perennius	19F	FLUID_ATTENUATED_Fluid Attenuated T2 weighted contrast	No	faber_est_suae_quisque_fortunae	No	No	No	damnant_quod_non_intellegunt	LONGITUDINAL	Yes	No	NONE	PHASE	scientiae_cedit_mare
NonDICOMMRimages	GC-IMAGE-445340	GC-NonDICOMMRimages-861966	GRADIENT	a_bene_placito	NONE	e_causa_ignota	129XE	FLUID_ATTENUATED_Fluid Attenuated T2 weighted contrast	No	scientia_et_sapientia	No	No	No	pace_tua	TRANSVERSE	No	No	NONE	REAL	scientia_imperii_decus_et_tutamen
NonDICOMMRimages	GC-IMAGE-171649	GC-NonDICOMMRimages-949553	BOTH	haec_olim_meminisse_iuvabit	DIRECTIONAL	scientia_et_sapientia	7LI	DIFFUSION	No	Macte_animo_Generose_puer_sic_itur_ad_astra	No	No	Yes	cacatum_non_est_pictum	NONE	No	Yes	FAT AND WATER	PHASE	Macte_animo_Generose_puer_sic_itur_ad_astra
NonDICOMMRimages	GC-IMAGE-907015	GC-NonDICOMMRimages-874846	SPIN	cacatum_non_est_pictum	ISOTROPIC	nanos_gigantum_humeris_insidentes	1H	PROTON_DENSITY_Proton Density weighted contrast	Yes	haec_olim_meminisse_iuvabit	No	Yes	No	damnant_quod_non_intellegunt	TRANSVERSE	Yes	Yes	FAT	REAL	Gallia_est_omnis_divisa_in_partes_tres
NonDICOMMRimages	GC-IMAGE-922980	GC-NonDICOMMRimages-789040	BOTH	nanos_gigantum_humeris_insidentes	BMATRIX	cacatum_non_est_pictum	23NA	PERFUSION_Perfusion weighted contrast	No	scientia,_aere_perennius	Yes	Yes	No	nanos_gigantum_humeris_insidentes	NONE	Yes	Yes	FAT AND WATER	MAGNITUDE	sapiens_qui_prospicit
NonDICOMMRimages	GC-IMAGE-316050	GC-NonDICOMMRimages-843739	BOTH	scientia,_aere_perennius	NONE	Gallia_est_omnis_divisa_in_partes_tres	3HE	T2_T2 weighted contrast	No	scientiae_cedit_mare	Yes	No	No	barba_crescit_caput_nescit	LONGITUDINAL	Yes	No	SILICON GEL	IMAGINARY	cacatum_non_est_pictum
NonDICOMMRimages	GC-IMAGE-911712	GC-NonDICOMMRimages-703841	SPIN	nascentes_morimur_finisque_ab_origine_pendet	ISOTROPIC	Obedientia_civium_urbis_felicitas	7LI	T2_STAR_T2* weighted contrast	No	nanos_gigantum_humeris_insidentes	Yes	No	No	damnant_quod_non_intellegunt	TIME REVERSED	Yes	No	NONE	MAGNITUDE	labor_ipse_voluptas
NonDICOMMRimages	GC-IMAGE-603884	GC-NonDICOMMRimages-612838	BOTH	pace_tua	BMATRIX	saltus_in_demonstrando	23NA	STIR_Short Tau Inversion Recovery	Yes	imperium_in_imperio	No	Yes	No	scientia_et_labor	NONE	Yes	No	SILICON GEL	PHASE	scientia_et_sapientia
NonDICOMMRimages	GC-IMAGE-663778	GC-NonDICOMMRimages-677380	GRADIENT	barba_crescit_caput_nescit	ISOTROPIC	Gallia_est_omnis_divisa_in_partes_tres	7LI	FLOW_ENCODED_Flow Encoded contrast	No	barba_crescit_caput_nescit	No	Yes	No	scientia,_aere_perennius	TIME REVERSED	No	No	WATER	IMAGINARY	Gallia_est_omnis_divisa_in_partes_tres
NonDICOMMRimages	GC-IMAGE-187256	GC-NonDICOMMRimages-523672	BOTH	cacatum_non_est_pictum	DIRECTIONAL	salus_in_arduis	1H	PERFUSION_Perfusion weighted contrast	Yes	e_causa_ignota	Yes	Yes	No	nanos_gigantum_humeris_insidentes	TIME REVERSED	Yes	No	FAT AND WATER	IMAGINARY	scientia_et_labor
NonDICOMMRimages	GC-IMAGE-670051	GC-NonDICOMMRimages-586402	BOTH	haec_olim_meminisse_iuvabit	NONE	salus_in_arduis	129XE	FLUID_ATTENUATED_Fluid Attenuated T2 weighted contrast	Yes	barba_crescit_caput_nescit	Yes	No	No	id_quod_plerumque_accidit	TIME REVERSED	No	Yes	NONE	REAL	scientia_imperii_decus_et_tutamen
NonDICOMMRimages	GC-IMAGE-743521	GC-NonDICOMMRimages-930530	GRADIENT	salus_in_arduis	NONE	a_bene_placito	31P	FLUID_ATTENUATED_Fluid Attenuated T2 weighted contrast	No	haec_olim_meminisse_iuvabit	Yes	Yes	No	scientia_et_labor	FREE PRECESSION	Yes	Yes	NONE	PHASE	labor_ipse_voluptas
NonDICOMMRimages	GC-IMAGE-992565	GC-NonDICOMMRimages-722242	SPIN	pace_tua	BMATRIX	cacatum_non_est_pictum	31P	T2_STAR_T2* weighted contrast	Yes	scientiae_et_patriae	Yes	No	Yes	Macte_animo_Generose_puer_sic_itur_ad_astra	FREE PRECESSION	Yes	Yes	NONE	PHASE	a_bene_placito
NonDICOMMRimages	GC-IMAGE-871093	GC-NonDICOMMRimages-639814	GRADIENT	Macte_animo_Generose_puer_sic_itur_ad_astra	BMATRIX	e_causa_ignota	19F	DIFFUSION	No	id_quod_plerumque_accidit	Yes	No	Yes	scientia_et_sapientia	TIME REVERSED	Yes	Yes	FAT AND WATER	REAL	labor_ipse_voluptas
NonDICOMMRimages	GC-IMAGE-124495	GC-NonDICOMMRimages-721554	BOTH	Obedientia_civium_urbis_felicitas	ISOTROPIC	barba_crescit_caput_nescit	19F	T1_T1 weighted contrast	No	nascentes_morimur_finisque_ab_origine_pendet	Yes	No	Yes	scientia_imperii_decus_et_tutamen	TRANSVERSE	No	Yes	WATER	MAGNITUDE	O_Tite_tute_Tati_tibi_tanta_tyranne_tulisti
NonDICOMMRimages	GC-IMAGE-775372	GC-NonDICOMMRimages-698054	GRADIENT	O_Tite_tute_Tati_tibi_tanta_tyranne_tulisti	ISOTROPIC	nascentes_morimur_finisque_ab_origine_pendet	7LI	TOF_Time Of Flight weighted contrast	Yes	scientia_et_sapientia	No	No	Yes	nascentes_morimur_finisque_ab_origine_pendet	FREE PRECESSION	No	No	WATER	REAL	scientiae_et_patriae
NonDICOMMRimages	GC-IMAGE-273957	GC-NonDICOMMRimages-810682	GRADIENT	cacatum_non_est_pictum	NONE	a_bene_placito	3HE	FLOW_ENCODED_Flow Encoded contrast	Yes	pace_tua	No	Yes	Yes	id_quod_plerumque_accidit	LONGITUDINAL	Yes	No	WATER	MAGNITUDE	imperium_in_imperio
NonDICOMMRimages	GC-IMAGE-687925	GC-NonDICOMMRimages-733719	BOTH	cacatum_non_est_pictum	BMATRIX	nascentes_morimur_finisque_ab_origine_pendet	1H	FLOW_ENCODED_Flow Encoded contrast	Yes	scientiae_cedit_mare	Yes	Yes	Yes	salus_in_arduis	TIME REVERSED	Yes	Yes	FAT	MAGNITUDE	saltus_in_demonstrando
NonDICOMMRimages	GC-IMAGE-230876	GC-NonDICOMMRimages-967422	BOTH	nanos_gigantum_humeris_insidentes	DIRECTIONAL	scientia_imperii_decus_et_tutamen	1H	FLOW_ENCODED_Flow Encoded contrast	Yes	saltus_in_demonstrando	No	Yes	Yes	salus_in_arduis	TIME REVERSED	Yes	Yes	WATER	REAL	barba_crescit_caput_nescit
NonDICOMMRimages	GC-IMAGE-205875	GC-NonDICOMMRimages-688723	SPIN	nascentes_morimur_finisque_ab_origine_pendet	ISOTROPIC	a_bene_placito	13C	TAGGING_Superposition of thin saturation bands onto image	No	pace_tua	No	Yes	Yes	nanos_gigantum_humeris_insidentes	TIME REVERSED	No	Yes	FAT	REAL	damnant_quod_non_intellegunt
NonDICOMMRimages	GC-IMAGE-821771	GC-NonDICOMMRimages-590947	GRADIENT	labor_ipse_voluptas	NONE	nascentes_morimur_finisque_ab_origine_pendet	13C	FLOW_ENCODED_Flow Encoded contrast	Yes	e_causa_ignota	No	No	No	pace_tua	TIME REVERSED	Yes	No	FAT AND WATER	MAGNITUDE	a_bene_placito
NonDICOMMRimages	GC-IMAGE-355144	GC-NonDICOMMRimages-593881	SPIN	O_Tite_tute_Tati_tibi_tanta_tyranne_tulisti	DIRECTIONAL	salus_in_arduis	13C	PROTON_DENSITY_Proton Density weighted contrast	Yes	haec_olim_meminisse_iuvabit	No	No	Yes	barba_crescit_caput_nescit	NONE	Yes	No	FAT AND WATER	MAGNITUDE	faber_est_suae_quisque_fortunae
NonDICOMMRimages	GC-IMAGE-206160	GC-NonDICOMMRimages-469518	SPIN	scientia_imperii_decus_et_tutamen	NONE	Gallia_est_omnis_divisa_in_partes_tres	3HE	FLUID_ATTENUATED_Fluid Attenuated T2 weighted contrast	Yes	Macte_animo_Generose_puer_sic_itur_ad_astra	No	No	No	scientiae_cedit_mare	NONE	Yes	No	FAT AND WATER	MAGNITUDE	barba_crescit_caput_nescit
NonDICOMMRimages	GC-IMAGE-533445	GC-NonDICOMMRimages-746510	GRADIENT	haec_olim_meminisse_iuvabit	DIRECTIONAL	scientia_et_sapientia	23NA	PROTON_DENSITY_Proton Density weighted contrast	No	cacatum_non_est_pictum	No	No	No	salus_in_arduis	NONE	No	No	FAT	IMAGINARY	labor_ipse_voluptas
NonDICOMMRimages	GC-IMAGE-523724	GC-NonDICOMMRimages-418661	SPIN	scientia,_aere_perennius	BMATRIX	scientiae_et_patriae	1H	TAGGING_Superposition of thin saturation bands onto image	Yes	scientia,_aere_perennius	Yes	No	No	saltus_in_demonstrando	NONE	Yes	Yes	SILICON GEL	REAL	salus_in_arduis
NonDICOMMRimages	GC-IMAGE-549832	GC-NonDICOMMRimages-285895	SPIN	scientia_et_labor	ISOTROPIC	scientiae_cedit_mare	19F	TAGGING_Superposition of thin saturation bands onto image	Yes	cacatum_non_est_pictum	No	No	Yes	nascentes_morimur_finisque_ab_origine_pendet	LONGITUDINAL	Yes	No	SILICON GEL	MAGNITUDE	damnant_quod_non_intellegunt
NonDICOMMRimages	GC-IMAGE-207729	GC-NonDICOMMRimages-114048	GRADIENT	nascentes_morimur_finisque_ab_origine_pendet	ISOTROPIC	O_Tite_tute_Tati_tibi_tanta_tyranne_tulisti	129XE	FLOW_ENCODED_Flow Encoded contrast	Yes	Gallia_est_omnis_divisa_in_partes_tres	Yes	Yes	No	Macte_animo_Generose_puer_sic_itur_ad_astra	LONGITUDINAL	Yes	No	WATER	IMAGINARY	scientia_imperii_decus_et_tutamen
NonDICOMMRimages	GC-IMAGE-327379	GC-NonDICOMMRimages-191547	SPIN	haec_olim_meminisse_iuvabit	NONE	pace_tua	23NA	PERFUSION_Perfusion weighted contrast	Yes	pace_tua	Yes	No	No	scientia,_aere_perennius	LONGITUDINAL	No	Yes	FAT	IMAGINARY	pace_tua
NonDICOMMRimages	GC-IMAGE-266346	GC-NonDICOMMRimages-185901	BOTH	saltus_in_demonstrando	NONE	cacatum_non_est_pictum	31P	TAGGING_Superposition of thin saturation bands onto image	Yes	pace_tua	Yes	Yes	Yes	Obedientia_civium_urbis_felicitas	TRANSVERSE	No	Yes	SILICON GEL	REAL	id_quod_plerumque_accidit
NonDICOMMRimages	GC-IMAGE-279828	GC-NonDICOMMRimages-869305	BOTH	e_causa_ignota	DIRECTIONAL	scientia,_aere_perennius	129XE	FLUID_ATTENUATED_Fluid Attenuated T2 weighted contrast	Yes	nanos_gigantum_humeris_insidentes	Yes	No	No	faber_est_suae_quisque_fortunae	TRANSVERSE	Yes	No	WATER	MAGNITUDE	Macte_animo_Generose_puer_sic_itur_ad_astra
NonDICOMMRimages	GC-IMAGE-780983	GC-NonDICOMMRimages-701055	SPIN	Macte_animo_Generose_puer_sic_itur_ad_astra	DIRECTIONAL	cacatum_non_est_pictum	23NA	FLOW_ENCODED_Flow Encoded contrast	Yes	salus_in_arduis	Yes	No	No	nanos_gigantum_humeris_insidentes	FREE PRECESSION	Yes	Yes	NONE	IMAGINARY	Gallia_est_omnis_divisa_in_partes_tres
NonDICOMMRimages	GC-IMAGE-630085	GC-NonDICOMMRimages-143823	GRADIENT	saltus_in_demonstrando	NONE	e_causa_ignota	13C	FLUID_ATTENUATED_Fluid Attenuated T2 weighted contrast	Yes	scientia_imperii_decus_et_tutamen	Yes	Yes	Yes	scientia_imperii_decus_et_tutamen	FREE PRECESSION	No	Yes	NONE	MAGNITUDE	O_Tite_tute_Tati_tibi_tanta_tyranne_tulisti
NonDICOMMRimages	GC-IMAGE-316644	GC-NonDICOMMRimages-397996	GRADIENT	Obedientia_civium_urbis_felicitas	BMATRIX	salus_in_arduis	31P	T1_T1 weighted contrast	Yes	scientia_imperii_decus_et_tutamen	Yes	No	No	id_quod_plerumque_accidit	FREE PRECESSION	Yes	Yes	WATER	MAGNITUDE	barba_crescit_caput_nescit
NonDICOMMRimages	GC-IMAGE-780522	GC-NonDICOMMRimages-374354	SPIN	pace_tua	DIRECTIONAL	barba_crescit_caput_nescit	1H	FLOW_ENCODED_Flow Encoded contrast	Yes	nanos_gigantum_humeris_insidentes	Yes	No	No	scientia,_aere_perennius	TRANSVERSE	No	No	SILICON GEL	MAGNITUDE	damnant_quod_non_intellegunt
NonDICOMMRimages	GC-IMAGE-134402	GC-NonDICOMMRimages-218136	BOTH	scientia_imperii_decus_et_tutamen	BMATRIX	a_bene_placito	19F	DIFFUSION	Yes	pace_tua	No	No	Yes	salus_in_arduis	LONGITUDINAL	Yes	No	FAT AND WATER	PHASE	nascentes_morimur_finisque_ab_origine_pendet
NonDICOMMRimages	GC-IMAGE-363895	GC-NonDICOMMRimages-613538	GRADIENT	O_Tite_tute_Tati_tibi_tanta_tyranne_tulisti	ISOTROPIC	scientiae_et_patriae	19F	T1_T1 weighted contrast	Yes	scientia_et_labor	No	Yes	No	damnant_quod_non_intellegunt	TIME REVERSED	No	No	FAT	IMAGINARY	Macte_animo_Generose_puer_sic_itur_ad_astra
NonDICOMMRimages	GC-IMAGE-847605	GC-NonDICOMMRimages-137825	BOTH	scientia_imperii_decus_et_tutamen	BMATRIX	imperium_in_imperio	19F	FLUID_ATTENUATED_Fluid Attenuated T2 weighted contrast	No	scientiae_cedit_mare	Yes	No	Yes	salus_in_arduis	TRANSVERSE	No	No	FAT	IMAGINARY	saltus_in_demonstrando
NonDICOMMRimages	GC-IMAGE-878266	GC-NonDICOMMRimages-821765	SPIN	sapiens_qui_prospicit	BMATRIX	nanos_gigantum_humeris_insidentes	1H	PERFUSION_Perfusion weighted contrast	No	scientia,_aere_perennius	Yes	Yes	No	scientia_imperii_decus_et_tutamen	FREE PRECESSION	Yes	No	SILICON GEL	REAL	e_causa_ignota
NonDICOMMRimages	GC-IMAGE-971385	GC-NonDICOMMRimages-267836	SPIN	scientia,_aere_perennius	DIRECTIONAL	Gallia_est_omnis_divisa_in_partes_tres	129XE	T1_T1 weighted contrast	No	sapiens_qui_prospicit	No	No	Yes	Gallia_est_omnis_divisa_in_partes_tres	TIME REVERSED	Yes	Yes	FAT AND WATER	REAL	barba_crescit_caput_nescit
NonDICOMMRimages	GC-IMAGE-836088	GC-NonDICOMMRimages-344239	BOTH	e_causa_ignota	DIRECTIONAL	Gallia_est_omnis_divisa_in_partes_tres	7LI	TOF_Time Of Flight weighted contrast	Yes	O_Tite_tute_Tati_tibi_tanta_tyranne_tulisti	Yes	No	No	e_causa_ignota	FREE PRECESSION	Yes	Yes	NONE	REAL	nascentes_morimur_finisque_ab_origine_pendet
NonDICOMMRimages	GC-IMAGE-723198	GC-NonDICOMMRimages-513380	SPIN	id_quod_plerumque_accidit	DIRECTIONAL	cacatum_non_est_pictum	3HE	T2_STAR_T2* weighted contrast	No	id_quod_plerumque_accidit	No	Yes	No	nascentes_morimur_finisque_ab_origine_pendet	LONGITUDINAL	No	Yes	WATER	MAGNITUDE	damnant_quod_non_intellegunt
NonDICOMMRimages	GC-IMAGE-820192	GC-NonDICOMMRimages-836313	BOTH	Obedientia_civium_urbis_felicitas	BMATRIX	faber_est_suae_quisque_fortunae	3HE	T2_STAR_T2* weighted contrast	Yes	Obedientia_civium_urbis_felicitas	Yes	Yes	Yes	nanos_gigantum_humeris_insidentes	TRANSVERSE	Yes	No	WATER	PHASE	haec_olim_meminisse_iuvabit
