type	image.study_link_id	NonDICOMpathologyImages_id	acquisition_method_type	tumor_tissue_type	tissue_fixative	embedding_medium	staining_method	objective	nominal_magnification	immersion	lens_numerical_aperture	crdc_id
NonDICOMpathologyImages	GC-IMAGE-314307	GC-NonDICOMpathologyImages-443190	Shave biopsy	Premalignant - in situ	Diimidoester	Fresh Dissociated and Single Cell Sorted into Plates	ExSeq	id_quod_plerumque_accidit	salus_in_arduis	Other	nanos_gigantum_humeris_insidentes	nanos_gigantum_humeris_insidentes
NonDICOMpathologyImages	GC-IMAGE-577201	GC-NonDICOMpathologyImages-734548	Biopsy	Metastatic	OCT media	Frozen	t-CyCIF	haec_olim_meminisse_iuvabit	nascentes_morimur_finisque_ab_origine_pendet	Oil	scientiae_et_patriae	Obedientia_civium_urbis_felicitas
NonDICOMpathologyImages	GC-IMAGE-621355	GC-NonDICOMpathologyImages-322972	Forceps Biopsy	Tumor post-neoadjuvant therapy	Diimidoester	RNALater	MIBI	salus_in_arduis	imperium_in_imperio	Other	sapiens_qui_prospicit	Macte_animo_Generose_puer_sic_itur_ad_astra
NonDICOMpathologyImages	GC-IMAGE-327365	GC-NonDICOMpathologyImages-979641	Forceps Biopsy	Tumor post-therapy	CryoStor	Fresh Dissociated and Single Cell Sorted	Not Applicable	scientiae_cedit_mare	sapiens_qui_prospicit	Multi	saltus_in_demonstrando	scientia,_aere_perennius
NonDICOMpathologyImages	GC-IMAGE-851191	GC-NonDICOMpathologyImages-292128	Excisional Biopsy	Local recurrence	Not applicable	Liquid Nitrogen	MxIF	scientiae_cedit_mare	nascentes_morimur_finisque_ab_origine_pendet	Water	O_Tite_tute_Tati_tibi_tanta_tyranne_tulisti	salus_in_arduis
NonDICOMpathologyImages	GC-IMAGE-149228	GC-NonDICOMpathologyImages-823428	Not specified	Normal	Other	Formalin Fixed - Buffered	Not Applicable	Obedientia_civium_urbis_felicitas	damnant_quod_non_intellegunt	Air	Obedientia_civium_urbis_felicitas	e_causa_ignota
NonDICOMpathologyImages	GC-IMAGE-359257	GC-NonDICOMpathologyImages-241012	Punch biopsy	Premalignant	Diimidoester	Fresh Dissociated and Single Cell Sorted into Plates	GeoMX-DSP	Gallia_est_omnis_divisa_in_partes_tres	saltus_in_demonstrando	Oil	nascentes_morimur_finisque_ab_origine_pendet	imperium_in_imperio
NonDICOMpathologyImages	GC-IMAGE-615177	GC-NonDICOMpathologyImages-307092	Re-excision	Premalignant - in situ	Unknown	Unknown	mIHC	labor_ipse_voluptas	cacatum_non_est_pictum	Glycerol	pace_tua	haec_olim_meminisse_iuvabit
NonDICOMpathologyImages	GC-IMAGE-428350	GC-NonDICOMpathologyImages-641968	Fine needle aspirate	Not applicable	PAXgene Tissue	Fresh Dissociated and Single Cell Sorted	t-CyCIF	nascentes_morimur_finisque_ab_origine_pendet	a_bene_placito	Glycerol	Gallia_est_omnis_divisa_in_partes_tres	id_quod_plerumque_accidit
NonDICOMpathologyImages	GC-IMAGE-206406	GC-NonDICOMpathologyImages-935101	Sentinel node biopsy	NOS	CryoStor	Snap Frozen	IMC	barba_crescit_caput_nescit	scientiae_et_patriae	Other	nascentes_morimur_finisque_ab_origine_pendet	labor_ipse_voluptas
NonDICOMpathologyImages	GC-IMAGE-241188	GC-NonDICOMpathologyImages-309411	Shave biopsy	Primary	Para-benzoquinone	Formalin Fixed Tissue	MxIF	scientia_et_sapientia	damnant_quod_non_intellegunt	Air	scientiae_et_patriae	nanos_gigantum_humeris_insidentes
NonDICOMpathologyImages	GC-IMAGE-164123	GC-NonDICOMpathologyImages-425316	Lymphadenectomy (regional nodes)	Primary	Poloxamer	Formalin Fixed - Buffered	Not Applicable	scientia_imperii_decus_et_tutamen	Macte_animo_Generose_puer_sic_itur_ad_astra	Multi	nascentes_morimur_finisque_ab_origine_pendet	scientia_et_labor
NonDICOMpathologyImages	GC-IMAGE-688388	GC-NonDICOMpathologyImages-824372	Other	Premalignant	Carbodiimide	Cytospin Slide	GeoMX-DSP	scientia,_aere_perennius	cacatum_non_est_pictum	Other	scientia,_aere_perennius	Gallia_est_omnis_divisa_in_partes_tres
NonDICOMpathologyImages	GC-IMAGE-276029	GC-NonDICOMpathologyImages-556684	Sentinel node biopsy	Normal distant	CryoStor	OCT	H&E	haec_olim_meminisse_iuvabit	imperium_in_imperio	Other	cacatum_non_est_pictum	scientiae_cedit_mare
NonDICOMpathologyImages	GC-IMAGE-578871	GC-NonDICOMpathologyImages-446520	Incisional Biopsy	Local recurrence	NP40 Lysis Buffer	Liquid Nitrogen	H&E	e_causa_ignota	pace_tua	Oil	scientia_et_sapientia	saltus_in_demonstrando
NonDICOMpathologyImages	GC-IMAGE-685606	GC-NonDICOMpathologyImages-956664	Fine needle aspirate	Tumor specimen from de novo untreated malignancy of the bladder	Not recorded	Fresh Dissociated and Single Cell Sorted into Plates	GeoMX-DSP	Gallia_est_omnis_divisa_in_partes_tres	damnant_quod_non_intellegunt	Oil	scientiae_cedit_mare	scientiae_cedit_mare
NonDICOMpathologyImages	GC-IMAGE-737734	GC-NonDICOMpathologyImages-576670	Surgical Resection	Normal adjacent	Not recorded	Unknown	t-CyCIF	O_Tite_tute_Tati_tibi_tanta_tyranne_tulisti	scientia_et_labor	Water	id_quod_plerumque_accidit	O_Tite_tute_Tati_tibi_tanta_tyranne_tulisti
NonDICOMpathologyImages	GC-IMAGE-417757	GC-NonDICOMpathologyImages-996245	Blood draw	Tumor specimen from de novo untreated malignancy of the bladder	95% Ethanol	Liquid Nitrogen	IHC	cacatum_non_est_pictum	Macte_animo_Generose_puer_sic_itur_ad_astra	Glycerol	saltus_in_demonstrando	O_Tite_tute_Tati_tibi_tanta_tyranne_tulisti
NonDICOMpathologyImages	GC-IMAGE-565365	GC-NonDICOMpathologyImages-436415	Surgical Resection	Not applicable	Carbodiimide	OCT	MxIF	Gallia_est_omnis_divisa_in_partes_tres	saltus_in_demonstrando	Oil	damnant_quod_non_intellegunt	Gallia_est_omnis_divisa_in_partes_tres
NonDICOMpathologyImages	GC-IMAGE-683295	GC-NonDICOMpathologyImages-182350	Not applicable	Unknown	None	-80 degrees C	CODEX	haec_olim_meminisse_iuvabit	a_bene_placito	Air	a_bene_placito	Obedientia_civium_urbis_felicitas
NonDICOMpathologyImages	GC-IMAGE-237904	GC-NonDICOMpathologyImages-910516	Excisional Biopsy	NOS	Saline	Formalin Fixed - Unbuffered	MIBI	damnant_quod_non_intellegunt	barba_crescit_caput_nescit	Glycerol	id_quod_plerumque_accidit	scientia_et_sapientia
NonDICOMpathologyImages	GC-IMAGE-350905	GC-NonDICOMpathologyImages-395333	Not applicable	Primary	Not recorded	Fresh	mIHC	O_Tite_tute_Tati_tibi_tanta_tyranne_tulisti	scientiae_et_patriae	Oil	imperium_in_imperio	barba_crescit_caput_nescit
NonDICOMpathologyImages	GC-IMAGE-543441	GC-NonDICOMpathologyImages-285424	Re-excision	Tissue	Not applicable	Liquid Nitrogen	CyCIF	barba_crescit_caput_nescit	Macte_animo_Generose_puer_sic_itur_ad_astra	Air	damnant_quod_non_intellegunt	scientia_et_sapientia
NonDICOMpathologyImages	GC-IMAGE-387462	GC-NonDICOMpathologyImages-869993	Core needle biopsy	Unknown	TCL Lysis Buffer	Cryopreserved	H&E	sapiens_qui_prospicit	scientia_imperii_decus_et_tutamen	Multi	O_Tite_tute_Tati_tibi_tanta_tyranne_tulisti	Obedientia_civium_urbis_felicitas
NonDICOMpathologyImages	GC-IMAGE-736590	GC-NonDICOMpathologyImages-431706	Lymphadenectomy (regional nodes)	Unknown	CryoStor	Fresh Dissociated	IMC	damnant_quod_non_intellegunt	barba_crescit_caput_nescit	Air	saltus_in_demonstrando	id_quod_plerumque_accidit
NonDICOMpathologyImages	GC-IMAGE-483445	GC-NonDICOMpathologyImages-392264	Shave biopsy	Atypia or hyperplasia	Other	Fresh Dissociated and Single Cell Sorted	MIBI	salus_in_arduis	Obedientia_civium_urbis_felicitas	Air	O_Tite_tute_Tati_tibi_tanta_tyranne_tulisti	Gallia_est_omnis_divisa_in_partes_tres
NonDICOMpathologyImages	GC-IMAGE-676114	GC-NonDICOMpathologyImages-805747	Core needle biopsy	NOS	OCT media	FFPE	SABER	labor_ipse_voluptas	imperium_in_imperio	Water	damnant_quod_non_intellegunt	scientiae_et_patriae
NonDICOMpathologyImages	GC-IMAGE-146307	GC-NonDICOMpathologyImages-252166	Lymphadenectomy (regional nodes)	Unknown	Diimidoester	Fresh	MIBI	cacatum_non_est_pictum	scientia_et_labor	Oil	Gallia_est_omnis_divisa_in_partes_tres	Gallia_est_omnis_divisa_in_partes_tres
NonDICOMpathologyImages	GC-IMAGE-158939	GC-NonDICOMpathologyImages-448587	Autopsy	Normal adjacent	RNAlater	Formalin Fixed - Unbuffered	ExSeq	Macte_animo_Generose_puer_sic_itur_ad_astra	barba_crescit_caput_nescit	Oil	scientiae_et_patriae	a_bene_placito
NonDICOMpathologyImages	GC-IMAGE-794359	GC-NonDICOMpathologyImages-256045	Autopsy	Premalignant - in situ	Not applicable	Frozen	t-CyCIF	nascentes_morimur_finisque_ab_origine_pendet	scientia_et_sapientia	Air	faber_est_suae_quisque_fortunae	nascentes_morimur_finisque_ab_origine_pendet
NonDICOMpathologyImages	GC-IMAGE-978610	GC-NonDICOMpathologyImages-296602	Core needle biopsy	Primary	RNAlater	OCT	MIBI	O_Tite_tute_Tati_tibi_tanta_tyranne_tulisti	O_Tite_tute_Tati_tibi_tanta_tyranne_tulisti	Air	id_quod_plerumque_accidit	cacatum_non_est_pictum
NonDICOMpathologyImages	GC-IMAGE-337845	GC-NonDICOMpathologyImages-669835	Core needle biopsy	Tissue	TCL Lysis Buffer	Isopentane	ExSeq	sapiens_qui_prospicit	salus_in_arduis	Air	imperium_in_imperio	saltus_in_demonstrando
NonDICOMpathologyImages	GC-IMAGE-640411	GC-NonDICOMpathologyImages-519064	Not applicable	Atypia or hyperplasia	Poloxamer	Fresh Dissociated and Single Cell Sorted into Plates	IMC	O_Tite_tute_Tati_tibi_tanta_tyranne_tulisti	sapiens_qui_prospicit	Multi	scientia,_aere_perennius	haec_olim_meminisse_iuvabit
NonDICOMpathologyImages	GC-IMAGE-870187	GC-NonDICOMpathologyImages-417877	Not specified	Tumor post-therapy	Not applicable	Fresh Dissociated and Single Cell Sorted into Plates	t-CyCIF	cacatum_non_est_pictum	e_causa_ignota	Air	sapiens_qui_prospicit	id_quod_plerumque_accidit
NonDICOMpathologyImages	GC-IMAGE-104015	GC-NonDICOMpathologyImages-802149	Shave biopsy	Normal adjacent	Methacarn	FFPE	t-CyCIF	sapiens_qui_prospicit	id_quod_plerumque_accidit	Other	O_Tite_tute_Tati_tibi_tanta_tyranne_tulisti	nanos_gigantum_humeris_insidentes
NonDICOMpathologyImages	GC-IMAGE-851209	GC-NonDICOMpathologyImages-440483	Lymphadenectomy (regional nodes)	Tissue	Diimidoester	Formalin Fixed - Buffered	MIBI	scientia,_aere_perennius	faber_est_suae_quisque_fortunae	Other	e_causa_ignota	scientia,_aere_perennius
NonDICOMpathologyImages	GC-IMAGE-475757	GC-NonDICOMpathologyImages-686715	Blood draw	Tumor post-adjuvant therapy	Diimidoester	Isopentane	CyCIF	Obedientia_civium_urbis_felicitas	haec_olim_meminisse_iuvabit	Air	scientia_imperii_decus_et_tutamen	saltus_in_demonstrando
NonDICOMpathologyImages	GC-IMAGE-882044	GC-NonDICOMpathologyImages-196769	Not reported	Primary	Not applicable	Unknown	H&E	barba_crescit_caput_nescit	O_Tite_tute_Tati_tibi_tanta_tyranne_tulisti	Water	scientiae_et_patriae	pace_tua
NonDICOMpathologyImages	GC-IMAGE-343960	GC-NonDICOMpathologyImages-117578	Autopsy	Tissue	Glutaraldehyde	Fresh Dissociated and Single Cell Sorted	MERFISH	saltus_in_demonstrando	scientia_et_sapientia	Oil	imperium_in_imperio	id_quod_plerumque_accidit
NonDICOMpathologyImages	GC-IMAGE-308282	GC-NonDICOMpathologyImages-426303	Biopsy	Unknown	Glutaraldehyde	RNALater	t-CyCIF	labor_ipse_voluptas	a_bene_placito	Glycerol	saltus_in_demonstrando	barba_crescit_caput_nescit
NonDICOMpathologyImages	GC-IMAGE-430274	GC-NonDICOMpathologyImages-148591	Not reported	Tumor specimen from de novo untreated malignancy of the bladder	CryoStor	Isopentane	mIHC	nanos_gigantum_humeris_insidentes	faber_est_suae_quisque_fortunae	Other	barba_crescit_caput_nescit	nanos_gigantum_humeris_insidentes
NonDICOMpathologyImages	GC-IMAGE-363125	GC-NonDICOMpathologyImages-505254	Core needle biopsy	Additional Primary	95% Ethanol	-80 degrees C	IHC	labor_ipse_voluptas	labor_ipse_voluptas	Oil	Macte_animo_Generose_puer_sic_itur_ad_astra	O_Tite_tute_Tati_tibi_tanta_tyranne_tulisti
NonDICOMpathologyImages	GC-IMAGE-806581	GC-NonDICOMpathologyImages-579841	Forceps Biopsy	Not reported	Acetone	Formalin Fixed - Unbuffered	CODEX	Gallia_est_omnis_divisa_in_partes_tres	imperium_in_imperio	Water	nascentes_morimur_finisque_ab_origine_pendet	barba_crescit_caput_nescit
NonDICOMpathologyImages	GC-IMAGE-100610	GC-NonDICOMpathologyImages-227639	Not reported	Premalignant	TCL Lysis Buffer	RNALater	IMC	haec_olim_meminisse_iuvabit	Obedientia_civium_urbis_felicitas	Oil	Obedientia_civium_urbis_felicitas	nascentes_morimur_finisque_ab_origine_pendet
NonDICOMpathologyImages	GC-IMAGE-816788	GC-NonDICOMpathologyImages-779386	Pancreaticoduodenectomy	Premalignant	Poloxamer	Unknown	CODEX	nanos_gigantum_humeris_insidentes	a_bene_placito	Air	scientiae_et_patriae	pace_tua
NonDICOMpathologyImages	GC-IMAGE-292748	GC-NonDICOMpathologyImages-841539	Not applicable	Not reported	NP40 Lysis Buffer	EDTA	SABER	O_Tite_tute_Tati_tibi_tanta_tyranne_tulisti	Gallia_est_omnis_divisa_in_partes_tres	Multi	scientia_et_labor	O_Tite_tute_Tati_tibi_tanta_tyranne_tulisti
NonDICOMpathologyImages	GC-IMAGE-181104	GC-NonDICOMpathologyImages-622242	Core needle biopsy	Local recurrence	CryoStor	-20 degrees C	MIBI	Macte_animo_Generose_puer_sic_itur_ad_astra	imperium_in_imperio	Other	scientia_et_labor	scientia_imperii_decus_et_tutamen
NonDICOMpathologyImages	GC-IMAGE-423341	GC-NonDICOMpathologyImages-224582	Unknown	Tumor specimen from de novo untreated malignancy of the bladder	Saline	Formalin Fixed - Buffered	MERFISH	nanos_gigantum_humeris_insidentes	nanos_gigantum_humeris_insidentes	Oil	id_quod_plerumque_accidit	scientiae_et_patriae
NonDICOMpathologyImages	GC-IMAGE-523577	GC-NonDICOMpathologyImages-375811	Not reported	Metastatic	OCT media	OCT	t-CyCIF	barba_crescit_caput_nescit	Gallia_est_omnis_divisa_in_partes_tres	Other	scientia,_aere_perennius	sapiens_qui_prospicit
NonDICOMpathologyImages	GC-IMAGE-449197	GC-NonDICOMpathologyImages-790628	Autopsy	Not applicable	Alcohol	-20 degrees C	mIHC	id_quod_plerumque_accidit	Obedientia_civium_urbis_felicitas	Glycerol	O_Tite_tute_Tati_tibi_tanta_tyranne_tulisti	saltus_in_demonstrando
NonDICOMpathologyImages	GC-IMAGE-864502	GC-NonDICOMpathologyImages-589800	Autopsy	Normal distant	Poloxamer	Not Reported	IMC	labor_ipse_voluptas	a_bene_placito	Water	Obedientia_civium_urbis_felicitas	Gallia_est_omnis_divisa_in_partes_tres
NonDICOMpathologyImages	GC-IMAGE-859501	GC-NonDICOMpathologyImages-131311	Not applicable	Atypia or hyperplasia	Not recorded	Isopentane	GeoMX-DSP	Gallia_est_omnis_divisa_in_partes_tres	scientiae_et_patriae	Other	saltus_in_demonstrando	imperium_in_imperio
NonDICOMpathologyImages	GC-IMAGE-654311	GC-NonDICOMpathologyImages-545272	Other	Normal adjacent	Alcohol	Formalin Fixed Tissue	MIBI	sapiens_qui_prospicit	scientia_et_sapientia	Glycerol	id_quod_plerumque_accidit	sapiens_qui_prospicit
NonDICOMpathologyImages	GC-IMAGE-886255	GC-NonDICOMpathologyImages-928898	Lymphadenectomy (regional nodes)	Xenograft	95% Ethanol	Not Applicable	ExSeq	Obedientia_civium_urbis_felicitas	scientia,_aere_perennius	Other	saltus_in_demonstrando	scientia,_aere_perennius
NonDICOMpathologyImages	GC-IMAGE-453386	GC-NonDICOMpathologyImages-656823	Sentinel node biopsy	NOS	NP40 Lysis Buffer	Formalin Fixed - Buffered	MxIF	damnant_quod_non_intellegunt	imperium_in_imperio	Water	e_causa_ignota	scientia_et_sapientia
NonDICOMpathologyImages	GC-IMAGE-413608	GC-NonDICOMpathologyImages-119351	Other	Premalignant - in situ	CryoStor	Isopentane	IMC	haec_olim_meminisse_iuvabit	a_bene_placito	Oil	scientia,_aere_perennius	cacatum_non_est_pictum
NonDICOMpathologyImages	GC-IMAGE-921515	GC-NonDICOMpathologyImages-822316	Shave biopsy	Not applicable	Poloxamer	Frozen	SABER	scientia_et_labor	Macte_animo_Generose_puer_sic_itur_ad_astra	Multi	a_bene_placito	a_bene_placito
NonDICOMpathologyImages	GC-IMAGE-767199	GC-NonDICOMpathologyImages-992343	Other	Additional Primary	Not recorded	Fresh Dissociated and Single Cell Sorted	MxIF	saltus_in_demonstrando	faber_est_suae_quisque_fortunae	Oil	damnant_quod_non_intellegunt	saltus_in_demonstrando
NonDICOMpathologyImages	GC-IMAGE-524976	GC-NonDICOMpathologyImages-632490	Lymphadenectomy (regional nodes)	Normal adjacent	Carbodiimide	Unknown	GeoMX-DSP	scientia_imperii_decus_et_tutamen	O_Tite_tute_Tati_tibi_tanta_tyranne_tulisti	Air	nascentes_morimur_finisque_ab_origine_pendet	salus_in_arduis
NonDICOMpathologyImages	GC-IMAGE-169929	GC-NonDICOMpathologyImages-940333	Re-excision	Not reported	95% Ethanol	EDTA	SABER	sapiens_qui_prospicit	scientia_et_labor	Oil	labor_ipse_voluptas	barba_crescit_caput_nescit
NonDICOMpathologyImages	GC-IMAGE-291468	GC-NonDICOMpathologyImages-433602	Unknown	Tumor specimen from de novo untreated malignancy of the bladder	Para-benzoquinone	Frozen	mIHC	scientiae_cedit_mare	sapiens_qui_prospicit	Glycerol	barba_crescit_caput_nescit	e_causa_ignota
NonDICOMpathologyImages	GC-IMAGE-675204	GC-NonDICOMpathologyImages-753090	Not applicable	NOS	Carbodiimide	Isopentane	ExSeq	scientiae_cedit_mare	faber_est_suae_quisque_fortunae	Glycerol	scientiae_et_patriae	id_quod_plerumque_accidit
NonDICOMpathologyImages	GC-IMAGE-777573	GC-NonDICOMpathologyImages-883647	Not applicable	Tumor post-adjuvant therapy	CryoStor	EDTA	Not Applicable	pace_tua	a_bene_placito	Multi	id_quod_plerumque_accidit	faber_est_suae_quisque_fortunae
NonDICOMpathologyImages	GC-IMAGE-177456	GC-NonDICOMpathologyImages-458998	Other	Tumor post-adjuvant therapy	Diimidoester	EDTA	mIHC	labor_ipse_voluptas	scientiae_cedit_mare	Multi	O_Tite_tute_Tati_tibi_tanta_tyranne_tulisti	salus_in_arduis
NonDICOMpathologyImages	GC-IMAGE-715141	GC-NonDICOMpathologyImages-890236	Punch biopsy	Tissue	Not recorded	OCT	MIBI	saltus_in_demonstrando	pace_tua	Water	scientia_et_labor	faber_est_suae_quisque_fortunae
NonDICOMpathologyImages	GC-IMAGE-775032	GC-NonDICOMpathologyImages-654220	Forceps Biopsy	Unknown	Carbodiimide	Formalin Fixed Tissue	SABER	nascentes_morimur_finisque_ab_origine_pendet	e_causa_ignota	Water	scientia_et_labor	nanos_gigantum_humeris_insidentes
NonDICOMpathologyImages	GC-IMAGE-123385	GC-NonDICOMpathologyImages-405955	Core needle biopsy	Recurrent	NP40 Lysis Buffer	FFPE	CODEX	Gallia_est_omnis_divisa_in_partes_tres	id_quod_plerumque_accidit	Water	nascentes_morimur_finisque_ab_origine_pendet	id_quod_plerumque_accidit
NonDICOMpathologyImages	GC-IMAGE-633441	GC-NonDICOMpathologyImages-881593	Core needle biopsy	Local recurrence	PAXgene Tissue	-80 degrees C	CyCIF	scientiae_cedit_mare	pace_tua	Multi	nanos_gigantum_humeris_insidentes	a_bene_placito
NonDICOMpathologyImages	GC-IMAGE-184923	GC-NonDICOMpathologyImages-272465	Surgical Resection	Normal	Not applicable	-20 degrees C	IHC	Macte_animo_Generose_puer_sic_itur_ad_astra	Macte_animo_Generose_puer_sic_itur_ad_astra	Multi	barba_crescit_caput_nescit	scientiae_et_patriae
NonDICOMpathologyImages	GC-IMAGE-861383	GC-NonDICOMpathologyImages-466497	Other	Not reported	NP40 Lysis Buffer	Fresh Dissociated and Single Cell Sorted	H&E	barba_crescit_caput_nescit	Gallia_est_omnis_divisa_in_partes_tres	Other	scientia_et_sapientia	Macte_animo_Generose_puer_sic_itur_ad_astra
NonDICOMpathologyImages	GC-IMAGE-891899	GC-NonDICOMpathologyImages-481728	Punch biopsy	Premalignant - in situ	95% Ethanol	Fresh Dissociated	MERFISH	nascentes_morimur_finisque_ab_origine_pendet	labor_ipse_voluptas	Water	damnant_quod_non_intellegunt	damnant_quod_non_intellegunt
NonDICOMpathologyImages	GC-IMAGE-672063	GC-NonDICOMpathologyImages-108893	Other	Premalignant	Other	-20 degrees C	MxIF	scientiae_et_patriae	scientiae_et_patriae	Glycerol	id_quod_plerumque_accidit	scientia_et_labor
NonDICOMpathologyImages	GC-IMAGE-148185	GC-NonDICOMpathologyImages-669016	Shave biopsy	Primary	Not recorded	Fresh Dissociated and Single Cell Sorted	MIBI	scientia_et_labor	scientia_et_sapientia	Oil	sapiens_qui_prospicit	Obedientia_civium_urbis_felicitas
NonDICOMpathologyImages	GC-IMAGE-878997	GC-NonDICOMpathologyImages-722579	Unknown	Premalignant	Diimidoester	TRIzol	CyCIF	barba_crescit_caput_nescit	nascentes_morimur_finisque_ab_origine_pendet	Water	scientia,_aere_perennius	labor_ipse_voluptas
NonDICOMpathologyImages	GC-IMAGE-461556	GC-NonDICOMpathologyImages-525460	Shave biopsy	Premalignant	OCT media	Cytospin Slide	CODEX	Macte_animo_Generose_puer_sic_itur_ad_astra	sapiens_qui_prospicit	Oil	sapiens_qui_prospicit	nanos_gigantum_humeris_insidentes
NonDICOMpathologyImages	GC-IMAGE-835591	GC-NonDICOMpathologyImages-157662	Autopsy	Tumor post-adjuvant therapy	Other	Cryopreserved	MERFISH	imperium_in_imperio	Gallia_est_omnis_divisa_in_partes_tres	Other	saltus_in_demonstrando	labor_ipse_voluptas
NonDICOMpathologyImages	GC-IMAGE-872287	GC-NonDICOMpathologyImages-667604	Shave biopsy	Metastatic	Alcohol	Not Reported	ExSeq	scientia_et_labor	Gallia_est_omnis_divisa_in_partes_tres	Air	a_bene_placito	pace_tua
NonDICOMpathologyImages	GC-IMAGE-220174	GC-NonDICOMpathologyImages-698457	Excisional Biopsy	Xenograft	Not applicable	Cryopreserved	GeoMX-DSP	saltus_in_demonstrando	e_causa_ignota	Other	Macte_animo_Generose_puer_sic_itur_ad_astra	id_quod_plerumque_accidit
NonDICOMpathologyImages	GC-IMAGE-727530	GC-NonDICOMpathologyImages-781326	Excisional Biopsy	Tumor specimen from de novo untreated malignancy of the bladder	Diimidoester	Not Applicable	IHC	Gallia_est_omnis_divisa_in_partes_tres	sapiens_qui_prospicit	Air	nanos_gigantum_humeris_insidentes	pace_tua
NonDICOMpathologyImages	GC-IMAGE-999832	GC-NonDICOMpathologyImages-322874	Forceps Biopsy	Premalignant - in situ	Formalin	Fresh Dissociated and Single Cell Sorted	H&E	Gallia_est_omnis_divisa_in_partes_tres	Obedientia_civium_urbis_felicitas	Glycerol	faber_est_suae_quisque_fortunae	O_Tite_tute_Tati_tibi_tanta_tyranne_tulisti
NonDICOMpathologyImages	GC-IMAGE-441668	GC-NonDICOMpathologyImages-844771	Pancreaticoduodenectomy	Not reported	CryoStor	Formalin Fixed Tissue	Not Applicable	imperium_in_imperio	O_Tite_tute_Tati_tibi_tanta_tyranne_tulisti	Multi	a_bene_placito	nascentes_morimur_finisque_ab_origine_pendet
NonDICOMpathologyImages	GC-IMAGE-619595	GC-NonDICOMpathologyImages-417664	Biopsy	NOS	Poloxamer	Not Applicable	IMC	Macte_animo_Generose_puer_sic_itur_ad_astra	damnant_quod_non_intellegunt	Oil	scientia,_aere_perennius	labor_ipse_voluptas
NonDICOMpathologyImages	GC-IMAGE-119098	GC-NonDICOMpathologyImages-764227	Excisional Biopsy	Not applicable	RNAlater	Cytospin Slide	IHC	nascentes_morimur_finisque_ab_origine_pendet	scientiae_cedit_mare	Glycerol	Macte_animo_Generose_puer_sic_itur_ad_astra	faber_est_suae_quisque_fortunae
NonDICOMpathologyImages	GC-IMAGE-700439	GC-NonDICOMpathologyImages-645557	Core needle biopsy	Atypia or hyperplasia	Saline	Frozen	MERFISH	barba_crescit_caput_nescit	O_Tite_tute_Tati_tibi_tanta_tyranne_tulisti	Oil	scientia_et_sapientia	sapiens_qui_prospicit
NonDICOMpathologyImages	GC-IMAGE-967750	GC-NonDICOMpathologyImages-557579	Punch biopsy	Primary	Not applicable	OCT	mIHC	nascentes_morimur_finisque_ab_origine_pendet	a_bene_placito	Oil	imperium_in_imperio	pace_tua
NonDICOMpathologyImages	GC-IMAGE-375398	GC-NonDICOMpathologyImages-938320	Unknown	Local recurrence	Other	Formalin Fixed - Buffered	IHC	scientiae_et_patriae	pace_tua	Water	nascentes_morimur_finisque_ab_origine_pendet	nascentes_morimur_finisque_ab_origine_pendet
NonDICOMpathologyImages	GC-IMAGE-832860	GC-NonDICOMpathologyImages-213724	Incisional Biopsy	Tissue	RNAlater	-20 degrees C	SABER	e_causa_ignota	saltus_in_demonstrando	Other	scientia_et_labor	imperium_in_imperio
NonDICOMpathologyImages	GC-IMAGE-302734	GC-NonDICOMpathologyImages-719394	Fine needle aspirate	Local recurrence	Not applicable	Liquid Nitrogen	H&E	haec_olim_meminisse_iuvabit	sapiens_qui_prospicit	Other	scientia,_aere_perennius	Macte_animo_Generose_puer_sic_itur_ad_astra
NonDICOMpathologyImages	GC-IMAGE-656269	GC-NonDICOMpathologyImages-645708	Not applicable	Additional Primary	Glutaraldehyde	Not Reported	Not Applicable	e_causa_ignota	O_Tite_tute_Tati_tibi_tanta_tyranne_tulisti	Air	saltus_in_demonstrando	a_bene_placito
NonDICOMpathologyImages	GC-IMAGE-881390	GC-NonDICOMpathologyImages-210417	Incisional Biopsy	Tumor post-neoadjuvant therapy	CryoStor	OCT	mIHC	nanos_gigantum_humeris_insidentes	nascentes_morimur_finisque_ab_origine_pendet	Glycerol	a_bene_placito	scientiae_et_patriae
NonDICOMpathologyImages	GC-IMAGE-159189	GC-NonDICOMpathologyImages-223804	Re-excision	Local recurrence	Not recorded	Not Reported	mIHC	scientia,_aere_perennius	barba_crescit_caput_nescit	Water	faber_est_suae_quisque_fortunae	nascentes_morimur_finisque_ab_origine_pendet
NonDICOMpathologyImages	GC-IMAGE-748948	GC-NonDICOMpathologyImages-588191	Incisional Biopsy	Premalignant - in situ	Acetone	Formalin Fixed Tissue	SABER	damnant_quod_non_intellegunt	faber_est_suae_quisque_fortunae	Other	nanos_gigantum_humeris_insidentes	a_bene_placito
NonDICOMpathologyImages	GC-IMAGE-504266	GC-NonDICOMpathologyImages-178603	Biopsy	Tissue	NP40 Lysis Buffer	Snap Frozen	Not Applicable	nanos_gigantum_humeris_insidentes	damnant_quod_non_intellegunt	Other	sapiens_qui_prospicit	cacatum_non_est_pictum
NonDICOMpathologyImages	GC-IMAGE-896757	GC-NonDICOMpathologyImages-988295	Surgical Resection	Metastatic	Glutaraldehyde	Formalin Fixed - Unbuffered	IHC	a_bene_placito	haec_olim_meminisse_iuvabit	Oil	id_quod_plerumque_accidit	cacatum_non_est_pictum
NonDICOMpathologyImages	GC-IMAGE-550645	GC-NonDICOMpathologyImages-568973	Other	Normal distant	95% Ethanol	Snap Frozen	GeoMX-DSP	e_causa_ignota	Macte_animo_Generose_puer_sic_itur_ad_astra	Multi	Macte_animo_Generose_puer_sic_itur_ad_astra	nanos_gigantum_humeris_insidentes
NonDICOMpathologyImages	GC-IMAGE-289449	GC-NonDICOMpathologyImages-537429	Unknown	Xenograft	Unknown	Fresh Dissociated	MIBI	Gallia_est_omnis_divisa_in_partes_tres	barba_crescit_caput_nescit	Water	nascentes_morimur_finisque_ab_origine_pendet	damnant_quod_non_intellegunt
NonDICOMpathologyImages	GC-IMAGE-669340	GC-NonDICOMpathologyImages-585962	Not applicable	Normal	95% Ethanol	Formalin Fixed Tissue	SABER	Gallia_est_omnis_divisa_in_partes_tres	a_bene_placito	Air	sapiens_qui_prospicit	cacatum_non_est_pictum
NonDICOMpathologyImages	GC-IMAGE-299964	GC-NonDICOMpathologyImages-425981	Not applicable	NOS	Diimidoester	Cryopreserved	CyCIF	scientia_et_sapientia	nanos_gigantum_humeris_insidentes	Glycerol	scientia,_aere_perennius	Macte_animo_Generose_puer_sic_itur_ad_astra
NonDICOMpathologyImages	GC-IMAGE-483799	GC-NonDICOMpathologyImages-876038	Unknown	Not reported	Carbodiimide	OCT	Not Applicable	damnant_quod_non_intellegunt	scientia_et_sapientia	Oil	saltus_in_demonstrando	Obedientia_civium_urbis_felicitas
NonDICOMpathologyImages	GC-IMAGE-510616	GC-NonDICOMpathologyImages-420214	Sentinel node biopsy	Not reported	Other	Cryopreserved	MERFISH	cacatum_non_est_pictum	scientia_et_sapientia	Air	a_bene_placito	sapiens_qui_prospicit
NonDICOMpathologyImages	GC-IMAGE-470303	GC-NonDICOMpathologyImages-940069	Re-excision	Metastatic	TCL Lysis Buffer	Fresh	SABER	scientiae_cedit_mare	nanos_gigantum_humeris_insidentes	Air	labor_ipse_voluptas	nascentes_morimur_finisque_ab_origine_pendet
NonDICOMpathologyImages	GC-IMAGE-744547	GC-NonDICOMpathologyImages-780727	Forceps Biopsy	Atypia or hyperplasia	Not applicable	Isopentane	mIHC	sapiens_qui_prospicit	scientia_et_sapientia	Air	nascentes_morimur_finisque_ab_origine_pendet	imperium_in_imperio
NonDICOMpathologyImages	GC-IMAGE-795097	GC-NonDICOMpathologyImages-114051	Re-excision	Atypia or hyperplasia	Poloxamer	Cryopreserved	MERFISH	scientia_et_sapientia	salus_in_arduis	Air	barba_crescit_caput_nescit	scientiae_cedit_mare
NonDICOMpathologyImages	GC-IMAGE-808799	GC-NonDICOMpathologyImages-768780	Incisional Biopsy	Tumor post-adjuvant therapy	Methacarn	Fresh Dissociated	SABER	labor_ipse_voluptas	scientia_imperii_decus_et_tutamen	Water	scientia,_aere_perennius	cacatum_non_est_pictum
NonDICOMpathologyImages	GC-IMAGE-573348	GC-NonDICOMpathologyImages-871952	Punch biopsy	Premalignant	Formalin	-20 degrees C	GeoMX-DSP	salus_in_arduis	scientiae_et_patriae	Glycerol	labor_ipse_voluptas	scientia_et_labor
NonDICOMpathologyImages	GC-IMAGE-941956	GC-NonDICOMpathologyImages-718098	Forceps Biopsy	Not applicable	CryoStor	Cryopreserved	IHC	haec_olim_meminisse_iuvabit	barba_crescit_caput_nescit	Air	labor_ipse_voluptas	scientia,_aere_perennius
NonDICOMpathologyImages	GC-IMAGE-351629	GC-NonDICOMpathologyImages-175706	Fine needle aspirate	Tumor post-adjuvant therapy	Formalin	Fresh	MIBI	a_bene_placito	faber_est_suae_quisque_fortunae	Multi	saltus_in_demonstrando	labor_ipse_voluptas
NonDICOMpathologyImages	GC-IMAGE-291087	GC-NonDICOMpathologyImages-510244	Not specified	Metastatic	Unknown	Cryopreserved	H&E	imperium_in_imperio	sapiens_qui_prospicit	Multi	faber_est_suae_quisque_fortunae	nascentes_morimur_finisque_ab_origine_pendet
NonDICOMpathologyImages	GC-IMAGE-485997	GC-NonDICOMpathologyImages-619693	Unknown	Tissue	Other	Fresh	H&E	scientiae_cedit_mare	cacatum_non_est_pictum	Other	cacatum_non_est_pictum	scientia_imperii_decus_et_tutamen
NonDICOMpathologyImages	GC-IMAGE-519963	GC-NonDICOMpathologyImages-703901	Not reported	Additional Primary	Glutaraldehyde	OCT	H&E	scientiae_cedit_mare	imperium_in_imperio	Other	Obedientia_civium_urbis_felicitas	Gallia_est_omnis_divisa_in_partes_tres
NonDICOMpathologyImages	GC-IMAGE-216616	GC-NonDICOMpathologyImages-750260	Blood draw	Tissue	CryoStor	TRIzol	GeoMX-DSP	haec_olim_meminisse_iuvabit	saltus_in_demonstrando	Air	e_causa_ignota	haec_olim_meminisse_iuvabit
NonDICOMpathologyImages	GC-IMAGE-742213	GC-NonDICOMpathologyImages-150997	Excisional Biopsy	Atypia or hyperplasia	Para-benzoquinone	Formalin Fixed Tissue	IHC	id_quod_plerumque_accidit	scientia_et_sapientia	Glycerol	saltus_in_demonstrando	e_causa_ignota
NonDICOMpathologyImages	GC-IMAGE-947729	GC-NonDICOMpathologyImages-782848	Incisional Biopsy	Tumor post-therapy	OCT media	EDTA	CODEX	nanos_gigantum_humeris_insidentes	salus_in_arduis	Multi	O_Tite_tute_Tati_tibi_tanta_tyranne_tulisti	scientiae_cedit_mare
NonDICOMpathologyImages	GC-IMAGE-647918	GC-NonDICOMpathologyImages-506721	Not reported	Normal distant	NP40 Lysis Buffer	Fresh Dissociated	GeoMX-DSP	labor_ipse_voluptas	scientia_imperii_decus_et_tutamen	Air	salus_in_arduis	id_quod_plerumque_accidit
NonDICOMpathologyImages	GC-IMAGE-643876	GC-NonDICOMpathologyImages-127200	Other	Premalignant	Dimethylacetamide	-20 degrees C	IHC	scientia_et_sapientia	nascentes_morimur_finisque_ab_origine_pendet	Oil	scientiae_et_patriae	scientia_et_labor
NonDICOMpathologyImages	GC-IMAGE-650748	GC-NonDICOMpathologyImages-471050	Unknown	Normal adjacent	Methacarn	Cryopreserved	mIHC	Gallia_est_omnis_divisa_in_partes_tres	scientia_et_sapientia	Glycerol	Gallia_est_omnis_divisa_in_partes_tres	id_quod_plerumque_accidit
NonDICOMpathologyImages	GC-IMAGE-530557	GC-NonDICOMpathologyImages-162425	Pancreaticoduodenectomy	Tissue	95% Ethanol	Fresh Dissociated	H&E	pace_tua	Obedientia_civium_urbis_felicitas	Oil	a_bene_placito	saltus_in_demonstrando
NonDICOMpathologyImages	GC-IMAGE-586183	GC-NonDICOMpathologyImages-937379	Core needle biopsy	Primary	Not applicable	Liquid Nitrogen	IMC	nascentes_morimur_finisque_ab_origine_pendet	haec_olim_meminisse_iuvabit	Other	haec_olim_meminisse_iuvabit	nanos_gigantum_humeris_insidentes
NonDICOMpathologyImages	GC-IMAGE-309727	GC-NonDICOMpathologyImages-798079	Not specified	Premalignant	Alcohol	Fresh Dissociated	mIHC	id_quod_plerumque_accidit	O_Tite_tute_Tati_tibi_tanta_tyranne_tulisti	Glycerol	sapiens_qui_prospicit	e_causa_ignota
NonDICOMpathologyImages	GC-IMAGE-662359	GC-NonDICOMpathologyImages-387380	Not reported	Recurrent	Para-benzoquinone	TRIzol	t-CyCIF	scientia_et_labor	e_causa_ignota	Glycerol	pace_tua	Obedientia_civium_urbis_felicitas
NonDICOMpathologyImages	GC-IMAGE-392212	GC-NonDICOMpathologyImages-499968	Biopsy	Primary	RNAlater	Not Reported	MERFISH	nascentes_morimur_finisque_ab_origine_pendet	faber_est_suae_quisque_fortunae	Multi	salus_in_arduis	scientia_et_labor
NonDICOMpathologyImages	GC-IMAGE-761144	GC-NonDICOMpathologyImages-770533	Core needle biopsy	Tumor post-adjuvant therapy	NP40 Lysis Buffer	Fresh Dissociated and Single Cell Sorted	IMC	id_quod_plerumque_accidit	saltus_in_demonstrando	Water	a_bene_placito	pace_tua
NonDICOMpathologyImages	GC-IMAGE-953587	GC-NonDICOMpathologyImages-995854	Not reported	Tumor post-adjuvant therapy	Diimidoester	Cryopreserved	ExSeq	faber_est_suae_quisque_fortunae	scientia,_aere_perennius	Other	cacatum_non_est_pictum	sapiens_qui_prospicit
NonDICOMpathologyImages	GC-IMAGE-552304	GC-NonDICOMpathologyImages-699178	Shave biopsy	Normal adjacent	Carbodiimide	EDTA	MERFISH	pace_tua	saltus_in_demonstrando	Other	Macte_animo_Generose_puer_sic_itur_ad_astra	scientia,_aere_perennius
NonDICOMpathologyImages	GC-IMAGE-469004	GC-NonDICOMpathologyImages-436883	Not reported	Normal distant	Formalin	Snap Frozen	MxIF	pace_tua	barba_crescit_caput_nescit	Multi	barba_crescit_caput_nescit	imperium_in_imperio
NonDICOMpathologyImages	GC-IMAGE-595347	GC-NonDICOMpathologyImages-104643	Core needle biopsy	Primary	Poloxamer	Formalin Fixed Tissue	ExSeq	damnant_quod_non_intellegunt	barba_crescit_caput_nescit	Oil	nascentes_morimur_finisque_ab_origine_pendet	damnant_quod_non_intellegunt
NonDICOMpathologyImages	GC-IMAGE-829028	GC-NonDICOMpathologyImages-382968	Incisional Biopsy	Local recurrence	NP40 Lysis Buffer	Fresh	H&E	Obedientia_civium_urbis_felicitas	sapiens_qui_prospicit	Water	imperium_in_imperio	scientia_et_labor
NonDICOMpathologyImages	GC-IMAGE-458348	GC-NonDICOMpathologyImages-720100	Re-excision	Local recurrence	Unknown	TRIzol	ExSeq	salus_in_arduis	haec_olim_meminisse_iuvabit	Air	nascentes_morimur_finisque_ab_origine_pendet	id_quod_plerumque_accidit
NonDICOMpathologyImages	GC-IMAGE-676863	GC-NonDICOMpathologyImages-542765	Other	Normal distant	OCT media	Fresh	ExSeq	sapiens_qui_prospicit	Macte_animo_Generose_puer_sic_itur_ad_astra	Air	scientia_imperii_decus_et_tutamen	damnant_quod_non_intellegunt
NonDICOMpathologyImages	GC-IMAGE-935028	GC-NonDICOMpathologyImages-704038	Pancreaticoduodenectomy	Tumor specimen from de novo untreated malignancy of the bladder	Not recorded	Cytospin Slide	IMC	Macte_animo_Generose_puer_sic_itur_ad_astra	imperium_in_imperio	Oil	scientiae_cedit_mare	Macte_animo_Generose_puer_sic_itur_ad_astra
NonDICOMpathologyImages	GC-IMAGE-177054	GC-NonDICOMpathologyImages-118381	Lymphadenectomy (regional nodes)	Tissue	Glutaraldehyde	Formalin Fixed - Unbuffered	MERFISH	sapiens_qui_prospicit	id_quod_plerumque_accidit	Multi	labor_ipse_voluptas	scientia_et_sapientia
NonDICOMpathologyImages	GC-IMAGE-972058	GC-NonDICOMpathologyImages-216213	Pancreaticoduodenectomy	Local recurrence	95% Ethanol	Fresh Dissociated and Single Cell Sorted	MxIF	scientia_et_labor	Obedientia_civium_urbis_felicitas	Water	scientia_et_labor	scientia,_aere_perennius
NonDICOMpathologyImages	GC-IMAGE-534892	GC-NonDICOMpathologyImages-246426	Shave biopsy	Atypia or hyperplasia	Formalin	Snap Frozen	MIBI	Macte_animo_Generose_puer_sic_itur_ad_astra	id_quod_plerumque_accidit	Water	id_quod_plerumque_accidit	id_quod_plerumque_accidit
NonDICOMpathologyImages	GC-IMAGE-695086	GC-NonDICOMpathologyImages-695846	Blood draw	Tumor post-adjuvant therapy	95% Ethanol	Not Applicable	IMC	pace_tua	nanos_gigantum_humeris_insidentes	Multi	a_bene_placito	a_bene_placito
NonDICOMpathologyImages	GC-IMAGE-571575	GC-NonDICOMpathologyImages-977510	Autopsy	Xenograft	Poloxamer	Fresh	ExSeq	scientia_et_sapientia	imperium_in_imperio	Water	imperium_in_imperio	scientiae_cedit_mare
NonDICOMpathologyImages	GC-IMAGE-956927	GC-NonDICOMpathologyImages-794947	Blood draw	Recurrent	Carnoy's Solution	Liquid Nitrogen	GeoMX-DSP	faber_est_suae_quisque_fortunae	cacatum_non_est_pictum	Other	a_bene_placito	Obedientia_civium_urbis_felicitas
NonDICOMpathologyImages	GC-IMAGE-137491	GC-NonDICOMpathologyImages-275240	Sentinel node biopsy	Unknown	PAXgene Tissue	Not Applicable	CODEX	salus_in_arduis	faber_est_suae_quisque_fortunae	Air	damnant_quod_non_intellegunt	faber_est_suae_quisque_fortunae
NonDICOMpathologyImages	GC-IMAGE-279207	GC-NonDICOMpathologyImages-372287	Pancreaticoduodenectomy	Not reported	CryoStor	Isopentane	CODEX	haec_olim_meminisse_iuvabit	pace_tua	Multi	scientiae_et_patriae	id_quod_plerumque_accidit
NonDICOMpathologyImages	GC-IMAGE-291892	GC-NonDICOMpathologyImages-517185	Autopsy	Tumor specimen from de novo untreated malignancy of the bladder	Methacarn	RNALater	MxIF	scientia_et_labor	scientiae_et_patriae	Oil	scientia_et_sapientia	O_Tite_tute_Tati_tibi_tanta_tyranne_tulisti
NonDICOMpathologyImages	GC-IMAGE-366961	GC-NonDICOMpathologyImages-607002	Unknown	Tumor post-therapy	Poloxamer	Unknown	GeoMX-DSP	id_quod_plerumque_accidit	O_Tite_tute_Tati_tibi_tanta_tyranne_tulisti	Air	haec_olim_meminisse_iuvabit	imperium_in_imperio
NonDICOMpathologyImages	GC-IMAGE-151467	GC-NonDICOMpathologyImages-610427	Sentinel node biopsy	Normal adjacent	CryoStor	Fresh Dissociated and Single Cell Sorted	t-CyCIF	scientiae_et_patriae	haec_olim_meminisse_iuvabit	Glycerol	Gallia_est_omnis_divisa_in_partes_tres	saltus_in_demonstrando
NonDICOMpathologyImages	GC-IMAGE-903375	GC-NonDICOMpathologyImages-422974	Fine needle aspirate	Unknown	Para-benzoquinone	-20 degrees C	MERFISH	nascentes_morimur_finisque_ab_origine_pendet	saltus_in_demonstrando	Multi	Obedientia_civium_urbis_felicitas	cacatum_non_est_pictum
NonDICOMpathologyImages	GC-IMAGE-863020	GC-NonDICOMpathologyImages-113185	Biopsy	Local recurrence	Unknown	Fresh Dissociated and Single Cell Sorted	MERFISH	haec_olim_meminisse_iuvabit	damnant_quod_non_intellegunt	Multi	e_causa_ignota	scientiae_et_patriae
NonDICOMpathologyImages	GC-IMAGE-902332	GC-NonDICOMpathologyImages-681250	Other	Tumor post-adjuvant therapy	Formalin	-80 degrees C	MxIF	scientia_imperii_decus_et_tutamen	id_quod_plerumque_accidit	Water	scientia,_aere_perennius	salus_in_arduis
NonDICOMpathologyImages	GC-IMAGE-426806	GC-NonDICOMpathologyImages-345013	Forceps Biopsy	NOS	PAXgene Tissue	Cytospin Slide	ExSeq	Macte_animo_Generose_puer_sic_itur_ad_astra	faber_est_suae_quisque_fortunae	Glycerol	scientia,_aere_perennius	sapiens_qui_prospicit
NonDICOMpathologyImages	GC-IMAGE-815491	GC-NonDICOMpathologyImages-216785	Biopsy	Metastatic	Formalin	-20 degrees C	t-CyCIF	scientia_imperii_decus_et_tutamen	Obedientia_civium_urbis_felicitas	Glycerol	nanos_gigantum_humeris_insidentes	scientiae_cedit_mare
NonDICOMpathologyImages	GC-IMAGE-799182	GC-NonDICOMpathologyImages-101281	Core needle biopsy	Tumor post-adjuvant therapy	Acetone	Formalin Fixed - Unbuffered	H&E	cacatum_non_est_pictum	scientiae_cedit_mare	Oil	damnant_quod_non_intellegunt	saltus_in_demonstrando
NonDICOMpathologyImages	GC-IMAGE-239864	GC-NonDICOMpathologyImages-169204	Pancreaticoduodenectomy	Primary	CryoStor	Not Reported	MIBI	scientia_et_labor	scientia,_aere_perennius	Water	scientiae_et_patriae	id_quod_plerumque_accidit
NonDICOMpathologyImages	GC-IMAGE-568529	GC-NonDICOMpathologyImages-112026	Not specified	Tumor post-therapy	PAXgene Tissue	Isopentane	H&E	O_Tite_tute_Tati_tibi_tanta_tyranne_tulisti	scientia_et_labor	Oil	Macte_animo_Generose_puer_sic_itur_ad_astra	faber_est_suae_quisque_fortunae
NonDICOMpathologyImages	GC-IMAGE-915795	GC-NonDICOMpathologyImages-392943	Core needle biopsy	Xenograft	Para-benzoquinone	Not Reported	MxIF	saltus_in_demonstrando	scientia_et_sapientia	Other	salus_in_arduis	nascentes_morimur_finisque_ab_origine_pendet
NonDICOMpathologyImages	GC-IMAGE-311641	GC-NonDICOMpathologyImages-540846	Other	Metastatic	TCL Lysis Buffer	Not Reported	GeoMX-DSP	scientia_et_labor	sapiens_qui_prospicit	Air	salus_in_arduis	id_quod_plerumque_accidit
NonDICOMpathologyImages	GC-IMAGE-553011	GC-NonDICOMpathologyImages-820583	Re-excision	Premalignant	Acetone	Fresh	mIHC	id_quod_plerumque_accidit	cacatum_non_est_pictum	Glycerol	scientia,_aere_perennius	salus_in_arduis
NonDICOMpathologyImages	GC-IMAGE-838601	GC-NonDICOMpathologyImages-145305	Shave biopsy	Tumor post-therapy	CryoStor	Frozen	MERFISH	Macte_animo_Generose_puer_sic_itur_ad_astra	damnant_quod_non_intellegunt	Other	nascentes_morimur_finisque_ab_origine_pendet	sapiens_qui_prospicit
NonDICOMpathologyImages	GC-IMAGE-656706	GC-NonDICOMpathologyImages-269459	Re-excision	Primary	Acetone	Fresh Dissociated and Single Cell Sorted into Plates	Not Applicable	scientia_et_labor	sapiens_qui_prospicit	Glycerol	a_bene_placito	nascentes_morimur_finisque_ab_origine_pendet
NonDICOMpathologyImages	GC-IMAGE-250959	GC-NonDICOMpathologyImages-263902	Not reported	Tumor post-therapy	Poloxamer	Fresh Dissociated	Not Applicable	scientia_et_labor	haec_olim_meminisse_iuvabit	Multi	pace_tua	faber_est_suae_quisque_fortunae
NonDICOMpathologyImages	GC-IMAGE-988476	GC-NonDICOMpathologyImages-712396	Not reported	Tumor specimen from de novo untreated malignancy of the bladder	95% Ethanol	Fresh Dissociated and Single Cell Sorted	MERFISH	O_Tite_tute_Tati_tibi_tanta_tyranne_tulisti	sapiens_qui_prospicit	Water	Gallia_est_omnis_divisa_in_partes_tres	salus_in_arduis
NonDICOMpathologyImages	GC-IMAGE-694800	GC-NonDICOMpathologyImages-414195	Blood draw	Tumor post-neoadjuvant therapy	Poloxamer	-20 degrees C	CyCIF	scientia_imperii_decus_et_tutamen	saltus_in_demonstrando	Water	sapiens_qui_prospicit	scientiae_et_patriae
NonDICOMpathologyImages	GC-IMAGE-265680	GC-NonDICOMpathologyImages-198303	Not specified	Not reported	OCT media	Cryopreserved	MERFISH	saltus_in_demonstrando	labor_ipse_voluptas	Air	sapiens_qui_prospicit	scientiae_cedit_mare
NonDICOMpathologyImages	GC-IMAGE-633676	GC-NonDICOMpathologyImages-277215	Incisional Biopsy	Normal adjacent	Poloxamer	-80 degrees C	Not Applicable	Gallia_est_omnis_divisa_in_partes_tres	e_causa_ignota	Air	scientia_et_sapientia	nanos_gigantum_humeris_insidentes
NonDICOMpathologyImages	GC-IMAGE-200200	GC-NonDICOMpathologyImages-890284	Biopsy	Primary	Carnoy's Solution	-20 degrees C	MxIF	saltus_in_demonstrando	scientia_et_labor	Water	Obedientia_civium_urbis_felicitas	scientia_et_labor
NonDICOMpathologyImages	GC-IMAGE-964245	GC-NonDICOMpathologyImages-335486	Fine needle aspirate	Normal adjacent	Carbodiimide	Fresh Dissociated and Single Cell Sorted	IMC	nascentes_morimur_finisque_ab_origine_pendet	scientia_et_sapientia	Other	haec_olim_meminisse_iuvabit	scientia_et_sapientia
NonDICOMpathologyImages	GC-IMAGE-780594	GC-NonDICOMpathologyImages-623265	Shave biopsy	Xenograft	None	Snap Frozen	t-CyCIF	sapiens_qui_prospicit	nanos_gigantum_humeris_insidentes	Multi	Gallia_est_omnis_divisa_in_partes_tres	sapiens_qui_prospicit
NonDICOMpathologyImages	GC-IMAGE-452752	GC-NonDICOMpathologyImages-128906	Other	Additional Primary	Saline	FFPE	SABER	a_bene_placito	damnant_quod_non_intellegunt	Multi	haec_olim_meminisse_iuvabit	O_Tite_tute_Tati_tibi_tanta_tyranne_tulisti
NonDICOMpathologyImages	GC-IMAGE-473031	GC-NonDICOMpathologyImages-374548	Re-excision	Premalignant - in situ	Not applicable	OCT	MERFISH	scientiae_et_patriae	damnant_quod_non_intellegunt	Oil	id_quod_plerumque_accidit	haec_olim_meminisse_iuvabit
NonDICOMpathologyImages	GC-IMAGE-825299	GC-NonDICOMpathologyImages-675309	Biopsy	Not applicable	95% Ethanol	Frozen	ExSeq	sapiens_qui_prospicit	salus_in_arduis	Other	scientia_et_sapientia	nascentes_morimur_finisque_ab_origine_pendet
NonDICOMpathologyImages	GC-IMAGE-475094	GC-NonDICOMpathologyImages-214690	Fine needle aspirate	Premalignant	Diimidoester	Liquid Nitrogen	CODEX	a_bene_placito	Obedientia_civium_urbis_felicitas	Oil	scientia_et_sapientia	a_bene_placito
NonDICOMpathologyImages	GC-IMAGE-992753	GC-NonDICOMpathologyImages-825067	Incisional Biopsy	Tumor post-adjuvant therapy	Acetone	Unknown	Not Applicable	salus_in_arduis	scientiae_et_patriae	Other	Gallia_est_omnis_divisa_in_partes_tres	scientia_et_labor
NonDICOMpathologyImages	GC-IMAGE-534895	GC-NonDICOMpathologyImages-681312	Re-excision	Primary	Formalin	Isopentane	t-CyCIF	saltus_in_demonstrando	damnant_quod_non_intellegunt	Other	sapiens_qui_prospicit	Gallia_est_omnis_divisa_in_partes_tres
NonDICOMpathologyImages	GC-IMAGE-235158	GC-NonDICOMpathologyImages-360821	Blood draw	Tumor post-therapy	PAXgene Tissue	Formalin Fixed - Unbuffered	Not Applicable	labor_ipse_voluptas	Gallia_est_omnis_divisa_in_partes_tres	Other	Macte_animo_Generose_puer_sic_itur_ad_astra	a_bene_placito
NonDICOMpathologyImages	GC-IMAGE-856905	GC-NonDICOMpathologyImages-406333	Other	Unknown	Formalin	Fresh Dissociated and Single Cell Sorted into Plates	MERFISH	imperium_in_imperio	scientia,_aere_perennius	Oil	scientia_et_labor	Macte_animo_Generose_puer_sic_itur_ad_astra
NonDICOMpathologyImages	GC-IMAGE-836092	GC-NonDICOMpathologyImages-250005	Not applicable	Not reported	Diimidoester	TRIzol	mIHC	imperium_in_imperio	scientia_et_sapientia	Water	scientiae_cedit_mare	faber_est_suae_quisque_fortunae
NonDICOMpathologyImages	GC-IMAGE-635790	GC-NonDICOMpathologyImages-129044	Unknown	Atypia or hyperplasia	Poloxamer	RNALater	MIBI	imperium_in_imperio	scientia_et_labor	Air	nanos_gigantum_humeris_insidentes	scientia,_aere_perennius
NonDICOMpathologyImages	GC-IMAGE-586891	GC-NonDICOMpathologyImages-938585	Biopsy	Not reported	Carbodiimide	Fresh	CODEX	scientia_et_sapientia	scientia_et_sapientia	Glycerol	saltus_in_demonstrando	nascentes_morimur_finisque_ab_origine_pendet
NonDICOMpathologyImages	GC-IMAGE-702184	GC-NonDICOMpathologyImages-555634	Forceps Biopsy	NOS	Acetone	OCT	MxIF	scientia,_aere_perennius	Gallia_est_omnis_divisa_in_partes_tres	Water	barba_crescit_caput_nescit	Obedientia_civium_urbis_felicitas
NonDICOMpathologyImages	GC-IMAGE-462781	GC-NonDICOMpathologyImages-227487	Forceps Biopsy	Not reported	Diimidoester	Fresh Dissociated and Single Cell Sorted	IMC	scientia,_aere_perennius	O_Tite_tute_Tati_tibi_tanta_tyranne_tulisti	Air	faber_est_suae_quisque_fortunae	salus_in_arduis
NonDICOMpathologyImages	GC-IMAGE-707876	GC-NonDICOMpathologyImages-336409	Not specified	Tumor specimen from de novo untreated malignancy of the bladder	Glutaraldehyde	Snap Frozen	CODEX	Macte_animo_Generose_puer_sic_itur_ad_astra	scientia_et_labor	Other	Gallia_est_omnis_divisa_in_partes_tres	scientiae_cedit_mare
NonDICOMpathologyImages	GC-IMAGE-410546	GC-NonDICOMpathologyImages-244892	Not applicable	Atypia or hyperplasia	PAXgene Tissue	Formalin Fixed - Buffered	t-CyCIF	imperium_in_imperio	Gallia_est_omnis_divisa_in_partes_tres	Glycerol	scientia_et_sapientia	scientiae_et_patriae
NonDICOMpathologyImages	GC-IMAGE-129991	GC-NonDICOMpathologyImages-435203	Punch biopsy	Normal	Poloxamer	Not Applicable	mIHC	scientia,_aere_perennius	nascentes_morimur_finisque_ab_origine_pendet	Water	scientiae_et_patriae	scientia_et_sapientia
NonDICOMpathologyImages	GC-IMAGE-530532	GC-NonDICOMpathologyImages-416201	Excisional Biopsy	Normal	OCT media	TRIzol	SABER	scientia_et_sapientia	scientia_et_sapientia	Oil	Macte_animo_Generose_puer_sic_itur_ad_astra	scientia_et_sapientia
NonDICOMpathologyImages	GC-IMAGE-667754	GC-NonDICOMpathologyImages-222449	Excisional Biopsy	Atypia or hyperplasia	Acetone	Unknown	H&E	scientiae_et_patriae	Obedientia_civium_urbis_felicitas	Oil	O_Tite_tute_Tati_tibi_tanta_tyranne_tulisti	damnant_quod_non_intellegunt
NonDICOMpathologyImages	GC-IMAGE-134045	GC-NonDICOMpathologyImages-181503	Not reported	Not reported	Carbodiimide	Not Applicable	t-CyCIF	barba_crescit_caput_nescit	nascentes_morimur_finisque_ab_origine_pendet	Multi	barba_crescit_caput_nescit	saltus_in_demonstrando
NonDICOMpathologyImages	GC-IMAGE-662973	GC-NonDICOMpathologyImages-176295	Re-excision	Normal distant	Carnoy's Solution	Cryopreserved	ExSeq	scientia_et_sapientia	a_bene_placito	Glycerol	scientia_imperii_decus_et_tutamen	Obedientia_civium_urbis_felicitas
NonDICOMpathologyImages	GC-IMAGE-545420	GC-NonDICOMpathologyImages-353311	Other	Not reported	Para-benzoquinone	-20 degrees C	IHC	scientia,_aere_perennius	Macte_animo_Generose_puer_sic_itur_ad_astra	Water	Macte_animo_Generose_puer_sic_itur_ad_astra	Macte_animo_Generose_puer_sic_itur_ad_astra
NonDICOMpathologyImages	GC-IMAGE-181867	GC-NonDICOMpathologyImages-601083	Surgical Resection	Normal adjacent	Carbodiimide	TRIzol	Not Applicable	barba_crescit_caput_nescit	nanos_gigantum_humeris_insidentes	Other	saltus_in_demonstrando	Macte_animo_Generose_puer_sic_itur_ad_astra
NonDICOMpathologyImages	GC-IMAGE-792662	GC-NonDICOMpathologyImages-319645	Autopsy	Normal distant	Dimethylacetamide	Isopentane	MIBI	Obedientia_civium_urbis_felicitas	saltus_in_demonstrando	Water	scientia,_aere_perennius	sapiens_qui_prospicit
NonDICOMpathologyImages	GC-IMAGE-389398	GC-NonDICOMpathologyImages-861201	Sentinel node biopsy	Normal	Poloxamer	Fresh Dissociated and Single Cell Sorted	mIHC	Macte_animo_Generose_puer_sic_itur_ad_astra	scientiae_et_patriae	Glycerol	Gallia_est_omnis_divisa_in_partes_tres	scientia_et_sapientia
NonDICOMpathologyImages	GC-IMAGE-663093	GC-NonDICOMpathologyImages-494541	Pancreaticoduodenectomy	Normal	None	Isopentane	CyCIF	faber_est_suae_quisque_fortunae	scientia,_aere_perennius	Air	cacatum_non_est_pictum	damnant_quod_non_intellegunt
NonDICOMpathologyImages	GC-IMAGE-532476	GC-NonDICOMpathologyImages-751282	Excisional Biopsy	Metastatic	Saline	Not Applicable	GeoMX-DSP	cacatum_non_est_pictum	barba_crescit_caput_nescit	Oil	cacatum_non_est_pictum	imperium_in_imperio
NonDICOMpathologyImages	GC-IMAGE-895164	GC-NonDICOMpathologyImages-969848	Pancreaticoduodenectomy	Not reported	Methacarn	TRIzol	MxIF	saltus_in_demonstrando	imperium_in_imperio	Glycerol	Macte_animo_Generose_puer_sic_itur_ad_astra	Obedientia_civium_urbis_felicitas
NonDICOMpathologyImages	GC-IMAGE-822461	GC-NonDICOMpathologyImages-520164	Excisional Biopsy	Additional Primary	None	EDTA	ExSeq	pace_tua	pace_tua	Oil	nanos_gigantum_humeris_insidentes	nanos_gigantum_humeris_insidentes
NonDICOMpathologyImages	GC-IMAGE-999631	GC-NonDICOMpathologyImages-591629	Surgical Resection	Premalignant - in situ	TCL Lysis Buffer	Formalin Fixed Tissue	SABER	scientiae_et_patriae	a_bene_placito	Multi	faber_est_suae_quisque_fortunae	scientiae_cedit_mare
NonDICOMpathologyImages	GC-IMAGE-344181	GC-NonDICOMpathologyImages-429209	Biopsy	Unknown	OCT media	Liquid Nitrogen	mIHC	scientia,_aere_perennius	labor_ipse_voluptas	Air	damnant_quod_non_intellegunt	e_causa_ignota
NonDICOMpathologyImages	GC-IMAGE-770419	GC-NonDICOMpathologyImages-384028	Shave biopsy	Tumor post-adjuvant therapy	CryoStor	Cytospin Slide	SABER	a_bene_placito	damnant_quod_non_intellegunt	Air	O_Tite_tute_Tati_tibi_tanta_tyranne_tulisti	e_causa_ignota
NonDICOMpathologyImages	GC-IMAGE-563519	GC-NonDICOMpathologyImages-933671	Forceps Biopsy	NOS	Formalin	Liquid Nitrogen	GeoMX-DSP	scientia,_aere_perennius	Macte_animo_Generose_puer_sic_itur_ad_astra	Water	haec_olim_meminisse_iuvabit	nanos_gigantum_humeris_insidentes
NonDICOMpathologyImages	GC-IMAGE-544673	GC-NonDICOMpathologyImages-486489	Unknown	Metastatic	CryoStor	RNALater	IHC	faber_est_suae_quisque_fortunae	cacatum_non_est_pictum	Other	scientia_et_labor	barba_crescit_caput_nescit
NonDICOMpathologyImages	GC-IMAGE-968121	GC-NonDICOMpathologyImages-555011	Not reported	Primary	Not recorded	Formalin Fixed - Buffered	MxIF	nanos_gigantum_humeris_insidentes	sapiens_qui_prospicit	Air	nanos_gigantum_humeris_insidentes	scientia_et_labor
NonDICOMpathologyImages	GC-IMAGE-553994	GC-NonDICOMpathologyImages-767161	Not specified	Not applicable	Unknown	Fresh	MERFISH	scientia_et_labor	haec_olim_meminisse_iuvabit	Multi	labor_ipse_voluptas	nanos_gigantum_humeris_insidentes
NonDICOMpathologyImages	GC-IMAGE-787561	GC-NonDICOMpathologyImages-604437	Forceps Biopsy	Additional Primary	None	Cryopreserved	MIBI	O_Tite_tute_Tati_tibi_tanta_tyranne_tulisti	scientia_et_labor	Air	pace_tua	scientia_et_sapientia
NonDICOMpathologyImages	GC-IMAGE-870768	GC-NonDICOMpathologyImages-629430	Other	Additional Primary	Poloxamer	Fresh Dissociated	IMC	imperium_in_imperio	cacatum_non_est_pictum	Other	scientiae_cedit_mare	Obedientia_civium_urbis_felicitas
NonDICOMpathologyImages	GC-IMAGE-939584	GC-NonDICOMpathologyImages-168837	Autopsy	Metastatic	95% Ethanol	OCT	SABER	faber_est_suae_quisque_fortunae	scientia_imperii_decus_et_tutamen	Other	cacatum_non_est_pictum	pace_tua
