type	image.study_link_id	NonDICOMPETimages_id	PETImagingAcquisitionProtocolElement_gantryDetectorTilt	Radiopharmaceutical_radionuclideCode	crdc_id
NonDICOMPETimages	GC-IMAGE-819534	GC-NonDICOMPETimages-820334	id_quod_plerumque_accidit	cacatum_non_est_pictum	id_quod_plerumque_accidit
NonDICOMPETimages	GC-IMAGE-748284	GC-NonDICOMPETimages-312192	haec_olim_meminisse_iuvabit	scientia_imperii_decus_et_tutamen	sapiens_qui_prospicit
NonDICOMPETimages	GC-IMAGE-403489	GC-NonDICOMPETimages-741139	haec_olim_meminisse_iuvabit	sapiens_qui_prospicit	nascentes_morimur_finisque_ab_origine_pendet
NonDICOMPETimages	GC-IMAGE-474580	GC-NonDICOMPETimages-444799	scientia_et_labor	Gallia_est_omnis_divisa_in_partes_tres	nanos_gigantum_humeris_insidentes
NonDICOMPETimages	GC-IMAGE-308941	GC-NonDICOMPETimages-841150	imperium_in_imperio	nanos_gigantum_humeris_insidentes	O_Tite_tute_Tati_tibi_tanta_tyranne_tulisti
NonDICOMPETimages	GC-IMAGE-394490	GC-NonDICOMPETimages-210529	a_bene_placito	salus_in_arduis	barba_crescit_caput_nescit
NonDICOMPETimages	GC-IMAGE-859914	GC-NonDICOMPETimages-732951	scientia_et_sapientia	scientia_imperii_decus_et_tutamen	Macte_animo_Generose_puer_sic_itur_ad_astra
NonDICOMPETimages	GC-IMAGE-305974	GC-NonDICOMPETimages-888919	scientiae_cedit_mare	damnant_quod_non_intellegunt	labor_ipse_voluptas
NonDICOMPETimages	GC-IMAGE-317696	GC-NonDICOMPETimages-365162	cacatum_non_est_pictum	scientia_et_sapientia	saltus_in_demonstrando
NonDICOMPETimages	GC-IMAGE-765860	GC-NonDICOMPETimages-534276	O_Tite_tute_Tati_tibi_tanta_tyranne_tulisti	faber_est_suae_quisque_fortunae	faber_est_suae_quisque_fortunae
NonDICOMPETimages	GC-IMAGE-707032	GC-NonDICOMPETimages-763451	labor_ipse_voluptas	pace_tua	nascentes_morimur_finisque_ab_origine_pendet
NonDICOMPETimages	GC-IMAGE-625961	GC-NonDICOMPETimages-892412	id_quod_plerumque_accidit	damnant_quod_non_intellegunt	sapiens_qui_prospicit
NonDICOMPETimages	GC-IMAGE-677433	GC-NonDICOMPETimages-902616	scientia_et_labor	haec_olim_meminisse_iuvabit	nanos_gigantum_humeris_insidentes
NonDICOMPETimages	GC-IMAGE-835781	GC-NonDICOMPETimages-356895	O_Tite_tute_Tati_tibi_tanta_tyranne_tulisti	scientiae_cedit_mare	imperium_in_imperio
NonDICOMPETimages	GC-IMAGE-329224	GC-NonDICOMPETimages-147708	nanos_gigantum_humeris_insidentes	faber_est_suae_quisque_fortunae	scientia,_aere_perennius
NonDICOMPETimages	GC-IMAGE-270314	GC-NonDICOMPETimages-717695	scientiae_cedit_mare	Macte_animo_Generose_puer_sic_itur_ad_astra	faber_est_suae_quisque_fortunae
NonDICOMPETimages	GC-IMAGE-255686	GC-NonDICOMPETimages-833368	salus_in_arduis	sapiens_qui_prospicit	cacatum_non_est_pictum
NonDICOMPETimages	GC-IMAGE-104451	GC-NonDICOMPETimages-254409	damnant_quod_non_intellegunt	sapiens_qui_prospicit	scientiae_cedit_mare
NonDICOMPETimages	GC-IMAGE-603999	GC-NonDICOMPETimages-471016	scientia,_aere_perennius	scientia_imperii_decus_et_tutamen	haec_olim_meminisse_iuvabit
NonDICOMPETimages	GC-IMAGE-702993	GC-NonDICOMPETimages-601747	labor_ipse_voluptas	scientia_imperii_decus_et_tutamen	barba_crescit_caput_nescit
NonDICOMPETimages	GC-IMAGE-823185	GC-NonDICOMPETimages-442559	id_quod_plerumque_accidit	labor_ipse_voluptas	scientia_et_sapientia
NonDICOMPETimages	GC-IMAGE-796133	GC-NonDICOMPETimages-810092	pace_tua	scientia,_aere_perennius	pace_tua
NonDICOMPETimages	GC-IMAGE-287018	GC-NonDICOMPETimages-483119	scientia,_aere_perennius	imperium_in_imperio	haec_olim_meminisse_iuvabit
NonDICOMPETimages	GC-IMAGE-895498	GC-NonDICOMPETimages-554047	scientiae_et_patriae	e_causa_ignota	a_bene_placito
NonDICOMPETimages	GC-IMAGE-636844	GC-NonDICOMPETimages-141960	Gallia_est_omnis_divisa_in_partes_tres	nanos_gigantum_humeris_insidentes	pace_tua
NonDICOMPETimages	GC-IMAGE-536159	GC-NonDICOMPETimages-835982	Macte_animo_Generose_puer_sic_itur_ad_astra	O_Tite_tute_Tati_tibi_tanta_tyranne_tulisti	nascentes_morimur_finisque_ab_origine_pendet
NonDICOMPETimages	GC-IMAGE-422306	GC-NonDICOMPETimages-182604	barba_crescit_caput_nescit	barba_crescit_caput_nescit	Obedientia_civium_urbis_felicitas
NonDICOMPETimages	GC-IMAGE-775002	GC-NonDICOMPETimages-856331	scientia_et_sapientia	e_causa_ignota	sapiens_qui_prospicit
NonDICOMPETimages	GC-IMAGE-659591	GC-NonDICOMPETimages-922721	scientia_et_sapientia	O_Tite_tute_Tati_tibi_tanta_tyranne_tulisti	e_causa_ignota
NonDICOMPETimages	GC-IMAGE-369694	GC-NonDICOMPETimages-818161	Obedientia_civium_urbis_felicitas	Obedientia_civium_urbis_felicitas	O_Tite_tute_Tati_tibi_tanta_tyranne_tulisti
NonDICOMPETimages	GC-IMAGE-395589	GC-NonDICOMPETimages-209077	sapiens_qui_prospicit	scientiae_cedit_mare	Obedientia_civium_urbis_felicitas
NonDICOMPETimages	GC-IMAGE-443656	GC-NonDICOMPETimages-518930	salus_in_arduis	salus_in_arduis	e_causa_ignota
NonDICOMPETimages	GC-IMAGE-817490	GC-NonDICOMPETimages-863829	barba_crescit_caput_nescit	salus_in_arduis	haec_olim_meminisse_iuvabit
NonDICOMPETimages	GC-IMAGE-598712	GC-NonDICOMPETimages-158988	damnant_quod_non_intellegunt	scientia,_aere_perennius	id_quod_plerumque_accidit
NonDICOMPETimages	GC-IMAGE-768492	GC-NonDICOMPETimages-966935	id_quod_plerumque_accidit	sapiens_qui_prospicit	faber_est_suae_quisque_fortunae
NonDICOMPETimages	GC-IMAGE-968585	GC-NonDICOMPETimages-602668	scientia_imperii_decus_et_tutamen	pace_tua	a_bene_placito
NonDICOMPETimages	GC-IMAGE-340560	GC-NonDICOMPETimages-241635	Obedientia_civium_urbis_felicitas	labor_ipse_voluptas	barba_crescit_caput_nescit
NonDICOMPETimages	GC-IMAGE-315898	GC-NonDICOMPETimages-272416	scientiae_et_patriae	scientiae_et_patriae	scientia,_aere_perennius
NonDICOMPETimages	GC-IMAGE-755793	GC-NonDICOMPETimages-256056	pace_tua	scientia_imperii_decus_et_tutamen	haec_olim_meminisse_iuvabit
NonDICOMPETimages	GC-IMAGE-115478	GC-NonDICOMPETimages-889650	scientia,_aere_perennius	scientia_imperii_decus_et_tutamen	labor_ipse_voluptas
NonDICOMPETimages	GC-IMAGE-123408	GC-NonDICOMPETimages-414089	pace_tua	labor_ipse_voluptas	scientia,_aere_perennius
NonDICOMPETimages	GC-IMAGE-479851	GC-NonDICOMPETimages-782629	imperium_in_imperio	scientia_et_labor	scientia_imperii_decus_et_tutamen
NonDICOMPETimages	GC-IMAGE-635802	GC-NonDICOMPETimages-990507	salus_in_arduis	scientia_et_labor	id_quod_plerumque_accidit
NonDICOMPETimages	GC-IMAGE-849992	GC-NonDICOMPETimages-445842	scientia_imperii_decus_et_tutamen	scientia_et_sapientia	imperium_in_imperio
NonDICOMPETimages	GC-IMAGE-273878	GC-NonDICOMPETimages-930084	scientiae_cedit_mare	scientiae_et_patriae	a_bene_placito
NonDICOMPETimages	GC-IMAGE-414583	GC-NonDICOMPETimages-281453	Obedientia_civium_urbis_felicitas	imperium_in_imperio	Gallia_est_omnis_divisa_in_partes_tres
NonDICOMPETimages	GC-IMAGE-451005	GC-NonDICOMPETimages-965662	scientia,_aere_perennius	Gallia_est_omnis_divisa_in_partes_tres	haec_olim_meminisse_iuvabit
NonDICOMPETimages	GC-IMAGE-363843	GC-NonDICOMPETimages-151999	scientiae_et_patriae	scientia_et_labor	sapiens_qui_prospicit
NonDICOMPETimages	GC-IMAGE-210367	GC-NonDICOMPETimages-997133	Macte_animo_Generose_puer_sic_itur_ad_astra	Gallia_est_omnis_divisa_in_partes_tres	haec_olim_meminisse_iuvabit
NonDICOMPETimages	GC-IMAGE-159356	GC-NonDICOMPETimages-859295	saltus_in_demonstrando	haec_olim_meminisse_iuvabit	Gallia_est_omnis_divisa_in_partes_tres
NonDICOMPETimages	GC-IMAGE-579353	GC-NonDICOMPETimages-886418	nascentes_morimur_finisque_ab_origine_pendet	scientia,_aere_perennius	id_quod_plerumque_accidit
NonDICOMPETimages	GC-IMAGE-832904	GC-NonDICOMPETimages-144103	scientia_et_labor	damnant_quod_non_intellegunt	Obedientia_civium_urbis_felicitas
NonDICOMPETimages	GC-IMAGE-303602	GC-NonDICOMPETimages-896879	id_quod_plerumque_accidit	scientia_et_sapientia	scientia_imperii_decus_et_tutamen
NonDICOMPETimages	GC-IMAGE-712111	GC-NonDICOMPETimages-248680	scientia_et_labor	saltus_in_demonstrando	Macte_animo_Generose_puer_sic_itur_ad_astra
NonDICOMPETimages	GC-IMAGE-805561	GC-NonDICOMPETimages-816553	scientia_imperii_decus_et_tutamen	saltus_in_demonstrando	salus_in_arduis
NonDICOMPETimages	GC-IMAGE-964340	GC-NonDICOMPETimages-227775	nascentes_morimur_finisque_ab_origine_pendet	scientiae_et_patriae	scientia_imperii_decus_et_tutamen
NonDICOMPETimages	GC-IMAGE-206623	GC-NonDICOMPETimages-535213	salus_in_arduis	e_causa_ignota	pace_tua
NonDICOMPETimages	GC-IMAGE-502889	GC-NonDICOMPETimages-690030	scientia,_aere_perennius	id_quod_plerumque_accidit	a_bene_placito
NonDICOMPETimages	GC-IMAGE-130043	GC-NonDICOMPETimages-111632	id_quod_plerumque_accidit	scientia_imperii_decus_et_tutamen	salus_in_arduis
NonDICOMPETimages	GC-IMAGE-454341	GC-NonDICOMPETimages-259737	scientia,_aere_perennius	scientia,_aere_perennius	scientia_et_labor
NonDICOMPETimages	GC-IMAGE-454377	GC-NonDICOMPETimages-653189	Macte_animo_Generose_puer_sic_itur_ad_astra	scientia_imperii_decus_et_tutamen	imperium_in_imperio
NonDICOMPETimages	GC-IMAGE-963226	GC-NonDICOMPETimages-652119	Obedientia_civium_urbis_felicitas	haec_olim_meminisse_iuvabit	nanos_gigantum_humeris_insidentes
NonDICOMPETimages	GC-IMAGE-672082	GC-NonDICOMPETimages-317900	cacatum_non_est_pictum	imperium_in_imperio	scientia_imperii_decus_et_tutamen
NonDICOMPETimages	GC-IMAGE-379268	GC-NonDICOMPETimages-794817	nascentes_morimur_finisque_ab_origine_pendet	salus_in_arduis	id_quod_plerumque_accidit
NonDICOMPETimages	GC-IMAGE-730470	GC-NonDICOMPETimages-604435	scientiae_cedit_mare	faber_est_suae_quisque_fortunae	O_Tite_tute_Tati_tibi_tanta_tyranne_tulisti
NonDICOMPETimages	GC-IMAGE-106009	GC-NonDICOMPETimages-829560	cacatum_non_est_pictum	imperium_in_imperio	labor_ipse_voluptas
NonDICOMPETimages	GC-IMAGE-739281	GC-NonDICOMPETimages-772459	Macte_animo_Generose_puer_sic_itur_ad_astra	nascentes_morimur_finisque_ab_origine_pendet	imperium_in_imperio
NonDICOMPETimages	GC-IMAGE-202215	GC-NonDICOMPETimages-957507	damnant_quod_non_intellegunt	Gallia_est_omnis_divisa_in_partes_tres	id_quod_plerumque_accidit
NonDICOMPETimages	GC-IMAGE-169647	GC-NonDICOMPETimages-680565	saltus_in_demonstrando	pace_tua	O_Tite_tute_Tati_tibi_tanta_tyranne_tulisti
NonDICOMPETimages	GC-IMAGE-482229	GC-NonDICOMPETimages-395801	sapiens_qui_prospicit	haec_olim_meminisse_iuvabit	sapiens_qui_prospicit
NonDICOMPETimages	GC-IMAGE-135787	GC-NonDICOMPETimages-664615	sapiens_qui_prospicit	scientiae_et_patriae	barba_crescit_caput_nescit
NonDICOMPETimages	GC-IMAGE-753978	GC-NonDICOMPETimages-250230	sapiens_qui_prospicit	damnant_quod_non_intellegunt	sapiens_qui_prospicit
NonDICOMPETimages	GC-IMAGE-995568	GC-NonDICOMPETimages-305717	nanos_gigantum_humeris_insidentes	barba_crescit_caput_nescit	haec_olim_meminisse_iuvabit
NonDICOMPETimages	GC-IMAGE-440246	GC-NonDICOMPETimages-761327	sapiens_qui_prospicit	imperium_in_imperio	scientia_et_sapientia
NonDICOMPETimages	GC-IMAGE-115139	GC-NonDICOMPETimages-876473	Gallia_est_omnis_divisa_in_partes_tres	Obedientia_civium_urbis_felicitas	haec_olim_meminisse_iuvabit
NonDICOMPETimages	GC-IMAGE-611375	GC-NonDICOMPETimages-351403	scientia_imperii_decus_et_tutamen	scientia_et_sapientia	nanos_gigantum_humeris_insidentes
NonDICOMPETimages	GC-IMAGE-998922	GC-NonDICOMPETimages-229893	damnant_quod_non_intellegunt	id_quod_plerumque_accidit	a_bene_placito
NonDICOMPETimages	GC-IMAGE-472429	GC-NonDICOMPETimages-261596	scientia_et_labor	pace_tua	salus_in_arduis
NonDICOMPETimages	GC-IMAGE-135435	GC-NonDICOMPETimages-617514	faber_est_suae_quisque_fortunae	a_bene_placito	cacatum_non_est_pictum
NonDICOMPETimages	GC-IMAGE-912900	GC-NonDICOMPETimages-326798	scientia_et_sapientia	Obedientia_civium_urbis_felicitas	Macte_animo_Generose_puer_sic_itur_ad_astra
NonDICOMPETimages	GC-IMAGE-412958	GC-NonDICOMPETimages-358432	a_bene_placito	nanos_gigantum_humeris_insidentes	scientia_imperii_decus_et_tutamen
NonDICOMPETimages	GC-IMAGE-822095	GC-NonDICOMPETimages-894921	scientia,_aere_perennius	a_bene_placito	O_Tite_tute_Tati_tibi_tanta_tyranne_tulisti
NonDICOMPETimages	GC-IMAGE-600735	GC-NonDICOMPETimages-381531	id_quod_plerumque_accidit	imperium_in_imperio	Obedientia_civium_urbis_felicitas
NonDICOMPETimages	GC-IMAGE-199558	GC-NonDICOMPETimages-593600	Gallia_est_omnis_divisa_in_partes_tres	barba_crescit_caput_nescit	nascentes_morimur_finisque_ab_origine_pendet
NonDICOMPETimages	GC-IMAGE-320462	GC-NonDICOMPETimages-681197	nascentes_morimur_finisque_ab_origine_pendet	scientia_et_sapientia	scientiae_cedit_mare
NonDICOMPETimages	GC-IMAGE-328960	GC-NonDICOMPETimages-639014	Gallia_est_omnis_divisa_in_partes_tres	haec_olim_meminisse_iuvabit	labor_ipse_voluptas
NonDICOMPETimages	GC-IMAGE-332860	GC-NonDICOMPETimages-299041	Obedientia_civium_urbis_felicitas	imperium_in_imperio	Macte_animo_Generose_puer_sic_itur_ad_astra
NonDICOMPETimages	GC-IMAGE-373214	GC-NonDICOMPETimages-643228	Macte_animo_Generose_puer_sic_itur_ad_astra	saltus_in_demonstrando	nascentes_morimur_finisque_ab_origine_pendet
NonDICOMPETimages	GC-IMAGE-184356	GC-NonDICOMPETimages-252928	damnant_quod_non_intellegunt	labor_ipse_voluptas	scientia_imperii_decus_et_tutamen
NonDICOMPETimages	GC-IMAGE-412218	GC-NonDICOMPETimages-593096	Obedientia_civium_urbis_felicitas	haec_olim_meminisse_iuvabit	cacatum_non_est_pictum
NonDICOMPETimages	GC-IMAGE-517940	GC-NonDICOMPETimages-763907	Macte_animo_Generose_puer_sic_itur_ad_astra	damnant_quod_non_intellegunt	sapiens_qui_prospicit
NonDICOMPETimages	GC-IMAGE-977209	GC-NonDICOMPETimages-119804	scientia_imperii_decus_et_tutamen	damnant_quod_non_intellegunt	sapiens_qui_prospicit
NonDICOMPETimages	GC-IMAGE-528764	GC-NonDICOMPETimages-418566	pace_tua	sapiens_qui_prospicit	damnant_quod_non_intellegunt
NonDICOMPETimages	GC-IMAGE-842787	GC-NonDICOMPETimages-572326	scientia_et_sapientia	id_quod_plerumque_accidit	damnant_quod_non_intellegunt
NonDICOMPETimages	GC-IMAGE-100413	GC-NonDICOMPETimages-643546	id_quod_plerumque_accidit	Macte_animo_Generose_puer_sic_itur_ad_astra	nanos_gigantum_humeris_insidentes
NonDICOMPETimages	GC-IMAGE-271452	GC-NonDICOMPETimages-381192	e_causa_ignota	cacatum_non_est_pictum	labor_ipse_voluptas
NonDICOMPETimages	GC-IMAGE-233688	GC-NonDICOMPETimages-806086	barba_crescit_caput_nescit	cacatum_non_est_pictum	Obedientia_civium_urbis_felicitas
NonDICOMPETimages	GC-IMAGE-503322	GC-NonDICOMPETimages-576956	haec_olim_meminisse_iuvabit	a_bene_placito	e_causa_ignota
NonDICOMPETimages	GC-IMAGE-821757	GC-NonDICOMPETimages-717715	scientiae_cedit_mare	scientia,_aere_perennius	nanos_gigantum_humeris_insidentes
NonDICOMPETimages	GC-IMAGE-404632	GC-NonDICOMPETimages-504839	Gallia_est_omnis_divisa_in_partes_tres	id_quod_plerumque_accidit	scientia_imperii_decus_et_tutamen
NonDICOMPETimages	GC-IMAGE-371067	GC-NonDICOMPETimages-520087	scientiae_cedit_mare	nanos_gigantum_humeris_insidentes	nanos_gigantum_humeris_insidentes
NonDICOMPETimages	GC-IMAGE-446090	GC-NonDICOMPETimages-662644	scientia_et_labor	e_causa_ignota	labor_ipse_voluptas
NonDICOMPETimages	GC-IMAGE-997355	GC-NonDICOMPETimages-903616	cacatum_non_est_pictum	scientia_imperii_decus_et_tutamen	imperium_in_imperio
NonDICOMPETimages	GC-IMAGE-116513	GC-NonDICOMPETimages-294863	scientia_et_sapientia	scientiae_et_patriae	scientia_et_labor
NonDICOMPETimages	GC-IMAGE-562379	GC-NonDICOMPETimages-179666	e_causa_ignota	salus_in_arduis	salus_in_arduis
NonDICOMPETimages	GC-IMAGE-444301	GC-NonDICOMPETimages-321142	nanos_gigantum_humeris_insidentes	cacatum_non_est_pictum	imperium_in_imperio
NonDICOMPETimages	GC-IMAGE-610985	GC-NonDICOMPETimages-388648	damnant_quod_non_intellegunt	e_causa_ignota	haec_olim_meminisse_iuvabit
NonDICOMPETimages	GC-IMAGE-826533	GC-NonDICOMPETimages-159037	scientiae_et_patriae	Obedientia_civium_urbis_felicitas	scientia_imperii_decus_et_tutamen
NonDICOMPETimages	GC-IMAGE-190875	GC-NonDICOMPETimages-373761	scientia_et_labor	Gallia_est_omnis_divisa_in_partes_tres	haec_olim_meminisse_iuvabit
NonDICOMPETimages	GC-IMAGE-200728	GC-NonDICOMPETimages-309736	scientia_et_labor	faber_est_suae_quisque_fortunae	scientia,_aere_perennius
NonDICOMPETimages	GC-IMAGE-228467	GC-NonDICOMPETimages-546140	O_Tite_tute_Tati_tibi_tanta_tyranne_tulisti	e_causa_ignota	scientia_imperii_decus_et_tutamen
NonDICOMPETimages	GC-IMAGE-201427	GC-NonDICOMPETimages-396025	nanos_gigantum_humeris_insidentes	nanos_gigantum_humeris_insidentes	saltus_in_demonstrando
NonDICOMPETimages	GC-IMAGE-448425	GC-NonDICOMPETimages-581639	haec_olim_meminisse_iuvabit	imperium_in_imperio	imperium_in_imperio
NonDICOMPETimages	GC-IMAGE-293476	GC-NonDICOMPETimages-462185	scientiae_et_patriae	O_Tite_tute_Tati_tibi_tanta_tyranne_tulisti	cacatum_non_est_pictum
NonDICOMPETimages	GC-IMAGE-103661	GC-NonDICOMPETimages-432514	O_Tite_tute_Tati_tibi_tanta_tyranne_tulisti	imperium_in_imperio	imperium_in_imperio
NonDICOMPETimages	GC-IMAGE-363528	GC-NonDICOMPETimages-832531	haec_olim_meminisse_iuvabit	scientia_et_sapientia	scientiae_cedit_mare
NonDICOMPETimages	GC-IMAGE-342949	GC-NonDICOMPETimages-798762	faber_est_suae_quisque_fortunae	Gallia_est_omnis_divisa_in_partes_tres	scientia,_aere_perennius
NonDICOMPETimages	GC-IMAGE-155204	GC-NonDICOMPETimages-198011	Macte_animo_Generose_puer_sic_itur_ad_astra	damnant_quod_non_intellegunt	scientia_et_labor
NonDICOMPETimages	GC-IMAGE-734473	GC-NonDICOMPETimages-785339	labor_ipse_voluptas	e_causa_ignota	nanos_gigantum_humeris_insidentes
NonDICOMPETimages	GC-IMAGE-936314	GC-NonDICOMPETimages-787940	labor_ipse_voluptas	scientia,_aere_perennius	sapiens_qui_prospicit
NonDICOMPETimages	GC-IMAGE-646178	GC-NonDICOMPETimages-778060	Gallia_est_omnis_divisa_in_partes_tres	imperium_in_imperio	imperium_in_imperio
NonDICOMPETimages	GC-IMAGE-984937	GC-NonDICOMPETimages-473652	barba_crescit_caput_nescit	nanos_gigantum_humeris_insidentes	cacatum_non_est_pictum
NonDICOMPETimages	GC-IMAGE-165009	GC-NonDICOMPETimages-485879	cacatum_non_est_pictum	barba_crescit_caput_nescit	labor_ipse_voluptas
NonDICOMPETimages	GC-IMAGE-555415	GC-NonDICOMPETimages-905152	a_bene_placito	scientia,_aere_perennius	saltus_in_demonstrando
NonDICOMPETimages	GC-IMAGE-560975	GC-NonDICOMPETimages-935516	O_Tite_tute_Tati_tibi_tanta_tyranne_tulisti	haec_olim_meminisse_iuvabit	scientia_imperii_decus_et_tutamen
NonDICOMPETimages	GC-IMAGE-187170	GC-NonDICOMPETimages-118184	nanos_gigantum_humeris_insidentes	nanos_gigantum_humeris_insidentes	Obedientia_civium_urbis_felicitas
NonDICOMPETimages	GC-IMAGE-286619	GC-NonDICOMPETimages-374206	barba_crescit_caput_nescit	scientia,_aere_perennius	Obedientia_civium_urbis_felicitas
NonDICOMPETimages	GC-IMAGE-366951	GC-NonDICOMPETimages-629425	id_quod_plerumque_accidit	barba_crescit_caput_nescit	Macte_animo_Generose_puer_sic_itur_ad_astra
NonDICOMPETimages	GC-IMAGE-975408	GC-NonDICOMPETimages-943182	scientia_imperii_decus_et_tutamen	imperium_in_imperio	labor_ipse_voluptas
NonDICOMPETimages	GC-IMAGE-314045	GC-NonDICOMPETimages-765414	cacatum_non_est_pictum	scientia_et_sapientia	damnant_quod_non_intellegunt
NonDICOMPETimages	GC-IMAGE-438058	GC-NonDICOMPETimages-413869	scientia_et_sapientia	scientia,_aere_perennius	scientia_et_labor
NonDICOMPETimages	GC-IMAGE-886374	GC-NonDICOMPETimages-241836	O_Tite_tute_Tati_tibi_tanta_tyranne_tulisti	scientia_et_labor	scientia,_aere_perennius
NonDICOMPETimages	GC-IMAGE-748765	GC-NonDICOMPETimages-125479	nanos_gigantum_humeris_insidentes	id_quod_plerumque_accidit	a_bene_placito
NonDICOMPETimages	GC-IMAGE-267799	GC-NonDICOMPETimages-693154	scientia_et_sapientia	pace_tua	haec_olim_meminisse_iuvabit
NonDICOMPETimages	GC-IMAGE-878410	GC-NonDICOMPETimages-257406	labor_ipse_voluptas	scientia_et_sapientia	haec_olim_meminisse_iuvabit
NonDICOMPETimages	GC-IMAGE-245862	GC-NonDICOMPETimages-535094	salus_in_arduis	saltus_in_demonstrando	id_quod_plerumque_accidit
NonDICOMPETimages	GC-IMAGE-175419	GC-NonDICOMPETimages-855228	Gallia_est_omnis_divisa_in_partes_tres	Obedientia_civium_urbis_felicitas	a_bene_placito
NonDICOMPETimages	GC-IMAGE-647088	GC-NonDICOMPETimages-664342	scientia,_aere_perennius	faber_est_suae_quisque_fortunae	saltus_in_demonstrando
NonDICOMPETimages	GC-IMAGE-393701	GC-NonDICOMPETimages-691514	a_bene_placito	scientia,_aere_perennius	haec_olim_meminisse_iuvabit
NonDICOMPETimages	GC-IMAGE-180258	GC-NonDICOMPETimages-348487	Obedientia_civium_urbis_felicitas	scientiae_cedit_mare	scientiae_cedit_mare
NonDICOMPETimages	GC-IMAGE-904817	GC-NonDICOMPETimages-613944	cacatum_non_est_pictum	scientia,_aere_perennius	scientia_et_labor
NonDICOMPETimages	GC-IMAGE-873035	GC-NonDICOMPETimages-664394	Macte_animo_Generose_puer_sic_itur_ad_astra	nascentes_morimur_finisque_ab_origine_pendet	Gallia_est_omnis_divisa_in_partes_tres
NonDICOMPETimages	GC-IMAGE-304448	GC-NonDICOMPETimages-265162	Macte_animo_Generose_puer_sic_itur_ad_astra	scientiae_cedit_mare	imperium_in_imperio
NonDICOMPETimages	GC-IMAGE-802277	GC-NonDICOMPETimages-376514	scientiae_et_patriae	faber_est_suae_quisque_fortunae	scientia_imperii_decus_et_tutamen
NonDICOMPETimages	GC-IMAGE-285672	GC-NonDICOMPETimages-763324	saltus_in_demonstrando	salus_in_arduis	salus_in_arduis
NonDICOMPETimages	GC-IMAGE-517666	GC-NonDICOMPETimages-974876	e_causa_ignota	pace_tua	sapiens_qui_prospicit
NonDICOMPETimages	GC-IMAGE-128118	GC-NonDICOMPETimages-650872	sapiens_qui_prospicit	nascentes_morimur_finisque_ab_origine_pendet	scientia,_aere_perennius
NonDICOMPETimages	GC-IMAGE-625292	GC-NonDICOMPETimages-430826	id_quod_plerumque_accidit	pace_tua	barba_crescit_caput_nescit
NonDICOMPETimages	GC-IMAGE-312226	GC-NonDICOMPETimages-756825	Obedientia_civium_urbis_felicitas	a_bene_placito	a_bene_placito
NonDICOMPETimages	GC-IMAGE-992738	GC-NonDICOMPETimages-147071	Obedientia_civium_urbis_felicitas	sapiens_qui_prospicit	O_Tite_tute_Tati_tibi_tanta_tyranne_tulisti
NonDICOMPETimages	GC-IMAGE-797579	GC-NonDICOMPETimages-212881	nanos_gigantum_humeris_insidentes	sapiens_qui_prospicit	haec_olim_meminisse_iuvabit
NonDICOMPETimages	GC-IMAGE-116826	GC-NonDICOMPETimages-591474	scientia_et_sapientia	labor_ipse_voluptas	saltus_in_demonstrando
NonDICOMPETimages	GC-IMAGE-335660	GC-NonDICOMPETimages-104217	e_causa_ignota	sapiens_qui_prospicit	Macte_animo_Generose_puer_sic_itur_ad_astra
NonDICOMPETimages	GC-IMAGE-796120	GC-NonDICOMPETimages-890971	cacatum_non_est_pictum	cacatum_non_est_pictum	imperium_in_imperio
NonDICOMPETimages	GC-IMAGE-270082	GC-NonDICOMPETimages-932645	id_quod_plerumque_accidit	barba_crescit_caput_nescit	saltus_in_demonstrando
NonDICOMPETimages	GC-IMAGE-154708	GC-NonDICOMPETimages-325767	id_quod_plerumque_accidit	sapiens_qui_prospicit	haec_olim_meminisse_iuvabit
NonDICOMPETimages	GC-IMAGE-108525	GC-NonDICOMPETimages-945061	barba_crescit_caput_nescit	scientia,_aere_perennius	Gallia_est_omnis_divisa_in_partes_tres
NonDICOMPETimages	GC-IMAGE-167501	GC-NonDICOMPETimages-931829	scientia_imperii_decus_et_tutamen	haec_olim_meminisse_iuvabit	Macte_animo_Generose_puer_sic_itur_ad_astra
NonDICOMPETimages	GC-IMAGE-911992	GC-NonDICOMPETimages-559980	scientia_et_labor	Gallia_est_omnis_divisa_in_partes_tres	pace_tua
NonDICOMPETimages	GC-IMAGE-445340	GC-NonDICOMPETimages-371946	O_Tite_tute_Tati_tibi_tanta_tyranne_tulisti	scientiae_et_patriae	Gallia_est_omnis_divisa_in_partes_tres
NonDICOMPETimages	GC-IMAGE-171649	GC-NonDICOMPETimages-733621	pace_tua	salus_in_arduis	scientia_et_sapientia
NonDICOMPETimages	GC-IMAGE-907015	GC-NonDICOMPETimages-425025	faber_est_suae_quisque_fortunae	haec_olim_meminisse_iuvabit	scientiae_cedit_mare
NonDICOMPETimages	GC-IMAGE-922980	GC-NonDICOMPETimages-934507	sapiens_qui_prospicit	nascentes_morimur_finisque_ab_origine_pendet	haec_olim_meminisse_iuvabit
NonDICOMPETimages	GC-IMAGE-316050	GC-NonDICOMPETimages-194052	scientiae_et_patriae	nascentes_morimur_finisque_ab_origine_pendet	imperium_in_imperio
NonDICOMPETimages	GC-IMAGE-911712	GC-NonDICOMPETimages-825662	cacatum_non_est_pictum	a_bene_placito	barba_crescit_caput_nescit
NonDICOMPETimages	GC-IMAGE-603884	GC-NonDICOMPETimages-618547	id_quod_plerumque_accidit	saltus_in_demonstrando	salus_in_arduis
NonDICOMPETimages	GC-IMAGE-663778	GC-NonDICOMPETimages-838094	scientia_imperii_decus_et_tutamen	Gallia_est_omnis_divisa_in_partes_tres	id_quod_plerumque_accidit
NonDICOMPETimages	GC-IMAGE-187256	GC-NonDICOMPETimages-861394	scientia_imperii_decus_et_tutamen	scientia_et_labor	O_Tite_tute_Tati_tibi_tanta_tyranne_tulisti
NonDICOMPETimages	GC-IMAGE-670051	GC-NonDICOMPETimages-479174	Obedientia_civium_urbis_felicitas	O_Tite_tute_Tati_tibi_tanta_tyranne_tulisti	salus_in_arduis
NonDICOMPETimages	GC-IMAGE-743521	GC-NonDICOMPETimages-511029	damnant_quod_non_intellegunt	faber_est_suae_quisque_fortunae	scientia_et_sapientia
NonDICOMPETimages	GC-IMAGE-992565	GC-NonDICOMPETimages-418333	imperium_in_imperio	nanos_gigantum_humeris_insidentes	nanos_gigantum_humeris_insidentes
NonDICOMPETimages	GC-IMAGE-871093	GC-NonDICOMPETimages-496621	imperium_in_imperio	barba_crescit_caput_nescit	scientia_et_sapientia
NonDICOMPETimages	GC-IMAGE-124495	GC-NonDICOMPETimages-428386	e_causa_ignota	scientia_et_sapientia	a_bene_placito
NonDICOMPETimages	GC-IMAGE-775372	GC-NonDICOMPETimages-323137	sapiens_qui_prospicit	scientiae_cedit_mare	cacatum_non_est_pictum
NonDICOMPETimages	GC-IMAGE-273957	GC-NonDICOMPETimages-710603	scientia_imperii_decus_et_tutamen	imperium_in_imperio	salus_in_arduis
NonDICOMPETimages	GC-IMAGE-687925	GC-NonDICOMPETimages-246042	scientia_imperii_decus_et_tutamen	scientiae_cedit_mare	imperium_in_imperio
NonDICOMPETimages	GC-IMAGE-230876	GC-NonDICOMPETimages-568059	saltus_in_demonstrando	salus_in_arduis	nanos_gigantum_humeris_insidentes
NonDICOMPETimages	GC-IMAGE-205875	GC-NonDICOMPETimages-222288	a_bene_placito	id_quod_plerumque_accidit	cacatum_non_est_pictum
NonDICOMPETimages	GC-IMAGE-821771	GC-NonDICOMPETimages-476155	salus_in_arduis	Macte_animo_Generose_puer_sic_itur_ad_astra	saltus_in_demonstrando
NonDICOMPETimages	GC-IMAGE-355144	GC-NonDICOMPETimages-579141	O_Tite_tute_Tati_tibi_tanta_tyranne_tulisti	salus_in_arduis	scientia_imperii_decus_et_tutamen
NonDICOMPETimages	GC-IMAGE-206160	GC-NonDICOMPETimages-400475	scientia_et_labor	damnant_quod_non_intellegunt	id_quod_plerumque_accidit
NonDICOMPETimages	GC-IMAGE-533445	GC-NonDICOMPETimages-472504	id_quod_plerumque_accidit	damnant_quod_non_intellegunt	scientia_et_sapientia
NonDICOMPETimages	GC-IMAGE-523724	GC-NonDICOMPETimages-147241	O_Tite_tute_Tati_tibi_tanta_tyranne_tulisti	barba_crescit_caput_nescit	scientia_imperii_decus_et_tutamen
NonDICOMPETimages	GC-IMAGE-549832	GC-NonDICOMPETimages-666906	scientia,_aere_perennius	haec_olim_meminisse_iuvabit	scientia_et_labor
NonDICOMPETimages	GC-IMAGE-207729	GC-NonDICOMPETimages-308350	imperium_in_imperio	haec_olim_meminisse_iuvabit	nascentes_morimur_finisque_ab_origine_pendet
NonDICOMPETimages	GC-IMAGE-327379	GC-NonDICOMPETimages-672643	haec_olim_meminisse_iuvabit	haec_olim_meminisse_iuvabit	scientia_imperii_decus_et_tutamen
NonDICOMPETimages	GC-IMAGE-266346	GC-NonDICOMPETimages-366621	scientia_et_sapientia	scientia_et_sapientia	O_Tite_tute_Tati_tibi_tanta_tyranne_tulisti
NonDICOMPETimages	GC-IMAGE-279828	GC-NonDICOMPETimages-688367	faber_est_suae_quisque_fortunae	saltus_in_demonstrando	damnant_quod_non_intellegunt
NonDICOMPETimages	GC-IMAGE-780983	GC-NonDICOMPETimages-529114	e_causa_ignota	cacatum_non_est_pictum	pace_tua
NonDICOMPETimages	GC-IMAGE-630085	GC-NonDICOMPETimages-676613	nanos_gigantum_humeris_insidentes	scientia,_aere_perennius	e_causa_ignota
NonDICOMPETimages	GC-IMAGE-316644	GC-NonDICOMPETimages-129941	faber_est_suae_quisque_fortunae	scientiae_et_patriae	nanos_gigantum_humeris_insidentes
NonDICOMPETimages	GC-IMAGE-780522	GC-NonDICOMPETimages-785706	pace_tua	haec_olim_meminisse_iuvabit	scientia_et_sapientia
NonDICOMPETimages	GC-IMAGE-134402	GC-NonDICOMPETimages-229600	faber_est_suae_quisque_fortunae	e_causa_ignota	scientiae_et_patriae
NonDICOMPETimages	GC-IMAGE-363895	GC-NonDICOMPETimages-714689	saltus_in_demonstrando	id_quod_plerumque_accidit	scientia_imperii_decus_et_tutamen
NonDICOMPETimages	GC-IMAGE-847605	GC-NonDICOMPETimages-311994	salus_in_arduis	O_Tite_tute_Tati_tibi_tanta_tyranne_tulisti	saltus_in_demonstrando
NonDICOMPETimages	GC-IMAGE-878266	GC-NonDICOMPETimages-935311	cacatum_non_est_pictum	faber_est_suae_quisque_fortunae	pace_tua
NonDICOMPETimages	GC-IMAGE-971385	GC-NonDICOMPETimages-680252	pace_tua	a_bene_placito	O_Tite_tute_Tati_tibi_tanta_tyranne_tulisti
NonDICOMPETimages	GC-IMAGE-836088	GC-NonDICOMPETimages-444659	id_quod_plerumque_accidit	scientia_et_sapientia	id_quod_plerumque_accidit
NonDICOMPETimages	GC-IMAGE-723198	GC-NonDICOMPETimages-259933	scientia_et_labor	a_bene_placito	haec_olim_meminisse_iuvabit
NonDICOMPETimages	GC-IMAGE-820192	GC-NonDICOMPETimages-979282	Gallia_est_omnis_divisa_in_partes_tres	id_quod_plerumque_accidit	e_causa_ignota
