type	image.study_link_id	NonDICOMPETimages_id	PETImagingAcquisitionProtocolElement_gantryDetectorTilt	Radiopharmaceutical_radionuclideCode	crdc_id
NonDICOMPETimages	GC-IMAGE-314307	GC-NonDICOMPETimages-554085	id_quod_plerumque_accidit	O_Tite_tute_Tati_tibi_tanta_tyranne_tulisti	Macte_animo_Generose_puer_sic_itur_ad_astra
NonDICOMPETimages	GC-IMAGE-577201	GC-NonDICOMPETimages-110175	haec_olim_meminisse_iuvabit	labor_ipse_voluptas	scientia_et_labor
NonDICOMPETimages	GC-IMAGE-621355	GC-NonDICOMPETimages-723849	saltus_in_demonstrando	O_Tite_tute_Tati_tibi_tanta_tyranne_tulisti	a_bene_placito
NonDICOMPETimages	GC-IMAGE-327365	GC-NonDICOMPETimages-257178	id_quod_plerumque_accidit	faber_est_suae_quisque_fortunae	barba_crescit_caput_nescit
NonDICOMPETimages	GC-IMAGE-851191	GC-NonDICOMPETimages-658843	damnant_quod_non_intellegunt	a_bene_placito	haec_olim_meminisse_iuvabit
NonDICOMPETimages	GC-IMAGE-149228	GC-NonDICOMPETimages-415330	damnant_quod_non_intellegunt	scientiae_cedit_mare	scientiae_et_patriae
NonDICOMPETimages	GC-IMAGE-359257	GC-NonDICOMPETimages-777618	nascentes_morimur_finisque_ab_origine_pendet	scientiae_cedit_mare	pace_tua
NonDICOMPETimages	GC-IMAGE-615177	GC-NonDICOMPETimages-748955	Macte_animo_Generose_puer_sic_itur_ad_astra	labor_ipse_voluptas	barba_crescit_caput_nescit
NonDICOMPETimages	GC-IMAGE-428350	GC-NonDICOMPETimages-418631	scientia,_aere_perennius	labor_ipse_voluptas	scientia_et_labor
NonDICOMPETimages	GC-IMAGE-206406	GC-NonDICOMPETimages-459245	id_quod_plerumque_accidit	damnant_quod_non_intellegunt	scientia_imperii_decus_et_tutamen
NonDICOMPETimages	GC-IMAGE-241188	GC-NonDICOMPETimages-729920	labor_ipse_voluptas	O_Tite_tute_Tati_tibi_tanta_tyranne_tulisti	Obedientia_civium_urbis_felicitas
NonDICOMPETimages	GC-IMAGE-164123	GC-NonDICOMPETimages-997261	scientiae_et_patriae	pace_tua	pace_tua
NonDICOMPETimages	GC-IMAGE-688388	GC-NonDICOMPETimages-207111	a_bene_placito	scientiae_cedit_mare	salus_in_arduis
NonDICOMPETimages	GC-IMAGE-276029	GC-NonDICOMPETimages-484898	id_quod_plerumque_accidit	haec_olim_meminisse_iuvabit	scientia_et_labor
NonDICOMPETimages	GC-IMAGE-578871	GC-NonDICOMPETimages-353023	barba_crescit_caput_nescit	barba_crescit_caput_nescit	nascentes_morimur_finisque_ab_origine_pendet
NonDICOMPETimages	GC-IMAGE-685606	GC-NonDICOMPETimages-443783	haec_olim_meminisse_iuvabit	Obedientia_civium_urbis_felicitas	barba_crescit_caput_nescit
NonDICOMPETimages	GC-IMAGE-737734	GC-NonDICOMPETimages-143921	Macte_animo_Generose_puer_sic_itur_ad_astra	salus_in_arduis	nascentes_morimur_finisque_ab_origine_pendet
NonDICOMPETimages	GC-IMAGE-417757	GC-NonDICOMPETimages-523591	scientia_imperii_decus_et_tutamen	scientiae_cedit_mare	scientia_et_labor
NonDICOMPETimages	GC-IMAGE-565365	GC-NonDICOMPETimages-240553	faber_est_suae_quisque_fortunae	scientia_et_labor	Gallia_est_omnis_divisa_in_partes_tres
NonDICOMPETimages	GC-IMAGE-683295	GC-NonDICOMPETimages-173255	scientiae_et_patriae	a_bene_placito	scientia,_aere_perennius
NonDICOMPETimages	GC-IMAGE-237904	GC-NonDICOMPETimages-256546	nanos_gigantum_humeris_insidentes	barba_crescit_caput_nescit	cacatum_non_est_pictum
NonDICOMPETimages	GC-IMAGE-350905	GC-NonDICOMPETimages-572964	nascentes_morimur_finisque_ab_origine_pendet	id_quod_plerumque_accidit	scientia_et_sapientia
NonDICOMPETimages	GC-IMAGE-543441	GC-NonDICOMPETimages-145499	saltus_in_demonstrando	haec_olim_meminisse_iuvabit	barba_crescit_caput_nescit
NonDICOMPETimages	GC-IMAGE-387462	GC-NonDICOMPETimages-312816	cacatum_non_est_pictum	a_bene_placito	pace_tua
NonDICOMPETimages	GC-IMAGE-736590	GC-NonDICOMPETimages-977805	sapiens_qui_prospicit	Gallia_est_omnis_divisa_in_partes_tres	sapiens_qui_prospicit
NonDICOMPETimages	GC-IMAGE-483445	GC-NonDICOMPETimages-353486	barba_crescit_caput_nescit	salus_in_arduis	imperium_in_imperio
NonDICOMPETimages	GC-IMAGE-676114	GC-NonDICOMPETimages-338225	barba_crescit_caput_nescit	haec_olim_meminisse_iuvabit	imperium_in_imperio
NonDICOMPETimages	GC-IMAGE-146307	GC-NonDICOMPETimages-400147	barba_crescit_caput_nescit	scientiae_cedit_mare	salus_in_arduis
NonDICOMPETimages	GC-IMAGE-158939	GC-NonDICOMPETimages-317291	scientiae_cedit_mare	Macte_animo_Generose_puer_sic_itur_ad_astra	e_causa_ignota
NonDICOMPETimages	GC-IMAGE-794359	GC-NonDICOMPETimages-751007	Gallia_est_omnis_divisa_in_partes_tres	haec_olim_meminisse_iuvabit	nanos_gigantum_humeris_insidentes
NonDICOMPETimages	GC-IMAGE-978610	GC-NonDICOMPETimages-808245	faber_est_suae_quisque_fortunae	a_bene_placito	salus_in_arduis
NonDICOMPETimages	GC-IMAGE-337845	GC-NonDICOMPETimages-910029	barba_crescit_caput_nescit	id_quod_plerumque_accidit	pace_tua
NonDICOMPETimages	GC-IMAGE-640411	GC-NonDICOMPETimages-566204	Gallia_est_omnis_divisa_in_partes_tres	O_Tite_tute_Tati_tibi_tanta_tyranne_tulisti	scientia_imperii_decus_et_tutamen
NonDICOMPETimages	GC-IMAGE-870187	GC-NonDICOMPETimages-381681	scientiae_et_patriae	imperium_in_imperio	nanos_gigantum_humeris_insidentes
NonDICOMPETimages	GC-IMAGE-104015	GC-NonDICOMPETimages-139829	scientia_et_labor	a_bene_placito	a_bene_placito
NonDICOMPETimages	GC-IMAGE-851209	GC-NonDICOMPETimages-316072	haec_olim_meminisse_iuvabit	salus_in_arduis	O_Tite_tute_Tati_tibi_tanta_tyranne_tulisti
NonDICOMPETimages	GC-IMAGE-475757	GC-NonDICOMPETimages-319226	damnant_quod_non_intellegunt	salus_in_arduis	scientiae_cedit_mare
NonDICOMPETimages	GC-IMAGE-882044	GC-NonDICOMPETimages-625737	Gallia_est_omnis_divisa_in_partes_tres	scientiae_et_patriae	scientiae_cedit_mare
NonDICOMPETimages	GC-IMAGE-343960	GC-NonDICOMPETimages-707225	Gallia_est_omnis_divisa_in_partes_tres	damnant_quod_non_intellegunt	labor_ipse_voluptas
NonDICOMPETimages	GC-IMAGE-308282	GC-NonDICOMPETimages-585153	nascentes_morimur_finisque_ab_origine_pendet	nascentes_morimur_finisque_ab_origine_pendet	id_quod_plerumque_accidit
NonDICOMPETimages	GC-IMAGE-430274	GC-NonDICOMPETimages-812084	O_Tite_tute_Tati_tibi_tanta_tyranne_tulisti	scientia,_aere_perennius	scientia,_aere_perennius
NonDICOMPETimages	GC-IMAGE-363125	GC-NonDICOMPETimages-975486	saltus_in_demonstrando	scientia,_aere_perennius	scientiae_et_patriae
NonDICOMPETimages	GC-IMAGE-806581	GC-NonDICOMPETimages-192614	haec_olim_meminisse_iuvabit	O_Tite_tute_Tati_tibi_tanta_tyranne_tulisti	e_causa_ignota
NonDICOMPETimages	GC-IMAGE-100610	GC-NonDICOMPETimages-257631	scientia_imperii_decus_et_tutamen	cacatum_non_est_pictum	scientiae_cedit_mare
NonDICOMPETimages	GC-IMAGE-816788	GC-NonDICOMPETimages-878985	nanos_gigantum_humeris_insidentes	pace_tua	barba_crescit_caput_nescit
NonDICOMPETimages	GC-IMAGE-292748	GC-NonDICOMPETimages-907439	scientiae_cedit_mare	scientia,_aere_perennius	a_bene_placito
NonDICOMPETimages	GC-IMAGE-181104	GC-NonDICOMPETimages-344209	saltus_in_demonstrando	imperium_in_imperio	nascentes_morimur_finisque_ab_origine_pendet
NonDICOMPETimages	GC-IMAGE-423341	GC-NonDICOMPETimages-635017	Obedientia_civium_urbis_felicitas	scientia_et_sapientia	scientia_et_labor
NonDICOMPETimages	GC-IMAGE-523577	GC-NonDICOMPETimages-234122	scientia,_aere_perennius	scientia_imperii_decus_et_tutamen	barba_crescit_caput_nescit
NonDICOMPETimages	GC-IMAGE-449197	GC-NonDICOMPETimages-603385	Gallia_est_omnis_divisa_in_partes_tres	scientia_et_sapientia	haec_olim_meminisse_iuvabit
NonDICOMPETimages	GC-IMAGE-864502	GC-NonDICOMPETimages-309914	Macte_animo_Generose_puer_sic_itur_ad_astra	faber_est_suae_quisque_fortunae	a_bene_placito
NonDICOMPETimages	GC-IMAGE-859501	GC-NonDICOMPETimages-131245	faber_est_suae_quisque_fortunae	nanos_gigantum_humeris_insidentes	imperium_in_imperio
NonDICOMPETimages	GC-IMAGE-654311	GC-NonDICOMPETimages-972675	nascentes_morimur_finisque_ab_origine_pendet	scientia_et_sapientia	nascentes_morimur_finisque_ab_origine_pendet
NonDICOMPETimages	GC-IMAGE-886255	GC-NonDICOMPETimages-838312	barba_crescit_caput_nescit	salus_in_arduis	scientia,_aere_perennius
NonDICOMPETimages	GC-IMAGE-453386	GC-NonDICOMPETimages-206149	barba_crescit_caput_nescit	id_quod_plerumque_accidit	damnant_quod_non_intellegunt
NonDICOMPETimages	GC-IMAGE-413608	GC-NonDICOMPETimages-242390	e_causa_ignota	labor_ipse_voluptas	id_quod_plerumque_accidit
NonDICOMPETimages	GC-IMAGE-921515	GC-NonDICOMPETimages-704681	scientia_et_sapientia	imperium_in_imperio	O_Tite_tute_Tati_tibi_tanta_tyranne_tulisti
NonDICOMPETimages	GC-IMAGE-767199	GC-NonDICOMPETimages-581752	a_bene_placito	e_causa_ignota	O_Tite_tute_Tati_tibi_tanta_tyranne_tulisti
NonDICOMPETimages	GC-IMAGE-524976	GC-NonDICOMPETimages-835884	haec_olim_meminisse_iuvabit	scientia_et_sapientia	O_Tite_tute_Tati_tibi_tanta_tyranne_tulisti
NonDICOMPETimages	GC-IMAGE-169929	GC-NonDICOMPETimages-395461	scientia_et_sapientia	faber_est_suae_quisque_fortunae	Macte_animo_Generose_puer_sic_itur_ad_astra
NonDICOMPETimages	GC-IMAGE-291468	GC-NonDICOMPETimages-557809	imperium_in_imperio	Obedientia_civium_urbis_felicitas	Macte_animo_Generose_puer_sic_itur_ad_astra
NonDICOMPETimages	GC-IMAGE-675204	GC-NonDICOMPETimages-423671	scientia_et_sapientia	faber_est_suae_quisque_fortunae	Obedientia_civium_urbis_felicitas
NonDICOMPETimages	GC-IMAGE-777573	GC-NonDICOMPETimages-702636	cacatum_non_est_pictum	imperium_in_imperio	nanos_gigantum_humeris_insidentes
NonDICOMPETimages	GC-IMAGE-177456	GC-NonDICOMPETimages-308046	haec_olim_meminisse_iuvabit	imperium_in_imperio	scientia_imperii_decus_et_tutamen
NonDICOMPETimages	GC-IMAGE-715141	GC-NonDICOMPETimages-249074	e_causa_ignota	scientia_et_labor	nanos_gigantum_humeris_insidentes
NonDICOMPETimages	GC-IMAGE-775032	GC-NonDICOMPETimages-731288	cacatum_non_est_pictum	Obedientia_civium_urbis_felicitas	scientia,_aere_perennius
NonDICOMPETimages	GC-IMAGE-123385	GC-NonDICOMPETimages-275346	salus_in_arduis	barba_crescit_caput_nescit	pace_tua
NonDICOMPETimages	GC-IMAGE-633441	GC-NonDICOMPETimages-278671	a_bene_placito	pace_tua	Obedientia_civium_urbis_felicitas
NonDICOMPETimages	GC-IMAGE-184923	GC-NonDICOMPETimages-744627	barba_crescit_caput_nescit	imperium_in_imperio	nascentes_morimur_finisque_ab_origine_pendet
NonDICOMPETimages	GC-IMAGE-861383	GC-NonDICOMPETimages-277267	sapiens_qui_prospicit	cacatum_non_est_pictum	nanos_gigantum_humeris_insidentes
NonDICOMPETimages	GC-IMAGE-891899	GC-NonDICOMPETimages-781452	haec_olim_meminisse_iuvabit	Macte_animo_Generose_puer_sic_itur_ad_astra	scientia,_aere_perennius
NonDICOMPETimages	GC-IMAGE-672063	GC-NonDICOMPETimages-151556	O_Tite_tute_Tati_tibi_tanta_tyranne_tulisti	barba_crescit_caput_nescit	scientiae_cedit_mare
NonDICOMPETimages	GC-IMAGE-148185	GC-NonDICOMPETimages-573719	damnant_quod_non_intellegunt	scientia,_aere_perennius	nanos_gigantum_humeris_insidentes
NonDICOMPETimages	GC-IMAGE-878997	GC-NonDICOMPETimages-978006	scientiae_et_patriae	saltus_in_demonstrando	scientia_et_sapientia
NonDICOMPETimages	GC-IMAGE-461556	GC-NonDICOMPETimages-263336	barba_crescit_caput_nescit	pace_tua	nanos_gigantum_humeris_insidentes
NonDICOMPETimages	GC-IMAGE-835591	GC-NonDICOMPETimages-130892	cacatum_non_est_pictum	Gallia_est_omnis_divisa_in_partes_tres	Macte_animo_Generose_puer_sic_itur_ad_astra
NonDICOMPETimages	GC-IMAGE-872287	GC-NonDICOMPETimages-467240	Obedientia_civium_urbis_felicitas	imperium_in_imperio	damnant_quod_non_intellegunt
NonDICOMPETimages	GC-IMAGE-220174	GC-NonDICOMPETimages-843144	O_Tite_tute_Tati_tibi_tanta_tyranne_tulisti	pace_tua	scientia_imperii_decus_et_tutamen
NonDICOMPETimages	GC-IMAGE-727530	GC-NonDICOMPETimages-231793	scientia_et_sapientia	damnant_quod_non_intellegunt	scientia_et_sapientia
NonDICOMPETimages	GC-IMAGE-999832	GC-NonDICOMPETimages-146980	Macte_animo_Generose_puer_sic_itur_ad_astra	scientiae_cedit_mare	scientia_et_labor
NonDICOMPETimages	GC-IMAGE-441668	GC-NonDICOMPETimages-977877	scientia_et_labor	damnant_quod_non_intellegunt	sapiens_qui_prospicit
NonDICOMPETimages	GC-IMAGE-619595	GC-NonDICOMPETimages-476717	barba_crescit_caput_nescit	Gallia_est_omnis_divisa_in_partes_tres	a_bene_placito
NonDICOMPETimages	GC-IMAGE-119098	GC-NonDICOMPETimages-184856	scientia_et_labor	Obedientia_civium_urbis_felicitas	imperium_in_imperio
NonDICOMPETimages	GC-IMAGE-700439	GC-NonDICOMPETimages-864411	scientiae_cedit_mare	e_causa_ignota	e_causa_ignota
NonDICOMPETimages	GC-IMAGE-967750	GC-NonDICOMPETimages-173814	labor_ipse_voluptas	scientiae_cedit_mare	nanos_gigantum_humeris_insidentes
NonDICOMPETimages	GC-IMAGE-375398	GC-NonDICOMPETimages-378839	salus_in_arduis	barba_crescit_caput_nescit	haec_olim_meminisse_iuvabit
NonDICOMPETimages	GC-IMAGE-832860	GC-NonDICOMPETimages-995481	barba_crescit_caput_nescit	Obedientia_civium_urbis_felicitas	scientiae_cedit_mare
NonDICOMPETimages	GC-IMAGE-302734	GC-NonDICOMPETimages-521048	nanos_gigantum_humeris_insidentes	cacatum_non_est_pictum	scientia_imperii_decus_et_tutamen
NonDICOMPETimages	GC-IMAGE-656269	GC-NonDICOMPETimages-966651	cacatum_non_est_pictum	pace_tua	Macte_animo_Generose_puer_sic_itur_ad_astra
NonDICOMPETimages	GC-IMAGE-881390	GC-NonDICOMPETimages-717116	imperium_in_imperio	scientia_et_labor	damnant_quod_non_intellegunt
NonDICOMPETimages	GC-IMAGE-159189	GC-NonDICOMPETimages-911491	salus_in_arduis	scientia_et_labor	scientia,_aere_perennius
NonDICOMPETimages	GC-IMAGE-748948	GC-NonDICOMPETimages-324074	id_quod_plerumque_accidit	faber_est_suae_quisque_fortunae	a_bene_placito
NonDICOMPETimages	GC-IMAGE-504266	GC-NonDICOMPETimages-209957	saltus_in_demonstrando	labor_ipse_voluptas	imperium_in_imperio
NonDICOMPETimages	GC-IMAGE-896757	GC-NonDICOMPETimages-653133	a_bene_placito	scientia_imperii_decus_et_tutamen	scientia_et_labor
NonDICOMPETimages	GC-IMAGE-550645	GC-NonDICOMPETimages-967193	nanos_gigantum_humeris_insidentes	barba_crescit_caput_nescit	cacatum_non_est_pictum
NonDICOMPETimages	GC-IMAGE-289449	GC-NonDICOMPETimages-446662	labor_ipse_voluptas	Obedientia_civium_urbis_felicitas	scientia_imperii_decus_et_tutamen
NonDICOMPETimages	GC-IMAGE-669340	GC-NonDICOMPETimages-334362	Macte_animo_Generose_puer_sic_itur_ad_astra	Obedientia_civium_urbis_felicitas	barba_crescit_caput_nescit
NonDICOMPETimages	GC-IMAGE-299964	GC-NonDICOMPETimages-792149	cacatum_non_est_pictum	O_Tite_tute_Tati_tibi_tanta_tyranne_tulisti	a_bene_placito
NonDICOMPETimages	GC-IMAGE-483799	GC-NonDICOMPETimages-736490	id_quod_plerumque_accidit	Macte_animo_Generose_puer_sic_itur_ad_astra	Obedientia_civium_urbis_felicitas
NonDICOMPETimages	GC-IMAGE-510616	GC-NonDICOMPETimages-175746	nascentes_morimur_finisque_ab_origine_pendet	haec_olim_meminisse_iuvabit	id_quod_plerumque_accidit
NonDICOMPETimages	GC-IMAGE-470303	GC-NonDICOMPETimages-706267	pace_tua	labor_ipse_voluptas	scientia_imperii_decus_et_tutamen
NonDICOMPETimages	GC-IMAGE-744547	GC-NonDICOMPETimages-635827	scientia_et_sapientia	Macte_animo_Generose_puer_sic_itur_ad_astra	nascentes_morimur_finisque_ab_origine_pendet
NonDICOMPETimages	GC-IMAGE-795097	GC-NonDICOMPETimages-318937	Gallia_est_omnis_divisa_in_partes_tres	faber_est_suae_quisque_fortunae	a_bene_placito
NonDICOMPETimages	GC-IMAGE-808799	GC-NonDICOMPETimages-384381	nanos_gigantum_humeris_insidentes	haec_olim_meminisse_iuvabit	faber_est_suae_quisque_fortunae
NonDICOMPETimages	GC-IMAGE-573348	GC-NonDICOMPETimages-293154	damnant_quod_non_intellegunt	labor_ipse_voluptas	haec_olim_meminisse_iuvabit
NonDICOMPETimages	GC-IMAGE-941956	GC-NonDICOMPETimages-870862	imperium_in_imperio	salus_in_arduis	Obedientia_civium_urbis_felicitas
NonDICOMPETimages	GC-IMAGE-351629	GC-NonDICOMPETimages-843535	scientiae_et_patriae	damnant_quod_non_intellegunt	id_quod_plerumque_accidit
NonDICOMPETimages	GC-IMAGE-291087	GC-NonDICOMPETimages-456704	damnant_quod_non_intellegunt	e_causa_ignota	scientia_et_sapientia
NonDICOMPETimages	GC-IMAGE-485997	GC-NonDICOMPETimages-423346	scientia_imperii_decus_et_tutamen	cacatum_non_est_pictum	pace_tua
NonDICOMPETimages	GC-IMAGE-519963	GC-NonDICOMPETimages-538986	haec_olim_meminisse_iuvabit	cacatum_non_est_pictum	pace_tua
NonDICOMPETimages	GC-IMAGE-216616	GC-NonDICOMPETimages-153379	scientia_et_labor	scientia_et_sapientia	labor_ipse_voluptas
NonDICOMPETimages	GC-IMAGE-742213	GC-NonDICOMPETimages-757271	Gallia_est_omnis_divisa_in_partes_tres	Gallia_est_omnis_divisa_in_partes_tres	salus_in_arduis
NonDICOMPETimages	GC-IMAGE-947729	GC-NonDICOMPETimages-627000	Gallia_est_omnis_divisa_in_partes_tres	imperium_in_imperio	faber_est_suae_quisque_fortunae
NonDICOMPETimages	GC-IMAGE-647918	GC-NonDICOMPETimages-211744	cacatum_non_est_pictum	pace_tua	Obedientia_civium_urbis_felicitas
NonDICOMPETimages	GC-IMAGE-643876	GC-NonDICOMPETimages-798476	pace_tua	saltus_in_demonstrando	saltus_in_demonstrando
NonDICOMPETimages	GC-IMAGE-650748	GC-NonDICOMPETimages-847950	pace_tua	saltus_in_demonstrando	e_causa_ignota
NonDICOMPETimages	GC-IMAGE-530557	GC-NonDICOMPETimages-419700	scientia_et_labor	a_bene_placito	scientiae_cedit_mare
NonDICOMPETimages	GC-IMAGE-586183	GC-NonDICOMPETimages-125119	nascentes_morimur_finisque_ab_origine_pendet	scientia_imperii_decus_et_tutamen	O_Tite_tute_Tati_tibi_tanta_tyranne_tulisti
NonDICOMPETimages	GC-IMAGE-309727	GC-NonDICOMPETimages-363755	damnant_quod_non_intellegunt	scientia_imperii_decus_et_tutamen	saltus_in_demonstrando
NonDICOMPETimages	GC-IMAGE-662359	GC-NonDICOMPETimages-520463	damnant_quod_non_intellegunt	imperium_in_imperio	nanos_gigantum_humeris_insidentes
NonDICOMPETimages	GC-IMAGE-392212	GC-NonDICOMPETimages-888730	sapiens_qui_prospicit	barba_crescit_caput_nescit	barba_crescit_caput_nescit
NonDICOMPETimages	GC-IMAGE-761144	GC-NonDICOMPETimages-358230	imperium_in_imperio	e_causa_ignota	scientia_et_labor
NonDICOMPETimages	GC-IMAGE-953587	GC-NonDICOMPETimages-211355	damnant_quod_non_intellegunt	damnant_quod_non_intellegunt	e_causa_ignota
NonDICOMPETimages	GC-IMAGE-552304	GC-NonDICOMPETimages-732072	nascentes_morimur_finisque_ab_origine_pendet	scientiae_cedit_mare	scientiae_cedit_mare
NonDICOMPETimages	GC-IMAGE-469004	GC-NonDICOMPETimages-842290	Macte_animo_Generose_puer_sic_itur_ad_astra	cacatum_non_est_pictum	haec_olim_meminisse_iuvabit
NonDICOMPETimages	GC-IMAGE-595347	GC-NonDICOMPETimages-194745	damnant_quod_non_intellegunt	sapiens_qui_prospicit	scientia_et_labor
NonDICOMPETimages	GC-IMAGE-829028	GC-NonDICOMPETimages-285558	haec_olim_meminisse_iuvabit	nanos_gigantum_humeris_insidentes	scientia,_aere_perennius
NonDICOMPETimages	GC-IMAGE-458348	GC-NonDICOMPETimages-436773	Macte_animo_Generose_puer_sic_itur_ad_astra	damnant_quod_non_intellegunt	scientiae_et_patriae
NonDICOMPETimages	GC-IMAGE-676863	GC-NonDICOMPETimages-999591	damnant_quod_non_intellegunt	salus_in_arduis	Macte_animo_Generose_puer_sic_itur_ad_astra
NonDICOMPETimages	GC-IMAGE-935028	GC-NonDICOMPETimages-482528	scientia_et_labor	scientiae_et_patriae	salus_in_arduis
NonDICOMPETimages	GC-IMAGE-177054	GC-NonDICOMPETimages-745023	sapiens_qui_prospicit	labor_ipse_voluptas	salus_in_arduis
NonDICOMPETimages	GC-IMAGE-972058	GC-NonDICOMPETimages-547613	scientia_et_sapientia	barba_crescit_caput_nescit	scientia_imperii_decus_et_tutamen
NonDICOMPETimages	GC-IMAGE-534892	GC-NonDICOMPETimages-398316	barba_crescit_caput_nescit	scientiae_et_patriae	a_bene_placito
NonDICOMPETimages	GC-IMAGE-695086	GC-NonDICOMPETimages-527942	Obedientia_civium_urbis_felicitas	Gallia_est_omnis_divisa_in_partes_tres	cacatum_non_est_pictum
NonDICOMPETimages	GC-IMAGE-571575	GC-NonDICOMPETimages-195725	Obedientia_civium_urbis_felicitas	a_bene_placito	Gallia_est_omnis_divisa_in_partes_tres
NonDICOMPETimages	GC-IMAGE-956927	GC-NonDICOMPETimages-894381	scientiae_et_patriae	salus_in_arduis	nanos_gigantum_humeris_insidentes
NonDICOMPETimages	GC-IMAGE-137491	GC-NonDICOMPETimages-435915	scientiae_cedit_mare	sapiens_qui_prospicit	nascentes_morimur_finisque_ab_origine_pendet
NonDICOMPETimages	GC-IMAGE-279207	GC-NonDICOMPETimages-934816	scientia_imperii_decus_et_tutamen	pace_tua	O_Tite_tute_Tati_tibi_tanta_tyranne_tulisti
NonDICOMPETimages	GC-IMAGE-291892	GC-NonDICOMPETimages-402760	scientia_et_labor	labor_ipse_voluptas	e_causa_ignota
NonDICOMPETimages	GC-IMAGE-366961	GC-NonDICOMPETimages-488693	a_bene_placito	scientia,_aere_perennius	imperium_in_imperio
NonDICOMPETimages	GC-IMAGE-151467	GC-NonDICOMPETimages-406155	damnant_quod_non_intellegunt	id_quod_plerumque_accidit	sapiens_qui_prospicit
NonDICOMPETimages	GC-IMAGE-903375	GC-NonDICOMPETimages-997596	Macte_animo_Generose_puer_sic_itur_ad_astra	O_Tite_tute_Tati_tibi_tanta_tyranne_tulisti	damnant_quod_non_intellegunt
NonDICOMPETimages	GC-IMAGE-863020	GC-NonDICOMPETimages-282957	scientia_et_labor	Macte_animo_Generose_puer_sic_itur_ad_astra	Obedientia_civium_urbis_felicitas
NonDICOMPETimages	GC-IMAGE-902332	GC-NonDICOMPETimages-417102	scientiae_et_patriae	Obedientia_civium_urbis_felicitas	labor_ipse_voluptas
NonDICOMPETimages	GC-IMAGE-426806	GC-NonDICOMPETimages-832697	haec_olim_meminisse_iuvabit	scientia_et_labor	barba_crescit_caput_nescit
NonDICOMPETimages	GC-IMAGE-815491	GC-NonDICOMPETimages-452356	scientia_imperii_decus_et_tutamen	salus_in_arduis	saltus_in_demonstrando
NonDICOMPETimages	GC-IMAGE-799182	GC-NonDICOMPETimages-234179	scientia_et_labor	scientiae_cedit_mare	damnant_quod_non_intellegunt
NonDICOMPETimages	GC-IMAGE-239864	GC-NonDICOMPETimages-771460	salus_in_arduis	id_quod_plerumque_accidit	barba_crescit_caput_nescit
NonDICOMPETimages	GC-IMAGE-568529	GC-NonDICOMPETimages-179548	sapiens_qui_prospicit	cacatum_non_est_pictum	saltus_in_demonstrando
NonDICOMPETimages	GC-IMAGE-915795	GC-NonDICOMPETimages-912214	e_causa_ignota	id_quod_plerumque_accidit	pace_tua
NonDICOMPETimages	GC-IMAGE-311641	GC-NonDICOMPETimages-664018	scientiae_et_patriae	scientia_et_labor	Macte_animo_Generose_puer_sic_itur_ad_astra
NonDICOMPETimages	GC-IMAGE-553011	GC-NonDICOMPETimages-547670	barba_crescit_caput_nescit	cacatum_non_est_pictum	scientia_et_sapientia
NonDICOMPETimages	GC-IMAGE-838601	GC-NonDICOMPETimages-819791	pace_tua	imperium_in_imperio	nanos_gigantum_humeris_insidentes
NonDICOMPETimages	GC-IMAGE-656706	GC-NonDICOMPETimages-725384	Obedientia_civium_urbis_felicitas	scientia_et_labor	scientia_imperii_decus_et_tutamen
NonDICOMPETimages	GC-IMAGE-250959	GC-NonDICOMPETimages-160307	a_bene_placito	scientiae_cedit_mare	id_quod_plerumque_accidit
NonDICOMPETimages	GC-IMAGE-988476	GC-NonDICOMPETimages-791049	O_Tite_tute_Tati_tibi_tanta_tyranne_tulisti	saltus_in_demonstrando	scientia_et_labor
NonDICOMPETimages	GC-IMAGE-694800	GC-NonDICOMPETimages-187215	faber_est_suae_quisque_fortunae	O_Tite_tute_Tati_tibi_tanta_tyranne_tulisti	scientiae_et_patriae
NonDICOMPETimages	GC-IMAGE-265680	GC-NonDICOMPETimages-638168	barba_crescit_caput_nescit	nascentes_morimur_finisque_ab_origine_pendet	imperium_in_imperio
NonDICOMPETimages	GC-IMAGE-633676	GC-NonDICOMPETimages-284057	labor_ipse_voluptas	saltus_in_demonstrando	barba_crescit_caput_nescit
NonDICOMPETimages	GC-IMAGE-200200	GC-NonDICOMPETimages-981390	O_Tite_tute_Tati_tibi_tanta_tyranne_tulisti	barba_crescit_caput_nescit	O_Tite_tute_Tati_tibi_tanta_tyranne_tulisti
NonDICOMPETimages	GC-IMAGE-964245	GC-NonDICOMPETimages-667110	id_quod_plerumque_accidit	Gallia_est_omnis_divisa_in_partes_tres	scientiae_et_patriae
NonDICOMPETimages	GC-IMAGE-780594	GC-NonDICOMPETimages-228952	sapiens_qui_prospicit	scientia_et_sapientia	barba_crescit_caput_nescit
NonDICOMPETimages	GC-IMAGE-452752	GC-NonDICOMPETimages-530635	nascentes_morimur_finisque_ab_origine_pendet	e_causa_ignota	O_Tite_tute_Tati_tibi_tanta_tyranne_tulisti
NonDICOMPETimages	GC-IMAGE-473031	GC-NonDICOMPETimages-878918	imperium_in_imperio	Gallia_est_omnis_divisa_in_partes_tres	nanos_gigantum_humeris_insidentes
NonDICOMPETimages	GC-IMAGE-825299	GC-NonDICOMPETimages-765823	id_quod_plerumque_accidit	id_quod_plerumque_accidit	Macte_animo_Generose_puer_sic_itur_ad_astra
NonDICOMPETimages	GC-IMAGE-475094	GC-NonDICOMPETimages-953892	cacatum_non_est_pictum	salus_in_arduis	a_bene_placito
NonDICOMPETimages	GC-IMAGE-992753	GC-NonDICOMPETimages-349721	e_causa_ignota	nascentes_morimur_finisque_ab_origine_pendet	pace_tua
NonDICOMPETimages	GC-IMAGE-534895	GC-NonDICOMPETimages-875326	a_bene_placito	sapiens_qui_prospicit	e_causa_ignota
NonDICOMPETimages	GC-IMAGE-235158	GC-NonDICOMPETimages-320077	haec_olim_meminisse_iuvabit	scientia_et_labor	e_causa_ignota
NonDICOMPETimages	GC-IMAGE-856905	GC-NonDICOMPETimages-335607	imperium_in_imperio	O_Tite_tute_Tati_tibi_tanta_tyranne_tulisti	scientia_et_labor
NonDICOMPETimages	GC-IMAGE-836092	GC-NonDICOMPETimages-890603	Macte_animo_Generose_puer_sic_itur_ad_astra	scientiae_et_patriae	saltus_in_demonstrando
NonDICOMPETimages	GC-IMAGE-635790	GC-NonDICOMPETimages-316958	imperium_in_imperio	scientiae_et_patriae	haec_olim_meminisse_iuvabit
NonDICOMPETimages	GC-IMAGE-586891	GC-NonDICOMPETimages-715292	imperium_in_imperio	salus_in_arduis	scientiae_et_patriae
NonDICOMPETimages	GC-IMAGE-702184	GC-NonDICOMPETimages-858334	imperium_in_imperio	scientiae_cedit_mare	Gallia_est_omnis_divisa_in_partes_tres
NonDICOMPETimages	GC-IMAGE-462781	GC-NonDICOMPETimages-285695	e_causa_ignota	scientia,_aere_perennius	pace_tua
NonDICOMPETimages	GC-IMAGE-707876	GC-NonDICOMPETimages-631623	Macte_animo_Generose_puer_sic_itur_ad_astra	damnant_quod_non_intellegunt	a_bene_placito
NonDICOMPETimages	GC-IMAGE-410546	GC-NonDICOMPETimages-763085	scientia,_aere_perennius	labor_ipse_voluptas	scientia_et_labor
NonDICOMPETimages	GC-IMAGE-129991	GC-NonDICOMPETimages-166717	e_causa_ignota	imperium_in_imperio	scientia_imperii_decus_et_tutamen
NonDICOMPETimages	GC-IMAGE-530532	GC-NonDICOMPETimages-512218	sapiens_qui_prospicit	pace_tua	id_quod_plerumque_accidit
NonDICOMPETimages	GC-IMAGE-667754	GC-NonDICOMPETimages-873868	O_Tite_tute_Tati_tibi_tanta_tyranne_tulisti	haec_olim_meminisse_iuvabit	pace_tua
NonDICOMPETimages	GC-IMAGE-134045	GC-NonDICOMPETimages-258586	haec_olim_meminisse_iuvabit	scientia_et_labor	Gallia_est_omnis_divisa_in_partes_tres
NonDICOMPETimages	GC-IMAGE-662973	GC-NonDICOMPETimages-124941	Gallia_est_omnis_divisa_in_partes_tres	scientiae_cedit_mare	scientia_et_sapientia
NonDICOMPETimages	GC-IMAGE-545420	GC-NonDICOMPETimages-290681	faber_est_suae_quisque_fortunae	cacatum_non_est_pictum	sapiens_qui_prospicit
NonDICOMPETimages	GC-IMAGE-181867	GC-NonDICOMPETimages-987527	saltus_in_demonstrando	nanos_gigantum_humeris_insidentes	O_Tite_tute_Tati_tibi_tanta_tyranne_tulisti
NonDICOMPETimages	GC-IMAGE-792662	GC-NonDICOMPETimages-888636	haec_olim_meminisse_iuvabit	id_quod_plerumque_accidit	scientia_et_sapientia
NonDICOMPETimages	GC-IMAGE-389398	GC-NonDICOMPETimages-588505	Obedientia_civium_urbis_felicitas	sapiens_qui_prospicit	id_quod_plerumque_accidit
NonDICOMPETimages	GC-IMAGE-663093	GC-NonDICOMPETimages-945441	imperium_in_imperio	labor_ipse_voluptas	haec_olim_meminisse_iuvabit
NonDICOMPETimages	GC-IMAGE-532476	GC-NonDICOMPETimages-598252	saltus_in_demonstrando	Obedientia_civium_urbis_felicitas	nascentes_morimur_finisque_ab_origine_pendet
NonDICOMPETimages	GC-IMAGE-895164	GC-NonDICOMPETimages-803998	barba_crescit_caput_nescit	nascentes_morimur_finisque_ab_origine_pendet	scientiae_et_patriae
NonDICOMPETimages	GC-IMAGE-822461	GC-NonDICOMPETimages-293001	faber_est_suae_quisque_fortunae	imperium_in_imperio	faber_est_suae_quisque_fortunae
NonDICOMPETimages	GC-IMAGE-999631	GC-NonDICOMPETimages-690025	scientia_et_labor	scientiae_cedit_mare	O_Tite_tute_Tati_tibi_tanta_tyranne_tulisti
NonDICOMPETimages	GC-IMAGE-344181	GC-NonDICOMPETimages-144668	barba_crescit_caput_nescit	e_causa_ignota	sapiens_qui_prospicit
NonDICOMPETimages	GC-IMAGE-770419	GC-NonDICOMPETimages-238184	O_Tite_tute_Tati_tibi_tanta_tyranne_tulisti	faber_est_suae_quisque_fortunae	barba_crescit_caput_nescit
NonDICOMPETimages	GC-IMAGE-563519	GC-NonDICOMPETimages-455134	scientiae_cedit_mare	scientiae_cedit_mare	nascentes_morimur_finisque_ab_origine_pendet
NonDICOMPETimages	GC-IMAGE-544673	GC-NonDICOMPETimages-841003	labor_ipse_voluptas	sapiens_qui_prospicit	saltus_in_demonstrando
NonDICOMPETimages	GC-IMAGE-968121	GC-NonDICOMPETimages-197848	scientiae_et_patriae	Macte_animo_Generose_puer_sic_itur_ad_astra	scientia,_aere_perennius
NonDICOMPETimages	GC-IMAGE-553994	GC-NonDICOMPETimages-517933	Macte_animo_Generose_puer_sic_itur_ad_astra	O_Tite_tute_Tati_tibi_tanta_tyranne_tulisti	haec_olim_meminisse_iuvabit
NonDICOMPETimages	GC-IMAGE-787561	GC-NonDICOMPETimages-216702	e_causa_ignota	damnant_quod_non_intellegunt	saltus_in_demonstrando
NonDICOMPETimages	GC-IMAGE-870768	GC-NonDICOMPETimages-205970	Obedientia_civium_urbis_felicitas	scientiae_et_patriae	Macte_animo_Generose_puer_sic_itur_ad_astra
NonDICOMPETimages	GC-IMAGE-939584	GC-NonDICOMPETimages-552208	scientiae_cedit_mare	scientiae_cedit_mare	haec_olim_meminisse_iuvabit
