type	image.study_link_id	NonDICOMCTimages_id	CTAquisitionProtocolElement_singleCollimationWidth	CTAquisitionProtocolElement_totalCollimationWidth	CTAquisitionProtocolElement_gantryDetectorTilt	CTAquisitionProtocolElement_spiralPitchFactor	CTAquisitionProtocolElement_ctdiVol	CTAquisitionProtocolElement_ctdiPhantomTypeCode	CTAquisitionProtocolElement_kVp	CTAquisitionProtocolElement_exposureModulationType_Code	CTImageReconstructionProtocolElement_convolutionKernel	CTImageReconstructionProtocolElement_convolutionKernelGroupCode	crdc_id
NonDICOMCTimages	GC-IMAGE-314307	GC-NonDICOMCTimages-786648	saltus_in_demonstrando	Gallia_est_omnis_divisa_in_partes_tres	nascentes_morimur_finisque_ab_origine_pendet	e.g., 2:1	sapiens_qui_prospicit	imperium_in_imperio	imperium_in_imperio	ANGULAR	scientia_imperii_decus_et_tutamen	scientiae_et_patriae	damnant_quod_non_intellegunt
NonDICOMCTimages	GC-IMAGE-577201	GC-NonDICOMCTimages-831388	damnant_quod_non_intellegunt	e_causa_ignota	pace_tua	e.g., 2:1	scientia_imperii_decus_et_tutamen	cacatum_non_est_pictum	Gallia_est_omnis_divisa_in_partes_tres	ECG-BASED	id_quod_plerumque_accidit	Macte_animo_Generose_puer_sic_itur_ad_astra	nascentes_morimur_finisque_ab_origine_pendet
NonDICOMCTimages	GC-IMAGE-621355	GC-NonDICOMCTimages-278453	nanos_gigantum_humeris_insidentes	sapiens_qui_prospicit	imperium_in_imperio	e.g., 2:1	scientia_imperii_decus_et_tutamen	sapiens_qui_prospicit	e_causa_ignota	ORGAN-BASED	salus_in_arduis	sapiens_qui_prospicit	barba_crescit_caput_nescit
NonDICOMCTimages	GC-IMAGE-327365	GC-NonDICOMCTimages-224407	salus_in_arduis	saltus_in_demonstrando	labor_ipse_voluptas	e.g., 2:1	Obedientia_civium_urbis_felicitas	barba_crescit_caput_nescit	salus_in_arduis	ECG-BASED	nanos_gigantum_humeris_insidentes	scientia_imperii_decus_et_tutamen	imperium_in_imperio
NonDICOMCTimages	GC-IMAGE-851191	GC-NonDICOMCTimages-996094	Macte_animo_Generose_puer_sic_itur_ad_astra	scientia_imperii_decus_et_tutamen	scientia_et_labor	e.g., 2:1	labor_ipse_voluptas	scientia_et_labor	cacatum_non_est_pictum	NONE	scientia,_aere_perennius	a_bene_placito	Obedientia_civium_urbis_felicitas
NonDICOMCTimages	GC-IMAGE-149228	GC-NonDICOMCTimages-525319	barba_crescit_caput_nescit	scientia_et_sapientia	barba_crescit_caput_nescit	e.g., 2:1	labor_ipse_voluptas	Macte_animo_Generose_puer_sic_itur_ad_astra	scientiae_et_patriae	ANGULAR	Gallia_est_omnis_divisa_in_partes_tres	saltus_in_demonstrando	scientiae_et_patriae
NonDICOMCTimages	GC-IMAGE-359257	GC-NonDICOMCTimages-358732	O_Tite_tute_Tati_tibi_tanta_tyranne_tulisti	sapiens_qui_prospicit	imperium_in_imperio	e.g., 2:1	scientia_et_labor	a_bene_placito	scientiae_et_patriae	ECG-BASED	sapiens_qui_prospicit	scientia_imperii_decus_et_tutamen	salus_in_arduis
NonDICOMCTimages	GC-IMAGE-615177	GC-NonDICOMCTimages-544382	faber_est_suae_quisque_fortunae	faber_est_suae_quisque_fortunae	cacatum_non_est_pictum	e.g., 2:1	sapiens_qui_prospicit	scientia_et_sapientia	saltus_in_demonstrando	NONE	saltus_in_demonstrando	imperium_in_imperio	sapiens_qui_prospicit
NonDICOMCTimages	GC-IMAGE-428350	GC-NonDICOMCTimages-882831	pace_tua	sapiens_qui_prospicit	faber_est_suae_quisque_fortunae	e.g., 2:1	scientiae_et_patriae	nascentes_morimur_finisque_ab_origine_pendet	Macte_animo_Generose_puer_sic_itur_ad_astra	ORGAN-BASED	imperium_in_imperio	id_quod_plerumque_accidit	cacatum_non_est_pictum
NonDICOMCTimages	GC-IMAGE-206406	GC-NonDICOMCTimages-970936	Macte_animo_Generose_puer_sic_itur_ad_astra	nanos_gigantum_humeris_insidentes	a_bene_placito	e.g., 2:1	haec_olim_meminisse_iuvabit	sapiens_qui_prospicit	nascentes_morimur_finisque_ab_origine_pendet	LONGITUDINAL	nanos_gigantum_humeris_insidentes	saltus_in_demonstrando	nanos_gigantum_humeris_insidentes
NonDICOMCTimages	GC-IMAGE-241188	GC-NonDICOMCTimages-702555	salus_in_arduis	saltus_in_demonstrando	scientia_imperii_decus_et_tutamen	e.g., 2:1	damnant_quod_non_intellegunt	barba_crescit_caput_nescit	Obedientia_civium_urbis_felicitas	LONGITUDINAL	scientia_imperii_decus_et_tutamen	cacatum_non_est_pictum	faber_est_suae_quisque_fortunae
NonDICOMCTimages	GC-IMAGE-164123	GC-NonDICOMCTimages-882837	imperium_in_imperio	e_causa_ignota	scientia_imperii_decus_et_tutamen	e.g., 2:1	O_Tite_tute_Tati_tibi_tanta_tyranne_tulisti	labor_ipse_voluptas	faber_est_suae_quisque_fortunae	ECG-BASED	a_bene_placito	scientiae_cedit_mare	salus_in_arduis
NonDICOMCTimages	GC-IMAGE-688388	GC-NonDICOMCTimages-996971	Obedientia_civium_urbis_felicitas	nascentes_morimur_finisque_ab_origine_pendet	damnant_quod_non_intellegunt	e.g., 2:1	barba_crescit_caput_nescit	nascentes_morimur_finisque_ab_origine_pendet	Gallia_est_omnis_divisa_in_partes_tres	ANGULAR	salus_in_arduis	imperium_in_imperio	pace_tua
NonDICOMCTimages	GC-IMAGE-276029	GC-NonDICOMCTimages-426859	scientia_et_sapientia	barba_crescit_caput_nescit	O_Tite_tute_Tati_tibi_tanta_tyranne_tulisti	e.g., 2:1	labor_ipse_voluptas	e_causa_ignota	scientia_et_labor	NONE	haec_olim_meminisse_iuvabit	saltus_in_demonstrando	barba_crescit_caput_nescit
NonDICOMCTimages	GC-IMAGE-578871	GC-NonDICOMCTimages-507645	imperium_in_imperio	faber_est_suae_quisque_fortunae	Macte_animo_Generose_puer_sic_itur_ad_astra	e.g., 2:1	scientiae_cedit_mare	barba_crescit_caput_nescit	salus_in_arduis	ORGAN-BASED	scientiae_et_patriae	pace_tua	saltus_in_demonstrando
NonDICOMCTimages	GC-IMAGE-685606	GC-NonDICOMCTimages-316270	Obedientia_civium_urbis_felicitas	Macte_animo_Generose_puer_sic_itur_ad_astra	id_quod_plerumque_accidit	e.g., 2:1	e_causa_ignota	a_bene_placito	damnant_quod_non_intellegunt	ECG-BASED	faber_est_suae_quisque_fortunae	pace_tua	labor_ipse_voluptas
NonDICOMCTimages	GC-IMAGE-737734	GC-NonDICOMCTimages-646861	Gallia_est_omnis_divisa_in_partes_tres	a_bene_placito	haec_olim_meminisse_iuvabit	e.g., 2:1	scientia_et_sapientia	saltus_in_demonstrando	imperium_in_imperio	NONE	Macte_animo_Generose_puer_sic_itur_ad_astra	scientia,_aere_perennius	faber_est_suae_quisque_fortunae
NonDICOMCTimages	GC-IMAGE-417757	GC-NonDICOMCTimages-523092	pace_tua	sapiens_qui_prospicit	scientiae_et_patriae	e.g., 2:1	scientia_et_sapientia	a_bene_placito	a_bene_placito	ORGAN-BASED	labor_ipse_voluptas	Obedientia_civium_urbis_felicitas	scientiae_cedit_mare
NonDICOMCTimages	GC-IMAGE-565365	GC-NonDICOMCTimages-391415	nanos_gigantum_humeris_insidentes	cacatum_non_est_pictum	saltus_in_demonstrando	e.g., 2:1	saltus_in_demonstrando	scientiae_cedit_mare	id_quod_plerumque_accidit	LONGITUDINAL	O_Tite_tute_Tati_tibi_tanta_tyranne_tulisti	barba_crescit_caput_nescit	pace_tua
NonDICOMCTimages	GC-IMAGE-683295	GC-NonDICOMCTimages-255366	cacatum_non_est_pictum	salus_in_arduis	Macte_animo_Generose_puer_sic_itur_ad_astra	e.g., 2:1	salus_in_arduis	a_bene_placito	scientia_et_sapientia	ORGAN-BASED	labor_ipse_voluptas	salus_in_arduis	scientia_et_sapientia
NonDICOMCTimages	GC-IMAGE-237904	GC-NonDICOMCTimages-878360	scientiae_et_patriae	faber_est_suae_quisque_fortunae	Macte_animo_Generose_puer_sic_itur_ad_astra	e.g., 2:1	pace_tua	Gallia_est_omnis_divisa_in_partes_tres	e_causa_ignota	ECG-BASED	nascentes_morimur_finisque_ab_origine_pendet	pace_tua	nascentes_morimur_finisque_ab_origine_pendet
NonDICOMCTimages	GC-IMAGE-350905	GC-NonDICOMCTimages-432318	barba_crescit_caput_nescit	nascentes_morimur_finisque_ab_origine_pendet	scientia,_aere_perennius	e.g., 2:1	nascentes_morimur_finisque_ab_origine_pendet	scientia_et_labor	faber_est_suae_quisque_fortunae	ANGULAR	nanos_gigantum_humeris_insidentes	damnant_quod_non_intellegunt	scientiae_cedit_mare
NonDICOMCTimages	GC-IMAGE-543441	GC-NonDICOMCTimages-235381	saltus_in_demonstrando	faber_est_suae_quisque_fortunae	haec_olim_meminisse_iuvabit	e.g., 2:1	saltus_in_demonstrando	faber_est_suae_quisque_fortunae	barba_crescit_caput_nescit	ANGULAR	cacatum_non_est_pictum	scientia_imperii_decus_et_tutamen	haec_olim_meminisse_iuvabit
NonDICOMCTimages	GC-IMAGE-387462	GC-NonDICOMCTimages-690891	nascentes_morimur_finisque_ab_origine_pendet	nanos_gigantum_humeris_insidentes	imperium_in_imperio	e.g., 2:1	id_quod_plerumque_accidit	e_causa_ignota	scientia_et_sapientia	ORGAN-BASED	barba_crescit_caput_nescit	scientia_et_labor	salus_in_arduis
NonDICOMCTimages	GC-IMAGE-736590	GC-NonDICOMCTimages-728975	scientiae_cedit_mare	barba_crescit_caput_nescit	a_bene_placito	e.g., 2:1	a_bene_placito	salus_in_arduis	haec_olim_meminisse_iuvabit	ECG-BASED	sapiens_qui_prospicit	scientia_et_labor	pace_tua
NonDICOMCTimages	GC-IMAGE-483445	GC-NonDICOMCTimages-396523	scientia_et_labor	labor_ipse_voluptas	sapiens_qui_prospicit	e.g., 2:1	cacatum_non_est_pictum	scientiae_cedit_mare	scientia,_aere_perennius	ORGAN-BASED	scientiae_et_patriae	pace_tua	scientia,_aere_perennius
NonDICOMCTimages	GC-IMAGE-676114	GC-NonDICOMCTimages-724637	Macte_animo_Generose_puer_sic_itur_ad_astra	nanos_gigantum_humeris_insidentes	haec_olim_meminisse_iuvabit	e.g., 2:1	damnant_quod_non_intellegunt	scientia,_aere_perennius	scientia_imperii_decus_et_tutamen	LONGITUDINAL	scientia_et_sapientia	damnant_quod_non_intellegunt	Gallia_est_omnis_divisa_in_partes_tres
NonDICOMCTimages	GC-IMAGE-146307	GC-NonDICOMCTimages-315153	Obedientia_civium_urbis_felicitas	salus_in_arduis	scientiae_cedit_mare	e.g., 2:1	faber_est_suae_quisque_fortunae	labor_ipse_voluptas	scientia,_aere_perennius	ORGAN-BASED	e_causa_ignota	id_quod_plerumque_accidit	Obedientia_civium_urbis_felicitas
NonDICOMCTimages	GC-IMAGE-158939	GC-NonDICOMCTimages-310523	barba_crescit_caput_nescit	sapiens_qui_prospicit	scientiae_cedit_mare	e.g., 2:1	nascentes_morimur_finisque_ab_origine_pendet	scientia_imperii_decus_et_tutamen	Obedientia_civium_urbis_felicitas	ORGAN-BASED	nanos_gigantum_humeris_insidentes	O_Tite_tute_Tati_tibi_tanta_tyranne_tulisti	haec_olim_meminisse_iuvabit
NonDICOMCTimages	GC-IMAGE-794359	GC-NonDICOMCTimages-686543	pace_tua	pace_tua	O_Tite_tute_Tati_tibi_tanta_tyranne_tulisti	e.g., 2:1	sapiens_qui_prospicit	imperium_in_imperio	O_Tite_tute_Tati_tibi_tanta_tyranne_tulisti	LONGITUDINAL	saltus_in_demonstrando	scientiae_et_patriae	a_bene_placito
NonDICOMCTimages	GC-IMAGE-978610	GC-NonDICOMCTimages-604873	e_causa_ignota	a_bene_placito	id_quod_plerumque_accidit	e.g., 2:1	nascentes_morimur_finisque_ab_origine_pendet	scientia_et_labor	pace_tua	LONGITUDINAL	haec_olim_meminisse_iuvabit	scientiae_cedit_mare	scientia_et_sapientia
NonDICOMCTimages	GC-IMAGE-337845	GC-NonDICOMCTimages-255662	Obedientia_civium_urbis_felicitas	scientiae_et_patriae	sapiens_qui_prospicit	e.g., 2:1	scientia_et_sapientia	labor_ipse_voluptas	faber_est_suae_quisque_fortunae	ANGULAR	Obedientia_civium_urbis_felicitas	labor_ipse_voluptas	barba_crescit_caput_nescit
NonDICOMCTimages	GC-IMAGE-640411	GC-NonDICOMCTimages-585576	Obedientia_civium_urbis_felicitas	cacatum_non_est_pictum	scientiae_cedit_mare	e.g., 2:1	scientia,_aere_perennius	a_bene_placito	scientia,_aere_perennius	ECG-BASED	O_Tite_tute_Tati_tibi_tanta_tyranne_tulisti	Obedientia_civium_urbis_felicitas	scientiae_cedit_mare
NonDICOMCTimages	GC-IMAGE-870187	GC-NonDICOMCTimages-942908	Macte_animo_Generose_puer_sic_itur_ad_astra	labor_ipse_voluptas	cacatum_non_est_pictum	e.g., 2:1	scientia_et_labor	Obedientia_civium_urbis_felicitas	nanos_gigantum_humeris_insidentes	LONGITUDINAL	scientiae_et_patriae	pace_tua	id_quod_plerumque_accidit
NonDICOMCTimages	GC-IMAGE-104015	GC-NonDICOMCTimages-496908	e_causa_ignota	a_bene_placito	Gallia_est_omnis_divisa_in_partes_tres	e.g., 2:1	scientia_et_labor	scientiae_cedit_mare	saltus_in_demonstrando	ECG-BASED	O_Tite_tute_Tati_tibi_tanta_tyranne_tulisti	faber_est_suae_quisque_fortunae	labor_ipse_voluptas
NonDICOMCTimages	GC-IMAGE-851209	GC-NonDICOMCTimages-982841	damnant_quod_non_intellegunt	cacatum_non_est_pictum	Obedientia_civium_urbis_felicitas	e.g., 2:1	scientia,_aere_perennius	nascentes_morimur_finisque_ab_origine_pendet	O_Tite_tute_Tati_tibi_tanta_tyranne_tulisti	ORGAN-BASED	saltus_in_demonstrando	scientiae_cedit_mare	scientia_imperii_decus_et_tutamen
NonDICOMCTimages	GC-IMAGE-475757	GC-NonDICOMCTimages-313459	faber_est_suae_quisque_fortunae	Obedientia_civium_urbis_felicitas	scientia,_aere_perennius	e.g., 2:1	scientia_et_labor	e_causa_ignota	scientia,_aere_perennius	ORGAN-BASED	imperium_in_imperio	faber_est_suae_quisque_fortunae	faber_est_suae_quisque_fortunae
NonDICOMCTimages	GC-IMAGE-882044	GC-NonDICOMCTimages-266346	scientiae_et_patriae	sapiens_qui_prospicit	scientia,_aere_perennius	e.g., 2:1	O_Tite_tute_Tati_tibi_tanta_tyranne_tulisti	Gallia_est_omnis_divisa_in_partes_tres	salus_in_arduis	ECG-BASED	labor_ipse_voluptas	Gallia_est_omnis_divisa_in_partes_tres	Obedientia_civium_urbis_felicitas
NonDICOMCTimages	GC-IMAGE-343960	GC-NonDICOMCTimages-410845	pace_tua	scientia_et_labor	sapiens_qui_prospicit	e.g., 2:1	scientia_imperii_decus_et_tutamen	a_bene_placito	scientiae_cedit_mare	ECG-BASED	nascentes_morimur_finisque_ab_origine_pendet	nanos_gigantum_humeris_insidentes	id_quod_plerumque_accidit
NonDICOMCTimages	GC-IMAGE-308282	GC-NonDICOMCTimages-772490	pace_tua	damnant_quod_non_intellegunt	nascentes_morimur_finisque_ab_origine_pendet	e.g., 2:1	pace_tua	Gallia_est_omnis_divisa_in_partes_tres	Macte_animo_Generose_puer_sic_itur_ad_astra	ECG-BASED	Obedientia_civium_urbis_felicitas	Obedientia_civium_urbis_felicitas	scientia,_aere_perennius
NonDICOMCTimages	GC-IMAGE-430274	GC-NonDICOMCTimages-267000	a_bene_placito	barba_crescit_caput_nescit	a_bene_placito	e.g., 2:1	sapiens_qui_prospicit	scientia_et_labor	haec_olim_meminisse_iuvabit	ORGAN-BASED	a_bene_placito	damnant_quod_non_intellegunt	labor_ipse_voluptas
NonDICOMCTimages	GC-IMAGE-363125	GC-NonDICOMCTimages-591595	nanos_gigantum_humeris_insidentes	damnant_quod_non_intellegunt	scientia_et_labor	e.g., 2:1	damnant_quod_non_intellegunt	Gallia_est_omnis_divisa_in_partes_tres	damnant_quod_non_intellegunt	NONE	scientia_et_labor	scientia_imperii_decus_et_tutamen	saltus_in_demonstrando
NonDICOMCTimages	GC-IMAGE-806581	GC-NonDICOMCTimages-241022	sapiens_qui_prospicit	id_quod_plerumque_accidit	salus_in_arduis	e.g., 2:1	scientiae_cedit_mare	id_quod_plerumque_accidit	saltus_in_demonstrando	ECG-BASED	Gallia_est_omnis_divisa_in_partes_tres	haec_olim_meminisse_iuvabit	sapiens_qui_prospicit
NonDICOMCTimages	GC-IMAGE-100610	GC-NonDICOMCTimages-821986	nascentes_morimur_finisque_ab_origine_pendet	haec_olim_meminisse_iuvabit	labor_ipse_voluptas	e.g., 2:1	Macte_animo_Generose_puer_sic_itur_ad_astra	faber_est_suae_quisque_fortunae	damnant_quod_non_intellegunt	ECG-BASED	O_Tite_tute_Tati_tibi_tanta_tyranne_tulisti	a_bene_placito	Gallia_est_omnis_divisa_in_partes_tres
NonDICOMCTimages	GC-IMAGE-816788	GC-NonDICOMCTimages-252845	O_Tite_tute_Tati_tibi_tanta_tyranne_tulisti	O_Tite_tute_Tati_tibi_tanta_tyranne_tulisti	pace_tua	e.g., 2:1	salus_in_arduis	scientia,_aere_perennius	faber_est_suae_quisque_fortunae	ORGAN-BASED	cacatum_non_est_pictum	Macte_animo_Generose_puer_sic_itur_ad_astra	scientia_et_sapientia
NonDICOMCTimages	GC-IMAGE-292748	GC-NonDICOMCTimages-232968	labor_ipse_voluptas	nascentes_morimur_finisque_ab_origine_pendet	a_bene_placito	e.g., 2:1	scientiae_et_patriae	Gallia_est_omnis_divisa_in_partes_tres	labor_ipse_voluptas	LONGITUDINAL	scientiae_cedit_mare	damnant_quod_non_intellegunt	scientia_et_sapientia
NonDICOMCTimages	GC-IMAGE-181104	GC-NonDICOMCTimages-710398	labor_ipse_voluptas	scientiae_cedit_mare	e_causa_ignota	e.g., 2:1	nascentes_morimur_finisque_ab_origine_pendet	scientia_et_sapientia	faber_est_suae_quisque_fortunae	ANGULAR	labor_ipse_voluptas	e_causa_ignota	a_bene_placito
NonDICOMCTimages	GC-IMAGE-423341	GC-NonDICOMCTimages-307848	pace_tua	cacatum_non_est_pictum	labor_ipse_voluptas	e.g., 2:1	haec_olim_meminisse_iuvabit	e_causa_ignota	scientia_imperii_decus_et_tutamen	ANGULAR	Macte_animo_Generose_puer_sic_itur_ad_astra	imperium_in_imperio	salus_in_arduis
NonDICOMCTimages	GC-IMAGE-523577	GC-NonDICOMCTimages-838750	Obedientia_civium_urbis_felicitas	barba_crescit_caput_nescit	haec_olim_meminisse_iuvabit	e.g., 2:1	saltus_in_demonstrando	pace_tua	scientia_imperii_decus_et_tutamen	ORGAN-BASED	a_bene_placito	salus_in_arduis	Macte_animo_Generose_puer_sic_itur_ad_astra
NonDICOMCTimages	GC-IMAGE-449197	GC-NonDICOMCTimages-634322	salus_in_arduis	faber_est_suae_quisque_fortunae	labor_ipse_voluptas	e.g., 2:1	salus_in_arduis	id_quod_plerumque_accidit	salus_in_arduis	LONGITUDINAL	O_Tite_tute_Tati_tibi_tanta_tyranne_tulisti	Obedientia_civium_urbis_felicitas	scientia_imperii_decus_et_tutamen
NonDICOMCTimages	GC-IMAGE-864502	GC-NonDICOMCTimages-384833	damnant_quod_non_intellegunt	sapiens_qui_prospicit	Macte_animo_Generose_puer_sic_itur_ad_astra	e.g., 2:1	e_causa_ignota	imperium_in_imperio	nascentes_morimur_finisque_ab_origine_pendet	LONGITUDINAL	imperium_in_imperio	scientia,_aere_perennius	faber_est_suae_quisque_fortunae
NonDICOMCTimages	GC-IMAGE-859501	GC-NonDICOMCTimages-580602	sapiens_qui_prospicit	labor_ipse_voluptas	scientiae_et_patriae	e.g., 2:1	scientia,_aere_perennius	haec_olim_meminisse_iuvabit	saltus_in_demonstrando	ORGAN-BASED	e_causa_ignota	a_bene_placito	O_Tite_tute_Tati_tibi_tanta_tyranne_tulisti
NonDICOMCTimages	GC-IMAGE-654311	GC-NonDICOMCTimages-278582	nascentes_morimur_finisque_ab_origine_pendet	Gallia_est_omnis_divisa_in_partes_tres	scientia_imperii_decus_et_tutamen	e.g., 2:1	labor_ipse_voluptas	barba_crescit_caput_nescit	Macte_animo_Generose_puer_sic_itur_ad_astra	ECG-BASED	faber_est_suae_quisque_fortunae	Macte_animo_Generose_puer_sic_itur_ad_astra	Obedientia_civium_urbis_felicitas
NonDICOMCTimages	GC-IMAGE-886255	GC-NonDICOMCTimages-494678	imperium_in_imperio	scientiae_et_patriae	Obedientia_civium_urbis_felicitas	e.g., 2:1	sapiens_qui_prospicit	labor_ipse_voluptas	faber_est_suae_quisque_fortunae	ECG-BASED	labor_ipse_voluptas	scientia_imperii_decus_et_tutamen	scientia_et_labor
NonDICOMCTimages	GC-IMAGE-453386	GC-NonDICOMCTimages-923614	scientia_imperii_decus_et_tutamen	pace_tua	Macte_animo_Generose_puer_sic_itur_ad_astra	e.g., 2:1	scientiae_cedit_mare	labor_ipse_voluptas	Macte_animo_Generose_puer_sic_itur_ad_astra	ANGULAR	Macte_animo_Generose_puer_sic_itur_ad_astra	Gallia_est_omnis_divisa_in_partes_tres	scientiae_et_patriae
NonDICOMCTimages	GC-IMAGE-413608	GC-NonDICOMCTimages-393556	Macte_animo_Generose_puer_sic_itur_ad_astra	haec_olim_meminisse_iuvabit	nanos_gigantum_humeris_insidentes	e.g., 2:1	scientia_et_sapientia	barba_crescit_caput_nescit	id_quod_plerumque_accidit	ECG-BASED	labor_ipse_voluptas	imperium_in_imperio	imperium_in_imperio
NonDICOMCTimages	GC-IMAGE-921515	GC-NonDICOMCTimages-629782	scientiae_et_patriae	scientia_imperii_decus_et_tutamen	barba_crescit_caput_nescit	e.g., 2:1	scientiae_cedit_mare	cacatum_non_est_pictum	scientia_et_sapientia	ORGAN-BASED	scientia_et_labor	pace_tua	scientia_imperii_decus_et_tutamen
NonDICOMCTimages	GC-IMAGE-767199	GC-NonDICOMCTimages-888367	nanos_gigantum_humeris_insidentes	nascentes_morimur_finisque_ab_origine_pendet	haec_olim_meminisse_iuvabit	e.g., 2:1	cacatum_non_est_pictum	scientia,_aere_perennius	e_causa_ignota	ORGAN-BASED	scientiae_cedit_mare	scientia_et_sapientia	scientia_et_sapientia
NonDICOMCTimages	GC-IMAGE-524976	GC-NonDICOMCTimages-895743	salus_in_arduis	nanos_gigantum_humeris_insidentes	haec_olim_meminisse_iuvabit	e.g., 2:1	sapiens_qui_prospicit	Obedientia_civium_urbis_felicitas	haec_olim_meminisse_iuvabit	NONE	imperium_in_imperio	barba_crescit_caput_nescit	scientia_et_sapientia
NonDICOMCTimages	GC-IMAGE-169929	GC-NonDICOMCTimages-178214	nanos_gigantum_humeris_insidentes	id_quod_plerumque_accidit	O_Tite_tute_Tati_tibi_tanta_tyranne_tulisti	e.g., 2:1	saltus_in_demonstrando	nanos_gigantum_humeris_insidentes	scientia_imperii_decus_et_tutamen	NONE	scientia_imperii_decus_et_tutamen	a_bene_placito	cacatum_non_est_pictum
NonDICOMCTimages	GC-IMAGE-291468	GC-NonDICOMCTimages-635818	e_causa_ignota	Obedientia_civium_urbis_felicitas	Macte_animo_Generose_puer_sic_itur_ad_astra	e.g., 2:1	barba_crescit_caput_nescit	imperium_in_imperio	nascentes_morimur_finisque_ab_origine_pendet	ECG-BASED	id_quod_plerumque_accidit	Gallia_est_omnis_divisa_in_partes_tres	scientia,_aere_perennius
NonDICOMCTimages	GC-IMAGE-675204	GC-NonDICOMCTimages-127451	Macte_animo_Generose_puer_sic_itur_ad_astra	scientiae_et_patriae	nascentes_morimur_finisque_ab_origine_pendet	e.g., 2:1	pace_tua	scientia_imperii_decus_et_tutamen	scientiae_cedit_mare	ORGAN-BASED	scientiae_cedit_mare	Gallia_est_omnis_divisa_in_partes_tres	scientia_et_sapientia
NonDICOMCTimages	GC-IMAGE-777573	GC-NonDICOMCTimages-733292	scientiae_cedit_mare	damnant_quod_non_intellegunt	Obedientia_civium_urbis_felicitas	e.g., 2:1	faber_est_suae_quisque_fortunae	cacatum_non_est_pictum	pace_tua	NONE	scientia_imperii_decus_et_tutamen	a_bene_placito	haec_olim_meminisse_iuvabit
NonDICOMCTimages	GC-IMAGE-177456	GC-NonDICOMCTimages-643869	faber_est_suae_quisque_fortunae	id_quod_plerumque_accidit	e_causa_ignota	e.g., 2:1	a_bene_placito	cacatum_non_est_pictum	O_Tite_tute_Tati_tibi_tanta_tyranne_tulisti	NONE	labor_ipse_voluptas	scientia_imperii_decus_et_tutamen	scientiae_et_patriae
NonDICOMCTimages	GC-IMAGE-715141	GC-NonDICOMCTimages-695099	salus_in_arduis	nascentes_morimur_finisque_ab_origine_pendet	labor_ipse_voluptas	e.g., 2:1	scientiae_cedit_mare	nanos_gigantum_humeris_insidentes	pace_tua	ECG-BASED	scientia_et_sapientia	Obedientia_civium_urbis_felicitas	Obedientia_civium_urbis_felicitas
NonDICOMCTimages	GC-IMAGE-775032	GC-NonDICOMCTimages-780901	scientiae_et_patriae	id_quod_plerumque_accidit	scientia,_aere_perennius	e.g., 2:1	nascentes_morimur_finisque_ab_origine_pendet	cacatum_non_est_pictum	damnant_quod_non_intellegunt	ORGAN-BASED	scientia_imperii_decus_et_tutamen	haec_olim_meminisse_iuvabit	scientia_et_sapientia
NonDICOMCTimages	GC-IMAGE-123385	GC-NonDICOMCTimages-199459	damnant_quod_non_intellegunt	faber_est_suae_quisque_fortunae	scientia_et_sapientia	e.g., 2:1	cacatum_non_est_pictum	id_quod_plerumque_accidit	Macte_animo_Generose_puer_sic_itur_ad_astra	ANGULAR	scientia_imperii_decus_et_tutamen	damnant_quod_non_intellegunt	a_bene_placito
NonDICOMCTimages	GC-IMAGE-633441	GC-NonDICOMCTimages-493351	Gallia_est_omnis_divisa_in_partes_tres	O_Tite_tute_Tati_tibi_tanta_tyranne_tulisti	scientia,_aere_perennius	e.g., 2:1	scientia,_aere_perennius	damnant_quod_non_intellegunt	cacatum_non_est_pictum	LONGITUDINAL	nascentes_morimur_finisque_ab_origine_pendet	scientia_et_sapientia	scientia_et_sapientia
NonDICOMCTimages	GC-IMAGE-184923	GC-NonDICOMCTimages-833893	sapiens_qui_prospicit	scientiae_cedit_mare	Gallia_est_omnis_divisa_in_partes_tres	e.g., 2:1	e_causa_ignota	salus_in_arduis	scientia_et_labor	LONGITUDINAL	scientia,_aere_perennius	Gallia_est_omnis_divisa_in_partes_tres	scientiae_et_patriae
NonDICOMCTimages	GC-IMAGE-861383	GC-NonDICOMCTimages-558608	barba_crescit_caput_nescit	faber_est_suae_quisque_fortunae	scientia_et_labor	e.g., 2:1	barba_crescit_caput_nescit	nanos_gigantum_humeris_insidentes	labor_ipse_voluptas	NONE	damnant_quod_non_intellegunt	Gallia_est_omnis_divisa_in_partes_tres	haec_olim_meminisse_iuvabit
NonDICOMCTimages	GC-IMAGE-891899	GC-NonDICOMCTimages-913297	scientiae_cedit_mare	scientia_et_labor	nanos_gigantum_humeris_insidentes	e.g., 2:1	pace_tua	faber_est_suae_quisque_fortunae	id_quod_plerumque_accidit	ECG-BASED	a_bene_placito	cacatum_non_est_pictum	pace_tua
NonDICOMCTimages	GC-IMAGE-672063	GC-NonDICOMCTimages-118167	saltus_in_demonstrando	Gallia_est_omnis_divisa_in_partes_tres	damnant_quod_non_intellegunt	e.g., 2:1	Obedientia_civium_urbis_felicitas	nanos_gigantum_humeris_insidentes	Macte_animo_Generose_puer_sic_itur_ad_astra	LONGITUDINAL	imperium_in_imperio	damnant_quod_non_intellegunt	sapiens_qui_prospicit
NonDICOMCTimages	GC-IMAGE-148185	GC-NonDICOMCTimages-458668	scientia_imperii_decus_et_tutamen	damnant_quod_non_intellegunt	e_causa_ignota	e.g., 2:1	scientia,_aere_perennius	Obedientia_civium_urbis_felicitas	cacatum_non_est_pictum	LONGITUDINAL	barba_crescit_caput_nescit	scientia_et_labor	scientiae_et_patriae
NonDICOMCTimages	GC-IMAGE-878997	GC-NonDICOMCTimages-837870	scientia_imperii_decus_et_tutamen	a_bene_placito	faber_est_suae_quisque_fortunae	e.g., 2:1	nanos_gigantum_humeris_insidentes	labor_ipse_voluptas	imperium_in_imperio	LONGITUDINAL	e_causa_ignota	salus_in_arduis	nascentes_morimur_finisque_ab_origine_pendet
NonDICOMCTimages	GC-IMAGE-461556	GC-NonDICOMCTimages-982023	damnant_quod_non_intellegunt	faber_est_suae_quisque_fortunae	nanos_gigantum_humeris_insidentes	e.g., 2:1	scientia_et_labor	haec_olim_meminisse_iuvabit	O_Tite_tute_Tati_tibi_tanta_tyranne_tulisti	NONE	Macte_animo_Generose_puer_sic_itur_ad_astra	haec_olim_meminisse_iuvabit	Macte_animo_Generose_puer_sic_itur_ad_astra
NonDICOMCTimages	GC-IMAGE-835591	GC-NonDICOMCTimages-530687	scientia_imperii_decus_et_tutamen	Obedientia_civium_urbis_felicitas	a_bene_placito	e.g., 2:1	Gallia_est_omnis_divisa_in_partes_tres	faber_est_suae_quisque_fortunae	damnant_quod_non_intellegunt	ORGAN-BASED	haec_olim_meminisse_iuvabit	Macte_animo_Generose_puer_sic_itur_ad_astra	scientia,_aere_perennius
NonDICOMCTimages	GC-IMAGE-872287	GC-NonDICOMCTimages-756440	labor_ipse_voluptas	scientiae_cedit_mare	cacatum_non_est_pictum	e.g., 2:1	nanos_gigantum_humeris_insidentes	scientia_et_labor	Macte_animo_Generose_puer_sic_itur_ad_astra	ORGAN-BASED	saltus_in_demonstrando	cacatum_non_est_pictum	cacatum_non_est_pictum
NonDICOMCTimages	GC-IMAGE-220174	GC-NonDICOMCTimages-179115	barba_crescit_caput_nescit	scientia_imperii_decus_et_tutamen	imperium_in_imperio	e.g., 2:1	barba_crescit_caput_nescit	labor_ipse_voluptas	saltus_in_demonstrando	LONGITUDINAL	barba_crescit_caput_nescit	faber_est_suae_quisque_fortunae	labor_ipse_voluptas
NonDICOMCTimages	GC-IMAGE-727530	GC-NonDICOMCTimages-203192	scientia_imperii_decus_et_tutamen	nanos_gigantum_humeris_insidentes	salus_in_arduis	e.g., 2:1	Obedientia_civium_urbis_felicitas	damnant_quod_non_intellegunt	scientia_imperii_decus_et_tutamen	ORGAN-BASED	scientia_imperii_decus_et_tutamen	barba_crescit_caput_nescit	scientiae_et_patriae
NonDICOMCTimages	GC-IMAGE-999832	GC-NonDICOMCTimages-232169	imperium_in_imperio	imperium_in_imperio	nascentes_morimur_finisque_ab_origine_pendet	e.g., 2:1	scientia,_aere_perennius	imperium_in_imperio	id_quod_plerumque_accidit	ECG-BASED	nanos_gigantum_humeris_insidentes	sapiens_qui_prospicit	labor_ipse_voluptas
NonDICOMCTimages	GC-IMAGE-441668	GC-NonDICOMCTimages-518700	pace_tua	sapiens_qui_prospicit	nanos_gigantum_humeris_insidentes	e.g., 2:1	scientiae_et_patriae	imperium_in_imperio	Obedientia_civium_urbis_felicitas	ANGULAR	imperium_in_imperio	scientia_et_sapientia	scientia_imperii_decus_et_tutamen
NonDICOMCTimages	GC-IMAGE-619595	GC-NonDICOMCTimages-816415	barba_crescit_caput_nescit	labor_ipse_voluptas	faber_est_suae_quisque_fortunae	e.g., 2:1	Gallia_est_omnis_divisa_in_partes_tres	e_causa_ignota	scientia,_aere_perennius	NONE	Obedientia_civium_urbis_felicitas	faber_est_suae_quisque_fortunae	faber_est_suae_quisque_fortunae
NonDICOMCTimages	GC-IMAGE-119098	GC-NonDICOMCTimages-266733	imperium_in_imperio	nanos_gigantum_humeris_insidentes	cacatum_non_est_pictum	e.g., 2:1	sapiens_qui_prospicit	nanos_gigantum_humeris_insidentes	scientiae_cedit_mare	LONGITUDINAL	scientia_et_labor	nanos_gigantum_humeris_insidentes	nascentes_morimur_finisque_ab_origine_pendet
NonDICOMCTimages	GC-IMAGE-700439	GC-NonDICOMCTimages-228700	scientiae_et_patriae	sapiens_qui_prospicit	a_bene_placito	e.g., 2:1	labor_ipse_voluptas	haec_olim_meminisse_iuvabit	scientia_imperii_decus_et_tutamen	LONGITUDINAL	cacatum_non_est_pictum	imperium_in_imperio	Gallia_est_omnis_divisa_in_partes_tres
NonDICOMCTimages	GC-IMAGE-967750	GC-NonDICOMCTimages-225333	damnant_quod_non_intellegunt	saltus_in_demonstrando	scientia_imperii_decus_et_tutamen	e.g., 2:1	Obedientia_civium_urbis_felicitas	id_quod_plerumque_accidit	scientiae_cedit_mare	ECG-BASED	saltus_in_demonstrando	Gallia_est_omnis_divisa_in_partes_tres	cacatum_non_est_pictum
NonDICOMCTimages	GC-IMAGE-375398	GC-NonDICOMCTimages-323250	scientia_imperii_decus_et_tutamen	Obedientia_civium_urbis_felicitas	scientia_et_sapientia	e.g., 2:1	Obedientia_civium_urbis_felicitas	barba_crescit_caput_nescit	Macte_animo_Generose_puer_sic_itur_ad_astra	ANGULAR	cacatum_non_est_pictum	a_bene_placito	pace_tua
NonDICOMCTimages	GC-IMAGE-832860	GC-NonDICOMCTimages-665449	cacatum_non_est_pictum	scientia_imperii_decus_et_tutamen	id_quod_plerumque_accidit	e.g., 2:1	cacatum_non_est_pictum	cacatum_non_est_pictum	a_bene_placito	NONE	faber_est_suae_quisque_fortunae	damnant_quod_non_intellegunt	Obedientia_civium_urbis_felicitas
NonDICOMCTimages	GC-IMAGE-302734	GC-NonDICOMCTimages-317645	scientia_imperii_decus_et_tutamen	scientia_imperii_decus_et_tutamen	faber_est_suae_quisque_fortunae	e.g., 2:1	saltus_in_demonstrando	haec_olim_meminisse_iuvabit	O_Tite_tute_Tati_tibi_tanta_tyranne_tulisti	ORGAN-BASED	id_quod_plerumque_accidit	sapiens_qui_prospicit	a_bene_placito
NonDICOMCTimages	GC-IMAGE-656269	GC-NonDICOMCTimages-119675	scientia_et_labor	saltus_in_demonstrando	faber_est_suae_quisque_fortunae	e.g., 2:1	sapiens_qui_prospicit	damnant_quod_non_intellegunt	nascentes_morimur_finisque_ab_origine_pendet	ECG-BASED	Obedientia_civium_urbis_felicitas	saltus_in_demonstrando	barba_crescit_caput_nescit
NonDICOMCTimages	GC-IMAGE-881390	GC-NonDICOMCTimages-854136	id_quod_plerumque_accidit	barba_crescit_caput_nescit	damnant_quod_non_intellegunt	e.g., 2:1	id_quod_plerumque_accidit	imperium_in_imperio	cacatum_non_est_pictum	LONGITUDINAL	scientia_et_labor	scientia_imperii_decus_et_tutamen	scientia_et_sapientia
NonDICOMCTimages	GC-IMAGE-159189	GC-NonDICOMCTimages-411480	pace_tua	scientiae_et_patriae	salus_in_arduis	e.g., 2:1	faber_est_suae_quisque_fortunae	cacatum_non_est_pictum	faber_est_suae_quisque_fortunae	LONGITUDINAL	scientia,_aere_perennius	damnant_quod_non_intellegunt	scientiae_et_patriae
NonDICOMCTimages	GC-IMAGE-748948	GC-NonDICOMCTimages-581435	scientia,_aere_perennius	sapiens_qui_prospicit	haec_olim_meminisse_iuvabit	e.g., 2:1	O_Tite_tute_Tati_tibi_tanta_tyranne_tulisti	scientia_et_labor	imperium_in_imperio	ANGULAR	imperium_in_imperio	labor_ipse_voluptas	scientia,_aere_perennius
NonDICOMCTimages	GC-IMAGE-504266	GC-NonDICOMCTimages-436892	cacatum_non_est_pictum	haec_olim_meminisse_iuvabit	barba_crescit_caput_nescit	e.g., 2:1	scientia_et_sapientia	e_causa_ignota	imperium_in_imperio	ANGULAR	damnant_quod_non_intellegunt	pace_tua	cacatum_non_est_pictum
NonDICOMCTimages	GC-IMAGE-896757	GC-NonDICOMCTimages-227244	Gallia_est_omnis_divisa_in_partes_tres	damnant_quod_non_intellegunt	saltus_in_demonstrando	e.g., 2:1	Obedientia_civium_urbis_felicitas	faber_est_suae_quisque_fortunae	scientia_et_sapientia	ECG-BASED	scientia_et_sapientia	Obedientia_civium_urbis_felicitas	labor_ipse_voluptas
NonDICOMCTimages	GC-IMAGE-550645	GC-NonDICOMCTimages-954709	id_quod_plerumque_accidit	id_quod_plerumque_accidit	a_bene_placito	e.g., 2:1	a_bene_placito	O_Tite_tute_Tati_tibi_tanta_tyranne_tulisti	scientia_imperii_decus_et_tutamen	LONGITUDINAL	scientia_et_labor	saltus_in_demonstrando	salus_in_arduis
NonDICOMCTimages	GC-IMAGE-289449	GC-NonDICOMCTimages-868986	e_causa_ignota	faber_est_suae_quisque_fortunae	sapiens_qui_prospicit	e.g., 2:1	a_bene_placito	scientiae_et_patriae	scientiae_et_patriae	ORGAN-BASED	sapiens_qui_prospicit	id_quod_plerumque_accidit	Macte_animo_Generose_puer_sic_itur_ad_astra
NonDICOMCTimages	GC-IMAGE-669340	GC-NonDICOMCTimages-104610	haec_olim_meminisse_iuvabit	scientiae_cedit_mare	saltus_in_demonstrando	e.g., 2:1	saltus_in_demonstrando	nanos_gigantum_humeris_insidentes	scientia_et_labor	NONE	pace_tua	barba_crescit_caput_nescit	sapiens_qui_prospicit
NonDICOMCTimages	GC-IMAGE-299964	GC-NonDICOMCTimages-775911	saltus_in_demonstrando	nanos_gigantum_humeris_insidentes	saltus_in_demonstrando	e.g., 2:1	labor_ipse_voluptas	scientiae_cedit_mare	a_bene_placito	LONGITUDINAL	a_bene_placito	haec_olim_meminisse_iuvabit	labor_ipse_voluptas
NonDICOMCTimages	GC-IMAGE-483799	GC-NonDICOMCTimages-293326	faber_est_suae_quisque_fortunae	nanos_gigantum_humeris_insidentes	Macte_animo_Generose_puer_sic_itur_ad_astra	e.g., 2:1	imperium_in_imperio	salus_in_arduis	labor_ipse_voluptas	LONGITUDINAL	id_quod_plerumque_accidit	scientia_et_sapientia	scientiae_cedit_mare
NonDICOMCTimages	GC-IMAGE-510616	GC-NonDICOMCTimages-348833	haec_olim_meminisse_iuvabit	id_quod_plerumque_accidit	Gallia_est_omnis_divisa_in_partes_tres	e.g., 2:1	faber_est_suae_quisque_fortunae	damnant_quod_non_intellegunt	imperium_in_imperio	ORGAN-BASED	pace_tua	scientia_imperii_decus_et_tutamen	pace_tua
NonDICOMCTimages	GC-IMAGE-470303	GC-NonDICOMCTimages-839205	haec_olim_meminisse_iuvabit	scientia_imperii_decus_et_tutamen	Macte_animo_Generose_puer_sic_itur_ad_astra	e.g., 2:1	scientia_et_sapientia	scientia_et_sapientia	a_bene_placito	ANGULAR	haec_olim_meminisse_iuvabit	Obedientia_civium_urbis_felicitas	scientia_et_sapientia
NonDICOMCTimages	GC-IMAGE-744547	GC-NonDICOMCTimages-546265	id_quod_plerumque_accidit	scientia_imperii_decus_et_tutamen	a_bene_placito	e.g., 2:1	a_bene_placito	haec_olim_meminisse_iuvabit	saltus_in_demonstrando	ORGAN-BASED	nascentes_morimur_finisque_ab_origine_pendet	salus_in_arduis	e_causa_ignota
NonDICOMCTimages	GC-IMAGE-795097	GC-NonDICOMCTimages-321727	scientia_imperii_decus_et_tutamen	barba_crescit_caput_nescit	scientiae_et_patriae	e.g., 2:1	barba_crescit_caput_nescit	nanos_gigantum_humeris_insidentes	scientia,_aere_perennius	LONGITUDINAL	pace_tua	saltus_in_demonstrando	id_quod_plerumque_accidit
NonDICOMCTimages	GC-IMAGE-808799	GC-NonDICOMCTimages-243430	salus_in_arduis	saltus_in_demonstrando	O_Tite_tute_Tati_tibi_tanta_tyranne_tulisti	e.g., 2:1	cacatum_non_est_pictum	cacatum_non_est_pictum	O_Tite_tute_Tati_tibi_tanta_tyranne_tulisti	LONGITUDINAL	Macte_animo_Generose_puer_sic_itur_ad_astra	sapiens_qui_prospicit	damnant_quod_non_intellegunt
NonDICOMCTimages	GC-IMAGE-573348	GC-NonDICOMCTimages-901988	haec_olim_meminisse_iuvabit	scientiae_et_patriae	scientiae_et_patriae	e.g., 2:1	scientia_et_sapientia	cacatum_non_est_pictum	a_bene_placito	ANGULAR	scientia_et_labor	Macte_animo_Generose_puer_sic_itur_ad_astra	nascentes_morimur_finisque_ab_origine_pendet
NonDICOMCTimages	GC-IMAGE-941956	GC-NonDICOMCTimages-477760	Macte_animo_Generose_puer_sic_itur_ad_astra	scientia,_aere_perennius	damnant_quod_non_intellegunt	e.g., 2:1	barba_crescit_caput_nescit	imperium_in_imperio	O_Tite_tute_Tati_tibi_tanta_tyranne_tulisti	ANGULAR	nanos_gigantum_humeris_insidentes	nanos_gigantum_humeris_insidentes	sapiens_qui_prospicit
NonDICOMCTimages	GC-IMAGE-351629	GC-NonDICOMCTimages-159776	imperium_in_imperio	scientia,_aere_perennius	sapiens_qui_prospicit	e.g., 2:1	cacatum_non_est_pictum	a_bene_placito	scientia_imperii_decus_et_tutamen	ANGULAR	e_causa_ignota	salus_in_arduis	id_quod_plerumque_accidit
NonDICOMCTimages	GC-IMAGE-291087	GC-NonDICOMCTimages-434578	Obedientia_civium_urbis_felicitas	labor_ipse_voluptas	pace_tua	e.g., 2:1	O_Tite_tute_Tati_tibi_tanta_tyranne_tulisti	Gallia_est_omnis_divisa_in_partes_tres	scientia_imperii_decus_et_tutamen	ANGULAR	scientia_imperii_decus_et_tutamen	faber_est_suae_quisque_fortunae	barba_crescit_caput_nescit
NonDICOMCTimages	GC-IMAGE-485997	GC-NonDICOMCTimages-732987	Obedientia_civium_urbis_felicitas	labor_ipse_voluptas	pace_tua	e.g., 2:1	cacatum_non_est_pictum	Obedientia_civium_urbis_felicitas	O_Tite_tute_Tati_tibi_tanta_tyranne_tulisti	NONE	scientia_et_sapientia	haec_olim_meminisse_iuvabit	scientiae_et_patriae
NonDICOMCTimages	GC-IMAGE-519963	GC-NonDICOMCTimages-461952	a_bene_placito	haec_olim_meminisse_iuvabit	cacatum_non_est_pictum	e.g., 2:1	scientia,_aere_perennius	faber_est_suae_quisque_fortunae	Macte_animo_Generose_puer_sic_itur_ad_astra	LONGITUDINAL	saltus_in_demonstrando	scientiae_cedit_mare	salus_in_arduis
NonDICOMCTimages	GC-IMAGE-216616	GC-NonDICOMCTimages-689548	scientia_et_labor	barba_crescit_caput_nescit	imperium_in_imperio	e.g., 2:1	Obedientia_civium_urbis_felicitas	Gallia_est_omnis_divisa_in_partes_tres	scientiae_et_patriae	ANGULAR	imperium_in_imperio	imperium_in_imperio	scientiae_cedit_mare
NonDICOMCTimages	GC-IMAGE-742213	GC-NonDICOMCTimages-438869	id_quod_plerumque_accidit	scientia_imperii_decus_et_tutamen	Gallia_est_omnis_divisa_in_partes_tres	e.g., 2:1	a_bene_placito	O_Tite_tute_Tati_tibi_tanta_tyranne_tulisti	imperium_in_imperio	ANGULAR	pace_tua	Gallia_est_omnis_divisa_in_partes_tres	cacatum_non_est_pictum
NonDICOMCTimages	GC-IMAGE-947729	GC-NonDICOMCTimages-844331	pace_tua	scientia,_aere_perennius	nanos_gigantum_humeris_insidentes	e.g., 2:1	scientia,_aere_perennius	scientia_et_labor	sapiens_qui_prospicit	ECG-BASED	cacatum_non_est_pictum	damnant_quod_non_intellegunt	nanos_gigantum_humeris_insidentes
NonDICOMCTimages	GC-IMAGE-647918	GC-NonDICOMCTimages-123880	salus_in_arduis	faber_est_suae_quisque_fortunae	Macte_animo_Generose_puer_sic_itur_ad_astra	e.g., 2:1	nanos_gigantum_humeris_insidentes	nascentes_morimur_finisque_ab_origine_pendet	O_Tite_tute_Tati_tibi_tanta_tyranne_tulisti	ORGAN-BASED	sapiens_qui_prospicit	scientia_et_sapientia	Gallia_est_omnis_divisa_in_partes_tres
NonDICOMCTimages	GC-IMAGE-643876	GC-NonDICOMCTimages-482147	scientiae_cedit_mare	scientiae_cedit_mare	imperium_in_imperio	e.g., 2:1	scientia_et_sapientia	sapiens_qui_prospicit	scientia,_aere_perennius	ANGULAR	faber_est_suae_quisque_fortunae	sapiens_qui_prospicit	scientiae_cedit_mare
NonDICOMCTimages	GC-IMAGE-650748	GC-NonDICOMCTimages-652022	scientia,_aere_perennius	salus_in_arduis	scientiae_cedit_mare	e.g., 2:1	faber_est_suae_quisque_fortunae	O_Tite_tute_Tati_tibi_tanta_tyranne_tulisti	Macte_animo_Generose_puer_sic_itur_ad_astra	ORGAN-BASED	scientiae_et_patriae	labor_ipse_voluptas	e_causa_ignota
NonDICOMCTimages	GC-IMAGE-530557	GC-NonDICOMCTimages-715841	saltus_in_demonstrando	O_Tite_tute_Tati_tibi_tanta_tyranne_tulisti	O_Tite_tute_Tati_tibi_tanta_tyranne_tulisti	e.g., 2:1	Macte_animo_Generose_puer_sic_itur_ad_astra	scientia_imperii_decus_et_tutamen	salus_in_arduis	ANGULAR	nanos_gigantum_humeris_insidentes	Gallia_est_omnis_divisa_in_partes_tres	Macte_animo_Generose_puer_sic_itur_ad_astra
NonDICOMCTimages	GC-IMAGE-586183	GC-NonDICOMCTimages-572489	saltus_in_demonstrando	sapiens_qui_prospicit	imperium_in_imperio	e.g., 2:1	barba_crescit_caput_nescit	labor_ipse_voluptas	faber_est_suae_quisque_fortunae	LONGITUDINAL	imperium_in_imperio	scientiae_et_patriae	cacatum_non_est_pictum
NonDICOMCTimages	GC-IMAGE-309727	GC-NonDICOMCTimages-311217	saltus_in_demonstrando	salus_in_arduis	nascentes_morimur_finisque_ab_origine_pendet	e.g., 2:1	cacatum_non_est_pictum	labor_ipse_voluptas	O_Tite_tute_Tati_tibi_tanta_tyranne_tulisti	ECG-BASED	a_bene_placito	scientia_et_sapientia	scientiae_cedit_mare
NonDICOMCTimages	GC-IMAGE-662359	GC-NonDICOMCTimages-302006	scientia_imperii_decus_et_tutamen	barba_crescit_caput_nescit	e_causa_ignota	e.g., 2:1	faber_est_suae_quisque_fortunae	pace_tua	Obedientia_civium_urbis_felicitas	ANGULAR	nascentes_morimur_finisque_ab_origine_pendet	scientia,_aere_perennius	scientiae_cedit_mare
NonDICOMCTimages	GC-IMAGE-392212	GC-NonDICOMCTimages-772983	O_Tite_tute_Tati_tibi_tanta_tyranne_tulisti	labor_ipse_voluptas	haec_olim_meminisse_iuvabit	e.g., 2:1	pace_tua	nanos_gigantum_humeris_insidentes	pace_tua	NONE	Obedientia_civium_urbis_felicitas	imperium_in_imperio	scientia_et_labor
NonDICOMCTimages	GC-IMAGE-761144	GC-NonDICOMCTimages-757338	imperium_in_imperio	Obedientia_civium_urbis_felicitas	id_quod_plerumque_accidit	e.g., 2:1	saltus_in_demonstrando	saltus_in_demonstrando	scientia_et_sapientia	ECG-BASED	scientia_et_sapientia	Obedientia_civium_urbis_felicitas	nascentes_morimur_finisque_ab_origine_pendet
NonDICOMCTimages	GC-IMAGE-953587	GC-NonDICOMCTimages-373651	sapiens_qui_prospicit	Macte_animo_Generose_puer_sic_itur_ad_astra	imperium_in_imperio	e.g., 2:1	e_causa_ignota	cacatum_non_est_pictum	Macte_animo_Generose_puer_sic_itur_ad_astra	ANGULAR	haec_olim_meminisse_iuvabit	pace_tua	labor_ipse_voluptas
NonDICOMCTimages	GC-IMAGE-552304	GC-NonDICOMCTimages-381671	scientiae_cedit_mare	Gallia_est_omnis_divisa_in_partes_tres	Macte_animo_Generose_puer_sic_itur_ad_astra	e.g., 2:1	Macte_animo_Generose_puer_sic_itur_ad_astra	nascentes_morimur_finisque_ab_origine_pendet	Obedientia_civium_urbis_felicitas	ECG-BASED	Gallia_est_omnis_divisa_in_partes_tres	sapiens_qui_prospicit	O_Tite_tute_Tati_tibi_tanta_tyranne_tulisti
NonDICOMCTimages	GC-IMAGE-469004	GC-NonDICOMCTimages-564603	barba_crescit_caput_nescit	scientia_et_sapientia	Macte_animo_Generose_puer_sic_itur_ad_astra	e.g., 2:1	pace_tua	scientia_et_sapientia	scientiae_et_patriae	LONGITUDINAL	id_quod_plerumque_accidit	haec_olim_meminisse_iuvabit	faber_est_suae_quisque_fortunae
NonDICOMCTimages	GC-IMAGE-595347	GC-NonDICOMCTimages-618817	Gallia_est_omnis_divisa_in_partes_tres	salus_in_arduis	e_causa_ignota	e.g., 2:1	pace_tua	labor_ipse_voluptas	scientia_et_labor	NONE	Macte_animo_Generose_puer_sic_itur_ad_astra	scientia_et_sapientia	Gallia_est_omnis_divisa_in_partes_tres
NonDICOMCTimages	GC-IMAGE-829028	GC-NonDICOMCTimages-845501	O_Tite_tute_Tati_tibi_tanta_tyranne_tulisti	pace_tua	cacatum_non_est_pictum	e.g., 2:1	id_quod_plerumque_accidit	salus_in_arduis	id_quod_plerumque_accidit	ORGAN-BASED	O_Tite_tute_Tati_tibi_tanta_tyranne_tulisti	scientia_imperii_decus_et_tutamen	pace_tua
NonDICOMCTimages	GC-IMAGE-458348	GC-NonDICOMCTimages-200027	scientiae_et_patriae	imperium_in_imperio	haec_olim_meminisse_iuvabit	e.g., 2:1	O_Tite_tute_Tati_tibi_tanta_tyranne_tulisti	Gallia_est_omnis_divisa_in_partes_tres	Obedientia_civium_urbis_felicitas	ECG-BASED	nascentes_morimur_finisque_ab_origine_pendet	damnant_quod_non_intellegunt	nascentes_morimur_finisque_ab_origine_pendet
NonDICOMCTimages	GC-IMAGE-676863	GC-NonDICOMCTimages-909970	O_Tite_tute_Tati_tibi_tanta_tyranne_tulisti	damnant_quod_non_intellegunt	cacatum_non_est_pictum	e.g., 2:1	e_causa_ignota	pace_tua	scientia,_aere_perennius	ECG-BASED	haec_olim_meminisse_iuvabit	scientiae_et_patriae	damnant_quod_non_intellegunt
NonDICOMCTimages	GC-IMAGE-935028	GC-NonDICOMCTimages-882190	cacatum_non_est_pictum	nascentes_morimur_finisque_ab_origine_pendet	O_Tite_tute_Tati_tibi_tanta_tyranne_tulisti	e.g., 2:1	damnant_quod_non_intellegunt	O_Tite_tute_Tati_tibi_tanta_tyranne_tulisti	damnant_quod_non_intellegunt	ORGAN-BASED	Macte_animo_Generose_puer_sic_itur_ad_astra	e_causa_ignota	saltus_in_demonstrando
NonDICOMCTimages	GC-IMAGE-177054	GC-NonDICOMCTimages-339112	salus_in_arduis	salus_in_arduis	O_Tite_tute_Tati_tibi_tanta_tyranne_tulisti	e.g., 2:1	scientia_imperii_decus_et_tutamen	scientiae_cedit_mare	Macte_animo_Generose_puer_sic_itur_ad_astra	ANGULAR	Obedientia_civium_urbis_felicitas	scientiae_et_patriae	saltus_in_demonstrando
NonDICOMCTimages	GC-IMAGE-972058	GC-NonDICOMCTimages-288014	nanos_gigantum_humeris_insidentes	labor_ipse_voluptas	nascentes_morimur_finisque_ab_origine_pendet	e.g., 2:1	id_quod_plerumque_accidit	nascentes_morimur_finisque_ab_origine_pendet	scientia,_aere_perennius	ECG-BASED	scientia_imperii_decus_et_tutamen	nascentes_morimur_finisque_ab_origine_pendet	scientiae_cedit_mare
NonDICOMCTimages	GC-IMAGE-534892	GC-NonDICOMCTimages-319847	haec_olim_meminisse_iuvabit	pace_tua	scientia_et_sapientia	e.g., 2:1	sapiens_qui_prospicit	imperium_in_imperio	a_bene_placito	ANGULAR	scientia_et_sapientia	scientia,_aere_perennius	salus_in_arduis
NonDICOMCTimages	GC-IMAGE-695086	GC-NonDICOMCTimages-271139	salus_in_arduis	Macte_animo_Generose_puer_sic_itur_ad_astra	Obedientia_civium_urbis_felicitas	e.g., 2:1	labor_ipse_voluptas	scientia_et_labor	labor_ipse_voluptas	NONE	saltus_in_demonstrando	saltus_in_demonstrando	damnant_quod_non_intellegunt
NonDICOMCTimages	GC-IMAGE-571575	GC-NonDICOMCTimages-992474	a_bene_placito	scientia_et_sapientia	scientia_imperii_decus_et_tutamen	e.g., 2:1	faber_est_suae_quisque_fortunae	scientiae_cedit_mare	barba_crescit_caput_nescit	ORGAN-BASED	Gallia_est_omnis_divisa_in_partes_tres	faber_est_suae_quisque_fortunae	scientia_imperii_decus_et_tutamen
NonDICOMCTimages	GC-IMAGE-956927	GC-NonDICOMCTimages-139229	barba_crescit_caput_nescit	scientia_et_sapientia	e_causa_ignota	e.g., 2:1	Obedientia_civium_urbis_felicitas	sapiens_qui_prospicit	pace_tua	NONE	faber_est_suae_quisque_fortunae	sapiens_qui_prospicit	Macte_animo_Generose_puer_sic_itur_ad_astra
NonDICOMCTimages	GC-IMAGE-137491	GC-NonDICOMCTimages-847112	damnant_quod_non_intellegunt	damnant_quod_non_intellegunt	labor_ipse_voluptas	e.g., 2:1	damnant_quod_non_intellegunt	saltus_in_demonstrando	sapiens_qui_prospicit	ECG-BASED	sapiens_qui_prospicit	sapiens_qui_prospicit	e_causa_ignota
NonDICOMCTimages	GC-IMAGE-279207	GC-NonDICOMCTimages-594043	cacatum_non_est_pictum	scientia_imperii_decus_et_tutamen	saltus_in_demonstrando	e.g., 2:1	scientia_et_sapientia	e_causa_ignota	scientia_imperii_decus_et_tutamen	NONE	scientia_et_sapientia	scientia,_aere_perennius	e_causa_ignota
NonDICOMCTimages	GC-IMAGE-291892	GC-NonDICOMCTimages-651875	scientia,_aere_perennius	nanos_gigantum_humeris_insidentes	scientia_et_sapientia	e.g., 2:1	Gallia_est_omnis_divisa_in_partes_tres	sapiens_qui_prospicit	saltus_in_demonstrando	ORGAN-BASED	sapiens_qui_prospicit	a_bene_placito	scientia_et_labor
NonDICOMCTimages	GC-IMAGE-366961	GC-NonDICOMCTimages-315884	a_bene_placito	haec_olim_meminisse_iuvabit	scientiae_et_patriae	e.g., 2:1	imperium_in_imperio	nascentes_morimur_finisque_ab_origine_pendet	nascentes_morimur_finisque_ab_origine_pendet	LONGITUDINAL	nascentes_morimur_finisque_ab_origine_pendet	pace_tua	Macte_animo_Generose_puer_sic_itur_ad_astra
NonDICOMCTimages	GC-IMAGE-151467	GC-NonDICOMCTimages-130171	cacatum_non_est_pictum	Gallia_est_omnis_divisa_in_partes_tres	labor_ipse_voluptas	e.g., 2:1	scientia_et_sapientia	nanos_gigantum_humeris_insidentes	cacatum_non_est_pictum	LONGITUDINAL	Gallia_est_omnis_divisa_in_partes_tres	Obedientia_civium_urbis_felicitas	salus_in_arduis
NonDICOMCTimages	GC-IMAGE-903375	GC-NonDICOMCTimages-938844	barba_crescit_caput_nescit	cacatum_non_est_pictum	faber_est_suae_quisque_fortunae	e.g., 2:1	scientia,_aere_perennius	e_causa_ignota	Macte_animo_Generose_puer_sic_itur_ad_astra	ECG-BASED	nascentes_morimur_finisque_ab_origine_pendet	damnant_quod_non_intellegunt	saltus_in_demonstrando
NonDICOMCTimages	GC-IMAGE-863020	GC-NonDICOMCTimages-116468	faber_est_suae_quisque_fortunae	scientia_imperii_decus_et_tutamen	cacatum_non_est_pictum	e.g., 2:1	labor_ipse_voluptas	scientia,_aere_perennius	Macte_animo_Generose_puer_sic_itur_ad_astra	ANGULAR	e_causa_ignota	labor_ipse_voluptas	scientiae_et_patriae
NonDICOMCTimages	GC-IMAGE-902332	GC-NonDICOMCTimages-363677	Obedientia_civium_urbis_felicitas	a_bene_placito	imperium_in_imperio	e.g., 2:1	scientia,_aere_perennius	scientia_imperii_decus_et_tutamen	Obedientia_civium_urbis_felicitas	ANGULAR	faber_est_suae_quisque_fortunae	e_causa_ignota	faber_est_suae_quisque_fortunae
NonDICOMCTimages	GC-IMAGE-426806	GC-NonDICOMCTimages-160593	nascentes_morimur_finisque_ab_origine_pendet	sapiens_qui_prospicit	labor_ipse_voluptas	e.g., 2:1	scientia,_aere_perennius	scientia_et_labor	Gallia_est_omnis_divisa_in_partes_tres	ANGULAR	pace_tua	faber_est_suae_quisque_fortunae	nascentes_morimur_finisque_ab_origine_pendet
NonDICOMCTimages	GC-IMAGE-815491	GC-NonDICOMCTimages-773902	saltus_in_demonstrando	haec_olim_meminisse_iuvabit	Gallia_est_omnis_divisa_in_partes_tres	e.g., 2:1	scientia,_aere_perennius	haec_olim_meminisse_iuvabit	scientiae_et_patriae	NONE	e_causa_ignota	scientia,_aere_perennius	scientiae_et_patriae
NonDICOMCTimages	GC-IMAGE-799182	GC-NonDICOMCTimages-389313	Macte_animo_Generose_puer_sic_itur_ad_astra	scientia_et_sapientia	damnant_quod_non_intellegunt	e.g., 2:1	labor_ipse_voluptas	scientia_et_sapientia	Obedientia_civium_urbis_felicitas	ECG-BASED	sapiens_qui_prospicit	Macte_animo_Generose_puer_sic_itur_ad_astra	haec_olim_meminisse_iuvabit
NonDICOMCTimages	GC-IMAGE-239864	GC-NonDICOMCTimages-301127	faber_est_suae_quisque_fortunae	cacatum_non_est_pictum	scientia,_aere_perennius	e.g., 2:1	e_causa_ignota	imperium_in_imperio	e_causa_ignota	ANGULAR	scientia_et_sapientia	scientia,_aere_perennius	barba_crescit_caput_nescit
NonDICOMCTimages	GC-IMAGE-568529	GC-NonDICOMCTimages-174610	salus_in_arduis	e_causa_ignota	scientia_imperii_decus_et_tutamen	e.g., 2:1	id_quod_plerumque_accidit	scientia_et_sapientia	barba_crescit_caput_nescit	ECG-BASED	damnant_quod_non_intellegunt	e_causa_ignota	scientiae_cedit_mare
NonDICOMCTimages	GC-IMAGE-915795	GC-NonDICOMCTimages-191999	cacatum_non_est_pictum	Gallia_est_omnis_divisa_in_partes_tres	nanos_gigantum_humeris_insidentes	e.g., 2:1	Obedientia_civium_urbis_felicitas	scientia_et_sapientia	saltus_in_demonstrando	ECG-BASED	a_bene_placito	scientia,_aere_perennius	salus_in_arduis
NonDICOMCTimages	GC-IMAGE-311641	GC-NonDICOMCTimages-435432	e_causa_ignota	pace_tua	O_Tite_tute_Tati_tibi_tanta_tyranne_tulisti	e.g., 2:1	scientia_imperii_decus_et_tutamen	cacatum_non_est_pictum	sapiens_qui_prospicit	ORGAN-BASED	scientia_et_labor	scientia_et_labor	sapiens_qui_prospicit
NonDICOMCTimages	GC-IMAGE-553011	GC-NonDICOMCTimages-379860	haec_olim_meminisse_iuvabit	nascentes_morimur_finisque_ab_origine_pendet	nascentes_morimur_finisque_ab_origine_pendet	e.g., 2:1	pace_tua	id_quod_plerumque_accidit	imperium_in_imperio	NONE	nanos_gigantum_humeris_insidentes	nascentes_morimur_finisque_ab_origine_pendet	a_bene_placito
NonDICOMCTimages	GC-IMAGE-838601	GC-NonDICOMCTimages-860203	O_Tite_tute_Tati_tibi_tanta_tyranne_tulisti	scientia,_aere_perennius	barba_crescit_caput_nescit	e.g., 2:1	O_Tite_tute_Tati_tibi_tanta_tyranne_tulisti	sapiens_qui_prospicit	imperium_in_imperio	LONGITUDINAL	O_Tite_tute_Tati_tibi_tanta_tyranne_tulisti	Gallia_est_omnis_divisa_in_partes_tres	e_causa_ignota
NonDICOMCTimages	GC-IMAGE-656706	GC-NonDICOMCTimages-416297	scientiae_et_patriae	Gallia_est_omnis_divisa_in_partes_tres	Macte_animo_Generose_puer_sic_itur_ad_astra	e.g., 2:1	scientia_et_labor	scientiae_et_patriae	scientia_et_labor	LONGITUDINAL	labor_ipse_voluptas	labor_ipse_voluptas	salus_in_arduis
NonDICOMCTimages	GC-IMAGE-250959	GC-NonDICOMCTimages-752491	scientiae_et_patriae	nanos_gigantum_humeris_insidentes	cacatum_non_est_pictum	e.g., 2:1	sapiens_qui_prospicit	labor_ipse_voluptas	O_Tite_tute_Tati_tibi_tanta_tyranne_tulisti	ORGAN-BASED	haec_olim_meminisse_iuvabit	e_causa_ignota	nanos_gigantum_humeris_insidentes
NonDICOMCTimages	GC-IMAGE-988476	GC-NonDICOMCTimages-123396	nanos_gigantum_humeris_insidentes	sapiens_qui_prospicit	labor_ipse_voluptas	e.g., 2:1	imperium_in_imperio	haec_olim_meminisse_iuvabit	damnant_quod_non_intellegunt	LONGITUDINAL	a_bene_placito	e_causa_ignota	nascentes_morimur_finisque_ab_origine_pendet
NonDICOMCTimages	GC-IMAGE-694800	GC-NonDICOMCTimages-532102	a_bene_placito	scientia_et_sapientia	nascentes_morimur_finisque_ab_origine_pendet	e.g., 2:1	labor_ipse_voluptas	scientia_et_sapientia	labor_ipse_voluptas	LONGITUDINAL	O_Tite_tute_Tati_tibi_tanta_tyranne_tulisti	nascentes_morimur_finisque_ab_origine_pendet	salus_in_arduis
NonDICOMCTimages	GC-IMAGE-265680	GC-NonDICOMCTimages-538133	saltus_in_demonstrando	haec_olim_meminisse_iuvabit	e_causa_ignota	e.g., 2:1	scientiae_cedit_mare	e_causa_ignota	a_bene_placito	ORGAN-BASED	id_quod_plerumque_accidit	Obedientia_civium_urbis_felicitas	barba_crescit_caput_nescit
NonDICOMCTimages	GC-IMAGE-633676	GC-NonDICOMCTimages-451225	Macte_animo_Generose_puer_sic_itur_ad_astra	barba_crescit_caput_nescit	scientia,_aere_perennius	e.g., 2:1	Gallia_est_omnis_divisa_in_partes_tres	cacatum_non_est_pictum	a_bene_placito	ORGAN-BASED	haec_olim_meminisse_iuvabit	scientia,_aere_perennius	sapiens_qui_prospicit
NonDICOMCTimages	GC-IMAGE-200200	GC-NonDICOMCTimages-262069	salus_in_arduis	O_Tite_tute_Tati_tibi_tanta_tyranne_tulisti	salus_in_arduis	e.g., 2:1	scientia_imperii_decus_et_tutamen	damnant_quod_non_intellegunt	scientia_imperii_decus_et_tutamen	NONE	pace_tua	nascentes_morimur_finisque_ab_origine_pendet	scientia,_aere_perennius
NonDICOMCTimages	GC-IMAGE-964245	GC-NonDICOMCTimages-212427	faber_est_suae_quisque_fortunae	Macte_animo_Generose_puer_sic_itur_ad_astra	barba_crescit_caput_nescit	e.g., 2:1	imperium_in_imperio	pace_tua	Obedientia_civium_urbis_felicitas	ANGULAR	nascentes_morimur_finisque_ab_origine_pendet	sapiens_qui_prospicit	e_causa_ignota
NonDICOMCTimages	GC-IMAGE-780594	GC-NonDICOMCTimages-255057	saltus_in_demonstrando	pace_tua	O_Tite_tute_Tati_tibi_tanta_tyranne_tulisti	e.g., 2:1	scientia_et_sapientia	id_quod_plerumque_accidit	barba_crescit_caput_nescit	ECG-BASED	saltus_in_demonstrando	a_bene_placito	id_quod_plerumque_accidit
NonDICOMCTimages	GC-IMAGE-452752	GC-NonDICOMCTimages-799045	damnant_quod_non_intellegunt	labor_ipse_voluptas	nanos_gigantum_humeris_insidentes	e.g., 2:1	a_bene_placito	imperium_in_imperio	salus_in_arduis	ORGAN-BASED	scientia,_aere_perennius	Obedientia_civium_urbis_felicitas	Macte_animo_Generose_puer_sic_itur_ad_astra
NonDICOMCTimages	GC-IMAGE-473031	GC-NonDICOMCTimages-693168	Obedientia_civium_urbis_felicitas	labor_ipse_voluptas	Macte_animo_Generose_puer_sic_itur_ad_astra	e.g., 2:1	e_causa_ignota	scientia,_aere_perennius	scientiae_et_patriae	ORGAN-BASED	scientiae_et_patriae	labor_ipse_voluptas	salus_in_arduis
NonDICOMCTimages	GC-IMAGE-825299	GC-NonDICOMCTimages-851429	faber_est_suae_quisque_fortunae	scientia_imperii_decus_et_tutamen	scientiae_et_patriae	e.g., 2:1	O_Tite_tute_Tati_tibi_tanta_tyranne_tulisti	Gallia_est_omnis_divisa_in_partes_tres	scientia,_aere_perennius	NONE	scientia,_aere_perennius	pace_tua	Gallia_est_omnis_divisa_in_partes_tres
NonDICOMCTimages	GC-IMAGE-475094	GC-NonDICOMCTimages-637994	e_causa_ignota	saltus_in_demonstrando	scientia,_aere_perennius	e.g., 2:1	Obedientia_civium_urbis_felicitas	scientia_et_labor	Obedientia_civium_urbis_felicitas	NONE	O_Tite_tute_Tati_tibi_tanta_tyranne_tulisti	cacatum_non_est_pictum	O_Tite_tute_Tati_tibi_tanta_tyranne_tulisti
NonDICOMCTimages	GC-IMAGE-992753	GC-NonDICOMCTimages-596000	scientia_et_labor	id_quod_plerumque_accidit	O_Tite_tute_Tati_tibi_tanta_tyranne_tulisti	e.g., 2:1	scientiae_et_patriae	labor_ipse_voluptas	Obedientia_civium_urbis_felicitas	LONGITUDINAL	e_causa_ignota	damnant_quod_non_intellegunt	a_bene_placito
NonDICOMCTimages	GC-IMAGE-534895	GC-NonDICOMCTimages-368666	scientia_et_labor	faber_est_suae_quisque_fortunae	O_Tite_tute_Tati_tibi_tanta_tyranne_tulisti	e.g., 2:1	salus_in_arduis	scientia_et_sapientia	labor_ipse_voluptas	ANGULAR	damnant_quod_non_intellegunt	a_bene_placito	Obedientia_civium_urbis_felicitas
NonDICOMCTimages	GC-IMAGE-235158	GC-NonDICOMCTimages-728033	scientia_et_labor	barba_crescit_caput_nescit	cacatum_non_est_pictum	e.g., 2:1	scientia_et_sapientia	id_quod_plerumque_accidit	scientiae_et_patriae	LONGITUDINAL	scientia_et_sapientia	nascentes_morimur_finisque_ab_origine_pendet	scientia,_aere_perennius
NonDICOMCTimages	GC-IMAGE-856905	GC-NonDICOMCTimages-550185	faber_est_suae_quisque_fortunae	pace_tua	nascentes_morimur_finisque_ab_origine_pendet	e.g., 2:1	scientia_imperii_decus_et_tutamen	scientiae_et_patriae	pace_tua	NONE	haec_olim_meminisse_iuvabit	damnant_quod_non_intellegunt	saltus_in_demonstrando
NonDICOMCTimages	GC-IMAGE-836092	GC-NonDICOMCTimages-936359	Obedientia_civium_urbis_felicitas	scientia,_aere_perennius	nascentes_morimur_finisque_ab_origine_pendet	e.g., 2:1	e_causa_ignota	faber_est_suae_quisque_fortunae	scientia_et_sapientia	LONGITUDINAL	O_Tite_tute_Tati_tibi_tanta_tyranne_tulisti	haec_olim_meminisse_iuvabit	Obedientia_civium_urbis_felicitas
NonDICOMCTimages	GC-IMAGE-635790	GC-NonDICOMCTimages-943397	cacatum_non_est_pictum	scientia_et_labor	salus_in_arduis	e.g., 2:1	haec_olim_meminisse_iuvabit	cacatum_non_est_pictum	scientia_et_labor	ECG-BASED	Gallia_est_omnis_divisa_in_partes_tres	barba_crescit_caput_nescit	scientia,_aere_perennius
NonDICOMCTimages	GC-IMAGE-586891	GC-NonDICOMCTimages-781832	e_causa_ignota	nascentes_morimur_finisque_ab_origine_pendet	nascentes_morimur_finisque_ab_origine_pendet	e.g., 2:1	salus_in_arduis	Gallia_est_omnis_divisa_in_partes_tres	imperium_in_imperio	LONGITUDINAL	pace_tua	damnant_quod_non_intellegunt	Macte_animo_Generose_puer_sic_itur_ad_astra
NonDICOMCTimages	GC-IMAGE-702184	GC-NonDICOMCTimages-498860	O_Tite_tute_Tati_tibi_tanta_tyranne_tulisti	faber_est_suae_quisque_fortunae	faber_est_suae_quisque_fortunae	e.g., 2:1	haec_olim_meminisse_iuvabit	id_quod_plerumque_accidit	scientia_et_labor	ORGAN-BASED	haec_olim_meminisse_iuvabit	scientiae_et_patriae	scientiae_et_patriae
NonDICOMCTimages	GC-IMAGE-462781	GC-NonDICOMCTimages-100508	scientia_imperii_decus_et_tutamen	a_bene_placito	Obedientia_civium_urbis_felicitas	e.g., 2:1	nascentes_morimur_finisque_ab_origine_pendet	scientia_et_sapientia	nanos_gigantum_humeris_insidentes	ECG-BASED	scientia,_aere_perennius	barba_crescit_caput_nescit	O_Tite_tute_Tati_tibi_tanta_tyranne_tulisti
NonDICOMCTimages	GC-IMAGE-707876	GC-NonDICOMCTimages-514539	id_quod_plerumque_accidit	id_quod_plerumque_accidit	scientia,_aere_perennius	e.g., 2:1	a_bene_placito	nanos_gigantum_humeris_insidentes	a_bene_placito	ANGULAR	cacatum_non_est_pictum	Macte_animo_Generose_puer_sic_itur_ad_astra	barba_crescit_caput_nescit
NonDICOMCTimages	GC-IMAGE-410546	GC-NonDICOMCTimages-286955	haec_olim_meminisse_iuvabit	nanos_gigantum_humeris_insidentes	scientia_imperii_decus_et_tutamen	e.g., 2:1	O_Tite_tute_Tati_tibi_tanta_tyranne_tulisti	id_quod_plerumque_accidit	id_quod_plerumque_accidit	ORGAN-BASED	scientia,_aere_perennius	scientia_et_labor	id_quod_plerumque_accidit
NonDICOMCTimages	GC-IMAGE-129991	GC-NonDICOMCTimages-218359	nascentes_morimur_finisque_ab_origine_pendet	saltus_in_demonstrando	labor_ipse_voluptas	e.g., 2:1	cacatum_non_est_pictum	scientia_imperii_decus_et_tutamen	haec_olim_meminisse_iuvabit	LONGITUDINAL	Obedientia_civium_urbis_felicitas	damnant_quod_non_intellegunt	labor_ipse_voluptas
NonDICOMCTimages	GC-IMAGE-530532	GC-NonDICOMCTimages-358711	haec_olim_meminisse_iuvabit	faber_est_suae_quisque_fortunae	faber_est_suae_quisque_fortunae	e.g., 2:1	scientia_et_sapientia	barba_crescit_caput_nescit	a_bene_placito	ANGULAR	a_bene_placito	nascentes_morimur_finisque_ab_origine_pendet	Gallia_est_omnis_divisa_in_partes_tres
NonDICOMCTimages	GC-IMAGE-667754	GC-NonDICOMCTimages-447052	nanos_gigantum_humeris_insidentes	sapiens_qui_prospicit	salus_in_arduis	e.g., 2:1	scientiae_cedit_mare	scientiae_et_patriae	nanos_gigantum_humeris_insidentes	ANGULAR	barba_crescit_caput_nescit	pace_tua	e_causa_ignota
NonDICOMCTimages	GC-IMAGE-134045	GC-NonDICOMCTimages-789913	saltus_in_demonstrando	e_causa_ignota	scientiae_et_patriae	e.g., 2:1	O_Tite_tute_Tati_tibi_tanta_tyranne_tulisti	id_quod_plerumque_accidit	e_causa_ignota	LONGITUDINAL	nanos_gigantum_humeris_insidentes	e_causa_ignota	Macte_animo_Generose_puer_sic_itur_ad_astra
NonDICOMCTimages	GC-IMAGE-662973	GC-NonDICOMCTimages-589246	scientia_et_sapientia	faber_est_suae_quisque_fortunae	nascentes_morimur_finisque_ab_origine_pendet	e.g., 2:1	nascentes_morimur_finisque_ab_origine_pendet	scientiae_et_patriae	sapiens_qui_prospicit	ANGULAR	O_Tite_tute_Tati_tibi_tanta_tyranne_tulisti	damnant_quod_non_intellegunt	e_causa_ignota
NonDICOMCTimages	GC-IMAGE-545420	GC-NonDICOMCTimages-865734	nanos_gigantum_humeris_insidentes	id_quod_plerumque_accidit	Macte_animo_Generose_puer_sic_itur_ad_astra	e.g., 2:1	imperium_in_imperio	damnant_quod_non_intellegunt	Macte_animo_Generose_puer_sic_itur_ad_astra	LONGITUDINAL	cacatum_non_est_pictum	nascentes_morimur_finisque_ab_origine_pendet	scientia_imperii_decus_et_tutamen
NonDICOMCTimages	GC-IMAGE-181867	GC-NonDICOMCTimages-971860	saltus_in_demonstrando	haec_olim_meminisse_iuvabit	sapiens_qui_prospicit	e.g., 2:1	barba_crescit_caput_nescit	a_bene_placito	scientia_et_labor	ANGULAR	scientiae_et_patriae	labor_ipse_voluptas	salus_in_arduis
NonDICOMCTimages	GC-IMAGE-792662	GC-NonDICOMCTimages-494055	Macte_animo_Generose_puer_sic_itur_ad_astra	damnant_quod_non_intellegunt	Obedientia_civium_urbis_felicitas	e.g., 2:1	haec_olim_meminisse_iuvabit	scientiae_cedit_mare	e_causa_ignota	LONGITUDINAL	scientia_et_sapientia	nascentes_morimur_finisque_ab_origine_pendet	id_quod_plerumque_accidit
NonDICOMCTimages	GC-IMAGE-389398	GC-NonDICOMCTimages-592212	scientia_imperii_decus_et_tutamen	damnant_quod_non_intellegunt	scientia_et_sapientia	e.g., 2:1	salus_in_arduis	Gallia_est_omnis_divisa_in_partes_tres	barba_crescit_caput_nescit	ECG-BASED	pace_tua	nanos_gigantum_humeris_insidentes	scientia,_aere_perennius
NonDICOMCTimages	GC-IMAGE-663093	GC-NonDICOMCTimages-254841	Gallia_est_omnis_divisa_in_partes_tres	scientia_et_labor	faber_est_suae_quisque_fortunae	e.g., 2:1	salus_in_arduis	Gallia_est_omnis_divisa_in_partes_tres	nascentes_morimur_finisque_ab_origine_pendet	ORGAN-BASED	faber_est_suae_quisque_fortunae	saltus_in_demonstrando	scientiae_cedit_mare
NonDICOMCTimages	GC-IMAGE-532476	GC-NonDICOMCTimages-351029	sapiens_qui_prospicit	Gallia_est_omnis_divisa_in_partes_tres	Gallia_est_omnis_divisa_in_partes_tres	e.g., 2:1	saltus_in_demonstrando	nanos_gigantum_humeris_insidentes	damnant_quod_non_intellegunt	LONGITUDINAL	barba_crescit_caput_nescit	nanos_gigantum_humeris_insidentes	scientiae_et_patriae
NonDICOMCTimages	GC-IMAGE-895164	GC-NonDICOMCTimages-457302	Macte_animo_Generose_puer_sic_itur_ad_astra	scientia,_aere_perennius	scientia_et_labor	e.g., 2:1	nanos_gigantum_humeris_insidentes	labor_ipse_voluptas	scientia_et_sapientia	NONE	nanos_gigantum_humeris_insidentes	saltus_in_demonstrando	nanos_gigantum_humeris_insidentes
NonDICOMCTimages	GC-IMAGE-822461	GC-NonDICOMCTimages-672788	Gallia_est_omnis_divisa_in_partes_tres	barba_crescit_caput_nescit	labor_ipse_voluptas	e.g., 2:1	e_causa_ignota	labor_ipse_voluptas	Obedientia_civium_urbis_felicitas	ORGAN-BASED	labor_ipse_voluptas	haec_olim_meminisse_iuvabit	scientiae_et_patriae
NonDICOMCTimages	GC-IMAGE-999631	GC-NonDICOMCTimages-379386	scientiae_et_patriae	nanos_gigantum_humeris_insidentes	nascentes_morimur_finisque_ab_origine_pendet	e.g., 2:1	e_causa_ignota	saltus_in_demonstrando	barba_crescit_caput_nescit	LONGITUDINAL	imperium_in_imperio	sapiens_qui_prospicit	damnant_quod_non_intellegunt
NonDICOMCTimages	GC-IMAGE-344181	GC-NonDICOMCTimages-406714	id_quod_plerumque_accidit	scientiae_cedit_mare	nascentes_morimur_finisque_ab_origine_pendet	e.g., 2:1	faber_est_suae_quisque_fortunae	nascentes_morimur_finisque_ab_origine_pendet	Obedientia_civium_urbis_felicitas	ORGAN-BASED	faber_est_suae_quisque_fortunae	id_quod_plerumque_accidit	barba_crescit_caput_nescit
NonDICOMCTimages	GC-IMAGE-770419	GC-NonDICOMCTimages-773031	O_Tite_tute_Tati_tibi_tanta_tyranne_tulisti	scientiae_cedit_mare	O_Tite_tute_Tati_tibi_tanta_tyranne_tulisti	e.g., 2:1	labor_ipse_voluptas	salus_in_arduis	Macte_animo_Generose_puer_sic_itur_ad_astra	ANGULAR	haec_olim_meminisse_iuvabit	nanos_gigantum_humeris_insidentes	scientiae_cedit_mare
NonDICOMCTimages	GC-IMAGE-563519	GC-NonDICOMCTimages-940514	O_Tite_tute_Tati_tibi_tanta_tyranne_tulisti	cacatum_non_est_pictum	O_Tite_tute_Tati_tibi_tanta_tyranne_tulisti	e.g., 2:1	faber_est_suae_quisque_fortunae	cacatum_non_est_pictum	scientia_et_sapientia	ECG-BASED	scientia_et_labor	Obedientia_civium_urbis_felicitas	barba_crescit_caput_nescit
NonDICOMCTimages	GC-IMAGE-544673	GC-NonDICOMCTimages-663140	scientia,_aere_perennius	saltus_in_demonstrando	scientia,_aere_perennius	e.g., 2:1	Obedientia_civium_urbis_felicitas	scientia,_aere_perennius	haec_olim_meminisse_iuvabit	ANGULAR	id_quod_plerumque_accidit	salus_in_arduis	scientiae_cedit_mare
NonDICOMCTimages	GC-IMAGE-968121	GC-NonDICOMCTimages-830534	sapiens_qui_prospicit	scientiae_cedit_mare	scientiae_et_patriae	e.g., 2:1	scientiae_cedit_mare	barba_crescit_caput_nescit	faber_est_suae_quisque_fortunae	ECG-BASED	faber_est_suae_quisque_fortunae	cacatum_non_est_pictum	scientia,_aere_perennius
NonDICOMCTimages	GC-IMAGE-553994	GC-NonDICOMCTimages-366546	salus_in_arduis	scientia_et_labor	scientia_et_labor	e.g., 2:1	damnant_quod_non_intellegunt	damnant_quod_non_intellegunt	cacatum_non_est_pictum	LONGITUDINAL	salus_in_arduis	nascentes_morimur_finisque_ab_origine_pendet	labor_ipse_voluptas
NonDICOMCTimages	GC-IMAGE-787561	GC-NonDICOMCTimages-458502	imperium_in_imperio	scientia,_aere_perennius	labor_ipse_voluptas	e.g., 2:1	saltus_in_demonstrando	labor_ipse_voluptas	scientia_imperii_decus_et_tutamen	LONGITUDINAL	e_causa_ignota	cacatum_non_est_pictum	sapiens_qui_prospicit
NonDICOMCTimages	GC-IMAGE-870768	GC-NonDICOMCTimages-314941	scientiae_et_patriae	scientiae_cedit_mare	imperium_in_imperio	e.g., 2:1	scientiae_et_patriae	damnant_quod_non_intellegunt	sapiens_qui_prospicit	ECG-BASED	cacatum_non_est_pictum	scientiae_et_patriae	scientiae_cedit_mare
NonDICOMCTimages	GC-IMAGE-939584	GC-NonDICOMCTimages-404000	scientia_imperii_decus_et_tutamen	barba_crescit_caput_nescit	scientia_et_labor	e.g., 2:1	saltus_in_demonstrando	Gallia_est_omnis_divisa_in_partes_tres	faber_est_suae_quisque_fortunae	ORGAN-BASED	salus_in_arduis	Macte_animo_Generose_puer_sic_itur_ad_astra	labor_ipse_voluptas
