type	image.study_link_id	NonDICOMpathologyImages_id	acquisition_method_type	tumor_tissue_type	tissue_fixative	embedding_medium	staining_method	objective	nominal_magnification	immersion	lens_numerical_aperture	crdc_id
NonDICOMpathologyImages	GC-IMAGE-819534	GC-NonDICOMpathologyImages-844501	Sentinel node biopsy	Atypia or hyperplasia	CryoStor	Not Applicable	MERFISH	a_bene_placito	labor_ipse_voluptas	Glycerol	damnant_quod_non_intellegunt	a_bene_placito
NonDICOMpathologyImages	GC-IMAGE-748284	GC-NonDICOMpathologyImages-496048	Re-excision	Unknown	Poloxamer	Cryopreserved	IHC	imperium_in_imperio	scientia_et_labor	Other	imperium_in_imperio	Obedientia_civium_urbis_felicitas
NonDICOMpathologyImages	GC-IMAGE-403489	GC-NonDICOMpathologyImages-192450	Fine needle aspirate	Atypia or hyperplasia	Saline	-80 degrees C	MIBI	damnant_quod_non_intellegunt	Macte_animo_Generose_puer_sic_itur_ad_astra	Other	scientia_et_sapientia	id_quod_plerumque_accidit
NonDICOMpathologyImages	GC-IMAGE-474580	GC-NonDICOMpathologyImages-308076	Surgical Resection	Normal adjacent	TCL Lysis Buffer	Fresh Dissociated and Single Cell Sorted into Plates	mIHC	scientiae_et_patriae	salus_in_arduis	Air	faber_est_suae_quisque_fortunae	scientia_et_sapientia
NonDICOMpathologyImages	GC-IMAGE-308941	GC-NonDICOMpathologyImages-574790	Biopsy	Tumor post-adjuvant therapy	Saline	Snap Frozen	CODEX	Obedientia_civium_urbis_felicitas	Macte_animo_Generose_puer_sic_itur_ad_astra	Oil	damnant_quod_non_intellegunt	scientia,_aere_perennius
NonDICOMpathologyImages	GC-IMAGE-394490	GC-NonDICOMpathologyImages-879550	Not reported	Normal	Glutaraldehyde	TRIzol	Not Applicable	e_causa_ignota	Gallia_est_omnis_divisa_in_partes_tres	Other	scientia_imperii_decus_et_tutamen	scientia_et_labor
NonDICOMpathologyImages	GC-IMAGE-859914	GC-NonDICOMpathologyImages-261378	Lymphadenectomy (regional nodes)	NOS	OCT media	-20 degrees C	CyCIF	saltus_in_demonstrando	a_bene_placito	Air	O_Tite_tute_Tati_tibi_tanta_tyranne_tulisti	saltus_in_demonstrando
NonDICOMpathologyImages	GC-IMAGE-305974	GC-NonDICOMpathologyImages-546812	Blood draw	Xenograft	Not applicable	FFPE	ExSeq	scientiae_et_patriae	salus_in_arduis	Multi	e_causa_ignota	saltus_in_demonstrando
NonDICOMpathologyImages	GC-IMAGE-317696	GC-NonDICOMpathologyImages-677742	Shave biopsy	Not reported	CryoStor	Cryopreserved	IMC	scientia_et_labor	O_Tite_tute_Tati_tibi_tanta_tyranne_tulisti	Multi	scientia_et_sapientia	damnant_quod_non_intellegunt
NonDICOMpathologyImages	GC-IMAGE-765860	GC-NonDICOMpathologyImages-209979	Other	Unknown	Not applicable	OCT	GeoMX-DSP	sapiens_qui_prospicit	nanos_gigantum_humeris_insidentes	Glycerol	a_bene_placito	scientia_et_sapientia
NonDICOMpathologyImages	GC-IMAGE-707032	GC-NonDICOMpathologyImages-190997	Re-excision	Tissue	Para-benzoquinone	Isopentane	MIBI	id_quod_plerumque_accidit	O_Tite_tute_Tati_tibi_tanta_tyranne_tulisti	Other	cacatum_non_est_pictum	salus_in_arduis
NonDICOMpathologyImages	GC-IMAGE-625961	GC-NonDICOMpathologyImages-131340	Lymphadenectomy (regional nodes)	Premalignant - in situ	Saline	Isopentane	IHC	O_Tite_tute_Tati_tibi_tanta_tyranne_tulisti	labor_ipse_voluptas	Air	O_Tite_tute_Tati_tibi_tanta_tyranne_tulisti	barba_crescit_caput_nescit
NonDICOMpathologyImages	GC-IMAGE-677433	GC-NonDICOMpathologyImages-293305	Punch biopsy	Tumor post-adjuvant therapy	None	Unknown	MERFISH	Gallia_est_omnis_divisa_in_partes_tres	scientiae_cedit_mare	Other	id_quod_plerumque_accidit	labor_ipse_voluptas
NonDICOMpathologyImages	GC-IMAGE-835781	GC-NonDICOMpathologyImages-947637	Fine needle aspirate	Not reported	CryoStor	Snap Frozen	CyCIF	nanos_gigantum_humeris_insidentes	damnant_quod_non_intellegunt	Oil	nascentes_morimur_finisque_ab_origine_pendet	scientia_et_labor
NonDICOMpathologyImages	GC-IMAGE-329224	GC-NonDICOMpathologyImages-918898	Lymphadenectomy (regional nodes)	Primary	Unknown	Fresh	MERFISH	scientia_et_labor	saltus_in_demonstrando	Glycerol	damnant_quod_non_intellegunt	nanos_gigantum_humeris_insidentes
NonDICOMpathologyImages	GC-IMAGE-270314	GC-NonDICOMpathologyImages-444105	Blood draw	Not reported	Dimethylacetamide	Frozen	MIBI	scientia_et_labor	barba_crescit_caput_nescit	Other	scientia_imperii_decus_et_tutamen	imperium_in_imperio
NonDICOMpathologyImages	GC-IMAGE-255686	GC-NonDICOMpathologyImages-831048	Surgical Resection	Tissue	Unknown	Unknown	H&E	Gallia_est_omnis_divisa_in_partes_tres	sapiens_qui_prospicit	Glycerol	pace_tua	Gallia_est_omnis_divisa_in_partes_tres
NonDICOMpathologyImages	GC-IMAGE-104451	GC-NonDICOMpathologyImages-892606	Re-excision	Tumor post-therapy	Diimidoester	Frozen	MIBI	haec_olim_meminisse_iuvabit	damnant_quod_non_intellegunt	Other	damnant_quod_non_intellegunt	scientiae_et_patriae
NonDICOMpathologyImages	GC-IMAGE-603999	GC-NonDICOMpathologyImages-196916	Not reported	Primary	TCL Lysis Buffer	EDTA	MIBI	labor_ipse_voluptas	Obedientia_civium_urbis_felicitas	Air	imperium_in_imperio	scientiae_et_patriae
NonDICOMpathologyImages	GC-IMAGE-702993	GC-NonDICOMpathologyImages-238892	Not applicable	Xenograft	Other	Not Reported	mIHC	Macte_animo_Generose_puer_sic_itur_ad_astra	a_bene_placito	Other	imperium_in_imperio	O_Tite_tute_Tati_tibi_tanta_tyranne_tulisti
NonDICOMpathologyImages	GC-IMAGE-823185	GC-NonDICOMpathologyImages-471278	Punch biopsy	Additional Primary	PAXgene Tissue	Not Reported	IMC	scientia_imperii_decus_et_tutamen	scientia,_aere_perennius	Glycerol	id_quod_plerumque_accidit	scientia_imperii_decus_et_tutamen
NonDICOMpathologyImages	GC-IMAGE-796133	GC-NonDICOMpathologyImages-214447	Excisional Biopsy	Local recurrence	Saline	Formalin Fixed Tissue	IMC	damnant_quod_non_intellegunt	nascentes_morimur_finisque_ab_origine_pendet	Glycerol	e_causa_ignota	id_quod_plerumque_accidit
NonDICOMpathologyImages	GC-IMAGE-287018	GC-NonDICOMpathologyImages-572066	Re-excision	Tissue	Poloxamer	Formalin Fixed - Unbuffered	MxIF	cacatum_non_est_pictum	scientia_et_labor	Other	cacatum_non_est_pictum	faber_est_suae_quisque_fortunae
NonDICOMpathologyImages	GC-IMAGE-895498	GC-NonDICOMpathologyImages-122778	Other	Recurrent	Other	-20 degrees C	MxIF	Gallia_est_omnis_divisa_in_partes_tres	a_bene_placito	Air	scientia_imperii_decus_et_tutamen	barba_crescit_caput_nescit
NonDICOMpathologyImages	GC-IMAGE-636844	GC-NonDICOMpathologyImages-536646	Unknown	Not applicable	RNAlater	Fresh Dissociated	CODEX	scientia_imperii_decus_et_tutamen	haec_olim_meminisse_iuvabit	Air	pace_tua	e_causa_ignota
NonDICOMpathologyImages	GC-IMAGE-536159	GC-NonDICOMpathologyImages-450622	Forceps Biopsy	Local recurrence	PAXgene Tissue	Unknown	t-CyCIF	nascentes_morimur_finisque_ab_origine_pendet	scientia,_aere_perennius	Oil	scientiae_et_patriae	scientia_et_labor
NonDICOMpathologyImages	GC-IMAGE-422306	GC-NonDICOMpathologyImages-104512	Other	Normal adjacent	95% Ethanol	Cryopreserved	SABER	cacatum_non_est_pictum	scientia_et_labor	Water	pace_tua	a_bene_placito
NonDICOMpathologyImages	GC-IMAGE-775002	GC-NonDICOMpathologyImages-848417	Lymphadenectomy (regional nodes)	Tissue	Diimidoester	Snap Frozen	t-CyCIF	nascentes_morimur_finisque_ab_origine_pendet	nanos_gigantum_humeris_insidentes	Glycerol	O_Tite_tute_Tati_tibi_tanta_tyranne_tulisti	scientiae_et_patriae
NonDICOMpathologyImages	GC-IMAGE-659591	GC-NonDICOMpathologyImages-503444	Fine needle aspirate	Not reported	NP40 Lysis Buffer	Formalin Fixed - Unbuffered	IHC	O_Tite_tute_Tati_tibi_tanta_tyranne_tulisti	id_quod_plerumque_accidit	Air	Obedientia_civium_urbis_felicitas	Gallia_est_omnis_divisa_in_partes_tres
NonDICOMpathologyImages	GC-IMAGE-369694	GC-NonDICOMpathologyImages-995689	Core needle biopsy	Xenograft	Methacarn	Liquid Nitrogen	CODEX	nanos_gigantum_humeris_insidentes	scientiae_cedit_mare	Water	O_Tite_tute_Tati_tibi_tanta_tyranne_tulisti	scientia,_aere_perennius
NonDICOMpathologyImages	GC-IMAGE-395589	GC-NonDICOMpathologyImages-542962	Shave biopsy	Premalignant	Formalin	Fresh Dissociated	t-CyCIF	cacatum_non_est_pictum	e_causa_ignota	Air	sapiens_qui_prospicit	scientiae_cedit_mare
NonDICOMpathologyImages	GC-IMAGE-443656	GC-NonDICOMpathologyImages-844470	Biopsy	Atypia or hyperplasia	Not recorded	Formalin Fixed Tissue	SABER	e_causa_ignota	scientia_et_labor	Multi	O_Tite_tute_Tati_tibi_tanta_tyranne_tulisti	haec_olim_meminisse_iuvabit
NonDICOMpathologyImages	GC-IMAGE-817490	GC-NonDICOMpathologyImages-760743	Not applicable	Xenograft	95% Ethanol	Fresh Dissociated and Single Cell Sorted into Plates	ExSeq	faber_est_suae_quisque_fortunae	scientiae_et_patriae	Oil	Gallia_est_omnis_divisa_in_partes_tres	scientia_et_labor
NonDICOMpathologyImages	GC-IMAGE-598712	GC-NonDICOMpathologyImages-320763	Other	Tissue	Carnoy's Solution	Cytospin Slide	ExSeq	id_quod_plerumque_accidit	scientia_et_sapientia	Air	id_quod_plerumque_accidit	scientia_imperii_decus_et_tutamen
NonDICOMpathologyImages	GC-IMAGE-768492	GC-NonDICOMpathologyImages-914361	Core needle biopsy	NOS	PAXgene Tissue	Cytospin Slide	Not Applicable	pace_tua	scientia_et_sapientia	Glycerol	cacatum_non_est_pictum	scientiae_cedit_mare
NonDICOMpathologyImages	GC-IMAGE-968585	GC-NonDICOMpathologyImages-937725	Lymphadenectomy (regional nodes)	Normal	Unknown	RNALater	MIBI	scientia_et_sapientia	e_causa_ignota	Multi	scientia,_aere_perennius	Gallia_est_omnis_divisa_in_partes_tres
NonDICOMpathologyImages	GC-IMAGE-340560	GC-NonDICOMpathologyImages-247253	Other	Premalignant	TCL Lysis Buffer	-20 degrees C	IHC	saltus_in_demonstrando	O_Tite_tute_Tati_tibi_tanta_tyranne_tulisti	Air	scientiae_et_patriae	Macte_animo_Generose_puer_sic_itur_ad_astra
NonDICOMpathologyImages	GC-IMAGE-315898	GC-NonDICOMpathologyImages-864457	Not applicable	Unknown	Carbodiimide	Liquid Nitrogen	mIHC	e_causa_ignota	Obedientia_civium_urbis_felicitas	Multi	barba_crescit_caput_nescit	labor_ipse_voluptas
NonDICOMpathologyImages	GC-IMAGE-755793	GC-NonDICOMpathologyImages-903970	Sentinel node biopsy	Additional Primary	CryoStor	Cytospin Slide	MxIF	salus_in_arduis	Gallia_est_omnis_divisa_in_partes_tres	Air	Macte_animo_Generose_puer_sic_itur_ad_astra	sapiens_qui_prospicit
NonDICOMpathologyImages	GC-IMAGE-115478	GC-NonDICOMpathologyImages-643230	Sentinel node biopsy	Local recurrence	Other	RNALater	MERFISH	imperium_in_imperio	nanos_gigantum_humeris_insidentes	Oil	faber_est_suae_quisque_fortunae	scientia_imperii_decus_et_tutamen
NonDICOMpathologyImages	GC-IMAGE-123408	GC-NonDICOMpathologyImages-385977	Incisional Biopsy	Premalignant - in situ	Alcohol	FFPE	mIHC	imperium_in_imperio	scientia_et_sapientia	Multi	O_Tite_tute_Tati_tibi_tanta_tyranne_tulisti	barba_crescit_caput_nescit
NonDICOMpathologyImages	GC-IMAGE-479851	GC-NonDICOMpathologyImages-625343	Re-excision	Atypia or hyperplasia	Formalin	FFPE	ExSeq	imperium_in_imperio	O_Tite_tute_Tati_tibi_tanta_tyranne_tulisti	Multi	Gallia_est_omnis_divisa_in_partes_tres	saltus_in_demonstrando
NonDICOMpathologyImages	GC-IMAGE-635802	GC-NonDICOMpathologyImages-695776	Forceps Biopsy	Tumor post-neoadjuvant therapy	Para-benzoquinone	TRIzol	mIHC	scientia,_aere_perennius	Gallia_est_omnis_divisa_in_partes_tres	Multi	a_bene_placito	scientia_et_labor
NonDICOMpathologyImages	GC-IMAGE-849992	GC-NonDICOMpathologyImages-215022	Autopsy	Premalignant - in situ	Carbodiimide	Formalin Fixed Tissue	GeoMX-DSP	nascentes_morimur_finisque_ab_origine_pendet	scientia,_aere_perennius	Water	scientiae_cedit_mare	scientia,_aere_perennius
NonDICOMpathologyImages	GC-IMAGE-273878	GC-NonDICOMpathologyImages-355124	Autopsy	Tumor post-therapy	Alcohol	-80 degrees C	MIBI	Macte_animo_Generose_puer_sic_itur_ad_astra	cacatum_non_est_pictum	Multi	imperium_in_imperio	salus_in_arduis
NonDICOMpathologyImages	GC-IMAGE-414583	GC-NonDICOMpathologyImages-814156	Sentinel node biopsy	Local recurrence	OCT media	Snap Frozen	IHC	scientia_imperii_decus_et_tutamen	id_quod_plerumque_accidit	Glycerol	e_causa_ignota	scientia,_aere_perennius
NonDICOMpathologyImages	GC-IMAGE-451005	GC-NonDICOMpathologyImages-699871	Not applicable	Xenograft	None	Fresh Dissociated	SABER	nanos_gigantum_humeris_insidentes	faber_est_suae_quisque_fortunae	Multi	scientia_imperii_decus_et_tutamen	scientia,_aere_perennius
NonDICOMpathologyImages	GC-IMAGE-363843	GC-NonDICOMpathologyImages-449492	Incisional Biopsy	NOS	Acetone	Formalin Fixed - Buffered	SABER	faber_est_suae_quisque_fortunae	pace_tua	Oil	salus_in_arduis	sapiens_qui_prospicit
NonDICOMpathologyImages	GC-IMAGE-210367	GC-NonDICOMpathologyImages-414146	Punch biopsy	Tissue	Carnoy's Solution	Fresh Dissociated and Single Cell Sorted	MxIF	id_quod_plerumque_accidit	id_quod_plerumque_accidit	Other	faber_est_suae_quisque_fortunae	damnant_quod_non_intellegunt
NonDICOMpathologyImages	GC-IMAGE-159356	GC-NonDICOMpathologyImages-825962	Not specified	Metastatic	95% Ethanol	Isopentane	MERFISH	id_quod_plerumque_accidit	Obedientia_civium_urbis_felicitas	Glycerol	nanos_gigantum_humeris_insidentes	cacatum_non_est_pictum
NonDICOMpathologyImages	GC-IMAGE-579353	GC-NonDICOMpathologyImages-490760	Re-excision	Primary	Glutaraldehyde	TRIzol	MxIF	Gallia_est_omnis_divisa_in_partes_tres	nanos_gigantum_humeris_insidentes	Water	nascentes_morimur_finisque_ab_origine_pendet	imperium_in_imperio
NonDICOMpathologyImages	GC-IMAGE-832904	GC-NonDICOMpathologyImages-946243	Other	Local recurrence	OCT media	FFPE	t-CyCIF	Obedientia_civium_urbis_felicitas	cacatum_non_est_pictum	Oil	e_causa_ignota	scientiae_et_patriae
NonDICOMpathologyImages	GC-IMAGE-303602	GC-NonDICOMpathologyImages-877891	Unknown	Premalignant - in situ	Formalin	Formalin Fixed - Buffered	t-CyCIF	scientia_et_sapientia	haec_olim_meminisse_iuvabit	Oil	faber_est_suae_quisque_fortunae	scientiae_cedit_mare
NonDICOMpathologyImages	GC-IMAGE-712111	GC-NonDICOMpathologyImages-893953	Lymphadenectomy (regional nodes)	NOS	Unknown	Cytospin Slide	IMC	scientiae_cedit_mare	scientiae_cedit_mare	Glycerol	scientia_et_labor	faber_est_suae_quisque_fortunae
NonDICOMpathologyImages	GC-IMAGE-805561	GC-NonDICOMpathologyImages-941291	Not applicable	Normal	Not recorded	Cytospin Slide	IMC	Macte_animo_Generose_puer_sic_itur_ad_astra	faber_est_suae_quisque_fortunae	Air	scientia_et_sapientia	scientiae_et_patriae
NonDICOMpathologyImages	GC-IMAGE-964340	GC-NonDICOMpathologyImages-350090	Lymphadenectomy (regional nodes)	Normal adjacent	Poloxamer	Formalin Fixed - Buffered	t-CyCIF	scientia_imperii_decus_et_tutamen	scientia,_aere_perennius	Glycerol	cacatum_non_est_pictum	scientia_et_sapientia
NonDICOMpathologyImages	GC-IMAGE-206623	GC-NonDICOMpathologyImages-893230	Pancreaticoduodenectomy	Primary	Carbodiimide	RNALater	MxIF	haec_olim_meminisse_iuvabit	faber_est_suae_quisque_fortunae	Air	salus_in_arduis	scientiae_et_patriae
NonDICOMpathologyImages	GC-IMAGE-502889	GC-NonDICOMpathologyImages-659710	Biopsy	Unknown	Para-benzoquinone	Formalin Fixed Tissue	MIBI	scientia_imperii_decus_et_tutamen	nanos_gigantum_humeris_insidentes	Multi	id_quod_plerumque_accidit	Macte_animo_Generose_puer_sic_itur_ad_astra
NonDICOMpathologyImages	GC-IMAGE-130043	GC-NonDICOMpathologyImages-824159	Blood draw	Primary	Alcohol	-20 degrees C	Not Applicable	haec_olim_meminisse_iuvabit	e_causa_ignota	Oil	Macte_animo_Generose_puer_sic_itur_ad_astra	pace_tua
NonDICOMpathologyImages	GC-IMAGE-454341	GC-NonDICOMpathologyImages-482639	Punch biopsy	Not applicable	TCL Lysis Buffer	Not Applicable	MxIF	sapiens_qui_prospicit	nascentes_morimur_finisque_ab_origine_pendet	Water	faber_est_suae_quisque_fortunae	scientiae_et_patriae
NonDICOMpathologyImages	GC-IMAGE-454377	GC-NonDICOMpathologyImages-154540	Biopsy	Premalignant - in situ	Formalin	Snap Frozen	CODEX	id_quod_plerumque_accidit	id_quod_plerumque_accidit	Multi	scientiae_cedit_mare	nascentes_morimur_finisque_ab_origine_pendet
NonDICOMpathologyImages	GC-IMAGE-963226	GC-NonDICOMpathologyImages-881585	Surgical Resection	Recurrent	Methacarn	OCT	H&E	e_causa_ignota	imperium_in_imperio	Air	scientia_imperii_decus_et_tutamen	haec_olim_meminisse_iuvabit
NonDICOMpathologyImages	GC-IMAGE-672082	GC-NonDICOMpathologyImages-360831	Pancreaticoduodenectomy	Atypia or hyperplasia	CryoStor	EDTA	MIBI	scientia_imperii_decus_et_tutamen	Obedientia_civium_urbis_felicitas	Multi	a_bene_placito	pace_tua
NonDICOMpathologyImages	GC-IMAGE-379268	GC-NonDICOMpathologyImages-803447	Sentinel node biopsy	Tumor specimen from de novo untreated malignancy of the bladder	Not applicable	Frozen	Not Applicable	labor_ipse_voluptas	scientiae_cedit_mare	Water	imperium_in_imperio	salus_in_arduis
NonDICOMpathologyImages	GC-IMAGE-730470	GC-NonDICOMpathologyImages-846599	Forceps Biopsy	Premalignant	OCT media	Not Reported	ExSeq	imperium_in_imperio	salus_in_arduis	Glycerol	Obedientia_civium_urbis_felicitas	nanos_gigantum_humeris_insidentes
NonDICOMpathologyImages	GC-IMAGE-106009	GC-NonDICOMpathologyImages-118187	Pancreaticoduodenectomy	Tumor post-neoadjuvant therapy	Alcohol	Fresh Dissociated and Single Cell Sorted into Plates	Not Applicable	scientiae_cedit_mare	labor_ipse_voluptas	Glycerol	pace_tua	id_quod_plerumque_accidit
NonDICOMpathologyImages	GC-IMAGE-739281	GC-NonDICOMpathologyImages-177800	Not specified	Metastatic	Not recorded	RNALater	SABER	nascentes_morimur_finisque_ab_origine_pendet	scientiae_cedit_mare	Air	haec_olim_meminisse_iuvabit	scientia_et_sapientia
NonDICOMpathologyImages	GC-IMAGE-202215	GC-NonDICOMpathologyImages-319768	Blood draw	Metastatic	Not applicable	-20 degrees C	CODEX	e_causa_ignota	sapiens_qui_prospicit	Glycerol	a_bene_placito	pace_tua
NonDICOMpathologyImages	GC-IMAGE-169647	GC-NonDICOMpathologyImages-179085	Biopsy	Not applicable	Acetone	Isopentane	MIBI	Gallia_est_omnis_divisa_in_partes_tres	Obedientia_civium_urbis_felicitas	Oil	scientiae_cedit_mare	cacatum_non_est_pictum
NonDICOMpathologyImages	GC-IMAGE-482229	GC-NonDICOMpathologyImages-932715	Not reported	Tumor specimen from de novo untreated malignancy of the bladder	Not recorded	Fresh Dissociated	MERFISH	scientia_et_labor	nascentes_morimur_finisque_ab_origine_pendet	Glycerol	barba_crescit_caput_nescit	cacatum_non_est_pictum
NonDICOMpathologyImages	GC-IMAGE-135787	GC-NonDICOMpathologyImages-470702	Not specified	Tumor post-adjuvant therapy	Methacarn	TRIzol	IHC	scientia,_aere_perennius	scientia_et_labor	Water	sapiens_qui_prospicit	barba_crescit_caput_nescit
NonDICOMpathologyImages	GC-IMAGE-753978	GC-NonDICOMpathologyImages-524176	Not applicable	Normal distant	Carnoy's Solution	Formalin Fixed - Buffered	H&E	cacatum_non_est_pictum	cacatum_non_est_pictum	Multi	nanos_gigantum_humeris_insidentes	pace_tua
NonDICOMpathologyImages	GC-IMAGE-995568	GC-NonDICOMpathologyImages-425524	Surgical Resection	Normal	Unknown	Fresh Dissociated	MxIF	e_causa_ignota	salus_in_arduis	Multi	faber_est_suae_quisque_fortunae	sapiens_qui_prospicit
NonDICOMpathologyImages	GC-IMAGE-440246	GC-NonDICOMpathologyImages-904853	Fine needle aspirate	Xenograft	Carnoy's Solution	Not Applicable	CODEX	O_Tite_tute_Tati_tibi_tanta_tyranne_tulisti	scientiae_et_patriae	Air	e_causa_ignota	O_Tite_tute_Tati_tibi_tanta_tyranne_tulisti
NonDICOMpathologyImages	GC-IMAGE-115139	GC-NonDICOMpathologyImages-325271	Punch biopsy	Metastatic	Para-benzoquinone	TRIzol	CODEX	haec_olim_meminisse_iuvabit	id_quod_plerumque_accidit	Air	Macte_animo_Generose_puer_sic_itur_ad_astra	nascentes_morimur_finisque_ab_origine_pendet
NonDICOMpathologyImages	GC-IMAGE-611375	GC-NonDICOMpathologyImages-594885	Unknown	Normal	NP40 Lysis Buffer	Fresh Dissociated and Single Cell Sorted	MxIF	Gallia_est_omnis_divisa_in_partes_tres	barba_crescit_caput_nescit	Other	Macte_animo_Generose_puer_sic_itur_ad_astra	imperium_in_imperio
NonDICOMpathologyImages	GC-IMAGE-998922	GC-NonDICOMpathologyImages-161847	Forceps Biopsy	Tumor post-neoadjuvant therapy	Carbodiimide	Fresh Dissociated and Single Cell Sorted	ExSeq	scientiae_et_patriae	nascentes_morimur_finisque_ab_origine_pendet	Glycerol	Gallia_est_omnis_divisa_in_partes_tres	nanos_gigantum_humeris_insidentes
NonDICOMpathologyImages	GC-IMAGE-472429	GC-NonDICOMpathologyImages-470778	Surgical Resection	Primary	Alcohol	Fresh Dissociated	mIHC	e_causa_ignota	scientiae_et_patriae	Water	scientia,_aere_perennius	id_quod_plerumque_accidit
NonDICOMpathologyImages	GC-IMAGE-135435	GC-NonDICOMpathologyImages-754360	Sentinel node biopsy	Premalignant	95% Ethanol	Not Reported	IHC	id_quod_plerumque_accidit	cacatum_non_est_pictum	Multi	imperium_in_imperio	nanos_gigantum_humeris_insidentes
NonDICOMpathologyImages	GC-IMAGE-912900	GC-NonDICOMpathologyImages-221174	Not reported	Not applicable	TCL Lysis Buffer	TRIzol	IMC	scientiae_et_patriae	Gallia_est_omnis_divisa_in_partes_tres	Glycerol	cacatum_non_est_pictum	id_quod_plerumque_accidit
NonDICOMpathologyImages	GC-IMAGE-412958	GC-NonDICOMpathologyImages-979738	Forceps Biopsy	Atypia or hyperplasia	Carnoy's Solution	Fresh Dissociated and Single Cell Sorted into Plates	ExSeq	salus_in_arduis	saltus_in_demonstrando	Oil	pace_tua	e_causa_ignota
NonDICOMpathologyImages	GC-IMAGE-822095	GC-NonDICOMpathologyImages-922412	Blood draw	Tumor post-therapy	Diimidoester	Fresh	MxIF	faber_est_suae_quisque_fortunae	scientia_et_labor	Air	scientia,_aere_perennius	id_quod_plerumque_accidit
NonDICOMpathologyImages	GC-IMAGE-600735	GC-NonDICOMpathologyImages-238783	Unknown	Normal	CryoStor	EDTA	Not Applicable	cacatum_non_est_pictum	pace_tua	Glycerol	scientia,_aere_perennius	scientia,_aere_perennius
NonDICOMpathologyImages	GC-IMAGE-199558	GC-NonDICOMpathologyImages-771882	Not applicable	Local recurrence	Carnoy's Solution	FFPE	IHC	sapiens_qui_prospicit	nascentes_morimur_finisque_ab_origine_pendet	Air	barba_crescit_caput_nescit	id_quod_plerumque_accidit
NonDICOMpathologyImages	GC-IMAGE-320462	GC-NonDICOMpathologyImages-407701	Shave biopsy	Tumor post-therapy	TCL Lysis Buffer	Fresh Dissociated and Single Cell Sorted	MERFISH	salus_in_arduis	nascentes_morimur_finisque_ab_origine_pendet	Air	scientia_imperii_decus_et_tutamen	scientiae_et_patriae
NonDICOMpathologyImages	GC-IMAGE-328960	GC-NonDICOMpathologyImages-477693	Excisional Biopsy	Normal distant	Alcohol	-80 degrees C	IHC	pace_tua	haec_olim_meminisse_iuvabit	Multi	Gallia_est_omnis_divisa_in_partes_tres	labor_ipse_voluptas
NonDICOMpathologyImages	GC-IMAGE-332860	GC-NonDICOMpathologyImages-377779	Unknown	Atypia or hyperplasia	Glutaraldehyde	Frozen	mIHC	cacatum_non_est_pictum	scientia_imperii_decus_et_tutamen	Air	Gallia_est_omnis_divisa_in_partes_tres	id_quod_plerumque_accidit
NonDICOMpathologyImages	GC-IMAGE-373214	GC-NonDICOMpathologyImages-650903	Biopsy	Not applicable	Methacarn	Not Reported	SABER	scientia_imperii_decus_et_tutamen	O_Tite_tute_Tati_tibi_tanta_tyranne_tulisti	Multi	damnant_quod_non_intellegunt	scientia_imperii_decus_et_tutamen
NonDICOMpathologyImages	GC-IMAGE-184356	GC-NonDICOMpathologyImages-788942	Surgical Resection	Recurrent	Not recorded	Liquid Nitrogen	IMC	haec_olim_meminisse_iuvabit	scientia_imperii_decus_et_tutamen	Water	haec_olim_meminisse_iuvabit	Obedientia_civium_urbis_felicitas
NonDICOMpathologyImages	GC-IMAGE-412218	GC-NonDICOMpathologyImages-557434	Sentinel node biopsy	NOS	TCL Lysis Buffer	RNALater	MxIF	Gallia_est_omnis_divisa_in_partes_tres	id_quod_plerumque_accidit	Water	damnant_quod_non_intellegunt	cacatum_non_est_pictum
NonDICOMpathologyImages	GC-IMAGE-517940	GC-NonDICOMpathologyImages-267637	Fine needle aspirate	Normal adjacent	PAXgene Tissue	Fresh Dissociated and Single Cell Sorted into Plates	IHC	e_causa_ignota	scientia_et_sapientia	Oil	haec_olim_meminisse_iuvabit	Gallia_est_omnis_divisa_in_partes_tres
NonDICOMpathologyImages	GC-IMAGE-977209	GC-NonDICOMpathologyImages-241285	Re-excision	NOS	Carnoy's Solution	Not Reported	SABER	sapiens_qui_prospicit	labor_ipse_voluptas	Multi	faber_est_suae_quisque_fortunae	labor_ipse_voluptas
NonDICOMpathologyImages	GC-IMAGE-528764	GC-NonDICOMpathologyImages-486645	Sentinel node biopsy	Atypia or hyperplasia	Saline	EDTA	ExSeq	scientia_et_sapientia	e_causa_ignota	Water	e_causa_ignota	nanos_gigantum_humeris_insidentes
NonDICOMpathologyImages	GC-IMAGE-842787	GC-NonDICOMpathologyImages-263879	Shave biopsy	Xenograft	Other	RNALater	H&E	cacatum_non_est_pictum	faber_est_suae_quisque_fortunae	Water	haec_olim_meminisse_iuvabit	nascentes_morimur_finisque_ab_origine_pendet
NonDICOMpathologyImages	GC-IMAGE-100413	GC-NonDICOMpathologyImages-605340	Not reported	Unknown	PAXgene Tissue	OCT	H&E	scientiae_et_patriae	haec_olim_meminisse_iuvabit	Glycerol	salus_in_arduis	damnant_quod_non_intellegunt
NonDICOMpathologyImages	GC-IMAGE-271452	GC-NonDICOMpathologyImages-168272	Forceps Biopsy	Normal distant	Alcohol	-80 degrees C	SABER	scientiae_cedit_mare	barba_crescit_caput_nescit	Multi	scientia_et_labor	nanos_gigantum_humeris_insidentes
NonDICOMpathologyImages	GC-IMAGE-233688	GC-NonDICOMpathologyImages-634994	Punch biopsy	NOS	OCT media	RNALater	IMC	scientia_et_sapientia	e_causa_ignota	Glycerol	scientia_imperii_decus_et_tutamen	labor_ipse_voluptas
NonDICOMpathologyImages	GC-IMAGE-503322	GC-NonDICOMpathologyImages-668426	Not applicable	Tissue	Poloxamer	Fresh Dissociated and Single Cell Sorted into Plates	Not Applicable	barba_crescit_caput_nescit	scientia,_aere_perennius	Oil	haec_olim_meminisse_iuvabit	id_quod_plerumque_accidit
NonDICOMpathologyImages	GC-IMAGE-821757	GC-NonDICOMpathologyImages-596366	Punch biopsy	NOS	95% Ethanol	Formalin Fixed - Buffered	t-CyCIF	Macte_animo_Generose_puer_sic_itur_ad_astra	scientia_et_sapientia	Air	id_quod_plerumque_accidit	id_quod_plerumque_accidit
NonDICOMpathologyImages	GC-IMAGE-404632	GC-NonDICOMpathologyImages-621959	Lymphadenectomy (regional nodes)	Not reported	Not applicable	FFPE	H&E	faber_est_suae_quisque_fortunae	scientiae_cedit_mare	Oil	cacatum_non_est_pictum	Gallia_est_omnis_divisa_in_partes_tres
NonDICOMpathologyImages	GC-IMAGE-371067	GC-NonDICOMpathologyImages-639206	Not reported	Additional Primary	CryoStor	Snap Frozen	CODEX	e_causa_ignota	scientia_et_labor	Multi	nanos_gigantum_humeris_insidentes	scientia,_aere_perennius
NonDICOMpathologyImages	GC-IMAGE-446090	GC-NonDICOMpathologyImages-583808	Re-excision	Tumor specimen from de novo untreated malignancy of the bladder	RNAlater	EDTA	MxIF	faber_est_suae_quisque_fortunae	nanos_gigantum_humeris_insidentes	Water	sapiens_qui_prospicit	Macte_animo_Generose_puer_sic_itur_ad_astra
NonDICOMpathologyImages	GC-IMAGE-997355	GC-NonDICOMpathologyImages-925175	Core needle biopsy	Local recurrence	Para-benzoquinone	TRIzol	H&E	scientia,_aere_perennius	haec_olim_meminisse_iuvabit	Water	faber_est_suae_quisque_fortunae	saltus_in_demonstrando
NonDICOMpathologyImages	GC-IMAGE-116513	GC-NonDICOMpathologyImages-879375	Re-excision	Xenograft	Methacarn	Not Reported	GeoMX-DSP	Gallia_est_omnis_divisa_in_partes_tres	e_causa_ignota	Water	cacatum_non_est_pictum	nanos_gigantum_humeris_insidentes
NonDICOMpathologyImages	GC-IMAGE-562379	GC-NonDICOMpathologyImages-684781	Incisional Biopsy	Normal distant	Diimidoester	Liquid Nitrogen	IHC	damnant_quod_non_intellegunt	O_Tite_tute_Tati_tibi_tanta_tyranne_tulisti	Water	cacatum_non_est_pictum	haec_olim_meminisse_iuvabit
NonDICOMpathologyImages	GC-IMAGE-444301	GC-NonDICOMpathologyImages-814675	Not specified	NOS	Para-benzoquinone	Fresh Dissociated and Single Cell Sorted into Plates	t-CyCIF	pace_tua	scientia_et_labor	Other	Obedientia_civium_urbis_felicitas	faber_est_suae_quisque_fortunae
NonDICOMpathologyImages	GC-IMAGE-610985	GC-NonDICOMpathologyImages-436323	Surgical Resection	Tumor post-neoadjuvant therapy	None	Formalin Fixed Tissue	mIHC	a_bene_placito	nanos_gigantum_humeris_insidentes	Water	cacatum_non_est_pictum	barba_crescit_caput_nescit
NonDICOMpathologyImages	GC-IMAGE-826533	GC-NonDICOMpathologyImages-443101	Core needle biopsy	Xenograft	CryoStor	EDTA	H&E	scientiae_cedit_mare	id_quod_plerumque_accidit	Other	pace_tua	labor_ipse_voluptas
NonDICOMpathologyImages	GC-IMAGE-190875	GC-NonDICOMpathologyImages-286982	Surgical Resection	Not reported	Acetone	Not Applicable	MERFISH	nascentes_morimur_finisque_ab_origine_pendet	Obedientia_civium_urbis_felicitas	Water	scientia_imperii_decus_et_tutamen	labor_ipse_voluptas
NonDICOMpathologyImages	GC-IMAGE-200728	GC-NonDICOMpathologyImages-272451	Not specified	Tumor post-therapy	Carnoy's Solution	Formalin Fixed Tissue	MIBI	scientiae_cedit_mare	nanos_gigantum_humeris_insidentes	Multi	scientia_imperii_decus_et_tutamen	labor_ipse_voluptas
NonDICOMpathologyImages	GC-IMAGE-228467	GC-NonDICOMpathologyImages-816273	Not specified	Tissue	OCT media	TRIzol	H&E	id_quod_plerumque_accidit	Macte_animo_Generose_puer_sic_itur_ad_astra	Air	scientia,_aere_perennius	id_quod_plerumque_accidit
NonDICOMpathologyImages	GC-IMAGE-201427	GC-NonDICOMpathologyImages-473332	Lymphadenectomy (regional nodes)	Unknown	PAXgene Tissue	-20 degrees C	mIHC	a_bene_placito	Obedientia_civium_urbis_felicitas	Oil	Macte_animo_Generose_puer_sic_itur_ad_astra	pace_tua
NonDICOMpathologyImages	GC-IMAGE-448425	GC-NonDICOMpathologyImages-289600	Surgical Resection	Tissue	Saline	Formalin Fixed - Buffered	IMC	scientiae_cedit_mare	faber_est_suae_quisque_fortunae	Multi	scientiae_cedit_mare	a_bene_placito
NonDICOMpathologyImages	GC-IMAGE-293476	GC-NonDICOMpathologyImages-864667	Core needle biopsy	Recurrent	95% Ethanol	Cryopreserved	CyCIF	faber_est_suae_quisque_fortunae	Macte_animo_Generose_puer_sic_itur_ad_astra	Water	a_bene_placito	Macte_animo_Generose_puer_sic_itur_ad_astra
NonDICOMpathologyImages	GC-IMAGE-103661	GC-NonDICOMpathologyImages-607506	Incisional Biopsy	Normal adjacent	Dimethylacetamide	Fresh Dissociated	t-CyCIF	O_Tite_tute_Tati_tibi_tanta_tyranne_tulisti	e_causa_ignota	Other	damnant_quod_non_intellegunt	scientia_imperii_decus_et_tutamen
NonDICOMpathologyImages	GC-IMAGE-363528	GC-NonDICOMpathologyImages-751629	Lymphadenectomy (regional nodes)	Metastatic	Carnoy's Solution	FFPE	CODEX	scientia,_aere_perennius	scientiae_et_patriae	Glycerol	e_causa_ignota	scientiae_et_patriae
NonDICOMpathologyImages	GC-IMAGE-342949	GC-NonDICOMpathologyImages-845070	Forceps Biopsy	Normal distant	RNAlater	Unknown	ExSeq	O_Tite_tute_Tati_tibi_tanta_tyranne_tulisti	haec_olim_meminisse_iuvabit	Water	scientiae_cedit_mare	O_Tite_tute_Tati_tibi_tanta_tyranne_tulisti
NonDICOMpathologyImages	GC-IMAGE-155204	GC-NonDICOMpathologyImages-636667	Incisional Biopsy	Not reported	None	Cryopreserved	H&E	saltus_in_demonstrando	Obedientia_civium_urbis_felicitas	Water	salus_in_arduis	scientiae_cedit_mare
NonDICOMpathologyImages	GC-IMAGE-734473	GC-NonDICOMpathologyImages-827575	Punch biopsy	Tumor specimen from de novo untreated malignancy of the bladder	Not recorded	Frozen	ExSeq	scientia,_aere_perennius	salus_in_arduis	Air	damnant_quod_non_intellegunt	saltus_in_demonstrando
NonDICOMpathologyImages	GC-IMAGE-936314	GC-NonDICOMpathologyImages-888387	Biopsy	Not applicable	Poloxamer	Liquid Nitrogen	GeoMX-DSP	id_quod_plerumque_accidit	scientia,_aere_perennius	Other	e_causa_ignota	saltus_in_demonstrando
NonDICOMpathologyImages	GC-IMAGE-646178	GC-NonDICOMpathologyImages-909238	Core needle biopsy	Xenograft	OCT media	Not Applicable	CyCIF	scientia_imperii_decus_et_tutamen	labor_ipse_voluptas	Multi	id_quod_plerumque_accidit	Macte_animo_Generose_puer_sic_itur_ad_astra
NonDICOMpathologyImages	GC-IMAGE-984937	GC-NonDICOMpathologyImages-168101	Pancreaticoduodenectomy	Local recurrence	Methacarn	Formalin Fixed - Buffered	CyCIF	nanos_gigantum_humeris_insidentes	sapiens_qui_prospicit	Air	scientia_et_sapientia	imperium_in_imperio
NonDICOMpathologyImages	GC-IMAGE-165009	GC-NonDICOMpathologyImages-902185	Biopsy	Premalignant	Glutaraldehyde	FFPE	H&E	scientia_et_labor	a_bene_placito	Air	pace_tua	O_Tite_tute_Tati_tibi_tanta_tyranne_tulisti
NonDICOMpathologyImages	GC-IMAGE-555415	GC-NonDICOMpathologyImages-366524	Other	Not applicable	PAXgene Tissue	Isopentane	ExSeq	pace_tua	cacatum_non_est_pictum	Other	scientia_et_sapientia	saltus_in_demonstrando
NonDICOMpathologyImages	GC-IMAGE-560975	GC-NonDICOMpathologyImages-134363	Excisional Biopsy	Tumor post-neoadjuvant therapy	Methacarn	Not Reported	IMC	id_quod_plerumque_accidit	nascentes_morimur_finisque_ab_origine_pendet	Water	scientia_et_labor	a_bene_placito
NonDICOMpathologyImages	GC-IMAGE-187170	GC-NonDICOMpathologyImages-707518	Biopsy	Additional Primary	Dimethylacetamide	Not Applicable	CODEX	e_causa_ignota	scientiae_et_patriae	Multi	barba_crescit_caput_nescit	barba_crescit_caput_nescit
NonDICOMpathologyImages	GC-IMAGE-286619	GC-NonDICOMpathologyImages-531871	Blood draw	Tumor specimen from de novo untreated malignancy of the bladder	Other	Formalin Fixed Tissue	IMC	faber_est_suae_quisque_fortunae	imperium_in_imperio	Multi	scientia_et_sapientia	imperium_in_imperio
NonDICOMpathologyImages	GC-IMAGE-366951	GC-NonDICOMpathologyImages-165160	Autopsy	Tumor post-therapy	None	Snap Frozen	mIHC	scientiae_cedit_mare	imperium_in_imperio	Other	a_bene_placito	Obedientia_civium_urbis_felicitas
NonDICOMpathologyImages	GC-IMAGE-975408	GC-NonDICOMpathologyImages-874966	Sentinel node biopsy	Unknown	Alcohol	Cryopreserved	IHC	faber_est_suae_quisque_fortunae	scientiae_et_patriae	Water	O_Tite_tute_Tati_tibi_tanta_tyranne_tulisti	nascentes_morimur_finisque_ab_origine_pendet
NonDICOMpathologyImages	GC-IMAGE-314045	GC-NonDICOMpathologyImages-209421	Autopsy	Premalignant - in situ	TCL Lysis Buffer	-20 degrees C	Not Applicable	saltus_in_demonstrando	scientia_et_labor	Other	O_Tite_tute_Tati_tibi_tanta_tyranne_tulisti	scientiae_et_patriae
NonDICOMpathologyImages	GC-IMAGE-438058	GC-NonDICOMpathologyImages-279814	Autopsy	Atypia or hyperplasia	Para-benzoquinone	FFPE	Not Applicable	nanos_gigantum_humeris_insidentes	faber_est_suae_quisque_fortunae	Other	O_Tite_tute_Tati_tibi_tanta_tyranne_tulisti	faber_est_suae_quisque_fortunae
NonDICOMpathologyImages	GC-IMAGE-886374	GC-NonDICOMpathologyImages-976100	Not specified	Recurrent	Poloxamer	Formalin Fixed - Unbuffered	t-CyCIF	nanos_gigantum_humeris_insidentes	scientia,_aere_perennius	Glycerol	Macte_animo_Generose_puer_sic_itur_ad_astra	saltus_in_demonstrando
NonDICOMpathologyImages	GC-IMAGE-748765	GC-NonDICOMpathologyImages-962447	Forceps Biopsy	Primary	NP40 Lysis Buffer	TRIzol	mIHC	haec_olim_meminisse_iuvabit	imperium_in_imperio	Water	barba_crescit_caput_nescit	scientia_et_sapientia
NonDICOMpathologyImages	GC-IMAGE-267799	GC-NonDICOMpathologyImages-254060	Autopsy	Normal	Methacarn	Snap Frozen	MERFISH	a_bene_placito	labor_ipse_voluptas	Air	id_quod_plerumque_accidit	scientiae_cedit_mare
NonDICOMpathologyImages	GC-IMAGE-878410	GC-NonDICOMpathologyImages-305996	Fine needle aspirate	Premalignant - in situ	Poloxamer	FFPE	mIHC	sapiens_qui_prospicit	cacatum_non_est_pictum	Multi	damnant_quod_non_intellegunt	pace_tua
NonDICOMpathologyImages	GC-IMAGE-245862	GC-NonDICOMpathologyImages-325966	Sentinel node biopsy	Not applicable	Alcohol	-80 degrees C	IMC	scientiae_cedit_mare	scientia,_aere_perennius	Multi	pace_tua	nascentes_morimur_finisque_ab_origine_pendet
NonDICOMpathologyImages	GC-IMAGE-175419	GC-NonDICOMpathologyImages-782425	Not specified	Metastatic	Acetone	-20 degrees C	Not Applicable	imperium_in_imperio	scientia,_aere_perennius	Multi	cacatum_non_est_pictum	a_bene_placito
NonDICOMpathologyImages	GC-IMAGE-647088	GC-NonDICOMpathologyImages-545750	Not applicable	Premalignant	Glutaraldehyde	Snap Frozen	Not Applicable	scientia,_aere_perennius	scientia_et_sapientia	Multi	scientia_et_labor	saltus_in_demonstrando
NonDICOMpathologyImages	GC-IMAGE-393701	GC-NonDICOMpathologyImages-727176	Not applicable	Premalignant - in situ	Carnoy's Solution	Formalin Fixed Tissue	Not Applicable	nascentes_morimur_finisque_ab_origine_pendet	scientia,_aere_perennius	Glycerol	haec_olim_meminisse_iuvabit	scientia_imperii_decus_et_tutamen
NonDICOMpathologyImages	GC-IMAGE-180258	GC-NonDICOMpathologyImages-828828	Other	Premalignant - in situ	Poloxamer	-20 degrees C	ExSeq	faber_est_suae_quisque_fortunae	labor_ipse_voluptas	Water	O_Tite_tute_Tati_tibi_tanta_tyranne_tulisti	Obedientia_civium_urbis_felicitas
NonDICOMpathologyImages	GC-IMAGE-904817	GC-NonDICOMpathologyImages-678001	Punch biopsy	Metastatic	CryoStor	RNALater	IMC	scientia_et_sapientia	Gallia_est_omnis_divisa_in_partes_tres	Oil	faber_est_suae_quisque_fortunae	scientia_et_sapientia
NonDICOMpathologyImages	GC-IMAGE-873035	GC-NonDICOMpathologyImages-289134	Shave biopsy	Recurrent	Formalin	Fresh Dissociated and Single Cell Sorted	ExSeq	scientiae_et_patriae	damnant_quod_non_intellegunt	Glycerol	scientia_imperii_decus_et_tutamen	salus_in_arduis
NonDICOMpathologyImages	GC-IMAGE-304448	GC-NonDICOMpathologyImages-516234	Forceps Biopsy	Not applicable	RNAlater	Fresh	SABER	pace_tua	scientia_et_labor	Other	scientia_et_labor	a_bene_placito
NonDICOMpathologyImages	GC-IMAGE-802277	GC-NonDICOMpathologyImages-962733	Other	Primary	Carbodiimide	Fresh Dissociated and Single Cell Sorted	IMC	salus_in_arduis	Obedientia_civium_urbis_felicitas	Glycerol	faber_est_suae_quisque_fortunae	id_quod_plerumque_accidit
NonDICOMpathologyImages	GC-IMAGE-285672	GC-NonDICOMpathologyImages-715110	Core needle biopsy	NOS	Carbodiimide	Isopentane	IMC	scientia,_aere_perennius	haec_olim_meminisse_iuvabit	Other	Macte_animo_Generose_puer_sic_itur_ad_astra	faber_est_suae_quisque_fortunae
NonDICOMpathologyImages	GC-IMAGE-517666	GC-NonDICOMpathologyImages-668617	Forceps Biopsy	Tumor post-adjuvant therapy	Poloxamer	Formalin Fixed Tissue	CODEX	Gallia_est_omnis_divisa_in_partes_tres	scientia,_aere_perennius	Multi	e_causa_ignota	Obedientia_civium_urbis_felicitas
NonDICOMpathologyImages	GC-IMAGE-128118	GC-NonDICOMpathologyImages-270304	Core needle biopsy	Metastatic	Glutaraldehyde	Isopentane	IHC	Macte_animo_Generose_puer_sic_itur_ad_astra	id_quod_plerumque_accidit	Multi	a_bene_placito	scientia_et_sapientia
NonDICOMpathologyImages	GC-IMAGE-625292	GC-NonDICOMpathologyImages-269794	Autopsy	Primary	Unknown	Formalin Fixed - Unbuffered	SABER	nanos_gigantum_humeris_insidentes	nascentes_morimur_finisque_ab_origine_pendet	Oil	salus_in_arduis	faber_est_suae_quisque_fortunae
NonDICOMpathologyImages	GC-IMAGE-312226	GC-NonDICOMpathologyImages-821085	Not specified	Tumor post-therapy	Dimethylacetamide	Fresh	IMC	id_quod_plerumque_accidit	nascentes_morimur_finisque_ab_origine_pendet	Oil	a_bene_placito	nanos_gigantum_humeris_insidentes
NonDICOMpathologyImages	GC-IMAGE-992738	GC-NonDICOMpathologyImages-698374	Shave biopsy	Local recurrence	RNAlater	Frozen	IMC	faber_est_suae_quisque_fortunae	damnant_quod_non_intellegunt	Multi	labor_ipse_voluptas	salus_in_arduis
NonDICOMpathologyImages	GC-IMAGE-797579	GC-NonDICOMpathologyImages-331697	Re-excision	Local recurrence	PAXgene Tissue	Liquid Nitrogen	ExSeq	O_Tite_tute_Tati_tibi_tanta_tyranne_tulisti	Obedientia_civium_urbis_felicitas	Multi	Gallia_est_omnis_divisa_in_partes_tres	imperium_in_imperio
NonDICOMpathologyImages	GC-IMAGE-116826	GC-NonDICOMpathologyImages-184153	Core needle biopsy	Normal	95% Ethanol	-20 degrees C	GeoMX-DSP	Obedientia_civium_urbis_felicitas	a_bene_placito	Air	cacatum_non_est_pictum	a_bene_placito
NonDICOMpathologyImages	GC-IMAGE-335660	GC-NonDICOMpathologyImages-434171	Not applicable	Tumor specimen from de novo untreated malignancy of the bladder	Not recorded	FFPE	MxIF	haec_olim_meminisse_iuvabit	scientia_et_labor	Glycerol	scientia,_aere_perennius	Gallia_est_omnis_divisa_in_partes_tres
NonDICOMpathologyImages	GC-IMAGE-796120	GC-NonDICOMpathologyImages-128304	Surgical Resection	Premalignant	Saline	TRIzol	H&E	labor_ipse_voluptas	barba_crescit_caput_nescit	Air	scientia_et_sapientia	haec_olim_meminisse_iuvabit
NonDICOMpathologyImages	GC-IMAGE-270082	GC-NonDICOMpathologyImages-141241	Not specified	Tumor post-neoadjuvant therapy	Carnoy's Solution	TRIzol	H&E	salus_in_arduis	pace_tua	Oil	nanos_gigantum_humeris_insidentes	Macte_animo_Generose_puer_sic_itur_ad_astra
NonDICOMpathologyImages	GC-IMAGE-154708	GC-NonDICOMpathologyImages-844508	Lymphadenectomy (regional nodes)	Tissue	Alcohol	Formalin Fixed Tissue	ExSeq	damnant_quod_non_intellegunt	imperium_in_imperio	Multi	Obedientia_civium_urbis_felicitas	scientia,_aere_perennius
NonDICOMpathologyImages	GC-IMAGE-108525	GC-NonDICOMpathologyImages-177755	Re-excision	Tumor post-therapy	Not applicable	-20 degrees C	MIBI	faber_est_suae_quisque_fortunae	nascentes_morimur_finisque_ab_origine_pendet	Oil	id_quod_plerumque_accidit	haec_olim_meminisse_iuvabit
NonDICOMpathologyImages	GC-IMAGE-167501	GC-NonDICOMpathologyImages-239297	Incisional Biopsy	Tissue	Acetone	Not Reported	MxIF	sapiens_qui_prospicit	imperium_in_imperio	Oil	id_quod_plerumque_accidit	a_bene_placito
NonDICOMpathologyImages	GC-IMAGE-911992	GC-NonDICOMpathologyImages-406130	Incisional Biopsy	Tumor specimen from de novo untreated malignancy of the bladder	Glutaraldehyde	Fresh Dissociated and Single Cell Sorted	Not Applicable	scientia,_aere_perennius	salus_in_arduis	Water	damnant_quod_non_intellegunt	e_causa_ignota
NonDICOMpathologyImages	GC-IMAGE-445340	GC-NonDICOMpathologyImages-359890	Biopsy	Premalignant - in situ	OCT media	Fresh Dissociated and Single Cell Sorted into Plates	SABER	Obedientia_civium_urbis_felicitas	damnant_quod_non_intellegunt	Glycerol	scientiae_et_patriae	scientia_et_sapientia
NonDICOMpathologyImages	GC-IMAGE-171649	GC-NonDICOMpathologyImages-480038	Autopsy	Premalignant	Carbodiimide	Snap Frozen	GeoMX-DSP	scientiae_et_patriae	scientiae_et_patriae	Multi	nanos_gigantum_humeris_insidentes	saltus_in_demonstrando
NonDICOMpathologyImages	GC-IMAGE-907015	GC-NonDICOMpathologyImages-432948	Shave biopsy	Normal adjacent	Glutaraldehyde	Isopentane	t-CyCIF	Macte_animo_Generose_puer_sic_itur_ad_astra	id_quod_plerumque_accidit	Air	scientia_imperii_decus_et_tutamen	cacatum_non_est_pictum
NonDICOMpathologyImages	GC-IMAGE-922980	GC-NonDICOMpathologyImages-264471	Shave biopsy	Primary	RNAlater	Cytospin Slide	MIBI	sapiens_qui_prospicit	a_bene_placito	Air	pace_tua	imperium_in_imperio
NonDICOMpathologyImages	GC-IMAGE-316050	GC-NonDICOMpathologyImages-318647	Biopsy	Not reported	Alcohol	Fresh Dissociated	H&E	saltus_in_demonstrando	scientia_et_sapientia	Other	sapiens_qui_prospicit	e_causa_ignota
NonDICOMpathologyImages	GC-IMAGE-911712	GC-NonDICOMpathologyImages-954244	Pancreaticoduodenectomy	Tumor specimen from de novo untreated malignancy of the bladder	TCL Lysis Buffer	Fresh	IMC	damnant_quod_non_intellegunt	scientia_imperii_decus_et_tutamen	Other	labor_ipse_voluptas	O_Tite_tute_Tati_tibi_tanta_tyranne_tulisti
NonDICOMpathologyImages	GC-IMAGE-603884	GC-NonDICOMpathologyImages-166891	Not reported	Additional Primary	OCT media	FFPE	GeoMX-DSP	Macte_animo_Generose_puer_sic_itur_ad_astra	a_bene_placito	Oil	nanos_gigantum_humeris_insidentes	scientiae_et_patriae
NonDICOMpathologyImages	GC-IMAGE-663778	GC-NonDICOMpathologyImages-664482	Core needle biopsy	Normal distant	Saline	Snap Frozen	SABER	Gallia_est_omnis_divisa_in_partes_tres	faber_est_suae_quisque_fortunae	Glycerol	Gallia_est_omnis_divisa_in_partes_tres	Macte_animo_Generose_puer_sic_itur_ad_astra
NonDICOMpathologyImages	GC-IMAGE-187256	GC-NonDICOMpathologyImages-756864	Not applicable	NOS	PAXgene Tissue	Cryopreserved	Not Applicable	Obedientia_civium_urbis_felicitas	Gallia_est_omnis_divisa_in_partes_tres	Oil	Gallia_est_omnis_divisa_in_partes_tres	sapiens_qui_prospicit
NonDICOMpathologyImages	GC-IMAGE-670051	GC-NonDICOMpathologyImages-433615	Core needle biopsy	Atypia or hyperplasia	TCL Lysis Buffer	Liquid Nitrogen	IMC	scientiae_cedit_mare	imperium_in_imperio	Other	Obedientia_civium_urbis_felicitas	Macte_animo_Generose_puer_sic_itur_ad_astra
NonDICOMpathologyImages	GC-IMAGE-743521	GC-NonDICOMpathologyImages-172865	Core needle biopsy	Tumor post-therapy	Saline	Fresh Dissociated and Single Cell Sorted into Plates	Not Applicable	Obedientia_civium_urbis_felicitas	labor_ipse_voluptas	Oil	scientiae_cedit_mare	O_Tite_tute_Tati_tibi_tanta_tyranne_tulisti
NonDICOMpathologyImages	GC-IMAGE-992565	GC-NonDICOMpathologyImages-927157	Fine needle aspirate	Premalignant	Formalin	-80 degrees C	Not Applicable	cacatum_non_est_pictum	Macte_animo_Generose_puer_sic_itur_ad_astra	Air	scientiae_cedit_mare	id_quod_plerumque_accidit
NonDICOMpathologyImages	GC-IMAGE-871093	GC-NonDICOMpathologyImages-521291	Fine needle aspirate	Tumor post-adjuvant therapy	Glutaraldehyde	Formalin Fixed - Buffered	MERFISH	a_bene_placito	scientia_et_sapientia	Oil	haec_olim_meminisse_iuvabit	id_quod_plerumque_accidit
NonDICOMpathologyImages	GC-IMAGE-124495	GC-NonDICOMpathologyImages-313723	Autopsy	Unknown	None	Fresh Dissociated and Single Cell Sorted	CODEX	scientia_et_labor	faber_est_suae_quisque_fortunae	Multi	scientia,_aere_perennius	e_causa_ignota
NonDICOMpathologyImages	GC-IMAGE-775372	GC-NonDICOMpathologyImages-703371	Not applicable	Additional Primary	Diimidoester	RNALater	IMC	salus_in_arduis	id_quod_plerumque_accidit	Multi	nanos_gigantum_humeris_insidentes	scientia,_aere_perennius
NonDICOMpathologyImages	GC-IMAGE-273957	GC-NonDICOMpathologyImages-542797	Forceps Biopsy	Premalignant - in situ	Carbodiimide	-80 degrees C	H&E	Obedientia_civium_urbis_felicitas	scientiae_et_patriae	Other	scientiae_et_patriae	Obedientia_civium_urbis_felicitas
NonDICOMpathologyImages	GC-IMAGE-687925	GC-NonDICOMpathologyImages-256210	Forceps Biopsy	Premalignant - in situ	Dimethylacetamide	Fresh Dissociated and Single Cell Sorted into Plates	CODEX	scientiae_et_patriae	imperium_in_imperio	Oil	a_bene_placito	nanos_gigantum_humeris_insidentes
NonDICOMpathologyImages	GC-IMAGE-230876	GC-NonDICOMpathologyImages-539243	Shave biopsy	Normal adjacent	PAXgene Tissue	-80 degrees C	H&E	a_bene_placito	nascentes_morimur_finisque_ab_origine_pendet	Multi	barba_crescit_caput_nescit	imperium_in_imperio
NonDICOMpathologyImages	GC-IMAGE-205875	GC-NonDICOMpathologyImages-898012	Biopsy	Tumor post-adjuvant therapy	Carnoy's Solution	Not Applicable	H&E	scientia,_aere_perennius	scientia,_aere_perennius	Air	Obedientia_civium_urbis_felicitas	imperium_in_imperio
NonDICOMpathologyImages	GC-IMAGE-821771	GC-NonDICOMpathologyImages-426337	Lymphadenectomy (regional nodes)	Tumor post-neoadjuvant therapy	Other	-80 degrees C	MxIF	scientia_imperii_decus_et_tutamen	sapiens_qui_prospicit	Glycerol	scientiae_et_patriae	Gallia_est_omnis_divisa_in_partes_tres
NonDICOMpathologyImages	GC-IMAGE-355144	GC-NonDICOMpathologyImages-573711	Lymphadenectomy (regional nodes)	Tumor post-neoadjuvant therapy	Other	Fresh Dissociated	Not Applicable	sapiens_qui_prospicit	scientiae_et_patriae	Oil	cacatum_non_est_pictum	scientiae_et_patriae
NonDICOMpathologyImages	GC-IMAGE-206160	GC-NonDICOMpathologyImages-232933	Not reported	Not reported	Not recorded	FFPE	H&E	e_causa_ignota	barba_crescit_caput_nescit	Multi	sapiens_qui_prospicit	id_quod_plerumque_accidit
NonDICOMpathologyImages	GC-IMAGE-533445	GC-NonDICOMpathologyImages-955049	Re-excision	Premalignant	Other	-80 degrees C	MxIF	sapiens_qui_prospicit	barba_crescit_caput_nescit	Air	nanos_gigantum_humeris_insidentes	faber_est_suae_quisque_fortunae
NonDICOMpathologyImages	GC-IMAGE-523724	GC-NonDICOMpathologyImages-841941	Surgical Resection	Tissue	OCT media	Fresh	ExSeq	scientia_et_sapientia	cacatum_non_est_pictum	Oil	scientia_et_sapientia	scientia_imperii_decus_et_tutamen
NonDICOMpathologyImages	GC-IMAGE-549832	GC-NonDICOMpathologyImages-947389	Fine needle aspirate	Primary	Other	Frozen	MxIF	barba_crescit_caput_nescit	id_quod_plerumque_accidit	Other	nascentes_morimur_finisque_ab_origine_pendet	scientiae_cedit_mare
NonDICOMpathologyImages	GC-IMAGE-207729	GC-NonDICOMpathologyImages-813110	Incisional Biopsy	Atypia or hyperplasia	Not recorded	Fresh Dissociated and Single Cell Sorted	MIBI	scientiae_et_patriae	cacatum_non_est_pictum	Air	Macte_animo_Generose_puer_sic_itur_ad_astra	Macte_animo_Generose_puer_sic_itur_ad_astra
NonDICOMpathologyImages	GC-IMAGE-327379	GC-NonDICOMpathologyImages-139620	Punch biopsy	NOS	Glutaraldehyde	Formalin Fixed - Buffered	SABER	nascentes_morimur_finisque_ab_origine_pendet	damnant_quod_non_intellegunt	Air	Obedientia_civium_urbis_felicitas	pace_tua
NonDICOMpathologyImages	GC-IMAGE-266346	GC-NonDICOMpathologyImages-492624	Sentinel node biopsy	Unknown	Glutaraldehyde	FFPE	ExSeq	scientia_et_sapientia	labor_ipse_voluptas	Air	scientia_et_sapientia	O_Tite_tute_Tati_tibi_tanta_tyranne_tulisti
NonDICOMpathologyImages	GC-IMAGE-279828	GC-NonDICOMpathologyImages-972444	Biopsy	Tumor post-neoadjuvant therapy	CryoStor	Formalin Fixed Tissue	t-CyCIF	id_quod_plerumque_accidit	a_bene_placito	Other	scientiae_cedit_mare	Gallia_est_omnis_divisa_in_partes_tres
NonDICOMpathologyImages	GC-IMAGE-780983	GC-NonDICOMpathologyImages-257864	Fine needle aspirate	Local recurrence	95% Ethanol	Formalin Fixed Tissue	t-CyCIF	nanos_gigantum_humeris_insidentes	scientiae_cedit_mare	Glycerol	damnant_quod_non_intellegunt	imperium_in_imperio
NonDICOMpathologyImages	GC-IMAGE-630085	GC-NonDICOMpathologyImages-955796	Pancreaticoduodenectomy	Unknown	NP40 Lysis Buffer	Snap Frozen	CODEX	faber_est_suae_quisque_fortunae	scientia_et_labor	Glycerol	scientia_imperii_decus_et_tutamen	scientia_et_sapientia
NonDICOMpathologyImages	GC-IMAGE-316644	GC-NonDICOMpathologyImages-805286	Blood draw	Additional Primary	None	Cryopreserved	t-CyCIF	scientia,_aere_perennius	labor_ipse_voluptas	Multi	labor_ipse_voluptas	Obedientia_civium_urbis_felicitas
NonDICOMpathologyImages	GC-IMAGE-780522	GC-NonDICOMpathologyImages-443456	Forceps Biopsy	Normal	Carnoy's Solution	OCT	IMC	id_quod_plerumque_accidit	damnant_quod_non_intellegunt	Other	scientiae_et_patriae	Gallia_est_omnis_divisa_in_partes_tres
NonDICOMpathologyImages	GC-IMAGE-134402	GC-NonDICOMpathologyImages-229892	Excisional Biopsy	Tumor post-adjuvant therapy	Dimethylacetamide	Liquid Nitrogen	CyCIF	cacatum_non_est_pictum	pace_tua	Multi	scientia_imperii_decus_et_tutamen	labor_ipse_voluptas
NonDICOMpathologyImages	GC-IMAGE-363895	GC-NonDICOMpathologyImages-156117	Sentinel node biopsy	Local recurrence	Saline	RNALater	mIHC	scientia,_aere_perennius	Gallia_est_omnis_divisa_in_partes_tres	Other	faber_est_suae_quisque_fortunae	sapiens_qui_prospicit
NonDICOMpathologyImages	GC-IMAGE-847605	GC-NonDICOMpathologyImages-269054	Not reported	Normal distant	Carnoy's Solution	Unknown	MERFISH	cacatum_non_est_pictum	Gallia_est_omnis_divisa_in_partes_tres	Oil	imperium_in_imperio	salus_in_arduis
NonDICOMpathologyImages	GC-IMAGE-878266	GC-NonDICOMpathologyImages-289701	Other	Atypia or hyperplasia	CryoStor	Unknown	mIHC	id_quod_plerumque_accidit	scientiae_cedit_mare	Oil	pace_tua	faber_est_suae_quisque_fortunae
NonDICOMpathologyImages	GC-IMAGE-971385	GC-NonDICOMpathologyImages-767148	Lymphadenectomy (regional nodes)	Additional Primary	Other	Isopentane	mIHC	barba_crescit_caput_nescit	nascentes_morimur_finisque_ab_origine_pendet	Glycerol	damnant_quod_non_intellegunt	pace_tua
NonDICOMpathologyImages	GC-IMAGE-836088	GC-NonDICOMpathologyImages-867591	Re-excision	NOS	Unknown	Isopentane	ExSeq	a_bene_placito	e_causa_ignota	Multi	O_Tite_tute_Tati_tibi_tanta_tyranne_tulisti	cacatum_non_est_pictum
NonDICOMpathologyImages	GC-IMAGE-723198	GC-NonDICOMpathologyImages-413219	Surgical Resection	Normal	Not applicable	Not Reported	MERFISH	scientiae_cedit_mare	O_Tite_tute_Tati_tibi_tanta_tyranne_tulisti	Glycerol	haec_olim_meminisse_iuvabit	Gallia_est_omnis_divisa_in_partes_tres
NonDICOMpathologyImages	GC-IMAGE-820192	GC-NonDICOMpathologyImages-302828	Other	Atypia or hyperplasia	Saline	Formalin Fixed - Unbuffered	mIHC	imperium_in_imperio	salus_in_arduis	Oil	scientia_et_sapientia	sapiens_qui_prospicit
