type	study.study_id	consent_group.consent_group_id	study_participant_id	participant_id	race	sex	ethnicity	dbGaP_subject_id	crdc_id
participant	GC-STUDY-530531	GC-CONSENT-GROUP-523400	GC-CASE-454380	labor_ipse_voluptas	White	Don't know	Not Hispanic or Latino	scientia_imperii_decus_et_tutamen	e_causa_ignota
participant	GC-STUDY-530531	GC-CONSENT-GROUP-523400	GC-CASE-337149	e_causa_ignota	White	Male	Hispanic or Latino	e_causa_ignota	scientia,_aere_perennius
participant	GC-STUDY-530531	GC-CONSENT-GROUP-523400	GC-CASE-903958	Obedientia_civium_urbis_felicitas	Black or African American	Unknown	Not allowed to collect	pace_tua	id_quod_plerumque_accidit
participant	GC-STUDY-530531	GC-CONSENT-GROUP-523400	GC-CASE-849582	scientia,_aere_perennius	Native Hawaiian or other Pacific Islander	Decline to answer	Hispanic or Latino	scientia_et_sapientia	sapiens_qui_prospicit
participant	GC-STUDY-530531	GC-CONSENT-GROUP-523400	GC-CASE-885156	Gallia_est_omnis_divisa_in_partes_tres	White	X	Unknown	imperium_in_imperio	a_bene_placito
participant	GC-STUDY-530531	GC-CONSENT-GROUP-523400	GC-CASE-828457	barba_crescit_caput_nescit	American Indian or Alaska Native	Female	Not Hispanic or Latino	saltus_in_demonstrando	pace_tua
participant	GC-STUDY-530531	GC-CONSENT-GROUP-523400	GC-CASE-727555	nanos_gigantum_humeris_insidentes	Not Reported	Decline to answer	Not Hispanic or Latino	scientia_et_sapientia	pace_tua
participant	GC-STUDY-530531	GC-CONSENT-GROUP-523400	GC-CASE-530936	barba_crescit_caput_nescit	Unknown	Unknown	Not Hispanic or Latino	scientia_et_sapientia	scientia,_aere_perennius
participant	GC-STUDY-530531	GC-CONSENT-GROUP-523400	GC-CASE-726336	sapiens_qui_prospicit	White	Female	Hispanic or Latino	salus_in_arduis	damnant_quod_non_intellegunt
participant	GC-STUDY-530531	GC-CONSENT-GROUP-523400	GC-CASE-668792	scientia_et_sapientia	Not Reported	Male	Not Hispanic or Latino	saltus_in_demonstrando	scientia,_aere_perennius
participant	GC-STUDY-530531	GC-CONSENT-GROUP-523400	GC-CASE-331007	faber_est_suae_quisque_fortunae	Unknown	Prefer not to answer	Not allowed to collect	damnant_quod_non_intellegunt	e_causa_ignota
participant	GC-STUDY-530531	GC-CONSENT-GROUP-523400	GC-CASE-726843	scientiae_et_patriae	Not allowed to collect	None of these describe me	Not reported	cacatum_non_est_pictum	scientia_et_sapientia
participant	GC-STUDY-530531	GC-CONSENT-GROUP-523400	GC-CASE-974030	Gallia_est_omnis_divisa_in_partes_tres	White	Intersex	Not reported	sapiens_qui_prospicit	labor_ipse_voluptas
participant	GC-STUDY-530531	GC-CONSENT-GROUP-523400	GC-CASE-837994	scientia_imperii_decus_et_tutamen	Not allowed to collect	Female	Hispanic or Latino	haec_olim_meminisse_iuvabit	scientiae_cedit_mare
participant	GC-STUDY-530531	GC-CONSENT-GROUP-523400	GC-CASE-306991	nanos_gigantum_humeris_insidentes	Asian	Female	Hispanic or Latino	haec_olim_meminisse_iuvabit	nanos_gigantum_humeris_insidentes
participant	GC-STUDY-530531	GC-CONSENT-GROUP-523400	GC-CASE-406747	salus_in_arduis	Native Hawaiian or other Pacific Islander	None of these describe me	Not allowed to collect	nascentes_morimur_finisque_ab_origine_pendet	scientia_imperii_decus_et_tutamen
participant	GC-STUDY-530531	GC-CONSENT-GROUP-523400	GC-CASE-462340	Macte_animo_Generose_puer_sic_itur_ad_astra	Black or African American	Female	Not Hispanic or Latino	scientiae_et_patriae	pace_tua
participant	GC-STUDY-530531	GC-CONSENT-GROUP-523400	GC-CASE-617085	scientia_imperii_decus_et_tutamen	Black or African American	Prefer not to answer	Unknown	O_Tite_tute_Tati_tibi_tanta_tyranne_tulisti	scientia_imperii_decus_et_tutamen
participant	GC-STUDY-530531	GC-CONSENT-GROUP-523400	GC-CASE-883832	labor_ipse_voluptas	American Indian or Alaska Native	Decline to answer	Not reported	barba_crescit_caput_nescit	nascentes_morimur_finisque_ab_origine_pendet
participant	GC-STUDY-530531	GC-CONSENT-GROUP-523400	GC-CASE-859701	haec_olim_meminisse_iuvabit	Unknown	Prefer not to answer	Hispanic or Latino	Obedientia_civium_urbis_felicitas	Macte_animo_Generose_puer_sic_itur_ad_astra
participant	GC-STUDY-530531	GC-CONSENT-GROUP-427551	GC-CASE-109550	salus_in_arduis	Not Reported	X	Hispanic or Latino	a_bene_placito	scientia,_aere_perennius
participant	GC-STUDY-530531	GC-CONSENT-GROUP-427551	GC-CASE-757646	faber_est_suae_quisque_fortunae	Not allowed to collect	Male	Unknown	scientia,_aere_perennius	scientia_et_sapientia
participant	GC-STUDY-530531	GC-CONSENT-GROUP-427551	GC-CASE-831019	damnant_quod_non_intellegunt	Not allowed to collect	Decline to answer	Unknown	salus_in_arduis	damnant_quod_non_intellegunt
participant	GC-STUDY-530531	GC-CONSENT-GROUP-427551	GC-CASE-828682	id_quod_plerumque_accidit	American Indian or Alaska Native	Intersex	Unknown	scientiae_et_patriae	Macte_animo_Generose_puer_sic_itur_ad_astra
participant	GC-STUDY-530531	GC-CONSENT-GROUP-427551	GC-CASE-300507	Gallia_est_omnis_divisa_in_partes_tres	American Indian or Alaska Native	None of these describe me	Hispanic or Latino	Gallia_est_omnis_divisa_in_partes_tres	nanos_gigantum_humeris_insidentes
participant	GC-STUDY-530531	GC-CONSENT-GROUP-427551	GC-CASE-809780	nascentes_morimur_finisque_ab_origine_pendet	American Indian or Alaska Native	Male	Not allowed to collect	pace_tua	saltus_in_demonstrando
participant	GC-STUDY-530531	GC-CONSENT-GROUP-427551	GC-CASE-380878	pace_tua	Not Reported	None of these describe me	Not Hispanic or Latino	damnant_quod_non_intellegunt	scientia,_aere_perennius
participant	GC-STUDY-530531	GC-CONSENT-GROUP-427551	GC-CASE-173421	scientia_et_sapientia	American Indian or Alaska Native	Decline to answer	Hispanic or Latino	salus_in_arduis	damnant_quod_non_intellegunt
participant	GC-STUDY-530531	GC-CONSENT-GROUP-427551	GC-CASE-650724	Gallia_est_omnis_divisa_in_partes_tres	Not allowed to collect	Male	Unknown	faber_est_suae_quisque_fortunae	labor_ipse_voluptas
participant	GC-STUDY-530531	GC-CONSENT-GROUP-427551	GC-CASE-715865	scientiae_cedit_mare	Unknown	Don't know	Unknown	barba_crescit_caput_nescit	cacatum_non_est_pictum
participant	GC-STUDY-530531	GC-CONSENT-GROUP-427551	GC-CASE-999587	cacatum_non_est_pictum	Black or African American	None of these describe me	Hispanic or Latino	scientiae_et_patriae	sapiens_qui_prospicit
participant	GC-STUDY-530531	GC-CONSENT-GROUP-427551	GC-CASE-916271	barba_crescit_caput_nescit	Unknown	Male	Hispanic or Latino	labor_ipse_voluptas	a_bene_placito
participant	GC-STUDY-530531	GC-CONSENT-GROUP-427551	GC-CASE-685636	scientiae_et_patriae	American Indian or Alaska Native	Female	Not reported	scientia,_aere_perennius	damnant_quod_non_intellegunt
participant	GC-STUDY-530531	GC-CONSENT-GROUP-427551	GC-CASE-149162	scientiae_cedit_mare	White	Unknown	Unknown	Gallia_est_omnis_divisa_in_partes_tres	pace_tua
participant	GC-STUDY-530531	GC-CONSENT-GROUP-427551	GC-CASE-305816	scientiae_et_patriae	Black or African American	Intersex	Unknown	id_quod_plerumque_accidit	imperium_in_imperio
participant	GC-STUDY-530531	GC-CONSENT-GROUP-427551	GC-CASE-208381	salus_in_arduis	Not Reported	Don't know	Not allowed to collect	barba_crescit_caput_nescit	scientia_et_sapientia
participant	GC-STUDY-530531	GC-CONSENT-GROUP-427551	GC-CASE-213451	imperium_in_imperio	Black or African American	Unknown	Not allowed to collect	O_Tite_tute_Tati_tibi_tanta_tyranne_tulisti	pace_tua
participant	GC-STUDY-530531	GC-CONSENT-GROUP-427551	GC-CASE-904016	scientia_et_labor	Not allowed to collect	None of these describe me	Not Hispanic or Latino	e_causa_ignota	scientia,_aere_perennius
participant	GC-STUDY-530531	GC-CONSENT-GROUP-427551	GC-CASE-901529	Gallia_est_omnis_divisa_in_partes_tres	Asian	Female	Not Hispanic or Latino	id_quod_plerumque_accidit	sapiens_qui_prospicit
participant	GC-STUDY-530531	GC-CONSENT-GROUP-427551	GC-CASE-816109	Obedientia_civium_urbis_felicitas	American Indian or Alaska Native	Female	Hispanic or Latino	O_Tite_tute_Tati_tibi_tanta_tyranne_tulisti	damnant_quod_non_intellegunt
participant	GC-STUDY-530531	GC-CONSENT-GROUP-225618	GC-CASE-891015	a_bene_placito	Not allowed to collect	Decline to answer	Hispanic or Latino	O_Tite_tute_Tati_tibi_tanta_tyranne_tulisti	damnant_quod_non_intellegunt
participant	GC-STUDY-530531	GC-CONSENT-GROUP-225618	GC-CASE-629837	scientia_et_sapientia	Black or African American	Don't know	Not Hispanic or Latino	saltus_in_demonstrando	id_quod_plerumque_accidit
participant	GC-STUDY-530531	GC-CONSENT-GROUP-225618	GC-CASE-456175	nascentes_morimur_finisque_ab_origine_pendet	Not Reported	Male	Not allowed to collect	Gallia_est_omnis_divisa_in_partes_tres	barba_crescit_caput_nescit
participant	GC-STUDY-530531	GC-CONSENT-GROUP-225618	GC-CASE-574511	pace_tua	American Indian or Alaska Native	Male	Not Hispanic or Latino	scientiae_et_patriae	O_Tite_tute_Tati_tibi_tanta_tyranne_tulisti
participant	GC-STUDY-530531	GC-CONSENT-GROUP-225618	GC-CASE-395456	scientia,_aere_perennius	Asian	Intersex	Hispanic or Latino	faber_est_suae_quisque_fortunae	scientia_imperii_decus_et_tutamen
participant	GC-STUDY-530531	GC-CONSENT-GROUP-225618	GC-CASE-475950	Obedientia_civium_urbis_felicitas	Native Hawaiian or other Pacific Islander	X	Not Hispanic or Latino	nascentes_morimur_finisque_ab_origine_pendet	damnant_quod_non_intellegunt
participant	GC-STUDY-530531	GC-CONSENT-GROUP-225618	GC-CASE-861303	damnant_quod_non_intellegunt	Asian	Don't know	Hispanic or Latino	sapiens_qui_prospicit	a_bene_placito
participant	GC-STUDY-530531	GC-CONSENT-GROUP-225618	GC-CASE-802880	faber_est_suae_quisque_fortunae	Not Reported	None of these describe me	Hispanic or Latino	saltus_in_demonstrando	scientia_et_labor
participant	GC-STUDY-530531	GC-CONSENT-GROUP-225618	GC-CASE-738489	cacatum_non_est_pictum	Not Reported	None of these describe me	Not Hispanic or Latino	labor_ipse_voluptas	id_quod_plerumque_accidit
participant	GC-STUDY-530531	GC-CONSENT-GROUP-225618	GC-CASE-380603	a_bene_placito	Unknown	None of these describe me	Unknown	id_quod_plerumque_accidit	scientia_et_sapientia
participant	GC-STUDY-530531	GC-CONSENT-GROUP-225618	GC-CASE-589474	nascentes_morimur_finisque_ab_origine_pendet	Native Hawaiian or other Pacific Islander	Don't know	Unknown	scientia_et_labor	a_bene_placito
participant	GC-STUDY-530531	GC-CONSENT-GROUP-225618	GC-CASE-657831	imperium_in_imperio	Asian	Intersex	Unknown	id_quod_plerumque_accidit	pace_tua
participant	GC-STUDY-530531	GC-CONSENT-GROUP-225618	GC-CASE-976601	a_bene_placito	White	Unknown	Not reported	cacatum_non_est_pictum	damnant_quod_non_intellegunt
participant	GC-STUDY-530531	GC-CONSENT-GROUP-225618	GC-CASE-943629	pace_tua	Not allowed to collect	Unknown	Unknown	saltus_in_demonstrando	damnant_quod_non_intellegunt
participant	GC-STUDY-530531	GC-CONSENT-GROUP-225618	GC-CASE-131204	scientia_et_sapientia	Not Reported	Prefer not to answer	Hispanic or Latino	e_causa_ignota	nascentes_morimur_finisque_ab_origine_pendet
participant	GC-STUDY-530531	GC-CONSENT-GROUP-225618	GC-CASE-539692	Macte_animo_Generose_puer_sic_itur_ad_astra	Not Reported	Decline to answer	Unknown	salus_in_arduis	scientiae_et_patriae
participant	GC-STUDY-530531	GC-CONSENT-GROUP-225618	GC-CASE-126506	id_quod_plerumque_accidit	Not allowed to collect	Female	Not allowed to collect	e_causa_ignota	sapiens_qui_prospicit
participant	GC-STUDY-530531	GC-CONSENT-GROUP-225618	GC-CASE-598276	haec_olim_meminisse_iuvabit	Asian	Prefer not to answer	Hispanic or Latino	nanos_gigantum_humeris_insidentes	scientia_et_labor
participant	GC-STUDY-530531	GC-CONSENT-GROUP-225618	GC-CASE-442474	pace_tua	Not allowed to collect	Don't know	Unknown	nascentes_morimur_finisque_ab_origine_pendet	saltus_in_demonstrando
participant	GC-STUDY-530531	GC-CONSENT-GROUP-225618	GC-CASE-851240	cacatum_non_est_pictum	Not Reported	X	Not reported	scientiae_cedit_mare	scientiae_cedit_mare
participant	GC-STUDY-530531	GC-CONSENT-GROUP-504903	GC-CASE-314381	sapiens_qui_prospicit	Unknown	Prefer not to answer	Unknown	id_quod_plerumque_accidit	saltus_in_demonstrando
participant	GC-STUDY-530531	GC-CONSENT-GROUP-504903	GC-CASE-688508	labor_ipse_voluptas	Not Reported	None of these describe me	Not Hispanic or Latino	Macte_animo_Generose_puer_sic_itur_ad_astra	id_quod_plerumque_accidit
participant	GC-STUDY-530531	GC-CONSENT-GROUP-504903	GC-CASE-658791	salus_in_arduis	White	Male	Not allowed to collect	nanos_gigantum_humeris_insidentes	scientia_imperii_decus_et_tutamen
participant	GC-STUDY-530531	GC-CONSENT-GROUP-504903	GC-CASE-320643	id_quod_plerumque_accidit	Not Reported	X	Not allowed to collect	pace_tua	scientia_et_sapientia
participant	GC-STUDY-530531	GC-CONSENT-GROUP-504903	GC-CASE-913535	Macte_animo_Generose_puer_sic_itur_ad_astra	Not allowed to collect	Decline to answer	Not reported	nanos_gigantum_humeris_insidentes	labor_ipse_voluptas
participant	GC-STUDY-530531	GC-CONSENT-GROUP-504903	GC-CASE-124660	O_Tite_tute_Tati_tibi_tanta_tyranne_tulisti	White	Male	Not reported	scientia_et_labor	damnant_quod_non_intellegunt
participant	GC-STUDY-171068	GC-CONSENT-GROUP-504903	GC-CASE-634463	a_bene_placito	Native Hawaiian or other Pacific Islander	Unknown	Not allowed to collect	O_Tite_tute_Tati_tibi_tanta_tyranne_tulisti	cacatum_non_est_pictum
participant	GC-STUDY-171068	GC-CONSENT-GROUP-504903	GC-CASE-587913	scientia,_aere_perennius	Unknown	Female	Not Hispanic or Latino	faber_est_suae_quisque_fortunae	damnant_quod_non_intellegunt
participant	GC-STUDY-171068	GC-CONSENT-GROUP-504903	GC-CASE-655789	pace_tua	White	Intersex	Hispanic or Latino	nanos_gigantum_humeris_insidentes	e_causa_ignota
participant	GC-STUDY-171068	GC-CONSENT-GROUP-504903	GC-CASE-120044	Gallia_est_omnis_divisa_in_partes_tres	American Indian or Alaska Native	Female	Hispanic or Latino	faber_est_suae_quisque_fortunae	nanos_gigantum_humeris_insidentes
participant	GC-STUDY-171068	GC-CONSENT-GROUP-504903	GC-CASE-975522	sapiens_qui_prospicit	American Indian or Alaska Native	Don't know	Not allowed to collect	sapiens_qui_prospicit	sapiens_qui_prospicit
participant	GC-STUDY-171068	GC-CONSENT-GROUP-504903	GC-CASE-462190	imperium_in_imperio	Not Reported	Prefer not to answer	Not allowed to collect	cacatum_non_est_pictum	e_causa_ignota
participant	GC-STUDY-171068	GC-CONSENT-GROUP-504903	GC-CASE-672476	cacatum_non_est_pictum	Native Hawaiian or other Pacific Islander	Don't know	Unknown	O_Tite_tute_Tati_tibi_tanta_tyranne_tulisti	Macte_animo_Generose_puer_sic_itur_ad_astra
participant	GC-STUDY-171068	GC-CONSENT-GROUP-504903	GC-CASE-424428	Macte_animo_Generose_puer_sic_itur_ad_astra	American Indian or Alaska Native	X	Unknown	Obedientia_civium_urbis_felicitas	saltus_in_demonstrando
participant	GC-STUDY-171068	GC-CONSENT-GROUP-504903	GC-CASE-723926	scientia,_aere_perennius	Unknown	Female	Not allowed to collect	a_bene_placito	scientia_et_sapientia
participant	GC-STUDY-171068	GC-CONSENT-GROUP-504903	GC-CASE-242861	barba_crescit_caput_nescit	Not allowed to collect	Don't know	Not allowed to collect	nascentes_morimur_finisque_ab_origine_pendet	sapiens_qui_prospicit
participant	GC-STUDY-171068	GC-CONSENT-GROUP-504903	GC-CASE-701232	nanos_gigantum_humeris_insidentes	Black or African American	Intersex	Hispanic or Latino	barba_crescit_caput_nescit	scientia_et_labor
participant	GC-STUDY-171068	GC-CONSENT-GROUP-504903	GC-CASE-246203	labor_ipse_voluptas	Not allowed to collect	Unknown	Not reported	scientia_et_sapientia	scientiae_cedit_mare
participant	GC-STUDY-171068	GC-CONSENT-GROUP-504903	GC-CASE-672995	scientia,_aere_perennius	Unknown	None of these describe me	Unknown	a_bene_placito	scientia,_aere_perennius
participant	GC-STUDY-171068	GC-CONSENT-GROUP-504903	GC-CASE-865160	scientiae_et_patriae	Asian	None of these describe me	Unknown	scientiae_et_patriae	nanos_gigantum_humeris_insidentes
participant	GC-STUDY-171068	GC-CONSENT-GROUP-609082	GC-CASE-873981	e_causa_ignota	Native Hawaiian or other Pacific Islander	Decline to answer	Unknown	labor_ipse_voluptas	a_bene_placito
participant	GC-STUDY-171068	GC-CONSENT-GROUP-609082	GC-CASE-888431	faber_est_suae_quisque_fortunae	Not allowed to collect	None of these describe me	Not reported	labor_ipse_voluptas	scientiae_et_patriae
participant	GC-STUDY-171068	GC-CONSENT-GROUP-609082	GC-CASE-297399	nanos_gigantum_humeris_insidentes	Unknown	Unknown	Not allowed to collect	id_quod_plerumque_accidit	salus_in_arduis
participant	GC-STUDY-171068	GC-CONSENT-GROUP-609082	GC-CASE-599094	Macte_animo_Generose_puer_sic_itur_ad_astra	Not Reported	Female	Not Hispanic or Latino	pace_tua	barba_crescit_caput_nescit
participant	GC-STUDY-171068	GC-CONSENT-GROUP-609082	GC-CASE-767435	pace_tua	American Indian or Alaska Native	Decline to answer	Hispanic or Latino	scientiae_et_patriae	scientiae_cedit_mare
participant	GC-STUDY-171068	GC-CONSENT-GROUP-609082	GC-CASE-337916	labor_ipse_voluptas	Black or African American	Decline to answer	Not Hispanic or Latino	scientia_imperii_decus_et_tutamen	saltus_in_demonstrando
participant	GC-STUDY-171068	GC-CONSENT-GROUP-609082	GC-CASE-731879	scientia_et_sapientia	Black or African American	None of these describe me	Not allowed to collect	nascentes_morimur_finisque_ab_origine_pendet	scientia_et_sapientia
participant	GC-STUDY-171068	GC-CONSENT-GROUP-609082	GC-CASE-753260	O_Tite_tute_Tati_tibi_tanta_tyranne_tulisti	White	X	Unknown	damnant_quod_non_intellegunt	a_bene_placito
participant	GC-STUDY-171068	GC-CONSENT-GROUP-609082	GC-CASE-274208	haec_olim_meminisse_iuvabit	Not allowed to collect	Intersex	Not Hispanic or Latino	scientiae_cedit_mare	Obedientia_civium_urbis_felicitas
participant	GC-STUDY-171068	GC-CONSENT-GROUP-609082	GC-CASE-298799	nanos_gigantum_humeris_insidentes	Black or African American	X	Not reported	pace_tua	scientia,_aere_perennius
participant	GC-STUDY-171068	GC-CONSENT-GROUP-609082	GC-CASE-979289	nascentes_morimur_finisque_ab_origine_pendet	Asian	Don't know	Not reported	O_Tite_tute_Tati_tibi_tanta_tyranne_tulisti	imperium_in_imperio
participant	GC-STUDY-171068	GC-CONSENT-GROUP-609082	GC-CASE-641265	haec_olim_meminisse_iuvabit	Not Reported	None of these describe me	Unknown	saltus_in_demonstrando	haec_olim_meminisse_iuvabit
participant	GC-STUDY-171068	GC-CONSENT-GROUP-609082	GC-CASE-729793	O_Tite_tute_Tati_tibi_tanta_tyranne_tulisti	Asian	Decline to answer	Not reported	a_bene_placito	saltus_in_demonstrando
participant	GC-STUDY-171068	GC-CONSENT-GROUP-609082	GC-CASE-730360	Gallia_est_omnis_divisa_in_partes_tres	White	Don't know	Not reported	faber_est_suae_quisque_fortunae	Gallia_est_omnis_divisa_in_partes_tres
participant	GC-STUDY-171068	GC-CONSENT-GROUP-609082	GC-CASE-549798	scientia_et_sapientia	Asian	Prefer not to answer	Not reported	damnant_quod_non_intellegunt	damnant_quod_non_intellegunt
participant	GC-STUDY-171068	GC-CONSENT-GROUP-609082	GC-CASE-130639	imperium_in_imperio	Black or African American	Intersex	Unknown	O_Tite_tute_Tati_tibi_tanta_tyranne_tulisti	barba_crescit_caput_nescit
participant	GC-STUDY-171068	GC-CONSENT-GROUP-609082	GC-CASE-967763	e_causa_ignota	Native Hawaiian or other Pacific Islander	Prefer not to answer	Not Hispanic or Latino	scientiae_cedit_mare	barba_crescit_caput_nescit
participant	GC-STUDY-171068	GC-CONSENT-GROUP-609082	GC-CASE-420869	e_causa_ignota	White	None of these describe me	Not Hispanic or Latino	salus_in_arduis	pace_tua
participant	GC-STUDY-171068	GC-CONSENT-GROUP-609082	GC-CASE-118595	scientia_et_labor	White	Female	Not reported	imperium_in_imperio	salus_in_arduis
participant	GC-STUDY-171068	GC-CONSENT-GROUP-609082	GC-CASE-719243	Obedientia_civium_urbis_felicitas	Black or African American	None of these describe me	Not reported	barba_crescit_caput_nescit	id_quod_plerumque_accidit
participant	GC-STUDY-171068	GC-CONSENT-GROUP-595842	GC-CASE-130372	saltus_in_demonstrando	Unknown	Unknown	Not Hispanic or Latino	nanos_gigantum_humeris_insidentes	scientia_et_labor
participant	GC-STUDY-171068	GC-CONSENT-GROUP-595842	GC-CASE-404291	scientia_imperii_decus_et_tutamen	White	Decline to answer	Hispanic or Latino	labor_ipse_voluptas	pace_tua
participant	GC-STUDY-171068	GC-CONSENT-GROUP-595842	GC-CASE-173106	scientia_et_sapientia	Not Reported	Female	Not allowed to collect	pace_tua	nascentes_morimur_finisque_ab_origine_pendet
participant	GC-STUDY-171068	GC-CONSENT-GROUP-595842	GC-CASE-237225	faber_est_suae_quisque_fortunae	American Indian or Alaska Native	None of these describe me	Not reported	labor_ipse_voluptas	haec_olim_meminisse_iuvabit
participant	GC-STUDY-171068	GC-CONSENT-GROUP-595842	GC-CASE-955495	damnant_quod_non_intellegunt	White	X	Not allowed to collect	pace_tua	id_quod_plerumque_accidit
participant	GC-STUDY-171068	GC-CONSENT-GROUP-595842	GC-CASE-302092	faber_est_suae_quisque_fortunae	Asian	Decline to answer	Unknown	labor_ipse_voluptas	scientia_et_labor
participant	GC-STUDY-171068	GC-CONSENT-GROUP-595842	GC-CASE-871825	cacatum_non_est_pictum	Not allowed to collect	X	Not reported	scientia_et_labor	salus_in_arduis
participant	GC-STUDY-171068	GC-CONSENT-GROUP-595842	GC-CASE-501435	faber_est_suae_quisque_fortunae	Not allowed to collect	Prefer not to answer	Unknown	labor_ipse_voluptas	imperium_in_imperio
participant	GC-STUDY-171068	GC-CONSENT-GROUP-595842	GC-CASE-598376	scientiae_cedit_mare	Asian	Intersex	Not allowed to collect	Obedientia_civium_urbis_felicitas	damnant_quod_non_intellegunt
participant	GC-STUDY-171068	GC-CONSENT-GROUP-595842	GC-CASE-152671	pace_tua	Not allowed to collect	Decline to answer	Unknown	scientiae_et_patriae	a_bene_placito
participant	GC-STUDY-171068	GC-CONSENT-GROUP-595842	GC-CASE-623714	saltus_in_demonstrando	American Indian or Alaska Native	Prefer not to answer	Not reported	scientia_et_sapientia	scientia,_aere_perennius
participant	GC-STUDY-171068	GC-CONSENT-GROUP-595842	GC-CASE-221722	scientia_imperii_decus_et_tutamen	Not Reported	Prefer not to answer	Not allowed to collect	e_causa_ignota	nanos_gigantum_humeris_insidentes
participant	GC-STUDY-171068	GC-CONSENT-GROUP-595842	GC-CASE-491373	damnant_quod_non_intellegunt	Not allowed to collect	Unknown	Not reported	salus_in_arduis	a_bene_placito
participant	GC-STUDY-171068	GC-CONSENT-GROUP-595842	GC-CASE-877420	a_bene_placito	Not allowed to collect	Don't know	Not allowed to collect	cacatum_non_est_pictum	saltus_in_demonstrando
participant	GC-STUDY-171068	GC-CONSENT-GROUP-595842	GC-CASE-144964	nanos_gigantum_humeris_insidentes	Unknown	X	Not Hispanic or Latino	labor_ipse_voluptas	pace_tua
participant	GC-STUDY-171068	GC-CONSENT-GROUP-595842	GC-CASE-160995	faber_est_suae_quisque_fortunae	Not Reported	Decline to answer	Not reported	saltus_in_demonstrando	labor_ipse_voluptas
participant	GC-STUDY-171068	GC-CONSENT-GROUP-595842	GC-CASE-321176	imperium_in_imperio	White	Intersex	Not Hispanic or Latino	pace_tua	cacatum_non_est_pictum
participant	GC-STUDY-171068	GC-CONSENT-GROUP-595842	GC-CASE-967600	Obedientia_civium_urbis_felicitas	Unknown	Decline to answer	Not allowed to collect	pace_tua	nanos_gigantum_humeris_insidentes
participant	GC-STUDY-171068	GC-CONSENT-GROUP-595842	GC-CASE-789366	scientia_et_labor	Black or African American	Male	Not allowed to collect	scientia_et_sapientia	Macte_animo_Generose_puer_sic_itur_ad_astra
participant	GC-STUDY-171068	GC-CONSENT-GROUP-595842	GC-CASE-567970	saltus_in_demonstrando	White	Male	Unknown	haec_olim_meminisse_iuvabit	scientiae_et_patriae
participant	GC-STUDY-171068	GC-CONSENT-GROUP-621133	GC-CASE-515930	Gallia_est_omnis_divisa_in_partes_tres	Unknown	Intersex	Not allowed to collect	scientiae_cedit_mare	nascentes_morimur_finisque_ab_origine_pendet
participant	GC-STUDY-171068	GC-CONSENT-GROUP-621133	GC-CASE-120034	damnant_quod_non_intellegunt	Not allowed to collect	X	Not allowed to collect	scientia,_aere_perennius	Obedientia_civium_urbis_felicitas
participant	GC-STUDY-171068	GC-CONSENT-GROUP-621133	GC-CASE-318656	id_quod_plerumque_accidit	White	Intersex	Not allowed to collect	scientia_imperii_decus_et_tutamen	nanos_gigantum_humeris_insidentes
participant	GC-STUDY-171068	GC-CONSENT-GROUP-621133	GC-CASE-269669	labor_ipse_voluptas	Not Reported	Unknown	Not reported	scientia_et_sapientia	scientia,_aere_perennius
participant	GC-STUDY-171068	GC-CONSENT-GROUP-621133	GC-CASE-792984	faber_est_suae_quisque_fortunae	American Indian or Alaska Native	Male	Not reported	nanos_gigantum_humeris_insidentes	scientiae_cedit_mare
participant	GC-STUDY-171068	GC-CONSENT-GROUP-621133	GC-CASE-120400	id_quod_plerumque_accidit	American Indian or Alaska Native	Intersex	Hispanic or Latino	damnant_quod_non_intellegunt	saltus_in_demonstrando
participant	GC-STUDY-171068	GC-CONSENT-GROUP-621133	GC-CASE-132885	saltus_in_demonstrando	American Indian or Alaska Native	Unknown	Not allowed to collect	salus_in_arduis	Gallia_est_omnis_divisa_in_partes_tres
participant	GC-STUDY-171068	GC-CONSENT-GROUP-621133	GC-CASE-811012	scientia,_aere_perennius	American Indian or Alaska Native	Decline to answer	Hispanic or Latino	scientia_et_sapientia	faber_est_suae_quisque_fortunae
participant	GC-STUDY-171068	GC-CONSENT-GROUP-621133	GC-CASE-405854	scientiae_cedit_mare	American Indian or Alaska Native	Don't know	Unknown	haec_olim_meminisse_iuvabit	scientia_et_sapientia
participant	GC-STUDY-171068	GC-CONSENT-GROUP-621133	GC-CASE-371577	nanos_gigantum_humeris_insidentes	Native Hawaiian or other Pacific Islander	None of these describe me	Not Hispanic or Latino	barba_crescit_caput_nescit	e_causa_ignota
participant	GC-STUDY-171068	GC-CONSENT-GROUP-621133	GC-CASE-790318	scientia,_aere_perennius	Not Reported	Female	Hispanic or Latino	cacatum_non_est_pictum	salus_in_arduis
participant	GC-STUDY-171068	GC-CONSENT-GROUP-621133	GC-CASE-852127	saltus_in_demonstrando	American Indian or Alaska Native	Female	Hispanic or Latino	e_causa_ignota	salus_in_arduis
participant	GC-STUDY-180820	GC-CONSENT-GROUP-621133	GC-CASE-757430	id_quod_plerumque_accidit	White	Prefer not to answer	Not allowed to collect	saltus_in_demonstrando	damnant_quod_non_intellegunt
participant	GC-STUDY-180820	GC-CONSENT-GROUP-621133	GC-CASE-789869	nascentes_morimur_finisque_ab_origine_pendet	White	Unknown	Not Hispanic or Latino	a_bene_placito	labor_ipse_voluptas
participant	GC-STUDY-180820	GC-CONSENT-GROUP-621133	GC-CASE-296422	e_causa_ignota	American Indian or Alaska Native	None of these describe me	Not Hispanic or Latino	haec_olim_meminisse_iuvabit	faber_est_suae_quisque_fortunae
participant	GC-STUDY-180820	GC-CONSENT-GROUP-621133	GC-CASE-434134	O_Tite_tute_Tati_tibi_tanta_tyranne_tulisti	Not Reported	X	Not allowed to collect	haec_olim_meminisse_iuvabit	scientia_imperii_decus_et_tutamen
participant	GC-STUDY-180820	GC-CONSENT-GROUP-621133	GC-CASE-210048	scientia,_aere_perennius	Native Hawaiian or other Pacific Islander	Unknown	Not reported	faber_est_suae_quisque_fortunae	imperium_in_imperio
participant	GC-STUDY-180820	GC-CONSENT-GROUP-621133	GC-CASE-990631	salus_in_arduis	American Indian or Alaska Native	Male	Unknown	salus_in_arduis	Obedientia_civium_urbis_felicitas
participant	GC-STUDY-180820	GC-CONSENT-GROUP-621133	GC-CASE-827339	scientia_imperii_decus_et_tutamen	Not Reported	X	Hispanic or Latino	O_Tite_tute_Tati_tibi_tanta_tyranne_tulisti	nascentes_morimur_finisque_ab_origine_pendet
participant	GC-STUDY-180820	GC-CONSENT-GROUP-621133	GC-CASE-717625	cacatum_non_est_pictum	Unknown	Male	Not reported	haec_olim_meminisse_iuvabit	scientiae_cedit_mare
participant	GC-STUDY-180820	GC-CONSENT-GROUP-941315	GC-CASE-484625	faber_est_suae_quisque_fortunae	Native Hawaiian or other Pacific Islander	None of these describe me	Not Hispanic or Latino	scientia_imperii_decus_et_tutamen	damnant_quod_non_intellegunt
participant	GC-STUDY-180820	GC-CONSENT-GROUP-941315	GC-CASE-629182	scientiae_et_patriae	Not Reported	Intersex	Not allowed to collect	haec_olim_meminisse_iuvabit	Obedientia_civium_urbis_felicitas
participant	GC-STUDY-180820	GC-CONSENT-GROUP-941315	GC-CASE-970911	scientiae_et_patriae	Black or African American	Female	Unknown	salus_in_arduis	salus_in_arduis
participant	GC-STUDY-180820	GC-CONSENT-GROUP-941315	GC-CASE-195606	damnant_quod_non_intellegunt	Not Reported	Decline to answer	Not Hispanic or Latino	e_causa_ignota	pace_tua
participant	GC-STUDY-180820	GC-CONSENT-GROUP-941315	GC-CASE-420992	scientiae_et_patriae	American Indian or Alaska Native	Prefer not to answer	Not Hispanic or Latino	Macte_animo_Generose_puer_sic_itur_ad_astra	scientiae_cedit_mare
participant	GC-STUDY-180820	GC-CONSENT-GROUP-941315	GC-CASE-570642	scientia,_aere_perennius	Asian	Unknown	Not allowed to collect	faber_est_suae_quisque_fortunae	pace_tua
participant	GC-STUDY-180820	GC-CONSENT-GROUP-941315	GC-CASE-909453	scientia,_aere_perennius	White	Intersex	Hispanic or Latino	faber_est_suae_quisque_fortunae	pace_tua
participant	GC-STUDY-180820	GC-CONSENT-GROUP-941315	GC-CASE-998273	scientia_et_labor	White	Intersex	Not allowed to collect	scientia_imperii_decus_et_tutamen	Gallia_est_omnis_divisa_in_partes_tres
participant	GC-STUDY-180820	GC-CONSENT-GROUP-941315	GC-CASE-351663	Obedientia_civium_urbis_felicitas	Not allowed to collect	Prefer not to answer	Hispanic or Latino	saltus_in_demonstrando	saltus_in_demonstrando
participant	GC-STUDY-180820	GC-CONSENT-GROUP-941315	GC-CASE-434330	e_causa_ignota	Asian	None of these describe me	Unknown	O_Tite_tute_Tati_tibi_tanta_tyranne_tulisti	Obedientia_civium_urbis_felicitas
participant	GC-STUDY-180820	GC-CONSENT-GROUP-941315	GC-CASE-198216	pace_tua	Not Reported	Unknown	Unknown	id_quod_plerumque_accidit	barba_crescit_caput_nescit
participant	GC-STUDY-180820	GC-CONSENT-GROUP-941315	GC-CASE-319579	labor_ipse_voluptas	Not allowed to collect	Male	Not Hispanic or Latino	salus_in_arduis	scientia_et_labor
participant	GC-STUDY-180820	GC-CONSENT-GROUP-941315	GC-CASE-335116	labor_ipse_voluptas	American Indian or Alaska Native	Unknown	Not allowed to collect	scientia_imperii_decus_et_tutamen	a_bene_placito
participant	GC-STUDY-180820	GC-CONSENT-GROUP-941315	GC-CASE-666720	scientiae_et_patriae	White	Intersex	Unknown	nascentes_morimur_finisque_ab_origine_pendet	nascentes_morimur_finisque_ab_origine_pendet
participant	GC-STUDY-180820	GC-CONSENT-GROUP-941315	GC-CASE-265407	scientia_imperii_decus_et_tutamen	Black or African American	Male	Not allowed to collect	Obedientia_civium_urbis_felicitas	O_Tite_tute_Tati_tibi_tanta_tyranne_tulisti
participant	GC-STUDY-180820	GC-CONSENT-GROUP-941315	GC-CASE-636941	scientia_et_labor	American Indian or Alaska Native	None of these describe me	Not Hispanic or Latino	scientiae_et_patriae	haec_olim_meminisse_iuvabit
participant	GC-STUDY-180820	GC-CONSENT-GROUP-941315	GC-CASE-101727	Macte_animo_Generose_puer_sic_itur_ad_astra	Not Reported	None of these describe me	Not reported	damnant_quod_non_intellegunt	barba_crescit_caput_nescit
participant	GC-STUDY-180820	GC-CONSENT-GROUP-941315	GC-CASE-414913	cacatum_non_est_pictum	Asian	Female	Not reported	scientia,_aere_perennius	nanos_gigantum_humeris_insidentes
participant	GC-STUDY-180820	GC-CONSENT-GROUP-941315	GC-CASE-253942	scientia,_aere_perennius	American Indian or Alaska Native	Male	Not allowed to collect	scientia_et_labor	nascentes_morimur_finisque_ab_origine_pendet
participant	GC-STUDY-180820	GC-CONSENT-GROUP-941315	GC-CASE-279459	scientia_et_sapientia	Not allowed to collect	Decline to answer	Hispanic or Latino	sapiens_qui_prospicit	saltus_in_demonstrando
participant	GC-STUDY-180820	GC-CONSENT-GROUP-242406	GC-CASE-531269	faber_est_suae_quisque_fortunae	Not Reported	Don't know	Not Hispanic or Latino	Macte_animo_Generose_puer_sic_itur_ad_astra	labor_ipse_voluptas
participant	GC-STUDY-180820	GC-CONSENT-GROUP-242406	GC-CASE-466965	O_Tite_tute_Tati_tibi_tanta_tyranne_tulisti	Native Hawaiian or other Pacific Islander	Decline to answer	Not allowed to collect	id_quod_plerumque_accidit	barba_crescit_caput_nescit
participant	GC-STUDY-180820	GC-CONSENT-GROUP-242406	GC-CASE-939915	O_Tite_tute_Tati_tibi_tanta_tyranne_tulisti	American Indian or Alaska Native	Don't know	Hispanic or Latino	nascentes_morimur_finisque_ab_origine_pendet	faber_est_suae_quisque_fortunae
participant	GC-STUDY-180820	GC-CONSENT-GROUP-242406	GC-CASE-428034	Obedientia_civium_urbis_felicitas	Not Reported	Don't know	Not reported	sapiens_qui_prospicit	Gallia_est_omnis_divisa_in_partes_tres
participant	GC-STUDY-180820	GC-CONSENT-GROUP-242406	GC-CASE-865919	faber_est_suae_quisque_fortunae	Black or African American	Decline to answer	Not Hispanic or Latino	Gallia_est_omnis_divisa_in_partes_tres	scientiae_et_patriae
participant	GC-STUDY-180820	GC-CONSENT-GROUP-242406	GC-CASE-917139	scientiae_et_patriae	Asian	Intersex	Not allowed to collect	scientia_et_sapientia	sapiens_qui_prospicit
participant	GC-STUDY-180820	GC-CONSENT-GROUP-242406	GC-CASE-135964	scientiae_cedit_mare	Unknown	Unknown	Not Hispanic or Latino	haec_olim_meminisse_iuvabit	saltus_in_demonstrando
participant	GC-STUDY-180820	GC-CONSENT-GROUP-242406	GC-CASE-546831	nanos_gigantum_humeris_insidentes	Unknown	Female	Not allowed to collect	haec_olim_meminisse_iuvabit	scientiae_cedit_mare
participant	GC-STUDY-180820	GC-CONSENT-GROUP-242406	GC-CASE-998469	id_quod_plerumque_accidit	Native Hawaiian or other Pacific Islander	None of these describe me	Not Hispanic or Latino	id_quod_plerumque_accidit	a_bene_placito
participant	GC-STUDY-180820	GC-CONSENT-GROUP-242406	GC-CASE-789065	labor_ipse_voluptas	Asian	Unknown	Hispanic or Latino	labor_ipse_voluptas	cacatum_non_est_pictum
participant	GC-STUDY-180820	GC-CONSENT-GROUP-242406	GC-CASE-194922	labor_ipse_voluptas	Black or African American	Prefer not to answer	Not reported	scientia_et_sapientia	a_bene_placito
participant	GC-STUDY-180820	GC-CONSENT-GROUP-242406	GC-CASE-145392	haec_olim_meminisse_iuvabit	Asian	Male	Not Hispanic or Latino	Macte_animo_Generose_puer_sic_itur_ad_astra	a_bene_placito
participant	GC-STUDY-180820	GC-CONSENT-GROUP-242406	GC-CASE-429878	pace_tua	Black or African American	X	Not Hispanic or Latino	pace_tua	salus_in_arduis
participant	GC-STUDY-180820	GC-CONSENT-GROUP-242406	GC-CASE-531661	sapiens_qui_prospicit	Black or African American	Decline to answer	Not allowed to collect	O_Tite_tute_Tati_tibi_tanta_tyranne_tulisti	labor_ipse_voluptas
participant	GC-STUDY-180820	GC-CONSENT-GROUP-242406	GC-CASE-100351	damnant_quod_non_intellegunt	Unknown	Intersex	Unknown	barba_crescit_caput_nescit	scientia,_aere_perennius
participant	GC-STUDY-180820	GC-CONSENT-GROUP-242406	GC-CASE-484627	scientia,_aere_perennius	Asian	Male	Hispanic or Latino	scientiae_et_patriae	id_quod_plerumque_accidit
participant	GC-STUDY-180820	GC-CONSENT-GROUP-242406	GC-CASE-392022	O_Tite_tute_Tati_tibi_tanta_tyranne_tulisti	Unknown	X	Not allowed to collect	e_causa_ignota	damnant_quod_non_intellegunt
participant	GC-STUDY-180820	GC-CONSENT-GROUP-242406	GC-CASE-588684	O_Tite_tute_Tati_tibi_tanta_tyranne_tulisti	Not Reported	X	Hispanic or Latino	scientia,_aere_perennius	haec_olim_meminisse_iuvabit
participant	GC-STUDY-180820	GC-CONSENT-GROUP-242406	GC-CASE-701641	salus_in_arduis	Not allowed to collect	X	Unknown	scientia_imperii_decus_et_tutamen	e_causa_ignota
participant	GC-STUDY-180820	GC-CONSENT-GROUP-242406	GC-CASE-733671	cacatum_non_est_pictum	Not allowed to collect	Unknown	Not Hispanic or Latino	cacatum_non_est_pictum	saltus_in_demonstrando
participant	GC-STUDY-180820	GC-CONSENT-GROUP-130152	GC-CASE-879915	Gallia_est_omnis_divisa_in_partes_tres	Asian	X	Not reported	barba_crescit_caput_nescit	saltus_in_demonstrando
participant	GC-STUDY-180820	GC-CONSENT-GROUP-130152	GC-CASE-442103	scientia,_aere_perennius	Black or African American	Decline to answer	Hispanic or Latino	scientiae_et_patriae	scientia_imperii_decus_et_tutamen
participant	GC-STUDY-180820	GC-CONSENT-GROUP-130152	GC-CASE-930135	scientia_et_sapientia	Native Hawaiian or other Pacific Islander	X	Not Hispanic or Latino	pace_tua	nanos_gigantum_humeris_insidentes
participant	GC-STUDY-180820	GC-CONSENT-GROUP-130152	GC-CASE-250684	imperium_in_imperio	Asian	Unknown	Not allowed to collect	scientiae_cedit_mare	e_causa_ignota
participant	GC-STUDY-180820	GC-CONSENT-GROUP-130152	GC-CASE-106808	scientia_et_labor	Black or African American	Don't know	Unknown	scientiae_cedit_mare	scientia_imperii_decus_et_tutamen
participant	GC-STUDY-180820	GC-CONSENT-GROUP-130152	GC-CASE-803390	sapiens_qui_prospicit	Black or African American	Prefer not to answer	Not reported	scientia,_aere_perennius	scientia_et_labor
participant	GC-STUDY-180820	GC-CONSENT-GROUP-130152	GC-CASE-349273	haec_olim_meminisse_iuvabit	Not Reported	Prefer not to answer	Unknown	nanos_gigantum_humeris_insidentes	salus_in_arduis
participant	GC-STUDY-180820	GC-CONSENT-GROUP-130152	GC-CASE-688980	Obedientia_civium_urbis_felicitas	Black or African American	Unknown	Hispanic or Latino	cacatum_non_est_pictum	scientia_imperii_decus_et_tutamen
participant	GC-STUDY-180820	GC-CONSENT-GROUP-130152	GC-CASE-156342	scientiae_cedit_mare	Unknown	None of these describe me	Not allowed to collect	scientiae_cedit_mare	faber_est_suae_quisque_fortunae
participant	GC-STUDY-180820	GC-CONSENT-GROUP-130152	GC-CASE-945194	scientia_et_sapientia	Not allowed to collect	Female	Hispanic or Latino	O_Tite_tute_Tati_tibi_tanta_tyranne_tulisti	haec_olim_meminisse_iuvabit
participant	GC-STUDY-180820	GC-CONSENT-GROUP-130152	GC-CASE-800216	id_quod_plerumque_accidit	Not allowed to collect	Unknown	Hispanic or Latino	barba_crescit_caput_nescit	Gallia_est_omnis_divisa_in_partes_tres
participant	GC-STUDY-180820	GC-CONSENT-GROUP-130152	GC-CASE-766402	salus_in_arduis	Asian	None of these describe me	Not Hispanic or Latino	id_quod_plerumque_accidit	barba_crescit_caput_nescit
participant	GC-STUDY-180820	GC-CONSENT-GROUP-130152	GC-CASE-695580	saltus_in_demonstrando	Not allowed to collect	Female	Not allowed to collect	Gallia_est_omnis_divisa_in_partes_tres	id_quod_plerumque_accidit
participant	GC-STUDY-180820	GC-CONSENT-GROUP-130152	GC-CASE-385900	salus_in_arduis	White	Prefer not to answer	Not reported	imperium_in_imperio	O_Tite_tute_Tati_tibi_tanta_tyranne_tulisti
participant	GC-STUDY-180820	GC-CONSENT-GROUP-130152	GC-CASE-398707	scientia,_aere_perennius	Native Hawaiian or other Pacific Islander	Male	Not reported	e_causa_ignota	nanos_gigantum_humeris_insidentes
participant	GC-STUDY-180820	GC-CONSENT-GROUP-130152	GC-CASE-508934	id_quod_plerumque_accidit	White	Female	Not allowed to collect	damnant_quod_non_intellegunt	saltus_in_demonstrando
participant	GC-STUDY-180820	GC-CONSENT-GROUP-130152	GC-CASE-241749	scientiae_et_patriae	Not Reported	Intersex	Not Hispanic or Latino	Obedientia_civium_urbis_felicitas	nanos_gigantum_humeris_insidentes
participant	GC-STUDY-180820	GC-CONSENT-GROUP-130152	GC-CASE-800646	Macte_animo_Generose_puer_sic_itur_ad_astra	Not allowed to collect	None of these describe me	Not Hispanic or Latino	Gallia_est_omnis_divisa_in_partes_tres	pace_tua
participant	GC-STUDY-180820	GC-CONSENT-GROUP-130152	GC-CASE-270431	scientiae_et_patriae	Not Reported	Unknown	Unknown	imperium_in_imperio	nanos_gigantum_humeris_insidentes
participant	GC-STUDY-180820	GC-CONSENT-GROUP-130152	GC-CASE-241904	O_Tite_tute_Tati_tibi_tanta_tyranne_tulisti	Native Hawaiian or other Pacific Islander	Male	Not allowed to collect	imperium_in_imperio	scientia_imperii_decus_et_tutamen
