type	study.study_id	consent_group.consent_group_id	study_participant_id	participant_id	race	sex	ethnicity	dbGaP_subject_id	crdc_id
participant	GC-STUDY-341048	GC-CONSENT-GROUP-323798	GC-CASE-349155	scientia,_aere_perennius	White	Don't know	Unknown	O_Tite_tute_Tati_tibi_tanta_tyranne_tulisti	scientia,_aere_perennius
participant	GC-STUDY-341048	GC-CONSENT-GROUP-323798	GC-CASE-175796	a_bene_placito	Not allowed to collect	X	Hispanic or Latino	a_bene_placito	barba_crescit_caput_nescit
participant	GC-STUDY-341048	GC-CONSENT-GROUP-323798	GC-CASE-715117	nanos_gigantum_humeris_insidentes	Unknown	X	Hispanic or Latino	imperium_in_imperio	saltus_in_demonstrando
participant	GC-STUDY-341048	GC-CONSENT-GROUP-323798	GC-CASE-121715	saltus_in_demonstrando	Unknown	None of these describe me	Not allowed to collect	Gallia_est_omnis_divisa_in_partes_tres	haec_olim_meminisse_iuvabit
participant	GC-STUDY-341048	GC-CONSENT-GROUP-323798	GC-CASE-455132	nanos_gigantum_humeris_insidentes	American Indian or Alaska Native	Decline to answer	Hispanic or Latino	salus_in_arduis	e_causa_ignota
participant	GC-STUDY-341048	GC-CONSENT-GROUP-323798	GC-CASE-852105	scientia_et_sapientia	White	Don't know	Not Hispanic or Latino	scientia,_aere_perennius	scientia_et_labor
participant	GC-STUDY-341048	GC-CONSENT-GROUP-323798	GC-CASE-986269	scientia_et_labor	Asian	Intersex	Not Hispanic or Latino	cacatum_non_est_pictum	a_bene_placito
participant	GC-STUDY-341048	GC-CONSENT-GROUP-323798	GC-CASE-246607	pace_tua	Not Reported	X	Unknown	damnant_quod_non_intellegunt	nanos_gigantum_humeris_insidentes
participant	GC-STUDY-341048	GC-CONSENT-GROUP-323798	GC-CASE-326217	faber_est_suae_quisque_fortunae	Unknown	None of these describe me	Not reported	barba_crescit_caput_nescit	scientia_imperii_decus_et_tutamen
participant	GC-STUDY-341048	GC-CONSENT-GROUP-323798	GC-CASE-496635	pace_tua	American Indian or Alaska Native	Female	Not reported	sapiens_qui_prospicit	scientiae_cedit_mare
participant	GC-STUDY-341048	GC-CONSENT-GROUP-323798	GC-CASE-218909	scientia_et_sapientia	Not Reported	Don't know	Not allowed to collect	damnant_quod_non_intellegunt	id_quod_plerumque_accidit
participant	GC-STUDY-341048	GC-CONSENT-GROUP-323798	GC-CASE-695699	Obedientia_civium_urbis_felicitas	Not allowed to collect	X	Unknown	barba_crescit_caput_nescit	a_bene_placito
participant	GC-STUDY-341048	GC-CONSENT-GROUP-323798	GC-CASE-228587	Obedientia_civium_urbis_felicitas	Black or African American	X	Not allowed to collect	salus_in_arduis	Macte_animo_Generose_puer_sic_itur_ad_astra
participant	GC-STUDY-341048	GC-CONSENT-GROUP-323798	GC-CASE-597121	damnant_quod_non_intellegunt	Unknown	Prefer not to answer	Hispanic or Latino	pace_tua	scientiae_cedit_mare
participant	GC-STUDY-341048	GC-CONSENT-GROUP-323798	GC-CASE-378853	a_bene_placito	Unknown	Male	Not reported	nascentes_morimur_finisque_ab_origine_pendet	nanos_gigantum_humeris_insidentes
participant	GC-STUDY-341048	GC-CONSENT-GROUP-323798	GC-CASE-320548	labor_ipse_voluptas	Not Reported	Male	Not allowed to collect	scientiae_cedit_mare	pace_tua
participant	GC-STUDY-341048	GC-CONSENT-GROUP-323798	GC-CASE-375663	barba_crescit_caput_nescit	Unknown	Unknown	Not allowed to collect	barba_crescit_caput_nescit	haec_olim_meminisse_iuvabit
participant	GC-STUDY-341048	GC-CONSENT-GROUP-323798	GC-CASE-958319	saltus_in_demonstrando	Native Hawaiian or other Pacific Islander	None of these describe me	Not reported	Obedientia_civium_urbis_felicitas	Macte_animo_Generose_puer_sic_itur_ad_astra
participant	GC-STUDY-341048	GC-CONSENT-GROUP-323798	GC-CASE-902946	scientiae_et_patriae	Black or African American	None of these describe me	Unknown	haec_olim_meminisse_iuvabit	scientia,_aere_perennius
participant	GC-STUDY-341048	GC-CONSENT-GROUP-323798	GC-CASE-754313	salus_in_arduis	Unknown	Female	Not allowed to collect	faber_est_suae_quisque_fortunae	salus_in_arduis
participant	GC-STUDY-341048	GC-CONSENT-GROUP-243688	GC-CASE-786347	labor_ipse_voluptas	American Indian or Alaska Native	Decline to answer	Not reported	id_quod_plerumque_accidit	a_bene_placito
participant	GC-STUDY-341048	GC-CONSENT-GROUP-243688	GC-CASE-581051	cacatum_non_est_pictum	Black or African American	Don't know	Not Hispanic or Latino	e_causa_ignota	saltus_in_demonstrando
participant	GC-STUDY-341048	GC-CONSENT-GROUP-243688	GC-CASE-796408	Obedientia_civium_urbis_felicitas	Asian	Unknown	Hispanic or Latino	barba_crescit_caput_nescit	id_quod_plerumque_accidit
participant	GC-STUDY-341048	GC-CONSENT-GROUP-243688	GC-CASE-547034	scientiae_cedit_mare	American Indian or Alaska Native	Unknown	Hispanic or Latino	saltus_in_demonstrando	imperium_in_imperio
participant	GC-STUDY-341048	GC-CONSENT-GROUP-243688	GC-CASE-972345	scientia_imperii_decus_et_tutamen	American Indian or Alaska Native	Intersex	Unknown	haec_olim_meminisse_iuvabit	scientiae_et_patriae
participant	GC-STUDY-341048	GC-CONSENT-GROUP-243688	GC-CASE-804925	scientiae_cedit_mare	American Indian or Alaska Native	Unknown	Not reported	barba_crescit_caput_nescit	nascentes_morimur_finisque_ab_origine_pendet
participant	GC-STUDY-341048	GC-CONSENT-GROUP-243688	GC-CASE-715025	scientia,_aere_perennius	Not Reported	Female	Not allowed to collect	nanos_gigantum_humeris_insidentes	id_quod_plerumque_accidit
participant	GC-STUDY-341048	GC-CONSENT-GROUP-243688	GC-CASE-198902	a_bene_placito	Not allowed to collect	Don't know	Not reported	Gallia_est_omnis_divisa_in_partes_tres	scientia_et_labor
participant	GC-STUDY-341048	GC-CONSENT-GROUP-243688	GC-CASE-590056	cacatum_non_est_pictum	Not allowed to collect	Decline to answer	Hispanic or Latino	Obedientia_civium_urbis_felicitas	nascentes_morimur_finisque_ab_origine_pendet
participant	GC-STUDY-341048	GC-CONSENT-GROUP-243688	GC-CASE-361478	O_Tite_tute_Tati_tibi_tanta_tyranne_tulisti	Not Reported	Don't know	Not Hispanic or Latino	nascentes_morimur_finisque_ab_origine_pendet	e_causa_ignota
participant	GC-STUDY-341048	GC-CONSENT-GROUP-243688	GC-CASE-556486	haec_olim_meminisse_iuvabit	White	Unknown	Not reported	imperium_in_imperio	e_causa_ignota
participant	GC-STUDY-341048	GC-CONSENT-GROUP-243688	GC-CASE-684774	nascentes_morimur_finisque_ab_origine_pendet	Native Hawaiian or other Pacific Islander	Prefer not to answer	Unknown	sapiens_qui_prospicit	salus_in_arduis
participant	GC-STUDY-341048	GC-CONSENT-GROUP-243688	GC-CASE-796100	scientia,_aere_perennius	Not allowed to collect	Male	Not Hispanic or Latino	scientia_et_sapientia	scientia_et_sapientia
participant	GC-STUDY-341048	GC-CONSENT-GROUP-243688	GC-CASE-716828	barba_crescit_caput_nescit	Black or African American	Female	Not reported	scientia_imperii_decus_et_tutamen	e_causa_ignota
participant	GC-STUDY-341048	GC-CONSENT-GROUP-243688	GC-CASE-900103	labor_ipse_voluptas	Asian	X	Not reported	Obedientia_civium_urbis_felicitas	scientiae_cedit_mare
participant	GC-STUDY-341048	GC-CONSENT-GROUP-243688	GC-CASE-505695	damnant_quod_non_intellegunt	Unknown	Don't know	Not Hispanic or Latino	O_Tite_tute_Tati_tibi_tanta_tyranne_tulisti	faber_est_suae_quisque_fortunae
participant	GC-STUDY-341048	GC-CONSENT-GROUP-243688	GC-CASE-880587	Gallia_est_omnis_divisa_in_partes_tres	Not allowed to collect	Unknown	Hispanic or Latino	nanos_gigantum_humeris_insidentes	scientiae_cedit_mare
participant	GC-STUDY-341048	GC-CONSENT-GROUP-243688	GC-CASE-158398	scientia_et_labor	White	None of these describe me	Not Hispanic or Latino	Obedientia_civium_urbis_felicitas	Obedientia_civium_urbis_felicitas
participant	GC-STUDY-341048	GC-CONSENT-GROUP-243688	GC-CASE-518785	Macte_animo_Generose_puer_sic_itur_ad_astra	Native Hawaiian or other Pacific Islander	Prefer not to answer	Not allowed to collect	scientia_et_sapientia	haec_olim_meminisse_iuvabit
participant	GC-STUDY-341048	GC-CONSENT-GROUP-243688	GC-CASE-377746	a_bene_placito	Not Reported	Female	Not Hispanic or Latino	cacatum_non_est_pictum	scientia_et_sapientia
participant	GC-STUDY-341048	GC-CONSENT-GROUP-589220	GC-CASE-280642	scientiae_cedit_mare	Asian	Male	Not Hispanic or Latino	scientia_et_sapientia	salus_in_arduis
participant	GC-STUDY-341048	GC-CONSENT-GROUP-589220	GC-CASE-403745	barba_crescit_caput_nescit	Asian	Male	Unknown	scientia_imperii_decus_et_tutamen	scientia_et_sapientia
participant	GC-STUDY-341048	GC-CONSENT-GROUP-589220	GC-CASE-916009	scientia_et_labor	Black or African American	Female	Not Hispanic or Latino	scientia,_aere_perennius	faber_est_suae_quisque_fortunae
participant	GC-STUDY-341048	GC-CONSENT-GROUP-589220	GC-CASE-426332	e_causa_ignota	Native Hawaiian or other Pacific Islander	Prefer not to answer	Not allowed to collect	haec_olim_meminisse_iuvabit	a_bene_placito
participant	GC-STUDY-341048	GC-CONSENT-GROUP-589220	GC-CASE-249806	scientia_et_labor	American Indian or Alaska Native	Unknown	Unknown	scientia_et_labor	scientiae_et_patriae
participant	GC-STUDY-341048	GC-CONSENT-GROUP-589220	GC-CASE-588854	faber_est_suae_quisque_fortunae	Asian	X	Unknown	labor_ipse_voluptas	barba_crescit_caput_nescit
participant	GC-STUDY-341048	GC-CONSENT-GROUP-589220	GC-CASE-517367	a_bene_placito	White	None of these describe me	Not Hispanic or Latino	barba_crescit_caput_nescit	sapiens_qui_prospicit
participant	GC-STUDY-341048	GC-CONSENT-GROUP-589220	GC-CASE-251277	imperium_in_imperio	Black or African American	Male	Not reported	pace_tua	a_bene_placito
participant	GC-STUDY-341048	GC-CONSENT-GROUP-589220	GC-CASE-737373	Gallia_est_omnis_divisa_in_partes_tres	Black or African American	Unknown	Not reported	scientiae_cedit_mare	barba_crescit_caput_nescit
participant	GC-STUDY-341048	GC-CONSENT-GROUP-589220	GC-CASE-666083	cacatum_non_est_pictum	Native Hawaiian or other Pacific Islander	Unknown	Unknown	scientia,_aere_perennius	scientia_imperii_decus_et_tutamen
participant	GC-STUDY-341048	GC-CONSENT-GROUP-589220	GC-CASE-357468	e_causa_ignota	Black or African American	X	Unknown	labor_ipse_voluptas	scientia_et_labor
participant	GC-STUDY-341048	GC-CONSENT-GROUP-589220	GC-CASE-257669	haec_olim_meminisse_iuvabit	White	Intersex	Not allowed to collect	O_Tite_tute_Tati_tibi_tanta_tyranne_tulisti	id_quod_plerumque_accidit
participant	GC-STUDY-341048	GC-CONSENT-GROUP-589220	GC-CASE-304677	Macte_animo_Generose_puer_sic_itur_ad_astra	Native Hawaiian or other Pacific Islander	Prefer not to answer	Unknown	faber_est_suae_quisque_fortunae	pace_tua
participant	GC-STUDY-341048	GC-CONSENT-GROUP-589220	GC-CASE-391308	Gallia_est_omnis_divisa_in_partes_tres	Asian	Female	Unknown	saltus_in_demonstrando	imperium_in_imperio
participant	GC-STUDY-341048	GC-CONSENT-GROUP-589220	GC-CASE-552856	imperium_in_imperio	Native Hawaiian or other Pacific Islander	None of these describe me	Not Hispanic or Latino	scientia_et_labor	labor_ipse_voluptas
participant	GC-STUDY-341048	GC-CONSENT-GROUP-589220	GC-CASE-490909	e_causa_ignota	White	Don't know	Not allowed to collect	cacatum_non_est_pictum	nanos_gigantum_humeris_insidentes
participant	GC-STUDY-341048	GC-CONSENT-GROUP-589220	GC-CASE-500366	salus_in_arduis	White	None of these describe me	Not reported	scientia,_aere_perennius	scientia_imperii_decus_et_tutamen
participant	GC-STUDY-341048	GC-CONSENT-GROUP-589220	GC-CASE-530972	O_Tite_tute_Tati_tibi_tanta_tyranne_tulisti	American Indian or Alaska Native	Female	Not reported	scientia_et_labor	scientia_et_labor
participant	GC-STUDY-341048	GC-CONSENT-GROUP-589220	GC-CASE-433005	a_bene_placito	Asian	None of these describe me	Unknown	cacatum_non_est_pictum	barba_crescit_caput_nescit
participant	GC-STUDY-341048	GC-CONSENT-GROUP-589220	GC-CASE-952498	id_quod_plerumque_accidit	White	Intersex	Not allowed to collect	imperium_in_imperio	sapiens_qui_prospicit
participant	GC-STUDY-341048	GC-CONSENT-GROUP-376804	GC-CASE-579670	faber_est_suae_quisque_fortunae	White	Unknown	Hispanic or Latino	haec_olim_meminisse_iuvabit	scientia_et_labor
participant	GC-STUDY-341048	GC-CONSENT-GROUP-376804	GC-CASE-599367	Obedientia_civium_urbis_felicitas	Black or African American	Intersex	Hispanic or Latino	scientiae_cedit_mare	faber_est_suae_quisque_fortunae
participant	GC-STUDY-341048	GC-CONSENT-GROUP-376804	GC-CASE-460061	damnant_quod_non_intellegunt	Not allowed to collect	None of these describe me	Not reported	barba_crescit_caput_nescit	sapiens_qui_prospicit
participant	GC-STUDY-341048	GC-CONSENT-GROUP-376804	GC-CASE-483338	pace_tua	Native Hawaiian or other Pacific Islander	Prefer not to answer	Not Hispanic or Latino	barba_crescit_caput_nescit	scientia,_aere_perennius
participant	GC-STUDY-341048	GC-CONSENT-GROUP-376804	GC-CASE-166955	saltus_in_demonstrando	Not allowed to collect	Prefer not to answer	Unknown	scientia_et_labor	O_Tite_tute_Tati_tibi_tanta_tyranne_tulisti
participant	GC-STUDY-341048	GC-CONSENT-GROUP-376804	GC-CASE-598191	nascentes_morimur_finisque_ab_origine_pendet	Not Reported	Intersex	Not reported	labor_ipse_voluptas	barba_crescit_caput_nescit
participant	GC-STUDY-694385	GC-CONSENT-GROUP-376804	GC-CASE-992733	nascentes_morimur_finisque_ab_origine_pendet	Not Reported	Don't know	Not reported	imperium_in_imperio	sapiens_qui_prospicit
participant	GC-STUDY-694385	GC-CONSENT-GROUP-376804	GC-CASE-683778	a_bene_placito	Not allowed to collect	X	Not Hispanic or Latino	O_Tite_tute_Tati_tibi_tanta_tyranne_tulisti	scientia_et_labor
participant	GC-STUDY-694385	GC-CONSENT-GROUP-376804	GC-CASE-958106	salus_in_arduis	White	Don't know	Not allowed to collect	imperium_in_imperio	scientia_et_labor
participant	GC-STUDY-694385	GC-CONSENT-GROUP-376804	GC-CASE-990248	O_Tite_tute_Tati_tibi_tanta_tyranne_tulisti	White	X	Unknown	Obedientia_civium_urbis_felicitas	haec_olim_meminisse_iuvabit
participant	GC-STUDY-694385	GC-CONSENT-GROUP-376804	GC-CASE-789333	nascentes_morimur_finisque_ab_origine_pendet	Not allowed to collect	Don't know	Hispanic or Latino	barba_crescit_caput_nescit	labor_ipse_voluptas
participant	GC-STUDY-694385	GC-CONSENT-GROUP-376804	GC-CASE-968546	O_Tite_tute_Tati_tibi_tanta_tyranne_tulisti	Not allowed to collect	Intersex	Not Hispanic or Latino	scientia_imperii_decus_et_tutamen	a_bene_placito
participant	GC-STUDY-694385	GC-CONSENT-GROUP-376804	GC-CASE-797588	faber_est_suae_quisque_fortunae	Not allowed to collect	Female	Not reported	scientia_imperii_decus_et_tutamen	damnant_quod_non_intellegunt
participant	GC-STUDY-694385	GC-CONSENT-GROUP-376804	GC-CASE-416320	barba_crescit_caput_nescit	Native Hawaiian or other Pacific Islander	None of these describe me	Not allowed to collect	Obedientia_civium_urbis_felicitas	faber_est_suae_quisque_fortunae
participant	GC-STUDY-694385	GC-CONSENT-GROUP-376804	GC-CASE-787219	scientia_imperii_decus_et_tutamen	Not allowed to collect	Unknown	Not reported	scientia,_aere_perennius	scientia,_aere_perennius
participant	GC-STUDY-694385	GC-CONSENT-GROUP-376804	GC-CASE-523342	faber_est_suae_quisque_fortunae	Native Hawaiian or other Pacific Islander	Decline to answer	Hispanic or Latino	scientia_et_labor	faber_est_suae_quisque_fortunae
participant	GC-STUDY-694385	GC-CONSENT-GROUP-376804	GC-CASE-997055	scientia_et_sapientia	Not allowed to collect	Don't know	Not allowed to collect	imperium_in_imperio	scientiae_cedit_mare
participant	GC-STUDY-694385	GC-CONSENT-GROUP-376804	GC-CASE-795069	cacatum_non_est_pictum	Not Reported	Decline to answer	Not reported	nanos_gigantum_humeris_insidentes	labor_ipse_voluptas
participant	GC-STUDY-694385	GC-CONSENT-GROUP-376804	GC-CASE-540021	haec_olim_meminisse_iuvabit	Not Reported	Don't know	Not reported	imperium_in_imperio	sapiens_qui_prospicit
participant	GC-STUDY-694385	GC-CONSENT-GROUP-376804	GC-CASE-828571	labor_ipse_voluptas	Unknown	Don't know	Not Hispanic or Latino	barba_crescit_caput_nescit	pace_tua
participant	GC-STUDY-694385	GC-CONSENT-GROUP-836100	GC-CASE-268297	scientiae_et_patriae	Asian	X	Not allowed to collect	Gallia_est_omnis_divisa_in_partes_tres	scientiae_et_patriae
participant	GC-STUDY-694385	GC-CONSENT-GROUP-836100	GC-CASE-871643	nascentes_morimur_finisque_ab_origine_pendet	Black or African American	Female	Not reported	pace_tua	O_Tite_tute_Tati_tibi_tanta_tyranne_tulisti
participant	GC-STUDY-694385	GC-CONSENT-GROUP-836100	GC-CASE-301433	nanos_gigantum_humeris_insidentes	Not allowed to collect	Female	Not Hispanic or Latino	Macte_animo_Generose_puer_sic_itur_ad_astra	scientia,_aere_perennius
participant	GC-STUDY-694385	GC-CONSENT-GROUP-836100	GC-CASE-854147	O_Tite_tute_Tati_tibi_tanta_tyranne_tulisti	Black or African American	Don't know	Unknown	scientia,_aere_perennius	salus_in_arduis
participant	GC-STUDY-694385	GC-CONSENT-GROUP-836100	GC-CASE-163255	O_Tite_tute_Tati_tibi_tanta_tyranne_tulisti	Asian	Female	Not Hispanic or Latino	id_quod_plerumque_accidit	imperium_in_imperio
participant	GC-STUDY-694385	GC-CONSENT-GROUP-836100	GC-CASE-524664	nascentes_morimur_finisque_ab_origine_pendet	Not Reported	Don't know	Not allowed to collect	a_bene_placito	O_Tite_tute_Tati_tibi_tanta_tyranne_tulisti
participant	GC-STUDY-694385	GC-CONSENT-GROUP-836100	GC-CASE-621618	scientiae_et_patriae	Not allowed to collect	Prefer not to answer	Hispanic or Latino	imperium_in_imperio	labor_ipse_voluptas
participant	GC-STUDY-694385	GC-CONSENT-GROUP-836100	GC-CASE-231164	scientia_et_labor	Unknown	None of these describe me	Hispanic or Latino	scientia_et_sapientia	pace_tua
participant	GC-STUDY-694385	GC-CONSENT-GROUP-836100	GC-CASE-270109	damnant_quod_non_intellegunt	White	Don't know	Hispanic or Latino	Gallia_est_omnis_divisa_in_partes_tres	salus_in_arduis
participant	GC-STUDY-694385	GC-CONSENT-GROUP-836100	GC-CASE-227389	scientiae_et_patriae	Not allowed to collect	Decline to answer	Hispanic or Latino	nascentes_morimur_finisque_ab_origine_pendet	scientiae_et_patriae
participant	GC-STUDY-694385	GC-CONSENT-GROUP-836100	GC-CASE-429117	nascentes_morimur_finisque_ab_origine_pendet	Asian	Decline to answer	Not allowed to collect	barba_crescit_caput_nescit	scientia_imperii_decus_et_tutamen
participant	GC-STUDY-694385	GC-CONSENT-GROUP-836100	GC-CASE-352036	Macte_animo_Generose_puer_sic_itur_ad_astra	Asian	Don't know	Unknown	Gallia_est_omnis_divisa_in_partes_tres	O_Tite_tute_Tati_tibi_tanta_tyranne_tulisti
participant	GC-STUDY-694385	GC-CONSENT-GROUP-836100	GC-CASE-839726	Obedientia_civium_urbis_felicitas	Native Hawaiian or other Pacific Islander	Intersex	Not Hispanic or Latino	salus_in_arduis	Gallia_est_omnis_divisa_in_partes_tres
participant	GC-STUDY-694385	GC-CONSENT-GROUP-836100	GC-CASE-477862	scientiae_et_patriae	Black or African American	Male	Not Hispanic or Latino	a_bene_placito	sapiens_qui_prospicit
participant	GC-STUDY-694385	GC-CONSENT-GROUP-836100	GC-CASE-111424	e_causa_ignota	Native Hawaiian or other Pacific Islander	Prefer not to answer	Unknown	salus_in_arduis	scientia,_aere_perennius
participant	GC-STUDY-694385	GC-CONSENT-GROUP-836100	GC-CASE-231407	nanos_gigantum_humeris_insidentes	Unknown	Don't know	Not Hispanic or Latino	a_bene_placito	cacatum_non_est_pictum
participant	GC-STUDY-694385	GC-CONSENT-GROUP-836100	GC-CASE-647681	cacatum_non_est_pictum	White	Female	Not Hispanic or Latino	Obedientia_civium_urbis_felicitas	scientia_et_sapientia
participant	GC-STUDY-694385	GC-CONSENT-GROUP-836100	GC-CASE-135658	Gallia_est_omnis_divisa_in_partes_tres	White	Female	Hispanic or Latino	scientiae_cedit_mare	Gallia_est_omnis_divisa_in_partes_tres
participant	GC-STUDY-694385	GC-CONSENT-GROUP-836100	GC-CASE-552274	scientia,_aere_perennius	White	Intersex	Hispanic or Latino	scientia_et_sapientia	faber_est_suae_quisque_fortunae
participant	GC-STUDY-694385	GC-CONSENT-GROUP-836100	GC-CASE-824282	barba_crescit_caput_nescit	Unknown	Prefer not to answer	Not reported	barba_crescit_caput_nescit	sapiens_qui_prospicit
participant	GC-STUDY-694385	GC-CONSENT-GROUP-663008	GC-CASE-469842	nascentes_morimur_finisque_ab_origine_pendet	Asian	Intersex	Not reported	e_causa_ignota	salus_in_arduis
participant	GC-STUDY-694385	GC-CONSENT-GROUP-663008	GC-CASE-171192	scientia_imperii_decus_et_tutamen	American Indian or Alaska Native	Prefer not to answer	Hispanic or Latino	sapiens_qui_prospicit	scientiae_cedit_mare
participant	GC-STUDY-694385	GC-CONSENT-GROUP-663008	GC-CASE-995860	scientia_et_sapientia	American Indian or Alaska Native	None of these describe me	Unknown	damnant_quod_non_intellegunt	scientia_et_labor
participant	GC-STUDY-694385	GC-CONSENT-GROUP-663008	GC-CASE-657635	nascentes_morimur_finisque_ab_origine_pendet	Unknown	Male	Unknown	faber_est_suae_quisque_fortunae	sapiens_qui_prospicit
participant	GC-STUDY-694385	GC-CONSENT-GROUP-663008	GC-CASE-674656	nascentes_morimur_finisque_ab_origine_pendet	Native Hawaiian or other Pacific Islander	None of these describe me	Not reported	nanos_gigantum_humeris_insidentes	Macte_animo_Generose_puer_sic_itur_ad_astra
participant	GC-STUDY-694385	GC-CONSENT-GROUP-663008	GC-CASE-834800	barba_crescit_caput_nescit	White	X	Unknown	scientia,_aere_perennius	scientia_et_sapientia
participant	GC-STUDY-694385	GC-CONSENT-GROUP-663008	GC-CASE-362286	e_causa_ignota	Native Hawaiian or other Pacific Islander	Decline to answer	Unknown	scientia_imperii_decus_et_tutamen	scientia,_aere_perennius
participant	GC-STUDY-694385	GC-CONSENT-GROUP-663008	GC-CASE-443202	O_Tite_tute_Tati_tibi_tanta_tyranne_tulisti	White	Male	Not reported	scientia_et_labor	barba_crescit_caput_nescit
participant	GC-STUDY-694385	GC-CONSENT-GROUP-663008	GC-CASE-797178	faber_est_suae_quisque_fortunae	Not Reported	X	Not reported	damnant_quod_non_intellegunt	scientia,_aere_perennius
participant	GC-STUDY-694385	GC-CONSENT-GROUP-663008	GC-CASE-773241	scientiae_et_patriae	Asian	Intersex	Not reported	Macte_animo_Generose_puer_sic_itur_ad_astra	O_Tite_tute_Tati_tibi_tanta_tyranne_tulisti
participant	GC-STUDY-694385	GC-CONSENT-GROUP-663008	GC-CASE-999164	a_bene_placito	Asian	Male	Unknown	scientia_imperii_decus_et_tutamen	haec_olim_meminisse_iuvabit
participant	GC-STUDY-694385	GC-CONSENT-GROUP-663008	GC-CASE-856212	imperium_in_imperio	Unknown	Female	Hispanic or Latino	id_quod_plerumque_accidit	scientiae_et_patriae
participant	GC-STUDY-694385	GC-CONSENT-GROUP-663008	GC-CASE-360595	scientia_et_labor	Asian	X	Unknown	scientia,_aere_perennius	haec_olim_meminisse_iuvabit
participant	GC-STUDY-694385	GC-CONSENT-GROUP-663008	GC-CASE-825431	saltus_in_demonstrando	White	Decline to answer	Unknown	scientia_et_sapientia	barba_crescit_caput_nescit
participant	GC-STUDY-694385	GC-CONSENT-GROUP-663008	GC-CASE-475104	damnant_quod_non_intellegunt	Not Reported	Female	Hispanic or Latino	faber_est_suae_quisque_fortunae	a_bene_placito
participant	GC-STUDY-694385	GC-CONSENT-GROUP-663008	GC-CASE-711788	pace_tua	Asian	Female	Not allowed to collect	Macte_animo_Generose_puer_sic_itur_ad_astra	Obedientia_civium_urbis_felicitas
participant	GC-STUDY-694385	GC-CONSENT-GROUP-663008	GC-CASE-651251	Gallia_est_omnis_divisa_in_partes_tres	Asian	Unknown	Unknown	Macte_animo_Generose_puer_sic_itur_ad_astra	saltus_in_demonstrando
participant	GC-STUDY-694385	GC-CONSENT-GROUP-663008	GC-CASE-277467	damnant_quod_non_intellegunt	Native Hawaiian or other Pacific Islander	Unknown	Not allowed to collect	scientia_imperii_decus_et_tutamen	cacatum_non_est_pictum
participant	GC-STUDY-694385	GC-CONSENT-GROUP-663008	GC-CASE-566711	scientia_et_labor	Asian	Prefer not to answer	Not Hispanic or Latino	O_Tite_tute_Tati_tibi_tanta_tyranne_tulisti	pace_tua
participant	GC-STUDY-694385	GC-CONSENT-GROUP-663008	GC-CASE-472622	damnant_quod_non_intellegunt	Black or African American	Unknown	Hispanic or Latino	a_bene_placito	haec_olim_meminisse_iuvabit
participant	GC-STUDY-694385	GC-CONSENT-GROUP-884574	GC-CASE-897198	Macte_animo_Generose_puer_sic_itur_ad_astra	Not allowed to collect	None of these describe me	Hispanic or Latino	scientia_imperii_decus_et_tutamen	Obedientia_civium_urbis_felicitas
participant	GC-STUDY-694385	GC-CONSENT-GROUP-884574	GC-CASE-161731	Gallia_est_omnis_divisa_in_partes_tres	Black or African American	Decline to answer	Unknown	Gallia_est_omnis_divisa_in_partes_tres	pace_tua
participant	GC-STUDY-694385	GC-CONSENT-GROUP-884574	GC-CASE-105659	saltus_in_demonstrando	American Indian or Alaska Native	Prefer not to answer	Not reported	e_causa_ignota	id_quod_plerumque_accidit
participant	GC-STUDY-694385	GC-CONSENT-GROUP-884574	GC-CASE-197507	scientia_imperii_decus_et_tutamen	American Indian or Alaska Native	Intersex	Not allowed to collect	a_bene_placito	nanos_gigantum_humeris_insidentes
participant	GC-STUDY-694385	GC-CONSENT-GROUP-884574	GC-CASE-694335	cacatum_non_est_pictum	Asian	None of these describe me	Not reported	scientiae_cedit_mare	haec_olim_meminisse_iuvabit
participant	GC-STUDY-694385	GC-CONSENT-GROUP-884574	GC-CASE-359237	nascentes_morimur_finisque_ab_origine_pendet	White	Male	Not reported	scientiae_et_patriae	Gallia_est_omnis_divisa_in_partes_tres
participant	GC-STUDY-694385	GC-CONSENT-GROUP-884574	GC-CASE-488802	Gallia_est_omnis_divisa_in_partes_tres	Unknown	X	Not allowed to collect	e_causa_ignota	Obedientia_civium_urbis_felicitas
participant	GC-STUDY-694385	GC-CONSENT-GROUP-884574	GC-CASE-372670	Obedientia_civium_urbis_felicitas	Unknown	Decline to answer	Not allowed to collect	id_quod_plerumque_accidit	imperium_in_imperio
participant	GC-STUDY-694385	GC-CONSENT-GROUP-884574	GC-CASE-842250	nascentes_morimur_finisque_ab_origine_pendet	Native Hawaiian or other Pacific Islander	Decline to answer	Unknown	haec_olim_meminisse_iuvabit	salus_in_arduis
participant	GC-STUDY-694385	GC-CONSENT-GROUP-884574	GC-CASE-394914	haec_olim_meminisse_iuvabit	Not allowed to collect	Prefer not to answer	Hispanic or Latino	scientiae_cedit_mare	imperium_in_imperio
participant	GC-STUDY-694385	GC-CONSENT-GROUP-884574	GC-CASE-404873	saltus_in_demonstrando	White	Decline to answer	Hispanic or Latino	sapiens_qui_prospicit	Gallia_est_omnis_divisa_in_partes_tres
participant	GC-STUDY-694385	GC-CONSENT-GROUP-884574	GC-CASE-957952	haec_olim_meminisse_iuvabit	Native Hawaiian or other Pacific Islander	None of these describe me	Not reported	Gallia_est_omnis_divisa_in_partes_tres	scientia_et_labor
participant	GC-STUDY-552395	GC-CONSENT-GROUP-884574	GC-CASE-230214	id_quod_plerumque_accidit	Asian	Male	Not reported	id_quod_plerumque_accidit	faber_est_suae_quisque_fortunae
participant	GC-STUDY-552395	GC-CONSENT-GROUP-884574	GC-CASE-583567	Gallia_est_omnis_divisa_in_partes_tres	Black or African American	None of these describe me	Not allowed to collect	a_bene_placito	nascentes_morimur_finisque_ab_origine_pendet
participant	GC-STUDY-552395	GC-CONSENT-GROUP-884574	GC-CASE-707046	scientia_et_labor	White	Unknown	Not reported	saltus_in_demonstrando	salus_in_arduis
participant	GC-STUDY-552395	GC-CONSENT-GROUP-884574	GC-CASE-741553	sapiens_qui_prospicit	American Indian or Alaska Native	Unknown	Not Hispanic or Latino	scientiae_et_patriae	imperium_in_imperio
participant	GC-STUDY-552395	GC-CONSENT-GROUP-884574	GC-CASE-708100	barba_crescit_caput_nescit	American Indian or Alaska Native	Prefer not to answer	Hispanic or Latino	cacatum_non_est_pictum	O_Tite_tute_Tati_tibi_tanta_tyranne_tulisti
participant	GC-STUDY-552395	GC-CONSENT-GROUP-884574	GC-CASE-321696	sapiens_qui_prospicit	White	Intersex	Hispanic or Latino	faber_est_suae_quisque_fortunae	id_quod_plerumque_accidit
participant	GC-STUDY-552395	GC-CONSENT-GROUP-884574	GC-CASE-391033	nanos_gigantum_humeris_insidentes	White	Prefer not to answer	Not allowed to collect	cacatum_non_est_pictum	imperium_in_imperio
participant	GC-STUDY-552395	GC-CONSENT-GROUP-884574	GC-CASE-576815	scientia_et_sapientia	American Indian or Alaska Native	Male	Not reported	haec_olim_meminisse_iuvabit	nascentes_morimur_finisque_ab_origine_pendet
participant	GC-STUDY-552395	GC-CONSENT-GROUP-182703	GC-CASE-475171	salus_in_arduis	Not allowed to collect	Unknown	Unknown	cacatum_non_est_pictum	pace_tua
participant	GC-STUDY-552395	GC-CONSENT-GROUP-182703	GC-CASE-891949	pace_tua	American Indian or Alaska Native	Intersex	Hispanic or Latino	cacatum_non_est_pictum	scientia_et_sapientia
participant	GC-STUDY-552395	GC-CONSENT-GROUP-182703	GC-CASE-816164	haec_olim_meminisse_iuvabit	White	Male	Unknown	salus_in_arduis	scientia_et_labor
participant	GC-STUDY-552395	GC-CONSENT-GROUP-182703	GC-CASE-825323	nascentes_morimur_finisque_ab_origine_pendet	American Indian or Alaska Native	Prefer not to answer	Not allowed to collect	Gallia_est_omnis_divisa_in_partes_tres	nascentes_morimur_finisque_ab_origine_pendet
participant	GC-STUDY-552395	GC-CONSENT-GROUP-182703	GC-CASE-781141	id_quod_plerumque_accidit	Not Reported	None of these describe me	Unknown	imperium_in_imperio	labor_ipse_voluptas
participant	GC-STUDY-552395	GC-CONSENT-GROUP-182703	GC-CASE-287393	Macte_animo_Generose_puer_sic_itur_ad_astra	Unknown	Decline to answer	Not reported	nascentes_morimur_finisque_ab_origine_pendet	nanos_gigantum_humeris_insidentes
participant	GC-STUDY-552395	GC-CONSENT-GROUP-182703	GC-CASE-385683	e_causa_ignota	Not allowed to collect	Female	Hispanic or Latino	scientiae_et_patriae	labor_ipse_voluptas
participant	GC-STUDY-552395	GC-CONSENT-GROUP-182703	GC-CASE-721122	saltus_in_demonstrando	White	None of these describe me	Not Hispanic or Latino	faber_est_suae_quisque_fortunae	labor_ipse_voluptas
participant	GC-STUDY-552395	GC-CONSENT-GROUP-182703	GC-CASE-429718	a_bene_placito	Not allowed to collect	None of these describe me	Not reported	salus_in_arduis	Gallia_est_omnis_divisa_in_partes_tres
participant	GC-STUDY-552395	GC-CONSENT-GROUP-182703	GC-CASE-826390	nanos_gigantum_humeris_insidentes	Asian	Female	Hispanic or Latino	salus_in_arduis	scientia_et_labor
participant	GC-STUDY-552395	GC-CONSENT-GROUP-182703	GC-CASE-669589	id_quod_plerumque_accidit	American Indian or Alaska Native	Unknown	Not Hispanic or Latino	scientia,_aere_perennius	scientia_imperii_decus_et_tutamen
participant	GC-STUDY-552395	GC-CONSENT-GROUP-182703	GC-CASE-157881	nanos_gigantum_humeris_insidentes	American Indian or Alaska Native	Male	Unknown	salus_in_arduis	haec_olim_meminisse_iuvabit
participant	GC-STUDY-552395	GC-CONSENT-GROUP-182703	GC-CASE-501764	Obedientia_civium_urbis_felicitas	American Indian or Alaska Native	Male	Not reported	a_bene_placito	imperium_in_imperio
participant	GC-STUDY-552395	GC-CONSENT-GROUP-182703	GC-CASE-388833	e_causa_ignota	Not Reported	None of these describe me	Not reported	Obedientia_civium_urbis_felicitas	O_Tite_tute_Tati_tibi_tanta_tyranne_tulisti
participant	GC-STUDY-552395	GC-CONSENT-GROUP-182703	GC-CASE-473111	scientia_et_labor	Asian	Male	Not Hispanic or Latino	scientiae_cedit_mare	scientia,_aere_perennius
participant	GC-STUDY-552395	GC-CONSENT-GROUP-182703	GC-CASE-210095	scientiae_et_patriae	Not allowed to collect	Prefer not to answer	Hispanic or Latino	scientia_imperii_decus_et_tutamen	nanos_gigantum_humeris_insidentes
participant	GC-STUDY-552395	GC-CONSENT-GROUP-182703	GC-CASE-371301	nanos_gigantum_humeris_insidentes	Black or African American	Decline to answer	Not Hispanic or Latino	Macte_animo_Generose_puer_sic_itur_ad_astra	scientia_et_sapientia
participant	GC-STUDY-552395	GC-CONSENT-GROUP-182703	GC-CASE-892682	Macte_animo_Generose_puer_sic_itur_ad_astra	Native Hawaiian or other Pacific Islander	Don't know	Not allowed to collect	scientiae_cedit_mare	sapiens_qui_prospicit
participant	GC-STUDY-552395	GC-CONSENT-GROUP-182703	GC-CASE-539599	scientiae_et_patriae	Unknown	X	Hispanic or Latino	O_Tite_tute_Tati_tibi_tanta_tyranne_tulisti	imperium_in_imperio
participant	GC-STUDY-552395	GC-CONSENT-GROUP-182703	GC-CASE-469903	e_causa_ignota	Not Reported	None of these describe me	Not Hispanic or Latino	faber_est_suae_quisque_fortunae	Gallia_est_omnis_divisa_in_partes_tres
participant	GC-STUDY-552395	GC-CONSENT-GROUP-318693	GC-CASE-398477	e_causa_ignota	American Indian or Alaska Native	None of these describe me	Not allowed to collect	e_causa_ignota	sapiens_qui_prospicit
participant	GC-STUDY-552395	GC-CONSENT-GROUP-318693	GC-CASE-579682	labor_ipse_voluptas	Not allowed to collect	X	Not allowed to collect	id_quod_plerumque_accidit	nascentes_morimur_finisque_ab_origine_pendet
participant	GC-STUDY-552395	GC-CONSENT-GROUP-318693	GC-CASE-119128	pace_tua	Asian	Don't know	Not reported	damnant_quod_non_intellegunt	scientia_imperii_decus_et_tutamen
participant	GC-STUDY-552395	GC-CONSENT-GROUP-318693	GC-CASE-917605	nanos_gigantum_humeris_insidentes	White	Don't know	Not reported	a_bene_placito	e_causa_ignota
participant	GC-STUDY-552395	GC-CONSENT-GROUP-318693	GC-CASE-579767	scientia_imperii_decus_et_tutamen	White	Intersex	Unknown	scientiae_et_patriae	nascentes_morimur_finisque_ab_origine_pendet
participant	GC-STUDY-552395	GC-CONSENT-GROUP-318693	GC-CASE-801577	labor_ipse_voluptas	Asian	Unknown	Not allowed to collect	imperium_in_imperio	O_Tite_tute_Tati_tibi_tanta_tyranne_tulisti
participant	GC-STUDY-552395	GC-CONSENT-GROUP-318693	GC-CASE-392719	scientia,_aere_perennius	Asian	None of these describe me	Unknown	scientia_et_sapientia	pace_tua
participant	GC-STUDY-552395	GC-CONSENT-GROUP-318693	GC-CASE-850631	O_Tite_tute_Tati_tibi_tanta_tyranne_tulisti	American Indian or Alaska Native	Male	Not Hispanic or Latino	O_Tite_tute_Tati_tibi_tanta_tyranne_tulisti	O_Tite_tute_Tati_tibi_tanta_tyranne_tulisti
participant	GC-STUDY-552395	GC-CONSENT-GROUP-318693	GC-CASE-242304	id_quod_plerumque_accidit	Black or African American	Intersex	Not allowed to collect	id_quod_plerumque_accidit	nascentes_morimur_finisque_ab_origine_pendet
participant	GC-STUDY-552395	GC-CONSENT-GROUP-318693	GC-CASE-304702	sapiens_qui_prospicit	Not allowed to collect	None of these describe me	Not reported	scientiae_cedit_mare	a_bene_placito
participant	GC-STUDY-552395	GC-CONSENT-GROUP-318693	GC-CASE-460463	labor_ipse_voluptas	Not Reported	Unknown	Hispanic or Latino	haec_olim_meminisse_iuvabit	O_Tite_tute_Tati_tibi_tanta_tyranne_tulisti
participant	GC-STUDY-552395	GC-CONSENT-GROUP-318693	GC-CASE-142916	imperium_in_imperio	White	X	Unknown	saltus_in_demonstrando	scientia_et_sapientia
participant	GC-STUDY-552395	GC-CONSENT-GROUP-318693	GC-CASE-945329	nascentes_morimur_finisque_ab_origine_pendet	Native Hawaiian or other Pacific Islander	X	Unknown	scientiae_et_patriae	labor_ipse_voluptas
participant	GC-STUDY-552395	GC-CONSENT-GROUP-318693	GC-CASE-290724	O_Tite_tute_Tati_tibi_tanta_tyranne_tulisti	Native Hawaiian or other Pacific Islander	None of these describe me	Not reported	Obedientia_civium_urbis_felicitas	id_quod_plerumque_accidit
participant	GC-STUDY-552395	GC-CONSENT-GROUP-318693	GC-CASE-545925	scientia_imperii_decus_et_tutamen	Native Hawaiian or other Pacific Islander	None of these describe me	Hispanic or Latino	scientia,_aere_perennius	scientia_et_sapientia
participant	GC-STUDY-552395	GC-CONSENT-GROUP-318693	GC-CASE-182494	scientia_imperii_decus_et_tutamen	Asian	Don't know	Unknown	barba_crescit_caput_nescit	salus_in_arduis
participant	GC-STUDY-552395	GC-CONSENT-GROUP-318693	GC-CASE-997175	labor_ipse_voluptas	Not Reported	X	Not reported	cacatum_non_est_pictum	haec_olim_meminisse_iuvabit
participant	GC-STUDY-552395	GC-CONSENT-GROUP-318693	GC-CASE-525427	id_quod_plerumque_accidit	Native Hawaiian or other Pacific Islander	Unknown	Hispanic or Latino	e_causa_ignota	e_causa_ignota
participant	GC-STUDY-552395	GC-CONSENT-GROUP-318693	GC-CASE-890964	salus_in_arduis	Not Reported	Female	Not allowed to collect	scientiae_et_patriae	scientiae_et_patriae
participant	GC-STUDY-552395	GC-CONSENT-GROUP-318693	GC-CASE-150972	haec_olim_meminisse_iuvabit	American Indian or Alaska Native	Female	Hispanic or Latino	damnant_quod_non_intellegunt	nanos_gigantum_humeris_insidentes
participant	GC-STUDY-552395	GC-CONSENT-GROUP-684531	GC-CASE-454024	scientia_imperii_decus_et_tutamen	Unknown	X	Unknown	pace_tua	Macte_animo_Generose_puer_sic_itur_ad_astra
participant	GC-STUDY-552395	GC-CONSENT-GROUP-684531	GC-CASE-117486	Gallia_est_omnis_divisa_in_partes_tres	Asian	Don't know	Hispanic or Latino	salus_in_arduis	scientiae_et_patriae
participant	GC-STUDY-552395	GC-CONSENT-GROUP-684531	GC-CASE-627364	scientia_imperii_decus_et_tutamen	Not Reported	Intersex	Unknown	scientia_imperii_decus_et_tutamen	nascentes_morimur_finisque_ab_origine_pendet
participant	GC-STUDY-552395	GC-CONSENT-GROUP-684531	GC-CASE-440744	scientia_imperii_decus_et_tutamen	Black or African American	X	Not reported	scientia_imperii_decus_et_tutamen	a_bene_placito
participant	GC-STUDY-552395	GC-CONSENT-GROUP-684531	GC-CASE-193075	cacatum_non_est_pictum	Not Reported	Unknown	Not allowed to collect	faber_est_suae_quisque_fortunae	nanos_gigantum_humeris_insidentes
participant	GC-STUDY-552395	GC-CONSENT-GROUP-684531	GC-CASE-521265	faber_est_suae_quisque_fortunae	Native Hawaiian or other Pacific Islander	Prefer not to answer	Not reported	salus_in_arduis	nanos_gigantum_humeris_insidentes
participant	GC-STUDY-552395	GC-CONSENT-GROUP-684531	GC-CASE-797987	damnant_quod_non_intellegunt	Unknown	Decline to answer	Not allowed to collect	O_Tite_tute_Tati_tibi_tanta_tyranne_tulisti	sapiens_qui_prospicit
participant	GC-STUDY-552395	GC-CONSENT-GROUP-684531	GC-CASE-523313	scientiae_et_patriae	Asian	Decline to answer	Not allowed to collect	id_quod_plerumque_accidit	sapiens_qui_prospicit
participant	GC-STUDY-552395	GC-CONSENT-GROUP-684531	GC-CASE-883501	damnant_quod_non_intellegunt	White	Unknown	Unknown	nanos_gigantum_humeris_insidentes	O_Tite_tute_Tati_tibi_tanta_tyranne_tulisti
participant	GC-STUDY-552395	GC-CONSENT-GROUP-684531	GC-CASE-877333	a_bene_placito	Asian	Don't know	Hispanic or Latino	labor_ipse_voluptas	O_Tite_tute_Tati_tibi_tanta_tyranne_tulisti
participant	GC-STUDY-552395	GC-CONSENT-GROUP-684531	GC-CASE-958249	scientia_et_sapientia	Asian	Decline to answer	Hispanic or Latino	salus_in_arduis	nanos_gigantum_humeris_insidentes
participant	GC-STUDY-552395	GC-CONSENT-GROUP-684531	GC-CASE-665857	a_bene_placito	Asian	Prefer not to answer	Unknown	e_causa_ignota	scientia_et_labor
participant	GC-STUDY-552395	GC-CONSENT-GROUP-684531	GC-CASE-243527	scientiae_et_patriae	American Indian or Alaska Native	Don't know	Not reported	scientia_imperii_decus_et_tutamen	Obedientia_civium_urbis_felicitas
participant	GC-STUDY-552395	GC-CONSENT-GROUP-684531	GC-CASE-924640	scientiae_et_patriae	Unknown	Unknown	Not allowed to collect	pace_tua	barba_crescit_caput_nescit
participant	GC-STUDY-552395	GC-CONSENT-GROUP-684531	GC-CASE-440898	Macte_animo_Generose_puer_sic_itur_ad_astra	Asian	Don't know	Not Hispanic or Latino	labor_ipse_voluptas	nanos_gigantum_humeris_insidentes
participant	GC-STUDY-552395	GC-CONSENT-GROUP-684531	GC-CASE-633450	a_bene_placito	White	Female	Unknown	labor_ipse_voluptas	a_bene_placito
participant	GC-STUDY-552395	GC-CONSENT-GROUP-684531	GC-CASE-232482	damnant_quod_non_intellegunt	Black or African American	Female	Not allowed to collect	pace_tua	e_causa_ignota
participant	GC-STUDY-552395	GC-CONSENT-GROUP-684531	GC-CASE-184959	id_quod_plerumque_accidit	American Indian or Alaska Native	Don't know	Not Hispanic or Latino	nanos_gigantum_humeris_insidentes	pace_tua
participant	GC-STUDY-552395	GC-CONSENT-GROUP-684531	GC-CASE-706546	sapiens_qui_prospicit	Not Reported	Male	Not Hispanic or Latino	sapiens_qui_prospicit	Gallia_est_omnis_divisa_in_partes_tres
participant	GC-STUDY-552395	GC-CONSENT-GROUP-684531	GC-CASE-408168	scientiae_cedit_mare	Not allowed to collect	Prefer not to answer	Hispanic or Latino	sapiens_qui_prospicit	scientiae_cedit_mare
