type	study.study_id	pdx_id	model_id	implantation_type	implantation_site	mouse_strain	sample_type_for_implantation	tumor_not_mus_or_ebv_origin
pdx	GC-STUDY-341048	GC-PDX-769941	scientia,_aere_perennius	Trocar	tail vein	a_bene_placito	scientia_et_sapientia	Yes
pdx	GC-STUDY-341048	GC-PDX-852116	barba_crescit_caput_nescit	Trocar	subcutaneous	salus_in_arduis	labor_ipse_voluptas	Unknown
pdx	GC-STUDY-341048	GC-PDX-428526	faber_est_suae_quisque_fortunae	Not Reported	tail vein	Gallia_est_omnis_divisa_in_partes_tres	damnant_quod_non_intellegunt	Unknown
pdx	GC-STUDY-341048	GC-PDX-484646	O_Tite_tute_Tati_tibi_tanta_tyranne_tulisti	Not Reported	left cerebrum	scientiae_et_patriae	scientia_et_labor	No
pdx	GC-STUDY-341048	GC-PDX-772295	sapiens_qui_prospicit	Intravenous	subcutaneous	sapiens_qui_prospicit	pace_tua	Not Reported
pdx	GC-STUDY-341048	GC-PDX-269195	sapiens_qui_prospicit	Surgical	subrenal capsule	scientiae_et_patriae	Macte_animo_Generose_puer_sic_itur_ad_astra	Yes
pdx	GC-STUDY-341048	GC-PDX-722090	sapiens_qui_prospicit	Orthotopic	subcutaneous	sapiens_qui_prospicit	nascentes_morimur_finisque_ab_origine_pendet	No
pdx	GC-STUDY-341048	GC-PDX-217490	haec_olim_meminisse_iuvabit	Intravenous	brain stem	Gallia_est_omnis_divisa_in_partes_tres	e_causa_ignota	Unknown
pdx	GC-STUDY-341048	GC-PDX-208288	sapiens_qui_prospicit	Trocar	subrenal capsule	nascentes_morimur_finisque_ab_origine_pendet	faber_est_suae_quisque_fortunae	Not Reported
pdx	GC-STUDY-341048	GC-PDX-371456	nanos_gigantum_humeris_insidentes	Unknown	brain stem	sapiens_qui_prospicit	Macte_animo_Generose_puer_sic_itur_ad_astra	No
pdx	GC-STUDY-341048	GC-PDX-338414	scientia,_aere_perennius	Trocar	intraperitoneal cavity	barba_crescit_caput_nescit	scientia_et_labor	Not Reported
pdx	GC-STUDY-341048	GC-PDX-892094	scientiae_et_patriae	Unknown	subcutaneous	salus_in_arduis	scientia,_aere_perennius	Yes
pdx	GC-STUDY-341048	GC-PDX-779522	haec_olim_meminisse_iuvabit	Injection	mammary fat pad	a_bene_placito	cacatum_non_est_pictum	Not Reported
pdx	GC-STUDY-341048	GC-PDX-564229	nanos_gigantum_humeris_insidentes	Unknown	brain stem	nanos_gigantum_humeris_insidentes	Gallia_est_omnis_divisa_in_partes_tres	Yes
pdx	GC-STUDY-341048	GC-PDX-905672	imperium_in_imperio	Orthotopic	left cerebrum	pace_tua	cacatum_non_est_pictum	Not Reported
pdx	GC-STUDY-341048	GC-PDX-707492	O_Tite_tute_Tati_tibi_tanta_tyranne_tulisti	Unknown	right cerebrum	Obedientia_civium_urbis_felicitas	Gallia_est_omnis_divisa_in_partes_tres	Not Reported
pdx	GC-STUDY-341048	GC-PDX-959485	faber_est_suae_quisque_fortunae	Unknown	muscle	saltus_in_demonstrando	pace_tua	Yes
pdx	GC-STUDY-341048	GC-PDX-964156	Macte_animo_Generose_puer_sic_itur_ad_astra	Surgical	left cerebrum	id_quod_plerumque_accidit	scientia_imperii_decus_et_tutamen	No
pdx	GC-STUDY-341048	GC-PDX-621310	e_causa_ignota	Trocar	right cerebrum	sapiens_qui_prospicit	Macte_animo_Generose_puer_sic_itur_ad_astra	Yes
pdx	GC-STUDY-341048	GC-PDX-177618	faber_est_suae_quisque_fortunae	Trocar	left cerebrum	Obedientia_civium_urbis_felicitas	Macte_animo_Generose_puer_sic_itur_ad_astra	Unknown
pdx	GC-STUDY-341048	GC-PDX-150335	scientiae_cedit_mare	Orthotopic	muscle	scientiae_et_patriae	scientiae_et_patriae	Unknown
pdx	GC-STUDY-341048	GC-PDX-698600	scientia_imperii_decus_et_tutamen	Orthotopic	brain stem	saltus_in_demonstrando	scientia,_aere_perennius	No
pdx	GC-STUDY-341048	GC-PDX-348462	faber_est_suae_quisque_fortunae	Surgical	brain stem	scientiae_et_patriae	O_Tite_tute_Tati_tibi_tanta_tyranne_tulisti	No
pdx	GC-STUDY-341048	GC-PDX-923539	O_Tite_tute_Tati_tibi_tanta_tyranne_tulisti	Surgical	right cerebrum	sapiens_qui_prospicit	imperium_in_imperio	Not Reported
pdx	GC-STUDY-341048	GC-PDX-690875	nanos_gigantum_humeris_insidentes	Intravenous	tail vein	Macte_animo_Generose_puer_sic_itur_ad_astra	scientiae_et_patriae	Not Reported
pdx	GC-STUDY-341048	GC-PDX-788778	scientiae_et_patriae	Injection	right cerebrum	scientia_imperii_decus_et_tutamen	barba_crescit_caput_nescit	Yes
pdx	GC-STUDY-341048	GC-PDX-355703	pace_tua	Not Reported	brain stem	saltus_in_demonstrando	cacatum_non_est_pictum	Not Reported
pdx	GC-STUDY-341048	GC-PDX-916712	pace_tua	Unknown	tail vein	cacatum_non_est_pictum	nanos_gigantum_humeris_insidentes	Yes
pdx	GC-STUDY-341048	GC-PDX-887185	saltus_in_demonstrando	Intravenous	intraperitoneal cavity	sapiens_qui_prospicit	e_causa_ignota	Yes
pdx	GC-STUDY-341048	GC-PDX-494636	labor_ipse_voluptas	Injection	muscle	faber_est_suae_quisque_fortunae	damnant_quod_non_intellegunt	Not Reported
pdx	GC-STUDY-341048	GC-PDX-540768	Gallia_est_omnis_divisa_in_partes_tres	Trocar	tail vein	pace_tua	Gallia_est_omnis_divisa_in_partes_tres	Unknown
pdx	GC-STUDY-341048	GC-PDX-409544	saltus_in_demonstrando	Orthotopic	right cerebrum	barba_crescit_caput_nescit	scientia,_aere_perennius	Not Reported
pdx	GC-STUDY-341048	GC-PDX-833721	sapiens_qui_prospicit	Injection	left cerebrum	saltus_in_demonstrando	barba_crescit_caput_nescit	Yes
pdx	GC-STUDY-341048	GC-PDX-485909	O_Tite_tute_Tati_tibi_tanta_tyranne_tulisti	Unknown	mammary fat pad	pace_tua	saltus_in_demonstrando	Yes
pdx	GC-STUDY-341048	GC-PDX-782697	scientia,_aere_perennius	Trocar	muscle	scientiae_cedit_mare	salus_in_arduis	Yes
pdx	GC-STUDY-341048	GC-PDX-815537	scientiae_cedit_mare	Not Reported	renal capsule	saltus_in_demonstrando	Macte_animo_Generose_puer_sic_itur_ad_astra	Not Reported
pdx	GC-STUDY-341048	GC-PDX-735521	Gallia_est_omnis_divisa_in_partes_tres	Surgical	subcutaneous	faber_est_suae_quisque_fortunae	id_quod_plerumque_accidit	Not Reported
pdx	GC-STUDY-341048	GC-PDX-376405	scientia_et_sapientia	Trocar	brain stem	scientia_et_labor	scientiae_et_patriae	No
pdx	GC-STUDY-341048	GC-PDX-228236	e_causa_ignota	Unknown	right cerebrum	Obedientia_civium_urbis_felicitas	scientia,_aere_perennius	Not Reported
pdx	GC-STUDY-341048	GC-PDX-327458	salus_in_arduis	Not Reported	intraperitoneal cavity	nascentes_morimur_finisque_ab_origine_pendet	a_bene_placito	Not Reported
pdx	GC-STUDY-341048	GC-PDX-173709	id_quod_plerumque_accidit	Surgical	intraperitoneal cavity	Obedientia_civium_urbis_felicitas	id_quod_plerumque_accidit	Not Reported
pdx	GC-STUDY-341048	GC-PDX-263331	a_bene_placito	Intravenous	tail vein	haec_olim_meminisse_iuvabit	Macte_animo_Generose_puer_sic_itur_ad_astra	No
pdx	GC-STUDY-341048	GC-PDX-187195	scientia,_aere_perennius	Injection	intraperitoneal cavity	labor_ipse_voluptas	a_bene_placito	Yes
pdx	GC-STUDY-341048	GC-PDX-923065	faber_est_suae_quisque_fortunae	Injection	subrenal capsule	Obedientia_civium_urbis_felicitas	O_Tite_tute_Tati_tibi_tanta_tyranne_tulisti	Unknown
pdx	GC-STUDY-341048	GC-PDX-502434	damnant_quod_non_intellegunt	Trocar	mammary fat pad	e_causa_ignota	scientia,_aere_perennius	Unknown
pdx	GC-STUDY-341048	GC-PDX-443802	Macte_animo_Generose_puer_sic_itur_ad_astra	Intravenous	mammary fat pad	scientia_et_labor	scientia_et_sapientia	Yes
pdx	GC-STUDY-341048	GC-PDX-687890	Macte_animo_Generose_puer_sic_itur_ad_astra	Intravenous	renal capsule	scientia_et_sapientia	damnant_quod_non_intellegunt	Yes
pdx	GC-STUDY-341048	GC-PDX-585849	barba_crescit_caput_nescit	Surgical	right cerebrum	cacatum_non_est_pictum	cacatum_non_est_pictum	Unknown
pdx	GC-STUDY-341048	GC-PDX-274941	Macte_animo_Generose_puer_sic_itur_ad_astra	Trocar	right cerebrum	barba_crescit_caput_nescit	haec_olim_meminisse_iuvabit	Unknown
pdx	GC-STUDY-341048	GC-PDX-243377	O_Tite_tute_Tati_tibi_tanta_tyranne_tulisti	Intravenous	muscle	nascentes_morimur_finisque_ab_origine_pendet	scientia,_aere_perennius	Not Reported
pdx	GC-STUDY-341048	GC-PDX-352721	scientia_imperii_decus_et_tutamen	Orthotopic	right cerebrum	saltus_in_demonstrando	faber_est_suae_quisque_fortunae	No
pdx	GC-STUDY-341048	GC-PDX-256801	Obedientia_civium_urbis_felicitas	Intravenous	muscle	haec_olim_meminisse_iuvabit	scientia_et_sapientia	Not Reported
pdx	GC-STUDY-341048	GC-PDX-431473	e_causa_ignota	Intravenous	renal capsule	Macte_animo_Generose_puer_sic_itur_ad_astra	scientia,_aere_perennius	Unknown
pdx	GC-STUDY-341048	GC-PDX-515485	a_bene_placito	Not Reported	renal capsule	barba_crescit_caput_nescit	scientia_imperii_decus_et_tutamen	Not Reported
pdx	GC-STUDY-341048	GC-PDX-129406	scientiae_cedit_mare	Unknown	subcutaneous	pace_tua	cacatum_non_est_pictum	Yes
pdx	GC-STUDY-341048	GC-PDX-229126	Macte_animo_Generose_puer_sic_itur_ad_astra	Trocar	subcutaneous	Obedientia_civium_urbis_felicitas	cacatum_non_est_pictum	Yes
pdx	GC-STUDY-341048	GC-PDX-571893	O_Tite_tute_Tati_tibi_tanta_tyranne_tulisti	Intravenous	intraperitoneal cavity	sapiens_qui_prospicit	faber_est_suae_quisque_fortunae	Unknown
pdx	GC-STUDY-341048	GC-PDX-532405	barba_crescit_caput_nescit	Surgical	intraperitoneal cavity	id_quod_plerumque_accidit	saltus_in_demonstrando	Yes
pdx	GC-STUDY-341048	GC-PDX-689274	barba_crescit_caput_nescit	Trocar	mammary fat pad	imperium_in_imperio	a_bene_placito	No
pdx	GC-STUDY-341048	GC-PDX-100256	sapiens_qui_prospicit	Trocar	mammary fat pad	id_quod_plerumque_accidit	sapiens_qui_prospicit	Yes
pdx	GC-STUDY-341048	GC-PDX-263096	Macte_animo_Generose_puer_sic_itur_ad_astra	Trocar	tail vein	id_quod_plerumque_accidit	saltus_in_demonstrando	Yes
pdx	GC-STUDY-341048	GC-PDX-992793	scientia_imperii_decus_et_tutamen	Surgical	renal capsule	scientia_et_sapientia	e_causa_ignota	Yes
pdx	GC-STUDY-341048	GC-PDX-818967	scientia,_aere_perennius	Orthotopic	mammary fat pad	salus_in_arduis	pace_tua	Unknown
pdx	GC-STUDY-341048	GC-PDX-305950	haec_olim_meminisse_iuvabit	Not Reported	subcutaneous	faber_est_suae_quisque_fortunae	scientia_imperii_decus_et_tutamen	No
pdx	GC-STUDY-341048	GC-PDX-855811	saltus_in_demonstrando	Not Reported	muscle	haec_olim_meminisse_iuvabit	labor_ipse_voluptas	No
pdx	GC-STUDY-341048	GC-PDX-223215	Macte_animo_Generose_puer_sic_itur_ad_astra	Intravenous	subcutaneous	faber_est_suae_quisque_fortunae	scientia_et_sapientia	Not Reported
pdx	GC-STUDY-694385	GC-PDX-696529	saltus_in_demonstrando	Trocar	muscle	barba_crescit_caput_nescit	Macte_animo_Generose_puer_sic_itur_ad_astra	Yes
pdx	GC-STUDY-694385	GC-PDX-519303	salus_in_arduis	Surgical	subrenal capsule	damnant_quod_non_intellegunt	damnant_quod_non_intellegunt	No
pdx	GC-STUDY-694385	GC-PDX-552978	id_quod_plerumque_accidit	Intravenous	tail vein	Obedientia_civium_urbis_felicitas	saltus_in_demonstrando	Not Reported
pdx	GC-STUDY-694385	GC-PDX-548098	scientiae_et_patriae	Not Reported	muscle	saltus_in_demonstrando	Macte_animo_Generose_puer_sic_itur_ad_astra	Yes
pdx	GC-STUDY-694385	GC-PDX-185201	Gallia_est_omnis_divisa_in_partes_tres	Not Reported	subrenal capsule	imperium_in_imperio	O_Tite_tute_Tati_tibi_tanta_tyranne_tulisti	Not Reported
pdx	GC-STUDY-694385	GC-PDX-586648	scientia_et_labor	Orthotopic	right cerebrum	sapiens_qui_prospicit	scientia_et_sapientia	Yes
pdx	GC-STUDY-694385	GC-PDX-925138	scientia,_aere_perennius	Unknown	intraperitoneal cavity	saltus_in_demonstrando	faber_est_suae_quisque_fortunae	Not Reported
pdx	GC-STUDY-694385	GC-PDX-603035	scientia_et_labor	Orthotopic	intraperitoneal cavity	e_causa_ignota	e_causa_ignota	Yes
pdx	GC-STUDY-694385	GC-PDX-853990	sapiens_qui_prospicit	Trocar	tail vein	scientia_imperii_decus_et_tutamen	scientia_et_sapientia	Unknown
pdx	GC-STUDY-694385	GC-PDX-985685	saltus_in_demonstrando	Not Reported	intraperitoneal cavity	barba_crescit_caput_nescit	e_causa_ignota	Yes
pdx	GC-STUDY-694385	GC-PDX-661602	scientia,_aere_perennius	Unknown	muscle	scientia_et_sapientia	scientia,_aere_perennius	Not Reported
pdx	GC-STUDY-694385	GC-PDX-424081	Gallia_est_omnis_divisa_in_partes_tres	Unknown	brain stem	labor_ipse_voluptas	scientia_et_sapientia	No
pdx	GC-STUDY-694385	GC-PDX-399346	Gallia_est_omnis_divisa_in_partes_tres	Orthotopic	subrenal capsule	sapiens_qui_prospicit	scientiae_et_patriae	No
pdx	GC-STUDY-694385	GC-PDX-732150	haec_olim_meminisse_iuvabit	Orthotopic	right cerebrum	scientia,_aere_perennius	imperium_in_imperio	Not Reported
pdx	GC-STUDY-694385	GC-PDX-844893	faber_est_suae_quisque_fortunae	Surgical	subcutaneous	faber_est_suae_quisque_fortunae	barba_crescit_caput_nescit	Not Reported
pdx	GC-STUDY-694385	GC-PDX-887710	nanos_gigantum_humeris_insidentes	Injection	right cerebrum	salus_in_arduis	scientia,_aere_perennius	Yes
pdx	GC-STUDY-694385	GC-PDX-652662	faber_est_suae_quisque_fortunae	Trocar	mammary fat pad	e_causa_ignota	cacatum_non_est_pictum	No
pdx	GC-STUDY-694385	GC-PDX-880994	labor_ipse_voluptas	Intravenous	muscle	imperium_in_imperio	faber_est_suae_quisque_fortunae	Not Reported
pdx	GC-STUDY-694385	GC-PDX-288504	scientia,_aere_perennius	Orthotopic	muscle	nascentes_morimur_finisque_ab_origine_pendet	scientiae_et_patriae	No
pdx	GC-STUDY-694385	GC-PDX-403300	pace_tua	Trocar	renal capsule	pace_tua	scientiae_cedit_mare	Yes
pdx	GC-STUDY-694385	GC-PDX-349457	scientia_et_sapientia	Trocar	subrenal capsule	Obedientia_civium_urbis_felicitas	barba_crescit_caput_nescit	Yes
pdx	GC-STUDY-694385	GC-PDX-754343	saltus_in_demonstrando	Not Reported	tail vein	haec_olim_meminisse_iuvabit	pace_tua	Yes
pdx	GC-STUDY-694385	GC-PDX-652263	pace_tua	Unknown	muscle	cacatum_non_est_pictum	Gallia_est_omnis_divisa_in_partes_tres	Yes
pdx	GC-STUDY-694385	GC-PDX-707111	scientia,_aere_perennius	Trocar	right cerebrum	sapiens_qui_prospicit	scientia,_aere_perennius	Unknown
pdx	GC-STUDY-694385	GC-PDX-350513	nascentes_morimur_finisque_ab_origine_pendet	Unknown	tail vein	imperium_in_imperio	imperium_in_imperio	Not Reported
pdx	GC-STUDY-694385	GC-PDX-783352	barba_crescit_caput_nescit	Injection	subrenal capsule	scientia_imperii_decus_et_tutamen	haec_olim_meminisse_iuvabit	Unknown
pdx	GC-STUDY-694385	GC-PDX-975695	barba_crescit_caput_nescit	Unknown	subcutaneous	cacatum_non_est_pictum	e_causa_ignota	No
pdx	GC-STUDY-694385	GC-PDX-159569	scientiae_et_patriae	Intravenous	muscle	scientiae_cedit_mare	salus_in_arduis	Yes
pdx	GC-STUDY-694385	GC-PDX-183079	pace_tua	Injection	renal capsule	scientia_et_sapientia	Obedientia_civium_urbis_felicitas	Unknown
pdx	GC-STUDY-694385	GC-PDX-372513	cacatum_non_est_pictum	Injection	right cerebrum	nascentes_morimur_finisque_ab_origine_pendet	salus_in_arduis	Yes
pdx	GC-STUDY-694385	GC-PDX-435313	id_quod_plerumque_accidit	Surgical	tail vein	O_Tite_tute_Tati_tibi_tanta_tyranne_tulisti	imperium_in_imperio	Not Reported
pdx	GC-STUDY-694385	GC-PDX-987379	damnant_quod_non_intellegunt	Unknown	right cerebrum	scientia_et_sapientia	scientia_imperii_decus_et_tutamen	Not Reported
pdx	GC-STUDY-694385	GC-PDX-290947	O_Tite_tute_Tati_tibi_tanta_tyranne_tulisti	Orthotopic	right cerebrum	scientia_imperii_decus_et_tutamen	nanos_gigantum_humeris_insidentes	Unknown
pdx	GC-STUDY-694385	GC-PDX-657111	saltus_in_demonstrando	Surgical	renal capsule	O_Tite_tute_Tati_tibi_tanta_tyranne_tulisti	e_causa_ignota	No
pdx	GC-STUDY-694385	GC-PDX-350909	haec_olim_meminisse_iuvabit	Not Reported	intraperitoneal cavity	e_causa_ignota	saltus_in_demonstrando	Unknown
pdx	GC-STUDY-694385	GC-PDX-196277	scientia_imperii_decus_et_tutamen	Not Reported	muscle	O_Tite_tute_Tati_tibi_tanta_tyranne_tulisti	scientia_imperii_decus_et_tutamen	Not Reported
pdx	GC-STUDY-694385	GC-PDX-332165	scientia_imperii_decus_et_tutamen	Orthotopic	tail vein	haec_olim_meminisse_iuvabit	Macte_animo_Generose_puer_sic_itur_ad_astra	No
pdx	GC-STUDY-694385	GC-PDX-436857	scientia,_aere_perennius	Injection	tail vein	haec_olim_meminisse_iuvabit	scientiae_et_patriae	Unknown
pdx	GC-STUDY-694385	GC-PDX-189780	id_quod_plerumque_accidit	Unknown	subcutaneous	scientia_imperii_decus_et_tutamen	imperium_in_imperio	Yes
pdx	GC-STUDY-694385	GC-PDX-229092	scientia_et_labor	Surgical	right cerebrum	e_causa_ignota	id_quod_plerumque_accidit	Unknown
pdx	GC-STUDY-694385	GC-PDX-237442	damnant_quod_non_intellegunt	Intravenous	subrenal capsule	scientia_imperii_decus_et_tutamen	barba_crescit_caput_nescit	Not Reported
pdx	GC-STUDY-694385	GC-PDX-824930	pace_tua	Orthotopic	mammary fat pad	scientiae_cedit_mare	nanos_gigantum_humeris_insidentes	Unknown
pdx	GC-STUDY-694385	GC-PDX-761373	Macte_animo_Generose_puer_sic_itur_ad_astra	Intravenous	subrenal capsule	labor_ipse_voluptas	nascentes_morimur_finisque_ab_origine_pendet	No
pdx	GC-STUDY-694385	GC-PDX-851682	id_quod_plerumque_accidit	Intravenous	left cerebrum	cacatum_non_est_pictum	pace_tua	Yes
pdx	GC-STUDY-694385	GC-PDX-434664	O_Tite_tute_Tati_tibi_tanta_tyranne_tulisti	Intravenous	subcutaneous	scientia_et_labor	Obedientia_civium_urbis_felicitas	No
pdx	GC-STUDY-694385	GC-PDX-625215	faber_est_suae_quisque_fortunae	Trocar	mammary fat pad	nanos_gigantum_humeris_insidentes	saltus_in_demonstrando	Not Reported
pdx	GC-STUDY-694385	GC-PDX-190724	salus_in_arduis	Not Reported	tail vein	haec_olim_meminisse_iuvabit	a_bene_placito	Not Reported
pdx	GC-STUDY-694385	GC-PDX-233215	scientia,_aere_perennius	Unknown	subcutaneous	e_causa_ignota	labor_ipse_voluptas	No
pdx	GC-STUDY-694385	GC-PDX-276002	saltus_in_demonstrando	Injection	brain stem	faber_est_suae_quisque_fortunae	scientia_imperii_decus_et_tutamen	Unknown
pdx	GC-STUDY-694385	GC-PDX-438382	O_Tite_tute_Tati_tibi_tanta_tyranne_tulisti	Orthotopic	tail vein	scientia_imperii_decus_et_tutamen	cacatum_non_est_pictum	Yes
pdx	GC-STUDY-694385	GC-PDX-487470	pace_tua	Intravenous	subrenal capsule	scientia_et_sapientia	scientia,_aere_perennius	Not Reported
pdx	GC-STUDY-694385	GC-PDX-431456	sapiens_qui_prospicit	Injection	mammary fat pad	faber_est_suae_quisque_fortunae	nascentes_morimur_finisque_ab_origine_pendet	Not Reported
pdx	GC-STUDY-694385	GC-PDX-353233	cacatum_non_est_pictum	Trocar	subrenal capsule	Obedientia_civium_urbis_felicitas	scientia_imperii_decus_et_tutamen	Yes
pdx	GC-STUDY-694385	GC-PDX-206716	Obedientia_civium_urbis_felicitas	Intravenous	intraperitoneal cavity	Macte_animo_Generose_puer_sic_itur_ad_astra	scientia_imperii_decus_et_tutamen	Not Reported
pdx	GC-STUDY-694385	GC-PDX-628002	scientiae_cedit_mare	Trocar	mammary fat pad	e_causa_ignota	scientiae_cedit_mare	Unknown
pdx	GC-STUDY-694385	GC-PDX-466032	labor_ipse_voluptas	Injection	subrenal capsule	id_quod_plerumque_accidit	sapiens_qui_prospicit	No
pdx	GC-STUDY-694385	GC-PDX-573598	nascentes_morimur_finisque_ab_origine_pendet	Not Reported	intraperitoneal cavity	scientia_et_labor	cacatum_non_est_pictum	No
pdx	GC-STUDY-694385	GC-PDX-319916	haec_olim_meminisse_iuvabit	Trocar	subcutaneous	labor_ipse_voluptas	scientiae_et_patriae	Not Reported
pdx	GC-STUDY-694385	GC-PDX-625583	Macte_animo_Generose_puer_sic_itur_ad_astra	Injection	muscle	scientiae_et_patriae	scientiae_cedit_mare	No
pdx	GC-STUDY-694385	GC-PDX-561133	salus_in_arduis	Unknown	subrenal capsule	salus_in_arduis	Macte_animo_Generose_puer_sic_itur_ad_astra	Not Reported
pdx	GC-STUDY-694385	GC-PDX-573459	e_causa_ignota	Not Reported	subcutaneous	salus_in_arduis	nascentes_morimur_finisque_ab_origine_pendet	No
pdx	GC-STUDY-694385	GC-PDX-720889	scientia_et_labor	Orthotopic	right cerebrum	scientia_et_sapientia	haec_olim_meminisse_iuvabit	Yes
pdx	GC-STUDY-694385	GC-PDX-583447	damnant_quod_non_intellegunt	Intravenous	right cerebrum	sapiens_qui_prospicit	haec_olim_meminisse_iuvabit	No
pdx	GC-STUDY-694385	GC-PDX-781036	haec_olim_meminisse_iuvabit	Unknown	renal capsule	saltus_in_demonstrando	Gallia_est_omnis_divisa_in_partes_tres	Yes
pdx	GC-STUDY-694385	GC-PDX-373778	id_quod_plerumque_accidit	Orthotopic	subrenal capsule	sapiens_qui_prospicit	scientiae_et_patriae	Yes
pdx	GC-STUDY-694385	GC-PDX-769637	imperium_in_imperio	Orthotopic	subrenal capsule	scientia_et_labor	scientia,_aere_perennius	Not Reported
pdx	GC-STUDY-552395	GC-PDX-505474	labor_ipse_voluptas	Orthotopic	left cerebrum	e_causa_ignota	nanos_gigantum_humeris_insidentes	No
pdx	GC-STUDY-552395	GC-PDX-647271	scientiae_et_patriae	Not Reported	left cerebrum	nascentes_morimur_finisque_ab_origine_pendet	cacatum_non_est_pictum	No
pdx	GC-STUDY-552395	GC-PDX-641671	a_bene_placito	Injection	tail vein	e_causa_ignota	scientia_et_sapientia	Yes
pdx	GC-STUDY-552395	GC-PDX-553768	saltus_in_demonstrando	Not Reported	renal capsule	scientiae_cedit_mare	O_Tite_tute_Tati_tibi_tanta_tyranne_tulisti	Yes
pdx	GC-STUDY-552395	GC-PDX-109879	nanos_gigantum_humeris_insidentes	Surgical	right cerebrum	pace_tua	scientia,_aere_perennius	Yes
pdx	GC-STUDY-552395	GC-PDX-531597	id_quod_plerumque_accidit	Injection	tail vein	e_causa_ignota	scientia_et_sapientia	Yes
pdx	GC-STUDY-552395	GC-PDX-621299	barba_crescit_caput_nescit	Surgical	tail vein	saltus_in_demonstrando	scientia_et_labor	Unknown
pdx	GC-STUDY-552395	GC-PDX-324551	id_quod_plerumque_accidit	Not Reported	left cerebrum	cacatum_non_est_pictum	Obedientia_civium_urbis_felicitas	Unknown
pdx	GC-STUDY-552395	GC-PDX-718222	scientia_et_labor	Orthotopic	mammary fat pad	scientiae_et_patriae	pace_tua	No
pdx	GC-STUDY-552395	GC-PDX-885625	labor_ipse_voluptas	Not Reported	intraperitoneal cavity	pace_tua	Obedientia_civium_urbis_felicitas	No
pdx	GC-STUDY-552395	GC-PDX-238024	Macte_animo_Generose_puer_sic_itur_ad_astra	Surgical	mammary fat pad	Gallia_est_omnis_divisa_in_partes_tres	imperium_in_imperio	Unknown
pdx	GC-STUDY-552395	GC-PDX-426303	salus_in_arduis	Not Reported	subrenal capsule	faber_est_suae_quisque_fortunae	imperium_in_imperio	No
pdx	GC-STUDY-552395	GC-PDX-766397	barba_crescit_caput_nescit	Not Reported	subrenal capsule	id_quod_plerumque_accidit	Obedientia_civium_urbis_felicitas	Not Reported
pdx	GC-STUDY-552395	GC-PDX-686451	labor_ipse_voluptas	Trocar	brain stem	scientiae_et_patriae	scientiae_cedit_mare	Unknown
pdx	GC-STUDY-552395	GC-PDX-888819	pace_tua	Injection	brain stem	O_Tite_tute_Tati_tibi_tanta_tyranne_tulisti	Obedientia_civium_urbis_felicitas	Not Reported
pdx	GC-STUDY-552395	GC-PDX-608915	saltus_in_demonstrando	Intravenous	right cerebrum	Macte_animo_Generose_puer_sic_itur_ad_astra	nanos_gigantum_humeris_insidentes	Not Reported
pdx	GC-STUDY-552395	GC-PDX-832244	scientiae_cedit_mare	Not Reported	muscle	scientia,_aere_perennius	faber_est_suae_quisque_fortunae	Unknown
pdx	GC-STUDY-552395	GC-PDX-622921	Gallia_est_omnis_divisa_in_partes_tres	Trocar	renal capsule	scientiae_et_patriae	salus_in_arduis	Yes
pdx	GC-STUDY-552395	GC-PDX-266902	haec_olim_meminisse_iuvabit	Intravenous	brain stem	saltus_in_demonstrando	salus_in_arduis	Yes
pdx	GC-STUDY-552395	GC-PDX-402657	nanos_gigantum_humeris_insidentes	Intravenous	right cerebrum	scientia_et_sapientia	scientia_et_labor	Yes
pdx	GC-STUDY-552395	GC-PDX-336980	scientia_et_sapientia	Intravenous	right cerebrum	scientiae_cedit_mare	Macte_animo_Generose_puer_sic_itur_ad_astra	Unknown
pdx	GC-STUDY-552395	GC-PDX-709566	imperium_in_imperio	Unknown	renal capsule	scientiae_cedit_mare	damnant_quod_non_intellegunt	Not Reported
pdx	GC-STUDY-552395	GC-PDX-673591	scientia,_aere_perennius	Not Reported	brain stem	scientiae_et_patriae	Gallia_est_omnis_divisa_in_partes_tres	Unknown
pdx	GC-STUDY-552395	GC-PDX-205559	nanos_gigantum_humeris_insidentes	Intravenous	intraperitoneal cavity	salus_in_arduis	Macte_animo_Generose_puer_sic_itur_ad_astra	No
pdx	GC-STUDY-552395	GC-PDX-726142	a_bene_placito	Injection	right cerebrum	pace_tua	cacatum_non_est_pictum	Unknown
pdx	GC-STUDY-552395	GC-PDX-109499	haec_olim_meminisse_iuvabit	Not Reported	tail vein	scientiae_cedit_mare	damnant_quod_non_intellegunt	Not Reported
pdx	GC-STUDY-552395	GC-PDX-219971	O_Tite_tute_Tati_tibi_tanta_tyranne_tulisti	Intravenous	right cerebrum	scientia_et_sapientia	scientia_et_labor	Unknown
pdx	GC-STUDY-552395	GC-PDX-188325	id_quod_plerumque_accidit	Not Reported	subrenal capsule	scientia_imperii_decus_et_tutamen	O_Tite_tute_Tati_tibi_tanta_tyranne_tulisti	Not Reported
pdx	GC-STUDY-552395	GC-PDX-355500	faber_est_suae_quisque_fortunae	Orthotopic	renal capsule	labor_ipse_voluptas	scientia_et_sapientia	Yes
pdx	GC-STUDY-552395	GC-PDX-361820	e_causa_ignota	Surgical	subrenal capsule	imperium_in_imperio	e_causa_ignota	Yes
pdx	GC-STUDY-552395	GC-PDX-701845	sapiens_qui_prospicit	Intravenous	right cerebrum	nanos_gigantum_humeris_insidentes	barba_crescit_caput_nescit	Unknown
pdx	GC-STUDY-552395	GC-PDX-862704	O_Tite_tute_Tati_tibi_tanta_tyranne_tulisti	Not Reported	tail vein	scientiae_et_patriae	a_bene_placito	Unknown
pdx	GC-STUDY-552395	GC-PDX-229481	scientia,_aere_perennius	Intravenous	left cerebrum	labor_ipse_voluptas	e_causa_ignota	Yes
pdx	GC-STUDY-552395	GC-PDX-308555	a_bene_placito	Unknown	renal capsule	scientia_et_sapientia	e_causa_ignota	Unknown
pdx	GC-STUDY-552395	GC-PDX-211966	damnant_quod_non_intellegunt	Unknown	brain stem	scientia,_aere_perennius	nanos_gigantum_humeris_insidentes	Unknown
pdx	GC-STUDY-552395	GC-PDX-470014	e_causa_ignota	Surgical	mammary fat pad	nanos_gigantum_humeris_insidentes	scientia,_aere_perennius	Unknown
pdx	GC-STUDY-552395	GC-PDX-280158	O_Tite_tute_Tati_tibi_tanta_tyranne_tulisti	Injection	subcutaneous	scientiae_et_patriae	faber_est_suae_quisque_fortunae	Not Reported
pdx	GC-STUDY-552395	GC-PDX-788011	id_quod_plerumque_accidit	Injection	subrenal capsule	pace_tua	damnant_quod_non_intellegunt	Not Reported
pdx	GC-STUDY-552395	GC-PDX-497147	scientia,_aere_perennius	Surgical	mammary fat pad	Obedientia_civium_urbis_felicitas	O_Tite_tute_Tati_tibi_tanta_tyranne_tulisti	Not Reported
pdx	GC-STUDY-552395	GC-PDX-303802	scientia_et_sapientia	Unknown	subrenal capsule	scientia,_aere_perennius	salus_in_arduis	Unknown
pdx	GC-STUDY-552395	GC-PDX-415670	scientia_imperii_decus_et_tutamen	Intravenous	mammary fat pad	faber_est_suae_quisque_fortunae	e_causa_ignota	No
pdx	GC-STUDY-552395	GC-PDX-964821	labor_ipse_voluptas	Injection	left cerebrum	salus_in_arduis	scientiae_et_patriae	Unknown
pdx	GC-STUDY-552395	GC-PDX-723444	e_causa_ignota	Orthotopic	tail vein	cacatum_non_est_pictum	id_quod_plerumque_accidit	Yes
pdx	GC-STUDY-552395	GC-PDX-370319	nascentes_morimur_finisque_ab_origine_pendet	Trocar	subrenal capsule	nascentes_morimur_finisque_ab_origine_pendet	imperium_in_imperio	No
pdx	GC-STUDY-552395	GC-PDX-905096	haec_olim_meminisse_iuvabit	Surgical	renal capsule	O_Tite_tute_Tati_tibi_tanta_tyranne_tulisti	labor_ipse_voluptas	Yes
pdx	GC-STUDY-552395	GC-PDX-443536	barba_crescit_caput_nescit	Injection	brain stem	saltus_in_demonstrando	pace_tua	Not Reported
pdx	GC-STUDY-552395	GC-PDX-237804	faber_est_suae_quisque_fortunae	Trocar	left cerebrum	faber_est_suae_quisque_fortunae	imperium_in_imperio	Not Reported
pdx	GC-STUDY-552395	GC-PDX-467236	pace_tua	Trocar	subrenal capsule	scientia_et_labor	haec_olim_meminisse_iuvabit	No
pdx	GC-STUDY-552395	GC-PDX-960967	scientia_et_labor	Intravenous	right cerebrum	scientia_et_sapientia	faber_est_suae_quisque_fortunae	Unknown
pdx	GC-STUDY-552395	GC-PDX-328721	salus_in_arduis	Orthotopic	muscle	Obedientia_civium_urbis_felicitas	id_quod_plerumque_accidit	Unknown
pdx	GC-STUDY-552395	GC-PDX-480705	damnant_quod_non_intellegunt	Not Reported	renal capsule	cacatum_non_est_pictum	nanos_gigantum_humeris_insidentes	Unknown
pdx	GC-STUDY-552395	GC-PDX-569904	nascentes_morimur_finisque_ab_origine_pendet	Unknown	brain stem	scientiae_et_patriae	nascentes_morimur_finisque_ab_origine_pendet	Unknown
pdx	GC-STUDY-552395	GC-PDX-220949	id_quod_plerumque_accidit	Surgical	renal capsule	imperium_in_imperio	labor_ipse_voluptas	Unknown
pdx	GC-STUDY-552395	GC-PDX-114754	Gallia_est_omnis_divisa_in_partes_tres	Trocar	renal capsule	scientia_imperii_decus_et_tutamen	imperium_in_imperio	Yes
pdx	GC-STUDY-552395	GC-PDX-216129	scientia_et_labor	Orthotopic	right cerebrum	Gallia_est_omnis_divisa_in_partes_tres	imperium_in_imperio	No
pdx	GC-STUDY-552395	GC-PDX-771832	saltus_in_demonstrando	Unknown	renal capsule	pace_tua	scientia_et_sapientia	Yes
pdx	GC-STUDY-552395	GC-PDX-471672	scientiae_et_patriae	Injection	left cerebrum	scientiae_et_patriae	sapiens_qui_prospicit	No
pdx	GC-STUDY-552395	GC-PDX-688149	scientia_et_sapientia	Intravenous	intraperitoneal cavity	O_Tite_tute_Tati_tibi_tanta_tyranne_tulisti	nascentes_morimur_finisque_ab_origine_pendet	Yes
pdx	GC-STUDY-552395	GC-PDX-695813	O_Tite_tute_Tati_tibi_tanta_tyranne_tulisti	Orthotopic	subcutaneous	salus_in_arduis	e_causa_ignota	Unknown
pdx	GC-STUDY-552395	GC-PDX-222366	scientia_et_sapientia	Unknown	tail vein	scientia,_aere_perennius	nanos_gigantum_humeris_insidentes	Not Reported
pdx	GC-STUDY-552395	GC-PDX-392121	id_quod_plerumque_accidit	Intravenous	intraperitoneal cavity	a_bene_placito	scientiae_et_patriae	Not Reported
pdx	GC-STUDY-552395	GC-PDX-418436	pace_tua	Surgical	brain stem	faber_est_suae_quisque_fortunae	imperium_in_imperio	Yes
pdx	GC-STUDY-552395	GC-PDX-649121	Obedientia_civium_urbis_felicitas	Intravenous	mammary fat pad	cacatum_non_est_pictum	salus_in_arduis	Not Reported
pdx	GC-STUDY-552395	GC-PDX-610839	nanos_gigantum_humeris_insidentes	Orthotopic	muscle	damnant_quod_non_intellegunt	damnant_quod_non_intellegunt	Not Reported
pdx	GC-STUDY-552395	GC-PDX-918928	labor_ipse_voluptas	Surgical	muscle	nanos_gigantum_humeris_insidentes	Obedientia_civium_urbis_felicitas	Unknown
pdx	GC-STUDY-552395	GC-PDX-921696	Gallia_est_omnis_divisa_in_partes_tres	Not Reported	subrenal capsule	Obedientia_civium_urbis_felicitas	scientiae_cedit_mare	Unknown
pdx	GC-STUDY-552395	GC-PDX-488348	a_bene_placito	Orthotopic	muscle	nascentes_morimur_finisque_ab_origine_pendet	scientia_imperii_decus_et_tutamen	Not Reported
pdx	GC-STUDY-552395	GC-PDX-165495	labor_ipse_voluptas	Not Reported	brain stem	salus_in_arduis	nascentes_morimur_finisque_ab_origine_pendet	No
