type	study.study_id	pdx_id	model_id	implantation_type	implantation_site	mouse_strain	sample_type_for_implantation	tumor_not_mus_or_ebv_origin
pdx	GC-STUDY-530531	GC-PDX-931197	nascentes_morimur_finisque_ab_origine_pendet	Trocar	mammary fat pad	haec_olim_meminisse_iuvabit	damnant_quod_non_intellegunt	No
pdx	GC-STUDY-530531	GC-PDX-757006	a_bene_placito	Injection	tail vein	scientia_et_labor	faber_est_suae_quisque_fortunae	Unknown
pdx	GC-STUDY-530531	GC-PDX-874650	scientiae_cedit_mare	Not Reported	subcutaneous	imperium_in_imperio	imperium_in_imperio	Yes
pdx	GC-STUDY-530531	GC-PDX-687632	pace_tua	Unknown	subrenal capsule	saltus_in_demonstrando	Obedientia_civium_urbis_felicitas	Not Reported
pdx	GC-STUDY-530531	GC-PDX-348929	barba_crescit_caput_nescit	Injection	mammary fat pad	cacatum_non_est_pictum	scientia_et_labor	No
pdx	GC-STUDY-530531	GC-PDX-702331	salus_in_arduis	Unknown	right cerebrum	id_quod_plerumque_accidit	pace_tua	No
pdx	GC-STUDY-530531	GC-PDX-685039	O_Tite_tute_Tati_tibi_tanta_tyranne_tulisti	Orthotopic	right cerebrum	sapiens_qui_prospicit	sapiens_qui_prospicit	Not Reported
pdx	GC-STUDY-530531	GC-PDX-482323	barba_crescit_caput_nescit	Not Reported	subcutaneous	imperium_in_imperio	nascentes_morimur_finisque_ab_origine_pendet	Not Reported
pdx	GC-STUDY-530531	GC-PDX-931030	saltus_in_demonstrando	Orthotopic	intraperitoneal cavity	faber_est_suae_quisque_fortunae	Macte_animo_Generose_puer_sic_itur_ad_astra	Unknown
pdx	GC-STUDY-530531	GC-PDX-879576	damnant_quod_non_intellegunt	Injection	tail vein	saltus_in_demonstrando	Gallia_est_omnis_divisa_in_partes_tres	Yes
pdx	GC-STUDY-530531	GC-PDX-364967	damnant_quod_non_intellegunt	Trocar	brain stem	Gallia_est_omnis_divisa_in_partes_tres	faber_est_suae_quisque_fortunae	Unknown
pdx	GC-STUDY-530531	GC-PDX-984749	scientia_et_sapientia	Orthotopic	left cerebrum	scientia,_aere_perennius	scientia_et_labor	Unknown
pdx	GC-STUDY-530531	GC-PDX-750595	nanos_gigantum_humeris_insidentes	Surgical	subrenal capsule	O_Tite_tute_Tati_tibi_tanta_tyranne_tulisti	a_bene_placito	Yes
pdx	GC-STUDY-530531	GC-PDX-950454	scientia_imperii_decus_et_tutamen	Not Reported	renal capsule	scientia_imperii_decus_et_tutamen	damnant_quod_non_intellegunt	Yes
pdx	GC-STUDY-530531	GC-PDX-658399	nanos_gigantum_humeris_insidentes	Orthotopic	right cerebrum	scientia_imperii_decus_et_tutamen	saltus_in_demonstrando	No
pdx	GC-STUDY-530531	GC-PDX-265301	Macte_animo_Generose_puer_sic_itur_ad_astra	Intravenous	renal capsule	scientiae_et_patriae	e_causa_ignota	Unknown
pdx	GC-STUDY-530531	GC-PDX-476515	a_bene_placito	Orthotopic	renal capsule	e_causa_ignota	id_quod_plerumque_accidit	No
pdx	GC-STUDY-530531	GC-PDX-968503	scientia,_aere_perennius	Not Reported	renal capsule	imperium_in_imperio	scientia,_aere_perennius	No
pdx	GC-STUDY-530531	GC-PDX-377724	scientia_et_sapientia	Intravenous	renal capsule	saltus_in_demonstrando	scientia_et_labor	No
pdx	GC-STUDY-530531	GC-PDX-729461	O_Tite_tute_Tati_tibi_tanta_tyranne_tulisti	Unknown	intraperitoneal cavity	imperium_in_imperio	damnant_quod_non_intellegunt	Unknown
pdx	GC-STUDY-530531	GC-PDX-153372	saltus_in_demonstrando	Surgical	muscle	e_causa_ignota	pace_tua	Yes
pdx	GC-STUDY-530531	GC-PDX-428991	Obedientia_civium_urbis_felicitas	Trocar	tail vein	scientia,_aere_perennius	sapiens_qui_prospicit	Unknown
pdx	GC-STUDY-530531	GC-PDX-840642	scientia_et_labor	Injection	subrenal capsule	salus_in_arduis	Obedientia_civium_urbis_felicitas	Yes
pdx	GC-STUDY-530531	GC-PDX-524098	haec_olim_meminisse_iuvabit	Trocar	muscle	O_Tite_tute_Tati_tibi_tanta_tyranne_tulisti	scientia,_aere_perennius	No
pdx	GC-STUDY-530531	GC-PDX-310833	imperium_in_imperio	Orthotopic	tail vein	scientia_et_labor	pace_tua	Not Reported
pdx	GC-STUDY-530531	GC-PDX-640475	Macte_animo_Generose_puer_sic_itur_ad_astra	Intravenous	intraperitoneal cavity	sapiens_qui_prospicit	scientia,_aere_perennius	Unknown
pdx	GC-STUDY-530531	GC-PDX-560765	scientia_imperii_decus_et_tutamen	Not Reported	subrenal capsule	haec_olim_meminisse_iuvabit	scientia,_aere_perennius	No
pdx	GC-STUDY-530531	GC-PDX-308789	damnant_quod_non_intellegunt	Orthotopic	left cerebrum	O_Tite_tute_Tati_tibi_tanta_tyranne_tulisti	scientiae_cedit_mare	No
pdx	GC-STUDY-530531	GC-PDX-373313	cacatum_non_est_pictum	Not Reported	brain stem	O_Tite_tute_Tati_tibi_tanta_tyranne_tulisti	nanos_gigantum_humeris_insidentes	No
pdx	GC-STUDY-530531	GC-PDX-919576	saltus_in_demonstrando	Trocar	left cerebrum	id_quod_plerumque_accidit	scientiae_et_patriae	Yes
pdx	GC-STUDY-530531	GC-PDX-725095	cacatum_non_est_pictum	Trocar	mammary fat pad	imperium_in_imperio	scientia_et_labor	No
pdx	GC-STUDY-530531	GC-PDX-325413	scientiae_et_patriae	Intravenous	renal capsule	cacatum_non_est_pictum	scientiae_cedit_mare	Not Reported
pdx	GC-STUDY-530531	GC-PDX-749133	scientia,_aere_perennius	Trocar	brain stem	scientia_imperii_decus_et_tutamen	a_bene_placito	Unknown
pdx	GC-STUDY-530531	GC-PDX-194585	scientiae_et_patriae	Unknown	intraperitoneal cavity	scientiae_et_patriae	O_Tite_tute_Tati_tibi_tanta_tyranne_tulisti	Yes
pdx	GC-STUDY-530531	GC-PDX-158576	cacatum_non_est_pictum	Orthotopic	tail vein	damnant_quod_non_intellegunt	scientia_et_labor	Unknown
pdx	GC-STUDY-530531	GC-PDX-298326	pace_tua	Injection	subrenal capsule	e_causa_ignota	nanos_gigantum_humeris_insidentes	Not Reported
pdx	GC-STUDY-530531	GC-PDX-599599	scientia_et_labor	Orthotopic	subcutaneous	a_bene_placito	saltus_in_demonstrando	Yes
pdx	GC-STUDY-530531	GC-PDX-972932	imperium_in_imperio	Orthotopic	brain stem	Macte_animo_Generose_puer_sic_itur_ad_astra	cacatum_non_est_pictum	No
pdx	GC-STUDY-530531	GC-PDX-867584	O_Tite_tute_Tati_tibi_tanta_tyranne_tulisti	Not Reported	subrenal capsule	Gallia_est_omnis_divisa_in_partes_tres	faber_est_suae_quisque_fortunae	No
pdx	GC-STUDY-530531	GC-PDX-159896	scientiae_cedit_mare	Orthotopic	subcutaneous	imperium_in_imperio	Gallia_est_omnis_divisa_in_partes_tres	Unknown
pdx	GC-STUDY-530531	GC-PDX-281123	id_quod_plerumque_accidit	Unknown	intraperitoneal cavity	Obedientia_civium_urbis_felicitas	barba_crescit_caput_nescit	Yes
pdx	GC-STUDY-530531	GC-PDX-610889	faber_est_suae_quisque_fortunae	Injection	intraperitoneal cavity	scientia,_aere_perennius	barba_crescit_caput_nescit	Not Reported
pdx	GC-STUDY-530531	GC-PDX-174268	barba_crescit_caput_nescit	Unknown	tail vein	scientiae_et_patriae	damnant_quod_non_intellegunt	Not Reported
pdx	GC-STUDY-530531	GC-PDX-685389	nanos_gigantum_humeris_insidentes	Injection	tail vein	O_Tite_tute_Tati_tibi_tanta_tyranne_tulisti	scientiae_cedit_mare	No
pdx	GC-STUDY-530531	GC-PDX-246584	scientiae_et_patriae	Intravenous	right cerebrum	scientia_imperii_decus_et_tutamen	Obedientia_civium_urbis_felicitas	No
pdx	GC-STUDY-530531	GC-PDX-846511	nascentes_morimur_finisque_ab_origine_pendet	Surgical	muscle	Obedientia_civium_urbis_felicitas	a_bene_placito	No
pdx	GC-STUDY-530531	GC-PDX-554649	nascentes_morimur_finisque_ab_origine_pendet	Not Reported	tail vein	scientia_imperii_decus_et_tutamen	scientia_imperii_decus_et_tutamen	Yes
pdx	GC-STUDY-530531	GC-PDX-670063	faber_est_suae_quisque_fortunae	Orthotopic	left cerebrum	scientia,_aere_perennius	scientia_et_sapientia	Yes
pdx	GC-STUDY-530531	GC-PDX-464389	faber_est_suae_quisque_fortunae	Orthotopic	right cerebrum	saltus_in_demonstrando	scientia_et_labor	Yes
pdx	GC-STUDY-530531	GC-PDX-518196	scientia_imperii_decus_et_tutamen	Intravenous	subcutaneous	Macte_animo_Generose_puer_sic_itur_ad_astra	id_quod_plerumque_accidit	No
pdx	GC-STUDY-530531	GC-PDX-957392	imperium_in_imperio	Injection	intraperitoneal cavity	haec_olim_meminisse_iuvabit	Gallia_est_omnis_divisa_in_partes_tres	Not Reported
pdx	GC-STUDY-530531	GC-PDX-366664	id_quod_plerumque_accidit	Intravenous	subcutaneous	saltus_in_demonstrando	Gallia_est_omnis_divisa_in_partes_tres	No
pdx	GC-STUDY-530531	GC-PDX-599823	faber_est_suae_quisque_fortunae	Surgical	left cerebrum	haec_olim_meminisse_iuvabit	scientia_imperii_decus_et_tutamen	Not Reported
pdx	GC-STUDY-530531	GC-PDX-597636	pace_tua	Intravenous	subcutaneous	salus_in_arduis	scientia_imperii_decus_et_tutamen	No
pdx	GC-STUDY-530531	GC-PDX-892624	haec_olim_meminisse_iuvabit	Surgical	muscle	nanos_gigantum_humeris_insidentes	Gallia_est_omnis_divisa_in_partes_tres	Not Reported
pdx	GC-STUDY-530531	GC-PDX-104429	scientia_imperii_decus_et_tutamen	Surgical	left cerebrum	e_causa_ignota	faber_est_suae_quisque_fortunae	No
pdx	GC-STUDY-530531	GC-PDX-789944	scientia_et_sapientia	Not Reported	brain stem	nanos_gigantum_humeris_insidentes	scientia_et_labor	Unknown
pdx	GC-STUDY-530531	GC-PDX-993167	scientia,_aere_perennius	Intravenous	tail vein	scientia,_aere_perennius	scientia_imperii_decus_et_tutamen	No
pdx	GC-STUDY-530531	GC-PDX-187463	Obedientia_civium_urbis_felicitas	Trocar	brain stem	imperium_in_imperio	faber_est_suae_quisque_fortunae	Not Reported
pdx	GC-STUDY-530531	GC-PDX-541234	Gallia_est_omnis_divisa_in_partes_tres	Intravenous	renal capsule	imperium_in_imperio	nanos_gigantum_humeris_insidentes	Not Reported
pdx	GC-STUDY-530531	GC-PDX-736625	faber_est_suae_quisque_fortunae	Unknown	tail vein	cacatum_non_est_pictum	Gallia_est_omnis_divisa_in_partes_tres	Yes
pdx	GC-STUDY-530531	GC-PDX-134425	scientia_et_sapientia	Not Reported	left cerebrum	faber_est_suae_quisque_fortunae	scientia_imperii_decus_et_tutamen	Not Reported
pdx	GC-STUDY-530531	GC-PDX-220557	labor_ipse_voluptas	Not Reported	subcutaneous	Gallia_est_omnis_divisa_in_partes_tres	pace_tua	Not Reported
pdx	GC-STUDY-530531	GC-PDX-377764	sapiens_qui_prospicit	Unknown	renal capsule	nanos_gigantum_humeris_insidentes	Gallia_est_omnis_divisa_in_partes_tres	Not Reported
pdx	GC-STUDY-530531	GC-PDX-216403	imperium_in_imperio	Trocar	muscle	scientia,_aere_perennius	Macte_animo_Generose_puer_sic_itur_ad_astra	No
pdx	GC-STUDY-530531	GC-PDX-633246	saltus_in_demonstrando	Orthotopic	right cerebrum	salus_in_arduis	Obedientia_civium_urbis_felicitas	Not Reported
pdx	GC-STUDY-171068	GC-PDX-124647	pace_tua	Intravenous	muscle	a_bene_placito	scientia,_aere_perennius	No
pdx	GC-STUDY-171068	GC-PDX-479558	salus_in_arduis	Trocar	intraperitoneal cavity	e_causa_ignota	a_bene_placito	No
pdx	GC-STUDY-171068	GC-PDX-437438	Obedientia_civium_urbis_felicitas	Surgical	renal capsule	barba_crescit_caput_nescit	a_bene_placito	Not Reported
pdx	GC-STUDY-171068	GC-PDX-590067	salus_in_arduis	Trocar	subcutaneous	scientia,_aere_perennius	nascentes_morimur_finisque_ab_origine_pendet	Not Reported
pdx	GC-STUDY-171068	GC-PDX-559448	Obedientia_civium_urbis_felicitas	Surgical	brain stem	scientia_et_labor	scientiae_cedit_mare	Not Reported
pdx	GC-STUDY-171068	GC-PDX-669513	a_bene_placito	Unknown	right cerebrum	salus_in_arduis	scientia,_aere_perennius	Unknown
pdx	GC-STUDY-171068	GC-PDX-128332	pace_tua	Trocar	right cerebrum	scientiae_cedit_mare	Macte_animo_Generose_puer_sic_itur_ad_astra	Not Reported
pdx	GC-STUDY-171068	GC-PDX-899398	scientia_et_sapientia	Injection	muscle	barba_crescit_caput_nescit	O_Tite_tute_Tati_tibi_tanta_tyranne_tulisti	No
pdx	GC-STUDY-171068	GC-PDX-471337	imperium_in_imperio	Injection	tail vein	cacatum_non_est_pictum	faber_est_suae_quisque_fortunae	No
pdx	GC-STUDY-171068	GC-PDX-861932	cacatum_non_est_pictum	Injection	tail vein	Obedientia_civium_urbis_felicitas	faber_est_suae_quisque_fortunae	Yes
pdx	GC-STUDY-171068	GC-PDX-388980	scientia_et_sapientia	Unknown	right cerebrum	id_quod_plerumque_accidit	Gallia_est_omnis_divisa_in_partes_tres	Unknown
pdx	GC-STUDY-171068	GC-PDX-912113	nanos_gigantum_humeris_insidentes	Unknown	intraperitoneal cavity	nanos_gigantum_humeris_insidentes	salus_in_arduis	Unknown
pdx	GC-STUDY-171068	GC-PDX-804999	labor_ipse_voluptas	Unknown	brain stem	Gallia_est_omnis_divisa_in_partes_tres	scientia_et_sapientia	Yes
pdx	GC-STUDY-171068	GC-PDX-578185	scientiae_et_patriae	Orthotopic	right cerebrum	scientia_et_labor	Obedientia_civium_urbis_felicitas	Yes
pdx	GC-STUDY-171068	GC-PDX-375157	nanos_gigantum_humeris_insidentes	Intravenous	subrenal capsule	haec_olim_meminisse_iuvabit	scientiae_cedit_mare	Unknown
pdx	GC-STUDY-171068	GC-PDX-724127	id_quod_plerumque_accidit	Orthotopic	subrenal capsule	sapiens_qui_prospicit	Obedientia_civium_urbis_felicitas	Yes
pdx	GC-STUDY-171068	GC-PDX-228566	barba_crescit_caput_nescit	Not Reported	subrenal capsule	cacatum_non_est_pictum	damnant_quod_non_intellegunt	Not Reported
pdx	GC-STUDY-171068	GC-PDX-670688	haec_olim_meminisse_iuvabit	Orthotopic	subrenal capsule	scientia,_aere_perennius	Macte_animo_Generose_puer_sic_itur_ad_astra	Yes
pdx	GC-STUDY-171068	GC-PDX-602852	haec_olim_meminisse_iuvabit	Trocar	brain stem	scientiae_et_patriae	saltus_in_demonstrando	No
pdx	GC-STUDY-171068	GC-PDX-437859	haec_olim_meminisse_iuvabit	Unknown	right cerebrum	nanos_gigantum_humeris_insidentes	scientiae_cedit_mare	Yes
pdx	GC-STUDY-171068	GC-PDX-390767	scientia_et_sapientia	Orthotopic	subrenal capsule	nascentes_morimur_finisque_ab_origine_pendet	labor_ipse_voluptas	Yes
pdx	GC-STUDY-171068	GC-PDX-776368	salus_in_arduis	Trocar	muscle	id_quod_plerumque_accidit	id_quod_plerumque_accidit	Not Reported
pdx	GC-STUDY-171068	GC-PDX-887153	O_Tite_tute_Tati_tibi_tanta_tyranne_tulisti	Not Reported	subrenal capsule	Macte_animo_Generose_puer_sic_itur_ad_astra	damnant_quod_non_intellegunt	No
pdx	GC-STUDY-171068	GC-PDX-545881	scientia_et_sapientia	Unknown	brain stem	scientiae_cedit_mare	a_bene_placito	Yes
pdx	GC-STUDY-171068	GC-PDX-939469	imperium_in_imperio	Not Reported	subcutaneous	e_causa_ignota	faber_est_suae_quisque_fortunae	Not Reported
pdx	GC-STUDY-171068	GC-PDX-828543	scientia_et_labor	Orthotopic	left cerebrum	scientia_et_labor	barba_crescit_caput_nescit	Not Reported
pdx	GC-STUDY-171068	GC-PDX-812558	pace_tua	Not Reported	renal capsule	cacatum_non_est_pictum	O_Tite_tute_Tati_tibi_tanta_tyranne_tulisti	Unknown
pdx	GC-STUDY-171068	GC-PDX-179522	barba_crescit_caput_nescit	Unknown	subrenal capsule	salus_in_arduis	e_causa_ignota	No
pdx	GC-STUDY-171068	GC-PDX-720552	nascentes_morimur_finisque_ab_origine_pendet	Intravenous	muscle	O_Tite_tute_Tati_tibi_tanta_tyranne_tulisti	nascentes_morimur_finisque_ab_origine_pendet	No
pdx	GC-STUDY-171068	GC-PDX-602052	pace_tua	Injection	intraperitoneal cavity	faber_est_suae_quisque_fortunae	scientia_et_labor	Yes
pdx	GC-STUDY-171068	GC-PDX-655167	scientia_et_sapientia	Not Reported	subcutaneous	haec_olim_meminisse_iuvabit	scientia,_aere_perennius	Not Reported
pdx	GC-STUDY-171068	GC-PDX-914245	scientia_imperii_decus_et_tutamen	Intravenous	right cerebrum	barba_crescit_caput_nescit	scientia_et_sapientia	Yes
pdx	GC-STUDY-171068	GC-PDX-731173	cacatum_non_est_pictum	Trocar	subrenal capsule	scientia_et_sapientia	damnant_quod_non_intellegunt	Unknown
pdx	GC-STUDY-171068	GC-PDX-646807	e_causa_ignota	Injection	renal capsule	scientiae_cedit_mare	Obedientia_civium_urbis_felicitas	No
pdx	GC-STUDY-171068	GC-PDX-613976	imperium_in_imperio	Trocar	mammary fat pad	nascentes_morimur_finisque_ab_origine_pendet	barba_crescit_caput_nescit	Yes
pdx	GC-STUDY-171068	GC-PDX-230717	pace_tua	Not Reported	renal capsule	cacatum_non_est_pictum	Macte_animo_Generose_puer_sic_itur_ad_astra	Unknown
pdx	GC-STUDY-171068	GC-PDX-311187	scientia_et_sapientia	Injection	brain stem	Macte_animo_Generose_puer_sic_itur_ad_astra	nascentes_morimur_finisque_ab_origine_pendet	Unknown
pdx	GC-STUDY-171068	GC-PDX-803457	faber_est_suae_quisque_fortunae	Not Reported	brain stem	O_Tite_tute_Tati_tibi_tanta_tyranne_tulisti	nascentes_morimur_finisque_ab_origine_pendet	Yes
pdx	GC-STUDY-171068	GC-PDX-706159	labor_ipse_voluptas	Injection	intraperitoneal cavity	Obedientia_civium_urbis_felicitas	Gallia_est_omnis_divisa_in_partes_tres	Not Reported
pdx	GC-STUDY-171068	GC-PDX-198030	labor_ipse_voluptas	Trocar	left cerebrum	scientia_et_sapientia	nanos_gigantum_humeris_insidentes	Not Reported
pdx	GC-STUDY-171068	GC-PDX-685121	sapiens_qui_prospicit	Intravenous	left cerebrum	scientia_imperii_decus_et_tutamen	Obedientia_civium_urbis_felicitas	Yes
pdx	GC-STUDY-171068	GC-PDX-962663	pace_tua	Injection	brain stem	id_quod_plerumque_accidit	Macte_animo_Generose_puer_sic_itur_ad_astra	Not Reported
pdx	GC-STUDY-171068	GC-PDX-720471	nanos_gigantum_humeris_insidentes	Intravenous	subcutaneous	scientiae_et_patriae	labor_ipse_voluptas	Not Reported
pdx	GC-STUDY-171068	GC-PDX-235062	cacatum_non_est_pictum	Orthotopic	subrenal capsule	haec_olim_meminisse_iuvabit	imperium_in_imperio	Unknown
pdx	GC-STUDY-171068	GC-PDX-107926	scientia,_aere_perennius	Trocar	brain stem	nanos_gigantum_humeris_insidentes	scientiae_cedit_mare	Not Reported
pdx	GC-STUDY-171068	GC-PDX-450906	scientiae_et_patriae	Injection	left cerebrum	barba_crescit_caput_nescit	O_Tite_tute_Tati_tibi_tanta_tyranne_tulisti	Not Reported
pdx	GC-STUDY-171068	GC-PDX-234510	Macte_animo_Generose_puer_sic_itur_ad_astra	Intravenous	muscle	cacatum_non_est_pictum	O_Tite_tute_Tati_tibi_tanta_tyranne_tulisti	No
pdx	GC-STUDY-171068	GC-PDX-762358	scientiae_cedit_mare	Not Reported	subrenal capsule	nanos_gigantum_humeris_insidentes	Macte_animo_Generose_puer_sic_itur_ad_astra	Unknown
pdx	GC-STUDY-171068	GC-PDX-504708	e_causa_ignota	Not Reported	tail vein	Gallia_est_omnis_divisa_in_partes_tres	imperium_in_imperio	Unknown
pdx	GC-STUDY-171068	GC-PDX-748813	saltus_in_demonstrando	Surgical	brain stem	labor_ipse_voluptas	scientia_et_sapientia	Not Reported
pdx	GC-STUDY-171068	GC-PDX-882253	e_causa_ignota	Not Reported	brain stem	cacatum_non_est_pictum	saltus_in_demonstrando	Unknown
pdx	GC-STUDY-171068	GC-PDX-256560	damnant_quod_non_intellegunt	Injection	muscle	a_bene_placito	sapiens_qui_prospicit	Unknown
pdx	GC-STUDY-171068	GC-PDX-395594	O_Tite_tute_Tati_tibi_tanta_tyranne_tulisti	Injection	renal capsule	nanos_gigantum_humeris_insidentes	faber_est_suae_quisque_fortunae	No
pdx	GC-STUDY-171068	GC-PDX-602734	scientiae_cedit_mare	Injection	left cerebrum	Gallia_est_omnis_divisa_in_partes_tres	nascentes_morimur_finisque_ab_origine_pendet	No
pdx	GC-STUDY-171068	GC-PDX-905904	e_causa_ignota	Intravenous	mammary fat pad	cacatum_non_est_pictum	barba_crescit_caput_nescit	Yes
pdx	GC-STUDY-171068	GC-PDX-431284	Obedientia_civium_urbis_felicitas	Unknown	muscle	scientia_et_labor	scientia_et_labor	Unknown
pdx	GC-STUDY-171068	GC-PDX-438537	salus_in_arduis	Unknown	subcutaneous	id_quod_plerumque_accidit	a_bene_placito	Yes
pdx	GC-STUDY-171068	GC-PDX-290219	scientia_et_labor	Unknown	mammary fat pad	e_causa_ignota	barba_crescit_caput_nescit	Yes
pdx	GC-STUDY-171068	GC-PDX-160892	faber_est_suae_quisque_fortunae	Intravenous	right cerebrum	pace_tua	Obedientia_civium_urbis_felicitas	Unknown
pdx	GC-STUDY-171068	GC-PDX-213041	saltus_in_demonstrando	Trocar	brain stem	labor_ipse_voluptas	e_causa_ignota	Not Reported
pdx	GC-STUDY-171068	GC-PDX-209906	pace_tua	Unknown	mammary fat pad	Gallia_est_omnis_divisa_in_partes_tres	scientia_imperii_decus_et_tutamen	Not Reported
pdx	GC-STUDY-171068	GC-PDX-405612	Obedientia_civium_urbis_felicitas	Surgical	intraperitoneal cavity	haec_olim_meminisse_iuvabit	O_Tite_tute_Tati_tibi_tanta_tyranne_tulisti	Yes
pdx	GC-STUDY-171068	GC-PDX-146445	id_quod_plerumque_accidit	Not Reported	right cerebrum	imperium_in_imperio	Obedientia_civium_urbis_felicitas	Unknown
pdx	GC-STUDY-171068	GC-PDX-337061	scientia_et_sapientia	Injection	right cerebrum	e_causa_ignota	labor_ipse_voluptas	Unknown
pdx	GC-STUDY-171068	GC-PDX-740397	saltus_in_demonstrando	Injection	right cerebrum	a_bene_placito	scientiae_cedit_mare	Not Reported
pdx	GC-STUDY-171068	GC-PDX-100798	sapiens_qui_prospicit	Trocar	muscle	a_bene_placito	cacatum_non_est_pictum	No
pdx	GC-STUDY-180820	GC-PDX-706318	scientia_et_labor	Injection	muscle	Macte_animo_Generose_puer_sic_itur_ad_astra	nascentes_morimur_finisque_ab_origine_pendet	Not Reported
pdx	GC-STUDY-180820	GC-PDX-874788	id_quod_plerumque_accidit	Injection	intraperitoneal cavity	faber_est_suae_quisque_fortunae	saltus_in_demonstrando	Not Reported
pdx	GC-STUDY-180820	GC-PDX-559077	id_quod_plerumque_accidit	Trocar	brain stem	a_bene_placito	scientia_et_labor	Yes
pdx	GC-STUDY-180820	GC-PDX-775818	scientiae_et_patriae	Trocar	renal capsule	Gallia_est_omnis_divisa_in_partes_tres	Macte_animo_Generose_puer_sic_itur_ad_astra	Unknown
pdx	GC-STUDY-180820	GC-PDX-507122	pace_tua	Injection	left cerebrum	labor_ipse_voluptas	scientia,_aere_perennius	Not Reported
pdx	GC-STUDY-180820	GC-PDX-825273	scientiae_cedit_mare	Not Reported	left cerebrum	a_bene_placito	sapiens_qui_prospicit	Yes
pdx	GC-STUDY-180820	GC-PDX-495057	Macte_animo_Generose_puer_sic_itur_ad_astra	Trocar	subcutaneous	Gallia_est_omnis_divisa_in_partes_tres	scientia_imperii_decus_et_tutamen	Yes
pdx	GC-STUDY-180820	GC-PDX-341696	faber_est_suae_quisque_fortunae	Trocar	subcutaneous	Macte_animo_Generose_puer_sic_itur_ad_astra	O_Tite_tute_Tati_tibi_tanta_tyranne_tulisti	Yes
pdx	GC-STUDY-180820	GC-PDX-675340	scientia_et_labor	Intravenous	subrenal capsule	pace_tua	labor_ipse_voluptas	Not Reported
pdx	GC-STUDY-180820	GC-PDX-841562	damnant_quod_non_intellegunt	Not Reported	left cerebrum	imperium_in_imperio	imperium_in_imperio	Yes
pdx	GC-STUDY-180820	GC-PDX-365780	scientiae_et_patriae	Trocar	tail vein	damnant_quod_non_intellegunt	pace_tua	Not Reported
pdx	GC-STUDY-180820	GC-PDX-470834	damnant_quod_non_intellegunt	Intravenous	renal capsule	scientia_et_sapientia	faber_est_suae_quisque_fortunae	Not Reported
pdx	GC-STUDY-180820	GC-PDX-245735	O_Tite_tute_Tati_tibi_tanta_tyranne_tulisti	Surgical	brain stem	labor_ipse_voluptas	nascentes_morimur_finisque_ab_origine_pendet	Not Reported
pdx	GC-STUDY-180820	GC-PDX-393032	imperium_in_imperio	Intravenous	right cerebrum	e_causa_ignota	pace_tua	Yes
pdx	GC-STUDY-180820	GC-PDX-383693	faber_est_suae_quisque_fortunae	Orthotopic	muscle	Macte_animo_Generose_puer_sic_itur_ad_astra	imperium_in_imperio	Unknown
pdx	GC-STUDY-180820	GC-PDX-710851	labor_ipse_voluptas	Orthotopic	right cerebrum	scientia_et_sapientia	salus_in_arduis	No
pdx	GC-STUDY-180820	GC-PDX-154389	faber_est_suae_quisque_fortunae	Trocar	intraperitoneal cavity	haec_olim_meminisse_iuvabit	O_Tite_tute_Tati_tibi_tanta_tyranne_tulisti	Yes
pdx	GC-STUDY-180820	GC-PDX-757390	scientiae_et_patriae	Unknown	brain stem	scientia_et_sapientia	nascentes_morimur_finisque_ab_origine_pendet	Yes
pdx	GC-STUDY-180820	GC-PDX-625582	haec_olim_meminisse_iuvabit	Trocar	intraperitoneal cavity	Gallia_est_omnis_divisa_in_partes_tres	haec_olim_meminisse_iuvabit	Yes
pdx	GC-STUDY-180820	GC-PDX-983347	scientia_imperii_decus_et_tutamen	Unknown	muscle	Macte_animo_Generose_puer_sic_itur_ad_astra	scientia,_aere_perennius	Unknown
pdx	GC-STUDY-180820	GC-PDX-736144	pace_tua	Surgical	mammary fat pad	Obedientia_civium_urbis_felicitas	scientia,_aere_perennius	Yes
pdx	GC-STUDY-180820	GC-PDX-240139	scientiae_et_patriae	Injection	subcutaneous	damnant_quod_non_intellegunt	nanos_gigantum_humeris_insidentes	No
pdx	GC-STUDY-180820	GC-PDX-111735	salus_in_arduis	Injection	subcutaneous	e_causa_ignota	damnant_quod_non_intellegunt	No
pdx	GC-STUDY-180820	GC-PDX-361630	scientia_et_sapientia	Trocar	subrenal capsule	O_Tite_tute_Tati_tibi_tanta_tyranne_tulisti	id_quod_plerumque_accidit	Not Reported
pdx	GC-STUDY-180820	GC-PDX-840780	id_quod_plerumque_accidit	Trocar	mammary fat pad	barba_crescit_caput_nescit	Gallia_est_omnis_divisa_in_partes_tres	Yes
pdx	GC-STUDY-180820	GC-PDX-837396	nanos_gigantum_humeris_insidentes	Unknown	subcutaneous	haec_olim_meminisse_iuvabit	O_Tite_tute_Tati_tibi_tanta_tyranne_tulisti	Unknown
pdx	GC-STUDY-180820	GC-PDX-147567	scientia_imperii_decus_et_tutamen	Not Reported	intraperitoneal cavity	scientia_et_labor	imperium_in_imperio	Not Reported
pdx	GC-STUDY-180820	GC-PDX-234257	scientia_et_sapientia	Surgical	tail vein	labor_ipse_voluptas	imperium_in_imperio	No
pdx	GC-STUDY-180820	GC-PDX-521453	faber_est_suae_quisque_fortunae	Unknown	right cerebrum	haec_olim_meminisse_iuvabit	scientiae_cedit_mare	No
pdx	GC-STUDY-180820	GC-PDX-144554	pace_tua	Orthotopic	intraperitoneal cavity	pace_tua	scientia_et_labor	Unknown
pdx	GC-STUDY-180820	GC-PDX-990980	nanos_gigantum_humeris_insidentes	Intravenous	subrenal capsule	faber_est_suae_quisque_fortunae	scientia_imperii_decus_et_tutamen	Not Reported
pdx	GC-STUDY-180820	GC-PDX-142503	labor_ipse_voluptas	Trocar	subcutaneous	faber_est_suae_quisque_fortunae	scientia,_aere_perennius	Not Reported
pdx	GC-STUDY-180820	GC-PDX-592185	id_quod_plerumque_accidit	Orthotopic	intraperitoneal cavity	haec_olim_meminisse_iuvabit	nascentes_morimur_finisque_ab_origine_pendet	Yes
pdx	GC-STUDY-180820	GC-PDX-793792	id_quod_plerumque_accidit	Intravenous	tail vein	id_quod_plerumque_accidit	faber_est_suae_quisque_fortunae	No
pdx	GC-STUDY-180820	GC-PDX-765348	Macte_animo_Generose_puer_sic_itur_ad_astra	Injection	renal capsule	scientia_et_sapientia	O_Tite_tute_Tati_tibi_tanta_tyranne_tulisti	Not Reported
pdx	GC-STUDY-180820	GC-PDX-854831	cacatum_non_est_pictum	Intravenous	mammary fat pad	id_quod_plerumque_accidit	Obedientia_civium_urbis_felicitas	No
pdx	GC-STUDY-180820	GC-PDX-135750	Macte_animo_Generose_puer_sic_itur_ad_astra	Unknown	brain stem	O_Tite_tute_Tati_tibi_tanta_tyranne_tulisti	barba_crescit_caput_nescit	Unknown
pdx	GC-STUDY-180820	GC-PDX-249683	pace_tua	Surgical	subrenal capsule	faber_est_suae_quisque_fortunae	faber_est_suae_quisque_fortunae	Not Reported
pdx	GC-STUDY-180820	GC-PDX-818482	scientia_et_sapientia	Not Reported	tail vein	imperium_in_imperio	id_quod_plerumque_accidit	No
pdx	GC-STUDY-180820	GC-PDX-490639	labor_ipse_voluptas	Not Reported	tail vein	saltus_in_demonstrando	a_bene_placito	No
pdx	GC-STUDY-180820	GC-PDX-878192	sapiens_qui_prospicit	Unknown	renal capsule	sapiens_qui_prospicit	cacatum_non_est_pictum	Not Reported
pdx	GC-STUDY-180820	GC-PDX-862610	Obedientia_civium_urbis_felicitas	Injection	subrenal capsule	e_causa_ignota	O_Tite_tute_Tati_tibi_tanta_tyranne_tulisti	Not Reported
pdx	GC-STUDY-180820	GC-PDX-863271	a_bene_placito	Intravenous	tail vein	e_causa_ignota	scientia_imperii_decus_et_tutamen	Yes
pdx	GC-STUDY-180820	GC-PDX-112943	scientia_imperii_decus_et_tutamen	Intravenous	tail vein	Macte_animo_Generose_puer_sic_itur_ad_astra	scientia,_aere_perennius	No
pdx	GC-STUDY-180820	GC-PDX-302742	imperium_in_imperio	Trocar	intraperitoneal cavity	id_quod_plerumque_accidit	e_causa_ignota	Not Reported
pdx	GC-STUDY-180820	GC-PDX-984401	labor_ipse_voluptas	Not Reported	mammary fat pad	Obedientia_civium_urbis_felicitas	Gallia_est_omnis_divisa_in_partes_tres	No
pdx	GC-STUDY-180820	GC-PDX-143278	O_Tite_tute_Tati_tibi_tanta_tyranne_tulisti	Intravenous	subcutaneous	labor_ipse_voluptas	nanos_gigantum_humeris_insidentes	Yes
pdx	GC-STUDY-180820	GC-PDX-629678	nascentes_morimur_finisque_ab_origine_pendet	Surgical	tail vein	scientiae_et_patriae	imperium_in_imperio	Not Reported
pdx	GC-STUDY-180820	GC-PDX-916468	scientia_et_labor	Not Reported	intraperitoneal cavity	faber_est_suae_quisque_fortunae	sapiens_qui_prospicit	Unknown
pdx	GC-STUDY-180820	GC-PDX-758755	faber_est_suae_quisque_fortunae	Surgical	brain stem	faber_est_suae_quisque_fortunae	nascentes_morimur_finisque_ab_origine_pendet	Yes
pdx	GC-STUDY-180820	GC-PDX-806837	barba_crescit_caput_nescit	Not Reported	subrenal capsule	nanos_gigantum_humeris_insidentes	id_quod_plerumque_accidit	Unknown
pdx	GC-STUDY-180820	GC-PDX-615569	cacatum_non_est_pictum	Orthotopic	renal capsule	haec_olim_meminisse_iuvabit	scientia_imperii_decus_et_tutamen	No
pdx	GC-STUDY-180820	GC-PDX-264059	nanos_gigantum_humeris_insidentes	Surgical	left cerebrum	scientia,_aere_perennius	e_causa_ignota	No
pdx	GC-STUDY-180820	GC-PDX-992542	Macte_animo_Generose_puer_sic_itur_ad_astra	Not Reported	right cerebrum	a_bene_placito	faber_est_suae_quisque_fortunae	Yes
pdx	GC-STUDY-180820	GC-PDX-348936	haec_olim_meminisse_iuvabit	Not Reported	renal capsule	scientia_et_sapientia	scientiae_et_patriae	No
pdx	GC-STUDY-180820	GC-PDX-923938	imperium_in_imperio	Intravenous	subcutaneous	pace_tua	nascentes_morimur_finisque_ab_origine_pendet	Unknown
pdx	GC-STUDY-180820	GC-PDX-689494	sapiens_qui_prospicit	Intravenous	mammary fat pad	id_quod_plerumque_accidit	id_quod_plerumque_accidit	Yes
pdx	GC-STUDY-180820	GC-PDX-457994	faber_est_suae_quisque_fortunae	Surgical	right cerebrum	barba_crescit_caput_nescit	Gallia_est_omnis_divisa_in_partes_tres	Unknown
pdx	GC-STUDY-180820	GC-PDX-775320	nanos_gigantum_humeris_insidentes	Unknown	brain stem	e_causa_ignota	pace_tua	Unknown
pdx	GC-STUDY-180820	GC-PDX-217004	scientia_et_labor	Trocar	right cerebrum	scientiae_cedit_mare	nascentes_morimur_finisque_ab_origine_pendet	Yes
pdx	GC-STUDY-180820	GC-PDX-680331	scientiae_et_patriae	Surgical	mammary fat pad	scientiae_cedit_mare	scientia_imperii_decus_et_tutamen	Not Reported
pdx	GC-STUDY-180820	GC-PDX-823489	haec_olim_meminisse_iuvabit	Orthotopic	mammary fat pad	e_causa_ignota	labor_ipse_voluptas	Unknown
pdx	GC-STUDY-180820	GC-PDX-443552	damnant_quod_non_intellegunt	Intravenous	renal capsule	saltus_in_demonstrando	Macte_animo_Generose_puer_sic_itur_ad_astra	Yes
pdx	GC-STUDY-180820	GC-PDX-977166	nascentes_morimur_finisque_ab_origine_pendet	Intravenous	subrenal capsule	saltus_in_demonstrando	O_Tite_tute_Tati_tibi_tanta_tyranne_tulisti	Not Reported
pdx	GC-STUDY-180820	GC-PDX-398145	a_bene_placito	Orthotopic	mammary fat pad	scientia_et_labor	imperium_in_imperio	Not Reported
pdx	GC-STUDY-180820	GC-PDX-362129	scientia,_aere_perennius	Orthotopic	mammary fat pad	faber_est_suae_quisque_fortunae	Gallia_est_omnis_divisa_in_partes_tres	Not Reported
pdx	GC-STUDY-180820	GC-PDX-765761	damnant_quod_non_intellegunt	Unknown	muscle	nanos_gigantum_humeris_insidentes	damnant_quod_non_intellegunt	Yes
pdx	GC-STUDY-180820	GC-PDX-844885	faber_est_suae_quisque_fortunae	Orthotopic	renal capsule	Obedientia_civium_urbis_felicitas	O_Tite_tute_Tati_tibi_tanta_tyranne_tulisti	Not Reported
