type	file.file_id	proteomic_info_id	aliquot_id	analytical_fractions	instrument_make	proteomic_instrument_model	proteomic_design_description	manufacturer_model_name	crdc_id
proteomic	GC-FILE-789807	GC-PROTEOMIC-810366	saltus_in_demonstrando	Acetylome	imperium_in_imperio	scientia_et_labor	imperium_in_imperio	Orbitrap	imperium_in_imperio
proteomic	GC-FILE-469060	GC-PROTEOMIC-303898	Obedientia_civium_urbis_felicitas	Acetylome	labor_ipse_voluptas	scientia_imperii_decus_et_tutamen	e_causa_ignota	Orbitrap	scientiae_et_patriae
proteomic	GC-FILE-196226	GC-PROTEOMIC-527979	cacatum_non_est_pictum	Proteome	imperium_in_imperio	Gallia_est_omnis_divisa_in_partes_tres	scientiae_cedit_mare	Orbitrap	imperium_in_imperio
proteomic	GC-FILE-431884	GC-PROTEOMIC-636784	sapiens_qui_prospicit	Lipidome	a_bene_placito	haec_olim_meminisse_iuvabit	sapiens_qui_prospicit	Orbitrap	nascentes_morimur_finisque_ab_origine_pendet
proteomic	GC-FILE-679699	GC-PROTEOMIC-324970	e_causa_ignota	Acetylome	scientia_imperii_decus_et_tutamen	barba_crescit_caput_nescit	O_Tite_tute_Tati_tibi_tanta_tyranne_tulisti	Orbitrap	Obedientia_civium_urbis_felicitas
proteomic	GC-FILE-937778	GC-PROTEOMIC-655331	O_Tite_tute_Tati_tibi_tanta_tyranne_tulisti	Metabolome	damnant_quod_non_intellegunt	barba_crescit_caput_nescit	scientia_et_sapientia	Orbitrap	scientia_imperii_decus_et_tutamen
proteomic	GC-FILE-146789	GC-PROTEOMIC-380088	nascentes_morimur_finisque_ab_origine_pendet	Proteome	labor_ipse_voluptas	labor_ipse_voluptas	sapiens_qui_prospicit	Orbitrap	e_causa_ignota
proteomic	GC-FILE-432537	GC-PROTEOMIC-526469	nanos_gigantum_humeris_insidentes	Lipidome	a_bene_placito	imperium_in_imperio	labor_ipse_voluptas	Orbitrap	scientia_imperii_decus_et_tutamen
proteomic	GC-FILE-552423	GC-PROTEOMIC-908683	nanos_gigantum_humeris_insidentes	Proteome	barba_crescit_caput_nescit	haec_olim_meminisse_iuvabit	O_Tite_tute_Tati_tibi_tanta_tyranne_tulisti	Orbitrap	Macte_animo_Generose_puer_sic_itur_ad_astra
proteomic	GC-FILE-393693	GC-PROTEOMIC-161614	scientiae_cedit_mare	Glycoproteome	a_bene_placito	sapiens_qui_prospicit	pace_tua	Orbitrap	scientia_et_sapientia
proteomic	GC-FILE-981780	GC-PROTEOMIC-212597	a_bene_placito	Phosphoproteome	pace_tua	scientia_et_sapientia	Gallia_est_omnis_divisa_in_partes_tres	Orbitrap	Obedientia_civium_urbis_felicitas
proteomic	GC-FILE-667646	GC-PROTEOMIC-374059	saltus_in_demonstrando	Ubiquitylome	labor_ipse_voluptas	haec_olim_meminisse_iuvabit	saltus_in_demonstrando	Orbitrap	damnant_quod_non_intellegunt
proteomic	GC-FILE-284628	GC-PROTEOMIC-477842	imperium_in_imperio	Acetylome	imperium_in_imperio	scientiae_et_patriae	pace_tua	Orbitrap	saltus_in_demonstrando
proteomic	GC-FILE-828565	GC-PROTEOMIC-670553	barba_crescit_caput_nescit	Ubiquitylome	faber_est_suae_quisque_fortunae	id_quod_plerumque_accidit	imperium_in_imperio	Orbitrap	scientia_et_labor
proteomic	GC-FILE-703028	GC-PROTEOMIC-478174	saltus_in_demonstrando	Acetylome	saltus_in_demonstrando	scientiae_cedit_mare	imperium_in_imperio	Orbitrap	sapiens_qui_prospicit
proteomic	GC-FILE-541924	GC-PROTEOMIC-519423	scientia_imperii_decus_et_tutamen	Proteome	nascentes_morimur_finisque_ab_origine_pendet	sapiens_qui_prospicit	imperium_in_imperio	Orbitrap	faber_est_suae_quisque_fortunae
proteomic	GC-FILE-994881	GC-PROTEOMIC-547077	scientia_et_sapientia	Phosphoproteome	cacatum_non_est_pictum	scientia_et_labor	nascentes_morimur_finisque_ab_origine_pendet	Orbitrap	nanos_gigantum_humeris_insidentes
proteomic	GC-FILE-825838	GC-PROTEOMIC-935603	scientia_imperii_decus_et_tutamen	Acetylome	scientiae_cedit_mare	Gallia_est_omnis_divisa_in_partes_tres	scientia_et_sapientia	Orbitrap	barba_crescit_caput_nescit
proteomic	GC-FILE-258677	GC-PROTEOMIC-690959	nascentes_morimur_finisque_ab_origine_pendet	Lipidome	scientiae_et_patriae	scientia_et_labor	salus_in_arduis	Orbitrap	scientiae_et_patriae
proteomic	GC-FILE-569616	GC-PROTEOMIC-413225	Macte_animo_Generose_puer_sic_itur_ad_astra	Glycoproteome	faber_est_suae_quisque_fortunae	saltus_in_demonstrando	barba_crescit_caput_nescit	Orbitrap	saltus_in_demonstrando
proteomic	GC-FILE-162698	GC-PROTEOMIC-320318	nanos_gigantum_humeris_insidentes	Metabolome	id_quod_plerumque_accidit	scientiae_et_patriae	barba_crescit_caput_nescit	Orbitrap	nascentes_morimur_finisque_ab_origine_pendet
proteomic	GC-FILE-999829	GC-PROTEOMIC-101094	scientiae_cedit_mare	Glycoproteome	O_Tite_tute_Tati_tibi_tanta_tyranne_tulisti	Macte_animo_Generose_puer_sic_itur_ad_astra	scientia,_aere_perennius	Orbitrap	nascentes_morimur_finisque_ab_origine_pendet
proteomic	GC-FILE-603542	GC-PROTEOMIC-376128	sapiens_qui_prospicit	Acetylome	scientiae_cedit_mare	faber_est_suae_quisque_fortunae	Obedientia_civium_urbis_felicitas	Orbitrap	labor_ipse_voluptas
proteomic	GC-FILE-250087	GC-PROTEOMIC-648873	Gallia_est_omnis_divisa_in_partes_tres	Glycoproteome	id_quod_plerumque_accidit	O_Tite_tute_Tati_tibi_tanta_tyranne_tulisti	barba_crescit_caput_nescit	Orbitrap	nascentes_morimur_finisque_ab_origine_pendet
proteomic	GC-FILE-480617	GC-PROTEOMIC-886207	saltus_in_demonstrando	Proteome	Macte_animo_Generose_puer_sic_itur_ad_astra	O_Tite_tute_Tati_tibi_tanta_tyranne_tulisti	scientia_et_labor	Orbitrap	barba_crescit_caput_nescit
proteomic	GC-FILE-939585	GC-PROTEOMIC-459392	scientiae_et_patriae	Acetylome	O_Tite_tute_Tati_tibi_tanta_tyranne_tulisti	faber_est_suae_quisque_fortunae	imperium_in_imperio	Orbitrap	a_bene_placito
proteomic	GC-FILE-135792	GC-PROTEOMIC-833620	labor_ipse_voluptas	Proteome	scientia_et_sapientia	nanos_gigantum_humeris_insidentes	nanos_gigantum_humeris_insidentes	Orbitrap	sapiens_qui_prospicit
proteomic	GC-FILE-206240	GC-PROTEOMIC-449391	damnant_quod_non_intellegunt	Lipidome	barba_crescit_caput_nescit	id_quod_plerumque_accidit	saltus_in_demonstrando	Orbitrap	nascentes_morimur_finisque_ab_origine_pendet
proteomic	GC-FILE-414720	GC-PROTEOMIC-980433	haec_olim_meminisse_iuvabit	Acetylome	id_quod_plerumque_accidit	id_quod_plerumque_accidit	e_causa_ignota	Orbitrap	Macte_animo_Generose_puer_sic_itur_ad_astra
proteomic	GC-FILE-999244	GC-PROTEOMIC-354153	scientia_et_labor	Glycoproteome	scientia_et_labor	labor_ipse_voluptas	scientia_et_sapientia	Orbitrap	scientia_et_sapientia
proteomic	GC-FILE-647429	GC-PROTEOMIC-789881	Gallia_est_omnis_divisa_in_partes_tres	Glycoproteome	scientia_et_labor	cacatum_non_est_pictum	O_Tite_tute_Tati_tibi_tanta_tyranne_tulisti	Orbitrap	faber_est_suae_quisque_fortunae
proteomic	GC-FILE-142770	GC-PROTEOMIC-758587	labor_ipse_voluptas	Proteome	scientiae_et_patriae	nascentes_morimur_finisque_ab_origine_pendet	scientia_et_labor	Orbitrap	nanos_gigantum_humeris_insidentes
proteomic	GC-FILE-119103	GC-PROTEOMIC-525961	cacatum_non_est_pictum	Ubiquitylome	pace_tua	imperium_in_imperio	scientiae_cedit_mare	Orbitrap	a_bene_placito
proteomic	GC-FILE-381713	GC-PROTEOMIC-542609	nascentes_morimur_finisque_ab_origine_pendet	Ubiquitylome	scientia_et_labor	scientia_imperii_decus_et_tutamen	scientiae_et_patriae	Orbitrap	scientia_et_sapientia
proteomic	GC-FILE-652586	GC-PROTEOMIC-354978	damnant_quod_non_intellegunt	Lipidome	O_Tite_tute_Tati_tibi_tanta_tyranne_tulisti	Macte_animo_Generose_puer_sic_itur_ad_astra	cacatum_non_est_pictum	Orbitrap	scientia_imperii_decus_et_tutamen
proteomic	GC-FILE-323904	GC-PROTEOMIC-346176	e_causa_ignota	Ubiquitylome	imperium_in_imperio	imperium_in_imperio	Obedientia_civium_urbis_felicitas	Orbitrap	O_Tite_tute_Tati_tibi_tanta_tyranne_tulisti
proteomic	GC-FILE-268821	GC-PROTEOMIC-208870	faber_est_suae_quisque_fortunae	Proteome	id_quod_plerumque_accidit	barba_crescit_caput_nescit	nascentes_morimur_finisque_ab_origine_pendet	Orbitrap	salus_in_arduis
proteomic	GC-FILE-802811	GC-PROTEOMIC-112029	id_quod_plerumque_accidit	Acetylome	cacatum_non_est_pictum	nanos_gigantum_humeris_insidentes	sapiens_qui_prospicit	Orbitrap	scientia_et_sapientia
proteomic	GC-FILE-991510	GC-PROTEOMIC-930755	Obedientia_civium_urbis_felicitas	Acetylome	id_quod_plerumque_accidit	haec_olim_meminisse_iuvabit	scientia_imperii_decus_et_tutamen	Orbitrap	salus_in_arduis
proteomic	GC-FILE-846331	GC-PROTEOMIC-734804	Gallia_est_omnis_divisa_in_partes_tres	Metabolome	Obedientia_civium_urbis_felicitas	saltus_in_demonstrando	scientiae_et_patriae	Orbitrap	saltus_in_demonstrando
proteomic	GC-FILE-484017	GC-PROTEOMIC-453865	scientiae_et_patriae	Phosphoproteome	barba_crescit_caput_nescit	id_quod_plerumque_accidit	scientia_imperii_decus_et_tutamen	Orbitrap	a_bene_placito
proteomic	GC-FILE-580073	GC-PROTEOMIC-490785	imperium_in_imperio	Glycoproteome	scientiae_cedit_mare	scientia_imperii_decus_et_tutamen	scientia_imperii_decus_et_tutamen	Orbitrap	Obedientia_civium_urbis_felicitas
proteomic	GC-FILE-797210	GC-PROTEOMIC-352941	barba_crescit_caput_nescit	Proteome	id_quod_plerumque_accidit	labor_ipse_voluptas	scientia,_aere_perennius	Orbitrap	salus_in_arduis
proteomic	GC-FILE-642056	GC-PROTEOMIC-812889	scientia_et_sapientia	Glycoproteome	scientia_et_sapientia	Obedientia_civium_urbis_felicitas	id_quod_plerumque_accidit	Orbitrap	Macte_animo_Generose_puer_sic_itur_ad_astra
proteomic	GC-FILE-158519	GC-PROTEOMIC-482393	scientia_imperii_decus_et_tutamen	Phosphoproteome	imperium_in_imperio	Macte_animo_Generose_puer_sic_itur_ad_astra	labor_ipse_voluptas	Orbitrap	labor_ipse_voluptas
proteomic	GC-FILE-716078	GC-PROTEOMIC-989894	saltus_in_demonstrando	Glycoproteome	scientia_et_sapientia	O_Tite_tute_Tati_tibi_tanta_tyranne_tulisti	salus_in_arduis	Orbitrap	sapiens_qui_prospicit
proteomic	GC-FILE-422562	GC-PROTEOMIC-150623	a_bene_placito	Ubiquitylome	barba_crescit_caput_nescit	a_bene_placito	salus_in_arduis	Orbitrap	Gallia_est_omnis_divisa_in_partes_tres
proteomic	GC-FILE-963656	GC-PROTEOMIC-166888	Obedientia_civium_urbis_felicitas	Acetylome	nanos_gigantum_humeris_insidentes	e_causa_ignota	cacatum_non_est_pictum	Orbitrap	a_bene_placito
proteomic	GC-FILE-898228	GC-PROTEOMIC-505273	saltus_in_demonstrando	Glycoproteome	barba_crescit_caput_nescit	damnant_quod_non_intellegunt	scientia,_aere_perennius	Orbitrap	damnant_quod_non_intellegunt
proteomic	GC-FILE-476523	GC-PROTEOMIC-296177	scientia,_aere_perennius	Proteome	scientia_et_sapientia	imperium_in_imperio	labor_ipse_voluptas	Orbitrap	scientiae_et_patriae
proteomic	GC-FILE-313788	GC-PROTEOMIC-313977	Macte_animo_Generose_puer_sic_itur_ad_astra	Proteome	scientia_et_labor	a_bene_placito	saltus_in_demonstrando	Orbitrap	nascentes_morimur_finisque_ab_origine_pendet
proteomic	GC-FILE-152664	GC-PROTEOMIC-771826	barba_crescit_caput_nescit	Metabolome	damnant_quod_non_intellegunt	imperium_in_imperio	O_Tite_tute_Tati_tibi_tanta_tyranne_tulisti	Orbitrap	scientia_et_labor
proteomic	GC-FILE-819094	GC-PROTEOMIC-722404	labor_ipse_voluptas	Proteome	salus_in_arduis	labor_ipse_voluptas	damnant_quod_non_intellegunt	Orbitrap	scientia_et_sapientia
proteomic	GC-FILE-432392	GC-PROTEOMIC-278168	Gallia_est_omnis_divisa_in_partes_tres	Metabolome	faber_est_suae_quisque_fortunae	salus_in_arduis	faber_est_suae_quisque_fortunae	Orbitrap	barba_crescit_caput_nescit
proteomic	GC-FILE-366273	GC-PROTEOMIC-519159	scientia_et_labor	Metabolome	imperium_in_imperio	cacatum_non_est_pictum	haec_olim_meminisse_iuvabit	Orbitrap	scientia,_aere_perennius
proteomic	GC-FILE-725361	GC-PROTEOMIC-928495	faber_est_suae_quisque_fortunae	Acetylome	scientia_et_labor	Gallia_est_omnis_divisa_in_partes_tres	Macte_animo_Generose_puer_sic_itur_ad_astra	Orbitrap	faber_est_suae_quisque_fortunae
proteomic	GC-FILE-784382	GC-PROTEOMIC-325689	scientia_et_sapientia	Proteome	nascentes_morimur_finisque_ab_origine_pendet	saltus_in_demonstrando	haec_olim_meminisse_iuvabit	Orbitrap	sapiens_qui_prospicit
proteomic	GC-FILE-990995	GC-PROTEOMIC-673804	nascentes_morimur_finisque_ab_origine_pendet	Phosphoproteome	scientiae_cedit_mare	O_Tite_tute_Tati_tibi_tanta_tyranne_tulisti	scientiae_et_patriae	Orbitrap	pace_tua
proteomic	GC-FILE-611589	GC-PROTEOMIC-540663	damnant_quod_non_intellegunt	Ubiquitylome	O_Tite_tute_Tati_tibi_tanta_tyranne_tulisti	e_causa_ignota	labor_ipse_voluptas	Orbitrap	scientiae_cedit_mare
proteomic	GC-FILE-793902	GC-PROTEOMIC-654768	Obedientia_civium_urbis_felicitas	Glycoproteome	nascentes_morimur_finisque_ab_origine_pendet	sapiens_qui_prospicit	faber_est_suae_quisque_fortunae	Orbitrap	Gallia_est_omnis_divisa_in_partes_tres
proteomic	GC-FILE-706984	GC-PROTEOMIC-771585	a_bene_placito	Ubiquitylome	scientia_imperii_decus_et_tutamen	scientia_imperii_decus_et_tutamen	cacatum_non_est_pictum	Orbitrap	scientia,_aere_perennius
proteomic	GC-FILE-837964	GC-PROTEOMIC-795245	faber_est_suae_quisque_fortunae	Metabolome	scientia_et_sapientia	scientiae_et_patriae	imperium_in_imperio	Orbitrap	sapiens_qui_prospicit
proteomic	GC-FILE-592488	GC-PROTEOMIC-430145	Obedientia_civium_urbis_felicitas	Acetylome	cacatum_non_est_pictum	Macte_animo_Generose_puer_sic_itur_ad_astra	barba_crescit_caput_nescit	Orbitrap	scientiae_cedit_mare
proteomic	GC-FILE-218721	GC-PROTEOMIC-908752	Gallia_est_omnis_divisa_in_partes_tres	Metabolome	sapiens_qui_prospicit	pace_tua	Gallia_est_omnis_divisa_in_partes_tres	Orbitrap	a_bene_placito
proteomic	GC-FILE-150096	GC-PROTEOMIC-724148	damnant_quod_non_intellegunt	Phosphoproteome	O_Tite_tute_Tati_tibi_tanta_tyranne_tulisti	faber_est_suae_quisque_fortunae	faber_est_suae_quisque_fortunae	Orbitrap	scientia_imperii_decus_et_tutamen
proteomic	GC-FILE-197457	GC-PROTEOMIC-585878	Obedientia_civium_urbis_felicitas	Glycoproteome	damnant_quod_non_intellegunt	scientia_imperii_decus_et_tutamen	cacatum_non_est_pictum	Orbitrap	barba_crescit_caput_nescit
proteomic	GC-FILE-554088	GC-PROTEOMIC-520201	cacatum_non_est_pictum	Phosphoproteome	Macte_animo_Generose_puer_sic_itur_ad_astra	Macte_animo_Generose_puer_sic_itur_ad_astra	a_bene_placito	Orbitrap	Obedientia_civium_urbis_felicitas
proteomic	GC-FILE-310526	GC-PROTEOMIC-700022	e_causa_ignota	Lipidome	e_causa_ignota	nanos_gigantum_humeris_insidentes	nanos_gigantum_humeris_insidentes	Orbitrap	scientia,_aere_perennius
proteomic	GC-FILE-299983	GC-PROTEOMIC-791349	saltus_in_demonstrando	Glycoproteome	imperium_in_imperio	cacatum_non_est_pictum	imperium_in_imperio	Orbitrap	scientia_et_labor
proteomic	GC-FILE-622462	GC-PROTEOMIC-678332	scientiae_cedit_mare	Phosphoproteome	saltus_in_demonstrando	e_causa_ignota	salus_in_arduis	Orbitrap	scientiae_et_patriae
proteomic	GC-FILE-898601	GC-PROTEOMIC-990676	Obedientia_civium_urbis_felicitas	Metabolome	e_causa_ignota	salus_in_arduis	scientia_imperii_decus_et_tutamen	Orbitrap	barba_crescit_caput_nescit
proteomic	GC-FILE-806699	GC-PROTEOMIC-425232	barba_crescit_caput_nescit	Lipidome	barba_crescit_caput_nescit	a_bene_placito	nanos_gigantum_humeris_insidentes	Orbitrap	scientia,_aere_perennius
proteomic	GC-FILE-976952	GC-PROTEOMIC-880078	labor_ipse_voluptas	Phosphoproteome	faber_est_suae_quisque_fortunae	barba_crescit_caput_nescit	Obedientia_civium_urbis_felicitas	Orbitrap	saltus_in_demonstrando
proteomic	GC-FILE-202827	GC-PROTEOMIC-898218	salus_in_arduis	Ubiquitylome	cacatum_non_est_pictum	cacatum_non_est_pictum	cacatum_non_est_pictum	Orbitrap	nascentes_morimur_finisque_ab_origine_pendet
proteomic	GC-FILE-340343	GC-PROTEOMIC-102447	O_Tite_tute_Tati_tibi_tanta_tyranne_tulisti	Metabolome	scientia_et_labor	sapiens_qui_prospicit	scientia_et_sapientia	Orbitrap	nascentes_morimur_finisque_ab_origine_pendet
proteomic	GC-FILE-286337	GC-PROTEOMIC-903771	barba_crescit_caput_nescit	Lipidome	scientia,_aere_perennius	labor_ipse_voluptas	Obedientia_civium_urbis_felicitas	Orbitrap	scientiae_cedit_mare
proteomic	GC-FILE-356249	GC-PROTEOMIC-485819	Obedientia_civium_urbis_felicitas	Proteome	scientiae_et_patriae	faber_est_suae_quisque_fortunae	scientia_imperii_decus_et_tutamen	Orbitrap	nanos_gigantum_humeris_insidentes
proteomic	GC-FILE-223448	GC-PROTEOMIC-782305	scientia_imperii_decus_et_tutamen	Proteome	id_quod_plerumque_accidit	scientiae_cedit_mare	Macte_animo_Generose_puer_sic_itur_ad_astra	Orbitrap	scientiae_et_patriae
proteomic	GC-FILE-128432	GC-PROTEOMIC-465498	scientia_et_sapientia	Acetylome	scientiae_cedit_mare	a_bene_placito	nanos_gigantum_humeris_insidentes	Orbitrap	barba_crescit_caput_nescit
proteomic	GC-FILE-426579	GC-PROTEOMIC-733051	damnant_quod_non_intellegunt	Proteome	scientia,_aere_perennius	imperium_in_imperio	scientiae_et_patriae	Orbitrap	scientia_et_labor
proteomic	GC-FILE-257420	GC-PROTEOMIC-341188	salus_in_arduis	Glycoproteome	scientiae_cedit_mare	haec_olim_meminisse_iuvabit	nascentes_morimur_finisque_ab_origine_pendet	Orbitrap	imperium_in_imperio
proteomic	GC-FILE-436602	GC-PROTEOMIC-626577	scientiae_cedit_mare	Proteome	id_quod_plerumque_accidit	scientiae_cedit_mare	scientiae_cedit_mare	Orbitrap	saltus_in_demonstrando
proteomic	GC-FILE-802377	GC-PROTEOMIC-614591	nascentes_morimur_finisque_ab_origine_pendet	Ubiquitylome	faber_est_suae_quisque_fortunae	id_quod_plerumque_accidit	imperium_in_imperio	Orbitrap	Obedientia_civium_urbis_felicitas
proteomic	GC-FILE-174784	GC-PROTEOMIC-976939	scientia,_aere_perennius	Ubiquitylome	Gallia_est_omnis_divisa_in_partes_tres	nascentes_morimur_finisque_ab_origine_pendet	Macte_animo_Generose_puer_sic_itur_ad_astra	Orbitrap	Gallia_est_omnis_divisa_in_partes_tres
proteomic	GC-FILE-832708	GC-PROTEOMIC-197173	saltus_in_demonstrando	Phosphoproteome	Gallia_est_omnis_divisa_in_partes_tres	scientia_et_sapientia	labor_ipse_voluptas	Orbitrap	scientia_et_sapientia
proteomic	GC-FILE-997195	GC-PROTEOMIC-403199	scientia_imperii_decus_et_tutamen	Glycoproteome	salus_in_arduis	imperium_in_imperio	haec_olim_meminisse_iuvabit	Orbitrap	imperium_in_imperio
proteomic	GC-FILE-868035	GC-PROTEOMIC-497198	a_bene_placito	Acetylome	Obedientia_civium_urbis_felicitas	faber_est_suae_quisque_fortunae	O_Tite_tute_Tati_tibi_tanta_tyranne_tulisti	Orbitrap	scientia_et_sapientia
proteomic	GC-FILE-540759	GC-PROTEOMIC-150089	nanos_gigantum_humeris_insidentes	Lipidome	labor_ipse_voluptas	labor_ipse_voluptas	imperium_in_imperio	Orbitrap	cacatum_non_est_pictum
proteomic	GC-FILE-812108	GC-PROTEOMIC-994743	sapiens_qui_prospicit	Metabolome	saltus_in_demonstrando	salus_in_arduis	sapiens_qui_prospicit	Orbitrap	damnant_quod_non_intellegunt
proteomic	GC-FILE-189388	GC-PROTEOMIC-388382	scientia_et_sapientia	Ubiquitylome	imperium_in_imperio	scientiae_et_patriae	imperium_in_imperio	Orbitrap	e_causa_ignota
proteomic	GC-FILE-851767	GC-PROTEOMIC-903990	sapiens_qui_prospicit	Phosphoproteome	Macte_animo_Generose_puer_sic_itur_ad_astra	scientia_et_labor	id_quod_plerumque_accidit	Orbitrap	salus_in_arduis
proteomic	GC-FILE-237092	GC-PROTEOMIC-941591	barba_crescit_caput_nescit	Glycoproteome	scientia_imperii_decus_et_tutamen	saltus_in_demonstrando	saltus_in_demonstrando	Orbitrap	barba_crescit_caput_nescit
proteomic	GC-FILE-921641	GC-PROTEOMIC-191407	labor_ipse_voluptas	Ubiquitylome	scientiae_et_patriae	scientia,_aere_perennius	nascentes_morimur_finisque_ab_origine_pendet	Orbitrap	nascentes_morimur_finisque_ab_origine_pendet
proteomic	GC-FILE-933401	GC-PROTEOMIC-121886	cacatum_non_est_pictum	Phosphoproteome	pace_tua	saltus_in_demonstrando	nascentes_morimur_finisque_ab_origine_pendet	Orbitrap	sapiens_qui_prospicit
proteomic	GC-FILE-437508	GC-PROTEOMIC-158280	Obedientia_civium_urbis_felicitas	Lipidome	e_causa_ignota	imperium_in_imperio	saltus_in_demonstrando	Orbitrap	nascentes_morimur_finisque_ab_origine_pendet
proteomic	GC-FILE-544671	GC-PROTEOMIC-816580	id_quod_plerumque_accidit	Acetylome	e_causa_ignota	barba_crescit_caput_nescit	scientiae_et_patriae	Orbitrap	scientia_et_labor
proteomic	GC-FILE-872719	GC-PROTEOMIC-431145	labor_ipse_voluptas	Lipidome	e_causa_ignota	e_causa_ignota	Obedientia_civium_urbis_felicitas	Orbitrap	scientia_imperii_decus_et_tutamen
proteomic	GC-FILE-495841	GC-PROTEOMIC-906064	scientia,_aere_perennius	Phosphoproteome	salus_in_arduis	id_quod_plerumque_accidit	nascentes_morimur_finisque_ab_origine_pendet	Orbitrap	cacatum_non_est_pictum
proteomic	GC-FILE-251433	GC-PROTEOMIC-140958	id_quod_plerumque_accidit	Proteome	saltus_in_demonstrando	scientia_et_labor	scientia_imperii_decus_et_tutamen	Orbitrap	id_quod_plerumque_accidit
proteomic	GC-FILE-724527	GC-PROTEOMIC-729219	id_quod_plerumque_accidit	Ubiquitylome	labor_ipse_voluptas	nascentes_morimur_finisque_ab_origine_pendet	faber_est_suae_quisque_fortunae	Orbitrap	imperium_in_imperio
proteomic	GC-FILE-532360	GC-PROTEOMIC-559403	saltus_in_demonstrando	Proteome	id_quod_plerumque_accidit	scientiae_cedit_mare	scientia_et_labor	Orbitrap	scientia_et_sapientia
proteomic	GC-FILE-267727	GC-PROTEOMIC-619083	faber_est_suae_quisque_fortunae	Proteome	salus_in_arduis	e_causa_ignota	O_Tite_tute_Tati_tibi_tanta_tyranne_tulisti	Orbitrap	scientiae_cedit_mare
proteomic	GC-FILE-305573	GC-PROTEOMIC-568280	scientia_et_labor	Glycoproteome	barba_crescit_caput_nescit	scientia_et_sapientia	scientia_et_sapientia	Orbitrap	labor_ipse_voluptas
proteomic	GC-FILE-961391	GC-PROTEOMIC-812006	imperium_in_imperio	Ubiquitylome	damnant_quod_non_intellegunt	saltus_in_demonstrando	pace_tua	Orbitrap	imperium_in_imperio
proteomic	GC-FILE-357821	GC-PROTEOMIC-355398	labor_ipse_voluptas	Phosphoproteome	labor_ipse_voluptas	O_Tite_tute_Tati_tibi_tanta_tyranne_tulisti	faber_est_suae_quisque_fortunae	Orbitrap	haec_olim_meminisse_iuvabit
proteomic	GC-FILE-257577	GC-PROTEOMIC-220995	scientia_et_sapientia	Phosphoproteome	scientia,_aere_perennius	scientia_et_sapientia	Obedientia_civium_urbis_felicitas	Orbitrap	imperium_in_imperio
proteomic	GC-FILE-592880	GC-PROTEOMIC-532191	nanos_gigantum_humeris_insidentes	Glycoproteome	Gallia_est_omnis_divisa_in_partes_tres	scientiae_cedit_mare	scientia_et_labor	Orbitrap	nascentes_morimur_finisque_ab_origine_pendet
proteomic	GC-FILE-920629	GC-PROTEOMIC-927988	scientia,_aere_perennius	Glycoproteome	nanos_gigantum_humeris_insidentes	imperium_in_imperio	faber_est_suae_quisque_fortunae	Orbitrap	scientiae_et_patriae
proteomic	GC-FILE-214286	GC-PROTEOMIC-972374	Obedientia_civium_urbis_felicitas	Glycoproteome	salus_in_arduis	scientia_et_sapientia	saltus_in_demonstrando	Orbitrap	scientia,_aere_perennius
proteomic	GC-FILE-989231	GC-PROTEOMIC-135999	scientia_imperii_decus_et_tutamen	Ubiquitylome	sapiens_qui_prospicit	labor_ipse_voluptas	faber_est_suae_quisque_fortunae	Orbitrap	Macte_animo_Generose_puer_sic_itur_ad_astra
proteomic	GC-FILE-615209	GC-PROTEOMIC-515273	id_quod_plerumque_accidit	Ubiquitylome	e_causa_ignota	labor_ipse_voluptas	sapiens_qui_prospicit	Orbitrap	nanos_gigantum_humeris_insidentes
proteomic	GC-FILE-471128	GC-PROTEOMIC-905641	faber_est_suae_quisque_fortunae	Lipidome	nanos_gigantum_humeris_insidentes	haec_olim_meminisse_iuvabit	O_Tite_tute_Tati_tibi_tanta_tyranne_tulisti	Orbitrap	cacatum_non_est_pictum
proteomic	GC-FILE-729650	GC-PROTEOMIC-150815	Macte_animo_Generose_puer_sic_itur_ad_astra	Ubiquitylome	id_quod_plerumque_accidit	Gallia_est_omnis_divisa_in_partes_tres	damnant_quod_non_intellegunt	Orbitrap	cacatum_non_est_pictum
proteomic	GC-FILE-984022	GC-PROTEOMIC-439632	e_causa_ignota	Acetylome	nascentes_morimur_finisque_ab_origine_pendet	haec_olim_meminisse_iuvabit	imperium_in_imperio	Orbitrap	Gallia_est_omnis_divisa_in_partes_tres
proteomic	GC-FILE-315759	GC-PROTEOMIC-930806	saltus_in_demonstrando	Lipidome	nascentes_morimur_finisque_ab_origine_pendet	scientia_et_labor	barba_crescit_caput_nescit	Orbitrap	nascentes_morimur_finisque_ab_origine_pendet
proteomic	GC-FILE-765143	GC-PROTEOMIC-475251	id_quod_plerumque_accidit	Glycoproteome	O_Tite_tute_Tati_tibi_tanta_tyranne_tulisti	imperium_in_imperio	imperium_in_imperio	Orbitrap	O_Tite_tute_Tati_tibi_tanta_tyranne_tulisti
proteomic	GC-FILE-379670	GC-PROTEOMIC-948451	e_causa_ignota	Acetylome	Macte_animo_Generose_puer_sic_itur_ad_astra	salus_in_arduis	cacatum_non_est_pictum	Orbitrap	e_causa_ignota
proteomic	GC-FILE-906320	GC-PROTEOMIC-377974	cacatum_non_est_pictum	Metabolome	nascentes_morimur_finisque_ab_origine_pendet	a_bene_placito	sapiens_qui_prospicit	Orbitrap	scientia_et_labor
proteomic	GC-FILE-879148	GC-PROTEOMIC-486540	cacatum_non_est_pictum	Acetylome	scientia,_aere_perennius	scientiae_cedit_mare	scientia,_aere_perennius	Orbitrap	scientiae_cedit_mare
proteomic	GC-FILE-719124	GC-PROTEOMIC-939620	haec_olim_meminisse_iuvabit	Proteome	scientia_imperii_decus_et_tutamen	O_Tite_tute_Tati_tibi_tanta_tyranne_tulisti	pace_tua	Orbitrap	O_Tite_tute_Tati_tibi_tanta_tyranne_tulisti
proteomic	GC-FILE-991555	GC-PROTEOMIC-505086	sapiens_qui_prospicit	Glycoproteome	salus_in_arduis	labor_ipse_voluptas	pace_tua	Orbitrap	scientiae_et_patriae
proteomic	GC-FILE-642199	GC-PROTEOMIC-156684	O_Tite_tute_Tati_tibi_tanta_tyranne_tulisti	Metabolome	Macte_animo_Generose_puer_sic_itur_ad_astra	haec_olim_meminisse_iuvabit	scientiae_et_patriae	Orbitrap	sapiens_qui_prospicit
proteomic	GC-FILE-298922	GC-PROTEOMIC-292750	cacatum_non_est_pictum	Proteome	scientiae_et_patriae	sapiens_qui_prospicit	damnant_quod_non_intellegunt	Orbitrap	id_quod_plerumque_accidit
proteomic	GC-FILE-395113	GC-PROTEOMIC-738256	Obedientia_civium_urbis_felicitas	Lipidome	Gallia_est_omnis_divisa_in_partes_tres	damnant_quod_non_intellegunt	scientiae_cedit_mare	Orbitrap	barba_crescit_caput_nescit
proteomic	GC-FILE-296490	GC-PROTEOMIC-829810	e_causa_ignota	Ubiquitylome	pace_tua	nascentes_morimur_finisque_ab_origine_pendet	salus_in_arduis	Orbitrap	saltus_in_demonstrando
proteomic	GC-FILE-771828	GC-PROTEOMIC-281416	nascentes_morimur_finisque_ab_origine_pendet	Glycoproteome	scientiae_cedit_mare	id_quod_plerumque_accidit	scientiae_et_patriae	Orbitrap	sapiens_qui_prospicit
proteomic	GC-FILE-882651	GC-PROTEOMIC-957890	barba_crescit_caput_nescit	Phosphoproteome	O_Tite_tute_Tati_tibi_tanta_tyranne_tulisti	imperium_in_imperio	imperium_in_imperio	Orbitrap	salus_in_arduis
proteomic	GC-FILE-282688	GC-PROTEOMIC-186131	sapiens_qui_prospicit	Proteome	sapiens_qui_prospicit	O_Tite_tute_Tati_tibi_tanta_tyranne_tulisti	cacatum_non_est_pictum	Orbitrap	Obedientia_civium_urbis_felicitas
proteomic	GC-FILE-456600	GC-PROTEOMIC-335855	scientiae_et_patriae	Proteome	nascentes_morimur_finisque_ab_origine_pendet	Macte_animo_Generose_puer_sic_itur_ad_astra	nanos_gigantum_humeris_insidentes	Orbitrap	labor_ipse_voluptas
proteomic	GC-FILE-120925	GC-PROTEOMIC-977041	e_causa_ignota	Acetylome	saltus_in_demonstrando	id_quod_plerumque_accidit	salus_in_arduis	Orbitrap	a_bene_placito
proteomic	GC-FILE-580927	GC-PROTEOMIC-408206	imperium_in_imperio	Metabolome	labor_ipse_voluptas	scientia_et_labor	scientia_et_sapientia	Orbitrap	damnant_quod_non_intellegunt
proteomic	GC-FILE-118286	GC-PROTEOMIC-544737	Macte_animo_Generose_puer_sic_itur_ad_astra	Proteome	scientia_imperii_decus_et_tutamen	nascentes_morimur_finisque_ab_origine_pendet	a_bene_placito	Orbitrap	scientia_et_labor
proteomic	GC-FILE-127810	GC-PROTEOMIC-493600	labor_ipse_voluptas	Lipidome	scientia_et_sapientia	e_causa_ignota	Obedientia_civium_urbis_felicitas	Orbitrap	labor_ipse_voluptas
proteomic	GC-FILE-204920	GC-PROTEOMIC-948102	scientia_et_sapientia	Metabolome	sapiens_qui_prospicit	pace_tua	faber_est_suae_quisque_fortunae	Orbitrap	saltus_in_demonstrando
proteomic	GC-FILE-994212	GC-PROTEOMIC-348631	nanos_gigantum_humeris_insidentes	Ubiquitylome	cacatum_non_est_pictum	nascentes_morimur_finisque_ab_origine_pendet	saltus_in_demonstrando	Orbitrap	Obedientia_civium_urbis_felicitas
proteomic	GC-FILE-529870	GC-PROTEOMIC-242318	Macte_animo_Generose_puer_sic_itur_ad_astra	Lipidome	scientiae_et_patriae	a_bene_placito	e_causa_ignota	Orbitrap	labor_ipse_voluptas
proteomic	GC-FILE-604925	GC-PROTEOMIC-992712	nascentes_morimur_finisque_ab_origine_pendet	Acetylome	nascentes_morimur_finisque_ab_origine_pendet	e_causa_ignota	haec_olim_meminisse_iuvabit	Orbitrap	scientia_imperii_decus_et_tutamen
proteomic	GC-FILE-640134	GC-PROTEOMIC-164988	Gallia_est_omnis_divisa_in_partes_tres	Proteome	scientiae_cedit_mare	faber_est_suae_quisque_fortunae	O_Tite_tute_Tati_tibi_tanta_tyranne_tulisti	Orbitrap	Gallia_est_omnis_divisa_in_partes_tres
proteomic	GC-FILE-641498	GC-PROTEOMIC-520150	e_causa_ignota	Proteome	e_causa_ignota	Gallia_est_omnis_divisa_in_partes_tres	damnant_quod_non_intellegunt	Orbitrap	id_quod_plerumque_accidit
proteomic	GC-FILE-514064	GC-PROTEOMIC-846834	Macte_animo_Generose_puer_sic_itur_ad_astra	Phosphoproteome	scientia_imperii_decus_et_tutamen	nascentes_morimur_finisque_ab_origine_pendet	haec_olim_meminisse_iuvabit	Orbitrap	imperium_in_imperio
proteomic	GC-FILE-996874	GC-PROTEOMIC-312814	a_bene_placito	Metabolome	salus_in_arduis	scientiae_et_patriae	scientia_et_labor	Orbitrap	Gallia_est_omnis_divisa_in_partes_tres
proteomic	GC-FILE-249042	GC-PROTEOMIC-985626	scientia_imperii_decus_et_tutamen	Ubiquitylome	Macte_animo_Generose_puer_sic_itur_ad_astra	damnant_quod_non_intellegunt	labor_ipse_voluptas	Orbitrap	scientiae_cedit_mare
proteomic	GC-FILE-354869	GC-PROTEOMIC-143787	nanos_gigantum_humeris_insidentes	Metabolome	Gallia_est_omnis_divisa_in_partes_tres	saltus_in_demonstrando	scientia,_aere_perennius	Orbitrap	labor_ipse_voluptas
proteomic	GC-FILE-811359	GC-PROTEOMIC-478017	scientia_et_sapientia	Proteome	nanos_gigantum_humeris_insidentes	saltus_in_demonstrando	scientia,_aere_perennius	Orbitrap	scientia,_aere_perennius
proteomic	GC-FILE-880238	GC-PROTEOMIC-647486	Obedientia_civium_urbis_felicitas	Glycoproteome	id_quod_plerumque_accidit	id_quod_plerumque_accidit	a_bene_placito	Orbitrap	cacatum_non_est_pictum
proteomic	GC-FILE-676115	GC-PROTEOMIC-244614	scientia_imperii_decus_et_tutamen	Phosphoproteome	a_bene_placito	scientia_imperii_decus_et_tutamen	sapiens_qui_prospicit	Orbitrap	e_causa_ignota
proteomic	GC-FILE-788095	GC-PROTEOMIC-732714	pace_tua	Ubiquitylome	Gallia_est_omnis_divisa_in_partes_tres	scientia_et_sapientia	id_quod_plerumque_accidit	Orbitrap	barba_crescit_caput_nescit
proteomic	GC-FILE-713856	GC-PROTEOMIC-251842	scientia_et_sapientia	Glycoproteome	scientiae_et_patriae	saltus_in_demonstrando	a_bene_placito	Orbitrap	scientia,_aere_perennius
proteomic	GC-FILE-489675	GC-PROTEOMIC-863541	barba_crescit_caput_nescit	Acetylome	scientia_et_labor	O_Tite_tute_Tati_tibi_tanta_tyranne_tulisti	Macte_animo_Generose_puer_sic_itur_ad_astra	Orbitrap	nascentes_morimur_finisque_ab_origine_pendet
proteomic	GC-FILE-468101	GC-PROTEOMIC-116107	saltus_in_demonstrando	Ubiquitylome	Macte_animo_Generose_puer_sic_itur_ad_astra	O_Tite_tute_Tati_tibi_tanta_tyranne_tulisti	faber_est_suae_quisque_fortunae	Orbitrap	barba_crescit_caput_nescit
proteomic	GC-FILE-326476	GC-PROTEOMIC-539473	Gallia_est_omnis_divisa_in_partes_tres	Glycoproteome	a_bene_placito	barba_crescit_caput_nescit	scientia,_aere_perennius	Orbitrap	haec_olim_meminisse_iuvabit
proteomic	GC-FILE-416224	GC-PROTEOMIC-338103	scientia_et_sapientia	Metabolome	e_causa_ignota	scientia_et_sapientia	nanos_gigantum_humeris_insidentes	Orbitrap	pace_tua
proteomic	GC-FILE-542045	GC-PROTEOMIC-381230	scientia,_aere_perennius	Phosphoproteome	labor_ipse_voluptas	scientiae_cedit_mare	scientiae_et_patriae	Orbitrap	Gallia_est_omnis_divisa_in_partes_tres
proteomic	GC-FILE-230842	GC-PROTEOMIC-724952	damnant_quod_non_intellegunt	Lipidome	imperium_in_imperio	scientia_imperii_decus_et_tutamen	e_causa_ignota	Orbitrap	imperium_in_imperio
proteomic	GC-FILE-320102	GC-PROTEOMIC-825232	sapiens_qui_prospicit	Glycoproteome	Gallia_est_omnis_divisa_in_partes_tres	scientia_imperii_decus_et_tutamen	id_quod_plerumque_accidit	Orbitrap	cacatum_non_est_pictum
proteomic	GC-FILE-685454	GC-PROTEOMIC-354510	e_causa_ignota	Phosphoproteome	saltus_in_demonstrando	nascentes_morimur_finisque_ab_origine_pendet	scientia,_aere_perennius	Orbitrap	nascentes_morimur_finisque_ab_origine_pendet
proteomic	GC-FILE-215286	GC-PROTEOMIC-644567	scientiae_cedit_mare	Acetylome	Gallia_est_omnis_divisa_in_partes_tres	scientia_et_labor	damnant_quod_non_intellegunt	Orbitrap	faber_est_suae_quisque_fortunae
proteomic	GC-FILE-889042	GC-PROTEOMIC-302345	saltus_in_demonstrando	Phosphoproteome	scientia_et_labor	scientia_imperii_decus_et_tutamen	Gallia_est_omnis_divisa_in_partes_tres	Orbitrap	Obedientia_civium_urbis_felicitas
proteomic	GC-FILE-870502	GC-PROTEOMIC-886485	barba_crescit_caput_nescit	Lipidome	Macte_animo_Generose_puer_sic_itur_ad_astra	damnant_quod_non_intellegunt	pace_tua	Orbitrap	haec_olim_meminisse_iuvabit
proteomic	GC-FILE-683513	GC-PROTEOMIC-591035	cacatum_non_est_pictum	Ubiquitylome	O_Tite_tute_Tati_tibi_tanta_tyranne_tulisti	scientia,_aere_perennius	id_quod_plerumque_accidit	Orbitrap	scientia_et_sapientia
proteomic	GC-FILE-206803	GC-PROTEOMIC-326095	pace_tua	Lipidome	haec_olim_meminisse_iuvabit	scientiae_cedit_mare	O_Tite_tute_Tati_tibi_tanta_tyranne_tulisti	Orbitrap	sapiens_qui_prospicit
proteomic	GC-FILE-978246	GC-PROTEOMIC-595914	scientia,_aere_perennius	Metabolome	scientiae_et_patriae	cacatum_non_est_pictum	id_quod_plerumque_accidit	Orbitrap	salus_in_arduis
proteomic	GC-FILE-634314	GC-PROTEOMIC-528048	nascentes_morimur_finisque_ab_origine_pendet	Metabolome	faber_est_suae_quisque_fortunae	Macte_animo_Generose_puer_sic_itur_ad_astra	scientia_et_labor	Orbitrap	Gallia_est_omnis_divisa_in_partes_tres
proteomic	GC-FILE-806926	GC-PROTEOMIC-122983	barba_crescit_caput_nescit	Phosphoproteome	haec_olim_meminisse_iuvabit	cacatum_non_est_pictum	saltus_in_demonstrando	Orbitrap	scientia,_aere_perennius
proteomic	GC-FILE-243869	GC-PROTEOMIC-754881	Macte_animo_Generose_puer_sic_itur_ad_astra	Phosphoproteome	salus_in_arduis	salus_in_arduis	nascentes_morimur_finisque_ab_origine_pendet	Orbitrap	Obedientia_civium_urbis_felicitas
proteomic	GC-FILE-890336	GC-PROTEOMIC-127145	Obedientia_civium_urbis_felicitas	Lipidome	imperium_in_imperio	scientia,_aere_perennius	barba_crescit_caput_nescit	Orbitrap	O_Tite_tute_Tati_tibi_tanta_tyranne_tulisti
proteomic	GC-FILE-406237	GC-PROTEOMIC-743538	id_quod_plerumque_accidit	Metabolome	Macte_animo_Generose_puer_sic_itur_ad_astra	nascentes_morimur_finisque_ab_origine_pendet	faber_est_suae_quisque_fortunae	Orbitrap	barba_crescit_caput_nescit
proteomic	GC-FILE-446762	GC-PROTEOMIC-537227	nanos_gigantum_humeris_insidentes	Phosphoproteome	scientia_et_labor	a_bene_placito	barba_crescit_caput_nescit	Orbitrap	labor_ipse_voluptas
proteomic	GC-FILE-530553	GC-PROTEOMIC-251934	sapiens_qui_prospicit	Metabolome	scientia_imperii_decus_et_tutamen	damnant_quod_non_intellegunt	faber_est_suae_quisque_fortunae	Orbitrap	a_bene_placito
proteomic	GC-FILE-177713	GC-PROTEOMIC-989431	e_causa_ignota	Acetylome	id_quod_plerumque_accidit	a_bene_placito	scientia,_aere_perennius	Orbitrap	imperium_in_imperio
proteomic	GC-FILE-873386	GC-PROTEOMIC-494169	labor_ipse_voluptas	Acetylome	a_bene_placito	O_Tite_tute_Tati_tibi_tanta_tyranne_tulisti	nascentes_morimur_finisque_ab_origine_pendet	Orbitrap	labor_ipse_voluptas
proteomic	GC-FILE-600781	GC-PROTEOMIC-403076	labor_ipse_voluptas	Glycoproteome	scientia_et_labor	cacatum_non_est_pictum	Gallia_est_omnis_divisa_in_partes_tres	Orbitrap	a_bene_placito
proteomic	GC-FILE-716299	GC-PROTEOMIC-598057	scientia_et_labor	Ubiquitylome	nascentes_morimur_finisque_ab_origine_pendet	scientia,_aere_perennius	nascentes_morimur_finisque_ab_origine_pendet	Orbitrap	scientiae_cedit_mare
proteomic	GC-FILE-668664	GC-PROTEOMIC-353772	barba_crescit_caput_nescit	Glycoproteome	scientia,_aere_perennius	barba_crescit_caput_nescit	scientiae_cedit_mare	Orbitrap	salus_in_arduis
proteomic	GC-FILE-383154	GC-PROTEOMIC-906522	pace_tua	Lipidome	e_causa_ignota	imperium_in_imperio	scientiae_et_patriae	Orbitrap	id_quod_plerumque_accidit
proteomic	GC-FILE-531553	GC-PROTEOMIC-725811	damnant_quod_non_intellegunt	Proteome	scientia_imperii_decus_et_tutamen	a_bene_placito	cacatum_non_est_pictum	Orbitrap	faber_est_suae_quisque_fortunae
proteomic	GC-FILE-756451	GC-PROTEOMIC-882823	scientiae_cedit_mare	Glycoproteome	scientia_et_labor	id_quod_plerumque_accidit	scientia_et_sapientia	Orbitrap	scientia_et_labor
proteomic	GC-FILE-648593	GC-PROTEOMIC-926677	scientia_et_sapientia	Proteome	a_bene_placito	salus_in_arduis	a_bene_placito	Orbitrap	barba_crescit_caput_nescit
proteomic	GC-FILE-490220	GC-PROTEOMIC-388702	nanos_gigantum_humeris_insidentes	Ubiquitylome	scientiae_cedit_mare	nascentes_morimur_finisque_ab_origine_pendet	scientia_et_labor	Orbitrap	scientia,_aere_perennius
proteomic	GC-FILE-670573	GC-PROTEOMIC-631660	scientia_et_sapientia	Metabolome	haec_olim_meminisse_iuvabit	pace_tua	id_quod_plerumque_accidit	Orbitrap	e_causa_ignota
proteomic	GC-FILE-118042	GC-PROTEOMIC-803247	cacatum_non_est_pictum	Proteome	pace_tua	pace_tua	scientia,_aere_perennius	Orbitrap	id_quod_plerumque_accidit
proteomic	GC-FILE-791505	GC-PROTEOMIC-332791	labor_ipse_voluptas	Ubiquitylome	Macte_animo_Generose_puer_sic_itur_ad_astra	id_quod_plerumque_accidit	Obedientia_civium_urbis_felicitas	Orbitrap	scientia_et_labor
proteomic	GC-FILE-530956	GC-PROTEOMIC-719479	pace_tua	Proteome	faber_est_suae_quisque_fortunae	scientia_et_sapientia	cacatum_non_est_pictum	Orbitrap	a_bene_placito
proteomic	GC-FILE-298317	GC-PROTEOMIC-595892	damnant_quod_non_intellegunt	Acetylome	barba_crescit_caput_nescit	faber_est_suae_quisque_fortunae	scientia_imperii_decus_et_tutamen	Orbitrap	sapiens_qui_prospicit
proteomic	GC-FILE-752294	GC-PROTEOMIC-408404	Obedientia_civium_urbis_felicitas	Phosphoproteome	scientia,_aere_perennius	a_bene_placito	nascentes_morimur_finisque_ab_origine_pendet	Orbitrap	Macte_animo_Generose_puer_sic_itur_ad_astra
proteomic	GC-FILE-636620	GC-PROTEOMIC-530178	Gallia_est_omnis_divisa_in_partes_tres	Ubiquitylome	scientia_imperii_decus_et_tutamen	salus_in_arduis	haec_olim_meminisse_iuvabit	Orbitrap	scientia_imperii_decus_et_tutamen
proteomic	GC-FILE-949118	GC-PROTEOMIC-331967	Macte_animo_Generose_puer_sic_itur_ad_astra	Ubiquitylome	nanos_gigantum_humeris_insidentes	nanos_gigantum_humeris_insidentes	scientia_et_sapientia	Orbitrap	saltus_in_demonstrando
proteomic	GC-FILE-955355	GC-PROTEOMIC-393515	saltus_in_demonstrando	Ubiquitylome	a_bene_placito	haec_olim_meminisse_iuvabit	scientiae_et_patriae	Orbitrap	scientiae_et_patriae
proteomic	GC-FILE-775784	GC-PROTEOMIC-818961	Macte_animo_Generose_puer_sic_itur_ad_astra	Metabolome	scientia_et_sapientia	scientia_et_labor	scientia,_aere_perennius	Orbitrap	sapiens_qui_prospicit
proteomic	GC-FILE-728313	GC-PROTEOMIC-310687	imperium_in_imperio	Phosphoproteome	Gallia_est_omnis_divisa_in_partes_tres	labor_ipse_voluptas	haec_olim_meminisse_iuvabit	Orbitrap	salus_in_arduis
proteomic	GC-FILE-458808	GC-PROTEOMIC-494033	Gallia_est_omnis_divisa_in_partes_tres	Ubiquitylome	scientia_imperii_decus_et_tutamen	pace_tua	scientiae_et_patriae	Orbitrap	a_bene_placito
proteomic	GC-FILE-606947	GC-PROTEOMIC-716554	saltus_in_demonstrando	Glycoproteome	id_quod_plerumque_accidit	scientiae_et_patriae	scientia_imperii_decus_et_tutamen	Orbitrap	scientiae_et_patriae
proteomic	GC-FILE-648232	GC-PROTEOMIC-298963	scientia,_aere_perennius	Ubiquitylome	Obedientia_civium_urbis_felicitas	Macte_animo_Generose_puer_sic_itur_ad_astra	saltus_in_demonstrando	Orbitrap	faber_est_suae_quisque_fortunae
proteomic	GC-FILE-232739	GC-PROTEOMIC-260806	faber_est_suae_quisque_fortunae	Glycoproteome	scientia_imperii_decus_et_tutamen	damnant_quod_non_intellegunt	Obedientia_civium_urbis_felicitas	Orbitrap	nascentes_morimur_finisque_ab_origine_pendet
proteomic	GC-FILE-320352	GC-PROTEOMIC-436679	scientia,_aere_perennius	Phosphoproteome	scientiae_et_patriae	faber_est_suae_quisque_fortunae	O_Tite_tute_Tati_tibi_tanta_tyranne_tulisti	Orbitrap	O_Tite_tute_Tati_tibi_tanta_tyranne_tulisti
proteomic	GC-FILE-575349	GC-PROTEOMIC-105530	scientiae_cedit_mare	Ubiquitylome	O_Tite_tute_Tati_tibi_tanta_tyranne_tulisti	nascentes_morimur_finisque_ab_origine_pendet	salus_in_arduis	Orbitrap	Obedientia_civium_urbis_felicitas
proteomic	GC-FILE-516377	GC-PROTEOMIC-286777	scientia_et_sapientia	Glycoproteome	scientiae_et_patriae	scientia,_aere_perennius	scientiae_cedit_mare	Orbitrap	id_quod_plerumque_accidit
proteomic	GC-FILE-313518	GC-PROTEOMIC-186603	scientia_et_labor	Glycoproteome	barba_crescit_caput_nescit	pace_tua	nascentes_morimur_finisque_ab_origine_pendet	Orbitrap	O_Tite_tute_Tati_tibi_tanta_tyranne_tulisti
proteomic	GC-FILE-759485	GC-PROTEOMIC-783081	scientia_imperii_decus_et_tutamen	Acetylome	cacatum_non_est_pictum	scientia_et_labor	saltus_in_demonstrando	Orbitrap	Macte_animo_Generose_puer_sic_itur_ad_astra
proteomic	GC-FILE-868341	GC-PROTEOMIC-907551	scientia_et_labor	Ubiquitylome	saltus_in_demonstrando	labor_ipse_voluptas	labor_ipse_voluptas	Orbitrap	id_quod_plerumque_accidit
