type	file.file_id	proteomic_info_id	aliquot_id	analytical_fractions	instrument_make	proteomic_instrument_model	proteomic_design_description	manufacturer_model_name	crdc_id
proteomic	GC-FILE-258357	GC-PROTEOMIC-101175	Macte_animo_Generose_puer_sic_itur_ad_astra	Metabolome	salus_in_arduis	scientia_et_labor	haec_olim_meminisse_iuvabit	Orbitrap	scientiae_cedit_mare
proteomic	GC-FILE-506028	GC-PROTEOMIC-542818	scientia_et_sapientia	Phosphoproteome	nanos_gigantum_humeris_insidentes	Macte_animo_Generose_puer_sic_itur_ad_astra	sapiens_qui_prospicit	Orbitrap	faber_est_suae_quisque_fortunae
proteomic	GC-FILE-511344	GC-PROTEOMIC-134899	a_bene_placito	Proteome	saltus_in_demonstrando	nanos_gigantum_humeris_insidentes	nascentes_morimur_finisque_ab_origine_pendet	Orbitrap	sapiens_qui_prospicit
proteomic	GC-FILE-830255	GC-PROTEOMIC-955489	faber_est_suae_quisque_fortunae	Metabolome	imperium_in_imperio	scientiae_et_patriae	cacatum_non_est_pictum	Orbitrap	damnant_quod_non_intellegunt
proteomic	GC-FILE-740609	GC-PROTEOMIC-354500	faber_est_suae_quisque_fortunae	Glycoproteome	pace_tua	salus_in_arduis	sapiens_qui_prospicit	Orbitrap	imperium_in_imperio
proteomic	GC-FILE-392173	GC-PROTEOMIC-848216	Obedientia_civium_urbis_felicitas	Lipidome	Gallia_est_omnis_divisa_in_partes_tres	damnant_quod_non_intellegunt	sapiens_qui_prospicit	Orbitrap	scientia_et_labor
proteomic	GC-FILE-623800	GC-PROTEOMIC-871699	Gallia_est_omnis_divisa_in_partes_tres	Lipidome	scientia_et_sapientia	id_quod_plerumque_accidit	damnant_quod_non_intellegunt	Orbitrap	barba_crescit_caput_nescit
proteomic	GC-FILE-327351	GC-PROTEOMIC-648214	scientia_et_labor	Phosphoproteome	scientia_et_labor	saltus_in_demonstrando	scientia,_aere_perennius	Orbitrap	Gallia_est_omnis_divisa_in_partes_tres
proteomic	GC-FILE-963543	GC-PROTEOMIC-941463	scientia_et_sapientia	Metabolome	a_bene_placito	id_quod_plerumque_accidit	scientia_et_labor	Orbitrap	scientia,_aere_perennius
proteomic	GC-FILE-417814	GC-PROTEOMIC-789517	pace_tua	Phosphoproteome	scientiae_et_patriae	labor_ipse_voluptas	a_bene_placito	Orbitrap	scientia_imperii_decus_et_tutamen
proteomic	GC-FILE-582905	GC-PROTEOMIC-627157	nanos_gigantum_humeris_insidentes	Phosphoproteome	labor_ipse_voluptas	labor_ipse_voluptas	O_Tite_tute_Tati_tibi_tanta_tyranne_tulisti	Orbitrap	e_causa_ignota
proteomic	GC-FILE-887072	GC-PROTEOMIC-413146	scientia_et_sapientia	Proteome	pace_tua	haec_olim_meminisse_iuvabit	imperium_in_imperio	Orbitrap	pace_tua
proteomic	GC-FILE-793003	GC-PROTEOMIC-388800	scientiae_cedit_mare	Acetylome	Gallia_est_omnis_divisa_in_partes_tres	damnant_quod_non_intellegunt	a_bene_placito	Orbitrap	Macte_animo_Generose_puer_sic_itur_ad_astra
proteomic	GC-FILE-748268	GC-PROTEOMIC-575400	id_quod_plerumque_accidit	Proteome	damnant_quod_non_intellegunt	scientia_et_labor	sapiens_qui_prospicit	Orbitrap	a_bene_placito
proteomic	GC-FILE-224311	GC-PROTEOMIC-584289	scientiae_cedit_mare	Metabolome	sapiens_qui_prospicit	id_quod_plerumque_accidit	imperium_in_imperio	Orbitrap	Gallia_est_omnis_divisa_in_partes_tres
proteomic	GC-FILE-407316	GC-PROTEOMIC-605071	pace_tua	Metabolome	imperium_in_imperio	nanos_gigantum_humeris_insidentes	haec_olim_meminisse_iuvabit	Orbitrap	labor_ipse_voluptas
proteomic	GC-FILE-365224	GC-PROTEOMIC-453233	O_Tite_tute_Tati_tibi_tanta_tyranne_tulisti	Phosphoproteome	scientia,_aere_perennius	scientia_et_labor	saltus_in_demonstrando	Orbitrap	scientiae_cedit_mare
proteomic	GC-FILE-299176	GC-PROTEOMIC-273957	nascentes_morimur_finisque_ab_origine_pendet	Metabolome	pace_tua	scientia,_aere_perennius	labor_ipse_voluptas	Orbitrap	sapiens_qui_prospicit
proteomic	GC-FILE-664548	GC-PROTEOMIC-678172	e_causa_ignota	Lipidome	Gallia_est_omnis_divisa_in_partes_tres	nascentes_morimur_finisque_ab_origine_pendet	scientia_et_sapientia	Orbitrap	damnant_quod_non_intellegunt
proteomic	GC-FILE-815013	GC-PROTEOMIC-205374	damnant_quod_non_intellegunt	Proteome	sapiens_qui_prospicit	scientia,_aere_perennius	faber_est_suae_quisque_fortunae	Orbitrap	scientia_et_labor
proteomic	GC-FILE-668445	GC-PROTEOMIC-163872	e_causa_ignota	Glycoproteome	nanos_gigantum_humeris_insidentes	pace_tua	barba_crescit_caput_nescit	Orbitrap	scientiae_cedit_mare
proteomic	GC-FILE-878623	GC-PROTEOMIC-814911	labor_ipse_voluptas	Proteome	sapiens_qui_prospicit	e_causa_ignota	imperium_in_imperio	Orbitrap	Gallia_est_omnis_divisa_in_partes_tres
proteomic	GC-FILE-214346	GC-PROTEOMIC-536142	scientia_imperii_decus_et_tutamen	Lipidome	id_quod_plerumque_accidit	Gallia_est_omnis_divisa_in_partes_tres	pace_tua	Orbitrap	nascentes_morimur_finisque_ab_origine_pendet
proteomic	GC-FILE-854031	GC-PROTEOMIC-435032	nanos_gigantum_humeris_insidentes	Ubiquitylome	scientiae_et_patriae	saltus_in_demonstrando	sapiens_qui_prospicit	Orbitrap	imperium_in_imperio
proteomic	GC-FILE-569390	GC-PROTEOMIC-731873	Macte_animo_Generose_puer_sic_itur_ad_astra	Phosphoproteome	imperium_in_imperio	scientia_et_labor	Gallia_est_omnis_divisa_in_partes_tres	Orbitrap	O_Tite_tute_Tati_tibi_tanta_tyranne_tulisti
proteomic	GC-FILE-138693	GC-PROTEOMIC-605703	a_bene_placito	Ubiquitylome	nascentes_morimur_finisque_ab_origine_pendet	imperium_in_imperio	cacatum_non_est_pictum	Orbitrap	labor_ipse_voluptas
proteomic	GC-FILE-225074	GC-PROTEOMIC-645718	haec_olim_meminisse_iuvabit	Phosphoproteome	saltus_in_demonstrando	imperium_in_imperio	salus_in_arduis	Orbitrap	labor_ipse_voluptas
proteomic	GC-FILE-180761	GC-PROTEOMIC-660376	id_quod_plerumque_accidit	Proteome	faber_est_suae_quisque_fortunae	barba_crescit_caput_nescit	cacatum_non_est_pictum	Orbitrap	scientiae_cedit_mare
proteomic	GC-FILE-144665	GC-PROTEOMIC-165424	nanos_gigantum_humeris_insidentes	Lipidome	nanos_gigantum_humeris_insidentes	faber_est_suae_quisque_fortunae	scientia_et_sapientia	Orbitrap	e_causa_ignota
proteomic	GC-FILE-877241	GC-PROTEOMIC-172276	haec_olim_meminisse_iuvabit	Glycoproteome	barba_crescit_caput_nescit	barba_crescit_caput_nescit	id_quod_plerumque_accidit	Orbitrap	Obedientia_civium_urbis_felicitas
proteomic	GC-FILE-812633	GC-PROTEOMIC-272664	a_bene_placito	Metabolome	scientia_imperii_decus_et_tutamen	sapiens_qui_prospicit	faber_est_suae_quisque_fortunae	Orbitrap	Macte_animo_Generose_puer_sic_itur_ad_astra
proteomic	GC-FILE-356079	GC-PROTEOMIC-288132	labor_ipse_voluptas	Proteome	a_bene_placito	cacatum_non_est_pictum	pace_tua	Orbitrap	nascentes_morimur_finisque_ab_origine_pendet
proteomic	GC-FILE-143902	GC-PROTEOMIC-747560	saltus_in_demonstrando	Glycoproteome	scientia_et_labor	damnant_quod_non_intellegunt	e_causa_ignota	Orbitrap	haec_olim_meminisse_iuvabit
proteomic	GC-FILE-803657	GC-PROTEOMIC-271054	labor_ipse_voluptas	Lipidome	Macte_animo_Generose_puer_sic_itur_ad_astra	nanos_gigantum_humeris_insidentes	a_bene_placito	Orbitrap	pace_tua
proteomic	GC-FILE-591660	GC-PROTEOMIC-672823	salus_in_arduis	Proteome	cacatum_non_est_pictum	haec_olim_meminisse_iuvabit	nascentes_morimur_finisque_ab_origine_pendet	Orbitrap	id_quod_plerumque_accidit
proteomic	GC-FILE-241420	GC-PROTEOMIC-130843	nascentes_morimur_finisque_ab_origine_pendet	Ubiquitylome	damnant_quod_non_intellegunt	a_bene_placito	scientia_imperii_decus_et_tutamen	Orbitrap	salus_in_arduis
proteomic	GC-FILE-263075	GC-PROTEOMIC-627481	scientiae_et_patriae	Proteome	scientia_et_labor	a_bene_placito	a_bene_placito	Orbitrap	scientia,_aere_perennius
proteomic	GC-FILE-803568	GC-PROTEOMIC-990203	haec_olim_meminisse_iuvabit	Acetylome	scientiae_et_patriae	barba_crescit_caput_nescit	imperium_in_imperio	Orbitrap	damnant_quod_non_intellegunt
proteomic	GC-FILE-331936	GC-PROTEOMIC-461958	sapiens_qui_prospicit	Metabolome	sapiens_qui_prospicit	faber_est_suae_quisque_fortunae	Gallia_est_omnis_divisa_in_partes_tres	Orbitrap	haec_olim_meminisse_iuvabit
proteomic	GC-FILE-349309	GC-PROTEOMIC-314551	scientia,_aere_perennius	Phosphoproteome	nanos_gigantum_humeris_insidentes	O_Tite_tute_Tati_tibi_tanta_tyranne_tulisti	scientiae_cedit_mare	Orbitrap	haec_olim_meminisse_iuvabit
proteomic	GC-FILE-257791	GC-PROTEOMIC-193569	scientia,_aere_perennius	Acetylome	scientia,_aere_perennius	Obedientia_civium_urbis_felicitas	nascentes_morimur_finisque_ab_origine_pendet	Orbitrap	Macte_animo_Generose_puer_sic_itur_ad_astra
proteomic	GC-FILE-782091	GC-PROTEOMIC-312886	scientia_et_labor	Acetylome	scientiae_cedit_mare	Obedientia_civium_urbis_felicitas	barba_crescit_caput_nescit	Orbitrap	O_Tite_tute_Tati_tibi_tanta_tyranne_tulisti
proteomic	GC-FILE-853454	GC-PROTEOMIC-510286	scientia_et_sapientia	Acetylome	scientia,_aere_perennius	damnant_quod_non_intellegunt	scientia,_aere_perennius	Orbitrap	O_Tite_tute_Tati_tibi_tanta_tyranne_tulisti
proteomic	GC-FILE-347769	GC-PROTEOMIC-247121	saltus_in_demonstrando	Lipidome	cacatum_non_est_pictum	nascentes_morimur_finisque_ab_origine_pendet	nanos_gigantum_humeris_insidentes	Orbitrap	saltus_in_demonstrando
proteomic	GC-FILE-832766	GC-PROTEOMIC-956626	labor_ipse_voluptas	Acetylome	scientia,_aere_perennius	O_Tite_tute_Tati_tibi_tanta_tyranne_tulisti	O_Tite_tute_Tati_tibi_tanta_tyranne_tulisti	Orbitrap	a_bene_placito
proteomic	GC-FILE-164010	GC-PROTEOMIC-779973	scientia_et_labor	Lipidome	salus_in_arduis	scientia_et_labor	labor_ipse_voluptas	Orbitrap	scientia_et_labor
proteomic	GC-FILE-852800	GC-PROTEOMIC-254143	scientia_imperii_decus_et_tutamen	Proteome	scientia,_aere_perennius	cacatum_non_est_pictum	scientia_et_sapientia	Orbitrap	damnant_quod_non_intellegunt
proteomic	GC-FILE-957924	GC-PROTEOMIC-553583	nanos_gigantum_humeris_insidentes	Metabolome	scientia_et_labor	scientia_imperii_decus_et_tutamen	e_causa_ignota	Orbitrap	Macte_animo_Generose_puer_sic_itur_ad_astra
proteomic	GC-FILE-268093	GC-PROTEOMIC-502119	e_causa_ignota	Ubiquitylome	cacatum_non_est_pictum	imperium_in_imperio	e_causa_ignota	Orbitrap	Obedientia_civium_urbis_felicitas
proteomic	GC-FILE-435613	GC-PROTEOMIC-802767	nanos_gigantum_humeris_insidentes	Proteome	saltus_in_demonstrando	scientia_et_labor	haec_olim_meminisse_iuvabit	Orbitrap	Obedientia_civium_urbis_felicitas
proteomic	GC-FILE-890220	GC-PROTEOMIC-245924	nascentes_morimur_finisque_ab_origine_pendet	Acetylome	labor_ipse_voluptas	pace_tua	scientiae_et_patriae	Orbitrap	nanos_gigantum_humeris_insidentes
proteomic	GC-FILE-294202	GC-PROTEOMIC-291653	Gallia_est_omnis_divisa_in_partes_tres	Acetylome	haec_olim_meminisse_iuvabit	scientia_et_sapientia	haec_olim_meminisse_iuvabit	Orbitrap	e_causa_ignota
proteomic	GC-FILE-368191	GC-PROTEOMIC-551728	sapiens_qui_prospicit	Phosphoproteome	cacatum_non_est_pictum	salus_in_arduis	faber_est_suae_quisque_fortunae	Orbitrap	barba_crescit_caput_nescit
proteomic	GC-FILE-175624	GC-PROTEOMIC-979611	id_quod_plerumque_accidit	Acetylome	Gallia_est_omnis_divisa_in_partes_tres	scientia_imperii_decus_et_tutamen	a_bene_placito	Orbitrap	cacatum_non_est_pictum
proteomic	GC-FILE-747856	GC-PROTEOMIC-190762	id_quod_plerumque_accidit	Lipidome	id_quod_plerumque_accidit	scientiae_cedit_mare	id_quod_plerumque_accidit	Orbitrap	salus_in_arduis
proteomic	GC-FILE-658798	GC-PROTEOMIC-831504	Gallia_est_omnis_divisa_in_partes_tres	Ubiquitylome	pace_tua	haec_olim_meminisse_iuvabit	cacatum_non_est_pictum	Orbitrap	scientia_imperii_decus_et_tutamen
proteomic	GC-FILE-486594	GC-PROTEOMIC-800576	a_bene_placito	Lipidome	Obedientia_civium_urbis_felicitas	imperium_in_imperio	Obedientia_civium_urbis_felicitas	Orbitrap	faber_est_suae_quisque_fortunae
proteomic	GC-FILE-129729	GC-PROTEOMIC-921783	scientia_et_sapientia	Metabolome	sapiens_qui_prospicit	Macte_animo_Generose_puer_sic_itur_ad_astra	scientia,_aere_perennius	Orbitrap	nanos_gigantum_humeris_insidentes
proteomic	GC-FILE-896911	GC-PROTEOMIC-453272	a_bene_placito	Proteome	haec_olim_meminisse_iuvabit	scientiae_cedit_mare	scientia_imperii_decus_et_tutamen	Orbitrap	saltus_in_demonstrando
proteomic	GC-FILE-916932	GC-PROTEOMIC-351959	imperium_in_imperio	Metabolome	scientia_imperii_decus_et_tutamen	cacatum_non_est_pictum	O_Tite_tute_Tati_tibi_tanta_tyranne_tulisti	Orbitrap	scientia,_aere_perennius
proteomic	GC-FILE-369085	GC-PROTEOMIC-213923	salus_in_arduis	Phosphoproteome	haec_olim_meminisse_iuvabit	e_causa_ignota	scientiae_et_patriae	Orbitrap	haec_olim_meminisse_iuvabit
proteomic	GC-FILE-606670	GC-PROTEOMIC-693826	labor_ipse_voluptas	Glycoproteome	faber_est_suae_quisque_fortunae	scientiae_et_patriae	e_causa_ignota	Orbitrap	pace_tua
proteomic	GC-FILE-233702	GC-PROTEOMIC-520273	id_quod_plerumque_accidit	Phosphoproteome	sapiens_qui_prospicit	scientiae_et_patriae	faber_est_suae_quisque_fortunae	Orbitrap	saltus_in_demonstrando
proteomic	GC-FILE-293247	GC-PROTEOMIC-931902	cacatum_non_est_pictum	Lipidome	scientiae_cedit_mare	labor_ipse_voluptas	a_bene_placito	Orbitrap	scientia_et_labor
proteomic	GC-FILE-721501	GC-PROTEOMIC-402968	scientia_et_labor	Glycoproteome	faber_est_suae_quisque_fortunae	Obedientia_civium_urbis_felicitas	e_causa_ignota	Orbitrap	damnant_quod_non_intellegunt
proteomic	GC-FILE-870136	GC-PROTEOMIC-457195	nascentes_morimur_finisque_ab_origine_pendet	Metabolome	pace_tua	pace_tua	scientia_et_sapientia	Orbitrap	scientia,_aere_perennius
proteomic	GC-FILE-631743	GC-PROTEOMIC-225730	Macte_animo_Generose_puer_sic_itur_ad_astra	Acetylome	nascentes_morimur_finisque_ab_origine_pendet	Macte_animo_Generose_puer_sic_itur_ad_astra	scientiae_cedit_mare	Orbitrap	salus_in_arduis
proteomic	GC-FILE-861809	GC-PROTEOMIC-311537	salus_in_arduis	Acetylome	scientia,_aere_perennius	barba_crescit_caput_nescit	labor_ipse_voluptas	Orbitrap	scientia_imperii_decus_et_tutamen
proteomic	GC-FILE-293157	GC-PROTEOMIC-683615	Gallia_est_omnis_divisa_in_partes_tres	Phosphoproteome	Gallia_est_omnis_divisa_in_partes_tres	nascentes_morimur_finisque_ab_origine_pendet	nanos_gigantum_humeris_insidentes	Orbitrap	nanos_gigantum_humeris_insidentes
proteomic	GC-FILE-842164	GC-PROTEOMIC-394969	Obedientia_civium_urbis_felicitas	Proteome	a_bene_placito	Gallia_est_omnis_divisa_in_partes_tres	scientiae_cedit_mare	Orbitrap	labor_ipse_voluptas
proteomic	GC-FILE-258345	GC-PROTEOMIC-490708	salus_in_arduis	Acetylome	barba_crescit_caput_nescit	cacatum_non_est_pictum	barba_crescit_caput_nescit	Orbitrap	pace_tua
proteomic	GC-FILE-386921	GC-PROTEOMIC-459138	e_causa_ignota	Lipidome	nanos_gigantum_humeris_insidentes	damnant_quod_non_intellegunt	Gallia_est_omnis_divisa_in_partes_tres	Orbitrap	damnant_quod_non_intellegunt
proteomic	GC-FILE-505694	GC-PROTEOMIC-628557	scientia,_aere_perennius	Glycoproteome	id_quod_plerumque_accidit	faber_est_suae_quisque_fortunae	labor_ipse_voluptas	Orbitrap	scientia_et_sapientia
proteomic	GC-FILE-825635	GC-PROTEOMIC-162664	imperium_in_imperio	Phosphoproteome	scientia,_aere_perennius	nascentes_morimur_finisque_ab_origine_pendet	imperium_in_imperio	Orbitrap	scientiae_et_patriae
proteomic	GC-FILE-425320	GC-PROTEOMIC-645412	scientiae_et_patriae	Acetylome	faber_est_suae_quisque_fortunae	cacatum_non_est_pictum	saltus_in_demonstrando	Orbitrap	Gallia_est_omnis_divisa_in_partes_tres
proteomic	GC-FILE-219419	GC-PROTEOMIC-329135	scientiae_cedit_mare	Lipidome	Macte_animo_Generose_puer_sic_itur_ad_astra	pace_tua	e_causa_ignota	Orbitrap	salus_in_arduis
proteomic	GC-FILE-918851	GC-PROTEOMIC-160344	sapiens_qui_prospicit	Metabolome	cacatum_non_est_pictum	scientiae_cedit_mare	haec_olim_meminisse_iuvabit	Orbitrap	nanos_gigantum_humeris_insidentes
proteomic	GC-FILE-785885	GC-PROTEOMIC-458381	saltus_in_demonstrando	Metabolome	scientia_et_sapientia	salus_in_arduis	saltus_in_demonstrando	Orbitrap	scientia_et_labor
proteomic	GC-FILE-996162	GC-PROTEOMIC-694848	scientia_imperii_decus_et_tutamen	Glycoproteome	pace_tua	nascentes_morimur_finisque_ab_origine_pendet	nanos_gigantum_humeris_insidentes	Orbitrap	id_quod_plerumque_accidit
proteomic	GC-FILE-670592	GC-PROTEOMIC-261291	scientia_et_labor	Lipidome	sapiens_qui_prospicit	nanos_gigantum_humeris_insidentes	a_bene_placito	Orbitrap	pace_tua
proteomic	GC-FILE-118347	GC-PROTEOMIC-824372	a_bene_placito	Phosphoproteome	scientia_et_sapientia	haec_olim_meminisse_iuvabit	scientia_et_labor	Orbitrap	haec_olim_meminisse_iuvabit
proteomic	GC-FILE-724508	GC-PROTEOMIC-342215	nascentes_morimur_finisque_ab_origine_pendet	Acetylome	id_quod_plerumque_accidit	scientia_et_labor	cacatum_non_est_pictum	Orbitrap	a_bene_placito
proteomic	GC-FILE-189847	GC-PROTEOMIC-247143	O_Tite_tute_Tati_tibi_tanta_tyranne_tulisti	Metabolome	scientia_et_labor	scientiae_et_patriae	scientia,_aere_perennius	Orbitrap	scientia,_aere_perennius
proteomic	GC-FILE-492192	GC-PROTEOMIC-399874	a_bene_placito	Ubiquitylome	nanos_gigantum_humeris_insidentes	saltus_in_demonstrando	saltus_in_demonstrando	Orbitrap	id_quod_plerumque_accidit
proteomic	GC-FILE-980201	GC-PROTEOMIC-260612	scientia,_aere_perennius	Proteome	barba_crescit_caput_nescit	O_Tite_tute_Tati_tibi_tanta_tyranne_tulisti	sapiens_qui_prospicit	Orbitrap	nanos_gigantum_humeris_insidentes
proteomic	GC-FILE-606437	GC-PROTEOMIC-638209	saltus_in_demonstrando	Proteome	salus_in_arduis	damnant_quod_non_intellegunt	Obedientia_civium_urbis_felicitas	Orbitrap	labor_ipse_voluptas
proteomic	GC-FILE-171225	GC-PROTEOMIC-101113	scientiae_cedit_mare	Phosphoproteome	imperium_in_imperio	scientia_et_sapientia	pace_tua	Orbitrap	O_Tite_tute_Tati_tibi_tanta_tyranne_tulisti
proteomic	GC-FILE-680977	GC-PROTEOMIC-356040	damnant_quod_non_intellegunt	Acetylome	Gallia_est_omnis_divisa_in_partes_tres	id_quod_plerumque_accidit	scientia_imperii_decus_et_tutamen	Orbitrap	imperium_in_imperio
proteomic	GC-FILE-326342	GC-PROTEOMIC-997374	scientiae_et_patriae	Ubiquitylome	imperium_in_imperio	sapiens_qui_prospicit	salus_in_arduis	Orbitrap	Macte_animo_Generose_puer_sic_itur_ad_astra
proteomic	GC-FILE-194932	GC-PROTEOMIC-429648	scientia_et_sapientia	Phosphoproteome	Macte_animo_Generose_puer_sic_itur_ad_astra	cacatum_non_est_pictum	labor_ipse_voluptas	Orbitrap	O_Tite_tute_Tati_tibi_tanta_tyranne_tulisti
proteomic	GC-FILE-818283	GC-PROTEOMIC-515116	haec_olim_meminisse_iuvabit	Proteome	scientia_imperii_decus_et_tutamen	Macte_animo_Generose_puer_sic_itur_ad_astra	scientia_et_labor	Orbitrap	id_quod_plerumque_accidit
proteomic	GC-FILE-828671	GC-PROTEOMIC-292992	scientia_et_sapientia	Acetylome	O_Tite_tute_Tati_tibi_tanta_tyranne_tulisti	haec_olim_meminisse_iuvabit	cacatum_non_est_pictum	Orbitrap	damnant_quod_non_intellegunt
proteomic	GC-FILE-432720	GC-PROTEOMIC-260598	haec_olim_meminisse_iuvabit	Glycoproteome	scientiae_et_patriae	Gallia_est_omnis_divisa_in_partes_tres	labor_ipse_voluptas	Orbitrap	barba_crescit_caput_nescit
proteomic	GC-FILE-412700	GC-PROTEOMIC-541256	sapiens_qui_prospicit	Glycoproteome	e_causa_ignota	faber_est_suae_quisque_fortunae	Macte_animo_Generose_puer_sic_itur_ad_astra	Orbitrap	damnant_quod_non_intellegunt
proteomic	GC-FILE-130177	GC-PROTEOMIC-636778	scientia_et_labor	Ubiquitylome	scientia,_aere_perennius	damnant_quod_non_intellegunt	salus_in_arduis	Orbitrap	imperium_in_imperio
proteomic	GC-FILE-405706	GC-PROTEOMIC-742060	salus_in_arduis	Glycoproteome	Obedientia_civium_urbis_felicitas	haec_olim_meminisse_iuvabit	damnant_quod_non_intellegunt	Orbitrap	scientiae_et_patriae
proteomic	GC-FILE-495508	GC-PROTEOMIC-588002	a_bene_placito	Proteome	scientia_imperii_decus_et_tutamen	pace_tua	scientia_et_labor	Orbitrap	labor_ipse_voluptas
proteomic	GC-FILE-673365	GC-PROTEOMIC-731805	damnant_quod_non_intellegunt	Acetylome	scientia_et_labor	sapiens_qui_prospicit	scientia_et_labor	Orbitrap	faber_est_suae_quisque_fortunae
proteomic	GC-FILE-481068	GC-PROTEOMIC-508409	scientiae_et_patriae	Glycoproteome	saltus_in_demonstrando	damnant_quod_non_intellegunt	scientiae_et_patriae	Orbitrap	haec_olim_meminisse_iuvabit
proteomic	GC-FILE-228106	GC-PROTEOMIC-292187	scientia_et_labor	Lipidome	Gallia_est_omnis_divisa_in_partes_tres	scientia_imperii_decus_et_tutamen	saltus_in_demonstrando	Orbitrap	salus_in_arduis
proteomic	GC-FILE-324128	GC-PROTEOMIC-626732	scientiae_et_patriae	Metabolome	Obedientia_civium_urbis_felicitas	scientiae_cedit_mare	nanos_gigantum_humeris_insidentes	Orbitrap	labor_ipse_voluptas
proteomic	GC-FILE-510142	GC-PROTEOMIC-694398	e_causa_ignota	Ubiquitylome	Obedientia_civium_urbis_felicitas	scientia_et_sapientia	faber_est_suae_quisque_fortunae	Orbitrap	Obedientia_civium_urbis_felicitas
proteomic	GC-FILE-643686	GC-PROTEOMIC-809173	Gallia_est_omnis_divisa_in_partes_tres	Metabolome	sapiens_qui_prospicit	saltus_in_demonstrando	scientia_et_labor	Orbitrap	sapiens_qui_prospicit
proteomic	GC-FILE-794496	GC-PROTEOMIC-802025	scientiae_cedit_mare	Phosphoproteome	cacatum_non_est_pictum	Macte_animo_Generose_puer_sic_itur_ad_astra	scientiae_cedit_mare	Orbitrap	scientia_et_sapientia
proteomic	GC-FILE-672707	GC-PROTEOMIC-850395	haec_olim_meminisse_iuvabit	Lipidome	labor_ipse_voluptas	labor_ipse_voluptas	Macte_animo_Generose_puer_sic_itur_ad_astra	Orbitrap	scientia_et_labor
proteomic	GC-FILE-607296	GC-PROTEOMIC-876232	faber_est_suae_quisque_fortunae	Lipidome	pace_tua	scientia_et_sapientia	a_bene_placito	Orbitrap	scientiae_cedit_mare
proteomic	GC-FILE-469405	GC-PROTEOMIC-199485	Gallia_est_omnis_divisa_in_partes_tres	Acetylome	barba_crescit_caput_nescit	e_causa_ignota	Obedientia_civium_urbis_felicitas	Orbitrap	Obedientia_civium_urbis_felicitas
proteomic	GC-FILE-502829	GC-PROTEOMIC-915707	scientia_et_labor	Lipidome	haec_olim_meminisse_iuvabit	faber_est_suae_quisque_fortunae	imperium_in_imperio	Orbitrap	id_quod_plerumque_accidit
proteomic	GC-FILE-973129	GC-PROTEOMIC-733862	scientia_et_labor	Proteome	saltus_in_demonstrando	scientia_et_labor	salus_in_arduis	Orbitrap	e_causa_ignota
proteomic	GC-FILE-776285	GC-PROTEOMIC-260944	labor_ipse_voluptas	Lipidome	a_bene_placito	Obedientia_civium_urbis_felicitas	Obedientia_civium_urbis_felicitas	Orbitrap	scientiae_et_patriae
proteomic	GC-FILE-132372	GC-PROTEOMIC-198957	imperium_in_imperio	Glycoproteome	labor_ipse_voluptas	Gallia_est_omnis_divisa_in_partes_tres	Obedientia_civium_urbis_felicitas	Orbitrap	scientiae_et_patriae
proteomic	GC-FILE-734947	GC-PROTEOMIC-925454	id_quod_plerumque_accidit	Metabolome	labor_ipse_voluptas	a_bene_placito	Gallia_est_omnis_divisa_in_partes_tres	Orbitrap	pace_tua
proteomic	GC-FILE-781913	GC-PROTEOMIC-377328	scientiae_cedit_mare	Proteome	nascentes_morimur_finisque_ab_origine_pendet	e_causa_ignota	scientia_et_sapientia	Orbitrap	labor_ipse_voluptas
proteomic	GC-FILE-873433	GC-PROTEOMIC-298706	faber_est_suae_quisque_fortunae	Proteome	scientiae_cedit_mare	Macte_animo_Generose_puer_sic_itur_ad_astra	pace_tua	Orbitrap	salus_in_arduis
proteomic	GC-FILE-910114	GC-PROTEOMIC-159482	Macte_animo_Generose_puer_sic_itur_ad_astra	Ubiquitylome	Gallia_est_omnis_divisa_in_partes_tres	salus_in_arduis	id_quod_plerumque_accidit	Orbitrap	scientia,_aere_perennius
proteomic	GC-FILE-336290	GC-PROTEOMIC-267799	faber_est_suae_quisque_fortunae	Acetylome	damnant_quod_non_intellegunt	scientia_imperii_decus_et_tutamen	e_causa_ignota	Orbitrap	scientia,_aere_perennius
proteomic	GC-FILE-309899	GC-PROTEOMIC-415240	pace_tua	Glycoproteome	scientia_et_labor	nascentes_morimur_finisque_ab_origine_pendet	salus_in_arduis	Orbitrap	nascentes_morimur_finisque_ab_origine_pendet
proteomic	GC-FILE-270959	GC-PROTEOMIC-574401	O_Tite_tute_Tati_tibi_tanta_tyranne_tulisti	Glycoproteome	faber_est_suae_quisque_fortunae	sapiens_qui_prospicit	Gallia_est_omnis_divisa_in_partes_tres	Orbitrap	scientia_et_labor
proteomic	GC-FILE-350664	GC-PROTEOMIC-774100	scientiae_cedit_mare	Proteome	O_Tite_tute_Tati_tibi_tanta_tyranne_tulisti	sapiens_qui_prospicit	scientiae_cedit_mare	Orbitrap	a_bene_placito
proteomic	GC-FILE-293538	GC-PROTEOMIC-101861	scientia_et_sapientia	Phosphoproteome	e_causa_ignota	scientiae_cedit_mare	pace_tua	Orbitrap	e_causa_ignota
proteomic	GC-FILE-237196	GC-PROTEOMIC-988003	sapiens_qui_prospicit	Metabolome	id_quod_plerumque_accidit	haec_olim_meminisse_iuvabit	saltus_in_demonstrando	Orbitrap	sapiens_qui_prospicit
proteomic	GC-FILE-165663	GC-PROTEOMIC-568016	e_causa_ignota	Proteome	scientia,_aere_perennius	nanos_gigantum_humeris_insidentes	scientiae_et_patriae	Orbitrap	saltus_in_demonstrando
proteomic	GC-FILE-927346	GC-PROTEOMIC-630834	Macte_animo_Generose_puer_sic_itur_ad_astra	Lipidome	scientia,_aere_perennius	damnant_quod_non_intellegunt	a_bene_placito	Orbitrap	damnant_quod_non_intellegunt
proteomic	GC-FILE-179875	GC-PROTEOMIC-147178	damnant_quod_non_intellegunt	Acetylome	faber_est_suae_quisque_fortunae	labor_ipse_voluptas	barba_crescit_caput_nescit	Orbitrap	nanos_gigantum_humeris_insidentes
proteomic	GC-FILE-213919	GC-PROTEOMIC-104620	scientia_et_sapientia	Proteome	faber_est_suae_quisque_fortunae	a_bene_placito	damnant_quod_non_intellegunt	Orbitrap	cacatum_non_est_pictum
proteomic	GC-FILE-760012	GC-PROTEOMIC-155179	scientia_et_labor	Lipidome	a_bene_placito	Macte_animo_Generose_puer_sic_itur_ad_astra	faber_est_suae_quisque_fortunae	Orbitrap	Macte_animo_Generose_puer_sic_itur_ad_astra
proteomic	GC-FILE-888754	GC-PROTEOMIC-849667	Obedientia_civium_urbis_felicitas	Lipidome	cacatum_non_est_pictum	pace_tua	scientia_imperii_decus_et_tutamen	Orbitrap	haec_olim_meminisse_iuvabit
proteomic	GC-FILE-632620	GC-PROTEOMIC-209837	id_quod_plerumque_accidit	Lipidome	cacatum_non_est_pictum	nascentes_morimur_finisque_ab_origine_pendet	faber_est_suae_quisque_fortunae	Orbitrap	scientia,_aere_perennius
proteomic	GC-FILE-555284	GC-PROTEOMIC-113906	scientia_et_labor	Proteome	Obedientia_civium_urbis_felicitas	damnant_quod_non_intellegunt	saltus_in_demonstrando	Orbitrap	labor_ipse_voluptas
proteomic	GC-FILE-189322	GC-PROTEOMIC-967349	a_bene_placito	Lipidome	sapiens_qui_prospicit	scientia_et_labor	haec_olim_meminisse_iuvabit	Orbitrap	a_bene_placito
proteomic	GC-FILE-495585	GC-PROTEOMIC-385251	a_bene_placito	Proteome	Gallia_est_omnis_divisa_in_partes_tres	haec_olim_meminisse_iuvabit	barba_crescit_caput_nescit	Orbitrap	nascentes_morimur_finisque_ab_origine_pendet
proteomic	GC-FILE-295694	GC-PROTEOMIC-674344	faber_est_suae_quisque_fortunae	Lipidome	scientiae_cedit_mare	id_quod_plerumque_accidit	faber_est_suae_quisque_fortunae	Orbitrap	damnant_quod_non_intellegunt
proteomic	GC-FILE-658853	GC-PROTEOMIC-203588	scientiae_et_patriae	Proteome	labor_ipse_voluptas	Obedientia_civium_urbis_felicitas	nascentes_morimur_finisque_ab_origine_pendet	Orbitrap	nascentes_morimur_finisque_ab_origine_pendet
proteomic	GC-FILE-184332	GC-PROTEOMIC-104840	Gallia_est_omnis_divisa_in_partes_tres	Proteome	Obedientia_civium_urbis_felicitas	labor_ipse_voluptas	cacatum_non_est_pictum	Orbitrap	Gallia_est_omnis_divisa_in_partes_tres
proteomic	GC-FILE-551148	GC-PROTEOMIC-850411	nascentes_morimur_finisque_ab_origine_pendet	Acetylome	faber_est_suae_quisque_fortunae	Obedientia_civium_urbis_felicitas	e_causa_ignota	Orbitrap	haec_olim_meminisse_iuvabit
proteomic	GC-FILE-579172	GC-PROTEOMIC-952520	a_bene_placito	Ubiquitylome	Obedientia_civium_urbis_felicitas	scientia_et_labor	salus_in_arduis	Orbitrap	scientiae_cedit_mare
proteomic	GC-FILE-382411	GC-PROTEOMIC-570208	scientia_et_labor	Acetylome	saltus_in_demonstrando	nascentes_morimur_finisque_ab_origine_pendet	nascentes_morimur_finisque_ab_origine_pendet	Orbitrap	cacatum_non_est_pictum
proteomic	GC-FILE-831373	GC-PROTEOMIC-961020	Obedientia_civium_urbis_felicitas	Proteome	scientia_et_labor	Obedientia_civium_urbis_felicitas	labor_ipse_voluptas	Orbitrap	Macte_animo_Generose_puer_sic_itur_ad_astra
proteomic	GC-FILE-107890	GC-PROTEOMIC-646147	nascentes_morimur_finisque_ab_origine_pendet	Glycoproteome	faber_est_suae_quisque_fortunae	e_causa_ignota	imperium_in_imperio	Orbitrap	sapiens_qui_prospicit
proteomic	GC-FILE-778425	GC-PROTEOMIC-399828	pace_tua	Ubiquitylome	scientiae_cedit_mare	scientia_et_labor	scientia_et_sapientia	Orbitrap	haec_olim_meminisse_iuvabit
proteomic	GC-FILE-648150	GC-PROTEOMIC-108584	scientia_et_labor	Phosphoproteome	Obedientia_civium_urbis_felicitas	cacatum_non_est_pictum	salus_in_arduis	Orbitrap	barba_crescit_caput_nescit
proteomic	GC-FILE-600405	GC-PROTEOMIC-727230	faber_est_suae_quisque_fortunae	Metabolome	haec_olim_meminisse_iuvabit	labor_ipse_voluptas	haec_olim_meminisse_iuvabit	Orbitrap	Obedientia_civium_urbis_felicitas
proteomic	GC-FILE-744857	GC-PROTEOMIC-595832	Macte_animo_Generose_puer_sic_itur_ad_astra	Acetylome	e_causa_ignota	labor_ipse_voluptas	barba_crescit_caput_nescit	Orbitrap	faber_est_suae_quisque_fortunae
proteomic	GC-FILE-281128	GC-PROTEOMIC-669061	Obedientia_civium_urbis_felicitas	Acetylome	scientia_imperii_decus_et_tutamen	saltus_in_demonstrando	e_causa_ignota	Orbitrap	scientiae_cedit_mare
proteomic	GC-FILE-501350	GC-PROTEOMIC-829764	haec_olim_meminisse_iuvabit	Proteome	scientia_imperii_decus_et_tutamen	faber_est_suae_quisque_fortunae	scientiae_et_patriae	Orbitrap	sapiens_qui_prospicit
proteomic	GC-FILE-771139	GC-PROTEOMIC-331240	a_bene_placito	Metabolome	O_Tite_tute_Tati_tibi_tanta_tyranne_tulisti	nascentes_morimur_finisque_ab_origine_pendet	a_bene_placito	Orbitrap	haec_olim_meminisse_iuvabit
proteomic	GC-FILE-624407	GC-PROTEOMIC-221580	saltus_in_demonstrando	Glycoproteome	saltus_in_demonstrando	scientia_et_sapientia	Gallia_est_omnis_divisa_in_partes_tres	Orbitrap	scientia,_aere_perennius
proteomic	GC-FILE-651642	GC-PROTEOMIC-605668	a_bene_placito	Glycoproteome	damnant_quod_non_intellegunt	saltus_in_demonstrando	scientia_et_labor	Orbitrap	a_bene_placito
proteomic	GC-FILE-267900	GC-PROTEOMIC-680290	a_bene_placito	Lipidome	scientia_imperii_decus_et_tutamen	imperium_in_imperio	Macte_animo_Generose_puer_sic_itur_ad_astra	Orbitrap	Gallia_est_omnis_divisa_in_partes_tres
proteomic	GC-FILE-852790	GC-PROTEOMIC-284078	Obedientia_civium_urbis_felicitas	Proteome	imperium_in_imperio	damnant_quod_non_intellegunt	scientiae_et_patriae	Orbitrap	nanos_gigantum_humeris_insidentes
proteomic	GC-FILE-458267	GC-PROTEOMIC-971672	e_causa_ignota	Acetylome	Macte_animo_Generose_puer_sic_itur_ad_astra	scientiae_et_patriae	imperium_in_imperio	Orbitrap	barba_crescit_caput_nescit
proteomic	GC-FILE-316961	GC-PROTEOMIC-202198	scientia_imperii_decus_et_tutamen	Lipidome	haec_olim_meminisse_iuvabit	Gallia_est_omnis_divisa_in_partes_tres	labor_ipse_voluptas	Orbitrap	barba_crescit_caput_nescit
proteomic	GC-FILE-507272	GC-PROTEOMIC-595844	id_quod_plerumque_accidit	Proteome	salus_in_arduis	O_Tite_tute_Tati_tibi_tanta_tyranne_tulisti	haec_olim_meminisse_iuvabit	Orbitrap	a_bene_placito
proteomic	GC-FILE-582309	GC-PROTEOMIC-879631	nascentes_morimur_finisque_ab_origine_pendet	Ubiquitylome	nanos_gigantum_humeris_insidentes	nascentes_morimur_finisque_ab_origine_pendet	cacatum_non_est_pictum	Orbitrap	faber_est_suae_quisque_fortunae
proteomic	GC-FILE-489214	GC-PROTEOMIC-407094	scientia_imperii_decus_et_tutamen	Lipidome	imperium_in_imperio	nanos_gigantum_humeris_insidentes	pace_tua	Orbitrap	haec_olim_meminisse_iuvabit
proteomic	GC-FILE-140626	GC-PROTEOMIC-614460	imperium_in_imperio	Acetylome	e_causa_ignota	cacatum_non_est_pictum	cacatum_non_est_pictum	Orbitrap	Gallia_est_omnis_divisa_in_partes_tres
proteomic	GC-FILE-793533	GC-PROTEOMIC-869133	id_quod_plerumque_accidit	Metabolome	id_quod_plerumque_accidit	damnant_quod_non_intellegunt	id_quod_plerumque_accidit	Orbitrap	sapiens_qui_prospicit
proteomic	GC-FILE-836447	GC-PROTEOMIC-473876	scientia_et_sapientia	Lipidome	scientia_et_labor	scientia_imperii_decus_et_tutamen	e_causa_ignota	Orbitrap	saltus_in_demonstrando
proteomic	GC-FILE-623364	GC-PROTEOMIC-381747	cacatum_non_est_pictum	Glycoproteome	scientia,_aere_perennius	scientiae_cedit_mare	O_Tite_tute_Tati_tibi_tanta_tyranne_tulisti	Orbitrap	scientia_et_sapientia
proteomic	GC-FILE-664711	GC-PROTEOMIC-640990	e_causa_ignota	Metabolome	a_bene_placito	scientiae_et_patriae	pace_tua	Orbitrap	scientiae_cedit_mare
proteomic	GC-FILE-333210	GC-PROTEOMIC-920110	Obedientia_civium_urbis_felicitas	Phosphoproteome	haec_olim_meminisse_iuvabit	id_quod_plerumque_accidit	id_quod_plerumque_accidit	Orbitrap	scientiae_et_patriae
proteomic	GC-FILE-525474	GC-PROTEOMIC-542133	cacatum_non_est_pictum	Proteome	scientiae_et_patriae	nascentes_morimur_finisque_ab_origine_pendet	Gallia_est_omnis_divisa_in_partes_tres	Orbitrap	nanos_gigantum_humeris_insidentes
proteomic	GC-FILE-880878	GC-PROTEOMIC-790792	labor_ipse_voluptas	Ubiquitylome	a_bene_placito	Macte_animo_Generose_puer_sic_itur_ad_astra	labor_ipse_voluptas	Orbitrap	scientiae_et_patriae
proteomic	GC-FILE-654624	GC-PROTEOMIC-331514	Macte_animo_Generose_puer_sic_itur_ad_astra	Glycoproteome	faber_est_suae_quisque_fortunae	scientia,_aere_perennius	imperium_in_imperio	Orbitrap	Gallia_est_omnis_divisa_in_partes_tres
proteomic	GC-FILE-312681	GC-PROTEOMIC-277361	scientia_et_sapientia	Glycoproteome	nascentes_morimur_finisque_ab_origine_pendet	cacatum_non_est_pictum	nanos_gigantum_humeris_insidentes	Orbitrap	haec_olim_meminisse_iuvabit
proteomic	GC-FILE-977164	GC-PROTEOMIC-201130	e_causa_ignota	Acetylome	Gallia_est_omnis_divisa_in_partes_tres	scientia_et_sapientia	salus_in_arduis	Orbitrap	scientia,_aere_perennius
proteomic	GC-FILE-794488	GC-PROTEOMIC-911110	faber_est_suae_quisque_fortunae	Acetylome	barba_crescit_caput_nescit	nascentes_morimur_finisque_ab_origine_pendet	salus_in_arduis	Orbitrap	salus_in_arduis
proteomic	GC-FILE-566171	GC-PROTEOMIC-842412	id_quod_plerumque_accidit	Metabolome	barba_crescit_caput_nescit	salus_in_arduis	Macte_animo_Generose_puer_sic_itur_ad_astra	Orbitrap	scientiae_cedit_mare
proteomic	GC-FILE-685943	GC-PROTEOMIC-957400	saltus_in_demonstrando	Glycoproteome	imperium_in_imperio	nanos_gigantum_humeris_insidentes	scientiae_et_patriae	Orbitrap	scientia,_aere_perennius
proteomic	GC-FILE-942599	GC-PROTEOMIC-813952	id_quod_plerumque_accidit	Ubiquitylome	pace_tua	sapiens_qui_prospicit	scientia_imperii_decus_et_tutamen	Orbitrap	nanos_gigantum_humeris_insidentes
proteomic	GC-FILE-784090	GC-PROTEOMIC-431294	scientia,_aere_perennius	Phosphoproteome	id_quod_plerumque_accidit	nanos_gigantum_humeris_insidentes	scientia,_aere_perennius	Orbitrap	scientia_imperii_decus_et_tutamen
proteomic	GC-FILE-681355	GC-PROTEOMIC-885670	scientia,_aere_perennius	Metabolome	scientia,_aere_perennius	a_bene_placito	scientiae_cedit_mare	Orbitrap	O_Tite_tute_Tati_tibi_tanta_tyranne_tulisti
proteomic	GC-FILE-279901	GC-PROTEOMIC-598350	barba_crescit_caput_nescit	Proteome	Macte_animo_Generose_puer_sic_itur_ad_astra	Gallia_est_omnis_divisa_in_partes_tres	damnant_quod_non_intellegunt	Orbitrap	barba_crescit_caput_nescit
proteomic	GC-FILE-799818	GC-PROTEOMIC-971422	Macte_animo_Generose_puer_sic_itur_ad_astra	Acetylome	Macte_animo_Generose_puer_sic_itur_ad_astra	scientiae_cedit_mare	haec_olim_meminisse_iuvabit	Orbitrap	a_bene_placito
proteomic	GC-FILE-897692	GC-PROTEOMIC-255489	damnant_quod_non_intellegunt	Proteome	nascentes_morimur_finisque_ab_origine_pendet	haec_olim_meminisse_iuvabit	salus_in_arduis	Orbitrap	faber_est_suae_quisque_fortunae
proteomic	GC-FILE-426366	GC-PROTEOMIC-595422	scientia_imperii_decus_et_tutamen	Phosphoproteome	Macte_animo_Generose_puer_sic_itur_ad_astra	scientiae_et_patriae	pace_tua	Orbitrap	scientiae_cedit_mare
proteomic	GC-FILE-167475	GC-PROTEOMIC-381788	scientia_imperii_decus_et_tutamen	Glycoproteome	pace_tua	barba_crescit_caput_nescit	barba_crescit_caput_nescit	Orbitrap	imperium_in_imperio
proteomic	GC-FILE-200437	GC-PROTEOMIC-557155	labor_ipse_voluptas	Phosphoproteome	scientiae_et_patriae	imperium_in_imperio	scientia_et_sapientia	Orbitrap	salus_in_arduis
proteomic	GC-FILE-994431	GC-PROTEOMIC-727205	a_bene_placito	Glycoproteome	scientia_et_labor	e_causa_ignota	haec_olim_meminisse_iuvabit	Orbitrap	nascentes_morimur_finisque_ab_origine_pendet
proteomic	GC-FILE-928215	GC-PROTEOMIC-899576	saltus_in_demonstrando	Proteome	scientia,_aere_perennius	scientia,_aere_perennius	damnant_quod_non_intellegunt	Orbitrap	nascentes_morimur_finisque_ab_origine_pendet
proteomic	GC-FILE-303119	GC-PROTEOMIC-575991	barba_crescit_caput_nescit	Glycoproteome	nascentes_morimur_finisque_ab_origine_pendet	saltus_in_demonstrando	a_bene_placito	Orbitrap	O_Tite_tute_Tati_tibi_tanta_tyranne_tulisti
proteomic	GC-FILE-268424	GC-PROTEOMIC-424735	a_bene_placito	Phosphoproteome	scientia_et_sapientia	sapiens_qui_prospicit	cacatum_non_est_pictum	Orbitrap	sapiens_qui_prospicit
proteomic	GC-FILE-848221	GC-PROTEOMIC-950071	labor_ipse_voluptas	Lipidome	a_bene_placito	sapiens_qui_prospicit	nascentes_morimur_finisque_ab_origine_pendet	Orbitrap	O_Tite_tute_Tati_tibi_tanta_tyranne_tulisti
proteomic	GC-FILE-247272	GC-PROTEOMIC-304301	damnant_quod_non_intellegunt	Glycoproteome	Gallia_est_omnis_divisa_in_partes_tres	haec_olim_meminisse_iuvabit	Obedientia_civium_urbis_felicitas	Orbitrap	a_bene_placito
proteomic	GC-FILE-873978	GC-PROTEOMIC-419090	salus_in_arduis	Phosphoproteome	labor_ipse_voluptas	e_causa_ignota	pace_tua	Orbitrap	saltus_in_demonstrando
proteomic	GC-FILE-227416	GC-PROTEOMIC-200565	scientiae_cedit_mare	Glycoproteome	damnant_quod_non_intellegunt	barba_crescit_caput_nescit	imperium_in_imperio	Orbitrap	id_quod_plerumque_accidit
proteomic	GC-FILE-607192	GC-PROTEOMIC-452427	cacatum_non_est_pictum	Metabolome	scientia_et_labor	O_Tite_tute_Tati_tibi_tanta_tyranne_tulisti	scientia_et_sapientia	Orbitrap	a_bene_placito
proteomic	GC-FILE-971868	GC-PROTEOMIC-341950	haec_olim_meminisse_iuvabit	Metabolome	nascentes_morimur_finisque_ab_origine_pendet	Macte_animo_Generose_puer_sic_itur_ad_astra	labor_ipse_voluptas	Orbitrap	cacatum_non_est_pictum
proteomic	GC-FILE-591996	GC-PROTEOMIC-485145	id_quod_plerumque_accidit	Glycoproteome	a_bene_placito	imperium_in_imperio	scientia_et_labor	Orbitrap	barba_crescit_caput_nescit
proteomic	GC-FILE-239823	GC-PROTEOMIC-292481	scientia_et_labor	Phosphoproteome	id_quod_plerumque_accidit	pace_tua	haec_olim_meminisse_iuvabit	Orbitrap	a_bene_placito
proteomic	GC-FILE-128834	GC-PROTEOMIC-513428	labor_ipse_voluptas	Glycoproteome	scientia_imperii_decus_et_tutamen	Macte_animo_Generose_puer_sic_itur_ad_astra	scientia_et_labor	Orbitrap	scientia_imperii_decus_et_tutamen
proteomic	GC-FILE-701622	GC-PROTEOMIC-989187	barba_crescit_caput_nescit	Glycoproteome	id_quod_plerumque_accidit	scientia_et_sapientia	id_quod_plerumque_accidit	Orbitrap	pace_tua
proteomic	GC-FILE-305336	GC-PROTEOMIC-311418	Gallia_est_omnis_divisa_in_partes_tres	Acetylome	damnant_quod_non_intellegunt	nascentes_morimur_finisque_ab_origine_pendet	salus_in_arduis	Orbitrap	imperium_in_imperio
proteomic	GC-FILE-713733	GC-PROTEOMIC-509325	cacatum_non_est_pictum	Proteome	pace_tua	barba_crescit_caput_nescit	sapiens_qui_prospicit	Orbitrap	Macte_animo_Generose_puer_sic_itur_ad_astra
proteomic	GC-FILE-520717	GC-PROTEOMIC-738314	saltus_in_demonstrando	Metabolome	labor_ipse_voluptas	haec_olim_meminisse_iuvabit	e_causa_ignota	Orbitrap	scientia_et_labor
proteomic	GC-FILE-382256	GC-PROTEOMIC-163850	labor_ipse_voluptas	Ubiquitylome	pace_tua	barba_crescit_caput_nescit	imperium_in_imperio	Orbitrap	faber_est_suae_quisque_fortunae
proteomic	GC-FILE-512976	GC-PROTEOMIC-993394	haec_olim_meminisse_iuvabit	Lipidome	scientia_et_labor	e_causa_ignota	nascentes_morimur_finisque_ab_origine_pendet	Orbitrap	sapiens_qui_prospicit
proteomic	GC-FILE-801921	GC-PROTEOMIC-148551	saltus_in_demonstrando	Metabolome	O_Tite_tute_Tati_tibi_tanta_tyranne_tulisti	cacatum_non_est_pictum	pace_tua	Orbitrap	haec_olim_meminisse_iuvabit
proteomic	GC-FILE-330749	GC-PROTEOMIC-248829	faber_est_suae_quisque_fortunae	Ubiquitylome	pace_tua	scientia_imperii_decus_et_tutamen	Gallia_est_omnis_divisa_in_partes_tres	Orbitrap	barba_crescit_caput_nescit
proteomic	GC-FILE-967294	GC-PROTEOMIC-599540	faber_est_suae_quisque_fortunae	Ubiquitylome	Macte_animo_Generose_puer_sic_itur_ad_astra	sapiens_qui_prospicit	O_Tite_tute_Tati_tibi_tanta_tyranne_tulisti	Orbitrap	faber_est_suae_quisque_fortunae
