type	participant.study_participant_id	pdx.pdx_id	sample_id	sample_type	sample_description	sample_type_category	sample_tumor_status	sample_anatomic_site	sample_age_at_collection	derived_from_specimen	crdc_id
sample	GC-CASE-349155	GC-PDX-769941	GC-BIOS-760231	Tissue	salus_in_arduis	RNA	Peritumoral	Left thigh	610	Obedientia_civium_urbis_felicitas	salus_in_arduis
sample	GC-CASE-175796	GC-PDX-852116	GC-BIOS-268943	Sputum	scientia,_aere_perennius	Urine	Unknown	Soft Tissue	995	faber_est_suae_quisque_fortunae	nanos_gigantum_humeris_insidentes
sample	GC-CASE-715117	GC-PDX-428526	GC-BIOS-888480	Cells	a_bene_placito	Blood	Peritumoral	Palate	794	O_Tite_tute_Tati_tibi_tanta_tyranne_tulisti	e_causa_ignota
sample	GC-CASE-121715	GC-PDX-484646	GC-BIOS-370279	Cells	haec_olim_meminisse_iuvabit	Not Reported	Peritumoral	Oropharynx	891	nascentes_morimur_finisque_ab_origine_pendet	Macte_animo_Generose_puer_sic_itur_ad_astra
sample	GC-CASE-455132	GC-PDX-772295	GC-BIOS-235384	Urine	faber_est_suae_quisque_fortunae	Central Nervous System	Normal	Endocrine Gland	748	scientia,_aere_perennius	nanos_gigantum_humeris_insidentes
sample	GC-CASE-852105	GC-PDX-269195	GC-BIOS-764573	Analyte	a_bene_placito	Analyte	Unknown	Gallbladder	66	faber_est_suae_quisque_fortunae	Gallia_est_omnis_divisa_in_partes_tres
sample	GC-CASE-986269	GC-PDX-722090	GC-BIOS-949606	Urine	Macte_animo_Generose_puer_sic_itur_ad_astra	Bone Marrow	Tumor	Thumb	891	Gallia_est_omnis_divisa_in_partes_tres	pace_tua
sample	GC-CASE-246607	GC-PDX-217490	GC-BIOS-370377	Sputum	e_causa_ignota	DNA	Unknown	Peripheral blood	337	imperium_in_imperio	id_quod_plerumque_accidit
sample	GC-CASE-326217	GC-PDX-208288	GC-BIOS-602179	Analyte	cacatum_non_est_pictum	Stool	Not Reported	Esophagogastric Junction	161	scientia_imperii_decus_et_tutamen	scientiae_cedit_mare
sample	GC-CASE-496635	GC-PDX-371456	GC-BIOS-523356	Blood	faber_est_suae_quisque_fortunae	Unknown	Peritumoral	Pelvis	345	e_causa_ignota	cacatum_non_est_pictum
sample	GC-CASE-218909	GC-PDX-338414	GC-BIOS-177878	Tissue	Macte_animo_Generose_puer_sic_itur_ad_astra	Bone Marrow	Tumor	Leptomeninges	238	damnant_quod_non_intellegunt	e_causa_ignota
sample	GC-CASE-695699	GC-PDX-892094	GC-BIOS-203983	Blood	a_bene_placito	Ascites	Unknown	Lung met	219	scientiae_et_patriae	Macte_animo_Generose_puer_sic_itur_ad_astra
sample	GC-CASE-228587	GC-PDX-779522	GC-BIOS-150404	Analyte	a_bene_placito	Tissue	Normal	Anorectum	509	scientiae_et_patriae	imperium_in_imperio
sample	GC-CASE-597121	GC-PDX-564229	GC-BIOS-491221	Bone Marrow	labor_ipse_voluptas	Mouth Rinse	Tumor	Small Finger	151	salus_in_arduis	id_quod_plerumque_accidit
sample	GC-CASE-378853	GC-PDX-905672	GC-BIOS-959340	Sputum	scientia_et_labor	Sputum	Peritumoral	post mortem blood	152	Macte_animo_Generose_puer_sic_itur_ad_astra	scientia_et_sapientia
sample	GC-CASE-320548	GC-PDX-707492	GC-BIOS-337625	Ascites	scientia_et_sapientia	DNA	Unknown	Scalp	371	salus_in_arduis	imperium_in_imperio
sample	GC-CASE-375663	GC-PDX-959485	GC-BIOS-165629	Analyte	cacatum_non_est_pictum	Body Fluid or Substance	Not Reported	Nails	435	a_bene_placito	scientiae_cedit_mare
sample	GC-CASE-958319	GC-PDX-964156	GC-BIOS-741609	Tissue	nascentes_morimur_finisque_ab_origine_pendet	Body Fluid or Substance	Normal	Vertebra	50	nanos_gigantum_humeris_insidentes	scientia_et_labor
sample	GC-CASE-902946	GC-PDX-621310	GC-BIOS-303115	Ascites	Gallia_est_omnis_divisa_in_partes_tres	Mouth Rinse	Tumor	Lymph Node(s) Femoral	990	scientiae_et_patriae	scientia_et_labor
sample	GC-CASE-754313	GC-PDX-177618	GC-BIOS-169028	Tissue	e_causa_ignota	Xenograft	Not Reported	4th ventricle	958	Macte_animo_Generose_puer_sic_itur_ad_astra	O_Tite_tute_Tati_tibi_tanta_tyranne_tulisti
sample	GC-CASE-786347	GC-PDX-150335	GC-BIOS-429110	Analyte	imperium_in_imperio	Mouth Rinse	Peritumoral	Lymph Node(s) Regional	538	scientia_imperii_decus_et_tutamen	barba_crescit_caput_nescit
sample	GC-CASE-581051	GC-PDX-698600	GC-BIOS-755621	Mouth Rinse	scientia_et_sapientia	Cells	Not Reported	Bone	967	sapiens_qui_prospicit	nascentes_morimur_finisque_ab_origine_pendet
sample	GC-CASE-796408	GC-PDX-348462	GC-BIOS-233683	Blood	scientia_et_labor	Bone Marrow	Normal	Vas Deferens	34	scientiae_et_patriae	Gallia_est_omnis_divisa_in_partes_tres
sample	GC-CASE-547034	GC-PDX-923539	GC-BIOS-800253	Bone Marrow	nanos_gigantum_humeris_insidentes	Skin	Unknown	Lymph Node(s) Axilla	502	e_causa_ignota	Obedientia_civium_urbis_felicitas
sample	GC-CASE-972345	GC-PDX-690875	GC-BIOS-448480	Sputum	id_quod_plerumque_accidit	Xenograft	Normal	Testis	834	pace_tua	barba_crescit_caput_nescit
sample	GC-CASE-804925	GC-PDX-788778	GC-BIOS-899265	Cells	Obedientia_civium_urbis_felicitas	Xenograft	Not Reported	Aorta	553	sapiens_qui_prospicit	e_causa_ignota
sample	GC-CASE-715025	GC-PDX-355703	GC-BIOS-410922	Fluids	id_quod_plerumque_accidit	RNA	Not Reported	Omentum	561	O_Tite_tute_Tati_tibi_tanta_tyranne_tulisti	damnant_quod_non_intellegunt
sample	GC-CASE-198902	GC-PDX-916712	GC-BIOS-553273	Urine	scientia_imperii_decus_et_tutamen	Saliva	Unknown	Ascending Colon Hepatic Flexure	582	sapiens_qui_prospicit	sapiens_qui_prospicit
sample	GC-CASE-590056	GC-PDX-887185	GC-BIOS-165652	Analyte	Macte_animo_Generose_puer_sic_itur_ad_astra	Central Nervous System	Unknown	Not Reported	645	imperium_in_imperio	Obedientia_civium_urbis_felicitas
sample	GC-CASE-361478	GC-PDX-494636	GC-BIOS-842725	Sputum	imperium_in_imperio	Blood	Not Reported	Cerebrospinal Fluid	364	damnant_quod_non_intellegunt	e_causa_ignota
sample	GC-CASE-556486	GC-PDX-540768	GC-BIOS-732269	Analyte	e_causa_ignota	Stool	Normal	Eye	361	nascentes_morimur_finisque_ab_origine_pendet	saltus_in_demonstrando
sample	GC-CASE-684774	GC-PDX-409544	GC-BIOS-341463	Ascites	nanos_gigantum_humeris_insidentes	Tissue	Peritumoral	Eye	478	scientia_imperii_decus_et_tutamen	id_quod_plerumque_accidit
sample	GC-CASE-796100	GC-PDX-833721	GC-BIOS-430684	Blood	scientia_et_labor	Not Reported	Normal	Small Bowel	455	saltus_in_demonstrando	nascentes_morimur_finisque_ab_origine_pendet
sample	GC-CASE-716828	GC-PDX-485909	GC-BIOS-883579	Tissue	Gallia_est_omnis_divisa_in_partes_tres	Not Reported	Peritumoral	Cecum	489	a_bene_placito	labor_ipse_voluptas
sample	GC-CASE-900103	GC-PDX-782697	GC-BIOS-466287	Blood	a_bene_placito	Central Nervous System	Peritumoral	Broad Ligament	139	nanos_gigantum_humeris_insidentes	e_causa_ignota
sample	GC-CASE-505695	GC-PDX-815537	GC-BIOS-219589	Analyte	salus_in_arduis	Mouth Rinse	Tumor	Gallbladder	980	damnant_quod_non_intellegunt	e_causa_ignota
sample	GC-CASE-880587	GC-PDX-735521	GC-BIOS-257943	Cells	Obedientia_civium_urbis_felicitas	Body Fluid or Substance	Peritumoral	Ganglia	970	cacatum_non_est_pictum	haec_olim_meminisse_iuvabit
sample	GC-CASE-158398	GC-PDX-376405	GC-BIOS-841631	Mouth Rinse	id_quod_plerumque_accidit	Sputum	Not Reported	Liver metastasis	567	id_quod_plerumque_accidit	scientia_et_sapientia
sample	GC-CASE-518785	GC-PDX-228236	GC-BIOS-392265	Stool	faber_est_suae_quisque_fortunae	Cell Line	Normal	Aqueous Fluid	822	labor_ipse_voluptas	pace_tua
sample	GC-CASE-377746	GC-PDX-327458	GC-BIOS-735726	Tissue	haec_olim_meminisse_iuvabit	Ascites	Normal	Back	883	salus_in_arduis	nanos_gigantum_humeris_insidentes
sample	GC-CASE-280642	GC-PDX-173709	GC-BIOS-952502	Fluids	id_quod_plerumque_accidit	Central Nervous System	Not Reported	Thumb	196	scientiae_et_patriae	barba_crescit_caput_nescit
sample	GC-CASE-403745	GC-PDX-263331	GC-BIOS-356968	Analyte	e_causa_ignota	DNA	Unknown	Bowel	48	saltus_in_demonstrando	salus_in_arduis
sample	GC-CASE-916009	GC-PDX-187195	GC-BIOS-955778	Sputum	scientia_et_sapientia	Central Nervous System	Unknown	Lymph Node(s) Iliac-Common	197	cacatum_non_est_pictum	scientia,_aere_perennius
sample	GC-CASE-426332	GC-PDX-923065	GC-BIOS-391486	Mouth Rinse	pace_tua	Saliva	Tumor	Dermal	901	scientia_imperii_decus_et_tutamen	damnant_quod_non_intellegunt
sample	GC-CASE-249806	GC-PDX-502434	GC-BIOS-315041	Sputum	faber_est_suae_quisque_fortunae	Mouth Rinse	Not Reported	Ureter	606	imperium_in_imperio	labor_ipse_voluptas
sample	GC-CASE-588854	GC-PDX-443802	GC-BIOS-395390	Bone Marrow	id_quod_plerumque_accidit	Stool	Not Reported	Splenic Flexure	476	saltus_in_demonstrando	scientia_et_labor
sample	GC-CASE-517367	GC-PDX-687890	GC-BIOS-502197	Tissue	nanos_gigantum_humeris_insidentes	Stool	Peritumoral	Not specified in data	660	O_Tite_tute_Tati_tibi_tanta_tyranne_tulisti	barba_crescit_caput_nescit
sample	GC-CASE-251277	GC-PDX-585849	GC-BIOS-919162	Mouth Rinse	scientiae_cedit_mare	Ascites	Tumor	Lymph Node(s) Iliac-External	834	sapiens_qui_prospicit	scientiae_cedit_mare
sample	GC-CASE-737373	GC-PDX-274941	GC-BIOS-526864	Blood	id_quod_plerumque_accidit	Cells	Not Reported	Lung/pleura	579	scientia_et_labor	Macte_animo_Generose_puer_sic_itur_ad_astra
sample	GC-CASE-666083	GC-PDX-243377	GC-BIOS-514706	Urine	sapiens_qui_prospicit	Bone Marrow	Unknown	Floor Of Mouth	175	O_Tite_tute_Tati_tibi_tanta_tyranne_tulisti	scientiae_et_patriae
sample	GC-CASE-357468	GC-PDX-352721	GC-BIOS-843162	Fluids	scientia,_aere_perennius	Blood	Tumor	R. Kidney	224	scientia,_aere_perennius	sapiens_qui_prospicit
sample	GC-CASE-257669	GC-PDX-256801	GC-BIOS-629314	Urine	scientiae_cedit_mare	DNA	Peritumoral	Os frontalis	191	faber_est_suae_quisque_fortunae	a_bene_placito
sample	GC-CASE-304677	GC-PDX-431473	GC-BIOS-553763	Blood	Macte_animo_Generose_puer_sic_itur_ad_astra	Cell Line	Not Reported	Bladder	560	cacatum_non_est_pictum	haec_olim_meminisse_iuvabit
sample	GC-CASE-391308	GC-PDX-515485	GC-BIOS-795341	Analyte	scientia_imperii_decus_et_tutamen	RNA	Normal	Ischium	966	labor_ipse_voluptas	cacatum_non_est_pictum
sample	GC-CASE-552856	GC-PDX-129406	GC-BIOS-769131	Fluids	damnant_quod_non_intellegunt	Central Nervous System	Peritumoral	Ischium	737	cacatum_non_est_pictum	faber_est_suae_quisque_fortunae
sample	GC-CASE-490909	GC-PDX-229126	GC-BIOS-399617	Tissue	saltus_in_demonstrando	DNA	Peritumoral	R. Buttock	899	salus_in_arduis	scientia_et_labor
sample	GC-CASE-500366	GC-PDX-571893	GC-BIOS-278552	Sputum	scientia_imperii_decus_et_tutamen	Ascites	Not Reported	R. Buttock	45	imperium_in_imperio	Obedientia_civium_urbis_felicitas
sample	GC-CASE-530972	GC-PDX-532405	GC-BIOS-866699	Ascites	O_Tite_tute_Tati_tibi_tanta_tyranne_tulisti	Unknown	Normal	Fallopian Tube	521	scientia_imperii_decus_et_tutamen	nascentes_morimur_finisque_ab_origine_pendet
sample	GC-CASE-433005	GC-PDX-689274	GC-BIOS-234776	Tissue	saltus_in_demonstrando	RNA	Unknown	Connective Tissue	906	O_Tite_tute_Tati_tibi_tanta_tyranne_tulisti	Macte_animo_Generose_puer_sic_itur_ad_astra
sample	GC-CASE-952498	GC-PDX-100256	GC-BIOS-556714	Cells	faber_est_suae_quisque_fortunae	Body Fluid or Substance	Unknown	Mitochondria	67	damnant_quod_non_intellegunt	haec_olim_meminisse_iuvabit
sample	GC-CASE-579670	GC-PDX-263096	GC-BIOS-249258	Cells	scientia_et_labor	RNA	Peritumoral	Vulva	551	scientiae_cedit_mare	Obedientia_civium_urbis_felicitas
sample	GC-CASE-599367	GC-PDX-992793	GC-BIOS-868547	Mouth Rinse	Macte_animo_Generose_puer_sic_itur_ad_astra	Urine	Tumor	Uvula	798	scientia,_aere_perennius	labor_ipse_voluptas
sample	GC-CASE-460061	GC-PDX-818967	GC-BIOS-739267	Sputum	sapiens_qui_prospicit	Mouth Rinse	Unknown	Bone marrow	780	Macte_animo_Generose_puer_sic_itur_ad_astra	nascentes_morimur_finisque_ab_origine_pendet
sample	GC-CASE-483338	GC-PDX-305950	GC-BIOS-863023	Mouth Rinse	Obedientia_civium_urbis_felicitas	Central Nervous System	Not Reported	Sinus	608	nanos_gigantum_humeris_insidentes	cacatum_non_est_pictum
sample	GC-CASE-166955	GC-PDX-855811	GC-BIOS-284875	Bone Marrow	scientiae_cedit_mare	Unknown	Tumor	Elbow	815	scientia_imperii_decus_et_tutamen	scientia,_aere_perennius
sample	GC-CASE-598191	GC-PDX-223215	GC-BIOS-942886	Fluids	sapiens_qui_prospicit	Blood	Normal	Cervix	173	scientia,_aere_perennius	Obedientia_civium_urbis_felicitas
sample	GC-CASE-992733	GC-PDX-696529	GC-BIOS-859354	Ascites	Gallia_est_omnis_divisa_in_partes_tres	Urine	Peritumoral	Frontal Cortex	628	barba_crescit_caput_nescit	barba_crescit_caput_nescit
sample	GC-CASE-683778	GC-PDX-519303	GC-BIOS-844994	Mouth Rinse	cacatum_non_est_pictum	Tissue	Unknown	Adrenal	957	cacatum_non_est_pictum	pace_tua
sample	GC-CASE-958106	GC-PDX-552978	GC-BIOS-245808	Bone Marrow	barba_crescit_caput_nescit	Central Nervous System	Unknown	Lymph Node(s) Pelvic	468	scientia_et_sapientia	faber_est_suae_quisque_fortunae
sample	GC-CASE-990248	GC-PDX-548098	GC-BIOS-367943	Stool	Macte_animo_Generose_puer_sic_itur_ad_astra	Central Nervous System	Peritumoral	Pancreas	575	pace_tua	scientia,_aere_perennius
sample	GC-CASE-789333	GC-PDX-185201	GC-BIOS-706280	Tissue	scientia_imperii_decus_et_tutamen	Analyte	Peritumoral	Retro-Orbital Region	878	nascentes_morimur_finisque_ab_origine_pendet	scientiae_et_patriae
sample	GC-CASE-968546	GC-PDX-586648	GC-BIOS-104684	Stool	e_causa_ignota	Body Fluid or Substance	Unknown	Pleura	354	Macte_animo_Generose_puer_sic_itur_ad_astra	faber_est_suae_quisque_fortunae
sample	GC-CASE-797588	GC-PDX-925138	GC-BIOS-780222	Bone Marrow	O_Tite_tute_Tati_tibi_tanta_tyranne_tulisti	Ascites	Peritumoral	R. Breast metastasis	148	imperium_in_imperio	a_bene_placito
sample	GC-CASE-416320	GC-PDX-603035	GC-BIOS-963147	Fluids	Gallia_est_omnis_divisa_in_partes_tres	Tissue	Peritumoral	Elbow	320	barba_crescit_caput_nescit	nanos_gigantum_humeris_insidentes
sample	GC-CASE-787219	GC-PDX-853990	GC-BIOS-467678	Sputum	haec_olim_meminisse_iuvabit	Mouth Rinse	Unknown	Sinus(es), Maxillary	229	damnant_quod_non_intellegunt	nascentes_morimur_finisque_ab_origine_pendet
sample	GC-CASE-523342	GC-PDX-985685	GC-BIOS-488300	Ascites	barba_crescit_caput_nescit	RNA	Tumor	Placenta	597	damnant_quod_non_intellegunt	e_causa_ignota
sample	GC-CASE-997055	GC-PDX-661602	GC-BIOS-443093	Tissue	saltus_in_demonstrando	Unknown	Tumor	Small Bowel - Mucosa Only	634	barba_crescit_caput_nescit	labor_ipse_voluptas
sample	GC-CASE-795069	GC-PDX-424081	GC-BIOS-704200	Urine	id_quod_plerumque_accidit	Ascites	Peritumoral	Brain	35	scientia_et_labor	scientia,_aere_perennius
sample	GC-CASE-540021	GC-PDX-399346	GC-BIOS-944974	Stool	scientiae_cedit_mare	RNA	Unknown	Pleural effusion met	659	pace_tua	Macte_animo_Generose_puer_sic_itur_ad_astra
sample	GC-CASE-828571	GC-PDX-732150	GC-BIOS-190073	Urine	saltus_in_demonstrando	Skin	Not Reported	Blood Vessel	631	Obedientia_civium_urbis_felicitas	labor_ipse_voluptas
sample	GC-CASE-268297	GC-PDX-844893	GC-BIOS-845215	Mouth Rinse	scientia_et_sapientia	Skin	Unknown	R. Humerus	852	salus_in_arduis	cacatum_non_est_pictum
sample	GC-CASE-871643	GC-PDX-887710	GC-BIOS-964680	Ascites	scientia_et_labor	Body Fluid or Substance	Not Reported	Buttock	534	nanos_gigantum_humeris_insidentes	Macte_animo_Generose_puer_sic_itur_ad_astra
sample	GC-CASE-301433	GC-PDX-652662	GC-BIOS-300816	Analyte	damnant_quod_non_intellegunt	Cell Line	Unknown	Bronchiole	490	cacatum_non_est_pictum	imperium_in_imperio
sample	GC-CASE-854147	GC-PDX-880994	GC-BIOS-371884	Urine	salus_in_arduis	Bone Marrow	Not Reported	Brain	500	scientia,_aere_perennius	e_causa_ignota
sample	GC-CASE-163255	GC-PDX-288504	GC-BIOS-742669	Cells	scientiae_cedit_mare	Not Reported	Not Reported	Omentum	124	scientia,_aere_perennius	a_bene_placito
sample	GC-CASE-524664	GC-PDX-403300	GC-BIOS-777482	Sputum	scientia_et_labor	Stool	Peritumoral	Small Finger	581	Obedientia_civium_urbis_felicitas	saltus_in_demonstrando
sample	GC-CASE-621618	GC-PDX-349457	GC-BIOS-781977	Analyte	e_causa_ignota	Xenograft	Tumor	Placenta	343	e_causa_ignota	cacatum_non_est_pictum
sample	GC-CASE-231164	GC-PDX-754343	GC-BIOS-248445	Mouth Rinse	salus_in_arduis	Urine	Normal	Vertebra	857	imperium_in_imperio	O_Tite_tute_Tati_tibi_tanta_tyranne_tulisti
sample	GC-CASE-270109	GC-PDX-652263	GC-BIOS-624932	Bone Marrow	scientia_et_sapientia	Central Nervous System	Not Reported	Hand	256	haec_olim_meminisse_iuvabit	faber_est_suae_quisque_fortunae
sample	GC-CASE-227389	GC-PDX-707111	GC-BIOS-144250	Blood	O_Tite_tute_Tati_tibi_tanta_tyranne_tulisti	Skin	Unknown	Spinal Cord	718	e_causa_ignota	scientiae_et_patriae
sample	GC-CASE-429117	GC-PDX-350513	GC-BIOS-689907	Analyte	scientia_et_sapientia	Saliva	Tumor	Ocular Orbits	158	id_quod_plerumque_accidit	Obedientia_civium_urbis_felicitas
sample	GC-CASE-352036	GC-PDX-783352	GC-BIOS-762252	Bone Marrow	scientia_et_labor	Saliva	Tumor	Omentum	24	scientia_et_labor	Macte_animo_Generose_puer_sic_itur_ad_astra
sample	GC-CASE-839726	GC-PDX-975695	GC-BIOS-363232	Blood	sapiens_qui_prospicit	Tissue	Tumor	Anal Sphincter	565	nascentes_morimur_finisque_ab_origine_pendet	scientia,_aere_perennius
sample	GC-CASE-477862	GC-PDX-159569	GC-BIOS-166560	Analyte	a_bene_placito	Ascites	Peritumoral	Cerebrospinal Fluid	803	saltus_in_demonstrando	Obedientia_civium_urbis_felicitas
sample	GC-CASE-111424	GC-PDX-183079	GC-BIOS-501983	Blood	sapiens_qui_prospicit	Skin	Unknown	Scapula	383	scientiae_et_patriae	a_bene_placito
sample	GC-CASE-231407	GC-PDX-372513	GC-BIOS-952780	Bone Marrow	labor_ipse_voluptas	Xenograft	Tumor	Paratesticular	968	pace_tua	a_bene_placito
sample	GC-CASE-647681	GC-PDX-435313	GC-BIOS-830719	Tissue	nanos_gigantum_humeris_insidentes	Blood	Peritumoral	Spinal Cord	252	labor_ipse_voluptas	imperium_in_imperio
sample	GC-CASE-135658	GC-PDX-987379	GC-BIOS-178256	Bone Marrow	haec_olim_meminisse_iuvabit	Ascites	Peritumoral	Ocular Orbits	303	labor_ipse_voluptas	Gallia_est_omnis_divisa_in_partes_tres
sample	GC-CASE-552274	GC-PDX-290947	GC-BIOS-973604	Analyte	nascentes_morimur_finisque_ab_origine_pendet	Cell Line	Peritumoral	Nasal Cavity	558	scientia,_aere_perennius	Gallia_est_omnis_divisa_in_partes_tres
sample	GC-CASE-824282	GC-PDX-657111	GC-BIOS-230573	Ascites	nascentes_morimur_finisque_ab_origine_pendet	Bone Marrow	Normal	Umbilical Cord	315	faber_est_suae_quisque_fortunae	nanos_gigantum_humeris_insidentes
sample	GC-CASE-469842	GC-PDX-350909	GC-BIOS-189708	Mouth Rinse	cacatum_non_est_pictum	Xenograft	Tumor	Esophagus - Mucosa Only	656	scientiae_et_patriae	haec_olim_meminisse_iuvabit
sample	GC-CASE-171192	GC-PDX-196277	GC-BIOS-382080	Fluids	scientia,_aere_perennius	Saliva	Peritumoral	Antrum	356	Macte_animo_Generose_puer_sic_itur_ad_astra	cacatum_non_est_pictum
sample	GC-CASE-995860	GC-PDX-332165	GC-BIOS-400425	Urine	scientia_et_labor	Bone Marrow	Tumor	Cerebral Cortex	409	scientia_imperii_decus_et_tutamen	haec_olim_meminisse_iuvabit
sample	GC-CASE-657635	GC-PDX-436857	GC-BIOS-671009	Stool	nanos_gigantum_humeris_insidentes	Analyte	Not Reported	Transverse Colon	264	faber_est_suae_quisque_fortunae	imperium_in_imperio
sample	GC-CASE-674656	GC-PDX-189780	GC-BIOS-112015	Fluids	scientia,_aere_perennius	RNA	Unknown	Soft Tissue	788	barba_crescit_caput_nescit	scientiae_cedit_mare
sample	GC-CASE-834800	GC-PDX-229092	GC-BIOS-459901	Sputum	id_quod_plerumque_accidit	RNA	Unknown	Bone	293	scientia,_aere_perennius	e_causa_ignota
sample	GC-CASE-362286	GC-PDX-237442	GC-BIOS-183266	Analyte	O_Tite_tute_Tati_tibi_tanta_tyranne_tulisti	Body Fluid or Substance	Not Reported	R. Parietal Lobe	521	Macte_animo_Generose_puer_sic_itur_ad_astra	Obedientia_civium_urbis_felicitas
sample	GC-CASE-443202	GC-PDX-824930	GC-BIOS-841384	Ascites	Obedientia_civium_urbis_felicitas	Cells	Unknown	Mediastinal Soft Tissue	312	scientiae_cedit_mare	e_causa_ignota
sample	GC-CASE-797178	GC-PDX-761373	GC-BIOS-765568	Analyte	scientiae_cedit_mare	Blood	Tumor	Unknowm	554	pace_tua	Macte_animo_Generose_puer_sic_itur_ad_astra
sample	GC-CASE-773241	GC-PDX-851682	GC-BIOS-901274	Cells	O_Tite_tute_Tati_tibi_tanta_tyranne_tulisti	Xenograft	Tumor	Antecubital Fossa	113	O_Tite_tute_Tati_tibi_tanta_tyranne_tulisti	salus_in_arduis
sample	GC-CASE-999164	GC-PDX-434664	GC-BIOS-131774	Analyte	labor_ipse_voluptas	Unknown	Peritumoral	Index Finger	636	e_causa_ignota	Obedientia_civium_urbis_felicitas
sample	GC-CASE-856212	GC-PDX-625215	GC-BIOS-509117	Analyte	cacatum_non_est_pictum	Cell Line	Peritumoral	Sinus(es), Maxillary	190	imperium_in_imperio	Macte_animo_Generose_puer_sic_itur_ad_astra
sample	GC-CASE-360595	GC-PDX-190724	GC-BIOS-828417	Bone Marrow	Gallia_est_omnis_divisa_in_partes_tres	RNA	Tumor	Lung metastasis	980	Gallia_est_omnis_divisa_in_partes_tres	scientiae_cedit_mare
sample	GC-CASE-825431	GC-PDX-233215	GC-BIOS-906023	Mouth Rinse	scientiae_et_patriae	Body Fluid or Substance	Normal	R. Parietal Lobe	650	scientiae_cedit_mare	nanos_gigantum_humeris_insidentes
sample	GC-CASE-475104	GC-PDX-276002	GC-BIOS-584620	Tissue	id_quod_plerumque_accidit	Tissue	Peritumoral	Ventricular mass	539	scientia,_aere_perennius	scientia_et_labor
sample	GC-CASE-711788	GC-PDX-438382	GC-BIOS-710479	Ascites	e_causa_ignota	DNA	Normal	Muscle	896	barba_crescit_caput_nescit	cacatum_non_est_pictum
sample	GC-CASE-651251	GC-PDX-487470	GC-BIOS-325531	Sputum	a_bene_placito	Ascites	Peritumoral	Anorectum	684	O_Tite_tute_Tati_tibi_tanta_tyranne_tulisti	imperium_in_imperio
sample	GC-CASE-277467	GC-PDX-431456	GC-BIOS-553361	Stool	scientia_imperii_decus_et_tutamen	DNA	Unknown	Hypopharynx	57	nanos_gigantum_humeris_insidentes	sapiens_qui_prospicit
sample	GC-CASE-566711	GC-PDX-353233	GC-BIOS-573826	Bone Marrow	pace_tua	Analyte	Peritumoral	Lacrimal Gland	501	nanos_gigantum_humeris_insidentes	pace_tua
sample	GC-CASE-472622	GC-PDX-206716	GC-BIOS-278976	Sputum	e_causa_ignota	Xenograft	Peritumoral	Chin	897	pace_tua	faber_est_suae_quisque_fortunae
sample	GC-CASE-897198	GC-PDX-628002	GC-BIOS-331055	Analyte	haec_olim_meminisse_iuvabit	Saliva	Unknown	Lymph Node(s) Regional	517	a_bene_placito	sapiens_qui_prospicit
sample	GC-CASE-161731	GC-PDX-466032	GC-BIOS-720905	Tissue	sapiens_qui_prospicit	DNA	Normal	Dermal	664	cacatum_non_est_pictum	scientia_et_sapientia
sample	GC-CASE-105659	GC-PDX-573598	GC-BIOS-483159	Tissue	id_quod_plerumque_accidit	Sputum	Normal	Placenta	766	pace_tua	e_causa_ignota
sample	GC-CASE-197507	GC-PDX-319916	GC-BIOS-255023	Tissue	a_bene_placito	RNA	Not Reported	Uvula	298	pace_tua	scientiae_et_patriae
sample	GC-CASE-694335	GC-PDX-625583	GC-BIOS-347343	Fluids	cacatum_non_est_pictum	Stool	Unknown	R. femur/rib/verebra	994	Obedientia_civium_urbis_felicitas	scientia_et_sapientia
sample	GC-CASE-359237	GC-PDX-561133	GC-BIOS-941311	Sputum	haec_olim_meminisse_iuvabit	Unknown	Tumor	Anorectum	739	e_causa_ignota	Gallia_est_omnis_divisa_in_partes_tres
sample	GC-CASE-488802	GC-PDX-573459	GC-BIOS-638491	Urine	scientia_et_labor	Sputum	Not Reported	Mediastinal Soft Tissue	449	Macte_animo_Generose_puer_sic_itur_ad_astra	Gallia_est_omnis_divisa_in_partes_tres
sample	GC-CASE-372670	GC-PDX-720889	GC-BIOS-575769	Stool	faber_est_suae_quisque_fortunae	Central Nervous System	Normal	Thyroid	117	salus_in_arduis	barba_crescit_caput_nescit
sample	GC-CASE-842250	GC-PDX-583447	GC-BIOS-560241	Bone Marrow	imperium_in_imperio	DNA	Normal	Perineum	456	Macte_animo_Generose_puer_sic_itur_ad_astra	Macte_animo_Generose_puer_sic_itur_ad_astra
sample	GC-CASE-394914	GC-PDX-781036	GC-BIOS-129179	Blood	scientia,_aere_perennius	Cells	Normal	Lung mass	769	nascentes_morimur_finisque_ab_origine_pendet	barba_crescit_caput_nescit
sample	GC-CASE-404873	GC-PDX-373778	GC-BIOS-789505	Tissue	scientiae_et_patriae	Analyte	Tumor	Hepatic	806	haec_olim_meminisse_iuvabit	nanos_gigantum_humeris_insidentes
sample	GC-CASE-957952	GC-PDX-769637	GC-BIOS-395407	Analyte	salus_in_arduis	Unknown	Not Reported	Lacrimal Gland	854	sapiens_qui_prospicit	scientia_imperii_decus_et_tutamen
sample	GC-CASE-230214	GC-PDX-505474	GC-BIOS-519738	Mouth Rinse	sapiens_qui_prospicit	Analyte	Unknown	Chest Wall	168	id_quod_plerumque_accidit	scientia_et_labor
sample	GC-CASE-583567	GC-PDX-647271	GC-BIOS-452871	Mouth Rinse	faber_est_suae_quisque_fortunae	Tissue	Tumor	Lymph Node(s) Iliac-Common	268	imperium_in_imperio	labor_ipse_voluptas
sample	GC-CASE-707046	GC-PDX-641671	GC-BIOS-371136	Stool	pace_tua	Unknown	Unknown	Aqueous Fluid	628	scientia_imperii_decus_et_tutamen	sapiens_qui_prospicit
sample	GC-CASE-741553	GC-PDX-553768	GC-BIOS-818981	Ascites	Gallia_est_omnis_divisa_in_partes_tres	Sputum	Tumor	Amniotic Fluid	459	scientia_imperii_decus_et_tutamen	e_causa_ignota
sample	GC-CASE-708100	GC-PDX-109879	GC-BIOS-837897	Fluids	scientia,_aere_perennius	Body Fluid or Substance	Normal	Elbow	275	nascentes_morimur_finisque_ab_origine_pendet	Gallia_est_omnis_divisa_in_partes_tres
sample	GC-CASE-321696	GC-PDX-531597	GC-BIOS-228455	Tissue	Obedientia_civium_urbis_felicitas	Stool	Peritumoral	Scrotum	449	imperium_in_imperio	barba_crescit_caput_nescit
sample	GC-CASE-391033	GC-PDX-621299	GC-BIOS-450932	Stool	labor_ipse_voluptas	Not Reported	Unknown	Foot	559	haec_olim_meminisse_iuvabit	nascentes_morimur_finisque_ab_origine_pendet
sample	GC-CASE-576815	GC-PDX-324551	GC-BIOS-571937	Tissue	barba_crescit_caput_nescit	Sputum	Normal	Pericardium	820	pace_tua	sapiens_qui_prospicit
sample	GC-CASE-475171	GC-PDX-718222	GC-BIOS-300561	Stool	sapiens_qui_prospicit	Mouth Rinse	Unknown	Lymph Node(s) Mesenteric	411	barba_crescit_caput_nescit	scientia_imperii_decus_et_tutamen
sample	GC-CASE-891949	GC-PDX-885625	GC-BIOS-188992	Sputum	damnant_quod_non_intellegunt	Tissue	Not Reported	Submandibular Gland	770	pace_tua	nascentes_morimur_finisque_ab_origine_pendet
sample	GC-CASE-816164	GC-PDX-238024	GC-BIOS-220393	Blood	cacatum_non_est_pictum	Sputum	Tumor	Cell-Line	205	salus_in_arduis	imperium_in_imperio
sample	GC-CASE-825323	GC-PDX-426303	GC-BIOS-322083	Mouth Rinse	pace_tua	Blood	Peritumoral	Groin	334	faber_est_suae_quisque_fortunae	barba_crescit_caput_nescit
sample	GC-CASE-781141	GC-PDX-766397	GC-BIOS-937788	Sputum	saltus_in_demonstrando	Stool	Not Reported	Spinal Column	312	scientiae_cedit_mare	e_causa_ignota
sample	GC-CASE-287393	GC-PDX-686451	GC-BIOS-300622	Sputum	id_quod_plerumque_accidit	Unknown	Not Reported	Venous	687	saltus_in_demonstrando	Gallia_est_omnis_divisa_in_partes_tres
sample	GC-CASE-385683	GC-PDX-888819	GC-BIOS-153238	Sputum	faber_est_suae_quisque_fortunae	RNA	Unknown	Sternum	941	saltus_in_demonstrando	damnant_quod_non_intellegunt
sample	GC-CASE-721122	GC-PDX-608915	GC-BIOS-386726	Tissue	saltus_in_demonstrando	Tissue	Not Reported	Leptomeninges	31	Macte_animo_Generose_puer_sic_itur_ad_astra	id_quod_plerumque_accidit
sample	GC-CASE-429718	GC-PDX-832244	GC-BIOS-716113	Tissue	scientia,_aere_perennius	DNA	Not Reported	Brain stem	838	barba_crescit_caput_nescit	e_causa_ignota
sample	GC-CASE-826390	GC-PDX-622921	GC-BIOS-138007	Urine	O_Tite_tute_Tati_tibi_tanta_tyranne_tulisti	Cells	Not Reported	Clavicle	443	id_quod_plerumque_accidit	scientia_imperii_decus_et_tutamen
sample	GC-CASE-669589	GC-PDX-266902	GC-BIOS-267496	Stool	id_quod_plerumque_accidit	Cells	Normal	Peritoneum	31	O_Tite_tute_Tati_tibi_tanta_tyranne_tulisti	a_bene_placito
sample	GC-CASE-157881	GC-PDX-402657	GC-BIOS-862182	Bone Marrow	labor_ipse_voluptas	Cell Line	Peritumoral	Arm	112	Gallia_est_omnis_divisa_in_partes_tres	saltus_in_demonstrando
sample	GC-CASE-501764	GC-PDX-336980	GC-BIOS-704995	Bone Marrow	salus_in_arduis	RNA	Unknown	Ear	190	sapiens_qui_prospicit	scientiae_cedit_mare
sample	GC-CASE-388833	GC-PDX-709566	GC-BIOS-766000	Sputum	scientiae_et_patriae	Not Reported	Unknown	R. Humerus	214	cacatum_non_est_pictum	imperium_in_imperio
sample	GC-CASE-473111	GC-PDX-673591	GC-BIOS-136840	Fluids	nanos_gigantum_humeris_insidentes	Saliva	Not Reported	Mitochondria	300	sapiens_qui_prospicit	nascentes_morimur_finisque_ab_origine_pendet
sample	GC-CASE-210095	GC-PDX-205559	GC-BIOS-214624	Mouth Rinse	cacatum_non_est_pictum	Not Reported	Normal	Round Ligament	127	Gallia_est_omnis_divisa_in_partes_tres	sapiens_qui_prospicit
sample	GC-CASE-371301	GC-PDX-726142	GC-BIOS-436103	Blood	O_Tite_tute_Tati_tibi_tanta_tyranne_tulisti	Cell Line	Peritumoral	Descending Colon	213	a_bene_placito	scientiae_et_patriae
sample	GC-CASE-892682	GC-PDX-109499	GC-BIOS-614815	Analyte	pace_tua	Cells	Peritumoral	Ilium	845	saltus_in_demonstrando	Gallia_est_omnis_divisa_in_partes_tres
sample	GC-CASE-539599	GC-PDX-219971	GC-BIOS-950016	Sputum	saltus_in_demonstrando	Xenograft	Tumor	Lymph Node(s) Epitrochlear	747	Macte_animo_Generose_puer_sic_itur_ad_astra	Macte_animo_Generose_puer_sic_itur_ad_astra
sample	GC-CASE-469903	GC-PDX-188325	GC-BIOS-591659	Analyte	scientia,_aere_perennius	Analyte	Peritumoral	Lymph Node	809	damnant_quod_non_intellegunt	barba_crescit_caput_nescit
sample	GC-CASE-398477	GC-PDX-355500	GC-BIOS-100945	Urine	scientia,_aere_perennius	Central Nervous System	Normal	Back	769	scientia_et_labor	imperium_in_imperio
sample	GC-CASE-579682	GC-PDX-361820	GC-BIOS-954576	Cells	scientia_imperii_decus_et_tutamen	Stool	Peritumoral	Forearm	742	labor_ipse_voluptas	sapiens_qui_prospicit
sample	GC-CASE-119128	GC-PDX-701845	GC-BIOS-330187	Cells	salus_in_arduis	DNA	Normal	Cervical node	430	scientia_imperii_decus_et_tutamen	Gallia_est_omnis_divisa_in_partes_tres
sample	GC-CASE-917605	GC-PDX-862704	GC-BIOS-402277	Sputum	scientiae_et_patriae	Saliva	Normal	Subglottis	380	Macte_animo_Generose_puer_sic_itur_ad_astra	cacatum_non_est_pictum
sample	GC-CASE-579767	GC-PDX-229481	GC-BIOS-613286	Sputum	salus_in_arduis	DNA	Tumor	Lymph Node(s) Parotid	900	Macte_animo_Generose_puer_sic_itur_ad_astra	pace_tua
sample	GC-CASE-801577	GC-PDX-308555	GC-BIOS-451799	Fluids	sapiens_qui_prospicit	Cell Line	Unknown	Salivary Gland	783	Obedientia_civium_urbis_felicitas	scientia_imperii_decus_et_tutamen
sample	GC-CASE-392719	GC-PDX-211966	GC-BIOS-480418	Ascites	scientia_et_labor	Urine	Normal	Mandible	226	faber_est_suae_quisque_fortunae	id_quod_plerumque_accidit
sample	GC-CASE-850631	GC-PDX-470014	GC-BIOS-172143	Sputum	id_quod_plerumque_accidit	Saliva	Tumor	Umbilical Cord	548	scientia_et_labor	scientia_et_labor
sample	GC-CASE-242304	GC-PDX-280158	GC-BIOS-572005	Ascites	Gallia_est_omnis_divisa_in_partes_tres	Cell Line	Tumor	Forehead	485	scientia_et_labor	e_causa_ignota
sample	GC-CASE-304702	GC-PDX-788011	GC-BIOS-487968	Cells	nascentes_morimur_finisque_ab_origine_pendet	Bone Marrow	Not Reported	Cartilage	861	damnant_quod_non_intellegunt	scientiae_et_patriae
sample	GC-CASE-460463	GC-PDX-497147	GC-BIOS-964948	Bone Marrow	sapiens_qui_prospicit	Unknown	Normal	Pylorus	646	haec_olim_meminisse_iuvabit	id_quod_plerumque_accidit
sample	GC-CASE-142916	GC-PDX-303802	GC-BIOS-697600	Mouth Rinse	scientiae_cedit_mare	Central Nervous System	Unknown	Cell-Line	149	nascentes_morimur_finisque_ab_origine_pendet	imperium_in_imperio
sample	GC-CASE-945329	GC-PDX-415670	GC-BIOS-966245	Tissue	salus_in_arduis	RNA	Tumor	Cecum	393	a_bene_placito	scientia_imperii_decus_et_tutamen
sample	GC-CASE-290724	GC-PDX-964821	GC-BIOS-411208	Blood	Gallia_est_omnis_divisa_in_partes_tres	DNA	Not Reported	Abdominal mass	79	pace_tua	faber_est_suae_quisque_fortunae
sample	GC-CASE-545925	GC-PDX-723444	GC-BIOS-919706	Sputum	scientia_imperii_decus_et_tutamen	Mouth Rinse	Tumor	Lymph Node(s) Occipital	177	labor_ipse_voluptas	id_quod_plerumque_accidit
sample	GC-CASE-182494	GC-PDX-370319	GC-BIOS-372464	Urine	a_bene_placito	Blood	Unknown	Lymph Node(s) Iliac-Common	925	id_quod_plerumque_accidit	labor_ipse_voluptas
sample	GC-CASE-997175	GC-PDX-905096	GC-BIOS-327262	Mouth Rinse	e_causa_ignota	Stool	Tumor	post mortem blood	507	a_bene_placito	labor_ipse_voluptas
sample	GC-CASE-525427	GC-PDX-443536	GC-BIOS-512338	Analyte	damnant_quod_non_intellegunt	Mouth Rinse	Unknown	Joint	361	scientia_et_sapientia	damnant_quod_non_intellegunt
sample	GC-CASE-890964	GC-PDX-237804	GC-BIOS-343355	Tissue	cacatum_non_est_pictum	Unknown	Not Reported	Common Duct	122	nanos_gigantum_humeris_insidentes	Gallia_est_omnis_divisa_in_partes_tres
sample	GC-CASE-150972	GC-PDX-467236	GC-BIOS-667166	Tissue	pace_tua	RNA	Unknown	Glottis	717	sapiens_qui_prospicit	Gallia_est_omnis_divisa_in_partes_tres
sample	GC-CASE-454024	GC-PDX-960967	GC-BIOS-286176	Urine	O_Tite_tute_Tati_tibi_tanta_tyranne_tulisti	Tissue	Peritumoral	L. Femur	727	faber_est_suae_quisque_fortunae	cacatum_non_est_pictum
sample	GC-CASE-117486	GC-PDX-328721	GC-BIOS-915119	Sputum	cacatum_non_est_pictum	RNA	Peritumoral	Blood	753	sapiens_qui_prospicit	id_quod_plerumque_accidit
sample	GC-CASE-627364	GC-PDX-480705	GC-BIOS-738197	Urine	e_causa_ignota	Central Nervous System	Unknown	Mesentery	670	damnant_quod_non_intellegunt	Obedientia_civium_urbis_felicitas
sample	GC-CASE-440744	GC-PDX-569904	GC-BIOS-948883	Mouth Rinse	cacatum_non_est_pictum	Not Reported	Normal	Finger	22	scientiae_et_patriae	damnant_quod_non_intellegunt
sample	GC-CASE-193075	GC-PDX-220949	GC-BIOS-488409	Blood	imperium_in_imperio	Stool	Unknown	Bronchiole	236	sapiens_qui_prospicit	scientia,_aere_perennius
sample	GC-CASE-521265	GC-PDX-114754	GC-BIOS-161177	Analyte	faber_est_suae_quisque_fortunae	Tissue	Unknown	Ventricular mass	223	faber_est_suae_quisque_fortunae	a_bene_placito
sample	GC-CASE-797987	GC-PDX-216129	GC-BIOS-672767	Stool	damnant_quod_non_intellegunt	Bone Marrow	Not Reported	Popliteal Fossa	970	salus_in_arduis	id_quod_plerumque_accidit
sample	GC-CASE-523313	GC-PDX-771832	GC-BIOS-735269	Tissue	haec_olim_meminisse_iuvabit	Xenograft	Not Reported	Cerebrum	74	pace_tua	haec_olim_meminisse_iuvabit
sample	GC-CASE-883501	GC-PDX-471672	GC-BIOS-654186	Ascites	id_quod_plerumque_accidit	Saliva	Not Reported	tumor	507	faber_est_suae_quisque_fortunae	sapiens_qui_prospicit
sample	GC-CASE-877333	GC-PDX-688149	GC-BIOS-377161	Ascites	scientia_et_sapientia	Mouth Rinse	Peritumoral	Pleural effusion met	827	salus_in_arduis	scientia_et_sapientia
sample	GC-CASE-958249	GC-PDX-695813	GC-BIOS-606424	Bone Marrow	saltus_in_demonstrando	Ascites	Unknown	Lymph Nodes(s) Mediastinal	539	barba_crescit_caput_nescit	pace_tua
sample	GC-CASE-665857	GC-PDX-222366	GC-BIOS-301646	Fluids	pace_tua	Xenograft	Unknown	Mediastinal Soft Tissue	702	haec_olim_meminisse_iuvabit	damnant_quod_non_intellegunt
sample	GC-CASE-243527	GC-PDX-392121	GC-BIOS-103099	Ascites	imperium_in_imperio	Body Fluid or Substance	Tumor	R. Humerus	348	Macte_animo_Generose_puer_sic_itur_ad_astra	Gallia_est_omnis_divisa_in_partes_tres
sample	GC-CASE-924640	GC-PDX-418436	GC-BIOS-887901	Cells	barba_crescit_caput_nescit	Urine	Unknown	Mitochondria	412	Macte_animo_Generose_puer_sic_itur_ad_astra	faber_est_suae_quisque_fortunae
sample	GC-CASE-440898	GC-PDX-649121	GC-BIOS-470822	Blood	scientia_imperii_decus_et_tutamen	Stool	Not Reported	Endocrine Gland	961	Macte_animo_Generose_puer_sic_itur_ad_astra	Gallia_est_omnis_divisa_in_partes_tres
sample	GC-CASE-633450	GC-PDX-610839	GC-BIOS-931518	Bone Marrow	Macte_animo_Generose_puer_sic_itur_ad_astra	Analyte	Tumor	Head - Face Or Neck, Nos	126	O_Tite_tute_Tati_tibi_tanta_tyranne_tulisti	scientia_et_sapientia
sample	GC-CASE-232482	GC-PDX-918928	GC-BIOS-793998	Blood	scientia,_aere_perennius	Mouth Rinse	Tumor	L. Kidney	144	saltus_in_demonstrando	labor_ipse_voluptas
sample	GC-CASE-184959	GC-PDX-921696	GC-BIOS-620752	Urine	haec_olim_meminisse_iuvabit	Blood	Unknown	Lymph Node(s) Parotid	176	scientiae_et_patriae	nascentes_morimur_finisque_ab_origine_pendet
sample	GC-CASE-706546	GC-PDX-488348	GC-BIOS-271559	Analyte	saltus_in_demonstrando	RNA	Tumor	Cell-Line	464	labor_ipse_voluptas	damnant_quod_non_intellegunt
sample	GC-CASE-408168	GC-PDX-165495	GC-BIOS-845218	Urine	scientia_et_sapientia	Unknown	Unknown	Chest Wall	632	scientia_imperii_decus_et_tutamen	scientia_et_labor
