type	participant.study_participant_id	pdx.pdx_id	sample_id	sample_type	sample_description	sample_type_category	sample_tumor_status	sample_anatomic_site	sample_age_at_collection	derived_from_specimen	crdc_id
sample	GC-CASE-454380	GC-PDX-931197	GC-BIOS-467264	Sputum	labor_ipse_voluptas	Xenograft	Not Reported	Vein	603	O_Tite_tute_Tati_tibi_tanta_tyranne_tulisti	salus_in_arduis
sample	GC-CASE-337149	GC-PDX-757006	GC-BIOS-160044	Stool	O_Tite_tute_Tati_tibi_tanta_tyranne_tulisti	Skin	Unknown	Bladder	684	scientiae_et_patriae	scientia_imperii_decus_et_tutamen
sample	GC-CASE-903958	GC-PDX-874650	GC-BIOS-513672	Analyte	pace_tua	DNA	Not Reported	Peritoneal Cavity	227	O_Tite_tute_Tati_tibi_tanta_tyranne_tulisti	scientiae_cedit_mare
sample	GC-CASE-849582	GC-PDX-687632	GC-BIOS-966820	Analyte	a_bene_placito	Bone Marrow	Unknown	Lacrimal Gland	350	O_Tite_tute_Tati_tibi_tanta_tyranne_tulisti	id_quod_plerumque_accidit
sample	GC-CASE-885156	GC-PDX-348929	GC-BIOS-362453	Blood	Macte_animo_Generose_puer_sic_itur_ad_astra	Not Reported	Normal	Lymph Node(s) Internal Mammary	403	Macte_animo_Generose_puer_sic_itur_ad_astra	sapiens_qui_prospicit
sample	GC-CASE-828457	GC-PDX-702331	GC-BIOS-409856	Analyte	sapiens_qui_prospicit	Mouth Rinse	Not Reported	Ganglia	883	O_Tite_tute_Tati_tibi_tanta_tyranne_tulisti	a_bene_placito
sample	GC-CASE-727555	GC-PDX-685039	GC-BIOS-270278	Analyte	barba_crescit_caput_nescit	Central Nervous System	Not Reported	Ilium	599	id_quod_plerumque_accidit	imperium_in_imperio
sample	GC-CASE-530936	GC-PDX-482323	GC-BIOS-822996	Ascites	Obedientia_civium_urbis_felicitas	Body Fluid or Substance	Normal	Brain stem	474	damnant_quod_non_intellegunt	scientiae_cedit_mare
sample	GC-CASE-726336	GC-PDX-931030	GC-BIOS-424380	Tissue	cacatum_non_est_pictum	Unknown	Unknown	R. Neck mass	562	pace_tua	scientiae_et_patriae
sample	GC-CASE-668792	GC-PDX-879576	GC-BIOS-818669	Bone Marrow	cacatum_non_est_pictum	Sputum	Not Reported	Paraspinal Ganglion	314	saltus_in_demonstrando	faber_est_suae_quisque_fortunae
sample	GC-CASE-331007	GC-PDX-364967	GC-BIOS-996338	Mouth Rinse	cacatum_non_est_pictum	RNA	Peritumoral	Os frontalis	57	scientia_imperii_decus_et_tutamen	scientia_et_sapientia
sample	GC-CASE-726843	GC-PDX-984749	GC-BIOS-454317	Fluids	nascentes_morimur_finisque_ab_origine_pendet	Sputum	Peritumoral	Breast	115	cacatum_non_est_pictum	cacatum_non_est_pictum
sample	GC-CASE-974030	GC-PDX-750595	GC-BIOS-733118	Tissue	scientia_et_labor	Stool	Peritumoral	Lymph Node(s) Internal Mammary	658	haec_olim_meminisse_iuvabit	id_quod_plerumque_accidit
sample	GC-CASE-837994	GC-PDX-950454	GC-BIOS-480132	Bone Marrow	barba_crescit_caput_nescit	Urine	Not Reported	Carotid Artery	917	nascentes_morimur_finisque_ab_origine_pendet	e_causa_ignota
sample	GC-CASE-306991	GC-PDX-658399	GC-BIOS-471369	Tissue	Gallia_est_omnis_divisa_in_partes_tres	Central Nervous System	Normal	Ureter	732	scientia,_aere_perennius	damnant_quod_non_intellegunt
sample	GC-CASE-406747	GC-PDX-265301	GC-BIOS-637792	Fluids	saltus_in_demonstrando	DNA	Peritumoral	R. Distal Femur	573	O_Tite_tute_Tati_tibi_tanta_tyranne_tulisti	pace_tua
sample	GC-CASE-462340	GC-PDX-476515	GC-BIOS-436784	Sputum	a_bene_placito	Bone Marrow	Unknown	Fundus Of Stomach	401	salus_in_arduis	Gallia_est_omnis_divisa_in_partes_tres
sample	GC-CASE-617085	GC-PDX-968503	GC-BIOS-959837	Mouth Rinse	scientiae_et_patriae	Saliva	Unknown	Brain stem	409	Macte_animo_Generose_puer_sic_itur_ad_astra	Macte_animo_Generose_puer_sic_itur_ad_astra
sample	GC-CASE-883832	GC-PDX-377724	GC-BIOS-646180	Ascites	e_causa_ignota	Urine	Tumor	Elbow	870	nascentes_morimur_finisque_ab_origine_pendet	e_causa_ignota
sample	GC-CASE-859701	GC-PDX-729461	GC-BIOS-804096	Tissue	nanos_gigantum_humeris_insidentes	RNA	Peritumoral	Back	574	scientiae_et_patriae	scientiae_cedit_mare
sample	GC-CASE-109550	GC-PDX-153372	GC-BIOS-226911	Blood	imperium_in_imperio	Blood	Peritumoral	Lymph Node(s) Internal Mammary	404	O_Tite_tute_Tati_tibi_tanta_tyranne_tulisti	saltus_in_demonstrando
sample	GC-CASE-757646	GC-PDX-428991	GC-BIOS-491557	Fluids	scientiae_cedit_mare	Blood	Not Reported	Lymph Node(s) Retroperitoneal	556	a_bene_placito	scientia,_aere_perennius
sample	GC-CASE-831019	GC-PDX-840642	GC-BIOS-257605	Bone Marrow	sapiens_qui_prospicit	Not Reported	Peritumoral	Periorbital Soft Tissue	72	nascentes_morimur_finisque_ab_origine_pendet	scientiae_et_patriae
sample	GC-CASE-828682	GC-PDX-524098	GC-BIOS-451460	Sputum	faber_est_suae_quisque_fortunae	Unknown	Peritumoral	Buccal Mucosa	570	id_quod_plerumque_accidit	O_Tite_tute_Tati_tibi_tanta_tyranne_tulisti
sample	GC-CASE-300507	GC-PDX-310833	GC-BIOS-787375	Stool	cacatum_non_est_pictum	Urine	Peritumoral	Conjunctiva	28	damnant_quod_non_intellegunt	cacatum_non_est_pictum
sample	GC-CASE-809780	GC-PDX-640475	GC-BIOS-212557	Analyte	scientia,_aere_perennius	Mouth Rinse	Unknown	Cardia	690	id_quod_plerumque_accidit	scientiae_cedit_mare
sample	GC-CASE-380878	GC-PDX-560765	GC-BIOS-398838	Cells	imperium_in_imperio	Cells	Tumor	Occipital Cortex	352	Gallia_est_omnis_divisa_in_partes_tres	barba_crescit_caput_nescit
sample	GC-CASE-173421	GC-PDX-308789	GC-BIOS-677098	Fluids	labor_ipse_voluptas	RNA	Tumor	Aorta	639	Gallia_est_omnis_divisa_in_partes_tres	imperium_in_imperio
sample	GC-CASE-650724	GC-PDX-373313	GC-BIOS-642384	Cells	a_bene_placito	Not Reported	Unknown	Chest	485	scientiae_et_patriae	nanos_gigantum_humeris_insidentes
sample	GC-CASE-715865	GC-PDX-919576	GC-BIOS-463825	Bone Marrow	labor_ipse_voluptas	Body Fluid or Substance	Tumor	Penis	786	nanos_gigantum_humeris_insidentes	damnant_quod_non_intellegunt
sample	GC-CASE-999587	GC-PDX-725095	GC-BIOS-945713	Analyte	e_causa_ignota	Sputum	Unknown	Middle Finger	259	saltus_in_demonstrando	Gallia_est_omnis_divisa_in_partes_tres
sample	GC-CASE-916271	GC-PDX-325413	GC-BIOS-661757	Blood	barba_crescit_caput_nescit	Analyte	Normal	Lymph Node(s) Epitrochlear	495	Gallia_est_omnis_divisa_in_partes_tres	sapiens_qui_prospicit
sample	GC-CASE-685636	GC-PDX-749133	GC-BIOS-109850	Fluids	scientia,_aere_perennius	Tissue	Unknown	Thyroid	170	pace_tua	barba_crescit_caput_nescit
sample	GC-CASE-149162	GC-PDX-194585	GC-BIOS-159344	Stool	nascentes_morimur_finisque_ab_origine_pendet	Tissue	Peritumoral	Trachea / Major Bronchi	14	scientia_et_sapientia	Obedientia_civium_urbis_felicitas
sample	GC-CASE-305816	GC-PDX-158576	GC-BIOS-489086	Fluids	scientia_et_sapientia	RNA	Tumor	Brain	53	barba_crescit_caput_nescit	faber_est_suae_quisque_fortunae
sample	GC-CASE-208381	GC-PDX-298326	GC-BIOS-596465	Ascites	scientia_et_sapientia	Tissue	Normal	Posterior mediastil mass (mediastinum)	892	e_causa_ignota	labor_ipse_voluptas
sample	GC-CASE-213451	GC-PDX-599599	GC-BIOS-691111	Bone Marrow	imperium_in_imperio	Tissue	Tumor	Vulva	727	scientiae_et_patriae	scientia_et_labor
sample	GC-CASE-904016	GC-PDX-972932	GC-BIOS-911394	Blood	cacatum_non_est_pictum	Sputum	Not Reported	Ventricular mass	815	saltus_in_demonstrando	scientia_imperii_decus_et_tutamen
sample	GC-CASE-901529	GC-PDX-867584	GC-BIOS-958036	Bone Marrow	labor_ipse_voluptas	Ascites	Normal	Aqueous Fluid	935	nascentes_morimur_finisque_ab_origine_pendet	haec_olim_meminisse_iuvabit
sample	GC-CASE-816109	GC-PDX-159896	GC-BIOS-517071	Tissue	e_causa_ignota	Sputum	Unknown	Groin	383	scientia_et_sapientia	barba_crescit_caput_nescit
sample	GC-CASE-891015	GC-PDX-281123	GC-BIOS-236919	Tissue	imperium_in_imperio	Saliva	Normal	Subcutaneous Tissue	136	scientia_et_sapientia	barba_crescit_caput_nescit
sample	GC-CASE-629837	GC-PDX-610889	GC-BIOS-513390	Analyte	Macte_animo_Generose_puer_sic_itur_ad_astra	Not Reported	Normal	Clitoris	904	scientiae_cedit_mare	sapiens_qui_prospicit
sample	GC-CASE-456175	GC-PDX-174268	GC-BIOS-301284	Cells	Obedientia_civium_urbis_felicitas	Saliva	Peritumoral	Cecum	882	Obedientia_civium_urbis_felicitas	Obedientia_civium_urbis_felicitas
sample	GC-CASE-574511	GC-PDX-685389	GC-BIOS-313220	Tissue	barba_crescit_caput_nescit	Skin	Unknown	Foot	138	labor_ipse_voluptas	scientiae_et_patriae
sample	GC-CASE-395456	GC-PDX-246584	GC-BIOS-414148	Tissue	scientiae_cedit_mare	Bone Marrow	Peritumoral	Gum	998	pace_tua	e_causa_ignota
sample	GC-CASE-475950	GC-PDX-846511	GC-BIOS-145377	Stool	Macte_animo_Generose_puer_sic_itur_ad_astra	Skin	Not Reported	not reported	110	pace_tua	sapiens_qui_prospicit
sample	GC-CASE-861303	GC-PDX-554649	GC-BIOS-480459	Stool	Obedientia_civium_urbis_felicitas	RNA	Normal	Ureter	274	e_causa_ignota	scientia,_aere_perennius
sample	GC-CASE-802880	GC-PDX-670063	GC-BIOS-384558	Analyte	saltus_in_demonstrando	Cell Line	Unknown	Ligament	696	nascentes_morimur_finisque_ab_origine_pendet	cacatum_non_est_pictum
sample	GC-CASE-738489	GC-PDX-464389	GC-BIOS-813257	Analyte	scientiae_et_patriae	Cell Line	Peritumoral	Mitochondria	663	Macte_animo_Generose_puer_sic_itur_ad_astra	pace_tua
sample	GC-CASE-380603	GC-PDX-518196	GC-BIOS-943718	Tissue	Macte_animo_Generose_puer_sic_itur_ad_astra	Blood	Not Reported	Thyroid	138	a_bene_placito	haec_olim_meminisse_iuvabit
sample	GC-CASE-589474	GC-PDX-957392	GC-BIOS-197520	Stool	labor_ipse_voluptas	Stool	Tumor	Bone marrow	988	scientiae_cedit_mare	barba_crescit_caput_nescit
sample	GC-CASE-657831	GC-PDX-366664	GC-BIOS-823237	Urine	haec_olim_meminisse_iuvabit	Not Reported	Peritumoral	Ear Canal	521	Macte_animo_Generose_puer_sic_itur_ad_astra	Obedientia_civium_urbis_felicitas
sample	GC-CASE-976601	GC-PDX-599823	GC-BIOS-120281	Bone Marrow	scientiae_et_patriae	RNA	Tumor	Lymph Node(s) Regional	229	salus_in_arduis	a_bene_placito
sample	GC-CASE-943629	GC-PDX-597636	GC-BIOS-770986	Cells	salus_in_arduis	Mouth Rinse	Normal	Breast	548	imperium_in_imperio	damnant_quod_non_intellegunt
sample	GC-CASE-131204	GC-PDX-892624	GC-BIOS-428177	Sputum	haec_olim_meminisse_iuvabit	RNA	Tumor	Brain Stem	95	scientiae_cedit_mare	scientia_et_sapientia
sample	GC-CASE-539692	GC-PDX-104429	GC-BIOS-713524	Urine	sapiens_qui_prospicit	Saliva	Normal	Ligament	468	nascentes_morimur_finisque_ab_origine_pendet	pace_tua
sample	GC-CASE-126506	GC-PDX-789944	GC-BIOS-557210	Fluids	O_Tite_tute_Tati_tibi_tanta_tyranne_tulisti	Stool	Peritumoral	Cecum	539	Obedientia_civium_urbis_felicitas	id_quod_plerumque_accidit
sample	GC-CASE-598276	GC-PDX-993167	GC-BIOS-584565	Fluids	imperium_in_imperio	Cells	Peritumoral	Small Bowel - Mucosa Only	829	sapiens_qui_prospicit	labor_ipse_voluptas
sample	GC-CASE-442474	GC-PDX-187463	GC-BIOS-584859	Stool	nascentes_morimur_finisque_ab_origine_pendet	Bone Marrow	Normal	Liver metastasis	749	salus_in_arduis	a_bene_placito
sample	GC-CASE-851240	GC-PDX-541234	GC-BIOS-813124	Blood	haec_olim_meminisse_iuvabit	Skin	Tumor	Sternum	318	damnant_quod_non_intellegunt	damnant_quod_non_intellegunt
sample	GC-CASE-314381	GC-PDX-736625	GC-BIOS-400936	Urine	Gallia_est_omnis_divisa_in_partes_tres	Central Nervous System	Not Reported	Hypopharynx	933	scientia,_aere_perennius	barba_crescit_caput_nescit
sample	GC-CASE-688508	GC-PDX-134425	GC-BIOS-581549	Mouth Rinse	scientia,_aere_perennius	Xenograft	Not Reported	Lymph Node(s) Parotid	351	damnant_quod_non_intellegunt	damnant_quod_non_intellegunt
sample	GC-CASE-658791	GC-PDX-220557	GC-BIOS-532749	Urine	sapiens_qui_prospicit	DNA	Not Reported	Leptomeninges	920	damnant_quod_non_intellegunt	scientia_et_labor
sample	GC-CASE-320643	GC-PDX-377764	GC-BIOS-174477	Blood	scientiae_cedit_mare	Saliva	Normal	Soft Tissue	110	nanos_gigantum_humeris_insidentes	salus_in_arduis
sample	GC-CASE-913535	GC-PDX-216403	GC-BIOS-707874	Tissue	labor_ipse_voluptas	Blood	Tumor	Cell-Line	348	pace_tua	labor_ipse_voluptas
sample	GC-CASE-124660	GC-PDX-633246	GC-BIOS-890194	Urine	scientia,_aere_perennius	Central Nervous System	Peritumoral	Lymph Node(s) Pelvic	661	damnant_quod_non_intellegunt	Gallia_est_omnis_divisa_in_partes_tres
sample	GC-CASE-634463	GC-PDX-124647	GC-BIOS-540507	Ascites	a_bene_placito	DNA	Unknown	Aortic Body	45	cacatum_non_est_pictum	barba_crescit_caput_nescit
sample	GC-CASE-587913	GC-PDX-479558	GC-BIOS-357013	Cells	scientiae_et_patriae	Urine	Peritumoral	Autonomic Nervous System	37	cacatum_non_est_pictum	Gallia_est_omnis_divisa_in_partes_tres
sample	GC-CASE-655789	GC-PDX-437438	GC-BIOS-351386	Stool	imperium_in_imperio	Central Nervous System	Normal	Thymus	719	Macte_animo_Generose_puer_sic_itur_ad_astra	id_quod_plerumque_accidit
sample	GC-CASE-120044	GC-PDX-590067	GC-BIOS-738476	Sputum	scientia_imperii_decus_et_tutamen	Unknown	Unknown	Small Bowel - Mucosa Only	661	barba_crescit_caput_nescit	pace_tua
sample	GC-CASE-975522	GC-PDX-559448	GC-BIOS-538339	Stool	Gallia_est_omnis_divisa_in_partes_tres	RNA	Peritumoral	Fibula	192	scientia_et_sapientia	saltus_in_demonstrando
sample	GC-CASE-462190	GC-PDX-669513	GC-BIOS-404540	Fluids	e_causa_ignota	Xenograft	Tumor	R. Distal Femur	266	scientia_et_sapientia	nascentes_morimur_finisque_ab_origine_pendet
sample	GC-CASE-672476	GC-PDX-128332	GC-BIOS-398920	Blood	sapiens_qui_prospicit	Ascites	Not Reported	Frontal Lobe	426	nanos_gigantum_humeris_insidentes	Gallia_est_omnis_divisa_in_partes_tres
sample	GC-CASE-424428	GC-PDX-899398	GC-BIOS-615012	Blood	Gallia_est_omnis_divisa_in_partes_tres	Ascites	Normal	Mitochondria	748	cacatum_non_est_pictum	O_Tite_tute_Tati_tibi_tanta_tyranne_tulisti
sample	GC-CASE-723926	GC-PDX-471337	GC-BIOS-987352	Ascites	salus_in_arduis	Central Nervous System	Peritumoral	Auditory Canal	287	cacatum_non_est_pictum	scientia_et_sapientia
sample	GC-CASE-242861	GC-PDX-861932	GC-BIOS-202852	Blood	nanos_gigantum_humeris_insidentes	Not Reported	Peritumoral	Unknowm	108	damnant_quod_non_intellegunt	Gallia_est_omnis_divisa_in_partes_tres
sample	GC-CASE-701232	GC-PDX-388980	GC-BIOS-351111	Blood	damnant_quod_non_intellegunt	Ascites	Peritumoral	Gallbladder	54	faber_est_suae_quisque_fortunae	e_causa_ignota
sample	GC-CASE-246203	GC-PDX-912113	GC-BIOS-773178	Ascites	nanos_gigantum_humeris_insidentes	Cell Line	Normal	Nerve	791	scientia_et_sapientia	a_bene_placito
sample	GC-CASE-672995	GC-PDX-804999	GC-BIOS-747377	Sputum	saltus_in_demonstrando	Not Reported	Peritumoral	Heart	464	imperium_in_imperio	O_Tite_tute_Tati_tibi_tanta_tyranne_tulisti
sample	GC-CASE-865160	GC-PDX-578185	GC-BIOS-846757	Cells	pace_tua	Ascites	Unknown	post mortem liver	847	salus_in_arduis	id_quod_plerumque_accidit
sample	GC-CASE-873981	GC-PDX-375157	GC-BIOS-769425	Ascites	haec_olim_meminisse_iuvabit	Bone Marrow	Not Reported	Paraspinal mass	671	imperium_in_imperio	labor_ipse_voluptas
sample	GC-CASE-888431	GC-PDX-724127	GC-BIOS-645691	Sputum	pace_tua	Bone Marrow	Tumor	Venous	233	e_causa_ignota	scientia_et_sapientia
sample	GC-CASE-297399	GC-PDX-228566	GC-BIOS-107701	Tissue	pace_tua	Cell Line	Normal	Endocrine Gland	576	scientia_et_sapientia	Obedientia_civium_urbis_felicitas
sample	GC-CASE-599094	GC-PDX-670688	GC-BIOS-428273	Stool	saltus_in_demonstrando	Tissue	Tumor	Adrenal	379	salus_in_arduis	e_causa_ignota
sample	GC-CASE-767435	GC-PDX-602852	GC-BIOS-515528	Analyte	Obedientia_civium_urbis_felicitas	Stool	Normal	Acetabulum	517	id_quod_plerumque_accidit	Macte_animo_Generose_puer_sic_itur_ad_astra
sample	GC-CASE-337916	GC-PDX-437859	GC-BIOS-368679	Sputum	a_bene_placito	Mouth Rinse	Unknown	Lymph Node(s) Internal Mammary	194	salus_in_arduis	nanos_gigantum_humeris_insidentes
sample	GC-CASE-731879	GC-PDX-390767	GC-BIOS-457049	Bone Marrow	barba_crescit_caput_nescit	Urine	Normal	Islet Cells	208	scientia_et_sapientia	scientia_et_sapientia
sample	GC-CASE-753260	GC-PDX-776368	GC-BIOS-360772	Mouth Rinse	id_quod_plerumque_accidit	Sputum	Not Reported	Urethra	203	damnant_quod_non_intellegunt	scientiae_cedit_mare
sample	GC-CASE-274208	GC-PDX-887153	GC-BIOS-982389	Tissue	haec_olim_meminisse_iuvabit	Ascites	Tumor	Thumb	683	sapiens_qui_prospicit	a_bene_placito
sample	GC-CASE-298799	GC-PDX-545881	GC-BIOS-805372	Stool	sapiens_qui_prospicit	Urine	Tumor	Sublingual Gland	141	sapiens_qui_prospicit	damnant_quod_non_intellegunt
sample	GC-CASE-979289	GC-PDX-939469	GC-BIOS-273885	Analyte	sapiens_qui_prospicit	Ascites	Unknown	R. femur/rib/verebra	241	imperium_in_imperio	O_Tite_tute_Tati_tibi_tanta_tyranne_tulisti
sample	GC-CASE-641265	GC-PDX-828543	GC-BIOS-882043	Fluids	imperium_in_imperio	Tissue	Normal	Cerebellum	767	damnant_quod_non_intellegunt	labor_ipse_voluptas
sample	GC-CASE-729793	GC-PDX-812558	GC-BIOS-213751	Cells	scientia_et_sapientia	Bone Marrow	Not Reported	R. Distal Femur	811	Obedientia_civium_urbis_felicitas	scientiae_et_patriae
sample	GC-CASE-730360	GC-PDX-179522	GC-BIOS-481605	Stool	imperium_in_imperio	Unknown	Not Reported	Nasopharynx	194	damnant_quod_non_intellegunt	scientia_et_labor
sample	GC-CASE-549798	GC-PDX-720552	GC-BIOS-729700	Sputum	barba_crescit_caput_nescit	Cell Line	Unknown	Placenta	572	imperium_in_imperio	e_causa_ignota
sample	GC-CASE-130639	GC-PDX-602052	GC-BIOS-975387	Fluids	Macte_animo_Generose_puer_sic_itur_ad_astra	DNA	Peritumoral	Synovium	317	damnant_quod_non_intellegunt	nascentes_morimur_finisque_ab_origine_pendet
sample	GC-CASE-967763	GC-PDX-655167	GC-BIOS-462485	Sputum	scientiae_et_patriae	Body Fluid or Substance	Peritumoral	Lung metastasis	162	scientia_et_sapientia	salus_in_arduis
sample	GC-CASE-420869	GC-PDX-914245	GC-BIOS-435943	Blood	scientia,_aere_perennius	Urine	Normal	Conjunctiva	303	scientia_et_sapientia	labor_ipse_voluptas
sample	GC-CASE-118595	GC-PDX-731173	GC-BIOS-730344	Sputum	e_causa_ignota	Central Nervous System	Not Reported	Rectum	978	id_quod_plerumque_accidit	cacatum_non_est_pictum
sample	GC-CASE-719243	GC-PDX-646807	GC-BIOS-924910	Sputum	faber_est_suae_quisque_fortunae	Blood	Not Reported	Spinal Cord	263	Obedientia_civium_urbis_felicitas	a_bene_placito
sample	GC-CASE-130372	GC-PDX-613976	GC-BIOS-213951	Stool	nascentes_morimur_finisque_ab_origine_pendet	Bone Marrow	Not Reported	Head - Face Or Neck, Nos	16	scientia_imperii_decus_et_tutamen	cacatum_non_est_pictum
sample	GC-CASE-404291	GC-PDX-230717	GC-BIOS-528836	Tissue	nanos_gigantum_humeris_insidentes	Saliva	Not Reported	Fundus Of Stomach	422	scientia,_aere_perennius	Macte_animo_Generose_puer_sic_itur_ad_astra
sample	GC-CASE-173106	GC-PDX-311187	GC-BIOS-938455	Cells	a_bene_placito	Bone Marrow	Not Reported	Hepatic Flexure	435	scientiae_et_patriae	Macte_animo_Generose_puer_sic_itur_ad_astra
sample	GC-CASE-237225	GC-PDX-803457	GC-BIOS-311766	Fluids	haec_olim_meminisse_iuvabit	Mouth Rinse	Not Reported	Adipose	273	damnant_quod_non_intellegunt	labor_ipse_voluptas
sample	GC-CASE-955495	GC-PDX-706159	GC-BIOS-629232	Tissue	Gallia_est_omnis_divisa_in_partes_tres	Urine	Normal	Chest Wall	910	imperium_in_imperio	Obedientia_civium_urbis_felicitas
sample	GC-CASE-302092	GC-PDX-198030	GC-BIOS-962010	Stool	haec_olim_meminisse_iuvabit	DNA	Unknown	Right Bone marrow	442	cacatum_non_est_pictum	scientiae_et_patriae
sample	GC-CASE-871825	GC-PDX-685121	GC-BIOS-414744	Stool	barba_crescit_caput_nescit	Skin	Unknown	Axilla	960	cacatum_non_est_pictum	scientia_imperii_decus_et_tutamen
sample	GC-CASE-501435	GC-PDX-962663	GC-BIOS-444178	Ascites	labor_ipse_voluptas	Mouth Rinse	Tumor	Jejunum	838	id_quod_plerumque_accidit	a_bene_placito
sample	GC-CASE-598376	GC-PDX-720471	GC-BIOS-911986	Analyte	a_bene_placito	RNA	Not Reported	Rectosigmoid Junction	777	labor_ipse_voluptas	scientiae_et_patriae
sample	GC-CASE-152671	GC-PDX-235062	GC-BIOS-205620	Mouth Rinse	a_bene_placito	Not Reported	Normal	Paraspinal mass	191	id_quod_plerumque_accidit	scientiae_et_patriae
sample	GC-CASE-623714	GC-PDX-107926	GC-BIOS-113835	Bone Marrow	sapiens_qui_prospicit	Not Reported	Unknown	Lymph Node(s) Hilar	10	Obedientia_civium_urbis_felicitas	haec_olim_meminisse_iuvabit
sample	GC-CASE-221722	GC-PDX-450906	GC-BIOS-113428	Cells	saltus_in_demonstrando	Unknown	Normal	Cardia	618	scientia_et_labor	scientia_et_sapientia
sample	GC-CASE-491373	GC-PDX-234510	GC-BIOS-819525	Sputum	nanos_gigantum_humeris_insidentes	Mouth Rinse	Normal	Parathyroid	311	scientia_et_sapientia	O_Tite_tute_Tati_tibi_tanta_tyranne_tulisti
sample	GC-CASE-877420	GC-PDX-762358	GC-BIOS-606396	Urine	imperium_in_imperio	Sputum	Unknown	Glottis	512	saltus_in_demonstrando	sapiens_qui_prospicit
sample	GC-CASE-144964	GC-PDX-504708	GC-BIOS-248430	Tissue	a_bene_placito	Stool	Unknown	Aqueous Fluid	318	damnant_quod_non_intellegunt	pace_tua
sample	GC-CASE-160995	GC-PDX-748813	GC-BIOS-761864	Mouth Rinse	a_bene_placito	Urine	Not Reported	Trunk	19	scientiae_et_patriae	faber_est_suae_quisque_fortunae
sample	GC-CASE-321176	GC-PDX-882253	GC-BIOS-442697	Sputum	O_Tite_tute_Tati_tibi_tanta_tyranne_tulisti	Stool	Peritumoral	Prostate	781	scientia,_aere_perennius	O_Tite_tute_Tati_tibi_tanta_tyranne_tulisti
sample	GC-CASE-967600	GC-PDX-256560	GC-BIOS-985551	Sputum	id_quod_plerumque_accidit	Not Reported	Normal	Vas Deferens	93	a_bene_placito	imperium_in_imperio
sample	GC-CASE-789366	GC-PDX-395594	GC-BIOS-244671	Urine	faber_est_suae_quisque_fortunae	Analyte	Unknown	Palate	990	O_Tite_tute_Tati_tibi_tanta_tyranne_tulisti	scientia_et_labor
sample	GC-CASE-567970	GC-PDX-602734	GC-BIOS-245595	Ascites	scientia_et_sapientia	Ascites	Tumor	L. Occipital mass	733	sapiens_qui_prospicit	O_Tite_tute_Tati_tibi_tanta_tyranne_tulisti
sample	GC-CASE-515930	GC-PDX-905904	GC-BIOS-144843	Mouth Rinse	scientia,_aere_perennius	Blood	Not Reported	Ear, Pinna (External)	634	id_quod_plerumque_accidit	scientiae_cedit_mare
sample	GC-CASE-120034	GC-PDX-431284	GC-BIOS-206146	Bone Marrow	pace_tua	Not Reported	Peritumoral	Splenic Flexure	935	damnant_quod_non_intellegunt	labor_ipse_voluptas
sample	GC-CASE-318656	GC-PDX-438537	GC-BIOS-292387	Sputum	sapiens_qui_prospicit	Body Fluid or Substance	Unknown	Broad Ligament	920	scientia,_aere_perennius	scientia,_aere_perennius
sample	GC-CASE-269669	GC-PDX-290219	GC-BIOS-541194	Analyte	barba_crescit_caput_nescit	Cells	Peritumoral	Stomach - Mucosa Only	285	barba_crescit_caput_nescit	e_causa_ignota
sample	GC-CASE-792984	GC-PDX-160892	GC-BIOS-502071	Ascites	saltus_in_demonstrando	Central Nervous System	Unknown	Antrum	289	nanos_gigantum_humeris_insidentes	e_causa_ignota
sample	GC-CASE-120400	GC-PDX-213041	GC-BIOS-730707	Blood	sapiens_qui_prospicit	Saliva	Tumor	Cervix	490	Macte_animo_Generose_puer_sic_itur_ad_astra	saltus_in_demonstrando
sample	GC-CASE-132885	GC-PDX-209906	GC-BIOS-143776	Urine	scientiae_cedit_mare	Cell Line	Unknown	Pylorus	138	labor_ipse_voluptas	sapiens_qui_prospicit
sample	GC-CASE-811012	GC-PDX-405612	GC-BIOS-343141	Tissue	sapiens_qui_prospicit	Saliva	Not Reported	Sublingual Gland	722	scientia_imperii_decus_et_tutamen	a_bene_placito
sample	GC-CASE-405854	GC-PDX-146445	GC-BIOS-805979	Sputum	scientia,_aere_perennius	Mouth Rinse	Tumor	Lymph Node(s) Distant	369	scientia_imperii_decus_et_tutamen	barba_crescit_caput_nescit
sample	GC-CASE-371577	GC-PDX-337061	GC-BIOS-511253	Bone Marrow	scientia_imperii_decus_et_tutamen	RNA	Normal	Glottis	303	id_quod_plerumque_accidit	Obedientia_civium_urbis_felicitas
sample	GC-CASE-790318	GC-PDX-740397	GC-BIOS-434111	Fluids	scientiae_cedit_mare	Body Fluid or Substance	Normal	Sternum	630	O_Tite_tute_Tati_tibi_tanta_tyranne_tulisti	haec_olim_meminisse_iuvabit
sample	GC-CASE-852127	GC-PDX-100798	GC-BIOS-892116	Sputum	e_causa_ignota	Not Reported	Tumor	Tibia	194	O_Tite_tute_Tati_tibi_tanta_tyranne_tulisti	haec_olim_meminisse_iuvabit
sample	GC-CASE-757430	GC-PDX-706318	GC-BIOS-699256	Fluids	id_quod_plerumque_accidit	Central Nervous System	Unknown	Ear, Pinna (External)	925	barba_crescit_caput_nescit	faber_est_suae_quisque_fortunae
sample	GC-CASE-789869	GC-PDX-874788	GC-BIOS-369846	Bone Marrow	a_bene_placito	Skin	Normal	Small Bowel	450	cacatum_non_est_pictum	id_quod_plerumque_accidit
sample	GC-CASE-296422	GC-PDX-559077	GC-BIOS-633708	Sputum	salus_in_arduis	Not Reported	Unknown	Anus	731	nascentes_morimur_finisque_ab_origine_pendet	O_Tite_tute_Tati_tibi_tanta_tyranne_tulisti
sample	GC-CASE-434134	GC-PDX-775818	GC-BIOS-863626	Ascites	nanos_gigantum_humeris_insidentes	Saliva	Unknown	Popliteal Fossa	709	id_quod_plerumque_accidit	faber_est_suae_quisque_fortunae
sample	GC-CASE-210048	GC-PDX-507122	GC-BIOS-697067	Mouth Rinse	scientia_et_sapientia	Unknown	Unknown	Trachea / Major Bronchi	473	imperium_in_imperio	faber_est_suae_quisque_fortunae
sample	GC-CASE-990631	GC-PDX-825273	GC-BIOS-269448	Fluids	O_Tite_tute_Tati_tibi_tanta_tyranne_tulisti	Urine	Peritumoral	Tonsil	321	sapiens_qui_prospicit	scientiae_et_patriae
sample	GC-CASE-827339	GC-PDX-495057	GC-BIOS-605451	Stool	scientiae_cedit_mare	Urine	Peritumoral	Diaphragm	166	scientia_imperii_decus_et_tutamen	labor_ipse_voluptas
sample	GC-CASE-717625	GC-PDX-341696	GC-BIOS-975535	Sputum	nascentes_morimur_finisque_ab_origine_pendet	Central Nervous System	Unknown	Unknowm	607	a_bene_placito	imperium_in_imperio
sample	GC-CASE-484625	GC-PDX-675340	GC-BIOS-337869	Fluids	nanos_gigantum_humeris_insidentes	Cells	Unknown	Pineal	215	a_bene_placito	pace_tua
sample	GC-CASE-629182	GC-PDX-841562	GC-BIOS-912821	Tissue	scientiae_cedit_mare	Not Reported	Peritumoral	Lymph Node met	944	Obedientia_civium_urbis_felicitas	nascentes_morimur_finisque_ab_origine_pendet
sample	GC-CASE-970911	GC-PDX-365780	GC-BIOS-141235	Tissue	haec_olim_meminisse_iuvabit	Tissue	Normal	Buccal Mucosa	581	imperium_in_imperio	cacatum_non_est_pictum
sample	GC-CASE-195606	GC-PDX-470834	GC-BIOS-404115	Bone Marrow	imperium_in_imperio	Bone Marrow	Peritumoral	Epidural Space	326	saltus_in_demonstrando	nanos_gigantum_humeris_insidentes
sample	GC-CASE-420992	GC-PDX-245735	GC-BIOS-203299	Stool	scientia_imperii_decus_et_tutamen	Xenograft	Normal	Ear, Pinna (External)	284	faber_est_suae_quisque_fortunae	barba_crescit_caput_nescit
sample	GC-CASE-570642	GC-PDX-393032	GC-BIOS-445177	Mouth Rinse	scientiae_cedit_mare	Body Fluid or Substance	Peritumoral	Cervical Spine	409	sapiens_qui_prospicit	salus_in_arduis
sample	GC-CASE-909453	GC-PDX-383693	GC-BIOS-848422	Tissue	barba_crescit_caput_nescit	Blood	Not Reported	Sacrum	635	sapiens_qui_prospicit	labor_ipse_voluptas
sample	GC-CASE-998273	GC-PDX-710851	GC-BIOS-883492	Fluids	cacatum_non_est_pictum	Body Fluid or Substance	Normal	Stomach - Mucosa Only	189	salus_in_arduis	haec_olim_meminisse_iuvabit
sample	GC-CASE-351663	GC-PDX-154389	GC-BIOS-932409	Mouth Rinse	saltus_in_demonstrando	Bone Marrow	Not Reported	Aqueous Fluid	845	imperium_in_imperio	e_causa_ignota
sample	GC-CASE-434330	GC-PDX-757390	GC-BIOS-939318	Ascites	faber_est_suae_quisque_fortunae	RNA	Unknown	R. Parietal Lobe	344	O_Tite_tute_Tati_tibi_tanta_tyranne_tulisti	haec_olim_meminisse_iuvabit
sample	GC-CASE-198216	GC-PDX-625582	GC-BIOS-490679	Analyte	labor_ipse_voluptas	Central Nervous System	Normal	Mesothelium	191	O_Tite_tute_Tati_tibi_tanta_tyranne_tulisti	faber_est_suae_quisque_fortunae
sample	GC-CASE-319579	GC-PDX-983347	GC-BIOS-603496	Blood	cacatum_non_est_pictum	Blood	Tumor	Scrotum	305	nascentes_morimur_finisque_ab_origine_pendet	id_quod_plerumque_accidit
sample	GC-CASE-335116	GC-PDX-736144	GC-BIOS-807042	Cells	saltus_in_demonstrando	Bone Marrow	Not Reported	Carotid Artery	331	labor_ipse_voluptas	faber_est_suae_quisque_fortunae
sample	GC-CASE-666720	GC-PDX-240139	GC-BIOS-882927	Mouth Rinse	saltus_in_demonstrando	Not Reported	Normal	Distal femur	707	cacatum_non_est_pictum	scientiae_cedit_mare
sample	GC-CASE-265407	GC-PDX-111735	GC-BIOS-966436	Stool	imperium_in_imperio	Bone Marrow	Normal	post mortem liver	970	a_bene_placito	scientiae_et_patriae
sample	GC-CASE-636941	GC-PDX-361630	GC-BIOS-878891	Blood	Obedientia_civium_urbis_felicitas	Mouth Rinse	Not Reported	Carotid Body	93	Obedientia_civium_urbis_felicitas	cacatum_non_est_pictum
sample	GC-CASE-101727	GC-PDX-840780	GC-BIOS-159542	Blood	scientia_et_sapientia	Blood	Tumor	R. Humerus	227	cacatum_non_est_pictum	scientia,_aere_perennius
sample	GC-CASE-414913	GC-PDX-837396	GC-BIOS-239153	Cells	Gallia_est_omnis_divisa_in_partes_tres	Xenograft	Unknown	Frontal Lobe	166	cacatum_non_est_pictum	scientia_imperii_decus_et_tutamen
sample	GC-CASE-253942	GC-PDX-147567	GC-BIOS-717897	Analyte	pace_tua	Unknown	Tumor	Amniotic Fluid	757	Macte_animo_Generose_puer_sic_itur_ad_astra	Obedientia_civium_urbis_felicitas
sample	GC-CASE-279459	GC-PDX-234257	GC-BIOS-636588	Tissue	pace_tua	Skin	Peritumoral	Placenta	494	pace_tua	labor_ipse_voluptas
sample	GC-CASE-531269	GC-PDX-521453	GC-BIOS-178088	Urine	nanos_gigantum_humeris_insidentes	Tissue	Peritumoral	Femoral Artery	147	haec_olim_meminisse_iuvabit	scientia_imperii_decus_et_tutamen
sample	GC-CASE-466965	GC-PDX-144554	GC-BIOS-425824	Bone Marrow	scientia,_aere_perennius	Not Reported	Tumor	Lung	330	damnant_quod_non_intellegunt	sapiens_qui_prospicit
sample	GC-CASE-939915	GC-PDX-990980	GC-BIOS-963402	Cells	scientia,_aere_perennius	RNA	Normal	Paranasal Sinuses	18	scientiae_cedit_mare	damnant_quod_non_intellegunt
sample	GC-CASE-428034	GC-PDX-142503	GC-BIOS-129606	Cells	nascentes_morimur_finisque_ab_origine_pendet	Urine	Unknown	Jaw	154	sapiens_qui_prospicit	e_causa_ignota
sample	GC-CASE-865919	GC-PDX-592185	GC-BIOS-791985	Bone Marrow	a_bene_placito	Skin	Tumor	Peripheral blood	56	Macte_animo_Generose_puer_sic_itur_ad_astra	scientia,_aere_perennius
sample	GC-CASE-917139	GC-PDX-793792	GC-BIOS-594645	Mouth Rinse	O_Tite_tute_Tati_tibi_tanta_tyranne_tulisti	Urine	Not Reported	Appendix	880	haec_olim_meminisse_iuvabit	scientia,_aere_perennius
sample	GC-CASE-135964	GC-PDX-765348	GC-BIOS-459141	Mouth Rinse	scientiae_et_patriae	Xenograft	Normal	Pituitary Gland	820	cacatum_non_est_pictum	labor_ipse_voluptas
sample	GC-CASE-546831	GC-PDX-854831	GC-BIOS-719755	Ascites	scientiae_et_patriae	RNA	Not Reported	Paraspinal mass	701	saltus_in_demonstrando	Gallia_est_omnis_divisa_in_partes_tres
sample	GC-CASE-998469	GC-PDX-135750	GC-BIOS-447759	Sputum	faber_est_suae_quisque_fortunae	Urine	Unknown	Cerebellum	600	salus_in_arduis	scientiae_et_patriae
sample	GC-CASE-789065	GC-PDX-249683	GC-BIOS-381218	Blood	haec_olim_meminisse_iuvabit	Mouth Rinse	Unknown	Dermal	746	scientia_et_labor	faber_est_suae_quisque_fortunae
sample	GC-CASE-194922	GC-PDX-818482	GC-BIOS-403660	Ascites	faber_est_suae_quisque_fortunae	DNA	Tumor	Ear	218	scientia,_aere_perennius	sapiens_qui_prospicit
sample	GC-CASE-145392	GC-PDX-490639	GC-BIOS-149320	Fluids	pace_tua	Cells	Peritumoral	Patella	12	salus_in_arduis	haec_olim_meminisse_iuvabit
sample	GC-CASE-429878	GC-PDX-878192	GC-BIOS-788571	Mouth Rinse	O_Tite_tute_Tati_tibi_tanta_tyranne_tulisti	Skin	Not Reported	Paraspinal mass	28	nanos_gigantum_humeris_insidentes	labor_ipse_voluptas
sample	GC-CASE-531661	GC-PDX-862610	GC-BIOS-400459	Cells	salus_in_arduis	Stool	Normal	Thyroid	546	imperium_in_imperio	Obedientia_civium_urbis_felicitas
sample	GC-CASE-100351	GC-PDX-863271	GC-BIOS-909728	Fluids	e_causa_ignota	Ascites	Unknown	Pelvis	597	scientia_et_labor	O_Tite_tute_Tati_tibi_tanta_tyranne_tulisti
sample	GC-CASE-484627	GC-PDX-112943	GC-BIOS-250466	Tissue	scientia,_aere_perennius	DNA	Normal	Liver metastasis	266	Obedientia_civium_urbis_felicitas	a_bene_placito
sample	GC-CASE-392022	GC-PDX-302742	GC-BIOS-571561	Tissue	faber_est_suae_quisque_fortunae	Saliva	Not Reported	Occipital Cortex	715	pace_tua	Gallia_est_omnis_divisa_in_partes_tres
sample	GC-CASE-588684	GC-PDX-984401	GC-BIOS-803750	Urine	haec_olim_meminisse_iuvabit	Ascites	Not Reported	Axilla	849	cacatum_non_est_pictum	scientia,_aere_perennius
sample	GC-CASE-701641	GC-PDX-143278	GC-BIOS-808048	Bone Marrow	barba_crescit_caput_nescit	Xenograft	Peritumoral	Cell-Line	539	imperium_in_imperio	imperium_in_imperio
sample	GC-CASE-733671	GC-PDX-629678	GC-BIOS-994970	Sputum	labor_ipse_voluptas	RNA	Unknown	Pleura	803	scientia_imperii_decus_et_tutamen	scientia_et_labor
sample	GC-CASE-879915	GC-PDX-916468	GC-BIOS-154961	Tissue	id_quod_plerumque_accidit	Mouth Rinse	Normal	Posterior mediastil mass (mediastinum)	524	haec_olim_meminisse_iuvabit	haec_olim_meminisse_iuvabit
sample	GC-CASE-442103	GC-PDX-758755	GC-BIOS-392741	Fluids	scientiae_et_patriae	Skin	Peritumoral	Frontal Lobe	778	nascentes_morimur_finisque_ab_origine_pendet	barba_crescit_caput_nescit
sample	GC-CASE-930135	GC-PDX-806837	GC-BIOS-207690	Urine	id_quod_plerumque_accidit	Tissue	Not Reported	Paraspinal mass	165	a_bene_placito	scientia_et_labor
sample	GC-CASE-250684	GC-PDX-615569	GC-BIOS-878215	Cells	O_Tite_tute_Tati_tibi_tanta_tyranne_tulisti	Blood	Unknown	Lymph Node(s) Epitrochlear	76	damnant_quod_non_intellegunt	cacatum_non_est_pictum
sample	GC-CASE-106808	GC-PDX-264059	GC-BIOS-407367	Sputum	O_Tite_tute_Tati_tibi_tanta_tyranne_tulisti	Body Fluid or Substance	Not Reported	Chin	466	cacatum_non_est_pictum	O_Tite_tute_Tati_tibi_tanta_tyranne_tulisti
sample	GC-CASE-803390	GC-PDX-992542	GC-BIOS-906699	Urine	scientiae_et_patriae	Stool	Normal	Foot	157	barba_crescit_caput_nescit	faber_est_suae_quisque_fortunae
sample	GC-CASE-349273	GC-PDX-348936	GC-BIOS-234866	Analyte	e_causa_ignota	Analyte	Tumor	Mediastinal Soft Tissue	553	salus_in_arduis	scientiae_et_patriae
sample	GC-CASE-688980	GC-PDX-923938	GC-BIOS-151240	Fluids	damnant_quod_non_intellegunt	RNA	Tumor	Femoral Artery	894	barba_crescit_caput_nescit	labor_ipse_voluptas
sample	GC-CASE-156342	GC-PDX-689494	GC-BIOS-222313	Fluids	faber_est_suae_quisque_fortunae	Stool	Normal	Glottis	679	imperium_in_imperio	scientiae_et_patriae
sample	GC-CASE-945194	GC-PDX-457994	GC-BIOS-661270	Urine	nanos_gigantum_humeris_insidentes	Stool	Normal	not reported	937	scientiae_et_patriae	saltus_in_demonstrando
sample	GC-CASE-800216	GC-PDX-775320	GC-BIOS-184270	Fluids	cacatum_non_est_pictum	Saliva	Peritumoral	Unknown	377	scientiae_cedit_mare	scientiae_cedit_mare
sample	GC-CASE-766402	GC-PDX-217004	GC-BIOS-693333	Cells	cacatum_non_est_pictum	RNA	Normal	Kidney	742	scientiae_cedit_mare	barba_crescit_caput_nescit
sample	GC-CASE-695580	GC-PDX-680331	GC-BIOS-950728	Bone Marrow	Gallia_est_omnis_divisa_in_partes_tres	Analyte	Peritumoral	Ligament	891	scientia_et_sapientia	id_quod_plerumque_accidit
sample	GC-CASE-385900	GC-PDX-823489	GC-BIOS-876034	Ascites	e_causa_ignota	Xenograft	Normal	Peripheral blood	682	damnant_quod_non_intellegunt	salus_in_arduis
sample	GC-CASE-398707	GC-PDX-443552	GC-BIOS-794791	Bone Marrow	sapiens_qui_prospicit	Cells	Unknown	Hand	626	salus_in_arduis	saltus_in_demonstrando
sample	GC-CASE-508934	GC-PDX-977166	GC-BIOS-258084	Fluids	scientia,_aere_perennius	Urine	Not Reported	Lung mass	670	nanos_gigantum_humeris_insidentes	barba_crescit_caput_nescit
sample	GC-CASE-241749	GC-PDX-398145	GC-BIOS-676616	Sputum	scientiae_et_patriae	Body Fluid or Substance	Tumor	R. Neck mass	218	scientiae_et_patriae	nascentes_morimur_finisque_ab_origine_pendet
sample	GC-CASE-800646	GC-PDX-362129	GC-BIOS-247023	Tissue	scientiae_et_patriae	Saliva	Unknown	Forehead	803	pace_tua	damnant_quod_non_intellegunt
sample	GC-CASE-270431	GC-PDX-765761	GC-BIOS-340795	Blood	scientia_et_labor	Cells	Not Reported	Ischium	394	Obedientia_civium_urbis_felicitas	salus_in_arduis
sample	GC-CASE-241904	GC-PDX-844885	GC-BIOS-840324	Sputum	scientiae_cedit_mare	DNA	Peritumoral	Lung met	317	salus_in_arduis	cacatum_non_est_pictum
