type	participant.study_participant_id	treatment_id	treatment_type	days_to_treatment	therapeutic_agents	response	crdc_id
treatment	GC-CASE-349155	GC-TREATMENT-484321	Stem Cell Transplant	537	Troxacitabine	Not Evaluable	barba_crescit_caput_nescit
treatment	GC-CASE-175796	GC-TREATMENT-338809	Hormone Therapy	934	Verubulin	Stable Disease	Macte_animo_Generose_puer_sic_itur_ad_astra
treatment	GC-CASE-715117	GC-TREATMENT-258963	Autologous Stem Cell Transplantation	945	Oral Microencapsulated Diindolylmethane	No Evidence of Disease	e_causa_ignota
treatment	GC-CASE-121715	GC-TREATMENT-263280	Hormone Therapy	557	Efizonerimod	Not Applicable	Gallia_est_omnis_divisa_in_partes_tres
treatment	GC-CASE-455132	GC-TREATMENT-420162	Low-Dose Rate Brachytherapy	828	Bendamustine	Partial Response	scientia,_aere_perennius
treatment	GC-CASE-852105	GC-TREATMENT-786787	High-Dose Rate Brachytherapy	378	Therapeutic Angiotensin-(1-7)	Persistent Disease	scientia_imperii_decus_et_tutamen
treatment	GC-CASE-986269	GC-TREATMENT-367528	Autologous Stem Cell Transplantation	880	Terameprocol	Unknown	Gallia_est_omnis_divisa_in_partes_tres
treatment	GC-CASE-246607	GC-TREATMENT-434160	Brachytherapy	977	Anti-HA Epitope Monoclonal Antibody MEDI8852	No Response	e_causa_ignota
treatment	GC-CASE-326217	GC-TREATMENT-544503	High-Dose Rate Brachytherapy	620	Indatuximab Ravtansine	Persistent Disease	pace_tua
treatment	GC-CASE-496635	GC-TREATMENT-723960	Radiation Therapy	357	Arsenic Trioxide Capsule Formulation ORH 2014	Stable Disease	scientia_et_labor
treatment	GC-CASE-218909	GC-TREATMENT-637789	Unknown	953	Ruxolitinib Phosphate	Partial Response	scientia_et_labor
treatment	GC-CASE-695699	GC-TREATMENT-856621	Stereotactic Body Radiation Therapy	616	Tecogalan Sodium	Progressive Disease	haec_olim_meminisse_iuvabit
treatment	GC-CASE-228587	GC-TREATMENT-777852	Brachytherapy	975	Autologous Tumor Infiltrating Lymphocytes LN-145	Persistent Disease	imperium_in_imperio
treatment	GC-CASE-597121	GC-TREATMENT-973734	Organ Transplantation	332	Acolbifene Hydrochloride	Not Evaluable	scientiae_et_patriae
treatment	GC-CASE-378853	GC-TREATMENT-774786	Stem Cell Transplant	798	Cibisatamab	Progressive Disease	barba_crescit_caput_nescit
treatment	GC-CASE-320548	GC-TREATMENT-246687	Proton Beam Radiation Therapy	879	mTOR Kinase Inhibitor PP242	No Response	nascentes_morimur_finisque_ab_origine_pendet
treatment	GC-CASE-375663	GC-TREATMENT-365030	Photon Beam Radiation Therapy	130	Adagloxad Simolenin	No Evidence of Disease	e_causa_ignota
treatment	GC-CASE-958319	GC-TREATMENT-813105	Palliative Care	462	Nanatinostat	No Evidence of Disease	sapiens_qui_prospicit
treatment	GC-CASE-902946	GC-TREATMENT-240936	Chemotherapy	934	Talacotuzumab	Unknown	Macte_animo_Generose_puer_sic_itur_ad_astra
treatment	GC-CASE-754313	GC-TREATMENT-104630	Autologous Stem Cell Transplantation	273	Murizatoclax	Unknown	cacatum_non_est_pictum
treatment	GC-CASE-786347	GC-TREATMENT-684155	Allogeneic Hematopoietic Stem Cell Transplantation	448	Nanoparticle Albumin-Bound Rapamycin	No Response	O_Tite_tute_Tati_tibi_tanta_tyranne_tulisti
treatment	GC-CASE-581051	GC-TREATMENT-651358	3-Dimensional Conformal Radiation Therapy	800	Resistant Starch	Complete Response	Macte_animo_Generose_puer_sic_itur_ad_astra
treatment	GC-CASE-796408	GC-TREATMENT-613075	Stereotactic Body Radiation Therapy	187	Tilarginine	Not Applicable	scientia,_aere_perennius
treatment	GC-CASE-547034	GC-TREATMENT-393928	Brachytherapy	957	FAK Inhibitor VS-4718	Progressive Disease	scientiae_et_patriae
treatment	GC-CASE-972345	GC-TREATMENT-949871	Chemotherapy	597	Vandetanib-eluting Radiopaque Bead BTG-002814	Not Reported	scientia,_aere_perennius
treatment	GC-CASE-804925	GC-TREATMENT-385492	Hormone Therapy	993	Rituximab Conjugate CON-4619	Not Evaluable	barba_crescit_caput_nescit
treatment	GC-CASE-715025	GC-TREATMENT-342546	Stem Cell Transplant	957	Multikinase Inhibitor AEE788	Partial Response	sapiens_qui_prospicit
treatment	GC-CASE-198902	GC-TREATMENT-743779	Cellular Therapy	797	Porcupine Inhibitor XNW7201	Partial Response	scientiae_cedit_mare
treatment	GC-CASE-590056	GC-TREATMENT-434949	Unknown	966	Vandortuzumab Vedotin	Persistent Disease	scientia_imperii_decus_et_tutamen
treatment	GC-CASE-361478	GC-TREATMENT-191437	Electron Beam Radiation Therapy	455	Glioma Lysate Vaccine GBM6-AD	Partial Response	Gallia_est_omnis_divisa_in_partes_tres
treatment	GC-CASE-556486	GC-TREATMENT-956211	Hormone Therapy	556	Recombinant MIP1-alpha Variant ECI301	Not Reported	scientia_et_labor
treatment	GC-CASE-684774	GC-TREATMENT-717772	Intensity-Modulated Radiation Therapy	156	Etanercept	Stable Disease	haec_olim_meminisse_iuvabit
treatment	GC-CASE-796100	GC-TREATMENT-809345	Stereotactic Radiosurgery	104	FGFR4 Inhibitor BLU 9931	Progressive Disease	pace_tua
treatment	GC-CASE-716828	GC-TREATMENT-628054	Conventional Radiotherapy	315	Antrodia cinnamomea Supplement	Progressive Disease	haec_olim_meminisse_iuvabit
treatment	GC-CASE-900103	GC-TREATMENT-226542	Intensity-Modulated Radiation Therapy	145	MCL-1 inhibitor AMG 397	Not Applicable	saltus_in_demonstrando
treatment	GC-CASE-505695	GC-TREATMENT-824454	Brachytherapy	412	Gonadotropin-releasing Hormone Analog	Not Applicable	faber_est_suae_quisque_fortunae
treatment	GC-CASE-880587	GC-TREATMENT-899982	Surgical Procedure	453	LMP2-specific T Cell Receptor-transduced Autologous T-lymphocytes	Persistent Disease	scientia_et_labor
treatment	GC-CASE-158398	GC-TREATMENT-337763	Radiofrequency Ablation	392	Ciltacabtagene Autoleucel	Persistent Disease	scientia,_aere_perennius
treatment	GC-CASE-518785	GC-TREATMENT-582040	Low-Dose Rate Brachytherapy	300	Futibatinib	Complete Response	e_causa_ignota
treatment	GC-CASE-377746	GC-TREATMENT-403700	Surgical Procedure	593	Anti-TIM3 Monoclonal Antibody LY3321367	Persistent Disease	scientia_et_sapientia
treatment	GC-CASE-280642	GC-TREATMENT-869538	Surgical Procedure	293	Burixafor Hydrobromide	Persistent Disease	scientia,_aere_perennius
treatment	GC-CASE-403745	GC-TREATMENT-149869	Brachytherapy	311	Autologous CRISPR-edited Anti-CD19 CAR T Cells XYF19	Persistent Disease	nascentes_morimur_finisque_ab_origine_pendet
treatment	GC-CASE-916009	GC-TREATMENT-656879	Allogeneic Hematopoietic Stem Cell Transplantation	857	FAK Inhibitor PF-00562271	Persistent Disease	Macte_animo_Generose_puer_sic_itur_ad_astra
treatment	GC-CASE-426332	GC-TREATMENT-650859	External Beam Radiation Therapy	674	EphA2-targeting Bicycle Toxin Conjugate BT5528	Not Evaluable	O_Tite_tute_Tati_tibi_tanta_tyranne_tulisti
treatment	GC-CASE-249806	GC-TREATMENT-703519	Radiofrequency Ablation	248	Custirsen Sodium	Not Applicable	sapiens_qui_prospicit
treatment	GC-CASE-588854	GC-TREATMENT-388918	Targeted Molecular Therapy	567	Autologous Anti-CD19 CAR T-cells 19(T2)28z1xx	Persistent Disease	barba_crescit_caput_nescit
treatment	GC-CASE-517367	GC-TREATMENT-394475	Low-Dose Rate Brachytherapy	400	DNA Minor Groove Binding Agent SG2000	Partial Response	a_bene_placito
treatment	GC-CASE-251277	GC-TREATMENT-314915	Photon Beam Radiation Therapy	174	Rucaparib Camsylate	Complete Response	sapiens_qui_prospicit
treatment	GC-CASE-737373	GC-TREATMENT-553054	Radiopharmaceutical	152	Anti-c-MET Monoclonal Antibody LY2875358	Stable Disease	pace_tua
treatment	GC-CASE-666083	GC-TREATMENT-891868	Hormone Therapy	347	Glioblastoma Multiforme Multipeptide Vaccine IMA950	No Response	nascentes_morimur_finisque_ab_origine_pendet
treatment	GC-CASE-357468	GC-TREATMENT-769707	Pharmacotherapy	49	Allogeneic Third-party Suicide Gene-transduced Anti-HLA-DPB1*0401 CD4+ T-cells CTL 19	Not Evaluable	Gallia_est_omnis_divisa_in_partes_tres
treatment	GC-CASE-257669	GC-TREATMENT-846949	Electron Beam Radiation Therapy	780	SERD G1T48	Not Reported	imperium_in_imperio
treatment	GC-CASE-304677	GC-TREATMENT-662325	Surgical Procedure	556	Milataxel	Unknown	sapiens_qui_prospicit
treatment	GC-CASE-391308	GC-TREATMENT-862464	Palliative Care	347	Anti-CD47 Monoclonal Antibody CC-90002	Stable Disease	nascentes_morimur_finisque_ab_origine_pendet
treatment	GC-CASE-552856	GC-TREATMENT-200568	Cellular Therapy	721	CDK2/4/6/FLT3 Inhibitor FN-1501	No Evidence of Disease	damnant_quod_non_intellegunt
treatment	GC-CASE-490909	GC-TREATMENT-749353	Brachytherapy	52	Anti-MUC1 Monoclonal Antibody BTH1704	Stable Disease	barba_crescit_caput_nescit
treatment	GC-CASE-500366	GC-TREATMENT-387921	3-Dimensional Conformal Radiation Therapy	171	Yttrium Y-90 Ibritumomab Tiuxetan	Not Evaluable	id_quod_plerumque_accidit
treatment	GC-CASE-530972	GC-TREATMENT-807439	Autologous Stem Cell Transplantation	76	XPO1 Inhibitor SL-801	Persistent Disease	a_bene_placito
treatment	GC-CASE-433005	GC-TREATMENT-899228	Targeted Molecular Therapy	148	Masitinib Mesylate	Not Applicable	e_causa_ignota
treatment	GC-CASE-952498	GC-TREATMENT-229624	Concurrent Chemoradiation	960	Telisotuzumab	Persistent Disease	scientiae_cedit_mare
treatment	GC-CASE-579670	GC-TREATMENT-519146	Cellular Therapy	933	Recombinant Interferon Alfa	Unknown	damnant_quod_non_intellegunt
treatment	GC-CASE-599367	GC-TREATMENT-165601	Intensity-Modulated Radiation Therapy	255	Carboxyamidotriazole Orotate	Persistent Disease	damnant_quod_non_intellegunt
treatment	GC-CASE-460061	GC-TREATMENT-655223	Hormone Therapy	872	Pacmilimab	No Response	scientiae_cedit_mare
treatment	GC-CASE-483338	GC-TREATMENT-175317	Radiation Therapy	963	Copper Cu 64-ATSM	Not Evaluable	nascentes_morimur_finisque_ab_origine_pendet
treatment	GC-CASE-166955	GC-TREATMENT-685878	Radiation Therapy	933	Nelipepimut-S	Progressive Disease	nascentes_morimur_finisque_ab_origine_pendet
treatment	GC-CASE-598191	GC-TREATMENT-649044	Palliative Care	562	Matrix Metalloproteinase Inhibitor MMI270	Stable Disease	pace_tua
treatment	GC-CASE-992733	GC-TREATMENT-928624	Stereotactic Body Radiation Therapy	800	Cyclosporine	Progressive Disease	haec_olim_meminisse_iuvabit
treatment	GC-CASE-683778	GC-TREATMENT-969849	Organ Transplantation	108	Bryostatin 1	Complete Response	saltus_in_demonstrando
treatment	GC-CASE-958106	GC-TREATMENT-541554	Intensity-Modulated Radiation Therapy	263	HDAC Inhibitor OBP-801	Not Reported	haec_olim_meminisse_iuvabit
treatment	GC-CASE-990248	GC-TREATMENT-498928	Conventional Radiotherapy	476	Plevitrexed	Partial Response	faber_est_suae_quisque_fortunae
treatment	GC-CASE-789333	GC-TREATMENT-621323	Brachytherapy	850	Abituzumab	No Response	nascentes_morimur_finisque_ab_origine_pendet
treatment	GC-CASE-968546	GC-TREATMENT-417715	Proton Beam Radiation Therapy	522	Pomegranate Liquid Extract	Progressive Disease	scientia_et_sapientia
treatment	GC-CASE-797588	GC-TREATMENT-542047	Stereotactic Radiosurgery	727	Miransertib	Not Reported	id_quod_plerumque_accidit
treatment	GC-CASE-416320	GC-TREATMENT-254206	Stereotactic Radiosurgery	214	Anti-EGFR TAP Antibody-drug Conjugate IMGN289	Unknown	Macte_animo_Generose_puer_sic_itur_ad_astra
treatment	GC-CASE-787219	GC-TREATMENT-853860	Concurrent Chemoradiation	223	AKT 1/2 Inhibitor BAY1125976	Unknown	Obedientia_civium_urbis_felicitas
treatment	GC-CASE-523342	GC-TREATMENT-509184	Chemotherapy	586	Triamcinolone Hexacetonide	No Response	salus_in_arduis
treatment	GC-CASE-997055	GC-TREATMENT-441906	Radiofrequency Ablation	252	Pyridyl Cyanoguanidine CHS 828	No Evidence of Disease	a_bene_placito
treatment	GC-CASE-795069	GC-TREATMENT-994225	Chemotherapy	914	Moxetumomab Pasudotox	Not Applicable	barba_crescit_caput_nescit
treatment	GC-CASE-540021	GC-TREATMENT-788841	Hormone Therapy	477	Methazolamide	Persistent Disease	faber_est_suae_quisque_fortunae
treatment	GC-CASE-828571	GC-TREATMENT-863187	Immunotherapy	388	Golotimod	Partial Response	scientiae_cedit_mare
treatment	GC-CASE-268297	GC-TREATMENT-943920	Radiopharmaceutical	924	Androgen Receptor Antisense Oligonucleotide EZN-4176	No Evidence of Disease	scientiae_et_patriae
treatment	GC-CASE-871643	GC-TREATMENT-445621	Electron Beam Radiation Therapy	549	Anti-PD-1 Monoclonal Antibody SCT-I10A	Stable Disease	id_quod_plerumque_accidit
treatment	GC-CASE-301433	GC-TREATMENT-422621	External Beam Radiation Therapy	779	Elsamitrucin	Unknown	scientiae_cedit_mare
treatment	GC-CASE-854147	GC-TREATMENT-857802	Brachytherapy	33	Boronophenylalanine-Fructose Complex	Persistent Disease	haec_olim_meminisse_iuvabit
treatment	GC-CASE-163255	GC-TREATMENT-837682	Allogeneic Hematopoietic Stem Cell Transplantation	124	Amifostine	No Evidence of Disease	pace_tua
treatment	GC-CASE-524664	GC-TREATMENT-304419	Proton Beam Radiation Therapy	443	Monoclonal Antibody 3H1 Anti-Idiotype Vaccine	Persistent Disease	id_quod_plerumque_accidit
treatment	GC-CASE-621618	GC-TREATMENT-790918	Targeted Molecular Therapy	299	Autologous Universal CAR-expressing T-lymphocytes UniCAR02-T	Unknown	labor_ipse_voluptas
treatment	GC-CASE-231164	GC-TREATMENT-259140	Low-Dose Rate Brachytherapy	762	Bruceanol E	Not Applicable	cacatum_non_est_pictum
treatment	GC-CASE-270109	GC-TREATMENT-130379	Stereotactic Body Radiation Therapy	690	Pasotuxizumab	No Response	pace_tua
treatment	GC-CASE-227389	GC-TREATMENT-666569	Pharmacotherapy	149	Rivoceranib	Not Applicable	pace_tua
treatment	GC-CASE-429117	GC-TREATMENT-323147	Radiation Therapy	403	Pasireotide	Unknown	O_Tite_tute_Tati_tibi_tanta_tyranne_tulisti
treatment	GC-CASE-352036	GC-TREATMENT-541931	Palliative Care	521	Gelonin	Progressive Disease	Obedientia_civium_urbis_felicitas
treatment	GC-CASE-839726	GC-TREATMENT-367020	Radiation Therapy	195	RFT5-dgA Immunotoxin IMTOX25	No Evidence of Disease	labor_ipse_voluptas
treatment	GC-CASE-477862	GC-TREATMENT-916364	Stereotactic Body Radiation Therapy	203	Tyrosinase-KLH	No Response	scientiae_cedit_mare
treatment	GC-CASE-111424	GC-TREATMENT-689105	Unknown	662	Cinobufagin	No Response	scientia_imperii_decus_et_tutamen
treatment	GC-CASE-231407	GC-TREATMENT-345705	Immunotherapy	686	Trabectedin	Not Applicable	sapiens_qui_prospicit
treatment	GC-CASE-647681	GC-TREATMENT-646077	3-Dimensional Conformal Radiation Therapy	376	Tretinoin Liposome	Persistent Disease	faber_est_suae_quisque_fortunae
treatment	GC-CASE-135658	GC-TREATMENT-381173	Allogeneic Hematopoietic Stem Cell Transplantation	272	Methylcantharidimide	Stable Disease	sapiens_qui_prospicit
treatment	GC-CASE-552274	GC-TREATMENT-365557	Hormone Therapy	626	Melphalan Hydrochloride/Sulfobutyl Ether Beta-Cyclodextrin Complex	Persistent Disease	a_bene_placito
treatment	GC-CASE-824282	GC-TREATMENT-579052	Surgical Procedure	318	Anti-GCC Antibody-Drug Conjugate TAK-164	Partial Response	O_Tite_tute_Tati_tibi_tanta_tyranne_tulisti
treatment	GC-CASE-469842	GC-TREATMENT-649938	Electron Beam Radiation Therapy	242	PKA Regulatory Subunit RIalpha Mixed-Backbone Antisense Oligonucleotide GEM 231	Not Reported	cacatum_non_est_pictum
treatment	GC-CASE-171192	GC-TREATMENT-459830	Cellular Therapy	842	Zolbetuximab	Complete Response	nanos_gigantum_humeris_insidentes
treatment	GC-CASE-995860	GC-TREATMENT-350538	Electron Beam Radiation Therapy	677	Xanthohumol	Stable Disease	imperium_in_imperio
treatment	GC-CASE-657635	GC-TREATMENT-810171	Low-Dose Rate Brachytherapy	619	Prinomastat	Not Applicable	O_Tite_tute_Tati_tibi_tanta_tyranne_tulisti
treatment	GC-CASE-674656	GC-TREATMENT-792247	Radiopharmaceutical	572	Topsalysin	No Response	faber_est_suae_quisque_fortunae
treatment	GC-CASE-834800	GC-TREATMENT-717389	Autologous Stem Cell Transplantation	187	2-Hydroxyestradiol	Partial Response	scientiae_cedit_mare
treatment	GC-CASE-362286	GC-TREATMENT-930408	Allogeneic Hematopoietic Stem Cell Transplantation	387	CDK7 Inhibitor SY-5609	Not Applicable	scientia_et_sapientia
treatment	GC-CASE-443202	GC-TREATMENT-180540	Radiofrequency Ablation	901	Tegafur	Partial Response	nascentes_morimur_finisque_ab_origine_pendet
treatment	GC-CASE-797178	GC-TREATMENT-768533	Proton Beam Radiation Therapy	675	NTRK/ROS1 Inhibitor DS-6051b	Not Applicable	nascentes_morimur_finisque_ab_origine_pendet
treatment	GC-CASE-773241	GC-TREATMENT-263744	Radiopharmaceutical	898	Taletrectinib	Not Reported	scientia_et_labor
treatment	GC-CASE-999164	GC-TREATMENT-130427	Brachytherapy	803	Anti-DR5 Agonist Monoclonal Antibody TRA-8	No Response	scientiae_cedit_mare
treatment	GC-CASE-856212	GC-TREATMENT-910686	Radiation Therapy	856	Citarinostat	Unknown	sapiens_qui_prospicit
treatment	GC-CASE-360595	GC-TREATMENT-384928	Chemotherapy	992	Docetaxel Anhydrous	Unknown	cacatum_non_est_pictum
treatment	GC-CASE-825431	GC-TREATMENT-810262	Hormone Therapy	489	Anti-SIRPa Monoclonal Antibody CC-95251	Stable Disease	scientia_et_labor
treatment	GC-CASE-475104	GC-TREATMENT-558975	Brachytherapy	871	Triptorelin Pamoate	Not Reported	e_causa_ignota
treatment	GC-CASE-711788	GC-TREATMENT-266438	Brachytherapy	625	Tritylcysteine	No Evidence of Disease	pace_tua
treatment	GC-CASE-651251	GC-TREATMENT-249622	Surgical Procedure	714	Virulizin	No Evidence of Disease	barba_crescit_caput_nescit
treatment	GC-CASE-277467	GC-TREATMENT-892483	High-Dose Rate Brachytherapy	220	HER2-targeting Antibody Fc Fragment FS102	No Response	haec_olim_meminisse_iuvabit
treatment	GC-CASE-566711	GC-TREATMENT-423367	Pharmacotherapy	178	Tecogalan Sodium	Not Applicable	salus_in_arduis
treatment	GC-CASE-472622	GC-TREATMENT-771722	Not Reported	99	Galectin-1 Inhibitor OTX008	No Evidence of Disease	a_bene_placito
treatment	GC-CASE-897198	GC-TREATMENT-964373	Stereotactic Radiosurgery	995	Autologous CD38-4SCAR-expressing T-cells 4SCAR38	Not Applicable	pace_tua
treatment	GC-CASE-161731	GC-TREATMENT-807275	Hormone Therapy	337	Amuvatinib	No Evidence of Disease	id_quod_plerumque_accidit
treatment	GC-CASE-105659	GC-TREATMENT-968872	Radiation Therapy	809	Anti-GD2 hu3F8/Anti-CD3 huOKT3 Bispecific Antibody	Progressive Disease	a_bene_placito
treatment	GC-CASE-197507	GC-TREATMENT-772171	External Beam Radiation Therapy	955	Autologous Universal CAR-expressing T-lymphocytes UniCAR02-T	No Evidence of Disease	saltus_in_demonstrando
treatment	GC-CASE-694335	GC-TREATMENT-784592	Chemotherapy	544	Solitomab	Not Applicable	faber_est_suae_quisque_fortunae
treatment	GC-CASE-359237	GC-TREATMENT-301504	Surgical Procedure	253	Trabectedin	Stable Disease	scientia_et_sapientia
treatment	GC-CASE-488802	GC-TREATMENT-130769	Electron Beam Radiation Therapy	120	DM4-Conjugated Anti-Cripto Monoclonal Antibody BIIB015	No Response	scientiae_et_patriae
treatment	GC-CASE-372670	GC-TREATMENT-457694	Chemotherapy	188	Itraconazole	Complete Response	barba_crescit_caput_nescit
treatment	GC-CASE-842250	GC-TREATMENT-253704	Palliative Care	403	Imgatuzumab	No Evidence of Disease	sapiens_qui_prospicit
treatment	GC-CASE-394914	GC-TREATMENT-312003	Electron Beam Radiation Therapy	362	Mucoadhesive Paclitaxel Formulation	Stable Disease	scientia_et_labor
treatment	GC-CASE-404873	GC-TREATMENT-311664	Organ Transplantation	789	KRN5500	Persistent Disease	damnant_quod_non_intellegunt
treatment	GC-CASE-957952	GC-TREATMENT-697058	Stereotactic Body Radiation Therapy	678	Octreotide Acetate	Complete Response	imperium_in_imperio
treatment	GC-CASE-230214	GC-TREATMENT-608194	Radiofrequency Ablation	49	Anti-EGFR Monoclonal Antibody GT-MAB 5.2-GEX	No Response	nanos_gigantum_humeris_insidentes
treatment	GC-CASE-583567	GC-TREATMENT-453565	Concurrent Chemoradiation	810	Iodine I 131 MIP-1095	No Evidence of Disease	scientia_imperii_decus_et_tutamen
treatment	GC-CASE-707046	GC-TREATMENT-496289	Surgical Procedure	666	Autologous Clonal Neoantigen T Cells ATL001	Progressive Disease	salus_in_arduis
treatment	GC-CASE-741553	GC-TREATMENT-769475	Not Reported	72	Navitoclax	No Evidence of Disease	scientiae_et_patriae
treatment	GC-CASE-708100	GC-TREATMENT-998323	Concurrent Chemoradiation	797	Galamustine	Progressive Disease	Macte_animo_Generose_puer_sic_itur_ad_astra
treatment	GC-CASE-321696	GC-TREATMENT-939482	Targeted Molecular Therapy	115	Hydroxychloroquine	Complete Response	e_causa_ignota
treatment	GC-CASE-391033	GC-TREATMENT-258759	Not Reported	366	Samuraciclib	Stable Disease	faber_est_suae_quisque_fortunae
treatment	GC-CASE-576815	GC-TREATMENT-143732	Surgical Procedure	509	Methazolamide	Complete Response	barba_crescit_caput_nescit
treatment	GC-CASE-475171	GC-TREATMENT-838684	Palliative Care	160	Liposomal Rhenium Re 186	Unknown	faber_est_suae_quisque_fortunae
treatment	GC-CASE-891949	GC-TREATMENT-383634	Unknown	117	VEGFR/PDGFR Tyrosine Kinase Inhibitor TAK-593	Not Applicable	pace_tua
treatment	GC-CASE-816164	GC-TREATMENT-817172	Brachytherapy	486	XIAP/cIAP1 Antagonist ASTX660	Partial Response	scientia_imperii_decus_et_tutamen
treatment	GC-CASE-825323	GC-TREATMENT-990231	Radiofrequency Ablation	762	Anti-CD37 Monoclonal Antibody BI 836826	Not Reported	damnant_quod_non_intellegunt
treatment	GC-CASE-781141	GC-TREATMENT-671742	Brachytherapy	457	Anti-CD19/CD22 CAR NK Cells	Partial Response	saltus_in_demonstrando
treatment	GC-CASE-287393	GC-TREATMENT-337412	Hormone Therapy	324	NAMPT Inhibitor OT-82	No Response	nanos_gigantum_humeris_insidentes
treatment	GC-CASE-385683	GC-TREATMENT-569083	Hormone Therapy	371	Geldanamycin	No Evidence of Disease	Gallia_est_omnis_divisa_in_partes_tres
treatment	GC-CASE-721122	GC-TREATMENT-726867	Radiation Therapy	897	Dexamethasone	No Evidence of Disease	salus_in_arduis
treatment	GC-CASE-429718	GC-TREATMENT-667468	Electron Beam Radiation Therapy	973	Alofanib	Not Evaluable	sapiens_qui_prospicit
treatment	GC-CASE-826390	GC-TREATMENT-230729	3-Dimensional Conformal Radiation Therapy	847	Ascrinvacumab	Complete Response	e_causa_ignota
treatment	GC-CASE-669589	GC-TREATMENT-924500	Organ Transplantation	758	Lometrexol	No Response	Macte_animo_Generose_puer_sic_itur_ad_astra
treatment	GC-CASE-157881	GC-TREATMENT-515575	Conventional Radiotherapy	982	IGF-1R Inhibitor	Progressive Disease	O_Tite_tute_Tati_tibi_tanta_tyranne_tulisti
treatment	GC-CASE-501764	GC-TREATMENT-702507	Stereotactic Radiosurgery	319	Parvovirus H-1	Complete Response	labor_ipse_voluptas
treatment	GC-CASE-388833	GC-TREATMENT-914077	Hormone Therapy	801	Glioma Lysate Vaccine GBM6-AD	Unknown	saltus_in_demonstrando
treatment	GC-CASE-473111	GC-TREATMENT-796480	Hormone Therapy	230	Bcl-2 Inhibitor S65487	Not Evaluable	id_quod_plerumque_accidit
treatment	GC-CASE-210095	GC-TREATMENT-737211	Surgical Procedure	908	EGFR Inhibitor TY-9591	Not Evaluable	nanos_gigantum_humeris_insidentes
treatment	GC-CASE-371301	GC-TREATMENT-486242	Autologous Stem Cell Transplantation	285	Mixed Bacteria Vaccine	Unknown	scientia_imperii_decus_et_tutamen
treatment	GC-CASE-892682	GC-TREATMENT-556723	Allogeneic Hematopoietic Stem Cell Transplantation	514	SDF-1 Receptor Antagonist PTX-9908	Persistent Disease	imperium_in_imperio
treatment	GC-CASE-539599	GC-TREATMENT-535209	Chemotherapy	706	Dacetuzumab	Not Reported	nanos_gigantum_humeris_insidentes
treatment	GC-CASE-469903	GC-TREATMENT-920177	Unknown	52	BF-200 Gel Formulation	Complete Response	scientia_et_sapientia
treatment	GC-CASE-398477	GC-TREATMENT-469552	Targeted Molecular Therapy	321	Anti-c-KIT Monoclonal Antibody CDX 0158	Not Reported	cacatum_non_est_pictum
treatment	GC-CASE-579682	GC-TREATMENT-105212	Conventional Radiotherapy	840	Gamma-Secretase Inhibitor RO4929097	No Evidence of Disease	salus_in_arduis
treatment	GC-CASE-119128	GC-TREATMENT-215188	High-Dose Rate Brachytherapy	682	Filanesib	Progressive Disease	damnant_quod_non_intellegunt
treatment	GC-CASE-917605	GC-TREATMENT-942816	Conventional Radiotherapy	709	Axl/Mer Inhibitor INCB081776	Not Applicable	barba_crescit_caput_nescit
treatment	GC-CASE-579767	GC-TREATMENT-370616	Conventional Radiotherapy	962	Live-Attenuated Listeria Encoding Human Mesothelin Vaccine CRS-207	Progressive Disease	haec_olim_meminisse_iuvabit
treatment	GC-CASE-801577	GC-TREATMENT-556940	Targeted Molecular Therapy	837	Epothilone Analog UTD1	Persistent Disease	Obedientia_civium_urbis_felicitas
treatment	GC-CASE-392719	GC-TREATMENT-217923	Radiopharmaceutical	329	Autologous Anti-CD20 CAR Transduced CD4/CD8 Enriched T-cells MB-CART20.1	Not Applicable	damnant_quod_non_intellegunt
treatment	GC-CASE-850631	GC-TREATMENT-521687	Intensity-Modulated Radiation Therapy	648	VEGFR/FGFR Inhibitor ODM-203	Not Applicable	Macte_animo_Generose_puer_sic_itur_ad_astra
treatment	GC-CASE-242304	GC-TREATMENT-707223	Hormone Therapy	911	MAGE-A3 Peptide Vaccine	Progressive Disease	scientiae_et_patriae
treatment	GC-CASE-304702	GC-TREATMENT-245458	Unknown	930	Hydroxyurea	No Response	a_bene_placito
treatment	GC-CASE-460463	GC-TREATMENT-105921	Stereotactic Radiosurgery	185	Dabrafenib	Progressive Disease	e_causa_ignota
treatment	GC-CASE-142916	GC-TREATMENT-777071	Unknown	212	Iodine I 131 Tositumomab	Not Evaluable	saltus_in_demonstrando
treatment	GC-CASE-945329	GC-TREATMENT-388628	Immunotherapy	346	WT1 Peptide Vaccine OCV-501	Not Evaluable	haec_olim_meminisse_iuvabit
treatment	GC-CASE-290724	GC-TREATMENT-693200	Stereotactic Body Radiation Therapy	76	Nilotinib Hydrochloride Monohydrate	Persistent Disease	faber_est_suae_quisque_fortunae
treatment	GC-CASE-545925	GC-TREATMENT-838759	Palliative Care	778	Tamibarotene	Not Applicable	Obedientia_civium_urbis_felicitas
treatment	GC-CASE-182494	GC-TREATMENT-631050	Chemotherapy	254	Zolbetuximab	Progressive Disease	nascentes_morimur_finisque_ab_origine_pendet
treatment	GC-CASE-997175	GC-TREATMENT-858552	External Beam Radiation Therapy	268	Oncolytic Adenovirus ORCA-010	Not Evaluable	nascentes_morimur_finisque_ab_origine_pendet
treatment	GC-CASE-525427	GC-TREATMENT-432527	Cellular Therapy	250	Pan-FLT3/Pan-BTK Multi-kinase Inhibitor CG-806	Unknown	Obedientia_civium_urbis_felicitas
treatment	GC-CASE-890964	GC-TREATMENT-658473	Hormone Therapy	931	Pacmilimab	Not Evaluable	scientia_et_sapientia
treatment	GC-CASE-150972	GC-TREATMENT-288057	Intensity-Modulated Radiation Therapy	970	Topotecan	No Evidence of Disease	salus_in_arduis
treatment	GC-CASE-454024	GC-TREATMENT-433880	Concurrent Chemoradiation	531	Synchrovax SEM Plasmid DNA Vaccine	Not Applicable	imperium_in_imperio
treatment	GC-CASE-117486	GC-TREATMENT-723410	Concurrent Chemoradiation	680	Toremifene Citrate	Unknown	Macte_animo_Generose_puer_sic_itur_ad_astra
treatment	GC-CASE-627364	GC-TREATMENT-659916	Radiopharmaceutical	97	MKC-1	Complete Response	faber_est_suae_quisque_fortunae
treatment	GC-CASE-440744	GC-TREATMENT-469434	Intensity-Modulated Radiation Therapy	486	Onvatilimab	Unknown	nanos_gigantum_humeris_insidentes
treatment	GC-CASE-193075	GC-TREATMENT-717678	Intensity-Modulated Radiation Therapy	83	Diarylsulfonylurea Compound ILX-295501	No Evidence of Disease	imperium_in_imperio
treatment	GC-CASE-521265	GC-TREATMENT-402042	Radiofrequency Ablation	665	Burixafor Hydrobromide	Complete Response	Gallia_est_omnis_divisa_in_partes_tres
treatment	GC-CASE-797987	GC-TREATMENT-873090	Stereotactic Body Radiation Therapy	174	Docetaxel Lipid Microspheres	Persistent Disease	Gallia_est_omnis_divisa_in_partes_tres
treatment	GC-CASE-523313	GC-TREATMENT-608028	Organ Transplantation	516	Talotrexin	Stable Disease	faber_est_suae_quisque_fortunae
treatment	GC-CASE-883501	GC-TREATMENT-812868	3-Dimensional Conformal Radiation Therapy	928	L-methylfolate	No Evidence of Disease	nanos_gigantum_humeris_insidentes
treatment	GC-CASE-877333	GC-TREATMENT-880604	Surgical Procedure	379	Pegdinetanib	Unknown	faber_est_suae_quisque_fortunae
treatment	GC-CASE-958249	GC-TREATMENT-954660	Proton Beam Radiation Therapy	270	Gutolactone	Unknown	nanos_gigantum_humeris_insidentes
treatment	GC-CASE-665857	GC-TREATMENT-307964	Organ Transplantation	763	Anti-CD3 Immunotoxin A-dmDT390-bisFv(UCHT1)	Persistent Disease	labor_ipse_voluptas
treatment	GC-CASE-243527	GC-TREATMENT-845418	Stereotactic Body Radiation Therapy	913	Ilorasertib	Not Reported	sapiens_qui_prospicit
treatment	GC-CASE-924640	GC-TREATMENT-484301	Radiation Therapy	397	Anti-LAG-3/PD-L1 Bispecific Antibody FS118	Persistent Disease	e_causa_ignota
treatment	GC-CASE-440898	GC-TREATMENT-775276	Stereotactic Radiosurgery	885	Anti-CD98 Monoclonal Antibody IGN523	Partial Response	scientiae_et_patriae
treatment	GC-CASE-633450	GC-TREATMENT-785179	Concurrent Chemoradiation	871	Estramustine Phosphate Sodium	Not Reported	a_bene_placito
treatment	GC-CASE-232482	GC-TREATMENT-216005	Hormone Therapy	729	Stallimycin	Persistent Disease	scientia_et_sapientia
treatment	GC-CASE-184959	GC-TREATMENT-470480	High-Dose Rate Brachytherapy	374	Mistletoe Extract	No Evidence of Disease	a_bene_placito
treatment	GC-CASE-706546	GC-TREATMENT-156805	Stem Cell Transplant	696	Emapalumab	Persistent Disease	scientia_et_sapientia
treatment	GC-CASE-408168	GC-TREATMENT-546159	Palliative Care	712	Halofuginone Hydrobromide	Persistent Disease	cacatum_non_est_pictum
