type	participant.study_participant_id	treatment_id	treatment_type	days_to_treatment	therapeutic_agents	response	crdc_id
treatment	GC-CASE-454380	GC-TREATMENT-675740	Palliative Care	763	BET Inhibitor BMS-986158	Not Evaluable	saltus_in_demonstrando
treatment	GC-CASE-337149	GC-TREATMENT-916922	Electron Beam Radiation Therapy	161	Rituximab	Progressive Disease	scientiae_et_patriae
treatment	GC-CASE-903958	GC-TREATMENT-579566	High-Dose Rate Brachytherapy	765	Monoclonal Antibody 3622W94	Not Evaluable	sapiens_qui_prospicit
treatment	GC-CASE-849582	GC-TREATMENT-773458	External Beam Radiation Therapy	458	Ensituximab	Not Applicable	nascentes_morimur_finisque_ab_origine_pendet
treatment	GC-CASE-885156	GC-TREATMENT-479842	Not Reported	642	Monoclonal Antibody D6.12	Unknown	nanos_gigantum_humeris_insidentes
treatment	GC-CASE-828457	GC-TREATMENT-572901	Unknown	56	Allogeneic CS1-specific Universal CAR-expressing T-lymphocytes UCARTCS1A	Complete Response	cacatum_non_est_pictum
treatment	GC-CASE-727555	GC-TREATMENT-204657	High-Dose Rate Brachytherapy	145	Clostridium Novyi-NT Spores	Stable Disease	nanos_gigantum_humeris_insidentes
treatment	GC-CASE-530936	GC-TREATMENT-386997	3-Dimensional Conformal Radiation Therapy	126	Deslorelin	No Evidence of Disease	e_causa_ignota
treatment	GC-CASE-726336	GC-TREATMENT-202313	Conventional Radiotherapy	155	Lefitolimod	No Response	e_causa_ignota
treatment	GC-CASE-668792	GC-TREATMENT-686582	Allogeneic Hematopoietic Stem Cell Transplantation	157	Rebeccamycin	Persistent Disease	faber_est_suae_quisque_fortunae
treatment	GC-CASE-331007	GC-TREATMENT-582363	Radiopharmaceutical	358	Anti-Globo H Monoclonal Antibody OBI-888	No Response	e_causa_ignota
treatment	GC-CASE-726843	GC-TREATMENT-535725	Hormone Therapy	129	Autologous Prostate Cancer Antigen-expressing Dendritic Cell Vaccine BPX-101	Stable Disease	cacatum_non_est_pictum
treatment	GC-CASE-974030	GC-TREATMENT-155062	Immunotherapy	843	Monoclonal Antibody HuPAM4	No Evidence of Disease	cacatum_non_est_pictum
treatment	GC-CASE-837994	GC-TREATMENT-149139	Palliative Care	313	Tavolimab	Unknown	scientiae_cedit_mare
treatment	GC-CASE-306991	GC-TREATMENT-978669	Not Reported	550	ATR Kinase Inhibitor VX-803	Not Reported	haec_olim_meminisse_iuvabit
treatment	GC-CASE-406747	GC-TREATMENT-388980	External Beam Radiation Therapy	614	Autologous CD19-targeted CAR T Cells CC-97540	Persistent Disease	O_Tite_tute_Tati_tibi_tanta_tyranne_tulisti
treatment	GC-CASE-462340	GC-TREATMENT-871958	Radiofrequency Ablation	575	Rucaparib	Persistent Disease	O_Tite_tute_Tati_tibi_tanta_tyranne_tulisti
treatment	GC-CASE-617085	GC-TREATMENT-117076	Concurrent Chemoradiation	303	Brentuximab	Unknown	Obedientia_civium_urbis_felicitas
treatment	GC-CASE-883832	GC-TREATMENT-376737	Pharmacotherapy	720	IMT-1012 Immunotherapeutic Vaccine	Not Reported	cacatum_non_est_pictum
treatment	GC-CASE-859701	GC-TREATMENT-489751	Photon Beam Radiation Therapy	700	Monoclonal Antibody 3H1 Anti-Idiotype Vaccine	Stable Disease	faber_est_suae_quisque_fortunae
treatment	GC-CASE-109550	GC-TREATMENT-257718	Surgical Procedure	342	Pertuzumab	No Evidence of Disease	O_Tite_tute_Tati_tibi_tanta_tyranne_tulisti
treatment	GC-CASE-757646	GC-TREATMENT-680799	Photon Beam Radiation Therapy	555	Dynemicin	No Response	scientia,_aere_perennius
treatment	GC-CASE-831019	GC-TREATMENT-669373	Conventional Radiotherapy	54	Vindesine	Stable Disease	a_bene_placito
treatment	GC-CASE-828682	GC-TREATMENT-520849	Organ Transplantation	122	Folate Receptor Targeted Epothilone BMS753493	Not Applicable	scientiae_et_patriae
treatment	GC-CASE-300507	GC-TREATMENT-451347	Electron Beam Radiation Therapy	441	Ras Peptide ASP	Complete Response	barba_crescit_caput_nescit
treatment	GC-CASE-809780	GC-TREATMENT-628311	Hormone Therapy	630	Agatolimod Sodium	No Evidence of Disease	O_Tite_tute_Tati_tibi_tanta_tyranne_tulisti
treatment	GC-CASE-380878	GC-TREATMENT-695566	Targeted Molecular Therapy	332	Rezivertinib	Progressive Disease	a_bene_placito
treatment	GC-CASE-173421	GC-TREATMENT-937229	Stem Cell Transplant	995	Indocyanine Green-labeled Polymeric Micelles ONM-100	Unknown	O_Tite_tute_Tati_tibi_tanta_tyranne_tulisti
treatment	GC-CASE-650724	GC-TREATMENT-441862	Photon Beam Radiation Therapy	977	Ginsenoside Rg3 Capsule	Not Reported	Macte_animo_Generose_puer_sic_itur_ad_astra
treatment	GC-CASE-715865	GC-TREATMENT-887908	Hormone Therapy	35	Topical Betulinic Acid	Persistent Disease	nascentes_morimur_finisque_ab_origine_pendet
treatment	GC-CASE-999587	GC-TREATMENT-691237	Allogeneic Hematopoietic Stem Cell Transplantation	65	Protein Arginine Methyltransferase 5 Inhibitor PF-06939999	Not Evaluable	nanos_gigantum_humeris_insidentes
treatment	GC-CASE-916271	GC-TREATMENT-953024	Unknown	468	Dolastatin 10	Stable Disease	a_bene_placito
treatment	GC-CASE-685636	GC-TREATMENT-200152	Radiation Therapy	830	Caracemide	Not Reported	labor_ipse_voluptas
treatment	GC-CASE-149162	GC-TREATMENT-297909	Cellular Therapy	52	hTERT-encoding DNA Vaccine INVAC-1	Progressive Disease	barba_crescit_caput_nescit
treatment	GC-CASE-305816	GC-TREATMENT-732272	Allogeneic Hematopoietic Stem Cell Transplantation	489	Tegafur-gimeracil-oteracil Potassium	Progressive Disease	scientiae_cedit_mare
treatment	GC-CASE-208381	GC-TREATMENT-412904	Stereotactic Radiosurgery	583	Immunocytokine NHS-IL12	Not Reported	Obedientia_civium_urbis_felicitas
treatment	GC-CASE-213451	GC-TREATMENT-279917	High-Dose Rate Brachytherapy	141	Anti-CD3/Anti-GPRC5D Bispecific Monoclonal Antibody JNJ-64407564	Progressive Disease	Macte_animo_Generose_puer_sic_itur_ad_astra
treatment	GC-CASE-904016	GC-TREATMENT-606026	Stem Cell Transplant	278	Realgar-Indigo naturalis Formulation	No Evidence of Disease	id_quod_plerumque_accidit
treatment	GC-CASE-901529	GC-TREATMENT-496778	Radiation Therapy	460	Mitochondrial Oxidative Phosphorylation Inhibitor ATR-101	Not Evaluable	haec_olim_meminisse_iuvabit
treatment	GC-CASE-816109	GC-TREATMENT-595387	Palliative Care	110	Triapine	Persistent Disease	O_Tite_tute_Tati_tibi_tanta_tyranne_tulisti
treatment	GC-CASE-891015	GC-TREATMENT-906451	Unknown	519	Camidanlumab Tesirine	Complete Response	a_bene_placito
treatment	GC-CASE-629837	GC-TREATMENT-169768	Photon Beam Radiation Therapy	865	Sodium Phenylbutyrate	Persistent Disease	faber_est_suae_quisque_fortunae
treatment	GC-CASE-456175	GC-TREATMENT-596659	3-Dimensional Conformal Radiation Therapy	382	Beauvericin	Persistent Disease	saltus_in_demonstrando
treatment	GC-CASE-574511	GC-TREATMENT-341782	Hormone Therapy	291	Tris-acryl Gelatin Microspheres	Unknown	cacatum_non_est_pictum
treatment	GC-CASE-395456	GC-TREATMENT-403562	Surgical Procedure	659	Docetaxel Formulation CKD-810	No Response	salus_in_arduis
treatment	GC-CASE-475950	GC-TREATMENT-566943	Concurrent Chemoradiation	803	Milatuzumab-Doxorubicin Antibody-Drug Conjugate IMMU-110	Persistent Disease	scientia_imperii_decus_et_tutamen
treatment	GC-CASE-861303	GC-TREATMENT-134611	Cellular Therapy	832	Androgen Receptor Degrader ARV-110	Not Evaluable	labor_ipse_voluptas
treatment	GC-CASE-802880	GC-TREATMENT-544887	Organ Transplantation	850	Smoothened Antagonist LEQ506	Persistent Disease	nascentes_morimur_finisque_ab_origine_pendet
treatment	GC-CASE-738489	GC-TREATMENT-946237	Hormone Therapy	378	Glecaprevir/Pibrentasvir	No Evidence of Disease	Gallia_est_omnis_divisa_in_partes_tres
treatment	GC-CASE-380603	GC-TREATMENT-733463	Proton Beam Radiation Therapy	806	Wee1 Kinase Inhibitor Debio 0123	No Response	haec_olim_meminisse_iuvabit
treatment	GC-CASE-589474	GC-TREATMENT-904419	Unknown	405	USP14/UCHL5 Inhibitor VLX1570	Progressive Disease	Gallia_est_omnis_divisa_in_partes_tres
treatment	GC-CASE-657831	GC-TREATMENT-881512	Concurrent Chemoradiation	280	Autologous MAGE-A3/A6-specific TCR Gene-engineered Lymphocytes KITE-718	No Response	cacatum_non_est_pictum
treatment	GC-CASE-976601	GC-TREATMENT-373945	Brachytherapy	597	Lutetium Lu 177-DTPA-omburtamab	Progressive Disease	a_bene_placito
treatment	GC-CASE-943629	GC-TREATMENT-304331	Intensity-Modulated Radiation Therapy	450	Ametantrone	Persistent Disease	cacatum_non_est_pictum
treatment	GC-CASE-131204	GC-TREATMENT-359709	Stereotactic Radiosurgery	660	WT1 Peptide Vaccine WT2725	Not Applicable	nascentes_morimur_finisque_ab_origine_pendet
treatment	GC-CASE-539692	GC-TREATMENT-607404	Radiopharmaceutical	868	Tegafur-Uracil	No Evidence of Disease	O_Tite_tute_Tati_tibi_tanta_tyranne_tulisti
treatment	GC-CASE-126506	GC-TREATMENT-501544	Low-Dose Rate Brachytherapy	136	Anhydrovinblastine	Not Applicable	salus_in_arduis
treatment	GC-CASE-598276	GC-TREATMENT-716444	External Beam Radiation Therapy	286	Pioglitazone Hydrochloride	Persistent Disease	barba_crescit_caput_nescit
treatment	GC-CASE-442474	GC-TREATMENT-940537	Surgical Procedure	450	Recombinant Human Adenovirus Type 5 H101	Persistent Disease	id_quod_plerumque_accidit
treatment	GC-CASE-851240	GC-TREATMENT-128087	Targeted Molecular Therapy	854	DNA Plasmid-encoding Interleukin-12 INO-9012/PSA/PSMA DNA Plasmids INO-5150 Formulation INO-5151	Persistent Disease	damnant_quod_non_intellegunt
treatment	GC-CASE-314381	GC-TREATMENT-578328	Low-Dose Rate Brachytherapy	524	Immunotherapy Regimen MKC-1106-MT	No Response	nanos_gigantum_humeris_insidentes
treatment	GC-CASE-688508	GC-TREATMENT-163856	Allogeneic Hematopoietic Stem Cell Transplantation	706	Rogletimide	No Response	id_quod_plerumque_accidit
treatment	GC-CASE-658791	GC-TREATMENT-388075	Surgical Procedure	862	Pyruvate Kinase Inhibitor TLN-232	No Evidence of Disease	Macte_animo_Generose_puer_sic_itur_ad_astra
treatment	GC-CASE-320643	GC-TREATMENT-959293	Unknown	328	Sustained-release Lipid Inhaled Cisplatin	Complete Response	salus_in_arduis
treatment	GC-CASE-913535	GC-TREATMENT-142036	Conventional Radiotherapy	895	Namirotene	Stable Disease	faber_est_suae_quisque_fortunae
treatment	GC-CASE-124660	GC-TREATMENT-745390	Stereotactic Radiosurgery	100	Pilaralisib	Complete Response	faber_est_suae_quisque_fortunae
treatment	GC-CASE-634463	GC-TREATMENT-769874	Not Reported	821	Factor VIIa Inhibitor PCI-27483	Complete Response	scientiae_cedit_mare
treatment	GC-CASE-587913	GC-TREATMENT-294616	Hormone Therapy	499	Anti-CD47 Monoclonal Antibody IMC-002	No Response	nanos_gigantum_humeris_insidentes
treatment	GC-CASE-655789	GC-TREATMENT-364455	Hormone Therapy	92	Letolizumab	Progressive Disease	salus_in_arduis
treatment	GC-CASE-120044	GC-TREATMENT-392663	Stereotactic Radiosurgery	647	LRP5/6 Antagonist BI 905677	Persistent Disease	cacatum_non_est_pictum
treatment	GC-CASE-975522	GC-TREATMENT-972475	Palliative Care	611	2,6-Dimethoxyquinone	No Evidence of Disease	e_causa_ignota
treatment	GC-CASE-462190	GC-TREATMENT-603363	Stereotactic Radiosurgery	649	Cenisertib	Stable Disease	pace_tua
treatment	GC-CASE-672476	GC-TREATMENT-914402	Cellular Therapy	533	ERK Inhibitor GDC-0994	Progressive Disease	scientia,_aere_perennius
treatment	GC-CASE-424428	GC-TREATMENT-184441	Palliative Care	458	Budotitane	Progressive Disease	scientiae_et_patriae
treatment	GC-CASE-723926	GC-TREATMENT-429332	Radiofrequency Ablation	303	Non-Small Cell Lung Cancer mRNA-Derived Vaccine CV9201	Not Applicable	cacatum_non_est_pictum
treatment	GC-CASE-242861	GC-TREATMENT-776919	Stereotactic Body Radiation Therapy	751	EZH1/2 Inhibitor DS-3201	Unknown	damnant_quod_non_intellegunt
treatment	GC-CASE-701232	GC-TREATMENT-960683	Hormone Therapy	837	Anti-Glypican 3/CD3 Bispecific Antibody ERY974	Not Applicable	e_causa_ignota
treatment	GC-CASE-246203	GC-TREATMENT-240912	Surgical Procedure	447	P-p68 Inhibitor RX-5902	Not Applicable	nanos_gigantum_humeris_insidentes
treatment	GC-CASE-672995	GC-TREATMENT-259960	Intensity-Modulated Radiation Therapy	540	Yttrium Y 90 Monoclonal Antibody B3	Not Applicable	e_causa_ignota
treatment	GC-CASE-865160	GC-TREATMENT-398824	Brachytherapy	519	Monoclonal Antibody 14G2A	Complete Response	Obedientia_civium_urbis_felicitas
treatment	GC-CASE-873981	GC-TREATMENT-838133	Surgical Procedure	96	Valrubicin	Progressive Disease	saltus_in_demonstrando
treatment	GC-CASE-888431	GC-TREATMENT-348996	External Beam Radiation Therapy	488	Roniciclib	No Response	barba_crescit_caput_nescit
treatment	GC-CASE-297399	GC-TREATMENT-476722	Stereotactic Radiosurgery	923	Topsalysin	Progressive Disease	nascentes_morimur_finisque_ab_origine_pendet
treatment	GC-CASE-599094	GC-TREATMENT-821431	Hormone Therapy	141	Daratumumab/rHuPH20	Complete Response	O_Tite_tute_Tati_tibi_tanta_tyranne_tulisti
treatment	GC-CASE-767435	GC-TREATMENT-408959	Radiopharmaceutical	948	BMI1 Inhibitor PTC596	No Evidence of Disease	imperium_in_imperio
treatment	GC-CASE-337916	GC-TREATMENT-789308	High-Dose Rate Brachytherapy	301	MTF-1 Inhibitor APTO-253 HCl	Partial Response	scientia,_aere_perennius
treatment	GC-CASE-731879	GC-TREATMENT-708463	Targeted Molecular Therapy	26	Trifluridine and Tipiracil Hydrochloride	Unknown	damnant_quod_non_intellegunt
treatment	GC-CASE-753260	GC-TREATMENT-746676	Unknown	978	Lipid Encapsulated Anti-PLK1 siRNA TKM-PLK1	Unknown	Macte_animo_Generose_puer_sic_itur_ad_astra
treatment	GC-CASE-274208	GC-TREATMENT-150576	Stem Cell Transplant	513	Monoclonal Antibody CC49-delta CH2	Not Reported	pace_tua
treatment	GC-CASE-298799	GC-TREATMENT-928926	Stereotactic Radiosurgery	831	PD-L1/4-1BB/HSA Trispecific Fusion Protein NM21-1480	Partial Response	haec_olim_meminisse_iuvabit
treatment	GC-CASE-979289	GC-TREATMENT-265152	Stereotactic Body Radiation Therapy	864	Gemcitabine Prodrug LY2334737	Not Evaluable	Gallia_est_omnis_divisa_in_partes_tres
treatment	GC-CASE-641265	GC-TREATMENT-555120	Proton Beam Radiation Therapy	309	Recombinant Human Angiotensin Converting Enzyme 2 APN01	No Evidence of Disease	O_Tite_tute_Tati_tibi_tanta_tyranne_tulisti
treatment	GC-CASE-729793	GC-TREATMENT-804107	Stereotactic Body Radiation Therapy	599	Metatinib Tromethamine	No Response	id_quod_plerumque_accidit
treatment	GC-CASE-730360	GC-TREATMENT-910188	Brachytherapy	997	Immediate-release Onapristone	Partial Response	scientiae_et_patriae
treatment	GC-CASE-549798	GC-TREATMENT-516107	Low-Dose Rate Brachytherapy	726	Gold Sodium Thiomalate	No Evidence of Disease	imperium_in_imperio
treatment	GC-CASE-130639	GC-TREATMENT-119081	Photon Beam Radiation Therapy	302	SMO Protein Inhibitor ZSP1602	Complete Response	e_causa_ignota
treatment	GC-CASE-967763	GC-TREATMENT-567553	Allogeneic Hematopoietic Stem Cell Transplantation	377	Anti-PD-1/Anti-LAG-3 DART Protein MGD013	Progressive Disease	imperium_in_imperio
treatment	GC-CASE-420869	GC-TREATMENT-383061	Stem Cell Transplant	63	Glutathione Pegylated Liposomal Doxorubicin Hydrochloride Formulation 2B3-101	No Evidence of Disease	scientia_et_sapientia
treatment	GC-CASE-118595	GC-TREATMENT-126777	Palliative Care	459	Birabresib	No Evidence of Disease	scientiae_et_patriae
treatment	GC-CASE-719243	GC-TREATMENT-103781	3-Dimensional Conformal Radiation Therapy	911	Tamibarotene	No Evidence of Disease	faber_est_suae_quisque_fortunae
treatment	GC-CASE-130372	GC-TREATMENT-872591	Surgical Procedure	347	Exatecan Mesylate Anhydrous	No Response	e_causa_ignota
treatment	GC-CASE-404291	GC-TREATMENT-510842	Stereotactic Radiosurgery	204	Anti-AXL Fusion Protein AVB-S6-500	Unknown	scientiae_cedit_mare
treatment	GC-CASE-173106	GC-TREATMENT-468742	Targeted Molecular Therapy	412	Axitinib	Not Applicable	imperium_in_imperio
treatment	GC-CASE-237225	GC-TREATMENT-191988	Unknown	796	Hsp90 Inhibitor Debio 0932	Progressive Disease	e_causa_ignota
treatment	GC-CASE-955495	GC-TREATMENT-220440	Brachytherapy	123	BiTE Antibody AMG 910	Persistent Disease	scientia,_aere_perennius
treatment	GC-CASE-302092	GC-TREATMENT-199927	Hormone Therapy	699	Arcitumomab	Partial Response	nascentes_morimur_finisque_ab_origine_pendet
treatment	GC-CASE-871825	GC-TREATMENT-860263	Allogeneic Hematopoietic Stem Cell Transplantation	140	Long Peptide Vaccine 7	Not Reported	scientia_imperii_decus_et_tutamen
treatment	GC-CASE-501435	GC-TREATMENT-364462	Stereotactic Radiosurgery	628	Fludarabine	Complete Response	scientia_et_labor
treatment	GC-CASE-598376	GC-TREATMENT-722832	Hormone Therapy	417	PKC-alpha Antisense Oligodeoxynucleotide ISIS 3521	Stable Disease	haec_olim_meminisse_iuvabit
treatment	GC-CASE-152671	GC-TREATMENT-950571	Brachytherapy	104	Allogeneic Anti-CD19 Universal CAR-T Cells CTA101	Unknown	scientia,_aere_perennius
treatment	GC-CASE-623714	GC-TREATMENT-538078	Low-Dose Rate Brachytherapy	136	Bersanlimab	Partial Response	scientia_et_sapientia
treatment	GC-CASE-221722	GC-TREATMENT-217178	Radiopharmaceutical	623	Pegylated SN-38 Conjugate PLX038	Partial Response	sapiens_qui_prospicit
treatment	GC-CASE-491373	GC-TREATMENT-861283	Unknown	146	Fedratinib Hydrochloride	No Evidence of Disease	scientiae_et_patriae
treatment	GC-CASE-877420	GC-TREATMENT-434486	High-Dose Rate Brachytherapy	290	Dexamethason	Not Applicable	scientia_imperii_decus_et_tutamen
treatment	GC-CASE-144964	GC-TREATMENT-813528	Not Reported	524	Submicron Particle Paclitaxel Sterile Suspension	Complete Response	damnant_quod_non_intellegunt
treatment	GC-CASE-160995	GC-TREATMENT-125006	Low-Dose Rate Brachytherapy	268	Amblyomin-X	Stable Disease	nanos_gigantum_humeris_insidentes
treatment	GC-CASE-321176	GC-TREATMENT-639300	Hormone Therapy	188	Anti-TRAILR2/CDH17 Tetravalent Bispecific Antibody BI 905711	No Evidence of Disease	e_causa_ignota
treatment	GC-CASE-967600	GC-TREATMENT-861976	Hormone Therapy	878	Tenalisib	Stable Disease	Gallia_est_omnis_divisa_in_partes_tres
treatment	GC-CASE-789366	GC-TREATMENT-844680	Low-Dose Rate Brachytherapy	59	Chromomycin A3	Not Applicable	Macte_animo_Generose_puer_sic_itur_ad_astra
treatment	GC-CASE-567970	GC-TREATMENT-575908	Photon Beam Radiation Therapy	985	Paclitaxel Polymeric Micelle Formulation NANT-008	No Response	scientiae_cedit_mare
treatment	GC-CASE-515930	GC-TREATMENT-522160	Photon Beam Radiation Therapy	819	Laetrile	Progressive Disease	nanos_gigantum_humeris_insidentes
treatment	GC-CASE-120034	GC-TREATMENT-609403	Surgical Procedure	198	Toripalimab	Progressive Disease	id_quod_plerumque_accidit
treatment	GC-CASE-318656	GC-TREATMENT-291334	Low-Dose Rate Brachytherapy	121	Ofatumumab	Not Applicable	salus_in_arduis
treatment	GC-CASE-269669	GC-TREATMENT-180612	Not Reported	540	Hydrocortisone Sodium Succinate	Persistent Disease	Gallia_est_omnis_divisa_in_partes_tres
treatment	GC-CASE-792984	GC-TREATMENT-486556	Brachytherapy	984	Tegafur-Gimeracil-Oteracil Potassium-Leucovorin Calcium Oral Formulation	Partial Response	scientia_et_sapientia
treatment	GC-CASE-120400	GC-TREATMENT-608748	Immunotherapy	694	Custirsen Sodium	Stable Disease	scientia_et_sapientia
treatment	GC-CASE-132885	GC-TREATMENT-407833	External Beam Radiation Therapy	940	Trioxifene	No Evidence of Disease	haec_olim_meminisse_iuvabit
treatment	GC-CASE-811012	GC-TREATMENT-232940	3-Dimensional Conformal Radiation Therapy	121	Iodine I 125-Anti-EGFR-425 Monoclonal Antibody	Stable Disease	scientiae_cedit_mare
treatment	GC-CASE-405854	GC-TREATMENT-530621	Not Reported	559	pbi-shRNA STMN1 Lipoplex	Progressive Disease	cacatum_non_est_pictum
treatment	GC-CASE-371577	GC-TREATMENT-342979	Chemotherapy	306	Pan-Mutant-IDH1 Inhibitor Bay-1436032	Progressive Disease	haec_olim_meminisse_iuvabit
treatment	GC-CASE-790318	GC-TREATMENT-237313	Stem Cell Transplant	482	pDNA-encoding Emm55 Autologous Cancer Cell Vaccine IFx-Hu2.0	Persistent Disease	salus_in_arduis
treatment	GC-CASE-852127	GC-TREATMENT-251789	Hormone Therapy	947	Mivebresib	Unknown	nascentes_morimur_finisque_ab_origine_pendet
treatment	GC-CASE-757430	GC-TREATMENT-214734	Conventional Radiotherapy	995	Resistant Starch	Complete Response	cacatum_non_est_pictum
treatment	GC-CASE-789869	GC-TREATMENT-875514	Hormone Therapy	576	Lupartumab Amadotin	Unknown	O_Tite_tute_Tati_tibi_tanta_tyranne_tulisti
treatment	GC-CASE-296422	GC-TREATMENT-470793	Hormone Therapy	957	Baltaleucel-T	No Response	e_causa_ignota
treatment	GC-CASE-434134	GC-TREATMENT-614192	Surgical Procedure	507	Synchrotope TA2M Plasmid DNA Vaccine	No Response	scientia_et_labor
treatment	GC-CASE-210048	GC-TREATMENT-542467	Surgical Procedure	351	huBC1-huIL12 Fusion Protein AS1409	No Response	scientia,_aere_perennius
treatment	GC-CASE-990631	GC-TREATMENT-988679	Conventional Radiotherapy	568	Bcl-2 Inhibitor S65487	Persistent Disease	scientia,_aere_perennius
treatment	GC-CASE-827339	GC-TREATMENT-928800	Immunotherapy	188	Peptichemio	Persistent Disease	Macte_animo_Generose_puer_sic_itur_ad_astra
treatment	GC-CASE-717625	GC-TREATMENT-231555	3-Dimensional Conformal Radiation Therapy	394	S-equol	Not Reported	imperium_in_imperio
treatment	GC-CASE-484625	GC-TREATMENT-120161	External Beam Radiation Therapy	91	Recombinant Oncolytic Poliovirus PVS-RIPO	Progressive Disease	id_quod_plerumque_accidit
treatment	GC-CASE-629182	GC-TREATMENT-984051	Allogeneic Hematopoietic Stem Cell Transplantation	992	Iodine I 125-Anti-EGFR-425 Monoclonal Antibody	Complete Response	sapiens_qui_prospicit
treatment	GC-CASE-970911	GC-TREATMENT-416084	Not Reported	294	Recombinant Interleukin-6	Persistent Disease	e_causa_ignota
treatment	GC-CASE-195606	GC-TREATMENT-899252	Chemotherapy	430	Allogeneic Anti-CD20 CAR T-cells LUCAR-20S	Not Applicable	nascentes_morimur_finisque_ab_origine_pendet
treatment	GC-CASE-420992	GC-TREATMENT-456593	Targeted Molecular Therapy	929	Sargramostim	Not Evaluable	O_Tite_tute_Tati_tibi_tanta_tyranne_tulisti
treatment	GC-CASE-570642	GC-TREATMENT-143391	Radiopharmaceutical	858	PARP Inhibitor CEP-9722	Not Reported	Obedientia_civium_urbis_felicitas
treatment	GC-CASE-909453	GC-TREATMENT-457971	Radiation Therapy	207	Fotemustine	Not Evaluable	nascentes_morimur_finisque_ab_origine_pendet
treatment	GC-CASE-998273	GC-TREATMENT-883488	Stereotactic Body Radiation Therapy	305	Antigen-presenting Cells-expressing HPV16 E6/E7 SQZ-PBMC-HPV	Not Applicable	saltus_in_demonstrando
treatment	GC-CASE-351663	GC-TREATMENT-612273	3-Dimensional Conformal Radiation Therapy	669	Cilengitide	Persistent Disease	nascentes_morimur_finisque_ab_origine_pendet
treatment	GC-CASE-434330	GC-TREATMENT-926426	Stereotactic Body Radiation Therapy	347	Anti-CTLA-4 Monoclonal Antibody REGN4659	Partial Response	id_quod_plerumque_accidit
treatment	GC-CASE-198216	GC-TREATMENT-961276	Allogeneic Hematopoietic Stem Cell Transplantation	239	Belzutifan	Stable Disease	sapiens_qui_prospicit
treatment	GC-CASE-319579	GC-TREATMENT-311337	Radiofrequency Ablation	739	Puquitinib	Persistent Disease	Macte_animo_Generose_puer_sic_itur_ad_astra
treatment	GC-CASE-335116	GC-TREATMENT-998136	Photon Beam Radiation Therapy	668	DR5 HexaBody Agonist GEN1029	Unknown	nascentes_morimur_finisque_ab_origine_pendet
treatment	GC-CASE-666720	GC-TREATMENT-264300	Radiopharmaceutical	546	Oncolytic Adenovirus Ad5-DNX-2401	Not Evaluable	scientia_et_labor
treatment	GC-CASE-265407	GC-TREATMENT-196477	Concurrent Chemoradiation	318	Clinical Trial	No Evidence of Disease	e_causa_ignota
treatment	GC-CASE-636941	GC-TREATMENT-791534	Concurrent Chemoradiation	273	c-Met Inhibitor AMG 208	Not Applicable	scientia,_aere_perennius
treatment	GC-CASE-101727	GC-TREATMENT-898330	Pharmacotherapy	791	Anti-CD19/CD22 CAR NK Cells	Complete Response	sapiens_qui_prospicit
treatment	GC-CASE-414913	GC-TREATMENT-838222	Radiation Therapy	63	Anti-CD38/CD3 Bispecific Monoclonal Antibody GBR 1342	Not Reported	a_bene_placito
treatment	GC-CASE-253942	GC-TREATMENT-913187	Electron Beam Radiation Therapy	962	RAD51 Inhibitor CYT-0851	Unknown	damnant_quod_non_intellegunt
treatment	GC-CASE-279459	GC-TREATMENT-221836	Radiofrequency Ablation	792	Anti-CD30 Monoclonal Antibody MDX-1401	Not Applicable	nascentes_morimur_finisque_ab_origine_pendet
treatment	GC-CASE-531269	GC-TREATMENT-184271	Brachytherapy	684	EGFR/HER2 Inhibitor AV-412	Progressive Disease	barba_crescit_caput_nescit
treatment	GC-CASE-466965	GC-TREATMENT-434768	Radiopharmaceutical	660	Synthetic hTERT DNA Vaccine INO-1400	Not Applicable	a_bene_placito
treatment	GC-CASE-939915	GC-TREATMENT-797457	Targeted Molecular Therapy	666	Class 1/4 Histone Deacetylase Inhibitor OKI-179	Persistent Disease	Gallia_est_omnis_divisa_in_partes_tres
treatment	GC-CASE-428034	GC-TREATMENT-686986	Cellular Therapy	549	Streptozocin	Complete Response	id_quod_plerumque_accidit
treatment	GC-CASE-865919	GC-TREATMENT-968911	Radiofrequency Ablation	610	Recombinant Thyrotropin Alfa	Unknown	nascentes_morimur_finisque_ab_origine_pendet
treatment	GC-CASE-917139	GC-TREATMENT-585431	Organ Transplantation	143	Leuprolide	Not Applicable	scientia_et_sapientia
treatment	GC-CASE-135964	GC-TREATMENT-419796	Radiofrequency Ablation	191	Ragifilimab	Not Evaluable	scientiae_cedit_mare
treatment	GC-CASE-546831	GC-TREATMENT-286027	Intensity-Modulated Radiation Therapy	822	Anti-CD3/Anti-BCMA Bispecific Monoclonal Antibody JNJ-64007957	No Evidence of Disease	barba_crescit_caput_nescit
treatment	GC-CASE-998469	GC-TREATMENT-410055	Radiopharmaceutical	167	Adenoviral Transduced hIL-12-expressing Autologous Dendritic Cells INXN-3001 Plus Activator Ligand INXN-1001	No Evidence of Disease	barba_crescit_caput_nescit
treatment	GC-CASE-789065	GC-TREATMENT-946136	Allogeneic Hematopoietic Stem Cell Transplantation	557	Therapeutic Cancer Vaccine ATP128	Complete Response	barba_crescit_caput_nescit
treatment	GC-CASE-194922	GC-TREATMENT-371045	External Beam Radiation Therapy	159	Trigriluzole	Stable Disease	scientia_et_sapientia
treatment	GC-CASE-145392	GC-TREATMENT-775059	Allogeneic Hematopoietic Stem Cell Transplantation	775	Crolibulin	Not Applicable	scientia,_aere_perennius
treatment	GC-CASE-429878	GC-TREATMENT-807868	External Beam Radiation Therapy	745	Cediranib	No Evidence of Disease	nanos_gigantum_humeris_insidentes
treatment	GC-CASE-531661	GC-TREATMENT-725472	Brachytherapy	739	Anti-CD20/Anti-CD3 Bispecific IgM Antibody IGM2323	Persistent Disease	imperium_in_imperio
treatment	GC-CASE-100351	GC-TREATMENT-573328	External Beam Radiation Therapy	797	Phenethyl Isothiocyanate	Unknown	Obedientia_civium_urbis_felicitas
treatment	GC-CASE-484627	GC-TREATMENT-713508	Allogeneic Hematopoietic Stem Cell Transplantation	491	Anti-CD40/Anti-4-1BB Bispecific Agonist Monoclonal Antibody GEN1042	Unknown	scientiae_cedit_mare
treatment	GC-CASE-392022	GC-TREATMENT-176017	Chemotherapy	802	STING-activating Cyclic Dinucleotide Agonist MIW815	Not Reported	haec_olim_meminisse_iuvabit
treatment	GC-CASE-588684	GC-TREATMENT-810263	External Beam Radiation Therapy	748	Namodenoson	No Response	damnant_quod_non_intellegunt
treatment	GC-CASE-701641	GC-TREATMENT-767641	Targeted Molecular Therapy	762	Aurora A Kinase Inhibitor TAS-119	Partial Response	e_causa_ignota
treatment	GC-CASE-733671	GC-TREATMENT-189894	Immunotherapy	356	Y 90 Monoclonal Antibody m170	Persistent Disease	scientia_et_sapientia
treatment	GC-CASE-879915	GC-TREATMENT-571082	Proton Beam Radiation Therapy	727	Alsevalimab	Unknown	scientia,_aere_perennius
treatment	GC-CASE-442103	GC-TREATMENT-910838	Targeted Molecular Therapy	286	ATM Kinase Inhibitor AZD1390	Not Reported	nascentes_morimur_finisque_ab_origine_pendet
treatment	GC-CASE-930135	GC-TREATMENT-774522	Intensity-Modulated Radiation Therapy	618	Thymidylate Synthase Inhibitor CX1106	Not Applicable	pace_tua
treatment	GC-CASE-250684	GC-TREATMENT-157637	Immunotherapy	583	Tilogotamab	Not Reported	O_Tite_tute_Tati_tibi_tanta_tyranne_tulisti
treatment	GC-CASE-106808	GC-TREATMENT-996182	Pharmacotherapy	565	Varlitinib Tosylate	Not Evaluable	scientia,_aere_perennius
treatment	GC-CASE-803390	GC-TREATMENT-279650	Unknown	362	Sodium Metaarsenite	Not Applicable	barba_crescit_caput_nescit
treatment	GC-CASE-349273	GC-TREATMENT-541387	Pharmacotherapy	433	Sodium-Potassium Adenosine Triphosphatase Inhibitor RX108	Persistent Disease	scientiae_et_patriae
treatment	GC-CASE-688980	GC-TREATMENT-719323	Surgical Procedure	375	SR-T100 Gel	Not Reported	haec_olim_meminisse_iuvabit
treatment	GC-CASE-156342	GC-TREATMENT-995468	Intensity-Modulated Radiation Therapy	495	PVA Microporous Hydrospheres/Doxorubicin Hydrochloride	Not Reported	nanos_gigantum_humeris_insidentes
treatment	GC-CASE-945194	GC-TREATMENT-710511	Radiofrequency Ablation	789	Aranose	Not Reported	scientiae_cedit_mare
treatment	GC-CASE-800216	GC-TREATMENT-789863	Pharmacotherapy	894	Anti-BCMA/CD3 BiTE Antibody AMG 420	Not Applicable	labor_ipse_voluptas
treatment	GC-CASE-766402	GC-TREATMENT-681255	Targeted Molecular Therapy	915	Zinostatin	Not Reported	cacatum_non_est_pictum
treatment	GC-CASE-695580	GC-TREATMENT-221002	Radiation Therapy	132	PR1 Leukemia Peptide Vaccine	Persistent Disease	nanos_gigantum_humeris_insidentes
treatment	GC-CASE-385900	GC-TREATMENT-138544	Organ Transplantation	673	Multitargeted Tyrosine Kinase Inhibitor JNJ-26483327	Partial Response	barba_crescit_caput_nescit
treatment	GC-CASE-398707	GC-TREATMENT-605252	Radiofrequency Ablation	994	Carboxyamidotriazole Orotate	Persistent Disease	e_causa_ignota
treatment	GC-CASE-508934	GC-TREATMENT-575270	Electron Beam Radiation Therapy	467	Everolimus	Unknown	scientiae_cedit_mare
treatment	GC-CASE-241749	GC-TREATMENT-182484	Not Reported	222	Interferon Alfa-N3	Unknown	O_Tite_tute_Tati_tibi_tanta_tyranne_tulisti
treatment	GC-CASE-800646	GC-TREATMENT-989070	Immunotherapy	491	Deuterated Enzalutamide	Persistent Disease	e_causa_ignota
treatment	GC-CASE-270431	GC-TREATMENT-469821	Palliative Care	149	Vibostolimab	No Response	scientia,_aere_perennius
treatment	GC-CASE-241904	GC-TREATMENT-216572	Stereotactic Radiosurgery	613	Mobocertinib	Not Reported	scientiae_cedit_mare
