type	study.study_short_name	associated_link_record_id	associated_link_name	associated_link_url	crdc_id
associated_link	CTDC-STUDY-496749	CTDC-ASSOCIATED-LINK-910485	haec_olim_meminisse_iuvabit	id_quod_plerumque_accidit	sapiens_qui_prospicit
associated_link	CTDC-STUDY-496749	CTDC-ASSOCIATED-LINK-384232	id_quod_plerumque_accidit	nascentes_morimur_finisque_ab_origine_pendet	O_Tite_tute_Tati_tibi_tanta_tyranne_tulisti
associated_link	CTDC-STUDY-496749	CTDC-ASSOCIATED-LINK-780208	sapiens_qui_prospicit	faber_est_suae_quisque_fortunae	cacatum_non_est_pictum
associated_link	CTDC-STUDY-496749	CTDC-ASSOCIATED-LINK-884599	sapiens_qui_prospicit	damnant_quod_non_intellegunt	faber_est_suae_quisque_fortunae
associated_link	CTDC-STUDY-496749	CTDC-ASSOCIATED-LINK-785765	nascentes_morimur_finisque_ab_origine_pendet	a_bene_placito	Macte_animo_Generose_puer_sic_itur_ad_astra
associated_link	CTDC-STUDY-496749	CTDC-ASSOCIATED-LINK-104749	O_Tite_tute_Tati_tibi_tanta_tyranne_tulisti	e_causa_ignota	haec_olim_meminisse_iuvabit
associated_link	CTDC-STUDY-496749	CTDC-ASSOCIATED-LINK-107443	haec_olim_meminisse_iuvabit	imperium_in_imperio	barba_crescit_caput_nescit
associated_link	CTDC-STUDY-496749	CTDC-ASSOCIATED-LINK-617343	haec_olim_meminisse_iuvabit	scientia_et_labor	damnant_quod_non_intellegunt
associated_link	CTDC-STUDY-496749	CTDC-ASSOCIATED-LINK-450707	scientia_imperii_decus_et_tutamen	salus_in_arduis	O_Tite_tute_Tati_tibi_tanta_tyranne_tulisti
associated_link	CTDC-STUDY-496749	CTDC-ASSOCIATED-LINK-356146	O_Tite_tute_Tati_tibi_tanta_tyranne_tulisti	Obedientia_civium_urbis_felicitas	imperium_in_imperio
associated_link	CTDC-STUDY-496749	CTDC-ASSOCIATED-LINK-892823	nanos_gigantum_humeris_insidentes	scientia_imperii_decus_et_tutamen	scientia_et_labor
associated_link	CTDC-STUDY-496749	CTDC-ASSOCIATED-LINK-968040	imperium_in_imperio	sapiens_qui_prospicit	salus_in_arduis
associated_link	CTDC-STUDY-496749	CTDC-ASSOCIATED-LINK-472908	barba_crescit_caput_nescit	barba_crescit_caput_nescit	imperium_in_imperio
associated_link	CTDC-STUDY-496749	CTDC-ASSOCIATED-LINK-904031	sapiens_qui_prospicit	scientia_imperii_decus_et_tutamen	O_Tite_tute_Tati_tibi_tanta_tyranne_tulisti
associated_link	CTDC-STUDY-496749	CTDC-ASSOCIATED-LINK-884871	scientia_imperii_decus_et_tutamen	nascentes_morimur_finisque_ab_origine_pendet	scientia_imperii_decus_et_tutamen
associated_link	CTDC-STUDY-496749	CTDC-ASSOCIATED-LINK-758699	scientia_et_sapientia	nanos_gigantum_humeris_insidentes	Macte_animo_Generose_puer_sic_itur_ad_astra
associated_link	CTDC-STUDY-496749	CTDC-ASSOCIATED-LINK-426163	scientia_et_sapientia	scientia_imperii_decus_et_tutamen	scientiae_cedit_mare
associated_link	CTDC-STUDY-496749	CTDC-ASSOCIATED-LINK-820852	barba_crescit_caput_nescit	O_Tite_tute_Tati_tibi_tanta_tyranne_tulisti	nanos_gigantum_humeris_insidentes
associated_link	CTDC-STUDY-496749	CTDC-ASSOCIATED-LINK-102752	scientiae_et_patriae	Gallia_est_omnis_divisa_in_partes_tres	saltus_in_demonstrando
associated_link	CTDC-STUDY-496749	CTDC-ASSOCIATED-LINK-659881	O_Tite_tute_Tati_tibi_tanta_tyranne_tulisti	scientia_imperii_decus_et_tutamen	scientia_et_labor
associated_link	CTDC-STUDY-496749	CTDC-ASSOCIATED-LINK-444588	e_causa_ignota	Obedientia_civium_urbis_felicitas	nanos_gigantum_humeris_insidentes
associated_link	CTDC-STUDY-496749	CTDC-ASSOCIATED-LINK-419451	barba_crescit_caput_nescit	saltus_in_demonstrando	scientia,_aere_perennius
associated_link	CTDC-STUDY-496749	CTDC-ASSOCIATED-LINK-964691	saltus_in_demonstrando	scientia_imperii_decus_et_tutamen	scientia_et_sapientia
associated_link	CTDC-STUDY-496749	CTDC-ASSOCIATED-LINK-227671	scientia_et_sapientia	salus_in_arduis	haec_olim_meminisse_iuvabit
associated_link	CTDC-STUDY-496749	CTDC-ASSOCIATED-LINK-957272	id_quod_plerumque_accidit	barba_crescit_caput_nescit	scientia_et_labor
associated_link	CTDC-STUDY-496749	CTDC-ASSOCIATED-LINK-899933	O_Tite_tute_Tati_tibi_tanta_tyranne_tulisti	scientia_et_labor	nanos_gigantum_humeris_insidentes
associated_link	CTDC-STUDY-496749	CTDC-ASSOCIATED-LINK-540415	e_causa_ignota	sapiens_qui_prospicit	scientia_et_labor
associated_link	CTDC-STUDY-496749	CTDC-ASSOCIATED-LINK-374988	faber_est_suae_quisque_fortunae	labor_ipse_voluptas	sapiens_qui_prospicit
associated_link	CTDC-STUDY-496749	CTDC-ASSOCIATED-LINK-261051	saltus_in_demonstrando	labor_ipse_voluptas	scientia_et_sapientia
associated_link	CTDC-STUDY-496749	CTDC-ASSOCIATED-LINK-403810	nanos_gigantum_humeris_insidentes	O_Tite_tute_Tati_tibi_tanta_tyranne_tulisti	scientiae_cedit_mare
associated_link	CTDC-STUDY-496749	CTDC-ASSOCIATED-LINK-764446	sapiens_qui_prospicit	salus_in_arduis	haec_olim_meminisse_iuvabit
associated_link	CTDC-STUDY-496749	CTDC-ASSOCIATED-LINK-463804	saltus_in_demonstrando	scientia_et_labor	e_causa_ignota
associated_link	CTDC-STUDY-496749	CTDC-ASSOCIATED-LINK-579339	cacatum_non_est_pictum	nascentes_morimur_finisque_ab_origine_pendet	scientia_et_labor
associated_link	CTDC-STUDY-496749	CTDC-ASSOCIATED-LINK-355393	Macte_animo_Generose_puer_sic_itur_ad_astra	Obedientia_civium_urbis_felicitas	a_bene_placito
associated_link	CTDC-STUDY-496749	CTDC-ASSOCIATED-LINK-625466	Obedientia_civium_urbis_felicitas	faber_est_suae_quisque_fortunae	barba_crescit_caput_nescit
associated_link	CTDC-STUDY-496749	CTDC-ASSOCIATED-LINK-180212	O_Tite_tute_Tati_tibi_tanta_tyranne_tulisti	pace_tua	Macte_animo_Generose_puer_sic_itur_ad_astra
associated_link	CTDC-STUDY-496749	CTDC-ASSOCIATED-LINK-795110	nascentes_morimur_finisque_ab_origine_pendet	cacatum_non_est_pictum	nanos_gigantum_humeris_insidentes
associated_link	CTDC-STUDY-496749	CTDC-ASSOCIATED-LINK-997183	barba_crescit_caput_nescit	scientia_et_labor	damnant_quod_non_intellegunt
associated_link	CTDC-STUDY-496749	CTDC-ASSOCIATED-LINK-428674	labor_ipse_voluptas	haec_olim_meminisse_iuvabit	labor_ipse_voluptas
associated_link	CTDC-STUDY-496749	CTDC-ASSOCIATED-LINK-666381	e_causa_ignota	nanos_gigantum_humeris_insidentes	haec_olim_meminisse_iuvabit
associated_link	CTDC-STUDY-496749	CTDC-ASSOCIATED-LINK-957071	scientia_et_labor	sapiens_qui_prospicit	scientia_imperii_decus_et_tutamen
associated_link	CTDC-STUDY-496749	CTDC-ASSOCIATED-LINK-306774	imperium_in_imperio	haec_olim_meminisse_iuvabit	scientiae_cedit_mare
associated_link	CTDC-STUDY-496749	CTDC-ASSOCIATED-LINK-117482	scientia_et_sapientia	imperium_in_imperio	scientia_et_labor
associated_link	CTDC-STUDY-496749	CTDC-ASSOCIATED-LINK-284090	haec_olim_meminisse_iuvabit	scientia,_aere_perennius	haec_olim_meminisse_iuvabit
associated_link	CTDC-STUDY-496749	CTDC-ASSOCIATED-LINK-304676	nascentes_morimur_finisque_ab_origine_pendet	scientiae_et_patriae	nanos_gigantum_humeris_insidentes
associated_link	CTDC-STUDY-496749	CTDC-ASSOCIATED-LINK-559276	haec_olim_meminisse_iuvabit	haec_olim_meminisse_iuvabit	scientia_et_labor
associated_link	CTDC-STUDY-496749	CTDC-ASSOCIATED-LINK-971314	id_quod_plerumque_accidit	scientiae_cedit_mare	a_bene_placito
associated_link	CTDC-STUDY-496749	CTDC-ASSOCIATED-LINK-250070	a_bene_placito	haec_olim_meminisse_iuvabit	salus_in_arduis
associated_link	CTDC-STUDY-496749	CTDC-ASSOCIATED-LINK-867532	sapiens_qui_prospicit	barba_crescit_caput_nescit	cacatum_non_est_pictum
associated_link	CTDC-STUDY-496749	CTDC-ASSOCIATED-LINK-501973	barba_crescit_caput_nescit	Gallia_est_omnis_divisa_in_partes_tres	id_quod_plerumque_accidit
associated_link	CTDC-STUDY-496749	CTDC-ASSOCIATED-LINK-825211	salus_in_arduis	scientia_et_sapientia	scientiae_et_patriae
associated_link	CTDC-STUDY-496749	CTDC-ASSOCIATED-LINK-928658	pace_tua	imperium_in_imperio	imperium_in_imperio
associated_link	CTDC-STUDY-496749	CTDC-ASSOCIATED-LINK-329043	scientia_imperii_decus_et_tutamen	sapiens_qui_prospicit	barba_crescit_caput_nescit
associated_link	CTDC-STUDY-496749	CTDC-ASSOCIATED-LINK-523761	labor_ipse_voluptas	saltus_in_demonstrando	scientiae_cedit_mare
associated_link	CTDC-STUDY-496749	CTDC-ASSOCIATED-LINK-571054	salus_in_arduis	salus_in_arduis	faber_est_suae_quisque_fortunae
associated_link	CTDC-STUDY-496749	CTDC-ASSOCIATED-LINK-716074	nanos_gigantum_humeris_insidentes	cacatum_non_est_pictum	id_quod_plerumque_accidit
associated_link	CTDC-STUDY-496749	CTDC-ASSOCIATED-LINK-476736	faber_est_suae_quisque_fortunae	cacatum_non_est_pictum	damnant_quod_non_intellegunt
associated_link	CTDC-STUDY-496749	CTDC-ASSOCIATED-LINK-214164	scientia_et_sapientia	scientia_et_labor	Obedientia_civium_urbis_felicitas
associated_link	CTDC-STUDY-496749	CTDC-ASSOCIATED-LINK-990438	e_causa_ignota	scientiae_cedit_mare	faber_est_suae_quisque_fortunae
associated_link	CTDC-STUDY-496749	CTDC-ASSOCIATED-LINK-461885	scientiae_cedit_mare	pace_tua	scientia,_aere_perennius
associated_link	CTDC-STUDY-496749	CTDC-ASSOCIATED-LINK-321477	Macte_animo_Generose_puer_sic_itur_ad_astra	scientia_et_labor	pace_tua
associated_link	CTDC-STUDY-496749	CTDC-ASSOCIATED-LINK-942980	Gallia_est_omnis_divisa_in_partes_tres	barba_crescit_caput_nescit	Macte_animo_Generose_puer_sic_itur_ad_astra
associated_link	CTDC-STUDY-496749	CTDC-ASSOCIATED-LINK-129557	scientiae_cedit_mare	e_causa_ignota	barba_crescit_caput_nescit
associated_link	CTDC-STUDY-496749	CTDC-ASSOCIATED-LINK-598438	nanos_gigantum_humeris_insidentes	haec_olim_meminisse_iuvabit	a_bene_placito
associated_link	CTDC-STUDY-496749	CTDC-ASSOCIATED-LINK-783993	scientia_imperii_decus_et_tutamen	damnant_quod_non_intellegunt	salus_in_arduis
associated_link	CTDC-STUDY-496749	CTDC-ASSOCIATED-LINK-674768	haec_olim_meminisse_iuvabit	a_bene_placito	a_bene_placito
associated_link	CTDC-STUDY-496749	CTDC-ASSOCIATED-LINK-560632	saltus_in_demonstrando	saltus_in_demonstrando	id_quod_plerumque_accidit
associated_link	CTDC-STUDY-496749	CTDC-ASSOCIATED-LINK-102696	pace_tua	cacatum_non_est_pictum	haec_olim_meminisse_iuvabit
associated_link	CTDC-STUDY-496749	CTDC-ASSOCIATED-LINK-931242	sapiens_qui_prospicit	damnant_quod_non_intellegunt	scientia,_aere_perennius
associated_link	CTDC-STUDY-496749	CTDC-ASSOCIATED-LINK-339688	cacatum_non_est_pictum	nascentes_morimur_finisque_ab_origine_pendet	Gallia_est_omnis_divisa_in_partes_tres
associated_link	CTDC-STUDY-496749	CTDC-ASSOCIATED-LINK-933994	labor_ipse_voluptas	id_quod_plerumque_accidit	Obedientia_civium_urbis_felicitas
associated_link	CTDC-STUDY-496749	CTDC-ASSOCIATED-LINK-124221	pace_tua	pace_tua	imperium_in_imperio
associated_link	CTDC-STUDY-496749	CTDC-ASSOCIATED-LINK-584035	cacatum_non_est_pictum	scientiae_cedit_mare	imperium_in_imperio
associated_link	CTDC-STUDY-496749	CTDC-ASSOCIATED-LINK-308433	Macte_animo_Generose_puer_sic_itur_ad_astra	scientia_imperii_decus_et_tutamen	Obedientia_civium_urbis_felicitas
associated_link	CTDC-STUDY-496749	CTDC-ASSOCIATED-LINK-218175	scientiae_cedit_mare	scientia_et_sapientia	pace_tua
associated_link	CTDC-STUDY-496749	CTDC-ASSOCIATED-LINK-420909	nascentes_morimur_finisque_ab_origine_pendet	Obedientia_civium_urbis_felicitas	Gallia_est_omnis_divisa_in_partes_tres
associated_link	CTDC-STUDY-496749	CTDC-ASSOCIATED-LINK-339635	Obedientia_civium_urbis_felicitas	nascentes_morimur_finisque_ab_origine_pendet	scientia_imperii_decus_et_tutamen
associated_link	CTDC-STUDY-496749	CTDC-ASSOCIATED-LINK-557490	id_quod_plerumque_accidit	nanos_gigantum_humeris_insidentes	sapiens_qui_prospicit
associated_link	CTDC-STUDY-496749	CTDC-ASSOCIATED-LINK-545393	barba_crescit_caput_nescit	scientia_et_labor	Macte_animo_Generose_puer_sic_itur_ad_astra
associated_link	CTDC-STUDY-496749	CTDC-ASSOCIATED-LINK-818030	a_bene_placito	haec_olim_meminisse_iuvabit	saltus_in_demonstrando
associated_link	CTDC-STUDY-496749	CTDC-ASSOCIATED-LINK-682833	scientiae_cedit_mare	Obedientia_civium_urbis_felicitas	cacatum_non_est_pictum
associated_link	CTDC-STUDY-496749	CTDC-ASSOCIATED-LINK-861787	nanos_gigantum_humeris_insidentes	scientiae_cedit_mare	e_causa_ignota
associated_link	CTDC-STUDY-496749	CTDC-ASSOCIATED-LINK-298365	O_Tite_tute_Tati_tibi_tanta_tyranne_tulisti	nanos_gigantum_humeris_insidentes	pace_tua
associated_link	CTDC-STUDY-496749	CTDC-ASSOCIATED-LINK-148972	Macte_animo_Generose_puer_sic_itur_ad_astra	Macte_animo_Generose_puer_sic_itur_ad_astra	Obedientia_civium_urbis_felicitas
associated_link	CTDC-STUDY-496749	CTDC-ASSOCIATED-LINK-457729	nascentes_morimur_finisque_ab_origine_pendet	a_bene_placito	scientia_et_labor
associated_link	CTDC-STUDY-496749	CTDC-ASSOCIATED-LINK-109601	haec_olim_meminisse_iuvabit	cacatum_non_est_pictum	pace_tua
associated_link	CTDC-STUDY-496749	CTDC-ASSOCIATED-LINK-910937	Macte_animo_Generose_puer_sic_itur_ad_astra	a_bene_placito	scientia_et_labor
associated_link	CTDC-STUDY-496749	CTDC-ASSOCIATED-LINK-756316	scientia_imperii_decus_et_tutamen	scientia_et_labor	salus_in_arduis
associated_link	CTDC-STUDY-496749	CTDC-ASSOCIATED-LINK-864498	Macte_animo_Generose_puer_sic_itur_ad_astra	pace_tua	saltus_in_demonstrando
associated_link	CTDC-STUDY-496749	CTDC-ASSOCIATED-LINK-477877	id_quod_plerumque_accidit	nanos_gigantum_humeris_insidentes	faber_est_suae_quisque_fortunae
associated_link	CTDC-STUDY-496749	CTDC-ASSOCIATED-LINK-255460	imperium_in_imperio	labor_ipse_voluptas	faber_est_suae_quisque_fortunae
associated_link	CTDC-STUDY-496749	CTDC-ASSOCIATED-LINK-935497	nanos_gigantum_humeris_insidentes	damnant_quod_non_intellegunt	scientiae_cedit_mare
associated_link	CTDC-STUDY-496749	CTDC-ASSOCIATED-LINK-724844	scientia,_aere_perennius	damnant_quod_non_intellegunt	Obedientia_civium_urbis_felicitas
associated_link	CTDC-STUDY-496749	CTDC-ASSOCIATED-LINK-734670	a_bene_placito	O_Tite_tute_Tati_tibi_tanta_tyranne_tulisti	salus_in_arduis
associated_link	CTDC-STUDY-496749	CTDC-ASSOCIATED-LINK-660398	Gallia_est_omnis_divisa_in_partes_tres	sapiens_qui_prospicit	Macte_animo_Generose_puer_sic_itur_ad_astra
associated_link	CTDC-STUDY-496749	CTDC-ASSOCIATED-LINK-748928	sapiens_qui_prospicit	Gallia_est_omnis_divisa_in_partes_tres	scientiae_cedit_mare
associated_link	CTDC-STUDY-496749	CTDC-ASSOCIATED-LINK-426059	scientia_et_labor	damnant_quod_non_intellegunt	scientia_et_sapientia
associated_link	CTDC-STUDY-496749	CTDC-ASSOCIATED-LINK-442010	pace_tua	a_bene_placito	scientia_et_sapientia
associated_link	CTDC-STUDY-496749	CTDC-ASSOCIATED-LINK-241169	saltus_in_demonstrando	nascentes_morimur_finisque_ab_origine_pendet	barba_crescit_caput_nescit
associated_link	CTDC-STUDY-496749	CTDC-ASSOCIATED-LINK-457749	saltus_in_demonstrando	Obedientia_civium_urbis_felicitas	O_Tite_tute_Tati_tibi_tanta_tyranne_tulisti
