type	study.study_short_name	associated_link_record_id	associated_link_name	associated_link_url	crdc_id
associated_link	CTDC-STUDY-432019	CTDC-ASSOCIATED-LINK-491383	scientia_et_sapientia	cacatum_non_est_pictum	haec_olim_meminisse_iuvabit
associated_link	CTDC-STUDY-432019	CTDC-ASSOCIATED-LINK-147066	Macte_animo_Generose_puer_sic_itur_ad_astra	e_causa_ignota	scientiae_cedit_mare
associated_link	CTDC-STUDY-432019	CTDC-ASSOCIATED-LINK-129676	scientia_imperii_decus_et_tutamen	pace_tua	Obedientia_civium_urbis_felicitas
associated_link	CTDC-STUDY-432019	CTDC-ASSOCIATED-LINK-638844	scientia,_aere_perennius	id_quod_plerumque_accidit	a_bene_placito
associated_link	CTDC-STUDY-432019	CTDC-ASSOCIATED-LINK-687713	salus_in_arduis	Macte_animo_Generose_puer_sic_itur_ad_astra	imperium_in_imperio
associated_link	CTDC-STUDY-432019	CTDC-ASSOCIATED-LINK-496493	Obedientia_civium_urbis_felicitas	Macte_animo_Generose_puer_sic_itur_ad_astra	Obedientia_civium_urbis_felicitas
associated_link	CTDC-STUDY-432019	CTDC-ASSOCIATED-LINK-247792	sapiens_qui_prospicit	salus_in_arduis	scientiae_cedit_mare
associated_link	CTDC-STUDY-432019	CTDC-ASSOCIATED-LINK-694944	scientia,_aere_perennius	scientiae_cedit_mare	labor_ipse_voluptas
associated_link	CTDC-STUDY-432019	CTDC-ASSOCIATED-LINK-854385	Gallia_est_omnis_divisa_in_partes_tres	scientia,_aere_perennius	Macte_animo_Generose_puer_sic_itur_ad_astra
associated_link	CTDC-STUDY-432019	CTDC-ASSOCIATED-LINK-779012	damnant_quod_non_intellegunt	imperium_in_imperio	damnant_quod_non_intellegunt
associated_link	CTDC-STUDY-432019	CTDC-ASSOCIATED-LINK-136636	e_causa_ignota	faber_est_suae_quisque_fortunae	faber_est_suae_quisque_fortunae
associated_link	CTDC-STUDY-432019	CTDC-ASSOCIATED-LINK-865675	sapiens_qui_prospicit	imperium_in_imperio	scientia_et_sapientia
associated_link	CTDC-STUDY-432019	CTDC-ASSOCIATED-LINK-780422	scientiae_cedit_mare	salus_in_arduis	scientia_imperii_decus_et_tutamen
associated_link	CTDC-STUDY-432019	CTDC-ASSOCIATED-LINK-460677	Macte_animo_Generose_puer_sic_itur_ad_astra	salus_in_arduis	scientia,_aere_perennius
associated_link	CTDC-STUDY-432019	CTDC-ASSOCIATED-LINK-600618	scientia_et_labor	scientia_et_labor	pace_tua
associated_link	CTDC-STUDY-432019	CTDC-ASSOCIATED-LINK-388191	sapiens_qui_prospicit	id_quod_plerumque_accidit	faber_est_suae_quisque_fortunae
associated_link	CTDC-STUDY-432019	CTDC-ASSOCIATED-LINK-252472	scientia,_aere_perennius	sapiens_qui_prospicit	scientiae_cedit_mare
associated_link	CTDC-STUDY-432019	CTDC-ASSOCIATED-LINK-847971	scientiae_cedit_mare	Obedientia_civium_urbis_felicitas	haec_olim_meminisse_iuvabit
associated_link	CTDC-STUDY-432019	CTDC-ASSOCIATED-LINK-775212	id_quod_plerumque_accidit	saltus_in_demonstrando	nascentes_morimur_finisque_ab_origine_pendet
associated_link	CTDC-STUDY-432019	CTDC-ASSOCIATED-LINK-501968	nanos_gigantum_humeris_insidentes	scientia_imperii_decus_et_tutamen	id_quod_plerumque_accidit
associated_link	CTDC-STUDY-432019	CTDC-ASSOCIATED-LINK-452380	pace_tua	scientia,_aere_perennius	scientia_et_labor
associated_link	CTDC-STUDY-432019	CTDC-ASSOCIATED-LINK-876032	scientiae_cedit_mare	Gallia_est_omnis_divisa_in_partes_tres	Obedientia_civium_urbis_felicitas
associated_link	CTDC-STUDY-432019	CTDC-ASSOCIATED-LINK-129102	pace_tua	a_bene_placito	O_Tite_tute_Tati_tibi_tanta_tyranne_tulisti
associated_link	CTDC-STUDY-432019	CTDC-ASSOCIATED-LINK-876478	barba_crescit_caput_nescit	scientia_et_sapientia	haec_olim_meminisse_iuvabit
associated_link	CTDC-STUDY-432019	CTDC-ASSOCIATED-LINK-266344	sapiens_qui_prospicit	nascentes_morimur_finisque_ab_origine_pendet	O_Tite_tute_Tati_tibi_tanta_tyranne_tulisti
associated_link	CTDC-STUDY-432019	CTDC-ASSOCIATED-LINK-453102	O_Tite_tute_Tati_tibi_tanta_tyranne_tulisti	O_Tite_tute_Tati_tibi_tanta_tyranne_tulisti	cacatum_non_est_pictum
associated_link	CTDC-STUDY-432019	CTDC-ASSOCIATED-LINK-358007	cacatum_non_est_pictum	Macte_animo_Generose_puer_sic_itur_ad_astra	faber_est_suae_quisque_fortunae
associated_link	CTDC-STUDY-432019	CTDC-ASSOCIATED-LINK-951096	nascentes_morimur_finisque_ab_origine_pendet	Macte_animo_Generose_puer_sic_itur_ad_astra	saltus_in_demonstrando
associated_link	CTDC-STUDY-432019	CTDC-ASSOCIATED-LINK-364545	saltus_in_demonstrando	haec_olim_meminisse_iuvabit	scientia_imperii_decus_et_tutamen
associated_link	CTDC-STUDY-432019	CTDC-ASSOCIATED-LINK-843615	faber_est_suae_quisque_fortunae	scientiae_cedit_mare	saltus_in_demonstrando
associated_link	CTDC-STUDY-432019	CTDC-ASSOCIATED-LINK-392090	nascentes_morimur_finisque_ab_origine_pendet	saltus_in_demonstrando	id_quod_plerumque_accidit
associated_link	CTDC-STUDY-432019	CTDC-ASSOCIATED-LINK-351163	id_quod_plerumque_accidit	labor_ipse_voluptas	imperium_in_imperio
associated_link	CTDC-STUDY-432019	CTDC-ASSOCIATED-LINK-274492	scientia_et_labor	salus_in_arduis	a_bene_placito
associated_link	CTDC-STUDY-432019	CTDC-ASSOCIATED-LINK-558710	damnant_quod_non_intellegunt	haec_olim_meminisse_iuvabit	id_quod_plerumque_accidit
associated_link	CTDC-STUDY-432019	CTDC-ASSOCIATED-LINK-714780	Gallia_est_omnis_divisa_in_partes_tres	cacatum_non_est_pictum	saltus_in_demonstrando
associated_link	CTDC-STUDY-432019	CTDC-ASSOCIATED-LINK-613224	saltus_in_demonstrando	Gallia_est_omnis_divisa_in_partes_tres	faber_est_suae_quisque_fortunae
associated_link	CTDC-STUDY-432019	CTDC-ASSOCIATED-LINK-308899	sapiens_qui_prospicit	salus_in_arduis	Obedientia_civium_urbis_felicitas
associated_link	CTDC-STUDY-432019	CTDC-ASSOCIATED-LINK-155072	scientiae_cedit_mare	scientia_et_labor	e_causa_ignota
associated_link	CTDC-STUDY-432019	CTDC-ASSOCIATED-LINK-423239	damnant_quod_non_intellegunt	scientia_imperii_decus_et_tutamen	Obedientia_civium_urbis_felicitas
associated_link	CTDC-STUDY-432019	CTDC-ASSOCIATED-LINK-300253	salus_in_arduis	a_bene_placito	O_Tite_tute_Tati_tibi_tanta_tyranne_tulisti
associated_link	CTDC-STUDY-432019	CTDC-ASSOCIATED-LINK-937618	id_quod_plerumque_accidit	Macte_animo_Generose_puer_sic_itur_ad_astra	imperium_in_imperio
associated_link	CTDC-STUDY-432019	CTDC-ASSOCIATED-LINK-307096	O_Tite_tute_Tati_tibi_tanta_tyranne_tulisti	scientiae_cedit_mare	scientia_et_sapientia
associated_link	CTDC-STUDY-432019	CTDC-ASSOCIATED-LINK-198970	sapiens_qui_prospicit	O_Tite_tute_Tati_tibi_tanta_tyranne_tulisti	e_causa_ignota
associated_link	CTDC-STUDY-432019	CTDC-ASSOCIATED-LINK-292762	scientia_et_sapientia	scientiae_cedit_mare	nascentes_morimur_finisque_ab_origine_pendet
associated_link	CTDC-STUDY-432019	CTDC-ASSOCIATED-LINK-759081	scientiae_et_patriae	scientiae_et_patriae	damnant_quod_non_intellegunt
associated_link	CTDC-STUDY-432019	CTDC-ASSOCIATED-LINK-437432	cacatum_non_est_pictum	scientia,_aere_perennius	scientia,_aere_perennius
associated_link	CTDC-STUDY-432019	CTDC-ASSOCIATED-LINK-700594	scientia,_aere_perennius	faber_est_suae_quisque_fortunae	scientia_et_labor
associated_link	CTDC-STUDY-432019	CTDC-ASSOCIATED-LINK-828460	imperium_in_imperio	labor_ipse_voluptas	Obedientia_civium_urbis_felicitas
associated_link	CTDC-STUDY-432019	CTDC-ASSOCIATED-LINK-399590	cacatum_non_est_pictum	scientia,_aere_perennius	barba_crescit_caput_nescit
associated_link	CTDC-STUDY-432019	CTDC-ASSOCIATED-LINK-180034	labor_ipse_voluptas	e_causa_ignota	barba_crescit_caput_nescit
associated_link	CTDC-STUDY-432019	CTDC-ASSOCIATED-LINK-104517	scientia,_aere_perennius	a_bene_placito	scientia_imperii_decus_et_tutamen
associated_link	CTDC-STUDY-432019	CTDC-ASSOCIATED-LINK-652355	haec_olim_meminisse_iuvabit	scientia_imperii_decus_et_tutamen	damnant_quod_non_intellegunt
associated_link	CTDC-STUDY-432019	CTDC-ASSOCIATED-LINK-507642	scientia_imperii_decus_et_tutamen	Gallia_est_omnis_divisa_in_partes_tres	scientia,_aere_perennius
associated_link	CTDC-STUDY-432019	CTDC-ASSOCIATED-LINK-619957	sapiens_qui_prospicit	haec_olim_meminisse_iuvabit	salus_in_arduis
associated_link	CTDC-STUDY-432019	CTDC-ASSOCIATED-LINK-276537	Gallia_est_omnis_divisa_in_partes_tres	scientia_et_sapientia	nascentes_morimur_finisque_ab_origine_pendet
associated_link	CTDC-STUDY-432019	CTDC-ASSOCIATED-LINK-338198	O_Tite_tute_Tati_tibi_tanta_tyranne_tulisti	labor_ipse_voluptas	imperium_in_imperio
associated_link	CTDC-STUDY-432019	CTDC-ASSOCIATED-LINK-672667	haec_olim_meminisse_iuvabit	imperium_in_imperio	Obedientia_civium_urbis_felicitas
associated_link	CTDC-STUDY-432019	CTDC-ASSOCIATED-LINK-720092	O_Tite_tute_Tati_tibi_tanta_tyranne_tulisti	labor_ipse_voluptas	scientia_imperii_decus_et_tutamen
associated_link	CTDC-STUDY-432019	CTDC-ASSOCIATED-LINK-177828	e_causa_ignota	scientiae_et_patriae	id_quod_plerumque_accidit
associated_link	CTDC-STUDY-432019	CTDC-ASSOCIATED-LINK-252604	nascentes_morimur_finisque_ab_origine_pendet	scientia,_aere_perennius	scientiae_cedit_mare
associated_link	CTDC-STUDY-432019	CTDC-ASSOCIATED-LINK-867112	barba_crescit_caput_nescit	labor_ipse_voluptas	nanos_gigantum_humeris_insidentes
associated_link	CTDC-STUDY-432019	CTDC-ASSOCIATED-LINK-513999	e_causa_ignota	faber_est_suae_quisque_fortunae	Gallia_est_omnis_divisa_in_partes_tres
associated_link	CTDC-STUDY-432019	CTDC-ASSOCIATED-LINK-630476	salus_in_arduis	scientia,_aere_perennius	scientiae_et_patriae
associated_link	CTDC-STUDY-432019	CTDC-ASSOCIATED-LINK-872222	faber_est_suae_quisque_fortunae	Gallia_est_omnis_divisa_in_partes_tres	imperium_in_imperio
associated_link	CTDC-STUDY-432019	CTDC-ASSOCIATED-LINK-779497	imperium_in_imperio	e_causa_ignota	scientia_et_labor
associated_link	CTDC-STUDY-432019	CTDC-ASSOCIATED-LINK-105469	labor_ipse_voluptas	pace_tua	labor_ipse_voluptas
associated_link	CTDC-STUDY-432019	CTDC-ASSOCIATED-LINK-224431	scientia_imperii_decus_et_tutamen	haec_olim_meminisse_iuvabit	id_quod_plerumque_accidit
associated_link	CTDC-STUDY-432019	CTDC-ASSOCIATED-LINK-474332	scientiae_et_patriae	nanos_gigantum_humeris_insidentes	scientia,_aere_perennius
associated_link	CTDC-STUDY-432019	CTDC-ASSOCIATED-LINK-784160	faber_est_suae_quisque_fortunae	scientia_et_sapientia	barba_crescit_caput_nescit
associated_link	CTDC-STUDY-432019	CTDC-ASSOCIATED-LINK-959114	barba_crescit_caput_nescit	scientia_et_labor	a_bene_placito
associated_link	CTDC-STUDY-432019	CTDC-ASSOCIATED-LINK-634933	scientiae_et_patriae	saltus_in_demonstrando	scientia,_aere_perennius
associated_link	CTDC-STUDY-432019	CTDC-ASSOCIATED-LINK-659946	imperium_in_imperio	scientia_et_labor	a_bene_placito
associated_link	CTDC-STUDY-432019	CTDC-ASSOCIATED-LINK-257630	haec_olim_meminisse_iuvabit	scientia_imperii_decus_et_tutamen	faber_est_suae_quisque_fortunae
associated_link	CTDC-STUDY-432019	CTDC-ASSOCIATED-LINK-434649	a_bene_placito	id_quod_plerumque_accidit	e_causa_ignota
associated_link	CTDC-STUDY-432019	CTDC-ASSOCIATED-LINK-685073	scientia_et_sapientia	nascentes_morimur_finisque_ab_origine_pendet	barba_crescit_caput_nescit
associated_link	CTDC-STUDY-432019	CTDC-ASSOCIATED-LINK-570474	e_causa_ignota	cacatum_non_est_pictum	Obedientia_civium_urbis_felicitas
associated_link	CTDC-STUDY-432019	CTDC-ASSOCIATED-LINK-812933	a_bene_placito	salus_in_arduis	Obedientia_civium_urbis_felicitas
associated_link	CTDC-STUDY-432019	CTDC-ASSOCIATED-LINK-160398	barba_crescit_caput_nescit	Gallia_est_omnis_divisa_in_partes_tres	barba_crescit_caput_nescit
associated_link	CTDC-STUDY-432019	CTDC-ASSOCIATED-LINK-366201	scientia_et_labor	Macte_animo_Generose_puer_sic_itur_ad_astra	faber_est_suae_quisque_fortunae
associated_link	CTDC-STUDY-432019	CTDC-ASSOCIATED-LINK-426581	sapiens_qui_prospicit	scientia_et_sapientia	O_Tite_tute_Tati_tibi_tanta_tyranne_tulisti
associated_link	CTDC-STUDY-432019	CTDC-ASSOCIATED-LINK-644771	saltus_in_demonstrando	imperium_in_imperio	Obedientia_civium_urbis_felicitas
associated_link	CTDC-STUDY-432019	CTDC-ASSOCIATED-LINK-292821	cacatum_non_est_pictum	O_Tite_tute_Tati_tibi_tanta_tyranne_tulisti	saltus_in_demonstrando
associated_link	CTDC-STUDY-432019	CTDC-ASSOCIATED-LINK-515012	scientiae_cedit_mare	haec_olim_meminisse_iuvabit	e_causa_ignota
associated_link	CTDC-STUDY-432019	CTDC-ASSOCIATED-LINK-706986	faber_est_suae_quisque_fortunae	faber_est_suae_quisque_fortunae	id_quod_plerumque_accidit
associated_link	CTDC-STUDY-432019	CTDC-ASSOCIATED-LINK-861517	scientia_et_labor	O_Tite_tute_Tati_tibi_tanta_tyranne_tulisti	O_Tite_tute_Tati_tibi_tanta_tyranne_tulisti
associated_link	CTDC-STUDY-432019	CTDC-ASSOCIATED-LINK-444430	scientiae_cedit_mare	haec_olim_meminisse_iuvabit	cacatum_non_est_pictum
associated_link	CTDC-STUDY-432019	CTDC-ASSOCIATED-LINK-679400	scientiae_cedit_mare	pace_tua	scientia_et_sapientia
associated_link	CTDC-STUDY-432019	CTDC-ASSOCIATED-LINK-166093	O_Tite_tute_Tati_tibi_tanta_tyranne_tulisti	saltus_in_demonstrando	imperium_in_imperio
associated_link	CTDC-STUDY-432019	CTDC-ASSOCIATED-LINK-619717	nanos_gigantum_humeris_insidentes	a_bene_placito	imperium_in_imperio
associated_link	CTDC-STUDY-432019	CTDC-ASSOCIATED-LINK-635997	labor_ipse_voluptas	nascentes_morimur_finisque_ab_origine_pendet	cacatum_non_est_pictum
associated_link	CTDC-STUDY-432019	CTDC-ASSOCIATED-LINK-373142	scientia,_aere_perennius	scientiae_et_patriae	barba_crescit_caput_nescit
associated_link	CTDC-STUDY-432019	CTDC-ASSOCIATED-LINK-539868	O_Tite_tute_Tati_tibi_tanta_tyranne_tulisti	scientia_et_sapientia	haec_olim_meminisse_iuvabit
associated_link	CTDC-STUDY-432019	CTDC-ASSOCIATED-LINK-784331	scientia_imperii_decus_et_tutamen	nanos_gigantum_humeris_insidentes	labor_ipse_voluptas
associated_link	CTDC-STUDY-432019	CTDC-ASSOCIATED-LINK-465007	faber_est_suae_quisque_fortunae	saltus_in_demonstrando	labor_ipse_voluptas
associated_link	CTDC-STUDY-432019	CTDC-ASSOCIATED-LINK-237623	Obedientia_civium_urbis_felicitas	O_Tite_tute_Tati_tibi_tanta_tyranne_tulisti	salus_in_arduis
associated_link	CTDC-STUDY-432019	CTDC-ASSOCIATED-LINK-262503	pace_tua	cacatum_non_est_pictum	salus_in_arduis
associated_link	CTDC-STUDY-432019	CTDC-ASSOCIATED-LINK-432758	O_Tite_tute_Tati_tibi_tanta_tyranne_tulisti	e_causa_ignota	a_bene_placito
associated_link	CTDC-STUDY-432019	CTDC-ASSOCIATED-LINK-793971	haec_olim_meminisse_iuvabit	saltus_in_demonstrando	damnant_quod_non_intellegunt
associated_link	CTDC-STUDY-432019	CTDC-ASSOCIATED-LINK-768701	scientia_imperii_decus_et_tutamen	haec_olim_meminisse_iuvabit	haec_olim_meminisse_iuvabit
associated_link	CTDC-STUDY-432019	CTDC-ASSOCIATED-LINK-705690	cacatum_non_est_pictum	imperium_in_imperio	Gallia_est_omnis_divisa_in_partes_tres
