type	participant.participant_id	demographic_record_id	age_at_enrollment	race	ethnicity	sex	height	weight	body_surface_area	occupation	income	highest_level_of_education	ncbi_taxonomy_id	ncbi_taxonomy_name	crdc_id
demographic	CTDC-PARTICIPANT-641111	CTDC-DEMOGRAPHIC-860601	126.0	Black or African American	Not Hispanic or Latino	Intersex	809.0	44.07	27.37	scientiae_cedit_mare	Macte_animo_Generose_puer_sic_itur_ad_astra	Master's degree	642	Gallia_est_omnis_divisa_in_partes_tres	labor_ipse_voluptas
demographic	CTDC-PARTICIPANT-429411	CTDC-DEMOGRAPHIC-870417	888.54	White	Not Hispanic or Latino	Female	820.74	653.95	870.43	haec_olim_meminisse_iuvabit	id_quod_plerumque_accidit	Doctoral or professional degree	42	Macte_animo_Generose_puer_sic_itur_ad_astra	scientiae_et_patriae
demographic	CTDC-PARTICIPANT-209642	CTDC-DEMOGRAPHIC-769797	495.49	White	Unknown	Intersex	744.29	961.77	451.31	scientia_et_labor	nascentes_morimur_finisque_ab_origine_pendet	Some college or Associate degree	161	scientia,_aere_perennius	e_causa_ignota
demographic	CTDC-PARTICIPANT-482694	CTDC-DEMOGRAPHIC-956107	902.83	Not Reported	Unknown	Male	283.64	86.49	900.36	cacatum_non_est_pictum	id_quod_plerumque_accidit	Doctoral or professional degree	581	scientiae_et_patriae	damnant_quod_non_intellegunt
demographic	CTDC-PARTICIPANT-301326	CTDC-DEMOGRAPHIC-104815	896.25	White	Hispanic or Latino	Male	962.76	855.73	995.42	e_causa_ignota	Obedientia_civium_urbis_felicitas	Some college or Associate degree	77	Macte_animo_Generose_puer_sic_itur_ad_astra	saltus_in_demonstrando
demographic	CTDC-PARTICIPANT-449539	CTDC-DEMOGRAPHIC-622658	708.76	Asian	Not Hispanic or Latino	Intersex	613.4	283.09	88.72	sapiens_qui_prospicit	saltus_in_demonstrando	Declined to answer	28	nanos_gigantum_humeris_insidentes	labor_ipse_voluptas
demographic	CTDC-PARTICIPANT-340275	CTDC-DEMOGRAPHIC-452726	297.28	Native Hawaiian or other Pacific Islander	Hispanic or Latino	Female	205.35	800.16	872.0	id_quod_plerumque_accidit	O_Tite_tute_Tati_tibi_tanta_tyranne_tulisti	Bachelor's degree	211	a_bene_placito	id_quod_plerumque_accidit
demographic	CTDC-PARTICIPANT-198783	CTDC-DEMOGRAPHIC-928210	226.43	White	Unknown	Unknown	107.16	168.08	241.63	scientiae_et_patriae	cacatum_non_est_pictum	Master's degree	179	labor_ipse_voluptas	Macte_animo_Generose_puer_sic_itur_ad_astra
demographic	CTDC-PARTICIPANT-786373	CTDC-DEMOGRAPHIC-925793	871.59	American Indian or Alaska Native	Not reported	Intersex	413.4	828.41	553.06	barba_crescit_caput_nescit	O_Tite_tute_Tati_tibi_tanta_tyranne_tulisti	Grade school	680	barba_crescit_caput_nescit	Gallia_est_omnis_divisa_in_partes_tres
demographic	CTDC-PARTICIPANT-791713	CTDC-DEMOGRAPHIC-983652	848.38	Not Reported	Not reported	Female	351.39	781.42	512.99	scientia_imperii_decus_et_tutamen	scientiae_et_patriae	Bachelor's degree	790	haec_olim_meminisse_iuvabit	scientia_et_sapientia
demographic	CTDC-PARTICIPANT-671238	CTDC-DEMOGRAPHIC-954067	108.57	American Indian or Alaska Native	Unknown	Female	637.67	644.96	813.94	scientia_et_sapientia	pace_tua	Not high school graduate	408	labor_ipse_voluptas	pace_tua
demographic	CTDC-PARTICIPANT-371594	CTDC-DEMOGRAPHIC-257626	28.48	Black or African American	Unknown	Male	347.38	481.77	680.02	sapiens_qui_prospicit	cacatum_non_est_pictum	Master's degree	648	scientia_imperii_decus_et_tutamen	Obedientia_civium_urbis_felicitas
demographic	CTDC-PARTICIPANT-584849	CTDC-DEMOGRAPHIC-532387	678.1	Asian	Unknown	Female	994.07	389.83	552.41	scientiae_et_patriae	imperium_in_imperio	Doctoral or professional degree	208	a_bene_placito	saltus_in_demonstrando
demographic	CTDC-PARTICIPANT-513457	CTDC-DEMOGRAPHIC-980243	924.31	Unknown	Unknown	Intersex	908.04	211.8	378.67	scientiae_et_patriae	nanos_gigantum_humeris_insidentes	Bachelor's degree	150	barba_crescit_caput_nescit	sapiens_qui_prospicit
demographic	CTDC-PARTICIPANT-286805	CTDC-DEMOGRAPHIC-788436	78.29	Native Hawaiian or other Pacific Islander	Not reported	Unknown	110.63	605.68	164.73	salus_in_arduis	haec_olim_meminisse_iuvabit	Doctoral or professional degree	376	a_bene_placito	pace_tua
demographic	CTDC-PARTICIPANT-360661	CTDC-DEMOGRAPHIC-779853	395.84	Native Hawaiian or other Pacific Islander	Not reported	Intersex	941.58	50.21	131.08	id_quod_plerumque_accidit	sapiens_qui_prospicit	Not high school graduate	530	nanos_gigantum_humeris_insidentes	haec_olim_meminisse_iuvabit
demographic	CTDC-PARTICIPANT-208381	CTDC-DEMOGRAPHIC-273903	395.01	American Indian or Alaska Native	Not Hispanic or Latino	Female	596.35	915.54	684.51	a_bene_placito	id_quod_plerumque_accidit	High school graduate (including equivalency)	367	Obedientia_civium_urbis_felicitas	labor_ipse_voluptas
demographic	CTDC-PARTICIPANT-149549	CTDC-DEMOGRAPHIC-129375	296.48	American Indian or Alaska Native	Hispanic or Latino	Male	826.26	371.61	131.24	scientia_et_sapientia	sapiens_qui_prospicit	Bachelor's degree	224	saltus_in_demonstrando	e_causa_ignota
demographic	CTDC-PARTICIPANT-607722	CTDC-DEMOGRAPHIC-237799	186.59	Unknown	Unknown	Female	614.91	365.89	758.85	faber_est_suae_quisque_fortunae	e_causa_ignota	High school graduate (including equivalency)	563	a_bene_placito	labor_ipse_voluptas
demographic	CTDC-PARTICIPANT-968052	CTDC-DEMOGRAPHIC-710413	335.13	Native Hawaiian or other Pacific Islander	Not reported	Intersex	698.35	519.51	681.36	damnant_quod_non_intellegunt	sapiens_qui_prospicit	Declined to answer	332	nascentes_morimur_finisque_ab_origine_pendet	cacatum_non_est_pictum
demographic	CTDC-PARTICIPANT-273892	CTDC-DEMOGRAPHIC-853489	527.58	Unknown	Unknown	Female	451.01	734.85	959.9	scientiae_cedit_mare	id_quod_plerumque_accidit	High school graduate (including equivalency)	732	scientia,_aere_perennius	id_quod_plerumque_accidit
demographic	CTDC-PARTICIPANT-599675	CTDC-DEMOGRAPHIC-785298	609.39	American Indian or Alaska Native	Not reported	Male	244.7	746.93	514.24	Macte_animo_Generose_puer_sic_itur_ad_astra	nanos_gigantum_humeris_insidentes	Master's degree	848	imperium_in_imperio	damnant_quod_non_intellegunt
demographic	CTDC-PARTICIPANT-389190	CTDC-DEMOGRAPHIC-760588	391.56	Native Hawaiian or other Pacific Islander	Not Hispanic or Latino	Intersex	687.74	586.15	39.06	imperium_in_imperio	O_Tite_tute_Tati_tibi_tanta_tyranne_tulisti	Not high school graduate	855	damnant_quod_non_intellegunt	damnant_quod_non_intellegunt
demographic	CTDC-PARTICIPANT-992012	CTDC-DEMOGRAPHIC-292646	492.68	Not Reported	Hispanic or Latino	Female	190.37	867.25	165.38	scientia_imperii_decus_et_tutamen	id_quod_plerumque_accidit	Master's degree	968	nascentes_morimur_finisque_ab_origine_pendet	sapiens_qui_prospicit
demographic	CTDC-PARTICIPANT-322813	CTDC-DEMOGRAPHIC-124088	335.97	Not Reported	Hispanic or Latino	Male	783.45	464.77	899.78	e_causa_ignota	scientia_imperii_decus_et_tutamen	Master's degree	662	imperium_in_imperio	Gallia_est_omnis_divisa_in_partes_tres
demographic	CTDC-PARTICIPANT-563302	CTDC-DEMOGRAPHIC-991891	370.64	Asian	Not reported	Male	829.95	622.36	56.63	scientia_et_labor	nascentes_morimur_finisque_ab_origine_pendet	Declined to answer	660	saltus_in_demonstrando	id_quod_plerumque_accidit
demographic	CTDC-PARTICIPANT-449980	CTDC-DEMOGRAPHIC-139753	154.3	White	Unknown	Male	904.4	836.7	836.84	sapiens_qui_prospicit	nascentes_morimur_finisque_ab_origine_pendet	Declined to answer	623	scientia_et_labor	barba_crescit_caput_nescit
demographic	CTDC-PARTICIPANT-863646	CTDC-DEMOGRAPHIC-149880	868.8	Unknown	Not reported	Female	212.16	176.17	907.7	damnant_quod_non_intellegunt	haec_olim_meminisse_iuvabit	Master's degree	903	faber_est_suae_quisque_fortunae	salus_in_arduis
demographic	CTDC-PARTICIPANT-365305	CTDC-DEMOGRAPHIC-367880	83.65	Asian	Not Hispanic or Latino	Female	49.38	899.25	959.79	a_bene_placito	nascentes_morimur_finisque_ab_origine_pendet	Doctoral or professional degree	447	scientia_imperii_decus_et_tutamen	a_bene_placito
demographic	CTDC-PARTICIPANT-684111	CTDC-DEMOGRAPHIC-793569	228.29	Asian	Unknown	Female	162.37	213.13	626.4	scientia_et_labor	imperium_in_imperio	High school graduate (including equivalency)	782	pace_tua	id_quod_plerumque_accidit
demographic	CTDC-PARTICIPANT-891914	CTDC-DEMOGRAPHIC-179490	983.3	Black or African American	Not reported	Intersex	767.55	933.98	717.18	scientia_et_sapientia	barba_crescit_caput_nescit	Not high school graduate	709	saltus_in_demonstrando	scientia_imperii_decus_et_tutamen
demographic	CTDC-PARTICIPANT-486601	CTDC-DEMOGRAPHIC-672938	834.55	Asian	Not Hispanic or Latino	Male	506.6	335.81	769.23	haec_olim_meminisse_iuvabit	cacatum_non_est_pictum	Doctoral or professional degree	536	pace_tua	O_Tite_tute_Tati_tibi_tanta_tyranne_tulisti
demographic	CTDC-PARTICIPANT-531064	CTDC-DEMOGRAPHIC-435388	424.8	White	Not reported	Male	53.53	863.12	926.97	labor_ipse_voluptas	scientia_et_labor	Master's degree	880	salus_in_arduis	pace_tua
demographic	CTDC-PARTICIPANT-929629	CTDC-DEMOGRAPHIC-397894	706.57	American Indian or Alaska Native	Not Hispanic or Latino	Unknown	361.58	39.06	388.1	scientia_imperii_decus_et_tutamen	faber_est_suae_quisque_fortunae	No formal education	152	Macte_animo_Generose_puer_sic_itur_ad_astra	sapiens_qui_prospicit
demographic	CTDC-PARTICIPANT-667747	CTDC-DEMOGRAPHIC-700783	708.97	Black or African American	Unknown	Male	35.82	807.29	826.77	saltus_in_demonstrando	cacatum_non_est_pictum	Declined to answer	227	imperium_in_imperio	labor_ipse_voluptas
demographic	CTDC-PARTICIPANT-270141	CTDC-DEMOGRAPHIC-198900	416.52	Unknown	Unknown	Unknown	202.42	821.42	698.48	imperium_in_imperio	damnant_quod_non_intellegunt	Not high school graduate	281	pace_tua	scientia_et_sapientia
demographic	CTDC-PARTICIPANT-779049	CTDC-DEMOGRAPHIC-886730	761.38	Native Hawaiian or other Pacific Islander	Not reported	Intersex	86.36	319.23	861.9	scientia_et_labor	a_bene_placito	Declined to answer	627	barba_crescit_caput_nescit	damnant_quod_non_intellegunt
demographic	CTDC-PARTICIPANT-297073	CTDC-DEMOGRAPHIC-627360	439.53	White	Hispanic or Latino	Unknown	405.3	204.62	74.74	scientiae_cedit_mare	faber_est_suae_quisque_fortunae	Bachelor's degree	777	scientiae_et_patriae	e_causa_ignota
demographic	CTDC-PARTICIPANT-749799	CTDC-DEMOGRAPHIC-476688	450.79	Not Reported	Hispanic or Latino	Male	111.48	753.16	627.47	faber_est_suae_quisque_fortunae	Macte_animo_Generose_puer_sic_itur_ad_astra	High school graduate (including equivalency)	768	cacatum_non_est_pictum	scientia_imperii_decus_et_tutamen
demographic	CTDC-PARTICIPANT-922401	CTDC-DEMOGRAPHIC-432373	443.79	Unknown	Not reported	Unknown	117.19	843.83	566.76	pace_tua	damnant_quod_non_intellegunt	No formal education	488	nanos_gigantum_humeris_insidentes	scientia_et_labor
demographic	CTDC-PARTICIPANT-382937	CTDC-DEMOGRAPHIC-575297	520.69	American Indian or Alaska Native	Hispanic or Latino	Intersex	271.6	955.39	84.98	Macte_animo_Generose_puer_sic_itur_ad_astra	saltus_in_demonstrando	High school graduate (including equivalency)	524	cacatum_non_est_pictum	scientiae_cedit_mare
demographic	CTDC-PARTICIPANT-294142	CTDC-DEMOGRAPHIC-578198	881.7	Native Hawaiian or other Pacific Islander	Hispanic or Latino	Male	639.5	419.67	640.98	scientia_imperii_decus_et_tutamen	Gallia_est_omnis_divisa_in_partes_tres	Doctoral or professional degree	153	Obedientia_civium_urbis_felicitas	scientia,_aere_perennius
demographic	CTDC-PARTICIPANT-690107	CTDC-DEMOGRAPHIC-589162	185.61	Not Reported	Unknown	Intersex	976.43	468.68	720.22	id_quod_plerumque_accidit	cacatum_non_est_pictum	Not high school graduate	628	saltus_in_demonstrando	Gallia_est_omnis_divisa_in_partes_tres
demographic	CTDC-PARTICIPANT-366120	CTDC-DEMOGRAPHIC-371095	731.25	White	Not Hispanic or Latino	Female	563.72	276.9	957.46	damnant_quod_non_intellegunt	damnant_quod_non_intellegunt	Master's degree	891	id_quod_plerumque_accidit	a_bene_placito
demographic	CTDC-PARTICIPANT-638488	CTDC-DEMOGRAPHIC-930938	586.96	Black or African American	Unknown	Female	521.66	437.67	123.46	id_quod_plerumque_accidit	salus_in_arduis	High school graduate (including equivalency)	404	scientia_et_sapientia	saltus_in_demonstrando
demographic	CTDC-PARTICIPANT-314138	CTDC-DEMOGRAPHIC-452568	724.65	Not Reported	Not Hispanic or Latino	Male	516.9	596.57	780.32	Obedientia_civium_urbis_felicitas	sapiens_qui_prospicit	Master's degree	94	cacatum_non_est_pictum	scientia,_aere_perennius
demographic	CTDC-PARTICIPANT-938247	CTDC-DEMOGRAPHIC-922906	415.58	Unknown	Not reported	Intersex	389.17	714.18	69.31	faber_est_suae_quisque_fortunae	saltus_in_demonstrando	Bachelor's degree	357	scientia_et_sapientia	scientia_imperii_decus_et_tutamen
demographic	CTDC-PARTICIPANT-791745	CTDC-DEMOGRAPHIC-612228	324.0	Not Reported	Not Hispanic or Latino	Female	55.86	220.15	36.06	cacatum_non_est_pictum	imperium_in_imperio	High school graduate (including equivalency)	40	damnant_quod_non_intellegunt	scientia_et_labor
demographic	CTDC-PARTICIPANT-817733	CTDC-DEMOGRAPHIC-374041	584.53	Asian	Not Hispanic or Latino	Female	208.09	533.41	716.22	faber_est_suae_quisque_fortunae	scientiae_et_patriae	Grade school	638	id_quod_plerumque_accidit	nascentes_morimur_finisque_ab_origine_pendet
demographic	CTDC-PARTICIPANT-254156	CTDC-DEMOGRAPHIC-526974	201.28	Asian	Not reported	Intersex	747.86	368.59	329.54	e_causa_ignota	Obedientia_civium_urbis_felicitas	Doctoral or professional degree	977	Obedientia_civium_urbis_felicitas	barba_crescit_caput_nescit
demographic	CTDC-PARTICIPANT-207908	CTDC-DEMOGRAPHIC-193573	162.83	American Indian or Alaska Native	Unknown	Intersex	729.62	450.81	875.25	scientia_imperii_decus_et_tutamen	sapiens_qui_prospicit	Some college or Associate degree	342	scientia_et_labor	nanos_gigantum_humeris_insidentes
demographic	CTDC-PARTICIPANT-536513	CTDC-DEMOGRAPHIC-635112	579.77	Black or African American	Not Hispanic or Latino	Male	759.55	958.57	679.27	scientiae_cedit_mare	labor_ipse_voluptas	Declined to answer	718	sapiens_qui_prospicit	sapiens_qui_prospicit
demographic	CTDC-PARTICIPANT-353582	CTDC-DEMOGRAPHIC-864244	208.34	White	Unknown	Unknown	404.26	489.63	281.47	O_Tite_tute_Tati_tibi_tanta_tyranne_tulisti	imperium_in_imperio	No formal education	519	labor_ipse_voluptas	e_causa_ignota
demographic	CTDC-PARTICIPANT-970835	CTDC-DEMOGRAPHIC-449101	538.91	Native Hawaiian or other Pacific Islander	Unknown	Female	567.08	629.68	900.92	sapiens_qui_prospicit	a_bene_placito	Bachelor's degree	949	salus_in_arduis	scientia_et_sapientia
demographic	CTDC-PARTICIPANT-380250	CTDC-DEMOGRAPHIC-261184	483.14	Unknown	Hispanic or Latino	Intersex	132.61	746.26	583.99	scientia_et_sapientia	saltus_in_demonstrando	Not high school graduate	822	imperium_in_imperio	id_quod_plerumque_accidit
demographic	CTDC-PARTICIPANT-824360	CTDC-DEMOGRAPHIC-179997	61.26	Not Reported	Not reported	Intersex	638.56	570.07	438.0	scientiae_et_patriae	Macte_animo_Generose_puer_sic_itur_ad_astra	Declined to answer	700	damnant_quod_non_intellegunt	Macte_animo_Generose_puer_sic_itur_ad_astra
demographic	CTDC-PARTICIPANT-519155	CTDC-DEMOGRAPHIC-718263	711.79	Asian	Not Hispanic or Latino	Unknown	780.76	300.22	467.15	scientia_et_labor	sapiens_qui_prospicit	Declined to answer	652	a_bene_placito	cacatum_non_est_pictum
demographic	CTDC-PARTICIPANT-830585	CTDC-DEMOGRAPHIC-474733	429.99	Native Hawaiian or other Pacific Islander	Not reported	Female	102.36	905.72	723.31	saltus_in_demonstrando	scientia_et_labor	High school graduate (including equivalency)	610	nanos_gigantum_humeris_insidentes	scientia_imperii_decus_et_tutamen
demographic	CTDC-PARTICIPANT-641275	CTDC-DEMOGRAPHIC-844034	931.03	Unknown	Hispanic or Latino	Intersex	743.77	66.67	500.75	scientia_et_labor	O_Tite_tute_Tati_tibi_tanta_tyranne_tulisti	Declined to answer	549	scientiae_cedit_mare	nascentes_morimur_finisque_ab_origine_pendet
demographic	CTDC-PARTICIPANT-457741	CTDC-DEMOGRAPHIC-267496	230.61	Not Reported	Unknown	Intersex	546.95	450.37	137.42	barba_crescit_caput_nescit	e_causa_ignota	Doctoral or professional degree	969	salus_in_arduis	scientia,_aere_perennius
demographic	CTDC-PARTICIPANT-523680	CTDC-DEMOGRAPHIC-438497	536.03	Black or African American	Not reported	Intersex	334.49	177.59	682.38	id_quod_plerumque_accidit	e_causa_ignota	No formal education	282	saltus_in_demonstrando	id_quod_plerumque_accidit
demographic	CTDC-PARTICIPANT-234308	CTDC-DEMOGRAPHIC-456968	101.72	Native Hawaiian or other Pacific Islander	Not Hispanic or Latino	Male	365.5	583.84	447.38	barba_crescit_caput_nescit	scientia_et_sapientia	Declined to answer	790	Gallia_est_omnis_divisa_in_partes_tres	scientia_et_sapientia
demographic	CTDC-PARTICIPANT-432039	CTDC-DEMOGRAPHIC-555443	727.34	White	Hispanic or Latino	Intersex	153.61	435.27	133.14	labor_ipse_voluptas	labor_ipse_voluptas	High school graduate (including equivalency)	294	e_causa_ignota	id_quod_plerumque_accidit
demographic	CTDC-PARTICIPANT-573467	CTDC-DEMOGRAPHIC-342616	442.46	Not Reported	Not Hispanic or Latino	Intersex	328.2	855.89	769.01	id_quod_plerumque_accidit	nascentes_morimur_finisque_ab_origine_pendet	Grade school	422	damnant_quod_non_intellegunt	Macte_animo_Generose_puer_sic_itur_ad_astra
demographic	CTDC-PARTICIPANT-957799	CTDC-DEMOGRAPHIC-684856	431.97	Black or African American	Not Hispanic or Latino	Unknown	924.61	304.81	229.02	Macte_animo_Generose_puer_sic_itur_ad_astra	scientia,_aere_perennius	Doctoral or professional degree	520	pace_tua	scientiae_cedit_mare
demographic	CTDC-PARTICIPANT-111060	CTDC-DEMOGRAPHIC-213426	433.44	Native Hawaiian or other Pacific Islander	Hispanic or Latino	Unknown	547.77	712.08	120.91	haec_olim_meminisse_iuvabit	scientia_imperii_decus_et_tutamen	Grade school	549	scientiae_et_patriae	scientia_imperii_decus_et_tutamen
demographic	CTDC-PARTICIPANT-595441	CTDC-DEMOGRAPHIC-710423	566.18	Asian	Unknown	Male	508.78	858.06	787.19	haec_olim_meminisse_iuvabit	Obedientia_civium_urbis_felicitas	Bachelor's degree	836	labor_ipse_voluptas	salus_in_arduis
demographic	CTDC-PARTICIPANT-541554	CTDC-DEMOGRAPHIC-315641	134.25	Native Hawaiian or other Pacific Islander	Not Hispanic or Latino	Unknown	128.85	571.88	90.39	saltus_in_demonstrando	id_quod_plerumque_accidit	High school graduate (including equivalency)	629	haec_olim_meminisse_iuvabit	cacatum_non_est_pictum
demographic	CTDC-PARTICIPANT-330696	CTDC-DEMOGRAPHIC-276940	59.7	White	Not Hispanic or Latino	Female	780.75	847.98	33.94	scientiae_cedit_mare	Gallia_est_omnis_divisa_in_partes_tres	Some college or Associate degree	224	Obedientia_civium_urbis_felicitas	O_Tite_tute_Tati_tibi_tanta_tyranne_tulisti
demographic	CTDC-PARTICIPANT-668935	CTDC-DEMOGRAPHIC-122828	250.05	White	Hispanic or Latino	Intersex	685.79	868.01	172.89	scientia_et_labor	sapiens_qui_prospicit	High school graduate (including equivalency)	398	faber_est_suae_quisque_fortunae	pace_tua
demographic	CTDC-PARTICIPANT-204363	CTDC-DEMOGRAPHIC-176412	196.8	Black or African American	Not reported	Male	105.33	993.49	107.31	e_causa_ignota	Gallia_est_omnis_divisa_in_partes_tres	No formal education	857	nascentes_morimur_finisque_ab_origine_pendet	scientia,_aere_perennius
demographic	CTDC-PARTICIPANT-340899	CTDC-DEMOGRAPHIC-715764	672.17	Black or African American	Not Hispanic or Latino	Intersex	868.13	883.99	719.68	labor_ipse_voluptas	scientia_et_labor	Declined to answer	490	id_quod_plerumque_accidit	cacatum_non_est_pictum
demographic	CTDC-PARTICIPANT-129178	CTDC-DEMOGRAPHIC-410485	17.97	Unknown	Hispanic or Latino	Intersex	426.7	83.42	319.5	pace_tua	salus_in_arduis	Grade school	955	scientia,_aere_perennius	pace_tua
demographic	CTDC-PARTICIPANT-701011	CTDC-DEMOGRAPHIC-932724	525.64	American Indian or Alaska Native	Not reported	Unknown	402.31	38.81	777.91	imperium_in_imperio	faber_est_suae_quisque_fortunae	Not high school graduate	247	scientiae_et_patriae	scientiae_et_patriae
demographic	CTDC-PARTICIPANT-530141	CTDC-DEMOGRAPHIC-377574	110.64	American Indian or Alaska Native	Hispanic or Latino	Unknown	689.69	106.95	48.98	scientia_et_sapientia	labor_ipse_voluptas	High school graduate (including equivalency)	848	Macte_animo_Generose_puer_sic_itur_ad_astra	e_causa_ignota
demographic	CTDC-PARTICIPANT-707432	CTDC-DEMOGRAPHIC-911435	342.94	White	Not reported	Male	947.59	917.24	831.0	haec_olim_meminisse_iuvabit	nascentes_morimur_finisque_ab_origine_pendet	Some college or Associate degree	126	Macte_animo_Generose_puer_sic_itur_ad_astra	sapiens_qui_prospicit
demographic	CTDC-PARTICIPANT-960610	CTDC-DEMOGRAPHIC-302506	578.49	American Indian or Alaska Native	Hispanic or Latino	Unknown	792.99	871.34	134.49	scientia_et_labor	Gallia_est_omnis_divisa_in_partes_tres	Some college or Associate degree	511	Obedientia_civium_urbis_felicitas	e_causa_ignota
demographic	CTDC-PARTICIPANT-353052	CTDC-DEMOGRAPHIC-447292	87.6	Not Reported	Not Hispanic or Latino	Female	258.92	550.72	574.92	scientia_et_labor	a_bene_placito	No formal education	338	haec_olim_meminisse_iuvabit	scientiae_cedit_mare
demographic	CTDC-PARTICIPANT-259646	CTDC-DEMOGRAPHIC-304049	406.16	White	Hispanic or Latino	Unknown	741.06	432.31	390.62	barba_crescit_caput_nescit	nanos_gigantum_humeris_insidentes	Master's degree	911	scientia_et_labor	labor_ipse_voluptas
demographic	CTDC-PARTICIPANT-995400	CTDC-DEMOGRAPHIC-351126	942.38	White	Hispanic or Latino	Intersex	798.65	661.93	965.86	imperium_in_imperio	saltus_in_demonstrando	Bachelor's degree	986	a_bene_placito	Gallia_est_omnis_divisa_in_partes_tres
demographic	CTDC-PARTICIPANT-315263	CTDC-DEMOGRAPHIC-819570	647.38	Asian	Not reported	Intersex	992.36	722.44	446.69	O_Tite_tute_Tati_tibi_tanta_tyranne_tulisti	pace_tua	Declined to answer	987	labor_ipse_voluptas	scientiae_et_patriae
demographic	CTDC-PARTICIPANT-312873	CTDC-DEMOGRAPHIC-149577	394.87	Native Hawaiian or other Pacific Islander	Unknown	Female	577.8	806.96	567.22	salus_in_arduis	O_Tite_tute_Tati_tibi_tanta_tyranne_tulisti	Master's degree	229	nascentes_morimur_finisque_ab_origine_pendet	pace_tua
demographic	CTDC-PARTICIPANT-233585	CTDC-DEMOGRAPHIC-693743	709.69	American Indian or Alaska Native	Not reported	Female	879.24	241.81	398.45	scientiae_et_patriae	a_bene_placito	High school graduate (including equivalency)	51	sapiens_qui_prospicit	barba_crescit_caput_nescit
demographic	CTDC-PARTICIPANT-665346	CTDC-DEMOGRAPHIC-223652	567.83	Black or African American	Not Hispanic or Latino	Intersex	139.58	522.28	106.6	haec_olim_meminisse_iuvabit	scientiae_et_patriae	No formal education	807	pace_tua	id_quod_plerumque_accidit
demographic	CTDC-PARTICIPANT-141586	CTDC-DEMOGRAPHIC-757072	944.51	Asian	Not reported	Male	428.2	89.68	29.06	pace_tua	scientia_imperii_decus_et_tutamen	Declined to answer	673	labor_ipse_voluptas	scientiae_et_patriae
demographic	CTDC-PARTICIPANT-855122	CTDC-DEMOGRAPHIC-871675	533.08	Unknown	Not Hispanic or Latino	Female	489.36	461.76	688.48	scientia,_aere_perennius	scientia_et_sapientia	Bachelor's degree	371	faber_est_suae_quisque_fortunae	damnant_quod_non_intellegunt
demographic	CTDC-PARTICIPANT-498655	CTDC-DEMOGRAPHIC-914984	283.82	Native Hawaiian or other Pacific Islander	Unknown	Unknown	484.37	558.26	110.86	id_quod_plerumque_accidit	faber_est_suae_quisque_fortunae	Master's degree	446	Obedientia_civium_urbis_felicitas	labor_ipse_voluptas
demographic	CTDC-PARTICIPANT-929749	CTDC-DEMOGRAPHIC-638807	526.33	White	Hispanic or Latino	Intersex	448.21	480.22	654.63	cacatum_non_est_pictum	damnant_quod_non_intellegunt	Declined to answer	712	scientia_et_labor	Macte_animo_Generose_puer_sic_itur_ad_astra
demographic	CTDC-PARTICIPANT-778982	CTDC-DEMOGRAPHIC-664175	197.77	Unknown	Not Hispanic or Latino	Intersex	390.15	466.23	396.44	saltus_in_demonstrando	scientia_et_labor	Declined to answer	207	Gallia_est_omnis_divisa_in_partes_tres	nanos_gigantum_humeris_insidentes
demographic	CTDC-PARTICIPANT-881373	CTDC-DEMOGRAPHIC-378425	861.02	Black or African American	Hispanic or Latino	Male	913.17	273.88	474.74	scientia,_aere_perennius	scientiae_cedit_mare	Declined to answer	856	haec_olim_meminisse_iuvabit	e_causa_ignota
demographic	CTDC-PARTICIPANT-632335	CTDC-DEMOGRAPHIC-856413	206.58	Unknown	Unknown	Male	395.62	589.12	703.52	scientia,_aere_perennius	barba_crescit_caput_nescit	Bachelor's degree	158	cacatum_non_est_pictum	scientiae_et_patriae
demographic	CTDC-PARTICIPANT-374124	CTDC-DEMOGRAPHIC-926550	858.91	American Indian or Alaska Native	Hispanic or Latino	Female	431.09	97.23	126.06	pace_tua	sapiens_qui_prospicit	Declined to answer	690	barba_crescit_caput_nescit	scientiae_cedit_mare
demographic	CTDC-PARTICIPANT-585675	CTDC-DEMOGRAPHIC-818841	272.19	Native Hawaiian or other Pacific Islander	Unknown	Male	90.61	588.9	187.07	nanos_gigantum_humeris_insidentes	id_quod_plerumque_accidit	Not high school graduate	258	nascentes_morimur_finisque_ab_origine_pendet	id_quod_plerumque_accidit
demographic	CTDC-PARTICIPANT-456060	CTDC-DEMOGRAPHIC-339220	186.51	Black or African American	Hispanic or Latino	Male	386.56	687.83	522.79	faber_est_suae_quisque_fortunae	id_quod_plerumque_accidit	High school graduate (including equivalency)	834	Gallia_est_omnis_divisa_in_partes_tres	salus_in_arduis
demographic	CTDC-PARTICIPANT-413222	CTDC-DEMOGRAPHIC-360720	363.86	Native Hawaiian or other Pacific Islander	Not Hispanic or Latino	Intersex	601.07	499.59	516.48	sapiens_qui_prospicit	cacatum_non_est_pictum	Grade school	11	nanos_gigantum_humeris_insidentes	nanos_gigantum_humeris_insidentes
demographic	CTDC-PARTICIPANT-820287	CTDC-DEMOGRAPHIC-715452	286.95	Asian	Hispanic or Latino	Intersex	593.19	440.86	803.84	saltus_in_demonstrando	salus_in_arduis	Master's degree	226	scientiae_et_patriae	scientia,_aere_perennius
demographic	CTDC-PARTICIPANT-731336	CTDC-DEMOGRAPHIC-236259	60.1	Black or African American	Hispanic or Latino	Intersex	587.31	463.27	437.56	O_Tite_tute_Tati_tibi_tanta_tyranne_tulisti	a_bene_placito	Bachelor's degree	55	scientiae_cedit_mare	O_Tite_tute_Tati_tibi_tanta_tyranne_tulisti
demographic	CTDC-PARTICIPANT-872635	CTDC-DEMOGRAPHIC-293132	824.85	Black or African American	Hispanic or Latino	Unknown	948.9	328.5	613.75	scientia,_aere_perennius	id_quod_plerumque_accidit	Some college or Associate degree	311	e_causa_ignota	id_quod_plerumque_accidit
demographic	CTDC-PARTICIPANT-598811	CTDC-DEMOGRAPHIC-435087	123.52	Unknown	Not reported	Intersex	323.93	191.72	251.24	Gallia_est_omnis_divisa_in_partes_tres	scientia_et_labor	Grade school	423	scientiae_et_patriae	imperium_in_imperio
demographic	CTDC-PARTICIPANT-694406	CTDC-DEMOGRAPHIC-204899	50.94	Black or African American	Unknown	Male	440.42	218.19	23.99	saltus_in_demonstrando	saltus_in_demonstrando	High school graduate (including equivalency)	827	cacatum_non_est_pictum	scientia,_aere_perennius
demographic	CTDC-PARTICIPANT-125315	CTDC-DEMOGRAPHIC-665001	694.21	White	Not reported	Unknown	248.66	424.6	81.53	cacatum_non_est_pictum	e_causa_ignota	Not high school graduate	400	scientia_et_labor	damnant_quod_non_intellegunt
demographic	CTDC-PARTICIPANT-713422	CTDC-DEMOGRAPHIC-598311	761.01	Asian	Not Hispanic or Latino	Female	595.85	953.29	989.6	e_causa_ignota	barba_crescit_caput_nescit	Grade school	745	Macte_animo_Generose_puer_sic_itur_ad_astra	imperium_in_imperio
demographic	CTDC-PARTICIPANT-588711	CTDC-DEMOGRAPHIC-374461	442.13	Native Hawaiian or other Pacific Islander	Hispanic or Latino	Male	691.11	268.76	899.58	e_causa_ignota	Macte_animo_Generose_puer_sic_itur_ad_astra	No formal education	741	scientiae_cedit_mare	scientiae_et_patriae
demographic	CTDC-PARTICIPANT-544291	CTDC-DEMOGRAPHIC-782842	361.75	Asian	Hispanic or Latino	Male	22.44	627.42	941.89	damnant_quod_non_intellegunt	pace_tua	Doctoral or professional degree	109	scientia_et_sapientia	nascentes_morimur_finisque_ab_origine_pendet
demographic	CTDC-PARTICIPANT-315000	CTDC-DEMOGRAPHIC-249972	853.39	Not Reported	Not Hispanic or Latino	Female	320.39	530.45	498.04	salus_in_arduis	barba_crescit_caput_nescit	Doctoral or professional degree	777	Macte_animo_Generose_puer_sic_itur_ad_astra	damnant_quod_non_intellegunt
demographic	CTDC-PARTICIPANT-751219	CTDC-DEMOGRAPHIC-738949	765.21	Asian	Unknown	Unknown	972.51	648.85	497.39	nanos_gigantum_humeris_insidentes	labor_ipse_voluptas	Not high school graduate	500	scientia_imperii_decus_et_tutamen	Gallia_est_omnis_divisa_in_partes_tres
demographic	CTDC-PARTICIPANT-688579	CTDC-DEMOGRAPHIC-142359	815.93	Asian	Not reported	Female	242.0	656.83	819.41	a_bene_placito	damnant_quod_non_intellegunt	Declined to answer	56	Macte_animo_Generose_puer_sic_itur_ad_astra	Gallia_est_omnis_divisa_in_partes_tres
demographic	CTDC-PARTICIPANT-508271	CTDC-DEMOGRAPHIC-136975	898.56	White	Unknown	Male	181.49	183.81	315.37	Obedientia_civium_urbis_felicitas	nanos_gigantum_humeris_insidentes	Not high school graduate	493	scientia_et_sapientia	pace_tua
demographic	CTDC-PARTICIPANT-283939	CTDC-DEMOGRAPHIC-292316	725.98	American Indian or Alaska Native	Hispanic or Latino	Male	921.12	740.8	690.16	sapiens_qui_prospicit	scientia,_aere_perennius	Bachelor's degree	643	scientiae_et_patriae	Gallia_est_omnis_divisa_in_partes_tres
demographic	CTDC-PARTICIPANT-817899	CTDC-DEMOGRAPHIC-252969	362.64	White	Not reported	Male	332.81	71.0	770.29	labor_ipse_voluptas	nanos_gigantum_humeris_insidentes	No formal education	936	scientiae_et_patriae	haec_olim_meminisse_iuvabit
demographic	CTDC-PARTICIPANT-734618	CTDC-DEMOGRAPHIC-689083	142.72	Native Hawaiian or other Pacific Islander	Not Hispanic or Latino	Intersex	650.36	889.12	341.99	damnant_quod_non_intellegunt	scientiae_et_patriae	High school graduate (including equivalency)	761	sapiens_qui_prospicit	scientia_imperii_decus_et_tutamen
demographic	CTDC-PARTICIPANT-687386	CTDC-DEMOGRAPHIC-903125	902.6	Native Hawaiian or other Pacific Islander	Not reported	Male	491.68	578.18	583.79	nanos_gigantum_humeris_insidentes	saltus_in_demonstrando	Doctoral or professional degree	630	sapiens_qui_prospicit	labor_ipse_voluptas
demographic	CTDC-PARTICIPANT-167854	CTDC-DEMOGRAPHIC-897062	685.38	American Indian or Alaska Native	Hispanic or Latino	Unknown	449.6	460.27	526.81	nanos_gigantum_humeris_insidentes	scientiae_cedit_mare	Doctoral or professional degree	860	barba_crescit_caput_nescit	faber_est_suae_quisque_fortunae
demographic	CTDC-PARTICIPANT-710214	CTDC-DEMOGRAPHIC-980311	58.34	White	Hispanic or Latino	Female	586.83	113.29	350.64	scientiae_cedit_mare	nascentes_morimur_finisque_ab_origine_pendet	Grade school	599	scientia_et_labor	imperium_in_imperio
demographic	CTDC-PARTICIPANT-438817	CTDC-DEMOGRAPHIC-193405	99.51	Native Hawaiian or other Pacific Islander	Not reported	Intersex	936.32	529.26	411.69	scientiae_et_patriae	nascentes_morimur_finisque_ab_origine_pendet	Some college or Associate degree	649	a_bene_placito	haec_olim_meminisse_iuvabit
demographic	CTDC-PARTICIPANT-492236	CTDC-DEMOGRAPHIC-840929	271.28	White	Not reported	Intersex	425.79	914.77	929.8	pace_tua	id_quod_plerumque_accidit	No formal education	483	barba_crescit_caput_nescit	scientiae_cedit_mare
demographic	CTDC-PARTICIPANT-831175	CTDC-DEMOGRAPHIC-336091	64.69	American Indian or Alaska Native	Not reported	Male	582.26	392.18	778.18	cacatum_non_est_pictum	id_quod_plerumque_accidit	Grade school	406	faber_est_suae_quisque_fortunae	Macte_animo_Generose_puer_sic_itur_ad_astra
demographic	CTDC-PARTICIPANT-164613	CTDC-DEMOGRAPHIC-141562	996.82	Asian	Not Hispanic or Latino	Intersex	976.53	52.59	793.3	scientia_imperii_decus_et_tutamen	id_quod_plerumque_accidit	Grade school	39	pace_tua	a_bene_placito
demographic	CTDC-PARTICIPANT-297317	CTDC-DEMOGRAPHIC-381919	99.45	Unknown	Unknown	Intersex	147.33	399.71	112.53	nascentes_morimur_finisque_ab_origine_pendet	id_quod_plerumque_accidit	Master's degree	813	salus_in_arduis	imperium_in_imperio
demographic	CTDC-PARTICIPANT-694822	CTDC-DEMOGRAPHIC-747700	841.43	Native Hawaiian or other Pacific Islander	Not Hispanic or Latino	Intersex	938.49	935.35	772.45	Gallia_est_omnis_divisa_in_partes_tres	id_quod_plerumque_accidit	Bachelor's degree	855	scientia_et_sapientia	scientia_imperii_decus_et_tutamen
demographic	CTDC-PARTICIPANT-817795	CTDC-DEMOGRAPHIC-461424	819.03	Not Reported	Unknown	Unknown	136.55	631.25	749.17	labor_ipse_voluptas	a_bene_placito	Doctoral or professional degree	538	salus_in_arduis	pace_tua
demographic	CTDC-PARTICIPANT-907386	CTDC-DEMOGRAPHIC-676019	855.25	White	Unknown	Female	542.07	82.73	468.22	Obedientia_civium_urbis_felicitas	e_causa_ignota	Not high school graduate	823	nascentes_morimur_finisque_ab_origine_pendet	pace_tua
demographic	CTDC-PARTICIPANT-555289	CTDC-DEMOGRAPHIC-515811	513.93	White	Unknown	Intersex	357.23	845.71	804.22	e_causa_ignota	scientia_imperii_decus_et_tutamen	Not high school graduate	347	scientiae_cedit_mare	salus_in_arduis
demographic	CTDC-PARTICIPANT-849475	CTDC-DEMOGRAPHIC-423341	528.46	Asian	Unknown	Female	723.0	134.32	231.65	scientiae_et_patriae	faber_est_suae_quisque_fortunae	Doctoral or professional degree	217	scientiae_cedit_mare	damnant_quod_non_intellegunt
demographic	CTDC-PARTICIPANT-950504	CTDC-DEMOGRAPHIC-695410	162.78	Asian	Hispanic or Latino	Male	364.79	252.7	768.55	sapiens_qui_prospicit	O_Tite_tute_Tati_tibi_tanta_tyranne_tulisti	Doctoral or professional degree	409	pace_tua	salus_in_arduis
demographic	CTDC-PARTICIPANT-356630	CTDC-DEMOGRAPHIC-744030	41.94	White	Unknown	Male	398.29	627.16	344.3	labor_ipse_voluptas	saltus_in_demonstrando	Master's degree	142	barba_crescit_caput_nescit	scientiae_cedit_mare
demographic	CTDC-PARTICIPANT-997361	CTDC-DEMOGRAPHIC-691927	613.12	Black or African American	Hispanic or Latino	Male	83.29	296.43	272.79	cacatum_non_est_pictum	labor_ipse_voluptas	Grade school	163	id_quod_plerumque_accidit	pace_tua
demographic	CTDC-PARTICIPANT-904557	CTDC-DEMOGRAPHIC-166861	627.01	Unknown	Not Hispanic or Latino	Intersex	45.61	456.89	283.3	pace_tua	scientia,_aere_perennius	Not high school graduate	996	O_Tite_tute_Tati_tibi_tanta_tyranne_tulisti	barba_crescit_caput_nescit
demographic	CTDC-PARTICIPANT-442456	CTDC-DEMOGRAPHIC-582365	226.58	Native Hawaiian or other Pacific Islander	Not Hispanic or Latino	Male	952.38	385.94	208.35	salus_in_arduis	imperium_in_imperio	Doctoral or professional degree	151	barba_crescit_caput_nescit	labor_ipse_voluptas
demographic	CTDC-PARTICIPANT-350920	CTDC-DEMOGRAPHIC-733925	298.92	White	Hispanic or Latino	Female	190.75	177.22	889.04	cacatum_non_est_pictum	a_bene_placito	Not high school graduate	83	imperium_in_imperio	labor_ipse_voluptas
demographic	CTDC-PARTICIPANT-384798	CTDC-DEMOGRAPHIC-333501	662.3	Not Reported	Not reported	Intersex	233.58	293.41	713.57	haec_olim_meminisse_iuvabit	a_bene_placito	Grade school	363	sapiens_qui_prospicit	Gallia_est_omnis_divisa_in_partes_tres
demographic	CTDC-PARTICIPANT-241999	CTDC-DEMOGRAPHIC-123489	320.56	Unknown	Not Hispanic or Latino	Male	665.67	739.29	623.82	scientiae_cedit_mare	Gallia_est_omnis_divisa_in_partes_tres	Bachelor's degree	715	e_causa_ignota	scientia_et_labor
demographic	CTDC-PARTICIPANT-320397	CTDC-DEMOGRAPHIC-554908	703.0	Asian	Not reported	Intersex	237.56	746.77	246.3	barba_crescit_caput_nescit	scientia_imperii_decus_et_tutamen	Grade school	106	sapiens_qui_prospicit	scientia_et_labor
demographic	CTDC-PARTICIPANT-343299	CTDC-DEMOGRAPHIC-898204	143.37	Black or African American	Not Hispanic or Latino	Unknown	241.81	301.53	48.19	nascentes_morimur_finisque_ab_origine_pendet	O_Tite_tute_Tati_tibi_tanta_tyranne_tulisti	No formal education	715	haec_olim_meminisse_iuvabit	barba_crescit_caput_nescit
demographic	CTDC-PARTICIPANT-559279	CTDC-DEMOGRAPHIC-802063	333.88	American Indian or Alaska Native	Not Hispanic or Latino	Female	463.62	731.97	660.91	scientiae_et_patriae	faber_est_suae_quisque_fortunae	Bachelor's degree	508	Macte_animo_Generose_puer_sic_itur_ad_astra	imperium_in_imperio
demographic	CTDC-PARTICIPANT-588655	CTDC-DEMOGRAPHIC-149303	576.1	Not Reported	Unknown	Intersex	661.37	300.8	335.57	scientia_et_sapientia	scientia_et_labor	Master's degree	370	salus_in_arduis	scientia_imperii_decus_et_tutamen
demographic	CTDC-PARTICIPANT-941268	CTDC-DEMOGRAPHIC-614893	126.49	Not Reported	Not Hispanic or Latino	Male	268.49	46.88	484.42	Macte_animo_Generose_puer_sic_itur_ad_astra	saltus_in_demonstrando	High school graduate (including equivalency)	859	cacatum_non_est_pictum	nanos_gigantum_humeris_insidentes
demographic	CTDC-PARTICIPANT-114882	CTDC-DEMOGRAPHIC-270551	287.69	Native Hawaiian or other Pacific Islander	Unknown	Male	750.58	960.45	351.31	haec_olim_meminisse_iuvabit	Macte_animo_Generose_puer_sic_itur_ad_astra	Grade school	361	sapiens_qui_prospicit	sapiens_qui_prospicit
demographic	CTDC-PARTICIPANT-421806	CTDC-DEMOGRAPHIC-787739	651.05	Unknown	Not Hispanic or Latino	Male	441.48	410.82	544.07	scientiae_et_patriae	Gallia_est_omnis_divisa_in_partes_tres	Master's degree	901	scientia,_aere_perennius	scientia_et_labor
demographic	CTDC-PARTICIPANT-831231	CTDC-DEMOGRAPHIC-528909	502.24	American Indian or Alaska Native	Not reported	Unknown	515.5	878.12	874.48	Gallia_est_omnis_divisa_in_partes_tres	saltus_in_demonstrando	Some college or Associate degree	492	labor_ipse_voluptas	nanos_gigantum_humeris_insidentes
demographic	CTDC-PARTICIPANT-403816	CTDC-DEMOGRAPHIC-794301	327.78	Black or African American	Not reported	Male	811.6	236.45	931.1	scientiae_et_patriae	haec_olim_meminisse_iuvabit	Bachelor's degree	535	cacatum_non_est_pictum	nanos_gigantum_humeris_insidentes
demographic	CTDC-PARTICIPANT-662249	CTDC-DEMOGRAPHIC-952843	17.74	American Indian or Alaska Native	Unknown	Female	189.87	641.73	653.34	faber_est_suae_quisque_fortunae	cacatum_non_est_pictum	Some college or Associate degree	495	Obedientia_civium_urbis_felicitas	cacatum_non_est_pictum
demographic	CTDC-PARTICIPANT-633930	CTDC-DEMOGRAPHIC-402086	24.61	Native Hawaiian or other Pacific Islander	Unknown	Intersex	688.22	617.56	265.09	a_bene_placito	id_quod_plerumque_accidit	High school graduate (including equivalency)	222	barba_crescit_caput_nescit	e_causa_ignota
demographic	CTDC-PARTICIPANT-100511	CTDC-DEMOGRAPHIC-477314	899.5	Native Hawaiian or other Pacific Islander	Not reported	Unknown	69.47	134.33	289.35	pace_tua	nanos_gigantum_humeris_insidentes	Declined to answer	747	nanos_gigantum_humeris_insidentes	e_causa_ignota
demographic	CTDC-PARTICIPANT-242408	CTDC-DEMOGRAPHIC-817143	469.56	Asian	Hispanic or Latino	Intersex	827.18	679.0	70.61	imperium_in_imperio	damnant_quod_non_intellegunt	Grade school	539	labor_ipse_voluptas	id_quod_plerumque_accidit
demographic	CTDC-PARTICIPANT-431828	CTDC-DEMOGRAPHIC-526158	129.11	Black or African American	Not Hispanic or Latino	Unknown	284.69	701.21	858.57	scientiae_et_patriae	Gallia_est_omnis_divisa_in_partes_tres	Some college or Associate degree	468	pace_tua	faber_est_suae_quisque_fortunae
demographic	CTDC-PARTICIPANT-758307	CTDC-DEMOGRAPHIC-845604	807.4	Black or African American	Hispanic or Latino	Male	285.83	649.08	242.95	Obedientia_civium_urbis_felicitas	nascentes_morimur_finisque_ab_origine_pendet	Not high school graduate	145	faber_est_suae_quisque_fortunae	barba_crescit_caput_nescit
demographic	CTDC-PARTICIPANT-968512	CTDC-DEMOGRAPHIC-545842	805.47	Unknown	Unknown	Intersex	282.66	468.96	483.34	scientia,_aere_perennius	id_quod_plerumque_accidit	High school graduate (including equivalency)	273	labor_ipse_voluptas	pace_tua
demographic	CTDC-PARTICIPANT-642052	CTDC-DEMOGRAPHIC-840764	434.67	Not Reported	Hispanic or Latino	Unknown	552.87	795.47	500.67	Obedientia_civium_urbis_felicitas	faber_est_suae_quisque_fortunae	High school graduate (including equivalency)	411	pace_tua	haec_olim_meminisse_iuvabit
demographic	CTDC-PARTICIPANT-979933	CTDC-DEMOGRAPHIC-802401	687.13	Asian	Hispanic or Latino	Male	189.26	970.27	445.56	a_bene_placito	Macte_animo_Generose_puer_sic_itur_ad_astra	No formal education	561	scientia_et_sapientia	saltus_in_demonstrando
