type	participant.participant_id	demographic_record_id	age_at_enrollment	race	ethnicity	sex	height	weight	body_surface_area	occupation	income	highest_level_of_education	ncbi_taxonomy_id	ncbi_taxonomy_name	crdc_id
demographic	CTDC-PARTICIPANT-255086	CTDC-DEMOGRAPHIC-937967	49.82	American Indian or Alaska Native	Not reported	Unknown	766.97	621.5	100.87	nascentes_morimur_finisque_ab_origine_pendet	pace_tua	Master's degree	704	faber_est_suae_quisque_fortunae	Obedientia_civium_urbis_felicitas
demographic	CTDC-PARTICIPANT-214681	CTDC-DEMOGRAPHIC-590528	888.1	White	Unknown	Female	872.92	593.51	509.69	a_bene_placito	scientiae_et_patriae	Some college or Associate degree	538	a_bene_placito	nascentes_morimur_finisque_ab_origine_pendet
demographic	CTDC-PARTICIPANT-660575	CTDC-DEMOGRAPHIC-893389	853.41	Black or African American	Not reported	Intersex	255.64	514.16	342.61	haec_olim_meminisse_iuvabit	scientia,_aere_perennius	Declined to answer	199	pace_tua	Gallia_est_omnis_divisa_in_partes_tres
demographic	CTDC-PARTICIPANT-518364	CTDC-DEMOGRAPHIC-526136	945.21	Asian	Not reported	Male	732.62	607.9	695.58	pace_tua	salus_in_arduis	Grade school	565	cacatum_non_est_pictum	scientiae_et_patriae
demographic	CTDC-PARTICIPANT-701612	CTDC-DEMOGRAPHIC-560403	20.35	Asian	Hispanic or Latino	Intersex	811.39	637.14	348.54	scientiae_et_patriae	saltus_in_demonstrando	No formal education	280	imperium_in_imperio	e_causa_ignota
demographic	CTDC-PARTICIPANT-637495	CTDC-DEMOGRAPHIC-291819	602.75	Unknown	Not reported	Male	192.55	366.49	611.37	O_Tite_tute_Tati_tibi_tanta_tyranne_tulisti	Obedientia_civium_urbis_felicitas	Not high school graduate	398	nascentes_morimur_finisque_ab_origine_pendet	imperium_in_imperio
demographic	CTDC-PARTICIPANT-390274	CTDC-DEMOGRAPHIC-970549	41.9	Asian	Hispanic or Latino	Female	354.64	243.06	734.75	e_causa_ignota	faber_est_suae_quisque_fortunae	Not high school graduate	371	O_Tite_tute_Tati_tibi_tanta_tyranne_tulisti	saltus_in_demonstrando
demographic	CTDC-PARTICIPANT-605060	CTDC-DEMOGRAPHIC-829349	758.69	Asian	Not Hispanic or Latino	Female	108.77	202.96	850.77	barba_crescit_caput_nescit	damnant_quod_non_intellegunt	Not high school graduate	880	scientiae_et_patriae	damnant_quod_non_intellegunt
demographic	CTDC-PARTICIPANT-955678	CTDC-DEMOGRAPHIC-608647	935.68	White	Not Hispanic or Latino	Male	135.11	87.49	196.49	cacatum_non_est_pictum	faber_est_suae_quisque_fortunae	Not high school graduate	759	barba_crescit_caput_nescit	Gallia_est_omnis_divisa_in_partes_tres
demographic	CTDC-PARTICIPANT-787508	CTDC-DEMOGRAPHIC-892261	802.78	Black or African American	Not Hispanic or Latino	Intersex	677.99	332.28	552.66	sapiens_qui_prospicit	e_causa_ignota	Doctoral or professional degree	709	haec_olim_meminisse_iuvabit	Macte_animo_Generose_puer_sic_itur_ad_astra
demographic	CTDC-PARTICIPANT-796466	CTDC-DEMOGRAPHIC-926488	492.07	American Indian or Alaska Native	Hispanic or Latino	Female	754.74	200.55	594.11	cacatum_non_est_pictum	O_Tite_tute_Tati_tibi_tanta_tyranne_tulisti	Not high school graduate	511	salus_in_arduis	salus_in_arduis
demographic	CTDC-PARTICIPANT-249606	CTDC-DEMOGRAPHIC-452693	25.81	Asian	Not Hispanic or Latino	Male	571.94	611.47	422.34	scientiae_et_patriae	labor_ipse_voluptas	Declined to answer	22	sapiens_qui_prospicit	id_quod_plerumque_accidit
demographic	CTDC-PARTICIPANT-829468	CTDC-DEMOGRAPHIC-405807	485.17	White	Not Hispanic or Latino	Male	589.73	258.14	787.07	damnant_quod_non_intellegunt	e_causa_ignota	Doctoral or professional degree	483	id_quod_plerumque_accidit	Gallia_est_omnis_divisa_in_partes_tres
demographic	CTDC-PARTICIPANT-797911	CTDC-DEMOGRAPHIC-247395	613.18	White	Not reported	Male	889.02	510.41	465.26	e_causa_ignota	faber_est_suae_quisque_fortunae	Not high school graduate	881	imperium_in_imperio	sapiens_qui_prospicit
demographic	CTDC-PARTICIPANT-928561	CTDC-DEMOGRAPHIC-908925	613.83	White	Hispanic or Latino	Unknown	886.82	209.05	336.19	Macte_animo_Generose_puer_sic_itur_ad_astra	a_bene_placito	Declined to answer	474	faber_est_suae_quisque_fortunae	pace_tua
demographic	CTDC-PARTICIPANT-954478	CTDC-DEMOGRAPHIC-164708	103.93	Asian	Not Hispanic or Latino	Female	612.67	853.02	127.55	e_causa_ignota	damnant_quod_non_intellegunt	No formal education	868	scientia_et_labor	a_bene_placito
demographic	CTDC-PARTICIPANT-386570	CTDC-DEMOGRAPHIC-291454	204.51	Native Hawaiian or other Pacific Islander	Hispanic or Latino	Male	299.15	541.09	959.83	faber_est_suae_quisque_fortunae	saltus_in_demonstrando	High school graduate (including equivalency)	693	cacatum_non_est_pictum	nascentes_morimur_finisque_ab_origine_pendet
demographic	CTDC-PARTICIPANT-761014	CTDC-DEMOGRAPHIC-731486	658.6	White	Not reported	Male	186.57	948.33	789.08	faber_est_suae_quisque_fortunae	sapiens_qui_prospicit	No formal education	613	Macte_animo_Generose_puer_sic_itur_ad_astra	sapiens_qui_prospicit
demographic	CTDC-PARTICIPANT-627536	CTDC-DEMOGRAPHIC-315993	956.12	American Indian or Alaska Native	Not Hispanic or Latino	Male	619.24	634.18	264.26	salus_in_arduis	Gallia_est_omnis_divisa_in_partes_tres	High school graduate (including equivalency)	129	Obedientia_civium_urbis_felicitas	pace_tua
demographic	CTDC-PARTICIPANT-282263	CTDC-DEMOGRAPHIC-607182	856.28	White	Hispanic or Latino	Intersex	113.99	479.23	84.06	cacatum_non_est_pictum	scientia_et_sapientia	No formal education	98	scientia_et_sapientia	cacatum_non_est_pictum
demographic	CTDC-PARTICIPANT-688099	CTDC-DEMOGRAPHIC-643029	448.56	Black or African American	Hispanic or Latino	Female	635.09	557.32	186.59	Gallia_est_omnis_divisa_in_partes_tres	damnant_quod_non_intellegunt	Bachelor's degree	484	damnant_quod_non_intellegunt	scientiae_et_patriae
demographic	CTDC-PARTICIPANT-939913	CTDC-DEMOGRAPHIC-728607	863.34	Not Reported	Not Hispanic or Latino	Female	743.51	634.35	800.19	salus_in_arduis	scientia_et_sapientia	Some college or Associate degree	802	labor_ipse_voluptas	Macte_animo_Generose_puer_sic_itur_ad_astra
demographic	CTDC-PARTICIPANT-539346	CTDC-DEMOGRAPHIC-696741	782.17	Not Reported	Unknown	Female	448.03	608.73	60.93	scientia_imperii_decus_et_tutamen	haec_olim_meminisse_iuvabit	Doctoral or professional degree	512	scientiae_et_patriae	scientia_imperii_decus_et_tutamen
demographic	CTDC-PARTICIPANT-246150	CTDC-DEMOGRAPHIC-965539	128.44	Black or African American	Not Hispanic or Latino	Intersex	869.72	900.65	646.08	haec_olim_meminisse_iuvabit	scientiae_cedit_mare	High school graduate (including equivalency)	652	e_causa_ignota	scientia_et_labor
demographic	CTDC-PARTICIPANT-570246	CTDC-DEMOGRAPHIC-610693	38.77	Native Hawaiian or other Pacific Islander	Hispanic or Latino	Female	929.61	302.94	87.68	nascentes_morimur_finisque_ab_origine_pendet	scientiae_cedit_mare	No formal education	171	pace_tua	id_quod_plerumque_accidit
demographic	CTDC-PARTICIPANT-291591	CTDC-DEMOGRAPHIC-886029	746.65	Black or African American	Not reported	Female	335.33	479.08	581.69	salus_in_arduis	scientia_et_sapientia	Grade school	551	sapiens_qui_prospicit	O_Tite_tute_Tati_tibi_tanta_tyranne_tulisti
demographic	CTDC-PARTICIPANT-940083	CTDC-DEMOGRAPHIC-712318	18.72	Native Hawaiian or other Pacific Islander	Not reported	Male	156.26	879.16	900.88	scientia,_aere_perennius	e_causa_ignota	Doctoral or professional degree	451	id_quod_plerumque_accidit	scientia,_aere_perennius
demographic	CTDC-PARTICIPANT-626731	CTDC-DEMOGRAPHIC-759576	503.5	Black or African American	Not reported	Intersex	547.34	888.49	59.63	labor_ipse_voluptas	scientia_et_labor	No formal education	820	nascentes_morimur_finisque_ab_origine_pendet	scientia_imperii_decus_et_tutamen
demographic	CTDC-PARTICIPANT-652301	CTDC-DEMOGRAPHIC-475768	343.09	Native Hawaiian or other Pacific Islander	Not reported	Unknown	37.83	257.0	114.35	scientiae_cedit_mare	haec_olim_meminisse_iuvabit	Master's degree	694	scientiae_et_patriae	scientia,_aere_perennius
demographic	CTDC-PARTICIPANT-491260	CTDC-DEMOGRAPHIC-704857	586.77	American Indian or Alaska Native	Not reported	Male	154.48	650.28	557.83	barba_crescit_caput_nescit	haec_olim_meminisse_iuvabit	Declined to answer	376	O_Tite_tute_Tati_tibi_tanta_tyranne_tulisti	Obedientia_civium_urbis_felicitas
demographic	CTDC-PARTICIPANT-761432	CTDC-DEMOGRAPHIC-698749	787.97	Unknown	Not Hispanic or Latino	Male	94.14	571.16	317.87	scientia,_aere_perennius	scientiae_cedit_mare	Doctoral or professional degree	889	id_quod_plerumque_accidit	scientiae_cedit_mare
demographic	CTDC-PARTICIPANT-352043	CTDC-DEMOGRAPHIC-378205	289.1	American Indian or Alaska Native	Not reported	Unknown	835.61	39.62	885.94	pace_tua	a_bene_placito	Master's degree	105	barba_crescit_caput_nescit	salus_in_arduis
demographic	CTDC-PARTICIPANT-828608	CTDC-DEMOGRAPHIC-213822	565.28	American Indian or Alaska Native	Not reported	Female	912.73	136.78	45.81	cacatum_non_est_pictum	damnant_quod_non_intellegunt	Master's degree	777	scientia_imperii_decus_et_tutamen	salus_in_arduis
demographic	CTDC-PARTICIPANT-232321	CTDC-DEMOGRAPHIC-281037	739.26	White	Unknown	Intersex	761.15	865.49	916.27	scientiae_et_patriae	Macte_animo_Generose_puer_sic_itur_ad_astra	High school graduate (including equivalency)	993	nascentes_morimur_finisque_ab_origine_pendet	sapiens_qui_prospicit
demographic	CTDC-PARTICIPANT-733066	CTDC-DEMOGRAPHIC-464192	338.28	Black or African American	Not reported	Unknown	559.62	413.63	62.1	saltus_in_demonstrando	faber_est_suae_quisque_fortunae	No formal education	534	Macte_animo_Generose_puer_sic_itur_ad_astra	scientia,_aere_perennius
demographic	CTDC-PARTICIPANT-428219	CTDC-DEMOGRAPHIC-746165	12.89	White	Not reported	Female	648.95	548.78	751.35	nanos_gigantum_humeris_insidentes	Gallia_est_omnis_divisa_in_partes_tres	Some college or Associate degree	750	scientiae_et_patriae	e_causa_ignota
demographic	CTDC-PARTICIPANT-215053	CTDC-DEMOGRAPHIC-675127	369.22	Asian	Hispanic or Latino	Unknown	627.09	894.19	889.24	faber_est_suae_quisque_fortunae	scientia_imperii_decus_et_tutamen	No formal education	518	scientiae_cedit_mare	barba_crescit_caput_nescit
demographic	CTDC-PARTICIPANT-946005	CTDC-DEMOGRAPHIC-482842	580.16	Unknown	Unknown	Female	37.65	454.65	876.13	Macte_animo_Generose_puer_sic_itur_ad_astra	scientia_et_labor	Grade school	200	salus_in_arduis	scientia_et_sapientia
demographic	CTDC-PARTICIPANT-174366	CTDC-DEMOGRAPHIC-287681	323.68	American Indian or Alaska Native	Not reported	Male	254.34	755.64	690.28	scientia_et_labor	cacatum_non_est_pictum	Doctoral or professional degree	823	a_bene_placito	saltus_in_demonstrando
demographic	CTDC-PARTICIPANT-856892	CTDC-DEMOGRAPHIC-468314	882.66	Black or African American	Not reported	Unknown	906.68	218.96	67.4	pace_tua	a_bene_placito	Doctoral or professional degree	78	damnant_quod_non_intellegunt	saltus_in_demonstrando
demographic	CTDC-PARTICIPANT-922991	CTDC-DEMOGRAPHIC-814524	653.5	Native Hawaiian or other Pacific Islander	Not reported	Male	14.09	607.66	538.77	scientia_et_sapientia	O_Tite_tute_Tati_tibi_tanta_tyranne_tulisti	Master's degree	99	sapiens_qui_prospicit	pace_tua
demographic	CTDC-PARTICIPANT-291581	CTDC-DEMOGRAPHIC-286639	516.15	Unknown	Unknown	Female	88.3	570.77	473.8	haec_olim_meminisse_iuvabit	pace_tua	Declined to answer	314	scientia,_aere_perennius	cacatum_non_est_pictum
demographic	CTDC-PARTICIPANT-474449	CTDC-DEMOGRAPHIC-753144	384.54	American Indian or Alaska Native	Unknown	Female	327.23	179.58	39.24	scientia,_aere_perennius	scientia_et_sapientia	Bachelor's degree	943	scientia_et_labor	O_Tite_tute_Tati_tibi_tanta_tyranne_tulisti
demographic	CTDC-PARTICIPANT-500277	CTDC-DEMOGRAPHIC-463777	684.13	American Indian or Alaska Native	Unknown	Male	340.54	101.28	737.61	sapiens_qui_prospicit	haec_olim_meminisse_iuvabit	Grade school	10	cacatum_non_est_pictum	imperium_in_imperio
demographic	CTDC-PARTICIPANT-237989	CTDC-DEMOGRAPHIC-163860	494.01	White	Not Hispanic or Latino	Intersex	91.12	226.83	11.91	labor_ipse_voluptas	damnant_quod_non_intellegunt	High school graduate (including equivalency)	648	Gallia_est_omnis_divisa_in_partes_tres	damnant_quod_non_intellegunt
demographic	CTDC-PARTICIPANT-409930	CTDC-DEMOGRAPHIC-568925	609.32	Unknown	Hispanic or Latino	Female	630.11	602.79	881.69	labor_ipse_voluptas	imperium_in_imperio	Doctoral or professional degree	555	barba_crescit_caput_nescit	pace_tua
demographic	CTDC-PARTICIPANT-588323	CTDC-DEMOGRAPHIC-949556	854.95	Black or African American	Not Hispanic or Latino	Unknown	606.98	975.85	372.41	imperium_in_imperio	scientia_et_sapientia	Some college or Associate degree	916	sapiens_qui_prospicit	damnant_quod_non_intellegunt
demographic	CTDC-PARTICIPANT-550436	CTDC-DEMOGRAPHIC-949684	122.13	American Indian or Alaska Native	Unknown	Male	625.31	357.48	568.75	Macte_animo_Generose_puer_sic_itur_ad_astra	damnant_quod_non_intellegunt	Some college or Associate degree	296	scientia_et_labor	pace_tua
demographic	CTDC-PARTICIPANT-705441	CTDC-DEMOGRAPHIC-113006	510.07	Native Hawaiian or other Pacific Islander	Not reported	Unknown	688.71	925.35	130.1	saltus_in_demonstrando	scientia_et_labor	Some college or Associate degree	89	scientia_imperii_decus_et_tutamen	scientiae_cedit_mare
demographic	CTDC-PARTICIPANT-375800	CTDC-DEMOGRAPHIC-104365	85.55	Black or African American	Not reported	Female	853.78	183.65	799.07	scientia_et_sapientia	id_quod_plerumque_accidit	Declined to answer	320	Obedientia_civium_urbis_felicitas	pace_tua
demographic	CTDC-PARTICIPANT-819268	CTDC-DEMOGRAPHIC-935284	284.8	Asian	Unknown	Intersex	391.04	567.26	378.55	Macte_animo_Generose_puer_sic_itur_ad_astra	damnant_quod_non_intellegunt	Bachelor's degree	35	pace_tua	salus_in_arduis
demographic	CTDC-PARTICIPANT-101752	CTDC-DEMOGRAPHIC-220085	548.19	Asian	Not reported	Intersex	125.82	824.95	633.02	imperium_in_imperio	Gallia_est_omnis_divisa_in_partes_tres	Bachelor's degree	282	saltus_in_demonstrando	barba_crescit_caput_nescit
demographic	CTDC-PARTICIPANT-307586	CTDC-DEMOGRAPHIC-738779	70.75	Not Reported	Unknown	Unknown	114.27	879.25	513.89	sapiens_qui_prospicit	sapiens_qui_prospicit	Doctoral or professional degree	648	imperium_in_imperio	damnant_quod_non_intellegunt
demographic	CTDC-PARTICIPANT-363672	CTDC-DEMOGRAPHIC-353283	379.24	Asian	Unknown	Intersex	270.58	354.7	330.89	faber_est_suae_quisque_fortunae	labor_ipse_voluptas	Not high school graduate	874	faber_est_suae_quisque_fortunae	faber_est_suae_quisque_fortunae
demographic	CTDC-PARTICIPANT-390538	CTDC-DEMOGRAPHIC-916989	45.92	Not Reported	Not reported	Female	312.04	772.11	415.37	imperium_in_imperio	labor_ipse_voluptas	Grade school	643	nascentes_morimur_finisque_ab_origine_pendet	saltus_in_demonstrando
demographic	CTDC-PARTICIPANT-656708	CTDC-DEMOGRAPHIC-401922	408.32	Native Hawaiian or other Pacific Islander	Unknown	Female	972.59	440.02	642.12	pace_tua	Macte_animo_Generose_puer_sic_itur_ad_astra	No formal education	634	scientia_et_labor	damnant_quod_non_intellegunt
demographic	CTDC-PARTICIPANT-208873	CTDC-DEMOGRAPHIC-772987	312.53	Black or African American	Unknown	Intersex	873.77	554.76	601.4	scientiae_cedit_mare	scientia_et_sapientia	Not high school graduate	723	scientiae_cedit_mare	scientiae_et_patriae
demographic	CTDC-PARTICIPANT-785303	CTDC-DEMOGRAPHIC-294234	602.65	Not Reported	Not Hispanic or Latino	Female	193.32	311.37	318.73	e_causa_ignota	a_bene_placito	Master's degree	973	O_Tite_tute_Tati_tibi_tanta_tyranne_tulisti	scientia,_aere_perennius
demographic	CTDC-PARTICIPANT-644061	CTDC-DEMOGRAPHIC-849583	628.13	Not Reported	Hispanic or Latino	Female	306.93	608.25	125.64	a_bene_placito	barba_crescit_caput_nescit	Master's degree	262	Obedientia_civium_urbis_felicitas	nanos_gigantum_humeris_insidentes
demographic	CTDC-PARTICIPANT-784125	CTDC-DEMOGRAPHIC-710228	922.95	Not Reported	Unknown	Unknown	369.07	94.41	985.95	haec_olim_meminisse_iuvabit	saltus_in_demonstrando	Grade school	235	cacatum_non_est_pictum	barba_crescit_caput_nescit
demographic	CTDC-PARTICIPANT-258433	CTDC-DEMOGRAPHIC-207175	820.78	American Indian or Alaska Native	Hispanic or Latino	Unknown	280.2	359.11	425.38	a_bene_placito	nanos_gigantum_humeris_insidentes	Declined to answer	140	Gallia_est_omnis_divisa_in_partes_tres	Macte_animo_Generose_puer_sic_itur_ad_astra
demographic	CTDC-PARTICIPANT-336498	CTDC-DEMOGRAPHIC-608537	231.01	Native Hawaiian or other Pacific Islander	Not Hispanic or Latino	Unknown	750.62	441.56	845.41	faber_est_suae_quisque_fortunae	haec_olim_meminisse_iuvabit	Doctoral or professional degree	377	saltus_in_demonstrando	Gallia_est_omnis_divisa_in_partes_tres
demographic	CTDC-PARTICIPANT-599467	CTDC-DEMOGRAPHIC-185299	671.62	American Indian or Alaska Native	Not reported	Female	498.17	892.39	414.57	imperium_in_imperio	a_bene_placito	Some college or Associate degree	629	damnant_quod_non_intellegunt	saltus_in_demonstrando
demographic	CTDC-PARTICIPANT-813230	CTDC-DEMOGRAPHIC-714180	53.62	Unknown	Unknown	Male	211.4	628.69	917.66	O_Tite_tute_Tati_tibi_tanta_tyranne_tulisti	Gallia_est_omnis_divisa_in_partes_tres	Some college or Associate degree	935	saltus_in_demonstrando	barba_crescit_caput_nescit
demographic	CTDC-PARTICIPANT-251190	CTDC-DEMOGRAPHIC-350307	833.39	Black or African American	Not Hispanic or Latino	Intersex	813.44	271.15	683.5	pace_tua	Macte_animo_Generose_puer_sic_itur_ad_astra	Declined to answer	955	labor_ipse_voluptas	sapiens_qui_prospicit
demographic	CTDC-PARTICIPANT-652732	CTDC-DEMOGRAPHIC-796591	29.44	Black or African American	Not Hispanic or Latino	Unknown	890.5	414.14	395.24	nascentes_morimur_finisque_ab_origine_pendet	scientiae_et_patriae	Declined to answer	861	scientia_et_labor	scientiae_et_patriae
demographic	CTDC-PARTICIPANT-714466	CTDC-DEMOGRAPHIC-936919	395.12	American Indian or Alaska Native	Unknown	Intersex	542.53	172.6	188.78	scientia_et_sapientia	scientia_et_sapientia	Bachelor's degree	69	damnant_quod_non_intellegunt	salus_in_arduis
demographic	CTDC-PARTICIPANT-854460	CTDC-DEMOGRAPHIC-165159	317.92	Unknown	Hispanic or Latino	Unknown	512.81	759.81	199.78	Gallia_est_omnis_divisa_in_partes_tres	cacatum_non_est_pictum	Doctoral or professional degree	633	labor_ipse_voluptas	faber_est_suae_quisque_fortunae
demographic	CTDC-PARTICIPANT-635713	CTDC-DEMOGRAPHIC-523977	92.83	Black or African American	Not reported	Female	660.68	681.39	501.29	e_causa_ignota	scientia_imperii_decus_et_tutamen	Declined to answer	513	faber_est_suae_quisque_fortunae	scientiae_et_patriae
demographic	CTDC-PARTICIPANT-272872	CTDC-DEMOGRAPHIC-916320	537.38	Unknown	Hispanic or Latino	Unknown	509.24	511.29	840.17	labor_ipse_voluptas	nanos_gigantum_humeris_insidentes	Not high school graduate	871	nascentes_morimur_finisque_ab_origine_pendet	cacatum_non_est_pictum
demographic	CTDC-PARTICIPANT-696945	CTDC-DEMOGRAPHIC-372853	584.23	Native Hawaiian or other Pacific Islander	Unknown	Male	616.1	349.29	598.13	Macte_animo_Generose_puer_sic_itur_ad_astra	Gallia_est_omnis_divisa_in_partes_tres	Bachelor's degree	308	salus_in_arduis	scientiae_cedit_mare
demographic	CTDC-PARTICIPANT-288721	CTDC-DEMOGRAPHIC-764810	948.74	Unknown	Hispanic or Latino	Unknown	876.05	797.7	307.62	Macte_animo_Generose_puer_sic_itur_ad_astra	salus_in_arduis	Bachelor's degree	280	damnant_quod_non_intellegunt	nascentes_morimur_finisque_ab_origine_pendet
demographic	CTDC-PARTICIPANT-729998	CTDC-DEMOGRAPHIC-260947	238.46	Not Reported	Unknown	Intersex	663.07	748.5	657.11	nanos_gigantum_humeris_insidentes	sapiens_qui_prospicit	Grade school	890	Obedientia_civium_urbis_felicitas	scientia,_aere_perennius
demographic	CTDC-PARTICIPANT-375728	CTDC-DEMOGRAPHIC-548694	180.89	Not Reported	Not Hispanic or Latino	Unknown	142.7	301.04	100.19	haec_olim_meminisse_iuvabit	a_bene_placito	Bachelor's degree	273	salus_in_arduis	saltus_in_demonstrando
demographic	CTDC-PARTICIPANT-887616	CTDC-DEMOGRAPHIC-349051	692.85	Not Reported	Unknown	Unknown	229.38	350.47	473.13	labor_ipse_voluptas	nascentes_morimur_finisque_ab_origine_pendet	Not high school graduate	691	a_bene_placito	O_Tite_tute_Tati_tibi_tanta_tyranne_tulisti
demographic	CTDC-PARTICIPANT-279150	CTDC-DEMOGRAPHIC-882686	424.54	Native Hawaiian or other Pacific Islander	Unknown	Intersex	111.07	953.06	734.93	imperium_in_imperio	haec_olim_meminisse_iuvabit	Doctoral or professional degree	84	barba_crescit_caput_nescit	scientia,_aere_perennius
demographic	CTDC-PARTICIPANT-392542	CTDC-DEMOGRAPHIC-951066	424.18	White	Not Hispanic or Latino	Unknown	953.77	400.96	207.6	scientia_imperii_decus_et_tutamen	pace_tua	Not high school graduate	33	scientia_imperii_decus_et_tutamen	pace_tua
demographic	CTDC-PARTICIPANT-633499	CTDC-DEMOGRAPHIC-928242	214.79	Black or African American	Not Hispanic or Latino	Male	75.12	992.76	376.11	haec_olim_meminisse_iuvabit	scientiae_cedit_mare	Declined to answer	316	scientia_et_labor	sapiens_qui_prospicit
demographic	CTDC-PARTICIPANT-622867	CTDC-DEMOGRAPHIC-801808	229.67	Black or African American	Not Hispanic or Latino	Female	108.87	465.45	988.71	nascentes_morimur_finisque_ab_origine_pendet	Obedientia_civium_urbis_felicitas	No formal education	516	a_bene_placito	barba_crescit_caput_nescit
demographic	CTDC-PARTICIPANT-547611	CTDC-DEMOGRAPHIC-842681	295.41	Unknown	Not Hispanic or Latino	Unknown	839.78	388.37	556.82	sapiens_qui_prospicit	scientia,_aere_perennius	Declined to answer	530	e_causa_ignota	a_bene_placito
demographic	CTDC-PARTICIPANT-227215	CTDC-DEMOGRAPHIC-304397	239.55	Asian	Unknown	Intersex	808.61	240.59	20.37	id_quod_plerumque_accidit	scientia_imperii_decus_et_tutamen	Master's degree	265	id_quod_plerumque_accidit	cacatum_non_est_pictum
demographic	CTDC-PARTICIPANT-667712	CTDC-DEMOGRAPHIC-503735	607.02	Native Hawaiian or other Pacific Islander	Not reported	Unknown	977.9	36.73	315.56	Macte_animo_Generose_puer_sic_itur_ad_astra	damnant_quod_non_intellegunt	Declined to answer	58	salus_in_arduis	nascentes_morimur_finisque_ab_origine_pendet
demographic	CTDC-PARTICIPANT-264931	CTDC-DEMOGRAPHIC-404592	423.39	Asian	Not Hispanic or Latino	Female	587.42	374.29	643.45	id_quod_plerumque_accidit	scientiae_cedit_mare	Bachelor's degree	958	sapiens_qui_prospicit	Gallia_est_omnis_divisa_in_partes_tres
demographic	CTDC-PARTICIPANT-966089	CTDC-DEMOGRAPHIC-346171	937.47	White	Not reported	Unknown	471.15	529.04	920.44	O_Tite_tute_Tati_tibi_tanta_tyranne_tulisti	cacatum_non_est_pictum	Master's degree	607	scientiae_cedit_mare	faber_est_suae_quisque_fortunae
demographic	CTDC-PARTICIPANT-762150	CTDC-DEMOGRAPHIC-803463	87.78	Black or African American	Hispanic or Latino	Intersex	797.8	885.92	348.46	a_bene_placito	faber_est_suae_quisque_fortunae	No formal education	897	haec_olim_meminisse_iuvabit	nascentes_morimur_finisque_ab_origine_pendet
demographic	CTDC-PARTICIPANT-727080	CTDC-DEMOGRAPHIC-623140	108.73	Black or African American	Hispanic or Latino	Female	280.66	173.33	722.33	faber_est_suae_quisque_fortunae	a_bene_placito	Doctoral or professional degree	791	scientiae_cedit_mare	e_causa_ignota
demographic	CTDC-PARTICIPANT-763647	CTDC-DEMOGRAPHIC-550777	733.71	Native Hawaiian or other Pacific Islander	Hispanic or Latino	Female	629.09	294.81	866.74	e_causa_ignota	scientia_et_sapientia	Grade school	995	sapiens_qui_prospicit	Obedientia_civium_urbis_felicitas
demographic	CTDC-PARTICIPANT-754433	CTDC-DEMOGRAPHIC-900169	799.91	American Indian or Alaska Native	Not Hispanic or Latino	Female	184.35	844.81	361.25	O_Tite_tute_Tati_tibi_tanta_tyranne_tulisti	damnant_quod_non_intellegunt	High school graduate (including equivalency)	785	scientiae_cedit_mare	scientia_imperii_decus_et_tutamen
demographic	CTDC-PARTICIPANT-872138	CTDC-DEMOGRAPHIC-201479	977.44	Unknown	Not Hispanic or Latino	Intersex	169.18	551.66	676.06	id_quod_plerumque_accidit	saltus_in_demonstrando	Declined to answer	938	saltus_in_demonstrando	Obedientia_civium_urbis_felicitas
demographic	CTDC-PARTICIPANT-845125	CTDC-DEMOGRAPHIC-503587	351.57	Unknown	Not reported	Intersex	775.96	14.86	52.74	scientia_et_labor	scientia_et_sapientia	Some college or Associate degree	979	scientiae_et_patriae	faber_est_suae_quisque_fortunae
demographic	CTDC-PARTICIPANT-320493	CTDC-DEMOGRAPHIC-245630	206.8	Asian	Hispanic or Latino	Intersex	360.11	524.88	597.06	nanos_gigantum_humeris_insidentes	Gallia_est_omnis_divisa_in_partes_tres	Some college or Associate degree	141	scientiae_et_patriae	damnant_quod_non_intellegunt
demographic	CTDC-PARTICIPANT-122513	CTDC-DEMOGRAPHIC-667398	766.18	Not Reported	Not Hispanic or Latino	Female	623.66	889.44	419.35	Gallia_est_omnis_divisa_in_partes_tres	labor_ipse_voluptas	High school graduate (including equivalency)	528	scientia_et_labor	Macte_animo_Generose_puer_sic_itur_ad_astra
demographic	CTDC-PARTICIPANT-317837	CTDC-DEMOGRAPHIC-133348	506.52	Asian	Not reported	Intersex	816.78	219.68	171.85	nascentes_morimur_finisque_ab_origine_pendet	scientia_imperii_decus_et_tutamen	Master's degree	233	scientia_et_labor	damnant_quod_non_intellegunt
demographic	CTDC-PARTICIPANT-252535	CTDC-DEMOGRAPHIC-799730	178.67	Native Hawaiian or other Pacific Islander	Unknown	Intersex	585.58	38.99	754.1	id_quod_plerumque_accidit	scientia_imperii_decus_et_tutamen	Doctoral or professional degree	335	nanos_gigantum_humeris_insidentes	haec_olim_meminisse_iuvabit
demographic	CTDC-PARTICIPANT-546823	CTDC-DEMOGRAPHIC-207458	818.43	Not Reported	Not Hispanic or Latino	Male	566.68	996.43	175.37	nascentes_morimur_finisque_ab_origine_pendet	nascentes_morimur_finisque_ab_origine_pendet	Bachelor's degree	959	barba_crescit_caput_nescit	imperium_in_imperio
demographic	CTDC-PARTICIPANT-600574	CTDC-DEMOGRAPHIC-939340	246.94	Not Reported	Hispanic or Latino	Female	140.57	777.6	560.04	O_Tite_tute_Tati_tibi_tanta_tyranne_tulisti	Macte_animo_Generose_puer_sic_itur_ad_astra	Grade school	242	Obedientia_civium_urbis_felicitas	id_quod_plerumque_accidit
demographic	CTDC-PARTICIPANT-515350	CTDC-DEMOGRAPHIC-330482	584.41	White	Hispanic or Latino	Unknown	390.65	682.13	933.21	e_causa_ignota	scientia,_aere_perennius	Not high school graduate	604	faber_est_suae_quisque_fortunae	damnant_quod_non_intellegunt
demographic	CTDC-PARTICIPANT-896368	CTDC-DEMOGRAPHIC-125959	281.86	Asian	Hispanic or Latino	Male	836.51	370.83	531.45	barba_crescit_caput_nescit	imperium_in_imperio	Bachelor's degree	956	Gallia_est_omnis_divisa_in_partes_tres	faber_est_suae_quisque_fortunae
demographic	CTDC-PARTICIPANT-362194	CTDC-DEMOGRAPHIC-617125	131.28	Asian	Unknown	Male	662.68	175.39	526.09	labor_ipse_voluptas	faber_est_suae_quisque_fortunae	Grade school	59	damnant_quod_non_intellegunt	labor_ipse_voluptas
demographic	CTDC-PARTICIPANT-230105	CTDC-DEMOGRAPHIC-749285	227.37	Unknown	Not reported	Female	465.45	445.47	725.9	Obedientia_civium_urbis_felicitas	imperium_in_imperio	Not high school graduate	515	a_bene_placito	O_Tite_tute_Tati_tibi_tanta_tyranne_tulisti
demographic	CTDC-PARTICIPANT-153310	CTDC-DEMOGRAPHIC-320197	776.44	Native Hawaiian or other Pacific Islander	Unknown	Male	914.65	219.16	476.17	pace_tua	scientia_et_sapientia	Declined to answer	428	nanos_gigantum_humeris_insidentes	labor_ipse_voluptas
demographic	CTDC-PARTICIPANT-579483	CTDC-DEMOGRAPHIC-432501	819.01	Unknown	Unknown	Female	724.51	603.55	281.43	scientia_et_labor	a_bene_placito	Bachelor's degree	241	cacatum_non_est_pictum	nanos_gigantum_humeris_insidentes
demographic	CTDC-PARTICIPANT-967644	CTDC-DEMOGRAPHIC-376673	45.92	Unknown	Not Hispanic or Latino	Unknown	328.25	360.48	924.71	O_Tite_tute_Tati_tibi_tanta_tyranne_tulisti	pace_tua	Master's degree	130	damnant_quod_non_intellegunt	scientia_et_labor
demographic	CTDC-PARTICIPANT-779080	CTDC-DEMOGRAPHIC-897198	738.27	White	Not reported	Intersex	438.73	83.7	390.34	Macte_animo_Generose_puer_sic_itur_ad_astra	scientiae_et_patriae	Master's degree	195	Macte_animo_Generose_puer_sic_itur_ad_astra	nascentes_morimur_finisque_ab_origine_pendet
demographic	CTDC-PARTICIPANT-385675	CTDC-DEMOGRAPHIC-955217	327.7	Not Reported	Not reported	Intersex	519.82	56.19	106.66	haec_olim_meminisse_iuvabit	cacatum_non_est_pictum	Some college or Associate degree	658	saltus_in_demonstrando	Obedientia_civium_urbis_felicitas
demographic	CTDC-PARTICIPANT-618008	CTDC-DEMOGRAPHIC-369655	334.23	Native Hawaiian or other Pacific Islander	Not reported	Intersex	249.74	324.22	572.99	Macte_animo_Generose_puer_sic_itur_ad_astra	scientia_imperii_decus_et_tutamen	Some college or Associate degree	159	haec_olim_meminisse_iuvabit	e_causa_ignota
demographic	CTDC-PARTICIPANT-434022	CTDC-DEMOGRAPHIC-357742	235.26	American Indian or Alaska Native	Not reported	Male	970.98	68.6	661.89	barba_crescit_caput_nescit	imperium_in_imperio	High school graduate (including equivalency)	727	scientiae_et_patriae	sapiens_qui_prospicit
demographic	CTDC-PARTICIPANT-152891	CTDC-DEMOGRAPHIC-751261	528.52	White	Not reported	Intersex	178.47	13.41	835.78	nascentes_morimur_finisque_ab_origine_pendet	Macte_animo_Generose_puer_sic_itur_ad_astra	Doctoral or professional degree	146	scientiae_cedit_mare	salus_in_arduis
demographic	CTDC-PARTICIPANT-563856	CTDC-DEMOGRAPHIC-845144	837.05	American Indian or Alaska Native	Hispanic or Latino	Unknown	872.52	521.71	163.99	damnant_quod_non_intellegunt	Obedientia_civium_urbis_felicitas	Not high school graduate	56	pace_tua	nascentes_morimur_finisque_ab_origine_pendet
demographic	CTDC-PARTICIPANT-633383	CTDC-DEMOGRAPHIC-839057	815.24	Asian	Not reported	Unknown	826.07	124.4	22.9	sapiens_qui_prospicit	nanos_gigantum_humeris_insidentes	Bachelor's degree	725	Macte_animo_Generose_puer_sic_itur_ad_astra	scientia_imperii_decus_et_tutamen
demographic	CTDC-PARTICIPANT-361715	CTDC-DEMOGRAPHIC-744360	277.26	Asian	Not reported	Unknown	540.59	806.94	815.52	e_causa_ignota	haec_olim_meminisse_iuvabit	Doctoral or professional degree	688	barba_crescit_caput_nescit	nanos_gigantum_humeris_insidentes
demographic	CTDC-PARTICIPANT-413496	CTDC-DEMOGRAPHIC-936143	678.78	White	Not Hispanic or Latino	Unknown	307.71	857.17	453.4	id_quod_plerumque_accidit	haec_olim_meminisse_iuvabit	No formal education	619	pace_tua	scientiae_cedit_mare
demographic	CTDC-PARTICIPANT-313976	CTDC-DEMOGRAPHIC-798743	371.84	Unknown	Not Hispanic or Latino	Intersex	937.84	512.76	425.62	Macte_animo_Generose_puer_sic_itur_ad_astra	Macte_animo_Generose_puer_sic_itur_ad_astra	Bachelor's degree	993	nanos_gigantum_humeris_insidentes	nanos_gigantum_humeris_insidentes
demographic	CTDC-PARTICIPANT-181398	CTDC-DEMOGRAPHIC-441151	602.1	Black or African American	Not Hispanic or Latino	Female	38.37	270.62	58.74	barba_crescit_caput_nescit	salus_in_arduis	Grade school	600	pace_tua	faber_est_suae_quisque_fortunae
demographic	CTDC-PARTICIPANT-541713	CTDC-DEMOGRAPHIC-404599	308.1	Native Hawaiian or other Pacific Islander	Not reported	Male	217.82	926.22	152.44	haec_olim_meminisse_iuvabit	scientia,_aere_perennius	Not high school graduate	455	cacatum_non_est_pictum	damnant_quod_non_intellegunt
demographic	CTDC-PARTICIPANT-375128	CTDC-DEMOGRAPHIC-635360	496.21	Unknown	Not reported	Male	175.85	859.95	271.24	scientia_et_sapientia	Obedientia_civium_urbis_felicitas	Some college or Associate degree	685	nascentes_morimur_finisque_ab_origine_pendet	scientiae_cedit_mare
demographic	CTDC-PARTICIPANT-935764	CTDC-DEMOGRAPHIC-897782	874.84	Unknown	Not Hispanic or Latino	Male	701.56	427.31	615.92	labor_ipse_voluptas	e_causa_ignota	Declined to answer	669	scientiae_cedit_mare	saltus_in_demonstrando
demographic	CTDC-PARTICIPANT-642396	CTDC-DEMOGRAPHIC-244892	22.18	Not Reported	Unknown	Unknown	492.57	416.73	17.35	Obedientia_civium_urbis_felicitas	sapiens_qui_prospicit	Doctoral or professional degree	769	faber_est_suae_quisque_fortunae	barba_crescit_caput_nescit
demographic	CTDC-PARTICIPANT-965342	CTDC-DEMOGRAPHIC-926982	736.11	Asian	Not Hispanic or Latino	Intersex	128.84	489.51	149.67	salus_in_arduis	Obedientia_civium_urbis_felicitas	Doctoral or professional degree	337	imperium_in_imperio	pace_tua
demographic	CTDC-PARTICIPANT-515838	CTDC-DEMOGRAPHIC-437488	526.34	Native Hawaiian or other Pacific Islander	Not reported	Female	631.91	99.17	44.5	faber_est_suae_quisque_fortunae	scientiae_et_patriae	Doctoral or professional degree	855	faber_est_suae_quisque_fortunae	cacatum_non_est_pictum
demographic	CTDC-PARTICIPANT-246630	CTDC-DEMOGRAPHIC-539573	774.68	Not Reported	Not Hispanic or Latino	Intersex	872.22	403.21	632.06	salus_in_arduis	O_Tite_tute_Tati_tibi_tanta_tyranne_tulisti	Declined to answer	693	faber_est_suae_quisque_fortunae	scientia_et_labor
demographic	CTDC-PARTICIPANT-914906	CTDC-DEMOGRAPHIC-423334	422.97	White	Not reported	Female	813.33	550.76	475.88	scientia_imperii_decus_et_tutamen	faber_est_suae_quisque_fortunae	Grade school	330	e_causa_ignota	sapiens_qui_prospicit
demographic	CTDC-PARTICIPANT-996697	CTDC-DEMOGRAPHIC-195630	441.47	Asian	Hispanic or Latino	Male	725.47	825.38	477.06	scientia_et_labor	labor_ipse_voluptas	Grade school	836	Obedientia_civium_urbis_felicitas	Obedientia_civium_urbis_felicitas
demographic	CTDC-PARTICIPANT-990858	CTDC-DEMOGRAPHIC-894840	177.16	Not Reported	Not reported	Male	303.51	823.72	792.98	saltus_in_demonstrando	imperium_in_imperio	No formal education	418	pace_tua	scientiae_et_patriae
demographic	CTDC-PARTICIPANT-311756	CTDC-DEMOGRAPHIC-533166	641.41	American Indian or Alaska Native	Not reported	Male	425.62	108.83	891.73	barba_crescit_caput_nescit	O_Tite_tute_Tati_tibi_tanta_tyranne_tulisti	No formal education	663	a_bene_placito	damnant_quod_non_intellegunt
demographic	CTDC-PARTICIPANT-998159	CTDC-DEMOGRAPHIC-568370	511.16	White	Not Hispanic or Latino	Unknown	495.25	834.05	936.36	scientiae_cedit_mare	O_Tite_tute_Tati_tibi_tanta_tyranne_tulisti	Not high school graduate	732	scientia_et_sapientia	scientia,_aere_perennius
demographic	CTDC-PARTICIPANT-619107	CTDC-DEMOGRAPHIC-924475	525.52	Asian	Unknown	Intersex	803.88	989.41	533.06	scientia,_aere_perennius	scientia_et_sapientia	Master's degree	545	labor_ipse_voluptas	imperium_in_imperio
demographic	CTDC-PARTICIPANT-967168	CTDC-DEMOGRAPHIC-929073	756.64	Not Reported	Hispanic or Latino	Intersex	236.79	480.34	671.08	imperium_in_imperio	e_causa_ignota	Grade school	940	e_causa_ignota	e_causa_ignota
demographic	CTDC-PARTICIPANT-459821	CTDC-DEMOGRAPHIC-629613	612.01	American Indian or Alaska Native	Not reported	Unknown	252.34	756.51	438.29	a_bene_placito	damnant_quod_non_intellegunt	Doctoral or professional degree	350	O_Tite_tute_Tati_tibi_tanta_tyranne_tulisti	a_bene_placito
demographic	CTDC-PARTICIPANT-828023	CTDC-DEMOGRAPHIC-357359	376.91	Native Hawaiian or other Pacific Islander	Unknown	Male	559.4	174.41	96.44	scientiae_cedit_mare	Macte_animo_Generose_puer_sic_itur_ad_astra	Bachelor's degree	583	scientia_et_sapientia	pace_tua
demographic	CTDC-PARTICIPANT-712034	CTDC-DEMOGRAPHIC-519960	131.25	White	Unknown	Male	954.21	223.98	718.34	faber_est_suae_quisque_fortunae	scientia,_aere_perennius	No formal education	64	faber_est_suae_quisque_fortunae	a_bene_placito
demographic	CTDC-PARTICIPANT-462972	CTDC-DEMOGRAPHIC-436823	416.17	Not Reported	Hispanic or Latino	Unknown	724.87	102.01	817.24	saltus_in_demonstrando	scientiae_cedit_mare	Doctoral or professional degree	53	Gallia_est_omnis_divisa_in_partes_tres	sapiens_qui_prospicit
demographic	CTDC-PARTICIPANT-312749	CTDC-DEMOGRAPHIC-856541	167.38	Asian	Not Hispanic or Latino	Intersex	13.81	895.73	802.24	Macte_animo_Generose_puer_sic_itur_ad_astra	Macte_animo_Generose_puer_sic_itur_ad_astra	Some college or Associate degree	39	cacatum_non_est_pictum	scientia_et_sapientia
demographic	CTDC-PARTICIPANT-990328	CTDC-DEMOGRAPHIC-510353	54.04	White	Unknown	Female	30.89	920.86	86.8	scientia_imperii_decus_et_tutamen	damnant_quod_non_intellegunt	Declined to answer	689	e_causa_ignota	Macte_animo_Generose_puer_sic_itur_ad_astra
demographic	CTDC-PARTICIPANT-310032	CTDC-DEMOGRAPHIC-719426	988.51	Native Hawaiian or other Pacific Islander	Hispanic or Latino	Female	392.51	207.45	823.38	e_causa_ignota	labor_ipse_voluptas	Grade school	353	Macte_animo_Generose_puer_sic_itur_ad_astra	labor_ipse_voluptas
demographic	CTDC-PARTICIPANT-454476	CTDC-DEMOGRAPHIC-261965	563.55	Native Hawaiian or other Pacific Islander	Unknown	Male	115.94	567.29	474.23	imperium_in_imperio	cacatum_non_est_pictum	Doctoral or professional degree	291	nanos_gigantum_humeris_insidentes	pace_tua
demographic	CTDC-PARTICIPANT-647057	CTDC-DEMOGRAPHIC-929967	957.78	White	Not Hispanic or Latino	Unknown	345.91	650.34	411.02	sapiens_qui_prospicit	sapiens_qui_prospicit	High school graduate (including equivalency)	522	e_causa_ignota	scientiae_et_patriae
demographic	CTDC-PARTICIPANT-732783	CTDC-DEMOGRAPHIC-703491	51.38	Unknown	Unknown	Unknown	180.38	31.13	916.88	scientia_et_labor	a_bene_placito	Not high school graduate	74	Gallia_est_omnis_divisa_in_partes_tres	salus_in_arduis
demographic	CTDC-PARTICIPANT-647189	CTDC-DEMOGRAPHIC-528588	946.98	White	Unknown	Female	432.85	49.17	185.4	salus_in_arduis	Macte_animo_Generose_puer_sic_itur_ad_astra	Master's degree	463	Obedientia_civium_urbis_felicitas	cacatum_non_est_pictum
demographic	CTDC-PARTICIPANT-676963	CTDC-DEMOGRAPHIC-986971	329.23	Native Hawaiian or other Pacific Islander	Not reported	Male	345.67	417.33	709.18	e_causa_ignota	faber_est_suae_quisque_fortunae	High school graduate (including equivalency)	384	e_causa_ignota	haec_olim_meminisse_iuvabit
demographic	CTDC-PARTICIPANT-971299	CTDC-DEMOGRAPHIC-105376	450.7	White	Not Hispanic or Latino	Unknown	773.0	577.14	460.68	imperium_in_imperio	nanos_gigantum_humeris_insidentes	Master's degree	685	id_quod_plerumque_accidit	Gallia_est_omnis_divisa_in_partes_tres
demographic	CTDC-PARTICIPANT-888011	CTDC-DEMOGRAPHIC-746237	602.96	Black or African American	Hispanic or Latino	Female	993.15	366.77	501.27	cacatum_non_est_pictum	nascentes_morimur_finisque_ab_origine_pendet	Grade school	377	scientia_imperii_decus_et_tutamen	Obedientia_civium_urbis_felicitas
demographic	CTDC-PARTICIPANT-836519	CTDC-DEMOGRAPHIC-500718	733.61	Not Reported	Not Hispanic or Latino	Intersex	350.36	445.61	690.02	barba_crescit_caput_nescit	nascentes_morimur_finisque_ab_origine_pendet	Master's degree	51	scientia_imperii_decus_et_tutamen	scientia_et_labor
demographic	CTDC-PARTICIPANT-699815	CTDC-DEMOGRAPHIC-173826	994.04	Unknown	Unknown	Female	251.31	666.24	916.32	damnant_quod_non_intellegunt	scientia_imperii_decus_et_tutamen	Bachelor's degree	824	imperium_in_imperio	salus_in_arduis
demographic	CTDC-PARTICIPANT-184105	CTDC-DEMOGRAPHIC-619730	848.51	American Indian or Alaska Native	Hispanic or Latino	Male	498.58	682.12	840.3	pace_tua	saltus_in_demonstrando	Bachelor's degree	21	a_bene_placito	a_bene_placito
demographic	CTDC-PARTICIPANT-698815	CTDC-DEMOGRAPHIC-850073	360.84	Black or African American	Not Hispanic or Latino	Intersex	702.94	884.89	175.78	nascentes_morimur_finisque_ab_origine_pendet	saltus_in_demonstrando	Not high school graduate	257	Gallia_est_omnis_divisa_in_partes_tres	labor_ipse_voluptas
demographic	CTDC-PARTICIPANT-882747	CTDC-DEMOGRAPHIC-365994	708.01	Asian	Not Hispanic or Latino	Male	522.09	604.85	319.99	Macte_animo_Generose_puer_sic_itur_ad_astra	sapiens_qui_prospicit	Master's degree	475	id_quod_plerumque_accidit	cacatum_non_est_pictum
demographic	CTDC-PARTICIPANT-786561	CTDC-DEMOGRAPHIC-553010	840.36	Native Hawaiian or other Pacific Islander	Unknown	Female	71.2	231.96	500.71	scientia,_aere_perennius	pace_tua	No formal education	798	sapiens_qui_prospicit	Macte_animo_Generose_puer_sic_itur_ad_astra
demographic	CTDC-PARTICIPANT-867798	CTDC-DEMOGRAPHIC-631203	299.18	Native Hawaiian or other Pacific Islander	Unknown	Unknown	836.16	455.45	459.8	scientia_imperii_decus_et_tutamen	nascentes_morimur_finisque_ab_origine_pendet	No formal education	859	damnant_quod_non_intellegunt	damnant_quod_non_intellegunt
demographic	CTDC-PARTICIPANT-392396	CTDC-DEMOGRAPHIC-940904	935.11	Black or African American	Hispanic or Latino	Male	714.45	28.73	791.86	haec_olim_meminisse_iuvabit	Gallia_est_omnis_divisa_in_partes_tres	Bachelor's degree	739	Obedientia_civium_urbis_felicitas	scientiae_et_patriae
