type	participant.participant_id	diagnosis_record_id	primary_diagnosis_disease_group	ctep_disease_term	meddra_disease_code	snomed_disease_term	snomed_disease_code	primary_disease_site	histology	histological_subtype	stage_of_disease	tumor_grade	crdc_id
diagnosis	CTDC-PARTICIPANT-641111	CTDC-DIAGNOSIS-150586	Myeloma, NOS	Invasive Breast Carcinoma	10006190	Rectal Carcinoma	443961001	scientia_et_labor	imperium_in_imperio	salus_in_arduis	Stage IIIC	Poorly Differentiated	id_quod_plerumque_accidit
diagnosis	CTDC-PARTICIPANT-429411	CTDC-DIAGNOSIS-665615	Myeloma, NOS	Acute Myeloid Leukemia Not Otherwise Specified	10010029	Multiple myeloma	254626006	scientia_imperii_decus_et_tutamen	Obedientia_civium_urbis_felicitas	scientia_et_labor	Stage IVB	Moderately Differentiated	scientia_imperii_decus_et_tutamen
diagnosis	CTDC-PARTICIPANT-209642	CTDC-DIAGNOSIS-957364	Myeloma, NOS	Invasive Breast Carcinoma	10017760	Superficial Spreading Melanoma	28899001	saltus_in_demonstrando	Macte_animo_Generose_puer_sic_itur_ad_astra	scientiae_cedit_mare	Stage IIIB	Moderately Differentiated	scientiae_et_patriae
diagnosis	CTDC-PARTICIPANT-482694	CTDC-DIAGNOSIS-253791	Myeloma, NOS	Adenocarcinoma of the Gastroesophageal Junction	10006190	Colon Adenoma	109989006	barba_crescit_caput_nescit	pace_tua	Macte_animo_Generose_puer_sic_itur_ad_astra	Stage IIIC	Well Differentiated	Obedientia_civium_urbis_felicitas
diagnosis	CTDC-PARTICIPANT-301326	CTDC-DIAGNOSIS-917114	Colorectal cancer, NOS	Non-Small Cell Lung Carcinoma	10017760	Breast Carcinoma	72495009	barba_crescit_caput_nescit	scientiae_cedit_mare	scientia,_aere_perennius	Stage IVB	Borderline malignancy	saltus_in_demonstrando
diagnosis	CTDC-PARTICIPANT-449539	CTDC-DIAGNOSIS-714722	Acute myeloid leukemia, NOS	Acute Myeloid Leukemia Not Otherwise Specified	10033159	Multiple myeloma	70594002	barba_crescit_caput_nescit	sapiens_qui_prospicit	sapiens_qui_prospicit	Stage IVA	Poorly Differentiated	imperium_in_imperio
diagnosis	CTDC-PARTICIPANT-340275	CTDC-DIAGNOSIS-147826	Acute myeloid leukemia, NOS	Prostate Carcinoma	10010029	Plasma Cell Myeloma	402815007	faber_est_suae_quisque_fortunae	Gallia_est_omnis_divisa_in_partes_tres	faber_est_suae_quisque_fortunae	Stage IVB	Poorly Differentiated	salus_in_arduis
diagnosis	CTDC-PARTICIPANT-198783	CTDC-DIAGNOSIS-518860	Gastric cancer, NOS	Acute Myeloid Leukemia Not Otherwise Specified	10033159	Plasma Cell Myeloma	93655004	scientia,_aere_perennius	labor_ipse_voluptas	e_causa_ignota	Stage IIIC	Moderately Differentiated	O_Tite_tute_Tati_tibi_tanta_tyranne_tulisti
diagnosis	CTDC-PARTICIPANT-786373	CTDC-DIAGNOSIS-332886	Myeloma, NOS	Colorectal Carcinoma	10029514	Amelanotic Melanoma	399730005	scientia_imperii_decus_et_tutamen	cacatum_non_est_pictum	scientia_imperii_decus_et_tutamen	Stage IVC	Borderline malignancy	a_bene_placito
diagnosis	CTDC-PARTICIPANT-791713	CTDC-DIAGNOSIS-652341	Prostate cancer, NOS	Ovarian Carcinoma	10000884	Prostate Adenocarcinoma	399068003	saltus_in_demonstrando	id_quod_plerumque_accidit	nascentes_morimur_finisque_ab_origine_pendet	Stage III	Undifferentiated grade	imperium_in_imperio
diagnosis	CTDC-PARTICIPANT-671238	CTDC-DIAGNOSIS-895801	Invasive breast carcinoma	Non-Small Cell Lung Carcinoma	10000884	Prostate Carcinoma	269533000	scientia_et_labor	pace_tua	saltus_in_demonstrando	Stage IIIC	Borderline malignancy	Gallia_est_omnis_divisa_in_partes_tres
diagnosis	CTDC-PARTICIPANT-371594	CTDC-DIAGNOSIS-765724	Non-small cell lung cancer, NOS	Small Cell Lung Carcinoma	10041071	Lung Adenocarcinoma	269533000	barba_crescit_caput_nescit	scientia_imperii_decus_et_tutamen	faber_est_suae_quisque_fortunae	Stage III	Well Differentiated	sapiens_qui_prospicit
diagnosis	CTDC-PARTICIPANT-584849	CTDC-DIAGNOSIS-974647	Fallopian tube carcinoma	Ovarian Carcinoma	10041071	Rectal Carcinoma	254634000	scientiae_cedit_mare	id_quod_plerumque_accidit	scientiae_et_patriae	Stage III	Grade cannot be assessed	imperium_in_imperio
diagnosis	CTDC-PARTICIPANT-513457	CTDC-DIAGNOSIS-731578	Melanoma	Adenocarcinoma of the Gastroesophageal Junction	10010029	Acute Myeloid Leukemia	254731001	saltus_in_demonstrando	scientia_imperii_decus_et_tutamen	scientia_imperii_decus_et_tutamen	Stage IIIA	Grade cannot be assessed	imperium_in_imperio
diagnosis	CTDC-PARTICIPANT-286805	CTDC-DIAGNOSIS-509801	Colorectal cancer, NOS	Invasive Breast Carcinoma	10066354	Amelanotic Melanoma	17788007	faber_est_suae_quisque_fortunae	scientia,_aere_perennius	scientia_imperii_decus_et_tutamen	Stage III	Moderately Differentiated	scientiae_cedit_mare
diagnosis	CTDC-PARTICIPANT-360661	CTDC-DIAGNOSIS-213773	Invasive breast carcinoma	Plasma Cell Myeloma	10053571	Amelanotic Melanoma	408647009	nascentes_morimur_finisque_ab_origine_pendet	cacatum_non_est_pictum	Gallia_est_omnis_divisa_in_partes_tres	Stage IV	Poorly Differentiated	id_quod_plerumque_accidit
diagnosis	CTDC-PARTICIPANT-208381	CTDC-DIAGNOSIS-384264	Fallopian tube carcinoma	Ovarian Carcinoma	10010029	Plasma Cell Myeloma	254637007	scientia_et_sapientia	e_causa_ignota	id_quod_plerumque_accidit	Stage IV	Moderately Differentiated	labor_ipse_voluptas
diagnosis	CTDC-PARTICIPANT-149549	CTDC-DIAGNOSIS-390202	Fallopian tube carcinoma	Small Cell Lung Carcinoma	10066354	Colon Adenoma	28899001	cacatum_non_est_pictum	e_causa_ignota	Gallia_est_omnis_divisa_in_partes_tres	Stage IVC	Poorly Differentiated	pace_tua
diagnosis	CTDC-PARTICIPANT-607722	CTDC-DIAGNOSIS-998862	Esophageal cancer, NOS	Plasma Cell Myeloma	10010029	Cutaneous Melanoma	399730005	damnant_quod_non_intellegunt	labor_ipse_voluptas	barba_crescit_caput_nescit	Stage IIIA	Poorly Differentiated	scientia_imperii_decus_et_tutamen
diagnosis	CTDC-PARTICIPANT-968052	CTDC-DIAGNOSIS-488839	Acute myeloid leukemia, NOS	Small Cell Lung Carcinoma	10006190	Melanoma	55921005a	Gallia_est_omnis_divisa_in_partes_tres	salus_in_arduis	pace_tua	Stage IV	Poorly Differentiated	barba_crescit_caput_nescit
diagnosis	CTDC-PARTICIPANT-273892	CTDC-DIAGNOSIS-570509	Gastric cancer, NOS	Melanoma	10041071	Epithelioid Cell Melanoma	254633006	nanos_gigantum_humeris_insidentes	scientia_imperii_decus_et_tutamen	sapiens_qui_prospicit	Stage IIIB	Undifferentiated grade	damnant_quod_non_intellegunt
diagnosis	CTDC-PARTICIPANT-599675	CTDC-DIAGNOSIS-323971	Prostate cancer, NOS	Acute Myeloid Leukemia Not Otherwise Specified	10053571	Multiple myeloma	2092003	scientiae_cedit_mare	a_bene_placito	damnant_quod_non_intellegunt	Stage IVC	Grade cannot be assessed	faber_est_suae_quisque_fortunae
diagnosis	CTDC-PARTICIPANT-389190	CTDC-DIAGNOSIS-446447	Invasive breast carcinoma	Non-Small Cell Lung Carcinoma	10017760	Rectal Carcinoma	109989006	scientia_imperii_decus_et_tutamen	e_causa_ignota	nascentes_morimur_finisque_ab_origine_pendet	Stage IIIC	Grade cannot be assessed	labor_ipse_voluptas
diagnosis	CTDC-PARTICIPANT-992012	CTDC-DIAGNOSIS-264385	Small cell lung cancer	Invasive Breast Carcinoma	10028566	Breast Carcinoma	254731001	Gallia_est_omnis_divisa_in_partes_tres	cacatum_non_est_pictum	Obedientia_civium_urbis_felicitas	Stage IVA	Undifferentiated grade	scientia_et_labor
diagnosis	CTDC-PARTICIPANT-322813	CTDC-DIAGNOSIS-956800	Ovarian epithelial cancer	Colorectal Carcinoma	10029514	Gastric Adenocarcinoma	37138001	scientia_et_sapientia	id_quod_plerumque_accidit	scientia_et_sapientia	Stage IIIC	Poorly Differentiated	a_bene_placito
diagnosis	CTDC-PARTICIPANT-563302	CTDC-DIAGNOSIS-136696	Fallopian tube carcinoma	Melanoma	10010029	Small Cell Lung Carcinoma	254637007	Macte_animo_Generose_puer_sic_itur_ad_astra	damnant_quod_non_intellegunt	Macte_animo_Generose_puer_sic_itur_ad_astra	Stage IIIB	Poorly Differentiated	scientia_et_labor
diagnosis	CTDC-PARTICIPANT-449980	CTDC-DIAGNOSIS-184284	Adenocarcinoma of the gastroesophageal junction	Plasma Cell Myeloma	10000884	Mucinous Adenocarcinoma	72495009	faber_est_suae_quisque_fortunae	scientiae_cedit_mare	Obedientia_civium_urbis_felicitas	Stage IV	Well Differentiated	Obedientia_civium_urbis_felicitas
diagnosis	CTDC-PARTICIPANT-863646	CTDC-DIAGNOSIS-954153	Melanoma	Invasive Breast Carcinoma	10000884	Esophageal Adenocarcinoma	254634000	scientiae_et_patriae	O_Tite_tute_Tati_tibi_tanta_tyranne_tulisti	Gallia_est_omnis_divisa_in_partes_tres	Stage IVA	Grade cannot be assessed	nanos_gigantum_humeris_insidentes
diagnosis	CTDC-PARTICIPANT-365305	CTDC-DIAGNOSIS-587473	Esophageal cancer, NOS	Ovarian Carcinoma	10066354	Neuroendocrine Carcinoma	254582000	faber_est_suae_quisque_fortunae	salus_in_arduis	Obedientia_civium_urbis_felicitas	Stage IIIB	Grade cannot be assessed	scientia_imperii_decus_et_tutamen
diagnosis	CTDC-PARTICIPANT-684111	CTDC-DIAGNOSIS-526122	Primary peritoneal carcinoma	Plasma Cell Myeloma	10041071	Small Cell Carcinoma	70594002	scientia_et_sapientia	nanos_gigantum_humeris_insidentes	nanos_gigantum_humeris_insidentes	Stage IVA	Grade cannot be assessed	id_quod_plerumque_accidit
diagnosis	CTDC-PARTICIPANT-891914	CTDC-DIAGNOSIS-632342	Invasive breast carcinoma	Non-Small Cell Lung Carcinoma	10028566	Squamous Cell Lung Carcinoma	443961001	scientiae_cedit_mare	a_bene_placito	barba_crescit_caput_nescit	Stage IIIA	Moderately Differentiated	saltus_in_demonstrando
diagnosis	CTDC-PARTICIPANT-486601	CTDC-DIAGNOSIS-691118	Myeloma, NOS	Prostate Carcinoma	10017760	Prostate Carcinoma	408645001	imperium_in_imperio	Obedientia_civium_urbis_felicitas	scientia_imperii_decus_et_tutamen	Stage IV	Well Differentiated	scientia_imperii_decus_et_tutamen
diagnosis	CTDC-PARTICIPANT-531064	CTDC-DIAGNOSIS-542523	Acute myeloid leukemia, NOS	Prostate Carcinoma	10000884	Small Cell Carcinoma	253000007	scientia,_aere_perennius	sapiens_qui_prospicit	scientia_et_labor	Stage III	Well Differentiated	scientia_imperii_decus_et_tutamen
diagnosis	CTDC-PARTICIPANT-929629	CTDC-DIAGNOSIS-119241	Primary peritoneal carcinoma	Invasive Breast Carcinoma	10010029	Colon Adenoma	109989006	e_causa_ignota	Obedientia_civium_urbis_felicitas	saltus_in_demonstrando	Stage IVB	Grade cannot be assessed	scientia_et_labor
diagnosis	CTDC-PARTICIPANT-667747	CTDC-DIAGNOSIS-391434	Esophageal cancer, NOS	Colorectal Carcinoma	10053571	Gastric Adenocarcinoma	276803003	faber_est_suae_quisque_fortunae	O_Tite_tute_Tati_tibi_tanta_tyranne_tulisti	salus_in_arduis	Stage IIIB	Poorly Differentiated	nanos_gigantum_humeris_insidentes
diagnosis	CTDC-PARTICIPANT-270141	CTDC-DIAGNOSIS-818424	Adenocarcinoma of the gastroesophageal junction	Colorectal Carcinoma	10029514	Prostate Adenocarcinoma	269533000	pace_tua	scientia_imperii_decus_et_tutamen	id_quod_plerumque_accidit	Stage III	Borderline malignancy	faber_est_suae_quisque_fortunae
diagnosis	CTDC-PARTICIPANT-779049	CTDC-DIAGNOSIS-136045	Myeloma, NOS	Prostate Carcinoma	10000884	Plasma Cell Leukemia	428054006	damnant_quod_non_intellegunt	labor_ipse_voluptas	haec_olim_meminisse_iuvabit	Stage IVB	Well Differentiated	barba_crescit_caput_nescit
diagnosis	CTDC-PARTICIPANT-297073	CTDC-DIAGNOSIS-949057	Primary peritoneal carcinoma	Colorectal Carcinoma	10017760	Lung Carcinoma	254838004	faber_est_suae_quisque_fortunae	damnant_quod_non_intellegunt	e_causa_ignota	Stage IVC	Well Differentiated	nascentes_morimur_finisque_ab_origine_pendet
diagnosis	CTDC-PARTICIPANT-749799	CTDC-DIAGNOSIS-324079	Acute myeloid leukemia, NOS	Adenocarcinoma of the Gastroesophageal Junction	10000884	Squamous Cell Lung Carcinoma	443961001	Obedientia_civium_urbis_felicitas	Macte_animo_Generose_puer_sic_itur_ad_astra	e_causa_ignota	Stage III	Undifferentiated grade	imperium_in_imperio
diagnosis	CTDC-PARTICIPANT-922401	CTDC-DIAGNOSIS-517159	Melanoma	Ovarian Carcinoma	10029514	Squamous Cell Lung Carcinoma	372244006	scientia_imperii_decus_et_tutamen	nanos_gigantum_humeris_insidentes	scientia_et_labor	Stage IVA	Borderline malignancy	sapiens_qui_prospicit
diagnosis	CTDC-PARTICIPANT-382937	CTDC-DIAGNOSIS-231554	Colorectal cancer, NOS	Colorectal Carcinoma	10033159	Adenocarcinoma	17788007	nanos_gigantum_humeris_insidentes	e_causa_ignota	scientia,_aere_perennius	Stage IVB	Borderline malignancy	pace_tua
diagnosis	CTDC-PARTICIPANT-294142	CTDC-DIAGNOSIS-253559	Melanoma	Acute Myeloid Leukemia Not Otherwise Specified	10036910	Amelanotic Melanoma	269533000	scientia_imperii_decus_et_tutamen	O_Tite_tute_Tati_tibi_tanta_tyranne_tulisti	Macte_animo_Generose_puer_sic_itur_ad_astra	Stage III	Poorly Differentiated	e_causa_ignota
diagnosis	CTDC-PARTICIPANT-690107	CTDC-DIAGNOSIS-376634	Invasive breast carcinoma	Invasive Breast Carcinoma	10029514	Prostate Carcinoma	55921005b	labor_ipse_voluptas	saltus_in_demonstrando	scientiae_et_patriae	Stage IIIB	Grade cannot be assessed	scientiae_et_patriae
diagnosis	CTDC-PARTICIPANT-366120	CTDC-DIAGNOSIS-780472	Ovarian epithelial cancer	Plasma Cell Myeloma	10028566	Rectal Carcinoma	448993007	scientia_imperii_decus_et_tutamen	nanos_gigantum_humeris_insidentes	pace_tua	Stage IIIC	Poorly Differentiated	scientia_imperii_decus_et_tutamen
diagnosis	CTDC-PARTICIPANT-638488	CTDC-DIAGNOSIS-762212	Primary peritoneal carcinoma	Small Cell Lung Carcinoma	10006190	Small Cell Lung Carcinoma	399068003	id_quod_plerumque_accidit	sapiens_qui_prospicit	labor_ipse_voluptas	Stage IIIA	Moderately Differentiated	Macte_animo_Generose_puer_sic_itur_ad_astra
diagnosis	CTDC-PARTICIPANT-314138	CTDC-DIAGNOSIS-513027	Colorectal cancer, NOS	Plasma Cell Myeloma	10028566	Lung Carcinoma	70594002	cacatum_non_est_pictum	scientia_imperii_decus_et_tutamen	scientia,_aere_perennius	Stage IVA	Undifferentiated grade	Gallia_est_omnis_divisa_in_partes_tres
diagnosis	CTDC-PARTICIPANT-938247	CTDC-DIAGNOSIS-161085	Ovarian epithelial cancer	Small Cell Lung Carcinoma	10017760	Esophageal Adenocarcinoma	70594002	saltus_in_demonstrando	scientia_et_sapientia	nanos_gigantum_humeris_insidentes	Stage IVA	Poorly Differentiated	damnant_quod_non_intellegunt
diagnosis	CTDC-PARTICIPANT-791745	CTDC-DIAGNOSIS-930169	Melanoma	Small Cell Lung Carcinoma	10028566	Multiple myeloma and immunoproliferative disease	254730000	scientia,_aere_perennius	a_bene_placito	scientia_et_sapientia	Stage IV	Undifferentiated grade	cacatum_non_est_pictum
diagnosis	CTDC-PARTICIPANT-817733	CTDC-DIAGNOSIS-823341	Melanoma	Small Cell Lung Carcinoma	10017760	Plasma Cell Myeloma	254838004	saltus_in_demonstrando	Obedientia_civium_urbis_felicitas	saltus_in_demonstrando	Stage IV	Grade cannot be assessed	haec_olim_meminisse_iuvabit
diagnosis	CTDC-PARTICIPANT-254156	CTDC-DIAGNOSIS-878745	Myeloma, NOS	Ovarian Carcinoma	10029514	Small Cell Carcinoma	269533000	cacatum_non_est_pictum	id_quod_plerumque_accidit	haec_olim_meminisse_iuvabit	Stage III	Grade cannot be assessed	cacatum_non_est_pictum
diagnosis	CTDC-PARTICIPANT-207908	CTDC-DIAGNOSIS-105272	Prostate cancer, NOS	Melanoma	10006190	Rectal Adenoma	55921005	scientiae_cedit_mare	e_causa_ignota	Gallia_est_omnis_divisa_in_partes_tres	Stage IV	Well Differentiated	saltus_in_demonstrando
diagnosis	CTDC-PARTICIPANT-536513	CTDC-DIAGNOSIS-973827	Primary peritoneal carcinoma	Prostate Carcinoma	10066354	Multiple myeloma and immunoproliferative disease	74364000	haec_olim_meminisse_iuvabit	barba_crescit_caput_nescit	O_Tite_tute_Tati_tibi_tanta_tyranne_tulisti	Stage IVB	Borderline malignancy	Gallia_est_omnis_divisa_in_partes_tres
diagnosis	CTDC-PARTICIPANT-353582	CTDC-DIAGNOSIS-124375	Colorectal cancer, NOS	Colorectal Carcinoma	10053571	Small Cell Lung Carcinoma	399490008	O_Tite_tute_Tati_tibi_tanta_tyranne_tulisti	faber_est_suae_quisque_fortunae	sapiens_qui_prospicit	Stage III	Poorly Differentiated	scientia_et_sapientia
diagnosis	CTDC-PARTICIPANT-970835	CTDC-DIAGNOSIS-806398	Fallopian tube carcinoma	Prostate Carcinoma	10028566	Amelanotic Melanoma	399068003	damnant_quod_non_intellegunt	id_quod_plerumque_accidit	scientia,_aere_perennius	Stage IIIC	Undifferentiated grade	Macte_animo_Generose_puer_sic_itur_ad_astra
diagnosis	CTDC-PARTICIPANT-380250	CTDC-DIAGNOSIS-269487	Prostate cancer, NOS	Prostate Carcinoma	10017760	Plasma Cell Myeloma	17788007	Obedientia_civium_urbis_felicitas	e_causa_ignota	O_Tite_tute_Tati_tibi_tanta_tyranne_tulisti	Stage IVC	Grade cannot be assessed	id_quod_plerumque_accidit
diagnosis	CTDC-PARTICIPANT-824360	CTDC-DIAGNOSIS-406311	Small cell lung cancer	Prostate Carcinoma	10036910	Squamous Cell Lung Carcinoma	70594002	scientiae_et_patriae	sapiens_qui_prospicit	scientia,_aere_perennius	Stage IIIA	Undifferentiated grade	imperium_in_imperio
diagnosis	CTDC-PARTICIPANT-519155	CTDC-DIAGNOSIS-519719	Fallopian tube carcinoma	Acute Myeloid Leukemia Not Otherwise Specified	10053571	Plasma Cell Leukemia	254633006	O_Tite_tute_Tati_tibi_tanta_tyranne_tulisti	salus_in_arduis	cacatum_non_est_pictum	Stage III	Undifferentiated grade	cacatum_non_est_pictum
diagnosis	CTDC-PARTICIPANT-830585	CTDC-DIAGNOSIS-471799	Ovarian epithelial cancer	Adenocarcinoma of the Gastroesophageal Junction	10028566	Multiple myeloma	74364000	nascentes_morimur_finisque_ab_origine_pendet	barba_crescit_caput_nescit	scientia_et_sapientia	Stage IIIA	Well Differentiated	scientia,_aere_perennius
diagnosis	CTDC-PARTICIPANT-641275	CTDC-DIAGNOSIS-249407	Melanoma	Melanoma	10000884	Amelanotic Melanoma	408647009	cacatum_non_est_pictum	haec_olim_meminisse_iuvabit	scientia_et_sapientia	Stage IIIA	Borderline malignancy	scientiae_et_patriae
diagnosis	CTDC-PARTICIPANT-457741	CTDC-DIAGNOSIS-977273	Colorectal cancer, NOS	Small Cell Lung Carcinoma	10036910	Mucinous Adenocarcinoma	399730005	a_bene_placito	haec_olim_meminisse_iuvabit	scientiae_cedit_mare	Stage III	Undifferentiated grade	scientia_et_labor
diagnosis	CTDC-PARTICIPANT-523680	CTDC-DIAGNOSIS-704168	Invasive breast carcinoma	Non-Small Cell Lung Carcinoma	10053571	Lung Carcinoma	372244006	barba_crescit_caput_nescit	scientia,_aere_perennius	labor_ipse_voluptas	Stage IV	Borderline malignancy	e_causa_ignota
diagnosis	CTDC-PARTICIPANT-234308	CTDC-DIAGNOSIS-993782	Melanoma	Melanoma	10033159	Cutaneous Melanoma	93655004	imperium_in_imperio	imperium_in_imperio	e_causa_ignota	Stage IVC	Undifferentiated grade	labor_ipse_voluptas
diagnosis	CTDC-PARTICIPANT-432039	CTDC-DIAGNOSIS-939119	Acute myeloid leukemia, NOS	Prostate Carcinoma	10006190	Multiple myeloma	35917007	id_quod_plerumque_accidit	cacatum_non_est_pictum	faber_est_suae_quisque_fortunae	Stage IV	Poorly Differentiated	nanos_gigantum_humeris_insidentes
diagnosis	CTDC-PARTICIPANT-573467	CTDC-DIAGNOSIS-972010	Non-small cell lung cancer, NOS	Non-Small Cell Lung Carcinoma	10006190	Gastric Adenocarcinoma	254626006	sapiens_qui_prospicit	a_bene_placito	Gallia_est_omnis_divisa_in_partes_tres	Stage IVB	Undifferentiated grade	sapiens_qui_prospicit
diagnosis	CTDC-PARTICIPANT-957799	CTDC-DIAGNOSIS-510461	Ovarian epithelial cancer	Invasive Breast Carcinoma	10066354	Superficial Spreading Melanoma	35917007	labor_ipse_voluptas	imperium_in_imperio	e_causa_ignota	Stage IV	Poorly Differentiated	scientia_et_sapientia
diagnosis	CTDC-PARTICIPANT-111060	CTDC-DIAGNOSIS-510244	Ovarian epithelial cancer	Colorectal Carcinoma	10053571	Superficial Spreading Melanoma	254582000	scientia_et_sapientia	Gallia_est_omnis_divisa_in_partes_tres	imperium_in_imperio	Stage IIIB	Well Differentiated	Obedientia_civium_urbis_felicitas
diagnosis	CTDC-PARTICIPANT-595441	CTDC-DIAGNOSIS-985761	Fallopian tube carcinoma	Adenocarcinoma of the Gastroesophageal Junction	10000884	Plasma Cell Myeloma	2142002	nascentes_morimur_finisque_ab_origine_pendet	saltus_in_demonstrando	nanos_gigantum_humeris_insidentes	Stage IIIC	Well Differentiated	a_bene_placito
diagnosis	CTDC-PARTICIPANT-541554	CTDC-DIAGNOSIS-486283	Myeloma, NOS	Melanoma	10036910	Colon Adenoma	109989006	Obedientia_civium_urbis_felicitas	labor_ipse_voluptas	labor_ipse_voluptas	Stage IVA	Grade cannot be assessed	scientia_et_sapientia
diagnosis	CTDC-PARTICIPANT-330696	CTDC-DIAGNOSIS-417107	Gastric cancer, NOS	Plasma Cell Myeloma	10017760	Rectal Adenoma	128922003	sapiens_qui_prospicit	imperium_in_imperio	haec_olim_meminisse_iuvabit	Stage IVC	Grade cannot be assessed	haec_olim_meminisse_iuvabit
diagnosis	CTDC-PARTICIPANT-668935	CTDC-DIAGNOSIS-224396	Invasive breast carcinoma	Acute Myeloid Leukemia Not Otherwise Specified	10036910	Colon Carcinoma	254730000	Gallia_est_omnis_divisa_in_partes_tres	id_quod_plerumque_accidit	Gallia_est_omnis_divisa_in_partes_tres	Stage III	Poorly Differentiated	salus_in_arduis
diagnosis	CTDC-PARTICIPANT-204363	CTDC-DIAGNOSIS-994119	Melanoma	Plasma Cell Myeloma	10053571	Plasma Cell Myeloma	55921005a	pace_tua	Gallia_est_omnis_divisa_in_partes_tres	scientiae_et_patriae	Stage IIIC	Well Differentiated	cacatum_non_est_pictum
diagnosis	CTDC-PARTICIPANT-340899	CTDC-DIAGNOSIS-208784	Myeloma, NOS	Acute Myeloid Leukemia Not Otherwise Specified	10006190	Non-Small Cell Lung Carcinoma	254730000	imperium_in_imperio	pace_tua	imperium_in_imperio	Stage IVB	Moderately Differentiated	O_Tite_tute_Tati_tibi_tanta_tyranne_tulisti
diagnosis	CTDC-PARTICIPANT-129178	CTDC-DIAGNOSIS-764932	Acute myeloid leukemia, NOS	Invasive Breast Carcinoma	10036910	Prostate Adenocarcinoma	17788007	id_quod_plerumque_accidit	pace_tua	labor_ipse_voluptas	Stage IVA	Undifferentiated grade	scientia_et_sapientia
diagnosis	CTDC-PARTICIPANT-701011	CTDC-DIAGNOSIS-274413	Small cell lung cancer	Invasive Breast Carcinoma	10036910	Acute Myeloid Leukemia	254731001	scientia_et_sapientia	Macte_animo_Generose_puer_sic_itur_ad_astra	O_Tite_tute_Tati_tibi_tanta_tyranne_tulisti	Stage III	Moderately Differentiated	Macte_animo_Generose_puer_sic_itur_ad_astra
diagnosis	CTDC-PARTICIPANT-530141	CTDC-DIAGNOSIS-693555	Myeloma, NOS	Prostate Carcinoma	10000884	Cutaneous Melanoma	2142002	nanos_gigantum_humeris_insidentes	barba_crescit_caput_nescit	Obedientia_civium_urbis_felicitas	Stage IV	Undifferentiated grade	imperium_in_imperio
diagnosis	CTDC-PARTICIPANT-707432	CTDC-DIAGNOSIS-395548	Esophageal cancer, NOS	Ovarian Carcinoma	10017760	Nodular Melanoma	399730005	scientiae_cedit_mare	scientia_imperii_decus_et_tutamen	a_bene_placito	Stage III	Borderline malignancy	damnant_quod_non_intellegunt
diagnosis	CTDC-PARTICIPANT-960610	CTDC-DIAGNOSIS-430979	Ovarian epithelial cancer	Adenocarcinoma of the Gastroesophageal Junction	10036910	Superficial Spreading Melanoma	443961001	id_quod_plerumque_accidit	imperium_in_imperio	Macte_animo_Generose_puer_sic_itur_ad_astra	Stage IVB	Borderline malignancy	imperium_in_imperio
diagnosis	CTDC-PARTICIPANT-353052	CTDC-DIAGNOSIS-503306	Primary peritoneal carcinoma	Acute Myeloid Leukemia Not Otherwise Specified	10000884	Small Cell Lung Carcinoma	253000007	salus_in_arduis	barba_crescit_caput_nescit	damnant_quod_non_intellegunt	Stage IVB	Undifferentiated grade	scientia_et_labor
diagnosis	CTDC-PARTICIPANT-259646	CTDC-DIAGNOSIS-213002	Acute myeloid leukemia, NOS	Small Cell Lung Carcinoma	10053571	Multiple myeloma and immunoproliferative disease	253000007	cacatum_non_est_pictum	O_Tite_tute_Tati_tibi_tanta_tyranne_tulisti	salus_in_arduis	Stage IV	Well Differentiated	O_Tite_tute_Tati_tibi_tanta_tyranne_tulisti
diagnosis	CTDC-PARTICIPANT-995400	CTDC-DIAGNOSIS-834666	Primary peritoneal carcinoma	Plasma Cell Myeloma	10029514	Epithelioid Cell Melanoma	55921005a	sapiens_qui_prospicit	scientia_imperii_decus_et_tutamen	Obedientia_civium_urbis_felicitas	Stage IIIC	Undifferentiated grade	damnant_quod_non_intellegunt
diagnosis	CTDC-PARTICIPANT-315263	CTDC-DIAGNOSIS-834305	Invasive breast carcinoma	Melanoma	10036910	Gastric Adenocarcinoma	254633006	faber_est_suae_quisque_fortunae	Gallia_est_omnis_divisa_in_partes_tres	sapiens_qui_prospicit	Stage IIIB	Poorly Differentiated	Obedientia_civium_urbis_felicitas
diagnosis	CTDC-PARTICIPANT-312873	CTDC-DIAGNOSIS-317576	Ovarian epithelial cancer	Adenocarcinoma of the Gastroesophageal Junction	10006190	Rectal Carcinoma	2092003	scientia_et_labor	sapiens_qui_prospicit	barba_crescit_caput_nescit	Stage IVA	Moderately Differentiated	damnant_quod_non_intellegunt
diagnosis	CTDC-PARTICIPANT-233585	CTDC-DIAGNOSIS-502738	Small cell lung cancer	Small Cell Lung Carcinoma	10000884	Mucinous Adenocarcinoma	269533000	nascentes_morimur_finisque_ab_origine_pendet	pace_tua	barba_crescit_caput_nescit	Stage IVB	Well Differentiated	scientia_et_labor
diagnosis	CTDC-PARTICIPANT-665346	CTDC-DIAGNOSIS-415557	Small cell lung cancer	Adenocarcinoma of the Gastroesophageal Junction	10036910	Amelanotic Melanoma	254632001	scientia_et_sapientia	saltus_in_demonstrando	saltus_in_demonstrando	Stage IIIA	Borderline malignancy	Obedientia_civium_urbis_felicitas
diagnosis	CTDC-PARTICIPANT-141586	CTDC-DIAGNOSIS-110595	Prostate cancer, NOS	Acute Myeloid Leukemia Not Otherwise Specified	10033159	Lung Carcinoma	55921005	scientia_et_labor	scientiae_et_patriae	nanos_gigantum_humeris_insidentes	Stage IVC	Grade cannot be assessed	a_bene_placito
diagnosis	CTDC-PARTICIPANT-855122	CTDC-DIAGNOSIS-871607	Myeloma, NOS	Acute Myeloid Leukemia Not Otherwise Specified	10017760	Nodular Melanoma	93655004	nanos_gigantum_humeris_insidentes	cacatum_non_est_pictum	labor_ipse_voluptas	Stage IIIB	Poorly Differentiated	scientia_et_sapientia
diagnosis	CTDC-PARTICIPANT-498655	CTDC-DIAGNOSIS-747287	Colorectal cancer, NOS	Colorectal Carcinoma	10028566	Nodular Melanoma	74364000	nanos_gigantum_humeris_insidentes	scientia_et_sapientia	scientiae_cedit_mare	Stage IV	Well Differentiated	saltus_in_demonstrando
diagnosis	CTDC-PARTICIPANT-929749	CTDC-DIAGNOSIS-273119	Prostate cancer, NOS	Non-Small Cell Lung Carcinoma	10010029	Epithelioid Cell Melanoma	28899001	scientiae_cedit_mare	faber_est_suae_quisque_fortunae	scientia_et_labor	Stage IIIB	Borderline malignancy	nascentes_morimur_finisque_ab_origine_pendet
diagnosis	CTDC-PARTICIPANT-778982	CTDC-DIAGNOSIS-817587	Small cell lung cancer	Non-Small Cell Lung Carcinoma	10033159	Squamous Cell Lung Carcinoma	402815007	scientiae_et_patriae	damnant_quod_non_intellegunt	faber_est_suae_quisque_fortunae	Stage IIIA	Borderline malignancy	labor_ipse_voluptas
diagnosis	CTDC-PARTICIPANT-881373	CTDC-DIAGNOSIS-434568	Ovarian epithelial cancer	Adenocarcinoma of the Gastroesophageal Junction	10006190	Plasma Cell Myeloma	55921005b	scientia_et_sapientia	Macte_animo_Generose_puer_sic_itur_ad_astra	barba_crescit_caput_nescit	Stage IV	Poorly Differentiated	Macte_animo_Generose_puer_sic_itur_ad_astra
diagnosis	CTDC-PARTICIPANT-632335	CTDC-DIAGNOSIS-806866	Acute myeloid leukemia, NOS	Invasive Breast Carcinoma	10000884	Colorectal Adenocarcinoma	55921005	O_Tite_tute_Tati_tibi_tanta_tyranne_tulisti	sapiens_qui_prospicit	scientia,_aere_perennius	Stage IIIC	Undifferentiated grade	scientiae_cedit_mare
diagnosis	CTDC-PARTICIPANT-374124	CTDC-DIAGNOSIS-893719	Acute myeloid leukemia, NOS	Melanoma	10028566	Plasma Cell Leukemia	55921005a	scientia_et_labor	a_bene_placito	damnant_quod_non_intellegunt	Stage IVA	Grade cannot be assessed	haec_olim_meminisse_iuvabit
diagnosis	CTDC-PARTICIPANT-585675	CTDC-DIAGNOSIS-688976	Colorectal cancer, NOS	Non-Small Cell Lung Carcinoma	10066354	Lung Adenocarcinoma	55921005b	scientiae_et_patriae	cacatum_non_est_pictum	haec_olim_meminisse_iuvabit	Stage IVA	Undifferentiated grade	scientiae_et_patriae
diagnosis	CTDC-PARTICIPANT-456060	CTDC-DIAGNOSIS-262836	Melanoma	Melanoma	10000884	Neuroendocrine Carcinoma	17788007	scientiae_et_patriae	pace_tua	imperium_in_imperio	Stage IV	Undifferentiated grade	cacatum_non_est_pictum
diagnosis	CTDC-PARTICIPANT-413222	CTDC-DIAGNOSIS-950757	Myeloma, NOS	Melanoma	10006190	Small Cell Lung Carcinoma	443961001	faber_est_suae_quisque_fortunae	nascentes_morimur_finisque_ab_origine_pendet	a_bene_placito	Stage IIIA	Moderately Differentiated	barba_crescit_caput_nescit
diagnosis	CTDC-PARTICIPANT-820287	CTDC-DIAGNOSIS-277539	Adenocarcinoma of the gastroesophageal junction	Colorectal Carcinoma	10036910	Mucinous Adenocarcinoma	254730000	scientia,_aere_perennius	damnant_quod_non_intellegunt	Macte_animo_Generose_puer_sic_itur_ad_astra	Stage IVA	Poorly Differentiated	sapiens_qui_prospicit
diagnosis	CTDC-PARTICIPANT-731336	CTDC-DIAGNOSIS-254763	Prostate cancer, NOS	Plasma Cell Myeloma	10017760	Colorectal Adenocarcinoma	74364000	barba_crescit_caput_nescit	barba_crescit_caput_nescit	faber_est_suae_quisque_fortunae	Stage IVB	Undifferentiated grade	nascentes_morimur_finisque_ab_origine_pendet
diagnosis	CTDC-PARTICIPANT-872635	CTDC-DIAGNOSIS-383114	Small cell lung cancer	Melanoma	10033159	Multiple myeloma	254637007	Obedientia_civium_urbis_felicitas	a_bene_placito	cacatum_non_est_pictum	Stage IIIC	Grade cannot be assessed	haec_olim_meminisse_iuvabit
diagnosis	CTDC-PARTICIPANT-598811	CTDC-DIAGNOSIS-244964	Invasive breast carcinoma	Adenocarcinoma of the Gastroesophageal Junction	10036910	Small Cell Carcinoma	254731001	barba_crescit_caput_nescit	O_Tite_tute_Tati_tibi_tanta_tyranne_tulisti	Obedientia_civium_urbis_felicitas	Stage IIIA	Well Differentiated	scientiae_cedit_mare
diagnosis	CTDC-PARTICIPANT-694406	CTDC-DIAGNOSIS-227921	Small cell lung cancer	Ovarian Carcinoma	10033159	Non-Small Cell Lung Carcinoma	2092003	scientia_et_labor	imperium_in_imperio	nascentes_morimur_finisque_ab_origine_pendet	Stage IVC	Grade cannot be assessed	scientia_et_labor
diagnosis	CTDC-PARTICIPANT-125315	CTDC-DIAGNOSIS-580756	Non-small cell lung cancer, NOS	Acute Myeloid Leukemia Not Otherwise Specified	10066354	Multiple myeloma	372244006	scientia_imperii_decus_et_tutamen	cacatum_non_est_pictum	Macte_animo_Generose_puer_sic_itur_ad_astra	Stage IIIC	Poorly Differentiated	labor_ipse_voluptas
diagnosis	CTDC-PARTICIPANT-713422	CTDC-DIAGNOSIS-224757	Invasive breast carcinoma	Non-Small Cell Lung Carcinoma	10033159	Non-Small Cell Lung Carcinoma	2092003	labor_ipse_voluptas	Macte_animo_Generose_puer_sic_itur_ad_astra	pace_tua	Stage IIIC	Moderately Differentiated	barba_crescit_caput_nescit
diagnosis	CTDC-PARTICIPANT-588711	CTDC-DIAGNOSIS-826846	Esophageal cancer, NOS	Plasma Cell Myeloma	10029514	Melanoma	128922003	scientia_imperii_decus_et_tutamen	pace_tua	nascentes_morimur_finisque_ab_origine_pendet	Stage IVA	Moderately Differentiated	damnant_quod_non_intellegunt
diagnosis	CTDC-PARTICIPANT-544291	CTDC-DIAGNOSIS-487114	Gastric cancer, NOS	Invasive Breast Carcinoma	10053571	Nodular Melanoma	254582000	scientia_et_labor	saltus_in_demonstrando	Gallia_est_omnis_divisa_in_partes_tres	Stage IIIB	Well Differentiated	scientia_et_labor
diagnosis	CTDC-PARTICIPANT-315000	CTDC-DIAGNOSIS-694024	Small cell lung cancer	Prostate Carcinoma	10006190	Plasma Cell Myeloma	2092003	imperium_in_imperio	nascentes_morimur_finisque_ab_origine_pendet	scientia_et_labor	Stage IVC	Grade cannot be assessed	scientia,_aere_perennius
diagnosis	CTDC-PARTICIPANT-751219	CTDC-DIAGNOSIS-571300	Acute myeloid leukemia, NOS	Colorectal Carcinoma	10053571	Small Cell Carcinoma	399490008	barba_crescit_caput_nescit	e_causa_ignota	a_bene_placito	Stage IIIC	Grade cannot be assessed	cacatum_non_est_pictum
diagnosis	CTDC-PARTICIPANT-688579	CTDC-DIAGNOSIS-793345	Fallopian tube carcinoma	Melanoma	10053571	Plasma Cell Leukemia	428054006	Macte_animo_Generose_puer_sic_itur_ad_astra	scientia_imperii_decus_et_tutamen	scientiae_et_patriae	Stage IIIA	Well Differentiated	scientiae_cedit_mare
diagnosis	CTDC-PARTICIPANT-508271	CTDC-DIAGNOSIS-366531	Primary peritoneal carcinoma	Acute Myeloid Leukemia Not Otherwise Specified	10000884	Prostate Adenocarcinoma	254838004	sapiens_qui_prospicit	salus_in_arduis	Gallia_est_omnis_divisa_in_partes_tres	Stage IIIA	Undifferentiated grade	scientia_et_labor
diagnosis	CTDC-PARTICIPANT-283939	CTDC-DIAGNOSIS-279399	Melanoma	Invasive Breast Carcinoma	10066354	Rectal Carcinoma	276803003	O_Tite_tute_Tati_tibi_tanta_tyranne_tulisti	Obedientia_civium_urbis_felicitas	pace_tua	Stage IVC	Poorly Differentiated	scientia_et_labor
diagnosis	CTDC-PARTICIPANT-817899	CTDC-DIAGNOSIS-988351	Myeloma, NOS	Colorectal Carcinoma	10036910	Multiple myeloma	269533000	haec_olim_meminisse_iuvabit	Macte_animo_Generose_puer_sic_itur_ad_astra	barba_crescit_caput_nescit	Stage IIIC	Undifferentiated grade	id_quod_plerumque_accidit
diagnosis	CTDC-PARTICIPANT-734618	CTDC-DIAGNOSIS-580463	Ovarian epithelial cancer	Melanoma	10000884	Squamous Cell Carcinoma	254632001	nascentes_morimur_finisque_ab_origine_pendet	damnant_quod_non_intellegunt	a_bene_placito	Stage IV	Grade cannot be assessed	scientia,_aere_perennius
diagnosis	CTDC-PARTICIPANT-687386	CTDC-DIAGNOSIS-276240	Gastric cancer, NOS	Ovarian Carcinoma	10033159	Breast Carcinoma	55921005a	nanos_gigantum_humeris_insidentes	scientiae_et_patriae	e_causa_ignota	Stage III	Undifferentiated grade	Obedientia_civium_urbis_felicitas
diagnosis	CTDC-PARTICIPANT-167854	CTDC-DIAGNOSIS-887075	Prostate cancer, NOS	Colorectal Carcinoma	10033159	Gastric Adenocarcinoma	254730000	labor_ipse_voluptas	labor_ipse_voluptas	saltus_in_demonstrando	Stage IIIA	Well Differentiated	O_Tite_tute_Tati_tibi_tanta_tyranne_tulisti
diagnosis	CTDC-PARTICIPANT-710214	CTDC-DIAGNOSIS-328776	Melanoma	Prostate Carcinoma	10036910	Amelanotic Melanoma	399068003	scientia,_aere_perennius	damnant_quod_non_intellegunt	scientia,_aere_perennius	Stage III	Well Differentiated	Gallia_est_omnis_divisa_in_partes_tres
diagnosis	CTDC-PARTICIPANT-438817	CTDC-DIAGNOSIS-387643	Fallopian tube carcinoma	Invasive Breast Carcinoma	10028566	Amelanotic Melanoma	428054006	scientia_et_labor	cacatum_non_est_pictum	faber_est_suae_quisque_fortunae	Stage IVA	Grade cannot be assessed	faber_est_suae_quisque_fortunae
diagnosis	CTDC-PARTICIPANT-492236	CTDC-DIAGNOSIS-973905	Adenocarcinoma of the gastroesophageal junction	Melanoma	10066354	Gastric Adenocarcinoma	70594002	haec_olim_meminisse_iuvabit	salus_in_arduis	Obedientia_civium_urbis_felicitas	Stage III	Grade cannot be assessed	scientia_imperii_decus_et_tutamen
diagnosis	CTDC-PARTICIPANT-831175	CTDC-DIAGNOSIS-656541	Invasive breast carcinoma	Small Cell Lung Carcinoma	10041071	Rectal Carcinoma	408647009	nanos_gigantum_humeris_insidentes	cacatum_non_est_pictum	scientiae_et_patriae	Stage IIIC	Undifferentiated grade	scientia_et_labor
diagnosis	CTDC-PARTICIPANT-164613	CTDC-DIAGNOSIS-206074	Acute myeloid leukemia, NOS	Acute Myeloid Leukemia Not Otherwise Specified	10036910	Small Cell Carcinoma	443961001	salus_in_arduis	Obedientia_civium_urbis_felicitas	scientia,_aere_perennius	Stage IVC	Grade cannot be assessed	e_causa_ignota
diagnosis	CTDC-PARTICIPANT-297317	CTDC-DIAGNOSIS-244917	Prostate cancer, NOS	Colorectal Carcinoma	10028566	Nodular Melanoma	254838004	scientia_et_sapientia	a_bene_placito	scientiae_cedit_mare	Stage III	Grade cannot be assessed	labor_ipse_voluptas
diagnosis	CTDC-PARTICIPANT-694822	CTDC-DIAGNOSIS-921251	Adenocarcinoma of the gastroesophageal junction	Invasive Breast Carcinoma	10010029	Superficial Spreading Melanoma	17788007	O_Tite_tute_Tati_tibi_tanta_tyranne_tulisti	Obedientia_civium_urbis_felicitas	saltus_in_demonstrando	Stage III	Well Differentiated	scientia_imperii_decus_et_tutamen
diagnosis	CTDC-PARTICIPANT-817795	CTDC-DIAGNOSIS-902333	Ovarian epithelial cancer	Adenocarcinoma of the Gastroesophageal Junction	10010029	Plasma Cell Myeloma	254582000	scientia,_aere_perennius	Macte_animo_Generose_puer_sic_itur_ad_astra	haec_olim_meminisse_iuvabit	Stage IIIC	Poorly Differentiated	scientiae_cedit_mare
diagnosis	CTDC-PARTICIPANT-907386	CTDC-DIAGNOSIS-930203	Colorectal cancer, NOS	Plasma Cell Myeloma	10033159	Rectal Carcinoma	254731001	nanos_gigantum_humeris_insidentes	id_quod_plerumque_accidit	labor_ipse_voluptas	Stage IVC	Grade cannot be assessed	id_quod_plerumque_accidit
diagnosis	CTDC-PARTICIPANT-555289	CTDC-DIAGNOSIS-825444	Ovarian epithelial cancer	Invasive Breast Carcinoma	10036910	Nodular Melanoma	37138001	Macte_animo_Generose_puer_sic_itur_ad_astra	scientiae_et_patriae	scientia_imperii_decus_et_tutamen	Stage IVA	Borderline malignancy	id_quod_plerumque_accidit
diagnosis	CTDC-PARTICIPANT-849475	CTDC-DIAGNOSIS-804540	Ovarian epithelial cancer	Colorectal Carcinoma	10000884	Multiple myeloma	28899001	nanos_gigantum_humeris_insidentes	scientia,_aere_perennius	pace_tua	Stage IVB	Well Differentiated	O_Tite_tute_Tati_tibi_tanta_tyranne_tulisti
diagnosis	CTDC-PARTICIPANT-950504	CTDC-DIAGNOSIS-673599	Non-small cell lung cancer, NOS	Ovarian Carcinoma	10006190	Non-Small Cell Lung Carcinoma	109989006	scientiae_cedit_mare	damnant_quod_non_intellegunt	nanos_gigantum_humeris_insidentes	Stage IIIC	Poorly Differentiated	saltus_in_demonstrando
diagnosis	CTDC-PARTICIPANT-356630	CTDC-DIAGNOSIS-954781	Prostate cancer, NOS	Acute Myeloid Leukemia Not Otherwise Specified	10033159	Multiple myeloma and immunoproliferative disease	254730000	scientia,_aere_perennius	faber_est_suae_quisque_fortunae	labor_ipse_voluptas	Stage IV	Undifferentiated grade	imperium_in_imperio
diagnosis	CTDC-PARTICIPANT-997361	CTDC-DIAGNOSIS-475444	Colorectal cancer, NOS	Melanoma	10029514	Melanoma	70594002	scientiae_cedit_mare	haec_olim_meminisse_iuvabit	haec_olim_meminisse_iuvabit	Stage IVC	Borderline malignancy	barba_crescit_caput_nescit
diagnosis	CTDC-PARTICIPANT-904557	CTDC-DIAGNOSIS-745095	Gastric cancer, NOS	Colorectal Carcinoma	10036910	Adenocarcinoma	276803003	barba_crescit_caput_nescit	damnant_quod_non_intellegunt	salus_in_arduis	Stage IIIB	Well Differentiated	e_causa_ignota
diagnosis	CTDC-PARTICIPANT-442456	CTDC-DIAGNOSIS-195459	Acute myeloid leukemia, NOS	Colorectal Carcinoma	10028566	Melanoma	35917007	sapiens_qui_prospicit	id_quod_plerumque_accidit	saltus_in_demonstrando	Stage IV	Undifferentiated grade	sapiens_qui_prospicit
diagnosis	CTDC-PARTICIPANT-350920	CTDC-DIAGNOSIS-500354	Invasive breast carcinoma	Ovarian Carcinoma	10033159	Colon Adenoma	448993007	cacatum_non_est_pictum	labor_ipse_voluptas	nascentes_morimur_finisque_ab_origine_pendet	Stage IIIA	Grade cannot be assessed	salus_in_arduis
diagnosis	CTDC-PARTICIPANT-384798	CTDC-DIAGNOSIS-369740	Fallopian tube carcinoma	Acute Myeloid Leukemia Not Otherwise Specified	10053571	Neuroendocrine Carcinoma	448993007	scientiae_et_patriae	id_quod_plerumque_accidit	nanos_gigantum_humeris_insidentes	Stage IIIA	Grade cannot be assessed	scientia,_aere_perennius
diagnosis	CTDC-PARTICIPANT-241999	CTDC-DIAGNOSIS-379300	Prostate cancer, NOS	Ovarian Carcinoma	10041071	Plasma Cell Leukemia	408647009	pace_tua	saltus_in_demonstrando	scientiae_et_patriae	Stage IIIB	Moderately Differentiated	scientia_et_sapientia
diagnosis	CTDC-PARTICIPANT-320397	CTDC-DIAGNOSIS-816528	Prostate cancer, NOS	Ovarian Carcinoma	10017760	Lung Adenocarcinoma	276803003	labor_ipse_voluptas	a_bene_placito	Obedientia_civium_urbis_felicitas	Stage IVB	Grade cannot be assessed	scientia_et_labor
diagnosis	CTDC-PARTICIPANT-343299	CTDC-DIAGNOSIS-339099	Prostate cancer, NOS	Ovarian Carcinoma	10033159	Rectal Carcinoma	443961001	nanos_gigantum_humeris_insidentes	scientia_imperii_decus_et_tutamen	barba_crescit_caput_nescit	Stage IIIA	Undifferentiated grade	haec_olim_meminisse_iuvabit
diagnosis	CTDC-PARTICIPANT-559279	CTDC-DIAGNOSIS-557251	Melanoma	Adenocarcinoma of the Gastroesophageal Junction	10017760	Colorectal Adenocarcinoma	428054006	scientiae_et_patriae	nanos_gigantum_humeris_insidentes	O_Tite_tute_Tati_tibi_tanta_tyranne_tulisti	Stage IIIB	Poorly Differentiated	O_Tite_tute_Tati_tibi_tanta_tyranne_tulisti
diagnosis	CTDC-PARTICIPANT-588655	CTDC-DIAGNOSIS-838697	Prostate cancer, NOS	Invasive Breast Carcinoma	10066354	Mucinous Adenocarcinoma	254900004	nanos_gigantum_humeris_insidentes	scientia_imperii_decus_et_tutamen	haec_olim_meminisse_iuvabit	Stage IIIC	Well Differentiated	scientia_et_labor
diagnosis	CTDC-PARTICIPANT-941268	CTDC-DIAGNOSIS-210710	Myeloma, NOS	Non-Small Cell Lung Carcinoma	10029514	Superficial Spreading Melanoma	254634000	salus_in_arduis	scientiae_cedit_mare	imperium_in_imperio	Stage III	Grade cannot be assessed	scientia,_aere_perennius
diagnosis	CTDC-PARTICIPANT-114882	CTDC-DIAGNOSIS-318607	Non-small cell lung cancer, NOS	Plasma Cell Myeloma	10000884	Plasma Cell Myeloma	93655004	scientia,_aere_perennius	nanos_gigantum_humeris_insidentes	labor_ipse_voluptas	Stage IVA	Well Differentiated	barba_crescit_caput_nescit
diagnosis	CTDC-PARTICIPANT-421806	CTDC-DIAGNOSIS-832165	Primary peritoneal carcinoma	Colorectal Carcinoma	10033159	Colon Adenoma	93655004	damnant_quod_non_intellegunt	Macte_animo_Generose_puer_sic_itur_ad_astra	Gallia_est_omnis_divisa_in_partes_tres	Stage IIIB	Poorly Differentiated	a_bene_placito
diagnosis	CTDC-PARTICIPANT-831231	CTDC-DIAGNOSIS-179681	Adenocarcinoma of the gastroesophageal junction	Acute Myeloid Leukemia Not Otherwise Specified	10036910	Gastric Adenocarcinoma	128922003	scientiae_et_patriae	scientia_imperii_decus_et_tutamen	e_causa_ignota	Stage IVA	Poorly Differentiated	scientiae_cedit_mare
diagnosis	CTDC-PARTICIPANT-403816	CTDC-DIAGNOSIS-730741	Non-small cell lung cancer, NOS	Invasive Breast Carcinoma	10066354	Lung Carcinoma	2092003	nascentes_morimur_finisque_ab_origine_pendet	barba_crescit_caput_nescit	nascentes_morimur_finisque_ab_origine_pendet	Stage IVB	Moderately Differentiated	Gallia_est_omnis_divisa_in_partes_tres
diagnosis	CTDC-PARTICIPANT-662249	CTDC-DIAGNOSIS-550873	Gastric cancer, NOS	Adenocarcinoma of the Gastroesophageal Junction	10029514	Cutaneous Melanoma	74364000	scientia_et_labor	id_quod_plerumque_accidit	scientia_imperii_decus_et_tutamen	Stage IIIB	Grade cannot be assessed	scientia,_aere_perennius
diagnosis	CTDC-PARTICIPANT-633930	CTDC-DIAGNOSIS-852675	Acute myeloid leukemia, NOS	Plasma Cell Myeloma	10006190	Adenocarcinoma	443961001	labor_ipse_voluptas	cacatum_non_est_pictum	damnant_quod_non_intellegunt	Stage IIIA	Well Differentiated	id_quod_plerumque_accidit
diagnosis	CTDC-PARTICIPANT-100511	CTDC-DIAGNOSIS-972820	Myeloma, NOS	Invasive Breast Carcinoma	10000884	Superficial Spreading Melanoma	2092003	O_Tite_tute_Tati_tibi_tanta_tyranne_tulisti	scientiae_cedit_mare	saltus_in_demonstrando	Stage IV	Undifferentiated grade	sapiens_qui_prospicit
diagnosis	CTDC-PARTICIPANT-242408	CTDC-DIAGNOSIS-955996	Colorectal cancer, NOS	Small Cell Lung Carcinoma	10029514	Colon Carcinoma	399490008	nanos_gigantum_humeris_insidentes	Gallia_est_omnis_divisa_in_partes_tres	imperium_in_imperio	Stage IIIA	Poorly Differentiated	sapiens_qui_prospicit
diagnosis	CTDC-PARTICIPANT-431828	CTDC-DIAGNOSIS-950608	Prostate cancer, NOS	Colorectal Carcinoma	10017760	Colon Carcinoma	254633006	scientia_et_labor	a_bene_placito	a_bene_placito	Stage IVB	Borderline malignancy	cacatum_non_est_pictum
diagnosis	CTDC-PARTICIPANT-758307	CTDC-DIAGNOSIS-871682	Primary peritoneal carcinoma	Invasive Breast Carcinoma	10041071	Small Cell Carcinoma	428054006	O_Tite_tute_Tati_tibi_tanta_tyranne_tulisti	barba_crescit_caput_nescit	barba_crescit_caput_nescit	Stage IIIB	Borderline malignancy	O_Tite_tute_Tati_tibi_tanta_tyranne_tulisti
diagnosis	CTDC-PARTICIPANT-968512	CTDC-DIAGNOSIS-112173	Myeloma, NOS	Acute Myeloid Leukemia Not Otherwise Specified	10028566	Small Cell Lung Carcinoma	408645001	nanos_gigantum_humeris_insidentes	scientia_imperii_decus_et_tutamen	scientia_imperii_decus_et_tutamen	Stage IVB	Poorly Differentiated	nanos_gigantum_humeris_insidentes
diagnosis	CTDC-PARTICIPANT-642052	CTDC-DIAGNOSIS-367400	Acute myeloid leukemia, NOS	Plasma Cell Myeloma	10017760	Colorectal Adenocarcinoma	55921005a	scientia_imperii_decus_et_tutamen	Gallia_est_omnis_divisa_in_partes_tres	faber_est_suae_quisque_fortunae	Stage IVA	Well Differentiated	scientiae_et_patriae
diagnosis	CTDC-PARTICIPANT-979933	CTDC-DIAGNOSIS-770616	Invasive breast carcinoma	Small Cell Lung Carcinoma	10006190	Amelanotic Melanoma	35917007	labor_ipse_voluptas	e_causa_ignota	scientiae_cedit_mare	Stage IIIA	Moderately Differentiated	Obedientia_civium_urbis_felicitas
