type	participant.participant_id	diagnosis_record_id	primary_diagnosis_disease_group	ctep_disease_term	meddra_disease_code	snomed_disease_term	snomed_disease_code	primary_disease_site	histology	histological_subtype	stage_of_disease	tumor_grade	crdc_id
diagnosis	CTDC-PARTICIPANT-255086	CTDC-DIAGNOSIS-649719	Small cell lung cancer	Prostate Carcinoma	10053571	Gastric Adenocarcinoma	72495009	scientia,_aere_perennius	scientia_imperii_decus_et_tutamen	nascentes_morimur_finisque_ab_origine_pendet	Stage IIIB	Poorly Differentiated	haec_olim_meminisse_iuvabit
diagnosis	CTDC-PARTICIPANT-214681	CTDC-DIAGNOSIS-282839	Esophageal cancer, NOS	Colorectal Carcinoma	10033159	Lung Adenocarcinoma	276803003	faber_est_suae_quisque_fortunae	saltus_in_demonstrando	cacatum_non_est_pictum	Stage IIIA	Well Differentiated	cacatum_non_est_pictum
diagnosis	CTDC-PARTICIPANT-660575	CTDC-DIAGNOSIS-803198	Colorectal cancer, NOS	Melanoma	10066354	Plasma Cell Myeloma	93655004	scientia,_aere_perennius	scientiae_et_patriae	id_quod_plerumque_accidit	Stage III	Grade cannot be assessed	id_quod_plerumque_accidit
diagnosis	CTDC-PARTICIPANT-518364	CTDC-DIAGNOSIS-843475	Adenocarcinoma of the gastroesophageal junction	Invasive Breast Carcinoma	10066354	Lung Adenocarcinoma	2142002	Gallia_est_omnis_divisa_in_partes_tres	Obedientia_civium_urbis_felicitas	saltus_in_demonstrando	Stage IIIA	Borderline malignancy	salus_in_arduis
diagnosis	CTDC-PARTICIPANT-701612	CTDC-DIAGNOSIS-717470	Invasive breast carcinoma	Invasive Breast Carcinoma	10029514	Nodular Melanoma	2092003	scientiae_et_patriae	scientia_imperii_decus_et_tutamen	scientia_et_labor	Stage IIIC	Well Differentiated	a_bene_placito
diagnosis	CTDC-PARTICIPANT-637495	CTDC-DIAGNOSIS-535964	Melanoma	Invasive Breast Carcinoma	10053571	Superficial Spreading Melanoma	254637007	scientia_imperii_decus_et_tutamen	Macte_animo_Generose_puer_sic_itur_ad_astra	scientia_imperii_decus_et_tutamen	Stage IIIC	Well Differentiated	barba_crescit_caput_nescit
diagnosis	CTDC-PARTICIPANT-390274	CTDC-DIAGNOSIS-346689	Small cell lung cancer	Plasma Cell Myeloma	10028566	Neuroendocrine Carcinoma	276803003	pace_tua	imperium_in_imperio	Obedientia_civium_urbis_felicitas	Stage IVB	Undifferentiated grade	saltus_in_demonstrando
diagnosis	CTDC-PARTICIPANT-605060	CTDC-DIAGNOSIS-473357	Melanoma	Non-Small Cell Lung Carcinoma	10029514	Prostate Carcinoma	254838004	Macte_animo_Generose_puer_sic_itur_ad_astra	imperium_in_imperio	scientiae_cedit_mare	Stage IVC	Moderately Differentiated	O_Tite_tute_Tati_tibi_tanta_tyranne_tulisti
diagnosis	CTDC-PARTICIPANT-955678	CTDC-DIAGNOSIS-171002	Melanoma	Non-Small Cell Lung Carcinoma	10017760	Cutaneous Melanoma	93655004	labor_ipse_voluptas	e_causa_ignota	sapiens_qui_prospicit	Stage IIIB	Moderately Differentiated	scientiae_cedit_mare
diagnosis	CTDC-PARTICIPANT-787508	CTDC-DIAGNOSIS-660210	Melanoma	Colorectal Carcinoma	10041071	Lung Carcinoma	254626006	e_causa_ignota	id_quod_plerumque_accidit	e_causa_ignota	Stage IIIC	Grade cannot be assessed	scientiae_cedit_mare
diagnosis	CTDC-PARTICIPANT-796466	CTDC-DIAGNOSIS-688508	Invasive breast carcinoma	Colorectal Carcinoma	10000884	Squamous Cell Carcinoma	93655004	scientia_et_sapientia	barba_crescit_caput_nescit	faber_est_suae_quisque_fortunae	Stage IVC	Moderately Differentiated	scientia_imperii_decus_et_tutamen
diagnosis	CTDC-PARTICIPANT-249606	CTDC-DIAGNOSIS-355440	Primary peritoneal carcinoma	Non-Small Cell Lung Carcinoma	10028566	Small Cell Lung Carcinoma	72495009	scientia_et_sapientia	sapiens_qui_prospicit	scientia_et_labor	Stage III	Grade cannot be assessed	nanos_gigantum_humeris_insidentes
diagnosis	CTDC-PARTICIPANT-829468	CTDC-DIAGNOSIS-704118	Small cell lung cancer	Adenocarcinoma of the Gastroesophageal Junction	10028566	Prostate Adenocarcinoma	428054006	haec_olim_meminisse_iuvabit	saltus_in_demonstrando	nanos_gigantum_humeris_insidentes	Stage IIIC	Poorly Differentiated	scientia_imperii_decus_et_tutamen
diagnosis	CTDC-PARTICIPANT-797911	CTDC-DIAGNOSIS-633636	Primary peritoneal carcinoma	Invasive Breast Carcinoma	10036910	Plasma Cell Leukemia	254731001	pace_tua	Macte_animo_Generose_puer_sic_itur_ad_astra	labor_ipse_voluptas	Stage IVB	Moderately Differentiated	Macte_animo_Generose_puer_sic_itur_ad_astra
diagnosis	CTDC-PARTICIPANT-928561	CTDC-DIAGNOSIS-826736	Primary peritoneal carcinoma	Non-Small Cell Lung Carcinoma	10000884	Colon Adenoma	28899001	pace_tua	damnant_quod_non_intellegunt	sapiens_qui_prospicit	Stage IVB	Grade cannot be assessed	salus_in_arduis
diagnosis	CTDC-PARTICIPANT-954478	CTDC-DIAGNOSIS-647853	Esophageal cancer, NOS	Ovarian Carcinoma	10036910	Esophageal Adenocarcinoma	2142002	pace_tua	nascentes_morimur_finisque_ab_origine_pendet	nascentes_morimur_finisque_ab_origine_pendet	Stage IIIA	Poorly Differentiated	pace_tua
diagnosis	CTDC-PARTICIPANT-386570	CTDC-DIAGNOSIS-200728	Fallopian tube carcinoma	Invasive Breast Carcinoma	10006190	Superficial Spreading Melanoma	55921005b	scientiae_cedit_mare	nanos_gigantum_humeris_insidentes	e_causa_ignota	Stage IVB	Moderately Differentiated	labor_ipse_voluptas
diagnosis	CTDC-PARTICIPANT-761014	CTDC-DIAGNOSIS-839151	Fallopian tube carcinoma	Ovarian Carcinoma	10029514	Amelanotic Melanoma	109989006	e_causa_ignota	damnant_quod_non_intellegunt	scientiae_cedit_mare	Stage IVA	Borderline malignancy	Gallia_est_omnis_divisa_in_partes_tres
diagnosis	CTDC-PARTICIPANT-627536	CTDC-DIAGNOSIS-421734	Adenocarcinoma of the gastroesophageal junction	Melanoma	10010029	Colon Carcinoma	37138001	pace_tua	scientia_et_sapientia	scientia_et_sapientia	Stage III	Borderline malignancy	scientiae_et_patriae
diagnosis	CTDC-PARTICIPANT-282263	CTDC-DIAGNOSIS-970609	Gastric cancer, NOS	Acute Myeloid Leukemia Not Otherwise Specified	10033159	Rectal Carcinoma	72495009	O_Tite_tute_Tati_tibi_tanta_tyranne_tulisti	haec_olim_meminisse_iuvabit	damnant_quod_non_intellegunt	Stage IV	Undifferentiated grade	Obedientia_civium_urbis_felicitas
diagnosis	CTDC-PARTICIPANT-688099	CTDC-DIAGNOSIS-543112	Myeloma, NOS	Adenocarcinoma of the Gastroesophageal Junction	10017760	Squamous Cell Lung Carcinoma	254634000	scientia,_aere_perennius	saltus_in_demonstrando	imperium_in_imperio	Stage IVA	Borderline malignancy	a_bene_placito
diagnosis	CTDC-PARTICIPANT-939913	CTDC-DIAGNOSIS-331773	Myeloma, NOS	Plasma Cell Myeloma	10041071	Plasma Cell Leukemia	254730000	a_bene_placito	labor_ipse_voluptas	e_causa_ignota	Stage IIIB	Borderline malignancy	scientia_imperii_decus_et_tutamen
diagnosis	CTDC-PARTICIPANT-539346	CTDC-DIAGNOSIS-361576	Fallopian tube carcinoma	Small Cell Lung Carcinoma	10053571	Small Cell Carcinoma	253000007	scientiae_et_patriae	haec_olim_meminisse_iuvabit	scientia,_aere_perennius	Stage IV	Borderline malignancy	Gallia_est_omnis_divisa_in_partes_tres
diagnosis	CTDC-PARTICIPANT-246150	CTDC-DIAGNOSIS-767833	Small cell lung cancer	Colorectal Carcinoma	10029514	Breast Carcinoma	2092003	cacatum_non_est_pictum	id_quod_plerumque_accidit	labor_ipse_voluptas	Stage IV	Grade cannot be assessed	Macte_animo_Generose_puer_sic_itur_ad_astra
diagnosis	CTDC-PARTICIPANT-570246	CTDC-DIAGNOSIS-527295	Non-small cell lung cancer, NOS	Melanoma	10000884	Esophageal Adenocarcinoma	254637007	scientiae_cedit_mare	Gallia_est_omnis_divisa_in_partes_tres	nanos_gigantum_humeris_insidentes	Stage III	Well Differentiated	a_bene_placito
diagnosis	CTDC-PARTICIPANT-291591	CTDC-DIAGNOSIS-395945	Primary peritoneal carcinoma	Ovarian Carcinoma	10036910	Multiple myeloma and immunoproliferative disease	254900004	Macte_animo_Generose_puer_sic_itur_ad_astra	scientiae_et_patriae	pace_tua	Stage IVA	Well Differentiated	cacatum_non_est_pictum
diagnosis	CTDC-PARTICIPANT-940083	CTDC-DIAGNOSIS-821756	Invasive breast carcinoma	Small Cell Lung Carcinoma	10010029	Neuroendocrine Carcinoma	35917007	nascentes_morimur_finisque_ab_origine_pendet	salus_in_arduis	O_Tite_tute_Tati_tibi_tanta_tyranne_tulisti	Stage IVC	Undifferentiated grade	Macte_animo_Generose_puer_sic_itur_ad_astra
diagnosis	CTDC-PARTICIPANT-626731	CTDC-DIAGNOSIS-974324	Acute myeloid leukemia, NOS	Acute Myeloid Leukemia Not Otherwise Specified	10041071	Adenocarcinoma	72495009	barba_crescit_caput_nescit	cacatum_non_est_pictum	haec_olim_meminisse_iuvabit	Stage IVC	Moderately Differentiated	labor_ipse_voluptas
diagnosis	CTDC-PARTICIPANT-652301	CTDC-DIAGNOSIS-182219	Melanoma	Invasive Breast Carcinoma	10036910	Cutaneous Melanoma	254730000	O_Tite_tute_Tati_tibi_tanta_tyranne_tulisti	saltus_in_demonstrando	pace_tua	Stage IVA	Undifferentiated grade	scientiae_cedit_mare
diagnosis	CTDC-PARTICIPANT-491260	CTDC-DIAGNOSIS-216926	Small cell lung cancer	Small Cell Lung Carcinoma	10053571	Multiple myeloma	254626006	faber_est_suae_quisque_fortunae	pace_tua	Gallia_est_omnis_divisa_in_partes_tres	Stage IIIC	Poorly Differentiated	scientiae_cedit_mare
diagnosis	CTDC-PARTICIPANT-761432	CTDC-DIAGNOSIS-541049	Colorectal cancer, NOS	Small Cell Lung Carcinoma	10053571	Prostate Adenocarcinoma	402815007	cacatum_non_est_pictum	faber_est_suae_quisque_fortunae	a_bene_placito	Stage IIIC	Undifferentiated grade	damnant_quod_non_intellegunt
diagnosis	CTDC-PARTICIPANT-352043	CTDC-DIAGNOSIS-469166	Acute myeloid leukemia, NOS	Small Cell Lung Carcinoma	10041071	Mucinous Adenocarcinoma	254900004	Macte_animo_Generose_puer_sic_itur_ad_astra	nascentes_morimur_finisque_ab_origine_pendet	scientia_et_labor	Stage IVC	Moderately Differentiated	nanos_gigantum_humeris_insidentes
diagnosis	CTDC-PARTICIPANT-828608	CTDC-DIAGNOSIS-951522	Myeloma, NOS	Invasive Breast Carcinoma	10053571	Adenocarcinoma	408647009	sapiens_qui_prospicit	Obedientia_civium_urbis_felicitas	labor_ipse_voluptas	Stage IVA	Grade cannot be assessed	damnant_quod_non_intellegunt
diagnosis	CTDC-PARTICIPANT-232321	CTDC-DIAGNOSIS-420568	Melanoma	Colorectal Carcinoma	10010029	Esophageal Adenocarcinoma	2142002	scientia_et_sapientia	scientiae_et_patriae	sapiens_qui_prospicit	Stage III	Poorly Differentiated	scientia_et_sapientia
diagnosis	CTDC-PARTICIPANT-733066	CTDC-DIAGNOSIS-562360	Adenocarcinoma of the gastroesophageal junction	Prostate Carcinoma	10006190	Colon Carcinoma	55921005b	scientiae_et_patriae	scientia_et_labor	pace_tua	Stage IVC	Moderately Differentiated	nanos_gigantum_humeris_insidentes
diagnosis	CTDC-PARTICIPANT-428219	CTDC-DIAGNOSIS-232895	Acute myeloid leukemia, NOS	Prostate Carcinoma	10000884	Cutaneous Melanoma	253000007	a_bene_placito	pace_tua	damnant_quod_non_intellegunt	Stage IV	Undifferentiated grade	sapiens_qui_prospicit
diagnosis	CTDC-PARTICIPANT-215053	CTDC-DIAGNOSIS-789528	Myeloma, NOS	Invasive Breast Carcinoma	10028566	Squamous Cell Lung Carcinoma	408647009	Obedientia_civium_urbis_felicitas	scientia_imperii_decus_et_tutamen	sapiens_qui_prospicit	Stage IIIA	Poorly Differentiated	a_bene_placito
diagnosis	CTDC-PARTICIPANT-946005	CTDC-DIAGNOSIS-964801	Non-small cell lung cancer, NOS	Adenocarcinoma of the Gastroesophageal Junction	10066354	Small Cell Carcinoma	276803003	scientia,_aere_perennius	id_quod_plerumque_accidit	pace_tua	Stage IVB	Grade cannot be assessed	sapiens_qui_prospicit
diagnosis	CTDC-PARTICIPANT-174366	CTDC-DIAGNOSIS-160759	Non-small cell lung cancer, NOS	Colorectal Carcinoma	10036910	Breast Carcinoma	428054006	a_bene_placito	sapiens_qui_prospicit	id_quod_plerumque_accidit	Stage IIIA	Well Differentiated	Gallia_est_omnis_divisa_in_partes_tres
diagnosis	CTDC-PARTICIPANT-856892	CTDC-DIAGNOSIS-296305	Non-small cell lung cancer, NOS	Ovarian Carcinoma	10036910	Epithelioid Cell Melanoma	443961001	Gallia_est_omnis_divisa_in_partes_tres	barba_crescit_caput_nescit	pace_tua	Stage IV	Undifferentiated grade	haec_olim_meminisse_iuvabit
diagnosis	CTDC-PARTICIPANT-922991	CTDC-DIAGNOSIS-926718	Fallopian tube carcinoma	Invasive Breast Carcinoma	10036910	Multiple myeloma	17788007	e_causa_ignota	scientia_imperii_decus_et_tutamen	scientiae_cedit_mare	Stage IVB	Grade cannot be assessed	a_bene_placito
diagnosis	CTDC-PARTICIPANT-291581	CTDC-DIAGNOSIS-802490	Ovarian epithelial cancer	Invasive Breast Carcinoma	10029514	Non-Small Cell Lung Carcinoma	72495009	barba_crescit_caput_nescit	scientia_imperii_decus_et_tutamen	salus_in_arduis	Stage IV	Borderline malignancy	scientia_et_sapientia
diagnosis	CTDC-PARTICIPANT-474449	CTDC-DIAGNOSIS-791079	Gastric cancer, NOS	Colorectal Carcinoma	10029514	Breast Carcinoma	372244006	id_quod_plerumque_accidit	labor_ipse_voluptas	saltus_in_demonstrando	Stage IVB	Well Differentiated	nanos_gigantum_humeris_insidentes
diagnosis	CTDC-PARTICIPANT-500277	CTDC-DIAGNOSIS-215562	Myeloma, NOS	Small Cell Lung Carcinoma	10066354	Lung Adenocarcinoma	254838004	Obedientia_civium_urbis_felicitas	nascentes_morimur_finisque_ab_origine_pendet	scientia_imperii_decus_et_tutamen	Stage IIIC	Grade cannot be assessed	barba_crescit_caput_nescit
diagnosis	CTDC-PARTICIPANT-237989	CTDC-DIAGNOSIS-138439	Myeloma, NOS	Ovarian Carcinoma	10066354	Esophageal Adenocarcinoma	372244006	O_Tite_tute_Tati_tibi_tanta_tyranne_tulisti	pace_tua	a_bene_placito	Stage IV	Undifferentiated grade	Macte_animo_Generose_puer_sic_itur_ad_astra
diagnosis	CTDC-PARTICIPANT-409930	CTDC-DIAGNOSIS-756828	Acute myeloid leukemia, NOS	Prostate Carcinoma	10006190	Gastric Adenocarcinoma	254731001	barba_crescit_caput_nescit	Macte_animo_Generose_puer_sic_itur_ad_astra	scientia_et_labor	Stage IIIC	Undifferentiated grade	scientia_et_sapientia
diagnosis	CTDC-PARTICIPANT-588323	CTDC-DIAGNOSIS-884553	Melanoma	Ovarian Carcinoma	10028566	Nodular Melanoma	399068003	nascentes_morimur_finisque_ab_origine_pendet	e_causa_ignota	sapiens_qui_prospicit	Stage III	Moderately Differentiated	scientia_et_sapientia
diagnosis	CTDC-PARTICIPANT-550436	CTDC-DIAGNOSIS-280254	Myeloma, NOS	Adenocarcinoma of the Gastroesophageal Junction	10028566	Adenocarcinoma	254582000	Obedientia_civium_urbis_felicitas	O_Tite_tute_Tati_tibi_tanta_tyranne_tulisti	imperium_in_imperio	Stage IVB	Moderately Differentiated	imperium_in_imperio
diagnosis	CTDC-PARTICIPANT-705441	CTDC-DIAGNOSIS-497105	Adenocarcinoma of the gastroesophageal junction	Melanoma	10036910	Plasma Cell Myeloma	448993007	damnant_quod_non_intellegunt	scientia_imperii_decus_et_tutamen	Obedientia_civium_urbis_felicitas	Stage IIIA	Well Differentiated	a_bene_placito
diagnosis	CTDC-PARTICIPANT-375800	CTDC-DIAGNOSIS-437099	Myeloma, NOS	Invasive Breast Carcinoma	10010029	Breast Carcinoma	254838004	a_bene_placito	scientia_imperii_decus_et_tutamen	a_bene_placito	Stage IIIB	Well Differentiated	Macte_animo_Generose_puer_sic_itur_ad_astra
diagnosis	CTDC-PARTICIPANT-819268	CTDC-DIAGNOSIS-713365	Melanoma	Non-Small Cell Lung Carcinoma	10006190	Squamous Cell Lung Carcinoma	254731001	haec_olim_meminisse_iuvabit	pace_tua	saltus_in_demonstrando	Stage IIIB	Grade cannot be assessed	id_quod_plerumque_accidit
diagnosis	CTDC-PARTICIPANT-101752	CTDC-DIAGNOSIS-258412	Non-small cell lung cancer, NOS	Prostate Carcinoma	10033159	Non-Small Cell Lung Carcinoma	37138001	Macte_animo_Generose_puer_sic_itur_ad_astra	imperium_in_imperio	damnant_quod_non_intellegunt	Stage IIIC	Borderline malignancy	scientiae_cedit_mare
diagnosis	CTDC-PARTICIPANT-307586	CTDC-DIAGNOSIS-603264	Gastric cancer, NOS	Ovarian Carcinoma	10010029	Neuroendocrine Carcinoma	254633006	labor_ipse_voluptas	scientia_imperii_decus_et_tutamen	scientia_et_labor	Stage IVA	Undifferentiated grade	Gallia_est_omnis_divisa_in_partes_tres
diagnosis	CTDC-PARTICIPANT-363672	CTDC-DIAGNOSIS-208166	Colorectal cancer, NOS	Acute Myeloid Leukemia Not Otherwise Specified	10017760	Lung Adenocarcinoma	254838004	cacatum_non_est_pictum	faber_est_suae_quisque_fortunae	scientia,_aere_perennius	Stage IV	Grade cannot be assessed	scientia,_aere_perennius
diagnosis	CTDC-PARTICIPANT-390538	CTDC-DIAGNOSIS-281429	Invasive breast carcinoma	Plasma Cell Myeloma	10017760	Colon Adenoma	253000007	id_quod_plerumque_accidit	barba_crescit_caput_nescit	damnant_quod_non_intellegunt	Stage III	Grade cannot be assessed	Macte_animo_Generose_puer_sic_itur_ad_astra
diagnosis	CTDC-PARTICIPANT-656708	CTDC-DIAGNOSIS-295140	Colorectal cancer, NOS	Acute Myeloid Leukemia Not Otherwise Specified	10036910	Cutaneous Melanoma	254838004	O_Tite_tute_Tati_tibi_tanta_tyranne_tulisti	Macte_animo_Generose_puer_sic_itur_ad_astra	barba_crescit_caput_nescit	Stage IIIA	Grade cannot be assessed	Macte_animo_Generose_puer_sic_itur_ad_astra
diagnosis	CTDC-PARTICIPANT-208873	CTDC-DIAGNOSIS-696628	Fallopian tube carcinoma	Small Cell Lung Carcinoma	10066354	Breast Carcinoma	399730005	nanos_gigantum_humeris_insidentes	scientia_et_labor	cacatum_non_est_pictum	Stage IVB	Undifferentiated grade	scientia_imperii_decus_et_tutamen
diagnosis	CTDC-PARTICIPANT-785303	CTDC-DIAGNOSIS-422220	Small cell lung cancer	Invasive Breast Carcinoma	10033159	Multiple myeloma and immunoproliferative disease	408645001	sapiens_qui_prospicit	O_Tite_tute_Tati_tibi_tanta_tyranne_tulisti	saltus_in_demonstrando	Stage IVB	Grade cannot be assessed	faber_est_suae_quisque_fortunae
diagnosis	CTDC-PARTICIPANT-644061	CTDC-DIAGNOSIS-945226	Ovarian epithelial cancer	Melanoma	10053571	Nodular Melanoma	37138001	faber_est_suae_quisque_fortunae	sapiens_qui_prospicit	Obedientia_civium_urbis_felicitas	Stage III	Undifferentiated grade	sapiens_qui_prospicit
diagnosis	CTDC-PARTICIPANT-784125	CTDC-DIAGNOSIS-383123	Invasive breast carcinoma	Small Cell Lung Carcinoma	10017760	Plasma Cell Leukemia	2142002	scientiae_et_patriae	scientia_et_sapientia	labor_ipse_voluptas	Stage IVC	Moderately Differentiated	nascentes_morimur_finisque_ab_origine_pendet
diagnosis	CTDC-PARTICIPANT-258433	CTDC-DIAGNOSIS-466557	Melanoma	Melanoma	10066354	Lung Adenocarcinoma	254637007	haec_olim_meminisse_iuvabit	labor_ipse_voluptas	Gallia_est_omnis_divisa_in_partes_tres	Stage IVA	Borderline malignancy	scientia,_aere_perennius
diagnosis	CTDC-PARTICIPANT-336498	CTDC-DIAGNOSIS-986754	Primary peritoneal carcinoma	Acute Myeloid Leukemia Not Otherwise Specified	10010029	Rectal Carcinoma	408647009	scientiae_et_patriae	O_Tite_tute_Tati_tibi_tanta_tyranne_tulisti	id_quod_plerumque_accidit	Stage IIIB	Poorly Differentiated	scientiae_et_patriae
diagnosis	CTDC-PARTICIPANT-599467	CTDC-DIAGNOSIS-405150	Melanoma	Melanoma	10017760	Lung Adenocarcinoma	408647009	O_Tite_tute_Tati_tibi_tanta_tyranne_tulisti	scientia_imperii_decus_et_tutamen	scientia_imperii_decus_et_tutamen	Stage IVB	Well Differentiated	Obedientia_civium_urbis_felicitas
diagnosis	CTDC-PARTICIPANT-813230	CTDC-DIAGNOSIS-673185	Gastric cancer, NOS	Ovarian Carcinoma	10041071	Non-Small Cell Lung Carcinoma	408647009	e_causa_ignota	damnant_quod_non_intellegunt	O_Tite_tute_Tati_tibi_tanta_tyranne_tulisti	Stage III	Borderline malignancy	a_bene_placito
diagnosis	CTDC-PARTICIPANT-251190	CTDC-DIAGNOSIS-569021	Small cell lung cancer	Small Cell Lung Carcinoma	10041071	Non-Small Cell Lung Carcinoma	74364000	faber_est_suae_quisque_fortunae	scientia,_aere_perennius	id_quod_plerumque_accidit	Stage IVA	Undifferentiated grade	scientia_et_sapientia
diagnosis	CTDC-PARTICIPANT-652732	CTDC-DIAGNOSIS-722231	Prostate cancer, NOS	Adenocarcinoma of the Gastroesophageal Junction	10000884	Lung Adenocarcinoma	55921005b	id_quod_plerumque_accidit	labor_ipse_voluptas	O_Tite_tute_Tati_tibi_tanta_tyranne_tulisti	Stage IIIC	Borderline malignancy	imperium_in_imperio
diagnosis	CTDC-PARTICIPANT-714466	CTDC-DIAGNOSIS-446875	Colorectal cancer, NOS	Melanoma	10028566	Prostate Adenocarcinoma	408647009	nascentes_morimur_finisque_ab_origine_pendet	barba_crescit_caput_nescit	salus_in_arduis	Stage IIIB	Borderline malignancy	scientiae_et_patriae
diagnosis	CTDC-PARTICIPANT-854460	CTDC-DIAGNOSIS-758085	Adenocarcinoma of the gastroesophageal junction	Prostate Carcinoma	10028566	Small Cell Carcinoma	443961001	scientia,_aere_perennius	imperium_in_imperio	O_Tite_tute_Tati_tibi_tanta_tyranne_tulisti	Stage IIIC	Grade cannot be assessed	scientiae_cedit_mare
diagnosis	CTDC-PARTICIPANT-635713	CTDC-DIAGNOSIS-666549	Ovarian epithelial cancer	Plasma Cell Myeloma	10053571	Adenocarcinoma	254838004	labor_ipse_voluptas	imperium_in_imperio	O_Tite_tute_Tati_tibi_tanta_tyranne_tulisti	Stage IIIC	Borderline malignancy	Gallia_est_omnis_divisa_in_partes_tres
diagnosis	CTDC-PARTICIPANT-272872	CTDC-DIAGNOSIS-624314	Non-small cell lung cancer, NOS	Small Cell Lung Carcinoma	10006190	Lung Adenocarcinoma	399068003	sapiens_qui_prospicit	labor_ipse_voluptas	nanos_gigantum_humeris_insidentes	Stage IVA	Poorly Differentiated	saltus_in_demonstrando
diagnosis	CTDC-PARTICIPANT-696945	CTDC-DIAGNOSIS-343630	Acute myeloid leukemia, NOS	Adenocarcinoma of the Gastroesophageal Junction	10006190	Adenocarcinoma	372244006	labor_ipse_voluptas	nanos_gigantum_humeris_insidentes	Macte_animo_Generose_puer_sic_itur_ad_astra	Stage IV	Poorly Differentiated	sapiens_qui_prospicit
diagnosis	CTDC-PARTICIPANT-288721	CTDC-DIAGNOSIS-634075	Prostate cancer, NOS	Colorectal Carcinoma	10033159	Acute Myeloid Leukemia	408645001	Macte_animo_Generose_puer_sic_itur_ad_astra	salus_in_arduis	haec_olim_meminisse_iuvabit	Stage IIIA	Poorly Differentiated	Gallia_est_omnis_divisa_in_partes_tres
diagnosis	CTDC-PARTICIPANT-729998	CTDC-DIAGNOSIS-734025	Primary peritoneal carcinoma	Adenocarcinoma of the Gastroesophageal Junction	10017760	Plasma Cell Myeloma	402815007	a_bene_placito	labor_ipse_voluptas	sapiens_qui_prospicit	Stage IIIA	Grade cannot be assessed	saltus_in_demonstrando
diagnosis	CTDC-PARTICIPANT-375728	CTDC-DIAGNOSIS-655900	Acute myeloid leukemia, NOS	Small Cell Lung Carcinoma	10000884	Lung Carcinoma	17788007	nanos_gigantum_humeris_insidentes	pace_tua	scientiae_cedit_mare	Stage IVB	Borderline malignancy	labor_ipse_voluptas
diagnosis	CTDC-PARTICIPANT-887616	CTDC-DIAGNOSIS-145341	Invasive breast carcinoma	Colorectal Carcinoma	10017760	Lung Adenocarcinoma	74364000	imperium_in_imperio	damnant_quod_non_intellegunt	O_Tite_tute_Tati_tibi_tanta_tyranne_tulisti	Stage IVA	Borderline malignancy	pace_tua
diagnosis	CTDC-PARTICIPANT-279150	CTDC-DIAGNOSIS-464717	Small cell lung cancer	Melanoma	10029514	Superficial Spreading Melanoma	399490008	nanos_gigantum_humeris_insidentes	labor_ipse_voluptas	pace_tua	Stage IIIA	Borderline malignancy	a_bene_placito
diagnosis	CTDC-PARTICIPANT-392542	CTDC-DIAGNOSIS-519548	Prostate cancer, NOS	Prostate Carcinoma	10017760	Plasma Cell Myeloma	408647009	id_quod_plerumque_accidit	damnant_quod_non_intellegunt	Gallia_est_omnis_divisa_in_partes_tres	Stage IIIA	Undifferentiated grade	labor_ipse_voluptas
diagnosis	CTDC-PARTICIPANT-633499	CTDC-DIAGNOSIS-695739	Small cell lung cancer	Small Cell Lung Carcinoma	10041071	Prostate Adenocarcinoma	2092003	scientia,_aere_perennius	sapiens_qui_prospicit	sapiens_qui_prospicit	Stage IVA	Borderline malignancy	e_causa_ignota
diagnosis	CTDC-PARTICIPANT-622867	CTDC-DIAGNOSIS-799212	Esophageal cancer, NOS	Melanoma	10029514	Lung Carcinoma	443961001	Obedientia_civium_urbis_felicitas	barba_crescit_caput_nescit	e_causa_ignota	Stage IVC	Borderline malignancy	faber_est_suae_quisque_fortunae
diagnosis	CTDC-PARTICIPANT-547611	CTDC-DIAGNOSIS-887686	Ovarian epithelial cancer	Plasma Cell Myeloma	10041071	Lung Adenocarcinoma	276803003	pace_tua	Obedientia_civium_urbis_felicitas	Obedientia_civium_urbis_felicitas	Stage III	Undifferentiated grade	O_Tite_tute_Tati_tibi_tanta_tyranne_tulisti
diagnosis	CTDC-PARTICIPANT-227215	CTDC-DIAGNOSIS-840241	Ovarian epithelial cancer	Melanoma	10006190	Superficial Spreading Melanoma	408647009	barba_crescit_caput_nescit	scientiae_cedit_mare	scientiae_cedit_mare	Stage IVA	Grade cannot be assessed	barba_crescit_caput_nescit
diagnosis	CTDC-PARTICIPANT-667712	CTDC-DIAGNOSIS-801735	Small cell lung cancer	Prostate Carcinoma	10000884	Colon Adenoma	2092003	Macte_animo_Generose_puer_sic_itur_ad_astra	Gallia_est_omnis_divisa_in_partes_tres	nanos_gigantum_humeris_insidentes	Stage IVB	Moderately Differentiated	barba_crescit_caput_nescit
diagnosis	CTDC-PARTICIPANT-264931	CTDC-DIAGNOSIS-263736	Acute myeloid leukemia, NOS	Invasive Breast Carcinoma	10033159	Plasma Cell Myeloma	402815007	labor_ipse_voluptas	e_causa_ignota	barba_crescit_caput_nescit	Stage IIIC	Moderately Differentiated	pace_tua
diagnosis	CTDC-PARTICIPANT-966089	CTDC-DIAGNOSIS-893592	Gastric cancer, NOS	Adenocarcinoma of the Gastroesophageal Junction	10017760	Neuroendocrine Carcinoma	269533000	barba_crescit_caput_nescit	id_quod_plerumque_accidit	barba_crescit_caput_nescit	Stage IV	Moderately Differentiated	damnant_quod_non_intellegunt
diagnosis	CTDC-PARTICIPANT-762150	CTDC-DIAGNOSIS-542077	Primary peritoneal carcinoma	Invasive Breast Carcinoma	10053571	Colon Carcinoma	55921005	imperium_in_imperio	Obedientia_civium_urbis_felicitas	e_causa_ignota	Stage IIIC	Poorly Differentiated	salus_in_arduis
diagnosis	CTDC-PARTICIPANT-727080	CTDC-DIAGNOSIS-986221	Small cell lung cancer	Plasma Cell Myeloma	10041071	Epithelioid Cell Melanoma	74364000	damnant_quod_non_intellegunt	labor_ipse_voluptas	id_quod_plerumque_accidit	Stage IIIA	Well Differentiated	nascentes_morimur_finisque_ab_origine_pendet
diagnosis	CTDC-PARTICIPANT-763647	CTDC-DIAGNOSIS-713003	Primary peritoneal carcinoma	Non-Small Cell Lung Carcinoma	10033159	Mucinous Adenocarcinoma	399730005	scientiae_et_patriae	nanos_gigantum_humeris_insidentes	pace_tua	Stage IVA	Poorly Differentiated	nanos_gigantum_humeris_insidentes
diagnosis	CTDC-PARTICIPANT-754433	CTDC-DIAGNOSIS-533057	Colorectal cancer, NOS	Small Cell Lung Carcinoma	10000884	Cutaneous Melanoma	443961001	scientia_et_labor	scientia_et_sapientia	scientia_et_labor	Stage IVB	Well Differentiated	scientiae_et_patriae
diagnosis	CTDC-PARTICIPANT-872138	CTDC-DIAGNOSIS-761159	Melanoma	Invasive Breast Carcinoma	10017760	Nodular Melanoma	35917007	scientiae_cedit_mare	scientia_et_sapientia	e_causa_ignota	Stage IVA	Moderately Differentiated	faber_est_suae_quisque_fortunae
diagnosis	CTDC-PARTICIPANT-845125	CTDC-DIAGNOSIS-179498	Ovarian epithelial cancer	Prostate Carcinoma	10006190	Gastric Adenocarcinoma	2092003	a_bene_placito	id_quod_plerumque_accidit	Obedientia_civium_urbis_felicitas	Stage III	Moderately Differentiated	haec_olim_meminisse_iuvabit
diagnosis	CTDC-PARTICIPANT-320493	CTDC-DIAGNOSIS-780177	Gastric cancer, NOS	Non-Small Cell Lung Carcinoma	10041071	Small Cell Lung Carcinoma	35917007	faber_est_suae_quisque_fortunae	a_bene_placito	imperium_in_imperio	Stage IVA	Undifferentiated grade	haec_olim_meminisse_iuvabit
diagnosis	CTDC-PARTICIPANT-122513	CTDC-DIAGNOSIS-979268	Small cell lung cancer	Prostate Carcinoma	10010029	Acute Myeloid Leukemia	399490008	haec_olim_meminisse_iuvabit	imperium_in_imperio	haec_olim_meminisse_iuvabit	Stage IVC	Well Differentiated	sapiens_qui_prospicit
diagnosis	CTDC-PARTICIPANT-317837	CTDC-DIAGNOSIS-975247	Small cell lung cancer	Ovarian Carcinoma	10066354	Colon Adenoma	399730005	imperium_in_imperio	haec_olim_meminisse_iuvabit	saltus_in_demonstrando	Stage IIIA	Poorly Differentiated	id_quod_plerumque_accidit
diagnosis	CTDC-PARTICIPANT-252535	CTDC-DIAGNOSIS-439199	Invasive breast carcinoma	Acute Myeloid Leukemia Not Otherwise Specified	10006190	Lung Adenocarcinoma	399490008	pace_tua	damnant_quod_non_intellegunt	haec_olim_meminisse_iuvabit	Stage IIIA	Moderately Differentiated	sapiens_qui_prospicit
diagnosis	CTDC-PARTICIPANT-546823	CTDC-DIAGNOSIS-279570	Invasive breast carcinoma	Melanoma	10066354	Non-Small Cell Lung Carcinoma	254632001	barba_crescit_caput_nescit	barba_crescit_caput_nescit	salus_in_arduis	Stage IV	Grade cannot be assessed	haec_olim_meminisse_iuvabit
diagnosis	CTDC-PARTICIPANT-600574	CTDC-DIAGNOSIS-454084	Primary peritoneal carcinoma	Small Cell Lung Carcinoma	10036910	Plasma Cell Leukemia	254838004	barba_crescit_caput_nescit	pace_tua	imperium_in_imperio	Stage IVB	Moderately Differentiated	e_causa_ignota
diagnosis	CTDC-PARTICIPANT-515350	CTDC-DIAGNOSIS-677621	Small cell lung cancer	Small Cell Lung Carcinoma	10006190	Squamous Cell Carcinoma	55921005	Gallia_est_omnis_divisa_in_partes_tres	scientiae_et_patriae	haec_olim_meminisse_iuvabit	Stage IIIB	Poorly Differentiated	scientia_imperii_decus_et_tutamen
diagnosis	CTDC-PARTICIPANT-896368	CTDC-DIAGNOSIS-129546	Melanoma	Small Cell Lung Carcinoma	10000884	Colon Carcinoma	72495009	nascentes_morimur_finisque_ab_origine_pendet	scientia,_aere_perennius	imperium_in_imperio	Stage IIIA	Borderline malignancy	imperium_in_imperio
diagnosis	CTDC-PARTICIPANT-362194	CTDC-DIAGNOSIS-965227	Prostate cancer, NOS	Melanoma	10066354	Breast Carcinoma	372244006	a_bene_placito	Macte_animo_Generose_puer_sic_itur_ad_astra	damnant_quod_non_intellegunt	Stage IVB	Moderately Differentiated	saltus_in_demonstrando
diagnosis	CTDC-PARTICIPANT-230105	CTDC-DIAGNOSIS-550091	Colorectal cancer, NOS	Colorectal Carcinoma	10033159	Lung Carcinoma	254632001	scientiae_cedit_mare	scientia,_aere_perennius	barba_crescit_caput_nescit	Stage IVA	Borderline malignancy	labor_ipse_voluptas
diagnosis	CTDC-PARTICIPANT-153310	CTDC-DIAGNOSIS-914101	Prostate cancer, NOS	Invasive Breast Carcinoma	10066354	Superficial Spreading Melanoma	254632001	scientia_et_sapientia	Gallia_est_omnis_divisa_in_partes_tres	saltus_in_demonstrando	Stage IIIC	Moderately Differentiated	nascentes_morimur_finisque_ab_origine_pendet
diagnosis	CTDC-PARTICIPANT-579483	CTDC-DIAGNOSIS-177986	Fallopian tube carcinoma	Invasive Breast Carcinoma	10029514	Breast Carcinoma	254634000	nascentes_morimur_finisque_ab_origine_pendet	a_bene_placito	labor_ipse_voluptas	Stage IVC	Undifferentiated grade	salus_in_arduis
diagnosis	CTDC-PARTICIPANT-967644	CTDC-DIAGNOSIS-619524	Gastric cancer, NOS	Ovarian Carcinoma	10017760	Rectal Adenoma	254582000	a_bene_placito	nascentes_morimur_finisque_ab_origine_pendet	scientiae_et_patriae	Stage IIIA	Poorly Differentiated	pace_tua
diagnosis	CTDC-PARTICIPANT-779080	CTDC-DIAGNOSIS-653684	Esophageal cancer, NOS	Non-Small Cell Lung Carcinoma	10000884	Cutaneous Melanoma	399068003	sapiens_qui_prospicit	id_quod_plerumque_accidit	faber_est_suae_quisque_fortunae	Stage III	Moderately Differentiated	e_causa_ignota
diagnosis	CTDC-PARTICIPANT-385675	CTDC-DIAGNOSIS-985548	Myeloma, NOS	Acute Myeloid Leukemia Not Otherwise Specified	10017760	Squamous Cell Lung Carcinoma	408645001	pace_tua	sapiens_qui_prospicit	scientia,_aere_perennius	Stage IVB	Well Differentiated	saltus_in_demonstrando
diagnosis	CTDC-PARTICIPANT-618008	CTDC-DIAGNOSIS-800121	Adenocarcinoma of the gastroesophageal junction	Melanoma	10000884	Small Cell Carcinoma	408647009	Gallia_est_omnis_divisa_in_partes_tres	a_bene_placito	faber_est_suae_quisque_fortunae	Stage IIIB	Moderately Differentiated	saltus_in_demonstrando
diagnosis	CTDC-PARTICIPANT-434022	CTDC-DIAGNOSIS-329579	Primary peritoneal carcinoma	Acute Myeloid Leukemia Not Otherwise Specified	10006190	Nodular Melanoma	428054006	damnant_quod_non_intellegunt	nanos_gigantum_humeris_insidentes	scientia,_aere_perennius	Stage IIIC	Poorly Differentiated	labor_ipse_voluptas
diagnosis	CTDC-PARTICIPANT-152891	CTDC-DIAGNOSIS-925815	Acute myeloid leukemia, NOS	Adenocarcinoma of the Gastroesophageal Junction	10000884	Amelanotic Melanoma	17788007	nascentes_morimur_finisque_ab_origine_pendet	nascentes_morimur_finisque_ab_origine_pendet	scientia_et_sapientia	Stage IV	Well Differentiated	scientia_et_sapientia
diagnosis	CTDC-PARTICIPANT-563856	CTDC-DIAGNOSIS-853869	Esophageal cancer, NOS	Plasma Cell Myeloma	10010029	Colorectal Adenocarcinoma	253000007	nanos_gigantum_humeris_insidentes	Macte_animo_Generose_puer_sic_itur_ad_astra	labor_ipse_voluptas	Stage IVC	Undifferentiated grade	damnant_quod_non_intellegunt
diagnosis	CTDC-PARTICIPANT-633383	CTDC-DIAGNOSIS-291900	Non-small cell lung cancer, NOS	Melanoma	10029514	Prostate Adenocarcinoma	2142002	haec_olim_meminisse_iuvabit	pace_tua	a_bene_placito	Stage IVC	Borderline malignancy	damnant_quod_non_intellegunt
diagnosis	CTDC-PARTICIPANT-361715	CTDC-DIAGNOSIS-548639	Primary peritoneal carcinoma	Non-Small Cell Lung Carcinoma	10033159	Neuroendocrine Carcinoma	55921005	nanos_gigantum_humeris_insidentes	scientia_et_sapientia	scientia,_aere_perennius	Stage IIIC	Borderline malignancy	damnant_quod_non_intellegunt
diagnosis	CTDC-PARTICIPANT-413496	CTDC-DIAGNOSIS-639605	Colorectal cancer, NOS	Melanoma	10028566	Superficial Spreading Melanoma	254900004	scientiae_cedit_mare	id_quod_plerumque_accidit	id_quod_plerumque_accidit	Stage IVA	Grade cannot be assessed	imperium_in_imperio
diagnosis	CTDC-PARTICIPANT-313976	CTDC-DIAGNOSIS-400869	Esophageal cancer, NOS	Non-Small Cell Lung Carcinoma	10053571	Rectal Carcinoma	402815007	imperium_in_imperio	e_causa_ignota	Macte_animo_Generose_puer_sic_itur_ad_astra	Stage IIIC	Grade cannot be assessed	Gallia_est_omnis_divisa_in_partes_tres
diagnosis	CTDC-PARTICIPANT-181398	CTDC-DIAGNOSIS-532121	Non-small cell lung cancer, NOS	Acute Myeloid Leukemia Not Otherwise Specified	10010029	Multiple myeloma	35917007	imperium_in_imperio	Gallia_est_omnis_divisa_in_partes_tres	labor_ipse_voluptas	Stage IIIC	Borderline malignancy	scientia_imperii_decus_et_tutamen
diagnosis	CTDC-PARTICIPANT-541713	CTDC-DIAGNOSIS-372025	Prostate cancer, NOS	Prostate Carcinoma	10017760	Breast Carcinoma	254730000	barba_crescit_caput_nescit	Macte_animo_Generose_puer_sic_itur_ad_astra	scientia_et_sapientia	Stage IIIC	Borderline malignancy	e_causa_ignota
diagnosis	CTDC-PARTICIPANT-375128	CTDC-DIAGNOSIS-373111	Gastric cancer, NOS	Adenocarcinoma of the Gastroesophageal Junction	10036910	Esophageal Adenocarcinoma	253000007	id_quod_plerumque_accidit	imperium_in_imperio	faber_est_suae_quisque_fortunae	Stage III	Borderline malignancy	scientiae_et_patriae
diagnosis	CTDC-PARTICIPANT-935764	CTDC-DIAGNOSIS-230746	Ovarian epithelial cancer	Plasma Cell Myeloma	10000884	Neuroendocrine Carcinoma	35917007	scientiae_cedit_mare	scientia_imperii_decus_et_tutamen	id_quod_plerumque_accidit	Stage IV	Grade cannot be assessed	labor_ipse_voluptas
diagnosis	CTDC-PARTICIPANT-642396	CTDC-DIAGNOSIS-275250	Prostate cancer, NOS	Acute Myeloid Leukemia Not Otherwise Specified	10010029	Non-Small Cell Lung Carcinoma	254632001	haec_olim_meminisse_iuvabit	nanos_gigantum_humeris_insidentes	e_causa_ignota	Stage IIIA	Moderately Differentiated	scientia,_aere_perennius
diagnosis	CTDC-PARTICIPANT-965342	CTDC-DIAGNOSIS-500502	Ovarian epithelial cancer	Colorectal Carcinoma	10006190	Esophageal Adenocarcinoma	254632001	scientiae_cedit_mare	haec_olim_meminisse_iuvabit	Macte_animo_Generose_puer_sic_itur_ad_astra	Stage IIIB	Poorly Differentiated	pace_tua
diagnosis	CTDC-PARTICIPANT-515838	CTDC-DIAGNOSIS-163704	Myeloma, NOS	Non-Small Cell Lung Carcinoma	10066354	Gastric Adenocarcinoma	254730000	salus_in_arduis	e_causa_ignota	damnant_quod_non_intellegunt	Stage IIIB	Poorly Differentiated	a_bene_placito
diagnosis	CTDC-PARTICIPANT-246630	CTDC-DIAGNOSIS-409178	Acute myeloid leukemia, NOS	Small Cell Lung Carcinoma	10029514	Gastric Adenocarcinoma	408645001	scientia_et_labor	sapiens_qui_prospicit	nanos_gigantum_humeris_insidentes	Stage IIIA	Grade cannot be assessed	barba_crescit_caput_nescit
diagnosis	CTDC-PARTICIPANT-914906	CTDC-DIAGNOSIS-586219	Colorectal cancer, NOS	Acute Myeloid Leukemia Not Otherwise Specified	10010029	Cutaneous Melanoma	74364000	salus_in_arduis	labor_ipse_voluptas	e_causa_ignota	Stage IIIC	Borderline malignancy	scientiae_cedit_mare
diagnosis	CTDC-PARTICIPANT-996697	CTDC-DIAGNOSIS-886062	Adenocarcinoma of the gastroesophageal junction	Ovarian Carcinoma	10017760	Colorectal Adenocarcinoma	254838004	sapiens_qui_prospicit	sapiens_qui_prospicit	Obedientia_civium_urbis_felicitas	Stage III	Moderately Differentiated	pace_tua
diagnosis	CTDC-PARTICIPANT-990858	CTDC-DIAGNOSIS-646668	Invasive breast carcinoma	Adenocarcinoma of the Gastroesophageal Junction	10017760	Esophageal Adenocarcinoma	74364000	scientia_et_labor	a_bene_placito	barba_crescit_caput_nescit	Stage IVA	Well Differentiated	nanos_gigantum_humeris_insidentes
diagnosis	CTDC-PARTICIPANT-311756	CTDC-DIAGNOSIS-649242	Melanoma	Prostate Carcinoma	10010029	Plasma Cell Leukemia	448993007	labor_ipse_voluptas	nascentes_morimur_finisque_ab_origine_pendet	O_Tite_tute_Tati_tibi_tanta_tyranne_tulisti	Stage IV	Well Differentiated	O_Tite_tute_Tati_tibi_tanta_tyranne_tulisti
diagnosis	CTDC-PARTICIPANT-998159	CTDC-DIAGNOSIS-834046	Fallopian tube carcinoma	Prostate Carcinoma	10036910	Rectal Adenoma	254633006	haec_olim_meminisse_iuvabit	Gallia_est_omnis_divisa_in_partes_tres	Macte_animo_Generose_puer_sic_itur_ad_astra	Stage IIIC	Undifferentiated grade	saltus_in_demonstrando
diagnosis	CTDC-PARTICIPANT-619107	CTDC-DIAGNOSIS-388188	Acute myeloid leukemia, NOS	Acute Myeloid Leukemia Not Otherwise Specified	10041071	Rectal Adenoma	428054006	scientia_imperii_decus_et_tutamen	labor_ipse_voluptas	O_Tite_tute_Tati_tibi_tanta_tyranne_tulisti	Stage III	Borderline malignancy	scientia,_aere_perennius
diagnosis	CTDC-PARTICIPANT-967168	CTDC-DIAGNOSIS-261364	Colorectal cancer, NOS	Melanoma	10010029	Non-Small Cell Lung Carcinoma	128922003	scientiae_et_patriae	damnant_quod_non_intellegunt	scientia_et_labor	Stage IIIC	Poorly Differentiated	imperium_in_imperio
diagnosis	CTDC-PARTICIPANT-459821	CTDC-DIAGNOSIS-730658	Invasive breast carcinoma	Melanoma	10066354	Squamous Cell Carcinoma	372244006	cacatum_non_est_pictum	scientia_et_sapientia	nascentes_morimur_finisque_ab_origine_pendet	Stage IIIA	Well Differentiated	sapiens_qui_prospicit
diagnosis	CTDC-PARTICIPANT-828023	CTDC-DIAGNOSIS-722562	Prostate cancer, NOS	Acute Myeloid Leukemia Not Otherwise Specified	10028566	Colon Carcinoma	448993007	Obedientia_civium_urbis_felicitas	scientia_imperii_decus_et_tutamen	pace_tua	Stage IV	Borderline malignancy	saltus_in_demonstrando
diagnosis	CTDC-PARTICIPANT-712034	CTDC-DIAGNOSIS-674515	Adenocarcinoma of the gastroesophageal junction	Ovarian Carcinoma	10006190	Lung Adenocarcinoma	372244006	O_Tite_tute_Tati_tibi_tanta_tyranne_tulisti	scientia_imperii_decus_et_tutamen	scientiae_cedit_mare	Stage IIIB	Grade cannot be assessed	id_quod_plerumque_accidit
diagnosis	CTDC-PARTICIPANT-462972	CTDC-DIAGNOSIS-506956	Fallopian tube carcinoma	Colorectal Carcinoma	10036910	Colon Carcinoma	17788007	scientiae_cedit_mare	id_quod_plerumque_accidit	sapiens_qui_prospicit	Stage IIIC	Grade cannot be assessed	O_Tite_tute_Tati_tibi_tanta_tyranne_tulisti
diagnosis	CTDC-PARTICIPANT-312749	CTDC-DIAGNOSIS-664312	Fallopian tube carcinoma	Non-Small Cell Lung Carcinoma	10036910	Multiple myeloma and immunoproliferative disease	55921005a	a_bene_placito	sapiens_qui_prospicit	haec_olim_meminisse_iuvabit	Stage IIIB	Well Differentiated	pace_tua
diagnosis	CTDC-PARTICIPANT-990328	CTDC-DIAGNOSIS-111667	Myeloma, NOS	Small Cell Lung Carcinoma	10033159	Lung Adenocarcinoma	448993007	faber_est_suae_quisque_fortunae	nanos_gigantum_humeris_insidentes	salus_in_arduis	Stage IVB	Well Differentiated	Macte_animo_Generose_puer_sic_itur_ad_astra
diagnosis	CTDC-PARTICIPANT-310032	CTDC-DIAGNOSIS-625485	Esophageal cancer, NOS	Acute Myeloid Leukemia Not Otherwise Specified	10010029	Neuroendocrine Carcinoma	28899001	id_quod_plerumque_accidit	scientiae_cedit_mare	scientia_imperii_decus_et_tutamen	Stage IVC	Undifferentiated grade	Gallia_est_omnis_divisa_in_partes_tres
diagnosis	CTDC-PARTICIPANT-454476	CTDC-DIAGNOSIS-707693	Non-small cell lung cancer, NOS	Ovarian Carcinoma	10029514	Multiple myeloma and immunoproliferative disease	253000007	faber_est_suae_quisque_fortunae	a_bene_placito	cacatum_non_est_pictum	Stage IVA	Moderately Differentiated	id_quod_plerumque_accidit
diagnosis	CTDC-PARTICIPANT-647057	CTDC-DIAGNOSIS-280963	Primary peritoneal carcinoma	Plasma Cell Myeloma	10006190	Acute Myeloid Leukemia	269533000	saltus_in_demonstrando	a_bene_placito	sapiens_qui_prospicit	Stage IIIB	Moderately Differentiated	saltus_in_demonstrando
diagnosis	CTDC-PARTICIPANT-732783	CTDC-DIAGNOSIS-371702	Invasive breast carcinoma	Melanoma	10017760	Esophageal Adenocarcinoma	55921005a	scientiae_cedit_mare	scientia,_aere_perennius	e_causa_ignota	Stage III	Borderline malignancy	scientia_et_labor
diagnosis	CTDC-PARTICIPANT-647189	CTDC-DIAGNOSIS-586572	Invasive breast carcinoma	Prostate Carcinoma	10066354	Gastric Adenocarcinoma	254632001	scientia_imperii_decus_et_tutamen	e_causa_ignota	sapiens_qui_prospicit	Stage IVB	Moderately Differentiated	scientia_imperii_decus_et_tutamen
diagnosis	CTDC-PARTICIPANT-676963	CTDC-DIAGNOSIS-859889	Acute myeloid leukemia, NOS	Ovarian Carcinoma	10010029	Epithelioid Cell Melanoma	254626006	nascentes_morimur_finisque_ab_origine_pendet	Obedientia_civium_urbis_felicitas	Gallia_est_omnis_divisa_in_partes_tres	Stage IIIB	Grade cannot be assessed	haec_olim_meminisse_iuvabit
diagnosis	CTDC-PARTICIPANT-971299	CTDC-DIAGNOSIS-950931	Acute myeloid leukemia, NOS	Acute Myeloid Leukemia Not Otherwise Specified	10028566	Multiple myeloma and immunoproliferative disease	2092003	nascentes_morimur_finisque_ab_origine_pendet	Obedientia_civium_urbis_felicitas	barba_crescit_caput_nescit	Stage IIIB	Well Differentiated	nanos_gigantum_humeris_insidentes
diagnosis	CTDC-PARTICIPANT-888011	CTDC-DIAGNOSIS-588638	Prostate cancer, NOS	Acute Myeloid Leukemia Not Otherwise Specified	10006190	Prostate Adenocarcinoma	254634000	id_quod_plerumque_accidit	id_quod_plerumque_accidit	scientiae_et_patriae	Stage IVC	Moderately Differentiated	e_causa_ignota
diagnosis	CTDC-PARTICIPANT-836519	CTDC-DIAGNOSIS-936169	Primary peritoneal carcinoma	Invasive Breast Carcinoma	10066354	Prostate Carcinoma	55921005b	scientia_et_sapientia	labor_ipse_voluptas	nascentes_morimur_finisque_ab_origine_pendet	Stage IIIC	Undifferentiated grade	labor_ipse_voluptas
diagnosis	CTDC-PARTICIPANT-699815	CTDC-DIAGNOSIS-911907	Small cell lung cancer	Melanoma	10029514	Prostate Adenocarcinoma	428054006	scientia_et_sapientia	labor_ipse_voluptas	barba_crescit_caput_nescit	Stage IVB	Moderately Differentiated	barba_crescit_caput_nescit
diagnosis	CTDC-PARTICIPANT-184105	CTDC-DIAGNOSIS-779550	Small cell lung cancer	Colorectal Carcinoma	10017760	Small Cell Lung Carcinoma	28899001	nascentes_morimur_finisque_ab_origine_pendet	labor_ipse_voluptas	sapiens_qui_prospicit	Stage IIIA	Moderately Differentiated	scientia,_aere_perennius
diagnosis	CTDC-PARTICIPANT-698815	CTDC-DIAGNOSIS-638556	Fallopian tube carcinoma	Colorectal Carcinoma	10000884	Breast Carcinoma	37138001	Obedientia_civium_urbis_felicitas	scientia_et_labor	salus_in_arduis	Stage IIIC	Grade cannot be assessed	barba_crescit_caput_nescit
diagnosis	CTDC-PARTICIPANT-882747	CTDC-DIAGNOSIS-487721	Ovarian epithelial cancer	Adenocarcinoma of the Gastroesophageal Junction	10017760	Colorectal Adenocarcinoma	254633006	scientia_imperii_decus_et_tutamen	labor_ipse_voluptas	scientia,_aere_perennius	Stage IIIA	Grade cannot be assessed	Obedientia_civium_urbis_felicitas
diagnosis	CTDC-PARTICIPANT-786561	CTDC-DIAGNOSIS-466506	Primary peritoneal carcinoma	Colorectal Carcinoma	10006190	Colon Adenoma	399068003	damnant_quod_non_intellegunt	nanos_gigantum_humeris_insidentes	O_Tite_tute_Tati_tibi_tanta_tyranne_tulisti	Stage IIIC	Borderline malignancy	Obedientia_civium_urbis_felicitas
diagnosis	CTDC-PARTICIPANT-867798	CTDC-DIAGNOSIS-612287	Prostate cancer, NOS	Invasive Breast Carcinoma	10006190	Esophageal Adenocarcinoma	37138001	labor_ipse_voluptas	labor_ipse_voluptas	barba_crescit_caput_nescit	Stage IVC	Grade cannot be assessed	salus_in_arduis
diagnosis	CTDC-PARTICIPANT-392396	CTDC-DIAGNOSIS-158910	Small cell lung cancer	Invasive Breast Carcinoma	10010029	Multiple myeloma and immunoproliferative disease	276803003	pace_tua	e_causa_ignota	nanos_gigantum_humeris_insidentes	Stage IVC	Grade cannot be assessed	salus_in_arduis
