type	participant.participant_id	exposure_record_id	environmental_exposure_type	carcinogen_exposure	crdc_id
exposure	CTDC-PARTICIPANT-255086	CTDC-EXPOSURE-423849	Marijuana Smoke Exposure	No	nascentes_morimur_finisque_ab_origine_pendet
exposure	CTDC-PARTICIPANT-214681	CTDC-EXPOSURE-941760	Radiation Exposure	No	damnant_quod_non_intellegunt
exposure	CTDC-PARTICIPANT-660575	CTDC-EXPOSURE-216204	Radiation Exposure	Yes	O_Tite_tute_Tati_tibi_tanta_tyranne_tulisti
exposure	CTDC-PARTICIPANT-518364	CTDC-EXPOSURE-139827	Wood Dust Exposure	Unknown	Gallia_est_omnis_divisa_in_partes_tres
exposure	CTDC-PARTICIPANT-701612	CTDC-EXPOSURE-826954	Asbestos Exposure	Yes	haec_olim_meminisse_iuvabit
exposure	CTDC-PARTICIPANT-637495	CTDC-EXPOSURE-116132	Asbestos Exposure	No	id_quod_plerumque_accidit
exposure	CTDC-PARTICIPANT-390274	CTDC-EXPOSURE-652035	Chemical Exposure	Unknown	salus_in_arduis
exposure	CTDC-PARTICIPANT-605060	CTDC-EXPOSURE-930890	Chemical Exposure	Yes	Obedientia_civium_urbis_felicitas
exposure	CTDC-PARTICIPANT-955678	CTDC-EXPOSURE-132064	Radiation Exposure	No	damnant_quod_non_intellegunt
exposure	CTDC-PARTICIPANT-787508	CTDC-EXPOSURE-466848	Chemical Exposure	Unknown	haec_olim_meminisse_iuvabit
exposure	CTDC-PARTICIPANT-796466	CTDC-EXPOSURE-416031	Marijuana Smoke Exposure	No	labor_ipse_voluptas
exposure	CTDC-PARTICIPANT-249606	CTDC-EXPOSURE-678574	Radon Exposure	No	salus_in_arduis
exposure	CTDC-PARTICIPANT-829468	CTDC-EXPOSURE-249418	Asbestos Exposure	Yes	salus_in_arduis
exposure	CTDC-PARTICIPANT-797911	CTDC-EXPOSURE-565519	Wood Dust Exposure	Yes	Obedientia_civium_urbis_felicitas
exposure	CTDC-PARTICIPANT-928561	CTDC-EXPOSURE-955115	Respirable Crystalline Silica Exposure	Yes	e_causa_ignota
exposure	CTDC-PARTICIPANT-954478	CTDC-EXPOSURE-341402	Marijuana Smoke Exposure	Yes	scientia,_aere_perennius
exposure	CTDC-PARTICIPANT-386570	CTDC-EXPOSURE-475161	Smoke Exposure	Yes	O_Tite_tute_Tati_tibi_tanta_tyranne_tulisti
exposure	CTDC-PARTICIPANT-761014	CTDC-EXPOSURE-316079	Respirable Crystalline Silica Exposure	No	haec_olim_meminisse_iuvabit
exposure	CTDC-PARTICIPANT-627536	CTDC-EXPOSURE-634641	Chemical Exposure	Yes	saltus_in_demonstrando
exposure	CTDC-PARTICIPANT-282263	CTDC-EXPOSURE-453245	Radiation Exposure	Unknown	labor_ipse_voluptas
exposure	CTDC-PARTICIPANT-688099	CTDC-EXPOSURE-395178	Marijuana Smoke Exposure	Unknown	barba_crescit_caput_nescit
exposure	CTDC-PARTICIPANT-939913	CTDC-EXPOSURE-773154	Asbestos Exposure	No	labor_ipse_voluptas
exposure	CTDC-PARTICIPANT-539346	CTDC-EXPOSURE-289597	Asbestos Exposure	Unknown	scientia_et_labor
exposure	CTDC-PARTICIPANT-246150	CTDC-EXPOSURE-744924	Wood Dust Exposure	Unknown	pace_tua
exposure	CTDC-PARTICIPANT-570246	CTDC-EXPOSURE-830046	Tobacco Related Exposure	Yes	scientia_et_sapientia
exposure	CTDC-PARTICIPANT-291591	CTDC-EXPOSURE-842547	Respirable Crystalline Silica Exposure	Unknown	Obedientia_civium_urbis_felicitas
exposure	CTDC-PARTICIPANT-940083	CTDC-EXPOSURE-484766	Wood Dust Exposure	Yes	e_causa_ignota
exposure	CTDC-PARTICIPANT-626731	CTDC-EXPOSURE-595918	Radon Exposure	Unknown	cacatum_non_est_pictum
exposure	CTDC-PARTICIPANT-652301	CTDC-EXPOSURE-647890	Respirable Crystalline Silica Exposure	No	salus_in_arduis
exposure	CTDC-PARTICIPANT-491260	CTDC-EXPOSURE-182319	Radon Exposure	No	nanos_gigantum_humeris_insidentes
exposure	CTDC-PARTICIPANT-761432	CTDC-EXPOSURE-224755	Tobacco Related Exposure	Unknown	Macte_animo_Generose_puer_sic_itur_ad_astra
exposure	CTDC-PARTICIPANT-352043	CTDC-EXPOSURE-456548	Respirable Crystalline Silica Exposure	Yes	nanos_gigantum_humeris_insidentes
exposure	CTDC-PARTICIPANT-828608	CTDC-EXPOSURE-892614	Smokeless Tobacco Exposure	Yes	labor_ipse_voluptas
exposure	CTDC-PARTICIPANT-232321	CTDC-EXPOSURE-654909	Respirable Crystalline Silica Exposure	Yes	nascentes_morimur_finisque_ab_origine_pendet
exposure	CTDC-PARTICIPANT-733066	CTDC-EXPOSURE-420852	Respirable Crystalline Silica Exposure	Yes	O_Tite_tute_Tati_tibi_tanta_tyranne_tulisti
exposure	CTDC-PARTICIPANT-428219	CTDC-EXPOSURE-126491	Smoke Exposure	Yes	cacatum_non_est_pictum
exposure	CTDC-PARTICIPANT-215053	CTDC-EXPOSURE-611038	Smoke Exposure	Yes	imperium_in_imperio
exposure	CTDC-PARTICIPANT-946005	CTDC-EXPOSURE-163196	Radiation Exposure	Yes	cacatum_non_est_pictum
exposure	CTDC-PARTICIPANT-174366	CTDC-EXPOSURE-800113	Tobacco Related Exposure	Yes	salus_in_arduis
exposure	CTDC-PARTICIPANT-856892	CTDC-EXPOSURE-121115	Tobacco Related Exposure	Yes	labor_ipse_voluptas
exposure	CTDC-PARTICIPANT-922991	CTDC-EXPOSURE-886391	Radiation Exposure	Unknown	a_bene_placito
exposure	CTDC-PARTICIPANT-291581	CTDC-EXPOSURE-494280	Wood Dust Exposure	No	O_Tite_tute_Tati_tibi_tanta_tyranne_tulisti
exposure	CTDC-PARTICIPANT-474449	CTDC-EXPOSURE-483981	Marijuana Smoke Exposure	No	O_Tite_tute_Tati_tibi_tanta_tyranne_tulisti
exposure	CTDC-PARTICIPANT-500277	CTDC-EXPOSURE-253855	Wood Dust Exposure	Yes	labor_ipse_voluptas
exposure	CTDC-PARTICIPANT-237989	CTDC-EXPOSURE-348633	Radiation Exposure	No	damnant_quod_non_intellegunt
exposure	CTDC-PARTICIPANT-409930	CTDC-EXPOSURE-980780	Marijuana Smoke Exposure	Yes	saltus_in_demonstrando
exposure	CTDC-PARTICIPANT-588323	CTDC-EXPOSURE-105214	Wood Dust Exposure	No	scientia_et_labor
exposure	CTDC-PARTICIPANT-550436	CTDC-EXPOSURE-917337	Respirable Crystalline Silica Exposure	Yes	scientia,_aere_perennius
exposure	CTDC-PARTICIPANT-705441	CTDC-EXPOSURE-683971	Respirable Crystalline Silica Exposure	Yes	nanos_gigantum_humeris_insidentes
exposure	CTDC-PARTICIPANT-375800	CTDC-EXPOSURE-858732	Chemical Exposure	No	haec_olim_meminisse_iuvabit
exposure	CTDC-PARTICIPANT-819268	CTDC-EXPOSURE-311461	Smoke Exposure	Unknown	e_causa_ignota
exposure	CTDC-PARTICIPANT-101752	CTDC-EXPOSURE-652822	Asbestos Exposure	Yes	nascentes_morimur_finisque_ab_origine_pendet
exposure	CTDC-PARTICIPANT-307586	CTDC-EXPOSURE-121598	Radiation Exposure	No	faber_est_suae_quisque_fortunae
exposure	CTDC-PARTICIPANT-363672	CTDC-EXPOSURE-973091	Radon Exposure	Yes	nascentes_morimur_finisque_ab_origine_pendet
exposure	CTDC-PARTICIPANT-390538	CTDC-EXPOSURE-933244	Radiation Exposure	No	Gallia_est_omnis_divisa_in_partes_tres
exposure	CTDC-PARTICIPANT-656708	CTDC-EXPOSURE-182437	Tobacco Related Exposure	No	e_causa_ignota
exposure	CTDC-PARTICIPANT-208873	CTDC-EXPOSURE-934372	Smokeless Tobacco Exposure	Unknown	faber_est_suae_quisque_fortunae
exposure	CTDC-PARTICIPANT-785303	CTDC-EXPOSURE-601766	Marijuana Smoke Exposure	No	scientiae_et_patriae
exposure	CTDC-PARTICIPANT-644061	CTDC-EXPOSURE-959137	Chemical Exposure	No	Obedientia_civium_urbis_felicitas
exposure	CTDC-PARTICIPANT-784125	CTDC-EXPOSURE-275778	Smoke Exposure	Unknown	scientia,_aere_perennius
exposure	CTDC-PARTICIPANT-258433	CTDC-EXPOSURE-286302	Marijuana Smoke Exposure	No	O_Tite_tute_Tati_tibi_tanta_tyranne_tulisti
exposure	CTDC-PARTICIPANT-336498	CTDC-EXPOSURE-771354	Asbestos Exposure	Unknown	scientia,_aere_perennius
exposure	CTDC-PARTICIPANT-599467	CTDC-EXPOSURE-310341	Smokeless Tobacco Exposure	Yes	O_Tite_tute_Tati_tibi_tanta_tyranne_tulisti
exposure	CTDC-PARTICIPANT-813230	CTDC-EXPOSURE-108458	Radon Exposure	Yes	saltus_in_demonstrando
exposure	CTDC-PARTICIPANT-251190	CTDC-EXPOSURE-868135	Chemical Exposure	Unknown	faber_est_suae_quisque_fortunae
exposure	CTDC-PARTICIPANT-652732	CTDC-EXPOSURE-514969	Tobacco Related Exposure	Yes	pace_tua
exposure	CTDC-PARTICIPANT-714466	CTDC-EXPOSURE-819297	Smokeless Tobacco Exposure	No	Obedientia_civium_urbis_felicitas
exposure	CTDC-PARTICIPANT-854460	CTDC-EXPOSURE-997331	Radiation Exposure	No	id_quod_plerumque_accidit
exposure	CTDC-PARTICIPANT-635713	CTDC-EXPOSURE-906697	Smoke Exposure	No	O_Tite_tute_Tati_tibi_tanta_tyranne_tulisti
exposure	CTDC-PARTICIPANT-272872	CTDC-EXPOSURE-332365	Tobacco Related Exposure	Yes	barba_crescit_caput_nescit
exposure	CTDC-PARTICIPANT-696945	CTDC-EXPOSURE-780526	Radon Exposure	Unknown	scientia,_aere_perennius
exposure	CTDC-PARTICIPANT-288721	CTDC-EXPOSURE-545115	Radiation Exposure	Yes	scientiae_cedit_mare
exposure	CTDC-PARTICIPANT-729998	CTDC-EXPOSURE-626326	Chemical Exposure	No	saltus_in_demonstrando
exposure	CTDC-PARTICIPANT-375728	CTDC-EXPOSURE-403368	Radiation Exposure	Yes	imperium_in_imperio
exposure	CTDC-PARTICIPANT-887616	CTDC-EXPOSURE-440976	Respirable Crystalline Silica Exposure	Unknown	id_quod_plerumque_accidit
exposure	CTDC-PARTICIPANT-279150	CTDC-EXPOSURE-900460	Asbestos Exposure	Yes	Obedientia_civium_urbis_felicitas
exposure	CTDC-PARTICIPANT-392542	CTDC-EXPOSURE-726665	Marijuana Smoke Exposure	No	nascentes_morimur_finisque_ab_origine_pendet
exposure	CTDC-PARTICIPANT-633499	CTDC-EXPOSURE-207531	Chemical Exposure	Unknown	id_quod_plerumque_accidit
exposure	CTDC-PARTICIPANT-622867	CTDC-EXPOSURE-382117	Chemical Exposure	Unknown	haec_olim_meminisse_iuvabit
exposure	CTDC-PARTICIPANT-547611	CTDC-EXPOSURE-906518	Wood Dust Exposure	Yes	scientiae_et_patriae
exposure	CTDC-PARTICIPANT-227215	CTDC-EXPOSURE-632316	Smoke Exposure	Yes	barba_crescit_caput_nescit
exposure	CTDC-PARTICIPANT-667712	CTDC-EXPOSURE-139041	Radiation Exposure	No	salus_in_arduis
exposure	CTDC-PARTICIPANT-264931	CTDC-EXPOSURE-796233	Smokeless Tobacco Exposure	Unknown	Macte_animo_Generose_puer_sic_itur_ad_astra
exposure	CTDC-PARTICIPANT-966089	CTDC-EXPOSURE-446829	Respirable Crystalline Silica Exposure	Unknown	id_quod_plerumque_accidit
exposure	CTDC-PARTICIPANT-762150	CTDC-EXPOSURE-912788	Marijuana Smoke Exposure	No	damnant_quod_non_intellegunt
exposure	CTDC-PARTICIPANT-727080	CTDC-EXPOSURE-182092	Respirable Crystalline Silica Exposure	No	scientiae_cedit_mare
exposure	CTDC-PARTICIPANT-763647	CTDC-EXPOSURE-338906	Chemical Exposure	No	pace_tua
exposure	CTDC-PARTICIPANT-754433	CTDC-EXPOSURE-295696	Asbestos Exposure	Unknown	imperium_in_imperio
exposure	CTDC-PARTICIPANT-872138	CTDC-EXPOSURE-495353	Wood Dust Exposure	Yes	cacatum_non_est_pictum
exposure	CTDC-PARTICIPANT-845125	CTDC-EXPOSURE-459413	Smoke Exposure	No	saltus_in_demonstrando
exposure	CTDC-PARTICIPANT-320493	CTDC-EXPOSURE-270131	Asbestos Exposure	Unknown	salus_in_arduis
exposure	CTDC-PARTICIPANT-122513	CTDC-EXPOSURE-422606	Smoke Exposure	Yes	nascentes_morimur_finisque_ab_origine_pendet
exposure	CTDC-PARTICIPANT-317837	CTDC-EXPOSURE-873127	Asbestos Exposure	Yes	barba_crescit_caput_nescit
exposure	CTDC-PARTICIPANT-252535	CTDC-EXPOSURE-133196	Radiation Exposure	Yes	a_bene_placito
exposure	CTDC-PARTICIPANT-546823	CTDC-EXPOSURE-140786	Smokeless Tobacco Exposure	Yes	Macte_animo_Generose_puer_sic_itur_ad_astra
exposure	CTDC-PARTICIPANT-600574	CTDC-EXPOSURE-518290	Chemical Exposure	Yes	scientiae_et_patriae
exposure	CTDC-PARTICIPANT-515350	CTDC-EXPOSURE-234980	Marijuana Smoke Exposure	Unknown	Macte_animo_Generose_puer_sic_itur_ad_astra
exposure	CTDC-PARTICIPANT-896368	CTDC-EXPOSURE-951920	Tobacco Related Exposure	Unknown	haec_olim_meminisse_iuvabit
exposure	CTDC-PARTICIPANT-362194	CTDC-EXPOSURE-740427	Chemical Exposure	Unknown	scientia,_aere_perennius
exposure	CTDC-PARTICIPANT-230105	CTDC-EXPOSURE-758680	Tobacco Related Exposure	Unknown	pace_tua
exposure	CTDC-PARTICIPANT-153310	CTDC-EXPOSURE-775107	Respirable Crystalline Silica Exposure	Yes	saltus_in_demonstrando
exposure	CTDC-PARTICIPANT-579483	CTDC-EXPOSURE-192988	Chemical Exposure	Yes	barba_crescit_caput_nescit
exposure	CTDC-PARTICIPANT-967644	CTDC-EXPOSURE-100964	Respirable Crystalline Silica Exposure	Yes	scientia_et_sapientia
exposure	CTDC-PARTICIPANT-779080	CTDC-EXPOSURE-639420	Chemical Exposure	Unknown	sapiens_qui_prospicit
exposure	CTDC-PARTICIPANT-385675	CTDC-EXPOSURE-396736	Wood Dust Exposure	Yes	Gallia_est_omnis_divisa_in_partes_tres
exposure	CTDC-PARTICIPANT-618008	CTDC-EXPOSURE-288081	Chemical Exposure	Yes	scientia,_aere_perennius
exposure	CTDC-PARTICIPANT-434022	CTDC-EXPOSURE-807095	Tobacco Related Exposure	No	scientia_et_sapientia
exposure	CTDC-PARTICIPANT-152891	CTDC-EXPOSURE-226532	Smokeless Tobacco Exposure	Yes	labor_ipse_voluptas
exposure	CTDC-PARTICIPANT-563856	CTDC-EXPOSURE-172393	Chemical Exposure	Yes	scientia_et_sapientia
exposure	CTDC-PARTICIPANT-633383	CTDC-EXPOSURE-479446	Tobacco Related Exposure	Unknown	sapiens_qui_prospicit
exposure	CTDC-PARTICIPANT-361715	CTDC-EXPOSURE-389982	Chemical Exposure	Yes	Gallia_est_omnis_divisa_in_partes_tres
exposure	CTDC-PARTICIPANT-413496	CTDC-EXPOSURE-877911	Asbestos Exposure	Yes	faber_est_suae_quisque_fortunae
exposure	CTDC-PARTICIPANT-313976	CTDC-EXPOSURE-334642	Wood Dust Exposure	No	scientia_et_labor
exposure	CTDC-PARTICIPANT-181398	CTDC-EXPOSURE-173509	Tobacco Related Exposure	Yes	damnant_quod_non_intellegunt
exposure	CTDC-PARTICIPANT-541713	CTDC-EXPOSURE-405696	Marijuana Smoke Exposure	No	scientiae_cedit_mare
exposure	CTDC-PARTICIPANT-375128	CTDC-EXPOSURE-623526	Wood Dust Exposure	Unknown	O_Tite_tute_Tati_tibi_tanta_tyranne_tulisti
exposure	CTDC-PARTICIPANT-935764	CTDC-EXPOSURE-134510	Respirable Crystalline Silica Exposure	Yes	scientia_et_labor
exposure	CTDC-PARTICIPANT-642396	CTDC-EXPOSURE-204335	Marijuana Smoke Exposure	Yes	scientia_imperii_decus_et_tutamen
exposure	CTDC-PARTICIPANT-965342	CTDC-EXPOSURE-519171	Asbestos Exposure	Unknown	e_causa_ignota
exposure	CTDC-PARTICIPANT-515838	CTDC-EXPOSURE-237496	Tobacco Related Exposure	Yes	barba_crescit_caput_nescit
exposure	CTDC-PARTICIPANT-246630	CTDC-EXPOSURE-132227	Radiation Exposure	Yes	id_quod_plerumque_accidit
exposure	CTDC-PARTICIPANT-914906	CTDC-EXPOSURE-787697	Chemical Exposure	Yes	scientiae_et_patriae
exposure	CTDC-PARTICIPANT-996697	CTDC-EXPOSURE-472964	Smokeless Tobacco Exposure	Unknown	pace_tua
exposure	CTDC-PARTICIPANT-990858	CTDC-EXPOSURE-478308	Radiation Exposure	Unknown	scientia_et_sapientia
exposure	CTDC-PARTICIPANT-311756	CTDC-EXPOSURE-337819	Chemical Exposure	No	O_Tite_tute_Tati_tibi_tanta_tyranne_tulisti
exposure	CTDC-PARTICIPANT-998159	CTDC-EXPOSURE-334415	Radon Exposure	Unknown	imperium_in_imperio
exposure	CTDC-PARTICIPANT-619107	CTDC-EXPOSURE-696677	Chemical Exposure	No	nascentes_morimur_finisque_ab_origine_pendet
exposure	CTDC-PARTICIPANT-967168	CTDC-EXPOSURE-551208	Radon Exposure	Unknown	scientia_et_labor
exposure	CTDC-PARTICIPANT-459821	CTDC-EXPOSURE-371529	Tobacco Related Exposure	No	pace_tua
exposure	CTDC-PARTICIPANT-828023	CTDC-EXPOSURE-442883	Smoke Exposure	Yes	barba_crescit_caput_nescit
exposure	CTDC-PARTICIPANT-712034	CTDC-EXPOSURE-804539	Radon Exposure	No	scientiae_cedit_mare
exposure	CTDC-PARTICIPANT-462972	CTDC-EXPOSURE-210486	Asbestos Exposure	Unknown	scientia_imperii_decus_et_tutamen
exposure	CTDC-PARTICIPANT-312749	CTDC-EXPOSURE-130644	Chemical Exposure	No	barba_crescit_caput_nescit
exposure	CTDC-PARTICIPANT-990328	CTDC-EXPOSURE-354438	Wood Dust Exposure	Yes	a_bene_placito
exposure	CTDC-PARTICIPANT-310032	CTDC-EXPOSURE-482482	Tobacco Related Exposure	No	Obedientia_civium_urbis_felicitas
exposure	CTDC-PARTICIPANT-454476	CTDC-EXPOSURE-328205	Respirable Crystalline Silica Exposure	Yes	scientia_imperii_decus_et_tutamen
exposure	CTDC-PARTICIPANT-647057	CTDC-EXPOSURE-121395	Asbestos Exposure	Unknown	scientia_imperii_decus_et_tutamen
exposure	CTDC-PARTICIPANT-732783	CTDC-EXPOSURE-418592	Radiation Exposure	Yes	scientia_imperii_decus_et_tutamen
exposure	CTDC-PARTICIPANT-647189	CTDC-EXPOSURE-135706	Radon Exposure	Unknown	Obedientia_civium_urbis_felicitas
exposure	CTDC-PARTICIPANT-676963	CTDC-EXPOSURE-343071	Respirable Crystalline Silica Exposure	No	Obedientia_civium_urbis_felicitas
exposure	CTDC-PARTICIPANT-971299	CTDC-EXPOSURE-227140	Wood Dust Exposure	Unknown	salus_in_arduis
exposure	CTDC-PARTICIPANT-888011	CTDC-EXPOSURE-440520	Respirable Crystalline Silica Exposure	No	salus_in_arduis
exposure	CTDC-PARTICIPANT-836519	CTDC-EXPOSURE-202376	Radon Exposure	No	imperium_in_imperio
exposure	CTDC-PARTICIPANT-699815	CTDC-EXPOSURE-741149	Asbestos Exposure	Yes	id_quod_plerumque_accidit
exposure	CTDC-PARTICIPANT-184105	CTDC-EXPOSURE-936439	Wood Dust Exposure	No	nascentes_morimur_finisque_ab_origine_pendet
exposure	CTDC-PARTICIPANT-698815	CTDC-EXPOSURE-626017	Respirable Crystalline Silica Exposure	Yes	O_Tite_tute_Tati_tibi_tanta_tyranne_tulisti
exposure	CTDC-PARTICIPANT-882747	CTDC-EXPOSURE-233795	Smoke Exposure	Yes	labor_ipse_voluptas
exposure	CTDC-PARTICIPANT-786561	CTDC-EXPOSURE-240342	Chemical Exposure	Yes	Gallia_est_omnis_divisa_in_partes_tres
exposure	CTDC-PARTICIPANT-867798	CTDC-EXPOSURE-948026	Marijuana Smoke Exposure	No	id_quod_plerumque_accidit
exposure	CTDC-PARTICIPANT-392396	CTDC-EXPOSURE-675359	Marijuana Smoke Exposure	Yes	labor_ipse_voluptas
exposure	CTDC-PARTICIPANT-392396	CTDC-EXPOSURE-318488	Asbestos Exposure	Yes	scientia_et_sapientia
exposure	CTDC-PARTICIPANT-392396	CTDC-EXPOSURE-271836	Marijuana Smoke Exposure	Unknown	saltus_in_demonstrando
exposure	CTDC-PARTICIPANT-392396	CTDC-EXPOSURE-384196	Respirable Crystalline Silica Exposure	Unknown	scientia_et_labor
exposure	CTDC-PARTICIPANT-392396	CTDC-EXPOSURE-480931	Tobacco Related Exposure	Yes	scientiae_cedit_mare
exposure	CTDC-PARTICIPANT-392396	CTDC-EXPOSURE-648287	Radon Exposure	Unknown	scientia_et_labor
exposure	CTDC-PARTICIPANT-392396	CTDC-EXPOSURE-764388	Radiation Exposure	No	sapiens_qui_prospicit
exposure	CTDC-PARTICIPANT-392396	CTDC-EXPOSURE-525353	Tobacco Related Exposure	No	damnant_quod_non_intellegunt
exposure	CTDC-PARTICIPANT-392396	CTDC-EXPOSURE-757104	Tobacco Related Exposure	Unknown	id_quod_plerumque_accidit
exposure	CTDC-PARTICIPANT-392396	CTDC-EXPOSURE-836267	Wood Dust Exposure	Unknown	Obedientia_civium_urbis_felicitas
exposure	CTDC-PARTICIPANT-392396	CTDC-EXPOSURE-130013	Respirable Crystalline Silica Exposure	Yes	sapiens_qui_prospicit
exposure	CTDC-PARTICIPANT-392396	CTDC-EXPOSURE-616305	Radiation Exposure	No	faber_est_suae_quisque_fortunae
exposure	CTDC-PARTICIPANT-392396	CTDC-EXPOSURE-247863	Tobacco Related Exposure	Yes	faber_est_suae_quisque_fortunae
exposure	CTDC-PARTICIPANT-392396	CTDC-EXPOSURE-228520	Wood Dust Exposure	Yes	scientiae_et_patriae
exposure	CTDC-PARTICIPANT-392396	CTDC-EXPOSURE-605340	Chemical Exposure	No	scientiae_cedit_mare
exposure	CTDC-PARTICIPANT-392396	CTDC-EXPOSURE-314269	Asbestos Exposure	Yes	scientiae_cedit_mare
exposure	CTDC-PARTICIPANT-392396	CTDC-EXPOSURE-943548	Smokeless Tobacco Exposure	No	Macte_animo_Generose_puer_sic_itur_ad_astra
exposure	CTDC-PARTICIPANT-392396	CTDC-EXPOSURE-672626	Marijuana Smoke Exposure	No	scientia_et_labor
exposure	CTDC-PARTICIPANT-392396	CTDC-EXPOSURE-117489	Chemical Exposure	Unknown	scientiae_cedit_mare
exposure	CTDC-PARTICIPANT-392396	CTDC-EXPOSURE-182555	Radiation Exposure	No	cacatum_non_est_pictum
exposure	CTDC-PARTICIPANT-392396	CTDC-EXPOSURE-547025	Smokeless Tobacco Exposure	Yes	a_bene_placito
exposure	CTDC-PARTICIPANT-392396	CTDC-EXPOSURE-582554	Radon Exposure	No	scientia_et_labor
exposure	CTDC-PARTICIPANT-392396	CTDC-EXPOSURE-764103	Marijuana Smoke Exposure	Yes	cacatum_non_est_pictum
exposure	CTDC-PARTICIPANT-392396	CTDC-EXPOSURE-904239	Smokeless Tobacco Exposure	Yes	scientia_et_labor
exposure	CTDC-PARTICIPANT-392396	CTDC-EXPOSURE-952968	Tobacco Related Exposure	No	a_bene_placito
exposure	CTDC-PARTICIPANT-392396	CTDC-EXPOSURE-911795	Wood Dust Exposure	Unknown	saltus_in_demonstrando
exposure	CTDC-PARTICIPANT-392396	CTDC-EXPOSURE-301104	Chemical Exposure	Yes	e_causa_ignota
exposure	CTDC-PARTICIPANT-392396	CTDC-EXPOSURE-970662	Smoke Exposure	Yes	haec_olim_meminisse_iuvabit
exposure	CTDC-PARTICIPANT-392396	CTDC-EXPOSURE-463277	Smoke Exposure	No	a_bene_placito
exposure	CTDC-PARTICIPANT-392396	CTDC-EXPOSURE-986251	Chemical Exposure	No	barba_crescit_caput_nescit
exposure	CTDC-PARTICIPANT-392396	CTDC-EXPOSURE-102500	Smokeless Tobacco Exposure	Yes	a_bene_placito
exposure	CTDC-PARTICIPANT-392396	CTDC-EXPOSURE-495070	Tobacco Related Exposure	No	labor_ipse_voluptas
exposure	CTDC-PARTICIPANT-392396	CTDC-EXPOSURE-940193	Radon Exposure	Yes	scientia_et_labor
exposure	CTDC-PARTICIPANT-392396	CTDC-EXPOSURE-214348	Respirable Crystalline Silica Exposure	Yes	nascentes_morimur_finisque_ab_origine_pendet
exposure	CTDC-PARTICIPANT-392396	CTDC-EXPOSURE-734905	Radiation Exposure	Unknown	e_causa_ignota
exposure	CTDC-PARTICIPANT-392396	CTDC-EXPOSURE-546561	Smokeless Tobacco Exposure	No	damnant_quod_non_intellegunt
exposure	CTDC-PARTICIPANT-392396	CTDC-EXPOSURE-770994	Marijuana Smoke Exposure	No	labor_ipse_voluptas
exposure	CTDC-PARTICIPANT-392396	CTDC-EXPOSURE-675135	Tobacco Related Exposure	Yes	imperium_in_imperio
exposure	CTDC-PARTICIPANT-392396	CTDC-EXPOSURE-747856	Chemical Exposure	Unknown	O_Tite_tute_Tati_tibi_tanta_tyranne_tulisti
exposure	CTDC-PARTICIPANT-392396	CTDC-EXPOSURE-114546	Radiation Exposure	No	scientia_et_sapientia
exposure	CTDC-PARTICIPANT-392396	CTDC-EXPOSURE-817095	Smokeless Tobacco Exposure	Unknown	e_causa_ignota
exposure	CTDC-PARTICIPANT-392396	CTDC-EXPOSURE-880961	Wood Dust Exposure	Unknown	scientiae_et_patriae
exposure	CTDC-PARTICIPANT-392396	CTDC-EXPOSURE-754198	Marijuana Smoke Exposure	Yes	scientiae_cedit_mare
exposure	CTDC-PARTICIPANT-392396	CTDC-EXPOSURE-908637	Marijuana Smoke Exposure	Unknown	sapiens_qui_prospicit
exposure	CTDC-PARTICIPANT-392396	CTDC-EXPOSURE-975160	Radiation Exposure	Unknown	salus_in_arduis
exposure	CTDC-PARTICIPANT-392396	CTDC-EXPOSURE-750109	Wood Dust Exposure	Yes	sapiens_qui_prospicit
exposure	CTDC-PARTICIPANT-392396	CTDC-EXPOSURE-763444	Smoke Exposure	No	Macte_animo_Generose_puer_sic_itur_ad_astra
exposure	CTDC-PARTICIPANT-392396	CTDC-EXPOSURE-586948	Radon Exposure	No	e_causa_ignota
exposure	CTDC-PARTICIPANT-392396	CTDC-EXPOSURE-845390	Wood Dust Exposure	Yes	Obedientia_civium_urbis_felicitas
exposure	CTDC-PARTICIPANT-392396	CTDC-EXPOSURE-601166	Marijuana Smoke Exposure	Unknown	scientiae_et_patriae
exposure	CTDC-PARTICIPANT-392396	CTDC-EXPOSURE-671686	Smoke Exposure	Yes	imperium_in_imperio
