type	participant.participant_id	exposure_record_id	environmental_exposure_type	carcinogen_exposure	crdc_id
exposure	CTDC-PARTICIPANT-641111	CTDC-EXPOSURE-236142	Marijuana Smoke Exposure	Unknown	saltus_in_demonstrando
exposure	CTDC-PARTICIPANT-429411	CTDC-EXPOSURE-700005	Tobacco Related Exposure	No	labor_ipse_voluptas
exposure	CTDC-PARTICIPANT-209642	CTDC-EXPOSURE-362223	Wood Dust Exposure	Yes	scientiae_cedit_mare
exposure	CTDC-PARTICIPANT-482694	CTDC-EXPOSURE-994817	Wood Dust Exposure	Unknown	e_causa_ignota
exposure	CTDC-PARTICIPANT-301326	CTDC-EXPOSURE-395855	Tobacco Related Exposure	Unknown	id_quod_plerumque_accidit
exposure	CTDC-PARTICIPANT-449539	CTDC-EXPOSURE-582718	Tobacco Related Exposure	Yes	scientiae_cedit_mare
exposure	CTDC-PARTICIPANT-340275	CTDC-EXPOSURE-100594	Marijuana Smoke Exposure	Yes	sapiens_qui_prospicit
exposure	CTDC-PARTICIPANT-198783	CTDC-EXPOSURE-744630	Smoke Exposure	Unknown	Macte_animo_Generose_puer_sic_itur_ad_astra
exposure	CTDC-PARTICIPANT-786373	CTDC-EXPOSURE-378384	Respirable Crystalline Silica Exposure	No	a_bene_placito
exposure	CTDC-PARTICIPANT-791713	CTDC-EXPOSURE-983830	Tobacco Related Exposure	Unknown	nanos_gigantum_humeris_insidentes
exposure	CTDC-PARTICIPANT-671238	CTDC-EXPOSURE-296554	Asbestos Exposure	Unknown	scientia_imperii_decus_et_tutamen
exposure	CTDC-PARTICIPANT-371594	CTDC-EXPOSURE-481097	Wood Dust Exposure	No	barba_crescit_caput_nescit
exposure	CTDC-PARTICIPANT-584849	CTDC-EXPOSURE-421467	Wood Dust Exposure	Unknown	scientiae_cedit_mare
exposure	CTDC-PARTICIPANT-513457	CTDC-EXPOSURE-310894	Asbestos Exposure	No	scientia_imperii_decus_et_tutamen
exposure	CTDC-PARTICIPANT-286805	CTDC-EXPOSURE-399189	Smokeless Tobacco Exposure	Yes	scientia_et_labor
exposure	CTDC-PARTICIPANT-360661	CTDC-EXPOSURE-267547	Chemical Exposure	No	e_causa_ignota
exposure	CTDC-PARTICIPANT-208381	CTDC-EXPOSURE-719772	Smoke Exposure	Unknown	salus_in_arduis
exposure	CTDC-PARTICIPANT-149549	CTDC-EXPOSURE-355649	Wood Dust Exposure	No	imperium_in_imperio
exposure	CTDC-PARTICIPANT-607722	CTDC-EXPOSURE-945230	Chemical Exposure	Unknown	salus_in_arduis
exposure	CTDC-PARTICIPANT-968052	CTDC-EXPOSURE-687097	Tobacco Related Exposure	No	saltus_in_demonstrando
exposure	CTDC-PARTICIPANT-273892	CTDC-EXPOSURE-201447	Smokeless Tobacco Exposure	Unknown	e_causa_ignota
exposure	CTDC-PARTICIPANT-599675	CTDC-EXPOSURE-515964	Respirable Crystalline Silica Exposure	Yes	haec_olim_meminisse_iuvabit
exposure	CTDC-PARTICIPANT-389190	CTDC-EXPOSURE-378683	Smokeless Tobacco Exposure	Unknown	scientia,_aere_perennius
exposure	CTDC-PARTICIPANT-992012	CTDC-EXPOSURE-650557	Tobacco Related Exposure	No	nanos_gigantum_humeris_insidentes
exposure	CTDC-PARTICIPANT-322813	CTDC-EXPOSURE-373264	Respirable Crystalline Silica Exposure	No	nascentes_morimur_finisque_ab_origine_pendet
exposure	CTDC-PARTICIPANT-563302	CTDC-EXPOSURE-202455	Asbestos Exposure	Yes	O_Tite_tute_Tati_tibi_tanta_tyranne_tulisti
exposure	CTDC-PARTICIPANT-449980	CTDC-EXPOSURE-401506	Radiation Exposure	Yes	scientiae_et_patriae
exposure	CTDC-PARTICIPANT-863646	CTDC-EXPOSURE-807107	Asbestos Exposure	Yes	scientiae_cedit_mare
exposure	CTDC-PARTICIPANT-365305	CTDC-EXPOSURE-861153	Radon Exposure	No	imperium_in_imperio
exposure	CTDC-PARTICIPANT-684111	CTDC-EXPOSURE-905561	Radon Exposure	Unknown	id_quod_plerumque_accidit
exposure	CTDC-PARTICIPANT-891914	CTDC-EXPOSURE-251481	Chemical Exposure	Yes	barba_crescit_caput_nescit
exposure	CTDC-PARTICIPANT-486601	CTDC-EXPOSURE-724855	Tobacco Related Exposure	No	labor_ipse_voluptas
exposure	CTDC-PARTICIPANT-531064	CTDC-EXPOSURE-501088	Asbestos Exposure	Yes	imperium_in_imperio
exposure	CTDC-PARTICIPANT-929629	CTDC-EXPOSURE-117933	Radon Exposure	Unknown	salus_in_arduis
exposure	CTDC-PARTICIPANT-667747	CTDC-EXPOSURE-128407	Smokeless Tobacco Exposure	Yes	salus_in_arduis
exposure	CTDC-PARTICIPANT-270141	CTDC-EXPOSURE-715304	Marijuana Smoke Exposure	Unknown	nanos_gigantum_humeris_insidentes
exposure	CTDC-PARTICIPANT-779049	CTDC-EXPOSURE-313621	Asbestos Exposure	Unknown	Obedientia_civium_urbis_felicitas
exposure	CTDC-PARTICIPANT-297073	CTDC-EXPOSURE-586303	Tobacco Related Exposure	No	imperium_in_imperio
exposure	CTDC-PARTICIPANT-749799	CTDC-EXPOSURE-151341	Smoke Exposure	Yes	pace_tua
exposure	CTDC-PARTICIPANT-922401	CTDC-EXPOSURE-798877	Asbestos Exposure	No	scientiae_cedit_mare
exposure	CTDC-PARTICIPANT-382937	CTDC-EXPOSURE-346593	Asbestos Exposure	Unknown	labor_ipse_voluptas
exposure	CTDC-PARTICIPANT-294142	CTDC-EXPOSURE-862185	Radon Exposure	Yes	O_Tite_tute_Tati_tibi_tanta_tyranne_tulisti
exposure	CTDC-PARTICIPANT-690107	CTDC-EXPOSURE-690450	Smokeless Tobacco Exposure	Yes	sapiens_qui_prospicit
exposure	CTDC-PARTICIPANT-366120	CTDC-EXPOSURE-227176	Smoke Exposure	No	pace_tua
exposure	CTDC-PARTICIPANT-638488	CTDC-EXPOSURE-348765	Radiation Exposure	No	scientiae_cedit_mare
exposure	CTDC-PARTICIPANT-314138	CTDC-EXPOSURE-205000	Radon Exposure	No	haec_olim_meminisse_iuvabit
exposure	CTDC-PARTICIPANT-938247	CTDC-EXPOSURE-628363	Asbestos Exposure	No	pace_tua
exposure	CTDC-PARTICIPANT-791745	CTDC-EXPOSURE-967605	Smoke Exposure	Yes	scientia_imperii_decus_et_tutamen
exposure	CTDC-PARTICIPANT-817733	CTDC-EXPOSURE-679013	Chemical Exposure	Yes	Gallia_est_omnis_divisa_in_partes_tres
exposure	CTDC-PARTICIPANT-254156	CTDC-EXPOSURE-276427	Wood Dust Exposure	Yes	labor_ipse_voluptas
exposure	CTDC-PARTICIPANT-207908	CTDC-EXPOSURE-582260	Tobacco Related Exposure	Yes	sapiens_qui_prospicit
exposure	CTDC-PARTICIPANT-536513	CTDC-EXPOSURE-455924	Smoke Exposure	Yes	haec_olim_meminisse_iuvabit
exposure	CTDC-PARTICIPANT-353582	CTDC-EXPOSURE-184130	Chemical Exposure	No	damnant_quod_non_intellegunt
exposure	CTDC-PARTICIPANT-970835	CTDC-EXPOSURE-201899	Radon Exposure	Unknown	pace_tua
exposure	CTDC-PARTICIPANT-380250	CTDC-EXPOSURE-154201	Chemical Exposure	No	pace_tua
exposure	CTDC-PARTICIPANT-824360	CTDC-EXPOSURE-400383	Radiation Exposure	Yes	Obedientia_civium_urbis_felicitas
exposure	CTDC-PARTICIPANT-519155	CTDC-EXPOSURE-216794	Asbestos Exposure	No	haec_olim_meminisse_iuvabit
exposure	CTDC-PARTICIPANT-830585	CTDC-EXPOSURE-608684	Radiation Exposure	Unknown	scientiae_et_patriae
exposure	CTDC-PARTICIPANT-641275	CTDC-EXPOSURE-297934	Smokeless Tobacco Exposure	Yes	Gallia_est_omnis_divisa_in_partes_tres
exposure	CTDC-PARTICIPANT-457741	CTDC-EXPOSURE-724428	Tobacco Related Exposure	Unknown	faber_est_suae_quisque_fortunae
exposure	CTDC-PARTICIPANT-523680	CTDC-EXPOSURE-740940	Radon Exposure	Unknown	pace_tua
exposure	CTDC-PARTICIPANT-234308	CTDC-EXPOSURE-737464	Chemical Exposure	Unknown	Macte_animo_Generose_puer_sic_itur_ad_astra
exposure	CTDC-PARTICIPANT-432039	CTDC-EXPOSURE-745039	Radon Exposure	Unknown	nascentes_morimur_finisque_ab_origine_pendet
exposure	CTDC-PARTICIPANT-573467	CTDC-EXPOSURE-224583	Radon Exposure	Yes	id_quod_plerumque_accidit
exposure	CTDC-PARTICIPANT-957799	CTDC-EXPOSURE-798616	Marijuana Smoke Exposure	Unknown	sapiens_qui_prospicit
exposure	CTDC-PARTICIPANT-111060	CTDC-EXPOSURE-481170	Respirable Crystalline Silica Exposure	Unknown	Obedientia_civium_urbis_felicitas
exposure	CTDC-PARTICIPANT-595441	CTDC-EXPOSURE-362814	Marijuana Smoke Exposure	Unknown	imperium_in_imperio
exposure	CTDC-PARTICIPANT-541554	CTDC-EXPOSURE-310006	Radon Exposure	Yes	O_Tite_tute_Tati_tibi_tanta_tyranne_tulisti
exposure	CTDC-PARTICIPANT-330696	CTDC-EXPOSURE-551328	Smokeless Tobacco Exposure	No	labor_ipse_voluptas
exposure	CTDC-PARTICIPANT-668935	CTDC-EXPOSURE-823870	Smokeless Tobacco Exposure	Yes	nanos_gigantum_humeris_insidentes
exposure	CTDC-PARTICIPANT-204363	CTDC-EXPOSURE-229596	Tobacco Related Exposure	No	nanos_gigantum_humeris_insidentes
exposure	CTDC-PARTICIPANT-340899	CTDC-EXPOSURE-300578	Respirable Crystalline Silica Exposure	Unknown	e_causa_ignota
exposure	CTDC-PARTICIPANT-129178	CTDC-EXPOSURE-373236	Respirable Crystalline Silica Exposure	No	Gallia_est_omnis_divisa_in_partes_tres
exposure	CTDC-PARTICIPANT-701011	CTDC-EXPOSURE-915783	Wood Dust Exposure	No	Macte_animo_Generose_puer_sic_itur_ad_astra
exposure	CTDC-PARTICIPANT-530141	CTDC-EXPOSURE-707421	Radiation Exposure	Unknown	haec_olim_meminisse_iuvabit
exposure	CTDC-PARTICIPANT-707432	CTDC-EXPOSURE-395252	Smoke Exposure	No	scientia_imperii_decus_et_tutamen
exposure	CTDC-PARTICIPANT-960610	CTDC-EXPOSURE-537435	Marijuana Smoke Exposure	No	scientiae_et_patriae
exposure	CTDC-PARTICIPANT-353052	CTDC-EXPOSURE-532118	Smoke Exposure	Yes	salus_in_arduis
exposure	CTDC-PARTICIPANT-259646	CTDC-EXPOSURE-171253	Smokeless Tobacco Exposure	No	faber_est_suae_quisque_fortunae
exposure	CTDC-PARTICIPANT-995400	CTDC-EXPOSURE-447740	Smoke Exposure	Unknown	saltus_in_demonstrando
exposure	CTDC-PARTICIPANT-315263	CTDC-EXPOSURE-897014	Respirable Crystalline Silica Exposure	Unknown	barba_crescit_caput_nescit
exposure	CTDC-PARTICIPANT-312873	CTDC-EXPOSURE-354108	Radon Exposure	No	e_causa_ignota
exposure	CTDC-PARTICIPANT-233585	CTDC-EXPOSURE-549559	Asbestos Exposure	Unknown	sapiens_qui_prospicit
exposure	CTDC-PARTICIPANT-665346	CTDC-EXPOSURE-574695	Smokeless Tobacco Exposure	Yes	Obedientia_civium_urbis_felicitas
exposure	CTDC-PARTICIPANT-141586	CTDC-EXPOSURE-973440	Wood Dust Exposure	Unknown	a_bene_placito
exposure	CTDC-PARTICIPANT-855122	CTDC-EXPOSURE-784199	Smoke Exposure	Unknown	scientia_et_labor
exposure	CTDC-PARTICIPANT-498655	CTDC-EXPOSURE-340870	Smoke Exposure	Unknown	e_causa_ignota
exposure	CTDC-PARTICIPANT-929749	CTDC-EXPOSURE-212226	Tobacco Related Exposure	Yes	scientia_et_labor
exposure	CTDC-PARTICIPANT-778982	CTDC-EXPOSURE-885865	Radon Exposure	No	nanos_gigantum_humeris_insidentes
exposure	CTDC-PARTICIPANT-881373	CTDC-EXPOSURE-544412	Smokeless Tobacco Exposure	No	labor_ipse_voluptas
exposure	CTDC-PARTICIPANT-632335	CTDC-EXPOSURE-598672	Respirable Crystalline Silica Exposure	No	nascentes_morimur_finisque_ab_origine_pendet
exposure	CTDC-PARTICIPANT-374124	CTDC-EXPOSURE-212759	Radiation Exposure	No	scientiae_cedit_mare
exposure	CTDC-PARTICIPANT-585675	CTDC-EXPOSURE-892750	Chemical Exposure	Unknown	scientiae_cedit_mare
exposure	CTDC-PARTICIPANT-456060	CTDC-EXPOSURE-232041	Smokeless Tobacco Exposure	Unknown	pace_tua
exposure	CTDC-PARTICIPANT-413222	CTDC-EXPOSURE-419483	Marijuana Smoke Exposure	No	O_Tite_tute_Tati_tibi_tanta_tyranne_tulisti
exposure	CTDC-PARTICIPANT-820287	CTDC-EXPOSURE-983688	Marijuana Smoke Exposure	Unknown	scientia_imperii_decus_et_tutamen
exposure	CTDC-PARTICIPANT-731336	CTDC-EXPOSURE-842412	Respirable Crystalline Silica Exposure	No	scientiae_cedit_mare
exposure	CTDC-PARTICIPANT-872635	CTDC-EXPOSURE-700080	Asbestos Exposure	Yes	cacatum_non_est_pictum
exposure	CTDC-PARTICIPANT-598811	CTDC-EXPOSURE-671806	Radon Exposure	Yes	scientia,_aere_perennius
exposure	CTDC-PARTICIPANT-694406	CTDC-EXPOSURE-149522	Smokeless Tobacco Exposure	Yes	damnant_quod_non_intellegunt
exposure	CTDC-PARTICIPANT-125315	CTDC-EXPOSURE-542322	Respirable Crystalline Silica Exposure	Yes	labor_ipse_voluptas
exposure	CTDC-PARTICIPANT-713422	CTDC-EXPOSURE-245460	Tobacco Related Exposure	No	scientiae_cedit_mare
exposure	CTDC-PARTICIPANT-588711	CTDC-EXPOSURE-930664	Radon Exposure	Yes	nascentes_morimur_finisque_ab_origine_pendet
exposure	CTDC-PARTICIPANT-544291	CTDC-EXPOSURE-491284	Radon Exposure	Yes	scientia_et_labor
exposure	CTDC-PARTICIPANT-315000	CTDC-EXPOSURE-277687	Asbestos Exposure	No	imperium_in_imperio
exposure	CTDC-PARTICIPANT-751219	CTDC-EXPOSURE-445215	Radiation Exposure	Unknown	Macte_animo_Generose_puer_sic_itur_ad_astra
exposure	CTDC-PARTICIPANT-688579	CTDC-EXPOSURE-516210	Smoke Exposure	No	nanos_gigantum_humeris_insidentes
exposure	CTDC-PARTICIPANT-508271	CTDC-EXPOSURE-212813	Respirable Crystalline Silica Exposure	No	faber_est_suae_quisque_fortunae
exposure	CTDC-PARTICIPANT-283939	CTDC-EXPOSURE-732920	Respirable Crystalline Silica Exposure	Yes	id_quod_plerumque_accidit
exposure	CTDC-PARTICIPANT-817899	CTDC-EXPOSURE-976741	Radiation Exposure	Yes	scientia,_aere_perennius
exposure	CTDC-PARTICIPANT-734618	CTDC-EXPOSURE-805244	Asbestos Exposure	Yes	scientia_imperii_decus_et_tutamen
exposure	CTDC-PARTICIPANT-687386	CTDC-EXPOSURE-342667	Asbestos Exposure	Unknown	Obedientia_civium_urbis_felicitas
exposure	CTDC-PARTICIPANT-167854	CTDC-EXPOSURE-235446	Respirable Crystalline Silica Exposure	Unknown	scientia,_aere_perennius
exposure	CTDC-PARTICIPANT-710214	CTDC-EXPOSURE-262848	Respirable Crystalline Silica Exposure	No	nascentes_morimur_finisque_ab_origine_pendet
exposure	CTDC-PARTICIPANT-438817	CTDC-EXPOSURE-303681	Smokeless Tobacco Exposure	Unknown	damnant_quod_non_intellegunt
exposure	CTDC-PARTICIPANT-492236	CTDC-EXPOSURE-944652	Tobacco Related Exposure	Yes	damnant_quod_non_intellegunt
exposure	CTDC-PARTICIPANT-831175	CTDC-EXPOSURE-796592	Chemical Exposure	Unknown	barba_crescit_caput_nescit
exposure	CTDC-PARTICIPANT-164613	CTDC-EXPOSURE-621207	Wood Dust Exposure	Unknown	scientia_et_labor
exposure	CTDC-PARTICIPANT-297317	CTDC-EXPOSURE-797784	Chemical Exposure	Unknown	scientia_et_labor
exposure	CTDC-PARTICIPANT-694822	CTDC-EXPOSURE-178715	Smokeless Tobacco Exposure	Unknown	pace_tua
exposure	CTDC-PARTICIPANT-817795	CTDC-EXPOSURE-369427	Radon Exposure	Unknown	Gallia_est_omnis_divisa_in_partes_tres
exposure	CTDC-PARTICIPANT-907386	CTDC-EXPOSURE-282981	Smoke Exposure	No	barba_crescit_caput_nescit
exposure	CTDC-PARTICIPANT-555289	CTDC-EXPOSURE-629854	Tobacco Related Exposure	No	saltus_in_demonstrando
exposure	CTDC-PARTICIPANT-849475	CTDC-EXPOSURE-666593	Respirable Crystalline Silica Exposure	No	saltus_in_demonstrando
exposure	CTDC-PARTICIPANT-950504	CTDC-EXPOSURE-819089	Radiation Exposure	Yes	saltus_in_demonstrando
exposure	CTDC-PARTICIPANT-356630	CTDC-EXPOSURE-449757	Radon Exposure	Unknown	pace_tua
exposure	CTDC-PARTICIPANT-997361	CTDC-EXPOSURE-626510	Smokeless Tobacco Exposure	Unknown	barba_crescit_caput_nescit
exposure	CTDC-PARTICIPANT-904557	CTDC-EXPOSURE-354402	Asbestos Exposure	No	salus_in_arduis
exposure	CTDC-PARTICIPANT-442456	CTDC-EXPOSURE-448483	Smoke Exposure	No	faber_est_suae_quisque_fortunae
exposure	CTDC-PARTICIPANT-350920	CTDC-EXPOSURE-185604	Smokeless Tobacco Exposure	No	nascentes_morimur_finisque_ab_origine_pendet
exposure	CTDC-PARTICIPANT-384798	CTDC-EXPOSURE-342450	Respirable Crystalline Silica Exposure	Yes	salus_in_arduis
exposure	CTDC-PARTICIPANT-241999	CTDC-EXPOSURE-877870	Marijuana Smoke Exposure	No	Gallia_est_omnis_divisa_in_partes_tres
exposure	CTDC-PARTICIPANT-320397	CTDC-EXPOSURE-299020	Marijuana Smoke Exposure	No	labor_ipse_voluptas
exposure	CTDC-PARTICIPANT-343299	CTDC-EXPOSURE-715546	Smoke Exposure	Yes	O_Tite_tute_Tati_tibi_tanta_tyranne_tulisti
exposure	CTDC-PARTICIPANT-559279	CTDC-EXPOSURE-623749	Smoke Exposure	No	e_causa_ignota
exposure	CTDC-PARTICIPANT-588655	CTDC-EXPOSURE-294410	Marijuana Smoke Exposure	Yes	imperium_in_imperio
exposure	CTDC-PARTICIPANT-941268	CTDC-EXPOSURE-609765	Wood Dust Exposure	Yes	sapiens_qui_prospicit
exposure	CTDC-PARTICIPANT-114882	CTDC-EXPOSURE-341245	Tobacco Related Exposure	No	scientia_imperii_decus_et_tutamen
exposure	CTDC-PARTICIPANT-421806	CTDC-EXPOSURE-879063	Radiation Exposure	No	scientiae_cedit_mare
exposure	CTDC-PARTICIPANT-831231	CTDC-EXPOSURE-923625	Radiation Exposure	Yes	id_quod_plerumque_accidit
exposure	CTDC-PARTICIPANT-403816	CTDC-EXPOSURE-699729	Marijuana Smoke Exposure	No	scientia,_aere_perennius
exposure	CTDC-PARTICIPANT-662249	CTDC-EXPOSURE-848551	Radon Exposure	Unknown	a_bene_placito
exposure	CTDC-PARTICIPANT-633930	CTDC-EXPOSURE-751684	Radon Exposure	Yes	nanos_gigantum_humeris_insidentes
exposure	CTDC-PARTICIPANT-100511	CTDC-EXPOSURE-602808	Asbestos Exposure	Yes	pace_tua
exposure	CTDC-PARTICIPANT-242408	CTDC-EXPOSURE-521745	Respirable Crystalline Silica Exposure	Unknown	scientiae_cedit_mare
exposure	CTDC-PARTICIPANT-431828	CTDC-EXPOSURE-947698	Smokeless Tobacco Exposure	No	imperium_in_imperio
exposure	CTDC-PARTICIPANT-758307	CTDC-EXPOSURE-305865	Wood Dust Exposure	Yes	Gallia_est_omnis_divisa_in_partes_tres
exposure	CTDC-PARTICIPANT-968512	CTDC-EXPOSURE-780930	Radon Exposure	Unknown	e_causa_ignota
exposure	CTDC-PARTICIPANT-642052	CTDC-EXPOSURE-524035	Marijuana Smoke Exposure	Yes	Obedientia_civium_urbis_felicitas
exposure	CTDC-PARTICIPANT-979933	CTDC-EXPOSURE-737205	Radon Exposure	No	sapiens_qui_prospicit
exposure	CTDC-PARTICIPANT-979933	CTDC-EXPOSURE-436866	Smokeless Tobacco Exposure	Unknown	scientiae_cedit_mare
exposure	CTDC-PARTICIPANT-979933	CTDC-EXPOSURE-934755	Wood Dust Exposure	Yes	e_causa_ignota
exposure	CTDC-PARTICIPANT-979933	CTDC-EXPOSURE-864441	Tobacco Related Exposure	No	scientiae_cedit_mare
exposure	CTDC-PARTICIPANT-979933	CTDC-EXPOSURE-603803	Respirable Crystalline Silica Exposure	Unknown	Macte_animo_Generose_puer_sic_itur_ad_astra
exposure	CTDC-PARTICIPANT-979933	CTDC-EXPOSURE-588324	Smoke Exposure	Yes	cacatum_non_est_pictum
exposure	CTDC-PARTICIPANT-979933	CTDC-EXPOSURE-310704	Asbestos Exposure	Unknown	sapiens_qui_prospicit
exposure	CTDC-PARTICIPANT-979933	CTDC-EXPOSURE-186016	Smokeless Tobacco Exposure	No	scientiae_et_patriae
exposure	CTDC-PARTICIPANT-979933	CTDC-EXPOSURE-502954	Respirable Crystalline Silica Exposure	Unknown	scientia_imperii_decus_et_tutamen
exposure	CTDC-PARTICIPANT-979933	CTDC-EXPOSURE-863620	Radiation Exposure	No	Gallia_est_omnis_divisa_in_partes_tres
exposure	CTDC-PARTICIPANT-979933	CTDC-EXPOSURE-679635	Chemical Exposure	Unknown	saltus_in_demonstrando
exposure	CTDC-PARTICIPANT-979933	CTDC-EXPOSURE-100490	Wood Dust Exposure	Unknown	cacatum_non_est_pictum
exposure	CTDC-PARTICIPANT-979933	CTDC-EXPOSURE-977242	Marijuana Smoke Exposure	No	nascentes_morimur_finisque_ab_origine_pendet
exposure	CTDC-PARTICIPANT-979933	CTDC-EXPOSURE-788878	Marijuana Smoke Exposure	Yes	a_bene_placito
exposure	CTDC-PARTICIPANT-979933	CTDC-EXPOSURE-260447	Tobacco Related Exposure	No	Gallia_est_omnis_divisa_in_partes_tres
exposure	CTDC-PARTICIPANT-979933	CTDC-EXPOSURE-175666	Marijuana Smoke Exposure	Unknown	scientia_imperii_decus_et_tutamen
exposure	CTDC-PARTICIPANT-979933	CTDC-EXPOSURE-158670	Radon Exposure	Unknown	scientia_imperii_decus_et_tutamen
exposure	CTDC-PARTICIPANT-979933	CTDC-EXPOSURE-310165	Smokeless Tobacco Exposure	Yes	e_causa_ignota
exposure	CTDC-PARTICIPANT-979933	CTDC-EXPOSURE-968929	Marijuana Smoke Exposure	Unknown	labor_ipse_voluptas
exposure	CTDC-PARTICIPANT-979933	CTDC-EXPOSURE-263278	Smoke Exposure	Yes	Macte_animo_Generose_puer_sic_itur_ad_astra
exposure	CTDC-PARTICIPANT-979933	CTDC-EXPOSURE-589525	Asbestos Exposure	Yes	cacatum_non_est_pictum
exposure	CTDC-PARTICIPANT-979933	CTDC-EXPOSURE-891281	Radon Exposure	No	scientiae_cedit_mare
exposure	CTDC-PARTICIPANT-979933	CTDC-EXPOSURE-247465	Asbestos Exposure	Unknown	e_causa_ignota
exposure	CTDC-PARTICIPANT-979933	CTDC-EXPOSURE-567033	Asbestos Exposure	Unknown	scientia,_aere_perennius
exposure	CTDC-PARTICIPANT-979933	CTDC-EXPOSURE-347435	Tobacco Related Exposure	Unknown	salus_in_arduis
exposure	CTDC-PARTICIPANT-979933	CTDC-EXPOSURE-443064	Wood Dust Exposure	No	a_bene_placito
exposure	CTDC-PARTICIPANT-979933	CTDC-EXPOSURE-931409	Respirable Crystalline Silica Exposure	Unknown	pace_tua
exposure	CTDC-PARTICIPANT-979933	CTDC-EXPOSURE-517790	Radiation Exposure	Yes	Macte_animo_Generose_puer_sic_itur_ad_astra
exposure	CTDC-PARTICIPANT-979933	CTDC-EXPOSURE-167624	Tobacco Related Exposure	No	cacatum_non_est_pictum
exposure	CTDC-PARTICIPANT-979933	CTDC-EXPOSURE-204500	Wood Dust Exposure	Yes	scientia,_aere_perennius
exposure	CTDC-PARTICIPANT-979933	CTDC-EXPOSURE-283361	Radon Exposure	Yes	faber_est_suae_quisque_fortunae
exposure	CTDC-PARTICIPANT-979933	CTDC-EXPOSURE-969706	Smoke Exposure	Yes	labor_ipse_voluptas
exposure	CTDC-PARTICIPANT-979933	CTDC-EXPOSURE-805158	Chemical Exposure	Yes	a_bene_placito
exposure	CTDC-PARTICIPANT-979933	CTDC-EXPOSURE-268915	Radiation Exposure	Yes	saltus_in_demonstrando
exposure	CTDC-PARTICIPANT-979933	CTDC-EXPOSURE-972088	Tobacco Related Exposure	No	scientia_et_sapientia
exposure	CTDC-PARTICIPANT-979933	CTDC-EXPOSURE-319628	Marijuana Smoke Exposure	No	pace_tua
exposure	CTDC-PARTICIPANT-979933	CTDC-EXPOSURE-397825	Tobacco Related Exposure	Unknown	Macte_animo_Generose_puer_sic_itur_ad_astra
exposure	CTDC-PARTICIPANT-979933	CTDC-EXPOSURE-261986	Marijuana Smoke Exposure	No	e_causa_ignota
exposure	CTDC-PARTICIPANT-979933	CTDC-EXPOSURE-717373	Respirable Crystalline Silica Exposure	Yes	cacatum_non_est_pictum
exposure	CTDC-PARTICIPANT-979933	CTDC-EXPOSURE-808976	Chemical Exposure	Yes	damnant_quod_non_intellegunt
exposure	CTDC-PARTICIPANT-979933	CTDC-EXPOSURE-902234	Smokeless Tobacco Exposure	Yes	scientiae_et_patriae
exposure	CTDC-PARTICIPANT-979933	CTDC-EXPOSURE-271010	Radon Exposure	Yes	sapiens_qui_prospicit
exposure	CTDC-PARTICIPANT-979933	CTDC-EXPOSURE-902197	Radiation Exposure	No	scientia_et_labor
exposure	CTDC-PARTICIPANT-979933	CTDC-EXPOSURE-405856	Radon Exposure	Unknown	barba_crescit_caput_nescit
exposure	CTDC-PARTICIPANT-979933	CTDC-EXPOSURE-989888	Chemical Exposure	Unknown	saltus_in_demonstrando
exposure	CTDC-PARTICIPANT-979933	CTDC-EXPOSURE-665290	Asbestos Exposure	No	scientiae_cedit_mare
exposure	CTDC-PARTICIPANT-979933	CTDC-EXPOSURE-555619	Radon Exposure	No	id_quod_plerumque_accidit
exposure	CTDC-PARTICIPANT-979933	CTDC-EXPOSURE-618801	Wood Dust Exposure	Unknown	saltus_in_demonstrando
exposure	CTDC-PARTICIPANT-979933	CTDC-EXPOSURE-647037	Asbestos Exposure	Yes	O_Tite_tute_Tati_tibi_tanta_tyranne_tulisti
exposure	CTDC-PARTICIPANT-979933	CTDC-EXPOSURE-182430	Radiation Exposure	Unknown	haec_olim_meminisse_iuvabit
exposure	CTDC-PARTICIPANT-979933	CTDC-EXPOSURE-611308	Radiation Exposure	Yes	Gallia_est_omnis_divisa_in_partes_tres
