type	study.study_short_name	image_collection_record_id	image_collection_name	image_type_included	image_collection_url	repository_name	collection_access	crdc_id
image_collection	CTDC-STUDY-432019	CTDC-IMAGE-COLLECTION-263756	cacatum_non_est_pictum	US	damnant_quod_non_intellegunt	id_quod_plerumque_accidit	Cloud	scientiae_cedit_mare
image_collection	CTDC-STUDY-432019	CTDC-IMAGE-COLLECTION-417736	haec_olim_meminisse_iuvabit	CT	a_bene_placito	scientiae_et_patriae	Download	barba_crescit_caput_nescit
image_collection	CTDC-STUDY-432019	CTDC-IMAGE-COLLECTION-676657	Gallia_est_omnis_divisa_in_partes_tres	CT	barba_crescit_caput_nescit	nanos_gigantum_humeris_insidentes	Cloud	cacatum_non_est_pictum
image_collection	CTDC-STUDY-432019	CTDC-IMAGE-COLLECTION-476145	scientia,_aere_perennius	DX	imperium_in_imperio	haec_olim_meminisse_iuvabit	Download	faber_est_suae_quisque_fortunae
image_collection	CTDC-STUDY-432019	CTDC-IMAGE-COLLECTION-278015	scientia_et_sapientia	NM	id_quod_plerumque_accidit	nanos_gigantum_humeris_insidentes	Download	labor_ipse_voluptas
image_collection	CTDC-STUDY-432019	CTDC-IMAGE-COLLECTION-658547	scientia,_aere_perennius	CT	scientia_et_labor	scientiae_cedit_mare	Download	sapiens_qui_prospicit
image_collection	CTDC-STUDY-432019	CTDC-IMAGE-COLLECTION-593105	faber_est_suae_quisque_fortunae	US	scientia_et_sapientia	Gallia_est_omnis_divisa_in_partes_tres	Cloud	nanos_gigantum_humeris_insidentes
image_collection	CTDC-STUDY-432019	CTDC-IMAGE-COLLECTION-382271	a_bene_placito	MR	id_quod_plerumque_accidit	Obedientia_civium_urbis_felicitas	Unrestricted	nanos_gigantum_humeris_insidentes
image_collection	CTDC-STUDY-432019	CTDC-IMAGE-COLLECTION-683519	damnant_quod_non_intellegunt	US	scientia,_aere_perennius	Obedientia_civium_urbis_felicitas	Download	scientia_et_sapientia
image_collection	CTDC-STUDY-432019	CTDC-IMAGE-COLLECTION-713848	Obedientia_civium_urbis_felicitas	CT	Gallia_est_omnis_divisa_in_partes_tres	scientiae_et_patriae	Download	id_quod_plerumque_accidit
image_collection	CTDC-STUDY-432019	CTDC-IMAGE-COLLECTION-988104	scientia_imperii_decus_et_tutamen	NM	imperium_in_imperio	haec_olim_meminisse_iuvabit	Cloud	id_quod_plerumque_accidit
image_collection	CTDC-STUDY-432019	CTDC-IMAGE-COLLECTION-677297	damnant_quod_non_intellegunt	CT	scientia_imperii_decus_et_tutamen	haec_olim_meminisse_iuvabit	Download	scientia_imperii_decus_et_tutamen
image_collection	CTDC-STUDY-432019	CTDC-IMAGE-COLLECTION-283111	scientiae_et_patriae	CT	Gallia_est_omnis_divisa_in_partes_tres	salus_in_arduis	Unrestricted	scientiae_et_patriae
image_collection	CTDC-STUDY-432019	CTDC-IMAGE-COLLECTION-737649	O_Tite_tute_Tati_tibi_tanta_tyranne_tulisti	US	saltus_in_demonstrando	O_Tite_tute_Tati_tibi_tanta_tyranne_tulisti	Download	barba_crescit_caput_nescit
image_collection	CTDC-STUDY-432019	CTDC-IMAGE-COLLECTION-393939	haec_olim_meminisse_iuvabit	NM	Gallia_est_omnis_divisa_in_partes_tres	imperium_in_imperio	Unrestricted	nascentes_morimur_finisque_ab_origine_pendet
image_collection	CTDC-STUDY-432019	CTDC-IMAGE-COLLECTION-622475	nascentes_morimur_finisque_ab_origine_pendet	NM	labor_ipse_voluptas	haec_olim_meminisse_iuvabit	Download	haec_olim_meminisse_iuvabit
image_collection	CTDC-STUDY-432019	CTDC-IMAGE-COLLECTION-974394	cacatum_non_est_pictum	DX	scientia_imperii_decus_et_tutamen	O_Tite_tute_Tati_tibi_tanta_tyranne_tulisti	Cloud	labor_ipse_voluptas
image_collection	CTDC-STUDY-432019	CTDC-IMAGE-COLLECTION-380142	e_causa_ignota	NM	scientia_et_labor	Obedientia_civium_urbis_felicitas	Unrestricted	O_Tite_tute_Tati_tibi_tanta_tyranne_tulisti
image_collection	CTDC-STUDY-432019	CTDC-IMAGE-COLLECTION-488644	pace_tua	DX	Macte_animo_Generose_puer_sic_itur_ad_astra	nascentes_morimur_finisque_ab_origine_pendet	Cloud	sapiens_qui_prospicit
image_collection	CTDC-STUDY-432019	CTDC-IMAGE-COLLECTION-377245	scientia_et_sapientia	DX	imperium_in_imperio	faber_est_suae_quisque_fortunae	Unrestricted	nascentes_morimur_finisque_ab_origine_pendet
image_collection	CTDC-STUDY-432019	CTDC-IMAGE-COLLECTION-564170	pace_tua	US	scientiae_et_patriae	barba_crescit_caput_nescit	Cloud	nanos_gigantum_humeris_insidentes
image_collection	CTDC-STUDY-432019	CTDC-IMAGE-COLLECTION-231011	damnant_quod_non_intellegunt	US	saltus_in_demonstrando	pace_tua	Unrestricted	Macte_animo_Generose_puer_sic_itur_ad_astra
image_collection	CTDC-STUDY-432019	CTDC-IMAGE-COLLECTION-291163	damnant_quod_non_intellegunt	US	nanos_gigantum_humeris_insidentes	scientia_et_labor	Download	labor_ipse_voluptas
image_collection	CTDC-STUDY-432019	CTDC-IMAGE-COLLECTION-128945	scientia,_aere_perennius	NM	Gallia_est_omnis_divisa_in_partes_tres	scientia_et_sapientia	Unrestricted	nascentes_morimur_finisque_ab_origine_pendet
image_collection	CTDC-STUDY-432019	CTDC-IMAGE-COLLECTION-255572	pace_tua	PT	scientia,_aere_perennius	scientia_imperii_decus_et_tutamen	Download	damnant_quod_non_intellegunt
image_collection	CTDC-STUDY-432019	CTDC-IMAGE-COLLECTION-806516	O_Tite_tute_Tati_tibi_tanta_tyranne_tulisti	CT	scientia,_aere_perennius	haec_olim_meminisse_iuvabit	Download	cacatum_non_est_pictum
image_collection	CTDC-STUDY-432019	CTDC-IMAGE-COLLECTION-976475	damnant_quod_non_intellegunt	PT	scientiae_et_patriae	scientiae_cedit_mare	Download	Macte_animo_Generose_puer_sic_itur_ad_astra
image_collection	CTDC-STUDY-432019	CTDC-IMAGE-COLLECTION-904075	cacatum_non_est_pictum	MR	a_bene_placito	sapiens_qui_prospicit	Download	labor_ipse_voluptas
image_collection	CTDC-STUDY-432019	CTDC-IMAGE-COLLECTION-172646	faber_est_suae_quisque_fortunae	PT	imperium_in_imperio	scientiae_cedit_mare	Unrestricted	saltus_in_demonstrando
image_collection	CTDC-STUDY-432019	CTDC-IMAGE-COLLECTION-511047	scientia_et_labor	US	scientiae_cedit_mare	scientia_et_sapientia	Unrestricted	scientia,_aere_perennius
image_collection	CTDC-STUDY-432019	CTDC-IMAGE-COLLECTION-187842	scientiae_cedit_mare	US	salus_in_arduis	Gallia_est_omnis_divisa_in_partes_tres	Download	id_quod_plerumque_accidit
image_collection	CTDC-STUDY-432019	CTDC-IMAGE-COLLECTION-351534	scientia_imperii_decus_et_tutamen	US	haec_olim_meminisse_iuvabit	scientia_et_sapientia	Unrestricted	scientia_et_sapientia
image_collection	CTDC-STUDY-432019	CTDC-IMAGE-COLLECTION-271435	faber_est_suae_quisque_fortunae	MR	scientiae_cedit_mare	nascentes_morimur_finisque_ab_origine_pendet	Download	damnant_quod_non_intellegunt
image_collection	CTDC-STUDY-432019	CTDC-IMAGE-COLLECTION-512910	a_bene_placito	CT	saltus_in_demonstrando	scientia_imperii_decus_et_tutamen	Unrestricted	damnant_quod_non_intellegunt
image_collection	CTDC-STUDY-432019	CTDC-IMAGE-COLLECTION-702737	scientia_et_labor	NM	scientiae_cedit_mare	nascentes_morimur_finisque_ab_origine_pendet	Cloud	nanos_gigantum_humeris_insidentes
image_collection	CTDC-STUDY-432019	CTDC-IMAGE-COLLECTION-312903	Obedientia_civium_urbis_felicitas	MR	id_quod_plerumque_accidit	e_causa_ignota	Download	Gallia_est_omnis_divisa_in_partes_tres
image_collection	CTDC-STUDY-432019	CTDC-IMAGE-COLLECTION-327633	a_bene_placito	DX	scientiae_cedit_mare	damnant_quod_non_intellegunt	Download	faber_est_suae_quisque_fortunae
image_collection	CTDC-STUDY-432019	CTDC-IMAGE-COLLECTION-722304	barba_crescit_caput_nescit	MR	faber_est_suae_quisque_fortunae	labor_ipse_voluptas	Cloud	O_Tite_tute_Tati_tibi_tanta_tyranne_tulisti
image_collection	CTDC-STUDY-432019	CTDC-IMAGE-COLLECTION-494119	salus_in_arduis	DX	faber_est_suae_quisque_fortunae	damnant_quod_non_intellegunt	Unrestricted	barba_crescit_caput_nescit
image_collection	CTDC-STUDY-432019	CTDC-IMAGE-COLLECTION-251840	id_quod_plerumque_accidit	NM	scientiae_et_patriae	scientia,_aere_perennius	Download	scientia,_aere_perennius
image_collection	CTDC-STUDY-432019	CTDC-IMAGE-COLLECTION-144306	imperium_in_imperio	NM	imperium_in_imperio	sapiens_qui_prospicit	Unrestricted	haec_olim_meminisse_iuvabit
image_collection	CTDC-STUDY-432019	CTDC-IMAGE-COLLECTION-262913	id_quod_plerumque_accidit	MR	Gallia_est_omnis_divisa_in_partes_tres	faber_est_suae_quisque_fortunae	Cloud	Macte_animo_Generose_puer_sic_itur_ad_astra
image_collection	CTDC-STUDY-432019	CTDC-IMAGE-COLLECTION-773227	nanos_gigantum_humeris_insidentes	US	scientiae_cedit_mare	scientiae_cedit_mare	Unrestricted	id_quod_plerumque_accidit
image_collection	CTDC-STUDY-432019	CTDC-IMAGE-COLLECTION-570517	nascentes_morimur_finisque_ab_origine_pendet	NM	a_bene_placito	cacatum_non_est_pictum	Download	id_quod_plerumque_accidit
image_collection	CTDC-STUDY-432019	CTDC-IMAGE-COLLECTION-252046	scientia_et_sapientia	MR	cacatum_non_est_pictum	imperium_in_imperio	Download	Macte_animo_Generose_puer_sic_itur_ad_astra
image_collection	CTDC-STUDY-432019	CTDC-IMAGE-COLLECTION-672115	nanos_gigantum_humeris_insidentes	US	cacatum_non_est_pictum	barba_crescit_caput_nescit	Unrestricted	cacatum_non_est_pictum
image_collection	CTDC-STUDY-432019	CTDC-IMAGE-COLLECTION-746502	barba_crescit_caput_nescit	DX	haec_olim_meminisse_iuvabit	imperium_in_imperio	Download	scientia_imperii_decus_et_tutamen
image_collection	CTDC-STUDY-432019	CTDC-IMAGE-COLLECTION-247159	scientia_et_labor	DX	haec_olim_meminisse_iuvabit	Macte_animo_Generose_puer_sic_itur_ad_astra	Unrestricted	barba_crescit_caput_nescit
image_collection	CTDC-STUDY-432019	CTDC-IMAGE-COLLECTION-491901	faber_est_suae_quisque_fortunae	US	Gallia_est_omnis_divisa_in_partes_tres	scientiae_et_patriae	Cloud	id_quod_plerumque_accidit
image_collection	CTDC-STUDY-432019	CTDC-IMAGE-COLLECTION-845594	scientiae_cedit_mare	PT	id_quod_plerumque_accidit	saltus_in_demonstrando	Unrestricted	salus_in_arduis
image_collection	CTDC-STUDY-432019	CTDC-IMAGE-COLLECTION-292458	scientiae_et_patriae	NM	scientia_imperii_decus_et_tutamen	pace_tua	Unrestricted	saltus_in_demonstrando
image_collection	CTDC-STUDY-432019	CTDC-IMAGE-COLLECTION-812543	nanos_gigantum_humeris_insidentes	US	scientia_et_sapientia	id_quod_plerumque_accidit	Unrestricted	saltus_in_demonstrando
image_collection	CTDC-STUDY-432019	CTDC-IMAGE-COLLECTION-725996	Obedientia_civium_urbis_felicitas	NM	e_causa_ignota	barba_crescit_caput_nescit	Unrestricted	Macte_animo_Generose_puer_sic_itur_ad_astra
image_collection	CTDC-STUDY-432019	CTDC-IMAGE-COLLECTION-502326	scientiae_cedit_mare	NM	scientia,_aere_perennius	imperium_in_imperio	Unrestricted	nascentes_morimur_finisque_ab_origine_pendet
image_collection	CTDC-STUDY-432019	CTDC-IMAGE-COLLECTION-478752	Macte_animo_Generose_puer_sic_itur_ad_astra	CT	O_Tite_tute_Tati_tibi_tanta_tyranne_tulisti	O_Tite_tute_Tati_tibi_tanta_tyranne_tulisti	Download	salus_in_arduis
image_collection	CTDC-STUDY-432019	CTDC-IMAGE-COLLECTION-475272	e_causa_ignota	NM	salus_in_arduis	id_quod_plerumque_accidit	Download	haec_olim_meminisse_iuvabit
image_collection	CTDC-STUDY-432019	CTDC-IMAGE-COLLECTION-862040	pace_tua	MR	labor_ipse_voluptas	nanos_gigantum_humeris_insidentes	Cloud	scientiae_cedit_mare
image_collection	CTDC-STUDY-432019	CTDC-IMAGE-COLLECTION-981637	scientiae_cedit_mare	DX	cacatum_non_est_pictum	salus_in_arduis	Unrestricted	nascentes_morimur_finisque_ab_origine_pendet
image_collection	CTDC-STUDY-432019	CTDC-IMAGE-COLLECTION-121172	pace_tua	NM	a_bene_placito	a_bene_placito	Unrestricted	barba_crescit_caput_nescit
image_collection	CTDC-STUDY-432019	CTDC-IMAGE-COLLECTION-250227	nascentes_morimur_finisque_ab_origine_pendet	MR	scientia,_aere_perennius	Macte_animo_Generose_puer_sic_itur_ad_astra	Unrestricted	scientia_et_sapientia
image_collection	CTDC-STUDY-432019	CTDC-IMAGE-COLLECTION-935462	scientiae_et_patriae	PT	pace_tua	salus_in_arduis	Unrestricted	sapiens_qui_prospicit
image_collection	CTDC-STUDY-432019	CTDC-IMAGE-COLLECTION-992840	scientiae_cedit_mare	NM	scientia,_aere_perennius	pace_tua	Download	barba_crescit_caput_nescit
image_collection	CTDC-STUDY-432019	CTDC-IMAGE-COLLECTION-325762	scientiae_cedit_mare	DX	scientiae_cedit_mare	scientia_imperii_decus_et_tutamen	Cloud	scientiae_et_patriae
image_collection	CTDC-STUDY-432019	CTDC-IMAGE-COLLECTION-244807	scientia_et_labor	CT	scientia_imperii_decus_et_tutamen	haec_olim_meminisse_iuvabit	Unrestricted	sapiens_qui_prospicit
image_collection	CTDC-STUDY-432019	CTDC-IMAGE-COLLECTION-832505	scientia_imperii_decus_et_tutamen	DX	cacatum_non_est_pictum	sapiens_qui_prospicit	Cloud	scientia_et_labor
image_collection	CTDC-STUDY-432019	CTDC-IMAGE-COLLECTION-566524	nanos_gigantum_humeris_insidentes	PT	O_Tite_tute_Tati_tibi_tanta_tyranne_tulisti	a_bene_placito	Unrestricted	pace_tua
image_collection	CTDC-STUDY-432019	CTDC-IMAGE-COLLECTION-541247	nanos_gigantum_humeris_insidentes	MR	barba_crescit_caput_nescit	scientia,_aere_perennius	Cloud	labor_ipse_voluptas
image_collection	CTDC-STUDY-432019	CTDC-IMAGE-COLLECTION-575433	a_bene_placito	CT	haec_olim_meminisse_iuvabit	salus_in_arduis	Download	Gallia_est_omnis_divisa_in_partes_tres
image_collection	CTDC-STUDY-432019	CTDC-IMAGE-COLLECTION-561508	barba_crescit_caput_nescit	MR	faber_est_suae_quisque_fortunae	sapiens_qui_prospicit	Unrestricted	a_bene_placito
image_collection	CTDC-STUDY-432019	CTDC-IMAGE-COLLECTION-218736	damnant_quod_non_intellegunt	CT	haec_olim_meminisse_iuvabit	pace_tua	Download	a_bene_placito
image_collection	CTDC-STUDY-432019	CTDC-IMAGE-COLLECTION-602138	Obedientia_civium_urbis_felicitas	NM	salus_in_arduis	Macte_animo_Generose_puer_sic_itur_ad_astra	Download	scientiae_et_patriae
image_collection	CTDC-STUDY-432019	CTDC-IMAGE-COLLECTION-844883	saltus_in_demonstrando	US	labor_ipse_voluptas	id_quod_plerumque_accidit	Unrestricted	pace_tua
image_collection	CTDC-STUDY-432019	CTDC-IMAGE-COLLECTION-783709	haec_olim_meminisse_iuvabit	US	labor_ipse_voluptas	Obedientia_civium_urbis_felicitas	Unrestricted	scientia,_aere_perennius
image_collection	CTDC-STUDY-432019	CTDC-IMAGE-COLLECTION-541592	imperium_in_imperio	PT	O_Tite_tute_Tati_tibi_tanta_tyranne_tulisti	a_bene_placito	Unrestricted	O_Tite_tute_Tati_tibi_tanta_tyranne_tulisti
image_collection	CTDC-STUDY-432019	CTDC-IMAGE-COLLECTION-381864	scientiae_et_patriae	NM	Gallia_est_omnis_divisa_in_partes_tres	damnant_quod_non_intellegunt	Cloud	O_Tite_tute_Tati_tibi_tanta_tyranne_tulisti
image_collection	CTDC-STUDY-432019	CTDC-IMAGE-COLLECTION-907468	nanos_gigantum_humeris_insidentes	US	labor_ipse_voluptas	scientia,_aere_perennius	Download	sapiens_qui_prospicit
image_collection	CTDC-STUDY-432019	CTDC-IMAGE-COLLECTION-682222	nascentes_morimur_finisque_ab_origine_pendet	PT	labor_ipse_voluptas	damnant_quod_non_intellegunt	Download	O_Tite_tute_Tati_tibi_tanta_tyranne_tulisti
image_collection	CTDC-STUDY-432019	CTDC-IMAGE-COLLECTION-774023	scientia_imperii_decus_et_tutamen	US	cacatum_non_est_pictum	damnant_quod_non_intellegunt	Cloud	imperium_in_imperio
image_collection	CTDC-STUDY-432019	CTDC-IMAGE-COLLECTION-543858	pace_tua	DX	salus_in_arduis	scientia_et_sapientia	Download	a_bene_placito
image_collection	CTDC-STUDY-432019	CTDC-IMAGE-COLLECTION-502763	barba_crescit_caput_nescit	US	a_bene_placito	Gallia_est_omnis_divisa_in_partes_tres	Cloud	Obedientia_civium_urbis_felicitas
image_collection	CTDC-STUDY-432019	CTDC-IMAGE-COLLECTION-551300	sapiens_qui_prospicit	MR	nascentes_morimur_finisque_ab_origine_pendet	damnant_quod_non_intellegunt	Unrestricted	faber_est_suae_quisque_fortunae
image_collection	CTDC-STUDY-432019	CTDC-IMAGE-COLLECTION-399431	nanos_gigantum_humeris_insidentes	DX	scientia_et_sapientia	scientiae_et_patriae	Download	haec_olim_meminisse_iuvabit
image_collection	CTDC-STUDY-432019	CTDC-IMAGE-COLLECTION-156636	scientiae_cedit_mare	DX	sapiens_qui_prospicit	cacatum_non_est_pictum	Download	a_bene_placito
image_collection	CTDC-STUDY-432019	CTDC-IMAGE-COLLECTION-634006	scientiae_cedit_mare	DX	nanos_gigantum_humeris_insidentes	imperium_in_imperio	Unrestricted	scientiae_cedit_mare
image_collection	CTDC-STUDY-432019	CTDC-IMAGE-COLLECTION-547958	e_causa_ignota	NM	nanos_gigantum_humeris_insidentes	damnant_quod_non_intellegunt	Download	haec_olim_meminisse_iuvabit
image_collection	CTDC-STUDY-432019	CTDC-IMAGE-COLLECTION-812504	damnant_quod_non_intellegunt	DX	damnant_quod_non_intellegunt	sapiens_qui_prospicit	Cloud	haec_olim_meminisse_iuvabit
image_collection	CTDC-STUDY-432019	CTDC-IMAGE-COLLECTION-825852	scientia,_aere_perennius	NM	labor_ipse_voluptas	Obedientia_civium_urbis_felicitas	Unrestricted	scientia_et_sapientia
image_collection	CTDC-STUDY-432019	CTDC-IMAGE-COLLECTION-969169	scientia_et_sapientia	DX	sapiens_qui_prospicit	damnant_quod_non_intellegunt	Cloud	faber_est_suae_quisque_fortunae
image_collection	CTDC-STUDY-432019	CTDC-IMAGE-COLLECTION-151731	a_bene_placito	NM	faber_est_suae_quisque_fortunae	scientia,_aere_perennius	Unrestricted	Obedientia_civium_urbis_felicitas
image_collection	CTDC-STUDY-432019	CTDC-IMAGE-COLLECTION-575455	scientia,_aere_perennius	CT	salus_in_arduis	cacatum_non_est_pictum	Unrestricted	scientia_et_sapientia
image_collection	CTDC-STUDY-432019	CTDC-IMAGE-COLLECTION-255710	scientiae_cedit_mare	PT	labor_ipse_voluptas	faber_est_suae_quisque_fortunae	Download	id_quod_plerumque_accidit
image_collection	CTDC-STUDY-432019	CTDC-IMAGE-COLLECTION-218578	O_Tite_tute_Tati_tibi_tanta_tyranne_tulisti	CT	scientia,_aere_perennius	a_bene_placito	Unrestricted	scientia_et_labor
image_collection	CTDC-STUDY-432019	CTDC-IMAGE-COLLECTION-322029	scientia_imperii_decus_et_tutamen	PT	scientia_imperii_decus_et_tutamen	Gallia_est_omnis_divisa_in_partes_tres	Cloud	barba_crescit_caput_nescit
image_collection	CTDC-STUDY-432019	CTDC-IMAGE-COLLECTION-796113	scientia_et_sapientia	NM	scientia,_aere_perennius	O_Tite_tute_Tati_tibi_tanta_tyranne_tulisti	Unrestricted	Macte_animo_Generose_puer_sic_itur_ad_astra
image_collection	CTDC-STUDY-432019	CTDC-IMAGE-COLLECTION-799101	nascentes_morimur_finisque_ab_origine_pendet	NM	id_quod_plerumque_accidit	id_quod_plerumque_accidit	Download	scientiae_cedit_mare
image_collection	CTDC-STUDY-432019	CTDC-IMAGE-COLLECTION-223218	scientia,_aere_perennius	MR	labor_ipse_voluptas	cacatum_non_est_pictum	Download	e_causa_ignota
image_collection	CTDC-STUDY-432019	CTDC-IMAGE-COLLECTION-699866	faber_est_suae_quisque_fortunae	MR	barba_crescit_caput_nescit	barba_crescit_caput_nescit	Unrestricted	salus_in_arduis
image_collection	CTDC-STUDY-432019	CTDC-IMAGE-COLLECTION-440504	haec_olim_meminisse_iuvabit	US	e_causa_ignota	imperium_in_imperio	Download	nanos_gigantum_humeris_insidentes
image_collection	CTDC-STUDY-432019	CTDC-IMAGE-COLLECTION-166028	Obedientia_civium_urbis_felicitas	PT	O_Tite_tute_Tati_tibi_tanta_tyranne_tulisti	scientia,_aere_perennius	Unrestricted	haec_olim_meminisse_iuvabit
image_collection	CTDC-STUDY-432019	CTDC-IMAGE-COLLECTION-432036	damnant_quod_non_intellegunt	PT	Macte_animo_Generose_puer_sic_itur_ad_astra	e_causa_ignota	Unrestricted	scientia,_aere_perennius
image_collection	CTDC-STUDY-432019	CTDC-IMAGE-COLLECTION-537481	scientiae_et_patriae	NM	salus_in_arduis	salus_in_arduis	Download	scientiae_cedit_mare
image_collection	CTDC-STUDY-432019	CTDC-IMAGE-COLLECTION-876744	scientia_et_sapientia	CT	a_bene_placito	O_Tite_tute_Tati_tibi_tanta_tyranne_tulisti	Cloud	salus_in_arduis
image_collection	CTDC-STUDY-432019	CTDC-IMAGE-COLLECTION-450251	barba_crescit_caput_nescit	CT	saltus_in_demonstrando	a_bene_placito	Download	scientia_imperii_decus_et_tutamen
image_collection	CTDC-STUDY-432019	CTDC-IMAGE-COLLECTION-314007	scientia,_aere_perennius	PT	id_quod_plerumque_accidit	id_quod_plerumque_accidit	Cloud	scientia_et_labor
image_collection	CTDC-STUDY-432019	CTDC-IMAGE-COLLECTION-108331	scientiae_et_patriae	CT	cacatum_non_est_pictum	cacatum_non_est_pictum	Cloud	O_Tite_tute_Tati_tibi_tanta_tyranne_tulisti
image_collection	CTDC-STUDY-432019	CTDC-IMAGE-COLLECTION-504393	scientiae_cedit_mare	DX	scientia_et_sapientia	O_Tite_tute_Tati_tibi_tanta_tyranne_tulisti	Download	a_bene_placito
image_collection	CTDC-STUDY-432019	CTDC-IMAGE-COLLECTION-227934	haec_olim_meminisse_iuvabit	PT	faber_est_suae_quisque_fortunae	Macte_animo_Generose_puer_sic_itur_ad_astra	Download	damnant_quod_non_intellegunt
image_collection	CTDC-STUDY-432019	CTDC-IMAGE-COLLECTION-213033	nascentes_morimur_finisque_ab_origine_pendet	PT	scientia_et_sapientia	imperium_in_imperio	Unrestricted	salus_in_arduis
image_collection	CTDC-STUDY-432019	CTDC-IMAGE-COLLECTION-475160	damnant_quod_non_intellegunt	NM	cacatum_non_est_pictum	sapiens_qui_prospicit	Unrestricted	scientia_imperii_decus_et_tutamen
image_collection	CTDC-STUDY-432019	CTDC-IMAGE-COLLECTION-855497	scientiae_et_patriae	MR	nanos_gigantum_humeris_insidentes	scientia,_aere_perennius	Cloud	saltus_in_demonstrando
image_collection	CTDC-STUDY-432019	CTDC-IMAGE-COLLECTION-876473	Gallia_est_omnis_divisa_in_partes_tres	PT	pace_tua	id_quod_plerumque_accidit	Cloud	id_quod_plerumque_accidit
image_collection	CTDC-STUDY-432019	CTDC-IMAGE-COLLECTION-895181	O_Tite_tute_Tati_tibi_tanta_tyranne_tulisti	CT	scientiae_et_patriae	O_Tite_tute_Tati_tibi_tanta_tyranne_tulisti	Cloud	faber_est_suae_quisque_fortunae
image_collection	CTDC-STUDY-432019	CTDC-IMAGE-COLLECTION-570590	faber_est_suae_quisque_fortunae	CT	scientiae_et_patriae	labor_ipse_voluptas	Unrestricted	e_causa_ignota
image_collection	CTDC-STUDY-432019	CTDC-IMAGE-COLLECTION-477293	nanos_gigantum_humeris_insidentes	PT	O_Tite_tute_Tati_tibi_tanta_tyranne_tulisti	Macte_animo_Generose_puer_sic_itur_ad_astra	Cloud	salus_in_arduis
image_collection	CTDC-STUDY-432019	CTDC-IMAGE-COLLECTION-463099	cacatum_non_est_pictum	CT	barba_crescit_caput_nescit	imperium_in_imperio	Cloud	scientia_imperii_decus_et_tutamen
image_collection	CTDC-STUDY-432019	CTDC-IMAGE-COLLECTION-168879	barba_crescit_caput_nescit	US	haec_olim_meminisse_iuvabit	faber_est_suae_quisque_fortunae	Unrestricted	faber_est_suae_quisque_fortunae
image_collection	CTDC-STUDY-432019	CTDC-IMAGE-COLLECTION-594248	sapiens_qui_prospicit	MR	scientia,_aere_perennius	cacatum_non_est_pictum	Cloud	saltus_in_demonstrando
image_collection	CTDC-STUDY-432019	CTDC-IMAGE-COLLECTION-923594	scientia_et_labor	US	nanos_gigantum_humeris_insidentes	saltus_in_demonstrando	Cloud	scientia,_aere_perennius
image_collection	CTDC-STUDY-432019	CTDC-IMAGE-COLLECTION-632066	imperium_in_imperio	NM	nascentes_morimur_finisque_ab_origine_pendet	cacatum_non_est_pictum	Cloud	faber_est_suae_quisque_fortunae
image_collection	CTDC-STUDY-432019	CTDC-IMAGE-COLLECTION-130468	scientiae_et_patriae	NM	O_Tite_tute_Tati_tibi_tanta_tyranne_tulisti	cacatum_non_est_pictum	Unrestricted	cacatum_non_est_pictum
image_collection	CTDC-STUDY-432019	CTDC-IMAGE-COLLECTION-801842	imperium_in_imperio	PT	scientiae_cedit_mare	scientiae_cedit_mare	Download	scientia,_aere_perennius
image_collection	CTDC-STUDY-432019	CTDC-IMAGE-COLLECTION-631791	O_Tite_tute_Tati_tibi_tanta_tyranne_tulisti	PT	haec_olim_meminisse_iuvabit	id_quod_plerumque_accidit	Cloud	scientia_et_sapientia
image_collection	CTDC-STUDY-432019	CTDC-IMAGE-COLLECTION-655172	scientiae_et_patriae	CT	pace_tua	salus_in_arduis	Cloud	O_Tite_tute_Tati_tibi_tanta_tyranne_tulisti
image_collection	CTDC-STUDY-432019	CTDC-IMAGE-COLLECTION-974788	scientia_et_labor	MR	damnant_quod_non_intellegunt	salus_in_arduis	Cloud	Gallia_est_omnis_divisa_in_partes_tres
image_collection	CTDC-STUDY-432019	CTDC-IMAGE-COLLECTION-461812	O_Tite_tute_Tati_tibi_tanta_tyranne_tulisti	US	e_causa_ignota	O_Tite_tute_Tati_tibi_tanta_tyranne_tulisti	Unrestricted	scientia,_aere_perennius
image_collection	CTDC-STUDY-432019	CTDC-IMAGE-COLLECTION-137217	Obedientia_civium_urbis_felicitas	US	sapiens_qui_prospicit	scientia_et_sapientia	Cloud	nascentes_morimur_finisque_ab_origine_pendet
image_collection	CTDC-STUDY-432019	CTDC-IMAGE-COLLECTION-995750	sapiens_qui_prospicit	MR	scientia_et_sapientia	cacatum_non_est_pictum	Cloud	faber_est_suae_quisque_fortunae
image_collection	CTDC-STUDY-432019	CTDC-IMAGE-COLLECTION-324762	sapiens_qui_prospicit	DX	Obedientia_civium_urbis_felicitas	cacatum_non_est_pictum	Unrestricted	a_bene_placito
image_collection	CTDC-STUDY-432019	CTDC-IMAGE-COLLECTION-143835	Macte_animo_Generose_puer_sic_itur_ad_astra	CT	scientiae_et_patriae	Obedientia_civium_urbis_felicitas	Download	sapiens_qui_prospicit
image_collection	CTDC-STUDY-432019	CTDC-IMAGE-COLLECTION-611764	faber_est_suae_quisque_fortunae	US	scientia_imperii_decus_et_tutamen	sapiens_qui_prospicit	Download	e_causa_ignota
image_collection	CTDC-STUDY-432019	CTDC-IMAGE-COLLECTION-292928	Macte_animo_Generose_puer_sic_itur_ad_astra	US	scientiae_cedit_mare	a_bene_placito	Unrestricted	sapiens_qui_prospicit
image_collection	CTDC-STUDY-432019	CTDC-IMAGE-COLLECTION-139271	pace_tua	NM	nascentes_morimur_finisque_ab_origine_pendet	saltus_in_demonstrando	Cloud	O_Tite_tute_Tati_tibi_tanta_tyranne_tulisti
image_collection	CTDC-STUDY-432019	CTDC-IMAGE-COLLECTION-789301	saltus_in_demonstrando	US	labor_ipse_voluptas	imperium_in_imperio	Cloud	Obedientia_civium_urbis_felicitas
image_collection	CTDC-STUDY-432019	CTDC-IMAGE-COLLECTION-657919	scientiae_et_patriae	US	scientiae_cedit_mare	scientia,_aere_perennius	Download	a_bene_placito
image_collection	CTDC-STUDY-432019	CTDC-IMAGE-COLLECTION-213024	damnant_quod_non_intellegunt	PT	imperium_in_imperio	Macte_animo_Generose_puer_sic_itur_ad_astra	Cloud	Gallia_est_omnis_divisa_in_partes_tres
image_collection	CTDC-STUDY-432019	CTDC-IMAGE-COLLECTION-859430	scientia_et_labor	PT	salus_in_arduis	Gallia_est_omnis_divisa_in_partes_tres	Download	scientia_imperii_decus_et_tutamen
image_collection	CTDC-STUDY-432019	CTDC-IMAGE-COLLECTION-305581	labor_ipse_voluptas	US	scientia_et_sapientia	Gallia_est_omnis_divisa_in_partes_tres	Unrestricted	sapiens_qui_prospicit
image_collection	CTDC-STUDY-432019	CTDC-IMAGE-COLLECTION-481083	Gallia_est_omnis_divisa_in_partes_tres	DX	damnant_quod_non_intellegunt	id_quod_plerumque_accidit	Download	barba_crescit_caput_nescit
image_collection	CTDC-STUDY-432019	CTDC-IMAGE-COLLECTION-556360	nascentes_morimur_finisque_ab_origine_pendet	DX	salus_in_arduis	haec_olim_meminisse_iuvabit	Download	haec_olim_meminisse_iuvabit
image_collection	CTDC-STUDY-432019	CTDC-IMAGE-COLLECTION-926827	haec_olim_meminisse_iuvabit	PT	id_quod_plerumque_accidit	id_quod_plerumque_accidit	Cloud	scientiae_cedit_mare
image_collection	CTDC-STUDY-432019	CTDC-IMAGE-COLLECTION-673969	scientia_et_labor	US	faber_est_suae_quisque_fortunae	labor_ipse_voluptas	Download	imperium_in_imperio
image_collection	CTDC-STUDY-432019	CTDC-IMAGE-COLLECTION-107386	e_causa_ignota	US	faber_est_suae_quisque_fortunae	cacatum_non_est_pictum	Cloud	scientia_et_sapientia
image_collection	CTDC-STUDY-432019	CTDC-IMAGE-COLLECTION-361282	salus_in_arduis	NM	Obedientia_civium_urbis_felicitas	Obedientia_civium_urbis_felicitas	Unrestricted	cacatum_non_est_pictum
image_collection	CTDC-STUDY-432019	CTDC-IMAGE-COLLECTION-783706	scientia_et_sapientia	MR	salus_in_arduis	pace_tua	Unrestricted	faber_est_suae_quisque_fortunae
image_collection	CTDC-STUDY-432019	CTDC-IMAGE-COLLECTION-938913	saltus_in_demonstrando	US	haec_olim_meminisse_iuvabit	saltus_in_demonstrando	Download	faber_est_suae_quisque_fortunae
image_collection	CTDC-STUDY-432019	CTDC-IMAGE-COLLECTION-782700	e_causa_ignota	PT	scientia_imperii_decus_et_tutamen	scientia,_aere_perennius	Unrestricted	labor_ipse_voluptas
image_collection	CTDC-STUDY-432019	CTDC-IMAGE-COLLECTION-522789	barba_crescit_caput_nescit	US	imperium_in_imperio	a_bene_placito	Cloud	pace_tua
image_collection	CTDC-STUDY-432019	CTDC-IMAGE-COLLECTION-469840	scientiae_cedit_mare	US	faber_est_suae_quisque_fortunae	e_causa_ignota	Download	haec_olim_meminisse_iuvabit
image_collection	CTDC-STUDY-432019	CTDC-IMAGE-COLLECTION-343973	imperium_in_imperio	US	Gallia_est_omnis_divisa_in_partes_tres	Macte_animo_Generose_puer_sic_itur_ad_astra	Cloud	Gallia_est_omnis_divisa_in_partes_tres
image_collection	CTDC-STUDY-432019	CTDC-IMAGE-COLLECTION-504537	Macte_animo_Generose_puer_sic_itur_ad_astra	CT	sapiens_qui_prospicit	scientia_imperii_decus_et_tutamen	Cloud	scientia_et_labor
image_collection	CTDC-STUDY-432019	CTDC-IMAGE-COLLECTION-887295	scientia_et_sapientia	US	e_causa_ignota	Obedientia_civium_urbis_felicitas	Unrestricted	cacatum_non_est_pictum
image_collection	CTDC-STUDY-432019	CTDC-IMAGE-COLLECTION-976265	scientiae_et_patriae	CT	scientia_et_labor	nanos_gigantum_humeris_insidentes	Cloud	barba_crescit_caput_nescit
image_collection	CTDC-STUDY-432019	CTDC-IMAGE-COLLECTION-733897	Obedientia_civium_urbis_felicitas	MR	scientia_imperii_decus_et_tutamen	scientiae_cedit_mare	Cloud	cacatum_non_est_pictum
image_collection	CTDC-STUDY-432019	CTDC-IMAGE-COLLECTION-213586	nanos_gigantum_humeris_insidentes	MR	faber_est_suae_quisque_fortunae	imperium_in_imperio	Download	a_bene_placito
image_collection	CTDC-STUDY-432019	CTDC-IMAGE-COLLECTION-665886	Macte_animo_Generose_puer_sic_itur_ad_astra	MR	nascentes_morimur_finisque_ab_origine_pendet	scientia_et_sapientia	Unrestricted	nanos_gigantum_humeris_insidentes
image_collection	CTDC-STUDY-432019	CTDC-IMAGE-COLLECTION-415801	scientia,_aere_perennius	NM	scientia,_aere_perennius	haec_olim_meminisse_iuvabit	Download	barba_crescit_caput_nescit
image_collection	CTDC-STUDY-432019	CTDC-IMAGE-COLLECTION-362064	cacatum_non_est_pictum	US	scientiae_cedit_mare	sapiens_qui_prospicit	Unrestricted	e_causa_ignota
image_collection	CTDC-STUDY-432019	CTDC-IMAGE-COLLECTION-775096	scientia_imperii_decus_et_tutamen	NM	Obedientia_civium_urbis_felicitas	scientia_et_sapientia	Download	labor_ipse_voluptas
image_collection	CTDC-STUDY-432019	CTDC-IMAGE-COLLECTION-376768	scientiae_cedit_mare	DX	sapiens_qui_prospicit	nascentes_morimur_finisque_ab_origine_pendet	Unrestricted	Obedientia_civium_urbis_felicitas
image_collection	CTDC-STUDY-432019	CTDC-IMAGE-COLLECTION-176439	saltus_in_demonstrando	US	haec_olim_meminisse_iuvabit	e_causa_ignota	Cloud	scientiae_cedit_mare
image_collection	CTDC-STUDY-432019	CTDC-IMAGE-COLLECTION-621351	Gallia_est_omnis_divisa_in_partes_tres	MR	barba_crescit_caput_nescit	pace_tua	Download	nanos_gigantum_humeris_insidentes
image_collection	CTDC-STUDY-432019	CTDC-IMAGE-COLLECTION-498084	scientia_et_labor	DX	Macte_animo_Generose_puer_sic_itur_ad_astra	damnant_quod_non_intellegunt	Cloud	O_Tite_tute_Tati_tibi_tanta_tyranne_tulisti
image_collection	CTDC-STUDY-432019	CTDC-IMAGE-COLLECTION-986859	scientia,_aere_perennius	DX	id_quod_plerumque_accidit	id_quod_plerumque_accidit	Unrestricted	scientiae_cedit_mare
image_collection	CTDC-STUDY-432019	CTDC-IMAGE-COLLECTION-247975	labor_ipse_voluptas	CT	e_causa_ignota	labor_ipse_voluptas	Download	id_quod_plerumque_accidit
image_collection	CTDC-STUDY-432019	CTDC-IMAGE-COLLECTION-661988	scientia,_aere_perennius	PT	haec_olim_meminisse_iuvabit	Obedientia_civium_urbis_felicitas	Download	nascentes_morimur_finisque_ab_origine_pendet
image_collection	CTDC-STUDY-432019	CTDC-IMAGE-COLLECTION-746159	e_causa_ignota	NM	salus_in_arduis	nascentes_morimur_finisque_ab_origine_pendet	Cloud	sapiens_qui_prospicit
image_collection	CTDC-STUDY-432019	CTDC-IMAGE-COLLECTION-697894	Gallia_est_omnis_divisa_in_partes_tres	DX	scientiae_cedit_mare	a_bene_placito	Cloud	salus_in_arduis
image_collection	CTDC-STUDY-432019	CTDC-IMAGE-COLLECTION-311011	nanos_gigantum_humeris_insidentes	PT	O_Tite_tute_Tati_tibi_tanta_tyranne_tulisti	barba_crescit_caput_nescit	Unrestricted	id_quod_plerumque_accidit
image_collection	CTDC-STUDY-432019	CTDC-IMAGE-COLLECTION-954717	nanos_gigantum_humeris_insidentes	MR	labor_ipse_voluptas	haec_olim_meminisse_iuvabit	Unrestricted	scientia_imperii_decus_et_tutamen
image_collection	CTDC-STUDY-432019	CTDC-IMAGE-COLLECTION-913881	scientia,_aere_perennius	DX	Macte_animo_Generose_puer_sic_itur_ad_astra	saltus_in_demonstrando	Unrestricted	Gallia_est_omnis_divisa_in_partes_tres
image_collection	CTDC-STUDY-432019	CTDC-IMAGE-COLLECTION-123204	damnant_quod_non_intellegunt	US	scientia_et_labor	a_bene_placito	Unrestricted	barba_crescit_caput_nescit
image_collection	CTDC-STUDY-432019	CTDC-IMAGE-COLLECTION-294958	Macte_animo_Generose_puer_sic_itur_ad_astra	CT	scientia_et_labor	faber_est_suae_quisque_fortunae	Unrestricted	Obedientia_civium_urbis_felicitas
image_collection	CTDC-STUDY-432019	CTDC-IMAGE-COLLECTION-600277	saltus_in_demonstrando	CT	saltus_in_demonstrando	labor_ipse_voluptas	Unrestricted	Macte_animo_Generose_puer_sic_itur_ad_astra
image_collection	CTDC-STUDY-432019	CTDC-IMAGE-COLLECTION-657124	Obedientia_civium_urbis_felicitas	NM	labor_ipse_voluptas	scientiae_et_patriae	Download	barba_crescit_caput_nescit
image_collection	CTDC-STUDY-432019	CTDC-IMAGE-COLLECTION-528576	Macte_animo_Generose_puer_sic_itur_ad_astra	DX	nanos_gigantum_humeris_insidentes	O_Tite_tute_Tati_tibi_tanta_tyranne_tulisti	Unrestricted	imperium_in_imperio
image_collection	CTDC-STUDY-432019	CTDC-IMAGE-COLLECTION-374967	salus_in_arduis	US	nanos_gigantum_humeris_insidentes	e_causa_ignota	Unrestricted	e_causa_ignota
image_collection	CTDC-STUDY-432019	CTDC-IMAGE-COLLECTION-918238	sapiens_qui_prospicit	PT	salus_in_arduis	scientiae_et_patriae	Download	salus_in_arduis
image_collection	CTDC-STUDY-432019	CTDC-IMAGE-COLLECTION-672961	pace_tua	CT	haec_olim_meminisse_iuvabit	Macte_animo_Generose_puer_sic_itur_ad_astra	Cloud	a_bene_placito
image_collection	CTDC-STUDY-432019	CTDC-IMAGE-COLLECTION-461690	pace_tua	CT	Obedientia_civium_urbis_felicitas	id_quod_plerumque_accidit	Download	Macte_animo_Generose_puer_sic_itur_ad_astra
image_collection	CTDC-STUDY-432019	CTDC-IMAGE-COLLECTION-209807	scientia_imperii_decus_et_tutamen	CT	scientiae_et_patriae	scientiae_cedit_mare	Download	scientia_et_sapientia
image_collection	CTDC-STUDY-432019	CTDC-IMAGE-COLLECTION-322603	e_causa_ignota	US	faber_est_suae_quisque_fortunae	nascentes_morimur_finisque_ab_origine_pendet	Unrestricted	scientia_et_labor
image_collection	CTDC-STUDY-432019	CTDC-IMAGE-COLLECTION-385829	imperium_in_imperio	MR	barba_crescit_caput_nescit	imperium_in_imperio	Unrestricted	saltus_in_demonstrando
image_collection	CTDC-STUDY-432019	CTDC-IMAGE-COLLECTION-810961	O_Tite_tute_Tati_tibi_tanta_tyranne_tulisti	DX	Gallia_est_omnis_divisa_in_partes_tres	cacatum_non_est_pictum	Cloud	damnant_quod_non_intellegunt
image_collection	CTDC-STUDY-432019	CTDC-IMAGE-COLLECTION-330107	haec_olim_meminisse_iuvabit	MR	imperium_in_imperio	scientia_et_labor	Cloud	faber_est_suae_quisque_fortunae
image_collection	CTDC-STUDY-432019	CTDC-IMAGE-COLLECTION-823762	Gallia_est_omnis_divisa_in_partes_tres	MR	salus_in_arduis	e_causa_ignota	Download	Obedientia_civium_urbis_felicitas
image_collection	CTDC-STUDY-432019	CTDC-IMAGE-COLLECTION-610325	scientia_et_labor	US	Obedientia_civium_urbis_felicitas	barba_crescit_caput_nescit	Download	Gallia_est_omnis_divisa_in_partes_tres
image_collection	CTDC-STUDY-432019	CTDC-IMAGE-COLLECTION-177141	saltus_in_demonstrando	MR	cacatum_non_est_pictum	Macte_animo_Generose_puer_sic_itur_ad_astra	Download	scientia,_aere_perennius
image_collection	CTDC-STUDY-432019	CTDC-IMAGE-COLLECTION-151920	Macte_animo_Generose_puer_sic_itur_ad_astra	US	e_causa_ignota	Obedientia_civium_urbis_felicitas	Unrestricted	O_Tite_tute_Tati_tibi_tanta_tyranne_tulisti
image_collection	CTDC-STUDY-432019	CTDC-IMAGE-COLLECTION-870148	scientia_et_sapientia	MR	id_quod_plerumque_accidit	damnant_quod_non_intellegunt	Cloud	id_quod_plerumque_accidit
image_collection	CTDC-STUDY-432019	CTDC-IMAGE-COLLECTION-827425	barba_crescit_caput_nescit	NM	scientia_et_labor	haec_olim_meminisse_iuvabit	Unrestricted	salus_in_arduis
image_collection	CTDC-STUDY-432019	CTDC-IMAGE-COLLECTION-853687	O_Tite_tute_Tati_tibi_tanta_tyranne_tulisti	DX	scientia_imperii_decus_et_tutamen	cacatum_non_est_pictum	Unrestricted	Macte_animo_Generose_puer_sic_itur_ad_astra
image_collection	CTDC-STUDY-432019	CTDC-IMAGE-COLLECTION-266456	nascentes_morimur_finisque_ab_origine_pendet	US	a_bene_placito	e_causa_ignota	Cloud	id_quod_plerumque_accidit
image_collection	CTDC-STUDY-432019	CTDC-IMAGE-COLLECTION-990694	Obedientia_civium_urbis_felicitas	PT	saltus_in_demonstrando	Obedientia_civium_urbis_felicitas	Download	e_causa_ignota
image_collection	CTDC-STUDY-432019	CTDC-IMAGE-COLLECTION-550367	id_quod_plerumque_accidit	DX	scientia_imperii_decus_et_tutamen	Gallia_est_omnis_divisa_in_partes_tres	Download	scientiae_cedit_mare
image_collection	CTDC-STUDY-432019	CTDC-IMAGE-COLLECTION-497398	haec_olim_meminisse_iuvabit	DX	O_Tite_tute_Tati_tibi_tanta_tyranne_tulisti	imperium_in_imperio	Unrestricted	labor_ipse_voluptas
image_collection	CTDC-STUDY-432019	CTDC-IMAGE-COLLECTION-354877	id_quod_plerumque_accidit	CT	scientiae_et_patriae	scientia_et_sapientia	Unrestricted	scientia,_aere_perennius
image_collection	CTDC-STUDY-432019	CTDC-IMAGE-COLLECTION-506697	id_quod_plerumque_accidit	NM	haec_olim_meminisse_iuvabit	a_bene_placito	Cloud	saltus_in_demonstrando
image_collection	CTDC-STUDY-432019	CTDC-IMAGE-COLLECTION-995264	imperium_in_imperio	MR	damnant_quod_non_intellegunt	cacatum_non_est_pictum	Cloud	scientiae_et_patriae
image_collection	CTDC-STUDY-432019	CTDC-IMAGE-COLLECTION-796459	a_bene_placito	CT	scientia,_aere_perennius	cacatum_non_est_pictum	Unrestricted	cacatum_non_est_pictum
image_collection	CTDC-STUDY-432019	CTDC-IMAGE-COLLECTION-433748	barba_crescit_caput_nescit	CT	sapiens_qui_prospicit	e_causa_ignota	Cloud	imperium_in_imperio
