type	study.study_short_name	image_collection_record_id	image_collection_name	image_type_included	image_collection_url	repository_name	collection_access	crdc_id
image_collection	CTDC-STUDY-496749	CTDC-IMAGE-COLLECTION-346777	e_causa_ignota	US	id_quod_plerumque_accidit	scientia_imperii_decus_et_tutamen	Unrestricted	Macte_animo_Generose_puer_sic_itur_ad_astra
image_collection	CTDC-STUDY-496749	CTDC-IMAGE-COLLECTION-393064	pace_tua	DX	barba_crescit_caput_nescit	salus_in_arduis	Download	e_causa_ignota
image_collection	CTDC-STUDY-496749	CTDC-IMAGE-COLLECTION-111236	pace_tua	PT	nascentes_morimur_finisque_ab_origine_pendet	scientia_imperii_decus_et_tutamen	Unrestricted	damnant_quod_non_intellegunt
image_collection	CTDC-STUDY-496749	CTDC-IMAGE-COLLECTION-172036	haec_olim_meminisse_iuvabit	CT	damnant_quod_non_intellegunt	nanos_gigantum_humeris_insidentes	Unrestricted	scientia_et_sapientia
image_collection	CTDC-STUDY-496749	CTDC-IMAGE-COLLECTION-321848	salus_in_arduis	PT	id_quod_plerumque_accidit	damnant_quod_non_intellegunt	Cloud	scientia,_aere_perennius
image_collection	CTDC-STUDY-496749	CTDC-IMAGE-COLLECTION-510495	faber_est_suae_quisque_fortunae	CT	Gallia_est_omnis_divisa_in_partes_tres	haec_olim_meminisse_iuvabit	Cloud	nanos_gigantum_humeris_insidentes
image_collection	CTDC-STUDY-496749	CTDC-IMAGE-COLLECTION-541146	imperium_in_imperio	US	scientia,_aere_perennius	scientiae_cedit_mare	Cloud	salus_in_arduis
image_collection	CTDC-STUDY-496749	CTDC-IMAGE-COLLECTION-316882	sapiens_qui_prospicit	US	saltus_in_demonstrando	faber_est_suae_quisque_fortunae	Download	Gallia_est_omnis_divisa_in_partes_tres
image_collection	CTDC-STUDY-496749	CTDC-IMAGE-COLLECTION-378772	nanos_gigantum_humeris_insidentes	PT	barba_crescit_caput_nescit	damnant_quod_non_intellegunt	Download	saltus_in_demonstrando
image_collection	CTDC-STUDY-496749	CTDC-IMAGE-COLLECTION-205498	Macte_animo_Generose_puer_sic_itur_ad_astra	CT	salus_in_arduis	salus_in_arduis	Cloud	nanos_gigantum_humeris_insidentes
image_collection	CTDC-STUDY-496749	CTDC-IMAGE-COLLECTION-170773	O_Tite_tute_Tati_tibi_tanta_tyranne_tulisti	NM	cacatum_non_est_pictum	scientiae_cedit_mare	Unrestricted	Obedientia_civium_urbis_felicitas
image_collection	CTDC-STUDY-496749	CTDC-IMAGE-COLLECTION-685611	sapiens_qui_prospicit	DX	a_bene_placito	e_causa_ignota	Download	scientia,_aere_perennius
image_collection	CTDC-STUDY-496749	CTDC-IMAGE-COLLECTION-793532	Gallia_est_omnis_divisa_in_partes_tres	NM	sapiens_qui_prospicit	scientiae_cedit_mare	Unrestricted	sapiens_qui_prospicit
image_collection	CTDC-STUDY-496749	CTDC-IMAGE-COLLECTION-842457	scientia,_aere_perennius	DX	O_Tite_tute_Tati_tibi_tanta_tyranne_tulisti	id_quod_plerumque_accidit	Download	scientia,_aere_perennius
image_collection	CTDC-STUDY-496749	CTDC-IMAGE-COLLECTION-141106	scientia,_aere_perennius	MR	scientia_imperii_decus_et_tutamen	damnant_quod_non_intellegunt	Download	scientia_et_sapientia
image_collection	CTDC-STUDY-496749	CTDC-IMAGE-COLLECTION-732090	Macte_animo_Generose_puer_sic_itur_ad_astra	US	scientia_et_sapientia	saltus_in_demonstrando	Download	saltus_in_demonstrando
image_collection	CTDC-STUDY-496749	CTDC-IMAGE-COLLECTION-317237	barba_crescit_caput_nescit	DX	scientia_imperii_decus_et_tutamen	Obedientia_civium_urbis_felicitas	Cloud	labor_ipse_voluptas
image_collection	CTDC-STUDY-496749	CTDC-IMAGE-COLLECTION-172857	barba_crescit_caput_nescit	US	e_causa_ignota	imperium_in_imperio	Cloud	damnant_quod_non_intellegunt
image_collection	CTDC-STUDY-496749	CTDC-IMAGE-COLLECTION-160174	scientia_et_labor	NM	labor_ipse_voluptas	scientiae_cedit_mare	Unrestricted	imperium_in_imperio
image_collection	CTDC-STUDY-496749	CTDC-IMAGE-COLLECTION-244215	e_causa_ignota	NM	nanos_gigantum_humeris_insidentes	a_bene_placito	Unrestricted	saltus_in_demonstrando
image_collection	CTDC-STUDY-496749	CTDC-IMAGE-COLLECTION-667017	faber_est_suae_quisque_fortunae	US	labor_ipse_voluptas	Gallia_est_omnis_divisa_in_partes_tres	Download	Obedientia_civium_urbis_felicitas
image_collection	CTDC-STUDY-496749	CTDC-IMAGE-COLLECTION-568822	O_Tite_tute_Tati_tibi_tanta_tyranne_tulisti	US	scientia_imperii_decus_et_tutamen	scientiae_et_patriae	Cloud	barba_crescit_caput_nescit
image_collection	CTDC-STUDY-496749	CTDC-IMAGE-COLLECTION-662866	barba_crescit_caput_nescit	PT	scientia_et_labor	Gallia_est_omnis_divisa_in_partes_tres	Cloud	id_quod_plerumque_accidit
image_collection	CTDC-STUDY-496749	CTDC-IMAGE-COLLECTION-646334	nascentes_morimur_finisque_ab_origine_pendet	PT	nanos_gigantum_humeris_insidentes	pace_tua	Cloud	scientiae_cedit_mare
image_collection	CTDC-STUDY-496749	CTDC-IMAGE-COLLECTION-221487	scientia,_aere_perennius	NM	nanos_gigantum_humeris_insidentes	id_quod_plerumque_accidit	Download	a_bene_placito
image_collection	CTDC-STUDY-496749	CTDC-IMAGE-COLLECTION-641261	O_Tite_tute_Tati_tibi_tanta_tyranne_tulisti	NM	cacatum_non_est_pictum	labor_ipse_voluptas	Unrestricted	Obedientia_civium_urbis_felicitas
image_collection	CTDC-STUDY-496749	CTDC-IMAGE-COLLECTION-650497	labor_ipse_voluptas	US	scientia,_aere_perennius	cacatum_non_est_pictum	Unrestricted	sapiens_qui_prospicit
image_collection	CTDC-STUDY-496749	CTDC-IMAGE-COLLECTION-421492	id_quod_plerumque_accidit	US	damnant_quod_non_intellegunt	Macte_animo_Generose_puer_sic_itur_ad_astra	Cloud	haec_olim_meminisse_iuvabit
image_collection	CTDC-STUDY-496749	CTDC-IMAGE-COLLECTION-974810	scientiae_cedit_mare	US	Gallia_est_omnis_divisa_in_partes_tres	saltus_in_demonstrando	Download	haec_olim_meminisse_iuvabit
image_collection	CTDC-STUDY-496749	CTDC-IMAGE-COLLECTION-442922	scientia,_aere_perennius	CT	Macte_animo_Generose_puer_sic_itur_ad_astra	a_bene_placito	Unrestricted	sapiens_qui_prospicit
image_collection	CTDC-STUDY-496749	CTDC-IMAGE-COLLECTION-366730	faber_est_suae_quisque_fortunae	PT	nascentes_morimur_finisque_ab_origine_pendet	a_bene_placito	Cloud	scientia_imperii_decus_et_tutamen
image_collection	CTDC-STUDY-496749	CTDC-IMAGE-COLLECTION-173651	saltus_in_demonstrando	US	saltus_in_demonstrando	barba_crescit_caput_nescit	Unrestricted	damnant_quod_non_intellegunt
image_collection	CTDC-STUDY-496749	CTDC-IMAGE-COLLECTION-982107	scientiae_cedit_mare	PT	scientia_et_sapientia	O_Tite_tute_Tati_tibi_tanta_tyranne_tulisti	Cloud	sapiens_qui_prospicit
image_collection	CTDC-STUDY-496749	CTDC-IMAGE-COLLECTION-159935	saltus_in_demonstrando	MR	imperium_in_imperio	saltus_in_demonstrando	Cloud	scientiae_et_patriae
image_collection	CTDC-STUDY-496749	CTDC-IMAGE-COLLECTION-885917	nascentes_morimur_finisque_ab_origine_pendet	CT	scientia,_aere_perennius	O_Tite_tute_Tati_tibi_tanta_tyranne_tulisti	Cloud	O_Tite_tute_Tati_tibi_tanta_tyranne_tulisti
image_collection	CTDC-STUDY-496749	CTDC-IMAGE-COLLECTION-514897	imperium_in_imperio	US	nanos_gigantum_humeris_insidentes	salus_in_arduis	Cloud	labor_ipse_voluptas
image_collection	CTDC-STUDY-496749	CTDC-IMAGE-COLLECTION-448067	scientia_et_labor	US	barba_crescit_caput_nescit	cacatum_non_est_pictum	Cloud	id_quod_plerumque_accidit
image_collection	CTDC-STUDY-496749	CTDC-IMAGE-COLLECTION-793847	e_causa_ignota	PT	scientiae_cedit_mare	O_Tite_tute_Tati_tibi_tanta_tyranne_tulisti	Cloud	haec_olim_meminisse_iuvabit
image_collection	CTDC-STUDY-496749	CTDC-IMAGE-COLLECTION-414459	cacatum_non_est_pictum	DX	nanos_gigantum_humeris_insidentes	saltus_in_demonstrando	Unrestricted	barba_crescit_caput_nescit
image_collection	CTDC-STUDY-496749	CTDC-IMAGE-COLLECTION-446810	imperium_in_imperio	PT	e_causa_ignota	a_bene_placito	Unrestricted	scientiae_et_patriae
image_collection	CTDC-STUDY-496749	CTDC-IMAGE-COLLECTION-291959	Obedientia_civium_urbis_felicitas	DX	barba_crescit_caput_nescit	scientiae_cedit_mare	Unrestricted	scientia_et_sapientia
image_collection	CTDC-STUDY-496749	CTDC-IMAGE-COLLECTION-245699	damnant_quod_non_intellegunt	CT	cacatum_non_est_pictum	barba_crescit_caput_nescit	Cloud	imperium_in_imperio
image_collection	CTDC-STUDY-496749	CTDC-IMAGE-COLLECTION-732833	scientiae_et_patriae	NM	scientia_imperii_decus_et_tutamen	O_Tite_tute_Tati_tibi_tanta_tyranne_tulisti	Unrestricted	haec_olim_meminisse_iuvabit
image_collection	CTDC-STUDY-496749	CTDC-IMAGE-COLLECTION-950287	scientiae_et_patriae	NM	nanos_gigantum_humeris_insidentes	sapiens_qui_prospicit	Cloud	e_causa_ignota
image_collection	CTDC-STUDY-496749	CTDC-IMAGE-COLLECTION-346810	scientia_et_labor	US	haec_olim_meminisse_iuvabit	Obedientia_civium_urbis_felicitas	Unrestricted	Gallia_est_omnis_divisa_in_partes_tres
image_collection	CTDC-STUDY-496749	CTDC-IMAGE-COLLECTION-946707	a_bene_placito	CT	saltus_in_demonstrando	Gallia_est_omnis_divisa_in_partes_tres	Cloud	sapiens_qui_prospicit
image_collection	CTDC-STUDY-496749	CTDC-IMAGE-COLLECTION-638445	scientiae_cedit_mare	PT	saltus_in_demonstrando	scientiae_cedit_mare	Download	damnant_quod_non_intellegunt
image_collection	CTDC-STUDY-496749	CTDC-IMAGE-COLLECTION-658065	pace_tua	DX	cacatum_non_est_pictum	a_bene_placito	Cloud	labor_ipse_voluptas
image_collection	CTDC-STUDY-496749	CTDC-IMAGE-COLLECTION-991840	Obedientia_civium_urbis_felicitas	CT	haec_olim_meminisse_iuvabit	saltus_in_demonstrando	Cloud	id_quod_plerumque_accidit
image_collection	CTDC-STUDY-496749	CTDC-IMAGE-COLLECTION-687239	scientiae_et_patriae	NM	Obedientia_civium_urbis_felicitas	nanos_gigantum_humeris_insidentes	Unrestricted	damnant_quod_non_intellegunt
image_collection	CTDC-STUDY-496749	CTDC-IMAGE-COLLECTION-277476	nanos_gigantum_humeris_insidentes	MR	Macte_animo_Generose_puer_sic_itur_ad_astra	sapiens_qui_prospicit	Unrestricted	labor_ipse_voluptas
image_collection	CTDC-STUDY-496749	CTDC-IMAGE-COLLECTION-160131	a_bene_placito	MR	barba_crescit_caput_nescit	barba_crescit_caput_nescit	Unrestricted	scientia_imperii_decus_et_tutamen
image_collection	CTDC-STUDY-496749	CTDC-IMAGE-COLLECTION-860463	salus_in_arduis	DX	scientia,_aere_perennius	scientiae_cedit_mare	Unrestricted	faber_est_suae_quisque_fortunae
image_collection	CTDC-STUDY-496749	CTDC-IMAGE-COLLECTION-605648	O_Tite_tute_Tati_tibi_tanta_tyranne_tulisti	PT	nascentes_morimur_finisque_ab_origine_pendet	damnant_quod_non_intellegunt	Download	sapiens_qui_prospicit
image_collection	CTDC-STUDY-496749	CTDC-IMAGE-COLLECTION-596670	scientia_imperii_decus_et_tutamen	DX	Gallia_est_omnis_divisa_in_partes_tres	damnant_quod_non_intellegunt	Download	Gallia_est_omnis_divisa_in_partes_tres
image_collection	CTDC-STUDY-496749	CTDC-IMAGE-COLLECTION-850868	haec_olim_meminisse_iuvabit	US	id_quod_plerumque_accidit	cacatum_non_est_pictum	Unrestricted	sapiens_qui_prospicit
image_collection	CTDC-STUDY-496749	CTDC-IMAGE-COLLECTION-375502	saltus_in_demonstrando	US	id_quod_plerumque_accidit	scientiae_cedit_mare	Download	id_quod_plerumque_accidit
image_collection	CTDC-STUDY-496749	CTDC-IMAGE-COLLECTION-297367	Obedientia_civium_urbis_felicitas	NM	imperium_in_imperio	sapiens_qui_prospicit	Download	a_bene_placito
image_collection	CTDC-STUDY-496749	CTDC-IMAGE-COLLECTION-648187	faber_est_suae_quisque_fortunae	US	scientiae_et_patriae	faber_est_suae_quisque_fortunae	Unrestricted	cacatum_non_est_pictum
image_collection	CTDC-STUDY-496749	CTDC-IMAGE-COLLECTION-737442	scientiae_cedit_mare	DX	a_bene_placito	sapiens_qui_prospicit	Unrestricted	imperium_in_imperio
image_collection	CTDC-STUDY-496749	CTDC-IMAGE-COLLECTION-965939	O_Tite_tute_Tati_tibi_tanta_tyranne_tulisti	NM	scientia_imperii_decus_et_tutamen	salus_in_arduis	Download	O_Tite_tute_Tati_tibi_tanta_tyranne_tulisti
image_collection	CTDC-STUDY-496749	CTDC-IMAGE-COLLECTION-161886	damnant_quod_non_intellegunt	MR	labor_ipse_voluptas	scientia_et_sapientia	Unrestricted	O_Tite_tute_Tati_tibi_tanta_tyranne_tulisti
image_collection	CTDC-STUDY-496749	CTDC-IMAGE-COLLECTION-778312	scientia,_aere_perennius	PT	imperium_in_imperio	Macte_animo_Generose_puer_sic_itur_ad_astra	Cloud	Gallia_est_omnis_divisa_in_partes_tres
image_collection	CTDC-STUDY-496749	CTDC-IMAGE-COLLECTION-621158	nascentes_morimur_finisque_ab_origine_pendet	CT	faber_est_suae_quisque_fortunae	imperium_in_imperio	Cloud	haec_olim_meminisse_iuvabit
image_collection	CTDC-STUDY-496749	CTDC-IMAGE-COLLECTION-396294	imperium_in_imperio	PT	cacatum_non_est_pictum	salus_in_arduis	Cloud	salus_in_arduis
image_collection	CTDC-STUDY-496749	CTDC-IMAGE-COLLECTION-474263	e_causa_ignota	NM	barba_crescit_caput_nescit	sapiens_qui_prospicit	Unrestricted	scientiae_et_patriae
image_collection	CTDC-STUDY-496749	CTDC-IMAGE-COLLECTION-217162	scientia_imperii_decus_et_tutamen	US	saltus_in_demonstrando	cacatum_non_est_pictum	Unrestricted	Obedientia_civium_urbis_felicitas
image_collection	CTDC-STUDY-496749	CTDC-IMAGE-COLLECTION-646698	scientia_imperii_decus_et_tutamen	CT	Macte_animo_Generose_puer_sic_itur_ad_astra	a_bene_placito	Unrestricted	salus_in_arduis
image_collection	CTDC-STUDY-496749	CTDC-IMAGE-COLLECTION-342564	a_bene_placito	DX	nascentes_morimur_finisque_ab_origine_pendet	scientia,_aere_perennius	Download	scientia_imperii_decus_et_tutamen
image_collection	CTDC-STUDY-496749	CTDC-IMAGE-COLLECTION-451012	Obedientia_civium_urbis_felicitas	US	imperium_in_imperio	Macte_animo_Generose_puer_sic_itur_ad_astra	Cloud	scientia,_aere_perennius
image_collection	CTDC-STUDY-496749	CTDC-IMAGE-COLLECTION-331580	sapiens_qui_prospicit	US	labor_ipse_voluptas	scientiae_cedit_mare	Download	Gallia_est_omnis_divisa_in_partes_tres
image_collection	CTDC-STUDY-496749	CTDC-IMAGE-COLLECTION-399359	cacatum_non_est_pictum	PT	scientia,_aere_perennius	imperium_in_imperio	Cloud	nanos_gigantum_humeris_insidentes
image_collection	CTDC-STUDY-496749	CTDC-IMAGE-COLLECTION-274119	scientia_et_labor	CT	barba_crescit_caput_nescit	salus_in_arduis	Download	nascentes_morimur_finisque_ab_origine_pendet
image_collection	CTDC-STUDY-496749	CTDC-IMAGE-COLLECTION-201580	faber_est_suae_quisque_fortunae	NM	imperium_in_imperio	a_bene_placito	Unrestricted	Macte_animo_Generose_puer_sic_itur_ad_astra
image_collection	CTDC-STUDY-496749	CTDC-IMAGE-COLLECTION-807025	scientia_et_sapientia	CT	Macte_animo_Generose_puer_sic_itur_ad_astra	scientia_et_sapientia	Download	scientiae_cedit_mare
image_collection	CTDC-STUDY-496749	CTDC-IMAGE-COLLECTION-918728	salus_in_arduis	DX	scientiae_et_patriae	Obedientia_civium_urbis_felicitas	Unrestricted	O_Tite_tute_Tati_tibi_tanta_tyranne_tulisti
image_collection	CTDC-STUDY-496749	CTDC-IMAGE-COLLECTION-930073	nascentes_morimur_finisque_ab_origine_pendet	US	imperium_in_imperio	saltus_in_demonstrando	Download	Gallia_est_omnis_divisa_in_partes_tres
image_collection	CTDC-STUDY-496749	CTDC-IMAGE-COLLECTION-285967	Macte_animo_Generose_puer_sic_itur_ad_astra	MR	a_bene_placito	a_bene_placito	Download	faber_est_suae_quisque_fortunae
image_collection	CTDC-STUDY-496749	CTDC-IMAGE-COLLECTION-562372	e_causa_ignota	CT	Macte_animo_Generose_puer_sic_itur_ad_astra	Macte_animo_Generose_puer_sic_itur_ad_astra	Unrestricted	haec_olim_meminisse_iuvabit
image_collection	CTDC-STUDY-496749	CTDC-IMAGE-COLLECTION-188425	O_Tite_tute_Tati_tibi_tanta_tyranne_tulisti	US	Obedientia_civium_urbis_felicitas	haec_olim_meminisse_iuvabit	Download	scientia_et_labor
image_collection	CTDC-STUDY-496749	CTDC-IMAGE-COLLECTION-365190	a_bene_placito	MR	damnant_quod_non_intellegunt	scientiae_cedit_mare	Unrestricted	Macte_animo_Generose_puer_sic_itur_ad_astra
image_collection	CTDC-STUDY-496749	CTDC-IMAGE-COLLECTION-973880	haec_olim_meminisse_iuvabit	CT	scientiae_cedit_mare	nascentes_morimur_finisque_ab_origine_pendet	Unrestricted	scientia_imperii_decus_et_tutamen
image_collection	CTDC-STUDY-496749	CTDC-IMAGE-COLLECTION-516097	imperium_in_imperio	CT	Gallia_est_omnis_divisa_in_partes_tres	Macte_animo_Generose_puer_sic_itur_ad_astra	Unrestricted	pace_tua
image_collection	CTDC-STUDY-496749	CTDC-IMAGE-COLLECTION-514035	imperium_in_imperio	US	scientiae_et_patriae	nanos_gigantum_humeris_insidentes	Cloud	e_causa_ignota
image_collection	CTDC-STUDY-496749	CTDC-IMAGE-COLLECTION-394194	pace_tua	NM	O_Tite_tute_Tati_tibi_tanta_tyranne_tulisti	O_Tite_tute_Tati_tibi_tanta_tyranne_tulisti	Cloud	Obedientia_civium_urbis_felicitas
image_collection	CTDC-STUDY-496749	CTDC-IMAGE-COLLECTION-435501	scientia,_aere_perennius	PT	e_causa_ignota	scientia,_aere_perennius	Cloud	scientia,_aere_perennius
image_collection	CTDC-STUDY-496749	CTDC-IMAGE-COLLECTION-947456	salus_in_arduis	MR	scientia_imperii_decus_et_tutamen	faber_est_suae_quisque_fortunae	Unrestricted	nascentes_morimur_finisque_ab_origine_pendet
image_collection	CTDC-STUDY-496749	CTDC-IMAGE-COLLECTION-223729	scientiae_et_patriae	DX	Gallia_est_omnis_divisa_in_partes_tres	scientia_et_labor	Download	a_bene_placito
image_collection	CTDC-STUDY-496749	CTDC-IMAGE-COLLECTION-390744	haec_olim_meminisse_iuvabit	NM	cacatum_non_est_pictum	scientia_et_sapientia	Cloud	scientia_imperii_decus_et_tutamen
image_collection	CTDC-STUDY-496749	CTDC-IMAGE-COLLECTION-147879	damnant_quod_non_intellegunt	US	scientiae_cedit_mare	scientia_et_labor	Download	sapiens_qui_prospicit
image_collection	CTDC-STUDY-496749	CTDC-IMAGE-COLLECTION-628295	labor_ipse_voluptas	CT	salus_in_arduis	imperium_in_imperio	Unrestricted	imperium_in_imperio
image_collection	CTDC-STUDY-496749	CTDC-IMAGE-COLLECTION-956556	Obedientia_civium_urbis_felicitas	US	O_Tite_tute_Tati_tibi_tanta_tyranne_tulisti	scientia_et_sapientia	Cloud	sapiens_qui_prospicit
image_collection	CTDC-STUDY-496749	CTDC-IMAGE-COLLECTION-183304	salus_in_arduis	DX	scientia,_aere_perennius	nanos_gigantum_humeris_insidentes	Cloud	salus_in_arduis
image_collection	CTDC-STUDY-496749	CTDC-IMAGE-COLLECTION-579099	cacatum_non_est_pictum	PT	cacatum_non_est_pictum	barba_crescit_caput_nescit	Unrestricted	e_causa_ignota
image_collection	CTDC-STUDY-496749	CTDC-IMAGE-COLLECTION-884204	salus_in_arduis	NM	sapiens_qui_prospicit	haec_olim_meminisse_iuvabit	Unrestricted	scientiae_cedit_mare
image_collection	CTDC-STUDY-496749	CTDC-IMAGE-COLLECTION-152321	nanos_gigantum_humeris_insidentes	DX	nanos_gigantum_humeris_insidentes	saltus_in_demonstrando	Unrestricted	id_quod_plerumque_accidit
image_collection	CTDC-STUDY-496749	CTDC-IMAGE-COLLECTION-606054	Obedientia_civium_urbis_felicitas	US	damnant_quod_non_intellegunt	pace_tua	Unrestricted	O_Tite_tute_Tati_tibi_tanta_tyranne_tulisti
image_collection	CTDC-STUDY-496749	CTDC-IMAGE-COLLECTION-175529	scientia_et_labor	NM	labor_ipse_voluptas	nanos_gigantum_humeris_insidentes	Unrestricted	cacatum_non_est_pictum
image_collection	CTDC-STUDY-496749	CTDC-IMAGE-COLLECTION-537514	scientia_et_labor	US	faber_est_suae_quisque_fortunae	scientia_et_labor	Download	scientia_et_sapientia
image_collection	CTDC-STUDY-496749	CTDC-IMAGE-COLLECTION-357209	Macte_animo_Generose_puer_sic_itur_ad_astra	NM	salus_in_arduis	cacatum_non_est_pictum	Cloud	nascentes_morimur_finisque_ab_origine_pendet
image_collection	CTDC-STUDY-496749	CTDC-IMAGE-COLLECTION-180106	scientia,_aere_perennius	CT	scientia_imperii_decus_et_tutamen	scientia_et_sapientia	Unrestricted	scientia_imperii_decus_et_tutamen
image_collection	CTDC-STUDY-496749	CTDC-IMAGE-COLLECTION-798063	salus_in_arduis	NM	Macte_animo_Generose_puer_sic_itur_ad_astra	labor_ipse_voluptas	Download	saltus_in_demonstrando
image_collection	CTDC-STUDY-496749	CTDC-IMAGE-COLLECTION-851759	Macte_animo_Generose_puer_sic_itur_ad_astra	NM	scientiae_cedit_mare	scientia_et_sapientia	Download	faber_est_suae_quisque_fortunae
image_collection	CTDC-STUDY-496749	CTDC-IMAGE-COLLECTION-981020	salus_in_arduis	DX	Gallia_est_omnis_divisa_in_partes_tres	id_quod_plerumque_accidit	Cloud	barba_crescit_caput_nescit
image_collection	CTDC-STUDY-496749	CTDC-IMAGE-COLLECTION-916327	a_bene_placito	DX	e_causa_ignota	nascentes_morimur_finisque_ab_origine_pendet	Unrestricted	nanos_gigantum_humeris_insidentes
image_collection	CTDC-STUDY-496749	CTDC-IMAGE-COLLECTION-960652	imperium_in_imperio	PT	scientia_et_labor	salus_in_arduis	Unrestricted	pace_tua
image_collection	CTDC-STUDY-496749	CTDC-IMAGE-COLLECTION-351712	labor_ipse_voluptas	NM	O_Tite_tute_Tati_tibi_tanta_tyranne_tulisti	e_causa_ignota	Unrestricted	pace_tua
image_collection	CTDC-STUDY-496749	CTDC-IMAGE-COLLECTION-292689	cacatum_non_est_pictum	CT	scientiae_et_patriae	damnant_quod_non_intellegunt	Download	faber_est_suae_quisque_fortunae
image_collection	CTDC-STUDY-496749	CTDC-IMAGE-COLLECTION-930878	scientia_et_labor	US	salus_in_arduis	scientiae_cedit_mare	Download	cacatum_non_est_pictum
image_collection	CTDC-STUDY-496749	CTDC-IMAGE-COLLECTION-318533	sapiens_qui_prospicit	CT	pace_tua	imperium_in_imperio	Download	labor_ipse_voluptas
image_collection	CTDC-STUDY-496749	CTDC-IMAGE-COLLECTION-375383	faber_est_suae_quisque_fortunae	MR	scientia_et_sapientia	damnant_quod_non_intellegunt	Unrestricted	scientiae_et_patriae
image_collection	CTDC-STUDY-496749	CTDC-IMAGE-COLLECTION-218386	nanos_gigantum_humeris_insidentes	NM	saltus_in_demonstrando	faber_est_suae_quisque_fortunae	Download	damnant_quod_non_intellegunt
image_collection	CTDC-STUDY-496749	CTDC-IMAGE-COLLECTION-344035	pace_tua	CT	labor_ipse_voluptas	e_causa_ignota	Unrestricted	id_quod_plerumque_accidit
image_collection	CTDC-STUDY-496749	CTDC-IMAGE-COLLECTION-780929	haec_olim_meminisse_iuvabit	NM	nanos_gigantum_humeris_insidentes	haec_olim_meminisse_iuvabit	Unrestricted	Macte_animo_Generose_puer_sic_itur_ad_astra
image_collection	CTDC-STUDY-496749	CTDC-IMAGE-COLLECTION-565538	id_quod_plerumque_accidit	MR	scientiae_et_patriae	pace_tua	Unrestricted	salus_in_arduis
image_collection	CTDC-STUDY-496749	CTDC-IMAGE-COLLECTION-640757	O_Tite_tute_Tati_tibi_tanta_tyranne_tulisti	CT	scientiae_et_patriae	nascentes_morimur_finisque_ab_origine_pendet	Download	imperium_in_imperio
image_collection	CTDC-STUDY-496749	CTDC-IMAGE-COLLECTION-719825	nanos_gigantum_humeris_insidentes	DX	saltus_in_demonstrando	scientiae_cedit_mare	Unrestricted	damnant_quod_non_intellegunt
image_collection	CTDC-STUDY-496749	CTDC-IMAGE-COLLECTION-555684	a_bene_placito	NM	Obedientia_civium_urbis_felicitas	a_bene_placito	Cloud	barba_crescit_caput_nescit
image_collection	CTDC-STUDY-496749	CTDC-IMAGE-COLLECTION-705734	e_causa_ignota	DX	scientia_et_sapientia	imperium_in_imperio	Unrestricted	O_Tite_tute_Tati_tibi_tanta_tyranne_tulisti
image_collection	CTDC-STUDY-496749	CTDC-IMAGE-COLLECTION-174907	scientia_et_sapientia	US	pace_tua	barba_crescit_caput_nescit	Cloud	cacatum_non_est_pictum
image_collection	CTDC-STUDY-496749	CTDC-IMAGE-COLLECTION-378949	nascentes_morimur_finisque_ab_origine_pendet	PT	faber_est_suae_quisque_fortunae	Macte_animo_Generose_puer_sic_itur_ad_astra	Download	scientia_et_sapientia
image_collection	CTDC-STUDY-496749	CTDC-IMAGE-COLLECTION-550625	saltus_in_demonstrando	PT	Gallia_est_omnis_divisa_in_partes_tres	nanos_gigantum_humeris_insidentes	Cloud	scientia_et_sapientia
image_collection	CTDC-STUDY-496749	CTDC-IMAGE-COLLECTION-256540	scientia_imperii_decus_et_tutamen	US	nascentes_morimur_finisque_ab_origine_pendet	scientia,_aere_perennius	Download	haec_olim_meminisse_iuvabit
image_collection	CTDC-STUDY-496749	CTDC-IMAGE-COLLECTION-791934	nanos_gigantum_humeris_insidentes	CT	id_quod_plerumque_accidit	O_Tite_tute_Tati_tibi_tanta_tyranne_tulisti	Unrestricted	saltus_in_demonstrando
image_collection	CTDC-STUDY-496749	CTDC-IMAGE-COLLECTION-518071	scientia_imperii_decus_et_tutamen	CT	Gallia_est_omnis_divisa_in_partes_tres	Obedientia_civium_urbis_felicitas	Download	scientia,_aere_perennius
image_collection	CTDC-STUDY-496749	CTDC-IMAGE-COLLECTION-186199	O_Tite_tute_Tati_tibi_tanta_tyranne_tulisti	MR	e_causa_ignota	sapiens_qui_prospicit	Download	scientia_et_labor
image_collection	CTDC-STUDY-496749	CTDC-IMAGE-COLLECTION-217183	saltus_in_demonstrando	MR	faber_est_suae_quisque_fortunae	scientia,_aere_perennius	Download	nanos_gigantum_humeris_insidentes
image_collection	CTDC-STUDY-496749	CTDC-IMAGE-COLLECTION-606071	sapiens_qui_prospicit	US	id_quod_plerumque_accidit	id_quod_plerumque_accidit	Download	labor_ipse_voluptas
image_collection	CTDC-STUDY-496749	CTDC-IMAGE-COLLECTION-944595	id_quod_plerumque_accidit	CT	a_bene_placito	pace_tua	Unrestricted	e_causa_ignota
image_collection	CTDC-STUDY-496749	CTDC-IMAGE-COLLECTION-584203	haec_olim_meminisse_iuvabit	MR	O_Tite_tute_Tati_tibi_tanta_tyranne_tulisti	pace_tua	Download	scientia_imperii_decus_et_tutamen
image_collection	CTDC-STUDY-496749	CTDC-IMAGE-COLLECTION-639194	labor_ipse_voluptas	US	nascentes_morimur_finisque_ab_origine_pendet	Obedientia_civium_urbis_felicitas	Cloud	faber_est_suae_quisque_fortunae
image_collection	CTDC-STUDY-496749	CTDC-IMAGE-COLLECTION-477033	O_Tite_tute_Tati_tibi_tanta_tyranne_tulisti	US	scientia_et_labor	scientiae_et_patriae	Download	e_causa_ignota
image_collection	CTDC-STUDY-496749	CTDC-IMAGE-COLLECTION-732798	scientia_et_sapientia	PT	labor_ipse_voluptas	scientia_et_sapientia	Download	scientia_et_sapientia
image_collection	CTDC-STUDY-496749	CTDC-IMAGE-COLLECTION-767207	scientia_et_labor	US	faber_est_suae_quisque_fortunae	nanos_gigantum_humeris_insidentes	Download	labor_ipse_voluptas
image_collection	CTDC-STUDY-496749	CTDC-IMAGE-COLLECTION-349360	a_bene_placito	NM	scientia,_aere_perennius	scientia,_aere_perennius	Download	scientiae_cedit_mare
image_collection	CTDC-STUDY-496749	CTDC-IMAGE-COLLECTION-787526	Macte_animo_Generose_puer_sic_itur_ad_astra	PT	faber_est_suae_quisque_fortunae	cacatum_non_est_pictum	Unrestricted	Macte_animo_Generose_puer_sic_itur_ad_astra
image_collection	CTDC-STUDY-496749	CTDC-IMAGE-COLLECTION-752338	imperium_in_imperio	US	a_bene_placito	scientia_et_labor	Download	haec_olim_meminisse_iuvabit
image_collection	CTDC-STUDY-496749	CTDC-IMAGE-COLLECTION-549310	salus_in_arduis	CT	scientia_et_labor	Macte_animo_Generose_puer_sic_itur_ad_astra	Cloud	Gallia_est_omnis_divisa_in_partes_tres
image_collection	CTDC-STUDY-496749	CTDC-IMAGE-COLLECTION-496589	barba_crescit_caput_nescit	MR	haec_olim_meminisse_iuvabit	sapiens_qui_prospicit	Download	scientia_imperii_decus_et_tutamen
image_collection	CTDC-STUDY-496749	CTDC-IMAGE-COLLECTION-570010	scientiae_et_patriae	DX	scientia_et_labor	scientia,_aere_perennius	Cloud	cacatum_non_est_pictum
image_collection	CTDC-STUDY-496749	CTDC-IMAGE-COLLECTION-467261	nanos_gigantum_humeris_insidentes	MR	sapiens_qui_prospicit	damnant_quod_non_intellegunt	Cloud	imperium_in_imperio
image_collection	CTDC-STUDY-496749	CTDC-IMAGE-COLLECTION-540342	saltus_in_demonstrando	CT	labor_ipse_voluptas	labor_ipse_voluptas	Unrestricted	scientia_imperii_decus_et_tutamen
image_collection	CTDC-STUDY-496749	CTDC-IMAGE-COLLECTION-507182	cacatum_non_est_pictum	CT	faber_est_suae_quisque_fortunae	barba_crescit_caput_nescit	Download	scientia_imperii_decus_et_tutamen
image_collection	CTDC-STUDY-496749	CTDC-IMAGE-COLLECTION-685114	labor_ipse_voluptas	NM	salus_in_arduis	imperium_in_imperio	Unrestricted	labor_ipse_voluptas
image_collection	CTDC-STUDY-496749	CTDC-IMAGE-COLLECTION-319503	e_causa_ignota	NM	scientia_imperii_decus_et_tutamen	scientia_et_sapientia	Download	scientia_et_labor
image_collection	CTDC-STUDY-496749	CTDC-IMAGE-COLLECTION-759589	scientiae_cedit_mare	MR	scientia_et_labor	id_quod_plerumque_accidit	Cloud	barba_crescit_caput_nescit
image_collection	CTDC-STUDY-496749	CTDC-IMAGE-COLLECTION-516064	scientiae_et_patriae	US	scientia_et_sapientia	Gallia_est_omnis_divisa_in_partes_tres	Unrestricted	scientia_et_labor
image_collection	CTDC-STUDY-496749	CTDC-IMAGE-COLLECTION-285125	scientia_et_labor	NM	saltus_in_demonstrando	cacatum_non_est_pictum	Download	e_causa_ignota
image_collection	CTDC-STUDY-496749	CTDC-IMAGE-COLLECTION-316574	scientia_imperii_decus_et_tutamen	DX	pace_tua	barba_crescit_caput_nescit	Unrestricted	Obedientia_civium_urbis_felicitas
image_collection	CTDC-STUDY-496749	CTDC-IMAGE-COLLECTION-843995	Macte_animo_Generose_puer_sic_itur_ad_astra	MR	e_causa_ignota	pace_tua	Download	saltus_in_demonstrando
image_collection	CTDC-STUDY-496749	CTDC-IMAGE-COLLECTION-636439	scientia_et_labor	US	damnant_quod_non_intellegunt	pace_tua	Download	pace_tua
image_collection	CTDC-STUDY-496749	CTDC-IMAGE-COLLECTION-891295	scientia_et_sapientia	DX	labor_ipse_voluptas	O_Tite_tute_Tati_tibi_tanta_tyranne_tulisti	Cloud	barba_crescit_caput_nescit
image_collection	CTDC-STUDY-496749	CTDC-IMAGE-COLLECTION-399919	scientia_imperii_decus_et_tutamen	MR	scientia,_aere_perennius	sapiens_qui_prospicit	Cloud	pace_tua
image_collection	CTDC-STUDY-496749	CTDC-IMAGE-COLLECTION-979740	Macte_animo_Generose_puer_sic_itur_ad_astra	CT	saltus_in_demonstrando	scientia_et_sapientia	Unrestricted	id_quod_plerumque_accidit
image_collection	CTDC-STUDY-496749	CTDC-IMAGE-COLLECTION-778358	cacatum_non_est_pictum	US	a_bene_placito	scientia_imperii_decus_et_tutamen	Cloud	pace_tua
image_collection	CTDC-STUDY-496749	CTDC-IMAGE-COLLECTION-100683	scientia_et_sapientia	US	sapiens_qui_prospicit	damnant_quod_non_intellegunt	Download	pace_tua
image_collection	CTDC-STUDY-496749	CTDC-IMAGE-COLLECTION-678030	haec_olim_meminisse_iuvabit	NM	Gallia_est_omnis_divisa_in_partes_tres	scientia,_aere_perennius	Download	id_quod_plerumque_accidit
image_collection	CTDC-STUDY-496749	CTDC-IMAGE-COLLECTION-380865	imperium_in_imperio	MR	Obedientia_civium_urbis_felicitas	Obedientia_civium_urbis_felicitas	Download	scientia_et_labor
image_collection	CTDC-STUDY-496749	CTDC-IMAGE-COLLECTION-687867	salus_in_arduis	CT	Obedientia_civium_urbis_felicitas	Gallia_est_omnis_divisa_in_partes_tres	Unrestricted	scientia_imperii_decus_et_tutamen
image_collection	CTDC-STUDY-496749	CTDC-IMAGE-COLLECTION-231113	Gallia_est_omnis_divisa_in_partes_tres	PT	scientia,_aere_perennius	e_causa_ignota	Unrestricted	Macte_animo_Generose_puer_sic_itur_ad_astra
image_collection	CTDC-STUDY-496749	CTDC-IMAGE-COLLECTION-679712	barba_crescit_caput_nescit	US	pace_tua	haec_olim_meminisse_iuvabit	Unrestricted	salus_in_arduis
image_collection	CTDC-STUDY-496749	CTDC-IMAGE-COLLECTION-812607	imperium_in_imperio	NM	cacatum_non_est_pictum	Gallia_est_omnis_divisa_in_partes_tres	Cloud	scientiae_cedit_mare
image_collection	CTDC-STUDY-496749	CTDC-IMAGE-COLLECTION-615802	e_causa_ignota	CT	haec_olim_meminisse_iuvabit	barba_crescit_caput_nescit	Download	Obedientia_civium_urbis_felicitas
image_collection	CTDC-STUDY-496749	CTDC-IMAGE-COLLECTION-957842	scientia,_aere_perennius	MR	id_quod_plerumque_accidit	nascentes_morimur_finisque_ab_origine_pendet	Unrestricted	damnant_quod_non_intellegunt
image_collection	CTDC-STUDY-496749	CTDC-IMAGE-COLLECTION-140715	scientiae_et_patriae	CT	nascentes_morimur_finisque_ab_origine_pendet	imperium_in_imperio	Download	cacatum_non_est_pictum
image_collection	CTDC-STUDY-496749	CTDC-IMAGE-COLLECTION-954261	faber_est_suae_quisque_fortunae	PT	Gallia_est_omnis_divisa_in_partes_tres	scientia,_aere_perennius	Cloud	Gallia_est_omnis_divisa_in_partes_tres
image_collection	CTDC-STUDY-496749	CTDC-IMAGE-COLLECTION-790416	Macte_animo_Generose_puer_sic_itur_ad_astra	MR	Macte_animo_Generose_puer_sic_itur_ad_astra	haec_olim_meminisse_iuvabit	Download	barba_crescit_caput_nescit
image_collection	CTDC-STUDY-496749	CTDC-IMAGE-COLLECTION-832614	nanos_gigantum_humeris_insidentes	PT	cacatum_non_est_pictum	cacatum_non_est_pictum	Unrestricted	scientia,_aere_perennius
image_collection	CTDC-STUDY-496749	CTDC-IMAGE-COLLECTION-631687	haec_olim_meminisse_iuvabit	MR	barba_crescit_caput_nescit	id_quod_plerumque_accidit	Cloud	O_Tite_tute_Tati_tibi_tanta_tyranne_tulisti
image_collection	CTDC-STUDY-496749	CTDC-IMAGE-COLLECTION-365194	id_quod_plerumque_accidit	NM	Macte_animo_Generose_puer_sic_itur_ad_astra	scientia,_aere_perennius	Cloud	scientia_imperii_decus_et_tutamen
image_collection	CTDC-STUDY-496749	CTDC-IMAGE-COLLECTION-408485	pace_tua	PT	nascentes_morimur_finisque_ab_origine_pendet	Macte_animo_Generose_puer_sic_itur_ad_astra	Download	scientia_imperii_decus_et_tutamen
image_collection	CTDC-STUDY-496749	CTDC-IMAGE-COLLECTION-765902	labor_ipse_voluptas	CT	scientia_et_sapientia	Macte_animo_Generose_puer_sic_itur_ad_astra	Unrestricted	Macte_animo_Generose_puer_sic_itur_ad_astra
image_collection	CTDC-STUDY-496749	CTDC-IMAGE-COLLECTION-332368	pace_tua	US	imperium_in_imperio	Macte_animo_Generose_puer_sic_itur_ad_astra	Cloud	scientia_et_sapientia
image_collection	CTDC-STUDY-496749	CTDC-IMAGE-COLLECTION-423650	haec_olim_meminisse_iuvabit	US	Obedientia_civium_urbis_felicitas	Obedientia_civium_urbis_felicitas	Download	scientia,_aere_perennius
image_collection	CTDC-STUDY-496749	CTDC-IMAGE-COLLECTION-471923	Obedientia_civium_urbis_felicitas	US	O_Tite_tute_Tati_tibi_tanta_tyranne_tulisti	Macte_animo_Generose_puer_sic_itur_ad_astra	Unrestricted	O_Tite_tute_Tati_tibi_tanta_tyranne_tulisti
image_collection	CTDC-STUDY-496749	CTDC-IMAGE-COLLECTION-215503	a_bene_placito	CT	scientiae_et_patriae	faber_est_suae_quisque_fortunae	Cloud	scientiae_et_patriae
image_collection	CTDC-STUDY-496749	CTDC-IMAGE-COLLECTION-837655	scientia_et_sapientia	NM	Obedientia_civium_urbis_felicitas	damnant_quod_non_intellegunt	Cloud	scientia_imperii_decus_et_tutamen
image_collection	CTDC-STUDY-496749	CTDC-IMAGE-COLLECTION-968563	faber_est_suae_quisque_fortunae	MR	damnant_quod_non_intellegunt	scientiae_et_patriae	Unrestricted	Gallia_est_omnis_divisa_in_partes_tres
image_collection	CTDC-STUDY-496749	CTDC-IMAGE-COLLECTION-328819	scientiae_cedit_mare	CT	Gallia_est_omnis_divisa_in_partes_tres	sapiens_qui_prospicit	Cloud	scientia,_aere_perennius
image_collection	CTDC-STUDY-496749	CTDC-IMAGE-COLLECTION-583732	scientia_et_labor	PT	nanos_gigantum_humeris_insidentes	faber_est_suae_quisque_fortunae	Download	barba_crescit_caput_nescit
image_collection	CTDC-STUDY-496749	CTDC-IMAGE-COLLECTION-140612	scientiae_cedit_mare	US	cacatum_non_est_pictum	imperium_in_imperio	Cloud	a_bene_placito
image_collection	CTDC-STUDY-496749	CTDC-IMAGE-COLLECTION-666813	Obedientia_civium_urbis_felicitas	MR	Obedientia_civium_urbis_felicitas	nascentes_morimur_finisque_ab_origine_pendet	Cloud	imperium_in_imperio
image_collection	CTDC-STUDY-496749	CTDC-IMAGE-COLLECTION-203345	scientia_et_sapientia	MR	nascentes_morimur_finisque_ab_origine_pendet	pace_tua	Cloud	Macte_animo_Generose_puer_sic_itur_ad_astra
image_collection	CTDC-STUDY-496749	CTDC-IMAGE-COLLECTION-335406	faber_est_suae_quisque_fortunae	NM	id_quod_plerumque_accidit	imperium_in_imperio	Download	nascentes_morimur_finisque_ab_origine_pendet
image_collection	CTDC-STUDY-496749	CTDC-IMAGE-COLLECTION-511665	sapiens_qui_prospicit	DX	cacatum_non_est_pictum	sapiens_qui_prospicit	Download	damnant_quod_non_intellegunt
image_collection	CTDC-STUDY-496749	CTDC-IMAGE-COLLECTION-628968	nanos_gigantum_humeris_insidentes	DX	haec_olim_meminisse_iuvabit	barba_crescit_caput_nescit	Download	scientia_et_labor
image_collection	CTDC-STUDY-496749	CTDC-IMAGE-COLLECTION-100508	nascentes_morimur_finisque_ab_origine_pendet	PT	haec_olim_meminisse_iuvabit	pace_tua	Cloud	e_causa_ignota
image_collection	CTDC-STUDY-496749	CTDC-IMAGE-COLLECTION-476118	scientia_et_labor	US	scientia_et_labor	nanos_gigantum_humeris_insidentes	Cloud	scientia_et_sapientia
image_collection	CTDC-STUDY-496749	CTDC-IMAGE-COLLECTION-507934	e_causa_ignota	MR	sapiens_qui_prospicit	damnant_quod_non_intellegunt	Cloud	nascentes_morimur_finisque_ab_origine_pendet
image_collection	CTDC-STUDY-496749	CTDC-IMAGE-COLLECTION-225666	scientiae_cedit_mare	PT	a_bene_placito	salus_in_arduis	Download	scientia_et_labor
image_collection	CTDC-STUDY-496749	CTDC-IMAGE-COLLECTION-551633	O_Tite_tute_Tati_tibi_tanta_tyranne_tulisti	MR	labor_ipse_voluptas	cacatum_non_est_pictum	Download	Obedientia_civium_urbis_felicitas
image_collection	CTDC-STUDY-496749	CTDC-IMAGE-COLLECTION-334033	haec_olim_meminisse_iuvabit	PT	scientiae_cedit_mare	cacatum_non_est_pictum	Cloud	O_Tite_tute_Tati_tibi_tanta_tyranne_tulisti
image_collection	CTDC-STUDY-496749	CTDC-IMAGE-COLLECTION-680944	Macte_animo_Generose_puer_sic_itur_ad_astra	DX	scientiae_cedit_mare	haec_olim_meminisse_iuvabit	Cloud	Gallia_est_omnis_divisa_in_partes_tres
image_collection	CTDC-STUDY-496749	CTDC-IMAGE-COLLECTION-398386	scientiae_et_patriae	US	salus_in_arduis	haec_olim_meminisse_iuvabit	Unrestricted	nascentes_morimur_finisque_ab_origine_pendet
image_collection	CTDC-STUDY-496749	CTDC-IMAGE-COLLECTION-129146	salus_in_arduis	NM	a_bene_placito	salus_in_arduis	Download	Gallia_est_omnis_divisa_in_partes_tres
image_collection	CTDC-STUDY-496749	CTDC-IMAGE-COLLECTION-313839	imperium_in_imperio	US	pace_tua	labor_ipse_voluptas	Unrestricted	faber_est_suae_quisque_fortunae
image_collection	CTDC-STUDY-496749	CTDC-IMAGE-COLLECTION-700471	Macte_animo_Generose_puer_sic_itur_ad_astra	US	saltus_in_demonstrando	imperium_in_imperio	Download	a_bene_placito
image_collection	CTDC-STUDY-496749	CTDC-IMAGE-COLLECTION-368481	scientia,_aere_perennius	NM	pace_tua	scientia_imperii_decus_et_tutamen	Unrestricted	Obedientia_civium_urbis_felicitas
image_collection	CTDC-STUDY-496749	CTDC-IMAGE-COLLECTION-338286	scientiae_et_patriae	CT	id_quod_plerumque_accidit	id_quod_plerumque_accidit	Download	pace_tua
image_collection	CTDC-STUDY-496749	CTDC-IMAGE-COLLECTION-202214	cacatum_non_est_pictum	MR	Obedientia_civium_urbis_felicitas	scientia_et_labor	Cloud	sapiens_qui_prospicit
