type	participant.participant_id	non_targeted_therapy_record_id	non_targeted_therapy	non_targeted_therapy_dose	non_targeted_therapy_dose_units	non_targeted_therapy_frequency	non_targeted_therapy_start_date	non_targeted_therapy_end_date	best_response_to_non_targeted_therapy	crdc_id
non_targeted_therapy	CTDC-PARTICIPANT-641111	CTDC-NON-TARGETED-THERAPY-213767	labor_ipse_voluptas	barba_crescit_caput_nescit	haec_olim_meminisse_iuvabit	Macte_animo_Generose_puer_sic_itur_ad_astra	834	906	Stable Disease	scientia_et_labor
non_targeted_therapy	CTDC-PARTICIPANT-641111	CTDC-NON-TARGETED-THERAPY-587920	a_bene_placito	sapiens_qui_prospicit	haec_olim_meminisse_iuvabit	scientiae_cedit_mare	204	493	Too Early	scientiae_et_patriae
non_targeted_therapy	CTDC-PARTICIPANT-429411	CTDC-NON-TARGETED-THERAPY-687043	Obedientia_civium_urbis_felicitas	pace_tua	saltus_in_demonstrando	scientia_et_labor	317	583	Partial Response	nanos_gigantum_humeris_insidentes
non_targeted_therapy	CTDC-PARTICIPANT-429411	CTDC-NON-TARGETED-THERAPY-977130	scientia,_aere_perennius	saltus_in_demonstrando	cacatum_non_est_pictum	nanos_gigantum_humeris_insidentes	879	598	Complete Response	O_Tite_tute_Tati_tibi_tanta_tyranne_tulisti
non_targeted_therapy	CTDC-PARTICIPANT-209642	CTDC-NON-TARGETED-THERAPY-803782	nascentes_morimur_finisque_ab_origine_pendet	sapiens_qui_prospicit	damnant_quod_non_intellegunt	saltus_in_demonstrando	344	60	Stable Disease	Macte_animo_Generose_puer_sic_itur_ad_astra
non_targeted_therapy	CTDC-PARTICIPANT-209642	CTDC-NON-TARGETED-THERAPY-381236	pace_tua	cacatum_non_est_pictum	Gallia_est_omnis_divisa_in_partes_tres	Gallia_est_omnis_divisa_in_partes_tres	953	62	Not Assessed	nascentes_morimur_finisque_ab_origine_pendet
non_targeted_therapy	CTDC-PARTICIPANT-482694	CTDC-NON-TARGETED-THERAPY-927736	scientia_imperii_decus_et_tutamen	e_causa_ignota	salus_in_arduis	barba_crescit_caput_nescit	295	875	Progressive Disease	cacatum_non_est_pictum
non_targeted_therapy	CTDC-PARTICIPANT-482694	CTDC-NON-TARGETED-THERAPY-582618	O_Tite_tute_Tati_tibi_tanta_tyranne_tulisti	e_causa_ignota	damnant_quod_non_intellegunt	scientia_et_labor	429	765	Stable Disease	scientia,_aere_perennius
non_targeted_therapy	CTDC-PARTICIPANT-301326	CTDC-NON-TARGETED-THERAPY-418353	Macte_animo_Generose_puer_sic_itur_ad_astra	cacatum_non_est_pictum	scientiae_cedit_mare	nascentes_morimur_finisque_ab_origine_pendet	328	914	Not Evaluable	barba_crescit_caput_nescit
non_targeted_therapy	CTDC-PARTICIPANT-301326	CTDC-NON-TARGETED-THERAPY-863436	Macte_animo_Generose_puer_sic_itur_ad_astra	Gallia_est_omnis_divisa_in_partes_tres	damnant_quod_non_intellegunt	labor_ipse_voluptas	486	404	Too Early	scientia_imperii_decus_et_tutamen
non_targeted_therapy	CTDC-PARTICIPANT-449539	CTDC-NON-TARGETED-THERAPY-907562	pace_tua	Obedientia_civium_urbis_felicitas	cacatum_non_est_pictum	imperium_in_imperio	329	27	Stable Disease	scientia_et_sapientia
non_targeted_therapy	CTDC-PARTICIPANT-449539	CTDC-NON-TARGETED-THERAPY-955144	scientia,_aere_perennius	e_causa_ignota	nascentes_morimur_finisque_ab_origine_pendet	Gallia_est_omnis_divisa_in_partes_tres	37	101	Not Assessed	saltus_in_demonstrando
non_targeted_therapy	CTDC-PARTICIPANT-340275	CTDC-NON-TARGETED-THERAPY-589216	nascentes_morimur_finisque_ab_origine_pendet	nanos_gigantum_humeris_insidentes	haec_olim_meminisse_iuvabit	scientiae_et_patriae	528	753	Stable Disease	scientia_et_labor
non_targeted_therapy	CTDC-PARTICIPANT-340275	CTDC-NON-TARGETED-THERAPY-854492	pace_tua	scientiae_et_patriae	sapiens_qui_prospicit	nanos_gigantum_humeris_insidentes	620	406	Complete Response	scientia_imperii_decus_et_tutamen
non_targeted_therapy	CTDC-PARTICIPANT-198783	CTDC-NON-TARGETED-THERAPY-589478	damnant_quod_non_intellegunt	labor_ipse_voluptas	labor_ipse_voluptas	imperium_in_imperio	20	391	Not Assessed	Gallia_est_omnis_divisa_in_partes_tres
non_targeted_therapy	CTDC-PARTICIPANT-198783	CTDC-NON-TARGETED-THERAPY-765344	Macte_animo_Generose_puer_sic_itur_ad_astra	Obedientia_civium_urbis_felicitas	damnant_quod_non_intellegunt	salus_in_arduis	285	258	Not Evaluable	id_quod_plerumque_accidit
non_targeted_therapy	CTDC-PARTICIPANT-786373	CTDC-NON-TARGETED-THERAPY-528216	damnant_quod_non_intellegunt	Obedientia_civium_urbis_felicitas	id_quod_plerumque_accidit	e_causa_ignota	134	116	Complete Response	nascentes_morimur_finisque_ab_origine_pendet
non_targeted_therapy	CTDC-PARTICIPANT-786373	CTDC-NON-TARGETED-THERAPY-716896	haec_olim_meminisse_iuvabit	Macte_animo_Generose_puer_sic_itur_ad_astra	salus_in_arduis	faber_est_suae_quisque_fortunae	680	225	Not Assessed	nanos_gigantum_humeris_insidentes
non_targeted_therapy	CTDC-PARTICIPANT-791713	CTDC-NON-TARGETED-THERAPY-848924	sapiens_qui_prospicit	damnant_quod_non_intellegunt	cacatum_non_est_pictum	scientiae_cedit_mare	927	460	Not Assessed	barba_crescit_caput_nescit
non_targeted_therapy	CTDC-PARTICIPANT-791713	CTDC-NON-TARGETED-THERAPY-271387	labor_ipse_voluptas	sapiens_qui_prospicit	scientia_et_labor	imperium_in_imperio	830	527	Not Evaluable	a_bene_placito
non_targeted_therapy	CTDC-PARTICIPANT-671238	CTDC-NON-TARGETED-THERAPY-523193	saltus_in_demonstrando	cacatum_non_est_pictum	scientia_et_labor	faber_est_suae_quisque_fortunae	514	246	Progressive Disease	Macte_animo_Generose_puer_sic_itur_ad_astra
non_targeted_therapy	CTDC-PARTICIPANT-671238	CTDC-NON-TARGETED-THERAPY-106356	pace_tua	cacatum_non_est_pictum	salus_in_arduis	id_quod_plerumque_accidit	938	702	Complete Response	pace_tua
non_targeted_therapy	CTDC-PARTICIPANT-371594	CTDC-NON-TARGETED-THERAPY-896883	scientiae_cedit_mare	scientia_et_labor	sapiens_qui_prospicit	scientia_imperii_decus_et_tutamen	477	675	Not Assessed	scientia,_aere_perennius
non_targeted_therapy	CTDC-PARTICIPANT-371594	CTDC-NON-TARGETED-THERAPY-200236	scientiae_cedit_mare	nascentes_morimur_finisque_ab_origine_pendet	scientiae_et_patriae	scientia_et_sapientia	950	877	Unknown	scientiae_et_patriae
non_targeted_therapy	CTDC-PARTICIPANT-584849	CTDC-NON-TARGETED-THERAPY-443681	scientia_et_sapientia	scientia_et_labor	scientia_et_sapientia	labor_ipse_voluptas	728	938	Less than partial response	cacatum_non_est_pictum
non_targeted_therapy	CTDC-PARTICIPANT-584849	CTDC-NON-TARGETED-THERAPY-717759	haec_olim_meminisse_iuvabit	Macte_animo_Generose_puer_sic_itur_ad_astra	a_bene_placito	scientiae_cedit_mare	754	120	Partial Response	haec_olim_meminisse_iuvabit
non_targeted_therapy	CTDC-PARTICIPANT-513457	CTDC-NON-TARGETED-THERAPY-801404	scientia,_aere_perennius	id_quod_plerumque_accidit	salus_in_arduis	imperium_in_imperio	655	99	Partial Response	haec_olim_meminisse_iuvabit
non_targeted_therapy	CTDC-PARTICIPANT-513457	CTDC-NON-TARGETED-THERAPY-340770	imperium_in_imperio	barba_crescit_caput_nescit	scientia_et_labor	Macte_animo_Generose_puer_sic_itur_ad_astra	360	592	Not Evaluable	labor_ipse_voluptas
non_targeted_therapy	CTDC-PARTICIPANT-286805	CTDC-NON-TARGETED-THERAPY-421424	nascentes_morimur_finisque_ab_origine_pendet	scientia_et_sapientia	salus_in_arduis	scientiae_cedit_mare	651	619	Less than partial response	O_Tite_tute_Tati_tibi_tanta_tyranne_tulisti
non_targeted_therapy	CTDC-PARTICIPANT-286805	CTDC-NON-TARGETED-THERAPY-640614	pace_tua	Gallia_est_omnis_divisa_in_partes_tres	saltus_in_demonstrando	imperium_in_imperio	967	125	Too Early	e_causa_ignota
non_targeted_therapy	CTDC-PARTICIPANT-360661	CTDC-NON-TARGETED-THERAPY-887665	barba_crescit_caput_nescit	nascentes_morimur_finisque_ab_origine_pendet	scientiae_et_patriae	Obedientia_civium_urbis_felicitas	861	499	Unknown	scientia_et_sapientia
non_targeted_therapy	CTDC-PARTICIPANT-360661	CTDC-NON-TARGETED-THERAPY-365423	Obedientia_civium_urbis_felicitas	labor_ipse_voluptas	imperium_in_imperio	labor_ipse_voluptas	55	376	Stable Disease	scientiae_cedit_mare
non_targeted_therapy	CTDC-PARTICIPANT-208381	CTDC-NON-TARGETED-THERAPY-731611	imperium_in_imperio	Gallia_est_omnis_divisa_in_partes_tres	scientiae_et_patriae	Macte_animo_Generose_puer_sic_itur_ad_astra	51	628	Progressive Disease	pace_tua
non_targeted_therapy	CTDC-PARTICIPANT-208381	CTDC-NON-TARGETED-THERAPY-124331	saltus_in_demonstrando	scientia_et_sapientia	scientiae_cedit_mare	Gallia_est_omnis_divisa_in_partes_tres	326	280	Less than partial response	faber_est_suae_quisque_fortunae
non_targeted_therapy	CTDC-PARTICIPANT-149549	CTDC-NON-TARGETED-THERAPY-479030	sapiens_qui_prospicit	Gallia_est_omnis_divisa_in_partes_tres	faber_est_suae_quisque_fortunae	e_causa_ignota	526	791	Partial Response	scientiae_et_patriae
non_targeted_therapy	CTDC-PARTICIPANT-149549	CTDC-NON-TARGETED-THERAPY-453037	Obedientia_civium_urbis_felicitas	haec_olim_meminisse_iuvabit	pace_tua	barba_crescit_caput_nescit	666	165	Not Evaluable	pace_tua
non_targeted_therapy	CTDC-PARTICIPANT-607722	CTDC-NON-TARGETED-THERAPY-465467	haec_olim_meminisse_iuvabit	barba_crescit_caput_nescit	scientia_et_sapientia	saltus_in_demonstrando	555	667	Complete Response	O_Tite_tute_Tati_tibi_tanta_tyranne_tulisti
non_targeted_therapy	CTDC-PARTICIPANT-607722	CTDC-NON-TARGETED-THERAPY-950247	Obedientia_civium_urbis_felicitas	scientiae_cedit_mare	a_bene_placito	pace_tua	618	201	Unknown	scientia,_aere_perennius
non_targeted_therapy	CTDC-PARTICIPANT-968052	CTDC-NON-TARGETED-THERAPY-431972	scientia,_aere_perennius	cacatum_non_est_pictum	nanos_gigantum_humeris_insidentes	pace_tua	104	235	Complete Response	Macte_animo_Generose_puer_sic_itur_ad_astra
non_targeted_therapy	CTDC-PARTICIPANT-968052	CTDC-NON-TARGETED-THERAPY-665031	scientia_imperii_decus_et_tutamen	labor_ipse_voluptas	cacatum_non_est_pictum	scientia_imperii_decus_et_tutamen	346	453	Less than partial response	O_Tite_tute_Tati_tibi_tanta_tyranne_tulisti
non_targeted_therapy	CTDC-PARTICIPANT-273892	CTDC-NON-TARGETED-THERAPY-973149	salus_in_arduis	e_causa_ignota	nascentes_morimur_finisque_ab_origine_pendet	imperium_in_imperio	841	157	Progressive Disease	scientia_et_sapientia
non_targeted_therapy	CTDC-PARTICIPANT-273892	CTDC-NON-TARGETED-THERAPY-660929	scientia,_aere_perennius	scientia_et_sapientia	imperium_in_imperio	id_quod_plerumque_accidit	336	133	Complete Response	e_causa_ignota
non_targeted_therapy	CTDC-PARTICIPANT-599675	CTDC-NON-TARGETED-THERAPY-991946	nascentes_morimur_finisque_ab_origine_pendet	Gallia_est_omnis_divisa_in_partes_tres	e_causa_ignota	pace_tua	675	837	Less than partial response	Macte_animo_Generose_puer_sic_itur_ad_astra
non_targeted_therapy	CTDC-PARTICIPANT-599675	CTDC-NON-TARGETED-THERAPY-325474	scientia,_aere_perennius	e_causa_ignota	O_Tite_tute_Tati_tibi_tanta_tyranne_tulisti	scientia_et_labor	885	342	Complete Response	damnant_quod_non_intellegunt
non_targeted_therapy	CTDC-PARTICIPANT-389190	CTDC-NON-TARGETED-THERAPY-585519	pace_tua	cacatum_non_est_pictum	nascentes_morimur_finisque_ab_origine_pendet	cacatum_non_est_pictum	961	469	Less than partial response	a_bene_placito
non_targeted_therapy	CTDC-PARTICIPANT-389190	CTDC-NON-TARGETED-THERAPY-814659	imperium_in_imperio	labor_ipse_voluptas	Gallia_est_omnis_divisa_in_partes_tres	labor_ipse_voluptas	286	423	Not Assessed	haec_olim_meminisse_iuvabit
non_targeted_therapy	CTDC-PARTICIPANT-992012	CTDC-NON-TARGETED-THERAPY-930963	nascentes_morimur_finisque_ab_origine_pendet	scientia_et_sapientia	saltus_in_demonstrando	pace_tua	719	747	Too Early	cacatum_non_est_pictum
non_targeted_therapy	CTDC-PARTICIPANT-992012	CTDC-NON-TARGETED-THERAPY-332021	scientia_et_labor	Obedientia_civium_urbis_felicitas	haec_olim_meminisse_iuvabit	scientiae_cedit_mare	825	212	Complete Response	sapiens_qui_prospicit
non_targeted_therapy	CTDC-PARTICIPANT-322813	CTDC-NON-TARGETED-THERAPY-472195	barba_crescit_caput_nescit	saltus_in_demonstrando	salus_in_arduis	imperium_in_imperio	682	812	Not Assessed	nanos_gigantum_humeris_insidentes
non_targeted_therapy	CTDC-PARTICIPANT-322813	CTDC-NON-TARGETED-THERAPY-717712	scientiae_et_patriae	haec_olim_meminisse_iuvabit	salus_in_arduis	scientiae_et_patriae	559	133	Partial Response	nanos_gigantum_humeris_insidentes
non_targeted_therapy	CTDC-PARTICIPANT-563302	CTDC-NON-TARGETED-THERAPY-665028	sapiens_qui_prospicit	nanos_gigantum_humeris_insidentes	saltus_in_demonstrando	faber_est_suae_quisque_fortunae	850	753	Not Evaluable	Macte_animo_Generose_puer_sic_itur_ad_astra
non_targeted_therapy	CTDC-PARTICIPANT-563302	CTDC-NON-TARGETED-THERAPY-293207	imperium_in_imperio	salus_in_arduis	O_Tite_tute_Tati_tibi_tanta_tyranne_tulisti	imperium_in_imperio	853	581	Unknown	O_Tite_tute_Tati_tibi_tanta_tyranne_tulisti
non_targeted_therapy	CTDC-PARTICIPANT-449980	CTDC-NON-TARGETED-THERAPY-866993	damnant_quod_non_intellegunt	scientiae_et_patriae	scientia_et_sapientia	haec_olim_meminisse_iuvabit	691	267	Unknown	id_quod_plerumque_accidit
non_targeted_therapy	CTDC-PARTICIPANT-449980	CTDC-NON-TARGETED-THERAPY-759594	scientiae_cedit_mare	saltus_in_demonstrando	nascentes_morimur_finisque_ab_origine_pendet	sapiens_qui_prospicit	927	578	Complete Response	sapiens_qui_prospicit
non_targeted_therapy	CTDC-PARTICIPANT-863646	CTDC-NON-TARGETED-THERAPY-268709	damnant_quod_non_intellegunt	e_causa_ignota	scientiae_et_patriae	nascentes_morimur_finisque_ab_origine_pendet	94	860	Complete Response	faber_est_suae_quisque_fortunae
non_targeted_therapy	CTDC-PARTICIPANT-863646	CTDC-NON-TARGETED-THERAPY-304890	nascentes_morimur_finisque_ab_origine_pendet	e_causa_ignota	scientiae_et_patriae	nanos_gigantum_humeris_insidentes	617	733	Progressive Disease	sapiens_qui_prospicit
non_targeted_therapy	CTDC-PARTICIPANT-365305	CTDC-NON-TARGETED-THERAPY-808079	Obedientia_civium_urbis_felicitas	scientia_et_sapientia	pace_tua	pace_tua	730	289	Less than partial response	Obedientia_civium_urbis_felicitas
non_targeted_therapy	CTDC-PARTICIPANT-365305	CTDC-NON-TARGETED-THERAPY-721462	nanos_gigantum_humeris_insidentes	scientia_imperii_decus_et_tutamen	scientia,_aere_perennius	saltus_in_demonstrando	656	599	Complete Response	haec_olim_meminisse_iuvabit
non_targeted_therapy	CTDC-PARTICIPANT-684111	CTDC-NON-TARGETED-THERAPY-707906	scientia,_aere_perennius	labor_ipse_voluptas	damnant_quod_non_intellegunt	e_causa_ignota	950	817	Not Evaluable	scientia,_aere_perennius
non_targeted_therapy	CTDC-PARTICIPANT-684111	CTDC-NON-TARGETED-THERAPY-203898	Gallia_est_omnis_divisa_in_partes_tres	id_quod_plerumque_accidit	pace_tua	Macte_animo_Generose_puer_sic_itur_ad_astra	19	75	Not Assessed	labor_ipse_voluptas
non_targeted_therapy	CTDC-PARTICIPANT-891914	CTDC-NON-TARGETED-THERAPY-624120	scientiae_et_patriae	labor_ipse_voluptas	e_causa_ignota	scientia_et_labor	257	875	Progressive Disease	a_bene_placito
non_targeted_therapy	CTDC-PARTICIPANT-891914	CTDC-NON-TARGETED-THERAPY-408908	salus_in_arduis	Macte_animo_Generose_puer_sic_itur_ad_astra	e_causa_ignota	faber_est_suae_quisque_fortunae	903	877	Unknown	O_Tite_tute_Tati_tibi_tanta_tyranne_tulisti
non_targeted_therapy	CTDC-PARTICIPANT-486601	CTDC-NON-TARGETED-THERAPY-135860	Macte_animo_Generose_puer_sic_itur_ad_astra	e_causa_ignota	O_Tite_tute_Tati_tibi_tanta_tyranne_tulisti	cacatum_non_est_pictum	709	156	Unknown	sapiens_qui_prospicit
non_targeted_therapy	CTDC-PARTICIPANT-486601	CTDC-NON-TARGETED-THERAPY-722997	Obedientia_civium_urbis_felicitas	Obedientia_civium_urbis_felicitas	scientia_imperii_decus_et_tutamen	nascentes_morimur_finisque_ab_origine_pendet	525	602	Stable Disease	scientiae_cedit_mare
non_targeted_therapy	CTDC-PARTICIPANT-531064	CTDC-NON-TARGETED-THERAPY-550788	Gallia_est_omnis_divisa_in_partes_tres	id_quod_plerumque_accidit	Macte_animo_Generose_puer_sic_itur_ad_astra	cacatum_non_est_pictum	241	60	Progressive Disease	scientia_imperii_decus_et_tutamen
non_targeted_therapy	CTDC-PARTICIPANT-531064	CTDC-NON-TARGETED-THERAPY-800844	Obedientia_civium_urbis_felicitas	scientia_et_sapientia	labor_ipse_voluptas	imperium_in_imperio	103	776	Less than partial response	labor_ipse_voluptas
non_targeted_therapy	CTDC-PARTICIPANT-929629	CTDC-NON-TARGETED-THERAPY-280009	scientia_et_labor	imperium_in_imperio	O_Tite_tute_Tati_tibi_tanta_tyranne_tulisti	Gallia_est_omnis_divisa_in_partes_tres	550	555	Not Evaluable	nascentes_morimur_finisque_ab_origine_pendet
non_targeted_therapy	CTDC-PARTICIPANT-929629	CTDC-NON-TARGETED-THERAPY-898030	a_bene_placito	scientia_et_sapientia	Gallia_est_omnis_divisa_in_partes_tres	scientia_et_sapientia	921	976	Too Early	scientia,_aere_perennius
non_targeted_therapy	CTDC-PARTICIPANT-667747	CTDC-NON-TARGETED-THERAPY-524023	haec_olim_meminisse_iuvabit	salus_in_arduis	cacatum_non_est_pictum	sapiens_qui_prospicit	878	813	Not Evaluable	nanos_gigantum_humeris_insidentes
non_targeted_therapy	CTDC-PARTICIPANT-667747	CTDC-NON-TARGETED-THERAPY-658281	O_Tite_tute_Tati_tibi_tanta_tyranne_tulisti	haec_olim_meminisse_iuvabit	Obedientia_civium_urbis_felicitas	Gallia_est_omnis_divisa_in_partes_tres	898	564	Too Early	nanos_gigantum_humeris_insidentes
non_targeted_therapy	CTDC-PARTICIPANT-270141	CTDC-NON-TARGETED-THERAPY-440070	scientiae_et_patriae	damnant_quod_non_intellegunt	salus_in_arduis	saltus_in_demonstrando	84	13	Unknown	salus_in_arduis
non_targeted_therapy	CTDC-PARTICIPANT-270141	CTDC-NON-TARGETED-THERAPY-425230	O_Tite_tute_Tati_tibi_tanta_tyranne_tulisti	scientia_et_labor	haec_olim_meminisse_iuvabit	barba_crescit_caput_nescit	455	650	Stable Disease	cacatum_non_est_pictum
non_targeted_therapy	CTDC-PARTICIPANT-779049	CTDC-NON-TARGETED-THERAPY-732886	scientiae_cedit_mare	labor_ipse_voluptas	id_quod_plerumque_accidit	faber_est_suae_quisque_fortunae	478	896	Not Evaluable	damnant_quod_non_intellegunt
non_targeted_therapy	CTDC-PARTICIPANT-779049	CTDC-NON-TARGETED-THERAPY-342214	Gallia_est_omnis_divisa_in_partes_tres	O_Tite_tute_Tati_tibi_tanta_tyranne_tulisti	O_Tite_tute_Tati_tibi_tanta_tyranne_tulisti	damnant_quod_non_intellegunt	328	185	Not Assessed	scientia_et_sapientia
non_targeted_therapy	CTDC-PARTICIPANT-297073	CTDC-NON-TARGETED-THERAPY-144128	sapiens_qui_prospicit	id_quod_plerumque_accidit	e_causa_ignota	nanos_gigantum_humeris_insidentes	995	976	Not Assessed	id_quod_plerumque_accidit
non_targeted_therapy	CTDC-PARTICIPANT-297073	CTDC-NON-TARGETED-THERAPY-767135	faber_est_suae_quisque_fortunae	damnant_quod_non_intellegunt	Obedientia_civium_urbis_felicitas	O_Tite_tute_Tati_tibi_tanta_tyranne_tulisti	195	282	Stable Disease	imperium_in_imperio
non_targeted_therapy	CTDC-PARTICIPANT-749799	CTDC-NON-TARGETED-THERAPY-605058	damnant_quod_non_intellegunt	scientia_et_labor	O_Tite_tute_Tati_tibi_tanta_tyranne_tulisti	Obedientia_civium_urbis_felicitas	303	121	Partial Response	Gallia_est_omnis_divisa_in_partes_tres
non_targeted_therapy	CTDC-PARTICIPANT-749799	CTDC-NON-TARGETED-THERAPY-670018	barba_crescit_caput_nescit	id_quod_plerumque_accidit	imperium_in_imperio	saltus_in_demonstrando	973	490	Less than partial response	salus_in_arduis
non_targeted_therapy	CTDC-PARTICIPANT-922401	CTDC-NON-TARGETED-THERAPY-371301	scientia_et_sapientia	faber_est_suae_quisque_fortunae	scientiae_cedit_mare	barba_crescit_caput_nescit	22	933	Too Early	sapiens_qui_prospicit
non_targeted_therapy	CTDC-PARTICIPANT-922401	CTDC-NON-TARGETED-THERAPY-873560	cacatum_non_est_pictum	scientia_imperii_decus_et_tutamen	scientia,_aere_perennius	scientiae_cedit_mare	288	29	Unknown	id_quod_plerumque_accidit
non_targeted_therapy	CTDC-PARTICIPANT-382937	CTDC-NON-TARGETED-THERAPY-383480	scientia_et_labor	scientia_imperii_decus_et_tutamen	e_causa_ignota	nascentes_morimur_finisque_ab_origine_pendet	482	95	Not Evaluable	scientiae_et_patriae
non_targeted_therapy	CTDC-PARTICIPANT-382937	CTDC-NON-TARGETED-THERAPY-417923	Gallia_est_omnis_divisa_in_partes_tres	scientiae_et_patriae	scientia_et_labor	saltus_in_demonstrando	801	974	Too Early	pace_tua
non_targeted_therapy	CTDC-PARTICIPANT-294142	CTDC-NON-TARGETED-THERAPY-202342	O_Tite_tute_Tati_tibi_tanta_tyranne_tulisti	barba_crescit_caput_nescit	scientia,_aere_perennius	scientia_imperii_decus_et_tutamen	120	877	Progressive Disease	barba_crescit_caput_nescit
non_targeted_therapy	CTDC-PARTICIPANT-294142	CTDC-NON-TARGETED-THERAPY-421519	scientiae_cedit_mare	sapiens_qui_prospicit	sapiens_qui_prospicit	Obedientia_civium_urbis_felicitas	82	564	Less than partial response	salus_in_arduis
non_targeted_therapy	CTDC-PARTICIPANT-690107	CTDC-NON-TARGETED-THERAPY-305486	O_Tite_tute_Tati_tibi_tanta_tyranne_tulisti	Gallia_est_omnis_divisa_in_partes_tres	a_bene_placito	e_causa_ignota	571	107	Stable Disease	O_Tite_tute_Tati_tibi_tanta_tyranne_tulisti
non_targeted_therapy	CTDC-PARTICIPANT-690107	CTDC-NON-TARGETED-THERAPY-563427	Obedientia_civium_urbis_felicitas	salus_in_arduis	scientiae_cedit_mare	scientia_et_labor	472	245	Too Early	Macte_animo_Generose_puer_sic_itur_ad_astra
non_targeted_therapy	CTDC-PARTICIPANT-366120	CTDC-NON-TARGETED-THERAPY-808433	scientiae_et_patriae	scientia_et_sapientia	a_bene_placito	scientia_imperii_decus_et_tutamen	811	200	Complete Response	imperium_in_imperio
non_targeted_therapy	CTDC-PARTICIPANT-366120	CTDC-NON-TARGETED-THERAPY-704089	nascentes_morimur_finisque_ab_origine_pendet	scientia_imperii_decus_et_tutamen	Obedientia_civium_urbis_felicitas	barba_crescit_caput_nescit	305	391	Stable Disease	haec_olim_meminisse_iuvabit
non_targeted_therapy	CTDC-PARTICIPANT-638488	CTDC-NON-TARGETED-THERAPY-697085	a_bene_placito	barba_crescit_caput_nescit	Macte_animo_Generose_puer_sic_itur_ad_astra	sapiens_qui_prospicit	485	489	Stable Disease	scientiae_cedit_mare
non_targeted_therapy	CTDC-PARTICIPANT-638488	CTDC-NON-TARGETED-THERAPY-230288	nascentes_morimur_finisque_ab_origine_pendet	barba_crescit_caput_nescit	scientiae_et_patriae	labor_ipse_voluptas	868	939	Not Evaluable	damnant_quod_non_intellegunt
non_targeted_therapy	CTDC-PARTICIPANT-314138	CTDC-NON-TARGETED-THERAPY-242503	e_causa_ignota	pace_tua	saltus_in_demonstrando	nanos_gigantum_humeris_insidentes	818	644	Partial Response	damnant_quod_non_intellegunt
non_targeted_therapy	CTDC-PARTICIPANT-314138	CTDC-NON-TARGETED-THERAPY-795798	e_causa_ignota	scientia,_aere_perennius	nanos_gigantum_humeris_insidentes	Gallia_est_omnis_divisa_in_partes_tres	944	997	Progressive Disease	cacatum_non_est_pictum
non_targeted_therapy	CTDC-PARTICIPANT-938247	CTDC-NON-TARGETED-THERAPY-453332	scientia_et_labor	id_quod_plerumque_accidit	nanos_gigantum_humeris_insidentes	Macte_animo_Generose_puer_sic_itur_ad_astra	409	331	Complete Response	pace_tua
non_targeted_therapy	CTDC-PARTICIPANT-938247	CTDC-NON-TARGETED-THERAPY-734018	nanos_gigantum_humeris_insidentes	pace_tua	cacatum_non_est_pictum	pace_tua	47	846	Stable Disease	scientia,_aere_perennius
non_targeted_therapy	CTDC-PARTICIPANT-791745	CTDC-NON-TARGETED-THERAPY-829572	scientia,_aere_perennius	Obedientia_civium_urbis_felicitas	O_Tite_tute_Tati_tibi_tanta_tyranne_tulisti	salus_in_arduis	735	491	Stable Disease	nanos_gigantum_humeris_insidentes
non_targeted_therapy	CTDC-PARTICIPANT-791745	CTDC-NON-TARGETED-THERAPY-909264	labor_ipse_voluptas	scientia,_aere_perennius	haec_olim_meminisse_iuvabit	saltus_in_demonstrando	935	454	Not Evaluable	cacatum_non_est_pictum
non_targeted_therapy	CTDC-PARTICIPANT-817733	CTDC-NON-TARGETED-THERAPY-450384	saltus_in_demonstrando	labor_ipse_voluptas	O_Tite_tute_Tati_tibi_tanta_tyranne_tulisti	sapiens_qui_prospicit	755	286	Complete Response	e_causa_ignota
non_targeted_therapy	CTDC-PARTICIPANT-817733	CTDC-NON-TARGETED-THERAPY-541870	scientia_et_labor	e_causa_ignota	sapiens_qui_prospicit	e_causa_ignota	203	584	Progressive Disease	scientia_imperii_decus_et_tutamen
non_targeted_therapy	CTDC-PARTICIPANT-254156	CTDC-NON-TARGETED-THERAPY-823010	saltus_in_demonstrando	barba_crescit_caput_nescit	scientia_imperii_decus_et_tutamen	Obedientia_civium_urbis_felicitas	532	381	Complete Response	scientiae_cedit_mare
non_targeted_therapy	CTDC-PARTICIPANT-254156	CTDC-NON-TARGETED-THERAPY-823957	a_bene_placito	pace_tua	scientia_et_sapientia	cacatum_non_est_pictum	532	491	Less than partial response	Gallia_est_omnis_divisa_in_partes_tres
non_targeted_therapy	CTDC-PARTICIPANT-207908	CTDC-NON-TARGETED-THERAPY-539717	scientia_et_sapientia	scientiae_et_patriae	id_quod_plerumque_accidit	imperium_in_imperio	811	90	Stable Disease	id_quod_plerumque_accidit
non_targeted_therapy	CTDC-PARTICIPANT-207908	CTDC-NON-TARGETED-THERAPY-282553	scientia,_aere_perennius	salus_in_arduis	scientia_et_labor	labor_ipse_voluptas	95	908	Partial Response	a_bene_placito
non_targeted_therapy	CTDC-PARTICIPANT-536513	CTDC-NON-TARGETED-THERAPY-238935	damnant_quod_non_intellegunt	O_Tite_tute_Tati_tibi_tanta_tyranne_tulisti	scientia_imperii_decus_et_tutamen	id_quod_plerumque_accidit	486	418	Complete Response	Gallia_est_omnis_divisa_in_partes_tres
non_targeted_therapy	CTDC-PARTICIPANT-536513	CTDC-NON-TARGETED-THERAPY-754263	scientia_imperii_decus_et_tutamen	scientia_imperii_decus_et_tutamen	scientia,_aere_perennius	faber_est_suae_quisque_fortunae	761	540	Not Assessed	nanos_gigantum_humeris_insidentes
non_targeted_therapy	CTDC-PARTICIPANT-353582	CTDC-NON-TARGETED-THERAPY-198943	labor_ipse_voluptas	Obedientia_civium_urbis_felicitas	pace_tua	labor_ipse_voluptas	134	287	Stable Disease	scientia_et_labor
non_targeted_therapy	CTDC-PARTICIPANT-353582	CTDC-NON-TARGETED-THERAPY-771675	faber_est_suae_quisque_fortunae	labor_ipse_voluptas	imperium_in_imperio	scientiae_cedit_mare	835	501	Progressive Disease	id_quod_plerumque_accidit
non_targeted_therapy	CTDC-PARTICIPANT-970835	CTDC-NON-TARGETED-THERAPY-877496	Gallia_est_omnis_divisa_in_partes_tres	sapiens_qui_prospicit	faber_est_suae_quisque_fortunae	barba_crescit_caput_nescit	971	631	Partial Response	cacatum_non_est_pictum
non_targeted_therapy	CTDC-PARTICIPANT-970835	CTDC-NON-TARGETED-THERAPY-721882	O_Tite_tute_Tati_tibi_tanta_tyranne_tulisti	scientia,_aere_perennius	Obedientia_civium_urbis_felicitas	scientiae_cedit_mare	483	399	Stable Disease	O_Tite_tute_Tati_tibi_tanta_tyranne_tulisti
non_targeted_therapy	CTDC-PARTICIPANT-380250	CTDC-NON-TARGETED-THERAPY-931290	e_causa_ignota	scientiae_cedit_mare	haec_olim_meminisse_iuvabit	pace_tua	789	670	Partial Response	nascentes_morimur_finisque_ab_origine_pendet
non_targeted_therapy	CTDC-PARTICIPANT-380250	CTDC-NON-TARGETED-THERAPY-308363	haec_olim_meminisse_iuvabit	saltus_in_demonstrando	scientia_et_labor	e_causa_ignota	952	774	Too Early	salus_in_arduis
non_targeted_therapy	CTDC-PARTICIPANT-824360	CTDC-NON-TARGETED-THERAPY-191584	salus_in_arduis	scientia_et_labor	e_causa_ignota	barba_crescit_caput_nescit	571	206	Complete Response	cacatum_non_est_pictum
non_targeted_therapy	CTDC-PARTICIPANT-824360	CTDC-NON-TARGETED-THERAPY-346976	scientiae_et_patriae	Gallia_est_omnis_divisa_in_partes_tres	Macte_animo_Generose_puer_sic_itur_ad_astra	labor_ipse_voluptas	394	72	Not Evaluable	scientiae_et_patriae
non_targeted_therapy	CTDC-PARTICIPANT-519155	CTDC-NON-TARGETED-THERAPY-588220	scientia,_aere_perennius	imperium_in_imperio	scientia_imperii_decus_et_tutamen	haec_olim_meminisse_iuvabit	202	403	Complete Response	e_causa_ignota
non_targeted_therapy	CTDC-PARTICIPANT-519155	CTDC-NON-TARGETED-THERAPY-511940	scientia,_aere_perennius	O_Tite_tute_Tati_tibi_tanta_tyranne_tulisti	pace_tua	scientiae_et_patriae	257	523	Unknown	haec_olim_meminisse_iuvabit
non_targeted_therapy	CTDC-PARTICIPANT-830585	CTDC-NON-TARGETED-THERAPY-694224	saltus_in_demonstrando	pace_tua	a_bene_placito	scientiae_cedit_mare	130	955	Not Assessed	imperium_in_imperio
non_targeted_therapy	CTDC-PARTICIPANT-830585	CTDC-NON-TARGETED-THERAPY-759642	a_bene_placito	Obedientia_civium_urbis_felicitas	salus_in_arduis	salus_in_arduis	74	678	Partial Response	labor_ipse_voluptas
non_targeted_therapy	CTDC-PARTICIPANT-641275	CTDC-NON-TARGETED-THERAPY-288772	damnant_quod_non_intellegunt	faber_est_suae_quisque_fortunae	labor_ipse_voluptas	barba_crescit_caput_nescit	444	538	Not Evaluable	Obedientia_civium_urbis_felicitas
non_targeted_therapy	CTDC-PARTICIPANT-641275	CTDC-NON-TARGETED-THERAPY-959967	id_quod_plerumque_accidit	scientia_et_labor	id_quod_plerumque_accidit	imperium_in_imperio	781	140	Less than partial response	saltus_in_demonstrando
non_targeted_therapy	CTDC-PARTICIPANT-457741	CTDC-NON-TARGETED-THERAPY-776695	O_Tite_tute_Tati_tibi_tanta_tyranne_tulisti	O_Tite_tute_Tati_tibi_tanta_tyranne_tulisti	pace_tua	imperium_in_imperio	682	52	Too Early	faber_est_suae_quisque_fortunae
non_targeted_therapy	CTDC-PARTICIPANT-457741	CTDC-NON-TARGETED-THERAPY-556419	scientiae_cedit_mare	O_Tite_tute_Tati_tibi_tanta_tyranne_tulisti	scientia_et_sapientia	labor_ipse_voluptas	472	708	Too Early	scientiae_et_patriae
non_targeted_therapy	CTDC-PARTICIPANT-523680	CTDC-NON-TARGETED-THERAPY-975173	saltus_in_demonstrando	cacatum_non_est_pictum	scientiae_cedit_mare	scientia_et_sapientia	425	131	Stable Disease	faber_est_suae_quisque_fortunae
non_targeted_therapy	CTDC-PARTICIPANT-523680	CTDC-NON-TARGETED-THERAPY-413522	faber_est_suae_quisque_fortunae	pace_tua	nascentes_morimur_finisque_ab_origine_pendet	faber_est_suae_quisque_fortunae	541	53	Partial Response	scientia,_aere_perennius
non_targeted_therapy	CTDC-PARTICIPANT-234308	CTDC-NON-TARGETED-THERAPY-638516	Macte_animo_Generose_puer_sic_itur_ad_astra	sapiens_qui_prospicit	e_causa_ignota	imperium_in_imperio	567	304	Less than partial response	nascentes_morimur_finisque_ab_origine_pendet
non_targeted_therapy	CTDC-PARTICIPANT-234308	CTDC-NON-TARGETED-THERAPY-453963	Macte_animo_Generose_puer_sic_itur_ad_astra	scientia,_aere_perennius	scientia,_aere_perennius	damnant_quod_non_intellegunt	805	129	Stable Disease	labor_ipse_voluptas
non_targeted_therapy	CTDC-PARTICIPANT-432039	CTDC-NON-TARGETED-THERAPY-624906	scientia,_aere_perennius	e_causa_ignota	labor_ipse_voluptas	damnant_quod_non_intellegunt	771	540	Partial Response	pace_tua
non_targeted_therapy	CTDC-PARTICIPANT-432039	CTDC-NON-TARGETED-THERAPY-519536	labor_ipse_voluptas	nanos_gigantum_humeris_insidentes	cacatum_non_est_pictum	pace_tua	441	247	Complete Response	a_bene_placito
non_targeted_therapy	CTDC-PARTICIPANT-573467	CTDC-NON-TARGETED-THERAPY-260728	scientia,_aere_perennius	scientia,_aere_perennius	e_causa_ignota	scientiae_et_patriae	506	717	Progressive Disease	Macte_animo_Generose_puer_sic_itur_ad_astra
non_targeted_therapy	CTDC-PARTICIPANT-573467	CTDC-NON-TARGETED-THERAPY-176849	sapiens_qui_prospicit	nanos_gigantum_humeris_insidentes	Macte_animo_Generose_puer_sic_itur_ad_astra	saltus_in_demonstrando	233	586	Not Evaluable	barba_crescit_caput_nescit
non_targeted_therapy	CTDC-PARTICIPANT-957799	CTDC-NON-TARGETED-THERAPY-306108	haec_olim_meminisse_iuvabit	nascentes_morimur_finisque_ab_origine_pendet	scientiae_cedit_mare	labor_ipse_voluptas	717	402	Complete Response	a_bene_placito
non_targeted_therapy	CTDC-PARTICIPANT-957799	CTDC-NON-TARGETED-THERAPY-269433	Obedientia_civium_urbis_felicitas	damnant_quod_non_intellegunt	e_causa_ignota	sapiens_qui_prospicit	646	273	Unknown	Obedientia_civium_urbis_felicitas
non_targeted_therapy	CTDC-PARTICIPANT-111060	CTDC-NON-TARGETED-THERAPY-533174	O_Tite_tute_Tati_tibi_tanta_tyranne_tulisti	scientia_imperii_decus_et_tutamen	labor_ipse_voluptas	sapiens_qui_prospicit	336	535	Complete Response	Gallia_est_omnis_divisa_in_partes_tres
non_targeted_therapy	CTDC-PARTICIPANT-111060	CTDC-NON-TARGETED-THERAPY-792200	saltus_in_demonstrando	e_causa_ignota	Obedientia_civium_urbis_felicitas	barba_crescit_caput_nescit	840	677	Too Early	id_quod_plerumque_accidit
non_targeted_therapy	CTDC-PARTICIPANT-595441	CTDC-NON-TARGETED-THERAPY-902308	scientia_et_labor	pace_tua	scientia_et_sapientia	scientia,_aere_perennius	291	465	Stable Disease	cacatum_non_est_pictum
non_targeted_therapy	CTDC-PARTICIPANT-595441	CTDC-NON-TARGETED-THERAPY-995719	cacatum_non_est_pictum	barba_crescit_caput_nescit	saltus_in_demonstrando	scientiae_cedit_mare	623	857	Not Evaluable	cacatum_non_est_pictum
non_targeted_therapy	CTDC-PARTICIPANT-541554	CTDC-NON-TARGETED-THERAPY-147528	scientia_et_sapientia	faber_est_suae_quisque_fortunae	scientia,_aere_perennius	id_quod_plerumque_accidit	496	552	Less than partial response	id_quod_plerumque_accidit
non_targeted_therapy	CTDC-PARTICIPANT-541554	CTDC-NON-TARGETED-THERAPY-724665	a_bene_placito	haec_olim_meminisse_iuvabit	cacatum_non_est_pictum	scientiae_cedit_mare	243	527	Complete Response	Obedientia_civium_urbis_felicitas
non_targeted_therapy	CTDC-PARTICIPANT-330696	CTDC-NON-TARGETED-THERAPY-168619	damnant_quod_non_intellegunt	haec_olim_meminisse_iuvabit	scientia_et_sapientia	a_bene_placito	330	42	Not Assessed	Macte_animo_Generose_puer_sic_itur_ad_astra
non_targeted_therapy	CTDC-PARTICIPANT-330696	CTDC-NON-TARGETED-THERAPY-218951	Gallia_est_omnis_divisa_in_partes_tres	Macte_animo_Generose_puer_sic_itur_ad_astra	scientia_et_labor	O_Tite_tute_Tati_tibi_tanta_tyranne_tulisti	466	317	Not Assessed	nanos_gigantum_humeris_insidentes
non_targeted_therapy	CTDC-PARTICIPANT-668935	CTDC-NON-TARGETED-THERAPY-664525	Macte_animo_Generose_puer_sic_itur_ad_astra	Macte_animo_Generose_puer_sic_itur_ad_astra	Macte_animo_Generose_puer_sic_itur_ad_astra	labor_ipse_voluptas	992	752	Too Early	scientia,_aere_perennius
non_targeted_therapy	CTDC-PARTICIPANT-668935	CTDC-NON-TARGETED-THERAPY-740601	saltus_in_demonstrando	pace_tua	id_quod_plerumque_accidit	damnant_quod_non_intellegunt	545	928	Partial Response	Obedientia_civium_urbis_felicitas
non_targeted_therapy	CTDC-PARTICIPANT-204363	CTDC-NON-TARGETED-THERAPY-389665	damnant_quod_non_intellegunt	id_quod_plerumque_accidit	pace_tua	scientiae_cedit_mare	12	531	Less than partial response	Obedientia_civium_urbis_felicitas
non_targeted_therapy	CTDC-PARTICIPANT-204363	CTDC-NON-TARGETED-THERAPY-255237	barba_crescit_caput_nescit	scientia_imperii_decus_et_tutamen	nascentes_morimur_finisque_ab_origine_pendet	e_causa_ignota	238	842	Not Evaluable	nanos_gigantum_humeris_insidentes
non_targeted_therapy	CTDC-PARTICIPANT-340899	CTDC-NON-TARGETED-THERAPY-877769	cacatum_non_est_pictum	Gallia_est_omnis_divisa_in_partes_tres	e_causa_ignota	labor_ipse_voluptas	650	573	Too Early	labor_ipse_voluptas
non_targeted_therapy	CTDC-PARTICIPANT-340899	CTDC-NON-TARGETED-THERAPY-487481	Obedientia_civium_urbis_felicitas	damnant_quod_non_intellegunt	cacatum_non_est_pictum	barba_crescit_caput_nescit	383	434	Less than partial response	scientia_et_sapientia
non_targeted_therapy	CTDC-PARTICIPANT-129178	CTDC-NON-TARGETED-THERAPY-788527	saltus_in_demonstrando	a_bene_placito	Macte_animo_Generose_puer_sic_itur_ad_astra	scientia_et_sapientia	309	74	Less than partial response	Gallia_est_omnis_divisa_in_partes_tres
non_targeted_therapy	CTDC-PARTICIPANT-129178	CTDC-NON-TARGETED-THERAPY-186578	haec_olim_meminisse_iuvabit	Obedientia_civium_urbis_felicitas	imperium_in_imperio	Macte_animo_Generose_puer_sic_itur_ad_astra	129	939	Less than partial response	barba_crescit_caput_nescit
non_targeted_therapy	CTDC-PARTICIPANT-701011	CTDC-NON-TARGETED-THERAPY-135919	barba_crescit_caput_nescit	scientia,_aere_perennius	scientiae_cedit_mare	scientiae_et_patriae	482	728	Partial Response	scientia,_aere_perennius
non_targeted_therapy	CTDC-PARTICIPANT-701011	CTDC-NON-TARGETED-THERAPY-555653	barba_crescit_caput_nescit	scientia,_aere_perennius	salus_in_arduis	scientia_et_labor	553	489	Too Early	nascentes_morimur_finisque_ab_origine_pendet
non_targeted_therapy	CTDC-PARTICIPANT-530141	CTDC-NON-TARGETED-THERAPY-409259	Gallia_est_omnis_divisa_in_partes_tres	imperium_in_imperio	scientia_et_labor	faber_est_suae_quisque_fortunae	393	339	Less than partial response	scientia_et_sapientia
non_targeted_therapy	CTDC-PARTICIPANT-530141	CTDC-NON-TARGETED-THERAPY-422460	a_bene_placito	labor_ipse_voluptas	labor_ipse_voluptas	labor_ipse_voluptas	843	381	Unknown	a_bene_placito
non_targeted_therapy	CTDC-PARTICIPANT-707432	CTDC-NON-TARGETED-THERAPY-838029	scientiae_cedit_mare	scientia_et_sapientia	salus_in_arduis	faber_est_suae_quisque_fortunae	693	641	Stable Disease	id_quod_plerumque_accidit
non_targeted_therapy	CTDC-PARTICIPANT-707432	CTDC-NON-TARGETED-THERAPY-374814	cacatum_non_est_pictum	pace_tua	id_quod_plerumque_accidit	O_Tite_tute_Tati_tibi_tanta_tyranne_tulisti	250	737	Partial Response	scientiae_et_patriae
non_targeted_therapy	CTDC-PARTICIPANT-960610	CTDC-NON-TARGETED-THERAPY-362131	id_quod_plerumque_accidit	scientia,_aere_perennius	Obedientia_civium_urbis_felicitas	pace_tua	781	520	Stable Disease	a_bene_placito
non_targeted_therapy	CTDC-PARTICIPANT-960610	CTDC-NON-TARGETED-THERAPY-673614	faber_est_suae_quisque_fortunae	faber_est_suae_quisque_fortunae	barba_crescit_caput_nescit	cacatum_non_est_pictum	30	441	Stable Disease	scientia_imperii_decus_et_tutamen
non_targeted_therapy	CTDC-PARTICIPANT-353052	CTDC-NON-TARGETED-THERAPY-574582	saltus_in_demonstrando	cacatum_non_est_pictum	scientia_imperii_decus_et_tutamen	sapiens_qui_prospicit	11	853	Unknown	saltus_in_demonstrando
non_targeted_therapy	CTDC-PARTICIPANT-353052	CTDC-NON-TARGETED-THERAPY-707941	barba_crescit_caput_nescit	scientia_et_sapientia	scientia_et_sapientia	O_Tite_tute_Tati_tibi_tanta_tyranne_tulisti	168	387	Complete Response	haec_olim_meminisse_iuvabit
non_targeted_therapy	CTDC-PARTICIPANT-259646	CTDC-NON-TARGETED-THERAPY-487772	scientia_et_sapientia	imperium_in_imperio	sapiens_qui_prospicit	scientiae_et_patriae	273	567	Partial Response	scientiae_cedit_mare
non_targeted_therapy	CTDC-PARTICIPANT-259646	CTDC-NON-TARGETED-THERAPY-992645	Macte_animo_Generose_puer_sic_itur_ad_astra	damnant_quod_non_intellegunt	scientia,_aere_perennius	damnant_quod_non_intellegunt	656	520	Stable Disease	haec_olim_meminisse_iuvabit
non_targeted_therapy	CTDC-PARTICIPANT-995400	CTDC-NON-TARGETED-THERAPY-593194	damnant_quod_non_intellegunt	pace_tua	scientia_et_sapientia	nascentes_morimur_finisque_ab_origine_pendet	976	258	Complete Response	a_bene_placito
non_targeted_therapy	CTDC-PARTICIPANT-995400	CTDC-NON-TARGETED-THERAPY-760766	barba_crescit_caput_nescit	scientiae_cedit_mare	nascentes_morimur_finisque_ab_origine_pendet	salus_in_arduis	635	839	Partial Response	cacatum_non_est_pictum
non_targeted_therapy	CTDC-PARTICIPANT-315263	CTDC-NON-TARGETED-THERAPY-666285	scientiae_cedit_mare	scientia,_aere_perennius	Gallia_est_omnis_divisa_in_partes_tres	scientia_imperii_decus_et_tutamen	734	677	Progressive Disease	cacatum_non_est_pictum
non_targeted_therapy	CTDC-PARTICIPANT-315263	CTDC-NON-TARGETED-THERAPY-149368	saltus_in_demonstrando	a_bene_placito	salus_in_arduis	salus_in_arduis	350	587	Not Evaluable	barba_crescit_caput_nescit
non_targeted_therapy	CTDC-PARTICIPANT-312873	CTDC-NON-TARGETED-THERAPY-876047	Macte_animo_Generose_puer_sic_itur_ad_astra	nanos_gigantum_humeris_insidentes	nanos_gigantum_humeris_insidentes	damnant_quod_non_intellegunt	769	831	Stable Disease	haec_olim_meminisse_iuvabit
non_targeted_therapy	CTDC-PARTICIPANT-312873	CTDC-NON-TARGETED-THERAPY-199206	scientiae_et_patriae	Macte_animo_Generose_puer_sic_itur_ad_astra	nanos_gigantum_humeris_insidentes	saltus_in_demonstrando	666	186	Partial Response	scientia,_aere_perennius
non_targeted_therapy	CTDC-PARTICIPANT-233585	CTDC-NON-TARGETED-THERAPY-424891	haec_olim_meminisse_iuvabit	saltus_in_demonstrando	nanos_gigantum_humeris_insidentes	damnant_quod_non_intellegunt	287	587	Too Early	barba_crescit_caput_nescit
non_targeted_therapy	CTDC-PARTICIPANT-233585	CTDC-NON-TARGETED-THERAPY-123970	scientiae_cedit_mare	scientia,_aere_perennius	barba_crescit_caput_nescit	salus_in_arduis	535	109	Progressive Disease	e_causa_ignota
non_targeted_therapy	CTDC-PARTICIPANT-665346	CTDC-NON-TARGETED-THERAPY-150410	saltus_in_demonstrando	pace_tua	scientiae_et_patriae	saltus_in_demonstrando	135	153	Too Early	scientia_imperii_decus_et_tutamen
non_targeted_therapy	CTDC-PARTICIPANT-665346	CTDC-NON-TARGETED-THERAPY-261906	scientiae_cedit_mare	nanos_gigantum_humeris_insidentes	labor_ipse_voluptas	imperium_in_imperio	766	790	Complete Response	nascentes_morimur_finisque_ab_origine_pendet
non_targeted_therapy	CTDC-PARTICIPANT-141586	CTDC-NON-TARGETED-THERAPY-344367	faber_est_suae_quisque_fortunae	Gallia_est_omnis_divisa_in_partes_tres	scientiae_et_patriae	haec_olim_meminisse_iuvabit	482	726	Progressive Disease	saltus_in_demonstrando
non_targeted_therapy	CTDC-PARTICIPANT-141586	CTDC-NON-TARGETED-THERAPY-431579	scientia_et_labor	id_quod_plerumque_accidit	pace_tua	Obedientia_civium_urbis_felicitas	834	309	Stable Disease	faber_est_suae_quisque_fortunae
non_targeted_therapy	CTDC-PARTICIPANT-855122	CTDC-NON-TARGETED-THERAPY-626908	Macte_animo_Generose_puer_sic_itur_ad_astra	faber_est_suae_quisque_fortunae	scientia_imperii_decus_et_tutamen	scientiae_et_patriae	103	827	Progressive Disease	labor_ipse_voluptas
non_targeted_therapy	CTDC-PARTICIPANT-855122	CTDC-NON-TARGETED-THERAPY-805084	salus_in_arduis	faber_est_suae_quisque_fortunae	Macte_animo_Generose_puer_sic_itur_ad_astra	sapiens_qui_prospicit	167	274	Unknown	Macte_animo_Generose_puer_sic_itur_ad_astra
non_targeted_therapy	CTDC-PARTICIPANT-498655	CTDC-NON-TARGETED-THERAPY-709987	damnant_quod_non_intellegunt	scientia_et_sapientia	e_causa_ignota	barba_crescit_caput_nescit	682	441	Unknown	O_Tite_tute_Tati_tibi_tanta_tyranne_tulisti
non_targeted_therapy	CTDC-PARTICIPANT-498655	CTDC-NON-TARGETED-THERAPY-942933	imperium_in_imperio	nascentes_morimur_finisque_ab_origine_pendet	haec_olim_meminisse_iuvabit	nascentes_morimur_finisque_ab_origine_pendet	881	452	Stable Disease	e_causa_ignota
non_targeted_therapy	CTDC-PARTICIPANT-929749	CTDC-NON-TARGETED-THERAPY-323405	nanos_gigantum_humeris_insidentes	labor_ipse_voluptas	id_quod_plerumque_accidit	imperium_in_imperio	189	724	Progressive Disease	e_causa_ignota
non_targeted_therapy	CTDC-PARTICIPANT-929749	CTDC-NON-TARGETED-THERAPY-173517	salus_in_arduis	haec_olim_meminisse_iuvabit	pace_tua	scientia_et_labor	562	606	Unknown	Obedientia_civium_urbis_felicitas
non_targeted_therapy	CTDC-PARTICIPANT-778982	CTDC-NON-TARGETED-THERAPY-899518	damnant_quod_non_intellegunt	faber_est_suae_quisque_fortunae	a_bene_placito	haec_olim_meminisse_iuvabit	545	218	Not Evaluable	scientia_imperii_decus_et_tutamen
non_targeted_therapy	CTDC-PARTICIPANT-778982	CTDC-NON-TARGETED-THERAPY-838644	pace_tua	id_quod_plerumque_accidit	scientiae_cedit_mare	nanos_gigantum_humeris_insidentes	510	38	Complete Response	scientia_imperii_decus_et_tutamen
non_targeted_therapy	CTDC-PARTICIPANT-881373	CTDC-NON-TARGETED-THERAPY-543785	labor_ipse_voluptas	haec_olim_meminisse_iuvabit	scientia_et_labor	damnant_quod_non_intellegunt	57	91	Unknown	pace_tua
non_targeted_therapy	CTDC-PARTICIPANT-881373	CTDC-NON-TARGETED-THERAPY-848588	Obedientia_civium_urbis_felicitas	O_Tite_tute_Tati_tibi_tanta_tyranne_tulisti	Gallia_est_omnis_divisa_in_partes_tres	Macte_animo_Generose_puer_sic_itur_ad_astra	141	495	Less than partial response	e_causa_ignota
non_targeted_therapy	CTDC-PARTICIPANT-632335	CTDC-NON-TARGETED-THERAPY-233506	salus_in_arduis	scientia_imperii_decus_et_tutamen	a_bene_placito	scientia,_aere_perennius	138	883	Stable Disease	sapiens_qui_prospicit
non_targeted_therapy	CTDC-PARTICIPANT-632335	CTDC-NON-TARGETED-THERAPY-144165	haec_olim_meminisse_iuvabit	cacatum_non_est_pictum	cacatum_non_est_pictum	haec_olim_meminisse_iuvabit	816	198	Partial Response	pace_tua
non_targeted_therapy	CTDC-PARTICIPANT-374124	CTDC-NON-TARGETED-THERAPY-440339	salus_in_arduis	labor_ipse_voluptas	Macte_animo_Generose_puer_sic_itur_ad_astra	saltus_in_demonstrando	278	724	Not Assessed	sapiens_qui_prospicit
non_targeted_therapy	CTDC-PARTICIPANT-374124	CTDC-NON-TARGETED-THERAPY-451817	cacatum_non_est_pictum	nascentes_morimur_finisque_ab_origine_pendet	salus_in_arduis	nascentes_morimur_finisque_ab_origine_pendet	133	661	Stable Disease	Gallia_est_omnis_divisa_in_partes_tres
non_targeted_therapy	CTDC-PARTICIPANT-585675	CTDC-NON-TARGETED-THERAPY-652776	imperium_in_imperio	Macte_animo_Generose_puer_sic_itur_ad_astra	scientia_et_sapientia	barba_crescit_caput_nescit	999	569	Partial Response	Macte_animo_Generose_puer_sic_itur_ad_astra
non_targeted_therapy	CTDC-PARTICIPANT-585675	CTDC-NON-TARGETED-THERAPY-692252	pace_tua	O_Tite_tute_Tati_tibi_tanta_tyranne_tulisti	sapiens_qui_prospicit	faber_est_suae_quisque_fortunae	929	885	Not Evaluable	Gallia_est_omnis_divisa_in_partes_tres
non_targeted_therapy	CTDC-PARTICIPANT-456060	CTDC-NON-TARGETED-THERAPY-142560	O_Tite_tute_Tati_tibi_tanta_tyranne_tulisti	a_bene_placito	nascentes_morimur_finisque_ab_origine_pendet	scientiae_et_patriae	598	300	Not Assessed	labor_ipse_voluptas
non_targeted_therapy	CTDC-PARTICIPANT-456060	CTDC-NON-TARGETED-THERAPY-546832	salus_in_arduis	imperium_in_imperio	scientia_et_sapientia	Obedientia_civium_urbis_felicitas	520	251	Unknown	saltus_in_demonstrando
non_targeted_therapy	CTDC-PARTICIPANT-413222	CTDC-NON-TARGETED-THERAPY-727200	scientia_et_sapientia	scientia_et_sapientia	nascentes_morimur_finisque_ab_origine_pendet	labor_ipse_voluptas	845	257	Not Evaluable	labor_ipse_voluptas
non_targeted_therapy	CTDC-PARTICIPANT-413222	CTDC-NON-TARGETED-THERAPY-520312	nascentes_morimur_finisque_ab_origine_pendet	faber_est_suae_quisque_fortunae	salus_in_arduis	scientiae_et_patriae	71	142	Partial Response	O_Tite_tute_Tati_tibi_tanta_tyranne_tulisti
non_targeted_therapy	CTDC-PARTICIPANT-820287	CTDC-NON-TARGETED-THERAPY-701358	faber_est_suae_quisque_fortunae	O_Tite_tute_Tati_tibi_tanta_tyranne_tulisti	haec_olim_meminisse_iuvabit	faber_est_suae_quisque_fortunae	716	667	Partial Response	e_causa_ignota
non_targeted_therapy	CTDC-PARTICIPANT-820287	CTDC-NON-TARGETED-THERAPY-764679	nascentes_morimur_finisque_ab_origine_pendet	imperium_in_imperio	a_bene_placito	haec_olim_meminisse_iuvabit	84	145	Complete Response	pace_tua
non_targeted_therapy	CTDC-PARTICIPANT-731336	CTDC-NON-TARGETED-THERAPY-265553	pace_tua	e_causa_ignota	barba_crescit_caput_nescit	scientia,_aere_perennius	207	46	Not Assessed	saltus_in_demonstrando
non_targeted_therapy	CTDC-PARTICIPANT-731336	CTDC-NON-TARGETED-THERAPY-526318	nascentes_morimur_finisque_ab_origine_pendet	Macte_animo_Generose_puer_sic_itur_ad_astra	damnant_quod_non_intellegunt	Macte_animo_Generose_puer_sic_itur_ad_astra	368	886	Complete Response	damnant_quod_non_intellegunt
non_targeted_therapy	CTDC-PARTICIPANT-872635	CTDC-NON-TARGETED-THERAPY-984194	Gallia_est_omnis_divisa_in_partes_tres	id_quod_plerumque_accidit	imperium_in_imperio	scientia,_aere_perennius	543	36	Less than partial response	scientia_et_labor
non_targeted_therapy	CTDC-PARTICIPANT-872635	CTDC-NON-TARGETED-THERAPY-471398	scientia_et_sapientia	salus_in_arduis	scientiae_et_patriae	damnant_quod_non_intellegunt	676	873	Complete Response	e_causa_ignota
non_targeted_therapy	CTDC-PARTICIPANT-598811	CTDC-NON-TARGETED-THERAPY-353081	nascentes_morimur_finisque_ab_origine_pendet	imperium_in_imperio	Obedientia_civium_urbis_felicitas	scientia_imperii_decus_et_tutamen	970	296	Stable Disease	Obedientia_civium_urbis_felicitas
non_targeted_therapy	CTDC-PARTICIPANT-598811	CTDC-NON-TARGETED-THERAPY-751105	scientia_imperii_decus_et_tutamen	damnant_quod_non_intellegunt	damnant_quod_non_intellegunt	Gallia_est_omnis_divisa_in_partes_tres	120	579	Not Assessed	scientiae_et_patriae
non_targeted_therapy	CTDC-PARTICIPANT-694406	CTDC-NON-TARGETED-THERAPY-190867	nanos_gigantum_humeris_insidentes	a_bene_placito	Gallia_est_omnis_divisa_in_partes_tres	nascentes_morimur_finisque_ab_origine_pendet	448	65	Too Early	Obedientia_civium_urbis_felicitas
non_targeted_therapy	CTDC-PARTICIPANT-694406	CTDC-NON-TARGETED-THERAPY-114305	id_quod_plerumque_accidit	e_causa_ignota	Gallia_est_omnis_divisa_in_partes_tres	nanos_gigantum_humeris_insidentes	139	768	Less than partial response	scientia_et_labor
non_targeted_therapy	CTDC-PARTICIPANT-125315	CTDC-NON-TARGETED-THERAPY-172810	damnant_quod_non_intellegunt	damnant_quod_non_intellegunt	faber_est_suae_quisque_fortunae	cacatum_non_est_pictum	674	829	Not Assessed	labor_ipse_voluptas
non_targeted_therapy	CTDC-PARTICIPANT-125315	CTDC-NON-TARGETED-THERAPY-966923	labor_ipse_voluptas	scientia_et_sapientia	labor_ipse_voluptas	Macte_animo_Generose_puer_sic_itur_ad_astra	89	649	Not Assessed	imperium_in_imperio
non_targeted_therapy	CTDC-PARTICIPANT-713422	CTDC-NON-TARGETED-THERAPY-263301	nanos_gigantum_humeris_insidentes	Obedientia_civium_urbis_felicitas	O_Tite_tute_Tati_tibi_tanta_tyranne_tulisti	scientia,_aere_perennius	586	894	Less than partial response	imperium_in_imperio
non_targeted_therapy	CTDC-PARTICIPANT-713422	CTDC-NON-TARGETED-THERAPY-285450	Gallia_est_omnis_divisa_in_partes_tres	scientiae_et_patriae	pace_tua	damnant_quod_non_intellegunt	530	538	Partial Response	scientiae_cedit_mare
non_targeted_therapy	CTDC-PARTICIPANT-588711	CTDC-NON-TARGETED-THERAPY-280202	faber_est_suae_quisque_fortunae	id_quod_plerumque_accidit	imperium_in_imperio	imperium_in_imperio	44	673	Unknown	scientia,_aere_perennius
non_targeted_therapy	CTDC-PARTICIPANT-588711	CTDC-NON-TARGETED-THERAPY-204109	scientia_et_sapientia	scientia_et_labor	haec_olim_meminisse_iuvabit	a_bene_placito	725	318	Complete Response	e_causa_ignota
non_targeted_therapy	CTDC-PARTICIPANT-544291	CTDC-NON-TARGETED-THERAPY-486821	scientia_imperii_decus_et_tutamen	id_quod_plerumque_accidit	Gallia_est_omnis_divisa_in_partes_tres	damnant_quod_non_intellegunt	574	263	Complete Response	salus_in_arduis
non_targeted_therapy	CTDC-PARTICIPANT-544291	CTDC-NON-TARGETED-THERAPY-955445	O_Tite_tute_Tati_tibi_tanta_tyranne_tulisti	saltus_in_demonstrando	faber_est_suae_quisque_fortunae	nanos_gigantum_humeris_insidentes	532	306	Complete Response	scientia,_aere_perennius
non_targeted_therapy	CTDC-PARTICIPANT-315000	CTDC-NON-TARGETED-THERAPY-630323	saltus_in_demonstrando	cacatum_non_est_pictum	scientia_imperii_decus_et_tutamen	pace_tua	896	589	Progressive Disease	Obedientia_civium_urbis_felicitas
non_targeted_therapy	CTDC-PARTICIPANT-315000	CTDC-NON-TARGETED-THERAPY-482165	sapiens_qui_prospicit	Obedientia_civium_urbis_felicitas	barba_crescit_caput_nescit	imperium_in_imperio	828	263	Less than partial response	e_causa_ignota
non_targeted_therapy	CTDC-PARTICIPANT-751219	CTDC-NON-TARGETED-THERAPY-384537	barba_crescit_caput_nescit	scientia_et_labor	scientia,_aere_perennius	barba_crescit_caput_nescit	578	250	Complete Response	scientia_imperii_decus_et_tutamen
non_targeted_therapy	CTDC-PARTICIPANT-751219	CTDC-NON-TARGETED-THERAPY-177998	Gallia_est_omnis_divisa_in_partes_tres	faber_est_suae_quisque_fortunae	scientiae_cedit_mare	saltus_in_demonstrando	999	588	Too Early	labor_ipse_voluptas
non_targeted_therapy	CTDC-PARTICIPANT-688579	CTDC-NON-TARGETED-THERAPY-503915	imperium_in_imperio	scientia,_aere_perennius	faber_est_suae_quisque_fortunae	scientiae_cedit_mare	287	689	Complete Response	haec_olim_meminisse_iuvabit
non_targeted_therapy	CTDC-PARTICIPANT-688579	CTDC-NON-TARGETED-THERAPY-206501	e_causa_ignota	scientia_et_sapientia	cacatum_non_est_pictum	id_quod_plerumque_accidit	793	718	Partial Response	scientiae_et_patriae
non_targeted_therapy	CTDC-PARTICIPANT-508271	CTDC-NON-TARGETED-THERAPY-897925	haec_olim_meminisse_iuvabit	id_quod_plerumque_accidit	scientiae_cedit_mare	imperium_in_imperio	281	520	Progressive Disease	salus_in_arduis
non_targeted_therapy	CTDC-PARTICIPANT-508271	CTDC-NON-TARGETED-THERAPY-336033	scientiae_cedit_mare	scientia,_aere_perennius	Macte_animo_Generose_puer_sic_itur_ad_astra	salus_in_arduis	441	565	Too Early	scientia_imperii_decus_et_tutamen
non_targeted_therapy	CTDC-PARTICIPANT-283939	CTDC-NON-TARGETED-THERAPY-271148	e_causa_ignota	damnant_quod_non_intellegunt	faber_est_suae_quisque_fortunae	e_causa_ignota	484	355	Too Early	haec_olim_meminisse_iuvabit
non_targeted_therapy	CTDC-PARTICIPANT-283939	CTDC-NON-TARGETED-THERAPY-655030	damnant_quod_non_intellegunt	nanos_gigantum_humeris_insidentes	Obedientia_civium_urbis_felicitas	damnant_quod_non_intellegunt	299	873	Too Early	scientiae_cedit_mare
non_targeted_therapy	CTDC-PARTICIPANT-817899	CTDC-NON-TARGETED-THERAPY-622354	barba_crescit_caput_nescit	id_quod_plerumque_accidit	sapiens_qui_prospicit	labor_ipse_voluptas	665	506	Less than partial response	salus_in_arduis
non_targeted_therapy	CTDC-PARTICIPANT-817899	CTDC-NON-TARGETED-THERAPY-264771	a_bene_placito	id_quod_plerumque_accidit	cacatum_non_est_pictum	Macte_animo_Generose_puer_sic_itur_ad_astra	253	553	Complete Response	saltus_in_demonstrando
non_targeted_therapy	CTDC-PARTICIPANT-734618	CTDC-NON-TARGETED-THERAPY-805073	nanos_gigantum_humeris_insidentes	e_causa_ignota	scientiae_cedit_mare	Gallia_est_omnis_divisa_in_partes_tres	663	718	Less than partial response	haec_olim_meminisse_iuvabit
non_targeted_therapy	CTDC-PARTICIPANT-734618	CTDC-NON-TARGETED-THERAPY-490397	haec_olim_meminisse_iuvabit	faber_est_suae_quisque_fortunae	damnant_quod_non_intellegunt	scientia,_aere_perennius	689	697	Progressive Disease	pace_tua
non_targeted_therapy	CTDC-PARTICIPANT-687386	CTDC-NON-TARGETED-THERAPY-345667	e_causa_ignota	scientiae_et_patriae	labor_ipse_voluptas	nanos_gigantum_humeris_insidentes	469	779	Not Assessed	Obedientia_civium_urbis_felicitas
non_targeted_therapy	CTDC-PARTICIPANT-687386	CTDC-NON-TARGETED-THERAPY-419278	labor_ipse_voluptas	Gallia_est_omnis_divisa_in_partes_tres	scientia_imperii_decus_et_tutamen	Gallia_est_omnis_divisa_in_partes_tres	108	709	Partial Response	scientia,_aere_perennius
non_targeted_therapy	CTDC-PARTICIPANT-167854	CTDC-NON-TARGETED-THERAPY-714503	e_causa_ignota	Gallia_est_omnis_divisa_in_partes_tres	scientia,_aere_perennius	scientia_imperii_decus_et_tutamen	564	955	Not Evaluable	scientia,_aere_perennius
non_targeted_therapy	CTDC-PARTICIPANT-167854	CTDC-NON-TARGETED-THERAPY-665832	e_causa_ignota	Obedientia_civium_urbis_felicitas	scientiae_cedit_mare	barba_crescit_caput_nescit	59	889	Progressive Disease	Obedientia_civium_urbis_felicitas
non_targeted_therapy	CTDC-PARTICIPANT-710214	CTDC-NON-TARGETED-THERAPY-764814	scientia_et_labor	Gallia_est_omnis_divisa_in_partes_tres	pace_tua	scientia_imperii_decus_et_tutamen	965	823	Unknown	scientia,_aere_perennius
non_targeted_therapy	CTDC-PARTICIPANT-710214	CTDC-NON-TARGETED-THERAPY-489780	a_bene_placito	scientiae_et_patriae	scientiae_et_patriae	nanos_gigantum_humeris_insidentes	415	71	Too Early	faber_est_suae_quisque_fortunae
non_targeted_therapy	CTDC-PARTICIPANT-438817	CTDC-NON-TARGETED-THERAPY-942166	haec_olim_meminisse_iuvabit	Macte_animo_Generose_puer_sic_itur_ad_astra	a_bene_placito	sapiens_qui_prospicit	608	281	Not Assessed	damnant_quod_non_intellegunt
non_targeted_therapy	CTDC-PARTICIPANT-438817	CTDC-NON-TARGETED-THERAPY-114725	Macte_animo_Generose_puer_sic_itur_ad_astra	Macte_animo_Generose_puer_sic_itur_ad_astra	e_causa_ignota	saltus_in_demonstrando	783	103	Too Early	cacatum_non_est_pictum
non_targeted_therapy	CTDC-PARTICIPANT-492236	CTDC-NON-TARGETED-THERAPY-505876	faber_est_suae_quisque_fortunae	labor_ipse_voluptas	scientiae_et_patriae	Macte_animo_Generose_puer_sic_itur_ad_astra	546	643	Complete Response	cacatum_non_est_pictum
non_targeted_therapy	CTDC-PARTICIPANT-492236	CTDC-NON-TARGETED-THERAPY-233951	Gallia_est_omnis_divisa_in_partes_tres	labor_ipse_voluptas	Gallia_est_omnis_divisa_in_partes_tres	faber_est_suae_quisque_fortunae	950	512	Too Early	saltus_in_demonstrando
non_targeted_therapy	CTDC-PARTICIPANT-831175	CTDC-NON-TARGETED-THERAPY-654110	faber_est_suae_quisque_fortunae	cacatum_non_est_pictum	barba_crescit_caput_nescit	Obedientia_civium_urbis_felicitas	13	738	Partial Response	scientia,_aere_perennius
non_targeted_therapy	CTDC-PARTICIPANT-831175	CTDC-NON-TARGETED-THERAPY-603835	nascentes_morimur_finisque_ab_origine_pendet	scientiae_cedit_mare	scientia_imperii_decus_et_tutamen	labor_ipse_voluptas	147	219	Not Assessed	scientia_et_sapientia
non_targeted_therapy	CTDC-PARTICIPANT-164613	CTDC-NON-TARGETED-THERAPY-184238	imperium_in_imperio	nascentes_morimur_finisque_ab_origine_pendet	scientia,_aere_perennius	id_quod_plerumque_accidit	668	784	Too Early	scientia_et_labor
non_targeted_therapy	CTDC-PARTICIPANT-164613	CTDC-NON-TARGETED-THERAPY-443671	sapiens_qui_prospicit	scientia_et_sapientia	imperium_in_imperio	Gallia_est_omnis_divisa_in_partes_tres	144	843	Stable Disease	scientiae_cedit_mare
non_targeted_therapy	CTDC-PARTICIPANT-297317	CTDC-NON-TARGETED-THERAPY-901348	cacatum_non_est_pictum	damnant_quod_non_intellegunt	faber_est_suae_quisque_fortunae	Macte_animo_Generose_puer_sic_itur_ad_astra	998	43	Complete Response	pace_tua
non_targeted_therapy	CTDC-PARTICIPANT-297317	CTDC-NON-TARGETED-THERAPY-308746	e_causa_ignota	haec_olim_meminisse_iuvabit	a_bene_placito	imperium_in_imperio	636	325	Not Assessed	saltus_in_demonstrando
non_targeted_therapy	CTDC-PARTICIPANT-694822	CTDC-NON-TARGETED-THERAPY-183433	labor_ipse_voluptas	scientiae_cedit_mare	nascentes_morimur_finisque_ab_origine_pendet	scientia_et_sapientia	254	263	Unknown	Macte_animo_Generose_puer_sic_itur_ad_astra
non_targeted_therapy	CTDC-PARTICIPANT-694822	CTDC-NON-TARGETED-THERAPY-108561	nanos_gigantum_humeris_insidentes	imperium_in_imperio	Obedientia_civium_urbis_felicitas	Gallia_est_omnis_divisa_in_partes_tres	417	776	Complete Response	sapiens_qui_prospicit
non_targeted_therapy	CTDC-PARTICIPANT-817795	CTDC-NON-TARGETED-THERAPY-650701	damnant_quod_non_intellegunt	imperium_in_imperio	saltus_in_demonstrando	salus_in_arduis	340	432	Too Early	nascentes_morimur_finisque_ab_origine_pendet
non_targeted_therapy	CTDC-PARTICIPANT-817795	CTDC-NON-TARGETED-THERAPY-786281	barba_crescit_caput_nescit	salus_in_arduis	haec_olim_meminisse_iuvabit	e_causa_ignota	11	609	Stable Disease	labor_ipse_voluptas
non_targeted_therapy	CTDC-PARTICIPANT-907386	CTDC-NON-TARGETED-THERAPY-445077	nascentes_morimur_finisque_ab_origine_pendet	Macte_animo_Generose_puer_sic_itur_ad_astra	Obedientia_civium_urbis_felicitas	a_bene_placito	748	223	Complete Response	a_bene_placito
non_targeted_therapy	CTDC-PARTICIPANT-907386	CTDC-NON-TARGETED-THERAPY-483837	damnant_quod_non_intellegunt	barba_crescit_caput_nescit	scientia_et_labor	a_bene_placito	518	510	Stable Disease	Macte_animo_Generose_puer_sic_itur_ad_astra
non_targeted_therapy	CTDC-PARTICIPANT-555289	CTDC-NON-TARGETED-THERAPY-310012	imperium_in_imperio	scientia_et_labor	imperium_in_imperio	barba_crescit_caput_nescit	39	775	Complete Response	scientia_imperii_decus_et_tutamen
non_targeted_therapy	CTDC-PARTICIPANT-555289	CTDC-NON-TARGETED-THERAPY-419750	imperium_in_imperio	scientiae_cedit_mare	nascentes_morimur_finisque_ab_origine_pendet	faber_est_suae_quisque_fortunae	654	309	Partial Response	scientiae_cedit_mare
non_targeted_therapy	CTDC-PARTICIPANT-849475	CTDC-NON-TARGETED-THERAPY-783948	salus_in_arduis	labor_ipse_voluptas	nanos_gigantum_humeris_insidentes	barba_crescit_caput_nescit	865	11	Less than partial response	scientiae_cedit_mare
non_targeted_therapy	CTDC-PARTICIPANT-849475	CTDC-NON-TARGETED-THERAPY-742582	Obedientia_civium_urbis_felicitas	scientiae_cedit_mare	nanos_gigantum_humeris_insidentes	faber_est_suae_quisque_fortunae	524	803	Stable Disease	scientiae_cedit_mare
non_targeted_therapy	CTDC-PARTICIPANT-950504	CTDC-NON-TARGETED-THERAPY-872292	Obedientia_civium_urbis_felicitas	nanos_gigantum_humeris_insidentes	saltus_in_demonstrando	nascentes_morimur_finisque_ab_origine_pendet	842	622	Unknown	O_Tite_tute_Tati_tibi_tanta_tyranne_tulisti
non_targeted_therapy	CTDC-PARTICIPANT-950504	CTDC-NON-TARGETED-THERAPY-663323	barba_crescit_caput_nescit	nascentes_morimur_finisque_ab_origine_pendet	a_bene_placito	Gallia_est_omnis_divisa_in_partes_tres	541	105	Stable Disease	scientia_et_sapientia
non_targeted_therapy	CTDC-PARTICIPANT-356630	CTDC-NON-TARGETED-THERAPY-458125	scientia_et_sapientia	scientia_imperii_decus_et_tutamen	pace_tua	faber_est_suae_quisque_fortunae	812	886	Progressive Disease	nascentes_morimur_finisque_ab_origine_pendet
non_targeted_therapy	CTDC-PARTICIPANT-356630	CTDC-NON-TARGETED-THERAPY-265429	Macte_animo_Generose_puer_sic_itur_ad_astra	Obedientia_civium_urbis_felicitas	barba_crescit_caput_nescit	scientiae_cedit_mare	207	295	Less than partial response	faber_est_suae_quisque_fortunae
non_targeted_therapy	CTDC-PARTICIPANT-997361	CTDC-NON-TARGETED-THERAPY-316845	Obedientia_civium_urbis_felicitas	saltus_in_demonstrando	faber_est_suae_quisque_fortunae	e_causa_ignota	14	505	Stable Disease	labor_ipse_voluptas
non_targeted_therapy	CTDC-PARTICIPANT-997361	CTDC-NON-TARGETED-THERAPY-472446	labor_ipse_voluptas	Obedientia_civium_urbis_felicitas	cacatum_non_est_pictum	nascentes_morimur_finisque_ab_origine_pendet	587	619	Partial Response	Gallia_est_omnis_divisa_in_partes_tres
non_targeted_therapy	CTDC-PARTICIPANT-904557	CTDC-NON-TARGETED-THERAPY-506136	labor_ipse_voluptas	imperium_in_imperio	damnant_quod_non_intellegunt	damnant_quod_non_intellegunt	866	816	Stable Disease	id_quod_plerumque_accidit
non_targeted_therapy	CTDC-PARTICIPANT-904557	CTDC-NON-TARGETED-THERAPY-309100	e_causa_ignota	scientiae_et_patriae	scientiae_cedit_mare	O_Tite_tute_Tati_tibi_tanta_tyranne_tulisti	54	69	Not Assessed	faber_est_suae_quisque_fortunae
non_targeted_therapy	CTDC-PARTICIPANT-442456	CTDC-NON-TARGETED-THERAPY-947442	Obedientia_civium_urbis_felicitas	e_causa_ignota	scientia,_aere_perennius	cacatum_non_est_pictum	731	312	Not Assessed	imperium_in_imperio
non_targeted_therapy	CTDC-PARTICIPANT-442456	CTDC-NON-TARGETED-THERAPY-474477	id_quod_plerumque_accidit	scientiae_et_patriae	scientiae_cedit_mare	pace_tua	666	461	Less than partial response	Macte_animo_Generose_puer_sic_itur_ad_astra
non_targeted_therapy	CTDC-PARTICIPANT-350920	CTDC-NON-TARGETED-THERAPY-457158	Obedientia_civium_urbis_felicitas	e_causa_ignota	scientiae_cedit_mare	saltus_in_demonstrando	420	193	Less than partial response	Macte_animo_Generose_puer_sic_itur_ad_astra
non_targeted_therapy	CTDC-PARTICIPANT-350920	CTDC-NON-TARGETED-THERAPY-517609	pace_tua	a_bene_placito	saltus_in_demonstrando	sapiens_qui_prospicit	609	892	Partial Response	sapiens_qui_prospicit
non_targeted_therapy	CTDC-PARTICIPANT-384798	CTDC-NON-TARGETED-THERAPY-860222	O_Tite_tute_Tati_tibi_tanta_tyranne_tulisti	saltus_in_demonstrando	haec_olim_meminisse_iuvabit	haec_olim_meminisse_iuvabit	172	619	Not Evaluable	scientiae_cedit_mare
non_targeted_therapy	CTDC-PARTICIPANT-384798	CTDC-NON-TARGETED-THERAPY-426598	nascentes_morimur_finisque_ab_origine_pendet	Gallia_est_omnis_divisa_in_partes_tres	e_causa_ignota	id_quod_plerumque_accidit	260	11	Not Evaluable	Gallia_est_omnis_divisa_in_partes_tres
non_targeted_therapy	CTDC-PARTICIPANT-241999	CTDC-NON-TARGETED-THERAPY-688283	scientia,_aere_perennius	Gallia_est_omnis_divisa_in_partes_tres	cacatum_non_est_pictum	e_causa_ignota	871	639	Not Evaluable	Obedientia_civium_urbis_felicitas
non_targeted_therapy	CTDC-PARTICIPANT-241999	CTDC-NON-TARGETED-THERAPY-410872	pace_tua	damnant_quod_non_intellegunt	damnant_quod_non_intellegunt	scientia_et_sapientia	225	522	Complete Response	scientia_et_sapientia
non_targeted_therapy	CTDC-PARTICIPANT-320397	CTDC-NON-TARGETED-THERAPY-669814	salus_in_arduis	scientia_et_labor	labor_ipse_voluptas	Gallia_est_omnis_divisa_in_partes_tres	108	105	Not Assessed	imperium_in_imperio
non_targeted_therapy	CTDC-PARTICIPANT-320397	CTDC-NON-TARGETED-THERAPY-969185	scientia_et_sapientia	Obedientia_civium_urbis_felicitas	e_causa_ignota	Macte_animo_Generose_puer_sic_itur_ad_astra	798	431	Less than partial response	Macte_animo_Generose_puer_sic_itur_ad_astra
non_targeted_therapy	CTDC-PARTICIPANT-343299	CTDC-NON-TARGETED-THERAPY-412485	imperium_in_imperio	labor_ipse_voluptas	scientia_imperii_decus_et_tutamen	e_causa_ignota	557	311	Complete Response	O_Tite_tute_Tati_tibi_tanta_tyranne_tulisti
non_targeted_therapy	CTDC-PARTICIPANT-343299	CTDC-NON-TARGETED-THERAPY-489104	scientia,_aere_perennius	nanos_gigantum_humeris_insidentes	imperium_in_imperio	e_causa_ignota	83	541	Not Evaluable	Macte_animo_Generose_puer_sic_itur_ad_astra
non_targeted_therapy	CTDC-PARTICIPANT-559279	CTDC-NON-TARGETED-THERAPY-797423	salus_in_arduis	O_Tite_tute_Tati_tibi_tanta_tyranne_tulisti	pace_tua	labor_ipse_voluptas	309	883	Unknown	scientia_et_sapientia
non_targeted_therapy	CTDC-PARTICIPANT-559279	CTDC-NON-TARGETED-THERAPY-651942	scientiae_et_patriae	nascentes_morimur_finisque_ab_origine_pendet	haec_olim_meminisse_iuvabit	a_bene_placito	960	866	Too Early	scientiae_et_patriae
non_targeted_therapy	CTDC-PARTICIPANT-588655	CTDC-NON-TARGETED-THERAPY-583750	faber_est_suae_quisque_fortunae	nanos_gigantum_humeris_insidentes	nanos_gigantum_humeris_insidentes	a_bene_placito	397	377	Stable Disease	cacatum_non_est_pictum
non_targeted_therapy	CTDC-PARTICIPANT-588655	CTDC-NON-TARGETED-THERAPY-624605	O_Tite_tute_Tati_tibi_tanta_tyranne_tulisti	labor_ipse_voluptas	id_quod_plerumque_accidit	e_causa_ignota	376	786	Not Evaluable	scientia,_aere_perennius
non_targeted_therapy	CTDC-PARTICIPANT-941268	CTDC-NON-TARGETED-THERAPY-543734	barba_crescit_caput_nescit	haec_olim_meminisse_iuvabit	scientia_et_labor	nascentes_morimur_finisque_ab_origine_pendet	889	645	Not Evaluable	nanos_gigantum_humeris_insidentes
non_targeted_therapy	CTDC-PARTICIPANT-941268	CTDC-NON-TARGETED-THERAPY-113322	cacatum_non_est_pictum	scientia_imperii_decus_et_tutamen	O_Tite_tute_Tati_tibi_tanta_tyranne_tulisti	scientia_et_labor	249	476	Not Evaluable	pace_tua
non_targeted_therapy	CTDC-PARTICIPANT-114882	CTDC-NON-TARGETED-THERAPY-613905	a_bene_placito	scientia,_aere_perennius	haec_olim_meminisse_iuvabit	damnant_quod_non_intellegunt	939	669	Unknown	scientia_et_sapientia
non_targeted_therapy	CTDC-PARTICIPANT-114882	CTDC-NON-TARGETED-THERAPY-639605	pace_tua	saltus_in_demonstrando	O_Tite_tute_Tati_tibi_tanta_tyranne_tulisti	O_Tite_tute_Tati_tibi_tanta_tyranne_tulisti	81	140	Complete Response	scientia,_aere_perennius
non_targeted_therapy	CTDC-PARTICIPANT-421806	CTDC-NON-TARGETED-THERAPY-894901	imperium_in_imperio	haec_olim_meminisse_iuvabit	scientia_imperii_decus_et_tutamen	cacatum_non_est_pictum	178	100	Not Evaluable	a_bene_placito
non_targeted_therapy	CTDC-PARTICIPANT-421806	CTDC-NON-TARGETED-THERAPY-157570	imperium_in_imperio	faber_est_suae_quisque_fortunae	imperium_in_imperio	cacatum_non_est_pictum	583	501	Not Assessed	Macte_animo_Generose_puer_sic_itur_ad_astra
non_targeted_therapy	CTDC-PARTICIPANT-831231	CTDC-NON-TARGETED-THERAPY-169826	Obedientia_civium_urbis_felicitas	sapiens_qui_prospicit	id_quod_plerumque_accidit	Macte_animo_Generose_puer_sic_itur_ad_astra	245	639	Too Early	scientia_imperii_decus_et_tutamen
non_targeted_therapy	CTDC-PARTICIPANT-831231	CTDC-NON-TARGETED-THERAPY-678472	faber_est_suae_quisque_fortunae	Gallia_est_omnis_divisa_in_partes_tres	imperium_in_imperio	nanos_gigantum_humeris_insidentes	884	872	Complete Response	id_quod_plerumque_accidit
non_targeted_therapy	CTDC-PARTICIPANT-403816	CTDC-NON-TARGETED-THERAPY-717091	scientiae_et_patriae	barba_crescit_caput_nescit	Obedientia_civium_urbis_felicitas	scientia_imperii_decus_et_tutamen	433	594	Less than partial response	salus_in_arduis
non_targeted_therapy	CTDC-PARTICIPANT-403816	CTDC-NON-TARGETED-THERAPY-385726	salus_in_arduis	scientia_et_sapientia	scientia_et_labor	damnant_quod_non_intellegunt	12	868	Less than partial response	Obedientia_civium_urbis_felicitas
non_targeted_therapy	CTDC-PARTICIPANT-662249	CTDC-NON-TARGETED-THERAPY-817977	scientiae_et_patriae	scientia_et_labor	scientiae_et_patriae	Gallia_est_omnis_divisa_in_partes_tres	533	245	Partial Response	imperium_in_imperio
non_targeted_therapy	CTDC-PARTICIPANT-662249	CTDC-NON-TARGETED-THERAPY-888518	nascentes_morimur_finisque_ab_origine_pendet	labor_ipse_voluptas	salus_in_arduis	scientiae_cedit_mare	570	489	Too Early	scientia,_aere_perennius
non_targeted_therapy	CTDC-PARTICIPANT-633930	CTDC-NON-TARGETED-THERAPY-625191	O_Tite_tute_Tati_tibi_tanta_tyranne_tulisti	scientia_imperii_decus_et_tutamen	sapiens_qui_prospicit	scientiae_cedit_mare	551	426	Less than partial response	Obedientia_civium_urbis_felicitas
non_targeted_therapy	CTDC-PARTICIPANT-633930	CTDC-NON-TARGETED-THERAPY-882813	faber_est_suae_quisque_fortunae	scientia_et_sapientia	nanos_gigantum_humeris_insidentes	sapiens_qui_prospicit	708	802	Partial Response	haec_olim_meminisse_iuvabit
non_targeted_therapy	CTDC-PARTICIPANT-100511	CTDC-NON-TARGETED-THERAPY-149669	cacatum_non_est_pictum	O_Tite_tute_Tati_tibi_tanta_tyranne_tulisti	saltus_in_demonstrando	haec_olim_meminisse_iuvabit	391	141	Unknown	Obedientia_civium_urbis_felicitas
non_targeted_therapy	CTDC-PARTICIPANT-100511	CTDC-NON-TARGETED-THERAPY-306055	scientia_imperii_decus_et_tutamen	scientia_et_sapientia	pace_tua	nanos_gigantum_humeris_insidentes	186	420	Partial Response	haec_olim_meminisse_iuvabit
non_targeted_therapy	CTDC-PARTICIPANT-242408	CTDC-NON-TARGETED-THERAPY-890546	Obedientia_civium_urbis_felicitas	sapiens_qui_prospicit	scientia_et_labor	imperium_in_imperio	368	724	Not Evaluable	saltus_in_demonstrando
non_targeted_therapy	CTDC-PARTICIPANT-242408	CTDC-NON-TARGETED-THERAPY-123697	scientia_et_labor	scientiae_et_patriae	Obedientia_civium_urbis_felicitas	id_quod_plerumque_accidit	624	462	Partial Response	e_causa_ignota
non_targeted_therapy	CTDC-PARTICIPANT-431828	CTDC-NON-TARGETED-THERAPY-941113	scientia_et_sapientia	saltus_in_demonstrando	id_quod_plerumque_accidit	Obedientia_civium_urbis_felicitas	22	547	Unknown	e_causa_ignota
non_targeted_therapy	CTDC-PARTICIPANT-431828	CTDC-NON-TARGETED-THERAPY-604793	scientia,_aere_perennius	id_quod_plerumque_accidit	a_bene_placito	salus_in_arduis	936	767	Not Assessed	barba_crescit_caput_nescit
non_targeted_therapy	CTDC-PARTICIPANT-758307	CTDC-NON-TARGETED-THERAPY-371959	imperium_in_imperio	sapiens_qui_prospicit	Obedientia_civium_urbis_felicitas	id_quod_plerumque_accidit	380	638	Too Early	saltus_in_demonstrando
non_targeted_therapy	CTDC-PARTICIPANT-758307	CTDC-NON-TARGETED-THERAPY-841457	scientia,_aere_perennius	scientia_et_sapientia	Macte_animo_Generose_puer_sic_itur_ad_astra	scientia_et_labor	843	833	Not Evaluable	scientia_et_labor
non_targeted_therapy	CTDC-PARTICIPANT-968512	CTDC-NON-TARGETED-THERAPY-231657	sapiens_qui_prospicit	sapiens_qui_prospicit	O_Tite_tute_Tati_tibi_tanta_tyranne_tulisti	nascentes_morimur_finisque_ab_origine_pendet	522	916	Not Evaluable	O_Tite_tute_Tati_tibi_tanta_tyranne_tulisti
non_targeted_therapy	CTDC-PARTICIPANT-968512	CTDC-NON-TARGETED-THERAPY-794270	id_quod_plerumque_accidit	scientia_imperii_decus_et_tutamen	scientia_imperii_decus_et_tutamen	Gallia_est_omnis_divisa_in_partes_tres	148	342	Too Early	scientia_et_labor
non_targeted_therapy	CTDC-PARTICIPANT-642052	CTDC-NON-TARGETED-THERAPY-179146	Gallia_est_omnis_divisa_in_partes_tres	nascentes_morimur_finisque_ab_origine_pendet	pace_tua	barba_crescit_caput_nescit	453	355	Progressive Disease	a_bene_placito
non_targeted_therapy	CTDC-PARTICIPANT-642052	CTDC-NON-TARGETED-THERAPY-488253	sapiens_qui_prospicit	scientiae_cedit_mare	saltus_in_demonstrando	haec_olim_meminisse_iuvabit	975	128	Not Assessed	scientia_et_labor
non_targeted_therapy	CTDC-PARTICIPANT-979933	CTDC-NON-TARGETED-THERAPY-273051	id_quod_plerumque_accidit	scientia,_aere_perennius	barba_crescit_caput_nescit	pace_tua	581	972	Less than partial response	scientia_et_labor
non_targeted_therapy	CTDC-PARTICIPANT-979933	CTDC-NON-TARGETED-THERAPY-260002	haec_olim_meminisse_iuvabit	nascentes_morimur_finisque_ab_origine_pendet	faber_est_suae_quisque_fortunae	Macte_animo_Generose_puer_sic_itur_ad_astra	223	907	Not Assessed	scientia,_aere_perennius
