type	participant.participant_id	non_targeted_therapy_record_id	non_targeted_therapy	non_targeted_therapy_dose	non_targeted_therapy_dose_units	non_targeted_therapy_frequency	non_targeted_therapy_start_date	non_targeted_therapy_end_date	best_response_to_non_targeted_therapy	crdc_id
non_targeted_therapy	CTDC-PARTICIPANT-255086	CTDC-NON-TARGETED-THERAPY-471592	barba_crescit_caput_nescit	nascentes_morimur_finisque_ab_origine_pendet	scientia_et_labor	damnant_quod_non_intellegunt	691	289	Partial Response	e_causa_ignota
non_targeted_therapy	CTDC-PARTICIPANT-255086	CTDC-NON-TARGETED-THERAPY-774783	Macte_animo_Generose_puer_sic_itur_ad_astra	damnant_quod_non_intellegunt	scientia_et_sapientia	haec_olim_meminisse_iuvabit	273	906	Too Early	id_quod_plerumque_accidit
non_targeted_therapy	CTDC-PARTICIPANT-214681	CTDC-NON-TARGETED-THERAPY-783117	nanos_gigantum_humeris_insidentes	nanos_gigantum_humeris_insidentes	scientiae_cedit_mare	e_causa_ignota	52	110	Less than partial response	Obedientia_civium_urbis_felicitas
non_targeted_therapy	CTDC-PARTICIPANT-214681	CTDC-NON-TARGETED-THERAPY-367070	scientiae_cedit_mare	salus_in_arduis	imperium_in_imperio	faber_est_suae_quisque_fortunae	653	582	Not Evaluable	haec_olim_meminisse_iuvabit
non_targeted_therapy	CTDC-PARTICIPANT-660575	CTDC-NON-TARGETED-THERAPY-835269	haec_olim_meminisse_iuvabit	imperium_in_imperio	pace_tua	Obedientia_civium_urbis_felicitas	995	272	Progressive Disease	scientia_et_labor
non_targeted_therapy	CTDC-PARTICIPANT-660575	CTDC-NON-TARGETED-THERAPY-331863	O_Tite_tute_Tati_tibi_tanta_tyranne_tulisti	saltus_in_demonstrando	scientia_imperii_decus_et_tutamen	damnant_quod_non_intellegunt	832	851	Complete Response	a_bene_placito
non_targeted_therapy	CTDC-PARTICIPANT-518364	CTDC-NON-TARGETED-THERAPY-654405	Macte_animo_Generose_puer_sic_itur_ad_astra	sapiens_qui_prospicit	O_Tite_tute_Tati_tibi_tanta_tyranne_tulisti	O_Tite_tute_Tati_tibi_tanta_tyranne_tulisti	104	40	Unknown	haec_olim_meminisse_iuvabit
non_targeted_therapy	CTDC-PARTICIPANT-518364	CTDC-NON-TARGETED-THERAPY-755037	e_causa_ignota	saltus_in_demonstrando	id_quod_plerumque_accidit	scientiae_et_patriae	576	267	Unknown	haec_olim_meminisse_iuvabit
non_targeted_therapy	CTDC-PARTICIPANT-701612	CTDC-NON-TARGETED-THERAPY-553159	Gallia_est_omnis_divisa_in_partes_tres	nanos_gigantum_humeris_insidentes	faber_est_suae_quisque_fortunae	e_causa_ignota	933	290	Less than partial response	scientia,_aere_perennius
non_targeted_therapy	CTDC-PARTICIPANT-701612	CTDC-NON-TARGETED-THERAPY-316864	scientia,_aere_perennius	scientia,_aere_perennius	nanos_gigantum_humeris_insidentes	scientia_et_labor	877	46	Not Evaluable	e_causa_ignota
non_targeted_therapy	CTDC-PARTICIPANT-637495	CTDC-NON-TARGETED-THERAPY-315759	scientiae_et_patriae	labor_ipse_voluptas	id_quod_plerumque_accidit	nascentes_morimur_finisque_ab_origine_pendet	404	835	Not Assessed	Gallia_est_omnis_divisa_in_partes_tres
non_targeted_therapy	CTDC-PARTICIPANT-637495	CTDC-NON-TARGETED-THERAPY-438479	salus_in_arduis	Obedientia_civium_urbis_felicitas	imperium_in_imperio	a_bene_placito	322	986	Too Early	e_causa_ignota
non_targeted_therapy	CTDC-PARTICIPANT-390274	CTDC-NON-TARGETED-THERAPY-218658	pace_tua	labor_ipse_voluptas	Gallia_est_omnis_divisa_in_partes_tres	sapiens_qui_prospicit	182	845	Partial Response	saltus_in_demonstrando
non_targeted_therapy	CTDC-PARTICIPANT-390274	CTDC-NON-TARGETED-THERAPY-210277	scientia_et_sapientia	imperium_in_imperio	scientia_et_sapientia	faber_est_suae_quisque_fortunae	216	236	Complete Response	O_Tite_tute_Tati_tibi_tanta_tyranne_tulisti
non_targeted_therapy	CTDC-PARTICIPANT-605060	CTDC-NON-TARGETED-THERAPY-762383	salus_in_arduis	faber_est_suae_quisque_fortunae	scientia_et_labor	labor_ipse_voluptas	551	584	Stable Disease	Gallia_est_omnis_divisa_in_partes_tres
non_targeted_therapy	CTDC-PARTICIPANT-605060	CTDC-NON-TARGETED-THERAPY-637087	salus_in_arduis	Macte_animo_Generose_puer_sic_itur_ad_astra	saltus_in_demonstrando	Obedientia_civium_urbis_felicitas	697	886	Partial Response	cacatum_non_est_pictum
non_targeted_therapy	CTDC-PARTICIPANT-955678	CTDC-NON-TARGETED-THERAPY-796849	Obedientia_civium_urbis_felicitas	Gallia_est_omnis_divisa_in_partes_tres	barba_crescit_caput_nescit	cacatum_non_est_pictum	512	144	Unknown	scientia_et_sapientia
non_targeted_therapy	CTDC-PARTICIPANT-955678	CTDC-NON-TARGETED-THERAPY-538930	damnant_quod_non_intellegunt	sapiens_qui_prospicit	id_quod_plerumque_accidit	imperium_in_imperio	355	670	Complete Response	scientia_et_sapientia
non_targeted_therapy	CTDC-PARTICIPANT-787508	CTDC-NON-TARGETED-THERAPY-712324	sapiens_qui_prospicit	nascentes_morimur_finisque_ab_origine_pendet	scientia,_aere_perennius	barba_crescit_caput_nescit	611	936	Too Early	scientia,_aere_perennius
non_targeted_therapy	CTDC-PARTICIPANT-787508	CTDC-NON-TARGETED-THERAPY-782887	Obedientia_civium_urbis_felicitas	e_causa_ignota	labor_ipse_voluptas	nascentes_morimur_finisque_ab_origine_pendet	216	85	Not Assessed	imperium_in_imperio
non_targeted_therapy	CTDC-PARTICIPANT-796466	CTDC-NON-TARGETED-THERAPY-733020	sapiens_qui_prospicit	e_causa_ignota	faber_est_suae_quisque_fortunae	sapiens_qui_prospicit	665	136	Too Early	Macte_animo_Generose_puer_sic_itur_ad_astra
non_targeted_therapy	CTDC-PARTICIPANT-796466	CTDC-NON-TARGETED-THERAPY-190588	O_Tite_tute_Tati_tibi_tanta_tyranne_tulisti	id_quod_plerumque_accidit	scientia_imperii_decus_et_tutamen	id_quod_plerumque_accidit	80	944	Not Evaluable	scientia_imperii_decus_et_tutamen
non_targeted_therapy	CTDC-PARTICIPANT-249606	CTDC-NON-TARGETED-THERAPY-591891	nascentes_morimur_finisque_ab_origine_pendet	scientia_et_labor	e_causa_ignota	scientia_imperii_decus_et_tutamen	347	795	Not Evaluable	cacatum_non_est_pictum
non_targeted_therapy	CTDC-PARTICIPANT-249606	CTDC-NON-TARGETED-THERAPY-152376	barba_crescit_caput_nescit	salus_in_arduis	Gallia_est_omnis_divisa_in_partes_tres	O_Tite_tute_Tati_tibi_tanta_tyranne_tulisti	629	696	Not Assessed	labor_ipse_voluptas
non_targeted_therapy	CTDC-PARTICIPANT-829468	CTDC-NON-TARGETED-THERAPY-421789	e_causa_ignota	e_causa_ignota	scientia,_aere_perennius	salus_in_arduis	275	17	Stable Disease	labor_ipse_voluptas
non_targeted_therapy	CTDC-PARTICIPANT-829468	CTDC-NON-TARGETED-THERAPY-874854	saltus_in_demonstrando	pace_tua	scientia,_aere_perennius	salus_in_arduis	483	568	Too Early	nanos_gigantum_humeris_insidentes
non_targeted_therapy	CTDC-PARTICIPANT-797911	CTDC-NON-TARGETED-THERAPY-417395	pace_tua	Gallia_est_omnis_divisa_in_partes_tres	salus_in_arduis	e_causa_ignota	249	250	Unknown	Gallia_est_omnis_divisa_in_partes_tres
non_targeted_therapy	CTDC-PARTICIPANT-797911	CTDC-NON-TARGETED-THERAPY-672008	O_Tite_tute_Tati_tibi_tanta_tyranne_tulisti	scientiae_et_patriae	cacatum_non_est_pictum	scientiae_et_patriae	115	422	Not Assessed	Obedientia_civium_urbis_felicitas
non_targeted_therapy	CTDC-PARTICIPANT-928561	CTDC-NON-TARGETED-THERAPY-931029	a_bene_placito	sapiens_qui_prospicit	e_causa_ignota	Gallia_est_omnis_divisa_in_partes_tres	176	553	Not Assessed	saltus_in_demonstrando
non_targeted_therapy	CTDC-PARTICIPANT-928561	CTDC-NON-TARGETED-THERAPY-864333	scientia_imperii_decus_et_tutamen	Macte_animo_Generose_puer_sic_itur_ad_astra	Macte_animo_Generose_puer_sic_itur_ad_astra	scientia_imperii_decus_et_tutamen	829	743	Stable Disease	faber_est_suae_quisque_fortunae
non_targeted_therapy	CTDC-PARTICIPANT-954478	CTDC-NON-TARGETED-THERAPY-275907	scientia_et_labor	scientiae_et_patriae	O_Tite_tute_Tati_tibi_tanta_tyranne_tulisti	faber_est_suae_quisque_fortunae	740	558	Stable Disease	scientia,_aere_perennius
non_targeted_therapy	CTDC-PARTICIPANT-954478	CTDC-NON-TARGETED-THERAPY-680327	scientia_et_sapientia	sapiens_qui_prospicit	O_Tite_tute_Tati_tibi_tanta_tyranne_tulisti	scientia_imperii_decus_et_tutamen	822	461	Progressive Disease	nanos_gigantum_humeris_insidentes
non_targeted_therapy	CTDC-PARTICIPANT-386570	CTDC-NON-TARGETED-THERAPY-214710	Macte_animo_Generose_puer_sic_itur_ad_astra	e_causa_ignota	id_quod_plerumque_accidit	damnant_quod_non_intellegunt	521	28	Stable Disease	pace_tua
non_targeted_therapy	CTDC-PARTICIPANT-386570	CTDC-NON-TARGETED-THERAPY-241314	cacatum_non_est_pictum	id_quod_plerumque_accidit	nanos_gigantum_humeris_insidentes	id_quod_plerumque_accidit	698	192	Too Early	sapiens_qui_prospicit
non_targeted_therapy	CTDC-PARTICIPANT-761014	CTDC-NON-TARGETED-THERAPY-315992	Gallia_est_omnis_divisa_in_partes_tres	Macte_animo_Generose_puer_sic_itur_ad_astra	scientia,_aere_perennius	sapiens_qui_prospicit	404	896	Progressive Disease	id_quod_plerumque_accidit
non_targeted_therapy	CTDC-PARTICIPANT-761014	CTDC-NON-TARGETED-THERAPY-905082	scientia_et_labor	imperium_in_imperio	imperium_in_imperio	scientiae_et_patriae	909	63	Too Early	scientiae_et_patriae
non_targeted_therapy	CTDC-PARTICIPANT-627536	CTDC-NON-TARGETED-THERAPY-477926	id_quod_plerumque_accidit	pace_tua	scientia_et_sapientia	labor_ipse_voluptas	682	824	Unknown	scientia_et_sapientia
non_targeted_therapy	CTDC-PARTICIPANT-627536	CTDC-NON-TARGETED-THERAPY-817240	sapiens_qui_prospicit	labor_ipse_voluptas	labor_ipse_voluptas	id_quod_plerumque_accidit	767	311	Less than partial response	nascentes_morimur_finisque_ab_origine_pendet
non_targeted_therapy	CTDC-PARTICIPANT-282263	CTDC-NON-TARGETED-THERAPY-412332	Macte_animo_Generose_puer_sic_itur_ad_astra	faber_est_suae_quisque_fortunae	Macte_animo_Generose_puer_sic_itur_ad_astra	faber_est_suae_quisque_fortunae	675	333	Partial Response	O_Tite_tute_Tati_tibi_tanta_tyranne_tulisti
non_targeted_therapy	CTDC-PARTICIPANT-282263	CTDC-NON-TARGETED-THERAPY-874897	pace_tua	nanos_gigantum_humeris_insidentes	Gallia_est_omnis_divisa_in_partes_tres	damnant_quod_non_intellegunt	395	650	Complete Response	e_causa_ignota
non_targeted_therapy	CTDC-PARTICIPANT-688099	CTDC-NON-TARGETED-THERAPY-234535	scientiae_et_patriae	Gallia_est_omnis_divisa_in_partes_tres	scientia_imperii_decus_et_tutamen	imperium_in_imperio	641	882	Partial Response	nanos_gigantum_humeris_insidentes
non_targeted_therapy	CTDC-PARTICIPANT-688099	CTDC-NON-TARGETED-THERAPY-520471	scientiae_cedit_mare	scientia_et_sapientia	faber_est_suae_quisque_fortunae	barba_crescit_caput_nescit	524	13	Not Assessed	saltus_in_demonstrando
non_targeted_therapy	CTDC-PARTICIPANT-939913	CTDC-NON-TARGETED-THERAPY-920617	saltus_in_demonstrando	saltus_in_demonstrando	scientia_imperii_decus_et_tutamen	pace_tua	803	559	Partial Response	cacatum_non_est_pictum
non_targeted_therapy	CTDC-PARTICIPANT-939913	CTDC-NON-TARGETED-THERAPY-918769	labor_ipse_voluptas	a_bene_placito	cacatum_non_est_pictum	haec_olim_meminisse_iuvabit	485	436	Unknown	scientiae_et_patriae
non_targeted_therapy	CTDC-PARTICIPANT-539346	CTDC-NON-TARGETED-THERAPY-454283	scientiae_et_patriae	scientiae_et_patriae	O_Tite_tute_Tati_tibi_tanta_tyranne_tulisti	pace_tua	384	818	Complete Response	scientia_et_sapientia
non_targeted_therapy	CTDC-PARTICIPANT-539346	CTDC-NON-TARGETED-THERAPY-332782	salus_in_arduis	scientia,_aere_perennius	labor_ipse_voluptas	imperium_in_imperio	72	501	Less than partial response	id_quod_plerumque_accidit
non_targeted_therapy	CTDC-PARTICIPANT-246150	CTDC-NON-TARGETED-THERAPY-499752	nanos_gigantum_humeris_insidentes	e_causa_ignota	scientia,_aere_perennius	Gallia_est_omnis_divisa_in_partes_tres	940	726	Too Early	scientiae_cedit_mare
non_targeted_therapy	CTDC-PARTICIPANT-246150	CTDC-NON-TARGETED-THERAPY-155122	labor_ipse_voluptas	haec_olim_meminisse_iuvabit	labor_ipse_voluptas	damnant_quod_non_intellegunt	272	417	Too Early	a_bene_placito
non_targeted_therapy	CTDC-PARTICIPANT-570246	CTDC-NON-TARGETED-THERAPY-910751	pace_tua	scientiae_et_patriae	faber_est_suae_quisque_fortunae	nascentes_morimur_finisque_ab_origine_pendet	10	823	Unknown	Gallia_est_omnis_divisa_in_partes_tres
non_targeted_therapy	CTDC-PARTICIPANT-570246	CTDC-NON-TARGETED-THERAPY-174527	scientia_et_labor	cacatum_non_est_pictum	id_quod_plerumque_accidit	sapiens_qui_prospicit	696	644	Unknown	barba_crescit_caput_nescit
non_targeted_therapy	CTDC-PARTICIPANT-291591	CTDC-NON-TARGETED-THERAPY-415989	salus_in_arduis	imperium_in_imperio	a_bene_placito	sapiens_qui_prospicit	523	710	Partial Response	O_Tite_tute_Tati_tibi_tanta_tyranne_tulisti
non_targeted_therapy	CTDC-PARTICIPANT-291591	CTDC-NON-TARGETED-THERAPY-368521	cacatum_non_est_pictum	sapiens_qui_prospicit	barba_crescit_caput_nescit	pace_tua	386	988	Not Assessed	sapiens_qui_prospicit
non_targeted_therapy	CTDC-PARTICIPANT-940083	CTDC-NON-TARGETED-THERAPY-926688	id_quod_plerumque_accidit	nanos_gigantum_humeris_insidentes	scientiae_et_patriae	e_causa_ignota	920	548	Complete Response	Gallia_est_omnis_divisa_in_partes_tres
non_targeted_therapy	CTDC-PARTICIPANT-940083	CTDC-NON-TARGETED-THERAPY-986233	Obedientia_civium_urbis_felicitas	Macte_animo_Generose_puer_sic_itur_ad_astra	Obedientia_civium_urbis_felicitas	O_Tite_tute_Tati_tibi_tanta_tyranne_tulisti	758	159	Stable Disease	id_quod_plerumque_accidit
non_targeted_therapy	CTDC-PARTICIPANT-626731	CTDC-NON-TARGETED-THERAPY-494302	cacatum_non_est_pictum	salus_in_arduis	pace_tua	scientia_imperii_decus_et_tutamen	994	63	Not Evaluable	cacatum_non_est_pictum
non_targeted_therapy	CTDC-PARTICIPANT-626731	CTDC-NON-TARGETED-THERAPY-325490	scientiae_et_patriae	labor_ipse_voluptas	pace_tua	Gallia_est_omnis_divisa_in_partes_tres	142	473	Unknown	e_causa_ignota
non_targeted_therapy	CTDC-PARTICIPANT-652301	CTDC-NON-TARGETED-THERAPY-975924	scientia_et_sapientia	pace_tua	nascentes_morimur_finisque_ab_origine_pendet	scientiae_cedit_mare	617	206	Complete Response	scientiae_cedit_mare
non_targeted_therapy	CTDC-PARTICIPANT-652301	CTDC-NON-TARGETED-THERAPY-425983	scientia,_aere_perennius	e_causa_ignota	haec_olim_meminisse_iuvabit	pace_tua	41	863	Progressive Disease	labor_ipse_voluptas
non_targeted_therapy	CTDC-PARTICIPANT-491260	CTDC-NON-TARGETED-THERAPY-989459	Macte_animo_Generose_puer_sic_itur_ad_astra	Macte_animo_Generose_puer_sic_itur_ad_astra	scientia,_aere_perennius	scientia_et_sapientia	333	582	Partial Response	e_causa_ignota
non_targeted_therapy	CTDC-PARTICIPANT-491260	CTDC-NON-TARGETED-THERAPY-378858	labor_ipse_voluptas	scientiae_cedit_mare	O_Tite_tute_Tati_tibi_tanta_tyranne_tulisti	scientiae_et_patriae	736	811	Not Evaluable	scientiae_et_patriae
non_targeted_therapy	CTDC-PARTICIPANT-761432	CTDC-NON-TARGETED-THERAPY-587724	nanos_gigantum_humeris_insidentes	labor_ipse_voluptas	saltus_in_demonstrando	a_bene_placito	780	408	Progressive Disease	sapiens_qui_prospicit
non_targeted_therapy	CTDC-PARTICIPANT-761432	CTDC-NON-TARGETED-THERAPY-941623	pace_tua	nascentes_morimur_finisque_ab_origine_pendet	Macte_animo_Generose_puer_sic_itur_ad_astra	sapiens_qui_prospicit	556	643	Complete Response	id_quod_plerumque_accidit
non_targeted_therapy	CTDC-PARTICIPANT-352043	CTDC-NON-TARGETED-THERAPY-675874	imperium_in_imperio	scientia_et_sapientia	scientia_imperii_decus_et_tutamen	e_causa_ignota	752	769	Not Assessed	pace_tua
non_targeted_therapy	CTDC-PARTICIPANT-352043	CTDC-NON-TARGETED-THERAPY-588202	damnant_quod_non_intellegunt	pace_tua	barba_crescit_caput_nescit	labor_ipse_voluptas	310	305	Partial Response	sapiens_qui_prospicit
non_targeted_therapy	CTDC-PARTICIPANT-828608	CTDC-NON-TARGETED-THERAPY-126537	a_bene_placito	scientia_imperii_decus_et_tutamen	haec_olim_meminisse_iuvabit	haec_olim_meminisse_iuvabit	177	845	Too Early	damnant_quod_non_intellegunt
non_targeted_therapy	CTDC-PARTICIPANT-828608	CTDC-NON-TARGETED-THERAPY-900014	nascentes_morimur_finisque_ab_origine_pendet	saltus_in_demonstrando	damnant_quod_non_intellegunt	sapiens_qui_prospicit	816	179	Partial Response	saltus_in_demonstrando
non_targeted_therapy	CTDC-PARTICIPANT-232321	CTDC-NON-TARGETED-THERAPY-422631	id_quod_plerumque_accidit	scientiae_et_patriae	O_Tite_tute_Tati_tibi_tanta_tyranne_tulisti	saltus_in_demonstrando	992	577	Not Evaluable	Gallia_est_omnis_divisa_in_partes_tres
non_targeted_therapy	CTDC-PARTICIPANT-232321	CTDC-NON-TARGETED-THERAPY-432253	barba_crescit_caput_nescit	imperium_in_imperio	Macte_animo_Generose_puer_sic_itur_ad_astra	haec_olim_meminisse_iuvabit	348	432	Unknown	scientiae_et_patriae
non_targeted_therapy	CTDC-PARTICIPANT-733066	CTDC-NON-TARGETED-THERAPY-911135	imperium_in_imperio	nanos_gigantum_humeris_insidentes	id_quod_plerumque_accidit	Gallia_est_omnis_divisa_in_partes_tres	963	36	Stable Disease	barba_crescit_caput_nescit
non_targeted_therapy	CTDC-PARTICIPANT-733066	CTDC-NON-TARGETED-THERAPY-350917	Gallia_est_omnis_divisa_in_partes_tres	barba_crescit_caput_nescit	id_quod_plerumque_accidit	scientia_imperii_decus_et_tutamen	109	274	Stable Disease	O_Tite_tute_Tati_tibi_tanta_tyranne_tulisti
non_targeted_therapy	CTDC-PARTICIPANT-428219	CTDC-NON-TARGETED-THERAPY-880756	Gallia_est_omnis_divisa_in_partes_tres	nanos_gigantum_humeris_insidentes	saltus_in_demonstrando	pace_tua	631	475	Not Assessed	id_quod_plerumque_accidit
non_targeted_therapy	CTDC-PARTICIPANT-428219	CTDC-NON-TARGETED-THERAPY-898573	barba_crescit_caput_nescit	scientia_et_sapientia	e_causa_ignota	damnant_quod_non_intellegunt	382	950	Not Assessed	imperium_in_imperio
non_targeted_therapy	CTDC-PARTICIPANT-215053	CTDC-NON-TARGETED-THERAPY-899796	nanos_gigantum_humeris_insidentes	scientia,_aere_perennius	scientia_et_sapientia	nascentes_morimur_finisque_ab_origine_pendet	45	904	Not Evaluable	Macte_animo_Generose_puer_sic_itur_ad_astra
non_targeted_therapy	CTDC-PARTICIPANT-215053	CTDC-NON-TARGETED-THERAPY-522091	labor_ipse_voluptas	id_quod_plerumque_accidit	scientia,_aere_perennius	damnant_quod_non_intellegunt	58	199	Less than partial response	e_causa_ignota
non_targeted_therapy	CTDC-PARTICIPANT-946005	CTDC-NON-TARGETED-THERAPY-784440	cacatum_non_est_pictum	scientiae_et_patriae	labor_ipse_voluptas	imperium_in_imperio	951	43	Complete Response	scientia_et_labor
non_targeted_therapy	CTDC-PARTICIPANT-946005	CTDC-NON-TARGETED-THERAPY-961199	scientiae_et_patriae	scientia_et_sapientia	barba_crescit_caput_nescit	haec_olim_meminisse_iuvabit	230	316	Not Assessed	barba_crescit_caput_nescit
non_targeted_therapy	CTDC-PARTICIPANT-174366	CTDC-NON-TARGETED-THERAPY-275525	a_bene_placito	faber_est_suae_quisque_fortunae	haec_olim_meminisse_iuvabit	scientiae_et_patriae	476	13	Stable Disease	Obedientia_civium_urbis_felicitas
non_targeted_therapy	CTDC-PARTICIPANT-174366	CTDC-NON-TARGETED-THERAPY-296272	scientia_imperii_decus_et_tutamen	Macte_animo_Generose_puer_sic_itur_ad_astra	scientia_et_labor	scientia,_aere_perennius	186	477	Stable Disease	pace_tua
non_targeted_therapy	CTDC-PARTICIPANT-856892	CTDC-NON-TARGETED-THERAPY-936156	sapiens_qui_prospicit	nascentes_morimur_finisque_ab_origine_pendet	O_Tite_tute_Tati_tibi_tanta_tyranne_tulisti	barba_crescit_caput_nescit	90	64	Unknown	Gallia_est_omnis_divisa_in_partes_tres
non_targeted_therapy	CTDC-PARTICIPANT-856892	CTDC-NON-TARGETED-THERAPY-973888	pace_tua	pace_tua	scientia_et_labor	sapiens_qui_prospicit	711	780	Complete Response	id_quod_plerumque_accidit
non_targeted_therapy	CTDC-PARTICIPANT-922991	CTDC-NON-TARGETED-THERAPY-464609	scientia_et_sapientia	nascentes_morimur_finisque_ab_origine_pendet	faber_est_suae_quisque_fortunae	damnant_quod_non_intellegunt	288	733	Stable Disease	scientia_et_sapientia
non_targeted_therapy	CTDC-PARTICIPANT-922991	CTDC-NON-TARGETED-THERAPY-699620	scientiae_cedit_mare	scientiae_cedit_mare	a_bene_placito	nascentes_morimur_finisque_ab_origine_pendet	770	194	Less than partial response	saltus_in_demonstrando
non_targeted_therapy	CTDC-PARTICIPANT-291581	CTDC-NON-TARGETED-THERAPY-887101	scientia_imperii_decus_et_tutamen	O_Tite_tute_Tati_tibi_tanta_tyranne_tulisti	scientia_et_labor	Obedientia_civium_urbis_felicitas	895	864	Partial Response	scientiae_et_patriae
non_targeted_therapy	CTDC-PARTICIPANT-291581	CTDC-NON-TARGETED-THERAPY-908918	nascentes_morimur_finisque_ab_origine_pendet	scientiae_et_patriae	id_quod_plerumque_accidit	pace_tua	820	259	Progressive Disease	scientiae_et_patriae
non_targeted_therapy	CTDC-PARTICIPANT-474449	CTDC-NON-TARGETED-THERAPY-787795	O_Tite_tute_Tati_tibi_tanta_tyranne_tulisti	scientia,_aere_perennius	scientiae_cedit_mare	nanos_gigantum_humeris_insidentes	843	465	Too Early	salus_in_arduis
non_targeted_therapy	CTDC-PARTICIPANT-474449	CTDC-NON-TARGETED-THERAPY-167737	id_quod_plerumque_accidit	imperium_in_imperio	faber_est_suae_quisque_fortunae	Gallia_est_omnis_divisa_in_partes_tres	724	14	Partial Response	damnant_quod_non_intellegunt
non_targeted_therapy	CTDC-PARTICIPANT-500277	CTDC-NON-TARGETED-THERAPY-530121	scientiae_cedit_mare	pace_tua	Macte_animo_Generose_puer_sic_itur_ad_astra	Gallia_est_omnis_divisa_in_partes_tres	518	133	Partial Response	damnant_quod_non_intellegunt
non_targeted_therapy	CTDC-PARTICIPANT-500277	CTDC-NON-TARGETED-THERAPY-790010	salus_in_arduis	imperium_in_imperio	nanos_gigantum_humeris_insidentes	damnant_quod_non_intellegunt	560	882	Stable Disease	scientiae_et_patriae
non_targeted_therapy	CTDC-PARTICIPANT-237989	CTDC-NON-TARGETED-THERAPY-433763	damnant_quod_non_intellegunt	labor_ipse_voluptas	Gallia_est_omnis_divisa_in_partes_tres	a_bene_placito	730	728	Complete Response	faber_est_suae_quisque_fortunae
non_targeted_therapy	CTDC-PARTICIPANT-237989	CTDC-NON-TARGETED-THERAPY-925686	scientia_et_sapientia	saltus_in_demonstrando	scientiae_et_patriae	a_bene_placito	522	562	Stable Disease	Obedientia_civium_urbis_felicitas
non_targeted_therapy	CTDC-PARTICIPANT-409930	CTDC-NON-TARGETED-THERAPY-237791	cacatum_non_est_pictum	cacatum_non_est_pictum	Obedientia_civium_urbis_felicitas	e_causa_ignota	65	365	Stable Disease	damnant_quod_non_intellegunt
non_targeted_therapy	CTDC-PARTICIPANT-409930	CTDC-NON-TARGETED-THERAPY-746281	id_quod_plerumque_accidit	scientia_et_sapientia	Macte_animo_Generose_puer_sic_itur_ad_astra	Gallia_est_omnis_divisa_in_partes_tres	449	61	Unknown	id_quod_plerumque_accidit
non_targeted_therapy	CTDC-PARTICIPANT-588323	CTDC-NON-TARGETED-THERAPY-450504	nanos_gigantum_humeris_insidentes	e_causa_ignota	a_bene_placito	scientiae_et_patriae	539	286	Too Early	damnant_quod_non_intellegunt
non_targeted_therapy	CTDC-PARTICIPANT-588323	CTDC-NON-TARGETED-THERAPY-641909	scientiae_et_patriae	Macte_animo_Generose_puer_sic_itur_ad_astra	damnant_quod_non_intellegunt	Obedientia_civium_urbis_felicitas	53	339	Stable Disease	nascentes_morimur_finisque_ab_origine_pendet
non_targeted_therapy	CTDC-PARTICIPANT-550436	CTDC-NON-TARGETED-THERAPY-715473	damnant_quod_non_intellegunt	imperium_in_imperio	labor_ipse_voluptas	saltus_in_demonstrando	843	641	Unknown	salus_in_arduis
non_targeted_therapy	CTDC-PARTICIPANT-550436	CTDC-NON-TARGETED-THERAPY-712880	nascentes_morimur_finisque_ab_origine_pendet	Macte_animo_Generose_puer_sic_itur_ad_astra	labor_ipse_voluptas	e_causa_ignota	295	585	Stable Disease	e_causa_ignota
non_targeted_therapy	CTDC-PARTICIPANT-705441	CTDC-NON-TARGETED-THERAPY-632747	e_causa_ignota	faber_est_suae_quisque_fortunae	O_Tite_tute_Tati_tibi_tanta_tyranne_tulisti	faber_est_suae_quisque_fortunae	194	763	Progressive Disease	scientia_et_labor
non_targeted_therapy	CTDC-PARTICIPANT-705441	CTDC-NON-TARGETED-THERAPY-911584	O_Tite_tute_Tati_tibi_tanta_tyranne_tulisti	sapiens_qui_prospicit	labor_ipse_voluptas	haec_olim_meminisse_iuvabit	851	585	Stable Disease	labor_ipse_voluptas
non_targeted_therapy	CTDC-PARTICIPANT-375800	CTDC-NON-TARGETED-THERAPY-157620	nanos_gigantum_humeris_insidentes	Macte_animo_Generose_puer_sic_itur_ad_astra	sapiens_qui_prospicit	labor_ipse_voluptas	515	853	Complete Response	imperium_in_imperio
non_targeted_therapy	CTDC-PARTICIPANT-375800	CTDC-NON-TARGETED-THERAPY-193039	scientia_imperii_decus_et_tutamen	a_bene_placito	sapiens_qui_prospicit	O_Tite_tute_Tati_tibi_tanta_tyranne_tulisti	137	642	Less than partial response	damnant_quod_non_intellegunt
non_targeted_therapy	CTDC-PARTICIPANT-819268	CTDC-NON-TARGETED-THERAPY-805269	id_quod_plerumque_accidit	id_quod_plerumque_accidit	scientia_et_sapientia	nanos_gigantum_humeris_insidentes	579	408	Stable Disease	scientia_et_sapientia
non_targeted_therapy	CTDC-PARTICIPANT-819268	CTDC-NON-TARGETED-THERAPY-630987	barba_crescit_caput_nescit	Obedientia_civium_urbis_felicitas	pace_tua	scientia_imperii_decus_et_tutamen	677	579	Less than partial response	scientiae_et_patriae
non_targeted_therapy	CTDC-PARTICIPANT-101752	CTDC-NON-TARGETED-THERAPY-544703	salus_in_arduis	haec_olim_meminisse_iuvabit	damnant_quod_non_intellegunt	scientia,_aere_perennius	258	233	Partial Response	Obedientia_civium_urbis_felicitas
non_targeted_therapy	CTDC-PARTICIPANT-101752	CTDC-NON-TARGETED-THERAPY-139465	scientiae_cedit_mare	saltus_in_demonstrando	scientia,_aere_perennius	damnant_quod_non_intellegunt	372	847	Unknown	sapiens_qui_prospicit
non_targeted_therapy	CTDC-PARTICIPANT-307586	CTDC-NON-TARGETED-THERAPY-303384	id_quod_plerumque_accidit	faber_est_suae_quisque_fortunae	haec_olim_meminisse_iuvabit	a_bene_placito	725	871	Complete Response	Obedientia_civium_urbis_felicitas
non_targeted_therapy	CTDC-PARTICIPANT-307586	CTDC-NON-TARGETED-THERAPY-622166	O_Tite_tute_Tati_tibi_tanta_tyranne_tulisti	haec_olim_meminisse_iuvabit	Obedientia_civium_urbis_felicitas	scientia,_aere_perennius	318	469	Stable Disease	Macte_animo_Generose_puer_sic_itur_ad_astra
non_targeted_therapy	CTDC-PARTICIPANT-363672	CTDC-NON-TARGETED-THERAPY-121822	scientiae_et_patriae	scientia_et_labor	haec_olim_meminisse_iuvabit	labor_ipse_voluptas	28	803	Complete Response	id_quod_plerumque_accidit
non_targeted_therapy	CTDC-PARTICIPANT-363672	CTDC-NON-TARGETED-THERAPY-546709	faber_est_suae_quisque_fortunae	Macte_animo_Generose_puer_sic_itur_ad_astra	a_bene_placito	scientiae_cedit_mare	955	564	Partial Response	id_quod_plerumque_accidit
non_targeted_therapy	CTDC-PARTICIPANT-390538	CTDC-NON-TARGETED-THERAPY-822594	damnant_quod_non_intellegunt	nascentes_morimur_finisque_ab_origine_pendet	Obedientia_civium_urbis_felicitas	a_bene_placito	598	254	Stable Disease	e_causa_ignota
non_targeted_therapy	CTDC-PARTICIPANT-390538	CTDC-NON-TARGETED-THERAPY-469200	Macte_animo_Generose_puer_sic_itur_ad_astra	damnant_quod_non_intellegunt	sapiens_qui_prospicit	nanos_gigantum_humeris_insidentes	609	685	Less than partial response	scientia_et_sapientia
non_targeted_therapy	CTDC-PARTICIPANT-656708	CTDC-NON-TARGETED-THERAPY-765642	Obedientia_civium_urbis_felicitas	barba_crescit_caput_nescit	scientiae_et_patriae	scientiae_cedit_mare	394	740	Not Evaluable	scientiae_et_patriae
non_targeted_therapy	CTDC-PARTICIPANT-656708	CTDC-NON-TARGETED-THERAPY-154456	labor_ipse_voluptas	Obedientia_civium_urbis_felicitas	scientia_imperii_decus_et_tutamen	a_bene_placito	836	420	Unknown	saltus_in_demonstrando
non_targeted_therapy	CTDC-PARTICIPANT-208873	CTDC-NON-TARGETED-THERAPY-854386	scientiae_cedit_mare	a_bene_placito	nascentes_morimur_finisque_ab_origine_pendet	a_bene_placito	695	992	Complete Response	scientia_imperii_decus_et_tutamen
non_targeted_therapy	CTDC-PARTICIPANT-208873	CTDC-NON-TARGETED-THERAPY-573298	labor_ipse_voluptas	a_bene_placito	scientia_imperii_decus_et_tutamen	e_causa_ignota	141	196	Stable Disease	scientia_et_sapientia
non_targeted_therapy	CTDC-PARTICIPANT-785303	CTDC-NON-TARGETED-THERAPY-713371	scientia_et_sapientia	O_Tite_tute_Tati_tibi_tanta_tyranne_tulisti	scientia,_aere_perennius	labor_ipse_voluptas	81	330	Progressive Disease	damnant_quod_non_intellegunt
non_targeted_therapy	CTDC-PARTICIPANT-785303	CTDC-NON-TARGETED-THERAPY-958934	id_quod_plerumque_accidit	cacatum_non_est_pictum	labor_ipse_voluptas	Macte_animo_Generose_puer_sic_itur_ad_astra	920	603	Not Assessed	barba_crescit_caput_nescit
non_targeted_therapy	CTDC-PARTICIPANT-644061	CTDC-NON-TARGETED-THERAPY-579422	scientiae_et_patriae	scientia_et_sapientia	salus_in_arduis	scientia,_aere_perennius	68	205	Not Evaluable	damnant_quod_non_intellegunt
non_targeted_therapy	CTDC-PARTICIPANT-644061	CTDC-NON-TARGETED-THERAPY-608090	nascentes_morimur_finisque_ab_origine_pendet	damnant_quod_non_intellegunt	nascentes_morimur_finisque_ab_origine_pendet	imperium_in_imperio	293	839	Not Evaluable	labor_ipse_voluptas
non_targeted_therapy	CTDC-PARTICIPANT-784125	CTDC-NON-TARGETED-THERAPY-682467	scientia_et_sapientia	saltus_in_demonstrando	scientia_et_labor	pace_tua	659	146	Not Evaluable	Obedientia_civium_urbis_felicitas
non_targeted_therapy	CTDC-PARTICIPANT-784125	CTDC-NON-TARGETED-THERAPY-502991	scientiae_cedit_mare	nanos_gigantum_humeris_insidentes	scientia,_aere_perennius	a_bene_placito	321	494	Unknown	scientia_et_labor
non_targeted_therapy	CTDC-PARTICIPANT-258433	CTDC-NON-TARGETED-THERAPY-645237	Macte_animo_Generose_puer_sic_itur_ad_astra	cacatum_non_est_pictum	cacatum_non_est_pictum	scientia,_aere_perennius	633	939	Not Assessed	sapiens_qui_prospicit
non_targeted_therapy	CTDC-PARTICIPANT-258433	CTDC-NON-TARGETED-THERAPY-549202	e_causa_ignota	damnant_quod_non_intellegunt	a_bene_placito	faber_est_suae_quisque_fortunae	61	904	Partial Response	barba_crescit_caput_nescit
non_targeted_therapy	CTDC-PARTICIPANT-336498	CTDC-NON-TARGETED-THERAPY-229933	scientiae_cedit_mare	scientia_imperii_decus_et_tutamen	saltus_in_demonstrando	scientia_imperii_decus_et_tutamen	130	854	Unknown	labor_ipse_voluptas
non_targeted_therapy	CTDC-PARTICIPANT-336498	CTDC-NON-TARGETED-THERAPY-603199	salus_in_arduis	pace_tua	a_bene_placito	haec_olim_meminisse_iuvabit	218	789	Partial Response	labor_ipse_voluptas
non_targeted_therapy	CTDC-PARTICIPANT-599467	CTDC-NON-TARGETED-THERAPY-408837	salus_in_arduis	scientia_imperii_decus_et_tutamen	scientia_imperii_decus_et_tutamen	Gallia_est_omnis_divisa_in_partes_tres	712	126	Stable Disease	scientia_et_labor
non_targeted_therapy	CTDC-PARTICIPANT-599467	CTDC-NON-TARGETED-THERAPY-924111	Obedientia_civium_urbis_felicitas	imperium_in_imperio	cacatum_non_est_pictum	Macte_animo_Generose_puer_sic_itur_ad_astra	91	824	Progressive Disease	haec_olim_meminisse_iuvabit
non_targeted_therapy	CTDC-PARTICIPANT-813230	CTDC-NON-TARGETED-THERAPY-899730	imperium_in_imperio	imperium_in_imperio	scientia_et_labor	scientiae_et_patriae	673	593	Progressive Disease	labor_ipse_voluptas
non_targeted_therapy	CTDC-PARTICIPANT-813230	CTDC-NON-TARGETED-THERAPY-411031	faber_est_suae_quisque_fortunae	scientia_et_sapientia	scientia_et_labor	O_Tite_tute_Tati_tibi_tanta_tyranne_tulisti	130	263	Less than partial response	labor_ipse_voluptas
non_targeted_therapy	CTDC-PARTICIPANT-251190	CTDC-NON-TARGETED-THERAPY-107041	e_causa_ignota	Obedientia_civium_urbis_felicitas	damnant_quod_non_intellegunt	haec_olim_meminisse_iuvabit	326	66	Not Assessed	scientiae_et_patriae
non_targeted_therapy	CTDC-PARTICIPANT-251190	CTDC-NON-TARGETED-THERAPY-127678	scientia,_aere_perennius	scientiae_cedit_mare	damnant_quod_non_intellegunt	nanos_gigantum_humeris_insidentes	552	396	Not Evaluable	scientiae_cedit_mare
non_targeted_therapy	CTDC-PARTICIPANT-652732	CTDC-NON-TARGETED-THERAPY-216938	cacatum_non_est_pictum	sapiens_qui_prospicit	Gallia_est_omnis_divisa_in_partes_tres	barba_crescit_caput_nescit	120	697	Stable Disease	Obedientia_civium_urbis_felicitas
non_targeted_therapy	CTDC-PARTICIPANT-652732	CTDC-NON-TARGETED-THERAPY-994886	Gallia_est_omnis_divisa_in_partes_tres	cacatum_non_est_pictum	imperium_in_imperio	sapiens_qui_prospicit	791	851	Complete Response	haec_olim_meminisse_iuvabit
non_targeted_therapy	CTDC-PARTICIPANT-714466	CTDC-NON-TARGETED-THERAPY-956860	scientiae_cedit_mare	haec_olim_meminisse_iuvabit	scientiae_cedit_mare	sapiens_qui_prospicit	810	690	Less than partial response	pace_tua
non_targeted_therapy	CTDC-PARTICIPANT-714466	CTDC-NON-TARGETED-THERAPY-181392	cacatum_non_est_pictum	pace_tua	salus_in_arduis	haec_olim_meminisse_iuvabit	798	351	Stable Disease	id_quod_plerumque_accidit
non_targeted_therapy	CTDC-PARTICIPANT-854460	CTDC-NON-TARGETED-THERAPY-292899	nanos_gigantum_humeris_insidentes	id_quod_plerumque_accidit	scientiae_et_patriae	barba_crescit_caput_nescit	644	558	Not Evaluable	nanos_gigantum_humeris_insidentes
non_targeted_therapy	CTDC-PARTICIPANT-854460	CTDC-NON-TARGETED-THERAPY-874081	scientiae_cedit_mare	sapiens_qui_prospicit	labor_ipse_voluptas	a_bene_placito	118	251	Complete Response	id_quod_plerumque_accidit
non_targeted_therapy	CTDC-PARTICIPANT-635713	CTDC-NON-TARGETED-THERAPY-733848	scientia,_aere_perennius	haec_olim_meminisse_iuvabit	scientia_et_sapientia	scientia,_aere_perennius	785	557	Complete Response	O_Tite_tute_Tati_tibi_tanta_tyranne_tulisti
non_targeted_therapy	CTDC-PARTICIPANT-635713	CTDC-NON-TARGETED-THERAPY-129379	damnant_quod_non_intellegunt	nanos_gigantum_humeris_insidentes	scientia_imperii_decus_et_tutamen	nascentes_morimur_finisque_ab_origine_pendet	155	488	Partial Response	faber_est_suae_quisque_fortunae
non_targeted_therapy	CTDC-PARTICIPANT-272872	CTDC-NON-TARGETED-THERAPY-705882	scientia_imperii_decus_et_tutamen	haec_olim_meminisse_iuvabit	e_causa_ignota	salus_in_arduis	544	670	Less than partial response	Macte_animo_Generose_puer_sic_itur_ad_astra
non_targeted_therapy	CTDC-PARTICIPANT-272872	CTDC-NON-TARGETED-THERAPY-762404	Macte_animo_Generose_puer_sic_itur_ad_astra	scientiae_et_patriae	nascentes_morimur_finisque_ab_origine_pendet	sapiens_qui_prospicit	291	145	Too Early	Obedientia_civium_urbis_felicitas
non_targeted_therapy	CTDC-PARTICIPANT-696945	CTDC-NON-TARGETED-THERAPY-433538	pace_tua	haec_olim_meminisse_iuvabit	a_bene_placito	scientia_imperii_decus_et_tutamen	322	475	Complete Response	nascentes_morimur_finisque_ab_origine_pendet
non_targeted_therapy	CTDC-PARTICIPANT-696945	CTDC-NON-TARGETED-THERAPY-361094	imperium_in_imperio	sapiens_qui_prospicit	barba_crescit_caput_nescit	Obedientia_civium_urbis_felicitas	143	300	Too Early	salus_in_arduis
non_targeted_therapy	CTDC-PARTICIPANT-288721	CTDC-NON-TARGETED-THERAPY-449386	nanos_gigantum_humeris_insidentes	faber_est_suae_quisque_fortunae	pace_tua	scientiae_et_patriae	942	430	Not Assessed	id_quod_plerumque_accidit
non_targeted_therapy	CTDC-PARTICIPANT-288721	CTDC-NON-TARGETED-THERAPY-604985	nanos_gigantum_humeris_insidentes	cacatum_non_est_pictum	barba_crescit_caput_nescit	nascentes_morimur_finisque_ab_origine_pendet	483	459	Less than partial response	Gallia_est_omnis_divisa_in_partes_tres
non_targeted_therapy	CTDC-PARTICIPANT-729998	CTDC-NON-TARGETED-THERAPY-146087	Macte_animo_Generose_puer_sic_itur_ad_astra	Gallia_est_omnis_divisa_in_partes_tres	sapiens_qui_prospicit	Obedientia_civium_urbis_felicitas	759	293	Unknown	nanos_gigantum_humeris_insidentes
non_targeted_therapy	CTDC-PARTICIPANT-729998	CTDC-NON-TARGETED-THERAPY-220456	nascentes_morimur_finisque_ab_origine_pendet	imperium_in_imperio	id_quod_plerumque_accidit	sapiens_qui_prospicit	921	755	Unknown	cacatum_non_est_pictum
non_targeted_therapy	CTDC-PARTICIPANT-375728	CTDC-NON-TARGETED-THERAPY-447535	Obedientia_civium_urbis_felicitas	saltus_in_demonstrando	barba_crescit_caput_nescit	imperium_in_imperio	615	789	Less than partial response	id_quod_plerumque_accidit
non_targeted_therapy	CTDC-PARTICIPANT-375728	CTDC-NON-TARGETED-THERAPY-842705	O_Tite_tute_Tati_tibi_tanta_tyranne_tulisti	scientia_imperii_decus_et_tutamen	faber_est_suae_quisque_fortunae	scientiae_cedit_mare	80	262	Complete Response	cacatum_non_est_pictum
non_targeted_therapy	CTDC-PARTICIPANT-887616	CTDC-NON-TARGETED-THERAPY-353307	labor_ipse_voluptas	nanos_gigantum_humeris_insidentes	faber_est_suae_quisque_fortunae	O_Tite_tute_Tati_tibi_tanta_tyranne_tulisti	661	463	Partial Response	barba_crescit_caput_nescit
non_targeted_therapy	CTDC-PARTICIPANT-887616	CTDC-NON-TARGETED-THERAPY-347303	labor_ipse_voluptas	Gallia_est_omnis_divisa_in_partes_tres	scientia,_aere_perennius	faber_est_suae_quisque_fortunae	395	488	Complete Response	sapiens_qui_prospicit
non_targeted_therapy	CTDC-PARTICIPANT-279150	CTDC-NON-TARGETED-THERAPY-505371	id_quod_plerumque_accidit	a_bene_placito	scientiae_cedit_mare	faber_est_suae_quisque_fortunae	614	210	Unknown	salus_in_arduis
non_targeted_therapy	CTDC-PARTICIPANT-279150	CTDC-NON-TARGETED-THERAPY-119780	haec_olim_meminisse_iuvabit	pace_tua	pace_tua	scientiae_et_patriae	657	699	Complete Response	cacatum_non_est_pictum
non_targeted_therapy	CTDC-PARTICIPANT-392542	CTDC-NON-TARGETED-THERAPY-934101	Gallia_est_omnis_divisa_in_partes_tres	Obedientia_civium_urbis_felicitas	scientia_et_labor	scientia_et_sapientia	911	946	Too Early	saltus_in_demonstrando
non_targeted_therapy	CTDC-PARTICIPANT-392542	CTDC-NON-TARGETED-THERAPY-165964	sapiens_qui_prospicit	id_quod_plerumque_accidit	scientiae_et_patriae	faber_est_suae_quisque_fortunae	353	187	Partial Response	damnant_quod_non_intellegunt
non_targeted_therapy	CTDC-PARTICIPANT-633499	CTDC-NON-TARGETED-THERAPY-597105	salus_in_arduis	damnant_quod_non_intellegunt	O_Tite_tute_Tati_tibi_tanta_tyranne_tulisti	a_bene_placito	223	650	Partial Response	scientiae_et_patriae
non_targeted_therapy	CTDC-PARTICIPANT-633499	CTDC-NON-TARGETED-THERAPY-752278	sapiens_qui_prospicit	Macte_animo_Generose_puer_sic_itur_ad_astra	O_Tite_tute_Tati_tibi_tanta_tyranne_tulisti	labor_ipse_voluptas	288	849	Stable Disease	nascentes_morimur_finisque_ab_origine_pendet
non_targeted_therapy	CTDC-PARTICIPANT-622867	CTDC-NON-TARGETED-THERAPY-973283	Gallia_est_omnis_divisa_in_partes_tres	labor_ipse_voluptas	barba_crescit_caput_nescit	pace_tua	894	264	Too Early	Gallia_est_omnis_divisa_in_partes_tres
non_targeted_therapy	CTDC-PARTICIPANT-622867	CTDC-NON-TARGETED-THERAPY-857952	nanos_gigantum_humeris_insidentes	Macte_animo_Generose_puer_sic_itur_ad_astra	Macte_animo_Generose_puer_sic_itur_ad_astra	nanos_gigantum_humeris_insidentes	472	866	Too Early	barba_crescit_caput_nescit
non_targeted_therapy	CTDC-PARTICIPANT-547611	CTDC-NON-TARGETED-THERAPY-911838	haec_olim_meminisse_iuvabit	scientia_et_sapientia	saltus_in_demonstrando	Gallia_est_omnis_divisa_in_partes_tres	711	116	Not Assessed	e_causa_ignota
non_targeted_therapy	CTDC-PARTICIPANT-547611	CTDC-NON-TARGETED-THERAPY-320435	sapiens_qui_prospicit	sapiens_qui_prospicit	scientiae_cedit_mare	scientiae_et_patriae	660	168	Partial Response	a_bene_placito
non_targeted_therapy	CTDC-PARTICIPANT-227215	CTDC-NON-TARGETED-THERAPY-630863	scientia,_aere_perennius	damnant_quod_non_intellegunt	labor_ipse_voluptas	faber_est_suae_quisque_fortunae	201	543	Less than partial response	haec_olim_meminisse_iuvabit
non_targeted_therapy	CTDC-PARTICIPANT-227215	CTDC-NON-TARGETED-THERAPY-298572	scientia_et_labor	nanos_gigantum_humeris_insidentes	a_bene_placito	faber_est_suae_quisque_fortunae	48	840	Stable Disease	scientiae_cedit_mare
non_targeted_therapy	CTDC-PARTICIPANT-667712	CTDC-NON-TARGETED-THERAPY-381369	nanos_gigantum_humeris_insidentes	faber_est_suae_quisque_fortunae	Obedientia_civium_urbis_felicitas	saltus_in_demonstrando	164	55	Complete Response	imperium_in_imperio
non_targeted_therapy	CTDC-PARTICIPANT-667712	CTDC-NON-TARGETED-THERAPY-868708	id_quod_plerumque_accidit	scientiae_et_patriae	id_quod_plerumque_accidit	salus_in_arduis	951	300	Stable Disease	labor_ipse_voluptas
non_targeted_therapy	CTDC-PARTICIPANT-264931	CTDC-NON-TARGETED-THERAPY-598203	barba_crescit_caput_nescit	imperium_in_imperio	imperium_in_imperio	cacatum_non_est_pictum	967	922	Partial Response	a_bene_placito
non_targeted_therapy	CTDC-PARTICIPANT-264931	CTDC-NON-TARGETED-THERAPY-592976	pace_tua	Macte_animo_Generose_puer_sic_itur_ad_astra	scientia,_aere_perennius	salus_in_arduis	884	260	Not Evaluable	id_quod_plerumque_accidit
non_targeted_therapy	CTDC-PARTICIPANT-966089	CTDC-NON-TARGETED-THERAPY-861427	scientia_et_sapientia	scientiae_et_patriae	nanos_gigantum_humeris_insidentes	nanos_gigantum_humeris_insidentes	827	580	Not Assessed	damnant_quod_non_intellegunt
non_targeted_therapy	CTDC-PARTICIPANT-966089	CTDC-NON-TARGETED-THERAPY-445593	Gallia_est_omnis_divisa_in_partes_tres	scientia_imperii_decus_et_tutamen	imperium_in_imperio	faber_est_suae_quisque_fortunae	561	398	Stable Disease	damnant_quod_non_intellegunt
non_targeted_therapy	CTDC-PARTICIPANT-762150	CTDC-NON-TARGETED-THERAPY-378265	salus_in_arduis	scientia_et_labor	scientia_et_labor	Obedientia_civium_urbis_felicitas	537	480	Stable Disease	Gallia_est_omnis_divisa_in_partes_tres
non_targeted_therapy	CTDC-PARTICIPANT-762150	CTDC-NON-TARGETED-THERAPY-684650	scientia_et_labor	labor_ipse_voluptas	barba_crescit_caput_nescit	nanos_gigantum_humeris_insidentes	24	384	Partial Response	saltus_in_demonstrando
non_targeted_therapy	CTDC-PARTICIPANT-727080	CTDC-NON-TARGETED-THERAPY-843624	barba_crescit_caput_nescit	scientia,_aere_perennius	damnant_quod_non_intellegunt	salus_in_arduis	603	69	Not Assessed	Macte_animo_Generose_puer_sic_itur_ad_astra
non_targeted_therapy	CTDC-PARTICIPANT-727080	CTDC-NON-TARGETED-THERAPY-441130	barba_crescit_caput_nescit	id_quod_plerumque_accidit	faber_est_suae_quisque_fortunae	haec_olim_meminisse_iuvabit	247	983	Less than partial response	scientia,_aere_perennius
non_targeted_therapy	CTDC-PARTICIPANT-763647	CTDC-NON-TARGETED-THERAPY-138368	a_bene_placito	labor_ipse_voluptas	scientiae_cedit_mare	scientiae_cedit_mare	372	874	Less than partial response	Macte_animo_Generose_puer_sic_itur_ad_astra
non_targeted_therapy	CTDC-PARTICIPANT-763647	CTDC-NON-TARGETED-THERAPY-342106	a_bene_placito	Obedientia_civium_urbis_felicitas	barba_crescit_caput_nescit	scientiae_et_patriae	845	972	Less than partial response	cacatum_non_est_pictum
non_targeted_therapy	CTDC-PARTICIPANT-754433	CTDC-NON-TARGETED-THERAPY-253008	scientia_imperii_decus_et_tutamen	Obedientia_civium_urbis_felicitas	e_causa_ignota	salus_in_arduis	813	489	Not Evaluable	scientia_imperii_decus_et_tutamen
non_targeted_therapy	CTDC-PARTICIPANT-754433	CTDC-NON-TARGETED-THERAPY-751660	barba_crescit_caput_nescit	scientia_et_sapientia	saltus_in_demonstrando	salus_in_arduis	743	799	Too Early	damnant_quod_non_intellegunt
non_targeted_therapy	CTDC-PARTICIPANT-872138	CTDC-NON-TARGETED-THERAPY-262012	faber_est_suae_quisque_fortunae	scientia,_aere_perennius	sapiens_qui_prospicit	sapiens_qui_prospicit	794	284	Too Early	e_causa_ignota
non_targeted_therapy	CTDC-PARTICIPANT-872138	CTDC-NON-TARGETED-THERAPY-936021	scientia_et_labor	imperium_in_imperio	scientia_et_sapientia	faber_est_suae_quisque_fortunae	775	364	Too Early	e_causa_ignota
non_targeted_therapy	CTDC-PARTICIPANT-845125	CTDC-NON-TARGETED-THERAPY-889700	nascentes_morimur_finisque_ab_origine_pendet	scientiae_cedit_mare	salus_in_arduis	sapiens_qui_prospicit	153	650	Partial Response	salus_in_arduis
non_targeted_therapy	CTDC-PARTICIPANT-845125	CTDC-NON-TARGETED-THERAPY-773138	pace_tua	saltus_in_demonstrando	labor_ipse_voluptas	cacatum_non_est_pictum	714	661	Not Assessed	Gallia_est_omnis_divisa_in_partes_tres
non_targeted_therapy	CTDC-PARTICIPANT-320493	CTDC-NON-TARGETED-THERAPY-765419	scientiae_cedit_mare	faber_est_suae_quisque_fortunae	O_Tite_tute_Tati_tibi_tanta_tyranne_tulisti	scientiae_et_patriae	889	219	Partial Response	saltus_in_demonstrando
non_targeted_therapy	CTDC-PARTICIPANT-320493	CTDC-NON-TARGETED-THERAPY-413960	pace_tua	pace_tua	scientia_imperii_decus_et_tutamen	sapiens_qui_prospicit	63	463	Not Evaluable	saltus_in_demonstrando
non_targeted_therapy	CTDC-PARTICIPANT-122513	CTDC-NON-TARGETED-THERAPY-825138	scientiae_cedit_mare	Gallia_est_omnis_divisa_in_partes_tres	imperium_in_imperio	Macte_animo_Generose_puer_sic_itur_ad_astra	459	361	Complete Response	Obedientia_civium_urbis_felicitas
non_targeted_therapy	CTDC-PARTICIPANT-122513	CTDC-NON-TARGETED-THERAPY-387573	sapiens_qui_prospicit	damnant_quod_non_intellegunt	faber_est_suae_quisque_fortunae	labor_ipse_voluptas	196	531	Stable Disease	Obedientia_civium_urbis_felicitas
non_targeted_therapy	CTDC-PARTICIPANT-317837	CTDC-NON-TARGETED-THERAPY-591073	salus_in_arduis	faber_est_suae_quisque_fortunae	salus_in_arduis	imperium_in_imperio	956	435	Too Early	id_quod_plerumque_accidit
non_targeted_therapy	CTDC-PARTICIPANT-317837	CTDC-NON-TARGETED-THERAPY-994012	haec_olim_meminisse_iuvabit	Gallia_est_omnis_divisa_in_partes_tres	id_quod_plerumque_accidit	sapiens_qui_prospicit	374	350	Partial Response	nascentes_morimur_finisque_ab_origine_pendet
non_targeted_therapy	CTDC-PARTICIPANT-252535	CTDC-NON-TARGETED-THERAPY-440486	damnant_quod_non_intellegunt	Gallia_est_omnis_divisa_in_partes_tres	Obedientia_civium_urbis_felicitas	Obedientia_civium_urbis_felicitas	633	974	Unknown	Macte_animo_Generose_puer_sic_itur_ad_astra
non_targeted_therapy	CTDC-PARTICIPANT-252535	CTDC-NON-TARGETED-THERAPY-461041	pace_tua	a_bene_placito	a_bene_placito	sapiens_qui_prospicit	252	879	Less than partial response	e_causa_ignota
non_targeted_therapy	CTDC-PARTICIPANT-546823	CTDC-NON-TARGETED-THERAPY-515318	scientiae_et_patriae	scientiae_et_patriae	scientiae_cedit_mare	salus_in_arduis	562	226	Unknown	a_bene_placito
non_targeted_therapy	CTDC-PARTICIPANT-546823	CTDC-NON-TARGETED-THERAPY-887980	O_Tite_tute_Tati_tibi_tanta_tyranne_tulisti	scientiae_et_patriae	cacatum_non_est_pictum	nanos_gigantum_humeris_insidentes	949	92	Complete Response	O_Tite_tute_Tati_tibi_tanta_tyranne_tulisti
non_targeted_therapy	CTDC-PARTICIPANT-600574	CTDC-NON-TARGETED-THERAPY-615257	salus_in_arduis	scientia_imperii_decus_et_tutamen	pace_tua	O_Tite_tute_Tati_tibi_tanta_tyranne_tulisti	870	253	Progressive Disease	scientia_et_sapientia
non_targeted_therapy	CTDC-PARTICIPANT-600574	CTDC-NON-TARGETED-THERAPY-540422	pace_tua	e_causa_ignota	scientiae_cedit_mare	Gallia_est_omnis_divisa_in_partes_tres	592	908	Too Early	e_causa_ignota
non_targeted_therapy	CTDC-PARTICIPANT-515350	CTDC-NON-TARGETED-THERAPY-636558	sapiens_qui_prospicit	Macte_animo_Generose_puer_sic_itur_ad_astra	Obedientia_civium_urbis_felicitas	scientia_et_labor	202	399	Not Evaluable	scientia_imperii_decus_et_tutamen
non_targeted_therapy	CTDC-PARTICIPANT-515350	CTDC-NON-TARGETED-THERAPY-895941	cacatum_non_est_pictum	scientia_et_labor	scientia,_aere_perennius	a_bene_placito	827	107	Partial Response	imperium_in_imperio
non_targeted_therapy	CTDC-PARTICIPANT-896368	CTDC-NON-TARGETED-THERAPY-416969	nascentes_morimur_finisque_ab_origine_pendet	scientia,_aere_perennius	imperium_in_imperio	Macte_animo_Generose_puer_sic_itur_ad_astra	621	556	Progressive Disease	scientia_et_sapientia
non_targeted_therapy	CTDC-PARTICIPANT-896368	CTDC-NON-TARGETED-THERAPY-145076	nascentes_morimur_finisque_ab_origine_pendet	damnant_quod_non_intellegunt	barba_crescit_caput_nescit	imperium_in_imperio	608	793	Partial Response	scientiae_et_patriae
non_targeted_therapy	CTDC-PARTICIPANT-362194	CTDC-NON-TARGETED-THERAPY-377042	scientia,_aere_perennius	scientia_et_sapientia	O_Tite_tute_Tati_tibi_tanta_tyranne_tulisti	imperium_in_imperio	862	959	Complete Response	imperium_in_imperio
non_targeted_therapy	CTDC-PARTICIPANT-362194	CTDC-NON-TARGETED-THERAPY-886997	pace_tua	O_Tite_tute_Tati_tibi_tanta_tyranne_tulisti	e_causa_ignota	pace_tua	775	273	Not Evaluable	haec_olim_meminisse_iuvabit
non_targeted_therapy	CTDC-PARTICIPANT-230105	CTDC-NON-TARGETED-THERAPY-358540	imperium_in_imperio	e_causa_ignota	imperium_in_imperio	scientiae_et_patriae	628	982	Not Assessed	cacatum_non_est_pictum
non_targeted_therapy	CTDC-PARTICIPANT-230105	CTDC-NON-TARGETED-THERAPY-935159	nanos_gigantum_humeris_insidentes	Gallia_est_omnis_divisa_in_partes_tres	Macte_animo_Generose_puer_sic_itur_ad_astra	faber_est_suae_quisque_fortunae	472	264	Unknown	sapiens_qui_prospicit
non_targeted_therapy	CTDC-PARTICIPANT-153310	CTDC-NON-TARGETED-THERAPY-526202	imperium_in_imperio	nanos_gigantum_humeris_insidentes	imperium_in_imperio	cacatum_non_est_pictum	565	400	Too Early	scientia_imperii_decus_et_tutamen
non_targeted_therapy	CTDC-PARTICIPANT-153310	CTDC-NON-TARGETED-THERAPY-158918	cacatum_non_est_pictum	O_Tite_tute_Tati_tibi_tanta_tyranne_tulisti	scientiae_et_patriae	labor_ipse_voluptas	250	191	Stable Disease	e_causa_ignota
non_targeted_therapy	CTDC-PARTICIPANT-579483	CTDC-NON-TARGETED-THERAPY-618160	damnant_quod_non_intellegunt	saltus_in_demonstrando	scientia_et_sapientia	barba_crescit_caput_nescit	348	660	Less than partial response	salus_in_arduis
non_targeted_therapy	CTDC-PARTICIPANT-579483	CTDC-NON-TARGETED-THERAPY-847954	scientiae_et_patriae	saltus_in_demonstrando	sapiens_qui_prospicit	scientiae_et_patriae	953	901	Stable Disease	scientia_et_labor
non_targeted_therapy	CTDC-PARTICIPANT-967644	CTDC-NON-TARGETED-THERAPY-712775	Gallia_est_omnis_divisa_in_partes_tres	saltus_in_demonstrando	pace_tua	labor_ipse_voluptas	262	243	Progressive Disease	cacatum_non_est_pictum
non_targeted_therapy	CTDC-PARTICIPANT-967644	CTDC-NON-TARGETED-THERAPY-480805	e_causa_ignota	scientiae_cedit_mare	damnant_quod_non_intellegunt	nascentes_morimur_finisque_ab_origine_pendet	735	319	Partial Response	scientia_imperii_decus_et_tutamen
non_targeted_therapy	CTDC-PARTICIPANT-779080	CTDC-NON-TARGETED-THERAPY-776721	salus_in_arduis	scientia,_aere_perennius	saltus_in_demonstrando	imperium_in_imperio	19	242	Stable Disease	e_causa_ignota
non_targeted_therapy	CTDC-PARTICIPANT-779080	CTDC-NON-TARGETED-THERAPY-200641	damnant_quod_non_intellegunt	faber_est_suae_quisque_fortunae	scientia_et_labor	saltus_in_demonstrando	870	63	Less than partial response	e_causa_ignota
non_targeted_therapy	CTDC-PARTICIPANT-385675	CTDC-NON-TARGETED-THERAPY-360511	e_causa_ignota	imperium_in_imperio	Gallia_est_omnis_divisa_in_partes_tres	salus_in_arduis	106	514	Stable Disease	haec_olim_meminisse_iuvabit
non_targeted_therapy	CTDC-PARTICIPANT-385675	CTDC-NON-TARGETED-THERAPY-876451	faber_est_suae_quisque_fortunae	pace_tua	Macte_animo_Generose_puer_sic_itur_ad_astra	salus_in_arduis	651	620	Stable Disease	Gallia_est_omnis_divisa_in_partes_tres
non_targeted_therapy	CTDC-PARTICIPANT-618008	CTDC-NON-TARGETED-THERAPY-953092	O_Tite_tute_Tati_tibi_tanta_tyranne_tulisti	imperium_in_imperio	haec_olim_meminisse_iuvabit	pace_tua	511	733	Stable Disease	e_causa_ignota
non_targeted_therapy	CTDC-PARTICIPANT-618008	CTDC-NON-TARGETED-THERAPY-356831	scientiae_et_patriae	Macte_animo_Generose_puer_sic_itur_ad_astra	nanos_gigantum_humeris_insidentes	scientia_imperii_decus_et_tutamen	161	636	Unknown	a_bene_placito
non_targeted_therapy	CTDC-PARTICIPANT-434022	CTDC-NON-TARGETED-THERAPY-546945	e_causa_ignota	id_quod_plerumque_accidit	labor_ipse_voluptas	scientia,_aere_perennius	540	233	Not Evaluable	barba_crescit_caput_nescit
non_targeted_therapy	CTDC-PARTICIPANT-434022	CTDC-NON-TARGETED-THERAPY-885612	pace_tua	id_quod_plerumque_accidit	Gallia_est_omnis_divisa_in_partes_tres	scientia_et_labor	358	306	Not Assessed	pace_tua
non_targeted_therapy	CTDC-PARTICIPANT-152891	CTDC-NON-TARGETED-THERAPY-970732	scientiae_cedit_mare	scientiae_et_patriae	e_causa_ignota	Macte_animo_Generose_puer_sic_itur_ad_astra	121	730	Unknown	barba_crescit_caput_nescit
non_targeted_therapy	CTDC-PARTICIPANT-152891	CTDC-NON-TARGETED-THERAPY-839155	nascentes_morimur_finisque_ab_origine_pendet	Gallia_est_omnis_divisa_in_partes_tres	sapiens_qui_prospicit	scientiae_et_patriae	755	808	Partial Response	labor_ipse_voluptas
non_targeted_therapy	CTDC-PARTICIPANT-563856	CTDC-NON-TARGETED-THERAPY-922659	id_quod_plerumque_accidit	pace_tua	salus_in_arduis	Gallia_est_omnis_divisa_in_partes_tres	314	281	Not Assessed	barba_crescit_caput_nescit
non_targeted_therapy	CTDC-PARTICIPANT-563856	CTDC-NON-TARGETED-THERAPY-376774	sapiens_qui_prospicit	scientiae_cedit_mare	damnant_quod_non_intellegunt	barba_crescit_caput_nescit	288	297	Too Early	a_bene_placito
non_targeted_therapy	CTDC-PARTICIPANT-633383	CTDC-NON-TARGETED-THERAPY-470360	cacatum_non_est_pictum	damnant_quod_non_intellegunt	Obedientia_civium_urbis_felicitas	imperium_in_imperio	533	973	Too Early	sapiens_qui_prospicit
non_targeted_therapy	CTDC-PARTICIPANT-633383	CTDC-NON-TARGETED-THERAPY-158187	id_quod_plerumque_accidit	scientia_et_sapientia	haec_olim_meminisse_iuvabit	barba_crescit_caput_nescit	82	683	Progressive Disease	e_causa_ignota
non_targeted_therapy	CTDC-PARTICIPANT-361715	CTDC-NON-TARGETED-THERAPY-931540	Obedientia_civium_urbis_felicitas	faber_est_suae_quisque_fortunae	sapiens_qui_prospicit	a_bene_placito	572	301	Not Assessed	O_Tite_tute_Tati_tibi_tanta_tyranne_tulisti
non_targeted_therapy	CTDC-PARTICIPANT-361715	CTDC-NON-TARGETED-THERAPY-983834	scientiae_cedit_mare	id_quod_plerumque_accidit	imperium_in_imperio	scientia_imperii_decus_et_tutamen	598	217	Complete Response	Macte_animo_Generose_puer_sic_itur_ad_astra
non_targeted_therapy	CTDC-PARTICIPANT-413496	CTDC-NON-TARGETED-THERAPY-933524	labor_ipse_voluptas	Gallia_est_omnis_divisa_in_partes_tres	labor_ipse_voluptas	scientia_et_sapientia	685	921	Not Assessed	faber_est_suae_quisque_fortunae
non_targeted_therapy	CTDC-PARTICIPANT-413496	CTDC-NON-TARGETED-THERAPY-443858	scientia_et_sapientia	e_causa_ignota	scientia_et_labor	damnant_quod_non_intellegunt	824	173	Too Early	scientia_et_sapientia
non_targeted_therapy	CTDC-PARTICIPANT-313976	CTDC-NON-TARGETED-THERAPY-881146	Macte_animo_Generose_puer_sic_itur_ad_astra	barba_crescit_caput_nescit	pace_tua	scientia_imperii_decus_et_tutamen	840	177	Complete Response	e_causa_ignota
non_targeted_therapy	CTDC-PARTICIPANT-313976	CTDC-NON-TARGETED-THERAPY-673906	a_bene_placito	haec_olim_meminisse_iuvabit	cacatum_non_est_pictum	scientia_et_sapientia	894	390	Complete Response	id_quod_plerumque_accidit
non_targeted_therapy	CTDC-PARTICIPANT-181398	CTDC-NON-TARGETED-THERAPY-799338	pace_tua	scientia_et_labor	scientiae_et_patriae	scientia_et_sapientia	638	897	Unknown	scientia_imperii_decus_et_tutamen
non_targeted_therapy	CTDC-PARTICIPANT-181398	CTDC-NON-TARGETED-THERAPY-481415	nascentes_morimur_finisque_ab_origine_pendet	scientia_et_labor	labor_ipse_voluptas	pace_tua	568	106	Partial Response	scientia,_aere_perennius
non_targeted_therapy	CTDC-PARTICIPANT-541713	CTDC-NON-TARGETED-THERAPY-137368	scientia_et_labor	scientiae_cedit_mare	labor_ipse_voluptas	sapiens_qui_prospicit	870	324	Not Assessed	damnant_quod_non_intellegunt
non_targeted_therapy	CTDC-PARTICIPANT-541713	CTDC-NON-TARGETED-THERAPY-986651	saltus_in_demonstrando	haec_olim_meminisse_iuvabit	pace_tua	scientiae_cedit_mare	399	625	Not Evaluable	Gallia_est_omnis_divisa_in_partes_tres
non_targeted_therapy	CTDC-PARTICIPANT-375128	CTDC-NON-TARGETED-THERAPY-510706	salus_in_arduis	sapiens_qui_prospicit	a_bene_placito	Macte_animo_Generose_puer_sic_itur_ad_astra	403	350	Partial Response	scientia_et_sapientia
non_targeted_therapy	CTDC-PARTICIPANT-375128	CTDC-NON-TARGETED-THERAPY-674515	saltus_in_demonstrando	saltus_in_demonstrando	damnant_quod_non_intellegunt	saltus_in_demonstrando	987	513	Not Evaluable	O_Tite_tute_Tati_tibi_tanta_tyranne_tulisti
non_targeted_therapy	CTDC-PARTICIPANT-935764	CTDC-NON-TARGETED-THERAPY-992224	imperium_in_imperio	salus_in_arduis	damnant_quod_non_intellegunt	nanos_gigantum_humeris_insidentes	469	555	Progressive Disease	saltus_in_demonstrando
non_targeted_therapy	CTDC-PARTICIPANT-935764	CTDC-NON-TARGETED-THERAPY-726403	scientia_imperii_decus_et_tutamen	salus_in_arduis	imperium_in_imperio	scientia_imperii_decus_et_tutamen	68	590	Unknown	pace_tua
non_targeted_therapy	CTDC-PARTICIPANT-642396	CTDC-NON-TARGETED-THERAPY-189111	e_causa_ignota	nanos_gigantum_humeris_insidentes	barba_crescit_caput_nescit	damnant_quod_non_intellegunt	34	734	Not Assessed	O_Tite_tute_Tati_tibi_tanta_tyranne_tulisti
non_targeted_therapy	CTDC-PARTICIPANT-642396	CTDC-NON-TARGETED-THERAPY-120825	Gallia_est_omnis_divisa_in_partes_tres	scientia,_aere_perennius	scientia,_aere_perennius	cacatum_non_est_pictum	587	24	Not Assessed	Macte_animo_Generose_puer_sic_itur_ad_astra
non_targeted_therapy	CTDC-PARTICIPANT-965342	CTDC-NON-TARGETED-THERAPY-783304	imperium_in_imperio	a_bene_placito	damnant_quod_non_intellegunt	labor_ipse_voluptas	188	874	Complete Response	saltus_in_demonstrando
non_targeted_therapy	CTDC-PARTICIPANT-965342	CTDC-NON-TARGETED-THERAPY-492048	scientia_et_labor	scientia_et_labor	nascentes_morimur_finisque_ab_origine_pendet	O_Tite_tute_Tati_tibi_tanta_tyranne_tulisti	218	894	Progressive Disease	imperium_in_imperio
non_targeted_therapy	CTDC-PARTICIPANT-515838	CTDC-NON-TARGETED-THERAPY-389806	pace_tua	id_quod_plerumque_accidit	damnant_quod_non_intellegunt	haec_olim_meminisse_iuvabit	60	194	Not Assessed	nanos_gigantum_humeris_insidentes
non_targeted_therapy	CTDC-PARTICIPANT-515838	CTDC-NON-TARGETED-THERAPY-381870	O_Tite_tute_Tati_tibi_tanta_tyranne_tulisti	scientiae_et_patriae	Macte_animo_Generose_puer_sic_itur_ad_astra	labor_ipse_voluptas	798	398	Complete Response	sapiens_qui_prospicit
non_targeted_therapy	CTDC-PARTICIPANT-246630	CTDC-NON-TARGETED-THERAPY-299977	Gallia_est_omnis_divisa_in_partes_tres	nanos_gigantum_humeris_insidentes	cacatum_non_est_pictum	cacatum_non_est_pictum	518	778	Progressive Disease	imperium_in_imperio
non_targeted_therapy	CTDC-PARTICIPANT-246630	CTDC-NON-TARGETED-THERAPY-228130	sapiens_qui_prospicit	scientia_et_sapientia	nascentes_morimur_finisque_ab_origine_pendet	Macte_animo_Generose_puer_sic_itur_ad_astra	695	223	Complete Response	pace_tua
non_targeted_therapy	CTDC-PARTICIPANT-914906	CTDC-NON-TARGETED-THERAPY-418475	nanos_gigantum_humeris_insidentes	cacatum_non_est_pictum	faber_est_suae_quisque_fortunae	Obedientia_civium_urbis_felicitas	985	398	Unknown	labor_ipse_voluptas
non_targeted_therapy	CTDC-PARTICIPANT-914906	CTDC-NON-TARGETED-THERAPY-711239	scientia,_aere_perennius	nascentes_morimur_finisque_ab_origine_pendet	saltus_in_demonstrando	barba_crescit_caput_nescit	141	405	Less than partial response	scientia_et_labor
non_targeted_therapy	CTDC-PARTICIPANT-996697	CTDC-NON-TARGETED-THERAPY-675766	saltus_in_demonstrando	scientiae_et_patriae	Gallia_est_omnis_divisa_in_partes_tres	faber_est_suae_quisque_fortunae	795	440	Not Evaluable	a_bene_placito
non_targeted_therapy	CTDC-PARTICIPANT-996697	CTDC-NON-TARGETED-THERAPY-217786	O_Tite_tute_Tati_tibi_tanta_tyranne_tulisti	haec_olim_meminisse_iuvabit	damnant_quod_non_intellegunt	imperium_in_imperio	846	772	Not Evaluable	scientiae_et_patriae
non_targeted_therapy	CTDC-PARTICIPANT-990858	CTDC-NON-TARGETED-THERAPY-190326	sapiens_qui_prospicit	Obedientia_civium_urbis_felicitas	saltus_in_demonstrando	pace_tua	574	914	Not Assessed	scientia_et_labor
non_targeted_therapy	CTDC-PARTICIPANT-990858	CTDC-NON-TARGETED-THERAPY-649039	scientiae_cedit_mare	damnant_quod_non_intellegunt	barba_crescit_caput_nescit	pace_tua	922	66	Not Assessed	scientia,_aere_perennius
non_targeted_therapy	CTDC-PARTICIPANT-311756	CTDC-NON-TARGETED-THERAPY-962953	scientiae_cedit_mare	sapiens_qui_prospicit	barba_crescit_caput_nescit	scientia_et_sapientia	395	209	Not Assessed	id_quod_plerumque_accidit
non_targeted_therapy	CTDC-PARTICIPANT-311756	CTDC-NON-TARGETED-THERAPY-208127	scientia,_aere_perennius	id_quod_plerumque_accidit	pace_tua	Obedientia_civium_urbis_felicitas	913	72	Not Evaluable	faber_est_suae_quisque_fortunae
non_targeted_therapy	CTDC-PARTICIPANT-998159	CTDC-NON-TARGETED-THERAPY-828004	haec_olim_meminisse_iuvabit	scientiae_et_patriae	imperium_in_imperio	a_bene_placito	139	568	Less than partial response	O_Tite_tute_Tati_tibi_tanta_tyranne_tulisti
non_targeted_therapy	CTDC-PARTICIPANT-998159	CTDC-NON-TARGETED-THERAPY-475048	damnant_quod_non_intellegunt	nanos_gigantum_humeris_insidentes	scientia_imperii_decus_et_tutamen	e_causa_ignota	119	314	Complete Response	e_causa_ignota
non_targeted_therapy	CTDC-PARTICIPANT-619107	CTDC-NON-TARGETED-THERAPY-359649	labor_ipse_voluptas	e_causa_ignota	id_quod_plerumque_accidit	scientia_et_labor	32	875	Not Evaluable	e_causa_ignota
non_targeted_therapy	CTDC-PARTICIPANT-619107	CTDC-NON-TARGETED-THERAPY-169717	pace_tua	salus_in_arduis	damnant_quod_non_intellegunt	pace_tua	704	551	Not Evaluable	scientia_et_labor
non_targeted_therapy	CTDC-PARTICIPANT-967168	CTDC-NON-TARGETED-THERAPY-301222	scientia_et_labor	damnant_quod_non_intellegunt	O_Tite_tute_Tati_tibi_tanta_tyranne_tulisti	e_causa_ignota	774	566	Complete Response	id_quod_plerumque_accidit
non_targeted_therapy	CTDC-PARTICIPANT-967168	CTDC-NON-TARGETED-THERAPY-274630	O_Tite_tute_Tati_tibi_tanta_tyranne_tulisti	salus_in_arduis	id_quod_plerumque_accidit	scientia,_aere_perennius	414	571	Stable Disease	damnant_quod_non_intellegunt
non_targeted_therapy	CTDC-PARTICIPANT-459821	CTDC-NON-TARGETED-THERAPY-952219	scientiae_cedit_mare	saltus_in_demonstrando	id_quod_plerumque_accidit	saltus_in_demonstrando	12	461	Not Assessed	pace_tua
non_targeted_therapy	CTDC-PARTICIPANT-459821	CTDC-NON-TARGETED-THERAPY-517800	scientia_et_sapientia	pace_tua	saltus_in_demonstrando	e_causa_ignota	475	767	Stable Disease	salus_in_arduis
non_targeted_therapy	CTDC-PARTICIPANT-828023	CTDC-NON-TARGETED-THERAPY-898299	nanos_gigantum_humeris_insidentes	nascentes_morimur_finisque_ab_origine_pendet	labor_ipse_voluptas	faber_est_suae_quisque_fortunae	894	397	Unknown	a_bene_placito
non_targeted_therapy	CTDC-PARTICIPANT-828023	CTDC-NON-TARGETED-THERAPY-236972	pace_tua	Gallia_est_omnis_divisa_in_partes_tres	Gallia_est_omnis_divisa_in_partes_tres	sapiens_qui_prospicit	766	52	Unknown	scientiae_cedit_mare
non_targeted_therapy	CTDC-PARTICIPANT-712034	CTDC-NON-TARGETED-THERAPY-197923	haec_olim_meminisse_iuvabit	a_bene_placito	labor_ipse_voluptas	cacatum_non_est_pictum	573	333	Not Assessed	e_causa_ignota
non_targeted_therapy	CTDC-PARTICIPANT-712034	CTDC-NON-TARGETED-THERAPY-627629	nascentes_morimur_finisque_ab_origine_pendet	scientia_et_labor	pace_tua	O_Tite_tute_Tati_tibi_tanta_tyranne_tulisti	626	227	Progressive Disease	salus_in_arduis
non_targeted_therapy	CTDC-PARTICIPANT-462972	CTDC-NON-TARGETED-THERAPY-637504	Macte_animo_Generose_puer_sic_itur_ad_astra	cacatum_non_est_pictum	barba_crescit_caput_nescit	e_causa_ignota	664	663	Unknown	sapiens_qui_prospicit
non_targeted_therapy	CTDC-PARTICIPANT-462972	CTDC-NON-TARGETED-THERAPY-413249	Macte_animo_Generose_puer_sic_itur_ad_astra	faber_est_suae_quisque_fortunae	Obedientia_civium_urbis_felicitas	damnant_quod_non_intellegunt	847	300	Partial Response	a_bene_placito
non_targeted_therapy	CTDC-PARTICIPANT-312749	CTDC-NON-TARGETED-THERAPY-186129	imperium_in_imperio	damnant_quod_non_intellegunt	pace_tua	scientia_imperii_decus_et_tutamen	774	274	Unknown	damnant_quod_non_intellegunt
non_targeted_therapy	CTDC-PARTICIPANT-312749	CTDC-NON-TARGETED-THERAPY-723332	scientiae_et_patriae	imperium_in_imperio	scientiae_et_patriae	e_causa_ignota	895	371	Complete Response	O_Tite_tute_Tati_tibi_tanta_tyranne_tulisti
non_targeted_therapy	CTDC-PARTICIPANT-990328	CTDC-NON-TARGETED-THERAPY-399637	nascentes_morimur_finisque_ab_origine_pendet	nanos_gigantum_humeris_insidentes	a_bene_placito	haec_olim_meminisse_iuvabit	381	395	Less than partial response	Obedientia_civium_urbis_felicitas
non_targeted_therapy	CTDC-PARTICIPANT-990328	CTDC-NON-TARGETED-THERAPY-742156	faber_est_suae_quisque_fortunae	imperium_in_imperio	scientia,_aere_perennius	id_quod_plerumque_accidit	224	425	Unknown	imperium_in_imperio
non_targeted_therapy	CTDC-PARTICIPANT-310032	CTDC-NON-TARGETED-THERAPY-876874	nanos_gigantum_humeris_insidentes	haec_olim_meminisse_iuvabit	barba_crescit_caput_nescit	haec_olim_meminisse_iuvabit	554	954	Progressive Disease	sapiens_qui_prospicit
non_targeted_therapy	CTDC-PARTICIPANT-310032	CTDC-NON-TARGETED-THERAPY-560776	scientiae_et_patriae	nanos_gigantum_humeris_insidentes	e_causa_ignota	faber_est_suae_quisque_fortunae	350	631	Progressive Disease	Obedientia_civium_urbis_felicitas
non_targeted_therapy	CTDC-PARTICIPANT-454476	CTDC-NON-TARGETED-THERAPY-719371	scientiae_cedit_mare	O_Tite_tute_Tati_tibi_tanta_tyranne_tulisti	nanos_gigantum_humeris_insidentes	scientia_imperii_decus_et_tutamen	581	715	Unknown	scientia_et_sapientia
non_targeted_therapy	CTDC-PARTICIPANT-454476	CTDC-NON-TARGETED-THERAPY-255425	damnant_quod_non_intellegunt	barba_crescit_caput_nescit	imperium_in_imperio	Obedientia_civium_urbis_felicitas	410	836	Partial Response	scientia_et_labor
non_targeted_therapy	CTDC-PARTICIPANT-647057	CTDC-NON-TARGETED-THERAPY-381426	e_causa_ignota	id_quod_plerumque_accidit	faber_est_suae_quisque_fortunae	scientiae_cedit_mare	374	898	Less than partial response	nascentes_morimur_finisque_ab_origine_pendet
non_targeted_therapy	CTDC-PARTICIPANT-647057	CTDC-NON-TARGETED-THERAPY-612232	cacatum_non_est_pictum	O_Tite_tute_Tati_tibi_tanta_tyranne_tulisti	salus_in_arduis	pace_tua	606	935	Partial Response	faber_est_suae_quisque_fortunae
non_targeted_therapy	CTDC-PARTICIPANT-732783	CTDC-NON-TARGETED-THERAPY-502718	salus_in_arduis	damnant_quod_non_intellegunt	scientia_et_sapientia	Macte_animo_Generose_puer_sic_itur_ad_astra	607	918	Less than partial response	labor_ipse_voluptas
non_targeted_therapy	CTDC-PARTICIPANT-732783	CTDC-NON-TARGETED-THERAPY-693151	O_Tite_tute_Tati_tibi_tanta_tyranne_tulisti	imperium_in_imperio	faber_est_suae_quisque_fortunae	nanos_gigantum_humeris_insidentes	370	28	Too Early	a_bene_placito
non_targeted_therapy	CTDC-PARTICIPANT-647189	CTDC-NON-TARGETED-THERAPY-962207	id_quod_plerumque_accidit	cacatum_non_est_pictum	saltus_in_demonstrando	faber_est_suae_quisque_fortunae	170	72	Not Assessed	a_bene_placito
non_targeted_therapy	CTDC-PARTICIPANT-647189	CTDC-NON-TARGETED-THERAPY-923331	labor_ipse_voluptas	id_quod_plerumque_accidit	a_bene_placito	scientia,_aere_perennius	466	617	Less than partial response	scientia_et_labor
non_targeted_therapy	CTDC-PARTICIPANT-676963	CTDC-NON-TARGETED-THERAPY-810873	nascentes_morimur_finisque_ab_origine_pendet	imperium_in_imperio	nanos_gigantum_humeris_insidentes	Gallia_est_omnis_divisa_in_partes_tres	632	904	Complete Response	O_Tite_tute_Tati_tibi_tanta_tyranne_tulisti
non_targeted_therapy	CTDC-PARTICIPANT-676963	CTDC-NON-TARGETED-THERAPY-671621	scientia_et_labor	labor_ipse_voluptas	O_Tite_tute_Tati_tibi_tanta_tyranne_tulisti	barba_crescit_caput_nescit	235	606	Stable Disease	haec_olim_meminisse_iuvabit
non_targeted_therapy	CTDC-PARTICIPANT-971299	CTDC-NON-TARGETED-THERAPY-134085	barba_crescit_caput_nescit	e_causa_ignota	faber_est_suae_quisque_fortunae	e_causa_ignota	89	587	Not Assessed	nascentes_morimur_finisque_ab_origine_pendet
non_targeted_therapy	CTDC-PARTICIPANT-971299	CTDC-NON-TARGETED-THERAPY-636736	cacatum_non_est_pictum	scientia_imperii_decus_et_tutamen	labor_ipse_voluptas	saltus_in_demonstrando	193	206	Less than partial response	O_Tite_tute_Tati_tibi_tanta_tyranne_tulisti
non_targeted_therapy	CTDC-PARTICIPANT-888011	CTDC-NON-TARGETED-THERAPY-422746	e_causa_ignota	sapiens_qui_prospicit	O_Tite_tute_Tati_tibi_tanta_tyranne_tulisti	O_Tite_tute_Tati_tibi_tanta_tyranne_tulisti	119	466	Stable Disease	nascentes_morimur_finisque_ab_origine_pendet
non_targeted_therapy	CTDC-PARTICIPANT-888011	CTDC-NON-TARGETED-THERAPY-639478	scientia,_aere_perennius	damnant_quod_non_intellegunt	pace_tua	faber_est_suae_quisque_fortunae	384	416	Unknown	imperium_in_imperio
non_targeted_therapy	CTDC-PARTICIPANT-836519	CTDC-NON-TARGETED-THERAPY-927711	saltus_in_demonstrando	scientia_et_labor	barba_crescit_caput_nescit	scientia_et_labor	230	298	Progressive Disease	scientiae_et_patriae
non_targeted_therapy	CTDC-PARTICIPANT-836519	CTDC-NON-TARGETED-THERAPY-303188	salus_in_arduis	a_bene_placito	id_quod_plerumque_accidit	damnant_quod_non_intellegunt	281	547	Progressive Disease	scientiae_cedit_mare
non_targeted_therapy	CTDC-PARTICIPANT-699815	CTDC-NON-TARGETED-THERAPY-618330	nanos_gigantum_humeris_insidentes	scientia,_aere_perennius	sapiens_qui_prospicit	nanos_gigantum_humeris_insidentes	161	741	Progressive Disease	a_bene_placito
non_targeted_therapy	CTDC-PARTICIPANT-699815	CTDC-NON-TARGETED-THERAPY-272685	pace_tua	faber_est_suae_quisque_fortunae	imperium_in_imperio	barba_crescit_caput_nescit	843	403	Complete Response	saltus_in_demonstrando
non_targeted_therapy	CTDC-PARTICIPANT-184105	CTDC-NON-TARGETED-THERAPY-403654	pace_tua	faber_est_suae_quisque_fortunae	haec_olim_meminisse_iuvabit	pace_tua	12	601	Too Early	nanos_gigantum_humeris_insidentes
non_targeted_therapy	CTDC-PARTICIPANT-184105	CTDC-NON-TARGETED-THERAPY-442882	sapiens_qui_prospicit	scientiae_et_patriae	scientia_et_sapientia	Obedientia_civium_urbis_felicitas	224	898	Partial Response	a_bene_placito
non_targeted_therapy	CTDC-PARTICIPANT-698815	CTDC-NON-TARGETED-THERAPY-804388	Gallia_est_omnis_divisa_in_partes_tres	nascentes_morimur_finisque_ab_origine_pendet	salus_in_arduis	labor_ipse_voluptas	317	204	Complete Response	Obedientia_civium_urbis_felicitas
non_targeted_therapy	CTDC-PARTICIPANT-698815	CTDC-NON-TARGETED-THERAPY-738933	barba_crescit_caput_nescit	O_Tite_tute_Tati_tibi_tanta_tyranne_tulisti	nascentes_morimur_finisque_ab_origine_pendet	damnant_quod_non_intellegunt	529	862	Partial Response	e_causa_ignota
non_targeted_therapy	CTDC-PARTICIPANT-882747	CTDC-NON-TARGETED-THERAPY-537240	id_quod_plerumque_accidit	saltus_in_demonstrando	damnant_quod_non_intellegunt	scientia_et_sapientia	134	461	Not Evaluable	scientiae_et_patriae
non_targeted_therapy	CTDC-PARTICIPANT-882747	CTDC-NON-TARGETED-THERAPY-352899	scientia_imperii_decus_et_tutamen	scientia_et_labor	scientia_imperii_decus_et_tutamen	cacatum_non_est_pictum	93	768	Progressive Disease	nascentes_morimur_finisque_ab_origine_pendet
non_targeted_therapy	CTDC-PARTICIPANT-786561	CTDC-NON-TARGETED-THERAPY-608717	scientia,_aere_perennius	damnant_quod_non_intellegunt	saltus_in_demonstrando	Macte_animo_Generose_puer_sic_itur_ad_astra	790	33	Not Assessed	nascentes_morimur_finisque_ab_origine_pendet
non_targeted_therapy	CTDC-PARTICIPANT-786561	CTDC-NON-TARGETED-THERAPY-184428	scientia_imperii_decus_et_tutamen	nanos_gigantum_humeris_insidentes	saltus_in_demonstrando	e_causa_ignota	674	786	Unknown	sapiens_qui_prospicit
non_targeted_therapy	CTDC-PARTICIPANT-867798	CTDC-NON-TARGETED-THERAPY-687666	haec_olim_meminisse_iuvabit	Macte_animo_Generose_puer_sic_itur_ad_astra	nascentes_morimur_finisque_ab_origine_pendet	salus_in_arduis	418	397	Partial Response	salus_in_arduis
non_targeted_therapy	CTDC-PARTICIPANT-867798	CTDC-NON-TARGETED-THERAPY-872189	O_Tite_tute_Tati_tibi_tanta_tyranne_tulisti	Macte_animo_Generose_puer_sic_itur_ad_astra	salus_in_arduis	Macte_animo_Generose_puer_sic_itur_ad_astra	932	871	Too Early	salus_in_arduis
non_targeted_therapy	CTDC-PARTICIPANT-392396	CTDC-NON-TARGETED-THERAPY-606391	haec_olim_meminisse_iuvabit	barba_crescit_caput_nescit	scientiae_cedit_mare	O_Tite_tute_Tati_tibi_tanta_tyranne_tulisti	56	950	Not Assessed	barba_crescit_caput_nescit
non_targeted_therapy	CTDC-PARTICIPANT-392396	CTDC-NON-TARGETED-THERAPY-856637	O_Tite_tute_Tati_tibi_tanta_tyranne_tulisti	Macte_animo_Generose_puer_sic_itur_ad_astra	scientiae_et_patriae	scientia_et_sapientia	759	283	Progressive Disease	faber_est_suae_quisque_fortunae
