type	participant.participant_id	participant_status_record_id	survival_status	primary_cause_of_death	off_study	off_study_reason	crdc_id
participant_status	CTDC-PARTICIPANT-255086	CTDC-PARTICIPANT-STATUS-806402	Dead	damnant_quod_non_intellegunt	No	MET ELIGIBILITY CRITERIA BUT NOT NEEDED	scientiae_et_patriae
participant_status	CTDC-PARTICIPANT-214681	CTDC-PARTICIPANT-STATUS-467453	ALIVE	a_bene_placito	Yes	RANDOMIZED BY MISTAKE WITH STUDY TREATMENT	salus_in_arduis
participant_status	CTDC-PARTICIPANT-660575	CTDC-PARTICIPANT-STATUS-738734	DEAD	imperium_in_imperio	Yes	NO LONGER CLINICALLY BENEFITING	scientia_imperii_decus_et_tutamen
participant_status	CTDC-PARTICIPANT-518364	CTDC-PARTICIPANT-STATUS-890201	Alive with Disease	nascentes_morimur_finisque_ab_origine_pendet	Unknown	SCREENING NOT COMPLETED	barba_crescit_caput_nescit
participant_status	CTDC-PARTICIPANT-701612	CTDC-PARTICIPANT-STATUS-872120	Alive, Disease Status Unknown	salus_in_arduis	Unknown	FAILURE TO MEET CONTINUATION CRITERIA	imperium_in_imperio
participant_status	CTDC-PARTICIPANT-637495	CTDC-PARTICIPANT-STATUS-872003	Dead	pace_tua	Yes	SCREEN FAILURE	e_causa_ignota
participant_status	CTDC-PARTICIPANT-390274	CTDC-PARTICIPANT-STATUS-436797	ALIVE	Obedientia_civium_urbis_felicitas	Unknown	PROTOCOL-SPECIFIED WITHDRAWAL CRITERION MET	imperium_in_imperio
participant_status	CTDC-PARTICIPANT-605060	CTDC-PARTICIPANT-STATUS-219551	Alive, Disease Status Unknown	scientia_imperii_decus_et_tutamen	No	PARTNER PREGNANCY	Obedientia_civium_urbis_felicitas
participant_status	CTDC-PARTICIPANT-955678	CTDC-PARTICIPANT-STATUS-182521	Dead	scientiae_cedit_mare	Yes	ADVERSE EVENT	O_Tite_tute_Tati_tibi_tanta_tyranne_tulisti
participant_status	CTDC-PARTICIPANT-787508	CTDC-PARTICIPANT-STATUS-897276	Alive with Disease	barba_crescit_caput_nescit	No	NON-COMPLIANCE WITH STUDY DRUG	Obedientia_civium_urbis_felicitas
participant_status	CTDC-PARTICIPANT-796466	CTDC-PARTICIPANT-STATUS-734868	Dead	nascentes_morimur_finisque_ab_origine_pendet	Unknown	STUDY TERMINATED BY SPONSOR	saltus_in_demonstrando
participant_status	CTDC-PARTICIPANT-249606	CTDC-PARTICIPANT-STATUS-476509	Alive, Disease Status Unknown	scientia_et_sapientia	No	SCREEN FAILURE	Macte_animo_Generose_puer_sic_itur_ad_astra
participant_status	CTDC-PARTICIPANT-829468	CTDC-PARTICIPANT-STATUS-210604	Alive with Disease	O_Tite_tute_Tati_tibi_tanta_tyranne_tulisti	No	LOGISTICAL PROBLEM	sapiens_qui_prospicit
participant_status	CTDC-PARTICIPANT-797911	CTDC-PARTICIPANT-STATUS-121617	ALIVE	sapiens_qui_prospicit	No	NON-COMPLIANCE WITH NON-STUDY DEVICE	e_causa_ignota
participant_status	CTDC-PARTICIPANT-928561	CTDC-PARTICIPANT-STATUS-903863	UNKNOWN	id_quod_plerumque_accidit	Unknown	MET ELIGIBILITY CRITERIA BUT NOT NEEDED	imperium_in_imperio
participant_status	CTDC-PARTICIPANT-954478	CTDC-PARTICIPANT-STATUS-172542	Dead	a_bene_placito	Unknown	SCREEN FAILURE	a_bene_placito
participant_status	CTDC-PARTICIPANT-386570	CTDC-PARTICIPANT-STATUS-624458	Alive with No Evidence of Disease	scientia,_aere_perennius	Unknown	COMPLETED	Macte_animo_Generose_puer_sic_itur_ad_astra
participant_status	CTDC-PARTICIPANT-761014	CTDC-PARTICIPANT-STATUS-849688	UNKNOWN	labor_ipse_voluptas	Yes	WITHDRAWAL OF ASSENT	cacatum_non_est_pictum
participant_status	CTDC-PARTICIPANT-627536	CTDC-PARTICIPANT-STATUS-837409	ALIVE	Gallia_est_omnis_divisa_in_partes_tres	Unknown	OTHER	damnant_quod_non_intellegunt
participant_status	CTDC-PARTICIPANT-282263	CTDC-PARTICIPANT-STATUS-831911	Dead	e_causa_ignota	Unknown	COMPLETED	haec_olim_meminisse_iuvabit
participant_status	CTDC-PARTICIPANT-688099	CTDC-PARTICIPANT-STATUS-234039	Dead	e_causa_ignota	No	LACK OF EFFICACY	scientiae_et_patriae
participant_status	CTDC-PARTICIPANT-939913	CTDC-PARTICIPANT-STATUS-229846	Alive with Disease	Obedientia_civium_urbis_felicitas	No	FAILURE TO MEET RANDOMIZATION CRITERIA	Macte_animo_Generose_puer_sic_itur_ad_astra
participant_status	CTDC-PARTICIPANT-539346	CTDC-PARTICIPANT-STATUS-557125	Alive, Disease Status Unknown	a_bene_placito	No	NEVER DOSED	imperium_in_imperio
participant_status	CTDC-PARTICIPANT-246150	CTDC-PARTICIPANT-STATUS-263508	UNKNOWN	saltus_in_demonstrando	Unknown	DISEASE RELAPSE	scientia,_aere_perennius
participant_status	CTDC-PARTICIPANT-570246	CTDC-PARTICIPANT-STATUS-928805	Alive, Disease Status Unknown	barba_crescit_caput_nescit	No	DEATH	e_causa_ignota
participant_status	CTDC-PARTICIPANT-291591	CTDC-PARTICIPANT-STATUS-122946	Dead	saltus_in_demonstrando	Unknown	REQUIRES PROHIBITED MEDICATION	pace_tua
participant_status	CTDC-PARTICIPANT-940083	CTDC-PARTICIPANT-STATUS-260899	Alive with No Evidence of Disease	saltus_in_demonstrando	Unknown	RANDOMIZED BY MISTAKE WITHOUT STUDY TREATMENT	labor_ipse_voluptas
participant_status	CTDC-PARTICIPANT-626731	CTDC-PARTICIPANT-STATUS-973638	Dead	imperium_in_imperio	No	SITE TERMINATED BY SPONSOR	a_bene_placito
participant_status	CTDC-PARTICIPANT-652301	CTDC-PARTICIPANT-STATUS-163693	UNKNOWN	salus_in_arduis	No	RECOVERY	nascentes_morimur_finisque_ab_origine_pendet
participant_status	CTDC-PARTICIPANT-491260	CTDC-PARTICIPANT-STATUS-970090	Alive, Disease Status Unknown	Gallia_est_omnis_divisa_in_partes_tres	No	FAILURE TO MEET CONTINUATION CRITERIA	damnant_quod_non_intellegunt
participant_status	CTDC-PARTICIPANT-761432	CTDC-PARTICIPANT-STATUS-913407	ALIVE	Obedientia_civium_urbis_felicitas	Yes	RANDOMIZED BY MISTAKE	e_causa_ignota
participant_status	CTDC-PARTICIPANT-352043	CTDC-PARTICIPANT-STATUS-782376	DEAD	scientia_et_labor	No	STUDY TERMINATED BY SPONSOR	scientiae_et_patriae
participant_status	CTDC-PARTICIPANT-828608	CTDC-PARTICIPANT-STATUS-383913	UNKNOWN	e_causa_ignota	Yes	COMPLETED	faber_est_suae_quisque_fortunae
participant_status	CTDC-PARTICIPANT-232321	CTDC-PARTICIPANT-STATUS-501765	UNKNOWN	a_bene_placito	Yes	RANDOMIZED BY MISTAKE	a_bene_placito
participant_status	CTDC-PARTICIPANT-733066	CTDC-PARTICIPANT-STATUS-618322	ALIVE	scientia_et_sapientia	No	RANDOMIZED BY MISTAKE	a_bene_placito
participant_status	CTDC-PARTICIPANT-428219	CTDC-PARTICIPANT-STATUS-895984	Alive with Disease	scientia_et_sapientia	Yes	PROGRESSIVE DISEASE	scientia_et_sapientia
participant_status	CTDC-PARTICIPANT-215053	CTDC-PARTICIPANT-STATUS-864832	Alive, Disease Status Unknown	faber_est_suae_quisque_fortunae	Unknown	STUDY TERMINATED BY SPONSOR	faber_est_suae_quisque_fortunae
participant_status	CTDC-PARTICIPANT-946005	CTDC-PARTICIPANT-STATUS-364859	Alive with Disease	Gallia_est_omnis_divisa_in_partes_tres	Yes	DISEASE RELAPSE	scientia_et_sapientia
participant_status	CTDC-PARTICIPANT-174366	CTDC-PARTICIPANT-STATUS-726349	DEAD	scientia_et_labor	No	NON-COMPLIANCE WITH NON-STUDY DEVICE	sapiens_qui_prospicit
participant_status	CTDC-PARTICIPANT-856892	CTDC-PARTICIPANT-STATUS-646026	ALIVE	O_Tite_tute_Tati_tibi_tanta_tyranne_tulisti	Yes	WITHDRAWAL OF CONSENT	cacatum_non_est_pictum
participant_status	CTDC-PARTICIPANT-922991	CTDC-PARTICIPANT-STATUS-643281	Dead	O_Tite_tute_Tati_tibi_tanta_tyranne_tulisti	No	PARTNER PREGNANCY	imperium_in_imperio
participant_status	CTDC-PARTICIPANT-291581	CTDC-PARTICIPANT-STATUS-895014	UNKNOWN	scientia_et_labor	Unknown	REQUIRES PROHIBITED MEDICATION	sapiens_qui_prospicit
participant_status	CTDC-PARTICIPANT-474449	CTDC-PARTICIPANT-STATUS-596270	UNKNOWN	id_quod_plerumque_accidit	Unknown	NON-COMPLIANCE WITH STUDY DRUG	sapiens_qui_prospicit
participant_status	CTDC-PARTICIPANT-500277	CTDC-PARTICIPANT-STATUS-313529	Alive with Disease	cacatum_non_est_pictum	No	PROTOCOL-SPECIFIED WITHDRAWAL CRITERION MET	salus_in_arduis
participant_status	CTDC-PARTICIPANT-237989	CTDC-PARTICIPANT-STATUS-372043	Alive with No Evidence of Disease	labor_ipse_voluptas	Yes	NON-COMPLIANCE WITH STUDY SCHEDULE	damnant_quod_non_intellegunt
participant_status	CTDC-PARTICIPANT-409930	CTDC-PARTICIPANT-STATUS-902215	ALIVE	haec_olim_meminisse_iuvabit	Yes	STUDY TERMINATED BY SPONSOR	haec_olim_meminisse_iuvabit
participant_status	CTDC-PARTICIPANT-588323	CTDC-PARTICIPANT-STATUS-675418	Alive with Disease	a_bene_placito	Unknown	RANDOMIZED BY MISTAKE WITHOUT STUDY TREATMENT	Gallia_est_omnis_divisa_in_partes_tres
participant_status	CTDC-PARTICIPANT-550436	CTDC-PARTICIPANT-STATUS-355008	Alive, Disease Status Unknown	Obedientia_civium_urbis_felicitas	Unknown	LOST TO FOLLOW-UP	scientia_et_labor
participant_status	CTDC-PARTICIPANT-705441	CTDC-PARTICIPANT-STATUS-605112	Alive, Disease Status Unknown	cacatum_non_est_pictum	No	PROGRESSIVE DISEASE	sapiens_qui_prospicit
participant_status	CTDC-PARTICIPANT-375800	CTDC-PARTICIPANT-STATUS-819387	UNKNOWN	sapiens_qui_prospicit	Unknown	PROTOCOL VIOLATION	a_bene_placito
participant_status	CTDC-PARTICIPANT-819268	CTDC-PARTICIPANT-STATUS-664031	DEAD	Macte_animo_Generose_puer_sic_itur_ad_astra	Yes	FAILURE TO MEET CONTINUATION CRITERIA	imperium_in_imperio
participant_status	CTDC-PARTICIPANT-101752	CTDC-PARTICIPANT-STATUS-613783	Alive with Disease	scientia_et_sapientia	No	PROTOCOL-SPECIFIED WITHDRAWAL CRITERION MET	scientia_et_labor
participant_status	CTDC-PARTICIPANT-307586	CTDC-PARTICIPANT-STATUS-193036	UNKNOWN	salus_in_arduis	No	REQUIRES PROHIBITED MEDICATION	barba_crescit_caput_nescit
participant_status	CTDC-PARTICIPANT-363672	CTDC-PARTICIPANT-STATUS-963142	Alive, Disease Status Unknown	pace_tua	Yes	REQUIRES PROHIBITED MEDICATION	cacatum_non_est_pictum
participant_status	CTDC-PARTICIPANT-390538	CTDC-PARTICIPANT-STATUS-863053	UNKNOWN	faber_est_suae_quisque_fortunae	No	PROTOCOL VIOLATION	Obedientia_civium_urbis_felicitas
participant_status	CTDC-PARTICIPANT-656708	CTDC-PARTICIPANT-STATUS-232421	DEAD	scientiae_cedit_mare	Unknown	COMPLETED	Obedientia_civium_urbis_felicitas
participant_status	CTDC-PARTICIPANT-208873	CTDC-PARTICIPANT-STATUS-396646	UNKNOWN	scientia_et_labor	Yes	WITHDRAWAL BY SUBJECT	nascentes_morimur_finisque_ab_origine_pendet
participant_status	CTDC-PARTICIPANT-785303	CTDC-PARTICIPANT-STATUS-225227	DEAD	nascentes_morimur_finisque_ab_origine_pendet	Yes	OTHER	pace_tua
participant_status	CTDC-PARTICIPANT-644061	CTDC-PARTICIPANT-STATUS-399461	Dead	faber_est_suae_quisque_fortunae	Yes	SITE TERMINATED BY SPONSOR	Obedientia_civium_urbis_felicitas
participant_status	CTDC-PARTICIPANT-784125	CTDC-PARTICIPANT-STATUS-644466	Alive with No Evidence of Disease	barba_crescit_caput_nescit	Yes	OTHER	haec_olim_meminisse_iuvabit
participant_status	CTDC-PARTICIPANT-258433	CTDC-PARTICIPANT-STATUS-182905	UNKNOWN	a_bene_placito	No	RECOVERY	barba_crescit_caput_nescit
participant_status	CTDC-PARTICIPANT-336498	CTDC-PARTICIPANT-STATUS-180896	DEAD	nanos_gigantum_humeris_insidentes	No	NO LONGER CLINICALLY BENEFITING	scientia_et_labor
participant_status	CTDC-PARTICIPANT-599467	CTDC-PARTICIPANT-STATUS-790683	Alive with No Evidence of Disease	scientia_et_sapientia	Unknown	PARTNER PREGNANCY	scientiae_et_patriae
participant_status	CTDC-PARTICIPANT-813230	CTDC-PARTICIPANT-STATUS-623728	Alive with No Evidence of Disease	scientia,_aere_perennius	Unknown	LACK OF EFFICACY	scientia_et_labor
participant_status	CTDC-PARTICIPANT-251190	CTDC-PARTICIPANT-STATUS-164212	DEAD	id_quod_plerumque_accidit	Yes	PHYSICIAN DECISION	scientia_imperii_decus_et_tutamen
participant_status	CTDC-PARTICIPANT-652732	CTDC-PARTICIPANT-STATUS-358636	ALIVE	id_quod_plerumque_accidit	No	STUDY TERMINATED BY SPONSOR	Obedientia_civium_urbis_felicitas
participant_status	CTDC-PARTICIPANT-714466	CTDC-PARTICIPANT-STATUS-770357	ALIVE	imperium_in_imperio	Unknown	SPONSOR REQUEST	faber_est_suae_quisque_fortunae
participant_status	CTDC-PARTICIPANT-854460	CTDC-PARTICIPANT-STATUS-234901	Alive with Disease	nascentes_morimur_finisque_ab_origine_pendet	Yes	SCREENING NOT COMPLETED	haec_olim_meminisse_iuvabit
participant_status	CTDC-PARTICIPANT-635713	CTDC-PARTICIPANT-STATUS-602054	Dead	haec_olim_meminisse_iuvabit	Unknown	RANDOMIZED BY MISTAKE WITH STUDY TREATMENT	O_Tite_tute_Tati_tibi_tanta_tyranne_tulisti
participant_status	CTDC-PARTICIPANT-272872	CTDC-PARTICIPANT-STATUS-214636	Alive with No Evidence of Disease	imperium_in_imperio	Yes	FAILURE TO MEET CONTINUATION CRITERIA	damnant_quod_non_intellegunt
participant_status	CTDC-PARTICIPANT-696945	CTDC-PARTICIPANT-STATUS-725867	Alive, Disease Status Unknown	e_causa_ignota	No	DISEASE RELAPSE	scientiae_cedit_mare
participant_status	CTDC-PARTICIPANT-288721	CTDC-PARTICIPANT-STATUS-373262	Alive, Disease Status Unknown	scientia_et_sapientia	Yes	SCREEN FAILURE	a_bene_placito
participant_status	CTDC-PARTICIPANT-729998	CTDC-PARTICIPANT-STATUS-518013	DEAD	imperium_in_imperio	Unknown	PHYSICIAN DECISION	Macte_animo_Generose_puer_sic_itur_ad_astra
participant_status	CTDC-PARTICIPANT-375728	CTDC-PARTICIPANT-STATUS-436463	DEAD	scientia_et_sapientia	Yes	STUDY TERMINATED BY SPONSOR	Macte_animo_Generose_puer_sic_itur_ad_astra
participant_status	CTDC-PARTICIPANT-887616	CTDC-PARTICIPANT-STATUS-275029	Dead	scientiae_et_patriae	No	TECHNICAL PROBLEMS	nascentes_morimur_finisque_ab_origine_pendet
participant_status	CTDC-PARTICIPANT-279150	CTDC-PARTICIPANT-STATUS-372769	ALIVE	Macte_animo_Generose_puer_sic_itur_ad_astra	Unknown	RANDOMIZED BY MISTAKE WITHOUT STUDY TREATMENT	O_Tite_tute_Tati_tibi_tanta_tyranne_tulisti
participant_status	CTDC-PARTICIPANT-392542	CTDC-PARTICIPANT-STATUS-605052	Dead	a_bene_placito	Unknown	PROGRESSIVE DISEASE	a_bene_placito
participant_status	CTDC-PARTICIPANT-633499	CTDC-PARTICIPANT-STATUS-946393	UNKNOWN	pace_tua	Yes	PHYSICIAN DECISION	nascentes_morimur_finisque_ab_origine_pendet
participant_status	CTDC-PARTICIPANT-622867	CTDC-PARTICIPANT-STATUS-825175	Alive with No Evidence of Disease	salus_in_arduis	No	LOST TO FOLLOW-UP	barba_crescit_caput_nescit
participant_status	CTDC-PARTICIPANT-547611	CTDC-PARTICIPANT-STATUS-340570	Dead	nascentes_morimur_finisque_ab_origine_pendet	No	COMPLETED	nanos_gigantum_humeris_insidentes
participant_status	CTDC-PARTICIPANT-227215	CTDC-PARTICIPANT-STATUS-719755	ALIVE	sapiens_qui_prospicit	Yes	LACK OF EFFICACY	scientia_et_labor
participant_status	CTDC-PARTICIPANT-667712	CTDC-PARTICIPANT-STATUS-710204	UNKNOWN	scientia_et_labor	Unknown	APPROVED DRUG AVAILABLE FOR INDICATION	imperium_in_imperio
participant_status	CTDC-PARTICIPANT-264931	CTDC-PARTICIPANT-STATUS-306312	UNKNOWN	imperium_in_imperio	No	REQUIRES PROHIBITED MEDICATION	Macte_animo_Generose_puer_sic_itur_ad_astra
participant_status	CTDC-PARTICIPANT-966089	CTDC-PARTICIPANT-STATUS-293487	Alive with No Evidence of Disease	scientiae_cedit_mare	No	ADVERSE EVENT	salus_in_arduis
participant_status	CTDC-PARTICIPANT-762150	CTDC-PARTICIPANT-STATUS-630886	Alive with No Evidence of Disease	Obedientia_civium_urbis_felicitas	Unknown	LACK OF EFFICACY	id_quod_plerumque_accidit
participant_status	CTDC-PARTICIPANT-727080	CTDC-PARTICIPANT-STATUS-228226	DEAD	sapiens_qui_prospicit	Yes	SCREEN FAILURE	scientiae_cedit_mare
participant_status	CTDC-PARTICIPANT-763647	CTDC-PARTICIPANT-STATUS-754126	Alive, Disease Status Unknown	pace_tua	No	RANDOMIZED BY MISTAKE WITHOUT STUDY TREATMENT	Obedientia_civium_urbis_felicitas
participant_status	CTDC-PARTICIPANT-754433	CTDC-PARTICIPANT-STATUS-399975	Alive, Disease Status Unknown	id_quod_plerumque_accidit	Yes	PARTNER PREGNANCY	pace_tua
participant_status	CTDC-PARTICIPANT-872138	CTDC-PARTICIPANT-STATUS-966820	Alive with No Evidence of Disease	nascentes_morimur_finisque_ab_origine_pendet	Unknown	WITHDRAWAL BY PARENT/GUARDIAN	O_Tite_tute_Tati_tibi_tanta_tyranne_tulisti
participant_status	CTDC-PARTICIPANT-845125	CTDC-PARTICIPANT-STATUS-446472	Alive with No Evidence of Disease	scientia_et_labor	Yes	PHYSICIAN DECISION	pace_tua
participant_status	CTDC-PARTICIPANT-320493	CTDC-PARTICIPANT-STATUS-204939	DEAD	a_bene_placito	Unknown	WITHDRAWAL BY PARENT/GUARDIAN	scientiae_cedit_mare
participant_status	CTDC-PARTICIPANT-122513	CTDC-PARTICIPANT-STATUS-228886	Alive with Disease	cacatum_non_est_pictum	Yes	PREGNANCY	scientia,_aere_perennius
participant_status	CTDC-PARTICIPANT-317837	CTDC-PARTICIPANT-STATUS-298593	Dead	saltus_in_demonstrando	No	LOST TO FOLLOW-UP	scientia_et_labor
participant_status	CTDC-PARTICIPANT-252535	CTDC-PARTICIPANT-STATUS-925034	Dead	e_causa_ignota	No	LOST TO FOLLOW-UP	e_causa_ignota
participant_status	CTDC-PARTICIPANT-546823	CTDC-PARTICIPANT-STATUS-976599	DEAD	labor_ipse_voluptas	Yes	SCREENING NOT COMPLETED	damnant_quod_non_intellegunt
participant_status	CTDC-PARTICIPANT-600574	CTDC-PARTICIPANT-STATUS-127882	UNKNOWN	pace_tua	No	NO LONGER CLINICALLY BENEFITING	id_quod_plerumque_accidit
participant_status	CTDC-PARTICIPANT-515350	CTDC-PARTICIPANT-STATUS-736094	Alive with Disease	scientia_et_sapientia	Yes	PREGNANCY	scientia,_aere_perennius
participant_status	CTDC-PARTICIPANT-896368	CTDC-PARTICIPANT-STATUS-306949	UNKNOWN	nanos_gigantum_humeris_insidentes	Yes	LACK OF EFFICACY	pace_tua
participant_status	CTDC-PARTICIPANT-362194	CTDC-PARTICIPANT-STATUS-781762	Alive with Disease	a_bene_placito	No	DISEASE RELAPSE	haec_olim_meminisse_iuvabit
participant_status	CTDC-PARTICIPANT-230105	CTDC-PARTICIPANT-STATUS-611387	ALIVE	nanos_gigantum_humeris_insidentes	Unknown	STUDY TERMINATED BY SPONSOR	Macte_animo_Generose_puer_sic_itur_ad_astra
participant_status	CTDC-PARTICIPANT-153310	CTDC-PARTICIPANT-STATUS-847046	Alive, Disease Status Unknown	nanos_gigantum_humeris_insidentes	Yes	TECHNICAL PROBLEMS	Gallia_est_omnis_divisa_in_partes_tres
participant_status	CTDC-PARTICIPANT-579483	CTDC-PARTICIPANT-STATUS-625408	Alive with No Evidence of Disease	pace_tua	No	WITHDRAWAL BY SUBJECT	scientia_et_sapientia
participant_status	CTDC-PARTICIPANT-967644	CTDC-PARTICIPANT-STATUS-945573	Alive with Disease	scientia_et_labor	No	LOST TO FOLLOW-UP	haec_olim_meminisse_iuvabit
participant_status	CTDC-PARTICIPANT-779080	CTDC-PARTICIPANT-STATUS-506900	UNKNOWN	nanos_gigantum_humeris_insidentes	Unknown	PARTNER PREGNANCY	Obedientia_civium_urbis_felicitas
participant_status	CTDC-PARTICIPANT-385675	CTDC-PARTICIPANT-STATUS-880977	Dead	damnant_quod_non_intellegunt	Unknown	RANDOMIZED BY MISTAKE	e_causa_ignota
participant_status	CTDC-PARTICIPANT-618008	CTDC-PARTICIPANT-STATUS-739413	Alive, Disease Status Unknown	salus_in_arduis	No	NON-COMPLIANCE WITH STUDY SCHEDULE	id_quod_plerumque_accidit
participant_status	CTDC-PARTICIPANT-434022	CTDC-PARTICIPANT-STATUS-660965	Alive with No Evidence of Disease	nanos_gigantum_humeris_insidentes	No	ADVERSE EVENT	scientia,_aere_perennius
participant_status	CTDC-PARTICIPANT-152891	CTDC-PARTICIPANT-STATUS-780544	Alive with Disease	labor_ipse_voluptas	No	RANDOMIZED BY MISTAKE	scientia_et_sapientia
participant_status	CTDC-PARTICIPANT-563856	CTDC-PARTICIPANT-STATUS-755272	DEAD	barba_crescit_caput_nescit	No	PROTOCOL VIOLATION	scientiae_cedit_mare
participant_status	CTDC-PARTICIPANT-633383	CTDC-PARTICIPANT-STATUS-286752	Dead	damnant_quod_non_intellegunt	No	SPONSOR REQUEST	nascentes_morimur_finisque_ab_origine_pendet
participant_status	CTDC-PARTICIPANT-361715	CTDC-PARTICIPANT-STATUS-451296	Alive with Disease	nascentes_morimur_finisque_ab_origine_pendet	Yes	ADVERSE EVENT	scientia,_aere_perennius
participant_status	CTDC-PARTICIPANT-413496	CTDC-PARTICIPANT-STATUS-634213	Alive with Disease	sapiens_qui_prospicit	Unknown	MET ELIGIBILITY CRITERIA BUT NOT NEEDED	e_causa_ignota
participant_status	CTDC-PARTICIPANT-313976	CTDC-PARTICIPANT-STATUS-907399	ALIVE	sapiens_qui_prospicit	No	SPONSOR REQUEST	scientia,_aere_perennius
participant_status	CTDC-PARTICIPANT-181398	CTDC-PARTICIPANT-STATUS-117071	DEAD	pace_tua	Yes	WITHDRAWAL BY SUBJECT	scientia_et_sapientia
participant_status	CTDC-PARTICIPANT-541713	CTDC-PARTICIPANT-STATUS-272503	DEAD	imperium_in_imperio	Yes	WITHDRAWAL OF ASSENT	saltus_in_demonstrando
participant_status	CTDC-PARTICIPANT-375128	CTDC-PARTICIPANT-STATUS-588463	ALIVE	salus_in_arduis	Unknown	STUDY TERMINATED BY SPONSOR	cacatum_non_est_pictum
participant_status	CTDC-PARTICIPANT-935764	CTDC-PARTICIPANT-STATUS-732732	Dead	scientiae_et_patriae	Yes	LOGISTICAL PROBLEM	scientia_et_sapientia
participant_status	CTDC-PARTICIPANT-642396	CTDC-PARTICIPANT-STATUS-185848	Alive, Disease Status Unknown	Macte_animo_Generose_puer_sic_itur_ad_astra	Unknown	PROTOCOL-SPECIFIED WITHDRAWAL CRITERION MET	Gallia_est_omnis_divisa_in_partes_tres
participant_status	CTDC-PARTICIPANT-965342	CTDC-PARTICIPANT-STATUS-975080	Alive with No Evidence of Disease	pace_tua	No	WITHDRAWAL BY SUBJECT	faber_est_suae_quisque_fortunae
participant_status	CTDC-PARTICIPANT-515838	CTDC-PARTICIPANT-STATUS-449032	Alive, Disease Status Unknown	scientia_et_sapientia	No	ADVERSE EVENT	e_causa_ignota
participant_status	CTDC-PARTICIPANT-246630	CTDC-PARTICIPANT-STATUS-311384	ALIVE	pace_tua	No	RECOVERY	saltus_in_demonstrando
participant_status	CTDC-PARTICIPANT-914906	CTDC-PARTICIPANT-STATUS-447551	Dead	labor_ipse_voluptas	Unknown	LOGISTICAL PROBLEM	nanos_gigantum_humeris_insidentes
participant_status	CTDC-PARTICIPANT-996697	CTDC-PARTICIPANT-STATUS-780512	Alive with No Evidence of Disease	imperium_in_imperio	Unknown	PHYSICIAN DECISION	sapiens_qui_prospicit
participant_status	CTDC-PARTICIPANT-990858	CTDC-PARTICIPANT-STATUS-247278	Alive with No Evidence of Disease	Gallia_est_omnis_divisa_in_partes_tres	No	LOST TO FOLLOW-UP	scientiae_et_patriae
participant_status	CTDC-PARTICIPANT-311756	CTDC-PARTICIPANT-STATUS-434926	Alive with No Evidence of Disease	scientiae_et_patriae	Yes	WITHDRAWAL OF CONSENT	a_bene_placito
participant_status	CTDC-PARTICIPANT-998159	CTDC-PARTICIPANT-STATUS-946197	ALIVE	saltus_in_demonstrando	No	WITHDRAWAL OF ASSENT	damnant_quod_non_intellegunt
participant_status	CTDC-PARTICIPANT-619107	CTDC-PARTICIPANT-STATUS-500991	Dead	Macte_animo_Generose_puer_sic_itur_ad_astra	Unknown	NO LONGER CLINICALLY BENEFITING	barba_crescit_caput_nescit
participant_status	CTDC-PARTICIPANT-967168	CTDC-PARTICIPANT-STATUS-177440	Alive with No Evidence of Disease	scientia_imperii_decus_et_tutamen	Unknown	PROTOCOL DEVIATION	imperium_in_imperio
participant_status	CTDC-PARTICIPANT-459821	CTDC-PARTICIPANT-STATUS-442054	UNKNOWN	scientia_et_labor	No	PROGRESSIVE DISEASE	barba_crescit_caput_nescit
participant_status	CTDC-PARTICIPANT-828023	CTDC-PARTICIPANT-STATUS-105044	ALIVE	cacatum_non_est_pictum	Unknown	NEVER DOSED	scientia_et_sapientia
participant_status	CTDC-PARTICIPANT-712034	CTDC-PARTICIPANT-STATUS-339250	Alive with Disease	haec_olim_meminisse_iuvabit	Unknown	LOST TO FOLLOW-UP	nanos_gigantum_humeris_insidentes
participant_status	CTDC-PARTICIPANT-462972	CTDC-PARTICIPANT-STATUS-948235	ALIVE	scientia_et_labor	Yes	WITHDRAWAL BY PARENT/GUARDIAN	pace_tua
participant_status	CTDC-PARTICIPANT-312749	CTDC-PARTICIPANT-STATUS-849796	Alive with No Evidence of Disease	haec_olim_meminisse_iuvabit	Yes	TECHNICAL PROBLEMS	labor_ipse_voluptas
participant_status	CTDC-PARTICIPANT-990328	CTDC-PARTICIPANT-STATUS-222195	Alive, Disease Status Unknown	Gallia_est_omnis_divisa_in_partes_tres	No	OTHER	O_Tite_tute_Tati_tibi_tanta_tyranne_tulisti
participant_status	CTDC-PARTICIPANT-310032	CTDC-PARTICIPANT-STATUS-497739	DEAD	haec_olim_meminisse_iuvabit	Yes	TECHNICAL PROBLEMS	id_quod_plerumque_accidit
participant_status	CTDC-PARTICIPANT-454476	CTDC-PARTICIPANT-STATUS-455165	Dead	damnant_quod_non_intellegunt	Yes	NON-COMPLIANCE WITH STUDY SCHEDULE	pace_tua
participant_status	CTDC-PARTICIPANT-647057	CTDC-PARTICIPANT-STATUS-911188	Dead	scientiae_et_patriae	No	FAILURE TO MEET CONTINUATION CRITERIA	scientia_imperii_decus_et_tutamen
participant_status	CTDC-PARTICIPANT-732783	CTDC-PARTICIPANT-STATUS-906762	Alive with No Evidence of Disease	haec_olim_meminisse_iuvabit	Yes	PROGRESSIVE DISEASE	saltus_in_demonstrando
participant_status	CTDC-PARTICIPANT-647189	CTDC-PARTICIPANT-STATUS-495663	Dead	Macte_animo_Generose_puer_sic_itur_ad_astra	Unknown	WITHDRAWAL OF ASSENT	cacatum_non_est_pictum
participant_status	CTDC-PARTICIPANT-676963	CTDC-PARTICIPANT-STATUS-452001	ALIVE	sapiens_qui_prospicit	Unknown	RANDOMIZED BY MISTAKE WITHOUT STUDY TREATMENT	barba_crescit_caput_nescit
participant_status	CTDC-PARTICIPANT-971299	CTDC-PARTICIPANT-STATUS-754861	Alive with No Evidence of Disease	pace_tua	Yes	COMPLETED	salus_in_arduis
participant_status	CTDC-PARTICIPANT-888011	CTDC-PARTICIPANT-STATUS-794173	Dead	pace_tua	No	NON-COMPLIANCE WITH NON-STUDY DEVICE	scientia,_aere_perennius
participant_status	CTDC-PARTICIPANT-836519	CTDC-PARTICIPANT-STATUS-512971	Dead	sapiens_qui_prospicit	Unknown	PROGRESSIVE DISEASE	scientia_et_sapientia
participant_status	CTDC-PARTICIPANT-699815	CTDC-PARTICIPANT-STATUS-239770	Alive with No Evidence of Disease	nanos_gigantum_humeris_insidentes	Unknown	RANDOMIZED BY MISTAKE WITH STUDY TREATMENT	O_Tite_tute_Tati_tibi_tanta_tyranne_tulisti
participant_status	CTDC-PARTICIPANT-184105	CTDC-PARTICIPANT-STATUS-429794	UNKNOWN	scientia_et_labor	Unknown	FAILURE TO MEET CONTINUATION CRITERIA	scientia_et_sapientia
participant_status	CTDC-PARTICIPANT-698815	CTDC-PARTICIPANT-STATUS-804861	Alive with No Evidence of Disease	scientia_imperii_decus_et_tutamen	Yes	DISEASE RELAPSE	e_causa_ignota
participant_status	CTDC-PARTICIPANT-882747	CTDC-PARTICIPANT-STATUS-564054	Alive with No Evidence of Disease	saltus_in_demonstrando	No	WITHDRAWAL BY SUBJECT	haec_olim_meminisse_iuvabit
participant_status	CTDC-PARTICIPANT-786561	CTDC-PARTICIPANT-STATUS-605018	Alive, Disease Status Unknown	a_bene_placito	No	RANDOMIZED BY MISTAKE	haec_olim_meminisse_iuvabit
participant_status	CTDC-PARTICIPANT-867798	CTDC-PARTICIPANT-STATUS-573565	Dead	scientia_et_sapientia	Unknown	LOGISTICAL PROBLEM	e_causa_ignota
participant_status	CTDC-PARTICIPANT-392396	CTDC-PARTICIPANT-STATUS-764433	UNKNOWN	saltus_in_demonstrando	Yes	STUDY TERMINATED BY SPONSOR	barba_crescit_caput_nescit
