type	participant.participant_id	participant_status_record_id	survival_status	primary_cause_of_death	off_study	off_study_reason	crdc_id
participant_status	CTDC-PARTICIPANT-641111	CTDC-PARTICIPANT-STATUS-739465	Alive with Disease	scientiae_et_patriae	No	RANDOMIZED BY MISTAKE WITH STUDY TREATMENT	nascentes_morimur_finisque_ab_origine_pendet
participant_status	CTDC-PARTICIPANT-429411	CTDC-PARTICIPANT-STATUS-957528	ALIVE	sapiens_qui_prospicit	Yes	APPROVED DRUG AVAILABLE FOR INDICATION	salus_in_arduis
participant_status	CTDC-PARTICIPANT-209642	CTDC-PARTICIPANT-STATUS-112442	DEAD	cacatum_non_est_pictum	Unknown	RANDOMIZED BY MISTAKE WITHOUT STUDY TREATMENT	e_causa_ignota
participant_status	CTDC-PARTICIPANT-482694	CTDC-PARTICIPANT-STATUS-361347	ALIVE	sapiens_qui_prospicit	No	MET ELIGIBILITY CRITERIA BUT NOT NEEDED	a_bene_placito
participant_status	CTDC-PARTICIPANT-301326	CTDC-PARTICIPANT-STATUS-157381	Alive with Disease	scientia,_aere_perennius	Yes	SCREEN FAILURE	saltus_in_demonstrando
participant_status	CTDC-PARTICIPANT-449539	CTDC-PARTICIPANT-STATUS-868196	UNKNOWN	nanos_gigantum_humeris_insidentes	Yes	ADVERSE EVENT	O_Tite_tute_Tati_tibi_tanta_tyranne_tulisti
participant_status	CTDC-PARTICIPANT-340275	CTDC-PARTICIPANT-STATUS-983359	UNKNOWN	Macte_animo_Generose_puer_sic_itur_ad_astra	Yes	DEATH	salus_in_arduis
participant_status	CTDC-PARTICIPANT-198783	CTDC-PARTICIPANT-STATUS-384463	Alive, Disease Status Unknown	nascentes_morimur_finisque_ab_origine_pendet	Yes	NO LONGER CLINICALLY BENEFITING	scientia,_aere_perennius
participant_status	CTDC-PARTICIPANT-786373	CTDC-PARTICIPANT-STATUS-242088	UNKNOWN	labor_ipse_voluptas	No	LOST TO FOLLOW-UP	labor_ipse_voluptas
participant_status	CTDC-PARTICIPANT-791713	CTDC-PARTICIPANT-STATUS-889150	ALIVE	labor_ipse_voluptas	Unknown	NON-COMPLIANCE WITH NON-STUDY DEVICE	nanos_gigantum_humeris_insidentes
participant_status	CTDC-PARTICIPANT-671238	CTDC-PARTICIPANT-STATUS-658191	Dead	sapiens_qui_prospicit	No	SPONSOR REQUEST	scientia_imperii_decus_et_tutamen
participant_status	CTDC-PARTICIPANT-371594	CTDC-PARTICIPANT-STATUS-496605	DEAD	O_Tite_tute_Tati_tibi_tanta_tyranne_tulisti	Yes	WITHDRAWAL BY SUBJECT	barba_crescit_caput_nescit
participant_status	CTDC-PARTICIPANT-584849	CTDC-PARTICIPANT-STATUS-292756	UNKNOWN	scientia_imperii_decus_et_tutamen	Yes	LOGISTICAL PROBLEM	saltus_in_demonstrando
participant_status	CTDC-PARTICIPANT-513457	CTDC-PARTICIPANT-STATUS-949187	Alive, Disease Status Unknown	nanos_gigantum_humeris_insidentes	No	WITHDRAWAL BY SUBJECT	nanos_gigantum_humeris_insidentes
participant_status	CTDC-PARTICIPANT-286805	CTDC-PARTICIPANT-STATUS-394248	Dead	Gallia_est_omnis_divisa_in_partes_tres	Unknown	RANDOMIZED BY MISTAKE	scientia_et_labor
participant_status	CTDC-PARTICIPANT-360661	CTDC-PARTICIPANT-STATUS-642612	Alive with Disease	sapiens_qui_prospicit	No	REQUIRES PROHIBITED MEDICATION	imperium_in_imperio
participant_status	CTDC-PARTICIPANT-208381	CTDC-PARTICIPANT-STATUS-371866	DEAD	scientia_et_labor	Yes	PROGRESSIVE DISEASE	imperium_in_imperio
participant_status	CTDC-PARTICIPANT-149549	CTDC-PARTICIPANT-STATUS-409869	UNKNOWN	scientiae_cedit_mare	Yes	PARTNER PREGNANCY	scientiae_et_patriae
participant_status	CTDC-PARTICIPANT-607722	CTDC-PARTICIPANT-STATUS-577284	DEAD	scientia_et_sapientia	Yes	LOST TO FOLLOW-UP	scientia_et_labor
participant_status	CTDC-PARTICIPANT-968052	CTDC-PARTICIPANT-STATUS-638471	Dead	scientia_et_labor	Yes	SITE TERMINATED BY SPONSOR	saltus_in_demonstrando
participant_status	CTDC-PARTICIPANT-273892	CTDC-PARTICIPANT-STATUS-204616	Alive with No Evidence of Disease	scientiae_cedit_mare	Unknown	RANDOMIZED BY MISTAKE WITHOUT STUDY TREATMENT	damnant_quod_non_intellegunt
participant_status	CTDC-PARTICIPANT-599675	CTDC-PARTICIPANT-STATUS-719150	Alive with No Evidence of Disease	nascentes_morimur_finisque_ab_origine_pendet	Unknown	SCREENING NOT COMPLETED	sapiens_qui_prospicit
participant_status	CTDC-PARTICIPANT-389190	CTDC-PARTICIPANT-STATUS-403112	ALIVE	Gallia_est_omnis_divisa_in_partes_tres	No	ADVERSE EVENT	Macte_animo_Generose_puer_sic_itur_ad_astra
participant_status	CTDC-PARTICIPANT-992012	CTDC-PARTICIPANT-STATUS-343135	Alive with Disease	scientia_et_labor	Yes	STUDY TERMINATED BY SPONSOR	Macte_animo_Generose_puer_sic_itur_ad_astra
participant_status	CTDC-PARTICIPANT-322813	CTDC-PARTICIPANT-STATUS-392793	UNKNOWN	pace_tua	Yes	SCREENING NOT COMPLETED	O_Tite_tute_Tati_tibi_tanta_tyranne_tulisti
participant_status	CTDC-PARTICIPANT-563302	CTDC-PARTICIPANT-STATUS-428448	Alive with Disease	scientia_et_labor	Unknown	DEATH	pace_tua
participant_status	CTDC-PARTICIPANT-449980	CTDC-PARTICIPANT-STATUS-347859	UNKNOWN	sapiens_qui_prospicit	Unknown	RANDOMIZED BY MISTAKE WITHOUT STUDY TREATMENT	e_causa_ignota
participant_status	CTDC-PARTICIPANT-863646	CTDC-PARTICIPANT-STATUS-411300	Alive with No Evidence of Disease	labor_ipse_voluptas	No	PROTOCOL-SPECIFIED WITHDRAWAL CRITERION MET	damnant_quod_non_intellegunt
participant_status	CTDC-PARTICIPANT-365305	CTDC-PARTICIPANT-STATUS-955223	Alive with No Evidence of Disease	O_Tite_tute_Tati_tibi_tanta_tyranne_tulisti	No	PROGRESSIVE DISEASE	nanos_gigantum_humeris_insidentes
participant_status	CTDC-PARTICIPANT-684111	CTDC-PARTICIPANT-STATUS-907234	Alive with Disease	nascentes_morimur_finisque_ab_origine_pendet	Yes	PHYSICIAN DECISION	scientia_et_labor
participant_status	CTDC-PARTICIPANT-891914	CTDC-PARTICIPANT-STATUS-767528	UNKNOWN	a_bene_placito	Unknown	ADVERSE EVENT	cacatum_non_est_pictum
participant_status	CTDC-PARTICIPANT-486601	CTDC-PARTICIPANT-STATUS-882694	Alive, Disease Status Unknown	nascentes_morimur_finisque_ab_origine_pendet	Yes	PROTOCOL VIOLATION	scientia_imperii_decus_et_tutamen
participant_status	CTDC-PARTICIPANT-531064	CTDC-PARTICIPANT-STATUS-789790	UNKNOWN	O_Tite_tute_Tati_tibi_tanta_tyranne_tulisti	Yes	WITHDRAWAL OF CONSENT	Macte_animo_Generose_puer_sic_itur_ad_astra
participant_status	CTDC-PARTICIPANT-929629	CTDC-PARTICIPANT-STATUS-497181	Dead	scientia,_aere_perennius	Unknown	PREGNANCY	Gallia_est_omnis_divisa_in_partes_tres
participant_status	CTDC-PARTICIPANT-667747	CTDC-PARTICIPANT-STATUS-605668	UNKNOWN	a_bene_placito	No	NON-COMPLIANCE WITH STUDY DRUG	Macte_animo_Generose_puer_sic_itur_ad_astra
participant_status	CTDC-PARTICIPANT-270141	CTDC-PARTICIPANT-STATUS-733681	Alive with Disease	scientia_et_labor	No	WITHDRAWAL BY PARENT/GUARDIAN	scientia_et_labor
participant_status	CTDC-PARTICIPANT-779049	CTDC-PARTICIPANT-STATUS-596014	Alive with No Evidence of Disease	a_bene_placito	Unknown	RANDOMIZED BY MISTAKE	pace_tua
participant_status	CTDC-PARTICIPANT-297073	CTDC-PARTICIPANT-STATUS-248628	Alive, Disease Status Unknown	salus_in_arduis	No	SCREEN FAILURE	O_Tite_tute_Tati_tibi_tanta_tyranne_tulisti
participant_status	CTDC-PARTICIPANT-749799	CTDC-PARTICIPANT-STATUS-880174	Dead	scientia_et_labor	No	RANDOMIZED BY MISTAKE WITHOUT STUDY TREATMENT	nanos_gigantum_humeris_insidentes
participant_status	CTDC-PARTICIPANT-922401	CTDC-PARTICIPANT-STATUS-517074	Alive with No Evidence of Disease	faber_est_suae_quisque_fortunae	Unknown	WITHDRAWAL OF CONSENT	scientia,_aere_perennius
participant_status	CTDC-PARTICIPANT-382937	CTDC-PARTICIPANT-STATUS-644951	Dead	saltus_in_demonstrando	Unknown	COMPLETED	saltus_in_demonstrando
participant_status	CTDC-PARTICIPANT-294142	CTDC-PARTICIPANT-STATUS-447926	ALIVE	e_causa_ignota	Unknown	NON-COMPLIANCE WITH STUDY DRUG	salus_in_arduis
participant_status	CTDC-PARTICIPANT-690107	CTDC-PARTICIPANT-STATUS-487065	Alive with Disease	imperium_in_imperio	Yes	PROTOCOL DEVIATION	nanos_gigantum_humeris_insidentes
participant_status	CTDC-PARTICIPANT-366120	CTDC-PARTICIPANT-STATUS-795761	UNKNOWN	e_causa_ignota	Yes	COMPLETED	id_quod_plerumque_accidit
participant_status	CTDC-PARTICIPANT-638488	CTDC-PARTICIPANT-STATUS-772487	Dead	scientiae_cedit_mare	Unknown	FAILURE TO MEET CONTINUATION CRITERIA	scientia_et_sapientia
participant_status	CTDC-PARTICIPANT-314138	CTDC-PARTICIPANT-STATUS-579864	ALIVE	scientia,_aere_perennius	Yes	DEATH	nanos_gigantum_humeris_insidentes
participant_status	CTDC-PARTICIPANT-938247	CTDC-PARTICIPANT-STATUS-367860	ALIVE	cacatum_non_est_pictum	Yes	NON-COMPLIANCE WITH STUDY DRUG	pace_tua
participant_status	CTDC-PARTICIPANT-791745	CTDC-PARTICIPANT-STATUS-737543	Dead	O_Tite_tute_Tati_tibi_tanta_tyranne_tulisti	Unknown	PREGNANCY	O_Tite_tute_Tati_tibi_tanta_tyranne_tulisti
participant_status	CTDC-PARTICIPANT-817733	CTDC-PARTICIPANT-STATUS-626123	DEAD	haec_olim_meminisse_iuvabit	No	SCREENING NOT COMPLETED	pace_tua
participant_status	CTDC-PARTICIPANT-254156	CTDC-PARTICIPANT-STATUS-906538	DEAD	sapiens_qui_prospicit	Yes	RANDOMIZED BY MISTAKE WITHOUT STUDY TREATMENT	a_bene_placito
participant_status	CTDC-PARTICIPANT-207908	CTDC-PARTICIPANT-STATUS-202481	Dead	barba_crescit_caput_nescit	Unknown	APPROVED DRUG AVAILABLE FOR INDICATION	labor_ipse_voluptas
participant_status	CTDC-PARTICIPANT-536513	CTDC-PARTICIPANT-STATUS-693883	DEAD	e_causa_ignota	Yes	PARTNER PREGNANCY	scientia_et_labor
participant_status	CTDC-PARTICIPANT-353582	CTDC-PARTICIPANT-STATUS-970662	UNKNOWN	barba_crescit_caput_nescit	No	NON-COMPLIANCE WITH NON-STUDY DEVICE	Gallia_est_omnis_divisa_in_partes_tres
participant_status	CTDC-PARTICIPANT-970835	CTDC-PARTICIPANT-STATUS-216289	ALIVE	nanos_gigantum_humeris_insidentes	No	WITHDRAWAL OF CONSENT	scientiae_et_patriae
participant_status	CTDC-PARTICIPANT-380250	CTDC-PARTICIPANT-STATUS-115784	DEAD	Gallia_est_omnis_divisa_in_partes_tres	Yes	WITHDRAWAL OF CONSENT	scientia_et_labor
participant_status	CTDC-PARTICIPANT-824360	CTDC-PARTICIPANT-STATUS-750483	Alive, Disease Status Unknown	scientia_et_sapientia	No	COMPLETED	scientia,_aere_perennius
participant_status	CTDC-PARTICIPANT-519155	CTDC-PARTICIPANT-STATUS-840547	Dead	nascentes_morimur_finisque_ab_origine_pendet	Yes	WITHDRAWAL OF CONSENT	faber_est_suae_quisque_fortunae
participant_status	CTDC-PARTICIPANT-830585	CTDC-PARTICIPANT-STATUS-554430	Dead	Macte_animo_Generose_puer_sic_itur_ad_astra	Yes	NO LONGER CLINICALLY BENEFITING	O_Tite_tute_Tati_tibi_tanta_tyranne_tulisti
participant_status	CTDC-PARTICIPANT-641275	CTDC-PARTICIPANT-STATUS-837515	ALIVE	imperium_in_imperio	No	DISEASE RELAPSE	labor_ipse_voluptas
participant_status	CTDC-PARTICIPANT-457741	CTDC-PARTICIPANT-STATUS-484968	Alive, Disease Status Unknown	Gallia_est_omnis_divisa_in_partes_tres	Unknown	LOST TO FOLLOW-UP	O_Tite_tute_Tati_tibi_tanta_tyranne_tulisti
participant_status	CTDC-PARTICIPANT-523680	CTDC-PARTICIPANT-STATUS-717884	Alive with Disease	O_Tite_tute_Tati_tibi_tanta_tyranne_tulisti	No	PROTOCOL DEVIATION	e_causa_ignota
participant_status	CTDC-PARTICIPANT-234308	CTDC-PARTICIPANT-STATUS-367781	Alive, Disease Status Unknown	O_Tite_tute_Tati_tibi_tanta_tyranne_tulisti	No	NON-COMPLIANCE WITH STUDY SCHEDULE	a_bene_placito
participant_status	CTDC-PARTICIPANT-432039	CTDC-PARTICIPANT-STATUS-136369	Alive, Disease Status Unknown	pace_tua	Unknown	STUDY TERMINATED BY SPONSOR	labor_ipse_voluptas
participant_status	CTDC-PARTICIPANT-573467	CTDC-PARTICIPANT-STATUS-691967	Alive with No Evidence of Disease	labor_ipse_voluptas	Yes	APPROVED DRUG AVAILABLE FOR INDICATION	faber_est_suae_quisque_fortunae
participant_status	CTDC-PARTICIPANT-957799	CTDC-PARTICIPANT-STATUS-276911	Alive, Disease Status Unknown	scientiae_cedit_mare	Yes	RECOVERY	damnant_quod_non_intellegunt
participant_status	CTDC-PARTICIPANT-111060	CTDC-PARTICIPANT-STATUS-642904	ALIVE	pace_tua	Yes	SCREEN FAILURE	salus_in_arduis
participant_status	CTDC-PARTICIPANT-595441	CTDC-PARTICIPANT-STATUS-725587	DEAD	labor_ipse_voluptas	Unknown	STUDY TERMINATED BY SPONSOR	id_quod_plerumque_accidit
participant_status	CTDC-PARTICIPANT-541554	CTDC-PARTICIPANT-STATUS-649199	UNKNOWN	Obedientia_civium_urbis_felicitas	Unknown	NON-COMPLIANCE WITH STUDY DEVICE	scientia_imperii_decus_et_tutamen
participant_status	CTDC-PARTICIPANT-330696	CTDC-PARTICIPANT-STATUS-215573	DEAD	scientia,_aere_perennius	Yes	RANDOMIZED BY MISTAKE WITHOUT STUDY TREATMENT	barba_crescit_caput_nescit
participant_status	CTDC-PARTICIPANT-668935	CTDC-PARTICIPANT-STATUS-509723	UNKNOWN	scientia_et_sapientia	Unknown	NON-COMPLIANCE WITH STUDY DRUG	a_bene_placito
participant_status	CTDC-PARTICIPANT-204363	CTDC-PARTICIPANT-STATUS-714999	ALIVE	id_quod_plerumque_accidit	Unknown	PARTNER PREGNANCY	Macte_animo_Generose_puer_sic_itur_ad_astra
participant_status	CTDC-PARTICIPANT-340899	CTDC-PARTICIPANT-STATUS-719085	DEAD	Macte_animo_Generose_puer_sic_itur_ad_astra	Unknown	PROTOCOL-SPECIFIED WITHDRAWAL CRITERION MET	saltus_in_demonstrando
participant_status	CTDC-PARTICIPANT-129178	CTDC-PARTICIPANT-STATUS-724598	ALIVE	scientiae_et_patriae	No	LOGISTICAL PROBLEM	pace_tua
participant_status	CTDC-PARTICIPANT-701011	CTDC-PARTICIPANT-STATUS-342181	ALIVE	id_quod_plerumque_accidit	No	RANDOMIZED BY MISTAKE WITHOUT STUDY TREATMENT	Macte_animo_Generose_puer_sic_itur_ad_astra
participant_status	CTDC-PARTICIPANT-530141	CTDC-PARTICIPANT-STATUS-843232	ALIVE	pace_tua	No	PROGRESSIVE DISEASE	cacatum_non_est_pictum
participant_status	CTDC-PARTICIPANT-707432	CTDC-PARTICIPANT-STATUS-549285	Alive, Disease Status Unknown	saltus_in_demonstrando	Unknown	DISEASE RELAPSE	Macte_animo_Generose_puer_sic_itur_ad_astra
participant_status	CTDC-PARTICIPANT-960610	CTDC-PARTICIPANT-STATUS-472765	Dead	faber_est_suae_quisque_fortunae	No	RANDOMIZED BY MISTAKE WITH STUDY TREATMENT	barba_crescit_caput_nescit
participant_status	CTDC-PARTICIPANT-353052	CTDC-PARTICIPANT-STATUS-402176	UNKNOWN	damnant_quod_non_intellegunt	Unknown	COMPLETED	e_causa_ignota
participant_status	CTDC-PARTICIPANT-259646	CTDC-PARTICIPANT-STATUS-384468	Alive, Disease Status Unknown	Macte_animo_Generose_puer_sic_itur_ad_astra	No	OTHER	cacatum_non_est_pictum
participant_status	CTDC-PARTICIPANT-995400	CTDC-PARTICIPANT-STATUS-428588	Alive with Disease	scientia,_aere_perennius	Yes	NON-COMPLIANCE WITH NON-STUDY DEVICE	nascentes_morimur_finisque_ab_origine_pendet
participant_status	CTDC-PARTICIPANT-315263	CTDC-PARTICIPANT-STATUS-102340	Alive, Disease Status Unknown	scientiae_cedit_mare	Yes	FAILURE TO MEET CONTINUATION CRITERIA	scientia,_aere_perennius
participant_status	CTDC-PARTICIPANT-312873	CTDC-PARTICIPANT-STATUS-237551	DEAD	haec_olim_meminisse_iuvabit	No	SPONSOR REQUEST	scientia_imperii_decus_et_tutamen
participant_status	CTDC-PARTICIPANT-233585	CTDC-PARTICIPANT-STATUS-173001	Alive, Disease Status Unknown	a_bene_placito	No	PARTNER PREGNANCY	damnant_quod_non_intellegunt
participant_status	CTDC-PARTICIPANT-665346	CTDC-PARTICIPANT-STATUS-351461	Alive with Disease	sapiens_qui_prospicit	Unknown	LACK OF EFFICACY	faber_est_suae_quisque_fortunae
participant_status	CTDC-PARTICIPANT-141586	CTDC-PARTICIPANT-STATUS-967842	DEAD	labor_ipse_voluptas	No	SITE TERMINATED BY SPONSOR	scientiae_et_patriae
participant_status	CTDC-PARTICIPANT-855122	CTDC-PARTICIPANT-STATUS-750701	UNKNOWN	imperium_in_imperio	Yes	ADVERSE EVENT	salus_in_arduis
participant_status	CTDC-PARTICIPANT-498655	CTDC-PARTICIPANT-STATUS-143567	UNKNOWN	damnant_quod_non_intellegunt	Unknown	SCREEN FAILURE	sapiens_qui_prospicit
participant_status	CTDC-PARTICIPANT-929749	CTDC-PARTICIPANT-STATUS-148404	Alive with Disease	cacatum_non_est_pictum	Unknown	OTHER	salus_in_arduis
participant_status	CTDC-PARTICIPANT-778982	CTDC-PARTICIPANT-STATUS-734517	Alive with No Evidence of Disease	scientia_et_labor	Unknown	TECHNICAL PROBLEMS	barba_crescit_caput_nescit
participant_status	CTDC-PARTICIPANT-881373	CTDC-PARTICIPANT-STATUS-597706	Dead	damnant_quod_non_intellegunt	Yes	COMPLETED	scientia_et_labor
participant_status	CTDC-PARTICIPANT-632335	CTDC-PARTICIPANT-STATUS-942137	Alive with No Evidence of Disease	cacatum_non_est_pictum	Unknown	PROTOCOL DEVIATION	scientia_et_labor
participant_status	CTDC-PARTICIPANT-374124	CTDC-PARTICIPANT-STATUS-875530	Alive, Disease Status Unknown	imperium_in_imperio	No	PREGNANCY	scientia_et_labor
participant_status	CTDC-PARTICIPANT-585675	CTDC-PARTICIPANT-STATUS-573301	DEAD	scientiae_et_patriae	Unknown	PHYSICIAN DECISION	scientiae_et_patriae
participant_status	CTDC-PARTICIPANT-456060	CTDC-PARTICIPANT-STATUS-730889	ALIVE	cacatum_non_est_pictum	No	MET ELIGIBILITY CRITERIA BUT NOT NEEDED	id_quod_plerumque_accidit
participant_status	CTDC-PARTICIPANT-413222	CTDC-PARTICIPANT-STATUS-385249	UNKNOWN	damnant_quod_non_intellegunt	No	PHYSICIAN DECISION	e_causa_ignota
participant_status	CTDC-PARTICIPANT-820287	CTDC-PARTICIPANT-STATUS-671310	Dead	scientia_et_labor	Yes	OTHER	Obedientia_civium_urbis_felicitas
participant_status	CTDC-PARTICIPANT-731336	CTDC-PARTICIPANT-STATUS-578487	Alive, Disease Status Unknown	labor_ipse_voluptas	Yes	PROGRESSIVE DISEASE	a_bene_placito
participant_status	CTDC-PARTICIPANT-872635	CTDC-PARTICIPANT-STATUS-455278	Alive, Disease Status Unknown	id_quod_plerumque_accidit	Unknown	RANDOMIZED BY MISTAKE WITHOUT STUDY TREATMENT	sapiens_qui_prospicit
participant_status	CTDC-PARTICIPANT-598811	CTDC-PARTICIPANT-STATUS-672904	Alive, Disease Status Unknown	e_causa_ignota	Unknown	RANDOMIZED BY MISTAKE WITH STUDY TREATMENT	O_Tite_tute_Tati_tibi_tanta_tyranne_tulisti
participant_status	CTDC-PARTICIPANT-694406	CTDC-PARTICIPANT-STATUS-636900	ALIVE	damnant_quod_non_intellegunt	Unknown	PREGNANCY	O_Tite_tute_Tati_tibi_tanta_tyranne_tulisti
participant_status	CTDC-PARTICIPANT-125315	CTDC-PARTICIPANT-STATUS-381954	Alive with Disease	cacatum_non_est_pictum	No	APPROVED DRUG AVAILABLE FOR INDICATION	scientiae_et_patriae
participant_status	CTDC-PARTICIPANT-713422	CTDC-PARTICIPANT-STATUS-122095	Alive with No Evidence of Disease	O_Tite_tute_Tati_tibi_tanta_tyranne_tulisti	Yes	LACK OF EFFICACY	scientia_imperii_decus_et_tutamen
participant_status	CTDC-PARTICIPANT-588711	CTDC-PARTICIPANT-STATUS-380938	Alive with No Evidence of Disease	haec_olim_meminisse_iuvabit	No	RANDOMIZED BY MISTAKE WITH STUDY TREATMENT	Obedientia_civium_urbis_felicitas
participant_status	CTDC-PARTICIPANT-544291	CTDC-PARTICIPANT-STATUS-871692	Dead	Macte_animo_Generose_puer_sic_itur_ad_astra	No	LOST TO FOLLOW-UP	nascentes_morimur_finisque_ab_origine_pendet
participant_status	CTDC-PARTICIPANT-315000	CTDC-PARTICIPANT-STATUS-849601	Alive with No Evidence of Disease	scientia,_aere_perennius	No	RANDOMIZED BY MISTAKE	id_quod_plerumque_accidit
participant_status	CTDC-PARTICIPANT-751219	CTDC-PARTICIPANT-STATUS-834754	Alive with No Evidence of Disease	id_quod_plerumque_accidit	No	COMPLETED	faber_est_suae_quisque_fortunae
participant_status	CTDC-PARTICIPANT-688579	CTDC-PARTICIPANT-STATUS-606169	Alive with Disease	scientia_et_labor	Unknown	PROTOCOL VIOLATION	scientia_imperii_decus_et_tutamen
participant_status	CTDC-PARTICIPANT-508271	CTDC-PARTICIPANT-STATUS-353526	Dead	scientia,_aere_perennius	No	WITHDRAWAL BY PARENT/GUARDIAN	imperium_in_imperio
participant_status	CTDC-PARTICIPANT-283939	CTDC-PARTICIPANT-STATUS-207064	Alive, Disease Status Unknown	salus_in_arduis	No	STUDY TERMINATED BY SPONSOR	nanos_gigantum_humeris_insidentes
participant_status	CTDC-PARTICIPANT-817899	CTDC-PARTICIPANT-STATUS-647336	Alive with No Evidence of Disease	saltus_in_demonstrando	Yes	ADVERSE EVENT	Obedientia_civium_urbis_felicitas
participant_status	CTDC-PARTICIPANT-734618	CTDC-PARTICIPANT-STATUS-645709	Alive with No Evidence of Disease	labor_ipse_voluptas	No	DISEASE RELAPSE	pace_tua
participant_status	CTDC-PARTICIPANT-687386	CTDC-PARTICIPANT-STATUS-205223	Dead	faber_est_suae_quisque_fortunae	Unknown	REQUIRES PROHIBITED MEDICATION	Macte_animo_Generose_puer_sic_itur_ad_astra
participant_status	CTDC-PARTICIPANT-167854	CTDC-PARTICIPANT-STATUS-623792	UNKNOWN	haec_olim_meminisse_iuvabit	No	APPROVED DRUG AVAILABLE FOR INDICATION	scientia,_aere_perennius
participant_status	CTDC-PARTICIPANT-710214	CTDC-PARTICIPANT-STATUS-230106	Dead	haec_olim_meminisse_iuvabit	No	STUDY TERMINATED BY SPONSOR	pace_tua
participant_status	CTDC-PARTICIPANT-438817	CTDC-PARTICIPANT-STATUS-788301	Dead	Obedientia_civium_urbis_felicitas	Unknown	PARTNER PREGNANCY	nanos_gigantum_humeris_insidentes
participant_status	CTDC-PARTICIPANT-492236	CTDC-PARTICIPANT-STATUS-837526	UNKNOWN	id_quod_plerumque_accidit	Yes	PROTOCOL-SPECIFIED WITHDRAWAL CRITERION MET	damnant_quod_non_intellegunt
participant_status	CTDC-PARTICIPANT-831175	CTDC-PARTICIPANT-STATUS-673671	UNKNOWN	pace_tua	No	PHYSICIAN DECISION	scientia,_aere_perennius
participant_status	CTDC-PARTICIPANT-164613	CTDC-PARTICIPANT-STATUS-203072	ALIVE	barba_crescit_caput_nescit	Yes	NON-COMPLIANCE WITH NON-STUDY DEVICE	O_Tite_tute_Tati_tibi_tanta_tyranne_tulisti
participant_status	CTDC-PARTICIPANT-297317	CTDC-PARTICIPANT-STATUS-449796	Dead	Gallia_est_omnis_divisa_in_partes_tres	Yes	PROTOCOL DEVIATION	labor_ipse_voluptas
participant_status	CTDC-PARTICIPANT-694822	CTDC-PARTICIPANT-STATUS-118474	DEAD	scientia_imperii_decus_et_tutamen	Unknown	NON-COMPLIANCE WITH STUDY DEVICE	barba_crescit_caput_nescit
participant_status	CTDC-PARTICIPANT-817795	CTDC-PARTICIPANT-STATUS-741457	Alive, Disease Status Unknown	haec_olim_meminisse_iuvabit	Unknown	NON-COMPLIANCE WITH STUDY DEVICE	Gallia_est_omnis_divisa_in_partes_tres
participant_status	CTDC-PARTICIPANT-907386	CTDC-PARTICIPANT-STATUS-781643	Alive with No Evidence of Disease	scientia_imperii_decus_et_tutamen	Unknown	RANDOMIZED BY MISTAKE	scientia_imperii_decus_et_tutamen
participant_status	CTDC-PARTICIPANT-555289	CTDC-PARTICIPANT-STATUS-797098	UNKNOWN	id_quod_plerumque_accidit	Yes	SPONSOR REQUEST	imperium_in_imperio
participant_status	CTDC-PARTICIPANT-849475	CTDC-PARTICIPANT-STATUS-637520	Alive, Disease Status Unknown	scientiae_cedit_mare	No	PREGNANCY	faber_est_suae_quisque_fortunae
participant_status	CTDC-PARTICIPANT-950504	CTDC-PARTICIPANT-STATUS-687192	Alive with Disease	imperium_in_imperio	Yes	NON-COMPLIANCE WITH STUDY DEVICE	faber_est_suae_quisque_fortunae
participant_status	CTDC-PARTICIPANT-356630	CTDC-PARTICIPANT-STATUS-943076	Dead	Gallia_est_omnis_divisa_in_partes_tres	Yes	STUDY TERMINATED BY SPONSOR	salus_in_arduis
participant_status	CTDC-PARTICIPANT-997361	CTDC-PARTICIPANT-STATUS-689649	Alive, Disease Status Unknown	e_causa_ignota	Yes	NO LONGER CLINICALLY BENEFITING	scientia_imperii_decus_et_tutamen
participant_status	CTDC-PARTICIPANT-904557	CTDC-PARTICIPANT-STATUS-186151	UNKNOWN	scientia,_aere_perennius	Unknown	LOGISTICAL PROBLEM	id_quod_plerumque_accidit
participant_status	CTDC-PARTICIPANT-442456	CTDC-PARTICIPANT-STATUS-722544	Alive with Disease	imperium_in_imperio	Yes	TECHNICAL PROBLEMS	sapiens_qui_prospicit
participant_status	CTDC-PARTICIPANT-350920	CTDC-PARTICIPANT-STATUS-188296	Alive with Disease	nanos_gigantum_humeris_insidentes	Yes	DISEASE RELAPSE	cacatum_non_est_pictum
participant_status	CTDC-PARTICIPANT-384798	CTDC-PARTICIPANT-STATUS-294291	Dead	pace_tua	Unknown	WITHDRAWAL BY SUBJECT	saltus_in_demonstrando
participant_status	CTDC-PARTICIPANT-241999	CTDC-PARTICIPANT-STATUS-925548	Alive, Disease Status Unknown	salus_in_arduis	Unknown	FAILURE TO MEET RANDOMIZATION CRITERIA	scientia_imperii_decus_et_tutamen
participant_status	CTDC-PARTICIPANT-320397	CTDC-PARTICIPANT-STATUS-502259	Dead	labor_ipse_voluptas	Unknown	PROTOCOL VIOLATION	nascentes_morimur_finisque_ab_origine_pendet
participant_status	CTDC-PARTICIPANT-343299	CTDC-PARTICIPANT-STATUS-279520	Alive with No Evidence of Disease	haec_olim_meminisse_iuvabit	No	NON-COMPLIANCE WITH STUDY SCHEDULE	nascentes_morimur_finisque_ab_origine_pendet
participant_status	CTDC-PARTICIPANT-559279	CTDC-PARTICIPANT-STATUS-555826	Alive with No Evidence of Disease	pace_tua	Yes	NON-COMPLIANCE WITH STUDY DRUG	a_bene_placito
participant_status	CTDC-PARTICIPANT-588655	CTDC-PARTICIPANT-STATUS-595100	DEAD	haec_olim_meminisse_iuvabit	Unknown	REQUIRES PROHIBITED MEDICATION	cacatum_non_est_pictum
participant_status	CTDC-PARTICIPANT-941268	CTDC-PARTICIPANT-STATUS-656666	Alive, Disease Status Unknown	e_causa_ignota	Unknown	FAILURE TO MEET CONTINUATION CRITERIA	pace_tua
participant_status	CTDC-PARTICIPANT-114882	CTDC-PARTICIPANT-STATUS-344327	Dead	faber_est_suae_quisque_fortunae	No	NEVER DOSED	labor_ipse_voluptas
participant_status	CTDC-PARTICIPANT-421806	CTDC-PARTICIPANT-STATUS-594710	Alive with No Evidence of Disease	O_Tite_tute_Tati_tibi_tanta_tyranne_tulisti	Unknown	PROTOCOL VIOLATION	Gallia_est_omnis_divisa_in_partes_tres
participant_status	CTDC-PARTICIPANT-831231	CTDC-PARTICIPANT-STATUS-226790	UNKNOWN	pace_tua	Unknown	WITHDRAWAL BY SUBJECT	imperium_in_imperio
participant_status	CTDC-PARTICIPANT-403816	CTDC-PARTICIPANT-STATUS-241143	Alive with No Evidence of Disease	id_quod_plerumque_accidit	Yes	LACK OF EFFICACY	scientia_imperii_decus_et_tutamen
participant_status	CTDC-PARTICIPANT-662249	CTDC-PARTICIPANT-STATUS-236518	ALIVE	sapiens_qui_prospicit	Yes	PARTNER PREGNANCY	e_causa_ignota
participant_status	CTDC-PARTICIPANT-633930	CTDC-PARTICIPANT-STATUS-373145	Dead	id_quod_plerumque_accidit	Yes	SCREENING NOT COMPLETED	scientia_imperii_decus_et_tutamen
participant_status	CTDC-PARTICIPANT-100511	CTDC-PARTICIPANT-STATUS-543783	Alive, Disease Status Unknown	scientia_imperii_decus_et_tutamen	No	RANDOMIZED BY MISTAKE WITHOUT STUDY TREATMENT	nascentes_morimur_finisque_ab_origine_pendet
participant_status	CTDC-PARTICIPANT-242408	CTDC-PARTICIPANT-STATUS-445200	ALIVE	imperium_in_imperio	Unknown	LOST TO FOLLOW-UP	damnant_quod_non_intellegunt
participant_status	CTDC-PARTICIPANT-431828	CTDC-PARTICIPANT-STATUS-872611	ALIVE	a_bene_placito	No	WITHDRAWAL BY PARENT/GUARDIAN	scientiae_cedit_mare
participant_status	CTDC-PARTICIPANT-758307	CTDC-PARTICIPANT-STATUS-260818	ALIVE	e_causa_ignota	Unknown	STUDY TERMINATED BY SPONSOR	Obedientia_civium_urbis_felicitas
participant_status	CTDC-PARTICIPANT-968512	CTDC-PARTICIPANT-STATUS-594691	Alive, Disease Status Unknown	id_quod_plerumque_accidit	Yes	STUDY TERMINATED BY SPONSOR	damnant_quod_non_intellegunt
participant_status	CTDC-PARTICIPANT-642052	CTDC-PARTICIPANT-STATUS-432078	UNKNOWN	faber_est_suae_quisque_fortunae	Unknown	NEVER DOSED	labor_ipse_voluptas
participant_status	CTDC-PARTICIPANT-979933	CTDC-PARTICIPANT-STATUS-952599	UNKNOWN	saltus_in_demonstrando	Unknown	LOGISTICAL PROBLEM	scientia_et_labor
