type	study.study_short_name	participant_id	biomarker_results_available	radiology_report_available	radiology_images_available	histology_images_available	crdc_id
participant	CTDC-STUDY-496749	CTDC-PARTICIPANT-641111	Unknown	No	No	No	faber_est_suae_quisque_fortunae
participant	CTDC-STUDY-496749	CTDC-PARTICIPANT-429411	Yes	Yes	Unknown	Yes	sapiens_qui_prospicit
participant	CTDC-STUDY-496749	CTDC-PARTICIPANT-209642	No	Yes	Yes	Unknown	pace_tua
participant	CTDC-STUDY-496749	CTDC-PARTICIPANT-482694	No	Unknown	Yes	Unknown	Macte_animo_Generose_puer_sic_itur_ad_astra
participant	CTDC-STUDY-496749	CTDC-PARTICIPANT-301326	Unknown	Yes	Yes	No	nanos_gigantum_humeris_insidentes
participant	CTDC-STUDY-496749	CTDC-PARTICIPANT-449539	No	No	No	No	haec_olim_meminisse_iuvabit
participant	CTDC-STUDY-496749	CTDC-PARTICIPANT-340275	Unknown	Unknown	No	Unknown	imperium_in_imperio
participant	CTDC-STUDY-496749	CTDC-PARTICIPANT-198783	Unknown	Unknown	Yes	Unknown	Obedientia_civium_urbis_felicitas
participant	CTDC-STUDY-496749	CTDC-PARTICIPANT-786373	No	No	Yes	No	haec_olim_meminisse_iuvabit
participant	CTDC-STUDY-496749	CTDC-PARTICIPANT-791713	Unknown	Yes	Unknown	Unknown	scientiae_cedit_mare
participant	CTDC-STUDY-496749	CTDC-PARTICIPANT-671238	Yes	Unknown	No	Yes	cacatum_non_est_pictum
participant	CTDC-STUDY-496749	CTDC-PARTICIPANT-371594	Unknown	No	Unknown	Yes	damnant_quod_non_intellegunt
participant	CTDC-STUDY-496749	CTDC-PARTICIPANT-584849	Unknown	Yes	Yes	No	scientia,_aere_perennius
participant	CTDC-STUDY-496749	CTDC-PARTICIPANT-513457	No	No	No	Yes	cacatum_non_est_pictum
participant	CTDC-STUDY-496749	CTDC-PARTICIPANT-286805	No	No	No	Yes	scientia_et_labor
participant	CTDC-STUDY-496749	CTDC-PARTICIPANT-360661	Yes	Unknown	Unknown	No	scientiae_cedit_mare
participant	CTDC-STUDY-496749	CTDC-PARTICIPANT-208381	No	Unknown	Yes	No	scientia_et_sapientia
participant	CTDC-STUDY-496749	CTDC-PARTICIPANT-149549	Yes	Unknown	Yes	Unknown	labor_ipse_voluptas
participant	CTDC-STUDY-496749	CTDC-PARTICIPANT-607722	Unknown	Unknown	No	Yes	Macte_animo_Generose_puer_sic_itur_ad_astra
participant	CTDC-STUDY-496749	CTDC-PARTICIPANT-968052	Yes	No	Yes	Yes	nascentes_morimur_finisque_ab_origine_pendet
participant	CTDC-STUDY-496749	CTDC-PARTICIPANT-273892	No	Yes	Yes	Yes	scientia_et_sapientia
participant	CTDC-STUDY-496749	CTDC-PARTICIPANT-599675	Yes	No	Unknown	Yes	imperium_in_imperio
participant	CTDC-STUDY-496749	CTDC-PARTICIPANT-389190	No	Yes	Yes	Unknown	faber_est_suae_quisque_fortunae
participant	CTDC-STUDY-496749	CTDC-PARTICIPANT-992012	Yes	Unknown	No	Unknown	salus_in_arduis
participant	CTDC-STUDY-496749	CTDC-PARTICIPANT-322813	Yes	Yes	Yes	No	cacatum_non_est_pictum
participant	CTDC-STUDY-496749	CTDC-PARTICIPANT-563302	No	No	Unknown	No	scientiae_cedit_mare
participant	CTDC-STUDY-496749	CTDC-PARTICIPANT-449980	Yes	Unknown	Yes	Yes	salus_in_arduis
participant	CTDC-STUDY-496749	CTDC-PARTICIPANT-863646	Yes	No	Yes	No	scientiae_et_patriae
participant	CTDC-STUDY-496749	CTDC-PARTICIPANT-365305	No	No	Unknown	Unknown	barba_crescit_caput_nescit
participant	CTDC-STUDY-496749	CTDC-PARTICIPANT-684111	Yes	Yes	Unknown	Yes	scientia_et_labor
participant	CTDC-STUDY-496749	CTDC-PARTICIPANT-891914	Unknown	Unknown	No	No	nascentes_morimur_finisque_ab_origine_pendet
participant	CTDC-STUDY-496749	CTDC-PARTICIPANT-486601	Unknown	Yes	Yes	No	Gallia_est_omnis_divisa_in_partes_tres
participant	CTDC-STUDY-496749	CTDC-PARTICIPANT-531064	Yes	Yes	Unknown	Yes	barba_crescit_caput_nescit
participant	CTDC-STUDY-496749	CTDC-PARTICIPANT-929629	No	Yes	Yes	No	Macte_animo_Generose_puer_sic_itur_ad_astra
participant	CTDC-STUDY-496749	CTDC-PARTICIPANT-667747	Unknown	No	Yes	No	pace_tua
participant	CTDC-STUDY-496749	CTDC-PARTICIPANT-270141	Yes	Yes	Unknown	No	barba_crescit_caput_nescit
participant	CTDC-STUDY-496749	CTDC-PARTICIPANT-779049	No	Unknown	No	No	scientia,_aere_perennius
participant	CTDC-STUDY-496749	CTDC-PARTICIPANT-297073	No	Yes	No	No	a_bene_placito
participant	CTDC-STUDY-496749	CTDC-PARTICIPANT-749799	Unknown	No	Unknown	No	imperium_in_imperio
participant	CTDC-STUDY-496749	CTDC-PARTICIPANT-922401	No	Unknown	No	No	labor_ipse_voluptas
participant	CTDC-STUDY-496749	CTDC-PARTICIPANT-382937	No	Yes	Yes	No	a_bene_placito
participant	CTDC-STUDY-496749	CTDC-PARTICIPANT-294142	Unknown	No	Unknown	Yes	cacatum_non_est_pictum
participant	CTDC-STUDY-496749	CTDC-PARTICIPANT-690107	Unknown	No	Yes	No	scientia_imperii_decus_et_tutamen
participant	CTDC-STUDY-496749	CTDC-PARTICIPANT-366120	Yes	Yes	Yes	Yes	Gallia_est_omnis_divisa_in_partes_tres
participant	CTDC-STUDY-496749	CTDC-PARTICIPANT-638488	Yes	Unknown	No	No	scientia,_aere_perennius
participant	CTDC-STUDY-496749	CTDC-PARTICIPANT-314138	Unknown	Yes	Unknown	No	Gallia_est_omnis_divisa_in_partes_tres
participant	CTDC-STUDY-496749	CTDC-PARTICIPANT-938247	Yes	No	Unknown	No	scientia_et_labor
participant	CTDC-STUDY-496749	CTDC-PARTICIPANT-791745	No	No	No	Yes	scientia_et_sapientia
participant	CTDC-STUDY-496749	CTDC-PARTICIPANT-817733	Unknown	Yes	No	No	scientiae_et_patriae
participant	CTDC-STUDY-496749	CTDC-PARTICIPANT-254156	No	Unknown	Yes	Unknown	e_causa_ignota
participant	CTDC-STUDY-496749	CTDC-PARTICIPANT-207908	Yes	No	Unknown	No	sapiens_qui_prospicit
participant	CTDC-STUDY-496749	CTDC-PARTICIPANT-536513	Yes	Yes	Yes	Unknown	nascentes_morimur_finisque_ab_origine_pendet
participant	CTDC-STUDY-496749	CTDC-PARTICIPANT-353582	Unknown	Unknown	Unknown	Unknown	pace_tua
participant	CTDC-STUDY-496749	CTDC-PARTICIPANT-970835	Unknown	Unknown	Yes	Yes	O_Tite_tute_Tati_tibi_tanta_tyranne_tulisti
participant	CTDC-STUDY-496749	CTDC-PARTICIPANT-380250	No	Yes	Yes	Unknown	scientiae_cedit_mare
participant	CTDC-STUDY-496749	CTDC-PARTICIPANT-824360	Yes	Unknown	No	Yes	scientiae_et_patriae
participant	CTDC-STUDY-496749	CTDC-PARTICIPANT-519155	Yes	No	Yes	Yes	O_Tite_tute_Tati_tibi_tanta_tyranne_tulisti
participant	CTDC-STUDY-496749	CTDC-PARTICIPANT-830585	No	Unknown	Unknown	No	nanos_gigantum_humeris_insidentes
participant	CTDC-STUDY-496749	CTDC-PARTICIPANT-641275	No	Unknown	Unknown	Unknown	scientia,_aere_perennius
participant	CTDC-STUDY-496749	CTDC-PARTICIPANT-457741	Yes	Yes	Unknown	Unknown	pace_tua
participant	CTDC-STUDY-496749	CTDC-PARTICIPANT-523680	Unknown	Unknown	Yes	No	Macte_animo_Generose_puer_sic_itur_ad_astra
participant	CTDC-STUDY-496749	CTDC-PARTICIPANT-234308	Unknown	Yes	Yes	Yes	pace_tua
participant	CTDC-STUDY-496749	CTDC-PARTICIPANT-432039	Unknown	Yes	Yes	Yes	a_bene_placito
participant	CTDC-STUDY-496749	CTDC-PARTICIPANT-573467	Unknown	Yes	Yes	Yes	e_causa_ignota
participant	CTDC-STUDY-496749	CTDC-PARTICIPANT-957799	Unknown	Yes	Unknown	No	scientiae_et_patriae
participant	CTDC-STUDY-496749	CTDC-PARTICIPANT-111060	Yes	No	Unknown	No	imperium_in_imperio
participant	CTDC-STUDY-496749	CTDC-PARTICIPANT-595441	Unknown	No	Unknown	No	Macte_animo_Generose_puer_sic_itur_ad_astra
participant	CTDC-STUDY-496749	CTDC-PARTICIPANT-541554	Unknown	Yes	Yes	Unknown	Obedientia_civium_urbis_felicitas
participant	CTDC-STUDY-496749	CTDC-PARTICIPANT-330696	Unknown	Yes	Unknown	Yes	imperium_in_imperio
participant	CTDC-STUDY-496749	CTDC-PARTICIPANT-668935	Yes	No	Unknown	No	nanos_gigantum_humeris_insidentes
participant	CTDC-STUDY-496749	CTDC-PARTICIPANT-204363	Unknown	Yes	No	No	cacatum_non_est_pictum
participant	CTDC-STUDY-496749	CTDC-PARTICIPANT-340899	Unknown	No	Yes	Unknown	scientia,_aere_perennius
participant	CTDC-STUDY-496749	CTDC-PARTICIPANT-129178	Unknown	Unknown	Yes	Unknown	nanos_gigantum_humeris_insidentes
participant	CTDC-STUDY-496749	CTDC-PARTICIPANT-701011	No	Unknown	Unknown	No	Gallia_est_omnis_divisa_in_partes_tres
participant	CTDC-STUDY-496749	CTDC-PARTICIPANT-530141	No	No	No	Yes	scientia,_aere_perennius
participant	CTDC-STUDY-496749	CTDC-PARTICIPANT-707432	Yes	Unknown	No	No	barba_crescit_caput_nescit
participant	CTDC-STUDY-496749	CTDC-PARTICIPANT-960610	Unknown	No	Yes	Yes	scientia_et_labor
participant	CTDC-STUDY-496749	CTDC-PARTICIPANT-353052	No	Unknown	Yes	Unknown	id_quod_plerumque_accidit
participant	CTDC-STUDY-496749	CTDC-PARTICIPANT-259646	Unknown	Yes	Yes	Yes	nanos_gigantum_humeris_insidentes
participant	CTDC-STUDY-496749	CTDC-PARTICIPANT-995400	No	Yes	Yes	Yes	imperium_in_imperio
participant	CTDC-STUDY-496749	CTDC-PARTICIPANT-315263	Yes	No	Unknown	No	nascentes_morimur_finisque_ab_origine_pendet
participant	CTDC-STUDY-496749	CTDC-PARTICIPANT-312873	Yes	No	No	Unknown	imperium_in_imperio
participant	CTDC-STUDY-496749	CTDC-PARTICIPANT-233585	No	Unknown	Unknown	Unknown	pace_tua
participant	CTDC-STUDY-496749	CTDC-PARTICIPANT-665346	Unknown	Yes	No	Yes	saltus_in_demonstrando
participant	CTDC-STUDY-496749	CTDC-PARTICIPANT-141586	Unknown	Yes	No	Yes	Macte_animo_Generose_puer_sic_itur_ad_astra
participant	CTDC-STUDY-496749	CTDC-PARTICIPANT-855122	Yes	No	Unknown	Yes	damnant_quod_non_intellegunt
participant	CTDC-STUDY-496749	CTDC-PARTICIPANT-498655	No	Unknown	No	Yes	Gallia_est_omnis_divisa_in_partes_tres
participant	CTDC-STUDY-496749	CTDC-PARTICIPANT-929749	Yes	No	Unknown	Unknown	nascentes_morimur_finisque_ab_origine_pendet
participant	CTDC-STUDY-496749	CTDC-PARTICIPANT-778982	Unknown	No	No	Yes	nanos_gigantum_humeris_insidentes
participant	CTDC-STUDY-496749	CTDC-PARTICIPANT-881373	Yes	No	Yes	Unknown	labor_ipse_voluptas
participant	CTDC-STUDY-496749	CTDC-PARTICIPANT-632335	Unknown	Unknown	Yes	No	scientia,_aere_perennius
participant	CTDC-STUDY-496749	CTDC-PARTICIPANT-374124	No	Yes	Unknown	Unknown	O_Tite_tute_Tati_tibi_tanta_tyranne_tulisti
participant	CTDC-STUDY-496749	CTDC-PARTICIPANT-585675	Unknown	Unknown	Yes	Unknown	labor_ipse_voluptas
participant	CTDC-STUDY-496749	CTDC-PARTICIPANT-456060	Yes	No	No	No	scientiae_cedit_mare
participant	CTDC-STUDY-496749	CTDC-PARTICIPANT-413222	Yes	Yes	Unknown	No	nanos_gigantum_humeris_insidentes
participant	CTDC-STUDY-496749	CTDC-PARTICIPANT-820287	Yes	Unknown	Unknown	No	scientia_et_sapientia
participant	CTDC-STUDY-496749	CTDC-PARTICIPANT-731336	No	Yes	Unknown	No	faber_est_suae_quisque_fortunae
participant	CTDC-STUDY-496749	CTDC-PARTICIPANT-872635	Unknown	Unknown	No	Unknown	scientia_et_labor
participant	CTDC-STUDY-496749	CTDC-PARTICIPANT-598811	Yes	Yes	Yes	No	labor_ipse_voluptas
participant	CTDC-STUDY-496749	CTDC-PARTICIPANT-694406	No	No	Unknown	Unknown	O_Tite_tute_Tati_tibi_tanta_tyranne_tulisti
participant	CTDC-STUDY-496749	CTDC-PARTICIPANT-125315	No	No	Yes	Yes	labor_ipse_voluptas
participant	CTDC-STUDY-496749	CTDC-PARTICIPANT-713422	No	Unknown	Unknown	No	salus_in_arduis
participant	CTDC-STUDY-496749	CTDC-PARTICIPANT-588711	Unknown	No	Yes	Yes	salus_in_arduis
participant	CTDC-STUDY-496749	CTDC-PARTICIPANT-544291	No	Unknown	Unknown	Unknown	id_quod_plerumque_accidit
participant	CTDC-STUDY-496749	CTDC-PARTICIPANT-315000	No	No	Yes	No	barba_crescit_caput_nescit
participant	CTDC-STUDY-496749	CTDC-PARTICIPANT-751219	No	No	No	Unknown	Macte_animo_Generose_puer_sic_itur_ad_astra
participant	CTDC-STUDY-496749	CTDC-PARTICIPANT-688579	Unknown	Unknown	Yes	No	scientiae_cedit_mare
participant	CTDC-STUDY-496749	CTDC-PARTICIPANT-508271	Yes	Yes	No	Unknown	Gallia_est_omnis_divisa_in_partes_tres
participant	CTDC-STUDY-496749	CTDC-PARTICIPANT-283939	No	No	No	Yes	id_quod_plerumque_accidit
participant	CTDC-STUDY-496749	CTDC-PARTICIPANT-817899	Yes	Yes	Yes	No	Gallia_est_omnis_divisa_in_partes_tres
participant	CTDC-STUDY-496749	CTDC-PARTICIPANT-734618	Unknown	Unknown	Yes	Yes	sapiens_qui_prospicit
participant	CTDC-STUDY-496749	CTDC-PARTICIPANT-687386	No	Unknown	Unknown	Yes	Macte_animo_Generose_puer_sic_itur_ad_astra
participant	CTDC-STUDY-496749	CTDC-PARTICIPANT-167854	Unknown	Yes	No	No	faber_est_suae_quisque_fortunae
participant	CTDC-STUDY-496749	CTDC-PARTICIPANT-710214	No	Yes	Unknown	No	haec_olim_meminisse_iuvabit
participant	CTDC-STUDY-496749	CTDC-PARTICIPANT-438817	Unknown	Unknown	No	Unknown	scientia_et_sapientia
participant	CTDC-STUDY-496749	CTDC-PARTICIPANT-492236	Yes	No	Yes	Yes	Gallia_est_omnis_divisa_in_partes_tres
participant	CTDC-STUDY-496749	CTDC-PARTICIPANT-831175	Unknown	Yes	Yes	Unknown	faber_est_suae_quisque_fortunae
participant	CTDC-STUDY-496749	CTDC-PARTICIPANT-164613	No	Yes	Yes	Yes	scientia_et_labor
participant	CTDC-STUDY-496749	CTDC-PARTICIPANT-297317	Yes	Unknown	No	Yes	scientiae_cedit_mare
participant	CTDC-STUDY-496749	CTDC-PARTICIPANT-694822	Unknown	Yes	No	Unknown	scientiae_et_patriae
participant	CTDC-STUDY-496749	CTDC-PARTICIPANT-817795	Unknown	Unknown	No	No	scientiae_et_patriae
participant	CTDC-STUDY-496749	CTDC-PARTICIPANT-907386	No	Unknown	Unknown	Unknown	scientiae_cedit_mare
participant	CTDC-STUDY-496749	CTDC-PARTICIPANT-555289	No	No	Unknown	Yes	id_quod_plerumque_accidit
participant	CTDC-STUDY-496749	CTDC-PARTICIPANT-849475	Unknown	Yes	Unknown	Unknown	sapiens_qui_prospicit
participant	CTDC-STUDY-496749	CTDC-PARTICIPANT-950504	Yes	Yes	Yes	Unknown	Gallia_est_omnis_divisa_in_partes_tres
participant	CTDC-STUDY-496749	CTDC-PARTICIPANT-356630	Unknown	Unknown	Unknown	Unknown	salus_in_arduis
participant	CTDC-STUDY-496749	CTDC-PARTICIPANT-997361	Unknown	No	No	Unknown	scientiae_et_patriae
participant	CTDC-STUDY-496749	CTDC-PARTICIPANT-904557	No	Unknown	Yes	Yes	O_Tite_tute_Tati_tibi_tanta_tyranne_tulisti
participant	CTDC-STUDY-496749	CTDC-PARTICIPANT-442456	Unknown	Yes	Unknown	Yes	haec_olim_meminisse_iuvabit
participant	CTDC-STUDY-496749	CTDC-PARTICIPANT-350920	Yes	Yes	Unknown	Yes	e_causa_ignota
participant	CTDC-STUDY-496749	CTDC-PARTICIPANT-384798	Unknown	Unknown	Unknown	No	saltus_in_demonstrando
participant	CTDC-STUDY-496749	CTDC-PARTICIPANT-241999	Yes	Unknown	Unknown	Yes	sapiens_qui_prospicit
participant	CTDC-STUDY-496749	CTDC-PARTICIPANT-320397	No	No	No	Yes	O_Tite_tute_Tati_tibi_tanta_tyranne_tulisti
participant	CTDC-STUDY-496749	CTDC-PARTICIPANT-343299	Yes	Unknown	No	Unknown	imperium_in_imperio
participant	CTDC-STUDY-496749	CTDC-PARTICIPANT-559279	No	Unknown	Yes	Unknown	nanos_gigantum_humeris_insidentes
participant	CTDC-STUDY-496749	CTDC-PARTICIPANT-588655	No	Unknown	Unknown	No	scientiae_et_patriae
participant	CTDC-STUDY-496749	CTDC-PARTICIPANT-941268	Unknown	No	Yes	Unknown	salus_in_arduis
participant	CTDC-STUDY-496749	CTDC-PARTICIPANT-114882	Unknown	No	Yes	Unknown	Obedientia_civium_urbis_felicitas
participant	CTDC-STUDY-496749	CTDC-PARTICIPANT-421806	Yes	Unknown	No	Yes	id_quod_plerumque_accidit
participant	CTDC-STUDY-496749	CTDC-PARTICIPANT-831231	No	No	Yes	Unknown	faber_est_suae_quisque_fortunae
participant	CTDC-STUDY-496749	CTDC-PARTICIPANT-403816	Yes	Yes	Unknown	No	saltus_in_demonstrando
participant	CTDC-STUDY-496749	CTDC-PARTICIPANT-662249	No	Unknown	No	No	nascentes_morimur_finisque_ab_origine_pendet
participant	CTDC-STUDY-496749	CTDC-PARTICIPANT-633930	No	Yes	Yes	Unknown	e_causa_ignota
participant	CTDC-STUDY-496749	CTDC-PARTICIPANT-100511	Yes	Yes	No	Yes	scientia_et_sapientia
participant	CTDC-STUDY-496749	CTDC-PARTICIPANT-242408	Yes	No	Unknown	Yes	O_Tite_tute_Tati_tibi_tanta_tyranne_tulisti
participant	CTDC-STUDY-496749	CTDC-PARTICIPANT-431828	No	Yes	Unknown	Yes	scientia_imperii_decus_et_tutamen
participant	CTDC-STUDY-496749	CTDC-PARTICIPANT-758307	No	Yes	Unknown	No	id_quod_plerumque_accidit
participant	CTDC-STUDY-496749	CTDC-PARTICIPANT-968512	No	Unknown	Yes	No	Macte_animo_Generose_puer_sic_itur_ad_astra
participant	CTDC-STUDY-496749	CTDC-PARTICIPANT-642052	No	No	Yes	No	scientia_et_sapientia
participant	CTDC-STUDY-496749	CTDC-PARTICIPANT-979933	Yes	No	Unknown	Unknown	salus_in_arduis
