type	study.study_short_name	participant_id	biomarker_results_available	radiology_report_available	radiology_images_available	histology_images_available	crdc_id
participant	CTDC-STUDY-432019	CTDC-PARTICIPANT-255086	Yes	Unknown	No	No	haec_olim_meminisse_iuvabit
participant	CTDC-STUDY-432019	CTDC-PARTICIPANT-214681	Unknown	Unknown	Unknown	Yes	nascentes_morimur_finisque_ab_origine_pendet
participant	CTDC-STUDY-432019	CTDC-PARTICIPANT-660575	Unknown	No	No	Unknown	scientiae_cedit_mare
participant	CTDC-STUDY-432019	CTDC-PARTICIPANT-518364	Unknown	Unknown	Unknown	No	Obedientia_civium_urbis_felicitas
participant	CTDC-STUDY-432019	CTDC-PARTICIPANT-701612	Unknown	Unknown	No	Yes	haec_olim_meminisse_iuvabit
participant	CTDC-STUDY-432019	CTDC-PARTICIPANT-637495	Unknown	No	No	No	barba_crescit_caput_nescit
participant	CTDC-STUDY-432019	CTDC-PARTICIPANT-390274	Yes	Unknown	Unknown	Yes	salus_in_arduis
participant	CTDC-STUDY-432019	CTDC-PARTICIPANT-605060	Yes	Yes	Unknown	Yes	faber_est_suae_quisque_fortunae
participant	CTDC-STUDY-432019	CTDC-PARTICIPANT-955678	Unknown	Unknown	No	No	labor_ipse_voluptas
participant	CTDC-STUDY-432019	CTDC-PARTICIPANT-787508	Yes	Unknown	No	Yes	scientiae_et_patriae
participant	CTDC-STUDY-432019	CTDC-PARTICIPANT-796466	Yes	Unknown	No	No	Gallia_est_omnis_divisa_in_partes_tres
participant	CTDC-STUDY-432019	CTDC-PARTICIPANT-249606	No	No	Unknown	Yes	scientia,_aere_perennius
participant	CTDC-STUDY-432019	CTDC-PARTICIPANT-829468	No	Unknown	Yes	No	O_Tite_tute_Tati_tibi_tanta_tyranne_tulisti
participant	CTDC-STUDY-432019	CTDC-PARTICIPANT-797911	Unknown	Unknown	No	Yes	Gallia_est_omnis_divisa_in_partes_tres
participant	CTDC-STUDY-432019	CTDC-PARTICIPANT-928561	Unknown	Unknown	No	Yes	barba_crescit_caput_nescit
participant	CTDC-STUDY-432019	CTDC-PARTICIPANT-954478	Unknown	Yes	Yes	Yes	salus_in_arduis
participant	CTDC-STUDY-432019	CTDC-PARTICIPANT-386570	Unknown	No	No	Yes	Obedientia_civium_urbis_felicitas
participant	CTDC-STUDY-432019	CTDC-PARTICIPANT-761014	No	Unknown	Yes	Unknown	scientiae_cedit_mare
participant	CTDC-STUDY-432019	CTDC-PARTICIPANT-627536	Unknown	No	Yes	No	O_Tite_tute_Tati_tibi_tanta_tyranne_tulisti
participant	CTDC-STUDY-432019	CTDC-PARTICIPANT-282263	No	Unknown	No	No	salus_in_arduis
participant	CTDC-STUDY-432019	CTDC-PARTICIPANT-688099	Yes	Yes	Yes	Yes	scientia_et_labor
participant	CTDC-STUDY-432019	CTDC-PARTICIPANT-939913	No	No	Unknown	Unknown	faber_est_suae_quisque_fortunae
participant	CTDC-STUDY-432019	CTDC-PARTICIPANT-539346	Yes	Unknown	Yes	Unknown	haec_olim_meminisse_iuvabit
participant	CTDC-STUDY-432019	CTDC-PARTICIPANT-246150	Yes	No	Unknown	Unknown	barba_crescit_caput_nescit
participant	CTDC-STUDY-432019	CTDC-PARTICIPANT-570246	Yes	Unknown	No	No	pace_tua
participant	CTDC-STUDY-432019	CTDC-PARTICIPANT-291591	Unknown	Unknown	Unknown	No	labor_ipse_voluptas
participant	CTDC-STUDY-432019	CTDC-PARTICIPANT-940083	Unknown	Yes	No	Yes	labor_ipse_voluptas
participant	CTDC-STUDY-432019	CTDC-PARTICIPANT-626731	Yes	No	No	No	barba_crescit_caput_nescit
participant	CTDC-STUDY-432019	CTDC-PARTICIPANT-652301	Unknown	Unknown	No	Yes	scientia_imperii_decus_et_tutamen
participant	CTDC-STUDY-432019	CTDC-PARTICIPANT-491260	Unknown	Unknown	Unknown	No	nanos_gigantum_humeris_insidentes
participant	CTDC-STUDY-432019	CTDC-PARTICIPANT-761432	Unknown	Unknown	No	No	e_causa_ignota
participant	CTDC-STUDY-432019	CTDC-PARTICIPANT-352043	No	No	No	Unknown	e_causa_ignota
participant	CTDC-STUDY-432019	CTDC-PARTICIPANT-828608	No	Unknown	No	Yes	labor_ipse_voluptas
participant	CTDC-STUDY-432019	CTDC-PARTICIPANT-232321	Yes	Yes	No	No	scientia_imperii_decus_et_tutamen
participant	CTDC-STUDY-432019	CTDC-PARTICIPANT-733066	Unknown	Yes	Yes	Unknown	e_causa_ignota
participant	CTDC-STUDY-432019	CTDC-PARTICIPANT-428219	Unknown	Yes	No	Unknown	nascentes_morimur_finisque_ab_origine_pendet
participant	CTDC-STUDY-432019	CTDC-PARTICIPANT-215053	Yes	No	Yes	No	scientia_imperii_decus_et_tutamen
participant	CTDC-STUDY-432019	CTDC-PARTICIPANT-946005	Yes	Unknown	Unknown	Yes	imperium_in_imperio
participant	CTDC-STUDY-432019	CTDC-PARTICIPANT-174366	Yes	No	Yes	Unknown	scientia_et_sapientia
participant	CTDC-STUDY-432019	CTDC-PARTICIPANT-856892	Unknown	Yes	Yes	Unknown	scientia_imperii_decus_et_tutamen
participant	CTDC-STUDY-432019	CTDC-PARTICIPANT-922991	No	No	Yes	Yes	Macte_animo_Generose_puer_sic_itur_ad_astra
participant	CTDC-STUDY-432019	CTDC-PARTICIPANT-291581	Yes	No	Unknown	No	nanos_gigantum_humeris_insidentes
participant	CTDC-STUDY-432019	CTDC-PARTICIPANT-474449	Yes	No	No	No	scientia,_aere_perennius
participant	CTDC-STUDY-432019	CTDC-PARTICIPANT-500277	Yes	Yes	Yes	No	scientiae_cedit_mare
participant	CTDC-STUDY-432019	CTDC-PARTICIPANT-237989	Yes	No	Unknown	Yes	faber_est_suae_quisque_fortunae
participant	CTDC-STUDY-432019	CTDC-PARTICIPANT-409930	Unknown	Unknown	Yes	Unknown	Macte_animo_Generose_puer_sic_itur_ad_astra
participant	CTDC-STUDY-432019	CTDC-PARTICIPANT-588323	Unknown	No	No	Yes	scientia,_aere_perennius
participant	CTDC-STUDY-432019	CTDC-PARTICIPANT-550436	Unknown	No	No	Yes	salus_in_arduis
participant	CTDC-STUDY-432019	CTDC-PARTICIPANT-705441	No	Unknown	Yes	Yes	scientia_et_labor
participant	CTDC-STUDY-432019	CTDC-PARTICIPANT-375800	No	Unknown	Unknown	Yes	O_Tite_tute_Tati_tibi_tanta_tyranne_tulisti
participant	CTDC-STUDY-432019	CTDC-PARTICIPANT-819268	No	No	Yes	Unknown	Macte_animo_Generose_puer_sic_itur_ad_astra
participant	CTDC-STUDY-432019	CTDC-PARTICIPANT-101752	Yes	No	No	Yes	imperium_in_imperio
participant	CTDC-STUDY-432019	CTDC-PARTICIPANT-307586	Unknown	Yes	Unknown	Unknown	pace_tua
participant	CTDC-STUDY-432019	CTDC-PARTICIPANT-363672	Yes	No	Unknown	No	scientia_imperii_decus_et_tutamen
participant	CTDC-STUDY-432019	CTDC-PARTICIPANT-390538	Yes	Yes	Yes	Unknown	labor_ipse_voluptas
participant	CTDC-STUDY-432019	CTDC-PARTICIPANT-656708	Yes	No	Yes	Unknown	damnant_quod_non_intellegunt
participant	CTDC-STUDY-432019	CTDC-PARTICIPANT-208873	No	Unknown	Yes	Yes	scientiae_et_patriae
participant	CTDC-STUDY-432019	CTDC-PARTICIPANT-785303	No	Yes	No	Yes	imperium_in_imperio
participant	CTDC-STUDY-432019	CTDC-PARTICIPANT-644061	Yes	Unknown	No	No	scientiae_cedit_mare
participant	CTDC-STUDY-432019	CTDC-PARTICIPANT-784125	Yes	No	No	Yes	nascentes_morimur_finisque_ab_origine_pendet
participant	CTDC-STUDY-432019	CTDC-PARTICIPANT-258433	No	Unknown	No	No	scientia_et_labor
participant	CTDC-STUDY-432019	CTDC-PARTICIPANT-336498	No	No	Unknown	Unknown	pace_tua
participant	CTDC-STUDY-432019	CTDC-PARTICIPANT-599467	No	Yes	Yes	Unknown	scientia,_aere_perennius
participant	CTDC-STUDY-432019	CTDC-PARTICIPANT-813230	Unknown	No	No	No	haec_olim_meminisse_iuvabit
participant	CTDC-STUDY-432019	CTDC-PARTICIPANT-251190	Yes	Yes	No	Unknown	labor_ipse_voluptas
participant	CTDC-STUDY-432019	CTDC-PARTICIPANT-652732	Unknown	Yes	Yes	Yes	faber_est_suae_quisque_fortunae
participant	CTDC-STUDY-432019	CTDC-PARTICIPANT-714466	Yes	No	No	Yes	haec_olim_meminisse_iuvabit
participant	CTDC-STUDY-432019	CTDC-PARTICIPANT-854460	Unknown	No	Unknown	Unknown	faber_est_suae_quisque_fortunae
participant	CTDC-STUDY-432019	CTDC-PARTICIPANT-635713	No	Unknown	No	Yes	a_bene_placito
participant	CTDC-STUDY-432019	CTDC-PARTICIPANT-272872	Yes	Yes	Unknown	No	faber_est_suae_quisque_fortunae
participant	CTDC-STUDY-432019	CTDC-PARTICIPANT-696945	No	No	Yes	Yes	salus_in_arduis
participant	CTDC-STUDY-432019	CTDC-PARTICIPANT-288721	Yes	No	No	No	Gallia_est_omnis_divisa_in_partes_tres
participant	CTDC-STUDY-432019	CTDC-PARTICIPANT-729998	No	Yes	No	Yes	nanos_gigantum_humeris_insidentes
participant	CTDC-STUDY-432019	CTDC-PARTICIPANT-375728	No	Unknown	No	Yes	a_bene_placito
participant	CTDC-STUDY-432019	CTDC-PARTICIPANT-887616	No	Unknown	No	Unknown	nascentes_morimur_finisque_ab_origine_pendet
participant	CTDC-STUDY-432019	CTDC-PARTICIPANT-279150	Yes	Unknown	Unknown	No	Gallia_est_omnis_divisa_in_partes_tres
participant	CTDC-STUDY-432019	CTDC-PARTICIPANT-392542	No	Yes	Unknown	Unknown	saltus_in_demonstrando
participant	CTDC-STUDY-432019	CTDC-PARTICIPANT-633499	Unknown	Yes	Yes	Yes	saltus_in_demonstrando
participant	CTDC-STUDY-432019	CTDC-PARTICIPANT-622867	Yes	Yes	Yes	No	Obedientia_civium_urbis_felicitas
participant	CTDC-STUDY-432019	CTDC-PARTICIPANT-547611	Unknown	No	No	Unknown	labor_ipse_voluptas
participant	CTDC-STUDY-432019	CTDC-PARTICIPANT-227215	No	Yes	Yes	Unknown	scientia_et_labor
participant	CTDC-STUDY-432019	CTDC-PARTICIPANT-667712	No	Unknown	No	Yes	Macte_animo_Generose_puer_sic_itur_ad_astra
participant	CTDC-STUDY-432019	CTDC-PARTICIPANT-264931	Unknown	Unknown	No	Unknown	barba_crescit_caput_nescit
participant	CTDC-STUDY-432019	CTDC-PARTICIPANT-966089	No	Unknown	No	Yes	barba_crescit_caput_nescit
participant	CTDC-STUDY-432019	CTDC-PARTICIPANT-762150	No	No	Yes	Unknown	e_causa_ignota
participant	CTDC-STUDY-432019	CTDC-PARTICIPANT-727080	No	No	No	Yes	scientia_et_labor
participant	CTDC-STUDY-432019	CTDC-PARTICIPANT-763647	Unknown	Yes	No	Unknown	a_bene_placito
participant	CTDC-STUDY-432019	CTDC-PARTICIPANT-754433	No	No	Yes	No	nanos_gigantum_humeris_insidentes
participant	CTDC-STUDY-432019	CTDC-PARTICIPANT-872138	Yes	No	Yes	No	id_quod_plerumque_accidit
participant	CTDC-STUDY-432019	CTDC-PARTICIPANT-845125	No	No	No	Yes	a_bene_placito
participant	CTDC-STUDY-432019	CTDC-PARTICIPANT-320493	Unknown	No	Yes	No	scientia_imperii_decus_et_tutamen
participant	CTDC-STUDY-432019	CTDC-PARTICIPANT-122513	No	Yes	Yes	Yes	nanos_gigantum_humeris_insidentes
participant	CTDC-STUDY-432019	CTDC-PARTICIPANT-317837	No	Unknown	No	Unknown	labor_ipse_voluptas
participant	CTDC-STUDY-432019	CTDC-PARTICIPANT-252535	Unknown	Unknown	No	Yes	scientia_et_labor
participant	CTDC-STUDY-432019	CTDC-PARTICIPANT-546823	Unknown	Yes	Unknown	No	scientia,_aere_perennius
participant	CTDC-STUDY-432019	CTDC-PARTICIPANT-600574	No	Yes	Yes	Yes	pace_tua
participant	CTDC-STUDY-432019	CTDC-PARTICIPANT-515350	Yes	No	No	Unknown	scientiae_et_patriae
participant	CTDC-STUDY-432019	CTDC-PARTICIPANT-896368	Yes	Unknown	Yes	Unknown	barba_crescit_caput_nescit
participant	CTDC-STUDY-432019	CTDC-PARTICIPANT-362194	Yes	Yes	No	Yes	labor_ipse_voluptas
participant	CTDC-STUDY-432019	CTDC-PARTICIPANT-230105	Yes	Unknown	No	No	sapiens_qui_prospicit
participant	CTDC-STUDY-432019	CTDC-PARTICIPANT-153310	No	Unknown	Yes	No	id_quod_plerumque_accidit
participant	CTDC-STUDY-432019	CTDC-PARTICIPANT-579483	Unknown	Unknown	Unknown	No	haec_olim_meminisse_iuvabit
participant	CTDC-STUDY-432019	CTDC-PARTICIPANT-967644	Unknown	Unknown	Unknown	Unknown	cacatum_non_est_pictum
participant	CTDC-STUDY-432019	CTDC-PARTICIPANT-779080	Yes	Yes	Unknown	Yes	sapiens_qui_prospicit
participant	CTDC-STUDY-432019	CTDC-PARTICIPANT-385675	No	Yes	No	No	nascentes_morimur_finisque_ab_origine_pendet
participant	CTDC-STUDY-432019	CTDC-PARTICIPANT-618008	Yes	Yes	No	Yes	cacatum_non_est_pictum
participant	CTDC-STUDY-432019	CTDC-PARTICIPANT-434022	No	Yes	Yes	Yes	scientiae_cedit_mare
participant	CTDC-STUDY-432019	CTDC-PARTICIPANT-152891	No	No	Yes	No	scientiae_et_patriae
participant	CTDC-STUDY-432019	CTDC-PARTICIPANT-563856	Unknown	No	Unknown	Unknown	imperium_in_imperio
participant	CTDC-STUDY-432019	CTDC-PARTICIPANT-633383	No	No	Yes	Unknown	O_Tite_tute_Tati_tibi_tanta_tyranne_tulisti
participant	CTDC-STUDY-432019	CTDC-PARTICIPANT-361715	No	Unknown	No	No	scientia_et_labor
participant	CTDC-STUDY-432019	CTDC-PARTICIPANT-413496	Yes	Yes	Yes	Unknown	nascentes_morimur_finisque_ab_origine_pendet
participant	CTDC-STUDY-432019	CTDC-PARTICIPANT-313976	No	Unknown	Unknown	Yes	nascentes_morimur_finisque_ab_origine_pendet
participant	CTDC-STUDY-432019	CTDC-PARTICIPANT-181398	No	Unknown	Unknown	Unknown	saltus_in_demonstrando
participant	CTDC-STUDY-432019	CTDC-PARTICIPANT-541713	Yes	No	No	No	O_Tite_tute_Tati_tibi_tanta_tyranne_tulisti
participant	CTDC-STUDY-432019	CTDC-PARTICIPANT-375128	No	Unknown	No	No	scientia,_aere_perennius
participant	CTDC-STUDY-432019	CTDC-PARTICIPANT-935764	No	No	Unknown	Yes	scientiae_cedit_mare
participant	CTDC-STUDY-432019	CTDC-PARTICIPANT-642396	Yes	No	Yes	No	haec_olim_meminisse_iuvabit
participant	CTDC-STUDY-432019	CTDC-PARTICIPANT-965342	Yes	Unknown	Unknown	Unknown	scientia_et_sapientia
participant	CTDC-STUDY-432019	CTDC-PARTICIPANT-515838	Unknown	Unknown	Yes	Unknown	labor_ipse_voluptas
participant	CTDC-STUDY-432019	CTDC-PARTICIPANT-246630	Unknown	Unknown	No	No	haec_olim_meminisse_iuvabit
participant	CTDC-STUDY-432019	CTDC-PARTICIPANT-914906	No	No	Unknown	Unknown	haec_olim_meminisse_iuvabit
participant	CTDC-STUDY-432019	CTDC-PARTICIPANT-996697	Unknown	Unknown	Unknown	Unknown	faber_est_suae_quisque_fortunae
participant	CTDC-STUDY-432019	CTDC-PARTICIPANT-990858	No	Yes	No	Unknown	faber_est_suae_quisque_fortunae
participant	CTDC-STUDY-432019	CTDC-PARTICIPANT-311756	No	Unknown	Unknown	No	scientia_imperii_decus_et_tutamen
participant	CTDC-STUDY-432019	CTDC-PARTICIPANT-998159	No	Yes	Yes	No	a_bene_placito
participant	CTDC-STUDY-432019	CTDC-PARTICIPANT-619107	Yes	Yes	No	No	e_causa_ignota
participant	CTDC-STUDY-432019	CTDC-PARTICIPANT-967168	Yes	No	Unknown	Yes	scientia,_aere_perennius
participant	CTDC-STUDY-432019	CTDC-PARTICIPANT-459821	Yes	Unknown	Unknown	No	a_bene_placito
participant	CTDC-STUDY-432019	CTDC-PARTICIPANT-828023	Unknown	Yes	No	Yes	salus_in_arduis
participant	CTDC-STUDY-432019	CTDC-PARTICIPANT-712034	No	No	Unknown	No	a_bene_placito
participant	CTDC-STUDY-432019	CTDC-PARTICIPANT-462972	Unknown	No	Yes	No	nanos_gigantum_humeris_insidentes
participant	CTDC-STUDY-432019	CTDC-PARTICIPANT-312749	No	Yes	Yes	No	scientia_et_sapientia
participant	CTDC-STUDY-432019	CTDC-PARTICIPANT-990328	Unknown	No	No	No	Macte_animo_Generose_puer_sic_itur_ad_astra
participant	CTDC-STUDY-432019	CTDC-PARTICIPANT-310032	Unknown	Yes	Yes	Yes	nanos_gigantum_humeris_insidentes
participant	CTDC-STUDY-432019	CTDC-PARTICIPANT-454476	Unknown	Yes	No	Yes	a_bene_placito
participant	CTDC-STUDY-432019	CTDC-PARTICIPANT-647057	No	Yes	No	No	haec_olim_meminisse_iuvabit
participant	CTDC-STUDY-432019	CTDC-PARTICIPANT-732783	Unknown	No	Unknown	No	nanos_gigantum_humeris_insidentes
participant	CTDC-STUDY-432019	CTDC-PARTICIPANT-647189	Unknown	Yes	No	No	Gallia_est_omnis_divisa_in_partes_tres
participant	CTDC-STUDY-432019	CTDC-PARTICIPANT-676963	Yes	No	Yes	Yes	salus_in_arduis
participant	CTDC-STUDY-432019	CTDC-PARTICIPANT-971299	No	Unknown	Yes	No	nascentes_morimur_finisque_ab_origine_pendet
participant	CTDC-STUDY-432019	CTDC-PARTICIPANT-888011	No	Unknown	No	Yes	scientia_imperii_decus_et_tutamen
participant	CTDC-STUDY-432019	CTDC-PARTICIPANT-836519	No	No	Yes	Yes	labor_ipse_voluptas
participant	CTDC-STUDY-432019	CTDC-PARTICIPANT-699815	Yes	Unknown	No	Unknown	damnant_quod_non_intellegunt
participant	CTDC-STUDY-432019	CTDC-PARTICIPANT-184105	Yes	No	Yes	Unknown	O_Tite_tute_Tati_tibi_tanta_tyranne_tulisti
participant	CTDC-STUDY-432019	CTDC-PARTICIPANT-698815	Yes	Yes	Unknown	Unknown	labor_ipse_voluptas
participant	CTDC-STUDY-432019	CTDC-PARTICIPANT-882747	Unknown	No	No	Yes	barba_crescit_caput_nescit
participant	CTDC-STUDY-432019	CTDC-PARTICIPANT-786561	Yes	Yes	Yes	Unknown	saltus_in_demonstrando
participant	CTDC-STUDY-432019	CTDC-PARTICIPANT-867798	No	No	Unknown	Unknown	scientia,_aere_perennius
participant	CTDC-STUDY-432019	CTDC-PARTICIPANT-392396	Yes	Yes	No	Yes	a_bene_placito
