type	study.study_short_name	person_record_id	person_first_name	person_last_name	person_middle_name	person_orcid	crdc_id
principal_investigator	CTDC-STUDY-432019	CTDC-PRINCIPAL-INVESTIGATOR-418172	scientia_et_sapientia	cacatum_non_est_pictum	barba_crescit_caput_nescit	scientia_et_labor	scientiae_cedit_mare
principal_investigator	CTDC-STUDY-432019	CTDC-PRINCIPAL-INVESTIGATOR-985419	nanos_gigantum_humeris_insidentes	pace_tua	scientia_et_sapientia	imperium_in_imperio	scientia_et_labor
principal_investigator	CTDC-STUDY-432019	CTDC-PRINCIPAL-INVESTIGATOR-150609	saltus_in_demonstrando	scientiae_et_patriae	labor_ipse_voluptas	scientia_et_labor	imperium_in_imperio
principal_investigator	CTDC-STUDY-432019	CTDC-PRINCIPAL-INVESTIGATOR-792368	scientia_et_sapientia	scientia_et_labor	labor_ipse_voluptas	id_quod_plerumque_accidit	Obedientia_civium_urbis_felicitas
principal_investigator	CTDC-STUDY-432019	CTDC-PRINCIPAL-INVESTIGATOR-752236	a_bene_placito	haec_olim_meminisse_iuvabit	O_Tite_tute_Tati_tibi_tanta_tyranne_tulisti	scientiae_et_patriae	scientiae_cedit_mare
principal_investigator	CTDC-STUDY-432019	CTDC-PRINCIPAL-INVESTIGATOR-787750	scientia_imperii_decus_et_tutamen	O_Tite_tute_Tati_tibi_tanta_tyranne_tulisti	scientiae_cedit_mare	imperium_in_imperio	pace_tua
principal_investigator	CTDC-STUDY-432019	CTDC-PRINCIPAL-INVESTIGATOR-769822	nascentes_morimur_finisque_ab_origine_pendet	a_bene_placito	sapiens_qui_prospicit	scientia,_aere_perennius	scientiae_et_patriae
principal_investigator	CTDC-STUDY-432019	CTDC-PRINCIPAL-INVESTIGATOR-362316	nascentes_morimur_finisque_ab_origine_pendet	scientia,_aere_perennius	sapiens_qui_prospicit	Gallia_est_omnis_divisa_in_partes_tres	barba_crescit_caput_nescit
