type	study.study_short_name	person_record_id	person_first_name	person_last_name	person_middle_name	person_orcid	crdc_id
principal_investigator	CTDC-STUDY-496749	CTDC-PRINCIPAL-INVESTIGATOR-307510	scientia_imperii_decus_et_tutamen	Obedientia_civium_urbis_felicitas	scientiae_et_patriae	scientiae_et_patriae	O_Tite_tute_Tati_tibi_tanta_tyranne_tulisti
principal_investigator	CTDC-STUDY-496749	CTDC-PRINCIPAL-INVESTIGATOR-705702	Obedientia_civium_urbis_felicitas	cacatum_non_est_pictum	imperium_in_imperio	saltus_in_demonstrando	nanos_gigantum_humeris_insidentes
principal_investigator	CTDC-STUDY-496749	CTDC-PRINCIPAL-INVESTIGATOR-494244	sapiens_qui_prospicit	haec_olim_meminisse_iuvabit	scientia_et_labor	Gallia_est_omnis_divisa_in_partes_tres	id_quod_plerumque_accidit
principal_investigator	CTDC-STUDY-496749	CTDC-PRINCIPAL-INVESTIGATOR-696308	barba_crescit_caput_nescit	scientia_et_sapientia	O_Tite_tute_Tati_tibi_tanta_tyranne_tulisti	scientiae_et_patriae	scientia_et_sapientia
principal_investigator	CTDC-STUDY-496749	CTDC-PRINCIPAL-INVESTIGATOR-178625	faber_est_suae_quisque_fortunae	scientia,_aere_perennius	scientia_et_sapientia	nascentes_morimur_finisque_ab_origine_pendet	e_causa_ignota
principal_investigator	CTDC-STUDY-496749	CTDC-PRINCIPAL-INVESTIGATOR-565439	haec_olim_meminisse_iuvabit	Macte_animo_Generose_puer_sic_itur_ad_astra	pace_tua	salus_in_arduis	scientia_imperii_decus_et_tutamen
principal_investigator	CTDC-STUDY-496749	CTDC-PRINCIPAL-INVESTIGATOR-454439	e_causa_ignota	labor_ipse_voluptas	cacatum_non_est_pictum	imperium_in_imperio	Obedientia_civium_urbis_felicitas
principal_investigator	CTDC-STUDY-496749	CTDC-PRINCIPAL-INVESTIGATOR-671051	a_bene_placito	haec_olim_meminisse_iuvabit	nanos_gigantum_humeris_insidentes	pace_tua	saltus_in_demonstrando
