type	participant.participant_id	radiological_procedure_record_id	radiological_procedure	radiological_procedure_anatomical_location	radiation_dose	radiation_dose_units	radiation_frequency	radiation_extent	radiotherapy_start_date	radiotherapy_end_date	best_response_to_radiotherapy	crdc_id
radiotherapy	CTDC-PARTICIPANT-641111	CTDC-RADIOTHERAPY-289798	haec_olim_meminisse_iuvabit	sapiens_qui_prospicit	scientia_et_sapientia	nascentes_morimur_finisque_ab_origine_pendet	salus_in_arduis	nanos_gigantum_humeris_insidentes	555	622	Unknown	nanos_gigantum_humeris_insidentes
radiotherapy	CTDC-PARTICIPANT-641111	CTDC-RADIOTHERAPY-752293	cacatum_non_est_pictum	scientia_et_sapientia	faber_est_suae_quisque_fortunae	nascentes_morimur_finisque_ab_origine_pendet	cacatum_non_est_pictum	haec_olim_meminisse_iuvabit	418	440	Not Assessed	Macte_animo_Generose_puer_sic_itur_ad_astra
radiotherapy	CTDC-PARTICIPANT-429411	CTDC-RADIOTHERAPY-159147	saltus_in_demonstrando	a_bene_placito	labor_ipse_voluptas	O_Tite_tute_Tati_tibi_tanta_tyranne_tulisti	cacatum_non_est_pictum	Gallia_est_omnis_divisa_in_partes_tres	56	680	Partial Response	scientiae_cedit_mare
radiotherapy	CTDC-PARTICIPANT-429411	CTDC-RADIOTHERAPY-752287	labor_ipse_voluptas	barba_crescit_caput_nescit	a_bene_placito	sapiens_qui_prospicit	pace_tua	Gallia_est_omnis_divisa_in_partes_tres	977	679	Complete Response	Gallia_est_omnis_divisa_in_partes_tres
radiotherapy	CTDC-PARTICIPANT-209642	CTDC-RADIOTHERAPY-896130	scientia_et_sapientia	scientia_imperii_decus_et_tutamen	O_Tite_tute_Tati_tibi_tanta_tyranne_tulisti	nanos_gigantum_humeris_insidentes	cacatum_non_est_pictum	labor_ipse_voluptas	883	61	Stable Disease	faber_est_suae_quisque_fortunae
radiotherapy	CTDC-PARTICIPANT-209642	CTDC-RADIOTHERAPY-654032	imperium_in_imperio	scientiae_cedit_mare	imperium_in_imperio	saltus_in_demonstrando	scientia_et_sapientia	scientia_imperii_decus_et_tutamen	882	119	Unknown	a_bene_placito
radiotherapy	CTDC-PARTICIPANT-482694	CTDC-RADIOTHERAPY-388890	nascentes_morimur_finisque_ab_origine_pendet	salus_in_arduis	pace_tua	pace_tua	Gallia_est_omnis_divisa_in_partes_tres	scientiae_cedit_mare	654	187	Not Evaluable	scientia,_aere_perennius
radiotherapy	CTDC-PARTICIPANT-482694	CTDC-RADIOTHERAPY-966092	O_Tite_tute_Tati_tibi_tanta_tyranne_tulisti	faber_est_suae_quisque_fortunae	Obedientia_civium_urbis_felicitas	nanos_gigantum_humeris_insidentes	pace_tua	faber_est_suae_quisque_fortunae	149	536	Partial Response	O_Tite_tute_Tati_tibi_tanta_tyranne_tulisti
radiotherapy	CTDC-PARTICIPANT-301326	CTDC-RADIOTHERAPY-326077	faber_est_suae_quisque_fortunae	scientia,_aere_perennius	Obedientia_civium_urbis_felicitas	scientia_et_labor	barba_crescit_caput_nescit	scientiae_et_patriae	807	864	Unknown	barba_crescit_caput_nescit
radiotherapy	CTDC-PARTICIPANT-301326	CTDC-RADIOTHERAPY-265285	scientia,_aere_perennius	pace_tua	nascentes_morimur_finisque_ab_origine_pendet	faber_est_suae_quisque_fortunae	nanos_gigantum_humeris_insidentes	pace_tua	617	421	Less than partial response	salus_in_arduis
radiotherapy	CTDC-PARTICIPANT-449539	CTDC-RADIOTHERAPY-861745	haec_olim_meminisse_iuvabit	scientia_imperii_decus_et_tutamen	Gallia_est_omnis_divisa_in_partes_tres	Obedientia_civium_urbis_felicitas	nascentes_morimur_finisque_ab_origine_pendet	id_quod_plerumque_accidit	698	535	Too Early	e_causa_ignota
radiotherapy	CTDC-PARTICIPANT-449539	CTDC-RADIOTHERAPY-146963	imperium_in_imperio	sapiens_qui_prospicit	sapiens_qui_prospicit	Obedientia_civium_urbis_felicitas	pace_tua	id_quod_plerumque_accidit	594	236	Progressive Disease	saltus_in_demonstrando
radiotherapy	CTDC-PARTICIPANT-340275	CTDC-RADIOTHERAPY-379865	a_bene_placito	scientia_et_labor	faber_est_suae_quisque_fortunae	haec_olim_meminisse_iuvabit	Gallia_est_omnis_divisa_in_partes_tres	imperium_in_imperio	598	936	Less than partial response	a_bene_placito
radiotherapy	CTDC-PARTICIPANT-340275	CTDC-RADIOTHERAPY-731907	a_bene_placito	nascentes_morimur_finisque_ab_origine_pendet	Gallia_est_omnis_divisa_in_partes_tres	labor_ipse_voluptas	labor_ipse_voluptas	Macte_animo_Generose_puer_sic_itur_ad_astra	340	714	Progressive Disease	scientiae_et_patriae
radiotherapy	CTDC-PARTICIPANT-198783	CTDC-RADIOTHERAPY-657739	scientia_imperii_decus_et_tutamen	e_causa_ignota	O_Tite_tute_Tati_tibi_tanta_tyranne_tulisti	faber_est_suae_quisque_fortunae	a_bene_placito	labor_ipse_voluptas	647	113	Partial Response	Obedientia_civium_urbis_felicitas
radiotherapy	CTDC-PARTICIPANT-198783	CTDC-RADIOTHERAPY-388693	nanos_gigantum_humeris_insidentes	scientiae_cedit_mare	Macte_animo_Generose_puer_sic_itur_ad_astra	barba_crescit_caput_nescit	salus_in_arduis	a_bene_placito	601	435	Complete Response	a_bene_placito
radiotherapy	CTDC-PARTICIPANT-786373	CTDC-RADIOTHERAPY-581207	id_quod_plerumque_accidit	sapiens_qui_prospicit	haec_olim_meminisse_iuvabit	Obedientia_civium_urbis_felicitas	imperium_in_imperio	damnant_quod_non_intellegunt	538	165	Not Evaluable	Gallia_est_omnis_divisa_in_partes_tres
radiotherapy	CTDC-PARTICIPANT-786373	CTDC-RADIOTHERAPY-690663	cacatum_non_est_pictum	barba_crescit_caput_nescit	scientia_imperii_decus_et_tutamen	labor_ipse_voluptas	pace_tua	imperium_in_imperio	177	397	Stable Disease	e_causa_ignota
radiotherapy	CTDC-PARTICIPANT-791713	CTDC-RADIOTHERAPY-301480	sapiens_qui_prospicit	nascentes_morimur_finisque_ab_origine_pendet	saltus_in_demonstrando	barba_crescit_caput_nescit	scientiae_cedit_mare	salus_in_arduis	373	307	Unknown	Macte_animo_Generose_puer_sic_itur_ad_astra
radiotherapy	CTDC-PARTICIPANT-791713	CTDC-RADIOTHERAPY-333288	cacatum_non_est_pictum	scientiae_et_patriae	Gallia_est_omnis_divisa_in_partes_tres	barba_crescit_caput_nescit	O_Tite_tute_Tati_tibi_tanta_tyranne_tulisti	nanos_gigantum_humeris_insidentes	799	274	Less than partial response	e_causa_ignota
radiotherapy	CTDC-PARTICIPANT-671238	CTDC-RADIOTHERAPY-875759	damnant_quod_non_intellegunt	scientia_imperii_decus_et_tutamen	faber_est_suae_quisque_fortunae	pace_tua	id_quod_plerumque_accidit	barba_crescit_caput_nescit	832	985	Stable Disease	e_causa_ignota
radiotherapy	CTDC-PARTICIPANT-671238	CTDC-RADIOTHERAPY-891834	barba_crescit_caput_nescit	Macte_animo_Generose_puer_sic_itur_ad_astra	scientiae_cedit_mare	scientia_imperii_decus_et_tutamen	scientia_imperii_decus_et_tutamen	imperium_in_imperio	794	584	Less than partial response	damnant_quod_non_intellegunt
radiotherapy	CTDC-PARTICIPANT-371594	CTDC-RADIOTHERAPY-747073	imperium_in_imperio	Gallia_est_omnis_divisa_in_partes_tres	Macte_animo_Generose_puer_sic_itur_ad_astra	imperium_in_imperio	a_bene_placito	Macte_animo_Generose_puer_sic_itur_ad_astra	509	773	Less than partial response	Obedientia_civium_urbis_felicitas
radiotherapy	CTDC-PARTICIPANT-371594	CTDC-RADIOTHERAPY-647238	O_Tite_tute_Tati_tibi_tanta_tyranne_tulisti	Obedientia_civium_urbis_felicitas	a_bene_placito	scientia_imperii_decus_et_tutamen	a_bene_placito	id_quod_plerumque_accidit	775	295	Not Assessed	e_causa_ignota
radiotherapy	CTDC-PARTICIPANT-584849	CTDC-RADIOTHERAPY-593273	e_causa_ignota	scientiae_et_patriae	Gallia_est_omnis_divisa_in_partes_tres	O_Tite_tute_Tati_tibi_tanta_tyranne_tulisti	Macte_animo_Generose_puer_sic_itur_ad_astra	barba_crescit_caput_nescit	679	519	Partial Response	cacatum_non_est_pictum
radiotherapy	CTDC-PARTICIPANT-584849	CTDC-RADIOTHERAPY-688618	scientia_imperii_decus_et_tutamen	O_Tite_tute_Tati_tibi_tanta_tyranne_tulisti	scientia_imperii_decus_et_tutamen	scientia_et_sapientia	salus_in_arduis	saltus_in_demonstrando	712	718	Too Early	nascentes_morimur_finisque_ab_origine_pendet
radiotherapy	CTDC-PARTICIPANT-513457	CTDC-RADIOTHERAPY-159562	scientiae_et_patriae	scientiae_et_patriae	sapiens_qui_prospicit	faber_est_suae_quisque_fortunae	scientiae_cedit_mare	nascentes_morimur_finisque_ab_origine_pendet	128	188	Unknown	scientia_imperii_decus_et_tutamen
radiotherapy	CTDC-PARTICIPANT-513457	CTDC-RADIOTHERAPY-546522	scientia,_aere_perennius	salus_in_arduis	a_bene_placito	sapiens_qui_prospicit	e_causa_ignota	Macte_animo_Generose_puer_sic_itur_ad_astra	579	231	Unknown	labor_ipse_voluptas
radiotherapy	CTDC-PARTICIPANT-286805	CTDC-RADIOTHERAPY-762638	scientiae_cedit_mare	a_bene_placito	nanos_gigantum_humeris_insidentes	cacatum_non_est_pictum	haec_olim_meminisse_iuvabit	faber_est_suae_quisque_fortunae	722	239	Partial Response	saltus_in_demonstrando
radiotherapy	CTDC-PARTICIPANT-286805	CTDC-RADIOTHERAPY-961925	scientia_et_sapientia	Obedientia_civium_urbis_felicitas	scientiae_cedit_mare	Macte_animo_Generose_puer_sic_itur_ad_astra	barba_crescit_caput_nescit	haec_olim_meminisse_iuvabit	984	634	Not Assessed	scientia_imperii_decus_et_tutamen
radiotherapy	CTDC-PARTICIPANT-360661	CTDC-RADIOTHERAPY-187065	Gallia_est_omnis_divisa_in_partes_tres	scientiae_cedit_mare	scientia_et_sapientia	scientia_et_sapientia	cacatum_non_est_pictum	Macte_animo_Generose_puer_sic_itur_ad_astra	777	819	Too Early	id_quod_plerumque_accidit
radiotherapy	CTDC-PARTICIPANT-360661	CTDC-RADIOTHERAPY-116365	e_causa_ignota	saltus_in_demonstrando	saltus_in_demonstrando	barba_crescit_caput_nescit	scientia_et_labor	scientiae_cedit_mare	461	407	Unknown	scientiae_et_patriae
radiotherapy	CTDC-PARTICIPANT-208381	CTDC-RADIOTHERAPY-628954	haec_olim_meminisse_iuvabit	nascentes_morimur_finisque_ab_origine_pendet	saltus_in_demonstrando	nanos_gigantum_humeris_insidentes	nanos_gigantum_humeris_insidentes	id_quod_plerumque_accidit	524	304	Stable Disease	barba_crescit_caput_nescit
radiotherapy	CTDC-PARTICIPANT-208381	CTDC-RADIOTHERAPY-922955	damnant_quod_non_intellegunt	damnant_quod_non_intellegunt	barba_crescit_caput_nescit	barba_crescit_caput_nescit	Gallia_est_omnis_divisa_in_partes_tres	nascentes_morimur_finisque_ab_origine_pendet	233	582	Progressive Disease	id_quod_plerumque_accidit
radiotherapy	CTDC-PARTICIPANT-149549	CTDC-RADIOTHERAPY-993557	e_causa_ignota	scientia_et_sapientia	saltus_in_demonstrando	pace_tua	scientiae_cedit_mare	saltus_in_demonstrando	938	896	Less than partial response	Macte_animo_Generose_puer_sic_itur_ad_astra
radiotherapy	CTDC-PARTICIPANT-149549	CTDC-RADIOTHERAPY-703089	scientia,_aere_perennius	barba_crescit_caput_nescit	pace_tua	e_causa_ignota	sapiens_qui_prospicit	barba_crescit_caput_nescit	730	981	Unknown	Macte_animo_Generose_puer_sic_itur_ad_astra
radiotherapy	CTDC-PARTICIPANT-607722	CTDC-RADIOTHERAPY-148183	haec_olim_meminisse_iuvabit	sapiens_qui_prospicit	cacatum_non_est_pictum	scientiae_cedit_mare	scientiae_cedit_mare	e_causa_ignota	220	914	Too Early	Macte_animo_Generose_puer_sic_itur_ad_astra
radiotherapy	CTDC-PARTICIPANT-607722	CTDC-RADIOTHERAPY-223456	barba_crescit_caput_nescit	nanos_gigantum_humeris_insidentes	nascentes_morimur_finisque_ab_origine_pendet	a_bene_placito	scientia_et_sapientia	barba_crescit_caput_nescit	539	400	Unknown	scientia_et_labor
radiotherapy	CTDC-PARTICIPANT-968052	CTDC-RADIOTHERAPY-723924	Macte_animo_Generose_puer_sic_itur_ad_astra	labor_ipse_voluptas	Macte_animo_Generose_puer_sic_itur_ad_astra	scientia,_aere_perennius	id_quod_plerumque_accidit	a_bene_placito	311	442	Less than partial response	scientia_imperii_decus_et_tutamen
radiotherapy	CTDC-PARTICIPANT-968052	CTDC-RADIOTHERAPY-513062	scientiae_cedit_mare	faber_est_suae_quisque_fortunae	Macte_animo_Generose_puer_sic_itur_ad_astra	nanos_gigantum_humeris_insidentes	Gallia_est_omnis_divisa_in_partes_tres	e_causa_ignota	81	303	Too Early	a_bene_placito
radiotherapy	CTDC-PARTICIPANT-273892	CTDC-RADIOTHERAPY-460447	labor_ipse_voluptas	nascentes_morimur_finisque_ab_origine_pendet	Obedientia_civium_urbis_felicitas	scientia,_aere_perennius	scientia_et_labor	scientia_et_labor	911	208	Too Early	sapiens_qui_prospicit
radiotherapy	CTDC-PARTICIPANT-273892	CTDC-RADIOTHERAPY-866072	damnant_quod_non_intellegunt	sapiens_qui_prospicit	sapiens_qui_prospicit	haec_olim_meminisse_iuvabit	scientia_et_labor	salus_in_arduis	966	973	Too Early	scientia_imperii_decus_et_tutamen
radiotherapy	CTDC-PARTICIPANT-599675	CTDC-RADIOTHERAPY-836072	O_Tite_tute_Tati_tibi_tanta_tyranne_tulisti	labor_ipse_voluptas	Gallia_est_omnis_divisa_in_partes_tres	cacatum_non_est_pictum	Obedientia_civium_urbis_felicitas	imperium_in_imperio	244	171	Less than partial response	labor_ipse_voluptas
radiotherapy	CTDC-PARTICIPANT-599675	CTDC-RADIOTHERAPY-438787	barba_crescit_caput_nescit	scientia_imperii_decus_et_tutamen	salus_in_arduis	faber_est_suae_quisque_fortunae	saltus_in_demonstrando	scientiae_cedit_mare	985	507	Not Evaluable	scientiae_cedit_mare
radiotherapy	CTDC-PARTICIPANT-389190	CTDC-RADIOTHERAPY-348989	scientia_imperii_decus_et_tutamen	scientia_et_sapientia	e_causa_ignota	Obedientia_civium_urbis_felicitas	scientiae_et_patriae	damnant_quod_non_intellegunt	765	274	Partial Response	nascentes_morimur_finisque_ab_origine_pendet
radiotherapy	CTDC-PARTICIPANT-389190	CTDC-RADIOTHERAPY-857714	imperium_in_imperio	Obedientia_civium_urbis_felicitas	cacatum_non_est_pictum	scientiae_cedit_mare	Gallia_est_omnis_divisa_in_partes_tres	scientia_et_sapientia	299	223	Unknown	Gallia_est_omnis_divisa_in_partes_tres
radiotherapy	CTDC-PARTICIPANT-992012	CTDC-RADIOTHERAPY-217822	scientiae_cedit_mare	e_causa_ignota	Gallia_est_omnis_divisa_in_partes_tres	e_causa_ignota	sapiens_qui_prospicit	pace_tua	249	444	Not Assessed	nanos_gigantum_humeris_insidentes
radiotherapy	CTDC-PARTICIPANT-992012	CTDC-RADIOTHERAPY-214210	a_bene_placito	id_quod_plerumque_accidit	a_bene_placito	nascentes_morimur_finisque_ab_origine_pendet	a_bene_placito	scientia_imperii_decus_et_tutamen	495	315	Unknown	imperium_in_imperio
radiotherapy	CTDC-PARTICIPANT-322813	CTDC-RADIOTHERAPY-490774	salus_in_arduis	Gallia_est_omnis_divisa_in_partes_tres	id_quod_plerumque_accidit	nascentes_morimur_finisque_ab_origine_pendet	id_quod_plerumque_accidit	Macte_animo_Generose_puer_sic_itur_ad_astra	216	577	Too Early	faber_est_suae_quisque_fortunae
radiotherapy	CTDC-PARTICIPANT-322813	CTDC-RADIOTHERAPY-402018	damnant_quod_non_intellegunt	barba_crescit_caput_nescit	sapiens_qui_prospicit	scientia_imperii_decus_et_tutamen	Obedientia_civium_urbis_felicitas	scientia_et_labor	960	174	Stable Disease	nanos_gigantum_humeris_insidentes
radiotherapy	CTDC-PARTICIPANT-563302	CTDC-RADIOTHERAPY-552932	scientia_imperii_decus_et_tutamen	barba_crescit_caput_nescit	e_causa_ignota	nanos_gigantum_humeris_insidentes	scientiae_et_patriae	faber_est_suae_quisque_fortunae	853	962	Too Early	nascentes_morimur_finisque_ab_origine_pendet
radiotherapy	CTDC-PARTICIPANT-563302	CTDC-RADIOTHERAPY-204515	scientia_et_sapientia	scientiae_et_patriae	scientiae_cedit_mare	imperium_in_imperio	scientiae_et_patriae	nascentes_morimur_finisque_ab_origine_pendet	156	996	Less than partial response	Macte_animo_Generose_puer_sic_itur_ad_astra
radiotherapy	CTDC-PARTICIPANT-449980	CTDC-RADIOTHERAPY-339622	sapiens_qui_prospicit	salus_in_arduis	saltus_in_demonstrando	Gallia_est_omnis_divisa_in_partes_tres	sapiens_qui_prospicit	faber_est_suae_quisque_fortunae	996	778	Not Evaluable	labor_ipse_voluptas
radiotherapy	CTDC-PARTICIPANT-449980	CTDC-RADIOTHERAPY-987531	haec_olim_meminisse_iuvabit	nascentes_morimur_finisque_ab_origine_pendet	e_causa_ignota	faber_est_suae_quisque_fortunae	scientia_et_labor	pace_tua	561	482	Stable Disease	Obedientia_civium_urbis_felicitas
radiotherapy	CTDC-PARTICIPANT-863646	CTDC-RADIOTHERAPY-937608	scientia_et_labor	haec_olim_meminisse_iuvabit	faber_est_suae_quisque_fortunae	scientia_et_labor	e_causa_ignota	nanos_gigantum_humeris_insidentes	372	615	Not Assessed	haec_olim_meminisse_iuvabit
radiotherapy	CTDC-PARTICIPANT-863646	CTDC-RADIOTHERAPY-127934	imperium_in_imperio	a_bene_placito	scientia_imperii_decus_et_tutamen	Gallia_est_omnis_divisa_in_partes_tres	scientia_imperii_decus_et_tutamen	Macte_animo_Generose_puer_sic_itur_ad_astra	582	310	Not Evaluable	scientia_et_labor
radiotherapy	CTDC-PARTICIPANT-365305	CTDC-RADIOTHERAPY-659247	imperium_in_imperio	haec_olim_meminisse_iuvabit	nascentes_morimur_finisque_ab_origine_pendet	Obedientia_civium_urbis_felicitas	saltus_in_demonstrando	cacatum_non_est_pictum	539	379	Not Assessed	saltus_in_demonstrando
radiotherapy	CTDC-PARTICIPANT-365305	CTDC-RADIOTHERAPY-528119	labor_ipse_voluptas	pace_tua	faber_est_suae_quisque_fortunae	scientiae_et_patriae	Obedientia_civium_urbis_felicitas	labor_ipse_voluptas	315	766	Partial Response	imperium_in_imperio
radiotherapy	CTDC-PARTICIPANT-684111	CTDC-RADIOTHERAPY-749785	scientiae_cedit_mare	imperium_in_imperio	nascentes_morimur_finisque_ab_origine_pendet	haec_olim_meminisse_iuvabit	cacatum_non_est_pictum	Gallia_est_omnis_divisa_in_partes_tres	253	978	Not Evaluable	cacatum_non_est_pictum
radiotherapy	CTDC-PARTICIPANT-684111	CTDC-RADIOTHERAPY-483409	scientia_et_labor	damnant_quod_non_intellegunt	faber_est_suae_quisque_fortunae	Macte_animo_Generose_puer_sic_itur_ad_astra	scientia_et_sapientia	damnant_quod_non_intellegunt	288	650	Progressive Disease	O_Tite_tute_Tati_tibi_tanta_tyranne_tulisti
radiotherapy	CTDC-PARTICIPANT-891914	CTDC-RADIOTHERAPY-778126	scientia_et_sapientia	Obedientia_civium_urbis_felicitas	damnant_quod_non_intellegunt	scientia,_aere_perennius	salus_in_arduis	imperium_in_imperio	366	983	Stable Disease	scientia,_aere_perennius
radiotherapy	CTDC-PARTICIPANT-891914	CTDC-RADIOTHERAPY-759575	barba_crescit_caput_nescit	labor_ipse_voluptas	salus_in_arduis	scientiae_cedit_mare	scientia_et_labor	damnant_quod_non_intellegunt	264	278	Stable Disease	cacatum_non_est_pictum
radiotherapy	CTDC-PARTICIPANT-486601	CTDC-RADIOTHERAPY-567730	Gallia_est_omnis_divisa_in_partes_tres	damnant_quod_non_intellegunt	id_quod_plerumque_accidit	faber_est_suae_quisque_fortunae	Gallia_est_omnis_divisa_in_partes_tres	cacatum_non_est_pictum	860	420	Partial Response	salus_in_arduis
radiotherapy	CTDC-PARTICIPANT-486601	CTDC-RADIOTHERAPY-899654	pace_tua	Macte_animo_Generose_puer_sic_itur_ad_astra	haec_olim_meminisse_iuvabit	salus_in_arduis	scientiae_et_patriae	salus_in_arduis	694	736	Too Early	imperium_in_imperio
radiotherapy	CTDC-PARTICIPANT-531064	CTDC-RADIOTHERAPY-755031	sapiens_qui_prospicit	nascentes_morimur_finisque_ab_origine_pendet	nascentes_morimur_finisque_ab_origine_pendet	Macte_animo_Generose_puer_sic_itur_ad_astra	labor_ipse_voluptas	e_causa_ignota	647	811	Not Assessed	barba_crescit_caput_nescit
radiotherapy	CTDC-PARTICIPANT-531064	CTDC-RADIOTHERAPY-652651	nanos_gigantum_humeris_insidentes	sapiens_qui_prospicit	imperium_in_imperio	Obedientia_civium_urbis_felicitas	nanos_gigantum_humeris_insidentes	pace_tua	594	914	Not Assessed	nanos_gigantum_humeris_insidentes
radiotherapy	CTDC-PARTICIPANT-929629	CTDC-RADIOTHERAPY-392531	damnant_quod_non_intellegunt	barba_crescit_caput_nescit	scientiae_et_patriae	salus_in_arduis	nanos_gigantum_humeris_insidentes	nascentes_morimur_finisque_ab_origine_pendet	142	503	Not Evaluable	nascentes_morimur_finisque_ab_origine_pendet
radiotherapy	CTDC-PARTICIPANT-929629	CTDC-RADIOTHERAPY-219322	Obedientia_civium_urbis_felicitas	nascentes_morimur_finisque_ab_origine_pendet	scientiae_et_patriae	scientia,_aere_perennius	Gallia_est_omnis_divisa_in_partes_tres	nascentes_morimur_finisque_ab_origine_pendet	920	291	Stable Disease	sapiens_qui_prospicit
radiotherapy	CTDC-PARTICIPANT-667747	CTDC-RADIOTHERAPY-934538	e_causa_ignota	salus_in_arduis	scientiae_et_patriae	id_quod_plerumque_accidit	a_bene_placito	pace_tua	876	362	Partial Response	sapiens_qui_prospicit
radiotherapy	CTDC-PARTICIPANT-667747	CTDC-RADIOTHERAPY-529423	haec_olim_meminisse_iuvabit	saltus_in_demonstrando	damnant_quod_non_intellegunt	Macte_animo_Generose_puer_sic_itur_ad_astra	haec_olim_meminisse_iuvabit	imperium_in_imperio	369	76	Complete Response	barba_crescit_caput_nescit
radiotherapy	CTDC-PARTICIPANT-270141	CTDC-RADIOTHERAPY-212317	damnant_quod_non_intellegunt	cacatum_non_est_pictum	Gallia_est_omnis_divisa_in_partes_tres	scientia,_aere_perennius	cacatum_non_est_pictum	barba_crescit_caput_nescit	977	961	Too Early	O_Tite_tute_Tati_tibi_tanta_tyranne_tulisti
radiotherapy	CTDC-PARTICIPANT-270141	CTDC-RADIOTHERAPY-275214	nanos_gigantum_humeris_insidentes	sapiens_qui_prospicit	scientia_et_sapientia	scientia,_aere_perennius	sapiens_qui_prospicit	Macte_animo_Generose_puer_sic_itur_ad_astra	824	875	Progressive Disease	haec_olim_meminisse_iuvabit
radiotherapy	CTDC-PARTICIPANT-779049	CTDC-RADIOTHERAPY-695112	pace_tua	scientiae_et_patriae	scientia,_aere_perennius	faber_est_suae_quisque_fortunae	cacatum_non_est_pictum	Macte_animo_Generose_puer_sic_itur_ad_astra	691	620	Complete Response	cacatum_non_est_pictum
radiotherapy	CTDC-PARTICIPANT-779049	CTDC-RADIOTHERAPY-951494	salus_in_arduis	labor_ipse_voluptas	sapiens_qui_prospicit	faber_est_suae_quisque_fortunae	imperium_in_imperio	scientia_et_labor	241	651	Progressive Disease	saltus_in_demonstrando
radiotherapy	CTDC-PARTICIPANT-297073	CTDC-RADIOTHERAPY-312693	barba_crescit_caput_nescit	cacatum_non_est_pictum	scientiae_cedit_mare	barba_crescit_caput_nescit	scientiae_et_patriae	haec_olim_meminisse_iuvabit	754	219	Not Evaluable	Macte_animo_Generose_puer_sic_itur_ad_astra
radiotherapy	CTDC-PARTICIPANT-297073	CTDC-RADIOTHERAPY-202716	labor_ipse_voluptas	nascentes_morimur_finisque_ab_origine_pendet	scientiae_cedit_mare	sapiens_qui_prospicit	labor_ipse_voluptas	damnant_quod_non_intellegunt	733	463	Complete Response	O_Tite_tute_Tati_tibi_tanta_tyranne_tulisti
radiotherapy	CTDC-PARTICIPANT-749799	CTDC-RADIOTHERAPY-623956	salus_in_arduis	scientia_et_labor	damnant_quod_non_intellegunt	cacatum_non_est_pictum	e_causa_ignota	scientia_et_sapientia	287	301	Complete Response	nascentes_morimur_finisque_ab_origine_pendet
radiotherapy	CTDC-PARTICIPANT-749799	CTDC-RADIOTHERAPY-442087	faber_est_suae_quisque_fortunae	imperium_in_imperio	barba_crescit_caput_nescit	a_bene_placito	damnant_quod_non_intellegunt	Gallia_est_omnis_divisa_in_partes_tres	765	498	Stable Disease	cacatum_non_est_pictum
radiotherapy	CTDC-PARTICIPANT-922401	CTDC-RADIOTHERAPY-481553	damnant_quod_non_intellegunt	nascentes_morimur_finisque_ab_origine_pendet	Macte_animo_Generose_puer_sic_itur_ad_astra	e_causa_ignota	nascentes_morimur_finisque_ab_origine_pendet	nascentes_morimur_finisque_ab_origine_pendet	58	862	Not Assessed	haec_olim_meminisse_iuvabit
radiotherapy	CTDC-PARTICIPANT-922401	CTDC-RADIOTHERAPY-143738	scientiae_cedit_mare	Macte_animo_Generose_puer_sic_itur_ad_astra	scientiae_cedit_mare	nanos_gigantum_humeris_insidentes	saltus_in_demonstrando	haec_olim_meminisse_iuvabit	856	497	Unknown	nanos_gigantum_humeris_insidentes
radiotherapy	CTDC-PARTICIPANT-382937	CTDC-RADIOTHERAPY-208020	labor_ipse_voluptas	scientia,_aere_perennius	Macte_animo_Generose_puer_sic_itur_ad_astra	Obedientia_civium_urbis_felicitas	scientia,_aere_perennius	scientiae_et_patriae	894	569	Progressive Disease	O_Tite_tute_Tati_tibi_tanta_tyranne_tulisti
radiotherapy	CTDC-PARTICIPANT-382937	CTDC-RADIOTHERAPY-954309	salus_in_arduis	Macte_animo_Generose_puer_sic_itur_ad_astra	faber_est_suae_quisque_fortunae	Macte_animo_Generose_puer_sic_itur_ad_astra	Macte_animo_Generose_puer_sic_itur_ad_astra	O_Tite_tute_Tati_tibi_tanta_tyranne_tulisti	186	615	Complete Response	nascentes_morimur_finisque_ab_origine_pendet
radiotherapy	CTDC-PARTICIPANT-294142	CTDC-RADIOTHERAPY-663149	O_Tite_tute_Tati_tibi_tanta_tyranne_tulisti	id_quod_plerumque_accidit	scientia_et_labor	faber_est_suae_quisque_fortunae	e_causa_ignota	O_Tite_tute_Tati_tibi_tanta_tyranne_tulisti	971	429	Stable Disease	scientiae_et_patriae
radiotherapy	CTDC-PARTICIPANT-294142	CTDC-RADIOTHERAPY-592737	O_Tite_tute_Tati_tibi_tanta_tyranne_tulisti	scientiae_cedit_mare	barba_crescit_caput_nescit	damnant_quod_non_intellegunt	damnant_quod_non_intellegunt	saltus_in_demonstrando	36	460	Complete Response	saltus_in_demonstrando
radiotherapy	CTDC-PARTICIPANT-690107	CTDC-RADIOTHERAPY-684109	scientia_et_sapientia	Gallia_est_omnis_divisa_in_partes_tres	damnant_quod_non_intellegunt	imperium_in_imperio	damnant_quod_non_intellegunt	nanos_gigantum_humeris_insidentes	171	287	Not Assessed	scientia_et_sapientia
radiotherapy	CTDC-PARTICIPANT-690107	CTDC-RADIOTHERAPY-378010	faber_est_suae_quisque_fortunae	a_bene_placito	labor_ipse_voluptas	scientia_imperii_decus_et_tutamen	scientia_imperii_decus_et_tutamen	imperium_in_imperio	975	578	Less than partial response	faber_est_suae_quisque_fortunae
radiotherapy	CTDC-PARTICIPANT-366120	CTDC-RADIOTHERAPY-993268	scientia,_aere_perennius	scientia_et_sapientia	cacatum_non_est_pictum	salus_in_arduis	Obedientia_civium_urbis_felicitas	scientiae_cedit_mare	484	45	Too Early	scientiae_cedit_mare
radiotherapy	CTDC-PARTICIPANT-366120	CTDC-RADIOTHERAPY-529295	cacatum_non_est_pictum	O_Tite_tute_Tati_tibi_tanta_tyranne_tulisti	nanos_gigantum_humeris_insidentes	haec_olim_meminisse_iuvabit	nanos_gigantum_humeris_insidentes	nascentes_morimur_finisque_ab_origine_pendet	455	928	Not Assessed	salus_in_arduis
radiotherapy	CTDC-PARTICIPANT-638488	CTDC-RADIOTHERAPY-645745	nanos_gigantum_humeris_insidentes	saltus_in_demonstrando	nascentes_morimur_finisque_ab_origine_pendet	Gallia_est_omnis_divisa_in_partes_tres	scientia,_aere_perennius	scientia_imperii_decus_et_tutamen	788	750	Unknown	sapiens_qui_prospicit
radiotherapy	CTDC-PARTICIPANT-638488	CTDC-RADIOTHERAPY-284352	nascentes_morimur_finisque_ab_origine_pendet	pace_tua	scientiae_cedit_mare	scientia_et_sapientia	scientia_et_labor	Gallia_est_omnis_divisa_in_partes_tres	975	374	Not Evaluable	scientia_et_sapientia
radiotherapy	CTDC-PARTICIPANT-314138	CTDC-RADIOTHERAPY-131987	cacatum_non_est_pictum	scientia_imperii_decus_et_tutamen	scientia_et_labor	haec_olim_meminisse_iuvabit	Macte_animo_Generose_puer_sic_itur_ad_astra	barba_crescit_caput_nescit	870	396	Complete Response	scientia,_aere_perennius
radiotherapy	CTDC-PARTICIPANT-314138	CTDC-RADIOTHERAPY-146932	scientia_et_sapientia	scientiae_et_patriae	nascentes_morimur_finisque_ab_origine_pendet	damnant_quod_non_intellegunt	pace_tua	labor_ipse_voluptas	175	316	Less than partial response	saltus_in_demonstrando
radiotherapy	CTDC-PARTICIPANT-938247	CTDC-RADIOTHERAPY-151945	scientiae_cedit_mare	scientia_et_labor	nascentes_morimur_finisque_ab_origine_pendet	Macte_animo_Generose_puer_sic_itur_ad_astra	scientia_et_labor	sapiens_qui_prospicit	509	995	Less than partial response	damnant_quod_non_intellegunt
radiotherapy	CTDC-PARTICIPANT-938247	CTDC-RADIOTHERAPY-653306	cacatum_non_est_pictum	scientia_et_labor	nascentes_morimur_finisque_ab_origine_pendet	scientia,_aere_perennius	faber_est_suae_quisque_fortunae	Gallia_est_omnis_divisa_in_partes_tres	536	888	Too Early	saltus_in_demonstrando
radiotherapy	CTDC-PARTICIPANT-791745	CTDC-RADIOTHERAPY-185297	scientiae_cedit_mare	scientia,_aere_perennius	damnant_quod_non_intellegunt	id_quod_plerumque_accidit	id_quod_plerumque_accidit	a_bene_placito	696	935	Partial Response	haec_olim_meminisse_iuvabit
radiotherapy	CTDC-PARTICIPANT-791745	CTDC-RADIOTHERAPY-716415	e_causa_ignota	labor_ipse_voluptas	O_Tite_tute_Tati_tibi_tanta_tyranne_tulisti	Macte_animo_Generose_puer_sic_itur_ad_astra	nascentes_morimur_finisque_ab_origine_pendet	Obedientia_civium_urbis_felicitas	522	171	Less than partial response	nascentes_morimur_finisque_ab_origine_pendet
radiotherapy	CTDC-PARTICIPANT-817733	CTDC-RADIOTHERAPY-639510	damnant_quod_non_intellegunt	Gallia_est_omnis_divisa_in_partes_tres	scientiae_et_patriae	Macte_animo_Generose_puer_sic_itur_ad_astra	scientia_et_labor	imperium_in_imperio	909	879	Unknown	haec_olim_meminisse_iuvabit
radiotherapy	CTDC-PARTICIPANT-817733	CTDC-RADIOTHERAPY-616698	scientia,_aere_perennius	labor_ipse_voluptas	saltus_in_demonstrando	haec_olim_meminisse_iuvabit	cacatum_non_est_pictum	scientiae_cedit_mare	303	665	Less than partial response	haec_olim_meminisse_iuvabit
radiotherapy	CTDC-PARTICIPANT-254156	CTDC-RADIOTHERAPY-192439	sapiens_qui_prospicit	scientia_imperii_decus_et_tutamen	nascentes_morimur_finisque_ab_origine_pendet	id_quod_plerumque_accidit	a_bene_placito	imperium_in_imperio	687	747	Less than partial response	saltus_in_demonstrando
radiotherapy	CTDC-PARTICIPANT-254156	CTDC-RADIOTHERAPY-478767	pace_tua	nanos_gigantum_humeris_insidentes	sapiens_qui_prospicit	cacatum_non_est_pictum	scientiae_cedit_mare	labor_ipse_voluptas	396	734	Not Evaluable	scientia_et_labor
radiotherapy	CTDC-PARTICIPANT-207908	CTDC-RADIOTHERAPY-918343	Gallia_est_omnis_divisa_in_partes_tres	scientia_imperii_decus_et_tutamen	pace_tua	faber_est_suae_quisque_fortunae	scientia_imperii_decus_et_tutamen	scientia,_aere_perennius	673	466	Unknown	cacatum_non_est_pictum
radiotherapy	CTDC-PARTICIPANT-207908	CTDC-RADIOTHERAPY-969781	imperium_in_imperio	nascentes_morimur_finisque_ab_origine_pendet	damnant_quod_non_intellegunt	nanos_gigantum_humeris_insidentes	Macte_animo_Generose_puer_sic_itur_ad_astra	scientiae_et_patriae	197	524	Too Early	haec_olim_meminisse_iuvabit
radiotherapy	CTDC-PARTICIPANT-536513	CTDC-RADIOTHERAPY-841323	e_causa_ignota	scientiae_cedit_mare	nanos_gigantum_humeris_insidentes	scientia_et_labor	scientia_imperii_decus_et_tutamen	damnant_quod_non_intellegunt	710	453	Not Assessed	id_quod_plerumque_accidit
radiotherapy	CTDC-PARTICIPANT-536513	CTDC-RADIOTHERAPY-629090	faber_est_suae_quisque_fortunae	Gallia_est_omnis_divisa_in_partes_tres	cacatum_non_est_pictum	O_Tite_tute_Tati_tibi_tanta_tyranne_tulisti	saltus_in_demonstrando	O_Tite_tute_Tati_tibi_tanta_tyranne_tulisti	259	764	Less than partial response	a_bene_placito
radiotherapy	CTDC-PARTICIPANT-353582	CTDC-RADIOTHERAPY-969416	faber_est_suae_quisque_fortunae	Gallia_est_omnis_divisa_in_partes_tres	imperium_in_imperio	a_bene_placito	e_causa_ignota	nascentes_morimur_finisque_ab_origine_pendet	65	559	Unknown	id_quod_plerumque_accidit
radiotherapy	CTDC-PARTICIPANT-353582	CTDC-RADIOTHERAPY-757660	scientiae_cedit_mare	salus_in_arduis	id_quod_plerumque_accidit	a_bene_placito	sapiens_qui_prospicit	haec_olim_meminisse_iuvabit	932	158	Progressive Disease	nascentes_morimur_finisque_ab_origine_pendet
radiotherapy	CTDC-PARTICIPANT-970835	CTDC-RADIOTHERAPY-486336	Obedientia_civium_urbis_felicitas	faber_est_suae_quisque_fortunae	O_Tite_tute_Tati_tibi_tanta_tyranne_tulisti	scientia_et_labor	faber_est_suae_quisque_fortunae	Gallia_est_omnis_divisa_in_partes_tres	734	927	Not Assessed	scientiae_cedit_mare
radiotherapy	CTDC-PARTICIPANT-970835	CTDC-RADIOTHERAPY-248834	haec_olim_meminisse_iuvabit	O_Tite_tute_Tati_tibi_tanta_tyranne_tulisti	cacatum_non_est_pictum	nascentes_morimur_finisque_ab_origine_pendet	scientia_et_sapientia	Gallia_est_omnis_divisa_in_partes_tres	837	257	Partial Response	id_quod_plerumque_accidit
radiotherapy	CTDC-PARTICIPANT-380250	CTDC-RADIOTHERAPY-257475	scientiae_et_patriae	cacatum_non_est_pictum	scientia_et_sapientia	imperium_in_imperio	pace_tua	scientia,_aere_perennius	935	245	Not Evaluable	pace_tua
radiotherapy	CTDC-PARTICIPANT-380250	CTDC-RADIOTHERAPY-637621	pace_tua	labor_ipse_voluptas	scientiae_cedit_mare	Gallia_est_omnis_divisa_in_partes_tres	nascentes_morimur_finisque_ab_origine_pendet	id_quod_plerumque_accidit	392	275	Too Early	Obedientia_civium_urbis_felicitas
radiotherapy	CTDC-PARTICIPANT-824360	CTDC-RADIOTHERAPY-646620	scientia,_aere_perennius	faber_est_suae_quisque_fortunae	labor_ipse_voluptas	id_quod_plerumque_accidit	sapiens_qui_prospicit	nanos_gigantum_humeris_insidentes	296	570	Not Evaluable	cacatum_non_est_pictum
radiotherapy	CTDC-PARTICIPANT-824360	CTDC-RADIOTHERAPY-645967	scientia_imperii_decus_et_tutamen	e_causa_ignota	cacatum_non_est_pictum	imperium_in_imperio	sapiens_qui_prospicit	damnant_quod_non_intellegunt	244	782	Progressive Disease	scientia_imperii_decus_et_tutamen
radiotherapy	CTDC-PARTICIPANT-519155	CTDC-RADIOTHERAPY-578657	Obedientia_civium_urbis_felicitas	scientiae_et_patriae	Gallia_est_omnis_divisa_in_partes_tres	scientia_imperii_decus_et_tutamen	nanos_gigantum_humeris_insidentes	scientiae_cedit_mare	995	882	Not Assessed	nascentes_morimur_finisque_ab_origine_pendet
radiotherapy	CTDC-PARTICIPANT-519155	CTDC-RADIOTHERAPY-445737	cacatum_non_est_pictum	Macte_animo_Generose_puer_sic_itur_ad_astra	Obedientia_civium_urbis_felicitas	barba_crescit_caput_nescit	O_Tite_tute_Tati_tibi_tanta_tyranne_tulisti	Gallia_est_omnis_divisa_in_partes_tres	721	842	Too Early	faber_est_suae_quisque_fortunae
radiotherapy	CTDC-PARTICIPANT-830585	CTDC-RADIOTHERAPY-598268	cacatum_non_est_pictum	nascentes_morimur_finisque_ab_origine_pendet	salus_in_arduis	scientia_et_labor	scientiae_et_patriae	O_Tite_tute_Tati_tibi_tanta_tyranne_tulisti	121	395	Stable Disease	nanos_gigantum_humeris_insidentes
radiotherapy	CTDC-PARTICIPANT-830585	CTDC-RADIOTHERAPY-187684	cacatum_non_est_pictum	Obedientia_civium_urbis_felicitas	O_Tite_tute_Tati_tibi_tanta_tyranne_tulisti	O_Tite_tute_Tati_tibi_tanta_tyranne_tulisti	a_bene_placito	scientiae_cedit_mare	748	733	Unknown	e_causa_ignota
radiotherapy	CTDC-PARTICIPANT-641275	CTDC-RADIOTHERAPY-234294	pace_tua	barba_crescit_caput_nescit	Gallia_est_omnis_divisa_in_partes_tres	imperium_in_imperio	pace_tua	cacatum_non_est_pictum	622	898	Progressive Disease	nanos_gigantum_humeris_insidentes
radiotherapy	CTDC-PARTICIPANT-641275	CTDC-RADIOTHERAPY-319251	scientia,_aere_perennius	scientiae_et_patriae	damnant_quod_non_intellegunt	cacatum_non_est_pictum	labor_ipse_voluptas	scientia_et_labor	917	313	Not Evaluable	e_causa_ignota
radiotherapy	CTDC-PARTICIPANT-457741	CTDC-RADIOTHERAPY-882009	labor_ipse_voluptas	saltus_in_demonstrando	nascentes_morimur_finisque_ab_origine_pendet	faber_est_suae_quisque_fortunae	labor_ipse_voluptas	Obedientia_civium_urbis_felicitas	608	776	Unknown	scientia_et_sapientia
radiotherapy	CTDC-PARTICIPANT-457741	CTDC-RADIOTHERAPY-381087	damnant_quod_non_intellegunt	scientia_et_sapientia	scientia_et_labor	cacatum_non_est_pictum	sapiens_qui_prospicit	pace_tua	533	796	Partial Response	Macte_animo_Generose_puer_sic_itur_ad_astra
radiotherapy	CTDC-PARTICIPANT-523680	CTDC-RADIOTHERAPY-752063	Macte_animo_Generose_puer_sic_itur_ad_astra	imperium_in_imperio	pace_tua	nascentes_morimur_finisque_ab_origine_pendet	salus_in_arduis	pace_tua	866	298	Stable Disease	Gallia_est_omnis_divisa_in_partes_tres
radiotherapy	CTDC-PARTICIPANT-523680	CTDC-RADIOTHERAPY-761558	scientiae_cedit_mare	damnant_quod_non_intellegunt	nascentes_morimur_finisque_ab_origine_pendet	sapiens_qui_prospicit	scientia_et_sapientia	pace_tua	365	16	Not Evaluable	nanos_gigantum_humeris_insidentes
radiotherapy	CTDC-PARTICIPANT-234308	CTDC-RADIOTHERAPY-914717	scientia_et_labor	scientia_et_sapientia	Macte_animo_Generose_puer_sic_itur_ad_astra	scientiae_cedit_mare	nanos_gigantum_humeris_insidentes	nanos_gigantum_humeris_insidentes	85	869	Progressive Disease	scientiae_et_patriae
radiotherapy	CTDC-PARTICIPANT-234308	CTDC-RADIOTHERAPY-587171	scientiae_cedit_mare	scientia_et_sapientia	faber_est_suae_quisque_fortunae	scientia_et_sapientia	e_causa_ignota	O_Tite_tute_Tati_tibi_tanta_tyranne_tulisti	603	696	Stable Disease	scientia,_aere_perennius
radiotherapy	CTDC-PARTICIPANT-432039	CTDC-RADIOTHERAPY-556059	Macte_animo_Generose_puer_sic_itur_ad_astra	saltus_in_demonstrando	barba_crescit_caput_nescit	pace_tua	scientiae_cedit_mare	imperium_in_imperio	271	658	Stable Disease	scientia,_aere_perennius
radiotherapy	CTDC-PARTICIPANT-432039	CTDC-RADIOTHERAPY-522346	Macte_animo_Generose_puer_sic_itur_ad_astra	nanos_gigantum_humeris_insidentes	haec_olim_meminisse_iuvabit	Obedientia_civium_urbis_felicitas	scientiae_et_patriae	a_bene_placito	966	65	Not Assessed	nascentes_morimur_finisque_ab_origine_pendet
radiotherapy	CTDC-PARTICIPANT-573467	CTDC-RADIOTHERAPY-656976	haec_olim_meminisse_iuvabit	nanos_gigantum_humeris_insidentes	scientia_et_sapientia	salus_in_arduis	nascentes_morimur_finisque_ab_origine_pendet	scientiae_cedit_mare	400	754	Partial Response	scientia_et_labor
radiotherapy	CTDC-PARTICIPANT-573467	CTDC-RADIOTHERAPY-874433	e_causa_ignota	saltus_in_demonstrando	nanos_gigantum_humeris_insidentes	haec_olim_meminisse_iuvabit	e_causa_ignota	e_causa_ignota	980	516	Partial Response	Gallia_est_omnis_divisa_in_partes_tres
radiotherapy	CTDC-PARTICIPANT-957799	CTDC-RADIOTHERAPY-804936	nanos_gigantum_humeris_insidentes	pace_tua	faber_est_suae_quisque_fortunae	damnant_quod_non_intellegunt	labor_ipse_voluptas	haec_olim_meminisse_iuvabit	51	18	Complete Response	sapiens_qui_prospicit
radiotherapy	CTDC-PARTICIPANT-957799	CTDC-RADIOTHERAPY-403169	id_quod_plerumque_accidit	pace_tua	scientia_et_sapientia	sapiens_qui_prospicit	salus_in_arduis	scientia_et_sapientia	825	276	Less than partial response	scientiae_cedit_mare
radiotherapy	CTDC-PARTICIPANT-111060	CTDC-RADIOTHERAPY-816942	scientia_et_sapientia	scientiae_cedit_mare	scientiae_et_patriae	e_causa_ignota	scientia,_aere_perennius	damnant_quod_non_intellegunt	855	303	Complete Response	haec_olim_meminisse_iuvabit
radiotherapy	CTDC-PARTICIPANT-111060	CTDC-RADIOTHERAPY-320385	haec_olim_meminisse_iuvabit	barba_crescit_caput_nescit	damnant_quod_non_intellegunt	e_causa_ignota	damnant_quod_non_intellegunt	scientiae_et_patriae	442	993	Progressive Disease	labor_ipse_voluptas
radiotherapy	CTDC-PARTICIPANT-595441	CTDC-RADIOTHERAPY-835376	scientiae_et_patriae	scientiae_et_patriae	nascentes_morimur_finisque_ab_origine_pendet	saltus_in_demonstrando	nanos_gigantum_humeris_insidentes	e_causa_ignota	879	810	Too Early	id_quod_plerumque_accidit
radiotherapy	CTDC-PARTICIPANT-595441	CTDC-RADIOTHERAPY-633631	salus_in_arduis	nascentes_morimur_finisque_ab_origine_pendet	scientia_imperii_decus_et_tutamen	nascentes_morimur_finisque_ab_origine_pendet	a_bene_placito	haec_olim_meminisse_iuvabit	252	587	Progressive Disease	salus_in_arduis
radiotherapy	CTDC-PARTICIPANT-541554	CTDC-RADIOTHERAPY-882143	Gallia_est_omnis_divisa_in_partes_tres	a_bene_placito	damnant_quod_non_intellegunt	a_bene_placito	nascentes_morimur_finisque_ab_origine_pendet	scientia_et_labor	79	520	Not Assessed	scientiae_et_patriae
radiotherapy	CTDC-PARTICIPANT-541554	CTDC-RADIOTHERAPY-149040	scientiae_et_patriae	scientia_et_sapientia	barba_crescit_caput_nescit	scientia,_aere_perennius	salus_in_arduis	a_bene_placito	479	586	Not Assessed	scientia_imperii_decus_et_tutamen
radiotherapy	CTDC-PARTICIPANT-330696	CTDC-RADIOTHERAPY-428856	saltus_in_demonstrando	scientiae_et_patriae	labor_ipse_voluptas	e_causa_ignota	Macte_animo_Generose_puer_sic_itur_ad_astra	saltus_in_demonstrando	440	875	Unknown	faber_est_suae_quisque_fortunae
radiotherapy	CTDC-PARTICIPANT-330696	CTDC-RADIOTHERAPY-762836	scientia_et_sapientia	damnant_quod_non_intellegunt	scientiae_et_patriae	pace_tua	salus_in_arduis	nascentes_morimur_finisque_ab_origine_pendet	737	583	Too Early	nanos_gigantum_humeris_insidentes
radiotherapy	CTDC-PARTICIPANT-668935	CTDC-RADIOTHERAPY-779494	scientia,_aere_perennius	sapiens_qui_prospicit	Macte_animo_Generose_puer_sic_itur_ad_astra	scientia_imperii_decus_et_tutamen	Gallia_est_omnis_divisa_in_partes_tres	id_quod_plerumque_accidit	471	758	Too Early	nanos_gigantum_humeris_insidentes
radiotherapy	CTDC-PARTICIPANT-668935	CTDC-RADIOTHERAPY-163330	Gallia_est_omnis_divisa_in_partes_tres	nascentes_morimur_finisque_ab_origine_pendet	Obedientia_civium_urbis_felicitas	Macte_animo_Generose_puer_sic_itur_ad_astra	scientia,_aere_perennius	scientia_et_sapientia	908	720	Stable Disease	O_Tite_tute_Tati_tibi_tanta_tyranne_tulisti
radiotherapy	CTDC-PARTICIPANT-204363	CTDC-RADIOTHERAPY-442560	Macte_animo_Generose_puer_sic_itur_ad_astra	scientiae_cedit_mare	cacatum_non_est_pictum	scientiae_cedit_mare	Macte_animo_Generose_puer_sic_itur_ad_astra	pace_tua	471	723	Partial Response	O_Tite_tute_Tati_tibi_tanta_tyranne_tulisti
radiotherapy	CTDC-PARTICIPANT-204363	CTDC-RADIOTHERAPY-553440	scientiae_cedit_mare	scientiae_cedit_mare	Macte_animo_Generose_puer_sic_itur_ad_astra	imperium_in_imperio	faber_est_suae_quisque_fortunae	Macte_animo_Generose_puer_sic_itur_ad_astra	873	825	Stable Disease	cacatum_non_est_pictum
radiotherapy	CTDC-PARTICIPANT-340899	CTDC-RADIOTHERAPY-633407	Gallia_est_omnis_divisa_in_partes_tres	e_causa_ignota	scientia_imperii_decus_et_tutamen	scientiae_et_patriae	sapiens_qui_prospicit	scientia,_aere_perennius	561	467	Complete Response	nascentes_morimur_finisque_ab_origine_pendet
radiotherapy	CTDC-PARTICIPANT-340899	CTDC-RADIOTHERAPY-754854	nascentes_morimur_finisque_ab_origine_pendet	haec_olim_meminisse_iuvabit	sapiens_qui_prospicit	barba_crescit_caput_nescit	cacatum_non_est_pictum	scientia_et_sapientia	648	685	Partial Response	Macte_animo_Generose_puer_sic_itur_ad_astra
radiotherapy	CTDC-PARTICIPANT-129178	CTDC-RADIOTHERAPY-806599	cacatum_non_est_pictum	imperium_in_imperio	scientiae_cedit_mare	Gallia_est_omnis_divisa_in_partes_tres	nascentes_morimur_finisque_ab_origine_pendet	Gallia_est_omnis_divisa_in_partes_tres	471	661	Partial Response	faber_est_suae_quisque_fortunae
radiotherapy	CTDC-PARTICIPANT-129178	CTDC-RADIOTHERAPY-184938	sapiens_qui_prospicit	pace_tua	Obedientia_civium_urbis_felicitas	cacatum_non_est_pictum	haec_olim_meminisse_iuvabit	a_bene_placito	834	763	Stable Disease	scientia_et_sapientia
radiotherapy	CTDC-PARTICIPANT-701011	CTDC-RADIOTHERAPY-631537	sapiens_qui_prospicit	Macte_animo_Generose_puer_sic_itur_ad_astra	damnant_quod_non_intellegunt	nanos_gigantum_humeris_insidentes	damnant_quod_non_intellegunt	pace_tua	374	73	Not Assessed	Gallia_est_omnis_divisa_in_partes_tres
radiotherapy	CTDC-PARTICIPANT-701011	CTDC-RADIOTHERAPY-161390	salus_in_arduis	scientia_et_sapientia	nascentes_morimur_finisque_ab_origine_pendet	scientia_imperii_decus_et_tutamen	labor_ipse_voluptas	salus_in_arduis	20	119	Partial Response	barba_crescit_caput_nescit
radiotherapy	CTDC-PARTICIPANT-530141	CTDC-RADIOTHERAPY-395867	haec_olim_meminisse_iuvabit	nascentes_morimur_finisque_ab_origine_pendet	saltus_in_demonstrando	id_quod_plerumque_accidit	scientia_imperii_decus_et_tutamen	O_Tite_tute_Tati_tibi_tanta_tyranne_tulisti	410	839	Too Early	cacatum_non_est_pictum
radiotherapy	CTDC-PARTICIPANT-530141	CTDC-RADIOTHERAPY-691946	scientia_imperii_decus_et_tutamen	saltus_in_demonstrando	scientia,_aere_perennius	nascentes_morimur_finisque_ab_origine_pendet	id_quod_plerumque_accidit	scientia_et_sapientia	687	231	Too Early	salus_in_arduis
radiotherapy	CTDC-PARTICIPANT-707432	CTDC-RADIOTHERAPY-941987	faber_est_suae_quisque_fortunae	scientia_imperii_decus_et_tutamen	Gallia_est_omnis_divisa_in_partes_tres	labor_ipse_voluptas	damnant_quod_non_intellegunt	O_Tite_tute_Tati_tibi_tanta_tyranne_tulisti	264	235	Partial Response	Obedientia_civium_urbis_felicitas
radiotherapy	CTDC-PARTICIPANT-707432	CTDC-RADIOTHERAPY-800620	salus_in_arduis	nascentes_morimur_finisque_ab_origine_pendet	scientiae_et_patriae	salus_in_arduis	nanos_gigantum_humeris_insidentes	scientia_et_labor	768	895	Not Assessed	salus_in_arduis
radiotherapy	CTDC-PARTICIPANT-960610	CTDC-RADIOTHERAPY-283128	nanos_gigantum_humeris_insidentes	scientia_imperii_decus_et_tutamen	salus_in_arduis	Obedientia_civium_urbis_felicitas	damnant_quod_non_intellegunt	labor_ipse_voluptas	806	16	Not Evaluable	id_quod_plerumque_accidit
radiotherapy	CTDC-PARTICIPANT-960610	CTDC-RADIOTHERAPY-982535	scientia,_aere_perennius	haec_olim_meminisse_iuvabit	Obedientia_civium_urbis_felicitas	salus_in_arduis	pace_tua	imperium_in_imperio	216	123	Progressive Disease	scientia_imperii_decus_et_tutamen
radiotherapy	CTDC-PARTICIPANT-353052	CTDC-RADIOTHERAPY-118688	imperium_in_imperio	scientia,_aere_perennius	scientia_et_sapientia	nascentes_morimur_finisque_ab_origine_pendet	id_quod_plerumque_accidit	faber_est_suae_quisque_fortunae	45	360	Not Assessed	pace_tua
radiotherapy	CTDC-PARTICIPANT-353052	CTDC-RADIOTHERAPY-292175	e_causa_ignota	a_bene_placito	nascentes_morimur_finisque_ab_origine_pendet	scientia_et_sapientia	faber_est_suae_quisque_fortunae	faber_est_suae_quisque_fortunae	176	981	Partial Response	cacatum_non_est_pictum
radiotherapy	CTDC-PARTICIPANT-259646	CTDC-RADIOTHERAPY-529835	nascentes_morimur_finisque_ab_origine_pendet	scientia_imperii_decus_et_tutamen	scientiae_cedit_mare	haec_olim_meminisse_iuvabit	cacatum_non_est_pictum	scientia,_aere_perennius	897	22	Too Early	nanos_gigantum_humeris_insidentes
radiotherapy	CTDC-PARTICIPANT-259646	CTDC-RADIOTHERAPY-399312	scientia_et_sapientia	labor_ipse_voluptas	Obedientia_civium_urbis_felicitas	pace_tua	O_Tite_tute_Tati_tibi_tanta_tyranne_tulisti	nanos_gigantum_humeris_insidentes	440	548	Not Assessed	cacatum_non_est_pictum
radiotherapy	CTDC-PARTICIPANT-995400	CTDC-RADIOTHERAPY-831257	damnant_quod_non_intellegunt	scientia_imperii_decus_et_tutamen	barba_crescit_caput_nescit	scientia_imperii_decus_et_tutamen	Macte_animo_Generose_puer_sic_itur_ad_astra	salus_in_arduis	865	715	Not Assessed	O_Tite_tute_Tati_tibi_tanta_tyranne_tulisti
radiotherapy	CTDC-PARTICIPANT-995400	CTDC-RADIOTHERAPY-953680	scientia_et_sapientia	nascentes_morimur_finisque_ab_origine_pendet	scientia_imperii_decus_et_tutamen	nanos_gigantum_humeris_insidentes	O_Tite_tute_Tati_tibi_tanta_tyranne_tulisti	O_Tite_tute_Tati_tibi_tanta_tyranne_tulisti	710	423	Not Evaluable	scientia,_aere_perennius
radiotherapy	CTDC-PARTICIPANT-315263	CTDC-RADIOTHERAPY-478023	damnant_quod_non_intellegunt	damnant_quod_non_intellegunt	scientiae_et_patriae	damnant_quod_non_intellegunt	labor_ipse_voluptas	damnant_quod_non_intellegunt	322	733	Complete Response	faber_est_suae_quisque_fortunae
radiotherapy	CTDC-PARTICIPANT-315263	CTDC-RADIOTHERAPY-141123	e_causa_ignota	damnant_quod_non_intellegunt	haec_olim_meminisse_iuvabit	labor_ipse_voluptas	pace_tua	damnant_quod_non_intellegunt	405	395	Complete Response	nascentes_morimur_finisque_ab_origine_pendet
radiotherapy	CTDC-PARTICIPANT-312873	CTDC-RADIOTHERAPY-163244	a_bene_placito	O_Tite_tute_Tati_tibi_tanta_tyranne_tulisti	scientiae_cedit_mare	pace_tua	nanos_gigantum_humeris_insidentes	labor_ipse_voluptas	951	455	Partial Response	damnant_quod_non_intellegunt
radiotherapy	CTDC-PARTICIPANT-312873	CTDC-RADIOTHERAPY-686652	nascentes_morimur_finisque_ab_origine_pendet	Gallia_est_omnis_divisa_in_partes_tres	Gallia_est_omnis_divisa_in_partes_tres	cacatum_non_est_pictum	saltus_in_demonstrando	scientia_imperii_decus_et_tutamen	131	56	Unknown	cacatum_non_est_pictum
radiotherapy	CTDC-PARTICIPANT-233585	CTDC-RADIOTHERAPY-486002	nanos_gigantum_humeris_insidentes	damnant_quod_non_intellegunt	scientiae_cedit_mare	scientia_imperii_decus_et_tutamen	Macte_animo_Generose_puer_sic_itur_ad_astra	a_bene_placito	855	478	Not Evaluable	scientia,_aere_perennius
radiotherapy	CTDC-PARTICIPANT-233585	CTDC-RADIOTHERAPY-249306	O_Tite_tute_Tati_tibi_tanta_tyranne_tulisti	scientiae_et_patriae	id_quod_plerumque_accidit	barba_crescit_caput_nescit	sapiens_qui_prospicit	scientiae_et_patriae	601	136	Not Evaluable	barba_crescit_caput_nescit
radiotherapy	CTDC-PARTICIPANT-665346	CTDC-RADIOTHERAPY-191039	e_causa_ignota	scientiae_et_patriae	O_Tite_tute_Tati_tibi_tanta_tyranne_tulisti	a_bene_placito	a_bene_placito	a_bene_placito	997	376	Unknown	cacatum_non_est_pictum
radiotherapy	CTDC-PARTICIPANT-665346	CTDC-RADIOTHERAPY-421133	saltus_in_demonstrando	labor_ipse_voluptas	imperium_in_imperio	nascentes_morimur_finisque_ab_origine_pendet	Gallia_est_omnis_divisa_in_partes_tres	sapiens_qui_prospicit	143	802	Progressive Disease	scientia_imperii_decus_et_tutamen
radiotherapy	CTDC-PARTICIPANT-141586	CTDC-RADIOTHERAPY-891419	e_causa_ignota	nascentes_morimur_finisque_ab_origine_pendet	scientia_et_labor	nascentes_morimur_finisque_ab_origine_pendet	scientia,_aere_perennius	scientia_et_labor	526	415	Not Assessed	nanos_gigantum_humeris_insidentes
radiotherapy	CTDC-PARTICIPANT-141586	CTDC-RADIOTHERAPY-271796	damnant_quod_non_intellegunt	e_causa_ignota	haec_olim_meminisse_iuvabit	Obedientia_civium_urbis_felicitas	scientia_et_labor	Gallia_est_omnis_divisa_in_partes_tres	586	697	Complete Response	scientia_imperii_decus_et_tutamen
radiotherapy	CTDC-PARTICIPANT-855122	CTDC-RADIOTHERAPY-974326	saltus_in_demonstrando	scientiae_et_patriae	scientiae_cedit_mare	Obedientia_civium_urbis_felicitas	O_Tite_tute_Tati_tibi_tanta_tyranne_tulisti	scientiae_cedit_mare	239	703	Unknown	scientiae_et_patriae
radiotherapy	CTDC-PARTICIPANT-855122	CTDC-RADIOTHERAPY-221145	e_causa_ignota	saltus_in_demonstrando	scientiae_cedit_mare	Gallia_est_omnis_divisa_in_partes_tres	haec_olim_meminisse_iuvabit	a_bene_placito	368	28	Complete Response	scientia_imperii_decus_et_tutamen
radiotherapy	CTDC-PARTICIPANT-498655	CTDC-RADIOTHERAPY-498083	a_bene_placito	cacatum_non_est_pictum	pace_tua	scientia_et_sapientia	id_quod_plerumque_accidit	O_Tite_tute_Tati_tibi_tanta_tyranne_tulisti	653	234	Complete Response	id_quod_plerumque_accidit
radiotherapy	CTDC-PARTICIPANT-498655	CTDC-RADIOTHERAPY-534533	cacatum_non_est_pictum	damnant_quod_non_intellegunt	scientia,_aere_perennius	salus_in_arduis	scientiae_cedit_mare	salus_in_arduis	441	92	Not Evaluable	a_bene_placito
radiotherapy	CTDC-PARTICIPANT-929749	CTDC-RADIOTHERAPY-778849	scientiae_cedit_mare	barba_crescit_caput_nescit	scientiae_cedit_mare	scientia_imperii_decus_et_tutamen	Obedientia_civium_urbis_felicitas	scientia_et_labor	682	124	Complete Response	cacatum_non_est_pictum
radiotherapy	CTDC-PARTICIPANT-929749	CTDC-RADIOTHERAPY-436448	damnant_quod_non_intellegunt	scientia_imperii_decus_et_tutamen	scientia_imperii_decus_et_tutamen	nanos_gigantum_humeris_insidentes	labor_ipse_voluptas	labor_ipse_voluptas	386	809	Too Early	e_causa_ignota
radiotherapy	CTDC-PARTICIPANT-778982	CTDC-RADIOTHERAPY-535271	saltus_in_demonstrando	nascentes_morimur_finisque_ab_origine_pendet	nascentes_morimur_finisque_ab_origine_pendet	salus_in_arduis	saltus_in_demonstrando	imperium_in_imperio	999	443	Not Evaluable	a_bene_placito
radiotherapy	CTDC-PARTICIPANT-778982	CTDC-RADIOTHERAPY-565538	nascentes_morimur_finisque_ab_origine_pendet	Gallia_est_omnis_divisa_in_partes_tres	scientia_et_labor	barba_crescit_caput_nescit	e_causa_ignota	a_bene_placito	71	560	Less than partial response	scientiae_cedit_mare
radiotherapy	CTDC-PARTICIPANT-881373	CTDC-RADIOTHERAPY-521724	barba_crescit_caput_nescit	damnant_quod_non_intellegunt	cacatum_non_est_pictum	faber_est_suae_quisque_fortunae	scientia,_aere_perennius	damnant_quod_non_intellegunt	831	468	Partial Response	O_Tite_tute_Tati_tibi_tanta_tyranne_tulisti
radiotherapy	CTDC-PARTICIPANT-881373	CTDC-RADIOTHERAPY-832278	a_bene_placito	a_bene_placito	sapiens_qui_prospicit	scientia_et_sapientia	id_quod_plerumque_accidit	Macte_animo_Generose_puer_sic_itur_ad_astra	343	699	Stable Disease	O_Tite_tute_Tati_tibi_tanta_tyranne_tulisti
radiotherapy	CTDC-PARTICIPANT-632335	CTDC-RADIOTHERAPY-770271	faber_est_suae_quisque_fortunae	nanos_gigantum_humeris_insidentes	a_bene_placito	sapiens_qui_prospicit	Obedientia_civium_urbis_felicitas	scientia,_aere_perennius	356	851	Progressive Disease	e_causa_ignota
radiotherapy	CTDC-PARTICIPANT-632335	CTDC-RADIOTHERAPY-238842	nascentes_morimur_finisque_ab_origine_pendet	Obedientia_civium_urbis_felicitas	imperium_in_imperio	Obedientia_civium_urbis_felicitas	nascentes_morimur_finisque_ab_origine_pendet	scientia_et_labor	451	393	Not Assessed	Gallia_est_omnis_divisa_in_partes_tres
radiotherapy	CTDC-PARTICIPANT-374124	CTDC-RADIOTHERAPY-123146	barba_crescit_caput_nescit	scientia_et_labor	scientia_et_labor	labor_ipse_voluptas	barba_crescit_caput_nescit	scientia_et_sapientia	318	522	Progressive Disease	Macte_animo_Generose_puer_sic_itur_ad_astra
radiotherapy	CTDC-PARTICIPANT-374124	CTDC-RADIOTHERAPY-523276	saltus_in_demonstrando	cacatum_non_est_pictum	Obedientia_civium_urbis_felicitas	labor_ipse_voluptas	labor_ipse_voluptas	scientia_et_labor	383	368	Not Assessed	nascentes_morimur_finisque_ab_origine_pendet
radiotherapy	CTDC-PARTICIPANT-585675	CTDC-RADIOTHERAPY-624442	scientia_et_labor	sapiens_qui_prospicit	faber_est_suae_quisque_fortunae	Macte_animo_Generose_puer_sic_itur_ad_astra	labor_ipse_voluptas	O_Tite_tute_Tati_tibi_tanta_tyranne_tulisti	895	107	Not Assessed	scientiae_et_patriae
radiotherapy	CTDC-PARTICIPANT-585675	CTDC-RADIOTHERAPY-552727	faber_est_suae_quisque_fortunae	barba_crescit_caput_nescit	Gallia_est_omnis_divisa_in_partes_tres	scientiae_et_patriae	sapiens_qui_prospicit	nanos_gigantum_humeris_insidentes	426	463	Stable Disease	scientiae_cedit_mare
radiotherapy	CTDC-PARTICIPANT-456060	CTDC-RADIOTHERAPY-623823	sapiens_qui_prospicit	barba_crescit_caput_nescit	scientia_imperii_decus_et_tutamen	barba_crescit_caput_nescit	nascentes_morimur_finisque_ab_origine_pendet	imperium_in_imperio	119	728	Less than partial response	barba_crescit_caput_nescit
radiotherapy	CTDC-PARTICIPANT-456060	CTDC-RADIOTHERAPY-450852	Gallia_est_omnis_divisa_in_partes_tres	cacatum_non_est_pictum	sapiens_qui_prospicit	damnant_quod_non_intellegunt	saltus_in_demonstrando	salus_in_arduis	664	781	Less than partial response	scientiae_cedit_mare
radiotherapy	CTDC-PARTICIPANT-413222	CTDC-RADIOTHERAPY-224808	O_Tite_tute_Tati_tibi_tanta_tyranne_tulisti	damnant_quod_non_intellegunt	a_bene_placito	scientia,_aere_perennius	Gallia_est_omnis_divisa_in_partes_tres	sapiens_qui_prospicit	69	491	Not Assessed	e_causa_ignota
radiotherapy	CTDC-PARTICIPANT-413222	CTDC-RADIOTHERAPY-166418	sapiens_qui_prospicit	id_quod_plerumque_accidit	imperium_in_imperio	cacatum_non_est_pictum	scientiae_et_patriae	scientia_imperii_decus_et_tutamen	990	12	Complete Response	labor_ipse_voluptas
radiotherapy	CTDC-PARTICIPANT-820287	CTDC-RADIOTHERAPY-790827	a_bene_placito	barba_crescit_caput_nescit	salus_in_arduis	scientia_imperii_decus_et_tutamen	cacatum_non_est_pictum	nascentes_morimur_finisque_ab_origine_pendet	141	975	Stable Disease	cacatum_non_est_pictum
radiotherapy	CTDC-PARTICIPANT-820287	CTDC-RADIOTHERAPY-466213	scientia_et_labor	scientia_et_labor	faber_est_suae_quisque_fortunae	nascentes_morimur_finisque_ab_origine_pendet	nascentes_morimur_finisque_ab_origine_pendet	scientiae_et_patriae	285	564	Partial Response	scientiae_cedit_mare
radiotherapy	CTDC-PARTICIPANT-731336	CTDC-RADIOTHERAPY-526801	scientia_et_sapientia	imperium_in_imperio	e_causa_ignota	haec_olim_meminisse_iuvabit	nanos_gigantum_humeris_insidentes	Macte_animo_Generose_puer_sic_itur_ad_astra	670	806	Stable Disease	nascentes_morimur_finisque_ab_origine_pendet
radiotherapy	CTDC-PARTICIPANT-731336	CTDC-RADIOTHERAPY-817869	cacatum_non_est_pictum	saltus_in_demonstrando	scientiae_cedit_mare	e_causa_ignota	salus_in_arduis	O_Tite_tute_Tati_tibi_tanta_tyranne_tulisti	750	504	Not Assessed	pace_tua
radiotherapy	CTDC-PARTICIPANT-872635	CTDC-RADIOTHERAPY-623326	saltus_in_demonstrando	id_quod_plerumque_accidit	saltus_in_demonstrando	e_causa_ignota	id_quod_plerumque_accidit	a_bene_placito	354	242	Not Evaluable	id_quod_plerumque_accidit
radiotherapy	CTDC-PARTICIPANT-872635	CTDC-RADIOTHERAPY-776769	scientia_imperii_decus_et_tutamen	O_Tite_tute_Tati_tibi_tanta_tyranne_tulisti	nanos_gigantum_humeris_insidentes	scientia_et_labor	nascentes_morimur_finisque_ab_origine_pendet	scientia,_aere_perennius	630	356	Less than partial response	id_quod_plerumque_accidit
radiotherapy	CTDC-PARTICIPANT-598811	CTDC-RADIOTHERAPY-886485	saltus_in_demonstrando	nascentes_morimur_finisque_ab_origine_pendet	haec_olim_meminisse_iuvabit	haec_olim_meminisse_iuvabit	imperium_in_imperio	scientia_et_labor	544	409	Too Early	scientia_et_sapientia
radiotherapy	CTDC-PARTICIPANT-598811	CTDC-RADIOTHERAPY-675349	nascentes_morimur_finisque_ab_origine_pendet	haec_olim_meminisse_iuvabit	Obedientia_civium_urbis_felicitas	saltus_in_demonstrando	barba_crescit_caput_nescit	nascentes_morimur_finisque_ab_origine_pendet	190	994	Stable Disease	imperium_in_imperio
radiotherapy	CTDC-PARTICIPANT-694406	CTDC-RADIOTHERAPY-618710	O_Tite_tute_Tati_tibi_tanta_tyranne_tulisti	sapiens_qui_prospicit	nanos_gigantum_humeris_insidentes	scientiae_cedit_mare	barba_crescit_caput_nescit	scientia_et_sapientia	247	947	Not Assessed	O_Tite_tute_Tati_tibi_tanta_tyranne_tulisti
radiotherapy	CTDC-PARTICIPANT-694406	CTDC-RADIOTHERAPY-224236	id_quod_plerumque_accidit	pace_tua	pace_tua	labor_ipse_voluptas	pace_tua	scientiae_cedit_mare	271	733	Partial Response	labor_ipse_voluptas
radiotherapy	CTDC-PARTICIPANT-125315	CTDC-RADIOTHERAPY-233428	scientiae_et_patriae	nanos_gigantum_humeris_insidentes	Gallia_est_omnis_divisa_in_partes_tres	labor_ipse_voluptas	barba_crescit_caput_nescit	damnant_quod_non_intellegunt	724	300	Not Evaluable	sapiens_qui_prospicit
radiotherapy	CTDC-PARTICIPANT-125315	CTDC-RADIOTHERAPY-841695	Obedientia_civium_urbis_felicitas	scientia,_aere_perennius	nanos_gigantum_humeris_insidentes	Gallia_est_omnis_divisa_in_partes_tres	saltus_in_demonstrando	saltus_in_demonstrando	303	667	Unknown	id_quod_plerumque_accidit
radiotherapy	CTDC-PARTICIPANT-713422	CTDC-RADIOTHERAPY-248128	faber_est_suae_quisque_fortunae	scientiae_cedit_mare	faber_est_suae_quisque_fortunae	Gallia_est_omnis_divisa_in_partes_tres	Macte_animo_Generose_puer_sic_itur_ad_astra	damnant_quod_non_intellegunt	477	738	Not Evaluable	sapiens_qui_prospicit
radiotherapy	CTDC-PARTICIPANT-713422	CTDC-RADIOTHERAPY-744359	scientiae_et_patriae	scientiae_cedit_mare	scientia,_aere_perennius	haec_olim_meminisse_iuvabit	scientiae_cedit_mare	Macte_animo_Generose_puer_sic_itur_ad_astra	54	201	Progressive Disease	damnant_quod_non_intellegunt
radiotherapy	CTDC-PARTICIPANT-588711	CTDC-RADIOTHERAPY-645969	haec_olim_meminisse_iuvabit	pace_tua	damnant_quod_non_intellegunt	damnant_quod_non_intellegunt	damnant_quod_non_intellegunt	a_bene_placito	986	70	Progressive Disease	scientiae_cedit_mare
radiotherapy	CTDC-PARTICIPANT-588711	CTDC-RADIOTHERAPY-950579	labor_ipse_voluptas	scientiae_cedit_mare	faber_est_suae_quisque_fortunae	Obedientia_civium_urbis_felicitas	scientia,_aere_perennius	barba_crescit_caput_nescit	55	78	Unknown	faber_est_suae_quisque_fortunae
radiotherapy	CTDC-PARTICIPANT-544291	CTDC-RADIOTHERAPY-293995	scientia_et_sapientia	haec_olim_meminisse_iuvabit	salus_in_arduis	nanos_gigantum_humeris_insidentes	Obedientia_civium_urbis_felicitas	scientia_imperii_decus_et_tutamen	924	514	Stable Disease	scientia_et_sapientia
radiotherapy	CTDC-PARTICIPANT-544291	CTDC-RADIOTHERAPY-607838	labor_ipse_voluptas	O_Tite_tute_Tati_tibi_tanta_tyranne_tulisti	imperium_in_imperio	pace_tua	e_causa_ignota	salus_in_arduis	653	180	Stable Disease	Obedientia_civium_urbis_felicitas
radiotherapy	CTDC-PARTICIPANT-315000	CTDC-RADIOTHERAPY-292755	e_causa_ignota	damnant_quod_non_intellegunt	scientiae_cedit_mare	scientiae_cedit_mare	a_bene_placito	nascentes_morimur_finisque_ab_origine_pendet	743	225	Not Assessed	imperium_in_imperio
radiotherapy	CTDC-PARTICIPANT-315000	CTDC-RADIOTHERAPY-403451	scientia_et_labor	scientia_et_sapientia	faber_est_suae_quisque_fortunae	nanos_gigantum_humeris_insidentes	e_causa_ignota	sapiens_qui_prospicit	694	726	Stable Disease	nascentes_morimur_finisque_ab_origine_pendet
radiotherapy	CTDC-PARTICIPANT-751219	CTDC-RADIOTHERAPY-625046	sapiens_qui_prospicit	damnant_quod_non_intellegunt	Obedientia_civium_urbis_felicitas	salus_in_arduis	cacatum_non_est_pictum	pace_tua	330	54	Partial Response	imperium_in_imperio
radiotherapy	CTDC-PARTICIPANT-751219	CTDC-RADIOTHERAPY-642597	nascentes_morimur_finisque_ab_origine_pendet	scientia_imperii_decus_et_tutamen	scientia_imperii_decus_et_tutamen	damnant_quod_non_intellegunt	scientia_et_labor	damnant_quod_non_intellegunt	940	474	Partial Response	haec_olim_meminisse_iuvabit
radiotherapy	CTDC-PARTICIPANT-688579	CTDC-RADIOTHERAPY-689774	nascentes_morimur_finisque_ab_origine_pendet	scientiae_et_patriae	haec_olim_meminisse_iuvabit	scientia_et_labor	id_quod_plerumque_accidit	O_Tite_tute_Tati_tibi_tanta_tyranne_tulisti	476	871	Progressive Disease	Macte_animo_Generose_puer_sic_itur_ad_astra
radiotherapy	CTDC-PARTICIPANT-688579	CTDC-RADIOTHERAPY-830944	id_quod_plerumque_accidit	scientiae_et_patriae	id_quod_plerumque_accidit	barba_crescit_caput_nescit	cacatum_non_est_pictum	scientia_et_sapientia	860	876	Unknown	scientia_et_sapientia
radiotherapy	CTDC-PARTICIPANT-508271	CTDC-RADIOTHERAPY-883935	e_causa_ignota	scientia,_aere_perennius	nascentes_morimur_finisque_ab_origine_pendet	Macte_animo_Generose_puer_sic_itur_ad_astra	sapiens_qui_prospicit	scientia_imperii_decus_et_tutamen	287	404	Less than partial response	Gallia_est_omnis_divisa_in_partes_tres
radiotherapy	CTDC-PARTICIPANT-508271	CTDC-RADIOTHERAPY-325602	a_bene_placito	nascentes_morimur_finisque_ab_origine_pendet	saltus_in_demonstrando	Obedientia_civium_urbis_felicitas	imperium_in_imperio	pace_tua	331	211	Progressive Disease	Gallia_est_omnis_divisa_in_partes_tres
radiotherapy	CTDC-PARTICIPANT-283939	CTDC-RADIOTHERAPY-457269	Obedientia_civium_urbis_felicitas	barba_crescit_caput_nescit	Obedientia_civium_urbis_felicitas	labor_ipse_voluptas	salus_in_arduis	haec_olim_meminisse_iuvabit	587	502	Unknown	pace_tua
radiotherapy	CTDC-PARTICIPANT-283939	CTDC-RADIOTHERAPY-208097	haec_olim_meminisse_iuvabit	haec_olim_meminisse_iuvabit	nanos_gigantum_humeris_insidentes	nanos_gigantum_humeris_insidentes	sapiens_qui_prospicit	Gallia_est_omnis_divisa_in_partes_tres	216	734	Stable Disease	haec_olim_meminisse_iuvabit
radiotherapy	CTDC-PARTICIPANT-817899	CTDC-RADIOTHERAPY-356088	nanos_gigantum_humeris_insidentes	haec_olim_meminisse_iuvabit	e_causa_ignota	faber_est_suae_quisque_fortunae	Gallia_est_omnis_divisa_in_partes_tres	Macte_animo_Generose_puer_sic_itur_ad_astra	497	68	Not Evaluable	id_quod_plerumque_accidit
radiotherapy	CTDC-PARTICIPANT-817899	CTDC-RADIOTHERAPY-414138	faber_est_suae_quisque_fortunae	a_bene_placito	damnant_quod_non_intellegunt	labor_ipse_voluptas	O_Tite_tute_Tati_tibi_tanta_tyranne_tulisti	a_bene_placito	596	150	Not Assessed	barba_crescit_caput_nescit
radiotherapy	CTDC-PARTICIPANT-734618	CTDC-RADIOTHERAPY-786088	cacatum_non_est_pictum	Obedientia_civium_urbis_felicitas	Macte_animo_Generose_puer_sic_itur_ad_astra	O_Tite_tute_Tati_tibi_tanta_tyranne_tulisti	imperium_in_imperio	scientia_et_sapientia	312	513	Not Evaluable	imperium_in_imperio
radiotherapy	CTDC-PARTICIPANT-734618	CTDC-RADIOTHERAPY-794691	cacatum_non_est_pictum	scientia,_aere_perennius	scientiae_et_patriae	faber_est_suae_quisque_fortunae	scientia,_aere_perennius	e_causa_ignota	811	490	Less than partial response	Gallia_est_omnis_divisa_in_partes_tres
radiotherapy	CTDC-PARTICIPANT-687386	CTDC-RADIOTHERAPY-936561	damnant_quod_non_intellegunt	scientia_imperii_decus_et_tutamen	scientia_imperii_decus_et_tutamen	scientiae_et_patriae	barba_crescit_caput_nescit	imperium_in_imperio	862	256	Too Early	a_bene_placito
radiotherapy	CTDC-PARTICIPANT-687386	CTDC-RADIOTHERAPY-172165	labor_ipse_voluptas	haec_olim_meminisse_iuvabit	Macte_animo_Generose_puer_sic_itur_ad_astra	scientiae_et_patriae	scientia_et_sapientia	saltus_in_demonstrando	409	687	Less than partial response	Macte_animo_Generose_puer_sic_itur_ad_astra
radiotherapy	CTDC-PARTICIPANT-167854	CTDC-RADIOTHERAPY-483509	Obedientia_civium_urbis_felicitas	saltus_in_demonstrando	scientiae_et_patriae	cacatum_non_est_pictum	imperium_in_imperio	scientiae_cedit_mare	648	428	Complete Response	scientia,_aere_perennius
radiotherapy	CTDC-PARTICIPANT-167854	CTDC-RADIOTHERAPY-240898	Obedientia_civium_urbis_felicitas	scientia_imperii_decus_et_tutamen	Macte_animo_Generose_puer_sic_itur_ad_astra	barba_crescit_caput_nescit	haec_olim_meminisse_iuvabit	scientia_et_labor	488	374	Not Assessed	O_Tite_tute_Tati_tibi_tanta_tyranne_tulisti
radiotherapy	CTDC-PARTICIPANT-710214	CTDC-RADIOTHERAPY-251681	scientiae_et_patriae	damnant_quod_non_intellegunt	labor_ipse_voluptas	scientia_et_labor	e_causa_ignota	nanos_gigantum_humeris_insidentes	955	495	Partial Response	faber_est_suae_quisque_fortunae
radiotherapy	CTDC-PARTICIPANT-710214	CTDC-RADIOTHERAPY-214505	labor_ipse_voluptas	labor_ipse_voluptas	O_Tite_tute_Tati_tibi_tanta_tyranne_tulisti	Gallia_est_omnis_divisa_in_partes_tres	saltus_in_demonstrando	nascentes_morimur_finisque_ab_origine_pendet	889	771	Stable Disease	cacatum_non_est_pictum
radiotherapy	CTDC-PARTICIPANT-438817	CTDC-RADIOTHERAPY-216805	Macte_animo_Generose_puer_sic_itur_ad_astra	nascentes_morimur_finisque_ab_origine_pendet	scientia_et_labor	haec_olim_meminisse_iuvabit	Macte_animo_Generose_puer_sic_itur_ad_astra	nanos_gigantum_humeris_insidentes	50	743	Stable Disease	Gallia_est_omnis_divisa_in_partes_tres
radiotherapy	CTDC-PARTICIPANT-438817	CTDC-RADIOTHERAPY-125321	Obedientia_civium_urbis_felicitas	Macte_animo_Generose_puer_sic_itur_ad_astra	scientia_imperii_decus_et_tutamen	scientiae_et_patriae	scientia_et_sapientia	scientia_et_labor	533	963	Unknown	cacatum_non_est_pictum
radiotherapy	CTDC-PARTICIPANT-492236	CTDC-RADIOTHERAPY-423885	damnant_quod_non_intellegunt	salus_in_arduis	scientiae_cedit_mare	id_quod_plerumque_accidit	O_Tite_tute_Tati_tibi_tanta_tyranne_tulisti	scientia,_aere_perennius	253	909	Partial Response	cacatum_non_est_pictum
radiotherapy	CTDC-PARTICIPANT-492236	CTDC-RADIOTHERAPY-757909	Gallia_est_omnis_divisa_in_partes_tres	barba_crescit_caput_nescit	nascentes_morimur_finisque_ab_origine_pendet	e_causa_ignota	id_quod_plerumque_accidit	nanos_gigantum_humeris_insidentes	73	409	Progressive Disease	scientiae_cedit_mare
radiotherapy	CTDC-PARTICIPANT-831175	CTDC-RADIOTHERAPY-610456	nanos_gigantum_humeris_insidentes	scientiae_et_patriae	haec_olim_meminisse_iuvabit	Macte_animo_Generose_puer_sic_itur_ad_astra	damnant_quod_non_intellegunt	nascentes_morimur_finisque_ab_origine_pendet	593	379	Too Early	imperium_in_imperio
radiotherapy	CTDC-PARTICIPANT-831175	CTDC-RADIOTHERAPY-337948	imperium_in_imperio	labor_ipse_voluptas	scientiae_et_patriae	O_Tite_tute_Tati_tibi_tanta_tyranne_tulisti	a_bene_placito	scientia_et_labor	123	278	Not Evaluable	scientiae_cedit_mare
radiotherapy	CTDC-PARTICIPANT-164613	CTDC-RADIOTHERAPY-576285	O_Tite_tute_Tati_tibi_tanta_tyranne_tulisti	saltus_in_demonstrando	scientia_et_labor	scientia,_aere_perennius	scientia,_aere_perennius	pace_tua	18	269	Not Evaluable	e_causa_ignota
radiotherapy	CTDC-PARTICIPANT-164613	CTDC-RADIOTHERAPY-845500	Obedientia_civium_urbis_felicitas	scientia,_aere_perennius	haec_olim_meminisse_iuvabit	barba_crescit_caput_nescit	scientia_et_sapientia	cacatum_non_est_pictum	794	500	Too Early	salus_in_arduis
radiotherapy	CTDC-PARTICIPANT-297317	CTDC-RADIOTHERAPY-972608	scientia_et_labor	sapiens_qui_prospicit	haec_olim_meminisse_iuvabit	saltus_in_demonstrando	id_quod_plerumque_accidit	scientiae_et_patriae	910	574	Too Early	nanos_gigantum_humeris_insidentes
radiotherapy	CTDC-PARTICIPANT-297317	CTDC-RADIOTHERAPY-719742	a_bene_placito	saltus_in_demonstrando	a_bene_placito	sapiens_qui_prospicit	scientia_et_sapientia	scientia,_aere_perennius	803	15	Not Evaluable	Macte_animo_Generose_puer_sic_itur_ad_astra
radiotherapy	CTDC-PARTICIPANT-694822	CTDC-RADIOTHERAPY-590713	labor_ipse_voluptas	scientia_et_labor	scientiae_et_patriae	O_Tite_tute_Tati_tibi_tanta_tyranne_tulisti	scientia,_aere_perennius	Obedientia_civium_urbis_felicitas	180	809	Progressive Disease	scientiae_et_patriae
radiotherapy	CTDC-PARTICIPANT-694822	CTDC-RADIOTHERAPY-257430	scientiae_cedit_mare	scientia_et_labor	nanos_gigantum_humeris_insidentes	labor_ipse_voluptas	faber_est_suae_quisque_fortunae	scientia_et_labor	506	620	Unknown	Macte_animo_Generose_puer_sic_itur_ad_astra
radiotherapy	CTDC-PARTICIPANT-817795	CTDC-RADIOTHERAPY-749735	cacatum_non_est_pictum	scientia_et_sapientia	saltus_in_demonstrando	Macte_animo_Generose_puer_sic_itur_ad_astra	scientiae_et_patriae	haec_olim_meminisse_iuvabit	85	908	Partial Response	Macte_animo_Generose_puer_sic_itur_ad_astra
radiotherapy	CTDC-PARTICIPANT-817795	CTDC-RADIOTHERAPY-989797	scientia,_aere_perennius	a_bene_placito	id_quod_plerumque_accidit	damnant_quod_non_intellegunt	O_Tite_tute_Tati_tibi_tanta_tyranne_tulisti	salus_in_arduis	810	927	Not Assessed	id_quod_plerumque_accidit
radiotherapy	CTDC-PARTICIPANT-907386	CTDC-RADIOTHERAPY-851950	Obedientia_civium_urbis_felicitas	Macte_animo_Generose_puer_sic_itur_ad_astra	cacatum_non_est_pictum	a_bene_placito	scientia_et_sapientia	salus_in_arduis	271	612	Less than partial response	faber_est_suae_quisque_fortunae
radiotherapy	CTDC-PARTICIPANT-907386	CTDC-RADIOTHERAPY-931092	Macte_animo_Generose_puer_sic_itur_ad_astra	scientiae_et_patriae	cacatum_non_est_pictum	O_Tite_tute_Tati_tibi_tanta_tyranne_tulisti	salus_in_arduis	imperium_in_imperio	627	509	Unknown	saltus_in_demonstrando
radiotherapy	CTDC-PARTICIPANT-555289	CTDC-RADIOTHERAPY-404035	scientiae_cedit_mare	barba_crescit_caput_nescit	cacatum_non_est_pictum	sapiens_qui_prospicit	e_causa_ignota	a_bene_placito	885	44	Complete Response	scientia,_aere_perennius
radiotherapy	CTDC-PARTICIPANT-555289	CTDC-RADIOTHERAPY-141967	scientia,_aere_perennius	labor_ipse_voluptas	salus_in_arduis	damnant_quod_non_intellegunt	e_causa_ignota	labor_ipse_voluptas	592	904	Complete Response	Gallia_est_omnis_divisa_in_partes_tres
radiotherapy	CTDC-PARTICIPANT-849475	CTDC-RADIOTHERAPY-118977	O_Tite_tute_Tati_tibi_tanta_tyranne_tulisti	pace_tua	faber_est_suae_quisque_fortunae	e_causa_ignota	sapiens_qui_prospicit	scientia_et_labor	670	183	Progressive Disease	pace_tua
radiotherapy	CTDC-PARTICIPANT-849475	CTDC-RADIOTHERAPY-525939	Gallia_est_omnis_divisa_in_partes_tres	salus_in_arduis	scientia_imperii_decus_et_tutamen	damnant_quod_non_intellegunt	damnant_quod_non_intellegunt	id_quod_plerumque_accidit	214	897	Complete Response	a_bene_placito
radiotherapy	CTDC-PARTICIPANT-950504	CTDC-RADIOTHERAPY-412818	scientiae_cedit_mare	cacatum_non_est_pictum	nascentes_morimur_finisque_ab_origine_pendet	saltus_in_demonstrando	scientiae_et_patriae	Gallia_est_omnis_divisa_in_partes_tres	191	322	Complete Response	haec_olim_meminisse_iuvabit
radiotherapy	CTDC-PARTICIPANT-950504	CTDC-RADIOTHERAPY-672832	nascentes_morimur_finisque_ab_origine_pendet	salus_in_arduis	imperium_in_imperio	damnant_quod_non_intellegunt	salus_in_arduis	a_bene_placito	71	930	Partial Response	salus_in_arduis
radiotherapy	CTDC-PARTICIPANT-356630	CTDC-RADIOTHERAPY-987410	nascentes_morimur_finisque_ab_origine_pendet	O_Tite_tute_Tati_tibi_tanta_tyranne_tulisti	labor_ipse_voluptas	scientiae_et_patriae	salus_in_arduis	Obedientia_civium_urbis_felicitas	907	158	Unknown	cacatum_non_est_pictum
radiotherapy	CTDC-PARTICIPANT-356630	CTDC-RADIOTHERAPY-502544	imperium_in_imperio	id_quod_plerumque_accidit	damnant_quod_non_intellegunt	barba_crescit_caput_nescit	O_Tite_tute_Tati_tibi_tanta_tyranne_tulisti	pace_tua	534	274	Not Evaluable	scientiae_cedit_mare
radiotherapy	CTDC-PARTICIPANT-997361	CTDC-RADIOTHERAPY-783404	O_Tite_tute_Tati_tibi_tanta_tyranne_tulisti	scientia_et_labor	labor_ipse_voluptas	barba_crescit_caput_nescit	Macte_animo_Generose_puer_sic_itur_ad_astra	scientia_imperii_decus_et_tutamen	517	275	Less than partial response	Gallia_est_omnis_divisa_in_partes_tres
radiotherapy	CTDC-PARTICIPANT-997361	CTDC-RADIOTHERAPY-808304	faber_est_suae_quisque_fortunae	salus_in_arduis	scientia,_aere_perennius	cacatum_non_est_pictum	O_Tite_tute_Tati_tibi_tanta_tyranne_tulisti	labor_ipse_voluptas	770	892	Too Early	scientia_et_sapientia
radiotherapy	CTDC-PARTICIPANT-904557	CTDC-RADIOTHERAPY-196046	barba_crescit_caput_nescit	scientia_et_sapientia	scientiae_cedit_mare	faber_est_suae_quisque_fortunae	imperium_in_imperio	haec_olim_meminisse_iuvabit	695	697	Not Assessed	O_Tite_tute_Tati_tibi_tanta_tyranne_tulisti
radiotherapy	CTDC-PARTICIPANT-904557	CTDC-RADIOTHERAPY-696296	scientia_imperii_decus_et_tutamen	imperium_in_imperio	a_bene_placito	Macte_animo_Generose_puer_sic_itur_ad_astra	O_Tite_tute_Tati_tibi_tanta_tyranne_tulisti	haec_olim_meminisse_iuvabit	55	941	Stable Disease	a_bene_placito
radiotherapy	CTDC-PARTICIPANT-442456	CTDC-RADIOTHERAPY-824612	sapiens_qui_prospicit	scientia,_aere_perennius	saltus_in_demonstrando	imperium_in_imperio	barba_crescit_caput_nescit	Obedientia_civium_urbis_felicitas	183	172	Too Early	nanos_gigantum_humeris_insidentes
radiotherapy	CTDC-PARTICIPANT-442456	CTDC-RADIOTHERAPY-823736	scientiae_cedit_mare	scientiae_et_patriae	scientia_et_sapientia	nascentes_morimur_finisque_ab_origine_pendet	nascentes_morimur_finisque_ab_origine_pendet	scientia_et_labor	372	779	Progressive Disease	labor_ipse_voluptas
radiotherapy	CTDC-PARTICIPANT-350920	CTDC-RADIOTHERAPY-993921	salus_in_arduis	sapiens_qui_prospicit	salus_in_arduis	labor_ipse_voluptas	barba_crescit_caput_nescit	haec_olim_meminisse_iuvabit	130	132	Partial Response	faber_est_suae_quisque_fortunae
radiotherapy	CTDC-PARTICIPANT-350920	CTDC-RADIOTHERAPY-569024	sapiens_qui_prospicit	scientia_et_sapientia	sapiens_qui_prospicit	scientiae_cedit_mare	Obedientia_civium_urbis_felicitas	pace_tua	668	686	Progressive Disease	scientiae_et_patriae
radiotherapy	CTDC-PARTICIPANT-384798	CTDC-RADIOTHERAPY-906357	scientia,_aere_perennius	scientia,_aere_perennius	faber_est_suae_quisque_fortunae	O_Tite_tute_Tati_tibi_tanta_tyranne_tulisti	salus_in_arduis	Gallia_est_omnis_divisa_in_partes_tres	267	894	Progressive Disease	saltus_in_demonstrando
radiotherapy	CTDC-PARTICIPANT-384798	CTDC-RADIOTHERAPY-858008	imperium_in_imperio	cacatum_non_est_pictum	salus_in_arduis	cacatum_non_est_pictum	scientia_et_sapientia	imperium_in_imperio	188	387	Not Evaluable	scientia_et_sapientia
radiotherapy	CTDC-PARTICIPANT-241999	CTDC-RADIOTHERAPY-889704	labor_ipse_voluptas	scientia,_aere_perennius	a_bene_placito	sapiens_qui_prospicit	damnant_quod_non_intellegunt	haec_olim_meminisse_iuvabit	164	933	Unknown	Macte_animo_Generose_puer_sic_itur_ad_astra
radiotherapy	CTDC-PARTICIPANT-241999	CTDC-RADIOTHERAPY-208310	imperium_in_imperio	nanos_gigantum_humeris_insidentes	O_Tite_tute_Tati_tibi_tanta_tyranne_tulisti	scientia_et_sapientia	scientiae_cedit_mare	nanos_gigantum_humeris_insidentes	100	479	Stable Disease	pace_tua
radiotherapy	CTDC-PARTICIPANT-320397	CTDC-RADIOTHERAPY-973770	e_causa_ignota	nascentes_morimur_finisque_ab_origine_pendet	Gallia_est_omnis_divisa_in_partes_tres	Obedientia_civium_urbis_felicitas	id_quod_plerumque_accidit	scientia_imperii_decus_et_tutamen	793	646	Too Early	O_Tite_tute_Tati_tibi_tanta_tyranne_tulisti
radiotherapy	CTDC-PARTICIPANT-320397	CTDC-RADIOTHERAPY-774476	scientia,_aere_perennius	imperium_in_imperio	saltus_in_demonstrando	cacatum_non_est_pictum	cacatum_non_est_pictum	a_bene_placito	962	109	Complete Response	Macte_animo_Generose_puer_sic_itur_ad_astra
radiotherapy	CTDC-PARTICIPANT-343299	CTDC-RADIOTHERAPY-688176	haec_olim_meminisse_iuvabit	scientia_et_sapientia	pace_tua	scientiae_cedit_mare	haec_olim_meminisse_iuvabit	saltus_in_demonstrando	680	110	Less than partial response	barba_crescit_caput_nescit
radiotherapy	CTDC-PARTICIPANT-343299	CTDC-RADIOTHERAPY-964544	salus_in_arduis	barba_crescit_caput_nescit	salus_in_arduis	a_bene_placito	O_Tite_tute_Tati_tibi_tanta_tyranne_tulisti	cacatum_non_est_pictum	645	621	Not Evaluable	haec_olim_meminisse_iuvabit
radiotherapy	CTDC-PARTICIPANT-559279	CTDC-RADIOTHERAPY-293130	scientia_et_sapientia	Gallia_est_omnis_divisa_in_partes_tres	Obedientia_civium_urbis_felicitas	salus_in_arduis	Gallia_est_omnis_divisa_in_partes_tres	Gallia_est_omnis_divisa_in_partes_tres	851	560	Complete Response	scientia_et_labor
radiotherapy	CTDC-PARTICIPANT-559279	CTDC-RADIOTHERAPY-965305	nascentes_morimur_finisque_ab_origine_pendet	Macte_animo_Generose_puer_sic_itur_ad_astra	faber_est_suae_quisque_fortunae	id_quod_plerumque_accidit	sapiens_qui_prospicit	id_quod_plerumque_accidit	929	84	Not Assessed	a_bene_placito
radiotherapy	CTDC-PARTICIPANT-588655	CTDC-RADIOTHERAPY-902626	scientia_imperii_decus_et_tutamen	pace_tua	imperium_in_imperio	id_quod_plerumque_accidit	faber_est_suae_quisque_fortunae	pace_tua	673	678	Not Assessed	cacatum_non_est_pictum
radiotherapy	CTDC-PARTICIPANT-588655	CTDC-RADIOTHERAPY-923536	damnant_quod_non_intellegunt	cacatum_non_est_pictum	Obedientia_civium_urbis_felicitas	Obedientia_civium_urbis_felicitas	O_Tite_tute_Tati_tibi_tanta_tyranne_tulisti	nascentes_morimur_finisque_ab_origine_pendet	305	570	Too Early	damnant_quod_non_intellegunt
radiotherapy	CTDC-PARTICIPANT-941268	CTDC-RADIOTHERAPY-328409	Macte_animo_Generose_puer_sic_itur_ad_astra	sapiens_qui_prospicit	imperium_in_imperio	scientia,_aere_perennius	a_bene_placito	barba_crescit_caput_nescit	599	453	Less than partial response	sapiens_qui_prospicit
radiotherapy	CTDC-PARTICIPANT-941268	CTDC-RADIOTHERAPY-474755	Macte_animo_Generose_puer_sic_itur_ad_astra	nascentes_morimur_finisque_ab_origine_pendet	nanos_gigantum_humeris_insidentes	cacatum_non_est_pictum	Obedientia_civium_urbis_felicitas	faber_est_suae_quisque_fortunae	638	689	Complete Response	scientiae_et_patriae
radiotherapy	CTDC-PARTICIPANT-114882	CTDC-RADIOTHERAPY-704892	scientia_et_sapientia	scientia_imperii_decus_et_tutamen	a_bene_placito	damnant_quod_non_intellegunt	nanos_gigantum_humeris_insidentes	faber_est_suae_quisque_fortunae	579	890	Not Evaluable	labor_ipse_voluptas
radiotherapy	CTDC-PARTICIPANT-114882	CTDC-RADIOTHERAPY-610406	e_causa_ignota	Gallia_est_omnis_divisa_in_partes_tres	imperium_in_imperio	labor_ipse_voluptas	a_bene_placito	Obedientia_civium_urbis_felicitas	311	703	Complete Response	haec_olim_meminisse_iuvabit
radiotherapy	CTDC-PARTICIPANT-421806	CTDC-RADIOTHERAPY-500595	imperium_in_imperio	sapiens_qui_prospicit	a_bene_placito	sapiens_qui_prospicit	scientia_imperii_decus_et_tutamen	nascentes_morimur_finisque_ab_origine_pendet	410	805	Not Evaluable	salus_in_arduis
radiotherapy	CTDC-PARTICIPANT-421806	CTDC-RADIOTHERAPY-277920	damnant_quod_non_intellegunt	scientia_et_sapientia	barba_crescit_caput_nescit	imperium_in_imperio	salus_in_arduis	e_causa_ignota	578	62	Too Early	salus_in_arduis
radiotherapy	CTDC-PARTICIPANT-831231	CTDC-RADIOTHERAPY-494385	haec_olim_meminisse_iuvabit	haec_olim_meminisse_iuvabit	barba_crescit_caput_nescit	a_bene_placito	cacatum_non_est_pictum	e_causa_ignota	417	136	Unknown	Gallia_est_omnis_divisa_in_partes_tres
radiotherapy	CTDC-PARTICIPANT-831231	CTDC-RADIOTHERAPY-226178	scientia_et_sapientia	Macte_animo_Generose_puer_sic_itur_ad_astra	damnant_quod_non_intellegunt	pace_tua	saltus_in_demonstrando	scientia,_aere_perennius	573	952	Partial Response	Obedientia_civium_urbis_felicitas
radiotherapy	CTDC-PARTICIPANT-403816	CTDC-RADIOTHERAPY-855374	pace_tua	pace_tua	O_Tite_tute_Tati_tibi_tanta_tyranne_tulisti	id_quod_plerumque_accidit	cacatum_non_est_pictum	sapiens_qui_prospicit	268	279	Complete Response	labor_ipse_voluptas
radiotherapy	CTDC-PARTICIPANT-403816	CTDC-RADIOTHERAPY-882738	imperium_in_imperio	Obedientia_civium_urbis_felicitas	haec_olim_meminisse_iuvabit	sapiens_qui_prospicit	Gallia_est_omnis_divisa_in_partes_tres	pace_tua	799	532	Too Early	scientiae_cedit_mare
radiotherapy	CTDC-PARTICIPANT-662249	CTDC-RADIOTHERAPY-266728	pace_tua	barba_crescit_caput_nescit	sapiens_qui_prospicit	scientia,_aere_perennius	scientia_imperii_decus_et_tutamen	labor_ipse_voluptas	782	460	Unknown	cacatum_non_est_pictum
radiotherapy	CTDC-PARTICIPANT-662249	CTDC-RADIOTHERAPY-396736	nanos_gigantum_humeris_insidentes	imperium_in_imperio	O_Tite_tute_Tati_tibi_tanta_tyranne_tulisti	imperium_in_imperio	scientiae_et_patriae	faber_est_suae_quisque_fortunae	133	124	Progressive Disease	O_Tite_tute_Tati_tibi_tanta_tyranne_tulisti
radiotherapy	CTDC-PARTICIPANT-633930	CTDC-RADIOTHERAPY-528200	a_bene_placito	haec_olim_meminisse_iuvabit	barba_crescit_caput_nescit	Gallia_est_omnis_divisa_in_partes_tres	Macte_animo_Generose_puer_sic_itur_ad_astra	barba_crescit_caput_nescit	107	586	Less than partial response	scientia_et_labor
radiotherapy	CTDC-PARTICIPANT-633930	CTDC-RADIOTHERAPY-879462	nascentes_morimur_finisque_ab_origine_pendet	sapiens_qui_prospicit	scientia_imperii_decus_et_tutamen	id_quod_plerumque_accidit	Gallia_est_omnis_divisa_in_partes_tres	Obedientia_civium_urbis_felicitas	577	372	Complete Response	Obedientia_civium_urbis_felicitas
radiotherapy	CTDC-PARTICIPANT-100511	CTDC-RADIOTHERAPY-610315	scientia,_aere_perennius	salus_in_arduis	scientia_et_labor	labor_ipse_voluptas	pace_tua	scientiae_cedit_mare	945	153	Unknown	salus_in_arduis
radiotherapy	CTDC-PARTICIPANT-100511	CTDC-RADIOTHERAPY-778816	scientiae_et_patriae	scientiae_cedit_mare	nanos_gigantum_humeris_insidentes	id_quod_plerumque_accidit	damnant_quod_non_intellegunt	saltus_in_demonstrando	866	141	Complete Response	scientia,_aere_perennius
radiotherapy	CTDC-PARTICIPANT-242408	CTDC-RADIOTHERAPY-233074	e_causa_ignota	haec_olim_meminisse_iuvabit	sapiens_qui_prospicit	scientia_et_labor	O_Tite_tute_Tati_tibi_tanta_tyranne_tulisti	nascentes_morimur_finisque_ab_origine_pendet	719	690	Less than partial response	sapiens_qui_prospicit
radiotherapy	CTDC-PARTICIPANT-242408	CTDC-RADIOTHERAPY-848773	scientia_et_labor	haec_olim_meminisse_iuvabit	nanos_gigantum_humeris_insidentes	salus_in_arduis	haec_olim_meminisse_iuvabit	Gallia_est_omnis_divisa_in_partes_tres	333	495	Unknown	faber_est_suae_quisque_fortunae
radiotherapy	CTDC-PARTICIPANT-431828	CTDC-RADIOTHERAPY-482236	sapiens_qui_prospicit	Obedientia_civium_urbis_felicitas	id_quod_plerumque_accidit	Gallia_est_omnis_divisa_in_partes_tres	pace_tua	Macte_animo_Generose_puer_sic_itur_ad_astra	582	802	Not Assessed	O_Tite_tute_Tati_tibi_tanta_tyranne_tulisti
radiotherapy	CTDC-PARTICIPANT-431828	CTDC-RADIOTHERAPY-190372	labor_ipse_voluptas	scientiae_cedit_mare	scientia,_aere_perennius	scientia_et_sapientia	faber_est_suae_quisque_fortunae	a_bene_placito	720	163	Stable Disease	barba_crescit_caput_nescit
radiotherapy	CTDC-PARTICIPANT-758307	CTDC-RADIOTHERAPY-228001	scientia_et_sapientia	barba_crescit_caput_nescit	scientia_et_labor	nascentes_morimur_finisque_ab_origine_pendet	id_quod_plerumque_accidit	barba_crescit_caput_nescit	203	385	Not Evaluable	faber_est_suae_quisque_fortunae
radiotherapy	CTDC-PARTICIPANT-758307	CTDC-RADIOTHERAPY-947327	e_causa_ignota	damnant_quod_non_intellegunt	saltus_in_demonstrando	scientiae_et_patriae	O_Tite_tute_Tati_tibi_tanta_tyranne_tulisti	cacatum_non_est_pictum	697	443	Complete Response	scientia_imperii_decus_et_tutamen
radiotherapy	CTDC-PARTICIPANT-968512	CTDC-RADIOTHERAPY-689488	imperium_in_imperio	pace_tua	pace_tua	nascentes_morimur_finisque_ab_origine_pendet	labor_ipse_voluptas	scientiae_et_patriae	920	462	Not Evaluable	sapiens_qui_prospicit
radiotherapy	CTDC-PARTICIPANT-968512	CTDC-RADIOTHERAPY-494825	cacatum_non_est_pictum	nascentes_morimur_finisque_ab_origine_pendet	imperium_in_imperio	damnant_quod_non_intellegunt	scientiae_et_patriae	damnant_quod_non_intellegunt	529	757	Too Early	saltus_in_demonstrando
radiotherapy	CTDC-PARTICIPANT-642052	CTDC-RADIOTHERAPY-975433	sapiens_qui_prospicit	scientiae_et_patriae	saltus_in_demonstrando	pace_tua	scientia_et_labor	scientia_imperii_decus_et_tutamen	126	112	Not Evaluable	scientia_imperii_decus_et_tutamen
radiotherapy	CTDC-PARTICIPANT-642052	CTDC-RADIOTHERAPY-815724	imperium_in_imperio	imperium_in_imperio	damnant_quod_non_intellegunt	scientiae_et_patriae	nanos_gigantum_humeris_insidentes	O_Tite_tute_Tati_tibi_tanta_tyranne_tulisti	485	321	Progressive Disease	e_causa_ignota
radiotherapy	CTDC-PARTICIPANT-979933	CTDC-RADIOTHERAPY-720556	sapiens_qui_prospicit	saltus_in_demonstrando	Obedientia_civium_urbis_felicitas	labor_ipse_voluptas	cacatum_non_est_pictum	scientia_et_labor	283	795	Less than partial response	Gallia_est_omnis_divisa_in_partes_tres
radiotherapy	CTDC-PARTICIPANT-979933	CTDC-RADIOTHERAPY-752885	Obedientia_civium_urbis_felicitas	scientia_et_sapientia	faber_est_suae_quisque_fortunae	scientia,_aere_perennius	haec_olim_meminisse_iuvabit	sapiens_qui_prospicit	634	321	Partial Response	a_bene_placito
