type	participant.participant_id	radiological_procedure_record_id	radiological_procedure	radiological_procedure_anatomical_location	radiation_dose	radiation_dose_units	radiation_frequency	radiation_extent	radiotherapy_start_date	radiotherapy_end_date	best_response_to_radiotherapy	crdc_id
radiotherapy	CTDC-PARTICIPANT-255086	CTDC-RADIOTHERAPY-873676	cacatum_non_est_pictum	e_causa_ignota	O_Tite_tute_Tati_tibi_tanta_tyranne_tulisti	Gallia_est_omnis_divisa_in_partes_tres	Macte_animo_Generose_puer_sic_itur_ad_astra	imperium_in_imperio	371	668	Not Assessed	labor_ipse_voluptas
radiotherapy	CTDC-PARTICIPANT-255086	CTDC-RADIOTHERAPY-786882	cacatum_non_est_pictum	damnant_quod_non_intellegunt	scientiae_et_patriae	pace_tua	scientiae_et_patriae	cacatum_non_est_pictum	811	725	Too Early	scientiae_et_patriae
radiotherapy	CTDC-PARTICIPANT-214681	CTDC-RADIOTHERAPY-441314	scientiae_et_patriae	scientia_et_sapientia	scientiae_et_patriae	scientia_et_sapientia	scientiae_cedit_mare	damnant_quod_non_intellegunt	994	181	Stable Disease	haec_olim_meminisse_iuvabit
radiotherapy	CTDC-PARTICIPANT-214681	CTDC-RADIOTHERAPY-173540	labor_ipse_voluptas	scientia,_aere_perennius	imperium_in_imperio	nanos_gigantum_humeris_insidentes	imperium_in_imperio	id_quod_plerumque_accidit	80	927	Less than partial response	e_causa_ignota
radiotherapy	CTDC-PARTICIPANT-660575	CTDC-RADIOTHERAPY-987056	Macte_animo_Generose_puer_sic_itur_ad_astra	id_quod_plerumque_accidit	O_Tite_tute_Tati_tibi_tanta_tyranne_tulisti	salus_in_arduis	a_bene_placito	e_causa_ignota	61	122	Progressive Disease	scientia,_aere_perennius
radiotherapy	CTDC-PARTICIPANT-660575	CTDC-RADIOTHERAPY-127017	O_Tite_tute_Tati_tibi_tanta_tyranne_tulisti	faber_est_suae_quisque_fortunae	scientiae_cedit_mare	nanos_gigantum_humeris_insidentes	scientiae_cedit_mare	barba_crescit_caput_nescit	995	176	Partial Response	O_Tite_tute_Tati_tibi_tanta_tyranne_tulisti
radiotherapy	CTDC-PARTICIPANT-518364	CTDC-RADIOTHERAPY-175321	barba_crescit_caput_nescit	salus_in_arduis	salus_in_arduis	pace_tua	nascentes_morimur_finisque_ab_origine_pendet	barba_crescit_caput_nescit	447	385	Progressive Disease	labor_ipse_voluptas
radiotherapy	CTDC-PARTICIPANT-518364	CTDC-RADIOTHERAPY-344078	pace_tua	scientiae_et_patriae	scientiae_cedit_mare	scientiae_et_patriae	a_bene_placito	haec_olim_meminisse_iuvabit	41	21	Unknown	sapiens_qui_prospicit
radiotherapy	CTDC-PARTICIPANT-701612	CTDC-RADIOTHERAPY-790190	scientia_imperii_decus_et_tutamen	imperium_in_imperio	nanos_gigantum_humeris_insidentes	damnant_quod_non_intellegunt	haec_olim_meminisse_iuvabit	saltus_in_demonstrando	984	331	Not Assessed	scientia_et_sapientia
radiotherapy	CTDC-PARTICIPANT-701612	CTDC-RADIOTHERAPY-246504	cacatum_non_est_pictum	salus_in_arduis	salus_in_arduis	scientia,_aere_perennius	scientiae_et_patriae	scientiae_et_patriae	62	798	Stable Disease	scientiae_et_patriae
radiotherapy	CTDC-PARTICIPANT-637495	CTDC-RADIOTHERAPY-475921	scientia_et_labor	pace_tua	sapiens_qui_prospicit	faber_est_suae_quisque_fortunae	nanos_gigantum_humeris_insidentes	scientia,_aere_perennius	943	198	Less than partial response	scientia,_aere_perennius
radiotherapy	CTDC-PARTICIPANT-637495	CTDC-RADIOTHERAPY-279398	saltus_in_demonstrando	scientia_imperii_decus_et_tutamen	O_Tite_tute_Tati_tibi_tanta_tyranne_tulisti	labor_ipse_voluptas	haec_olim_meminisse_iuvabit	id_quod_plerumque_accidit	928	808	Less than partial response	cacatum_non_est_pictum
radiotherapy	CTDC-PARTICIPANT-390274	CTDC-RADIOTHERAPY-444865	labor_ipse_voluptas	scientia,_aere_perennius	barba_crescit_caput_nescit	nascentes_morimur_finisque_ab_origine_pendet	scientiae_et_patriae	scientia_imperii_decus_et_tutamen	264	711	Complete Response	e_causa_ignota
radiotherapy	CTDC-PARTICIPANT-390274	CTDC-RADIOTHERAPY-816918	saltus_in_demonstrando	barba_crescit_caput_nescit	damnant_quod_non_intellegunt	saltus_in_demonstrando	Macte_animo_Generose_puer_sic_itur_ad_astra	scientiae_et_patriae	154	244	Not Assessed	scientiae_cedit_mare
radiotherapy	CTDC-PARTICIPANT-605060	CTDC-RADIOTHERAPY-601005	imperium_in_imperio	O_Tite_tute_Tati_tibi_tanta_tyranne_tulisti	nascentes_morimur_finisque_ab_origine_pendet	nascentes_morimur_finisque_ab_origine_pendet	e_causa_ignota	imperium_in_imperio	577	343	Unknown	nascentes_morimur_finisque_ab_origine_pendet
radiotherapy	CTDC-PARTICIPANT-605060	CTDC-RADIOTHERAPY-501230	barba_crescit_caput_nescit	cacatum_non_est_pictum	O_Tite_tute_Tati_tibi_tanta_tyranne_tulisti	saltus_in_demonstrando	nanos_gigantum_humeris_insidentes	haec_olim_meminisse_iuvabit	241	601	Stable Disease	pace_tua
radiotherapy	CTDC-PARTICIPANT-955678	CTDC-RADIOTHERAPY-621005	haec_olim_meminisse_iuvabit	nanos_gigantum_humeris_insidentes	a_bene_placito	scientia_imperii_decus_et_tutamen	barba_crescit_caput_nescit	damnant_quod_non_intellegunt	859	214	Too Early	e_causa_ignota
radiotherapy	CTDC-PARTICIPANT-955678	CTDC-RADIOTHERAPY-401485	imperium_in_imperio	Obedientia_civium_urbis_felicitas	nascentes_morimur_finisque_ab_origine_pendet	barba_crescit_caput_nescit	damnant_quod_non_intellegunt	scientiae_cedit_mare	754	780	Stable Disease	sapiens_qui_prospicit
radiotherapy	CTDC-PARTICIPANT-787508	CTDC-RADIOTHERAPY-555373	sapiens_qui_prospicit	pace_tua	scientia,_aere_perennius	labor_ipse_voluptas	labor_ipse_voluptas	damnant_quod_non_intellegunt	800	377	Complete Response	damnant_quod_non_intellegunt
radiotherapy	CTDC-PARTICIPANT-787508	CTDC-RADIOTHERAPY-372656	cacatum_non_est_pictum	O_Tite_tute_Tati_tibi_tanta_tyranne_tulisti	labor_ipse_voluptas	id_quod_plerumque_accidit	Obedientia_civium_urbis_felicitas	scientia_et_sapientia	89	324	Too Early	sapiens_qui_prospicit
radiotherapy	CTDC-PARTICIPANT-796466	CTDC-RADIOTHERAPY-119650	faber_est_suae_quisque_fortunae	faber_est_suae_quisque_fortunae	O_Tite_tute_Tati_tibi_tanta_tyranne_tulisti	scientiae_et_patriae	Macte_animo_Generose_puer_sic_itur_ad_astra	sapiens_qui_prospicit	27	109	Less than partial response	e_causa_ignota
radiotherapy	CTDC-PARTICIPANT-796466	CTDC-RADIOTHERAPY-868419	id_quod_plerumque_accidit	scientiae_et_patriae	a_bene_placito	Gallia_est_omnis_divisa_in_partes_tres	a_bene_placito	salus_in_arduis	212	408	Not Evaluable	damnant_quod_non_intellegunt
radiotherapy	CTDC-PARTICIPANT-249606	CTDC-RADIOTHERAPY-462434	e_causa_ignota	nascentes_morimur_finisque_ab_origine_pendet	O_Tite_tute_Tati_tibi_tanta_tyranne_tulisti	e_causa_ignota	pace_tua	saltus_in_demonstrando	511	787	Less than partial response	scientiae_et_patriae
radiotherapy	CTDC-PARTICIPANT-249606	CTDC-RADIOTHERAPY-763897	scientia,_aere_perennius	a_bene_placito	a_bene_placito	damnant_quod_non_intellegunt	scientiae_et_patriae	salus_in_arduis	813	535	Less than partial response	scientiae_et_patriae
radiotherapy	CTDC-PARTICIPANT-829468	CTDC-RADIOTHERAPY-201230	labor_ipse_voluptas	sapiens_qui_prospicit	id_quod_plerumque_accidit	id_quod_plerumque_accidit	labor_ipse_voluptas	O_Tite_tute_Tati_tibi_tanta_tyranne_tulisti	713	107	Complete Response	barba_crescit_caput_nescit
radiotherapy	CTDC-PARTICIPANT-829468	CTDC-RADIOTHERAPY-166267	barba_crescit_caput_nescit	saltus_in_demonstrando	scientiae_et_patriae	sapiens_qui_prospicit	salus_in_arduis	barba_crescit_caput_nescit	384	711	Unknown	O_Tite_tute_Tati_tibi_tanta_tyranne_tulisti
radiotherapy	CTDC-PARTICIPANT-797911	CTDC-RADIOTHERAPY-973872	e_causa_ignota	scientiae_et_patriae	imperium_in_imperio	scientia_et_labor	saltus_in_demonstrando	scientiae_et_patriae	826	618	Unknown	Obedientia_civium_urbis_felicitas
radiotherapy	CTDC-PARTICIPANT-797911	CTDC-RADIOTHERAPY-389230	scientia_et_sapientia	scientia_et_sapientia	Obedientia_civium_urbis_felicitas	damnant_quod_non_intellegunt	Gallia_est_omnis_divisa_in_partes_tres	scientia_et_labor	595	186	Not Evaluable	pace_tua
radiotherapy	CTDC-PARTICIPANT-928561	CTDC-RADIOTHERAPY-186438	faber_est_suae_quisque_fortunae	Obedientia_civium_urbis_felicitas	scientia_imperii_decus_et_tutamen	labor_ipse_voluptas	faber_est_suae_quisque_fortunae	sapiens_qui_prospicit	487	248	Not Assessed	labor_ipse_voluptas
radiotherapy	CTDC-PARTICIPANT-928561	CTDC-RADIOTHERAPY-597410	damnant_quod_non_intellegunt	damnant_quod_non_intellegunt	scientia_imperii_decus_et_tutamen	salus_in_arduis	scientia,_aere_perennius	scientia_imperii_decus_et_tutamen	813	934	Partial Response	faber_est_suae_quisque_fortunae
radiotherapy	CTDC-PARTICIPANT-954478	CTDC-RADIOTHERAPY-279058	a_bene_placito	scientia_et_labor	damnant_quod_non_intellegunt	Gallia_est_omnis_divisa_in_partes_tres	nanos_gigantum_humeris_insidentes	scientia,_aere_perennius	791	821	Partial Response	damnant_quod_non_intellegunt
radiotherapy	CTDC-PARTICIPANT-954478	CTDC-RADIOTHERAPY-367424	imperium_in_imperio	saltus_in_demonstrando	scientia_imperii_decus_et_tutamen	e_causa_ignota	nascentes_morimur_finisque_ab_origine_pendet	damnant_quod_non_intellegunt	477	704	Complete Response	scientiae_cedit_mare
radiotherapy	CTDC-PARTICIPANT-386570	CTDC-RADIOTHERAPY-517009	Macte_animo_Generose_puer_sic_itur_ad_astra	scientia_imperii_decus_et_tutamen	sapiens_qui_prospicit	Obedientia_civium_urbis_felicitas	scientia,_aere_perennius	barba_crescit_caput_nescit	772	425	Less than partial response	imperium_in_imperio
radiotherapy	CTDC-PARTICIPANT-386570	CTDC-RADIOTHERAPY-512408	scientia_et_sapientia	haec_olim_meminisse_iuvabit	scientia_et_sapientia	Obedientia_civium_urbis_felicitas	labor_ipse_voluptas	haec_olim_meminisse_iuvabit	192	816	Progressive Disease	O_Tite_tute_Tati_tibi_tanta_tyranne_tulisti
radiotherapy	CTDC-PARTICIPANT-761014	CTDC-RADIOTHERAPY-682682	scientiae_et_patriae	scientia_imperii_decus_et_tutamen	Macte_animo_Generose_puer_sic_itur_ad_astra	faber_est_suae_quisque_fortunae	scientiae_cedit_mare	Gallia_est_omnis_divisa_in_partes_tres	499	434	Stable Disease	Macte_animo_Generose_puer_sic_itur_ad_astra
radiotherapy	CTDC-PARTICIPANT-761014	CTDC-RADIOTHERAPY-945413	scientia_et_sapientia	imperium_in_imperio	nanos_gigantum_humeris_insidentes	a_bene_placito	sapiens_qui_prospicit	scientiae_cedit_mare	391	567	Progressive Disease	nanos_gigantum_humeris_insidentes
radiotherapy	CTDC-PARTICIPANT-627536	CTDC-RADIOTHERAPY-552179	saltus_in_demonstrando	Obedientia_civium_urbis_felicitas	cacatum_non_est_pictum	scientia_et_labor	scientiae_et_patriae	barba_crescit_caput_nescit	867	47	Partial Response	labor_ipse_voluptas
radiotherapy	CTDC-PARTICIPANT-627536	CTDC-RADIOTHERAPY-693826	a_bene_placito	scientiae_cedit_mare	scientiae_cedit_mare	O_Tite_tute_Tati_tibi_tanta_tyranne_tulisti	Macte_animo_Generose_puer_sic_itur_ad_astra	labor_ipse_voluptas	505	780	Stable Disease	damnant_quod_non_intellegunt
radiotherapy	CTDC-PARTICIPANT-282263	CTDC-RADIOTHERAPY-867589	haec_olim_meminisse_iuvabit	pace_tua	scientia,_aere_perennius	barba_crescit_caput_nescit	scientia,_aere_perennius	nanos_gigantum_humeris_insidentes	778	810	Not Evaluable	barba_crescit_caput_nescit
radiotherapy	CTDC-PARTICIPANT-282263	CTDC-RADIOTHERAPY-560334	id_quod_plerumque_accidit	scientia_et_sapientia	nascentes_morimur_finisque_ab_origine_pendet	e_causa_ignota	barba_crescit_caput_nescit	cacatum_non_est_pictum	336	354	Not Evaluable	scientia_et_sapientia
radiotherapy	CTDC-PARTICIPANT-688099	CTDC-RADIOTHERAPY-428087	labor_ipse_voluptas	cacatum_non_est_pictum	sapiens_qui_prospicit	id_quod_plerumque_accidit	Macte_animo_Generose_puer_sic_itur_ad_astra	labor_ipse_voluptas	587	438	Too Early	barba_crescit_caput_nescit
radiotherapy	CTDC-PARTICIPANT-688099	CTDC-RADIOTHERAPY-101090	scientiae_cedit_mare	nanos_gigantum_humeris_insidentes	saltus_in_demonstrando	O_Tite_tute_Tati_tibi_tanta_tyranne_tulisti	haec_olim_meminisse_iuvabit	scientia,_aere_perennius	241	517	Stable Disease	Gallia_est_omnis_divisa_in_partes_tres
radiotherapy	CTDC-PARTICIPANT-939913	CTDC-RADIOTHERAPY-908243	salus_in_arduis	nanos_gigantum_humeris_insidentes	imperium_in_imperio	pace_tua	id_quod_plerumque_accidit	scientiae_et_patriae	918	926	Less than partial response	scientia,_aere_perennius
radiotherapy	CTDC-PARTICIPANT-939913	CTDC-RADIOTHERAPY-149483	scientia,_aere_perennius	scientia,_aere_perennius	a_bene_placito	damnant_quod_non_intellegunt	saltus_in_demonstrando	barba_crescit_caput_nescit	554	671	Complete Response	nanos_gigantum_humeris_insidentes
radiotherapy	CTDC-PARTICIPANT-539346	CTDC-RADIOTHERAPY-157981	saltus_in_demonstrando	saltus_in_demonstrando	scientia,_aere_perennius	Gallia_est_omnis_divisa_in_partes_tres	a_bene_placito	O_Tite_tute_Tati_tibi_tanta_tyranne_tulisti	99	140	Stable Disease	id_quod_plerumque_accidit
radiotherapy	CTDC-PARTICIPANT-539346	CTDC-RADIOTHERAPY-511889	cacatum_non_est_pictum	a_bene_placito	scientia_imperii_decus_et_tutamen	scientiae_et_patriae	pace_tua	nascentes_morimur_finisque_ab_origine_pendet	745	877	Not Assessed	salus_in_arduis
radiotherapy	CTDC-PARTICIPANT-246150	CTDC-RADIOTHERAPY-804816	salus_in_arduis	a_bene_placito	Obedientia_civium_urbis_felicitas	scientiae_cedit_mare	haec_olim_meminisse_iuvabit	labor_ipse_voluptas	658	755	Progressive Disease	barba_crescit_caput_nescit
radiotherapy	CTDC-PARTICIPANT-246150	CTDC-RADIOTHERAPY-964388	scientia_imperii_decus_et_tutamen	scientiae_et_patriae	scientia_et_sapientia	O_Tite_tute_Tati_tibi_tanta_tyranne_tulisti	scientiae_et_patriae	id_quod_plerumque_accidit	353	354	Complete Response	nanos_gigantum_humeris_insidentes
radiotherapy	CTDC-PARTICIPANT-570246	CTDC-RADIOTHERAPY-953350	pace_tua	labor_ipse_voluptas	scientiae_et_patriae	Gallia_est_omnis_divisa_in_partes_tres	nanos_gigantum_humeris_insidentes	saltus_in_demonstrando	913	857	Unknown	scientiae_et_patriae
radiotherapy	CTDC-PARTICIPANT-570246	CTDC-RADIOTHERAPY-353023	damnant_quod_non_intellegunt	labor_ipse_voluptas	a_bene_placito	a_bene_placito	O_Tite_tute_Tati_tibi_tanta_tyranne_tulisti	e_causa_ignota	440	604	Not Assessed	O_Tite_tute_Tati_tibi_tanta_tyranne_tulisti
radiotherapy	CTDC-PARTICIPANT-291591	CTDC-RADIOTHERAPY-163845	imperium_in_imperio	scientiae_cedit_mare	cacatum_non_est_pictum	O_Tite_tute_Tati_tibi_tanta_tyranne_tulisti	Gallia_est_omnis_divisa_in_partes_tres	labor_ipse_voluptas	440	219	Stable Disease	scientia,_aere_perennius
radiotherapy	CTDC-PARTICIPANT-291591	CTDC-RADIOTHERAPY-521083	imperium_in_imperio	scientiae_et_patriae	scientia,_aere_perennius	id_quod_plerumque_accidit	haec_olim_meminisse_iuvabit	imperium_in_imperio	678	758	Too Early	scientiae_et_patriae
radiotherapy	CTDC-PARTICIPANT-940083	CTDC-RADIOTHERAPY-997162	cacatum_non_est_pictum	scientia_et_labor	e_causa_ignota	Obedientia_civium_urbis_felicitas	cacatum_non_est_pictum	scientia,_aere_perennius	446	952	Stable Disease	a_bene_placito
radiotherapy	CTDC-PARTICIPANT-940083	CTDC-RADIOTHERAPY-114988	barba_crescit_caput_nescit	barba_crescit_caput_nescit	Obedientia_civium_urbis_felicitas	salus_in_arduis	scientia_et_labor	Macte_animo_Generose_puer_sic_itur_ad_astra	855	320	Less than partial response	salus_in_arduis
radiotherapy	CTDC-PARTICIPANT-626731	CTDC-RADIOTHERAPY-261255	scientia,_aere_perennius	sapiens_qui_prospicit	a_bene_placito	salus_in_arduis	Macte_animo_Generose_puer_sic_itur_ad_astra	scientia_et_sapientia	285	588	Partial Response	nascentes_morimur_finisque_ab_origine_pendet
radiotherapy	CTDC-PARTICIPANT-626731	CTDC-RADIOTHERAPY-924248	sapiens_qui_prospicit	scientia_et_labor	sapiens_qui_prospicit	scientia_et_sapientia	Obedientia_civium_urbis_felicitas	saltus_in_demonstrando	228	288	Progressive Disease	saltus_in_demonstrando
radiotherapy	CTDC-PARTICIPANT-652301	CTDC-RADIOTHERAPY-532770	damnant_quod_non_intellegunt	e_causa_ignota	id_quod_plerumque_accidit	id_quod_plerumque_accidit	e_causa_ignota	id_quod_plerumque_accidit	389	745	Not Assessed	scientiae_cedit_mare
radiotherapy	CTDC-PARTICIPANT-652301	CTDC-RADIOTHERAPY-878640	saltus_in_demonstrando	scientiae_et_patriae	labor_ipse_voluptas	nascentes_morimur_finisque_ab_origine_pendet	cacatum_non_est_pictum	Gallia_est_omnis_divisa_in_partes_tres	679	543	Too Early	scientia_et_sapientia
radiotherapy	CTDC-PARTICIPANT-491260	CTDC-RADIOTHERAPY-338817	cacatum_non_est_pictum	sapiens_qui_prospicit	labor_ipse_voluptas	nascentes_morimur_finisque_ab_origine_pendet	salus_in_arduis	damnant_quod_non_intellegunt	247	835	Too Early	imperium_in_imperio
radiotherapy	CTDC-PARTICIPANT-491260	CTDC-RADIOTHERAPY-836856	sapiens_qui_prospicit	saltus_in_demonstrando	id_quod_plerumque_accidit	Obedientia_civium_urbis_felicitas	scientia_imperii_decus_et_tutamen	scientia_et_sapientia	330	729	Not Evaluable	faber_est_suae_quisque_fortunae
radiotherapy	CTDC-PARTICIPANT-761432	CTDC-RADIOTHERAPY-612786	haec_olim_meminisse_iuvabit	Gallia_est_omnis_divisa_in_partes_tres	Gallia_est_omnis_divisa_in_partes_tres	scientia_et_labor	salus_in_arduis	a_bene_placito	96	194	Stable Disease	sapiens_qui_prospicit
radiotherapy	CTDC-PARTICIPANT-761432	CTDC-RADIOTHERAPY-678164	e_causa_ignota	salus_in_arduis	labor_ipse_voluptas	sapiens_qui_prospicit	scientiae_cedit_mare	barba_crescit_caput_nescit	493	941	Less than partial response	id_quod_plerumque_accidit
radiotherapy	CTDC-PARTICIPANT-352043	CTDC-RADIOTHERAPY-235448	sapiens_qui_prospicit	scientia_et_sapientia	Gallia_est_omnis_divisa_in_partes_tres	saltus_in_demonstrando	imperium_in_imperio	barba_crescit_caput_nescit	234	900	Stable Disease	scientia_et_sapientia
radiotherapy	CTDC-PARTICIPANT-352043	CTDC-RADIOTHERAPY-819052	damnant_quod_non_intellegunt	cacatum_non_est_pictum	sapiens_qui_prospicit	Gallia_est_omnis_divisa_in_partes_tres	pace_tua	scientia,_aere_perennius	76	661	Stable Disease	scientia_et_labor
radiotherapy	CTDC-PARTICIPANT-828608	CTDC-RADIOTHERAPY-185163	Gallia_est_omnis_divisa_in_partes_tres	scientia_et_sapientia	scientiae_cedit_mare	scientiae_cedit_mare	cacatum_non_est_pictum	Gallia_est_omnis_divisa_in_partes_tres	89	844	Stable Disease	nascentes_morimur_finisque_ab_origine_pendet
radiotherapy	CTDC-PARTICIPANT-828608	CTDC-RADIOTHERAPY-905103	nanos_gigantum_humeris_insidentes	Macte_animo_Generose_puer_sic_itur_ad_astra	damnant_quod_non_intellegunt	nascentes_morimur_finisque_ab_origine_pendet	Gallia_est_omnis_divisa_in_partes_tres	scientiae_et_patriae	688	34	Unknown	scientia_imperii_decus_et_tutamen
radiotherapy	CTDC-PARTICIPANT-232321	CTDC-RADIOTHERAPY-843467	e_causa_ignota	scientiae_cedit_mare	scientiae_cedit_mare	nanos_gigantum_humeris_insidentes	cacatum_non_est_pictum	scientiae_et_patriae	398	200	Progressive Disease	salus_in_arduis
radiotherapy	CTDC-PARTICIPANT-232321	CTDC-RADIOTHERAPY-816173	nascentes_morimur_finisque_ab_origine_pendet	a_bene_placito	id_quod_plerumque_accidit	scientia_et_sapientia	nanos_gigantum_humeris_insidentes	salus_in_arduis	700	756	Partial Response	O_Tite_tute_Tati_tibi_tanta_tyranne_tulisti
radiotherapy	CTDC-PARTICIPANT-733066	CTDC-RADIOTHERAPY-408162	scientia,_aere_perennius	cacatum_non_est_pictum	e_causa_ignota	Macte_animo_Generose_puer_sic_itur_ad_astra	Gallia_est_omnis_divisa_in_partes_tres	Macte_animo_Generose_puer_sic_itur_ad_astra	241	398	Partial Response	a_bene_placito
radiotherapy	CTDC-PARTICIPANT-733066	CTDC-RADIOTHERAPY-677751	Gallia_est_omnis_divisa_in_partes_tres	cacatum_non_est_pictum	id_quod_plerumque_accidit	haec_olim_meminisse_iuvabit	scientia_imperii_decus_et_tutamen	damnant_quod_non_intellegunt	623	52	Stable Disease	labor_ipse_voluptas
radiotherapy	CTDC-PARTICIPANT-428219	CTDC-RADIOTHERAPY-580298	Macte_animo_Generose_puer_sic_itur_ad_astra	sapiens_qui_prospicit	sapiens_qui_prospicit	nascentes_morimur_finisque_ab_origine_pendet	scientia_imperii_decus_et_tutamen	haec_olim_meminisse_iuvabit	698	992	Not Evaluable	barba_crescit_caput_nescit
radiotherapy	CTDC-PARTICIPANT-428219	CTDC-RADIOTHERAPY-350418	scientia,_aere_perennius	pace_tua	cacatum_non_est_pictum	scientiae_et_patriae	pace_tua	id_quod_plerumque_accidit	795	650	Partial Response	faber_est_suae_quisque_fortunae
radiotherapy	CTDC-PARTICIPANT-215053	CTDC-RADIOTHERAPY-662569	saltus_in_demonstrando	Obedientia_civium_urbis_felicitas	imperium_in_imperio	Obedientia_civium_urbis_felicitas	a_bene_placito	pace_tua	74	454	Complete Response	e_causa_ignota
radiotherapy	CTDC-PARTICIPANT-215053	CTDC-RADIOTHERAPY-364210	labor_ipse_voluptas	O_Tite_tute_Tati_tibi_tanta_tyranne_tulisti	faber_est_suae_quisque_fortunae	imperium_in_imperio	barba_crescit_caput_nescit	imperium_in_imperio	274	937	Not Evaluable	sapiens_qui_prospicit
radiotherapy	CTDC-PARTICIPANT-946005	CTDC-RADIOTHERAPY-689908	barba_crescit_caput_nescit	pace_tua	faber_est_suae_quisque_fortunae	nanos_gigantum_humeris_insidentes	haec_olim_meminisse_iuvabit	scientiae_cedit_mare	188	826	Partial Response	imperium_in_imperio
radiotherapy	CTDC-PARTICIPANT-946005	CTDC-RADIOTHERAPY-646611	scientiae_cedit_mare	Macte_animo_Generose_puer_sic_itur_ad_astra	Gallia_est_omnis_divisa_in_partes_tres	haec_olim_meminisse_iuvabit	id_quod_plerumque_accidit	faber_est_suae_quisque_fortunae	586	52	Not Evaluable	sapiens_qui_prospicit
radiotherapy	CTDC-PARTICIPANT-174366	CTDC-RADIOTHERAPY-182477	nanos_gigantum_humeris_insidentes	scientia,_aere_perennius	nanos_gigantum_humeris_insidentes	labor_ipse_voluptas	scientia,_aere_perennius	scientia_imperii_decus_et_tutamen	973	599	Unknown	scientiae_cedit_mare
radiotherapy	CTDC-PARTICIPANT-174366	CTDC-RADIOTHERAPY-482261	scientia,_aere_perennius	Gallia_est_omnis_divisa_in_partes_tres	O_Tite_tute_Tati_tibi_tanta_tyranne_tulisti	scientia,_aere_perennius	barba_crescit_caput_nescit	damnant_quod_non_intellegunt	73	404	Partial Response	saltus_in_demonstrando
radiotherapy	CTDC-PARTICIPANT-856892	CTDC-RADIOTHERAPY-825316	damnant_quod_non_intellegunt	scientia_imperii_decus_et_tutamen	barba_crescit_caput_nescit	damnant_quod_non_intellegunt	labor_ipse_voluptas	labor_ipse_voluptas	40	733	Not Assessed	O_Tite_tute_Tati_tibi_tanta_tyranne_tulisti
radiotherapy	CTDC-PARTICIPANT-856892	CTDC-RADIOTHERAPY-883530	nascentes_morimur_finisque_ab_origine_pendet	scientiae_et_patriae	nanos_gigantum_humeris_insidentes	damnant_quod_non_intellegunt	haec_olim_meminisse_iuvabit	O_Tite_tute_Tati_tibi_tanta_tyranne_tulisti	744	254	Complete Response	Gallia_est_omnis_divisa_in_partes_tres
radiotherapy	CTDC-PARTICIPANT-922991	CTDC-RADIOTHERAPY-310037	saltus_in_demonstrando	cacatum_non_est_pictum	id_quod_plerumque_accidit	pace_tua	faber_est_suae_quisque_fortunae	scientia,_aere_perennius	586	85	Not Evaluable	pace_tua
radiotherapy	CTDC-PARTICIPANT-922991	CTDC-RADIOTHERAPY-725172	scientiae_et_patriae	nanos_gigantum_humeris_insidentes	imperium_in_imperio	sapiens_qui_prospicit	scientiae_cedit_mare	damnant_quod_non_intellegunt	163	216	Partial Response	haec_olim_meminisse_iuvabit
radiotherapy	CTDC-PARTICIPANT-291581	CTDC-RADIOTHERAPY-864591	id_quod_plerumque_accidit	nanos_gigantum_humeris_insidentes	e_causa_ignota	barba_crescit_caput_nescit	faber_est_suae_quisque_fortunae	scientia_imperii_decus_et_tutamen	587	982	Not Evaluable	damnant_quod_non_intellegunt
radiotherapy	CTDC-PARTICIPANT-291581	CTDC-RADIOTHERAPY-856283	pace_tua	scientia_et_sapientia	cacatum_non_est_pictum	salus_in_arduis	scientia_imperii_decus_et_tutamen	haec_olim_meminisse_iuvabit	676	595	Less than partial response	Macte_animo_Generose_puer_sic_itur_ad_astra
radiotherapy	CTDC-PARTICIPANT-474449	CTDC-RADIOTHERAPY-411506	O_Tite_tute_Tati_tibi_tanta_tyranne_tulisti	scientiae_cedit_mare	faber_est_suae_quisque_fortunae	barba_crescit_caput_nescit	id_quod_plerumque_accidit	scientia_et_sapientia	325	997	Unknown	salus_in_arduis
radiotherapy	CTDC-PARTICIPANT-474449	CTDC-RADIOTHERAPY-916053	O_Tite_tute_Tati_tibi_tanta_tyranne_tulisti	sapiens_qui_prospicit	O_Tite_tute_Tati_tibi_tanta_tyranne_tulisti	O_Tite_tute_Tati_tibi_tanta_tyranne_tulisti	Macte_animo_Generose_puer_sic_itur_ad_astra	scientiae_et_patriae	360	43	Unknown	nanos_gigantum_humeris_insidentes
radiotherapy	CTDC-PARTICIPANT-500277	CTDC-RADIOTHERAPY-117151	saltus_in_demonstrando	e_causa_ignota	scientia,_aere_perennius	O_Tite_tute_Tati_tibi_tanta_tyranne_tulisti	damnant_quod_non_intellegunt	cacatum_non_est_pictum	848	620	Not Evaluable	scientiae_et_patriae
radiotherapy	CTDC-PARTICIPANT-500277	CTDC-RADIOTHERAPY-869537	scientiae_cedit_mare	O_Tite_tute_Tati_tibi_tanta_tyranne_tulisti	salus_in_arduis	scientiae_cedit_mare	Obedientia_civium_urbis_felicitas	sapiens_qui_prospicit	180	467	Not Evaluable	Obedientia_civium_urbis_felicitas
radiotherapy	CTDC-PARTICIPANT-237989	CTDC-RADIOTHERAPY-924421	e_causa_ignota	damnant_quod_non_intellegunt	salus_in_arduis	id_quod_plerumque_accidit	pace_tua	imperium_in_imperio	309	499	Too Early	e_causa_ignota
radiotherapy	CTDC-PARTICIPANT-237989	CTDC-RADIOTHERAPY-156940	imperium_in_imperio	imperium_in_imperio	Macte_animo_Generose_puer_sic_itur_ad_astra	cacatum_non_est_pictum	scientia_et_labor	pace_tua	694	483	Unknown	Macte_animo_Generose_puer_sic_itur_ad_astra
radiotherapy	CTDC-PARTICIPANT-409930	CTDC-RADIOTHERAPY-737099	scientiae_cedit_mare	O_Tite_tute_Tati_tibi_tanta_tyranne_tulisti	scientia,_aere_perennius	pace_tua	saltus_in_demonstrando	Gallia_est_omnis_divisa_in_partes_tres	997	948	Partial Response	Macte_animo_Generose_puer_sic_itur_ad_astra
radiotherapy	CTDC-PARTICIPANT-409930	CTDC-RADIOTHERAPY-444436	nascentes_morimur_finisque_ab_origine_pendet	scientia,_aere_perennius	salus_in_arduis	labor_ipse_voluptas	saltus_in_demonstrando	Macte_animo_Generose_puer_sic_itur_ad_astra	504	105	Complete Response	nascentes_morimur_finisque_ab_origine_pendet
radiotherapy	CTDC-PARTICIPANT-588323	CTDC-RADIOTHERAPY-257249	sapiens_qui_prospicit	Macte_animo_Generose_puer_sic_itur_ad_astra	scientia,_aere_perennius	pace_tua	scientia_imperii_decus_et_tutamen	scientia_et_labor	571	813	Complete Response	scientiae_cedit_mare
radiotherapy	CTDC-PARTICIPANT-588323	CTDC-RADIOTHERAPY-687925	scientia_et_sapientia	labor_ipse_voluptas	barba_crescit_caput_nescit	barba_crescit_caput_nescit	nanos_gigantum_humeris_insidentes	sapiens_qui_prospicit	177	869	Progressive Disease	nascentes_morimur_finisque_ab_origine_pendet
radiotherapy	CTDC-PARTICIPANT-550436	CTDC-RADIOTHERAPY-250621	scientia,_aere_perennius	faber_est_suae_quisque_fortunae	scientia_et_labor	scientia,_aere_perennius	nascentes_morimur_finisque_ab_origine_pendet	scientiae_cedit_mare	649	675	Complete Response	barba_crescit_caput_nescit
radiotherapy	CTDC-PARTICIPANT-550436	CTDC-RADIOTHERAPY-764441	imperium_in_imperio	O_Tite_tute_Tati_tibi_tanta_tyranne_tulisti	damnant_quod_non_intellegunt	cacatum_non_est_pictum	scientia,_aere_perennius	labor_ipse_voluptas	66	478	Less than partial response	Gallia_est_omnis_divisa_in_partes_tres
radiotherapy	CTDC-PARTICIPANT-705441	CTDC-RADIOTHERAPY-317140	id_quod_plerumque_accidit	pace_tua	cacatum_non_est_pictum	damnant_quod_non_intellegunt	Macte_animo_Generose_puer_sic_itur_ad_astra	e_causa_ignota	422	571	Partial Response	barba_crescit_caput_nescit
radiotherapy	CTDC-PARTICIPANT-705441	CTDC-RADIOTHERAPY-810137	damnant_quod_non_intellegunt	cacatum_non_est_pictum	scientia_et_labor	Gallia_est_omnis_divisa_in_partes_tres	haec_olim_meminisse_iuvabit	O_Tite_tute_Tati_tibi_tanta_tyranne_tulisti	977	728	Not Evaluable	cacatum_non_est_pictum
radiotherapy	CTDC-PARTICIPANT-375800	CTDC-RADIOTHERAPY-991316	a_bene_placito	scientia,_aere_perennius	scientia_et_labor	scientiae_cedit_mare	Macte_animo_Generose_puer_sic_itur_ad_astra	scientiae_et_patriae	914	552	Stable Disease	Gallia_est_omnis_divisa_in_partes_tres
radiotherapy	CTDC-PARTICIPANT-375800	CTDC-RADIOTHERAPY-782817	id_quod_plerumque_accidit	Gallia_est_omnis_divisa_in_partes_tres	sapiens_qui_prospicit	nanos_gigantum_humeris_insidentes	damnant_quod_non_intellegunt	scientia_et_sapientia	996	675	Too Early	Gallia_est_omnis_divisa_in_partes_tres
radiotherapy	CTDC-PARTICIPANT-819268	CTDC-RADIOTHERAPY-732559	sapiens_qui_prospicit	O_Tite_tute_Tati_tibi_tanta_tyranne_tulisti	scientia_et_labor	Gallia_est_omnis_divisa_in_partes_tres	saltus_in_demonstrando	sapiens_qui_prospicit	123	730	Not Evaluable	scientiae_cedit_mare
radiotherapy	CTDC-PARTICIPANT-819268	CTDC-RADIOTHERAPY-983103	haec_olim_meminisse_iuvabit	O_Tite_tute_Tati_tibi_tanta_tyranne_tulisti	pace_tua	imperium_in_imperio	id_quod_plerumque_accidit	haec_olim_meminisse_iuvabit	447	732	Not Assessed	a_bene_placito
radiotherapy	CTDC-PARTICIPANT-101752	CTDC-RADIOTHERAPY-549336	scientia_et_sapientia	scientia,_aere_perennius	pace_tua	scientia_et_sapientia	cacatum_non_est_pictum	sapiens_qui_prospicit	319	994	Progressive Disease	e_causa_ignota
radiotherapy	CTDC-PARTICIPANT-101752	CTDC-RADIOTHERAPY-734180	scientiae_cedit_mare	id_quod_plerumque_accidit	saltus_in_demonstrando	O_Tite_tute_Tati_tibi_tanta_tyranne_tulisti	nascentes_morimur_finisque_ab_origine_pendet	pace_tua	38	306	Complete Response	haec_olim_meminisse_iuvabit
radiotherapy	CTDC-PARTICIPANT-307586	CTDC-RADIOTHERAPY-237990	id_quod_plerumque_accidit	scientia,_aere_perennius	salus_in_arduis	cacatum_non_est_pictum	scientiae_cedit_mare	pace_tua	803	151	Progressive Disease	a_bene_placito
radiotherapy	CTDC-PARTICIPANT-307586	CTDC-RADIOTHERAPY-745542	Gallia_est_omnis_divisa_in_partes_tres	saltus_in_demonstrando	Gallia_est_omnis_divisa_in_partes_tres	haec_olim_meminisse_iuvabit	saltus_in_demonstrando	scientiae_cedit_mare	256	121	Stable Disease	scientiae_cedit_mare
radiotherapy	CTDC-PARTICIPANT-363672	CTDC-RADIOTHERAPY-962299	scientia_et_sapientia	scientiae_et_patriae	Macte_animo_Generose_puer_sic_itur_ad_astra	Gallia_est_omnis_divisa_in_partes_tres	haec_olim_meminisse_iuvabit	scientia_imperii_decus_et_tutamen	576	292	Stable Disease	O_Tite_tute_Tati_tibi_tanta_tyranne_tulisti
radiotherapy	CTDC-PARTICIPANT-363672	CTDC-RADIOTHERAPY-995561	nanos_gigantum_humeris_insidentes	scientiae_cedit_mare	nanos_gigantum_humeris_insidentes	nanos_gigantum_humeris_insidentes	barba_crescit_caput_nescit	labor_ipse_voluptas	723	747	Not Assessed	saltus_in_demonstrando
radiotherapy	CTDC-PARTICIPANT-390538	CTDC-RADIOTHERAPY-250675	scientia_imperii_decus_et_tutamen	a_bene_placito	scientia_et_labor	O_Tite_tute_Tati_tibi_tanta_tyranne_tulisti	id_quod_plerumque_accidit	scientia_imperii_decus_et_tutamen	584	174	Unknown	scientia_et_sapientia
radiotherapy	CTDC-PARTICIPANT-390538	CTDC-RADIOTHERAPY-553255	nanos_gigantum_humeris_insidentes	scientia,_aere_perennius	Obedientia_civium_urbis_felicitas	damnant_quod_non_intellegunt	Gallia_est_omnis_divisa_in_partes_tres	scientiae_et_patriae	73	46	Progressive Disease	cacatum_non_est_pictum
radiotherapy	CTDC-PARTICIPANT-656708	CTDC-RADIOTHERAPY-160449	labor_ipse_voluptas	a_bene_placito	salus_in_arduis	Obedientia_civium_urbis_felicitas	sapiens_qui_prospicit	nascentes_morimur_finisque_ab_origine_pendet	581	646	Less than partial response	Obedientia_civium_urbis_felicitas
radiotherapy	CTDC-PARTICIPANT-656708	CTDC-RADIOTHERAPY-326294	scientia_et_labor	salus_in_arduis	faber_est_suae_quisque_fortunae	damnant_quod_non_intellegunt	a_bene_placito	faber_est_suae_quisque_fortunae	655	89	Not Evaluable	labor_ipse_voluptas
radiotherapy	CTDC-PARTICIPANT-208873	CTDC-RADIOTHERAPY-227543	id_quod_plerumque_accidit	scientia_imperii_decus_et_tutamen	scientia_et_sapientia	id_quod_plerumque_accidit	sapiens_qui_prospicit	saltus_in_demonstrando	344	180	Complete Response	barba_crescit_caput_nescit
radiotherapy	CTDC-PARTICIPANT-208873	CTDC-RADIOTHERAPY-609810	scientia_imperii_decus_et_tutamen	e_causa_ignota	O_Tite_tute_Tati_tibi_tanta_tyranne_tulisti	sapiens_qui_prospicit	labor_ipse_voluptas	haec_olim_meminisse_iuvabit	82	373	Less than partial response	a_bene_placito
radiotherapy	CTDC-PARTICIPANT-785303	CTDC-RADIOTHERAPY-382927	barba_crescit_caput_nescit	pace_tua	scientia_imperii_decus_et_tutamen	a_bene_placito	cacatum_non_est_pictum	Macte_animo_Generose_puer_sic_itur_ad_astra	617	325	Complete Response	Macte_animo_Generose_puer_sic_itur_ad_astra
radiotherapy	CTDC-PARTICIPANT-785303	CTDC-RADIOTHERAPY-435531	haec_olim_meminisse_iuvabit	labor_ipse_voluptas	a_bene_placito	a_bene_placito	scientia,_aere_perennius	sapiens_qui_prospicit	327	828	Partial Response	salus_in_arduis
radiotherapy	CTDC-PARTICIPANT-644061	CTDC-RADIOTHERAPY-619158	damnant_quod_non_intellegunt	nanos_gigantum_humeris_insidentes	Macte_animo_Generose_puer_sic_itur_ad_astra	Obedientia_civium_urbis_felicitas	scientia_et_labor	faber_est_suae_quisque_fortunae	527	235	Not Evaluable	cacatum_non_est_pictum
radiotherapy	CTDC-PARTICIPANT-644061	CTDC-RADIOTHERAPY-369835	barba_crescit_caput_nescit	sapiens_qui_prospicit	faber_est_suae_quisque_fortunae	nanos_gigantum_humeris_insidentes	Macte_animo_Generose_puer_sic_itur_ad_astra	e_causa_ignota	855	609	Complete Response	Gallia_est_omnis_divisa_in_partes_tres
radiotherapy	CTDC-PARTICIPANT-784125	CTDC-RADIOTHERAPY-684413	salus_in_arduis	scientia_et_sapientia	barba_crescit_caput_nescit	scientia_et_sapientia	haec_olim_meminisse_iuvabit	saltus_in_demonstrando	336	250	Partial Response	salus_in_arduis
radiotherapy	CTDC-PARTICIPANT-784125	CTDC-RADIOTHERAPY-908271	barba_crescit_caput_nescit	a_bene_placito	faber_est_suae_quisque_fortunae	haec_olim_meminisse_iuvabit	a_bene_placito	scientiae_et_patriae	945	970	Too Early	cacatum_non_est_pictum
radiotherapy	CTDC-PARTICIPANT-258433	CTDC-RADIOTHERAPY-556647	saltus_in_demonstrando	salus_in_arduis	scientia_et_sapientia	Gallia_est_omnis_divisa_in_partes_tres	damnant_quod_non_intellegunt	nascentes_morimur_finisque_ab_origine_pendet	886	166	Complete Response	nascentes_morimur_finisque_ab_origine_pendet
radiotherapy	CTDC-PARTICIPANT-258433	CTDC-RADIOTHERAPY-935639	O_Tite_tute_Tati_tibi_tanta_tyranne_tulisti	nanos_gigantum_humeris_insidentes	pace_tua	saltus_in_demonstrando	sapiens_qui_prospicit	nascentes_morimur_finisque_ab_origine_pendet	407	836	Not Assessed	O_Tite_tute_Tati_tibi_tanta_tyranne_tulisti
radiotherapy	CTDC-PARTICIPANT-336498	CTDC-RADIOTHERAPY-172636	scientia_imperii_decus_et_tutamen	faber_est_suae_quisque_fortunae	cacatum_non_est_pictum	salus_in_arduis	Macte_animo_Generose_puer_sic_itur_ad_astra	labor_ipse_voluptas	924	577	Too Early	labor_ipse_voluptas
radiotherapy	CTDC-PARTICIPANT-336498	CTDC-RADIOTHERAPY-500298	Macte_animo_Generose_puer_sic_itur_ad_astra	e_causa_ignota	scientiae_cedit_mare	scientia,_aere_perennius	pace_tua	Macte_animo_Generose_puer_sic_itur_ad_astra	686	145	Partial Response	Macte_animo_Generose_puer_sic_itur_ad_astra
radiotherapy	CTDC-PARTICIPANT-599467	CTDC-RADIOTHERAPY-865996	imperium_in_imperio	e_causa_ignota	O_Tite_tute_Tati_tibi_tanta_tyranne_tulisti	Gallia_est_omnis_divisa_in_partes_tres	scientia_et_labor	Gallia_est_omnis_divisa_in_partes_tres	34	501	Complete Response	damnant_quod_non_intellegunt
radiotherapy	CTDC-PARTICIPANT-599467	CTDC-RADIOTHERAPY-530465	barba_crescit_caput_nescit	Obedientia_civium_urbis_felicitas	Obedientia_civium_urbis_felicitas	saltus_in_demonstrando	salus_in_arduis	labor_ipse_voluptas	728	897	Stable Disease	faber_est_suae_quisque_fortunae
radiotherapy	CTDC-PARTICIPANT-813230	CTDC-RADIOTHERAPY-509475	saltus_in_demonstrando	salus_in_arduis	nascentes_morimur_finisque_ab_origine_pendet	Gallia_est_omnis_divisa_in_partes_tres	cacatum_non_est_pictum	barba_crescit_caput_nescit	601	139	Unknown	nanos_gigantum_humeris_insidentes
radiotherapy	CTDC-PARTICIPANT-813230	CTDC-RADIOTHERAPY-523498	barba_crescit_caput_nescit	labor_ipse_voluptas	scientia_et_labor	scientia_et_sapientia	O_Tite_tute_Tati_tibi_tanta_tyranne_tulisti	scientia_et_sapientia	999	430	Too Early	saltus_in_demonstrando
radiotherapy	CTDC-PARTICIPANT-251190	CTDC-RADIOTHERAPY-504968	scientia_imperii_decus_et_tutamen	scientiae_et_patriae	barba_crescit_caput_nescit	salus_in_arduis	nanos_gigantum_humeris_insidentes	scientia_et_sapientia	161	468	Progressive Disease	barba_crescit_caput_nescit
radiotherapy	CTDC-PARTICIPANT-251190	CTDC-RADIOTHERAPY-967754	Gallia_est_omnis_divisa_in_partes_tres	barba_crescit_caput_nescit	damnant_quod_non_intellegunt	scientia,_aere_perennius	Macte_animo_Generose_puer_sic_itur_ad_astra	scientia_imperii_decus_et_tutamen	739	512	Not Assessed	scientiae_cedit_mare
radiotherapy	CTDC-PARTICIPANT-652732	CTDC-RADIOTHERAPY-774096	sapiens_qui_prospicit	barba_crescit_caput_nescit	scientiae_cedit_mare	scientia_imperii_decus_et_tutamen	Macte_animo_Generose_puer_sic_itur_ad_astra	damnant_quod_non_intellegunt	822	990	Too Early	id_quod_plerumque_accidit
radiotherapy	CTDC-PARTICIPANT-652732	CTDC-RADIOTHERAPY-974637	faber_est_suae_quisque_fortunae	e_causa_ignota	scientia_et_sapientia	Obedientia_civium_urbis_felicitas	scientiae_cedit_mare	damnant_quod_non_intellegunt	984	956	Progressive Disease	scientia_et_labor
radiotherapy	CTDC-PARTICIPANT-714466	CTDC-RADIOTHERAPY-205772	scientiae_cedit_mare	salus_in_arduis	scientia_et_labor	Obedientia_civium_urbis_felicitas	cacatum_non_est_pictum	barba_crescit_caput_nescit	197	731	Stable Disease	e_causa_ignota
radiotherapy	CTDC-PARTICIPANT-714466	CTDC-RADIOTHERAPY-346064	barba_crescit_caput_nescit	labor_ipse_voluptas	sapiens_qui_prospicit	salus_in_arduis	faber_est_suae_quisque_fortunae	nascentes_morimur_finisque_ab_origine_pendet	286	588	Stable Disease	barba_crescit_caput_nescit
radiotherapy	CTDC-PARTICIPANT-854460	CTDC-RADIOTHERAPY-875454	saltus_in_demonstrando	damnant_quod_non_intellegunt	id_quod_plerumque_accidit	imperium_in_imperio	salus_in_arduis	scientia_et_sapientia	359	430	Stable Disease	Macte_animo_Generose_puer_sic_itur_ad_astra
radiotherapy	CTDC-PARTICIPANT-854460	CTDC-RADIOTHERAPY-282883	pace_tua	Obedientia_civium_urbis_felicitas	labor_ipse_voluptas	pace_tua	e_causa_ignota	scientia_imperii_decus_et_tutamen	586	404	Progressive Disease	Obedientia_civium_urbis_felicitas
radiotherapy	CTDC-PARTICIPANT-635713	CTDC-RADIOTHERAPY-846776	barba_crescit_caput_nescit	id_quod_plerumque_accidit	nascentes_morimur_finisque_ab_origine_pendet	scientia_imperii_decus_et_tutamen	nascentes_morimur_finisque_ab_origine_pendet	labor_ipse_voluptas	805	756	Too Early	Macte_animo_Generose_puer_sic_itur_ad_astra
radiotherapy	CTDC-PARTICIPANT-635713	CTDC-RADIOTHERAPY-839393	pace_tua	sapiens_qui_prospicit	nanos_gigantum_humeris_insidentes	labor_ipse_voluptas	haec_olim_meminisse_iuvabit	labor_ipse_voluptas	871	448	Partial Response	Gallia_est_omnis_divisa_in_partes_tres
radiotherapy	CTDC-PARTICIPANT-272872	CTDC-RADIOTHERAPY-121733	scientia,_aere_perennius	labor_ipse_voluptas	pace_tua	nanos_gigantum_humeris_insidentes	nanos_gigantum_humeris_insidentes	scientia_imperii_decus_et_tutamen	541	53	Complete Response	id_quod_plerumque_accidit
radiotherapy	CTDC-PARTICIPANT-272872	CTDC-RADIOTHERAPY-119510	Gallia_est_omnis_divisa_in_partes_tres	saltus_in_demonstrando	nascentes_morimur_finisque_ab_origine_pendet	scientia,_aere_perennius	cacatum_non_est_pictum	scientiae_cedit_mare	89	167	Less than partial response	barba_crescit_caput_nescit
radiotherapy	CTDC-PARTICIPANT-696945	CTDC-RADIOTHERAPY-317742	barba_crescit_caput_nescit	nascentes_morimur_finisque_ab_origine_pendet	barba_crescit_caput_nescit	scientia_et_labor	scientia_imperii_decus_et_tutamen	Gallia_est_omnis_divisa_in_partes_tres	811	770	Unknown	labor_ipse_voluptas
radiotherapy	CTDC-PARTICIPANT-696945	CTDC-RADIOTHERAPY-324076	imperium_in_imperio	saltus_in_demonstrando	faber_est_suae_quisque_fortunae	a_bene_placito	scientia_imperii_decus_et_tutamen	scientia,_aere_perennius	552	386	Too Early	a_bene_placito
radiotherapy	CTDC-PARTICIPANT-288721	CTDC-RADIOTHERAPY-382510	pace_tua	barba_crescit_caput_nescit	O_Tite_tute_Tati_tibi_tanta_tyranne_tulisti	a_bene_placito	scientia_imperii_decus_et_tutamen	haec_olim_meminisse_iuvabit	477	625	Complete Response	e_causa_ignota
radiotherapy	CTDC-PARTICIPANT-288721	CTDC-RADIOTHERAPY-855488	scientia_et_sapientia	labor_ipse_voluptas	haec_olim_meminisse_iuvabit	scientia_et_sapientia	scientia_et_labor	saltus_in_demonstrando	537	847	Unknown	a_bene_placito
radiotherapy	CTDC-PARTICIPANT-729998	CTDC-RADIOTHERAPY-405717	scientiae_cedit_mare	scientia,_aere_perennius	sapiens_qui_prospicit	salus_in_arduis	O_Tite_tute_Tati_tibi_tanta_tyranne_tulisti	O_Tite_tute_Tati_tibi_tanta_tyranne_tulisti	389	612	Not Assessed	imperium_in_imperio
radiotherapy	CTDC-PARTICIPANT-729998	CTDC-RADIOTHERAPY-113393	scientia_et_labor	pace_tua	a_bene_placito	salus_in_arduis	scientia,_aere_perennius	cacatum_non_est_pictum	789	560	Less than partial response	Macte_animo_Generose_puer_sic_itur_ad_astra
radiotherapy	CTDC-PARTICIPANT-375728	CTDC-RADIOTHERAPY-738157	nascentes_morimur_finisque_ab_origine_pendet	O_Tite_tute_Tati_tibi_tanta_tyranne_tulisti	faber_est_suae_quisque_fortunae	id_quod_plerumque_accidit	nanos_gigantum_humeris_insidentes	scientia_et_labor	856	422	Unknown	imperium_in_imperio
radiotherapy	CTDC-PARTICIPANT-375728	CTDC-RADIOTHERAPY-409148	scientiae_et_patriae	barba_crescit_caput_nescit	Macte_animo_Generose_puer_sic_itur_ad_astra	cacatum_non_est_pictum	labor_ipse_voluptas	cacatum_non_est_pictum	243	299	Partial Response	imperium_in_imperio
radiotherapy	CTDC-PARTICIPANT-887616	CTDC-RADIOTHERAPY-840353	scientia_et_sapientia	scientiae_cedit_mare	scientia,_aere_perennius	a_bene_placito	sapiens_qui_prospicit	a_bene_placito	806	863	Not Assessed	saltus_in_demonstrando
radiotherapy	CTDC-PARTICIPANT-887616	CTDC-RADIOTHERAPY-930214	Obedientia_civium_urbis_felicitas	damnant_quod_non_intellegunt	barba_crescit_caput_nescit	Gallia_est_omnis_divisa_in_partes_tres	imperium_in_imperio	O_Tite_tute_Tati_tibi_tanta_tyranne_tulisti	404	791	Partial Response	scientiae_et_patriae
radiotherapy	CTDC-PARTICIPANT-279150	CTDC-RADIOTHERAPY-472265	salus_in_arduis	cacatum_non_est_pictum	Obedientia_civium_urbis_felicitas	barba_crescit_caput_nescit	cacatum_non_est_pictum	e_causa_ignota	933	781	Complete Response	a_bene_placito
radiotherapy	CTDC-PARTICIPANT-279150	CTDC-RADIOTHERAPY-596911	scientiae_et_patriae	Obedientia_civium_urbis_felicitas	barba_crescit_caput_nescit	id_quod_plerumque_accidit	scientiae_et_patriae	cacatum_non_est_pictum	668	233	Less than partial response	faber_est_suae_quisque_fortunae
radiotherapy	CTDC-PARTICIPANT-392542	CTDC-RADIOTHERAPY-287244	pace_tua	scientiae_cedit_mare	scientia_imperii_decus_et_tutamen	scientia_imperii_decus_et_tutamen	scientia_imperii_decus_et_tutamen	faber_est_suae_quisque_fortunae	840	321	Unknown	labor_ipse_voluptas
radiotherapy	CTDC-PARTICIPANT-392542	CTDC-RADIOTHERAPY-778689	pace_tua	a_bene_placito	Obedientia_civium_urbis_felicitas	O_Tite_tute_Tati_tibi_tanta_tyranne_tulisti	scientia_et_labor	scientia,_aere_perennius	693	64	Complete Response	scientia_et_sapientia
radiotherapy	CTDC-PARTICIPANT-633499	CTDC-RADIOTHERAPY-460842	scientiae_et_patriae	sapiens_qui_prospicit	cacatum_non_est_pictum	barba_crescit_caput_nescit	O_Tite_tute_Tati_tibi_tanta_tyranne_tulisti	salus_in_arduis	321	155	Too Early	sapiens_qui_prospicit
radiotherapy	CTDC-PARTICIPANT-633499	CTDC-RADIOTHERAPY-765995	haec_olim_meminisse_iuvabit	Macte_animo_Generose_puer_sic_itur_ad_astra	scientia_imperii_decus_et_tutamen	Macte_animo_Generose_puer_sic_itur_ad_astra	labor_ipse_voluptas	barba_crescit_caput_nescit	773	786	Less than partial response	labor_ipse_voluptas
radiotherapy	CTDC-PARTICIPANT-622867	CTDC-RADIOTHERAPY-696644	scientia,_aere_perennius	haec_olim_meminisse_iuvabit	Macte_animo_Generose_puer_sic_itur_ad_astra	damnant_quod_non_intellegunt	labor_ipse_voluptas	Obedientia_civium_urbis_felicitas	111	86	Not Assessed	barba_crescit_caput_nescit
radiotherapy	CTDC-PARTICIPANT-622867	CTDC-RADIOTHERAPY-241271	imperium_in_imperio	scientiae_et_patriae	scientiae_cedit_mare	Obedientia_civium_urbis_felicitas	Obedientia_civium_urbis_felicitas	pace_tua	616	652	Not Evaluable	barba_crescit_caput_nescit
radiotherapy	CTDC-PARTICIPANT-547611	CTDC-RADIOTHERAPY-520943	a_bene_placito	faber_est_suae_quisque_fortunae	pace_tua	nanos_gigantum_humeris_insidentes	faber_est_suae_quisque_fortunae	O_Tite_tute_Tati_tibi_tanta_tyranne_tulisti	735	577	Less than partial response	id_quod_plerumque_accidit
radiotherapy	CTDC-PARTICIPANT-547611	CTDC-RADIOTHERAPY-941038	sapiens_qui_prospicit	O_Tite_tute_Tati_tibi_tanta_tyranne_tulisti	scientia_imperii_decus_et_tutamen	e_causa_ignota	scientia_et_sapientia	Obedientia_civium_urbis_felicitas	663	15	Unknown	salus_in_arduis
radiotherapy	CTDC-PARTICIPANT-227215	CTDC-RADIOTHERAPY-309985	labor_ipse_voluptas	haec_olim_meminisse_iuvabit	scientia,_aere_perennius	a_bene_placito	scientia,_aere_perennius	a_bene_placito	543	204	Not Assessed	pace_tua
radiotherapy	CTDC-PARTICIPANT-227215	CTDC-RADIOTHERAPY-275529	Gallia_est_omnis_divisa_in_partes_tres	nanos_gigantum_humeris_insidentes	salus_in_arduis	imperium_in_imperio	Macte_animo_Generose_puer_sic_itur_ad_astra	faber_est_suae_quisque_fortunae	869	532	Progressive Disease	haec_olim_meminisse_iuvabit
radiotherapy	CTDC-PARTICIPANT-667712	CTDC-RADIOTHERAPY-443965	Obedientia_civium_urbis_felicitas	sapiens_qui_prospicit	scientia_et_labor	damnant_quod_non_intellegunt	haec_olim_meminisse_iuvabit	Gallia_est_omnis_divisa_in_partes_tres	877	860	Not Evaluable	a_bene_placito
radiotherapy	CTDC-PARTICIPANT-667712	CTDC-RADIOTHERAPY-143417	scientia_imperii_decus_et_tutamen	scientiae_cedit_mare	saltus_in_demonstrando	scientiae_et_patriae	e_causa_ignota	Obedientia_civium_urbis_felicitas	77	327	Partial Response	labor_ipse_voluptas
radiotherapy	CTDC-PARTICIPANT-264931	CTDC-RADIOTHERAPY-443510	scientia,_aere_perennius	saltus_in_demonstrando	scientia_et_labor	id_quod_plerumque_accidit	id_quod_plerumque_accidit	nanos_gigantum_humeris_insidentes	684	207	Less than partial response	scientia_et_sapientia
radiotherapy	CTDC-PARTICIPANT-264931	CTDC-RADIOTHERAPY-439803	faber_est_suae_quisque_fortunae	barba_crescit_caput_nescit	damnant_quod_non_intellegunt	haec_olim_meminisse_iuvabit	scientia_et_labor	barba_crescit_caput_nescit	579	371	Partial Response	sapiens_qui_prospicit
radiotherapy	CTDC-PARTICIPANT-966089	CTDC-RADIOTHERAPY-979032	nascentes_morimur_finisque_ab_origine_pendet	labor_ipse_voluptas	scientia_et_labor	barba_crescit_caput_nescit	scientia,_aere_perennius	labor_ipse_voluptas	691	248	Complete Response	nascentes_morimur_finisque_ab_origine_pendet
radiotherapy	CTDC-PARTICIPANT-966089	CTDC-RADIOTHERAPY-439718	cacatum_non_est_pictum	e_causa_ignota	scientiae_cedit_mare	faber_est_suae_quisque_fortunae	O_Tite_tute_Tati_tibi_tanta_tyranne_tulisti	e_causa_ignota	316	748	Not Assessed	scientiae_cedit_mare
radiotherapy	CTDC-PARTICIPANT-762150	CTDC-RADIOTHERAPY-736400	saltus_in_demonstrando	Obedientia_civium_urbis_felicitas	scientia_et_sapientia	nascentes_morimur_finisque_ab_origine_pendet	haec_olim_meminisse_iuvabit	saltus_in_demonstrando	326	271	Not Assessed	imperium_in_imperio
radiotherapy	CTDC-PARTICIPANT-762150	CTDC-RADIOTHERAPY-916673	Macte_animo_Generose_puer_sic_itur_ad_astra	barba_crescit_caput_nescit	scientia_et_labor	scientiae_cedit_mare	nascentes_morimur_finisque_ab_origine_pendet	haec_olim_meminisse_iuvabit	763	631	Too Early	nanos_gigantum_humeris_insidentes
radiotherapy	CTDC-PARTICIPANT-727080	CTDC-RADIOTHERAPY-962669	id_quod_plerumque_accidit	scientia_et_labor	scientia_imperii_decus_et_tutamen	nascentes_morimur_finisque_ab_origine_pendet	damnant_quod_non_intellegunt	pace_tua	844	537	Less than partial response	id_quod_plerumque_accidit
radiotherapy	CTDC-PARTICIPANT-727080	CTDC-RADIOTHERAPY-955159	haec_olim_meminisse_iuvabit	sapiens_qui_prospicit	nascentes_morimur_finisque_ab_origine_pendet	e_causa_ignota	faber_est_suae_quisque_fortunae	scientiae_et_patriae	920	735	Unknown	damnant_quod_non_intellegunt
radiotherapy	CTDC-PARTICIPANT-763647	CTDC-RADIOTHERAPY-686991	pace_tua	haec_olim_meminisse_iuvabit	scientia_et_sapientia	scientia_et_labor	saltus_in_demonstrando	scientia_et_sapientia	781	321	Stable Disease	nanos_gigantum_humeris_insidentes
radiotherapy	CTDC-PARTICIPANT-763647	CTDC-RADIOTHERAPY-650051	scientia_et_labor	barba_crescit_caput_nescit	barba_crescit_caput_nescit	cacatum_non_est_pictum	faber_est_suae_quisque_fortunae	nascentes_morimur_finisque_ab_origine_pendet	216	435	Not Assessed	barba_crescit_caput_nescit
radiotherapy	CTDC-PARTICIPANT-754433	CTDC-RADIOTHERAPY-160995	pace_tua	a_bene_placito	scientia_et_sapientia	saltus_in_demonstrando	scientiae_et_patriae	imperium_in_imperio	77	641	Stable Disease	scientia_et_sapientia
radiotherapy	CTDC-PARTICIPANT-754433	CTDC-RADIOTHERAPY-949017	damnant_quod_non_intellegunt	saltus_in_demonstrando	scientia_et_labor	id_quod_plerumque_accidit	scientia_et_sapientia	sapiens_qui_prospicit	466	447	Unknown	nascentes_morimur_finisque_ab_origine_pendet
radiotherapy	CTDC-PARTICIPANT-872138	CTDC-RADIOTHERAPY-631499	Gallia_est_omnis_divisa_in_partes_tres	Macte_animo_Generose_puer_sic_itur_ad_astra	Macte_animo_Generose_puer_sic_itur_ad_astra	salus_in_arduis	Obedientia_civium_urbis_felicitas	faber_est_suae_quisque_fortunae	118	964	Too Early	scientia,_aere_perennius
radiotherapy	CTDC-PARTICIPANT-872138	CTDC-RADIOTHERAPY-806190	nascentes_morimur_finisque_ab_origine_pendet	salus_in_arduis	imperium_in_imperio	Macte_animo_Generose_puer_sic_itur_ad_astra	a_bene_placito	Gallia_est_omnis_divisa_in_partes_tres	377	705	Not Evaluable	saltus_in_demonstrando
radiotherapy	CTDC-PARTICIPANT-845125	CTDC-RADIOTHERAPY-848987	scientiae_et_patriae	cacatum_non_est_pictum	Macte_animo_Generose_puer_sic_itur_ad_astra	scientiae_cedit_mare	Gallia_est_omnis_divisa_in_partes_tres	pace_tua	769	491	Stable Disease	Obedientia_civium_urbis_felicitas
radiotherapy	CTDC-PARTICIPANT-845125	CTDC-RADIOTHERAPY-963640	scientia_et_sapientia	e_causa_ignota	salus_in_arduis	scientia_et_labor	salus_in_arduis	imperium_in_imperio	71	233	Partial Response	labor_ipse_voluptas
radiotherapy	CTDC-PARTICIPANT-320493	CTDC-RADIOTHERAPY-161653	scientiae_et_patriae	barba_crescit_caput_nescit	scientia_et_labor	haec_olim_meminisse_iuvabit	Gallia_est_omnis_divisa_in_partes_tres	barba_crescit_caput_nescit	592	964	Partial Response	sapiens_qui_prospicit
radiotherapy	CTDC-PARTICIPANT-320493	CTDC-RADIOTHERAPY-625377	labor_ipse_voluptas	pace_tua	saltus_in_demonstrando	Gallia_est_omnis_divisa_in_partes_tres	e_causa_ignota	Macte_animo_Generose_puer_sic_itur_ad_astra	706	842	Partial Response	damnant_quod_non_intellegunt
radiotherapy	CTDC-PARTICIPANT-122513	CTDC-RADIOTHERAPY-167989	scientia_et_sapientia	nascentes_morimur_finisque_ab_origine_pendet	barba_crescit_caput_nescit	scientiae_cedit_mare	O_Tite_tute_Tati_tibi_tanta_tyranne_tulisti	scientia_et_labor	187	471	Partial Response	pace_tua
radiotherapy	CTDC-PARTICIPANT-122513	CTDC-RADIOTHERAPY-513609	a_bene_placito	Macte_animo_Generose_puer_sic_itur_ad_astra	barba_crescit_caput_nescit	e_causa_ignota	scientia_et_sapientia	O_Tite_tute_Tati_tibi_tanta_tyranne_tulisti	854	103	Progressive Disease	labor_ipse_voluptas
radiotherapy	CTDC-PARTICIPANT-317837	CTDC-RADIOTHERAPY-779626	scientia_et_labor	labor_ipse_voluptas	salus_in_arduis	scientiae_cedit_mare	faber_est_suae_quisque_fortunae	scientia_imperii_decus_et_tutamen	747	590	Partial Response	a_bene_placito
radiotherapy	CTDC-PARTICIPANT-317837	CTDC-RADIOTHERAPY-165540	nanos_gigantum_humeris_insidentes	scientiae_cedit_mare	scientiae_et_patriae	saltus_in_demonstrando	Obedientia_civium_urbis_felicitas	Obedientia_civium_urbis_felicitas	14	775	Partial Response	scientiae_cedit_mare
radiotherapy	CTDC-PARTICIPANT-252535	CTDC-RADIOTHERAPY-261910	Gallia_est_omnis_divisa_in_partes_tres	nascentes_morimur_finisque_ab_origine_pendet	barba_crescit_caput_nescit	scientia_imperii_decus_et_tutamen	nascentes_morimur_finisque_ab_origine_pendet	e_causa_ignota	655	77	Less than partial response	scientia_imperii_decus_et_tutamen
radiotherapy	CTDC-PARTICIPANT-252535	CTDC-RADIOTHERAPY-884872	Obedientia_civium_urbis_felicitas	scientia_imperii_decus_et_tutamen	scientia_et_labor	scientiae_cedit_mare	haec_olim_meminisse_iuvabit	barba_crescit_caput_nescit	316	812	Partial Response	scientia_et_sapientia
radiotherapy	CTDC-PARTICIPANT-546823	CTDC-RADIOTHERAPY-797865	scientiae_et_patriae	nascentes_morimur_finisque_ab_origine_pendet	nanos_gigantum_humeris_insidentes	salus_in_arduis	nanos_gigantum_humeris_insidentes	scientia,_aere_perennius	719	613	Not Assessed	labor_ipse_voluptas
radiotherapy	CTDC-PARTICIPANT-546823	CTDC-RADIOTHERAPY-265320	O_Tite_tute_Tati_tibi_tanta_tyranne_tulisti	scientia,_aere_perennius	haec_olim_meminisse_iuvabit	labor_ipse_voluptas	Gallia_est_omnis_divisa_in_partes_tres	Gallia_est_omnis_divisa_in_partes_tres	486	21	Less than partial response	labor_ipse_voluptas
radiotherapy	CTDC-PARTICIPANT-600574	CTDC-RADIOTHERAPY-126292	sapiens_qui_prospicit	barba_crescit_caput_nescit	Obedientia_civium_urbis_felicitas	Gallia_est_omnis_divisa_in_partes_tres	faber_est_suae_quisque_fortunae	Gallia_est_omnis_divisa_in_partes_tres	195	713	Stable Disease	scientia_et_sapientia
radiotherapy	CTDC-PARTICIPANT-600574	CTDC-RADIOTHERAPY-787357	sapiens_qui_prospicit	cacatum_non_est_pictum	imperium_in_imperio	scientia_et_labor	e_causa_ignota	cacatum_non_est_pictum	309	434	Partial Response	Macte_animo_Generose_puer_sic_itur_ad_astra
radiotherapy	CTDC-PARTICIPANT-515350	CTDC-RADIOTHERAPY-531478	damnant_quod_non_intellegunt	imperium_in_imperio	salus_in_arduis	barba_crescit_caput_nescit	damnant_quod_non_intellegunt	Gallia_est_omnis_divisa_in_partes_tres	347	707	Unknown	scientia,_aere_perennius
radiotherapy	CTDC-PARTICIPANT-515350	CTDC-RADIOTHERAPY-527051	Macte_animo_Generose_puer_sic_itur_ad_astra	salus_in_arduis	scientia_et_labor	pace_tua	damnant_quod_non_intellegunt	scientia_et_sapientia	612	251	Progressive Disease	pace_tua
radiotherapy	CTDC-PARTICIPANT-896368	CTDC-RADIOTHERAPY-431764	Gallia_est_omnis_divisa_in_partes_tres	scientiae_cedit_mare	e_causa_ignota	labor_ipse_voluptas	sapiens_qui_prospicit	labor_ipse_voluptas	236	970	Progressive Disease	damnant_quod_non_intellegunt
radiotherapy	CTDC-PARTICIPANT-896368	CTDC-RADIOTHERAPY-900398	imperium_in_imperio	scientia_imperii_decus_et_tutamen	labor_ipse_voluptas	sapiens_qui_prospicit	Obedientia_civium_urbis_felicitas	scientiae_et_patriae	113	575	Too Early	pace_tua
radiotherapy	CTDC-PARTICIPANT-362194	CTDC-RADIOTHERAPY-409628	scientia,_aere_perennius	e_causa_ignota	a_bene_placito	pace_tua	sapiens_qui_prospicit	scientia,_aere_perennius	35	950	Unknown	scientia_et_labor
radiotherapy	CTDC-PARTICIPANT-362194	CTDC-RADIOTHERAPY-680535	scientia_et_labor	a_bene_placito	Macte_animo_Generose_puer_sic_itur_ad_astra	scientia_et_labor	O_Tite_tute_Tati_tibi_tanta_tyranne_tulisti	Macte_animo_Generose_puer_sic_itur_ad_astra	145	619	Progressive Disease	salus_in_arduis
radiotherapy	CTDC-PARTICIPANT-230105	CTDC-RADIOTHERAPY-209484	scientia,_aere_perennius	Obedientia_civium_urbis_felicitas	nascentes_morimur_finisque_ab_origine_pendet	scientia_et_labor	nascentes_morimur_finisque_ab_origine_pendet	pace_tua	245	781	Less than partial response	Gallia_est_omnis_divisa_in_partes_tres
radiotherapy	CTDC-PARTICIPANT-230105	CTDC-RADIOTHERAPY-296112	damnant_quod_non_intellegunt	scientia_imperii_decus_et_tutamen	e_causa_ignota	pace_tua	Gallia_est_omnis_divisa_in_partes_tres	a_bene_placito	902	977	Stable Disease	scientiae_cedit_mare
radiotherapy	CTDC-PARTICIPANT-153310	CTDC-RADIOTHERAPY-885322	labor_ipse_voluptas	nascentes_morimur_finisque_ab_origine_pendet	e_causa_ignota	imperium_in_imperio	cacatum_non_est_pictum	barba_crescit_caput_nescit	205	564	Not Assessed	a_bene_placito
radiotherapy	CTDC-PARTICIPANT-153310	CTDC-RADIOTHERAPY-103800	haec_olim_meminisse_iuvabit	id_quod_plerumque_accidit	a_bene_placito	nascentes_morimur_finisque_ab_origine_pendet	id_quod_plerumque_accidit	scientiae_et_patriae	284	491	Stable Disease	faber_est_suae_quisque_fortunae
radiotherapy	CTDC-PARTICIPANT-579483	CTDC-RADIOTHERAPY-338741	e_causa_ignota	e_causa_ignota	scientia_et_labor	scientia,_aere_perennius	scientia_imperii_decus_et_tutamen	Obedientia_civium_urbis_felicitas	284	200	Progressive Disease	pace_tua
radiotherapy	CTDC-PARTICIPANT-579483	CTDC-RADIOTHERAPY-849476	Obedientia_civium_urbis_felicitas	scientia,_aere_perennius	imperium_in_imperio	cacatum_non_est_pictum	Macte_animo_Generose_puer_sic_itur_ad_astra	scientia_et_sapientia	178	358	Less than partial response	nascentes_morimur_finisque_ab_origine_pendet
radiotherapy	CTDC-PARTICIPANT-967644	CTDC-RADIOTHERAPY-382849	saltus_in_demonstrando	faber_est_suae_quisque_fortunae	barba_crescit_caput_nescit	id_quod_plerumque_accidit	faber_est_suae_quisque_fortunae	salus_in_arduis	949	204	Progressive Disease	Gallia_est_omnis_divisa_in_partes_tres
radiotherapy	CTDC-PARTICIPANT-967644	CTDC-RADIOTHERAPY-522495	e_causa_ignota	barba_crescit_caput_nescit	a_bene_placito	Gallia_est_omnis_divisa_in_partes_tres	cacatum_non_est_pictum	scientia_et_labor	85	128	Stable Disease	id_quod_plerumque_accidit
radiotherapy	CTDC-PARTICIPANT-779080	CTDC-RADIOTHERAPY-482485	scientia_imperii_decus_et_tutamen	cacatum_non_est_pictum	nanos_gigantum_humeris_insidentes	e_causa_ignota	faber_est_suae_quisque_fortunae	barba_crescit_caput_nescit	71	179	Complete Response	imperium_in_imperio
radiotherapy	CTDC-PARTICIPANT-779080	CTDC-RADIOTHERAPY-616145	scientia_et_labor	sapiens_qui_prospicit	labor_ipse_voluptas	faber_est_suae_quisque_fortunae	Obedientia_civium_urbis_felicitas	scientia_et_sapientia	812	907	Less than partial response	pace_tua
radiotherapy	CTDC-PARTICIPANT-385675	CTDC-RADIOTHERAPY-880338	Macte_animo_Generose_puer_sic_itur_ad_astra	pace_tua	faber_est_suae_quisque_fortunae	scientia_et_sapientia	scientiae_cedit_mare	Macte_animo_Generose_puer_sic_itur_ad_astra	990	873	Unknown	labor_ipse_voluptas
radiotherapy	CTDC-PARTICIPANT-385675	CTDC-RADIOTHERAPY-810680	damnant_quod_non_intellegunt	scientia_et_labor	haec_olim_meminisse_iuvabit	sapiens_qui_prospicit	Obedientia_civium_urbis_felicitas	Obedientia_civium_urbis_felicitas	814	962	Stable Disease	e_causa_ignota
radiotherapy	CTDC-PARTICIPANT-618008	CTDC-RADIOTHERAPY-254757	O_Tite_tute_Tati_tibi_tanta_tyranne_tulisti	barba_crescit_caput_nescit	faber_est_suae_quisque_fortunae	a_bene_placito	saltus_in_demonstrando	pace_tua	941	449	Progressive Disease	saltus_in_demonstrando
radiotherapy	CTDC-PARTICIPANT-618008	CTDC-RADIOTHERAPY-659756	id_quod_plerumque_accidit	scientiae_et_patriae	sapiens_qui_prospicit	scientia,_aere_perennius	nascentes_morimur_finisque_ab_origine_pendet	e_causa_ignota	988	413	Less than partial response	nascentes_morimur_finisque_ab_origine_pendet
radiotherapy	CTDC-PARTICIPANT-434022	CTDC-RADIOTHERAPY-552479	salus_in_arduis	nanos_gigantum_humeris_insidentes	scientia_et_labor	nascentes_morimur_finisque_ab_origine_pendet	salus_in_arduis	nascentes_morimur_finisque_ab_origine_pendet	312	808	Partial Response	e_causa_ignota
radiotherapy	CTDC-PARTICIPANT-434022	CTDC-RADIOTHERAPY-118161	nascentes_morimur_finisque_ab_origine_pendet	nanos_gigantum_humeris_insidentes	nanos_gigantum_humeris_insidentes	saltus_in_demonstrando	sapiens_qui_prospicit	damnant_quod_non_intellegunt	404	789	Partial Response	imperium_in_imperio
radiotherapy	CTDC-PARTICIPANT-152891	CTDC-RADIOTHERAPY-331760	pace_tua	imperium_in_imperio	Macte_animo_Generose_puer_sic_itur_ad_astra	haec_olim_meminisse_iuvabit	scientiae_et_patriae	Macte_animo_Generose_puer_sic_itur_ad_astra	726	346	Not Evaluable	imperium_in_imperio
radiotherapy	CTDC-PARTICIPANT-152891	CTDC-RADIOTHERAPY-934515	id_quod_plerumque_accidit	pace_tua	Gallia_est_omnis_divisa_in_partes_tres	saltus_in_demonstrando	barba_crescit_caput_nescit	nascentes_morimur_finisque_ab_origine_pendet	55	314	Complete Response	e_causa_ignota
radiotherapy	CTDC-PARTICIPANT-563856	CTDC-RADIOTHERAPY-309382	faber_est_suae_quisque_fortunae	O_Tite_tute_Tati_tibi_tanta_tyranne_tulisti	faber_est_suae_quisque_fortunae	barba_crescit_caput_nescit	scientia_imperii_decus_et_tutamen	a_bene_placito	288	898	Less than partial response	nascentes_morimur_finisque_ab_origine_pendet
radiotherapy	CTDC-PARTICIPANT-563856	CTDC-RADIOTHERAPY-963818	e_causa_ignota	sapiens_qui_prospicit	nanos_gigantum_humeris_insidentes	salus_in_arduis	a_bene_placito	barba_crescit_caput_nescit	152	636	Partial Response	nascentes_morimur_finisque_ab_origine_pendet
radiotherapy	CTDC-PARTICIPANT-633383	CTDC-RADIOTHERAPY-185358	a_bene_placito	salus_in_arduis	scientiae_cedit_mare	cacatum_non_est_pictum	scientiae_cedit_mare	imperium_in_imperio	767	756	Not Assessed	Macte_animo_Generose_puer_sic_itur_ad_astra
radiotherapy	CTDC-PARTICIPANT-633383	CTDC-RADIOTHERAPY-256988	imperium_in_imperio	Gallia_est_omnis_divisa_in_partes_tres	saltus_in_demonstrando	nascentes_morimur_finisque_ab_origine_pendet	imperium_in_imperio	scientia_et_sapientia	577	833	Complete Response	scientia_et_labor
radiotherapy	CTDC-PARTICIPANT-361715	CTDC-RADIOTHERAPY-715246	scientia_et_labor	pace_tua	O_Tite_tute_Tati_tibi_tanta_tyranne_tulisti	scientiae_et_patriae	nanos_gigantum_humeris_insidentes	scientia_et_sapientia	816	258	Not Assessed	a_bene_placito
radiotherapy	CTDC-PARTICIPANT-361715	CTDC-RADIOTHERAPY-486188	Gallia_est_omnis_divisa_in_partes_tres	O_Tite_tute_Tati_tibi_tanta_tyranne_tulisti	saltus_in_demonstrando	Obedientia_civium_urbis_felicitas	sapiens_qui_prospicit	faber_est_suae_quisque_fortunae	825	662	Progressive Disease	scientia,_aere_perennius
radiotherapy	CTDC-PARTICIPANT-413496	CTDC-RADIOTHERAPY-876613	id_quod_plerumque_accidit	saltus_in_demonstrando	Obedientia_civium_urbis_felicitas	sapiens_qui_prospicit	Gallia_est_omnis_divisa_in_partes_tres	e_causa_ignota	564	679	Progressive Disease	O_Tite_tute_Tati_tibi_tanta_tyranne_tulisti
radiotherapy	CTDC-PARTICIPANT-413496	CTDC-RADIOTHERAPY-468503	faber_est_suae_quisque_fortunae	a_bene_placito	Macte_animo_Generose_puer_sic_itur_ad_astra	O_Tite_tute_Tati_tibi_tanta_tyranne_tulisti	Obedientia_civium_urbis_felicitas	e_causa_ignota	809	215	Complete Response	saltus_in_demonstrando
radiotherapy	CTDC-PARTICIPANT-313976	CTDC-RADIOTHERAPY-337209	Gallia_est_omnis_divisa_in_partes_tres	scientia,_aere_perennius	saltus_in_demonstrando	barba_crescit_caput_nescit	e_causa_ignota	a_bene_placito	419	305	Less than partial response	O_Tite_tute_Tati_tibi_tanta_tyranne_tulisti
radiotherapy	CTDC-PARTICIPANT-313976	CTDC-RADIOTHERAPY-594818	damnant_quod_non_intellegunt	e_causa_ignota	scientia_imperii_decus_et_tutamen	scientia_et_sapientia	scientia_imperii_decus_et_tutamen	Gallia_est_omnis_divisa_in_partes_tres	546	832	Too Early	scientiae_cedit_mare
radiotherapy	CTDC-PARTICIPANT-181398	CTDC-RADIOTHERAPY-334964	Gallia_est_omnis_divisa_in_partes_tres	e_causa_ignota	damnant_quod_non_intellegunt	salus_in_arduis	scientia_et_labor	scientia_et_sapientia	293	820	Progressive Disease	salus_in_arduis
radiotherapy	CTDC-PARTICIPANT-181398	CTDC-RADIOTHERAPY-932028	scientiae_cedit_mare	id_quod_plerumque_accidit	nascentes_morimur_finisque_ab_origine_pendet	imperium_in_imperio	haec_olim_meminisse_iuvabit	O_Tite_tute_Tati_tibi_tanta_tyranne_tulisti	956	987	Not Evaluable	Obedientia_civium_urbis_felicitas
radiotherapy	CTDC-PARTICIPANT-541713	CTDC-RADIOTHERAPY-486648	scientia_imperii_decus_et_tutamen	nanos_gigantum_humeris_insidentes	Obedientia_civium_urbis_felicitas	nascentes_morimur_finisque_ab_origine_pendet	scientia,_aere_perennius	scientia_imperii_decus_et_tutamen	392	155	Progressive Disease	barba_crescit_caput_nescit
radiotherapy	CTDC-PARTICIPANT-541713	CTDC-RADIOTHERAPY-525593	O_Tite_tute_Tati_tibi_tanta_tyranne_tulisti	barba_crescit_caput_nescit	Gallia_est_omnis_divisa_in_partes_tres	nascentes_morimur_finisque_ab_origine_pendet	faber_est_suae_quisque_fortunae	saltus_in_demonstrando	833	249	Partial Response	pace_tua
radiotherapy	CTDC-PARTICIPANT-375128	CTDC-RADIOTHERAPY-226207	barba_crescit_caput_nescit	pace_tua	labor_ipse_voluptas	Obedientia_civium_urbis_felicitas	salus_in_arduis	pace_tua	301	851	Not Assessed	scientia_et_labor
radiotherapy	CTDC-PARTICIPANT-375128	CTDC-RADIOTHERAPY-913822	pace_tua	O_Tite_tute_Tati_tibi_tanta_tyranne_tulisti	cacatum_non_est_pictum	nanos_gigantum_humeris_insidentes	id_quod_plerumque_accidit	scientia_et_sapientia	592	533	Progressive Disease	nanos_gigantum_humeris_insidentes
radiotherapy	CTDC-PARTICIPANT-935764	CTDC-RADIOTHERAPY-716705	nascentes_morimur_finisque_ab_origine_pendet	barba_crescit_caput_nescit	damnant_quod_non_intellegunt	nascentes_morimur_finisque_ab_origine_pendet	scientia_imperii_decus_et_tutamen	pace_tua	620	458	Stable Disease	nanos_gigantum_humeris_insidentes
radiotherapy	CTDC-PARTICIPANT-935764	CTDC-RADIOTHERAPY-852139	id_quod_plerumque_accidit	scientia,_aere_perennius	scientia,_aere_perennius	O_Tite_tute_Tati_tibi_tanta_tyranne_tulisti	barba_crescit_caput_nescit	scientia_imperii_decus_et_tutamen	333	159	Stable Disease	scientiae_cedit_mare
radiotherapy	CTDC-PARTICIPANT-642396	CTDC-RADIOTHERAPY-830977	scientia_et_labor	Macte_animo_Generose_puer_sic_itur_ad_astra	scientia,_aere_perennius	cacatum_non_est_pictum	barba_crescit_caput_nescit	Gallia_est_omnis_divisa_in_partes_tres	85	180	Not Assessed	scientiae_cedit_mare
radiotherapy	CTDC-PARTICIPANT-642396	CTDC-RADIOTHERAPY-101907	imperium_in_imperio	a_bene_placito	nanos_gigantum_humeris_insidentes	Macte_animo_Generose_puer_sic_itur_ad_astra	scientia_et_sapientia	cacatum_non_est_pictum	632	772	Less than partial response	Macte_animo_Generose_puer_sic_itur_ad_astra
radiotherapy	CTDC-PARTICIPANT-965342	CTDC-RADIOTHERAPY-146128	a_bene_placito	Macte_animo_Generose_puer_sic_itur_ad_astra	sapiens_qui_prospicit	barba_crescit_caput_nescit	O_Tite_tute_Tati_tibi_tanta_tyranne_tulisti	haec_olim_meminisse_iuvabit	36	894	Not Assessed	nanos_gigantum_humeris_insidentes
radiotherapy	CTDC-PARTICIPANT-965342	CTDC-RADIOTHERAPY-717234	haec_olim_meminisse_iuvabit	id_quod_plerumque_accidit	cacatum_non_est_pictum	nanos_gigantum_humeris_insidentes	saltus_in_demonstrando	scientia_imperii_decus_et_tutamen	982	714	Less than partial response	scientia_imperii_decus_et_tutamen
radiotherapy	CTDC-PARTICIPANT-515838	CTDC-RADIOTHERAPY-978889	id_quod_plerumque_accidit	faber_est_suae_quisque_fortunae	imperium_in_imperio	damnant_quod_non_intellegunt	haec_olim_meminisse_iuvabit	cacatum_non_est_pictum	370	784	Stable Disease	scientia_imperii_decus_et_tutamen
radiotherapy	CTDC-PARTICIPANT-515838	CTDC-RADIOTHERAPY-584987	damnant_quod_non_intellegunt	Obedientia_civium_urbis_felicitas	Macte_animo_Generose_puer_sic_itur_ad_astra	faber_est_suae_quisque_fortunae	Gallia_est_omnis_divisa_in_partes_tres	scientia_et_labor	714	955	Partial Response	e_causa_ignota
radiotherapy	CTDC-PARTICIPANT-246630	CTDC-RADIOTHERAPY-473872	labor_ipse_voluptas	labor_ipse_voluptas	nanos_gigantum_humeris_insidentes	haec_olim_meminisse_iuvabit	a_bene_placito	nascentes_morimur_finisque_ab_origine_pendet	685	154	Complete Response	id_quod_plerumque_accidit
radiotherapy	CTDC-PARTICIPANT-246630	CTDC-RADIOTHERAPY-850477	scientiae_cedit_mare	id_quod_plerumque_accidit	scientiae_et_patriae	scientia_et_labor	scientia_imperii_decus_et_tutamen	scientia_et_labor	257	647	Unknown	pace_tua
radiotherapy	CTDC-PARTICIPANT-914906	CTDC-RADIOTHERAPY-335985	scientiae_cedit_mare	a_bene_placito	e_causa_ignota	saltus_in_demonstrando	damnant_quod_non_intellegunt	nanos_gigantum_humeris_insidentes	38	593	Less than partial response	scientiae_et_patriae
radiotherapy	CTDC-PARTICIPANT-914906	CTDC-RADIOTHERAPY-923661	imperium_in_imperio	a_bene_placito	Obedientia_civium_urbis_felicitas	e_causa_ignota	haec_olim_meminisse_iuvabit	nanos_gigantum_humeris_insidentes	318	331	Progressive Disease	nascentes_morimur_finisque_ab_origine_pendet
radiotherapy	CTDC-PARTICIPANT-996697	CTDC-RADIOTHERAPY-680519	haec_olim_meminisse_iuvabit	faber_est_suae_quisque_fortunae	Macte_animo_Generose_puer_sic_itur_ad_astra	id_quod_plerumque_accidit	scientia_et_sapientia	labor_ipse_voluptas	585	728	Partial Response	salus_in_arduis
radiotherapy	CTDC-PARTICIPANT-996697	CTDC-RADIOTHERAPY-722472	e_causa_ignota	scientia_et_labor	pace_tua	O_Tite_tute_Tati_tibi_tanta_tyranne_tulisti	Obedientia_civium_urbis_felicitas	Obedientia_civium_urbis_felicitas	357	958	Less than partial response	Gallia_est_omnis_divisa_in_partes_tres
radiotherapy	CTDC-PARTICIPANT-990858	CTDC-RADIOTHERAPY-248580	sapiens_qui_prospicit	scientia_et_labor	scientiae_et_patriae	id_quod_plerumque_accidit	salus_in_arduis	O_Tite_tute_Tati_tibi_tanta_tyranne_tulisti	484	988	Less than partial response	Macte_animo_Generose_puer_sic_itur_ad_astra
radiotherapy	CTDC-PARTICIPANT-990858	CTDC-RADIOTHERAPY-309438	scientia_et_sapientia	Obedientia_civium_urbis_felicitas	scientiae_et_patriae	faber_est_suae_quisque_fortunae	sapiens_qui_prospicit	nascentes_morimur_finisque_ab_origine_pendet	493	15	Too Early	scientiae_et_patriae
radiotherapy	CTDC-PARTICIPANT-311756	CTDC-RADIOTHERAPY-277528	a_bene_placito	sapiens_qui_prospicit	imperium_in_imperio	e_causa_ignota	cacatum_non_est_pictum	scientia,_aere_perennius	648	590	Progressive Disease	Macte_animo_Generose_puer_sic_itur_ad_astra
radiotherapy	CTDC-PARTICIPANT-311756	CTDC-RADIOTHERAPY-304481	O_Tite_tute_Tati_tibi_tanta_tyranne_tulisti	faber_est_suae_quisque_fortunae	nanos_gigantum_humeris_insidentes	scientia_et_sapientia	barba_crescit_caput_nescit	pace_tua	858	545	Not Assessed	nanos_gigantum_humeris_insidentes
radiotherapy	CTDC-PARTICIPANT-998159	CTDC-RADIOTHERAPY-988685	scientia_imperii_decus_et_tutamen	Macte_animo_Generose_puer_sic_itur_ad_astra	labor_ipse_voluptas	a_bene_placito	scientia_imperii_decus_et_tutamen	scientiae_cedit_mare	544	220	Stable Disease	haec_olim_meminisse_iuvabit
radiotherapy	CTDC-PARTICIPANT-998159	CTDC-RADIOTHERAPY-308280	barba_crescit_caput_nescit	Gallia_est_omnis_divisa_in_partes_tres	Macte_animo_Generose_puer_sic_itur_ad_astra	scientia_imperii_decus_et_tutamen	nascentes_morimur_finisque_ab_origine_pendet	cacatum_non_est_pictum	373	123	Unknown	damnant_quod_non_intellegunt
radiotherapy	CTDC-PARTICIPANT-619107	CTDC-RADIOTHERAPY-159314	salus_in_arduis	Obedientia_civium_urbis_felicitas	Obedientia_civium_urbis_felicitas	Obedientia_civium_urbis_felicitas	scientia_imperii_decus_et_tutamen	Gallia_est_omnis_divisa_in_partes_tres	406	968	Too Early	labor_ipse_voluptas
radiotherapy	CTDC-PARTICIPANT-619107	CTDC-RADIOTHERAPY-229571	scientia_et_labor	scientia,_aere_perennius	sapiens_qui_prospicit	salus_in_arduis	cacatum_non_est_pictum	Gallia_est_omnis_divisa_in_partes_tres	480	524	Unknown	imperium_in_imperio
radiotherapy	CTDC-PARTICIPANT-967168	CTDC-RADIOTHERAPY-927533	faber_est_suae_quisque_fortunae	id_quod_plerumque_accidit	scientia_et_labor	scientia_imperii_decus_et_tutamen	nanos_gigantum_humeris_insidentes	barba_crescit_caput_nescit	473	352	Less than partial response	Obedientia_civium_urbis_felicitas
radiotherapy	CTDC-PARTICIPANT-967168	CTDC-RADIOTHERAPY-573432	nascentes_morimur_finisque_ab_origine_pendet	scientiae_et_patriae	Obedientia_civium_urbis_felicitas	scientia,_aere_perennius	imperium_in_imperio	barba_crescit_caput_nescit	225	889	Partial Response	pace_tua
radiotherapy	CTDC-PARTICIPANT-459821	CTDC-RADIOTHERAPY-122306	imperium_in_imperio	scientia_imperii_decus_et_tutamen	pace_tua	labor_ipse_voluptas	faber_est_suae_quisque_fortunae	cacatum_non_est_pictum	570	739	Less than partial response	id_quod_plerumque_accidit
radiotherapy	CTDC-PARTICIPANT-459821	CTDC-RADIOTHERAPY-786106	imperium_in_imperio	O_Tite_tute_Tati_tibi_tanta_tyranne_tulisti	e_causa_ignota	Gallia_est_omnis_divisa_in_partes_tres	id_quod_plerumque_accidit	Obedientia_civium_urbis_felicitas	69	559	Unknown	cacatum_non_est_pictum
radiotherapy	CTDC-PARTICIPANT-828023	CTDC-RADIOTHERAPY-150498	scientia,_aere_perennius	pace_tua	nascentes_morimur_finisque_ab_origine_pendet	scientia_et_labor	id_quod_plerumque_accidit	haec_olim_meminisse_iuvabit	600	236	Progressive Disease	scientia,_aere_perennius
radiotherapy	CTDC-PARTICIPANT-828023	CTDC-RADIOTHERAPY-232554	pace_tua	haec_olim_meminisse_iuvabit	cacatum_non_est_pictum	O_Tite_tute_Tati_tibi_tanta_tyranne_tulisti	imperium_in_imperio	Gallia_est_omnis_divisa_in_partes_tres	995	470	Progressive Disease	e_causa_ignota
radiotherapy	CTDC-PARTICIPANT-712034	CTDC-RADIOTHERAPY-504368	nascentes_morimur_finisque_ab_origine_pendet	cacatum_non_est_pictum	cacatum_non_est_pictum	scientia,_aere_perennius	barba_crescit_caput_nescit	damnant_quod_non_intellegunt	127	523	Progressive Disease	id_quod_plerumque_accidit
radiotherapy	CTDC-PARTICIPANT-712034	CTDC-RADIOTHERAPY-185019	e_causa_ignota	Macte_animo_Generose_puer_sic_itur_ad_astra	e_causa_ignota	O_Tite_tute_Tati_tibi_tanta_tyranne_tulisti	id_quod_plerumque_accidit	labor_ipse_voluptas	856	614	Too Early	sapiens_qui_prospicit
radiotherapy	CTDC-PARTICIPANT-462972	CTDC-RADIOTHERAPY-558202	salus_in_arduis	scientiae_cedit_mare	id_quod_plerumque_accidit	saltus_in_demonstrando	pace_tua	nascentes_morimur_finisque_ab_origine_pendet	684	443	Not Evaluable	labor_ipse_voluptas
radiotherapy	CTDC-PARTICIPANT-462972	CTDC-RADIOTHERAPY-682258	pace_tua	barba_crescit_caput_nescit	damnant_quod_non_intellegunt	labor_ipse_voluptas	scientia_et_sapientia	e_causa_ignota	869	600	Unknown	nascentes_morimur_finisque_ab_origine_pendet
radiotherapy	CTDC-PARTICIPANT-312749	CTDC-RADIOTHERAPY-544527	a_bene_placito	id_quod_plerumque_accidit	cacatum_non_est_pictum	sapiens_qui_prospicit	imperium_in_imperio	O_Tite_tute_Tati_tibi_tanta_tyranne_tulisti	718	615	Complete Response	O_Tite_tute_Tati_tibi_tanta_tyranne_tulisti
radiotherapy	CTDC-PARTICIPANT-312749	CTDC-RADIOTHERAPY-277583	barba_crescit_caput_nescit	e_causa_ignota	faber_est_suae_quisque_fortunae	faber_est_suae_quisque_fortunae	Macte_animo_Generose_puer_sic_itur_ad_astra	scientia_et_sapientia	983	939	Partial Response	O_Tite_tute_Tati_tibi_tanta_tyranne_tulisti
radiotherapy	CTDC-PARTICIPANT-990328	CTDC-RADIOTHERAPY-306582	faber_est_suae_quisque_fortunae	nanos_gigantum_humeris_insidentes	haec_olim_meminisse_iuvabit	labor_ipse_voluptas	Gallia_est_omnis_divisa_in_partes_tres	Obedientia_civium_urbis_felicitas	341	761	Partial Response	scientiae_cedit_mare
radiotherapy	CTDC-PARTICIPANT-990328	CTDC-RADIOTHERAPY-450615	pace_tua	Gallia_est_omnis_divisa_in_partes_tres	damnant_quod_non_intellegunt	imperium_in_imperio	cacatum_non_est_pictum	Gallia_est_omnis_divisa_in_partes_tres	976	665	Unknown	scientia_et_labor
radiotherapy	CTDC-PARTICIPANT-310032	CTDC-RADIOTHERAPY-866389	scientia,_aere_perennius	Gallia_est_omnis_divisa_in_partes_tres	salus_in_arduis	imperium_in_imperio	pace_tua	scientiae_et_patriae	165	81	Not Evaluable	nascentes_morimur_finisque_ab_origine_pendet
radiotherapy	CTDC-PARTICIPANT-310032	CTDC-RADIOTHERAPY-255619	e_causa_ignota	scientiae_cedit_mare	barba_crescit_caput_nescit	saltus_in_demonstrando	scientiae_cedit_mare	Obedientia_civium_urbis_felicitas	986	637	Stable Disease	a_bene_placito
radiotherapy	CTDC-PARTICIPANT-454476	CTDC-RADIOTHERAPY-853453	e_causa_ignota	faber_est_suae_quisque_fortunae	nascentes_morimur_finisque_ab_origine_pendet	pace_tua	cacatum_non_est_pictum	O_Tite_tute_Tati_tibi_tanta_tyranne_tulisti	362	78	Stable Disease	sapiens_qui_prospicit
radiotherapy	CTDC-PARTICIPANT-454476	CTDC-RADIOTHERAPY-522878	damnant_quod_non_intellegunt	scientia_et_labor	scientiae_et_patriae	e_causa_ignota	scientia_et_labor	pace_tua	727	608	Complete Response	damnant_quod_non_intellegunt
radiotherapy	CTDC-PARTICIPANT-647057	CTDC-RADIOTHERAPY-566552	damnant_quod_non_intellegunt	Macte_animo_Generose_puer_sic_itur_ad_astra	O_Tite_tute_Tati_tibi_tanta_tyranne_tulisti	barba_crescit_caput_nescit	scientia,_aere_perennius	damnant_quod_non_intellegunt	466	383	Not Assessed	Gallia_est_omnis_divisa_in_partes_tres
radiotherapy	CTDC-PARTICIPANT-647057	CTDC-RADIOTHERAPY-946108	scientiae_cedit_mare	barba_crescit_caput_nescit	O_Tite_tute_Tati_tibi_tanta_tyranne_tulisti	salus_in_arduis	pace_tua	scientiae_et_patriae	738	275	Less than partial response	scientia_et_labor
radiotherapy	CTDC-PARTICIPANT-732783	CTDC-RADIOTHERAPY-860029	scientiae_et_patriae	Macte_animo_Generose_puer_sic_itur_ad_astra	haec_olim_meminisse_iuvabit	scientia_et_sapientia	nanos_gigantum_humeris_insidentes	scientia_et_labor	561	373	Progressive Disease	cacatum_non_est_pictum
radiotherapy	CTDC-PARTICIPANT-732783	CTDC-RADIOTHERAPY-486256	scientia_et_labor	pace_tua	pace_tua	Gallia_est_omnis_divisa_in_partes_tres	scientiae_cedit_mare	scientia,_aere_perennius	159	78	Less than partial response	pace_tua
radiotherapy	CTDC-PARTICIPANT-647189	CTDC-RADIOTHERAPY-196305	labor_ipse_voluptas	a_bene_placito	cacatum_non_est_pictum	faber_est_suae_quisque_fortunae	scientia_et_labor	scientiae_cedit_mare	225	627	Too Early	labor_ipse_voluptas
radiotherapy	CTDC-PARTICIPANT-647189	CTDC-RADIOTHERAPY-245462	sapiens_qui_prospicit	salus_in_arduis	O_Tite_tute_Tati_tibi_tanta_tyranne_tulisti	scientia,_aere_perennius	e_causa_ignota	sapiens_qui_prospicit	504	124	Partial Response	scientiae_cedit_mare
radiotherapy	CTDC-PARTICIPANT-676963	CTDC-RADIOTHERAPY-323734	Macte_animo_Generose_puer_sic_itur_ad_astra	scientia_imperii_decus_et_tutamen	e_causa_ignota	imperium_in_imperio	a_bene_placito	faber_est_suae_quisque_fortunae	319	279	Too Early	scientia_et_sapientia
radiotherapy	CTDC-PARTICIPANT-676963	CTDC-RADIOTHERAPY-682436	scientia_imperii_decus_et_tutamen	barba_crescit_caput_nescit	imperium_in_imperio	id_quod_plerumque_accidit	scientia,_aere_perennius	labor_ipse_voluptas	166	263	Complete Response	id_quod_plerumque_accidit
radiotherapy	CTDC-PARTICIPANT-971299	CTDC-RADIOTHERAPY-442601	imperium_in_imperio	Gallia_est_omnis_divisa_in_partes_tres	nanos_gigantum_humeris_insidentes	scientia_et_sapientia	Obedientia_civium_urbis_felicitas	scientia,_aere_perennius	587	699	Not Evaluable	pace_tua
radiotherapy	CTDC-PARTICIPANT-971299	CTDC-RADIOTHERAPY-733986	e_causa_ignota	haec_olim_meminisse_iuvabit	id_quod_plerumque_accidit	scientiae_et_patriae	scientia_imperii_decus_et_tutamen	id_quod_plerumque_accidit	742	817	Partial Response	salus_in_arduis
radiotherapy	CTDC-PARTICIPANT-888011	CTDC-RADIOTHERAPY-604936	faber_est_suae_quisque_fortunae	nascentes_morimur_finisque_ab_origine_pendet	e_causa_ignota	Gallia_est_omnis_divisa_in_partes_tres	sapiens_qui_prospicit	a_bene_placito	523	981	Progressive Disease	saltus_in_demonstrando
radiotherapy	CTDC-PARTICIPANT-888011	CTDC-RADIOTHERAPY-538115	Obedientia_civium_urbis_felicitas	scientiae_et_patriae	scientia_imperii_decus_et_tutamen	O_Tite_tute_Tati_tibi_tanta_tyranne_tulisti	salus_in_arduis	imperium_in_imperio	948	727	Too Early	faber_est_suae_quisque_fortunae
radiotherapy	CTDC-PARTICIPANT-836519	CTDC-RADIOTHERAPY-817546	cacatum_non_est_pictum	Obedientia_civium_urbis_felicitas	O_Tite_tute_Tati_tibi_tanta_tyranne_tulisti	labor_ipse_voluptas	imperium_in_imperio	scientia_et_labor	836	551	Not Assessed	barba_crescit_caput_nescit
radiotherapy	CTDC-PARTICIPANT-836519	CTDC-RADIOTHERAPY-695884	id_quod_plerumque_accidit	e_causa_ignota	id_quod_plerumque_accidit	pace_tua	haec_olim_meminisse_iuvabit	saltus_in_demonstrando	962	645	Complete Response	faber_est_suae_quisque_fortunae
radiotherapy	CTDC-PARTICIPANT-699815	CTDC-RADIOTHERAPY-727698	O_Tite_tute_Tati_tibi_tanta_tyranne_tulisti	labor_ipse_voluptas	Gallia_est_omnis_divisa_in_partes_tres	scientia_et_labor	labor_ipse_voluptas	e_causa_ignota	218	302	Less than partial response	id_quod_plerumque_accidit
radiotherapy	CTDC-PARTICIPANT-699815	CTDC-RADIOTHERAPY-341104	id_quod_plerumque_accidit	scientia_imperii_decus_et_tutamen	salus_in_arduis	sapiens_qui_prospicit	Gallia_est_omnis_divisa_in_partes_tres	haec_olim_meminisse_iuvabit	870	298	Unknown	scientia_et_sapientia
radiotherapy	CTDC-PARTICIPANT-184105	CTDC-RADIOTHERAPY-581595	Macte_animo_Generose_puer_sic_itur_ad_astra	scientia_et_sapientia	scientia,_aere_perennius	scientia_et_sapientia	damnant_quod_non_intellegunt	salus_in_arduis	359	476	Unknown	scientia_et_labor
radiotherapy	CTDC-PARTICIPANT-184105	CTDC-RADIOTHERAPY-197872	barba_crescit_caput_nescit	saltus_in_demonstrando	Macte_animo_Generose_puer_sic_itur_ad_astra	damnant_quod_non_intellegunt	saltus_in_demonstrando	pace_tua	870	915	Partial Response	Obedientia_civium_urbis_felicitas
radiotherapy	CTDC-PARTICIPANT-698815	CTDC-RADIOTHERAPY-609385	Gallia_est_omnis_divisa_in_partes_tres	scientia,_aere_perennius	salus_in_arduis	id_quod_plerumque_accidit	faber_est_suae_quisque_fortunae	scientiae_et_patriae	399	286	Unknown	imperium_in_imperio
radiotherapy	CTDC-PARTICIPANT-698815	CTDC-RADIOTHERAPY-458927	imperium_in_imperio	Gallia_est_omnis_divisa_in_partes_tres	labor_ipse_voluptas	scientia_imperii_decus_et_tutamen	salus_in_arduis	faber_est_suae_quisque_fortunae	376	414	Too Early	salus_in_arduis
radiotherapy	CTDC-PARTICIPANT-882747	CTDC-RADIOTHERAPY-755712	labor_ipse_voluptas	haec_olim_meminisse_iuvabit	nascentes_morimur_finisque_ab_origine_pendet	saltus_in_demonstrando	scientia_et_sapientia	scientia_et_labor	238	104	Not Assessed	sapiens_qui_prospicit
radiotherapy	CTDC-PARTICIPANT-882747	CTDC-RADIOTHERAPY-828080	Macte_animo_Generose_puer_sic_itur_ad_astra	damnant_quod_non_intellegunt	scientia_imperii_decus_et_tutamen	pace_tua	barba_crescit_caput_nescit	a_bene_placito	998	225	Less than partial response	barba_crescit_caput_nescit
radiotherapy	CTDC-PARTICIPANT-786561	CTDC-RADIOTHERAPY-390784	saltus_in_demonstrando	pace_tua	O_Tite_tute_Tati_tibi_tanta_tyranne_tulisti	haec_olim_meminisse_iuvabit	barba_crescit_caput_nescit	nanos_gigantum_humeris_insidentes	982	451	Less than partial response	imperium_in_imperio
radiotherapy	CTDC-PARTICIPANT-786561	CTDC-RADIOTHERAPY-199372	saltus_in_demonstrando	id_quod_plerumque_accidit	scientia,_aere_perennius	scientiae_cedit_mare	nanos_gigantum_humeris_insidentes	imperium_in_imperio	271	690	Less than partial response	e_causa_ignota
radiotherapy	CTDC-PARTICIPANT-867798	CTDC-RADIOTHERAPY-843876	barba_crescit_caput_nescit	faber_est_suae_quisque_fortunae	scientia_imperii_decus_et_tutamen	e_causa_ignota	scientia,_aere_perennius	O_Tite_tute_Tati_tibi_tanta_tyranne_tulisti	486	199	Progressive Disease	nanos_gigantum_humeris_insidentes
radiotherapy	CTDC-PARTICIPANT-867798	CTDC-RADIOTHERAPY-764943	scientia_et_sapientia	Obedientia_civium_urbis_felicitas	nanos_gigantum_humeris_insidentes	imperium_in_imperio	faber_est_suae_quisque_fortunae	pace_tua	376	623	Less than partial response	faber_est_suae_quisque_fortunae
radiotherapy	CTDC-PARTICIPANT-392396	CTDC-RADIOTHERAPY-467829	scientia_et_labor	haec_olim_meminisse_iuvabit	imperium_in_imperio	cacatum_non_est_pictum	saltus_in_demonstrando	a_bene_placito	216	456	Too Early	scientiae_et_patriae
radiotherapy	CTDC-PARTICIPANT-392396	CTDC-RADIOTHERAPY-807197	Macte_animo_Generose_puer_sic_itur_ad_astra	a_bene_placito	O_Tite_tute_Tati_tibi_tanta_tyranne_tulisti	Obedientia_civium_urbis_felicitas	labor_ipse_voluptas	scientia,_aere_perennius	658	977	Not Assessed	scientiae_et_patriae
