type	participant.participant_id	specimen_record_id	specimen_type	specimen_category	anatomical_collection_site	tissue_category	assessment_timepoint	collection_date	crdc_id
specimen	CTDC-PARTICIPANT-641111	CTDC-SPECIMEN-254052	Formalin Fixed Tissue	Frozen Tissue	scientia_imperii_decus_et_tutamen	Metastatic	PROGRESSION	415.07	salus_in_arduis
specimen	CTDC-PARTICIPANT-641111	CTDC-SPECIMEN-591074	FFPE Block	URINE	scientia_imperii_decus_et_tutamen	Primary	ARCHIVAL	294.76	pace_tua
specimen	CTDC-PARTICIPANT-429411	CTDC-SPECIMEN-879885	FFPE Block	Formalin Fixed Tissue	cacatum_non_est_pictum	Metastatic	Post-Treatment (No progression)	918.16	scientia_et_labor
specimen	CTDC-PARTICIPANT-429411	CTDC-SPECIMEN-369909	Fresh Tissue in Media to PDMR	Blood	damnant_quod_non_intellegunt	Normal	ARCHIVAL	567.62	salus_in_arduis
specimen	CTDC-PARTICIPANT-209642	CTDC-SPECIMEN-106874	Stained Bone Marrow Aspirate Slide	FORMALIN FIXED PARAFFIN EMBEDDED TISSUE	nascentes_morimur_finisque_ab_origine_pendet	Normal	Post-Treatment (No progression)	645.06	Obedientia_civium_urbis_felicitas
specimen	CTDC-PARTICIPANT-209642	CTDC-SPECIMEN-310833	EDTA Blood	Formalin Fixed Paraffin Embedded Tissue	nanos_gigantum_humeris_insidentes	Metastatic	On Treatment (Fresh)	531.36	damnant_quod_non_intellegunt
specimen	CTDC-PARTICIPANT-482694	CTDC-SPECIMEN-658819	Unstained Bone Marrow Aspirate Slide	STOOL	salus_in_arduis	Adjacent Non-Tumor	On Treatment (Fresh)	775.53	imperium_in_imperio
specimen	CTDC-PARTICIPANT-482694	CTDC-SPECIMEN-433602	FFPE Block	FRESH TISSUE	nascentes_morimur_finisque_ab_origine_pendet	Metastatic	BASELINE	302.07	nascentes_morimur_finisque_ab_origine_pendet
specimen	CTDC-PARTICIPANT-301326	CTDC-SPECIMEN-466553	Formalin Bone Marrow Biopsy	STOOL	haec_olim_meminisse_iuvabit	Adjacent Non-Tumor	BASELINE	261.47	O_Tite_tute_Tati_tibi_tanta_tyranne_tulisti
specimen	CTDC-PARTICIPANT-301326	CTDC-SPECIMEN-245079	Fresh Tissue in Media to PDMR	URINE	e_causa_ignota	Adjacent Non-Tumor	Progression (Fresh)	820.63	damnant_quod_non_intellegunt
specimen	CTDC-PARTICIPANT-449539	CTDC-SPECIMEN-720735	Streck Blood	Formalin Fixed Paraffin Embedded Tissue	damnant_quod_non_intellegunt	Adjacent Non-Tumor	Post-Treatment (No progression)	465.68	pace_tua
specimen	CTDC-PARTICIPANT-449539	CTDC-SPECIMEN-459356	FORMALIN FIXED TISSUE	STOOL	saltus_in_demonstrando	Adjacent Non-Tumor	Post-Treatment (No progression)	471.59	imperium_in_imperio
specimen	CTDC-PARTICIPANT-340275	CTDC-SPECIMEN-410624	Snap Frozen Tissue	CEREBROSPINAL FLUID	salus_in_arduis	Normal	Post-Treatment (No progression)	66.19	scientia_et_sapientia
specimen	CTDC-PARTICIPANT-340275	CTDC-SPECIMEN-734963	Unstained Bone Marrow Aspirate Slide	BONE MARROW	saltus_in_demonstrando	Metastatic	Post-Treatment (No progression)	276.42	Obedientia_civium_urbis_felicitas
specimen	CTDC-PARTICIPANT-198783	CTDC-SPECIMEN-806364	Unstained Bone Marrow Aspirate Slide	Formalin Fixed Tissue	id_quod_plerumque_accidit	Normal	BASELINE	882.84	scientia_et_labor
specimen	CTDC-PARTICIPANT-198783	CTDC-SPECIMEN-839814	Streck Blood	Fresh Tissue	nanos_gigantum_humeris_insidentes	Normal	Archival	511.91	faber_est_suae_quisque_fortunae
specimen	CTDC-PARTICIPANT-786373	CTDC-SPECIMEN-550679	EDTA Blood	OTHER BODILY FLUIDs	labor_ipse_voluptas	Primary	BASELINE	205.68	O_Tite_tute_Tati_tibi_tanta_tyranne_tulisti
specimen	CTDC-PARTICIPANT-786373	CTDC-SPECIMEN-225457	Unstained Slide	Fresh Tissue	Obedientia_civium_urbis_felicitas	Primary	PROGRESSION	160.94	faber_est_suae_quisque_fortunae
specimen	CTDC-PARTICIPANT-791713	CTDC-SPECIMEN-403180	EDTA Blood	SALIVA	Macte_animo_Generose_puer_sic_itur_ad_astra	Adjacent Non-Tumor	Progression (Fresh)	256.25	Obedientia_civium_urbis_felicitas
specimen	CTDC-PARTICIPANT-791713	CTDC-SPECIMEN-944058	Formalin Bone Marrow Biopsy	STOOL	Obedientia_civium_urbis_felicitas	Adjacent Non-Tumor	Baseline (Fresh)	239.08	cacatum_non_est_pictum
specimen	CTDC-PARTICIPANT-671238	CTDC-SPECIMEN-406127	FFPE Block	FRESH TISSUE	nascentes_morimur_finisque_ab_origine_pendet	Primary	BASELINE	567.71	faber_est_suae_quisque_fortunae
specimen	CTDC-PARTICIPANT-671238	CTDC-SPECIMEN-478527	Stained Bone Marrow Aspirate Slide	SALIVA	pace_tua	Normal	Progression (Fresh)	57.23	salus_in_arduis
specimen	CTDC-PARTICIPANT-371594	CTDC-SPECIMEN-508521	FORMALIN FIXED TISSUE	BLOOD	scientiae_et_patriae	Primary	Baseline (Fresh)	145.56	saltus_in_demonstrando
specimen	CTDC-PARTICIPANT-371594	CTDC-SPECIMEN-603645	Bone Marrow Aspirate	SALIVA	saltus_in_demonstrando	Primary	On Treatment (Fresh)	278.48	scientia_et_labor
specimen	CTDC-PARTICIPANT-584849	CTDC-SPECIMEN-794933	Formalin Bone Marrow Biopsy	FORMALIN FIXED PARAFFIN EMBEDDED TISSUE	Obedientia_civium_urbis_felicitas	Normal	On Treatment (Fresh)	558.85	nanos_gigantum_humeris_insidentes
specimen	CTDC-PARTICIPANT-584849	CTDC-SPECIMEN-878387	FORMALIN FIXED TISSUE	FRESH TISSUE	scientia_et_labor	Normal	BASELINE	229.33	scientia_et_sapientia
specimen	CTDC-PARTICIPANT-513457	CTDC-SPECIMEN-408796	Snap Frozen Tissue	CEREBROSPINAL FLUID	saltus_in_demonstrando	Adjacent Non-Tumor	On Treatment (Fresh)	966.11	scientia_et_labor
specimen	CTDC-PARTICIPANT-513457	CTDC-SPECIMEN-142494	FFPE Block	STOOL	damnant_quod_non_intellegunt	Primary	On Treatment (Fresh)	410.56	Macte_animo_Generose_puer_sic_itur_ad_astra
specimen	CTDC-PARTICIPANT-286805	CTDC-SPECIMEN-596088	Fresh Tissue in Media to PDMR	STOOL	scientia_imperii_decus_et_tutamen	Metastatic	PROGRESSION	869.51	labor_ipse_voluptas
specimen	CTDC-PARTICIPANT-286805	CTDC-SPECIMEN-710353	Streck Blood to VARI	CEREBROSPINAL FLUID	scientia,_aere_perennius	Normal	Progression (Fresh)	119.69	scientia_et_sapientia
specimen	CTDC-PARTICIPANT-360661	CTDC-SPECIMEN-511624	Unstained Bone Marrow Aspirate Slide	Bone Marrow	haec_olim_meminisse_iuvabit	Primary	Progression (Fresh)	410.88	pace_tua
specimen	CTDC-PARTICIPANT-360661	CTDC-SPECIMEN-633952	Streck Blood	Bone Marrow	scientiae_cedit_mare	Normal	BASELINE	253.62	Obedientia_civium_urbis_felicitas
specimen	CTDC-PARTICIPANT-208381	CTDC-SPECIMEN-755071	FORMALIN FIXED TISSUE	BONE MARROW	scientiae_cedit_mare	Metastatic	On Treatment (Fresh)	924.41	scientiae_cedit_mare
specimen	CTDC-PARTICIPANT-208381	CTDC-SPECIMEN-434742	Streck Blood to PDMR	Formalin Fixed Paraffin Embedded Tissue	scientia,_aere_perennius	Adjacent Non-Tumor	ARCHIVAL	508.05	faber_est_suae_quisque_fortunae
specimen	CTDC-PARTICIPANT-149549	CTDC-SPECIMEN-573682	FFPE Block	SALIVA	scientia_et_sapientia	Normal	ON TREATMENT	96.16	scientia,_aere_perennius
specimen	CTDC-PARTICIPANT-149549	CTDC-SPECIMEN-446546	Unstained Bone Marrow Aspirate Slide	FORMALIN FIXED PARAFFIN EMBEDDED TISSUE	scientia_imperii_decus_et_tutamen	Primary	Post-Treatment (No progression)	340.4	imperium_in_imperio
specimen	CTDC-PARTICIPANT-607722	CTDC-SPECIMEN-136321	Unstained Slide	Formalin Fixed Tissue	scientia_et_sapientia	Metastatic	On Treatment (Fresh)	664.71	nascentes_morimur_finisque_ab_origine_pendet
specimen	CTDC-PARTICIPANT-607722	CTDC-SPECIMEN-873661	Cell Block	STOOL	Obedientia_civium_urbis_felicitas	Normal	Post-Treatment (No progression)	752.43	damnant_quod_non_intellegunt
specimen	CTDC-PARTICIPANT-968052	CTDC-SPECIMEN-581413	FFPE Block	Formalin Fixed Paraffin Embedded Tissue	O_Tite_tute_Tati_tibi_tanta_tyranne_tulisti	Metastatic	ON TREATMENT	926.63	scientia_et_labor
specimen	CTDC-PARTICIPANT-968052	CTDC-SPECIMEN-315733	Snap Frozen Tissue	Formalin Fixed Paraffin Embedded Tissue	cacatum_non_est_pictum	Primary	Baseline (Fresh)	851.42	scientia_et_labor
specimen	CTDC-PARTICIPANT-273892	CTDC-SPECIMEN-146076	FORMALIN FIXED TISSUE	Bone Marrow	sapiens_qui_prospicit	Adjacent Non-Tumor	On Treatment (Fresh)	167.3	sapiens_qui_prospicit
specimen	CTDC-PARTICIPANT-273892	CTDC-SPECIMEN-223474	FORMALIN FIXED TISSUE	Blood	imperium_in_imperio	Normal	Archival	856.58	e_causa_ignota
specimen	CTDC-PARTICIPANT-599675	CTDC-SPECIMEN-963617	Stained Bone Marrow Aspirate Slide	STOOL	scientiae_et_patriae	Primary	Archival	387.08	id_quod_plerumque_accidit
specimen	CTDC-PARTICIPANT-599675	CTDC-SPECIMEN-254129	Snap Frozen Tissue	OTHER BODILY FLUIDs	labor_ipse_voluptas	Metastatic	ON TREATMENT	258.21	scientiae_et_patriae
specimen	CTDC-PARTICIPANT-389190	CTDC-SPECIMEN-920145	FORMALIN FIXED TISSUE	URINE	damnant_quod_non_intellegunt	Metastatic	BASELINE	292.07	sapiens_qui_prospicit
specimen	CTDC-PARTICIPANT-389190	CTDC-SPECIMEN-938844	FFPE Block	FRESH TISSUE	O_Tite_tute_Tati_tibi_tanta_tyranne_tulisti	Metastatic	PROGRESSION	220.96	Macte_animo_Generose_puer_sic_itur_ad_astra
specimen	CTDC-PARTICIPANT-992012	CTDC-SPECIMEN-704605	Unstained Bone Marrow Aspirate Slide	BUCCAL CELL SAMPLE	O_Tite_tute_Tati_tibi_tanta_tyranne_tulisti	Metastatic	Baseline (Fresh)	76.56	imperium_in_imperio
specimen	CTDC-PARTICIPANT-992012	CTDC-SPECIMEN-638152	Bone Marrow Aspirate	OTHER BODILY FLUIDs	O_Tite_tute_Tati_tibi_tanta_tyranne_tulisti	Primary	Baseline (Fresh)	803.01	pace_tua
specimen	CTDC-PARTICIPANT-322813	CTDC-SPECIMEN-245834	FORMALIN FIXED TISSUE	URINE	scientiae_cedit_mare	Metastatic	ON TREATMENT	952.47	Gallia_est_omnis_divisa_in_partes_tres
specimen	CTDC-PARTICIPANT-322813	CTDC-SPECIMEN-487340	Cell Block	Frozen Tissue	Gallia_est_omnis_divisa_in_partes_tres	Adjacent Non-Tumor	On Treatment (Fresh)	228.72	labor_ipse_voluptas
specimen	CTDC-PARTICIPANT-563302	CTDC-SPECIMEN-856187	Formalin Fixed Tissue	FORMALIN FIXED PARAFFIN EMBEDDED TISSUE	scientia,_aere_perennius	Primary	On Treatment (Fresh)	82.61	scientia_et_sapientia
specimen	CTDC-PARTICIPANT-563302	CTDC-SPECIMEN-763455	FFPE Block	STOOL	scientia_et_labor	Metastatic	ON TREATMENT	731.78	nanos_gigantum_humeris_insidentes
specimen	CTDC-PARTICIPANT-449980	CTDC-SPECIMEN-271270	FORMALIN FIXED TISSUE	FORMALIN FIXED TISSUE	salus_in_arduis	Normal	Baseline (Fresh)	14.3	haec_olim_meminisse_iuvabit
specimen	CTDC-PARTICIPANT-449980	CTDC-SPECIMEN-736116	Bone Marrow Aspirate	Bone Marrow	salus_in_arduis	Adjacent Non-Tumor	PROGRESSION	877.31	saltus_in_demonstrando
specimen	CTDC-PARTICIPANT-863646	CTDC-SPECIMEN-240872	Stained Bone Marrow Aspirate Slide	OTHER BODILY FLUIDs	imperium_in_imperio	Adjacent Non-Tumor	PROGRESSION	204.89	Gallia_est_omnis_divisa_in_partes_tres
specimen	CTDC-PARTICIPANT-863646	CTDC-SPECIMEN-743677	EDTA Blood	Formalin Fixed Paraffin Embedded Tissue	barba_crescit_caput_nescit	Metastatic	Archival	249.46	scientia_et_sapientia
specimen	CTDC-PARTICIPANT-365305	CTDC-SPECIMEN-745541	Bone Marrow Aspirate	FORMALIN FIXED TISSUE	damnant_quod_non_intellegunt	Primary	Archival	470.84	id_quod_plerumque_accidit
specimen	CTDC-PARTICIPANT-365305	CTDC-SPECIMEN-537706	FFPE Block	BONE MARROW	cacatum_non_est_pictum	Normal	ON TREATMENT	183.28	sapiens_qui_prospicit
specimen	CTDC-PARTICIPANT-684111	CTDC-SPECIMEN-967345	Snap Frozen Tissue	BLOOD	scientia,_aere_perennius	Adjacent Non-Tumor	Archival	337.36	scientia_et_labor
specimen	CTDC-PARTICIPANT-684111	CTDC-SPECIMEN-522878	Stained Bone Marrow Aspirate Slide	URINE	Macte_animo_Generose_puer_sic_itur_ad_astra	Adjacent Non-Tumor	BASELINE	731.39	scientia,_aere_perennius
specimen	CTDC-PARTICIPANT-891914	CTDC-SPECIMEN-285433	FFPE Block	FROZEN TISSUE	Gallia_est_omnis_divisa_in_partes_tres	Primary	PROGRESSION	647.8	id_quod_plerumque_accidit
specimen	CTDC-PARTICIPANT-891914	CTDC-SPECIMEN-159742	Formalin Bone Marrow Biopsy	FORMALIN FIXED TISSUE	scientia,_aere_perennius	Metastatic	BASELINE	675.4	Obedientia_civium_urbis_felicitas
specimen	CTDC-PARTICIPANT-486601	CTDC-SPECIMEN-620829	Unstained Slide	FRESH TISSUE	scientia_et_sapientia	Primary	Post-Treatment (No progression)	603.35	labor_ipse_voluptas
specimen	CTDC-PARTICIPANT-486601	CTDC-SPECIMEN-489079	Stained Bone Marrow Aspirate Slide	FORMALIN FIXED TISSUE	scientia,_aere_perennius	Primary	ARCHIVAL	559.03	nascentes_morimur_finisque_ab_origine_pendet
specimen	CTDC-PARTICIPANT-531064	CTDC-SPECIMEN-238949	Snap Frozen Tissue	OTHER BODILY FLUIDs	imperium_in_imperio	Primary	ON TREATMENT	436.77	nascentes_morimur_finisque_ab_origine_pendet
specimen	CTDC-PARTICIPANT-531064	CTDC-SPECIMEN-512415	Streck Blood to VARI	CEREBROSPINAL FLUID	a_bene_placito	Primary	PROGRESSION	222.05	nanos_gigantum_humeris_insidentes
specimen	CTDC-PARTICIPANT-929629	CTDC-SPECIMEN-755740	Stained Bone Marrow Aspirate Slide	Formalin Fixed Paraffin Embedded Tissue	scientia,_aere_perennius	Primary	PROGRESSION	449.72	labor_ipse_voluptas
specimen	CTDC-PARTICIPANT-929629	CTDC-SPECIMEN-734379	Streck Blood to PDMR	Bone Marrow	scientia_et_sapientia	Metastatic	Post-Treatment (No progression)	639.07	haec_olim_meminisse_iuvabit
specimen	CTDC-PARTICIPANT-667747	CTDC-SPECIMEN-518022	Unstained Bone Marrow Aspirate Slide	BONE MARROW	id_quod_plerumque_accidit	Primary	Post-Treatment (No progression)	32.9	Gallia_est_omnis_divisa_in_partes_tres
specimen	CTDC-PARTICIPANT-667747	CTDC-SPECIMEN-799701	Streck Blood to VARI	Fresh Tissue	scientia_et_sapientia	Adjacent Non-Tumor	Post-Treatment (No progression)	438.55	a_bene_placito
specimen	CTDC-PARTICIPANT-270141	CTDC-SPECIMEN-233051	Fresh Tissue in Media to PDMR	BONE MARROW	faber_est_suae_quisque_fortunae	Normal	BASELINE	435.27	damnant_quod_non_intellegunt
specimen	CTDC-PARTICIPANT-270141	CTDC-SPECIMEN-271684	Fresh Tissue in Media to PDMR	Frozen Tissue	scientiae_cedit_mare	Primary	BASELINE	778.17	id_quod_plerumque_accidit
specimen	CTDC-PARTICIPANT-779049	CTDC-SPECIMEN-355065	Unstained Slide	OTHER BODILY FLUIDs	saltus_in_demonstrando	Metastatic	On Treatment (Fresh)	700.47	scientia_imperii_decus_et_tutamen
specimen	CTDC-PARTICIPANT-779049	CTDC-SPECIMEN-427058	Formalin Bone Marrow Biopsy	FORMALIN FIXED TISSUE	scientiae_et_patriae	Adjacent Non-Tumor	ARCHIVAL	555.77	barba_crescit_caput_nescit
specimen	CTDC-PARTICIPANT-297073	CTDC-SPECIMEN-406857	Streck Blood	FORMALIN FIXED PARAFFIN EMBEDDED TISSUE	scientia,_aere_perennius	Metastatic	On Treatment (Fresh)	217.58	cacatum_non_est_pictum
specimen	CTDC-PARTICIPANT-297073	CTDC-SPECIMEN-712389	Streck Blood	CEREBROSPINAL FLUID	haec_olim_meminisse_iuvabit	Primary	BASELINE	872.95	id_quod_plerumque_accidit
specimen	CTDC-PARTICIPANT-749799	CTDC-SPECIMEN-371948	Formalin Fixed Tissue	STOOL	scientia_et_sapientia	Metastatic	ARCHIVAL	111.39	scientia_et_labor
specimen	CTDC-PARTICIPANT-749799	CTDC-SPECIMEN-109046	EDTA Blood	BUCCAL CELL SAMPLE	scientiae_cedit_mare	Adjacent Non-Tumor	Baseline (Fresh)	290.91	sapiens_qui_prospicit
specimen	CTDC-PARTICIPANT-922401	CTDC-SPECIMEN-571859	EDTA Blood	Bone Marrow	Gallia_est_omnis_divisa_in_partes_tres	Primary	Post-Treatment (No progression)	469.39	scientiae_et_patriae
specimen	CTDC-PARTICIPANT-922401	CTDC-SPECIMEN-354947	FFPE Block	BLOOD	id_quod_plerumque_accidit	Primary	PROGRESSION	564.39	haec_olim_meminisse_iuvabit
specimen	CTDC-PARTICIPANT-382937	CTDC-SPECIMEN-446925	Stained Bone Marrow Aspirate Slide	BONE MARROW	e_causa_ignota	Normal	On Treatment (Fresh)	546.39	faber_est_suae_quisque_fortunae
specimen	CTDC-PARTICIPANT-382937	CTDC-SPECIMEN-620386	Formalin Bone Marrow Biopsy	STOOL	pace_tua	Primary	Post-Treatment (No progression)	624.21	imperium_in_imperio
specimen	CTDC-PARTICIPANT-294142	CTDC-SPECIMEN-601382	EDTA Blood	FORMALIN FIXED PARAFFIN EMBEDDED TISSUE	cacatum_non_est_pictum	Metastatic	ARCHIVAL	81.97	salus_in_arduis
specimen	CTDC-PARTICIPANT-294142	CTDC-SPECIMEN-831043	Bone Marrow Aspirate	Bone Marrow	cacatum_non_est_pictum	Normal	ARCHIVAL	875.55	labor_ipse_voluptas
specimen	CTDC-PARTICIPANT-690107	CTDC-SPECIMEN-650957	Fresh Tissue in Media to PDMR	Formalin Fixed Tissue	nanos_gigantum_humeris_insidentes	Primary	Baseline (Fresh)	854.7	scientia_et_sapientia
specimen	CTDC-PARTICIPANT-690107	CTDC-SPECIMEN-320829	Streck Blood	Bone Marrow	scientia_et_labor	Primary	BASELINE	299.12	faber_est_suae_quisque_fortunae
specimen	CTDC-PARTICIPANT-366120	CTDC-SPECIMEN-750168	Streck Blood	Formalin Fixed Tissue	barba_crescit_caput_nescit	Normal	ARCHIVAL	213.1	Macte_animo_Generose_puer_sic_itur_ad_astra
specimen	CTDC-PARTICIPANT-366120	CTDC-SPECIMEN-436431	FFPE Block	Blood	scientia,_aere_perennius	Adjacent Non-Tumor	Archival	980.97	labor_ipse_voluptas
specimen	CTDC-PARTICIPANT-638488	CTDC-SPECIMEN-331720	Bone Marrow Aspirate	FRESH TISSUE	a_bene_placito	Metastatic	BASELINE	835.62	scientia_et_sapientia
specimen	CTDC-PARTICIPANT-638488	CTDC-SPECIMEN-636063	Streck Blood	Formalin Fixed Paraffin Embedded Tissue	scientia_et_labor	Metastatic	BASELINE	926.35	nascentes_morimur_finisque_ab_origine_pendet
specimen	CTDC-PARTICIPANT-314138	CTDC-SPECIMEN-868824	Formalin Fixed Tissue	FROZEN TISSUE	O_Tite_tute_Tati_tibi_tanta_tyranne_tulisti	Normal	On Treatment (Fresh)	931.17	scientia_imperii_decus_et_tutamen
specimen	CTDC-PARTICIPANT-314138	CTDC-SPECIMEN-535686	Snap Frozen Tissue	Formalin Fixed Paraffin Embedded Tissue	scientia_et_sapientia	Primary	PROGRESSION	576.57	scientiae_et_patriae
specimen	CTDC-PARTICIPANT-938247	CTDC-SPECIMEN-464940	Bone Marrow Aspirate	SALIVA	haec_olim_meminisse_iuvabit	Adjacent Non-Tumor	ON TREATMENT	961.52	saltus_in_demonstrando
specimen	CTDC-PARTICIPANT-938247	CTDC-SPECIMEN-809436	Formalin Fixed Tissue	Frozen Tissue	Macte_animo_Generose_puer_sic_itur_ad_astra	Primary	Archival	911.72	scientiae_cedit_mare
specimen	CTDC-PARTICIPANT-791745	CTDC-SPECIMEN-371840	Fresh Tissue in Media to PDMR	BLOOD	saltus_in_demonstrando	Adjacent Non-Tumor	PROGRESSION	934.0	faber_est_suae_quisque_fortunae
specimen	CTDC-PARTICIPANT-791745	CTDC-SPECIMEN-711668	Unstained Bone Marrow Aspirate Slide	Bone Marrow	salus_in_arduis	Primary	Baseline (Fresh)	218.75	scientia_imperii_decus_et_tutamen
specimen	CTDC-PARTICIPANT-817733	CTDC-SPECIMEN-195949	Stained Bone Marrow Aspirate Slide	Frozen Tissue	cacatum_non_est_pictum	Adjacent Non-Tumor	BASELINE	708.01	salus_in_arduis
specimen	CTDC-PARTICIPANT-817733	CTDC-SPECIMEN-830376	Formalin Fixed Tissue	BUCCAL CELL SAMPLE	Obedientia_civium_urbis_felicitas	Primary	Post-Treatment (No progression)	588.59	sapiens_qui_prospicit
specimen	CTDC-PARTICIPANT-254156	CTDC-SPECIMEN-495498	FFPE Block	URINE	e_causa_ignota	Normal	Progression (Fresh)	64.64	O_Tite_tute_Tati_tibi_tanta_tyranne_tulisti
specimen	CTDC-PARTICIPANT-254156	CTDC-SPECIMEN-523778	Unstained Slide	Bone Marrow	damnant_quod_non_intellegunt	Normal	Archival	289.67	Gallia_est_omnis_divisa_in_partes_tres
specimen	CTDC-PARTICIPANT-207908	CTDC-SPECIMEN-675156	Bone Marrow Aspirate	Bone Marrow	scientia_et_labor	Primary	On Treatment (Fresh)	899.16	nanos_gigantum_humeris_insidentes
specimen	CTDC-PARTICIPANT-207908	CTDC-SPECIMEN-920668	Snap Frozen Tissue	STOOL	barba_crescit_caput_nescit	Primary	Baseline (Fresh)	358.09	cacatum_non_est_pictum
specimen	CTDC-PARTICIPANT-536513	CTDC-SPECIMEN-302575	Formalin Bone Marrow Biopsy	BONE MARROW	scientiae_et_patriae	Adjacent Non-Tumor	Archival	389.74	nascentes_morimur_finisque_ab_origine_pendet
specimen	CTDC-PARTICIPANT-536513	CTDC-SPECIMEN-739623	Cell Block	Frozen Tissue	nascentes_morimur_finisque_ab_origine_pendet	Normal	ON TREATMENT	208.18	salus_in_arduis
specimen	CTDC-PARTICIPANT-353582	CTDC-SPECIMEN-841624	Bone Marrow Aspirate	FROZEN TISSUE	scientia,_aere_perennius	Adjacent Non-Tumor	ON TREATMENT	214.79	salus_in_arduis
specimen	CTDC-PARTICIPANT-353582	CTDC-SPECIMEN-576161	Cell Block	BONE MARROW	scientiae_cedit_mare	Normal	BASELINE	981.36	scientiae_cedit_mare
specimen	CTDC-PARTICIPANT-970835	CTDC-SPECIMEN-189673	Formalin Bone Marrow Biopsy	FRESH TISSUE	pace_tua	Adjacent Non-Tumor	Archival	739.88	saltus_in_demonstrando
specimen	CTDC-PARTICIPANT-970835	CTDC-SPECIMEN-416896	Bone Marrow Aspirate	CEREBROSPINAL FLUID	Macte_animo_Generose_puer_sic_itur_ad_astra	Adjacent Non-Tumor	Baseline (Fresh)	817.19	saltus_in_demonstrando
specimen	CTDC-PARTICIPANT-380250	CTDC-SPECIMEN-237695	FORMALIN FIXED TISSUE	Bone Marrow	scientia_et_labor	Primary	Baseline (Fresh)	552.97	nanos_gigantum_humeris_insidentes
specimen	CTDC-PARTICIPANT-380250	CTDC-SPECIMEN-802427	Fresh Tissue in Media to PDMR	Formalin Fixed Tissue	labor_ipse_voluptas	Normal	Baseline (Fresh)	674.24	barba_crescit_caput_nescit
specimen	CTDC-PARTICIPANT-824360	CTDC-SPECIMEN-332116	Streck Blood to VARI	FROZEN TISSUE	nascentes_morimur_finisque_ab_origine_pendet	Normal	On Treatment (Fresh)	359.86	Gallia_est_omnis_divisa_in_partes_tres
specimen	CTDC-PARTICIPANT-824360	CTDC-SPECIMEN-582249	Streck Blood to VARI	OTHER BODILY FLUIDs	faber_est_suae_quisque_fortunae	Primary	Progression (Fresh)	987.51	sapiens_qui_prospicit
specimen	CTDC-PARTICIPANT-519155	CTDC-SPECIMEN-873992	Unstained Slide	STOOL	Macte_animo_Generose_puer_sic_itur_ad_astra	Adjacent Non-Tumor	PROGRESSION	850.55	sapiens_qui_prospicit
specimen	CTDC-PARTICIPANT-519155	CTDC-SPECIMEN-426361	Fresh Tissue in Media to PDMR	BONE MARROW	haec_olim_meminisse_iuvabit	Primary	Progression (Fresh)	718.05	haec_olim_meminisse_iuvabit
specimen	CTDC-PARTICIPANT-830585	CTDC-SPECIMEN-580917	Bone Marrow Aspirate	STOOL	saltus_in_demonstrando	Normal	Archival	910.51	nanos_gigantum_humeris_insidentes
specimen	CTDC-PARTICIPANT-830585	CTDC-SPECIMEN-907065	Snap Frozen Tissue	Bone Marrow	faber_est_suae_quisque_fortunae	Normal	Archival	62.02	id_quod_plerumque_accidit
specimen	CTDC-PARTICIPANT-641275	CTDC-SPECIMEN-674935	FFPE Block	FROZEN TISSUE	scientiae_cedit_mare	Normal	PROGRESSION	589.93	imperium_in_imperio
specimen	CTDC-PARTICIPANT-641275	CTDC-SPECIMEN-283646	Cell Block	FORMALIN FIXED TISSUE	id_quod_plerumque_accidit	Adjacent Non-Tumor	On Treatment (Fresh)	440.19	nanos_gigantum_humeris_insidentes
specimen	CTDC-PARTICIPANT-457741	CTDC-SPECIMEN-406149	Formalin Fixed Tissue	OTHER BODILY FLUIDs	scientiae_cedit_mare	Normal	Progression (Fresh)	791.24	e_causa_ignota
specimen	CTDC-PARTICIPANT-457741	CTDC-SPECIMEN-606475	Snap Frozen Tissue	BONE MARROW	O_Tite_tute_Tati_tibi_tanta_tyranne_tulisti	Metastatic	ARCHIVAL	258.33	scientiae_cedit_mare
specimen	CTDC-PARTICIPANT-523680	CTDC-SPECIMEN-452194	Streck Blood to PDMR	SALIVA	cacatum_non_est_pictum	Adjacent Non-Tumor	Archival	713.26	nascentes_morimur_finisque_ab_origine_pendet
specimen	CTDC-PARTICIPANT-523680	CTDC-SPECIMEN-700551	Formalin Bone Marrow Biopsy	Blood	labor_ipse_voluptas	Normal	Progression (Fresh)	277.01	id_quod_plerumque_accidit
specimen	CTDC-PARTICIPANT-234308	CTDC-SPECIMEN-142375	Fresh Tissue in Media to PDMR	CEREBROSPINAL FLUID	pace_tua	Metastatic	On Treatment (Fresh)	194.06	scientiae_cedit_mare
specimen	CTDC-PARTICIPANT-234308	CTDC-SPECIMEN-355018	EDTA Blood	Formalin Fixed Tissue	sapiens_qui_prospicit	Primary	Baseline (Fresh)	601.22	cacatum_non_est_pictum
specimen	CTDC-PARTICIPANT-432039	CTDC-SPECIMEN-449469	Streck Blood	BUCCAL CELL SAMPLE	scientiae_cedit_mare	Primary	ON TREATMENT	211.71	a_bene_placito
specimen	CTDC-PARTICIPANT-432039	CTDC-SPECIMEN-837434	Formalin Fixed Tissue	BLOOD	scientia,_aere_perennius	Metastatic	On Treatment (Fresh)	279.46	pace_tua
specimen	CTDC-PARTICIPANT-573467	CTDC-SPECIMEN-923009	Streck Blood	CEREBROSPINAL FLUID	Obedientia_civium_urbis_felicitas	Normal	BASELINE	197.29	damnant_quod_non_intellegunt
specimen	CTDC-PARTICIPANT-573467	CTDC-SPECIMEN-513916	Snap Frozen Tissue	Formalin Fixed Paraffin Embedded Tissue	O_Tite_tute_Tati_tibi_tanta_tyranne_tulisti	Normal	On Treatment (Fresh)	513.83	nanos_gigantum_humeris_insidentes
specimen	CTDC-PARTICIPANT-957799	CTDC-SPECIMEN-172572	FORMALIN FIXED TISSUE	Bone Marrow	cacatum_non_est_pictum	Metastatic	Baseline (Fresh)	728.57	scientia_imperii_decus_et_tutamen
specimen	CTDC-PARTICIPANT-957799	CTDC-SPECIMEN-457400	Streck Blood	CEREBROSPINAL FLUID	salus_in_arduis	Adjacent Non-Tumor	BASELINE	715.96	pace_tua
specimen	CTDC-PARTICIPANT-111060	CTDC-SPECIMEN-117545	Streck Blood	Fresh Tissue	pace_tua	Primary	ARCHIVAL	912.29	scientia_et_labor
specimen	CTDC-PARTICIPANT-111060	CTDC-SPECIMEN-572068	Streck Blood	Blood	pace_tua	Primary	BASELINE	84.52	cacatum_non_est_pictum
specimen	CTDC-PARTICIPANT-595441	CTDC-SPECIMEN-374799	Streck Blood to PDMR	FORMALIN FIXED PARAFFIN EMBEDDED TISSUE	scientia_et_sapientia	Adjacent Non-Tumor	ARCHIVAL	559.4	Macte_animo_Generose_puer_sic_itur_ad_astra
specimen	CTDC-PARTICIPANT-595441	CTDC-SPECIMEN-342497	Unstained Bone Marrow Aspirate Slide	FORMALIN FIXED TISSUE	scientia_imperii_decus_et_tutamen	Normal	PROGRESSION	21.65	labor_ipse_voluptas
specimen	CTDC-PARTICIPANT-541554	CTDC-SPECIMEN-807424	Unstained Bone Marrow Aspirate Slide	SALIVA	scientia_et_labor	Adjacent Non-Tumor	Baseline (Fresh)	997.57	cacatum_non_est_pictum
specimen	CTDC-PARTICIPANT-541554	CTDC-SPECIMEN-178365	Streck Blood to PDMR	FORMALIN FIXED TISSUE	Obedientia_civium_urbis_felicitas	Normal	Baseline (Fresh)	549.78	nanos_gigantum_humeris_insidentes
specimen	CTDC-PARTICIPANT-330696	CTDC-SPECIMEN-266591	FFPE Block	CEREBROSPINAL FLUID	nanos_gigantum_humeris_insidentes	Adjacent Non-Tumor	PROGRESSION	98.88	nanos_gigantum_humeris_insidentes
specimen	CTDC-PARTICIPANT-330696	CTDC-SPECIMEN-170824	Streck Blood	BONE MARROW	saltus_in_demonstrando	Metastatic	Baseline (Fresh)	399.31	scientia_et_labor
specimen	CTDC-PARTICIPANT-668935	CTDC-SPECIMEN-620461	EDTA Blood	BLOOD	sapiens_qui_prospicit	Normal	Archival	139.37	scientiae_et_patriae
specimen	CTDC-PARTICIPANT-668935	CTDC-SPECIMEN-169911	Formalin Fixed Tissue	URINE	salus_in_arduis	Primary	ARCHIVAL	671.77	scientia_et_sapientia
specimen	CTDC-PARTICIPANT-204363	CTDC-SPECIMEN-174490	EDTA Blood	Formalin Fixed Tissue	nanos_gigantum_humeris_insidentes	Adjacent Non-Tumor	On Treatment (Fresh)	718.4	e_causa_ignota
specimen	CTDC-PARTICIPANT-204363	CTDC-SPECIMEN-200512	Fresh Tissue in Media to PDMR	BONE MARROW	haec_olim_meminisse_iuvabit	Normal	PROGRESSION	657.08	Macte_animo_Generose_puer_sic_itur_ad_astra
specimen	CTDC-PARTICIPANT-340899	CTDC-SPECIMEN-950429	Cell Block	Frozen Tissue	nascentes_morimur_finisque_ab_origine_pendet	Metastatic	ON TREATMENT	843.31	scientia_imperii_decus_et_tutamen
specimen	CTDC-PARTICIPANT-340899	CTDC-SPECIMEN-796385	Unstained Bone Marrow Aspirate Slide	BLOOD	barba_crescit_caput_nescit	Adjacent Non-Tumor	On Treatment (Fresh)	799.28	Macte_animo_Generose_puer_sic_itur_ad_astra
specimen	CTDC-PARTICIPANT-129178	CTDC-SPECIMEN-238486	Streck Blood to VARI	Bone Marrow	salus_in_arduis	Primary	BASELINE	793.86	faber_est_suae_quisque_fortunae
specimen	CTDC-PARTICIPANT-129178	CTDC-SPECIMEN-269324	Streck Blood to VARI	FORMALIN FIXED TISSUE	a_bene_placito	Primary	On Treatment (Fresh)	619.61	id_quod_plerumque_accidit
specimen	CTDC-PARTICIPANT-701011	CTDC-SPECIMEN-312470	Unstained Bone Marrow Aspirate Slide	BUCCAL CELL SAMPLE	labor_ipse_voluptas	Metastatic	Post-Treatment (No progression)	219.01	pace_tua
specimen	CTDC-PARTICIPANT-701011	CTDC-SPECIMEN-446163	Cell Block	FRESH TISSUE	scientia_et_labor	Metastatic	Baseline (Fresh)	985.83	scientiae_et_patriae
specimen	CTDC-PARTICIPANT-530141	CTDC-SPECIMEN-955504	FORMALIN FIXED TISSUE	URINE	scientia,_aere_perennius	Adjacent Non-Tumor	ARCHIVAL	425.14	scientia,_aere_perennius
specimen	CTDC-PARTICIPANT-530141	CTDC-SPECIMEN-430083	Fresh Tissue in Media to PDMR	Frozen Tissue	saltus_in_demonstrando	Metastatic	Baseline (Fresh)	419.38	scientia_et_labor
specimen	CTDC-PARTICIPANT-707432	CTDC-SPECIMEN-535657	FFPE Block	BUCCAL CELL SAMPLE	Gallia_est_omnis_divisa_in_partes_tres	Adjacent Non-Tumor	Progression (Fresh)	187.38	scientiae_et_patriae
specimen	CTDC-PARTICIPANT-707432	CTDC-SPECIMEN-223423	Cell Block	FORMALIN FIXED TISSUE	pace_tua	Primary	PROGRESSION	39.9	Obedientia_civium_urbis_felicitas
specimen	CTDC-PARTICIPANT-960610	CTDC-SPECIMEN-424642	FORMALIN FIXED TISSUE	CEREBROSPINAL FLUID	cacatum_non_est_pictum	Primary	ON TREATMENT	309.44	sapiens_qui_prospicit
specimen	CTDC-PARTICIPANT-960610	CTDC-SPECIMEN-898020	Streck Blood to VARI	Fresh Tissue	a_bene_placito	Primary	Progression (Fresh)	335.82	id_quod_plerumque_accidit
specimen	CTDC-PARTICIPANT-353052	CTDC-SPECIMEN-311676	EDTA Blood	SALIVA	id_quod_plerumque_accidit	Metastatic	PROGRESSION	953.75	O_Tite_tute_Tati_tibi_tanta_tyranne_tulisti
specimen	CTDC-PARTICIPANT-353052	CTDC-SPECIMEN-337040	Streck Blood	Formalin Fixed Tissue	labor_ipse_voluptas	Normal	Archival	572.48	cacatum_non_est_pictum
specimen	CTDC-PARTICIPANT-259646	CTDC-SPECIMEN-799458	EDTA Blood	Bone Marrow	faber_est_suae_quisque_fortunae	Metastatic	Archival	445.54	cacatum_non_est_pictum
specimen	CTDC-PARTICIPANT-259646	CTDC-SPECIMEN-990959	Streck Blood to VARI	URINE	pace_tua	Primary	On Treatment (Fresh)	193.81	pace_tua
specimen	CTDC-PARTICIPANT-995400	CTDC-SPECIMEN-573754	Cell Block	BONE MARROW	a_bene_placito	Primary	Post-Treatment (No progression)	751.21	scientia_et_sapientia
specimen	CTDC-PARTICIPANT-995400	CTDC-SPECIMEN-325767	FORMALIN FIXED TISSUE	CEREBROSPINAL FLUID	nascentes_morimur_finisque_ab_origine_pendet	Normal	Archival	843.86	id_quod_plerumque_accidit
specimen	CTDC-PARTICIPANT-315263	CTDC-SPECIMEN-718077	FORMALIN FIXED TISSUE	Frozen Tissue	nanos_gigantum_humeris_insidentes	Metastatic	BASELINE	266.32	salus_in_arduis
specimen	CTDC-PARTICIPANT-315263	CTDC-SPECIMEN-874644	EDTA Blood	BONE MARROW	cacatum_non_est_pictum	Primary	Post-Treatment (No progression)	228.7	scientiae_cedit_mare
specimen	CTDC-PARTICIPANT-312873	CTDC-SPECIMEN-319742	Streck Blood	Blood	scientiae_et_patriae	Adjacent Non-Tumor	Progression (Fresh)	340.95	barba_crescit_caput_nescit
specimen	CTDC-PARTICIPANT-312873	CTDC-SPECIMEN-234696	Streck Blood to VARI	Formalin Fixed Paraffin Embedded Tissue	labor_ipse_voluptas	Adjacent Non-Tumor	PROGRESSION	267.61	salus_in_arduis
specimen	CTDC-PARTICIPANT-233585	CTDC-SPECIMEN-959377	Stained Bone Marrow Aspirate Slide	SALIVA	O_Tite_tute_Tati_tibi_tanta_tyranne_tulisti	Normal	Baseline (Fresh)	959.06	id_quod_plerumque_accidit
specimen	CTDC-PARTICIPANT-233585	CTDC-SPECIMEN-871641	Formalin Bone Marrow Biopsy	Fresh Tissue	e_causa_ignota	Primary	ARCHIVAL	221.88	barba_crescit_caput_nescit
specimen	CTDC-PARTICIPANT-665346	CTDC-SPECIMEN-728557	Unstained Bone Marrow Aspirate Slide	Formalin Fixed Paraffin Embedded Tissue	imperium_in_imperio	Metastatic	PROGRESSION	921.56	saltus_in_demonstrando
specimen	CTDC-PARTICIPANT-665346	CTDC-SPECIMEN-667462	Formalin Bone Marrow Biopsy	Formalin Fixed Tissue	scientia_et_sapientia	Normal	ON TREATMENT	669.45	Macte_animo_Generose_puer_sic_itur_ad_astra
specimen	CTDC-PARTICIPANT-141586	CTDC-SPECIMEN-389194	Formalin Fixed Tissue	FORMALIN FIXED TISSUE	imperium_in_imperio	Adjacent Non-Tumor	BASELINE	556.12	pace_tua
specimen	CTDC-PARTICIPANT-141586	CTDC-SPECIMEN-901506	EDTA Blood	URINE	haec_olim_meminisse_iuvabit	Normal	PROGRESSION	661.12	O_Tite_tute_Tati_tibi_tanta_tyranne_tulisti
specimen	CTDC-PARTICIPANT-855122	CTDC-SPECIMEN-636539	FFPE Block	OTHER BODILY FLUIDs	labor_ipse_voluptas	Metastatic	ARCHIVAL	413.19	cacatum_non_est_pictum
specimen	CTDC-PARTICIPANT-855122	CTDC-SPECIMEN-458757	FORMALIN FIXED TISSUE	BONE MARROW	barba_crescit_caput_nescit	Metastatic	On Treatment (Fresh)	633.45	scientiae_et_patriae
specimen	CTDC-PARTICIPANT-498655	CTDC-SPECIMEN-919297	EDTA Blood	STOOL	scientia_et_labor	Primary	On Treatment (Fresh)	786.6	nanos_gigantum_humeris_insidentes
specimen	CTDC-PARTICIPANT-498655	CTDC-SPECIMEN-564628	Streck Blood	SALIVA	imperium_in_imperio	Normal	Baseline (Fresh)	111.64	scientia,_aere_perennius
specimen	CTDC-PARTICIPANT-929749	CTDC-SPECIMEN-361523	Stained Bone Marrow Aspirate Slide	URINE	saltus_in_demonstrando	Adjacent Non-Tumor	Progression (Fresh)	460.15	scientia_et_labor
specimen	CTDC-PARTICIPANT-929749	CTDC-SPECIMEN-758060	Cell Block	Fresh Tissue	haec_olim_meminisse_iuvabit	Adjacent Non-Tumor	Progression (Fresh)	675.93	Macte_animo_Generose_puer_sic_itur_ad_astra
specimen	CTDC-PARTICIPANT-778982	CTDC-SPECIMEN-672838	Streck Blood to PDMR	CEREBROSPINAL FLUID	nanos_gigantum_humeris_insidentes	Primary	Post-Treatment (No progression)	987.78	e_causa_ignota
specimen	CTDC-PARTICIPANT-778982	CTDC-SPECIMEN-792804	FFPE Block	SALIVA	scientia_et_sapientia	Adjacent Non-Tumor	Archival	709.35	scientia,_aere_perennius
specimen	CTDC-PARTICIPANT-881373	CTDC-SPECIMEN-145446	Snap Frozen Tissue	Frozen Tissue	e_causa_ignota	Normal	ON TREATMENT	101.31	Gallia_est_omnis_divisa_in_partes_tres
specimen	CTDC-PARTICIPANT-881373	CTDC-SPECIMEN-914458	Cell Block	STOOL	scientiae_et_patriae	Normal	ARCHIVAL	548.73	Macte_animo_Generose_puer_sic_itur_ad_astra
specimen	CTDC-PARTICIPANT-632335	CTDC-SPECIMEN-816371	Snap Frozen Tissue	Fresh Tissue	scientia_et_labor	Primary	Progression (Fresh)	153.06	Macte_animo_Generose_puer_sic_itur_ad_astra
specimen	CTDC-PARTICIPANT-632335	CTDC-SPECIMEN-988487	FORMALIN FIXED TISSUE	STOOL	barba_crescit_caput_nescit	Normal	BASELINE	224.61	faber_est_suae_quisque_fortunae
specimen	CTDC-PARTICIPANT-374124	CTDC-SPECIMEN-800121	Streck Blood	BUCCAL CELL SAMPLE	scientia_et_labor	Normal	ON TREATMENT	891.39	labor_ipse_voluptas
specimen	CTDC-PARTICIPANT-374124	CTDC-SPECIMEN-175600	Fresh Tissue in Media to PDMR	CEREBROSPINAL FLUID	salus_in_arduis	Primary	Archival	666.46	scientia_imperii_decus_et_tutamen
specimen	CTDC-PARTICIPANT-585675	CTDC-SPECIMEN-172397	FORMALIN FIXED TISSUE	BLOOD	cacatum_non_est_pictum	Adjacent Non-Tumor	Post-Treatment (No progression)	703.33	scientia_imperii_decus_et_tutamen
specimen	CTDC-PARTICIPANT-585675	CTDC-SPECIMEN-141968	Unstained Bone Marrow Aspirate Slide	Blood	imperium_in_imperio	Normal	PROGRESSION	949.79	id_quod_plerumque_accidit
specimen	CTDC-PARTICIPANT-456060	CTDC-SPECIMEN-588347	Fresh Tissue in Media to PDMR	Formalin Fixed Paraffin Embedded Tissue	salus_in_arduis	Normal	ARCHIVAL	304.95	scientia_et_labor
specimen	CTDC-PARTICIPANT-456060	CTDC-SPECIMEN-327483	Fresh Tissue in Media to PDMR	Blood	scientiae_et_patriae	Adjacent Non-Tumor	Archival	934.26	a_bene_placito
specimen	CTDC-PARTICIPANT-413222	CTDC-SPECIMEN-284105	Formalin Fixed Tissue	OTHER BODILY FLUIDs	a_bene_placito	Normal	Baseline (Fresh)	738.74	Macte_animo_Generose_puer_sic_itur_ad_astra
specimen	CTDC-PARTICIPANT-413222	CTDC-SPECIMEN-205711	FORMALIN FIXED TISSUE	Formalin Fixed Tissue	cacatum_non_est_pictum	Adjacent Non-Tumor	ON TREATMENT	538.49	id_quod_plerumque_accidit
specimen	CTDC-PARTICIPANT-820287	CTDC-SPECIMEN-254637	Formalin Fixed Tissue	Frozen Tissue	Macte_animo_Generose_puer_sic_itur_ad_astra	Normal	ON TREATMENT	970.76	scientiae_cedit_mare
specimen	CTDC-PARTICIPANT-820287	CTDC-SPECIMEN-666515	Bone Marrow Aspirate	BUCCAL CELL SAMPLE	O_Tite_tute_Tati_tibi_tanta_tyranne_tulisti	Metastatic	Archival	226.34	nanos_gigantum_humeris_insidentes
specimen	CTDC-PARTICIPANT-731336	CTDC-SPECIMEN-612683	Streck Blood	Frozen Tissue	imperium_in_imperio	Primary	ARCHIVAL	172.03	haec_olim_meminisse_iuvabit
specimen	CTDC-PARTICIPANT-731336	CTDC-SPECIMEN-232096	FFPE Block	Blood	barba_crescit_caput_nescit	Primary	Progression (Fresh)	817.31	cacatum_non_est_pictum
specimen	CTDC-PARTICIPANT-872635	CTDC-SPECIMEN-940693	Bone Marrow Aspirate	FRESH TISSUE	id_quod_plerumque_accidit	Normal	On Treatment (Fresh)	224.29	labor_ipse_voluptas
specimen	CTDC-PARTICIPANT-872635	CTDC-SPECIMEN-241585	EDTA Blood	BONE MARROW	haec_olim_meminisse_iuvabit	Metastatic	Archival	768.56	scientia_et_sapientia
specimen	CTDC-PARTICIPANT-598811	CTDC-SPECIMEN-534464	Formalin Fixed Tissue	BUCCAL CELL SAMPLE	cacatum_non_est_pictum	Metastatic	PROGRESSION	554.08	imperium_in_imperio
specimen	CTDC-PARTICIPANT-598811	CTDC-SPECIMEN-969836	Cell Block	FORMALIN FIXED PARAFFIN EMBEDDED TISSUE	labor_ipse_voluptas	Primary	ARCHIVAL	243.42	pace_tua
specimen	CTDC-PARTICIPANT-694406	CTDC-SPECIMEN-691568	Fresh Tissue in Media to PDMR	SALIVA	labor_ipse_voluptas	Primary	Archival	189.79	faber_est_suae_quisque_fortunae
specimen	CTDC-PARTICIPANT-694406	CTDC-SPECIMEN-539174	Bone Marrow Aspirate	SALIVA	scientiae_cedit_mare	Metastatic	On Treatment (Fresh)	209.36	scientia_imperii_decus_et_tutamen
specimen	CTDC-PARTICIPANT-125315	CTDC-SPECIMEN-534214	FFPE Block	FROZEN TISSUE	sapiens_qui_prospicit	Normal	On Treatment (Fresh)	668.04	nascentes_morimur_finisque_ab_origine_pendet
specimen	CTDC-PARTICIPANT-125315	CTDC-SPECIMEN-729025	Streck Blood to PDMR	FORMALIN FIXED PARAFFIN EMBEDDED TISSUE	haec_olim_meminisse_iuvabit	Metastatic	ON TREATMENT	896.19	a_bene_placito
specimen	CTDC-PARTICIPANT-713422	CTDC-SPECIMEN-992392	Streck Blood	FRESH TISSUE	O_Tite_tute_Tati_tibi_tanta_tyranne_tulisti	Normal	BASELINE	426.13	salus_in_arduis
specimen	CTDC-PARTICIPANT-713422	CTDC-SPECIMEN-560163	Unstained Slide	CEREBROSPINAL FLUID	saltus_in_demonstrando	Normal	On Treatment (Fresh)	934.84	barba_crescit_caput_nescit
specimen	CTDC-PARTICIPANT-588711	CTDC-SPECIMEN-416824	Fresh Tissue in Media to PDMR	FROZEN TISSUE	id_quod_plerumque_accidit	Adjacent Non-Tumor	Progression (Fresh)	758.66	nanos_gigantum_humeris_insidentes
specimen	CTDC-PARTICIPANT-588711	CTDC-SPECIMEN-690665	Streck Blood	BONE MARROW	scientiae_cedit_mare	Primary	Progression (Fresh)	136.74	scientia,_aere_perennius
specimen	CTDC-PARTICIPANT-544291	CTDC-SPECIMEN-348188	Streck Blood	Bone Marrow	nanos_gigantum_humeris_insidentes	Metastatic	Archival	447.17	salus_in_arduis
specimen	CTDC-PARTICIPANT-544291	CTDC-SPECIMEN-138745	Streck Blood to VARI	FORMALIN FIXED TISSUE	salus_in_arduis	Normal	BASELINE	594.87	faber_est_suae_quisque_fortunae
specimen	CTDC-PARTICIPANT-315000	CTDC-SPECIMEN-935340	Stained Bone Marrow Aspirate Slide	Formalin Fixed Tissue	Macte_animo_Generose_puer_sic_itur_ad_astra	Adjacent Non-Tumor	Post-Treatment (No progression)	769.22	e_causa_ignota
specimen	CTDC-PARTICIPANT-315000	CTDC-SPECIMEN-501912	Cell Block	Formalin Fixed Tissue	scientia_et_labor	Primary	BASELINE	339.04	id_quod_plerumque_accidit
specimen	CTDC-PARTICIPANT-751219	CTDC-SPECIMEN-857538	Formalin Bone Marrow Biopsy	BLOOD	nascentes_morimur_finisque_ab_origine_pendet	Adjacent Non-Tumor	Baseline (Fresh)	900.06	scientiae_cedit_mare
specimen	CTDC-PARTICIPANT-751219	CTDC-SPECIMEN-842464	FORMALIN FIXED TISSUE	CEREBROSPINAL FLUID	pace_tua	Normal	BASELINE	973.6	Obedientia_civium_urbis_felicitas
specimen	CTDC-PARTICIPANT-688579	CTDC-SPECIMEN-829232	FORMALIN FIXED TISSUE	CEREBROSPINAL FLUID	faber_est_suae_quisque_fortunae	Adjacent Non-Tumor	On Treatment (Fresh)	872.77	scientia_et_sapientia
specimen	CTDC-PARTICIPANT-688579	CTDC-SPECIMEN-790944	Cell Block	STOOL	O_Tite_tute_Tati_tibi_tanta_tyranne_tulisti	Normal	On Treatment (Fresh)	173.26	nanos_gigantum_humeris_insidentes
specimen	CTDC-PARTICIPANT-508271	CTDC-SPECIMEN-190383	Streck Blood to PDMR	Bone Marrow	id_quod_plerumque_accidit	Primary	Progression (Fresh)	481.43	labor_ipse_voluptas
specimen	CTDC-PARTICIPANT-508271	CTDC-SPECIMEN-503431	Streck Blood	FRESH TISSUE	id_quod_plerumque_accidit	Primary	On Treatment (Fresh)	617.18	salus_in_arduis
specimen	CTDC-PARTICIPANT-283939	CTDC-SPECIMEN-106395	Stained Bone Marrow Aspirate Slide	CEREBROSPINAL FLUID	haec_olim_meminisse_iuvabit	Metastatic	PROGRESSION	854.36	imperium_in_imperio
specimen	CTDC-PARTICIPANT-283939	CTDC-SPECIMEN-949065	FORMALIN FIXED TISSUE	FORMALIN FIXED PARAFFIN EMBEDDED TISSUE	id_quod_plerumque_accidit	Primary	Archival	464.69	labor_ipse_voluptas
specimen	CTDC-PARTICIPANT-817899	CTDC-SPECIMEN-180757	EDTA Blood	CEREBROSPINAL FLUID	scientiae_cedit_mare	Adjacent Non-Tumor	ON TREATMENT	830.25	nascentes_morimur_finisque_ab_origine_pendet
specimen	CTDC-PARTICIPANT-817899	CTDC-SPECIMEN-779634	Fresh Tissue in Media to PDMR	Frozen Tissue	scientiae_cedit_mare	Metastatic	On Treatment (Fresh)	378.63	Obedientia_civium_urbis_felicitas
specimen	CTDC-PARTICIPANT-734618	CTDC-SPECIMEN-618357	Snap Frozen Tissue	Blood	sapiens_qui_prospicit	Normal	ON TREATMENT	612.71	imperium_in_imperio
specimen	CTDC-PARTICIPANT-734618	CTDC-SPECIMEN-144106	Stained Bone Marrow Aspirate Slide	BUCCAL CELL SAMPLE	Macte_animo_Generose_puer_sic_itur_ad_astra	Metastatic	ON TREATMENT	344.4	salus_in_arduis
specimen	CTDC-PARTICIPANT-687386	CTDC-SPECIMEN-893994	Fresh Tissue in Media to PDMR	FRESH TISSUE	scientia_et_sapientia	Primary	On Treatment (Fresh)	385.35	a_bene_placito
specimen	CTDC-PARTICIPANT-687386	CTDC-SPECIMEN-728587	FFPE Block	CEREBROSPINAL FLUID	faber_est_suae_quisque_fortunae	Primary	Post-Treatment (No progression)	306.61	scientia,_aere_perennius
specimen	CTDC-PARTICIPANT-167854	CTDC-SPECIMEN-569255	Unstained Slide	CEREBROSPINAL FLUID	Gallia_est_omnis_divisa_in_partes_tres	Primary	ARCHIVAL	71.37	scientiae_et_patriae
specimen	CTDC-PARTICIPANT-167854	CTDC-SPECIMEN-983361	Streck Blood to PDMR	FRESH TISSUE	damnant_quod_non_intellegunt	Adjacent Non-Tumor	Progression (Fresh)	158.82	scientiae_cedit_mare
specimen	CTDC-PARTICIPANT-710214	CTDC-SPECIMEN-736261	Unstained Bone Marrow Aspirate Slide	Blood	saltus_in_demonstrando	Normal	ON TREATMENT	741.21	faber_est_suae_quisque_fortunae
specimen	CTDC-PARTICIPANT-710214	CTDC-SPECIMEN-658458	Fresh Tissue in Media to PDMR	BONE MARROW	scientia,_aere_perennius	Primary	ON TREATMENT	389.84	Gallia_est_omnis_divisa_in_partes_tres
specimen	CTDC-PARTICIPANT-438817	CTDC-SPECIMEN-207739	Streck Blood	BUCCAL CELL SAMPLE	scientia_et_sapientia	Primary	BASELINE	85.52	scientia_et_sapientia
specimen	CTDC-PARTICIPANT-438817	CTDC-SPECIMEN-757028	Bone Marrow Aspirate	Frozen Tissue	haec_olim_meminisse_iuvabit	Primary	Progression (Fresh)	406.84	scientia_et_sapientia
specimen	CTDC-PARTICIPANT-492236	CTDC-SPECIMEN-351951	Stained Bone Marrow Aspirate Slide	STOOL	faber_est_suae_quisque_fortunae	Metastatic	BASELINE	828.07	e_causa_ignota
specimen	CTDC-PARTICIPANT-492236	CTDC-SPECIMEN-890874	Streck Blood to PDMR	Frozen Tissue	scientiae_cedit_mare	Metastatic	Archival	696.3	O_Tite_tute_Tati_tibi_tanta_tyranne_tulisti
specimen	CTDC-PARTICIPANT-831175	CTDC-SPECIMEN-578699	Streck Blood	Formalin Fixed Paraffin Embedded Tissue	faber_est_suae_quisque_fortunae	Adjacent Non-Tumor	On Treatment (Fresh)	108.36	salus_in_arduis
specimen	CTDC-PARTICIPANT-831175	CTDC-SPECIMEN-480496	Cell Block	Frozen Tissue	scientiae_cedit_mare	Metastatic	ARCHIVAL	29.37	pace_tua
specimen	CTDC-PARTICIPANT-164613	CTDC-SPECIMEN-750289	Stained Bone Marrow Aspirate Slide	Bone Marrow	sapiens_qui_prospicit	Primary	ARCHIVAL	466.72	salus_in_arduis
specimen	CTDC-PARTICIPANT-164613	CTDC-SPECIMEN-534888	FFPE Block	FROZEN TISSUE	imperium_in_imperio	Primary	Baseline (Fresh)	297.12	faber_est_suae_quisque_fortunae
specimen	CTDC-PARTICIPANT-297317	CTDC-SPECIMEN-839930	Fresh Tissue in Media to PDMR	Formalin Fixed Paraffin Embedded Tissue	faber_est_suae_quisque_fortunae	Primary	On Treatment (Fresh)	730.52	nanos_gigantum_humeris_insidentes
specimen	CTDC-PARTICIPANT-297317	CTDC-SPECIMEN-811178	Stained Bone Marrow Aspirate Slide	BUCCAL CELL SAMPLE	haec_olim_meminisse_iuvabit	Normal	Post-Treatment (No progression)	974.98	Macte_animo_Generose_puer_sic_itur_ad_astra
specimen	CTDC-PARTICIPANT-694822	CTDC-SPECIMEN-525194	EDTA Blood	FORMALIN FIXED PARAFFIN EMBEDDED TISSUE	scientia_imperii_decus_et_tutamen	Adjacent Non-Tumor	PROGRESSION	423.01	scientia_imperii_decus_et_tutamen
specimen	CTDC-PARTICIPANT-694822	CTDC-SPECIMEN-740548	Formalin Fixed Tissue	CEREBROSPINAL FLUID	nascentes_morimur_finisque_ab_origine_pendet	Metastatic	BASELINE	250.77	Gallia_est_omnis_divisa_in_partes_tres
specimen	CTDC-PARTICIPANT-817795	CTDC-SPECIMEN-625837	FFPE Block	BONE MARROW	nanos_gigantum_humeris_insidentes	Metastatic	ARCHIVAL	721.19	faber_est_suae_quisque_fortunae
specimen	CTDC-PARTICIPANT-817795	CTDC-SPECIMEN-910431	Stained Bone Marrow Aspirate Slide	FORMALIN FIXED PARAFFIN EMBEDDED TISSUE	haec_olim_meminisse_iuvabit	Adjacent Non-Tumor	Progression (Fresh)	934.41	pace_tua
specimen	CTDC-PARTICIPANT-907386	CTDC-SPECIMEN-963451	FFPE Block	FORMALIN FIXED PARAFFIN EMBEDDED TISSUE	haec_olim_meminisse_iuvabit	Metastatic	Baseline (Fresh)	960.67	salus_in_arduis
specimen	CTDC-PARTICIPANT-907386	CTDC-SPECIMEN-303231	Bone Marrow Aspirate	BLOOD	saltus_in_demonstrando	Normal	On Treatment (Fresh)	330.06	imperium_in_imperio
specimen	CTDC-PARTICIPANT-555289	CTDC-SPECIMEN-708799	FFPE Block	CEREBROSPINAL FLUID	O_Tite_tute_Tati_tibi_tanta_tyranne_tulisti	Primary	PROGRESSION	989.58	e_causa_ignota
specimen	CTDC-PARTICIPANT-555289	CTDC-SPECIMEN-723396	Unstained Bone Marrow Aspirate Slide	OTHER BODILY FLUIDs	cacatum_non_est_pictum	Metastatic	ON TREATMENT	932.44	cacatum_non_est_pictum
specimen	CTDC-PARTICIPANT-849475	CTDC-SPECIMEN-356902	Streck Blood	Bone Marrow	scientiae_et_patriae	Normal	Progression (Fresh)	279.25	labor_ipse_voluptas
specimen	CTDC-PARTICIPANT-849475	CTDC-SPECIMEN-245589	EDTA Blood	Formalin Fixed Paraffin Embedded Tissue	scientia,_aere_perennius	Normal	Archival	347.44	nanos_gigantum_humeris_insidentes
specimen	CTDC-PARTICIPANT-950504	CTDC-SPECIMEN-554019	Fresh Tissue in Media to PDMR	OTHER BODILY FLUIDs	pace_tua	Primary	ON TREATMENT	723.31	Obedientia_civium_urbis_felicitas
specimen	CTDC-PARTICIPANT-950504	CTDC-SPECIMEN-490098	Streck Blood to PDMR	STOOL	nascentes_morimur_finisque_ab_origine_pendet	Adjacent Non-Tumor	BASELINE	415.74	Macte_animo_Generose_puer_sic_itur_ad_astra
specimen	CTDC-PARTICIPANT-356630	CTDC-SPECIMEN-288411	Streck Blood	URINE	scientia_et_sapientia	Primary	Progression (Fresh)	652.44	saltus_in_demonstrando
specimen	CTDC-PARTICIPANT-356630	CTDC-SPECIMEN-299903	Bone Marrow Aspirate	BLOOD	scientia_et_sapientia	Normal	Post-Treatment (No progression)	66.89	O_Tite_tute_Tati_tibi_tanta_tyranne_tulisti
specimen	CTDC-PARTICIPANT-997361	CTDC-SPECIMEN-949849	EDTA Blood	FROZEN TISSUE	imperium_in_imperio	Normal	Post-Treatment (No progression)	35.8	barba_crescit_caput_nescit
specimen	CTDC-PARTICIPANT-997361	CTDC-SPECIMEN-581664	Bone Marrow Aspirate	Blood	e_causa_ignota	Adjacent Non-Tumor	Post-Treatment (No progression)	200.93	Gallia_est_omnis_divisa_in_partes_tres
specimen	CTDC-PARTICIPANT-904557	CTDC-SPECIMEN-175064	EDTA Blood	Formalin Fixed Tissue	Macte_animo_Generose_puer_sic_itur_ad_astra	Adjacent Non-Tumor	PROGRESSION	473.39	scientia,_aere_perennius
specimen	CTDC-PARTICIPANT-904557	CTDC-SPECIMEN-446938	FFPE Block	BLOOD	e_causa_ignota	Metastatic	Baseline (Fresh)	999.68	scientia_imperii_decus_et_tutamen
specimen	CTDC-PARTICIPANT-442456	CTDC-SPECIMEN-913387	FFPE Block	FRESH TISSUE	id_quod_plerumque_accidit	Adjacent Non-Tumor	ARCHIVAL	247.44	scientiae_et_patriae
specimen	CTDC-PARTICIPANT-442456	CTDC-SPECIMEN-658528	Fresh Tissue in Media to PDMR	SALIVA	pace_tua	Primary	Archival	926.22	damnant_quod_non_intellegunt
specimen	CTDC-PARTICIPANT-350920	CTDC-SPECIMEN-339453	Formalin Fixed Tissue	BLOOD	scientia,_aere_perennius	Adjacent Non-Tumor	BASELINE	47.6	nascentes_morimur_finisque_ab_origine_pendet
specimen	CTDC-PARTICIPANT-350920	CTDC-SPECIMEN-956837	Cell Block	URINE	haec_olim_meminisse_iuvabit	Adjacent Non-Tumor	Progression (Fresh)	197.08	Gallia_est_omnis_divisa_in_partes_tres
specimen	CTDC-PARTICIPANT-384798	CTDC-SPECIMEN-785725	FFPE Block	Formalin Fixed Paraffin Embedded Tissue	Macte_animo_Generose_puer_sic_itur_ad_astra	Metastatic	ARCHIVAL	201.84	scientiae_et_patriae
specimen	CTDC-PARTICIPANT-384798	CTDC-SPECIMEN-778046	Stained Bone Marrow Aspirate Slide	SALIVA	id_quod_plerumque_accidit	Adjacent Non-Tumor	Progression (Fresh)	336.46	labor_ipse_voluptas
specimen	CTDC-PARTICIPANT-241999	CTDC-SPECIMEN-497423	Fresh Tissue in Media to PDMR	FORMALIN FIXED TISSUE	scientia_et_sapientia	Adjacent Non-Tumor	ARCHIVAL	978.05	cacatum_non_est_pictum
specimen	CTDC-PARTICIPANT-241999	CTDC-SPECIMEN-126544	Stained Bone Marrow Aspirate Slide	SALIVA	Obedientia_civium_urbis_felicitas	Primary	Baseline (Fresh)	371.66	scientia,_aere_perennius
specimen	CTDC-PARTICIPANT-320397	CTDC-SPECIMEN-522934	EDTA Blood	Bone Marrow	sapiens_qui_prospicit	Adjacent Non-Tumor	ON TREATMENT	399.86	haec_olim_meminisse_iuvabit
specimen	CTDC-PARTICIPANT-320397	CTDC-SPECIMEN-587104	Snap Frozen Tissue	BLOOD	saltus_in_demonstrando	Metastatic	Post-Treatment (No progression)	876.2	cacatum_non_est_pictum
specimen	CTDC-PARTICIPANT-343299	CTDC-SPECIMEN-612857	Unstained Slide	Bone Marrow	barba_crescit_caput_nescit	Normal	BASELINE	425.99	scientiae_cedit_mare
specimen	CTDC-PARTICIPANT-343299	CTDC-SPECIMEN-270282	Formalin Bone Marrow Biopsy	URINE	scientiae_cedit_mare	Metastatic	PROGRESSION	165.81	barba_crescit_caput_nescit
specimen	CTDC-PARTICIPANT-559279	CTDC-SPECIMEN-603594	Unstained Slide	FRESH TISSUE	nanos_gigantum_humeris_insidentes	Adjacent Non-Tumor	On Treatment (Fresh)	323.59	faber_est_suae_quisque_fortunae
specimen	CTDC-PARTICIPANT-559279	CTDC-SPECIMEN-703257	EDTA Blood	FRESH TISSUE	scientiae_et_patriae	Metastatic	On Treatment (Fresh)	855.88	scientiae_cedit_mare
specimen	CTDC-PARTICIPANT-588655	CTDC-SPECIMEN-101793	Snap Frozen Tissue	Blood	id_quod_plerumque_accidit	Adjacent Non-Tumor	On Treatment (Fresh)	247.32	haec_olim_meminisse_iuvabit
specimen	CTDC-PARTICIPANT-588655	CTDC-SPECIMEN-604387	Stained Bone Marrow Aspirate Slide	Formalin Fixed Paraffin Embedded Tissue	O_Tite_tute_Tati_tibi_tanta_tyranne_tulisti	Primary	ARCHIVAL	484.75	scientia_et_sapientia
specimen	CTDC-PARTICIPANT-941268	CTDC-SPECIMEN-727860	Fresh Tissue in Media to PDMR	FORMALIN FIXED TISSUE	scientia_imperii_decus_et_tutamen	Primary	BASELINE	656.17	O_Tite_tute_Tati_tibi_tanta_tyranne_tulisti
specimen	CTDC-PARTICIPANT-941268	CTDC-SPECIMEN-559471	Cell Block	Fresh Tissue	imperium_in_imperio	Metastatic	PROGRESSION	141.89	pace_tua
specimen	CTDC-PARTICIPANT-114882	CTDC-SPECIMEN-392745	Cell Block	Bone Marrow	e_causa_ignota	Normal	On Treatment (Fresh)	494.06	scientia_imperii_decus_et_tutamen
specimen	CTDC-PARTICIPANT-114882	CTDC-SPECIMEN-577615	Unstained Slide	Bone Marrow	id_quod_plerumque_accidit	Primary	Post-Treatment (No progression)	278.32	salus_in_arduis
specimen	CTDC-PARTICIPANT-421806	CTDC-SPECIMEN-405613	Formalin Fixed Tissue	FORMALIN FIXED TISSUE	salus_in_arduis	Primary	Archival	315.0	cacatum_non_est_pictum
specimen	CTDC-PARTICIPANT-421806	CTDC-SPECIMEN-430712	Unstained Slide	BUCCAL CELL SAMPLE	scientia_imperii_decus_et_tutamen	Primary	Post-Treatment (No progression)	266.08	nanos_gigantum_humeris_insidentes
specimen	CTDC-PARTICIPANT-831231	CTDC-SPECIMEN-321544	Streck Blood	SALIVA	saltus_in_demonstrando	Adjacent Non-Tumor	ON TREATMENT	491.38	imperium_in_imperio
specimen	CTDC-PARTICIPANT-831231	CTDC-SPECIMEN-670068	Cell Block	FORMALIN FIXED TISSUE	scientia_et_labor	Metastatic	PROGRESSION	173.06	imperium_in_imperio
specimen	CTDC-PARTICIPANT-403816	CTDC-SPECIMEN-519619	Streck Blood to VARI	OTHER BODILY FLUIDs	e_causa_ignota	Primary	On Treatment (Fresh)	790.71	saltus_in_demonstrando
specimen	CTDC-PARTICIPANT-403816	CTDC-SPECIMEN-216395	Bone Marrow Aspirate	FORMALIN FIXED PARAFFIN EMBEDDED TISSUE	sapiens_qui_prospicit	Adjacent Non-Tumor	BASELINE	20.23	nanos_gigantum_humeris_insidentes
specimen	CTDC-PARTICIPANT-662249	CTDC-SPECIMEN-219946	Unstained Bone Marrow Aspirate Slide	FORMALIN FIXED PARAFFIN EMBEDDED TISSUE	salus_in_arduis	Metastatic	ARCHIVAL	334.67	labor_ipse_voluptas
specimen	CTDC-PARTICIPANT-662249	CTDC-SPECIMEN-433095	FORMALIN FIXED TISSUE	Blood	imperium_in_imperio	Adjacent Non-Tumor	Baseline (Fresh)	746.45	haec_olim_meminisse_iuvabit
specimen	CTDC-PARTICIPANT-633930	CTDC-SPECIMEN-658016	Formalin Bone Marrow Biopsy	CEREBROSPINAL FLUID	Macte_animo_Generose_puer_sic_itur_ad_astra	Primary	BASELINE	262.62	pace_tua
specimen	CTDC-PARTICIPANT-633930	CTDC-SPECIMEN-709643	Fresh Tissue in Media to PDMR	Formalin Fixed Tissue	saltus_in_demonstrando	Adjacent Non-Tumor	PROGRESSION	68.39	haec_olim_meminisse_iuvabit
specimen	CTDC-PARTICIPANT-100511	CTDC-SPECIMEN-120097	Formalin Fixed Tissue	CEREBROSPINAL FLUID	nanos_gigantum_humeris_insidentes	Normal	Post-Treatment (No progression)	820.39	faber_est_suae_quisque_fortunae
specimen	CTDC-PARTICIPANT-100511	CTDC-SPECIMEN-216315	Stained Bone Marrow Aspirate Slide	OTHER BODILY FLUIDs	scientia_et_labor	Adjacent Non-Tumor	Archival	730.98	scientia_imperii_decus_et_tutamen
specimen	CTDC-PARTICIPANT-242408	CTDC-SPECIMEN-379148	Unstained Bone Marrow Aspirate Slide	SALIVA	Obedientia_civium_urbis_felicitas	Metastatic	Post-Treatment (No progression)	499.28	haec_olim_meminisse_iuvabit
specimen	CTDC-PARTICIPANT-242408	CTDC-SPECIMEN-386950	Formalin Bone Marrow Biopsy	Frozen Tissue	salus_in_arduis	Adjacent Non-Tumor	Post-Treatment (No progression)	420.19	saltus_in_demonstrando
specimen	CTDC-PARTICIPANT-431828	CTDC-SPECIMEN-798185	Streck Blood to VARI	Blood	saltus_in_demonstrando	Adjacent Non-Tumor	Archival	417.36	damnant_quod_non_intellegunt
specimen	CTDC-PARTICIPANT-431828	CTDC-SPECIMEN-996616	Cell Block	STOOL	a_bene_placito	Metastatic	Baseline (Fresh)	564.77	imperium_in_imperio
specimen	CTDC-PARTICIPANT-758307	CTDC-SPECIMEN-727055	Formalin Bone Marrow Biopsy	BUCCAL CELL SAMPLE	salus_in_arduis	Normal	ON TREATMENT	477.57	salus_in_arduis
specimen	CTDC-PARTICIPANT-758307	CTDC-SPECIMEN-140289	Fresh Tissue in Media to PDMR	FRESH TISSUE	nanos_gigantum_humeris_insidentes	Normal	On Treatment (Fresh)	284.45	Obedientia_civium_urbis_felicitas
specimen	CTDC-PARTICIPANT-968512	CTDC-SPECIMEN-929278	Unstained Slide	FROZEN TISSUE	a_bene_placito	Primary	ARCHIVAL	641.85	imperium_in_imperio
specimen	CTDC-PARTICIPANT-968512	CTDC-SPECIMEN-319205	Cell Block	FORMALIN FIXED TISSUE	O_Tite_tute_Tati_tibi_tanta_tyranne_tulisti	Metastatic	PROGRESSION	132.89	scientia,_aere_perennius
specimen	CTDC-PARTICIPANT-642052	CTDC-SPECIMEN-494120	EDTA Blood	Frozen Tissue	scientia_imperii_decus_et_tutamen	Metastatic	ARCHIVAL	964.46	barba_crescit_caput_nescit
specimen	CTDC-PARTICIPANT-642052	CTDC-SPECIMEN-647684	FORMALIN FIXED TISSUE	FORMALIN FIXED PARAFFIN EMBEDDED TISSUE	Macte_animo_Generose_puer_sic_itur_ad_astra	Metastatic	ON TREATMENT	651.96	cacatum_non_est_pictum
specimen	CTDC-PARTICIPANT-979933	CTDC-SPECIMEN-860813	Formalin Fixed Tissue	BLOOD	e_causa_ignota	Normal	Baseline (Fresh)	641.61	scientia_et_labor
specimen	CTDC-PARTICIPANT-979933	CTDC-SPECIMEN-704472	Unstained Slide	URINE	Gallia_est_omnis_divisa_in_partes_tres	Adjacent Non-Tumor	Baseline (Fresh)	547.63	faber_est_suae_quisque_fortunae
