type	participant.participant_id	specimen_record_id	specimen_type	specimen_category	anatomical_collection_site	tissue_category	assessment_timepoint	collection_date	crdc_id
specimen	CTDC-PARTICIPANT-255086	CTDC-SPECIMEN-896976	Streck Blood to VARI	SALIVA	Obedientia_civium_urbis_felicitas	Primary	Baseline (Fresh)	510.34	damnant_quod_non_intellegunt
specimen	CTDC-PARTICIPANT-255086	CTDC-SPECIMEN-466493	Bone Marrow Aspirate	Frozen Tissue	id_quod_plerumque_accidit	Metastatic	BASELINE	239.56	nascentes_morimur_finisque_ab_origine_pendet
specimen	CTDC-PARTICIPANT-214681	CTDC-SPECIMEN-334159	EDTA Blood	FRESH TISSUE	scientia_et_labor	Metastatic	Archival	229.87	scientia_et_sapientia
specimen	CTDC-PARTICIPANT-214681	CTDC-SPECIMEN-201428	Fresh Tissue in Media to PDMR	Blood	haec_olim_meminisse_iuvabit	Primary	BASELINE	341.53	O_Tite_tute_Tati_tibi_tanta_tyranne_tulisti
specimen	CTDC-PARTICIPANT-660575	CTDC-SPECIMEN-759086	Streck Blood	FORMALIN FIXED PARAFFIN EMBEDDED TISSUE	id_quod_plerumque_accidit	Primary	Progression (Fresh)	189.55	e_causa_ignota
specimen	CTDC-PARTICIPANT-660575	CTDC-SPECIMEN-310006	Stained Bone Marrow Aspirate Slide	Blood	sapiens_qui_prospicit	Primary	Baseline (Fresh)	109.95	O_Tite_tute_Tati_tibi_tanta_tyranne_tulisti
specimen	CTDC-PARTICIPANT-518364	CTDC-SPECIMEN-566521	Snap Frozen Tissue	FROZEN TISSUE	salus_in_arduis	Primary	Baseline (Fresh)	168.27	salus_in_arduis
specimen	CTDC-PARTICIPANT-518364	CTDC-SPECIMEN-177509	Snap Frozen Tissue	BLOOD	a_bene_placito	Normal	On Treatment (Fresh)	735.65	scientiae_cedit_mare
specimen	CTDC-PARTICIPANT-701612	CTDC-SPECIMEN-824701	Cell Block	BUCCAL CELL SAMPLE	faber_est_suae_quisque_fortunae	Normal	On Treatment (Fresh)	903.54	labor_ipse_voluptas
specimen	CTDC-PARTICIPANT-701612	CTDC-SPECIMEN-329546	Streck Blood to PDMR	Blood	damnant_quod_non_intellegunt	Primary	Baseline (Fresh)	795.05	Gallia_est_omnis_divisa_in_partes_tres
specimen	CTDC-PARTICIPANT-637495	CTDC-SPECIMEN-549155	FORMALIN FIXED TISSUE	FROZEN TISSUE	Gallia_est_omnis_divisa_in_partes_tres	Primary	ON TREATMENT	762.07	damnant_quod_non_intellegunt
specimen	CTDC-PARTICIPANT-637495	CTDC-SPECIMEN-377978	Bone Marrow Aspirate	Fresh Tissue	scientia,_aere_perennius	Normal	BASELINE	81.92	a_bene_placito
specimen	CTDC-PARTICIPANT-390274	CTDC-SPECIMEN-691047	Formalin Bone Marrow Biopsy	FORMALIN FIXED TISSUE	faber_est_suae_quisque_fortunae	Primary	ARCHIVAL	241.67	Obedientia_civium_urbis_felicitas
specimen	CTDC-PARTICIPANT-390274	CTDC-SPECIMEN-542243	Unstained Bone Marrow Aspirate Slide	FORMALIN FIXED PARAFFIN EMBEDDED TISSUE	O_Tite_tute_Tati_tibi_tanta_tyranne_tulisti	Metastatic	Progression (Fresh)	768.17	nascentes_morimur_finisque_ab_origine_pendet
specimen	CTDC-PARTICIPANT-605060	CTDC-SPECIMEN-952089	Streck Blood to PDMR	Fresh Tissue	Obedientia_civium_urbis_felicitas	Normal	Archival	690.1	sapiens_qui_prospicit
specimen	CTDC-PARTICIPANT-605060	CTDC-SPECIMEN-521462	Stained Bone Marrow Aspirate Slide	CEREBROSPINAL FLUID	salus_in_arduis	Primary	ON TREATMENT	957.89	imperium_in_imperio
specimen	CTDC-PARTICIPANT-955678	CTDC-SPECIMEN-603516	Streck Blood to PDMR	FORMALIN FIXED PARAFFIN EMBEDDED TISSUE	Obedientia_civium_urbis_felicitas	Metastatic	PROGRESSION	18.96	Gallia_est_omnis_divisa_in_partes_tres
specimen	CTDC-PARTICIPANT-955678	CTDC-SPECIMEN-266222	Unstained Bone Marrow Aspirate Slide	Fresh Tissue	Macte_animo_Generose_puer_sic_itur_ad_astra	Primary	Archival	84.07	O_Tite_tute_Tati_tibi_tanta_tyranne_tulisti
specimen	CTDC-PARTICIPANT-787508	CTDC-SPECIMEN-819312	Cell Block	URINE	damnant_quod_non_intellegunt	Metastatic	Progression (Fresh)	918.71	haec_olim_meminisse_iuvabit
specimen	CTDC-PARTICIPANT-787508	CTDC-SPECIMEN-185962	FFPE Block	Bone Marrow	scientia_et_labor	Primary	ON TREATMENT	134.88	nascentes_morimur_finisque_ab_origine_pendet
specimen	CTDC-PARTICIPANT-796466	CTDC-SPECIMEN-437873	Stained Bone Marrow Aspirate Slide	SALIVA	sapiens_qui_prospicit	Metastatic	Baseline (Fresh)	305.84	saltus_in_demonstrando
specimen	CTDC-PARTICIPANT-796466	CTDC-SPECIMEN-617439	FFPE Block	CEREBROSPINAL FLUID	scientia_imperii_decus_et_tutamen	Primary	Baseline (Fresh)	964.18	scientia_et_labor
specimen	CTDC-PARTICIPANT-249606	CTDC-SPECIMEN-913303	Unstained Bone Marrow Aspirate Slide	CEREBROSPINAL FLUID	O_Tite_tute_Tati_tibi_tanta_tyranne_tulisti	Metastatic	Baseline (Fresh)	558.36	saltus_in_demonstrando
specimen	CTDC-PARTICIPANT-249606	CTDC-SPECIMEN-869308	Unstained Bone Marrow Aspirate Slide	Blood	salus_in_arduis	Primary	ON TREATMENT	658.01	damnant_quod_non_intellegunt
specimen	CTDC-PARTICIPANT-829468	CTDC-SPECIMEN-580665	Snap Frozen Tissue	FORMALIN FIXED TISSUE	Gallia_est_omnis_divisa_in_partes_tres	Adjacent Non-Tumor	Progression (Fresh)	184.77	Obedientia_civium_urbis_felicitas
specimen	CTDC-PARTICIPANT-829468	CTDC-SPECIMEN-168276	Formalin Fixed Tissue	Blood	nascentes_morimur_finisque_ab_origine_pendet	Normal	Baseline (Fresh)	14.14	barba_crescit_caput_nescit
specimen	CTDC-PARTICIPANT-797911	CTDC-SPECIMEN-574909	Bone Marrow Aspirate	OTHER BODILY FLUIDs	Obedientia_civium_urbis_felicitas	Primary	Post-Treatment (No progression)	469.72	haec_olim_meminisse_iuvabit
specimen	CTDC-PARTICIPANT-797911	CTDC-SPECIMEN-549287	FORMALIN FIXED TISSUE	Fresh Tissue	pace_tua	Metastatic	PROGRESSION	862.1	damnant_quod_non_intellegunt
specimen	CTDC-PARTICIPANT-928561	CTDC-SPECIMEN-257609	Unstained Slide	FRESH TISSUE	cacatum_non_est_pictum	Primary	ON TREATMENT	978.95	Obedientia_civium_urbis_felicitas
specimen	CTDC-PARTICIPANT-928561	CTDC-SPECIMEN-471829	Streck Blood	FORMALIN FIXED TISSUE	scientia,_aere_perennius	Primary	On Treatment (Fresh)	951.84	Obedientia_civium_urbis_felicitas
specimen	CTDC-PARTICIPANT-954478	CTDC-SPECIMEN-595455	Unstained Bone Marrow Aspirate Slide	Formalin Fixed Paraffin Embedded Tissue	saltus_in_demonstrando	Normal	Baseline (Fresh)	441.89	scientia,_aere_perennius
specimen	CTDC-PARTICIPANT-954478	CTDC-SPECIMEN-160149	FFPE Block	Formalin Fixed Paraffin Embedded Tissue	scientia_et_labor	Normal	ARCHIVAL	344.55	Obedientia_civium_urbis_felicitas
specimen	CTDC-PARTICIPANT-386570	CTDC-SPECIMEN-245828	EDTA Blood	Bone Marrow	scientia_imperii_decus_et_tutamen	Metastatic	Progression (Fresh)	909.28	damnant_quod_non_intellegunt
specimen	CTDC-PARTICIPANT-386570	CTDC-SPECIMEN-580916	Streck Blood to PDMR	BONE MARROW	a_bene_placito	Primary	Post-Treatment (No progression)	368.03	salus_in_arduis
specimen	CTDC-PARTICIPANT-761014	CTDC-SPECIMEN-537651	FORMALIN FIXED TISSUE	FORMALIN FIXED TISSUE	haec_olim_meminisse_iuvabit	Normal	Post-Treatment (No progression)	657.2	sapiens_qui_prospicit
specimen	CTDC-PARTICIPANT-761014	CTDC-SPECIMEN-758229	Cell Block	Blood	scientiae_et_patriae	Adjacent Non-Tumor	ON TREATMENT	42.45	scientia_et_sapientia
specimen	CTDC-PARTICIPANT-627536	CTDC-SPECIMEN-100120	EDTA Blood	Formalin Fixed Tissue	Gallia_est_omnis_divisa_in_partes_tres	Metastatic	On Treatment (Fresh)	787.0	scientia,_aere_perennius
specimen	CTDC-PARTICIPANT-627536	CTDC-SPECIMEN-924900	EDTA Blood	STOOL	Macte_animo_Generose_puer_sic_itur_ad_astra	Primary	Archival	114.45	saltus_in_demonstrando
specimen	CTDC-PARTICIPANT-282263	CTDC-SPECIMEN-287416	Snap Frozen Tissue	Formalin Fixed Tissue	barba_crescit_caput_nescit	Normal	Post-Treatment (No progression)	330.14	saltus_in_demonstrando
specimen	CTDC-PARTICIPANT-282263	CTDC-SPECIMEN-197988	Cell Block	Formalin Fixed Paraffin Embedded Tissue	scientia_et_sapientia	Primary	Progression (Fresh)	940.99	scientia_et_labor
specimen	CTDC-PARTICIPANT-688099	CTDC-SPECIMEN-986590	Fresh Tissue in Media to PDMR	BUCCAL CELL SAMPLE	O_Tite_tute_Tati_tibi_tanta_tyranne_tulisti	Primary	PROGRESSION	193.63	scientiae_cedit_mare
specimen	CTDC-PARTICIPANT-688099	CTDC-SPECIMEN-249870	EDTA Blood	SALIVA	nascentes_morimur_finisque_ab_origine_pendet	Normal	ARCHIVAL	745.14	scientia,_aere_perennius
specimen	CTDC-PARTICIPANT-939913	CTDC-SPECIMEN-222175	Bone Marrow Aspirate	BONE MARROW	id_quod_plerumque_accidit	Metastatic	Progression (Fresh)	382.28	scientiae_et_patriae
specimen	CTDC-PARTICIPANT-939913	CTDC-SPECIMEN-646517	FORMALIN FIXED TISSUE	BUCCAL CELL SAMPLE	sapiens_qui_prospicit	Adjacent Non-Tumor	On Treatment (Fresh)	156.72	cacatum_non_est_pictum
specimen	CTDC-PARTICIPANT-539346	CTDC-SPECIMEN-997316	Fresh Tissue in Media to PDMR	BONE MARROW	nanos_gigantum_humeris_insidentes	Adjacent Non-Tumor	PROGRESSION	74.19	id_quod_plerumque_accidit
specimen	CTDC-PARTICIPANT-539346	CTDC-SPECIMEN-463863	Streck Blood	FRESH TISSUE	nanos_gigantum_humeris_insidentes	Adjacent Non-Tumor	Post-Treatment (No progression)	557.32	Macte_animo_Generose_puer_sic_itur_ad_astra
specimen	CTDC-PARTICIPANT-246150	CTDC-SPECIMEN-387658	Formalin Bone Marrow Biopsy	FROZEN TISSUE	a_bene_placito	Primary	Post-Treatment (No progression)	67.97	haec_olim_meminisse_iuvabit
specimen	CTDC-PARTICIPANT-246150	CTDC-SPECIMEN-807227	Formalin Fixed Tissue	FROZEN TISSUE	scientia_imperii_decus_et_tutamen	Metastatic	ARCHIVAL	163.53	barba_crescit_caput_nescit
specimen	CTDC-PARTICIPANT-570246	CTDC-SPECIMEN-898447	Unstained Bone Marrow Aspirate Slide	BONE MARROW	saltus_in_demonstrando	Metastatic	Archival	40.98	faber_est_suae_quisque_fortunae
specimen	CTDC-PARTICIPANT-570246	CTDC-SPECIMEN-316407	Streck Blood	FORMALIN FIXED PARAFFIN EMBEDDED TISSUE	labor_ipse_voluptas	Normal	ON TREATMENT	762.56	nanos_gigantum_humeris_insidentes
specimen	CTDC-PARTICIPANT-291591	CTDC-SPECIMEN-929025	Formalin Fixed Tissue	OTHER BODILY FLUIDs	id_quod_plerumque_accidit	Normal	Progression (Fresh)	385.1	salus_in_arduis
specimen	CTDC-PARTICIPANT-291591	CTDC-SPECIMEN-529806	Cell Block	Formalin Fixed Paraffin Embedded Tissue	nanos_gigantum_humeris_insidentes	Normal	Post-Treatment (No progression)	453.04	damnant_quod_non_intellegunt
specimen	CTDC-PARTICIPANT-940083	CTDC-SPECIMEN-652720	Streck Blood to VARI	FROZEN TISSUE	Gallia_est_omnis_divisa_in_partes_tres	Normal	BASELINE	749.35	scientiae_et_patriae
specimen	CTDC-PARTICIPANT-940083	CTDC-SPECIMEN-390699	Unstained Slide	BLOOD	imperium_in_imperio	Primary	ARCHIVAL	32.56	damnant_quod_non_intellegunt
specimen	CTDC-PARTICIPANT-626731	CTDC-SPECIMEN-100792	Streck Blood to PDMR	BUCCAL CELL SAMPLE	id_quod_plerumque_accidit	Metastatic	ON TREATMENT	349.98	id_quod_plerumque_accidit
specimen	CTDC-PARTICIPANT-626731	CTDC-SPECIMEN-529358	Snap Frozen Tissue	Blood	Gallia_est_omnis_divisa_in_partes_tres	Primary	BASELINE	192.5	Gallia_est_omnis_divisa_in_partes_tres
specimen	CTDC-PARTICIPANT-652301	CTDC-SPECIMEN-247302	FFPE Block	SALIVA	barba_crescit_caput_nescit	Adjacent Non-Tumor	Post-Treatment (No progression)	438.28	Macte_animo_Generose_puer_sic_itur_ad_astra
specimen	CTDC-PARTICIPANT-652301	CTDC-SPECIMEN-881448	Unstained Slide	SALIVA	id_quod_plerumque_accidit	Adjacent Non-Tumor	Progression (Fresh)	439.01	scientia_et_sapientia
specimen	CTDC-PARTICIPANT-491260	CTDC-SPECIMEN-678100	EDTA Blood	CEREBROSPINAL FLUID	Macte_animo_Generose_puer_sic_itur_ad_astra	Normal	On Treatment (Fresh)	706.54	e_causa_ignota
specimen	CTDC-PARTICIPANT-491260	CTDC-SPECIMEN-778501	Streck Blood to PDMR	FORMALIN FIXED PARAFFIN EMBEDDED TISSUE	scientia,_aere_perennius	Adjacent Non-Tumor	Post-Treatment (No progression)	589.03	cacatum_non_est_pictum
specimen	CTDC-PARTICIPANT-761432	CTDC-SPECIMEN-859221	EDTA Blood	SALIVA	Macte_animo_Generose_puer_sic_itur_ad_astra	Metastatic	Post-Treatment (No progression)	420.37	id_quod_plerumque_accidit
specimen	CTDC-PARTICIPANT-761432	CTDC-SPECIMEN-131115	Unstained Bone Marrow Aspirate Slide	Blood	O_Tite_tute_Tati_tibi_tanta_tyranne_tulisti	Primary	On Treatment (Fresh)	146.49	Obedientia_civium_urbis_felicitas
specimen	CTDC-PARTICIPANT-352043	CTDC-SPECIMEN-736925	EDTA Blood	BUCCAL CELL SAMPLE	labor_ipse_voluptas	Adjacent Non-Tumor	ON TREATMENT	727.76	scientiae_et_patriae
specimen	CTDC-PARTICIPANT-352043	CTDC-SPECIMEN-444298	FORMALIN FIXED TISSUE	URINE	scientiae_et_patriae	Primary	Baseline (Fresh)	46.33	haec_olim_meminisse_iuvabit
specimen	CTDC-PARTICIPANT-828608	CTDC-SPECIMEN-922348	Snap Frozen Tissue	URINE	scientia_imperii_decus_et_tutamen	Normal	ARCHIVAL	920.22	Gallia_est_omnis_divisa_in_partes_tres
specimen	CTDC-PARTICIPANT-828608	CTDC-SPECIMEN-452387	Formalin Bone Marrow Biopsy	Formalin Fixed Tissue	damnant_quod_non_intellegunt	Normal	ARCHIVAL	834.94	damnant_quod_non_intellegunt
specimen	CTDC-PARTICIPANT-232321	CTDC-SPECIMEN-269280	Streck Blood to PDMR	FRESH TISSUE	saltus_in_demonstrando	Metastatic	Progression (Fresh)	91.48	saltus_in_demonstrando
specimen	CTDC-PARTICIPANT-232321	CTDC-SPECIMEN-429157	FFPE Block	BLOOD	scientia,_aere_perennius	Metastatic	ON TREATMENT	11.54	nanos_gigantum_humeris_insidentes
specimen	CTDC-PARTICIPANT-733066	CTDC-SPECIMEN-591810	Streck Blood to PDMR	URINE	scientia_imperii_decus_et_tutamen	Normal	Progression (Fresh)	513.72	Obedientia_civium_urbis_felicitas
specimen	CTDC-PARTICIPANT-733066	CTDC-SPECIMEN-787819	Unstained Slide	FORMALIN FIXED TISSUE	scientia_imperii_decus_et_tutamen	Metastatic	ARCHIVAL	342.87	a_bene_placito
specimen	CTDC-PARTICIPANT-428219	CTDC-SPECIMEN-818422	EDTA Blood	Bone Marrow	Gallia_est_omnis_divisa_in_partes_tres	Normal	PROGRESSION	146.55	damnant_quod_non_intellegunt
specimen	CTDC-PARTICIPANT-428219	CTDC-SPECIMEN-156478	FORMALIN FIXED TISSUE	BLOOD	scientia_et_labor	Metastatic	ARCHIVAL	59.83	cacatum_non_est_pictum
specimen	CTDC-PARTICIPANT-215053	CTDC-SPECIMEN-164509	EDTA Blood	Formalin Fixed Paraffin Embedded Tissue	faber_est_suae_quisque_fortunae	Adjacent Non-Tumor	On Treatment (Fresh)	389.9	Macte_animo_Generose_puer_sic_itur_ad_astra
specimen	CTDC-PARTICIPANT-215053	CTDC-SPECIMEN-232677	Unstained Slide	STOOL	haec_olim_meminisse_iuvabit	Primary	Archival	966.89	id_quod_plerumque_accidit
specimen	CTDC-PARTICIPANT-946005	CTDC-SPECIMEN-561943	FORMALIN FIXED TISSUE	FROZEN TISSUE	barba_crescit_caput_nescit	Primary	Progression (Fresh)	885.78	Obedientia_civium_urbis_felicitas
specimen	CTDC-PARTICIPANT-946005	CTDC-SPECIMEN-254646	Bone Marrow Aspirate	BONE MARROW	id_quod_plerumque_accidit	Metastatic	Progression (Fresh)	355.17	labor_ipse_voluptas
specimen	CTDC-PARTICIPANT-174366	CTDC-SPECIMEN-126985	Snap Frozen Tissue	BONE MARROW	Gallia_est_omnis_divisa_in_partes_tres	Primary	On Treatment (Fresh)	43.37	saltus_in_demonstrando
specimen	CTDC-PARTICIPANT-174366	CTDC-SPECIMEN-360458	Formalin Bone Marrow Biopsy	Fresh Tissue	imperium_in_imperio	Adjacent Non-Tumor	BASELINE	327.6	a_bene_placito
specimen	CTDC-PARTICIPANT-856892	CTDC-SPECIMEN-756603	Streck Blood	Fresh Tissue	scientiae_cedit_mare	Normal	ON TREATMENT	158.53	e_causa_ignota
specimen	CTDC-PARTICIPANT-856892	CTDC-SPECIMEN-298006	Fresh Tissue in Media to PDMR	FRESH TISSUE	scientiae_et_patriae	Metastatic	ON TREATMENT	754.33	scientia,_aere_perennius
specimen	CTDC-PARTICIPANT-922991	CTDC-SPECIMEN-305194	Stained Bone Marrow Aspirate Slide	Formalin Fixed Tissue	pace_tua	Primary	Progression (Fresh)	315.53	Gallia_est_omnis_divisa_in_partes_tres
specimen	CTDC-PARTICIPANT-922991	CTDC-SPECIMEN-363596	Streck Blood to VARI	SALIVA	O_Tite_tute_Tati_tibi_tanta_tyranne_tulisti	Primary	Baseline (Fresh)	336.42	nanos_gigantum_humeris_insidentes
specimen	CTDC-PARTICIPANT-291581	CTDC-SPECIMEN-191076	Stained Bone Marrow Aspirate Slide	BONE MARROW	nascentes_morimur_finisque_ab_origine_pendet	Adjacent Non-Tumor	ARCHIVAL	994.8	haec_olim_meminisse_iuvabit
specimen	CTDC-PARTICIPANT-291581	CTDC-SPECIMEN-211903	EDTA Blood	Fresh Tissue	Macte_animo_Generose_puer_sic_itur_ad_astra	Adjacent Non-Tumor	Baseline (Fresh)	384.27	labor_ipse_voluptas
specimen	CTDC-PARTICIPANT-474449	CTDC-SPECIMEN-869069	Fresh Tissue in Media to PDMR	FROZEN TISSUE	faber_est_suae_quisque_fortunae	Adjacent Non-Tumor	Progression (Fresh)	625.52	labor_ipse_voluptas
specimen	CTDC-PARTICIPANT-474449	CTDC-SPECIMEN-632165	Streck Blood	FORMALIN FIXED PARAFFIN EMBEDDED TISSUE	sapiens_qui_prospicit	Metastatic	PROGRESSION	100.84	barba_crescit_caput_nescit
specimen	CTDC-PARTICIPANT-500277	CTDC-SPECIMEN-189088	FORMALIN FIXED TISSUE	FORMALIN FIXED TISSUE	barba_crescit_caput_nescit	Adjacent Non-Tumor	ARCHIVAL	326.62	scientiae_et_patriae
specimen	CTDC-PARTICIPANT-500277	CTDC-SPECIMEN-301916	FORMALIN FIXED TISSUE	Blood	scientia_imperii_decus_et_tutamen	Adjacent Non-Tumor	On Treatment (Fresh)	821.39	Obedientia_civium_urbis_felicitas
specimen	CTDC-PARTICIPANT-237989	CTDC-SPECIMEN-163995	Streck Blood	Bone Marrow	scientia_imperii_decus_et_tutamen	Normal	ARCHIVAL	286.22	nascentes_morimur_finisque_ab_origine_pendet
specimen	CTDC-PARTICIPANT-237989	CTDC-SPECIMEN-807999	Cell Block	Frozen Tissue	nascentes_morimur_finisque_ab_origine_pendet	Adjacent Non-Tumor	PROGRESSION	821.21	e_causa_ignota
specimen	CTDC-PARTICIPANT-409930	CTDC-SPECIMEN-102005	FORMALIN FIXED TISSUE	Fresh Tissue	saltus_in_demonstrando	Metastatic	BASELINE	700.1	id_quod_plerumque_accidit
specimen	CTDC-PARTICIPANT-409930	CTDC-SPECIMEN-601556	Bone Marrow Aspirate	CEREBROSPINAL FLUID	Gallia_est_omnis_divisa_in_partes_tres	Metastatic	On Treatment (Fresh)	696.84	imperium_in_imperio
specimen	CTDC-PARTICIPANT-588323	CTDC-SPECIMEN-955157	Stained Bone Marrow Aspirate Slide	Blood	faber_est_suae_quisque_fortunae	Primary	Post-Treatment (No progression)	733.06	Gallia_est_omnis_divisa_in_partes_tres
specimen	CTDC-PARTICIPANT-588323	CTDC-SPECIMEN-739538	Bone Marrow Aspirate	Formalin Fixed Paraffin Embedded Tissue	e_causa_ignota	Primary	Progression (Fresh)	583.9	Obedientia_civium_urbis_felicitas
specimen	CTDC-PARTICIPANT-550436	CTDC-SPECIMEN-936948	FFPE Block	FORMALIN FIXED PARAFFIN EMBEDDED TISSUE	pace_tua	Primary	Progression (Fresh)	966.37	id_quod_plerumque_accidit
specimen	CTDC-PARTICIPANT-550436	CTDC-SPECIMEN-182535	Formalin Bone Marrow Biopsy	FRESH TISSUE	scientia_et_sapientia	Primary	ON TREATMENT	954.03	haec_olim_meminisse_iuvabit
specimen	CTDC-PARTICIPANT-705441	CTDC-SPECIMEN-558478	Unstained Slide	SALIVA	id_quod_plerumque_accidit	Adjacent Non-Tumor	ARCHIVAL	662.73	faber_est_suae_quisque_fortunae
specimen	CTDC-PARTICIPANT-705441	CTDC-SPECIMEN-826419	Unstained Bone Marrow Aspirate Slide	Bone Marrow	scientia_et_labor	Adjacent Non-Tumor	Progression (Fresh)	452.94	faber_est_suae_quisque_fortunae
specimen	CTDC-PARTICIPANT-375800	CTDC-SPECIMEN-689327	Bone Marrow Aspirate	Fresh Tissue	faber_est_suae_quisque_fortunae	Normal	ARCHIVAL	282.02	imperium_in_imperio
specimen	CTDC-PARTICIPANT-375800	CTDC-SPECIMEN-286868	FFPE Block	Blood	scientia_et_sapientia	Primary	BASELINE	54.78	damnant_quod_non_intellegunt
specimen	CTDC-PARTICIPANT-819268	CTDC-SPECIMEN-463569	Stained Bone Marrow Aspirate Slide	FRESH TISSUE	scientiae_cedit_mare	Normal	BASELINE	242.07	Macte_animo_Generose_puer_sic_itur_ad_astra
specimen	CTDC-PARTICIPANT-819268	CTDC-SPECIMEN-712072	Streck Blood to VARI	FROZEN TISSUE	nanos_gigantum_humeris_insidentes	Primary	Progression (Fresh)	867.09	Macte_animo_Generose_puer_sic_itur_ad_astra
specimen	CTDC-PARTICIPANT-101752	CTDC-SPECIMEN-801105	FFPE Block	BONE MARROW	sapiens_qui_prospicit	Primary	Archival	301.44	salus_in_arduis
specimen	CTDC-PARTICIPANT-101752	CTDC-SPECIMEN-528652	Formalin Bone Marrow Biopsy	SALIVA	barba_crescit_caput_nescit	Normal	Archival	759.93	scientia_imperii_decus_et_tutamen
specimen	CTDC-PARTICIPANT-307586	CTDC-SPECIMEN-457433	Streck Blood to PDMR	BUCCAL CELL SAMPLE	O_Tite_tute_Tati_tibi_tanta_tyranne_tulisti	Adjacent Non-Tumor	Post-Treatment (No progression)	447.62	scientia_imperii_decus_et_tutamen
specimen	CTDC-PARTICIPANT-307586	CTDC-SPECIMEN-488587	Streck Blood to PDMR	Formalin Fixed Paraffin Embedded Tissue	scientia_imperii_decus_et_tutamen	Primary	Progression (Fresh)	648.42	nascentes_morimur_finisque_ab_origine_pendet
specimen	CTDC-PARTICIPANT-363672	CTDC-SPECIMEN-177122	Unstained Bone Marrow Aspirate Slide	Frozen Tissue	nanos_gigantum_humeris_insidentes	Adjacent Non-Tumor	On Treatment (Fresh)	999.19	Macte_animo_Generose_puer_sic_itur_ad_astra
specimen	CTDC-PARTICIPANT-363672	CTDC-SPECIMEN-509387	Unstained Slide	CEREBROSPINAL FLUID	e_causa_ignota	Primary	On Treatment (Fresh)	142.4	scientia_et_labor
specimen	CTDC-PARTICIPANT-390538	CTDC-SPECIMEN-921551	FFPE Block	FORMALIN FIXED PARAFFIN EMBEDDED TISSUE	imperium_in_imperio	Adjacent Non-Tumor	BASELINE	238.71	a_bene_placito
specimen	CTDC-PARTICIPANT-390538	CTDC-SPECIMEN-782923	Streck Blood to PDMR	CEREBROSPINAL FLUID	nanos_gigantum_humeris_insidentes	Normal	BASELINE	855.38	scientia,_aere_perennius
specimen	CTDC-PARTICIPANT-656708	CTDC-SPECIMEN-181267	Unstained Bone Marrow Aspirate Slide	Blood	e_causa_ignota	Primary	Baseline (Fresh)	315.61	cacatum_non_est_pictum
specimen	CTDC-PARTICIPANT-656708	CTDC-SPECIMEN-443306	Formalin Bone Marrow Biopsy	BUCCAL CELL SAMPLE	labor_ipse_voluptas	Normal	Post-Treatment (No progression)	296.33	salus_in_arduis
specimen	CTDC-PARTICIPANT-208873	CTDC-SPECIMEN-261408	EDTA Blood	BLOOD	Macte_animo_Generose_puer_sic_itur_ad_astra	Adjacent Non-Tumor	ARCHIVAL	707.09	sapiens_qui_prospicit
specimen	CTDC-PARTICIPANT-208873	CTDC-SPECIMEN-588406	FORMALIN FIXED TISSUE	Formalin Fixed Paraffin Embedded Tissue	O_Tite_tute_Tati_tibi_tanta_tyranne_tulisti	Adjacent Non-Tumor	Archival	802.79	e_causa_ignota
specimen	CTDC-PARTICIPANT-785303	CTDC-SPECIMEN-405825	Streck Blood	URINE	scientia,_aere_perennius	Metastatic	Baseline (Fresh)	626.22	scientia_et_labor
specimen	CTDC-PARTICIPANT-785303	CTDC-SPECIMEN-828837	Stained Bone Marrow Aspirate Slide	BONE MARROW	scientia,_aere_perennius	Primary	BASELINE	76.02	saltus_in_demonstrando
specimen	CTDC-PARTICIPANT-644061	CTDC-SPECIMEN-282693	Formalin Bone Marrow Biopsy	FRESH TISSUE	Obedientia_civium_urbis_felicitas	Normal	On Treatment (Fresh)	389.04	labor_ipse_voluptas
specimen	CTDC-PARTICIPANT-644061	CTDC-SPECIMEN-233254	Snap Frozen Tissue	Formalin Fixed Tissue	nanos_gigantum_humeris_insidentes	Normal	Post-Treatment (No progression)	83.54	Macte_animo_Generose_puer_sic_itur_ad_astra
specimen	CTDC-PARTICIPANT-784125	CTDC-SPECIMEN-512150	Fresh Tissue in Media to PDMR	BUCCAL CELL SAMPLE	Macte_animo_Generose_puer_sic_itur_ad_astra	Metastatic	Archival	41.61	O_Tite_tute_Tati_tibi_tanta_tyranne_tulisti
specimen	CTDC-PARTICIPANT-784125	CTDC-SPECIMEN-241213	Streck Blood to PDMR	Fresh Tissue	nanos_gigantum_humeris_insidentes	Adjacent Non-Tumor	Archival	316.75	nascentes_morimur_finisque_ab_origine_pendet
specimen	CTDC-PARTICIPANT-258433	CTDC-SPECIMEN-638068	Formalin Fixed Tissue	OTHER BODILY FLUIDs	scientiae_cedit_mare	Metastatic	ON TREATMENT	900.94	haec_olim_meminisse_iuvabit
specimen	CTDC-PARTICIPANT-258433	CTDC-SPECIMEN-565846	Streck Blood	Frozen Tissue	a_bene_placito	Primary	PROGRESSION	47.31	scientia,_aere_perennius
specimen	CTDC-PARTICIPANT-336498	CTDC-SPECIMEN-817433	Fresh Tissue in Media to PDMR	URINE	scientiae_cedit_mare	Adjacent Non-Tumor	On Treatment (Fresh)	969.57	imperium_in_imperio
specimen	CTDC-PARTICIPANT-336498	CTDC-SPECIMEN-626396	Snap Frozen Tissue	CEREBROSPINAL FLUID	faber_est_suae_quisque_fortunae	Primary	Baseline (Fresh)	109.74	sapiens_qui_prospicit
specimen	CTDC-PARTICIPANT-599467	CTDC-SPECIMEN-119820	Fresh Tissue in Media to PDMR	SALIVA	Macte_animo_Generose_puer_sic_itur_ad_astra	Metastatic	BASELINE	445.92	Obedientia_civium_urbis_felicitas
specimen	CTDC-PARTICIPANT-599467	CTDC-SPECIMEN-264915	Formalin Fixed Tissue	FORMALIN FIXED TISSUE	sapiens_qui_prospicit	Primary	Post-Treatment (No progression)	552.17	scientia,_aere_perennius
specimen	CTDC-PARTICIPANT-813230	CTDC-SPECIMEN-912462	FFPE Block	Blood	damnant_quod_non_intellegunt	Adjacent Non-Tumor	ARCHIVAL	38.88	salus_in_arduis
specimen	CTDC-PARTICIPANT-813230	CTDC-SPECIMEN-554558	Fresh Tissue in Media to PDMR	FORMALIN FIXED PARAFFIN EMBEDDED TISSUE	pace_tua	Normal	Post-Treatment (No progression)	959.15	labor_ipse_voluptas
specimen	CTDC-PARTICIPANT-251190	CTDC-SPECIMEN-250820	FFPE Block	BONE MARROW	nanos_gigantum_humeris_insidentes	Metastatic	PROGRESSION	667.33	scientia_et_sapientia
specimen	CTDC-PARTICIPANT-251190	CTDC-SPECIMEN-983698	Formalin Fixed Tissue	BLOOD	nanos_gigantum_humeris_insidentes	Metastatic	PROGRESSION	371.23	faber_est_suae_quisque_fortunae
specimen	CTDC-PARTICIPANT-652732	CTDC-SPECIMEN-591710	Fresh Tissue in Media to PDMR	STOOL	salus_in_arduis	Normal	On Treatment (Fresh)	799.98	Macte_animo_Generose_puer_sic_itur_ad_astra
specimen	CTDC-PARTICIPANT-652732	CTDC-SPECIMEN-137947	Fresh Tissue in Media to PDMR	FORMALIN FIXED TISSUE	salus_in_arduis	Primary	BASELINE	210.88	e_causa_ignota
specimen	CTDC-PARTICIPANT-714466	CTDC-SPECIMEN-976044	Streck Blood to VARI	BLOOD	sapiens_qui_prospicit	Normal	PROGRESSION	739.49	scientia,_aere_perennius
specimen	CTDC-PARTICIPANT-714466	CTDC-SPECIMEN-394060	Streck Blood to VARI	FORMALIN FIXED PARAFFIN EMBEDDED TISSUE	barba_crescit_caput_nescit	Primary	Progression (Fresh)	535.84	Gallia_est_omnis_divisa_in_partes_tres
specimen	CTDC-PARTICIPANT-854460	CTDC-SPECIMEN-975425	Bone Marrow Aspirate	Formalin Fixed Tissue	scientiae_et_patriae	Normal	Baseline (Fresh)	128.81	cacatum_non_est_pictum
specimen	CTDC-PARTICIPANT-854460	CTDC-SPECIMEN-577663	Streck Blood	Frozen Tissue	scientia,_aere_perennius	Metastatic	ON TREATMENT	138.01	scientia_et_sapientia
specimen	CTDC-PARTICIPANT-635713	CTDC-SPECIMEN-699893	Formalin Bone Marrow Biopsy	SALIVA	scientiae_et_patriae	Normal	Progression (Fresh)	21.92	scientia_imperii_decus_et_tutamen
specimen	CTDC-PARTICIPANT-635713	CTDC-SPECIMEN-263081	Streck Blood	CEREBROSPINAL FLUID	sapiens_qui_prospicit	Primary	Post-Treatment (No progression)	542.13	pace_tua
specimen	CTDC-PARTICIPANT-272872	CTDC-SPECIMEN-921984	Formalin Bone Marrow Biopsy	Blood	Gallia_est_omnis_divisa_in_partes_tres	Adjacent Non-Tumor	ON TREATMENT	331.67	scientia,_aere_perennius
specimen	CTDC-PARTICIPANT-272872	CTDC-SPECIMEN-556718	FORMALIN FIXED TISSUE	FROZEN TISSUE	scientia_imperii_decus_et_tutamen	Adjacent Non-Tumor	BASELINE	564.38	scientiae_et_patriae
specimen	CTDC-PARTICIPANT-696945	CTDC-SPECIMEN-851893	Streck Blood to VARI	FRESH TISSUE	scientia,_aere_perennius	Adjacent Non-Tumor	PROGRESSION	124.88	sapiens_qui_prospicit
specimen	CTDC-PARTICIPANT-696945	CTDC-SPECIMEN-153856	Stained Bone Marrow Aspirate Slide	BONE MARROW	damnant_quod_non_intellegunt	Metastatic	Post-Treatment (No progression)	736.24	e_causa_ignota
specimen	CTDC-PARTICIPANT-288721	CTDC-SPECIMEN-873965	Formalin Bone Marrow Biopsy	Formalin Fixed Tissue	scientiae_et_patriae	Metastatic	Archival	841.77	scientia_et_labor
specimen	CTDC-PARTICIPANT-288721	CTDC-SPECIMEN-329770	Formalin Bone Marrow Biopsy	FORMALIN FIXED TISSUE	scientia_imperii_decus_et_tutamen	Metastatic	BASELINE	484.58	nanos_gigantum_humeris_insidentes
specimen	CTDC-PARTICIPANT-729998	CTDC-SPECIMEN-215907	Streck Blood to VARI	OTHER BODILY FLUIDs	nascentes_morimur_finisque_ab_origine_pendet	Adjacent Non-Tumor	Progression (Fresh)	575.63	a_bene_placito
specimen	CTDC-PARTICIPANT-729998	CTDC-SPECIMEN-915556	Stained Bone Marrow Aspirate Slide	CEREBROSPINAL FLUID	O_Tite_tute_Tati_tibi_tanta_tyranne_tulisti	Primary	Post-Treatment (No progression)	989.22	e_causa_ignota
specimen	CTDC-PARTICIPANT-375728	CTDC-SPECIMEN-684588	Fresh Tissue in Media to PDMR	SALIVA	e_causa_ignota	Normal	On Treatment (Fresh)	781.59	id_quod_plerumque_accidit
specimen	CTDC-PARTICIPANT-375728	CTDC-SPECIMEN-279545	FORMALIN FIXED TISSUE	STOOL	barba_crescit_caput_nescit	Primary	Progression (Fresh)	803.04	barba_crescit_caput_nescit
specimen	CTDC-PARTICIPANT-887616	CTDC-SPECIMEN-785039	Streck Blood to VARI	FORMALIN FIXED PARAFFIN EMBEDDED TISSUE	pace_tua	Normal	PROGRESSION	492.79	scientia_et_labor
specimen	CTDC-PARTICIPANT-887616	CTDC-SPECIMEN-781256	FORMALIN FIXED TISSUE	FORMALIN FIXED TISSUE	sapiens_qui_prospicit	Adjacent Non-Tumor	Progression (Fresh)	223.88	labor_ipse_voluptas
specimen	CTDC-PARTICIPANT-279150	CTDC-SPECIMEN-617056	Stained Bone Marrow Aspirate Slide	CEREBROSPINAL FLUID	labor_ipse_voluptas	Adjacent Non-Tumor	ON TREATMENT	710.43	haec_olim_meminisse_iuvabit
specimen	CTDC-PARTICIPANT-279150	CTDC-SPECIMEN-757517	Streck Blood	Blood	sapiens_qui_prospicit	Normal	ARCHIVAL	706.6	damnant_quod_non_intellegunt
specimen	CTDC-PARTICIPANT-392542	CTDC-SPECIMEN-904361	Streck Blood to PDMR	CEREBROSPINAL FLUID	saltus_in_demonstrando	Adjacent Non-Tumor	Baseline (Fresh)	645.38	scientia_et_labor
specimen	CTDC-PARTICIPANT-392542	CTDC-SPECIMEN-534620	Fresh Tissue in Media to PDMR	FORMALIN FIXED TISSUE	scientia,_aere_perennius	Metastatic	Post-Treatment (No progression)	369.97	nanos_gigantum_humeris_insidentes
specimen	CTDC-PARTICIPANT-633499	CTDC-SPECIMEN-190305	Streck Blood to VARI	SALIVA	saltus_in_demonstrando	Adjacent Non-Tumor	Post-Treatment (No progression)	739.23	a_bene_placito
specimen	CTDC-PARTICIPANT-633499	CTDC-SPECIMEN-802059	EDTA Blood	FROZEN TISSUE	saltus_in_demonstrando	Normal	Archival	739.7	Gallia_est_omnis_divisa_in_partes_tres
specimen	CTDC-PARTICIPANT-622867	CTDC-SPECIMEN-151240	Streck Blood to VARI	Bone Marrow	scientia_imperii_decus_et_tutamen	Adjacent Non-Tumor	Archival	680.56	damnant_quod_non_intellegunt
specimen	CTDC-PARTICIPANT-622867	CTDC-SPECIMEN-656927	Snap Frozen Tissue	CEREBROSPINAL FLUID	O_Tite_tute_Tati_tibi_tanta_tyranne_tulisti	Metastatic	Post-Treatment (No progression)	549.48	Macte_animo_Generose_puer_sic_itur_ad_astra
specimen	CTDC-PARTICIPANT-547611	CTDC-SPECIMEN-596045	Cell Block	FORMALIN FIXED PARAFFIN EMBEDDED TISSUE	nascentes_morimur_finisque_ab_origine_pendet	Adjacent Non-Tumor	On Treatment (Fresh)	179.43	Macte_animo_Generose_puer_sic_itur_ad_astra
specimen	CTDC-PARTICIPANT-547611	CTDC-SPECIMEN-523930	Stained Bone Marrow Aspirate Slide	SALIVA	labor_ipse_voluptas	Metastatic	Baseline (Fresh)	577.36	a_bene_placito
specimen	CTDC-PARTICIPANT-227215	CTDC-SPECIMEN-324041	Cell Block	BLOOD	scientia_et_labor	Normal	Progression (Fresh)	215.59	sapiens_qui_prospicit
specimen	CTDC-PARTICIPANT-227215	CTDC-SPECIMEN-286816	Snap Frozen Tissue	Bone Marrow	O_Tite_tute_Tati_tibi_tanta_tyranne_tulisti	Metastatic	PROGRESSION	596.29	O_Tite_tute_Tati_tibi_tanta_tyranne_tulisti
specimen	CTDC-PARTICIPANT-667712	CTDC-SPECIMEN-804512	Stained Bone Marrow Aspirate Slide	Frozen Tissue	nanos_gigantum_humeris_insidentes	Normal	ON TREATMENT	665.33	barba_crescit_caput_nescit
specimen	CTDC-PARTICIPANT-667712	CTDC-SPECIMEN-431725	EDTA Blood	Bone Marrow	scientia,_aere_perennius	Primary	Post-Treatment (No progression)	592.62	nascentes_morimur_finisque_ab_origine_pendet
specimen	CTDC-PARTICIPANT-264931	CTDC-SPECIMEN-872255	Fresh Tissue in Media to PDMR	Formalin Fixed Paraffin Embedded Tissue	id_quod_plerumque_accidit	Primary	BASELINE	226.27	Gallia_est_omnis_divisa_in_partes_tres
specimen	CTDC-PARTICIPANT-264931	CTDC-SPECIMEN-860365	Snap Frozen Tissue	BLOOD	imperium_in_imperio	Normal	On Treatment (Fresh)	744.68	cacatum_non_est_pictum
specimen	CTDC-PARTICIPANT-966089	CTDC-SPECIMEN-359804	Snap Frozen Tissue	BLOOD	saltus_in_demonstrando	Adjacent Non-Tumor	PROGRESSION	223.17	labor_ipse_voluptas
specimen	CTDC-PARTICIPANT-966089	CTDC-SPECIMEN-683184	Fresh Tissue in Media to PDMR	OTHER BODILY FLUIDs	Gallia_est_omnis_divisa_in_partes_tres	Normal	On Treatment (Fresh)	311.9	faber_est_suae_quisque_fortunae
specimen	CTDC-PARTICIPANT-762150	CTDC-SPECIMEN-897105	FORMALIN FIXED TISSUE	CEREBROSPINAL FLUID	salus_in_arduis	Primary	PROGRESSION	249.94	e_causa_ignota
specimen	CTDC-PARTICIPANT-762150	CTDC-SPECIMEN-507403	Streck Blood to PDMR	BLOOD	scientiae_et_patriae	Metastatic	On Treatment (Fresh)	406.34	imperium_in_imperio
specimen	CTDC-PARTICIPANT-727080	CTDC-SPECIMEN-405027	Bone Marrow Aspirate	FROZEN TISSUE	barba_crescit_caput_nescit	Metastatic	BASELINE	342.0	scientiae_cedit_mare
specimen	CTDC-PARTICIPANT-727080	CTDC-SPECIMEN-611528	Bone Marrow Aspirate	FROZEN TISSUE	nascentes_morimur_finisque_ab_origine_pendet	Metastatic	Baseline (Fresh)	351.54	cacatum_non_est_pictum
specimen	CTDC-PARTICIPANT-763647	CTDC-SPECIMEN-722791	Formalin Fixed Tissue	BLOOD	scientia,_aere_perennius	Metastatic	PROGRESSION	182.13	O_Tite_tute_Tati_tibi_tanta_tyranne_tulisti
specimen	CTDC-PARTICIPANT-763647	CTDC-SPECIMEN-414862	Fresh Tissue in Media to PDMR	Bone Marrow	scientiae_et_patriae	Primary	PROGRESSION	447.9	scientia_imperii_decus_et_tutamen
specimen	CTDC-PARTICIPANT-754433	CTDC-SPECIMEN-112483	Fresh Tissue in Media to PDMR	FRESH TISSUE	nascentes_morimur_finisque_ab_origine_pendet	Adjacent Non-Tumor	ARCHIVAL	785.46	faber_est_suae_quisque_fortunae
specimen	CTDC-PARTICIPANT-754433	CTDC-SPECIMEN-429675	FORMALIN FIXED TISSUE	BUCCAL CELL SAMPLE	barba_crescit_caput_nescit	Metastatic	ARCHIVAL	380.38	id_quod_plerumque_accidit
specimen	CTDC-PARTICIPANT-872138	CTDC-SPECIMEN-902963	EDTA Blood	Frozen Tissue	Gallia_est_omnis_divisa_in_partes_tres	Adjacent Non-Tumor	ON TREATMENT	292.44	Gallia_est_omnis_divisa_in_partes_tres
specimen	CTDC-PARTICIPANT-872138	CTDC-SPECIMEN-815532	FORMALIN FIXED TISSUE	SALIVA	cacatum_non_est_pictum	Metastatic	BASELINE	476.45	scientia_et_sapientia
specimen	CTDC-PARTICIPANT-845125	CTDC-SPECIMEN-303846	Unstained Slide	BUCCAL CELL SAMPLE	haec_olim_meminisse_iuvabit	Primary	Progression (Fresh)	371.78	nanos_gigantum_humeris_insidentes
specimen	CTDC-PARTICIPANT-845125	CTDC-SPECIMEN-857077	EDTA Blood	FORMALIN FIXED TISSUE	scientia_imperii_decus_et_tutamen	Metastatic	ARCHIVAL	298.51	imperium_in_imperio
specimen	CTDC-PARTICIPANT-320493	CTDC-SPECIMEN-131553	Streck Blood to PDMR	FRESH TISSUE	cacatum_non_est_pictum	Adjacent Non-Tumor	Archival	552.62	salus_in_arduis
specimen	CTDC-PARTICIPANT-320493	CTDC-SPECIMEN-280006	Fresh Tissue in Media to PDMR	SALIVA	saltus_in_demonstrando	Normal	On Treatment (Fresh)	404.29	haec_olim_meminisse_iuvabit
specimen	CTDC-PARTICIPANT-122513	CTDC-SPECIMEN-137581	FFPE Block	BUCCAL CELL SAMPLE	O_Tite_tute_Tati_tibi_tanta_tyranne_tulisti	Metastatic	Archival	548.77	imperium_in_imperio
specimen	CTDC-PARTICIPANT-122513	CTDC-SPECIMEN-760325	FORMALIN FIXED TISSUE	CEREBROSPINAL FLUID	damnant_quod_non_intellegunt	Metastatic	Progression (Fresh)	249.3	scientiae_et_patriae
specimen	CTDC-PARTICIPANT-317837	CTDC-SPECIMEN-937433	FORMALIN FIXED TISSUE	STOOL	scientia_et_labor	Primary	BASELINE	581.24	a_bene_placito
specimen	CTDC-PARTICIPANT-317837	CTDC-SPECIMEN-775272	Fresh Tissue in Media to PDMR	BONE MARROW	a_bene_placito	Adjacent Non-Tumor	On Treatment (Fresh)	357.59	haec_olim_meminisse_iuvabit
specimen	CTDC-PARTICIPANT-252535	CTDC-SPECIMEN-331415	Cell Block	BUCCAL CELL SAMPLE	scientia_et_sapientia	Normal	ARCHIVAL	243.86	damnant_quod_non_intellegunt
specimen	CTDC-PARTICIPANT-252535	CTDC-SPECIMEN-416089	Fresh Tissue in Media to PDMR	FORMALIN FIXED TISSUE	e_causa_ignota	Primary	Archival	962.51	scientia_imperii_decus_et_tutamen
specimen	CTDC-PARTICIPANT-546823	CTDC-SPECIMEN-871729	Snap Frozen Tissue	Frozen Tissue	Gallia_est_omnis_divisa_in_partes_tres	Primary	Baseline (Fresh)	874.83	imperium_in_imperio
specimen	CTDC-PARTICIPANT-546823	CTDC-SPECIMEN-990455	Bone Marrow Aspirate	BUCCAL CELL SAMPLE	Macte_animo_Generose_puer_sic_itur_ad_astra	Normal	On Treatment (Fresh)	242.63	scientia,_aere_perennius
specimen	CTDC-PARTICIPANT-600574	CTDC-SPECIMEN-329195	Unstained Slide	BLOOD	Obedientia_civium_urbis_felicitas	Adjacent Non-Tumor	Baseline (Fresh)	743.32	sapiens_qui_prospicit
specimen	CTDC-PARTICIPANT-600574	CTDC-SPECIMEN-789550	Unstained Bone Marrow Aspirate Slide	OTHER BODILY FLUIDs	Macte_animo_Generose_puer_sic_itur_ad_astra	Metastatic	ON TREATMENT	705.49	sapiens_qui_prospicit
specimen	CTDC-PARTICIPANT-515350	CTDC-SPECIMEN-200891	Streck Blood	SALIVA	nanos_gigantum_humeris_insidentes	Normal	BASELINE	958.65	labor_ipse_voluptas
specimen	CTDC-PARTICIPANT-515350	CTDC-SPECIMEN-661087	Stained Bone Marrow Aspirate Slide	CEREBROSPINAL FLUID	e_causa_ignota	Metastatic	On Treatment (Fresh)	825.09	barba_crescit_caput_nescit
specimen	CTDC-PARTICIPANT-896368	CTDC-SPECIMEN-351278	Cell Block	SALIVA	haec_olim_meminisse_iuvabit	Primary	Progression (Fresh)	366.85	scientiae_cedit_mare
specimen	CTDC-PARTICIPANT-896368	CTDC-SPECIMEN-675846	Unstained Slide	FORMALIN FIXED TISSUE	scientia_imperii_decus_et_tutamen	Normal	ON TREATMENT	690.18	barba_crescit_caput_nescit
specimen	CTDC-PARTICIPANT-362194	CTDC-SPECIMEN-485186	Streck Blood	FROZEN TISSUE	imperium_in_imperio	Primary	Archival	274.86	damnant_quod_non_intellegunt
specimen	CTDC-PARTICIPANT-362194	CTDC-SPECIMEN-104261	Fresh Tissue in Media to PDMR	STOOL	scientia_et_sapientia	Primary	ON TREATMENT	10.56	imperium_in_imperio
specimen	CTDC-PARTICIPANT-230105	CTDC-SPECIMEN-233190	Unstained Bone Marrow Aspirate Slide	CEREBROSPINAL FLUID	O_Tite_tute_Tati_tibi_tanta_tyranne_tulisti	Primary	PROGRESSION	745.72	Macte_animo_Generose_puer_sic_itur_ad_astra
specimen	CTDC-PARTICIPANT-230105	CTDC-SPECIMEN-159415	Unstained Bone Marrow Aspirate Slide	SALIVA	cacatum_non_est_pictum	Normal	Archival	154.5	scientiae_cedit_mare
specimen	CTDC-PARTICIPANT-153310	CTDC-SPECIMEN-211367	Formalin Bone Marrow Biopsy	FRESH TISSUE	sapiens_qui_prospicit	Adjacent Non-Tumor	ON TREATMENT	74.82	Obedientia_civium_urbis_felicitas
specimen	CTDC-PARTICIPANT-153310	CTDC-SPECIMEN-308731	Cell Block	Frozen Tissue	barba_crescit_caput_nescit	Metastatic	BASELINE	581.77	a_bene_placito
specimen	CTDC-PARTICIPANT-579483	CTDC-SPECIMEN-139292	Snap Frozen Tissue	SALIVA	haec_olim_meminisse_iuvabit	Normal	PROGRESSION	144.03	O_Tite_tute_Tati_tibi_tanta_tyranne_tulisti
specimen	CTDC-PARTICIPANT-579483	CTDC-SPECIMEN-477825	Cell Block	FORMALIN FIXED TISSUE	sapiens_qui_prospicit	Primary	Archival	95.27	scientia_et_sapientia
specimen	CTDC-PARTICIPANT-967644	CTDC-SPECIMEN-252879	Streck Blood to PDMR	Bone Marrow	imperium_in_imperio	Normal	BASELINE	727.17	cacatum_non_est_pictum
specimen	CTDC-PARTICIPANT-967644	CTDC-SPECIMEN-112747	Cell Block	URINE	e_causa_ignota	Adjacent Non-Tumor	Progression (Fresh)	693.96	scientia_et_sapientia
specimen	CTDC-PARTICIPANT-779080	CTDC-SPECIMEN-885524	Fresh Tissue in Media to PDMR	Formalin Fixed Paraffin Embedded Tissue	saltus_in_demonstrando	Primary	Baseline (Fresh)	652.39	faber_est_suae_quisque_fortunae
specimen	CTDC-PARTICIPANT-779080	CTDC-SPECIMEN-282098	Fresh Tissue in Media to PDMR	OTHER BODILY FLUIDs	imperium_in_imperio	Adjacent Non-Tumor	On Treatment (Fresh)	584.03	scientia_et_sapientia
specimen	CTDC-PARTICIPANT-385675	CTDC-SPECIMEN-812516	Streck Blood to VARI	BUCCAL CELL SAMPLE	barba_crescit_caput_nescit	Primary	Progression (Fresh)	493.1	scientiae_et_patriae
specimen	CTDC-PARTICIPANT-385675	CTDC-SPECIMEN-287146	Streck Blood to PDMR	FROZEN TISSUE	damnant_quod_non_intellegunt	Metastatic	Baseline (Fresh)	281.11	haec_olim_meminisse_iuvabit
specimen	CTDC-PARTICIPANT-618008	CTDC-SPECIMEN-876832	Snap Frozen Tissue	FORMALIN FIXED TISSUE	scientia_et_labor	Adjacent Non-Tumor	ARCHIVAL	923.9	a_bene_placito
specimen	CTDC-PARTICIPANT-618008	CTDC-SPECIMEN-642747	Fresh Tissue in Media to PDMR	STOOL	scientia_imperii_decus_et_tutamen	Metastatic	ON TREATMENT	78.7	id_quod_plerumque_accidit
specimen	CTDC-PARTICIPANT-434022	CTDC-SPECIMEN-508327	Formalin Fixed Tissue	BUCCAL CELL SAMPLE	barba_crescit_caput_nescit	Adjacent Non-Tumor	Baseline (Fresh)	996.89	scientia_et_sapientia
specimen	CTDC-PARTICIPANT-434022	CTDC-SPECIMEN-645704	Stained Bone Marrow Aspirate Slide	BLOOD	labor_ipse_voluptas	Normal	Archival	734.5	cacatum_non_est_pictum
specimen	CTDC-PARTICIPANT-152891	CTDC-SPECIMEN-983511	Streck Blood to VARI	STOOL	damnant_quod_non_intellegunt	Primary	Post-Treatment (No progression)	16.09	nanos_gigantum_humeris_insidentes
specimen	CTDC-PARTICIPANT-152891	CTDC-SPECIMEN-713714	Formalin Fixed Tissue	FROZEN TISSUE	nanos_gigantum_humeris_insidentes	Metastatic	Baseline (Fresh)	925.27	pace_tua
specimen	CTDC-PARTICIPANT-563856	CTDC-SPECIMEN-736839	EDTA Blood	Bone Marrow	haec_olim_meminisse_iuvabit	Normal	Progression (Fresh)	185.56	sapiens_qui_prospicit
specimen	CTDC-PARTICIPANT-563856	CTDC-SPECIMEN-276792	Unstained Bone Marrow Aspirate Slide	CEREBROSPINAL FLUID	scientia,_aere_perennius	Metastatic	ON TREATMENT	477.95	e_causa_ignota
specimen	CTDC-PARTICIPANT-633383	CTDC-SPECIMEN-819222	Formalin Bone Marrow Biopsy	Formalin Fixed Paraffin Embedded Tissue	barba_crescit_caput_nescit	Primary	On Treatment (Fresh)	628.04	e_causa_ignota
specimen	CTDC-PARTICIPANT-633383	CTDC-SPECIMEN-808867	FORMALIN FIXED TISSUE	BUCCAL CELL SAMPLE	e_causa_ignota	Adjacent Non-Tumor	Baseline (Fresh)	101.09	a_bene_placito
specimen	CTDC-PARTICIPANT-361715	CTDC-SPECIMEN-754919	Unstained Bone Marrow Aspirate Slide	SALIVA	nanos_gigantum_humeris_insidentes	Metastatic	Baseline (Fresh)	888.47	labor_ipse_voluptas
specimen	CTDC-PARTICIPANT-361715	CTDC-SPECIMEN-559214	Fresh Tissue in Media to PDMR	CEREBROSPINAL FLUID	sapiens_qui_prospicit	Normal	Post-Treatment (No progression)	591.24	damnant_quod_non_intellegunt
specimen	CTDC-PARTICIPANT-413496	CTDC-SPECIMEN-629579	FORMALIN FIXED TISSUE	Blood	nascentes_morimur_finisque_ab_origine_pendet	Normal	Baseline (Fresh)	424.82	pace_tua
specimen	CTDC-PARTICIPANT-413496	CTDC-SPECIMEN-552331	Unstained Bone Marrow Aspirate Slide	FRESH TISSUE	scientiae_cedit_mare	Primary	PROGRESSION	291.28	labor_ipse_voluptas
specimen	CTDC-PARTICIPANT-313976	CTDC-SPECIMEN-313616	Fresh Tissue in Media to PDMR	STOOL	cacatum_non_est_pictum	Metastatic	On Treatment (Fresh)	679.92	saltus_in_demonstrando
specimen	CTDC-PARTICIPANT-313976	CTDC-SPECIMEN-276377	EDTA Blood	FROZEN TISSUE	scientiae_et_patriae	Metastatic	Post-Treatment (No progression)	917.23	labor_ipse_voluptas
specimen	CTDC-PARTICIPANT-181398	CTDC-SPECIMEN-725384	Unstained Slide	CEREBROSPINAL FLUID	sapiens_qui_prospicit	Normal	BASELINE	832.39	faber_est_suae_quisque_fortunae
specimen	CTDC-PARTICIPANT-181398	CTDC-SPECIMEN-239685	FFPE Block	Fresh Tissue	scientia,_aere_perennius	Metastatic	BASELINE	571.4	nascentes_morimur_finisque_ab_origine_pendet
specimen	CTDC-PARTICIPANT-541713	CTDC-SPECIMEN-704786	Streck Blood to PDMR	URINE	labor_ipse_voluptas	Primary	PROGRESSION	536.61	scientia_imperii_decus_et_tutamen
specimen	CTDC-PARTICIPANT-541713	CTDC-SPECIMEN-629755	Streck Blood	URINE	imperium_in_imperio	Adjacent Non-Tumor	ARCHIVAL	41.34	sapiens_qui_prospicit
specimen	CTDC-PARTICIPANT-375128	CTDC-SPECIMEN-538633	FFPE Block	BONE MARROW	barba_crescit_caput_nescit	Metastatic	ARCHIVAL	239.51	e_causa_ignota
specimen	CTDC-PARTICIPANT-375128	CTDC-SPECIMEN-366842	Streck Blood to VARI	Blood	Gallia_est_omnis_divisa_in_partes_tres	Primary	Baseline (Fresh)	512.19	a_bene_placito
specimen	CTDC-PARTICIPANT-935764	CTDC-SPECIMEN-531595	Fresh Tissue in Media to PDMR	Frozen Tissue	sapiens_qui_prospicit	Normal	On Treatment (Fresh)	358.63	nanos_gigantum_humeris_insidentes
specimen	CTDC-PARTICIPANT-935764	CTDC-SPECIMEN-927259	Formalin Fixed Tissue	SALIVA	O_Tite_tute_Tati_tibi_tanta_tyranne_tulisti	Normal	On Treatment (Fresh)	590.15	a_bene_placito
specimen	CTDC-PARTICIPANT-642396	CTDC-SPECIMEN-186383	Formalin Bone Marrow Biopsy	URINE	cacatum_non_est_pictum	Adjacent Non-Tumor	ARCHIVAL	664.51	salus_in_arduis
specimen	CTDC-PARTICIPANT-642396	CTDC-SPECIMEN-300971	FORMALIN FIXED TISSUE	Fresh Tissue	damnant_quod_non_intellegunt	Adjacent Non-Tumor	ON TREATMENT	250.45	barba_crescit_caput_nescit
specimen	CTDC-PARTICIPANT-965342	CTDC-SPECIMEN-550652	Bone Marrow Aspirate	STOOL	labor_ipse_voluptas	Adjacent Non-Tumor	Baseline (Fresh)	196.76	salus_in_arduis
specimen	CTDC-PARTICIPANT-965342	CTDC-SPECIMEN-264603	FORMALIN FIXED TISSUE	Fresh Tissue	imperium_in_imperio	Metastatic	Baseline (Fresh)	943.46	salus_in_arduis
specimen	CTDC-PARTICIPANT-515838	CTDC-SPECIMEN-516235	Fresh Tissue in Media to PDMR	BONE MARROW	Gallia_est_omnis_divisa_in_partes_tres	Primary	Archival	921.06	scientia,_aere_perennius
specimen	CTDC-PARTICIPANT-515838	CTDC-SPECIMEN-663470	Formalin Fixed Tissue	Formalin Fixed Tissue	a_bene_placito	Adjacent Non-Tumor	On Treatment (Fresh)	608.35	id_quod_plerumque_accidit
specimen	CTDC-PARTICIPANT-246630	CTDC-SPECIMEN-180123	Formalin Fixed Tissue	OTHER BODILY FLUIDs	O_Tite_tute_Tati_tibi_tanta_tyranne_tulisti	Metastatic	On Treatment (Fresh)	448.46	id_quod_plerumque_accidit
specimen	CTDC-PARTICIPANT-246630	CTDC-SPECIMEN-920531	FFPE Block	CEREBROSPINAL FLUID	scientia_et_labor	Normal	On Treatment (Fresh)	160.66	barba_crescit_caput_nescit
specimen	CTDC-PARTICIPANT-914906	CTDC-SPECIMEN-170682	Formalin Bone Marrow Biopsy	FROZEN TISSUE	sapiens_qui_prospicit	Metastatic	Post-Treatment (No progression)	798.99	labor_ipse_voluptas
specimen	CTDC-PARTICIPANT-914906	CTDC-SPECIMEN-437384	FFPE Block	CEREBROSPINAL FLUID	imperium_in_imperio	Adjacent Non-Tumor	BASELINE	843.11	labor_ipse_voluptas
specimen	CTDC-PARTICIPANT-996697	CTDC-SPECIMEN-223670	Bone Marrow Aspirate	BONE MARROW	O_Tite_tute_Tati_tibi_tanta_tyranne_tulisti	Primary	ARCHIVAL	33.95	Macte_animo_Generose_puer_sic_itur_ad_astra
specimen	CTDC-PARTICIPANT-996697	CTDC-SPECIMEN-285145	FFPE Block	Frozen Tissue	faber_est_suae_quisque_fortunae	Primary	Archival	178.33	scientia_et_sapientia
specimen	CTDC-PARTICIPANT-990858	CTDC-SPECIMEN-278194	FORMALIN FIXED TISSUE	Blood	faber_est_suae_quisque_fortunae	Primary	PROGRESSION	768.98	barba_crescit_caput_nescit
specimen	CTDC-PARTICIPANT-990858	CTDC-SPECIMEN-179369	Unstained Bone Marrow Aspirate Slide	BUCCAL CELL SAMPLE	scientia_et_labor	Primary	BASELINE	38.36	faber_est_suae_quisque_fortunae
specimen	CTDC-PARTICIPANT-311756	CTDC-SPECIMEN-973430	Snap Frozen Tissue	FRESH TISSUE	labor_ipse_voluptas	Metastatic	Post-Treatment (No progression)	428.24	Macte_animo_Generose_puer_sic_itur_ad_astra
specimen	CTDC-PARTICIPANT-311756	CTDC-SPECIMEN-951786	Unstained Bone Marrow Aspirate Slide	URINE	damnant_quod_non_intellegunt	Normal	BASELINE	686.98	barba_crescit_caput_nescit
specimen	CTDC-PARTICIPANT-998159	CTDC-SPECIMEN-216369	Streck Blood to VARI	BONE MARROW	barba_crescit_caput_nescit	Metastatic	PROGRESSION	331.86	sapiens_qui_prospicit
specimen	CTDC-PARTICIPANT-998159	CTDC-SPECIMEN-990278	Bone Marrow Aspirate	FROZEN TISSUE	cacatum_non_est_pictum	Normal	On Treatment (Fresh)	501.41	nascentes_morimur_finisque_ab_origine_pendet
specimen	CTDC-PARTICIPANT-619107	CTDC-SPECIMEN-932418	Streck Blood to VARI	OTHER BODILY FLUIDs	imperium_in_imperio	Primary	ARCHIVAL	826.35	scientia,_aere_perennius
specimen	CTDC-PARTICIPANT-619107	CTDC-SPECIMEN-293020	Streck Blood to PDMR	Frozen Tissue	scientia_et_labor	Normal	ON TREATMENT	373.21	sapiens_qui_prospicit
specimen	CTDC-PARTICIPANT-967168	CTDC-SPECIMEN-489442	Formalin Bone Marrow Biopsy	Fresh Tissue	scientia_imperii_decus_et_tutamen	Primary	Progression (Fresh)	462.6	scientia_et_sapientia
specimen	CTDC-PARTICIPANT-967168	CTDC-SPECIMEN-548123	Unstained Bone Marrow Aspirate Slide	STOOL	nascentes_morimur_finisque_ab_origine_pendet	Normal	Baseline (Fresh)	184.03	scientia,_aere_perennius
specimen	CTDC-PARTICIPANT-459821	CTDC-SPECIMEN-301366	Cell Block	SALIVA	haec_olim_meminisse_iuvabit	Metastatic	ARCHIVAL	186.48	scientiae_cedit_mare
specimen	CTDC-PARTICIPANT-459821	CTDC-SPECIMEN-574333	Formalin Fixed Tissue	BLOOD	id_quod_plerumque_accidit	Adjacent Non-Tumor	PROGRESSION	76.74	sapiens_qui_prospicit
specimen	CTDC-PARTICIPANT-828023	CTDC-SPECIMEN-254028	FORMALIN FIXED TISSUE	STOOL	Obedientia_civium_urbis_felicitas	Normal	Post-Treatment (No progression)	705.35	barba_crescit_caput_nescit
specimen	CTDC-PARTICIPANT-828023	CTDC-SPECIMEN-343627	Fresh Tissue in Media to PDMR	Frozen Tissue	saltus_in_demonstrando	Adjacent Non-Tumor	BASELINE	901.79	Obedientia_civium_urbis_felicitas
specimen	CTDC-PARTICIPANT-712034	CTDC-SPECIMEN-592400	FFPE Block	Fresh Tissue	nascentes_morimur_finisque_ab_origine_pendet	Metastatic	PROGRESSION	741.84	scientia,_aere_perennius
specimen	CTDC-PARTICIPANT-712034	CTDC-SPECIMEN-520874	Fresh Tissue in Media to PDMR	CEREBROSPINAL FLUID	scientia_imperii_decus_et_tutamen	Metastatic	On Treatment (Fresh)	175.54	e_causa_ignota
specimen	CTDC-PARTICIPANT-462972	CTDC-SPECIMEN-456969	Unstained Bone Marrow Aspirate Slide	OTHER BODILY FLUIDs	pace_tua	Primary	Post-Treatment (No progression)	18.92	labor_ipse_voluptas
specimen	CTDC-PARTICIPANT-462972	CTDC-SPECIMEN-270557	Snap Frozen Tissue	BONE MARROW	barba_crescit_caput_nescit	Metastatic	Post-Treatment (No progression)	798.62	faber_est_suae_quisque_fortunae
specimen	CTDC-PARTICIPANT-312749	CTDC-SPECIMEN-512148	FFPE Block	STOOL	damnant_quod_non_intellegunt	Adjacent Non-Tumor	Progression (Fresh)	137.77	Macte_animo_Generose_puer_sic_itur_ad_astra
specimen	CTDC-PARTICIPANT-312749	CTDC-SPECIMEN-721960	Formalin Fixed Tissue	URINE	labor_ipse_voluptas	Metastatic	On Treatment (Fresh)	984.92	labor_ipse_voluptas
specimen	CTDC-PARTICIPANT-990328	CTDC-SPECIMEN-887592	Snap Frozen Tissue	BUCCAL CELL SAMPLE	Obedientia_civium_urbis_felicitas	Normal	Progression (Fresh)	946.59	id_quod_plerumque_accidit
specimen	CTDC-PARTICIPANT-990328	CTDC-SPECIMEN-722949	Bone Marrow Aspirate	Blood	damnant_quod_non_intellegunt	Adjacent Non-Tumor	On Treatment (Fresh)	778.7	scientia,_aere_perennius
specimen	CTDC-PARTICIPANT-310032	CTDC-SPECIMEN-302539	FORMALIN FIXED TISSUE	BUCCAL CELL SAMPLE	salus_in_arduis	Normal	Progression (Fresh)	760.03	faber_est_suae_quisque_fortunae
specimen	CTDC-PARTICIPANT-310032	CTDC-SPECIMEN-195154	Formalin Fixed Tissue	Bone Marrow	O_Tite_tute_Tati_tibi_tanta_tyranne_tulisti	Primary	Baseline (Fresh)	324.89	nanos_gigantum_humeris_insidentes
specimen	CTDC-PARTICIPANT-454476	CTDC-SPECIMEN-926361	Unstained Bone Marrow Aspirate Slide	BONE MARROW	barba_crescit_caput_nescit	Normal	PROGRESSION	524.49	nanos_gigantum_humeris_insidentes
specimen	CTDC-PARTICIPANT-454476	CTDC-SPECIMEN-540040	FFPE Block	Blood	saltus_in_demonstrando	Primary	PROGRESSION	391.89	nanos_gigantum_humeris_insidentes
specimen	CTDC-PARTICIPANT-647057	CTDC-SPECIMEN-226849	Cell Block	BUCCAL CELL SAMPLE	sapiens_qui_prospicit	Adjacent Non-Tumor	Post-Treatment (No progression)	274.33	sapiens_qui_prospicit
specimen	CTDC-PARTICIPANT-647057	CTDC-SPECIMEN-769508	Formalin Bone Marrow Biopsy	FORMALIN FIXED TISSUE	Gallia_est_omnis_divisa_in_partes_tres	Metastatic	Post-Treatment (No progression)	159.61	sapiens_qui_prospicit
specimen	CTDC-PARTICIPANT-732783	CTDC-SPECIMEN-532811	Fresh Tissue in Media to PDMR	Fresh Tissue	scientiae_cedit_mare	Primary	Baseline (Fresh)	714.2	faber_est_suae_quisque_fortunae
specimen	CTDC-PARTICIPANT-732783	CTDC-SPECIMEN-148411	Streck Blood	Fresh Tissue	scientiae_cedit_mare	Normal	Post-Treatment (No progression)	599.43	scientiae_et_patriae
specimen	CTDC-PARTICIPANT-647189	CTDC-SPECIMEN-264386	Streck Blood to PDMR	BLOOD	salus_in_arduis	Metastatic	ON TREATMENT	607.16	faber_est_suae_quisque_fortunae
specimen	CTDC-PARTICIPANT-647189	CTDC-SPECIMEN-287523	Formalin Fixed Tissue	Formalin Fixed Tissue	Gallia_est_omnis_divisa_in_partes_tres	Normal	ON TREATMENT	345.47	scientia_imperii_decus_et_tutamen
specimen	CTDC-PARTICIPANT-676963	CTDC-SPECIMEN-655855	Unstained Slide	FORMALIN FIXED TISSUE	cacatum_non_est_pictum	Primary	Post-Treatment (No progression)	464.95	cacatum_non_est_pictum
specimen	CTDC-PARTICIPANT-676963	CTDC-SPECIMEN-903609	FORMALIN FIXED TISSUE	OTHER BODILY FLUIDs	scientia_imperii_decus_et_tutamen	Normal	Post-Treatment (No progression)	831.04	imperium_in_imperio
specimen	CTDC-PARTICIPANT-971299	CTDC-SPECIMEN-304197	Bone Marrow Aspirate	BLOOD	scientia_et_labor	Metastatic	Post-Treatment (No progression)	524.18	scientia_imperii_decus_et_tutamen
specimen	CTDC-PARTICIPANT-971299	CTDC-SPECIMEN-399697	Streck Blood to VARI	BONE MARROW	labor_ipse_voluptas	Normal	ARCHIVAL	70.81	Obedientia_civium_urbis_felicitas
specimen	CTDC-PARTICIPANT-888011	CTDC-SPECIMEN-562033	Unstained Bone Marrow Aspirate Slide	Formalin Fixed Paraffin Embedded Tissue	scientiae_et_patriae	Adjacent Non-Tumor	Archival	419.97	scientia,_aere_perennius
specimen	CTDC-PARTICIPANT-888011	CTDC-SPECIMEN-839072	Streck Blood	Blood	imperium_in_imperio	Metastatic	Progression (Fresh)	734.81	O_Tite_tute_Tati_tibi_tanta_tyranne_tulisti
specimen	CTDC-PARTICIPANT-836519	CTDC-SPECIMEN-776046	FORMALIN FIXED TISSUE	BONE MARROW	sapiens_qui_prospicit	Metastatic	Post-Treatment (No progression)	396.59	salus_in_arduis
specimen	CTDC-PARTICIPANT-836519	CTDC-SPECIMEN-121589	Bone Marrow Aspirate	Fresh Tissue	salus_in_arduis	Normal	Archival	403.54	scientia_et_labor
specimen	CTDC-PARTICIPANT-699815	CTDC-SPECIMEN-995705	Formalin Fixed Tissue	FORMALIN FIXED TISSUE	damnant_quod_non_intellegunt	Adjacent Non-Tumor	On Treatment (Fresh)	746.19	nanos_gigantum_humeris_insidentes
specimen	CTDC-PARTICIPANT-699815	CTDC-SPECIMEN-785178	Bone Marrow Aspirate	FORMALIN FIXED PARAFFIN EMBEDDED TISSUE	salus_in_arduis	Normal	On Treatment (Fresh)	622.95	nanos_gigantum_humeris_insidentes
specimen	CTDC-PARTICIPANT-184105	CTDC-SPECIMEN-743559	FORMALIN FIXED TISSUE	Frozen Tissue	barba_crescit_caput_nescit	Metastatic	Archival	768.05	pace_tua
specimen	CTDC-PARTICIPANT-184105	CTDC-SPECIMEN-858933	Cell Block	Frozen Tissue	imperium_in_imperio	Normal	ON TREATMENT	296.76	cacatum_non_est_pictum
specimen	CTDC-PARTICIPANT-698815	CTDC-SPECIMEN-204856	FFPE Block	FROZEN TISSUE	scientiae_et_patriae	Adjacent Non-Tumor	Progression (Fresh)	550.0	faber_est_suae_quisque_fortunae
specimen	CTDC-PARTICIPANT-698815	CTDC-SPECIMEN-642975	FFPE Block	FROZEN TISSUE	haec_olim_meminisse_iuvabit	Primary	Baseline (Fresh)	17.47	saltus_in_demonstrando
specimen	CTDC-PARTICIPANT-882747	CTDC-SPECIMEN-647359	Formalin Bone Marrow Biopsy	Fresh Tissue	labor_ipse_voluptas	Adjacent Non-Tumor	PROGRESSION	83.94	Gallia_est_omnis_divisa_in_partes_tres
specimen	CTDC-PARTICIPANT-882747	CTDC-SPECIMEN-622742	Streck Blood	BONE MARROW	scientia_imperii_decus_et_tutamen	Metastatic	ARCHIVAL	978.85	pace_tua
specimen	CTDC-PARTICIPANT-786561	CTDC-SPECIMEN-968207	EDTA Blood	BLOOD	barba_crescit_caput_nescit	Adjacent Non-Tumor	ON TREATMENT	50.16	scientia_et_sapientia
specimen	CTDC-PARTICIPANT-786561	CTDC-SPECIMEN-455342	Unstained Bone Marrow Aspirate Slide	FORMALIN FIXED TISSUE	nanos_gigantum_humeris_insidentes	Metastatic	Archival	929.9	pace_tua
specimen	CTDC-PARTICIPANT-867798	CTDC-SPECIMEN-266382	Bone Marrow Aspirate	FORMALIN FIXED PARAFFIN EMBEDDED TISSUE	e_causa_ignota	Primary	Progression (Fresh)	908.83	damnant_quod_non_intellegunt
specimen	CTDC-PARTICIPANT-867798	CTDC-SPECIMEN-789714	Formalin Bone Marrow Biopsy	FORMALIN FIXED TISSUE	scientiae_et_patriae	Metastatic	Progression (Fresh)	867.97	Macte_animo_Generose_puer_sic_itur_ad_astra
specimen	CTDC-PARTICIPANT-392396	CTDC-SPECIMEN-802057	Bone Marrow Aspirate	CEREBROSPINAL FLUID	barba_crescit_caput_nescit	Primary	Post-Treatment (No progression)	214.52	haec_olim_meminisse_iuvabit
specimen	CTDC-PARTICIPANT-392396	CTDC-SPECIMEN-448778	Streck Blood	CEREBROSPINAL FLUID	O_Tite_tute_Tati_tibi_tanta_tyranne_tulisti	Primary	Archival	340.77	scientiae_et_patriae
