type	participant.participant_id	surgical_procedure_record_id	surgical_procedure	surgical_procedure_date	surgical_procedure_anatomical_location	surgical_procedure_therapeutic	surgical_procedure_findings	extent_of_residual_disease	crdc_id
surgery	CTDC-PARTICIPANT-255086	CTDC-SURGERY-181348	Gallia_est_omnis_divisa_in_partes_tres	449	scientia_et_sapientia	Yes	scientia_et_sapientia	barba_crescit_caput_nescit	scientia_imperii_decus_et_tutamen
surgery	CTDC-PARTICIPANT-255086	CTDC-SURGERY-607412	imperium_in_imperio	737	id_quod_plerumque_accidit	No	barba_crescit_caput_nescit	salus_in_arduis	scientia,_aere_perennius
surgery	CTDC-PARTICIPANT-214681	CTDC-SURGERY-766536	scientia_imperii_decus_et_tutamen	964	barba_crescit_caput_nescit	Yes	nascentes_morimur_finisque_ab_origine_pendet	salus_in_arduis	imperium_in_imperio
surgery	CTDC-PARTICIPANT-214681	CTDC-SURGERY-732520	e_causa_ignota	170	pace_tua	Yes	damnant_quod_non_intellegunt	e_causa_ignota	Obedientia_civium_urbis_felicitas
surgery	CTDC-PARTICIPANT-660575	CTDC-SURGERY-213973	sapiens_qui_prospicit	81	pace_tua	No	scientia_imperii_decus_et_tutamen	nanos_gigantum_humeris_insidentes	damnant_quod_non_intellegunt
surgery	CTDC-PARTICIPANT-660575	CTDC-SURGERY-827982	a_bene_placito	124	e_causa_ignota	Yes	damnant_quod_non_intellegunt	salus_in_arduis	id_quod_plerumque_accidit
surgery	CTDC-PARTICIPANT-518364	CTDC-SURGERY-827746	haec_olim_meminisse_iuvabit	993	barba_crescit_caput_nescit	No	scientiae_cedit_mare	damnant_quod_non_intellegunt	scientiae_et_patriae
surgery	CTDC-PARTICIPANT-518364	CTDC-SURGERY-183640	damnant_quod_non_intellegunt	133	a_bene_placito	Yes	scientia_et_labor	pace_tua	damnant_quod_non_intellegunt
surgery	CTDC-PARTICIPANT-701612	CTDC-SURGERY-131584	pace_tua	217	barba_crescit_caput_nescit	No	salus_in_arduis	salus_in_arduis	faber_est_suae_quisque_fortunae
surgery	CTDC-PARTICIPANT-701612	CTDC-SURGERY-716382	cacatum_non_est_pictum	191	scientiae_et_patriae	Yes	pace_tua	a_bene_placito	salus_in_arduis
surgery	CTDC-PARTICIPANT-637495	CTDC-SURGERY-893877	scientia_imperii_decus_et_tutamen	446	scientia_et_labor	No	scientiae_et_patriae	pace_tua	damnant_quod_non_intellegunt
surgery	CTDC-PARTICIPANT-637495	CTDC-SURGERY-748560	pace_tua	946	id_quod_plerumque_accidit	No	labor_ipse_voluptas	scientia_et_sapientia	pace_tua
surgery	CTDC-PARTICIPANT-390274	CTDC-SURGERY-518942	id_quod_plerumque_accidit	114	scientia_et_labor	Yes	imperium_in_imperio	barba_crescit_caput_nescit	nanos_gigantum_humeris_insidentes
surgery	CTDC-PARTICIPANT-390274	CTDC-SURGERY-374338	saltus_in_demonstrando	468	sapiens_qui_prospicit	Yes	barba_crescit_caput_nescit	scientiae_cedit_mare	nanos_gigantum_humeris_insidentes
surgery	CTDC-PARTICIPANT-605060	CTDC-SURGERY-121396	faber_est_suae_quisque_fortunae	814	salus_in_arduis	Yes	scientia,_aere_perennius	imperium_in_imperio	nascentes_morimur_finisque_ab_origine_pendet
surgery	CTDC-PARTICIPANT-605060	CTDC-SURGERY-534314	e_causa_ignota	933	salus_in_arduis	No	labor_ipse_voluptas	pace_tua	nanos_gigantum_humeris_insidentes
surgery	CTDC-PARTICIPANT-955678	CTDC-SURGERY-762381	scientia_et_labor	107	nanos_gigantum_humeris_insidentes	No	nascentes_morimur_finisque_ab_origine_pendet	pace_tua	cacatum_non_est_pictum
surgery	CTDC-PARTICIPANT-955678	CTDC-SURGERY-606601	O_Tite_tute_Tati_tibi_tanta_tyranne_tulisti	645	labor_ipse_voluptas	Yes	nascentes_morimur_finisque_ab_origine_pendet	salus_in_arduis	saltus_in_demonstrando
surgery	CTDC-PARTICIPANT-787508	CTDC-SURGERY-131555	cacatum_non_est_pictum	733	barba_crescit_caput_nescit	No	nanos_gigantum_humeris_insidentes	damnant_quod_non_intellegunt	faber_est_suae_quisque_fortunae
surgery	CTDC-PARTICIPANT-787508	CTDC-SURGERY-143980	Gallia_est_omnis_divisa_in_partes_tres	827	scientia,_aere_perennius	No	barba_crescit_caput_nescit	damnant_quod_non_intellegunt	haec_olim_meminisse_iuvabit
surgery	CTDC-PARTICIPANT-796466	CTDC-SURGERY-342582	scientia_et_sapientia	922	faber_est_suae_quisque_fortunae	No	Gallia_est_omnis_divisa_in_partes_tres	scientia,_aere_perennius	Macte_animo_Generose_puer_sic_itur_ad_astra
surgery	CTDC-PARTICIPANT-796466	CTDC-SURGERY-600626	O_Tite_tute_Tati_tibi_tanta_tyranne_tulisti	66	haec_olim_meminisse_iuvabit	No	faber_est_suae_quisque_fortunae	faber_est_suae_quisque_fortunae	Obedientia_civium_urbis_felicitas
surgery	CTDC-PARTICIPANT-249606	CTDC-SURGERY-799047	O_Tite_tute_Tati_tibi_tanta_tyranne_tulisti	156	id_quod_plerumque_accidit	No	O_Tite_tute_Tati_tibi_tanta_tyranne_tulisti	labor_ipse_voluptas	Obedientia_civium_urbis_felicitas
surgery	CTDC-PARTICIPANT-249606	CTDC-SURGERY-629629	pace_tua	998	O_Tite_tute_Tati_tibi_tanta_tyranne_tulisti	No	scientia_imperii_decus_et_tutamen	sapiens_qui_prospicit	O_Tite_tute_Tati_tibi_tanta_tyranne_tulisti
surgery	CTDC-PARTICIPANT-829468	CTDC-SURGERY-868232	sapiens_qui_prospicit	49	scientia_et_sapientia	Yes	scientia_et_labor	sapiens_qui_prospicit	e_causa_ignota
surgery	CTDC-PARTICIPANT-829468	CTDC-SURGERY-725240	scientia_et_labor	456	salus_in_arduis	No	nascentes_morimur_finisque_ab_origine_pendet	barba_crescit_caput_nescit	Obedientia_civium_urbis_felicitas
surgery	CTDC-PARTICIPANT-797911	CTDC-SURGERY-882163	damnant_quod_non_intellegunt	794	cacatum_non_est_pictum	No	Gallia_est_omnis_divisa_in_partes_tres	nanos_gigantum_humeris_insidentes	damnant_quod_non_intellegunt
surgery	CTDC-PARTICIPANT-797911	CTDC-SURGERY-575776	faber_est_suae_quisque_fortunae	444	O_Tite_tute_Tati_tibi_tanta_tyranne_tulisti	No	id_quod_plerumque_accidit	imperium_in_imperio	labor_ipse_voluptas
surgery	CTDC-PARTICIPANT-928561	CTDC-SURGERY-219531	scientiae_cedit_mare	356	Macte_animo_Generose_puer_sic_itur_ad_astra	No	scientia_et_sapientia	scientia_et_labor	sapiens_qui_prospicit
surgery	CTDC-PARTICIPANT-928561	CTDC-SURGERY-218386	barba_crescit_caput_nescit	451	Gallia_est_omnis_divisa_in_partes_tres	Yes	damnant_quod_non_intellegunt	cacatum_non_est_pictum	Gallia_est_omnis_divisa_in_partes_tres
surgery	CTDC-PARTICIPANT-954478	CTDC-SURGERY-680767	scientiae_et_patriae	295	imperium_in_imperio	Yes	damnant_quod_non_intellegunt	e_causa_ignota	id_quod_plerumque_accidit
surgery	CTDC-PARTICIPANT-954478	CTDC-SURGERY-419611	scientia_imperii_decus_et_tutamen	471	imperium_in_imperio	No	nascentes_morimur_finisque_ab_origine_pendet	Macte_animo_Generose_puer_sic_itur_ad_astra	e_causa_ignota
surgery	CTDC-PARTICIPANT-386570	CTDC-SURGERY-693723	scientia,_aere_perennius	428	Gallia_est_omnis_divisa_in_partes_tres	Yes	scientia,_aere_perennius	Gallia_est_omnis_divisa_in_partes_tres	nascentes_morimur_finisque_ab_origine_pendet
surgery	CTDC-PARTICIPANT-386570	CTDC-SURGERY-797363	scientiae_cedit_mare	403	sapiens_qui_prospicit	No	Obedientia_civium_urbis_felicitas	cacatum_non_est_pictum	id_quod_plerumque_accidit
surgery	CTDC-PARTICIPANT-761014	CTDC-SURGERY-589387	damnant_quod_non_intellegunt	162	faber_est_suae_quisque_fortunae	Yes	a_bene_placito	scientia_et_labor	e_causa_ignota
surgery	CTDC-PARTICIPANT-761014	CTDC-SURGERY-135571	imperium_in_imperio	163	scientiae_cedit_mare	Yes	scientia_et_sapientia	Obedientia_civium_urbis_felicitas	Obedientia_civium_urbis_felicitas
surgery	CTDC-PARTICIPANT-627536	CTDC-SURGERY-175352	Macte_animo_Generose_puer_sic_itur_ad_astra	453	scientia,_aere_perennius	No	nanos_gigantum_humeris_insidentes	imperium_in_imperio	Macte_animo_Generose_puer_sic_itur_ad_astra
surgery	CTDC-PARTICIPANT-627536	CTDC-SURGERY-880659	e_causa_ignota	182	e_causa_ignota	Yes	sapiens_qui_prospicit	sapiens_qui_prospicit	O_Tite_tute_Tati_tibi_tanta_tyranne_tulisti
surgery	CTDC-PARTICIPANT-282263	CTDC-SURGERY-787091	scientia,_aere_perennius	356	scientiae_cedit_mare	Yes	O_Tite_tute_Tati_tibi_tanta_tyranne_tulisti	salus_in_arduis	damnant_quod_non_intellegunt
surgery	CTDC-PARTICIPANT-282263	CTDC-SURGERY-711056	faber_est_suae_quisque_fortunae	960	scientia_et_sapientia	Yes	imperium_in_imperio	a_bene_placito	sapiens_qui_prospicit
surgery	CTDC-PARTICIPANT-688099	CTDC-SURGERY-614612	imperium_in_imperio	555	sapiens_qui_prospicit	No	scientia_et_sapientia	Obedientia_civium_urbis_felicitas	salus_in_arduis
surgery	CTDC-PARTICIPANT-688099	CTDC-SURGERY-614576	scientiae_cedit_mare	287	labor_ipse_voluptas	No	haec_olim_meminisse_iuvabit	cacatum_non_est_pictum	scientia,_aere_perennius
surgery	CTDC-PARTICIPANT-939913	CTDC-SURGERY-738980	Macte_animo_Generose_puer_sic_itur_ad_astra	911	scientia_et_labor	No	Obedientia_civium_urbis_felicitas	nanos_gigantum_humeris_insidentes	scientia,_aere_perennius
surgery	CTDC-PARTICIPANT-939913	CTDC-SURGERY-408979	O_Tite_tute_Tati_tibi_tanta_tyranne_tulisti	473	sapiens_qui_prospicit	No	imperium_in_imperio	nascentes_morimur_finisque_ab_origine_pendet	Gallia_est_omnis_divisa_in_partes_tres
surgery	CTDC-PARTICIPANT-539346	CTDC-SURGERY-386486	scientia_et_sapientia	89	Obedientia_civium_urbis_felicitas	No	e_causa_ignota	barba_crescit_caput_nescit	barba_crescit_caput_nescit
surgery	CTDC-PARTICIPANT-539346	CTDC-SURGERY-481978	salus_in_arduis	786	a_bene_placito	No	scientia_imperii_decus_et_tutamen	saltus_in_demonstrando	Obedientia_civium_urbis_felicitas
surgery	CTDC-PARTICIPANT-246150	CTDC-SURGERY-480239	nanos_gigantum_humeris_insidentes	954	faber_est_suae_quisque_fortunae	Yes	Macte_animo_Generose_puer_sic_itur_ad_astra	scientiae_et_patriae	Obedientia_civium_urbis_felicitas
surgery	CTDC-PARTICIPANT-246150	CTDC-SURGERY-370317	scientia,_aere_perennius	152	Gallia_est_omnis_divisa_in_partes_tres	Yes	sapiens_qui_prospicit	pace_tua	scientia_et_sapientia
surgery	CTDC-PARTICIPANT-570246	CTDC-SURGERY-932916	scientia_imperii_decus_et_tutamen	430	a_bene_placito	No	pace_tua	id_quod_plerumque_accidit	saltus_in_demonstrando
surgery	CTDC-PARTICIPANT-570246	CTDC-SURGERY-848995	Gallia_est_omnis_divisa_in_partes_tres	278	saltus_in_demonstrando	Yes	haec_olim_meminisse_iuvabit	haec_olim_meminisse_iuvabit	scientia_et_labor
surgery	CTDC-PARTICIPANT-291591	CTDC-SURGERY-942949	saltus_in_demonstrando	520	sapiens_qui_prospicit	No	labor_ipse_voluptas	imperium_in_imperio	cacatum_non_est_pictum
surgery	CTDC-PARTICIPANT-291591	CTDC-SURGERY-939929	labor_ipse_voluptas	414	Gallia_est_omnis_divisa_in_partes_tres	No	barba_crescit_caput_nescit	nascentes_morimur_finisque_ab_origine_pendet	pace_tua
surgery	CTDC-PARTICIPANT-940083	CTDC-SURGERY-235337	salus_in_arduis	969	damnant_quod_non_intellegunt	No	nascentes_morimur_finisque_ab_origine_pendet	id_quod_plerumque_accidit	scientia_imperii_decus_et_tutamen
surgery	CTDC-PARTICIPANT-940083	CTDC-SURGERY-216520	haec_olim_meminisse_iuvabit	449	Macte_animo_Generose_puer_sic_itur_ad_astra	No	haec_olim_meminisse_iuvabit	e_causa_ignota	nascentes_morimur_finisque_ab_origine_pendet
surgery	CTDC-PARTICIPANT-626731	CTDC-SURGERY-572218	salus_in_arduis	292	labor_ipse_voluptas	No	e_causa_ignota	Macte_animo_Generose_puer_sic_itur_ad_astra	cacatum_non_est_pictum
surgery	CTDC-PARTICIPANT-626731	CTDC-SURGERY-284678	nascentes_morimur_finisque_ab_origine_pendet	986	scientia_et_labor	Yes	sapiens_qui_prospicit	labor_ipse_voluptas	salus_in_arduis
surgery	CTDC-PARTICIPANT-652301	CTDC-SURGERY-529821	nanos_gigantum_humeris_insidentes	218	id_quod_plerumque_accidit	Yes	e_causa_ignota	id_quod_plerumque_accidit	labor_ipse_voluptas
surgery	CTDC-PARTICIPANT-652301	CTDC-SURGERY-536229	barba_crescit_caput_nescit	406	a_bene_placito	Yes	Macte_animo_Generose_puer_sic_itur_ad_astra	Macte_animo_Generose_puer_sic_itur_ad_astra	salus_in_arduis
surgery	CTDC-PARTICIPANT-491260	CTDC-SURGERY-649215	scientia_imperii_decus_et_tutamen	224	nascentes_morimur_finisque_ab_origine_pendet	No	salus_in_arduis	cacatum_non_est_pictum	nascentes_morimur_finisque_ab_origine_pendet
surgery	CTDC-PARTICIPANT-491260	CTDC-SURGERY-634499	scientiae_et_patriae	798	nascentes_morimur_finisque_ab_origine_pendet	Yes	scientia_imperii_decus_et_tutamen	e_causa_ignota	Obedientia_civium_urbis_felicitas
surgery	CTDC-PARTICIPANT-761432	CTDC-SURGERY-700232	Gallia_est_omnis_divisa_in_partes_tres	980	scientiae_cedit_mare	No	id_quod_plerumque_accidit	scientiae_cedit_mare	faber_est_suae_quisque_fortunae
surgery	CTDC-PARTICIPANT-761432	CTDC-SURGERY-443207	faber_est_suae_quisque_fortunae	764	scientia_et_sapientia	No	nanos_gigantum_humeris_insidentes	a_bene_placito	salus_in_arduis
surgery	CTDC-PARTICIPANT-352043	CTDC-SURGERY-639848	faber_est_suae_quisque_fortunae	442	scientia,_aere_perennius	Yes	saltus_in_demonstrando	barba_crescit_caput_nescit	a_bene_placito
surgery	CTDC-PARTICIPANT-352043	CTDC-SURGERY-501690	nascentes_morimur_finisque_ab_origine_pendet	160	scientiae_et_patriae	No	scientia_et_labor	scientia_et_labor	O_Tite_tute_Tati_tibi_tanta_tyranne_tulisti
surgery	CTDC-PARTICIPANT-828608	CTDC-SURGERY-698133	haec_olim_meminisse_iuvabit	550	imperium_in_imperio	Yes	scientia_et_labor	e_causa_ignota	pace_tua
surgery	CTDC-PARTICIPANT-828608	CTDC-SURGERY-703438	a_bene_placito	306	scientia,_aere_perennius	Yes	a_bene_placito	imperium_in_imperio	e_causa_ignota
surgery	CTDC-PARTICIPANT-232321	CTDC-SURGERY-186506	sapiens_qui_prospicit	214	sapiens_qui_prospicit	No	faber_est_suae_quisque_fortunae	nascentes_morimur_finisque_ab_origine_pendet	a_bene_placito
surgery	CTDC-PARTICIPANT-232321	CTDC-SURGERY-134149	saltus_in_demonstrando	788	scientia_imperii_decus_et_tutamen	No	scientia_et_labor	scientia,_aere_perennius	barba_crescit_caput_nescit
surgery	CTDC-PARTICIPANT-733066	CTDC-SURGERY-898682	haec_olim_meminisse_iuvabit	559	barba_crescit_caput_nescit	Yes	id_quod_plerumque_accidit	e_causa_ignota	Obedientia_civium_urbis_felicitas
surgery	CTDC-PARTICIPANT-733066	CTDC-SURGERY-445991	scientiae_cedit_mare	640	haec_olim_meminisse_iuvabit	Yes	Macte_animo_Generose_puer_sic_itur_ad_astra	a_bene_placito	Macte_animo_Generose_puer_sic_itur_ad_astra
surgery	CTDC-PARTICIPANT-428219	CTDC-SURGERY-685658	damnant_quod_non_intellegunt	453	sapiens_qui_prospicit	Yes	imperium_in_imperio	scientia_et_sapientia	haec_olim_meminisse_iuvabit
surgery	CTDC-PARTICIPANT-428219	CTDC-SURGERY-503454	sapiens_qui_prospicit	881	barba_crescit_caput_nescit	No	cacatum_non_est_pictum	Gallia_est_omnis_divisa_in_partes_tres	scientia_et_sapientia
surgery	CTDC-PARTICIPANT-215053	CTDC-SURGERY-528063	nanos_gigantum_humeris_insidentes	844	a_bene_placito	No	scientiae_cedit_mare	scientiae_et_patriae	nascentes_morimur_finisque_ab_origine_pendet
surgery	CTDC-PARTICIPANT-215053	CTDC-SURGERY-793901	damnant_quod_non_intellegunt	128	Gallia_est_omnis_divisa_in_partes_tres	Yes	Obedientia_civium_urbis_felicitas	scientia_imperii_decus_et_tutamen	nanos_gigantum_humeris_insidentes
surgery	CTDC-PARTICIPANT-946005	CTDC-SURGERY-491218	scientia_et_labor	85	nanos_gigantum_humeris_insidentes	No	haec_olim_meminisse_iuvabit	scientia_imperii_decus_et_tutamen	barba_crescit_caput_nescit
surgery	CTDC-PARTICIPANT-946005	CTDC-SURGERY-109319	Gallia_est_omnis_divisa_in_partes_tres	319	scientia,_aere_perennius	Yes	nascentes_morimur_finisque_ab_origine_pendet	salus_in_arduis	scientiae_et_patriae
surgery	CTDC-PARTICIPANT-174366	CTDC-SURGERY-780386	O_Tite_tute_Tati_tibi_tanta_tyranne_tulisti	913	Macte_animo_Generose_puer_sic_itur_ad_astra	Yes	nascentes_morimur_finisque_ab_origine_pendet	labor_ipse_voluptas	Obedientia_civium_urbis_felicitas
surgery	CTDC-PARTICIPANT-174366	CTDC-SURGERY-684886	cacatum_non_est_pictum	79	imperium_in_imperio	No	cacatum_non_est_pictum	pace_tua	haec_olim_meminisse_iuvabit
surgery	CTDC-PARTICIPANT-856892	CTDC-SURGERY-757753	imperium_in_imperio	255	e_causa_ignota	Yes	damnant_quod_non_intellegunt	nanos_gigantum_humeris_insidentes	a_bene_placito
surgery	CTDC-PARTICIPANT-856892	CTDC-SURGERY-712388	barba_crescit_caput_nescit	797	labor_ipse_voluptas	Yes	scientia_et_sapientia	scientia_et_sapientia	nascentes_morimur_finisque_ab_origine_pendet
surgery	CTDC-PARTICIPANT-922991	CTDC-SURGERY-124891	scientia_et_sapientia	624	barba_crescit_caput_nescit	No	haec_olim_meminisse_iuvabit	saltus_in_demonstrando	imperium_in_imperio
surgery	CTDC-PARTICIPANT-922991	CTDC-SURGERY-177657	labor_ipse_voluptas	639	labor_ipse_voluptas	No	id_quod_plerumque_accidit	scientia_imperii_decus_et_tutamen	O_Tite_tute_Tati_tibi_tanta_tyranne_tulisti
surgery	CTDC-PARTICIPANT-291581	CTDC-SURGERY-642925	scientia_imperii_decus_et_tutamen	817	saltus_in_demonstrando	Yes	salus_in_arduis	scientiae_et_patriae	Obedientia_civium_urbis_felicitas
surgery	CTDC-PARTICIPANT-291581	CTDC-SURGERY-240863	a_bene_placito	881	barba_crescit_caput_nescit	Yes	scientiae_cedit_mare	Obedientia_civium_urbis_felicitas	nanos_gigantum_humeris_insidentes
surgery	CTDC-PARTICIPANT-474449	CTDC-SURGERY-736643	sapiens_qui_prospicit	84	salus_in_arduis	No	e_causa_ignota	barba_crescit_caput_nescit	Gallia_est_omnis_divisa_in_partes_tres
surgery	CTDC-PARTICIPANT-474449	CTDC-SURGERY-287747	nanos_gigantum_humeris_insidentes	933	scientia_et_labor	Yes	scientia_imperii_decus_et_tutamen	a_bene_placito	a_bene_placito
surgery	CTDC-PARTICIPANT-500277	CTDC-SURGERY-873317	id_quod_plerumque_accidit	648	imperium_in_imperio	Yes	scientia_et_labor	haec_olim_meminisse_iuvabit	scientiae_et_patriae
surgery	CTDC-PARTICIPANT-500277	CTDC-SURGERY-802642	id_quod_plerumque_accidit	825	scientia_imperii_decus_et_tutamen	No	id_quod_plerumque_accidit	Obedientia_civium_urbis_felicitas	Obedientia_civium_urbis_felicitas
surgery	CTDC-PARTICIPANT-237989	CTDC-SURGERY-262804	id_quod_plerumque_accidit	125	cacatum_non_est_pictum	No	pace_tua	barba_crescit_caput_nescit	e_causa_ignota
surgery	CTDC-PARTICIPANT-237989	CTDC-SURGERY-883566	scientia_et_labor	19	salus_in_arduis	Yes	O_Tite_tute_Tati_tibi_tanta_tyranne_tulisti	scientia_et_sapientia	salus_in_arduis
surgery	CTDC-PARTICIPANT-409930	CTDC-SURGERY-199691	scientia_et_sapientia	217	scientiae_cedit_mare	No	damnant_quod_non_intellegunt	barba_crescit_caput_nescit	imperium_in_imperio
surgery	CTDC-PARTICIPANT-409930	CTDC-SURGERY-742195	faber_est_suae_quisque_fortunae	283	pace_tua	No	labor_ipse_voluptas	e_causa_ignota	damnant_quod_non_intellegunt
surgery	CTDC-PARTICIPANT-588323	CTDC-SURGERY-342248	faber_est_suae_quisque_fortunae	835	labor_ipse_voluptas	No	cacatum_non_est_pictum	scientia_imperii_decus_et_tutamen	scientia,_aere_perennius
surgery	CTDC-PARTICIPANT-588323	CTDC-SURGERY-704702	a_bene_placito	929	saltus_in_demonstrando	Yes	pace_tua	scientia_et_labor	damnant_quod_non_intellegunt
surgery	CTDC-PARTICIPANT-550436	CTDC-SURGERY-255220	barba_crescit_caput_nescit	543	scientia_et_labor	Yes	e_causa_ignota	pace_tua	faber_est_suae_quisque_fortunae
surgery	CTDC-PARTICIPANT-550436	CTDC-SURGERY-937623	scientia,_aere_perennius	968	labor_ipse_voluptas	Yes	haec_olim_meminisse_iuvabit	Obedientia_civium_urbis_felicitas	barba_crescit_caput_nescit
surgery	CTDC-PARTICIPANT-705441	CTDC-SURGERY-846946	scientia_et_labor	735	saltus_in_demonstrando	No	imperium_in_imperio	scientia_et_sapientia	labor_ipse_voluptas
surgery	CTDC-PARTICIPANT-705441	CTDC-SURGERY-630932	barba_crescit_caput_nescit	903	imperium_in_imperio	Yes	scientia_et_labor	Obedientia_civium_urbis_felicitas	scientia_imperii_decus_et_tutamen
surgery	CTDC-PARTICIPANT-375800	CTDC-SURGERY-293128	a_bene_placito	375	haec_olim_meminisse_iuvabit	Yes	a_bene_placito	cacatum_non_est_pictum	salus_in_arduis
surgery	CTDC-PARTICIPANT-375800	CTDC-SURGERY-135006	e_causa_ignota	331	barba_crescit_caput_nescit	Yes	haec_olim_meminisse_iuvabit	pace_tua	barba_crescit_caput_nescit
surgery	CTDC-PARTICIPANT-819268	CTDC-SURGERY-184260	barba_crescit_caput_nescit	981	e_causa_ignota	Yes	scientia_et_sapientia	cacatum_non_est_pictum	salus_in_arduis
surgery	CTDC-PARTICIPANT-819268	CTDC-SURGERY-723397	cacatum_non_est_pictum	860	faber_est_suae_quisque_fortunae	Yes	a_bene_placito	scientia_et_labor	nascentes_morimur_finisque_ab_origine_pendet
surgery	CTDC-PARTICIPANT-101752	CTDC-SURGERY-690693	Macte_animo_Generose_puer_sic_itur_ad_astra	497	scientia_et_sapientia	No	scientia_imperii_decus_et_tutamen	imperium_in_imperio	faber_est_suae_quisque_fortunae
surgery	CTDC-PARTICIPANT-101752	CTDC-SURGERY-509553	scientia_et_sapientia	210	imperium_in_imperio	No	a_bene_placito	cacatum_non_est_pictum	pace_tua
surgery	CTDC-PARTICIPANT-307586	CTDC-SURGERY-720243	cacatum_non_est_pictum	396	scientia_et_labor	No	saltus_in_demonstrando	e_causa_ignota	scientia,_aere_perennius
surgery	CTDC-PARTICIPANT-307586	CTDC-SURGERY-399351	sapiens_qui_prospicit	522	barba_crescit_caput_nescit	No	imperium_in_imperio	faber_est_suae_quisque_fortunae	scientia_et_labor
surgery	CTDC-PARTICIPANT-363672	CTDC-SURGERY-472613	O_Tite_tute_Tati_tibi_tanta_tyranne_tulisti	661	sapiens_qui_prospicit	Yes	salus_in_arduis	scientia_et_labor	pace_tua
surgery	CTDC-PARTICIPANT-363672	CTDC-SURGERY-947058	damnant_quod_non_intellegunt	688	e_causa_ignota	Yes	scientia_imperii_decus_et_tutamen	pace_tua	scientiae_cedit_mare
surgery	CTDC-PARTICIPANT-390538	CTDC-SURGERY-551610	nanos_gigantum_humeris_insidentes	509	sapiens_qui_prospicit	Yes	id_quod_plerumque_accidit	imperium_in_imperio	Gallia_est_omnis_divisa_in_partes_tres
surgery	CTDC-PARTICIPANT-390538	CTDC-SURGERY-634021	Gallia_est_omnis_divisa_in_partes_tres	610	a_bene_placito	No	nascentes_morimur_finisque_ab_origine_pendet	sapiens_qui_prospicit	cacatum_non_est_pictum
surgery	CTDC-PARTICIPANT-656708	CTDC-SURGERY-897668	Macte_animo_Generose_puer_sic_itur_ad_astra	471	O_Tite_tute_Tati_tibi_tanta_tyranne_tulisti	Yes	scientia_et_labor	nascentes_morimur_finisque_ab_origine_pendet	scientia_et_labor
surgery	CTDC-PARTICIPANT-656708	CTDC-SURGERY-787779	damnant_quod_non_intellegunt	923	Macte_animo_Generose_puer_sic_itur_ad_astra	No	O_Tite_tute_Tati_tibi_tanta_tyranne_tulisti	cacatum_non_est_pictum	barba_crescit_caput_nescit
surgery	CTDC-PARTICIPANT-208873	CTDC-SURGERY-281438	sapiens_qui_prospicit	804	scientiae_cedit_mare	Yes	haec_olim_meminisse_iuvabit	cacatum_non_est_pictum	a_bene_placito
surgery	CTDC-PARTICIPANT-208873	CTDC-SURGERY-666385	nascentes_morimur_finisque_ab_origine_pendet	514	imperium_in_imperio	Yes	Macte_animo_Generose_puer_sic_itur_ad_astra	e_causa_ignota	scientiae_et_patriae
surgery	CTDC-PARTICIPANT-785303	CTDC-SURGERY-768351	nanos_gigantum_humeris_insidentes	499	scientia_et_labor	Yes	barba_crescit_caput_nescit	e_causa_ignota	scientia,_aere_perennius
surgery	CTDC-PARTICIPANT-785303	CTDC-SURGERY-725562	scientia,_aere_perennius	770	scientia_et_labor	No	saltus_in_demonstrando	barba_crescit_caput_nescit	scientia_et_labor
surgery	CTDC-PARTICIPANT-644061	CTDC-SURGERY-979868	salus_in_arduis	82	Macte_animo_Generose_puer_sic_itur_ad_astra	No	e_causa_ignota	pace_tua	scientiae_cedit_mare
surgery	CTDC-PARTICIPANT-644061	CTDC-SURGERY-736095	id_quod_plerumque_accidit	615	saltus_in_demonstrando	Yes	id_quod_plerumque_accidit	Gallia_est_omnis_divisa_in_partes_tres	sapiens_qui_prospicit
surgery	CTDC-PARTICIPANT-784125	CTDC-SURGERY-541290	haec_olim_meminisse_iuvabit	772	scientia_et_sapientia	Yes	scientiae_cedit_mare	labor_ipse_voluptas	haec_olim_meminisse_iuvabit
surgery	CTDC-PARTICIPANT-784125	CTDC-SURGERY-596303	nanos_gigantum_humeris_insidentes	765	a_bene_placito	Yes	salus_in_arduis	Gallia_est_omnis_divisa_in_partes_tres	cacatum_non_est_pictum
surgery	CTDC-PARTICIPANT-258433	CTDC-SURGERY-998660	pace_tua	608	scientia,_aere_perennius	No	scientia_et_labor	Macte_animo_Generose_puer_sic_itur_ad_astra	Macte_animo_Generose_puer_sic_itur_ad_astra
surgery	CTDC-PARTICIPANT-258433	CTDC-SURGERY-803690	id_quod_plerumque_accidit	132	nascentes_morimur_finisque_ab_origine_pendet	Yes	Gallia_est_omnis_divisa_in_partes_tres	e_causa_ignota	scientia_imperii_decus_et_tutamen
surgery	CTDC-PARTICIPANT-336498	CTDC-SURGERY-176194	labor_ipse_voluptas	115	haec_olim_meminisse_iuvabit	Yes	scientia_et_sapientia	labor_ipse_voluptas	scientia_et_labor
surgery	CTDC-PARTICIPANT-336498	CTDC-SURGERY-170219	nanos_gigantum_humeris_insidentes	108	barba_crescit_caput_nescit	No	Macte_animo_Generose_puer_sic_itur_ad_astra	saltus_in_demonstrando	nascentes_morimur_finisque_ab_origine_pendet
surgery	CTDC-PARTICIPANT-599467	CTDC-SURGERY-322090	barba_crescit_caput_nescit	825	scientia_et_sapientia	No	Obedientia_civium_urbis_felicitas	saltus_in_demonstrando	a_bene_placito
surgery	CTDC-PARTICIPANT-599467	CTDC-SURGERY-763351	haec_olim_meminisse_iuvabit	925	labor_ipse_voluptas	Yes	scientiae_et_patriae	imperium_in_imperio	scientia_et_labor
surgery	CTDC-PARTICIPANT-813230	CTDC-SURGERY-554014	nanos_gigantum_humeris_insidentes	115	damnant_quod_non_intellegunt	Yes	salus_in_arduis	saltus_in_demonstrando	scientia_imperii_decus_et_tutamen
surgery	CTDC-PARTICIPANT-813230	CTDC-SURGERY-740691	barba_crescit_caput_nescit	708	a_bene_placito	Yes	faber_est_suae_quisque_fortunae	damnant_quod_non_intellegunt	a_bene_placito
surgery	CTDC-PARTICIPANT-251190	CTDC-SURGERY-556420	scientiae_cedit_mare	888	Macte_animo_Generose_puer_sic_itur_ad_astra	No	nanos_gigantum_humeris_insidentes	scientia_et_sapientia	Obedientia_civium_urbis_felicitas
surgery	CTDC-PARTICIPANT-251190	CTDC-SURGERY-280467	scientia,_aere_perennius	87	O_Tite_tute_Tati_tibi_tanta_tyranne_tulisti	No	salus_in_arduis	a_bene_placito	haec_olim_meminisse_iuvabit
surgery	CTDC-PARTICIPANT-652732	CTDC-SURGERY-485685	e_causa_ignota	744	id_quod_plerumque_accidit	Yes	nanos_gigantum_humeris_insidentes	scientia_et_labor	nascentes_morimur_finisque_ab_origine_pendet
surgery	CTDC-PARTICIPANT-652732	CTDC-SURGERY-975206	e_causa_ignota	323	imperium_in_imperio	No	damnant_quod_non_intellegunt	cacatum_non_est_pictum	salus_in_arduis
surgery	CTDC-PARTICIPANT-714466	CTDC-SURGERY-137872	salus_in_arduis	71	e_causa_ignota	No	Macte_animo_Generose_puer_sic_itur_ad_astra	scientiae_et_patriae	e_causa_ignota
surgery	CTDC-PARTICIPANT-714466	CTDC-SURGERY-345058	scientiae_cedit_mare	873	scientia_et_labor	Yes	O_Tite_tute_Tati_tibi_tanta_tyranne_tulisti	labor_ipse_voluptas	imperium_in_imperio
surgery	CTDC-PARTICIPANT-854460	CTDC-SURGERY-862810	salus_in_arduis	284	scientia_et_labor	No	cacatum_non_est_pictum	Gallia_est_omnis_divisa_in_partes_tres	faber_est_suae_quisque_fortunae
surgery	CTDC-PARTICIPANT-854460	CTDC-SURGERY-812733	Obedientia_civium_urbis_felicitas	301	cacatum_non_est_pictum	Yes	Gallia_est_omnis_divisa_in_partes_tres	scientiae_cedit_mare	haec_olim_meminisse_iuvabit
surgery	CTDC-PARTICIPANT-635713	CTDC-SURGERY-904297	barba_crescit_caput_nescit	212	scientiae_et_patriae	No	Obedientia_civium_urbis_felicitas	barba_crescit_caput_nescit	scientiae_cedit_mare
surgery	CTDC-PARTICIPANT-635713	CTDC-SURGERY-580739	labor_ipse_voluptas	55	haec_olim_meminisse_iuvabit	Yes	a_bene_placito	haec_olim_meminisse_iuvabit	nascentes_morimur_finisque_ab_origine_pendet
surgery	CTDC-PARTICIPANT-272872	CTDC-SURGERY-707377	nanos_gigantum_humeris_insidentes	498	imperium_in_imperio	Yes	barba_crescit_caput_nescit	scientia_imperii_decus_et_tutamen	scientiae_et_patriae
surgery	CTDC-PARTICIPANT-272872	CTDC-SURGERY-126610	Obedientia_civium_urbis_felicitas	186	damnant_quod_non_intellegunt	Yes	labor_ipse_voluptas	pace_tua	labor_ipse_voluptas
surgery	CTDC-PARTICIPANT-696945	CTDC-SURGERY-303560	pace_tua	729	O_Tite_tute_Tati_tibi_tanta_tyranne_tulisti	No	Gallia_est_omnis_divisa_in_partes_tres	salus_in_arduis	scientiae_et_patriae
surgery	CTDC-PARTICIPANT-696945	CTDC-SURGERY-196311	scientia_imperii_decus_et_tutamen	959	saltus_in_demonstrando	No	salus_in_arduis	scientiae_cedit_mare	Macte_animo_Generose_puer_sic_itur_ad_astra
surgery	CTDC-PARTICIPANT-288721	CTDC-SURGERY-626291	e_causa_ignota	202	haec_olim_meminisse_iuvabit	No	a_bene_placito	nascentes_morimur_finisque_ab_origine_pendet	O_Tite_tute_Tati_tibi_tanta_tyranne_tulisti
surgery	CTDC-PARTICIPANT-288721	CTDC-SURGERY-208262	saltus_in_demonstrando	389	saltus_in_demonstrando	Yes	id_quod_plerumque_accidit	scientiae_cedit_mare	scientia,_aere_perennius
surgery	CTDC-PARTICIPANT-729998	CTDC-SURGERY-944322	haec_olim_meminisse_iuvabit	319	imperium_in_imperio	Yes	sapiens_qui_prospicit	labor_ipse_voluptas	scientia_et_labor
surgery	CTDC-PARTICIPANT-729998	CTDC-SURGERY-895555	e_causa_ignota	800	scientia_et_labor	No	salus_in_arduis	haec_olim_meminisse_iuvabit	sapiens_qui_prospicit
surgery	CTDC-PARTICIPANT-375728	CTDC-SURGERY-408412	nascentes_morimur_finisque_ab_origine_pendet	115	cacatum_non_est_pictum	Yes	Macte_animo_Generose_puer_sic_itur_ad_astra	scientiae_cedit_mare	imperium_in_imperio
surgery	CTDC-PARTICIPANT-375728	CTDC-SURGERY-398076	e_causa_ignota	541	e_causa_ignota	No	labor_ipse_voluptas	scientia_et_sapientia	scientia,_aere_perennius
surgery	CTDC-PARTICIPANT-887616	CTDC-SURGERY-208385	e_causa_ignota	154	Gallia_est_omnis_divisa_in_partes_tres	Yes	scientiae_cedit_mare	scientia_et_sapientia	scientiae_cedit_mare
surgery	CTDC-PARTICIPANT-887616	CTDC-SURGERY-139773	saltus_in_demonstrando	934	scientia_et_labor	No	scientia_et_labor	scientia_imperii_decus_et_tutamen	salus_in_arduis
surgery	CTDC-PARTICIPANT-279150	CTDC-SURGERY-431303	nascentes_morimur_finisque_ab_origine_pendet	843	barba_crescit_caput_nescit	Yes	faber_est_suae_quisque_fortunae	scientia_imperii_decus_et_tutamen	id_quod_plerumque_accidit
surgery	CTDC-PARTICIPANT-279150	CTDC-SURGERY-913884	cacatum_non_est_pictum	343	imperium_in_imperio	Yes	scientia_imperii_decus_et_tutamen	faber_est_suae_quisque_fortunae	scientiae_et_patriae
surgery	CTDC-PARTICIPANT-392542	CTDC-SURGERY-657826	cacatum_non_est_pictum	746	scientia,_aere_perennius	Yes	Macte_animo_Generose_puer_sic_itur_ad_astra	e_causa_ignota	pace_tua
surgery	CTDC-PARTICIPANT-392542	CTDC-SURGERY-944141	O_Tite_tute_Tati_tibi_tanta_tyranne_tulisti	49	Macte_animo_Generose_puer_sic_itur_ad_astra	Yes	cacatum_non_est_pictum	scientia,_aere_perennius	Obedientia_civium_urbis_felicitas
surgery	CTDC-PARTICIPANT-633499	CTDC-SURGERY-536231	scientia_imperii_decus_et_tutamen	495	scientiae_et_patriae	Yes	salus_in_arduis	id_quod_plerumque_accidit	e_causa_ignota
surgery	CTDC-PARTICIPANT-633499	CTDC-SURGERY-278435	nanos_gigantum_humeris_insidentes	592	O_Tite_tute_Tati_tibi_tanta_tyranne_tulisti	Yes	pace_tua	saltus_in_demonstrando	faber_est_suae_quisque_fortunae
surgery	CTDC-PARTICIPANT-622867	CTDC-SURGERY-470699	e_causa_ignota	872	nascentes_morimur_finisque_ab_origine_pendet	No	id_quod_plerumque_accidit	scientia_et_sapientia	id_quod_plerumque_accidit
surgery	CTDC-PARTICIPANT-622867	CTDC-SURGERY-949959	scientia_imperii_decus_et_tutamen	400	id_quod_plerumque_accidit	No	salus_in_arduis	damnant_quod_non_intellegunt	Gallia_est_omnis_divisa_in_partes_tres
surgery	CTDC-PARTICIPANT-547611	CTDC-SURGERY-341698	e_causa_ignota	708	saltus_in_demonstrando	No	labor_ipse_voluptas	saltus_in_demonstrando	faber_est_suae_quisque_fortunae
surgery	CTDC-PARTICIPANT-547611	CTDC-SURGERY-605114	scientiae_et_patriae	702	saltus_in_demonstrando	Yes	id_quod_plerumque_accidit	faber_est_suae_quisque_fortunae	barba_crescit_caput_nescit
surgery	CTDC-PARTICIPANT-227215	CTDC-SURGERY-130972	id_quod_plerumque_accidit	937	sapiens_qui_prospicit	No	Obedientia_civium_urbis_felicitas	scientiae_et_patriae	scientia,_aere_perennius
surgery	CTDC-PARTICIPANT-227215	CTDC-SURGERY-874138	id_quod_plerumque_accidit	675	nascentes_morimur_finisque_ab_origine_pendet	Yes	salus_in_arduis	pace_tua	scientia_imperii_decus_et_tutamen
surgery	CTDC-PARTICIPANT-667712	CTDC-SURGERY-945447	labor_ipse_voluptas	865	haec_olim_meminisse_iuvabit	No	faber_est_suae_quisque_fortunae	Macte_animo_Generose_puer_sic_itur_ad_astra	Macte_animo_Generose_puer_sic_itur_ad_astra
surgery	CTDC-PARTICIPANT-667712	CTDC-SURGERY-435953	scientia_et_labor	663	salus_in_arduis	No	salus_in_arduis	sapiens_qui_prospicit	Gallia_est_omnis_divisa_in_partes_tres
surgery	CTDC-PARTICIPANT-264931	CTDC-SURGERY-239088	salus_in_arduis	401	saltus_in_demonstrando	Yes	labor_ipse_voluptas	nascentes_morimur_finisque_ab_origine_pendet	Obedientia_civium_urbis_felicitas
surgery	CTDC-PARTICIPANT-264931	CTDC-SURGERY-106017	scientia,_aere_perennius	440	O_Tite_tute_Tati_tibi_tanta_tyranne_tulisti	No	cacatum_non_est_pictum	haec_olim_meminisse_iuvabit	pace_tua
surgery	CTDC-PARTICIPANT-966089	CTDC-SURGERY-621867	a_bene_placito	357	nanos_gigantum_humeris_insidentes	No	haec_olim_meminisse_iuvabit	Obedientia_civium_urbis_felicitas	sapiens_qui_prospicit
surgery	CTDC-PARTICIPANT-966089	CTDC-SURGERY-828847	scientia_imperii_decus_et_tutamen	942	scientia_imperii_decus_et_tutamen	No	a_bene_placito	nascentes_morimur_finisque_ab_origine_pendet	scientia_et_sapientia
surgery	CTDC-PARTICIPANT-762150	CTDC-SURGERY-729433	e_causa_ignota	343	scientia,_aere_perennius	Yes	haec_olim_meminisse_iuvabit	barba_crescit_caput_nescit	saltus_in_demonstrando
surgery	CTDC-PARTICIPANT-762150	CTDC-SURGERY-222807	salus_in_arduis	840	O_Tite_tute_Tati_tibi_tanta_tyranne_tulisti	Yes	scientiae_et_patriae	saltus_in_demonstrando	haec_olim_meminisse_iuvabit
surgery	CTDC-PARTICIPANT-727080	CTDC-SURGERY-164963	scientia,_aere_perennius	220	faber_est_suae_quisque_fortunae	No	nascentes_morimur_finisque_ab_origine_pendet	id_quod_plerumque_accidit	Gallia_est_omnis_divisa_in_partes_tres
surgery	CTDC-PARTICIPANT-727080	CTDC-SURGERY-985285	damnant_quod_non_intellegunt	81	e_causa_ignota	Yes	sapiens_qui_prospicit	barba_crescit_caput_nescit	scientia_et_sapientia
surgery	CTDC-PARTICIPANT-763647	CTDC-SURGERY-530271	O_Tite_tute_Tati_tibi_tanta_tyranne_tulisti	578	haec_olim_meminisse_iuvabit	No	faber_est_suae_quisque_fortunae	barba_crescit_caput_nescit	scientia,_aere_perennius
surgery	CTDC-PARTICIPANT-763647	CTDC-SURGERY-350234	damnant_quod_non_intellegunt	840	cacatum_non_est_pictum	No	scientia_imperii_decus_et_tutamen	Gallia_est_omnis_divisa_in_partes_tres	scientia_imperii_decus_et_tutamen
surgery	CTDC-PARTICIPANT-754433	CTDC-SURGERY-680015	id_quod_plerumque_accidit	896	Gallia_est_omnis_divisa_in_partes_tres	Yes	sapiens_qui_prospicit	pace_tua	labor_ipse_voluptas
surgery	CTDC-PARTICIPANT-754433	CTDC-SURGERY-554077	saltus_in_demonstrando	522	cacatum_non_est_pictum	No	Gallia_est_omnis_divisa_in_partes_tres	damnant_quod_non_intellegunt	scientia,_aere_perennius
surgery	CTDC-PARTICIPANT-872138	CTDC-SURGERY-395909	a_bene_placito	359	e_causa_ignota	No	saltus_in_demonstrando	scientia,_aere_perennius	id_quod_plerumque_accidit
surgery	CTDC-PARTICIPANT-872138	CTDC-SURGERY-990346	scientia_et_labor	719	scientia_imperii_decus_et_tutamen	No	Obedientia_civium_urbis_felicitas	haec_olim_meminisse_iuvabit	Macte_animo_Generose_puer_sic_itur_ad_astra
surgery	CTDC-PARTICIPANT-845125	CTDC-SURGERY-103821	id_quod_plerumque_accidit	392	cacatum_non_est_pictum	No	a_bene_placito	Obedientia_civium_urbis_felicitas	pace_tua
surgery	CTDC-PARTICIPANT-845125	CTDC-SURGERY-633680	a_bene_placito	715	O_Tite_tute_Tati_tibi_tanta_tyranne_tulisti	No	sapiens_qui_prospicit	scientia,_aere_perennius	scientiae_et_patriae
surgery	CTDC-PARTICIPANT-320493	CTDC-SURGERY-636602	nascentes_morimur_finisque_ab_origine_pendet	755	salus_in_arduis	Yes	id_quod_plerumque_accidit	scientia_imperii_decus_et_tutamen	id_quod_plerumque_accidit
surgery	CTDC-PARTICIPANT-320493	CTDC-SURGERY-172186	scientia_et_labor	47	scientiae_et_patriae	Yes	barba_crescit_caput_nescit	faber_est_suae_quisque_fortunae	scientia_et_labor
surgery	CTDC-PARTICIPANT-122513	CTDC-SURGERY-907416	id_quod_plerumque_accidit	431	haec_olim_meminisse_iuvabit	No	e_causa_ignota	Gallia_est_omnis_divisa_in_partes_tres	scientia,_aere_perennius
surgery	CTDC-PARTICIPANT-122513	CTDC-SURGERY-841870	Gallia_est_omnis_divisa_in_partes_tres	440	scientiae_cedit_mare	Yes	Obedientia_civium_urbis_felicitas	Obedientia_civium_urbis_felicitas	nanos_gigantum_humeris_insidentes
surgery	CTDC-PARTICIPANT-317837	CTDC-SURGERY-958648	salus_in_arduis	785	Macte_animo_Generose_puer_sic_itur_ad_astra	No	Macte_animo_Generose_puer_sic_itur_ad_astra	scientiae_et_patriae	Obedientia_civium_urbis_felicitas
surgery	CTDC-PARTICIPANT-317837	CTDC-SURGERY-425639	nanos_gigantum_humeris_insidentes	80	haec_olim_meminisse_iuvabit	No	O_Tite_tute_Tati_tibi_tanta_tyranne_tulisti	O_Tite_tute_Tati_tibi_tanta_tyranne_tulisti	scientia,_aere_perennius
surgery	CTDC-PARTICIPANT-252535	CTDC-SURGERY-293108	Macte_animo_Generose_puer_sic_itur_ad_astra	805	a_bene_placito	Yes	scientia_et_labor	e_causa_ignota	salus_in_arduis
surgery	CTDC-PARTICIPANT-252535	CTDC-SURGERY-809353	barba_crescit_caput_nescit	111	salus_in_arduis	Yes	pace_tua	O_Tite_tute_Tati_tibi_tanta_tyranne_tulisti	O_Tite_tute_Tati_tibi_tanta_tyranne_tulisti
surgery	CTDC-PARTICIPANT-546823	CTDC-SURGERY-406424	damnant_quod_non_intellegunt	123	saltus_in_demonstrando	No	scientiae_cedit_mare	id_quod_plerumque_accidit	e_causa_ignota
surgery	CTDC-PARTICIPANT-546823	CTDC-SURGERY-649567	barba_crescit_caput_nescit	885	O_Tite_tute_Tati_tibi_tanta_tyranne_tulisti	Yes	labor_ipse_voluptas	salus_in_arduis	e_causa_ignota
surgery	CTDC-PARTICIPANT-600574	CTDC-SURGERY-752381	sapiens_qui_prospicit	684	scientia_imperii_decus_et_tutamen	Yes	scientiae_cedit_mare	scientiae_cedit_mare	Gallia_est_omnis_divisa_in_partes_tres
surgery	CTDC-PARTICIPANT-600574	CTDC-SURGERY-954179	id_quod_plerumque_accidit	94	barba_crescit_caput_nescit	No	nanos_gigantum_humeris_insidentes	nascentes_morimur_finisque_ab_origine_pendet	a_bene_placito
surgery	CTDC-PARTICIPANT-515350	CTDC-SURGERY-133772	haec_olim_meminisse_iuvabit	942	cacatum_non_est_pictum	Yes	id_quod_plerumque_accidit	O_Tite_tute_Tati_tibi_tanta_tyranne_tulisti	nanos_gigantum_humeris_insidentes
surgery	CTDC-PARTICIPANT-515350	CTDC-SURGERY-601172	salus_in_arduis	73	a_bene_placito	Yes	O_Tite_tute_Tati_tibi_tanta_tyranne_tulisti	Macte_animo_Generose_puer_sic_itur_ad_astra	barba_crescit_caput_nescit
surgery	CTDC-PARTICIPANT-896368	CTDC-SURGERY-596269	scientiae_et_patriae	377	scientia_et_sapientia	No	scientiae_et_patriae	scientia,_aere_perennius	haec_olim_meminisse_iuvabit
surgery	CTDC-PARTICIPANT-896368	CTDC-SURGERY-104536	imperium_in_imperio	370	imperium_in_imperio	Yes	saltus_in_demonstrando	scientia,_aere_perennius	pace_tua
surgery	CTDC-PARTICIPANT-362194	CTDC-SURGERY-216138	haec_olim_meminisse_iuvabit	245	e_causa_ignota	Yes	damnant_quod_non_intellegunt	a_bene_placito	scientia_et_labor
surgery	CTDC-PARTICIPANT-362194	CTDC-SURGERY-915542	scientiae_cedit_mare	982	scientia_imperii_decus_et_tutamen	Yes	scientia_et_labor	saltus_in_demonstrando	faber_est_suae_quisque_fortunae
surgery	CTDC-PARTICIPANT-230105	CTDC-SURGERY-995382	Obedientia_civium_urbis_felicitas	139	nascentes_morimur_finisque_ab_origine_pendet	No	nascentes_morimur_finisque_ab_origine_pendet	imperium_in_imperio	scientia,_aere_perennius
surgery	CTDC-PARTICIPANT-230105	CTDC-SURGERY-988298	sapiens_qui_prospicit	214	scientia_et_labor	No	pace_tua	faber_est_suae_quisque_fortunae	salus_in_arduis
surgery	CTDC-PARTICIPANT-153310	CTDC-SURGERY-484932	O_Tite_tute_Tati_tibi_tanta_tyranne_tulisti	494	faber_est_suae_quisque_fortunae	Yes	scientia_et_labor	nanos_gigantum_humeris_insidentes	faber_est_suae_quisque_fortunae
surgery	CTDC-PARTICIPANT-153310	CTDC-SURGERY-932697	Obedientia_civium_urbis_felicitas	648	scientiae_cedit_mare	Yes	barba_crescit_caput_nescit	cacatum_non_est_pictum	sapiens_qui_prospicit
surgery	CTDC-PARTICIPANT-579483	CTDC-SURGERY-923681	nanos_gigantum_humeris_insidentes	943	scientia_et_sapientia	No	Macte_animo_Generose_puer_sic_itur_ad_astra	scientiae_cedit_mare	Obedientia_civium_urbis_felicitas
surgery	CTDC-PARTICIPANT-579483	CTDC-SURGERY-714652	saltus_in_demonstrando	222	barba_crescit_caput_nescit	Yes	O_Tite_tute_Tati_tibi_tanta_tyranne_tulisti	labor_ipse_voluptas	scientia_imperii_decus_et_tutamen
surgery	CTDC-PARTICIPANT-967644	CTDC-SURGERY-997279	pace_tua	697	Obedientia_civium_urbis_felicitas	Yes	damnant_quod_non_intellegunt	salus_in_arduis	saltus_in_demonstrando
surgery	CTDC-PARTICIPANT-967644	CTDC-SURGERY-184950	labor_ipse_voluptas	41	Gallia_est_omnis_divisa_in_partes_tres	No	scientia,_aere_perennius	scientiae_cedit_mare	labor_ipse_voluptas
surgery	CTDC-PARTICIPANT-779080	CTDC-SURGERY-786851	id_quod_plerumque_accidit	704	scientia,_aere_perennius	No	damnant_quod_non_intellegunt	O_Tite_tute_Tati_tibi_tanta_tyranne_tulisti	damnant_quod_non_intellegunt
surgery	CTDC-PARTICIPANT-779080	CTDC-SURGERY-407844	Obedientia_civium_urbis_felicitas	329	barba_crescit_caput_nescit	No	barba_crescit_caput_nescit	scientia_et_sapientia	damnant_quod_non_intellegunt
surgery	CTDC-PARTICIPANT-385675	CTDC-SURGERY-368910	a_bene_placito	333	nanos_gigantum_humeris_insidentes	No	barba_crescit_caput_nescit	scientia_et_labor	O_Tite_tute_Tati_tibi_tanta_tyranne_tulisti
surgery	CTDC-PARTICIPANT-385675	CTDC-SURGERY-519716	haec_olim_meminisse_iuvabit	407	nanos_gigantum_humeris_insidentes	Yes	id_quod_plerumque_accidit	sapiens_qui_prospicit	faber_est_suae_quisque_fortunae
surgery	CTDC-PARTICIPANT-618008	CTDC-SURGERY-588246	scientia_et_labor	997	scientia_et_labor	Yes	haec_olim_meminisse_iuvabit	scientia_et_sapientia	scientia_imperii_decus_et_tutamen
surgery	CTDC-PARTICIPANT-618008	CTDC-SURGERY-908426	Obedientia_civium_urbis_felicitas	551	scientia,_aere_perennius	Yes	salus_in_arduis	Gallia_est_omnis_divisa_in_partes_tres	scientia,_aere_perennius
surgery	CTDC-PARTICIPANT-434022	CTDC-SURGERY-754963	damnant_quod_non_intellegunt	913	salus_in_arduis	Yes	damnant_quod_non_intellegunt	O_Tite_tute_Tati_tibi_tanta_tyranne_tulisti	faber_est_suae_quisque_fortunae
surgery	CTDC-PARTICIPANT-434022	CTDC-SURGERY-570045	cacatum_non_est_pictum	680	O_Tite_tute_Tati_tibi_tanta_tyranne_tulisti	No	cacatum_non_est_pictum	barba_crescit_caput_nescit	barba_crescit_caput_nescit
surgery	CTDC-PARTICIPANT-152891	CTDC-SURGERY-949008	labor_ipse_voluptas	564	O_Tite_tute_Tati_tibi_tanta_tyranne_tulisti	No	pace_tua	saltus_in_demonstrando	sapiens_qui_prospicit
surgery	CTDC-PARTICIPANT-152891	CTDC-SURGERY-548206	nascentes_morimur_finisque_ab_origine_pendet	131	haec_olim_meminisse_iuvabit	No	scientia_et_sapientia	pace_tua	sapiens_qui_prospicit
surgery	CTDC-PARTICIPANT-563856	CTDC-SURGERY-524259	Gallia_est_omnis_divisa_in_partes_tres	627	scientia_et_sapientia	No	barba_crescit_caput_nescit	nascentes_morimur_finisque_ab_origine_pendet	scientia_et_labor
surgery	CTDC-PARTICIPANT-563856	CTDC-SURGERY-737417	scientia_imperii_decus_et_tutamen	547	Gallia_est_omnis_divisa_in_partes_tres	Yes	Macte_animo_Generose_puer_sic_itur_ad_astra	scientia_et_labor	e_causa_ignota
surgery	CTDC-PARTICIPANT-633383	CTDC-SURGERY-943917	O_Tite_tute_Tati_tibi_tanta_tyranne_tulisti	661	pace_tua	Yes	salus_in_arduis	O_Tite_tute_Tati_tibi_tanta_tyranne_tulisti	scientia,_aere_perennius
surgery	CTDC-PARTICIPANT-633383	CTDC-SURGERY-102169	Macte_animo_Generose_puer_sic_itur_ad_astra	634	scientia_et_labor	Yes	Gallia_est_omnis_divisa_in_partes_tres	faber_est_suae_quisque_fortunae	scientia,_aere_perennius
surgery	CTDC-PARTICIPANT-361715	CTDC-SURGERY-767983	Obedientia_civium_urbis_felicitas	442	saltus_in_demonstrando	No	Gallia_est_omnis_divisa_in_partes_tres	nanos_gigantum_humeris_insidentes	salus_in_arduis
surgery	CTDC-PARTICIPANT-361715	CTDC-SURGERY-972973	imperium_in_imperio	481	nanos_gigantum_humeris_insidentes	No	haec_olim_meminisse_iuvabit	labor_ipse_voluptas	labor_ipse_voluptas
surgery	CTDC-PARTICIPANT-413496	CTDC-SURGERY-567813	scientia,_aere_perennius	383	Gallia_est_omnis_divisa_in_partes_tres	No	scientia_et_labor	sapiens_qui_prospicit	scientiae_et_patriae
surgery	CTDC-PARTICIPANT-413496	CTDC-SURGERY-248821	labor_ipse_voluptas	91	pace_tua	No	haec_olim_meminisse_iuvabit	barba_crescit_caput_nescit	scientiae_et_patriae
surgery	CTDC-PARTICIPANT-313976	CTDC-SURGERY-617769	scientia_et_labor	397	a_bene_placito	Yes	Obedientia_civium_urbis_felicitas	cacatum_non_est_pictum	Macte_animo_Generose_puer_sic_itur_ad_astra
surgery	CTDC-PARTICIPANT-313976	CTDC-SURGERY-656727	nascentes_morimur_finisque_ab_origine_pendet	779	e_causa_ignota	No	imperium_in_imperio	barba_crescit_caput_nescit	scientia_imperii_decus_et_tutamen
surgery	CTDC-PARTICIPANT-181398	CTDC-SURGERY-534980	scientiae_et_patriae	781	id_quod_plerumque_accidit	No	imperium_in_imperio	scientiae_cedit_mare	Gallia_est_omnis_divisa_in_partes_tres
surgery	CTDC-PARTICIPANT-181398	CTDC-SURGERY-482363	faber_est_suae_quisque_fortunae	966	Macte_animo_Generose_puer_sic_itur_ad_astra	No	scientia_imperii_decus_et_tutamen	labor_ipse_voluptas	e_causa_ignota
surgery	CTDC-PARTICIPANT-541713	CTDC-SURGERY-761898	scientiae_cedit_mare	152	Gallia_est_omnis_divisa_in_partes_tres	Yes	scientia_et_labor	damnant_quod_non_intellegunt	saltus_in_demonstrando
surgery	CTDC-PARTICIPANT-541713	CTDC-SURGERY-547058	cacatum_non_est_pictum	667	nascentes_morimur_finisque_ab_origine_pendet	No	nascentes_morimur_finisque_ab_origine_pendet	scientia,_aere_perennius	haec_olim_meminisse_iuvabit
surgery	CTDC-PARTICIPANT-375128	CTDC-SURGERY-456905	cacatum_non_est_pictum	571	scientia_imperii_decus_et_tutamen	Yes	scientiae_et_patriae	Obedientia_civium_urbis_felicitas	pace_tua
surgery	CTDC-PARTICIPANT-375128	CTDC-SURGERY-846604	faber_est_suae_quisque_fortunae	996	pace_tua	Yes	sapiens_qui_prospicit	Macte_animo_Generose_puer_sic_itur_ad_astra	e_causa_ignota
surgery	CTDC-PARTICIPANT-935764	CTDC-SURGERY-222788	Macte_animo_Generose_puer_sic_itur_ad_astra	742	nanos_gigantum_humeris_insidentes	No	saltus_in_demonstrando	nanos_gigantum_humeris_insidentes	nascentes_morimur_finisque_ab_origine_pendet
surgery	CTDC-PARTICIPANT-935764	CTDC-SURGERY-591736	O_Tite_tute_Tati_tibi_tanta_tyranne_tulisti	624	id_quod_plerumque_accidit	No	scientiae_cedit_mare	haec_olim_meminisse_iuvabit	a_bene_placito
surgery	CTDC-PARTICIPANT-642396	CTDC-SURGERY-146470	id_quod_plerumque_accidit	339	O_Tite_tute_Tati_tibi_tanta_tyranne_tulisti	Yes	pace_tua	damnant_quod_non_intellegunt	a_bene_placito
surgery	CTDC-PARTICIPANT-642396	CTDC-SURGERY-915125	Obedientia_civium_urbis_felicitas	366	salus_in_arduis	No	e_causa_ignota	sapiens_qui_prospicit	nanos_gigantum_humeris_insidentes
surgery	CTDC-PARTICIPANT-965342	CTDC-SURGERY-732148	haec_olim_meminisse_iuvabit	450	scientiae_et_patriae	No	damnant_quod_non_intellegunt	haec_olim_meminisse_iuvabit	saltus_in_demonstrando
surgery	CTDC-PARTICIPANT-965342	CTDC-SURGERY-658824	pace_tua	738	cacatum_non_est_pictum	Yes	salus_in_arduis	O_Tite_tute_Tati_tibi_tanta_tyranne_tulisti	imperium_in_imperio
surgery	CTDC-PARTICIPANT-515838	CTDC-SURGERY-204989	O_Tite_tute_Tati_tibi_tanta_tyranne_tulisti	170	barba_crescit_caput_nescit	Yes	scientia_imperii_decus_et_tutamen	cacatum_non_est_pictum	nanos_gigantum_humeris_insidentes
surgery	CTDC-PARTICIPANT-515838	CTDC-SURGERY-123240	a_bene_placito	498	O_Tite_tute_Tati_tibi_tanta_tyranne_tulisti	Yes	Macte_animo_Generose_puer_sic_itur_ad_astra	scientia_imperii_decus_et_tutamen	a_bene_placito
surgery	CTDC-PARTICIPANT-246630	CTDC-SURGERY-378318	Macte_animo_Generose_puer_sic_itur_ad_astra	943	Gallia_est_omnis_divisa_in_partes_tres	No	e_causa_ignota	pace_tua	Gallia_est_omnis_divisa_in_partes_tres
surgery	CTDC-PARTICIPANT-246630	CTDC-SURGERY-535207	scientiae_cedit_mare	625	pace_tua	No	cacatum_non_est_pictum	faber_est_suae_quisque_fortunae	damnant_quod_non_intellegunt
surgery	CTDC-PARTICIPANT-914906	CTDC-SURGERY-546301	e_causa_ignota	309	labor_ipse_voluptas	Yes	sapiens_qui_prospicit	cacatum_non_est_pictum	Macte_animo_Generose_puer_sic_itur_ad_astra
surgery	CTDC-PARTICIPANT-914906	CTDC-SURGERY-618288	O_Tite_tute_Tati_tibi_tanta_tyranne_tulisti	918	damnant_quod_non_intellegunt	No	saltus_in_demonstrando	a_bene_placito	faber_est_suae_quisque_fortunae
surgery	CTDC-PARTICIPANT-996697	CTDC-SURGERY-165866	nanos_gigantum_humeris_insidentes	622	Obedientia_civium_urbis_felicitas	Yes	a_bene_placito	barba_crescit_caput_nescit	scientia,_aere_perennius
surgery	CTDC-PARTICIPANT-996697	CTDC-SURGERY-517707	faber_est_suae_quisque_fortunae	299	damnant_quod_non_intellegunt	Yes	faber_est_suae_quisque_fortunae	barba_crescit_caput_nescit	e_causa_ignota
surgery	CTDC-PARTICIPANT-990858	CTDC-SURGERY-117581	a_bene_placito	734	nascentes_morimur_finisque_ab_origine_pendet	No	id_quod_plerumque_accidit	Obedientia_civium_urbis_felicitas	nascentes_morimur_finisque_ab_origine_pendet
surgery	CTDC-PARTICIPANT-990858	CTDC-SURGERY-441875	pace_tua	564	labor_ipse_voluptas	Yes	labor_ipse_voluptas	Obedientia_civium_urbis_felicitas	barba_crescit_caput_nescit
surgery	CTDC-PARTICIPANT-311756	CTDC-SURGERY-949029	scientia,_aere_perennius	316	nascentes_morimur_finisque_ab_origine_pendet	No	barba_crescit_caput_nescit	a_bene_placito	Macte_animo_Generose_puer_sic_itur_ad_astra
surgery	CTDC-PARTICIPANT-311756	CTDC-SURGERY-842405	nascentes_morimur_finisque_ab_origine_pendet	732	pace_tua	No	damnant_quod_non_intellegunt	imperium_in_imperio	scientia_imperii_decus_et_tutamen
surgery	CTDC-PARTICIPANT-998159	CTDC-SURGERY-351079	labor_ipse_voluptas	623	scientia_imperii_decus_et_tutamen	Yes	a_bene_placito	nanos_gigantum_humeris_insidentes	faber_est_suae_quisque_fortunae
surgery	CTDC-PARTICIPANT-998159	CTDC-SURGERY-235092	nascentes_morimur_finisque_ab_origine_pendet	250	damnant_quod_non_intellegunt	Yes	salus_in_arduis	sapiens_qui_prospicit	scientia_et_sapientia
surgery	CTDC-PARTICIPANT-619107	CTDC-SURGERY-962734	scientia_imperii_decus_et_tutamen	36	nascentes_morimur_finisque_ab_origine_pendet	No	scientiae_cedit_mare	imperium_in_imperio	Macte_animo_Generose_puer_sic_itur_ad_astra
surgery	CTDC-PARTICIPANT-619107	CTDC-SURGERY-540805	labor_ipse_voluptas	162	scientia,_aere_perennius	No	barba_crescit_caput_nescit	saltus_in_demonstrando	saltus_in_demonstrando
surgery	CTDC-PARTICIPANT-967168	CTDC-SURGERY-415090	scientiae_et_patriae	990	imperium_in_imperio	No	haec_olim_meminisse_iuvabit	labor_ipse_voluptas	id_quod_plerumque_accidit
surgery	CTDC-PARTICIPANT-967168	CTDC-SURGERY-870395	scientia_et_labor	286	nascentes_morimur_finisque_ab_origine_pendet	No	nanos_gigantum_humeris_insidentes	scientiae_cedit_mare	barba_crescit_caput_nescit
surgery	CTDC-PARTICIPANT-459821	CTDC-SURGERY-546908	scientia,_aere_perennius	810	scientia_imperii_decus_et_tutamen	Yes	faber_est_suae_quisque_fortunae	e_causa_ignota	id_quod_plerumque_accidit
surgery	CTDC-PARTICIPANT-459821	CTDC-SURGERY-941956	nascentes_morimur_finisque_ab_origine_pendet	741	Obedientia_civium_urbis_felicitas	Yes	scientiae_cedit_mare	scientia_et_sapientia	haec_olim_meminisse_iuvabit
surgery	CTDC-PARTICIPANT-828023	CTDC-SURGERY-411450	scientia,_aere_perennius	975	scientia_et_sapientia	No	e_causa_ignota	saltus_in_demonstrando	e_causa_ignota
surgery	CTDC-PARTICIPANT-828023	CTDC-SURGERY-645148	faber_est_suae_quisque_fortunae	349	scientiae_cedit_mare	Yes	imperium_in_imperio	Macte_animo_Generose_puer_sic_itur_ad_astra	faber_est_suae_quisque_fortunae
surgery	CTDC-PARTICIPANT-712034	CTDC-SURGERY-346402	faber_est_suae_quisque_fortunae	641	nanos_gigantum_humeris_insidentes	No	haec_olim_meminisse_iuvabit	imperium_in_imperio	pace_tua
surgery	CTDC-PARTICIPANT-712034	CTDC-SURGERY-558129	scientia_et_labor	403	salus_in_arduis	Yes	id_quod_plerumque_accidit	scientia_et_sapientia	Gallia_est_omnis_divisa_in_partes_tres
surgery	CTDC-PARTICIPANT-462972	CTDC-SURGERY-394513	faber_est_suae_quisque_fortunae	835	pace_tua	No	damnant_quod_non_intellegunt	scientia_et_labor	id_quod_plerumque_accidit
surgery	CTDC-PARTICIPANT-462972	CTDC-SURGERY-436005	scientia_imperii_decus_et_tutamen	947	id_quod_plerumque_accidit	Yes	scientia_et_labor	Gallia_est_omnis_divisa_in_partes_tres	scientia_imperii_decus_et_tutamen
surgery	CTDC-PARTICIPANT-312749	CTDC-SURGERY-488882	e_causa_ignota	997	damnant_quod_non_intellegunt	No	scientia_et_sapientia	salus_in_arduis	haec_olim_meminisse_iuvabit
surgery	CTDC-PARTICIPANT-312749	CTDC-SURGERY-540082	Macte_animo_Generose_puer_sic_itur_ad_astra	691	cacatum_non_est_pictum	Yes	nanos_gigantum_humeris_insidentes	pace_tua	faber_est_suae_quisque_fortunae
surgery	CTDC-PARTICIPANT-990328	CTDC-SURGERY-190896	nanos_gigantum_humeris_insidentes	559	salus_in_arduis	Yes	scientia_et_sapientia	id_quod_plerumque_accidit	haec_olim_meminisse_iuvabit
surgery	CTDC-PARTICIPANT-990328	CTDC-SURGERY-169575	nascentes_morimur_finisque_ab_origine_pendet	729	haec_olim_meminisse_iuvabit	Yes	faber_est_suae_quisque_fortunae	barba_crescit_caput_nescit	imperium_in_imperio
surgery	CTDC-PARTICIPANT-310032	CTDC-SURGERY-701574	scientiae_et_patriae	304	damnant_quod_non_intellegunt	No	Obedientia_civium_urbis_felicitas	salus_in_arduis	Obedientia_civium_urbis_felicitas
surgery	CTDC-PARTICIPANT-310032	CTDC-SURGERY-735641	faber_est_suae_quisque_fortunae	616	e_causa_ignota	Yes	damnant_quod_non_intellegunt	damnant_quod_non_intellegunt	Gallia_est_omnis_divisa_in_partes_tres
surgery	CTDC-PARTICIPANT-454476	CTDC-SURGERY-833901	haec_olim_meminisse_iuvabit	827	a_bene_placito	Yes	O_Tite_tute_Tati_tibi_tanta_tyranne_tulisti	scientia_et_labor	salus_in_arduis
surgery	CTDC-PARTICIPANT-454476	CTDC-SURGERY-603652	a_bene_placito	363	nascentes_morimur_finisque_ab_origine_pendet	No	nanos_gigantum_humeris_insidentes	saltus_in_demonstrando	pace_tua
surgery	CTDC-PARTICIPANT-647057	CTDC-SURGERY-143089	damnant_quod_non_intellegunt	667	scientia_imperii_decus_et_tutamen	No	Gallia_est_omnis_divisa_in_partes_tres	scientia_imperii_decus_et_tutamen	nanos_gigantum_humeris_insidentes
surgery	CTDC-PARTICIPANT-647057	CTDC-SURGERY-117042	scientiae_cedit_mare	521	O_Tite_tute_Tati_tibi_tanta_tyranne_tulisti	Yes	scientiae_cedit_mare	scientiae_et_patriae	nanos_gigantum_humeris_insidentes
surgery	CTDC-PARTICIPANT-732783	CTDC-SURGERY-798106	labor_ipse_voluptas	883	Obedientia_civium_urbis_felicitas	No	damnant_quod_non_intellegunt	saltus_in_demonstrando	id_quod_plerumque_accidit
surgery	CTDC-PARTICIPANT-732783	CTDC-SURGERY-433858	scientia_et_sapientia	645	pace_tua	No	Macte_animo_Generose_puer_sic_itur_ad_astra	scientia_et_labor	Macte_animo_Generose_puer_sic_itur_ad_astra
surgery	CTDC-PARTICIPANT-647189	CTDC-SURGERY-176869	sapiens_qui_prospicit	619	scientia_imperii_decus_et_tutamen	Yes	barba_crescit_caput_nescit	imperium_in_imperio	haec_olim_meminisse_iuvabit
surgery	CTDC-PARTICIPANT-647189	CTDC-SURGERY-331041	scientia_et_labor	85	Gallia_est_omnis_divisa_in_partes_tres	No	pace_tua	damnant_quod_non_intellegunt	barba_crescit_caput_nescit
surgery	CTDC-PARTICIPANT-676963	CTDC-SURGERY-370334	Obedientia_civium_urbis_felicitas	742	saltus_in_demonstrando	No	barba_crescit_caput_nescit	Macte_animo_Generose_puer_sic_itur_ad_astra	labor_ipse_voluptas
surgery	CTDC-PARTICIPANT-676963	CTDC-SURGERY-523792	scientiae_et_patriae	848	sapiens_qui_prospicit	No	damnant_quod_non_intellegunt	Macte_animo_Generose_puer_sic_itur_ad_astra	faber_est_suae_quisque_fortunae
surgery	CTDC-PARTICIPANT-971299	CTDC-SURGERY-706029	pace_tua	175	labor_ipse_voluptas	No	Obedientia_civium_urbis_felicitas	haec_olim_meminisse_iuvabit	barba_crescit_caput_nescit
surgery	CTDC-PARTICIPANT-971299	CTDC-SURGERY-733747	damnant_quod_non_intellegunt	444	scientiae_et_patriae	No	nanos_gigantum_humeris_insidentes	id_quod_plerumque_accidit	haec_olim_meminisse_iuvabit
surgery	CTDC-PARTICIPANT-888011	CTDC-SURGERY-765565	nascentes_morimur_finisque_ab_origine_pendet	543	imperium_in_imperio	Yes	scientia_et_labor	saltus_in_demonstrando	Gallia_est_omnis_divisa_in_partes_tres
surgery	CTDC-PARTICIPANT-888011	CTDC-SURGERY-762882	scientia_et_labor	251	faber_est_suae_quisque_fortunae	No	cacatum_non_est_pictum	O_Tite_tute_Tati_tibi_tanta_tyranne_tulisti	salus_in_arduis
surgery	CTDC-PARTICIPANT-836519	CTDC-SURGERY-551278	cacatum_non_est_pictum	193	barba_crescit_caput_nescit	Yes	Gallia_est_omnis_divisa_in_partes_tres	Gallia_est_omnis_divisa_in_partes_tres	damnant_quod_non_intellegunt
surgery	CTDC-PARTICIPANT-836519	CTDC-SURGERY-496147	nanos_gigantum_humeris_insidentes	49	imperium_in_imperio	No	damnant_quod_non_intellegunt	sapiens_qui_prospicit	a_bene_placito
surgery	CTDC-PARTICIPANT-699815	CTDC-SURGERY-916451	Obedientia_civium_urbis_felicitas	757	salus_in_arduis	Yes	haec_olim_meminisse_iuvabit	Obedientia_civium_urbis_felicitas	cacatum_non_est_pictum
surgery	CTDC-PARTICIPANT-699815	CTDC-SURGERY-217745	Obedientia_civium_urbis_felicitas	724	scientia_imperii_decus_et_tutamen	Yes	scientia_et_sapientia	scientia,_aere_perennius	scientiae_cedit_mare
surgery	CTDC-PARTICIPANT-184105	CTDC-SURGERY-174169	nascentes_morimur_finisque_ab_origine_pendet	713	damnant_quod_non_intellegunt	No	barba_crescit_caput_nescit	Macte_animo_Generose_puer_sic_itur_ad_astra	sapiens_qui_prospicit
surgery	CTDC-PARTICIPANT-184105	CTDC-SURGERY-318140	id_quod_plerumque_accidit	845	scientia_et_labor	No	scientia_imperii_decus_et_tutamen	nascentes_morimur_finisque_ab_origine_pendet	a_bene_placito
surgery	CTDC-PARTICIPANT-698815	CTDC-SURGERY-559426	Gallia_est_omnis_divisa_in_partes_tres	416	barba_crescit_caput_nescit	Yes	scientiae_cedit_mare	cacatum_non_est_pictum	salus_in_arduis
surgery	CTDC-PARTICIPANT-698815	CTDC-SURGERY-974416	scientia_et_sapientia	896	faber_est_suae_quisque_fortunae	No	scientia_et_labor	scientia,_aere_perennius	a_bene_placito
surgery	CTDC-PARTICIPANT-882747	CTDC-SURGERY-677850	scientiae_et_patriae	831	barba_crescit_caput_nescit	Yes	labor_ipse_voluptas	saltus_in_demonstrando	Gallia_est_omnis_divisa_in_partes_tres
surgery	CTDC-PARTICIPANT-882747	CTDC-SURGERY-537091	cacatum_non_est_pictum	630	scientia_et_sapientia	No	cacatum_non_est_pictum	O_Tite_tute_Tati_tibi_tanta_tyranne_tulisti	a_bene_placito
surgery	CTDC-PARTICIPANT-786561	CTDC-SURGERY-980332	Gallia_est_omnis_divisa_in_partes_tres	390	Gallia_est_omnis_divisa_in_partes_tres	Yes	saltus_in_demonstrando	e_causa_ignota	damnant_quod_non_intellegunt
surgery	CTDC-PARTICIPANT-786561	CTDC-SURGERY-302747	id_quod_plerumque_accidit	347	imperium_in_imperio	No	e_causa_ignota	damnant_quod_non_intellegunt	Gallia_est_omnis_divisa_in_partes_tres
surgery	CTDC-PARTICIPANT-867798	CTDC-SURGERY-612915	barba_crescit_caput_nescit	122	imperium_in_imperio	Yes	haec_olim_meminisse_iuvabit	saltus_in_demonstrando	id_quod_plerumque_accidit
surgery	CTDC-PARTICIPANT-867798	CTDC-SURGERY-152370	damnant_quod_non_intellegunt	358	scientiae_et_patriae	No	scientia_imperii_decus_et_tutamen	cacatum_non_est_pictum	e_causa_ignota
surgery	CTDC-PARTICIPANT-392396	CTDC-SURGERY-506009	damnant_quod_non_intellegunt	470	barba_crescit_caput_nescit	No	O_Tite_tute_Tati_tibi_tanta_tyranne_tulisti	e_causa_ignota	scientiae_cedit_mare
surgery	CTDC-PARTICIPANT-392396	CTDC-SURGERY-654476	O_Tite_tute_Tati_tibi_tanta_tyranne_tulisti	558	e_causa_ignota	Yes	scientia_imperii_decus_et_tutamen	labor_ipse_voluptas	id_quod_plerumque_accidit
