type	participant.participant_id	surgical_procedure_record_id	surgical_procedure	surgical_procedure_date	surgical_procedure_anatomical_location	surgical_procedure_therapeutic	surgical_procedure_findings	extent_of_residual_disease	crdc_id
surgery	CTDC-PARTICIPANT-641111	CTDC-SURGERY-604383	scientia_imperii_decus_et_tutamen	382	damnant_quod_non_intellegunt	Yes	scientia_imperii_decus_et_tutamen	imperium_in_imperio	faber_est_suae_quisque_fortunae
surgery	CTDC-PARTICIPANT-641111	CTDC-SURGERY-274104	cacatum_non_est_pictum	147	imperium_in_imperio	Yes	pace_tua	scientia_imperii_decus_et_tutamen	faber_est_suae_quisque_fortunae
surgery	CTDC-PARTICIPANT-429411	CTDC-SURGERY-442599	scientiae_cedit_mare	587	sapiens_qui_prospicit	Yes	scientia_et_labor	a_bene_placito	e_causa_ignota
surgery	CTDC-PARTICIPANT-429411	CTDC-SURGERY-773558	haec_olim_meminisse_iuvabit	801	id_quod_plerumque_accidit	No	pace_tua	haec_olim_meminisse_iuvabit	nascentes_morimur_finisque_ab_origine_pendet
surgery	CTDC-PARTICIPANT-209642	CTDC-SURGERY-531949	scientia_et_labor	879	scientiae_cedit_mare	Yes	imperium_in_imperio	scientia,_aere_perennius	Macte_animo_Generose_puer_sic_itur_ad_astra
surgery	CTDC-PARTICIPANT-209642	CTDC-SURGERY-594561	salus_in_arduis	722	nanos_gigantum_humeris_insidentes	No	labor_ipse_voluptas	id_quod_plerumque_accidit	scientia_imperii_decus_et_tutamen
surgery	CTDC-PARTICIPANT-482694	CTDC-SURGERY-156627	scientia_imperii_decus_et_tutamen	319	Obedientia_civium_urbis_felicitas	Yes	imperium_in_imperio	pace_tua	imperium_in_imperio
surgery	CTDC-PARTICIPANT-482694	CTDC-SURGERY-237683	id_quod_plerumque_accidit	340	saltus_in_demonstrando	No	sapiens_qui_prospicit	scientiae_et_patriae	id_quod_plerumque_accidit
surgery	CTDC-PARTICIPANT-301326	CTDC-SURGERY-916054	cacatum_non_est_pictum	352	nascentes_morimur_finisque_ab_origine_pendet	Yes	cacatum_non_est_pictum	scientiae_cedit_mare	faber_est_suae_quisque_fortunae
surgery	CTDC-PARTICIPANT-301326	CTDC-SURGERY-628243	nanos_gigantum_humeris_insidentes	567	e_causa_ignota	Yes	O_Tite_tute_Tati_tibi_tanta_tyranne_tulisti	a_bene_placito	damnant_quod_non_intellegunt
surgery	CTDC-PARTICIPANT-449539	CTDC-SURGERY-979321	scientia,_aere_perennius	844	Macte_animo_Generose_puer_sic_itur_ad_astra	No	faber_est_suae_quisque_fortunae	cacatum_non_est_pictum	faber_est_suae_quisque_fortunae
surgery	CTDC-PARTICIPANT-449539	CTDC-SURGERY-474675	scientia_imperii_decus_et_tutamen	357	scientia_et_sapientia	No	scientia_et_labor	saltus_in_demonstrando	haec_olim_meminisse_iuvabit
surgery	CTDC-PARTICIPANT-340275	CTDC-SURGERY-554363	a_bene_placito	48	damnant_quod_non_intellegunt	Yes	scientia_et_labor	id_quod_plerumque_accidit	imperium_in_imperio
surgery	CTDC-PARTICIPANT-340275	CTDC-SURGERY-556954	a_bene_placito	562	scientiae_et_patriae	Yes	scientia_et_labor	Obedientia_civium_urbis_felicitas	pace_tua
surgery	CTDC-PARTICIPANT-198783	CTDC-SURGERY-187911	saltus_in_demonstrando	119	faber_est_suae_quisque_fortunae	Yes	id_quod_plerumque_accidit	imperium_in_imperio	faber_est_suae_quisque_fortunae
surgery	CTDC-PARTICIPANT-198783	CTDC-SURGERY-640155	e_causa_ignota	787	saltus_in_demonstrando	No	scientia_imperii_decus_et_tutamen	scientiae_et_patriae	scientiae_cedit_mare
surgery	CTDC-PARTICIPANT-786373	CTDC-SURGERY-372598	scientia_imperii_decus_et_tutamen	431	a_bene_placito	Yes	scientia_et_sapientia	sapiens_qui_prospicit	sapiens_qui_prospicit
surgery	CTDC-PARTICIPANT-786373	CTDC-SURGERY-716906	nanos_gigantum_humeris_insidentes	377	haec_olim_meminisse_iuvabit	No	Macte_animo_Generose_puer_sic_itur_ad_astra	scientiae_et_patriae	scientia_et_sapientia
surgery	CTDC-PARTICIPANT-791713	CTDC-SURGERY-600895	faber_est_suae_quisque_fortunae	526	haec_olim_meminisse_iuvabit	No	id_quod_plerumque_accidit	faber_est_suae_quisque_fortunae	e_causa_ignota
surgery	CTDC-PARTICIPANT-791713	CTDC-SURGERY-713704	nascentes_morimur_finisque_ab_origine_pendet	519	imperium_in_imperio	No	scientiae_et_patriae	Gallia_est_omnis_divisa_in_partes_tres	O_Tite_tute_Tati_tibi_tanta_tyranne_tulisti
surgery	CTDC-PARTICIPANT-671238	CTDC-SURGERY-995424	labor_ipse_voluptas	524	faber_est_suae_quisque_fortunae	Yes	Obedientia_civium_urbis_felicitas	O_Tite_tute_Tati_tibi_tanta_tyranne_tulisti	faber_est_suae_quisque_fortunae
surgery	CTDC-PARTICIPANT-671238	CTDC-SURGERY-791971	scientiae_cedit_mare	360	sapiens_qui_prospicit	Yes	haec_olim_meminisse_iuvabit	scientia_et_sapientia	damnant_quod_non_intellegunt
surgery	CTDC-PARTICIPANT-371594	CTDC-SURGERY-415890	labor_ipse_voluptas	715	salus_in_arduis	Yes	faber_est_suae_quisque_fortunae	faber_est_suae_quisque_fortunae	scientiae_et_patriae
surgery	CTDC-PARTICIPANT-371594	CTDC-SURGERY-426051	damnant_quod_non_intellegunt	105	sapiens_qui_prospicit	Yes	scientiae_et_patriae	scientia_et_sapientia	cacatum_non_est_pictum
surgery	CTDC-PARTICIPANT-584849	CTDC-SURGERY-519780	saltus_in_demonstrando	573	nascentes_morimur_finisque_ab_origine_pendet	No	O_Tite_tute_Tati_tibi_tanta_tyranne_tulisti	haec_olim_meminisse_iuvabit	cacatum_non_est_pictum
surgery	CTDC-PARTICIPANT-584849	CTDC-SURGERY-552912	salus_in_arduis	603	sapiens_qui_prospicit	Yes	cacatum_non_est_pictum	e_causa_ignota	scientia_et_sapientia
surgery	CTDC-PARTICIPANT-513457	CTDC-SURGERY-984422	scientia_et_sapientia	415	faber_est_suae_quisque_fortunae	Yes	barba_crescit_caput_nescit	labor_ipse_voluptas	labor_ipse_voluptas
surgery	CTDC-PARTICIPANT-513457	CTDC-SURGERY-220740	scientia,_aere_perennius	518	salus_in_arduis	Yes	pace_tua	a_bene_placito	labor_ipse_voluptas
surgery	CTDC-PARTICIPANT-286805	CTDC-SURGERY-256658	e_causa_ignota	816	scientia,_aere_perennius	Yes	e_causa_ignota	Macte_animo_Generose_puer_sic_itur_ad_astra	nascentes_morimur_finisque_ab_origine_pendet
surgery	CTDC-PARTICIPANT-286805	CTDC-SURGERY-936155	nanos_gigantum_humeris_insidentes	564	imperium_in_imperio	No	Gallia_est_omnis_divisa_in_partes_tres	O_Tite_tute_Tati_tibi_tanta_tyranne_tulisti	salus_in_arduis
surgery	CTDC-PARTICIPANT-360661	CTDC-SURGERY-554192	nanos_gigantum_humeris_insidentes	57	scientia_imperii_decus_et_tutamen	Yes	imperium_in_imperio	scientia_et_sapientia	Gallia_est_omnis_divisa_in_partes_tres
surgery	CTDC-PARTICIPANT-360661	CTDC-SURGERY-104445	damnant_quod_non_intellegunt	352	a_bene_placito	No	a_bene_placito	imperium_in_imperio	saltus_in_demonstrando
surgery	CTDC-PARTICIPANT-208381	CTDC-SURGERY-911684	scientia_et_sapientia	27	barba_crescit_caput_nescit	No	a_bene_placito	Macte_animo_Generose_puer_sic_itur_ad_astra	Obedientia_civium_urbis_felicitas
surgery	CTDC-PARTICIPANT-208381	CTDC-SURGERY-596180	salus_in_arduis	361	Obedientia_civium_urbis_felicitas	No	scientia_et_labor	scientia_et_labor	barba_crescit_caput_nescit
surgery	CTDC-PARTICIPANT-149549	CTDC-SURGERY-535957	labor_ipse_voluptas	649	nascentes_morimur_finisque_ab_origine_pendet	Yes	nascentes_morimur_finisque_ab_origine_pendet	imperium_in_imperio	sapiens_qui_prospicit
surgery	CTDC-PARTICIPANT-149549	CTDC-SURGERY-254101	saltus_in_demonstrando	45	imperium_in_imperio	No	scientiae_et_patriae	Macte_animo_Generose_puer_sic_itur_ad_astra	Gallia_est_omnis_divisa_in_partes_tres
surgery	CTDC-PARTICIPANT-607722	CTDC-SURGERY-428522	sapiens_qui_prospicit	746	O_Tite_tute_Tati_tibi_tanta_tyranne_tulisti	No	damnant_quod_non_intellegunt	scientia_imperii_decus_et_tutamen	scientia_et_labor
surgery	CTDC-PARTICIPANT-607722	CTDC-SURGERY-508475	Macte_animo_Generose_puer_sic_itur_ad_astra	429	Gallia_est_omnis_divisa_in_partes_tres	No	imperium_in_imperio	nanos_gigantum_humeris_insidentes	faber_est_suae_quisque_fortunae
surgery	CTDC-PARTICIPANT-968052	CTDC-SURGERY-671128	Gallia_est_omnis_divisa_in_partes_tres	770	damnant_quod_non_intellegunt	Yes	labor_ipse_voluptas	nascentes_morimur_finisque_ab_origine_pendet	id_quod_plerumque_accidit
surgery	CTDC-PARTICIPANT-968052	CTDC-SURGERY-888846	Macte_animo_Generose_puer_sic_itur_ad_astra	768	Gallia_est_omnis_divisa_in_partes_tres	Yes	scientia_imperii_decus_et_tutamen	scientia_et_sapientia	imperium_in_imperio
surgery	CTDC-PARTICIPANT-273892	CTDC-SURGERY-566996	Obedientia_civium_urbis_felicitas	204	Gallia_est_omnis_divisa_in_partes_tres	Yes	labor_ipse_voluptas	haec_olim_meminisse_iuvabit	nascentes_morimur_finisque_ab_origine_pendet
surgery	CTDC-PARTICIPANT-273892	CTDC-SURGERY-971411	Obedientia_civium_urbis_felicitas	66	Macte_animo_Generose_puer_sic_itur_ad_astra	No	scientia_et_labor	Obedientia_civium_urbis_felicitas	cacatum_non_est_pictum
surgery	CTDC-PARTICIPANT-599675	CTDC-SURGERY-390137	scientiae_et_patriae	88	faber_est_suae_quisque_fortunae	Yes	scientia,_aere_perennius	scientia,_aere_perennius	sapiens_qui_prospicit
surgery	CTDC-PARTICIPANT-599675	CTDC-SURGERY-864079	saltus_in_demonstrando	787	nanos_gigantum_humeris_insidentes	No	a_bene_placito	nanos_gigantum_humeris_insidentes	a_bene_placito
surgery	CTDC-PARTICIPANT-389190	CTDC-SURGERY-594097	pace_tua	328	salus_in_arduis	Yes	Gallia_est_omnis_divisa_in_partes_tres	id_quod_plerumque_accidit	nascentes_morimur_finisque_ab_origine_pendet
surgery	CTDC-PARTICIPANT-389190	CTDC-SURGERY-988380	cacatum_non_est_pictum	945	scientia_et_sapientia	Yes	labor_ipse_voluptas	scientia_et_labor	barba_crescit_caput_nescit
surgery	CTDC-PARTICIPANT-992012	CTDC-SURGERY-551379	Macte_animo_Generose_puer_sic_itur_ad_astra	699	Obedientia_civium_urbis_felicitas	No	barba_crescit_caput_nescit	Obedientia_civium_urbis_felicitas	scientia,_aere_perennius
surgery	CTDC-PARTICIPANT-992012	CTDC-SURGERY-101552	saltus_in_demonstrando	234	Obedientia_civium_urbis_felicitas	No	id_quod_plerumque_accidit	scientiae_et_patriae	cacatum_non_est_pictum
surgery	CTDC-PARTICIPANT-322813	CTDC-SURGERY-570469	saltus_in_demonstrando	637	faber_est_suae_quisque_fortunae	No	salus_in_arduis	nanos_gigantum_humeris_insidentes	scientiae_cedit_mare
surgery	CTDC-PARTICIPANT-322813	CTDC-SURGERY-937927	barba_crescit_caput_nescit	295	scientiae_cedit_mare	No	faber_est_suae_quisque_fortunae	scientia_et_labor	a_bene_placito
surgery	CTDC-PARTICIPANT-563302	CTDC-SURGERY-751900	imperium_in_imperio	195	Gallia_est_omnis_divisa_in_partes_tres	No	Obedientia_civium_urbis_felicitas	Obedientia_civium_urbis_felicitas	pace_tua
surgery	CTDC-PARTICIPANT-563302	CTDC-SURGERY-699245	id_quod_plerumque_accidit	95	O_Tite_tute_Tati_tibi_tanta_tyranne_tulisti	No	Obedientia_civium_urbis_felicitas	scientiae_et_patriae	cacatum_non_est_pictum
surgery	CTDC-PARTICIPANT-449980	CTDC-SURGERY-937371	sapiens_qui_prospicit	930	Obedientia_civium_urbis_felicitas	Yes	labor_ipse_voluptas	Obedientia_civium_urbis_felicitas	damnant_quod_non_intellegunt
surgery	CTDC-PARTICIPANT-449980	CTDC-SURGERY-191842	O_Tite_tute_Tati_tibi_tanta_tyranne_tulisti	418	scientia_et_labor	Yes	saltus_in_demonstrando	scientia_imperii_decus_et_tutamen	Obedientia_civium_urbis_felicitas
surgery	CTDC-PARTICIPANT-863646	CTDC-SURGERY-938092	imperium_in_imperio	218	Gallia_est_omnis_divisa_in_partes_tres	Yes	cacatum_non_est_pictum	damnant_quod_non_intellegunt	saltus_in_demonstrando
surgery	CTDC-PARTICIPANT-863646	CTDC-SURGERY-751216	scientia_et_labor	302	damnant_quod_non_intellegunt	No	scientiae_et_patriae	saltus_in_demonstrando	imperium_in_imperio
surgery	CTDC-PARTICIPANT-365305	CTDC-SURGERY-155493	nanos_gigantum_humeris_insidentes	977	nascentes_morimur_finisque_ab_origine_pendet	Yes	e_causa_ignota	Obedientia_civium_urbis_felicitas	labor_ipse_voluptas
surgery	CTDC-PARTICIPANT-365305	CTDC-SURGERY-384672	Obedientia_civium_urbis_felicitas	315	Gallia_est_omnis_divisa_in_partes_tres	Yes	labor_ipse_voluptas	scientia_et_labor	imperium_in_imperio
surgery	CTDC-PARTICIPANT-684111	CTDC-SURGERY-145568	barba_crescit_caput_nescit	309	cacatum_non_est_pictum	Yes	a_bene_placito	a_bene_placito	scientia_et_labor
surgery	CTDC-PARTICIPANT-684111	CTDC-SURGERY-490903	barba_crescit_caput_nescit	98	scientiae_cedit_mare	No	Macte_animo_Generose_puer_sic_itur_ad_astra	a_bene_placito	scientia_et_sapientia
surgery	CTDC-PARTICIPANT-891914	CTDC-SURGERY-126377	Macte_animo_Generose_puer_sic_itur_ad_astra	277	id_quod_plerumque_accidit	No	e_causa_ignota	salus_in_arduis	haec_olim_meminisse_iuvabit
surgery	CTDC-PARTICIPANT-891914	CTDC-SURGERY-865875	Macte_animo_Generose_puer_sic_itur_ad_astra	312	barba_crescit_caput_nescit	No	scientiae_cedit_mare	saltus_in_demonstrando	Macte_animo_Generose_puer_sic_itur_ad_astra
surgery	CTDC-PARTICIPANT-486601	CTDC-SURGERY-450925	pace_tua	711	damnant_quod_non_intellegunt	No	scientia_imperii_decus_et_tutamen	haec_olim_meminisse_iuvabit	salus_in_arduis
surgery	CTDC-PARTICIPANT-486601	CTDC-SURGERY-739391	damnant_quod_non_intellegunt	229	O_Tite_tute_Tati_tibi_tanta_tyranne_tulisti	Yes	Obedientia_civium_urbis_felicitas	sapiens_qui_prospicit	haec_olim_meminisse_iuvabit
surgery	CTDC-PARTICIPANT-531064	CTDC-SURGERY-449458	Macte_animo_Generose_puer_sic_itur_ad_astra	227	imperium_in_imperio	No	imperium_in_imperio	haec_olim_meminisse_iuvabit	labor_ipse_voluptas
surgery	CTDC-PARTICIPANT-531064	CTDC-SURGERY-652723	nanos_gigantum_humeris_insidentes	31	scientia_imperii_decus_et_tutamen	No	barba_crescit_caput_nescit	salus_in_arduis	faber_est_suae_quisque_fortunae
surgery	CTDC-PARTICIPANT-929629	CTDC-SURGERY-737396	sapiens_qui_prospicit	963	labor_ipse_voluptas	No	scientia_et_sapientia	sapiens_qui_prospicit	Macte_animo_Generose_puer_sic_itur_ad_astra
surgery	CTDC-PARTICIPANT-929629	CTDC-SURGERY-394318	Macte_animo_Generose_puer_sic_itur_ad_astra	270	scientiae_et_patriae	No	imperium_in_imperio	Gallia_est_omnis_divisa_in_partes_tres	labor_ipse_voluptas
surgery	CTDC-PARTICIPANT-667747	CTDC-SURGERY-152333	cacatum_non_est_pictum	243	salus_in_arduis	Yes	Obedientia_civium_urbis_felicitas	cacatum_non_est_pictum	Gallia_est_omnis_divisa_in_partes_tres
surgery	CTDC-PARTICIPANT-667747	CTDC-SURGERY-864013	saltus_in_demonstrando	682	damnant_quod_non_intellegunt	Yes	scientiae_cedit_mare	faber_est_suae_quisque_fortunae	scientia_et_labor
surgery	CTDC-PARTICIPANT-270141	CTDC-SURGERY-479381	labor_ipse_voluptas	929	haec_olim_meminisse_iuvabit	Yes	id_quod_plerumque_accidit	e_causa_ignota	imperium_in_imperio
surgery	CTDC-PARTICIPANT-270141	CTDC-SURGERY-289382	cacatum_non_est_pictum	315	scientia_et_sapientia	Yes	Obedientia_civium_urbis_felicitas	cacatum_non_est_pictum	damnant_quod_non_intellegunt
surgery	CTDC-PARTICIPANT-779049	CTDC-SURGERY-660570	id_quod_plerumque_accidit	242	Gallia_est_omnis_divisa_in_partes_tres	Yes	pace_tua	scientia,_aere_perennius	haec_olim_meminisse_iuvabit
surgery	CTDC-PARTICIPANT-779049	CTDC-SURGERY-172153	nascentes_morimur_finisque_ab_origine_pendet	713	Gallia_est_omnis_divisa_in_partes_tres	Yes	Macte_animo_Generose_puer_sic_itur_ad_astra	a_bene_placito	scientiae_cedit_mare
surgery	CTDC-PARTICIPANT-297073	CTDC-SURGERY-579835	nanos_gigantum_humeris_insidentes	383	saltus_in_demonstrando	No	Gallia_est_omnis_divisa_in_partes_tres	scientia_et_labor	salus_in_arduis
surgery	CTDC-PARTICIPANT-297073	CTDC-SURGERY-721524	scientia,_aere_perennius	127	saltus_in_demonstrando	Yes	e_causa_ignota	barba_crescit_caput_nescit	a_bene_placito
surgery	CTDC-PARTICIPANT-749799	CTDC-SURGERY-287554	faber_est_suae_quisque_fortunae	892	nascentes_morimur_finisque_ab_origine_pendet	No	id_quod_plerumque_accidit	Gallia_est_omnis_divisa_in_partes_tres	scientiae_cedit_mare
surgery	CTDC-PARTICIPANT-749799	CTDC-SURGERY-438806	salus_in_arduis	594	scientia_imperii_decus_et_tutamen	Yes	barba_crescit_caput_nescit	saltus_in_demonstrando	id_quod_plerumque_accidit
surgery	CTDC-PARTICIPANT-922401	CTDC-SURGERY-714468	scientia_et_sapientia	211	a_bene_placito	Yes	imperium_in_imperio	scientiae_cedit_mare	Macte_animo_Generose_puer_sic_itur_ad_astra
surgery	CTDC-PARTICIPANT-922401	CTDC-SURGERY-309369	scientia_et_labor	795	O_Tite_tute_Tati_tibi_tanta_tyranne_tulisti	Yes	barba_crescit_caput_nescit	imperium_in_imperio	scientiae_cedit_mare
surgery	CTDC-PARTICIPANT-382937	CTDC-SURGERY-980542	scientiae_et_patriae	575	scientia_et_sapientia	Yes	imperium_in_imperio	faber_est_suae_quisque_fortunae	sapiens_qui_prospicit
surgery	CTDC-PARTICIPANT-382937	CTDC-SURGERY-488173	damnant_quod_non_intellegunt	300	pace_tua	Yes	e_causa_ignota	barba_crescit_caput_nescit	Obedientia_civium_urbis_felicitas
surgery	CTDC-PARTICIPANT-294142	CTDC-SURGERY-506948	sapiens_qui_prospicit	102	nascentes_morimur_finisque_ab_origine_pendet	No	a_bene_placito	scientia_et_sapientia	barba_crescit_caput_nescit
surgery	CTDC-PARTICIPANT-294142	CTDC-SURGERY-242052	Obedientia_civium_urbis_felicitas	688	salus_in_arduis	No	pace_tua	scientia_imperii_decus_et_tutamen	nascentes_morimur_finisque_ab_origine_pendet
surgery	CTDC-PARTICIPANT-690107	CTDC-SURGERY-651385	scientia,_aere_perennius	962	salus_in_arduis	Yes	id_quod_plerumque_accidit	sapiens_qui_prospicit	sapiens_qui_prospicit
surgery	CTDC-PARTICIPANT-690107	CTDC-SURGERY-242354	Macte_animo_Generose_puer_sic_itur_ad_astra	675	scientiae_cedit_mare	No	salus_in_arduis	e_causa_ignota	nascentes_morimur_finisque_ab_origine_pendet
surgery	CTDC-PARTICIPANT-366120	CTDC-SURGERY-781447	O_Tite_tute_Tati_tibi_tanta_tyranne_tulisti	368	damnant_quod_non_intellegunt	No	nanos_gigantum_humeris_insidentes	labor_ipse_voluptas	nanos_gigantum_humeris_insidentes
surgery	CTDC-PARTICIPANT-366120	CTDC-SURGERY-126611	id_quod_plerumque_accidit	685	a_bene_placito	Yes	Gallia_est_omnis_divisa_in_partes_tres	faber_est_suae_quisque_fortunae	id_quod_plerumque_accidit
surgery	CTDC-PARTICIPANT-638488	CTDC-SURGERY-382214	damnant_quod_non_intellegunt	956	e_causa_ignota	No	sapiens_qui_prospicit	scientia,_aere_perennius	scientia,_aere_perennius
surgery	CTDC-PARTICIPANT-638488	CTDC-SURGERY-402564	Macte_animo_Generose_puer_sic_itur_ad_astra	330	faber_est_suae_quisque_fortunae	No	barba_crescit_caput_nescit	cacatum_non_est_pictum	pace_tua
surgery	CTDC-PARTICIPANT-314138	CTDC-SURGERY-275659	pace_tua	598	damnant_quod_non_intellegunt	No	salus_in_arduis	salus_in_arduis	scientiae_cedit_mare
surgery	CTDC-PARTICIPANT-314138	CTDC-SURGERY-226948	Macte_animo_Generose_puer_sic_itur_ad_astra	573	cacatum_non_est_pictum	No	nascentes_morimur_finisque_ab_origine_pendet	nanos_gigantum_humeris_insidentes	scientiae_cedit_mare
surgery	CTDC-PARTICIPANT-938247	CTDC-SURGERY-456924	scientia_imperii_decus_et_tutamen	533	labor_ipse_voluptas	No	saltus_in_demonstrando	haec_olim_meminisse_iuvabit	scientiae_cedit_mare
surgery	CTDC-PARTICIPANT-938247	CTDC-SURGERY-937704	scientiae_et_patriae	146	scientia_et_labor	Yes	nascentes_morimur_finisque_ab_origine_pendet	faber_est_suae_quisque_fortunae	scientiae_cedit_mare
surgery	CTDC-PARTICIPANT-791745	CTDC-SURGERY-200026	cacatum_non_est_pictum	519	scientia_et_sapientia	No	labor_ipse_voluptas	salus_in_arduis	pace_tua
surgery	CTDC-PARTICIPANT-791745	CTDC-SURGERY-742516	scientia_et_labor	417	haec_olim_meminisse_iuvabit	No	damnant_quod_non_intellegunt	scientiae_et_patriae	labor_ipse_voluptas
surgery	CTDC-PARTICIPANT-817733	CTDC-SURGERY-816610	imperium_in_imperio	895	Obedientia_civium_urbis_felicitas	Yes	haec_olim_meminisse_iuvabit	e_causa_ignota	id_quod_plerumque_accidit
surgery	CTDC-PARTICIPANT-817733	CTDC-SURGERY-429566	scientiae_cedit_mare	746	scientiae_et_patriae	No	damnant_quod_non_intellegunt	imperium_in_imperio	scientia_et_labor
surgery	CTDC-PARTICIPANT-254156	CTDC-SURGERY-608450	saltus_in_demonstrando	34	scientia_et_labor	Yes	imperium_in_imperio	pace_tua	salus_in_arduis
surgery	CTDC-PARTICIPANT-254156	CTDC-SURGERY-405656	scientia_et_labor	582	scientia_et_labor	No	scientia_imperii_decus_et_tutamen	haec_olim_meminisse_iuvabit	nascentes_morimur_finisque_ab_origine_pendet
surgery	CTDC-PARTICIPANT-207908	CTDC-SURGERY-967680	id_quod_plerumque_accidit	611	Gallia_est_omnis_divisa_in_partes_tres	No	scientiae_et_patriae	id_quod_plerumque_accidit	saltus_in_demonstrando
surgery	CTDC-PARTICIPANT-207908	CTDC-SURGERY-175233	nascentes_morimur_finisque_ab_origine_pendet	343	Gallia_est_omnis_divisa_in_partes_tres	No	scientia_et_sapientia	Obedientia_civium_urbis_felicitas	Obedientia_civium_urbis_felicitas
surgery	CTDC-PARTICIPANT-536513	CTDC-SURGERY-100170	O_Tite_tute_Tati_tibi_tanta_tyranne_tulisti	758	scientia_et_sapientia	No	labor_ipse_voluptas	faber_est_suae_quisque_fortunae	barba_crescit_caput_nescit
surgery	CTDC-PARTICIPANT-536513	CTDC-SURGERY-389506	labor_ipse_voluptas	257	damnant_quod_non_intellegunt	No	salus_in_arduis	scientia_et_labor	Obedientia_civium_urbis_felicitas
surgery	CTDC-PARTICIPANT-353582	CTDC-SURGERY-473539	faber_est_suae_quisque_fortunae	789	id_quod_plerumque_accidit	No	a_bene_placito	pace_tua	nanos_gigantum_humeris_insidentes
surgery	CTDC-PARTICIPANT-353582	CTDC-SURGERY-712244	nascentes_morimur_finisque_ab_origine_pendet	365	Gallia_est_omnis_divisa_in_partes_tres	No	scientia_et_labor	faber_est_suae_quisque_fortunae	O_Tite_tute_Tati_tibi_tanta_tyranne_tulisti
surgery	CTDC-PARTICIPANT-970835	CTDC-SURGERY-190004	Obedientia_civium_urbis_felicitas	233	nanos_gigantum_humeris_insidentes	Yes	imperium_in_imperio	e_causa_ignota	scientia_et_sapientia
surgery	CTDC-PARTICIPANT-970835	CTDC-SURGERY-150179	Macte_animo_Generose_puer_sic_itur_ad_astra	900	scientia_et_sapientia	Yes	imperium_in_imperio	cacatum_non_est_pictum	faber_est_suae_quisque_fortunae
surgery	CTDC-PARTICIPANT-380250	CTDC-SURGERY-760296	Macte_animo_Generose_puer_sic_itur_ad_astra	544	O_Tite_tute_Tati_tibi_tanta_tyranne_tulisti	Yes	barba_crescit_caput_nescit	scientia_imperii_decus_et_tutamen	labor_ipse_voluptas
surgery	CTDC-PARTICIPANT-380250	CTDC-SURGERY-222383	a_bene_placito	950	sapiens_qui_prospicit	Yes	imperium_in_imperio	scientia,_aere_perennius	pace_tua
surgery	CTDC-PARTICIPANT-824360	CTDC-SURGERY-894220	barba_crescit_caput_nescit	200	imperium_in_imperio	Yes	salus_in_arduis	scientiae_et_patriae	scientiae_cedit_mare
surgery	CTDC-PARTICIPANT-824360	CTDC-SURGERY-223979	e_causa_ignota	647	imperium_in_imperio	No	Obedientia_civium_urbis_felicitas	scientia_et_sapientia	scientiae_et_patriae
surgery	CTDC-PARTICIPANT-519155	CTDC-SURGERY-844377	nanos_gigantum_humeris_insidentes	913	cacatum_non_est_pictum	Yes	barba_crescit_caput_nescit	haec_olim_meminisse_iuvabit	scientia_et_sapientia
surgery	CTDC-PARTICIPANT-519155	CTDC-SURGERY-362770	faber_est_suae_quisque_fortunae	681	faber_est_suae_quisque_fortunae	No	cacatum_non_est_pictum	id_quod_plerumque_accidit	Obedientia_civium_urbis_felicitas
surgery	CTDC-PARTICIPANT-830585	CTDC-SURGERY-945670	haec_olim_meminisse_iuvabit	439	faber_est_suae_quisque_fortunae	No	haec_olim_meminisse_iuvabit	O_Tite_tute_Tati_tibi_tanta_tyranne_tulisti	damnant_quod_non_intellegunt
surgery	CTDC-PARTICIPANT-830585	CTDC-SURGERY-818832	Gallia_est_omnis_divisa_in_partes_tres	175	scientia_et_labor	No	saltus_in_demonstrando	nanos_gigantum_humeris_insidentes	faber_est_suae_quisque_fortunae
surgery	CTDC-PARTICIPANT-641275	CTDC-SURGERY-498297	nascentes_morimur_finisque_ab_origine_pendet	556	sapiens_qui_prospicit	No	barba_crescit_caput_nescit	cacatum_non_est_pictum	sapiens_qui_prospicit
surgery	CTDC-PARTICIPANT-641275	CTDC-SURGERY-372215	nanos_gigantum_humeris_insidentes	105	imperium_in_imperio	Yes	pace_tua	scientia_et_labor	haec_olim_meminisse_iuvabit
surgery	CTDC-PARTICIPANT-457741	CTDC-SURGERY-744472	pace_tua	436	imperium_in_imperio	No	pace_tua	Gallia_est_omnis_divisa_in_partes_tres	e_causa_ignota
surgery	CTDC-PARTICIPANT-457741	CTDC-SURGERY-297212	Macte_animo_Generose_puer_sic_itur_ad_astra	197	scientia_et_sapientia	Yes	nanos_gigantum_humeris_insidentes	pace_tua	scientia_et_labor
surgery	CTDC-PARTICIPANT-523680	CTDC-SURGERY-540649	id_quod_plerumque_accidit	810	faber_est_suae_quisque_fortunae	Yes	scientia_imperii_decus_et_tutamen	barba_crescit_caput_nescit	scientia_imperii_decus_et_tutamen
surgery	CTDC-PARTICIPANT-523680	CTDC-SURGERY-209589	nanos_gigantum_humeris_insidentes	78	scientiae_cedit_mare	No	e_causa_ignota	id_quod_plerumque_accidit	labor_ipse_voluptas
surgery	CTDC-PARTICIPANT-234308	CTDC-SURGERY-518250	nanos_gigantum_humeris_insidentes	839	scientiae_cedit_mare	Yes	haec_olim_meminisse_iuvabit	e_causa_ignota	cacatum_non_est_pictum
surgery	CTDC-PARTICIPANT-234308	CTDC-SURGERY-780422	scientia_imperii_decus_et_tutamen	885	e_causa_ignota	Yes	scientia_imperii_decus_et_tutamen	nascentes_morimur_finisque_ab_origine_pendet	labor_ipse_voluptas
surgery	CTDC-PARTICIPANT-432039	CTDC-SURGERY-531902	scientiae_et_patriae	154	damnant_quod_non_intellegunt	No	e_causa_ignota	nanos_gigantum_humeris_insidentes	O_Tite_tute_Tati_tibi_tanta_tyranne_tulisti
surgery	CTDC-PARTICIPANT-432039	CTDC-SURGERY-286092	scientiae_et_patriae	308	nascentes_morimur_finisque_ab_origine_pendet	Yes	scientiae_et_patriae	id_quod_plerumque_accidit	haec_olim_meminisse_iuvabit
surgery	CTDC-PARTICIPANT-573467	CTDC-SURGERY-307002	nanos_gigantum_humeris_insidentes	614	haec_olim_meminisse_iuvabit	Yes	nascentes_morimur_finisque_ab_origine_pendet	barba_crescit_caput_nescit	saltus_in_demonstrando
surgery	CTDC-PARTICIPANT-573467	CTDC-SURGERY-271229	scientia_et_labor	182	faber_est_suae_quisque_fortunae	No	imperium_in_imperio	barba_crescit_caput_nescit	scientia_et_sapientia
surgery	CTDC-PARTICIPANT-957799	CTDC-SURGERY-690835	faber_est_suae_quisque_fortunae	148	haec_olim_meminisse_iuvabit	No	scientia_et_labor	scientiae_et_patriae	scientia,_aere_perennius
surgery	CTDC-PARTICIPANT-957799	CTDC-SURGERY-375326	pace_tua	540	nascentes_morimur_finisque_ab_origine_pendet	No	barba_crescit_caput_nescit	scientia_et_labor	salus_in_arduis
surgery	CTDC-PARTICIPANT-111060	CTDC-SURGERY-234458	scientia_et_labor	566	Obedientia_civium_urbis_felicitas	Yes	saltus_in_demonstrando	scientia_imperii_decus_et_tutamen	Macte_animo_Generose_puer_sic_itur_ad_astra
surgery	CTDC-PARTICIPANT-111060	CTDC-SURGERY-947703	scientia,_aere_perennius	500	cacatum_non_est_pictum	No	Macte_animo_Generose_puer_sic_itur_ad_astra	scientia,_aere_perennius	sapiens_qui_prospicit
surgery	CTDC-PARTICIPANT-595441	CTDC-SURGERY-460034	e_causa_ignota	684	Macte_animo_Generose_puer_sic_itur_ad_astra	Yes	a_bene_placito	e_causa_ignota	labor_ipse_voluptas
surgery	CTDC-PARTICIPANT-595441	CTDC-SURGERY-572282	imperium_in_imperio	457	saltus_in_demonstrando	No	scientia_et_labor	a_bene_placito	scientia_et_sapientia
surgery	CTDC-PARTICIPANT-541554	CTDC-SURGERY-113776	imperium_in_imperio	440	scientia,_aere_perennius	Yes	scientiae_cedit_mare	scientia_imperii_decus_et_tutamen	scientia_imperii_decus_et_tutamen
surgery	CTDC-PARTICIPANT-541554	CTDC-SURGERY-869801	O_Tite_tute_Tati_tibi_tanta_tyranne_tulisti	309	sapiens_qui_prospicit	No	scientiae_et_patriae	nascentes_morimur_finisque_ab_origine_pendet	pace_tua
surgery	CTDC-PARTICIPANT-330696	CTDC-SURGERY-135787	nascentes_morimur_finisque_ab_origine_pendet	608	sapiens_qui_prospicit	Yes	salus_in_arduis	scientia_et_sapientia	salus_in_arduis
surgery	CTDC-PARTICIPANT-330696	CTDC-SURGERY-341090	Macte_animo_Generose_puer_sic_itur_ad_astra	620	scientia,_aere_perennius	Yes	e_causa_ignota	Gallia_est_omnis_divisa_in_partes_tres	cacatum_non_est_pictum
surgery	CTDC-PARTICIPANT-668935	CTDC-SURGERY-605527	scientiae_et_patriae	56	salus_in_arduis	No	sapiens_qui_prospicit	scientiae_et_patriae	labor_ipse_voluptas
surgery	CTDC-PARTICIPANT-668935	CTDC-SURGERY-643105	pace_tua	320	barba_crescit_caput_nescit	Yes	e_causa_ignota	nanos_gigantum_humeris_insidentes	pace_tua
surgery	CTDC-PARTICIPANT-204363	CTDC-SURGERY-541548	faber_est_suae_quisque_fortunae	282	Macte_animo_Generose_puer_sic_itur_ad_astra	No	nanos_gigantum_humeris_insidentes	labor_ipse_voluptas	scientia_imperii_decus_et_tutamen
surgery	CTDC-PARTICIPANT-204363	CTDC-SURGERY-980100	damnant_quod_non_intellegunt	315	saltus_in_demonstrando	Yes	faber_est_suae_quisque_fortunae	nascentes_morimur_finisque_ab_origine_pendet	pace_tua
surgery	CTDC-PARTICIPANT-340899	CTDC-SURGERY-605645	e_causa_ignota	622	e_causa_ignota	No	sapiens_qui_prospicit	labor_ipse_voluptas	saltus_in_demonstrando
surgery	CTDC-PARTICIPANT-340899	CTDC-SURGERY-889930	id_quod_plerumque_accidit	733	scientia,_aere_perennius	No	haec_olim_meminisse_iuvabit	haec_olim_meminisse_iuvabit	sapiens_qui_prospicit
surgery	CTDC-PARTICIPANT-129178	CTDC-SURGERY-462250	salus_in_arduis	913	sapiens_qui_prospicit	No	salus_in_arduis	nascentes_morimur_finisque_ab_origine_pendet	cacatum_non_est_pictum
surgery	CTDC-PARTICIPANT-129178	CTDC-SURGERY-196258	saltus_in_demonstrando	483	nascentes_morimur_finisque_ab_origine_pendet	Yes	faber_est_suae_quisque_fortunae	barba_crescit_caput_nescit	scientia_et_sapientia
surgery	CTDC-PARTICIPANT-701011	CTDC-SURGERY-585267	scientiae_cedit_mare	261	a_bene_placito	Yes	scientia_et_sapientia	scientia,_aere_perennius	id_quod_plerumque_accidit
surgery	CTDC-PARTICIPANT-701011	CTDC-SURGERY-954828	O_Tite_tute_Tati_tibi_tanta_tyranne_tulisti	218	sapiens_qui_prospicit	No	faber_est_suae_quisque_fortunae	scientia_et_labor	O_Tite_tute_Tati_tibi_tanta_tyranne_tulisti
surgery	CTDC-PARTICIPANT-530141	CTDC-SURGERY-999078	scientia_et_labor	689	O_Tite_tute_Tati_tibi_tanta_tyranne_tulisti	No	cacatum_non_est_pictum	scientia_imperii_decus_et_tutamen	Macte_animo_Generose_puer_sic_itur_ad_astra
surgery	CTDC-PARTICIPANT-530141	CTDC-SURGERY-181092	Gallia_est_omnis_divisa_in_partes_tres	712	id_quod_plerumque_accidit	Yes	haec_olim_meminisse_iuvabit	nascentes_morimur_finisque_ab_origine_pendet	sapiens_qui_prospicit
surgery	CTDC-PARTICIPANT-707432	CTDC-SURGERY-504092	scientia_et_sapientia	481	Macte_animo_Generose_puer_sic_itur_ad_astra	No	Obedientia_civium_urbis_felicitas	scientia_imperii_decus_et_tutamen	scientia,_aere_perennius
surgery	CTDC-PARTICIPANT-707432	CTDC-SURGERY-408704	scientia_et_sapientia	737	labor_ipse_voluptas	No	cacatum_non_est_pictum	nascentes_morimur_finisque_ab_origine_pendet	scientiae_cedit_mare
surgery	CTDC-PARTICIPANT-960610	CTDC-SURGERY-212474	scientiae_cedit_mare	867	Gallia_est_omnis_divisa_in_partes_tres	No	scientiae_cedit_mare	damnant_quod_non_intellegunt	barba_crescit_caput_nescit
surgery	CTDC-PARTICIPANT-960610	CTDC-SURGERY-244681	Macte_animo_Generose_puer_sic_itur_ad_astra	216	scientia_imperii_decus_et_tutamen	Yes	faber_est_suae_quisque_fortunae	e_causa_ignota	Obedientia_civium_urbis_felicitas
surgery	CTDC-PARTICIPANT-353052	CTDC-SURGERY-284683	Obedientia_civium_urbis_felicitas	479	barba_crescit_caput_nescit	No	imperium_in_imperio	scientiae_et_patriae	pace_tua
surgery	CTDC-PARTICIPANT-353052	CTDC-SURGERY-396650	pace_tua	482	Macte_animo_Generose_puer_sic_itur_ad_astra	Yes	imperium_in_imperio	labor_ipse_voluptas	scientia,_aere_perennius
surgery	CTDC-PARTICIPANT-259646	CTDC-SURGERY-184572	Macte_animo_Generose_puer_sic_itur_ad_astra	402	nascentes_morimur_finisque_ab_origine_pendet	No	barba_crescit_caput_nescit	cacatum_non_est_pictum	sapiens_qui_prospicit
surgery	CTDC-PARTICIPANT-259646	CTDC-SURGERY-561823	cacatum_non_est_pictum	183	cacatum_non_est_pictum	No	scientiae_et_patriae	Obedientia_civium_urbis_felicitas	pace_tua
surgery	CTDC-PARTICIPANT-995400	CTDC-SURGERY-774890	saltus_in_demonstrando	480	faber_est_suae_quisque_fortunae	No	scientia,_aere_perennius	O_Tite_tute_Tati_tibi_tanta_tyranne_tulisti	scientia,_aere_perennius
surgery	CTDC-PARTICIPANT-995400	CTDC-SURGERY-700659	faber_est_suae_quisque_fortunae	193	e_causa_ignota	Yes	id_quod_plerumque_accidit	salus_in_arduis	a_bene_placito
surgery	CTDC-PARTICIPANT-315263	CTDC-SURGERY-704775	scientia_et_sapientia	249	cacatum_non_est_pictum	No	imperium_in_imperio	nanos_gigantum_humeris_insidentes	haec_olim_meminisse_iuvabit
surgery	CTDC-PARTICIPANT-315263	CTDC-SURGERY-705865	scientia_et_labor	583	scientia,_aere_perennius	Yes	labor_ipse_voluptas	nascentes_morimur_finisque_ab_origine_pendet	O_Tite_tute_Tati_tibi_tanta_tyranne_tulisti
surgery	CTDC-PARTICIPANT-312873	CTDC-SURGERY-743748	Obedientia_civium_urbis_felicitas	429	scientia_et_labor	Yes	scientia,_aere_perennius	Macte_animo_Generose_puer_sic_itur_ad_astra	sapiens_qui_prospicit
surgery	CTDC-PARTICIPANT-312873	CTDC-SURGERY-710252	nanos_gigantum_humeris_insidentes	368	barba_crescit_caput_nescit	No	haec_olim_meminisse_iuvabit	cacatum_non_est_pictum	saltus_in_demonstrando
surgery	CTDC-PARTICIPANT-233585	CTDC-SURGERY-502138	scientia_imperii_decus_et_tutamen	484	imperium_in_imperio	No	e_causa_ignota	a_bene_placito	scientia_imperii_decus_et_tutamen
surgery	CTDC-PARTICIPANT-233585	CTDC-SURGERY-627421	e_causa_ignota	69	barba_crescit_caput_nescit	No	faber_est_suae_quisque_fortunae	scientiae_et_patriae	haec_olim_meminisse_iuvabit
surgery	CTDC-PARTICIPANT-665346	CTDC-SURGERY-154218	sapiens_qui_prospicit	468	cacatum_non_est_pictum	No	pace_tua	imperium_in_imperio	cacatum_non_est_pictum
surgery	CTDC-PARTICIPANT-665346	CTDC-SURGERY-289055	Gallia_est_omnis_divisa_in_partes_tres	636	scientiae_et_patriae	Yes	sapiens_qui_prospicit	imperium_in_imperio	imperium_in_imperio
surgery	CTDC-PARTICIPANT-141586	CTDC-SURGERY-791938	scientia_imperii_decus_et_tutamen	96	e_causa_ignota	Yes	cacatum_non_est_pictum	nascentes_morimur_finisque_ab_origine_pendet	scientia_imperii_decus_et_tutamen
surgery	CTDC-PARTICIPANT-141586	CTDC-SURGERY-264724	nascentes_morimur_finisque_ab_origine_pendet	940	scientia_et_sapientia	No	Macte_animo_Generose_puer_sic_itur_ad_astra	saltus_in_demonstrando	scientia_imperii_decus_et_tutamen
surgery	CTDC-PARTICIPANT-855122	CTDC-SURGERY-590104	saltus_in_demonstrando	174	scientiae_cedit_mare	Yes	haec_olim_meminisse_iuvabit	id_quod_plerumque_accidit	barba_crescit_caput_nescit
surgery	CTDC-PARTICIPANT-855122	CTDC-SURGERY-396889	Macte_animo_Generose_puer_sic_itur_ad_astra	348	scientiae_et_patriae	No	Macte_animo_Generose_puer_sic_itur_ad_astra	haec_olim_meminisse_iuvabit	scientia_et_sapientia
surgery	CTDC-PARTICIPANT-498655	CTDC-SURGERY-587421	scientia_et_labor	639	salus_in_arduis	No	e_causa_ignota	scientiae_et_patriae	id_quod_plerumque_accidit
surgery	CTDC-PARTICIPANT-498655	CTDC-SURGERY-381748	nascentes_morimur_finisque_ab_origine_pendet	376	scientia_et_labor	Yes	salus_in_arduis	labor_ipse_voluptas	scientia_imperii_decus_et_tutamen
surgery	CTDC-PARTICIPANT-929749	CTDC-SURGERY-426709	Obedientia_civium_urbis_felicitas	339	salus_in_arduis	Yes	cacatum_non_est_pictum	nascentes_morimur_finisque_ab_origine_pendet	scientia_imperii_decus_et_tutamen
surgery	CTDC-PARTICIPANT-929749	CTDC-SURGERY-532625	Gallia_est_omnis_divisa_in_partes_tres	475	scientiae_cedit_mare	Yes	barba_crescit_caput_nescit	id_quod_plerumque_accidit	e_causa_ignota
surgery	CTDC-PARTICIPANT-778982	CTDC-SURGERY-991054	imperium_in_imperio	323	haec_olim_meminisse_iuvabit	Yes	damnant_quod_non_intellegunt	pace_tua	Macte_animo_Generose_puer_sic_itur_ad_astra
surgery	CTDC-PARTICIPANT-778982	CTDC-SURGERY-316232	damnant_quod_non_intellegunt	256	labor_ipse_voluptas	Yes	scientia,_aere_perennius	barba_crescit_caput_nescit	cacatum_non_est_pictum
surgery	CTDC-PARTICIPANT-881373	CTDC-SURGERY-665160	salus_in_arduis	323	scientia_et_labor	No	haec_olim_meminisse_iuvabit	sapiens_qui_prospicit	damnant_quod_non_intellegunt
surgery	CTDC-PARTICIPANT-881373	CTDC-SURGERY-396567	nanos_gigantum_humeris_insidentes	250	damnant_quod_non_intellegunt	No	scientia_imperii_decus_et_tutamen	scientia_et_labor	Macte_animo_Generose_puer_sic_itur_ad_astra
surgery	CTDC-PARTICIPANT-632335	CTDC-SURGERY-473816	e_causa_ignota	747	saltus_in_demonstrando	Yes	scientiae_cedit_mare	a_bene_placito	Obedientia_civium_urbis_felicitas
surgery	CTDC-PARTICIPANT-632335	CTDC-SURGERY-504086	barba_crescit_caput_nescit	529	O_Tite_tute_Tati_tibi_tanta_tyranne_tulisti	Yes	scientiae_et_patriae	Gallia_est_omnis_divisa_in_partes_tres	saltus_in_demonstrando
surgery	CTDC-PARTICIPANT-374124	CTDC-SURGERY-274733	barba_crescit_caput_nescit	814	haec_olim_meminisse_iuvabit	Yes	scientiae_et_patriae	damnant_quod_non_intellegunt	sapiens_qui_prospicit
surgery	CTDC-PARTICIPANT-374124	CTDC-SURGERY-892225	faber_est_suae_quisque_fortunae	324	faber_est_suae_quisque_fortunae	No	scientiae_et_patriae	cacatum_non_est_pictum	Macte_animo_Generose_puer_sic_itur_ad_astra
surgery	CTDC-PARTICIPANT-585675	CTDC-SURGERY-269356	a_bene_placito	986	scientia_imperii_decus_et_tutamen	Yes	a_bene_placito	scientia_et_labor	nascentes_morimur_finisque_ab_origine_pendet
surgery	CTDC-PARTICIPANT-585675	CTDC-SURGERY-587894	imperium_in_imperio	172	id_quod_plerumque_accidit	No	pace_tua	id_quod_plerumque_accidit	faber_est_suae_quisque_fortunae
surgery	CTDC-PARTICIPANT-456060	CTDC-SURGERY-780496	id_quod_plerumque_accidit	72	salus_in_arduis	No	scientia_et_labor	nascentes_morimur_finisque_ab_origine_pendet	O_Tite_tute_Tati_tibi_tanta_tyranne_tulisti
surgery	CTDC-PARTICIPANT-456060	CTDC-SURGERY-704285	sapiens_qui_prospicit	676	O_Tite_tute_Tati_tibi_tanta_tyranne_tulisti	No	O_Tite_tute_Tati_tibi_tanta_tyranne_tulisti	scientia_et_labor	Macte_animo_Generose_puer_sic_itur_ad_astra
surgery	CTDC-PARTICIPANT-413222	CTDC-SURGERY-326553	imperium_in_imperio	787	O_Tite_tute_Tati_tibi_tanta_tyranne_tulisti	Yes	nascentes_morimur_finisque_ab_origine_pendet	barba_crescit_caput_nescit	cacatum_non_est_pictum
surgery	CTDC-PARTICIPANT-413222	CTDC-SURGERY-865110	scientiae_cedit_mare	858	pace_tua	Yes	scientiae_cedit_mare	scientiae_et_patriae	pace_tua
surgery	CTDC-PARTICIPANT-820287	CTDC-SURGERY-697959	barba_crescit_caput_nescit	283	scientia_et_labor	Yes	e_causa_ignota	barba_crescit_caput_nescit	barba_crescit_caput_nescit
surgery	CTDC-PARTICIPANT-820287	CTDC-SURGERY-132882	O_Tite_tute_Tati_tibi_tanta_tyranne_tulisti	432	scientia_et_sapientia	Yes	Gallia_est_omnis_divisa_in_partes_tres	damnant_quod_non_intellegunt	sapiens_qui_prospicit
surgery	CTDC-PARTICIPANT-731336	CTDC-SURGERY-894232	Macte_animo_Generose_puer_sic_itur_ad_astra	806	imperium_in_imperio	No	id_quod_plerumque_accidit	faber_est_suae_quisque_fortunae	saltus_in_demonstrando
surgery	CTDC-PARTICIPANT-731336	CTDC-SURGERY-295338	barba_crescit_caput_nescit	839	scientia,_aere_perennius	Yes	faber_est_suae_quisque_fortunae	pace_tua	Obedientia_civium_urbis_felicitas
surgery	CTDC-PARTICIPANT-872635	CTDC-SURGERY-255253	scientiae_cedit_mare	219	labor_ipse_voluptas	No	Gallia_est_omnis_divisa_in_partes_tres	sapiens_qui_prospicit	a_bene_placito
surgery	CTDC-PARTICIPANT-872635	CTDC-SURGERY-884766	a_bene_placito	567	labor_ipse_voluptas	No	imperium_in_imperio	pace_tua	pace_tua
surgery	CTDC-PARTICIPANT-598811	CTDC-SURGERY-527124	scientia,_aere_perennius	441	scientia,_aere_perennius	No	pace_tua	faber_est_suae_quisque_fortunae	salus_in_arduis
surgery	CTDC-PARTICIPANT-598811	CTDC-SURGERY-988207	faber_est_suae_quisque_fortunae	989	faber_est_suae_quisque_fortunae	Yes	saltus_in_demonstrando	Macte_animo_Generose_puer_sic_itur_ad_astra	nascentes_morimur_finisque_ab_origine_pendet
surgery	CTDC-PARTICIPANT-694406	CTDC-SURGERY-972171	scientiae_cedit_mare	481	salus_in_arduis	Yes	scientia_imperii_decus_et_tutamen	cacatum_non_est_pictum	pace_tua
surgery	CTDC-PARTICIPANT-694406	CTDC-SURGERY-291646	scientia,_aere_perennius	944	id_quod_plerumque_accidit	No	scientia_imperii_decus_et_tutamen	scientia_et_sapientia	labor_ipse_voluptas
surgery	CTDC-PARTICIPANT-125315	CTDC-SURGERY-674196	scientiae_cedit_mare	146	labor_ipse_voluptas	Yes	saltus_in_demonstrando	scientia_et_sapientia	salus_in_arduis
surgery	CTDC-PARTICIPANT-125315	CTDC-SURGERY-905882	pace_tua	776	salus_in_arduis	No	pace_tua	scientia_et_labor	saltus_in_demonstrando
surgery	CTDC-PARTICIPANT-713422	CTDC-SURGERY-195047	salus_in_arduis	495	saltus_in_demonstrando	No	sapiens_qui_prospicit	barba_crescit_caput_nescit	salus_in_arduis
surgery	CTDC-PARTICIPANT-713422	CTDC-SURGERY-191571	faber_est_suae_quisque_fortunae	902	haec_olim_meminisse_iuvabit	Yes	nascentes_morimur_finisque_ab_origine_pendet	sapiens_qui_prospicit	scientiae_cedit_mare
surgery	CTDC-PARTICIPANT-588711	CTDC-SURGERY-457147	a_bene_placito	458	haec_olim_meminisse_iuvabit	Yes	labor_ipse_voluptas	saltus_in_demonstrando	id_quod_plerumque_accidit
surgery	CTDC-PARTICIPANT-588711	CTDC-SURGERY-101467	scientia_et_labor	649	scientia,_aere_perennius	Yes	scientiae_et_patriae	a_bene_placito	sapiens_qui_prospicit
surgery	CTDC-PARTICIPANT-544291	CTDC-SURGERY-186464	scientiae_et_patriae	234	cacatum_non_est_pictum	Yes	nanos_gigantum_humeris_insidentes	Macte_animo_Generose_puer_sic_itur_ad_astra	salus_in_arduis
surgery	CTDC-PARTICIPANT-544291	CTDC-SURGERY-215108	Macte_animo_Generose_puer_sic_itur_ad_astra	713	faber_est_suae_quisque_fortunae	Yes	haec_olim_meminisse_iuvabit	barba_crescit_caput_nescit	faber_est_suae_quisque_fortunae
surgery	CTDC-PARTICIPANT-315000	CTDC-SURGERY-882998	barba_crescit_caput_nescit	502	salus_in_arduis	No	Gallia_est_omnis_divisa_in_partes_tres	sapiens_qui_prospicit	labor_ipse_voluptas
surgery	CTDC-PARTICIPANT-315000	CTDC-SURGERY-773227	Obedientia_civium_urbis_felicitas	473	scientia_et_labor	Yes	scientiae_et_patriae	scientia_et_sapientia	Gallia_est_omnis_divisa_in_partes_tres
surgery	CTDC-PARTICIPANT-751219	CTDC-SURGERY-598678	scientia_et_sapientia	907	e_causa_ignota	No	a_bene_placito	scientia_et_sapientia	a_bene_placito
surgery	CTDC-PARTICIPANT-751219	CTDC-SURGERY-264798	Obedientia_civium_urbis_felicitas	448	scientia_et_sapientia	Yes	pace_tua	haec_olim_meminisse_iuvabit	a_bene_placito
surgery	CTDC-PARTICIPANT-688579	CTDC-SURGERY-504100	imperium_in_imperio	763	nascentes_morimur_finisque_ab_origine_pendet	Yes	damnant_quod_non_intellegunt	cacatum_non_est_pictum	nascentes_morimur_finisque_ab_origine_pendet
surgery	CTDC-PARTICIPANT-688579	CTDC-SURGERY-112716	sapiens_qui_prospicit	688	Gallia_est_omnis_divisa_in_partes_tres	No	Macte_animo_Generose_puer_sic_itur_ad_astra	Gallia_est_omnis_divisa_in_partes_tres	labor_ipse_voluptas
surgery	CTDC-PARTICIPANT-508271	CTDC-SURGERY-784329	id_quod_plerumque_accidit	854	e_causa_ignota	No	damnant_quod_non_intellegunt	a_bene_placito	a_bene_placito
surgery	CTDC-PARTICIPANT-508271	CTDC-SURGERY-552655	saltus_in_demonstrando	468	nascentes_morimur_finisque_ab_origine_pendet	Yes	scientia,_aere_perennius	faber_est_suae_quisque_fortunae	scientiae_et_patriae
surgery	CTDC-PARTICIPANT-283939	CTDC-SURGERY-180667	cacatum_non_est_pictum	779	labor_ipse_voluptas	No	pace_tua	id_quod_plerumque_accidit	nascentes_morimur_finisque_ab_origine_pendet
surgery	CTDC-PARTICIPANT-283939	CTDC-SURGERY-644639	O_Tite_tute_Tati_tibi_tanta_tyranne_tulisti	844	sapiens_qui_prospicit	No	damnant_quod_non_intellegunt	barba_crescit_caput_nescit	id_quod_plerumque_accidit
surgery	CTDC-PARTICIPANT-817899	CTDC-SURGERY-751250	faber_est_suae_quisque_fortunae	516	nanos_gigantum_humeris_insidentes	Yes	sapiens_qui_prospicit	nascentes_morimur_finisque_ab_origine_pendet	pace_tua
surgery	CTDC-PARTICIPANT-817899	CTDC-SURGERY-195787	damnant_quod_non_intellegunt	746	faber_est_suae_quisque_fortunae	No	e_causa_ignota	scientiae_cedit_mare	Macte_animo_Generose_puer_sic_itur_ad_astra
surgery	CTDC-PARTICIPANT-734618	CTDC-SURGERY-130139	nascentes_morimur_finisque_ab_origine_pendet	839	faber_est_suae_quisque_fortunae	Yes	barba_crescit_caput_nescit	haec_olim_meminisse_iuvabit	nascentes_morimur_finisque_ab_origine_pendet
surgery	CTDC-PARTICIPANT-734618	CTDC-SURGERY-834973	salus_in_arduis	586	labor_ipse_voluptas	No	scientia_imperii_decus_et_tutamen	nascentes_morimur_finisque_ab_origine_pendet	damnant_quod_non_intellegunt
surgery	CTDC-PARTICIPANT-687386	CTDC-SURGERY-392211	scientia_imperii_decus_et_tutamen	993	e_causa_ignota	Yes	sapiens_qui_prospicit	labor_ipse_voluptas	sapiens_qui_prospicit
surgery	CTDC-PARTICIPANT-687386	CTDC-SURGERY-680084	haec_olim_meminisse_iuvabit	730	scientia_et_sapientia	No	scientiae_cedit_mare	scientia_et_labor	e_causa_ignota
surgery	CTDC-PARTICIPANT-167854	CTDC-SURGERY-585370	nanos_gigantum_humeris_insidentes	345	imperium_in_imperio	No	cacatum_non_est_pictum	Obedientia_civium_urbis_felicitas	Gallia_est_omnis_divisa_in_partes_tres
surgery	CTDC-PARTICIPANT-167854	CTDC-SURGERY-259743	scientia_imperii_decus_et_tutamen	444	labor_ipse_voluptas	No	Gallia_est_omnis_divisa_in_partes_tres	cacatum_non_est_pictum	id_quod_plerumque_accidit
surgery	CTDC-PARTICIPANT-710214	CTDC-SURGERY-207411	Macte_animo_Generose_puer_sic_itur_ad_astra	516	Obedientia_civium_urbis_felicitas	No	e_causa_ignota	salus_in_arduis	a_bene_placito
surgery	CTDC-PARTICIPANT-710214	CTDC-SURGERY-623027	cacatum_non_est_pictum	490	nanos_gigantum_humeris_insidentes	Yes	scientiae_et_patriae	Macte_animo_Generose_puer_sic_itur_ad_astra	scientia_imperii_decus_et_tutamen
surgery	CTDC-PARTICIPANT-438817	CTDC-SURGERY-279683	Obedientia_civium_urbis_felicitas	919	Obedientia_civium_urbis_felicitas	Yes	scientia_et_sapientia	nascentes_morimur_finisque_ab_origine_pendet	scientia_et_labor
surgery	CTDC-PARTICIPANT-438817	CTDC-SURGERY-500438	scientiae_cedit_mare	52	haec_olim_meminisse_iuvabit	Yes	damnant_quod_non_intellegunt	nascentes_morimur_finisque_ab_origine_pendet	Macte_animo_Generose_puer_sic_itur_ad_astra
surgery	CTDC-PARTICIPANT-492236	CTDC-SURGERY-820447	saltus_in_demonstrando	634	salus_in_arduis	Yes	scientia_et_sapientia	faber_est_suae_quisque_fortunae	Macte_animo_Generose_puer_sic_itur_ad_astra
surgery	CTDC-PARTICIPANT-492236	CTDC-SURGERY-285664	Macte_animo_Generose_puer_sic_itur_ad_astra	993	scientia_et_sapientia	No	cacatum_non_est_pictum	Macte_animo_Generose_puer_sic_itur_ad_astra	id_quod_plerumque_accidit
surgery	CTDC-PARTICIPANT-831175	CTDC-SURGERY-380388	id_quod_plerumque_accidit	676	e_causa_ignota	No	Obedientia_civium_urbis_felicitas	faber_est_suae_quisque_fortunae	a_bene_placito
surgery	CTDC-PARTICIPANT-831175	CTDC-SURGERY-812129	saltus_in_demonstrando	386	nascentes_morimur_finisque_ab_origine_pendet	Yes	saltus_in_demonstrando	Gallia_est_omnis_divisa_in_partes_tres	cacatum_non_est_pictum
surgery	CTDC-PARTICIPANT-164613	CTDC-SURGERY-726451	Gallia_est_omnis_divisa_in_partes_tres	776	saltus_in_demonstrando	Yes	imperium_in_imperio	sapiens_qui_prospicit	haec_olim_meminisse_iuvabit
surgery	CTDC-PARTICIPANT-164613	CTDC-SURGERY-191059	scientiae_et_patriae	617	scientia_et_labor	Yes	saltus_in_demonstrando	Obedientia_civium_urbis_felicitas	Obedientia_civium_urbis_felicitas
surgery	CTDC-PARTICIPANT-297317	CTDC-SURGERY-503068	damnant_quod_non_intellegunt	19	scientia_imperii_decus_et_tutamen	No	Macte_animo_Generose_puer_sic_itur_ad_astra	salus_in_arduis	damnant_quod_non_intellegunt
surgery	CTDC-PARTICIPANT-297317	CTDC-SURGERY-621799	sapiens_qui_prospicit	521	scientiae_et_patriae	Yes	nascentes_morimur_finisque_ab_origine_pendet	O_Tite_tute_Tati_tibi_tanta_tyranne_tulisti	scientia_imperii_decus_et_tutamen
surgery	CTDC-PARTICIPANT-694822	CTDC-SURGERY-128799	id_quod_plerumque_accidit	282	damnant_quod_non_intellegunt	Yes	a_bene_placito	O_Tite_tute_Tati_tibi_tanta_tyranne_tulisti	scientia_imperii_decus_et_tutamen
surgery	CTDC-PARTICIPANT-694822	CTDC-SURGERY-988293	Gallia_est_omnis_divisa_in_partes_tres	689	id_quod_plerumque_accidit	Yes	Macte_animo_Generose_puer_sic_itur_ad_astra	Macte_animo_Generose_puer_sic_itur_ad_astra	e_causa_ignota
surgery	CTDC-PARTICIPANT-817795	CTDC-SURGERY-448081	O_Tite_tute_Tati_tibi_tanta_tyranne_tulisti	616	scientiae_et_patriae	Yes	scientia_et_labor	scientiae_et_patriae	O_Tite_tute_Tati_tibi_tanta_tyranne_tulisti
surgery	CTDC-PARTICIPANT-817795	CTDC-SURGERY-572232	scientia_et_sapientia	700	pace_tua	Yes	scientiae_et_patriae	a_bene_placito	faber_est_suae_quisque_fortunae
surgery	CTDC-PARTICIPANT-907386	CTDC-SURGERY-855940	cacatum_non_est_pictum	249	damnant_quod_non_intellegunt	Yes	Obedientia_civium_urbis_felicitas	scientia_et_labor	scientia_et_sapientia
surgery	CTDC-PARTICIPANT-907386	CTDC-SURGERY-838523	id_quod_plerumque_accidit	648	Obedientia_civium_urbis_felicitas	No	scientia_et_sapientia	cacatum_non_est_pictum	scientiae_et_patriae
surgery	CTDC-PARTICIPANT-555289	CTDC-SURGERY-106855	e_causa_ignota	266	scientiae_cedit_mare	Yes	nascentes_morimur_finisque_ab_origine_pendet	O_Tite_tute_Tati_tibi_tanta_tyranne_tulisti	haec_olim_meminisse_iuvabit
surgery	CTDC-PARTICIPANT-555289	CTDC-SURGERY-442527	scientia_et_labor	305	scientia_et_labor	No	faber_est_suae_quisque_fortunae	scientiae_cedit_mare	salus_in_arduis
surgery	CTDC-PARTICIPANT-849475	CTDC-SURGERY-502055	haec_olim_meminisse_iuvabit	72	Obedientia_civium_urbis_felicitas	Yes	Gallia_est_omnis_divisa_in_partes_tres	id_quod_plerumque_accidit	O_Tite_tute_Tati_tibi_tanta_tyranne_tulisti
surgery	CTDC-PARTICIPANT-849475	CTDC-SURGERY-578947	cacatum_non_est_pictum	903	Obedientia_civium_urbis_felicitas	Yes	faber_est_suae_quisque_fortunae	sapiens_qui_prospicit	salus_in_arduis
surgery	CTDC-PARTICIPANT-950504	CTDC-SURGERY-183498	nanos_gigantum_humeris_insidentes	478	Macte_animo_Generose_puer_sic_itur_ad_astra	Yes	O_Tite_tute_Tati_tibi_tanta_tyranne_tulisti	damnant_quod_non_intellegunt	labor_ipse_voluptas
surgery	CTDC-PARTICIPANT-950504	CTDC-SURGERY-297449	Macte_animo_Generose_puer_sic_itur_ad_astra	966	pace_tua	No	labor_ipse_voluptas	scientia_et_sapientia	nascentes_morimur_finisque_ab_origine_pendet
surgery	CTDC-PARTICIPANT-356630	CTDC-SURGERY-895052	damnant_quod_non_intellegunt	696	labor_ipse_voluptas	Yes	a_bene_placito	id_quod_plerumque_accidit	O_Tite_tute_Tati_tibi_tanta_tyranne_tulisti
surgery	CTDC-PARTICIPANT-356630	CTDC-SURGERY-460769	nanos_gigantum_humeris_insidentes	912	scientia_et_labor	Yes	sapiens_qui_prospicit	nanos_gigantum_humeris_insidentes	pace_tua
surgery	CTDC-PARTICIPANT-997361	CTDC-SURGERY-194235	faber_est_suae_quisque_fortunae	392	labor_ipse_voluptas	No	barba_crescit_caput_nescit	damnant_quod_non_intellegunt	Obedientia_civium_urbis_felicitas
surgery	CTDC-PARTICIPANT-997361	CTDC-SURGERY-548693	pace_tua	407	a_bene_placito	No	barba_crescit_caput_nescit	a_bene_placito	scientiae_cedit_mare
surgery	CTDC-PARTICIPANT-904557	CTDC-SURGERY-336080	cacatum_non_est_pictum	928	nascentes_morimur_finisque_ab_origine_pendet	Yes	pace_tua	barba_crescit_caput_nescit	sapiens_qui_prospicit
surgery	CTDC-PARTICIPANT-904557	CTDC-SURGERY-732476	scientiae_cedit_mare	329	nanos_gigantum_humeris_insidentes	Yes	O_Tite_tute_Tati_tibi_tanta_tyranne_tulisti	nascentes_morimur_finisque_ab_origine_pendet	Gallia_est_omnis_divisa_in_partes_tres
surgery	CTDC-PARTICIPANT-442456	CTDC-SURGERY-367222	O_Tite_tute_Tati_tibi_tanta_tyranne_tulisti	811	scientia_et_labor	Yes	scientiae_cedit_mare	salus_in_arduis	saltus_in_demonstrando
surgery	CTDC-PARTICIPANT-442456	CTDC-SURGERY-832608	O_Tite_tute_Tati_tibi_tanta_tyranne_tulisti	195	Gallia_est_omnis_divisa_in_partes_tres	Yes	damnant_quod_non_intellegunt	scientia_et_labor	sapiens_qui_prospicit
surgery	CTDC-PARTICIPANT-350920	CTDC-SURGERY-521778	scientia_et_labor	55	labor_ipse_voluptas	No	damnant_quod_non_intellegunt	scientiae_cedit_mare	imperium_in_imperio
surgery	CTDC-PARTICIPANT-350920	CTDC-SURGERY-698261	Obedientia_civium_urbis_felicitas	52	scientia_et_labor	No	scientia_imperii_decus_et_tutamen	nanos_gigantum_humeris_insidentes	scientiae_cedit_mare
surgery	CTDC-PARTICIPANT-384798	CTDC-SURGERY-875498	labor_ipse_voluptas	763	Macte_animo_Generose_puer_sic_itur_ad_astra	No	faber_est_suae_quisque_fortunae	scientia_et_labor	scientiae_cedit_mare
surgery	CTDC-PARTICIPANT-384798	CTDC-SURGERY-370970	e_causa_ignota	972	scientiae_et_patriae	No	pace_tua	faber_est_suae_quisque_fortunae	Macte_animo_Generose_puer_sic_itur_ad_astra
surgery	CTDC-PARTICIPANT-241999	CTDC-SURGERY-852036	nanos_gigantum_humeris_insidentes	989	nanos_gigantum_humeris_insidentes	Yes	Macte_animo_Generose_puer_sic_itur_ad_astra	Gallia_est_omnis_divisa_in_partes_tres	haec_olim_meminisse_iuvabit
surgery	CTDC-PARTICIPANT-241999	CTDC-SURGERY-768340	nanos_gigantum_humeris_insidentes	435	Macte_animo_Generose_puer_sic_itur_ad_astra	No	scientiae_et_patriae	damnant_quod_non_intellegunt	pace_tua
surgery	CTDC-PARTICIPANT-320397	CTDC-SURGERY-977845	labor_ipse_voluptas	805	damnant_quod_non_intellegunt	Yes	haec_olim_meminisse_iuvabit	nascentes_morimur_finisque_ab_origine_pendet	cacatum_non_est_pictum
surgery	CTDC-PARTICIPANT-320397	CTDC-SURGERY-468189	e_causa_ignota	605	faber_est_suae_quisque_fortunae	No	imperium_in_imperio	Gallia_est_omnis_divisa_in_partes_tres	saltus_in_demonstrando
surgery	CTDC-PARTICIPANT-343299	CTDC-SURGERY-783730	haec_olim_meminisse_iuvabit	661	haec_olim_meminisse_iuvabit	Yes	scientiae_et_patriae	faber_est_suae_quisque_fortunae	haec_olim_meminisse_iuvabit
surgery	CTDC-PARTICIPANT-343299	CTDC-SURGERY-228515	imperium_in_imperio	894	id_quod_plerumque_accidit	Yes	salus_in_arduis	haec_olim_meminisse_iuvabit	scientiae_et_patriae
surgery	CTDC-PARTICIPANT-559279	CTDC-SURGERY-266356	barba_crescit_caput_nescit	226	Obedientia_civium_urbis_felicitas	No	nascentes_morimur_finisque_ab_origine_pendet	labor_ipse_voluptas	scientia_et_labor
surgery	CTDC-PARTICIPANT-559279	CTDC-SURGERY-890488	scientiae_et_patriae	234	O_Tite_tute_Tati_tibi_tanta_tyranne_tulisti	No	salus_in_arduis	pace_tua	pace_tua
surgery	CTDC-PARTICIPANT-588655	CTDC-SURGERY-503187	e_causa_ignota	27	faber_est_suae_quisque_fortunae	No	pace_tua	labor_ipse_voluptas	scientia_et_sapientia
surgery	CTDC-PARTICIPANT-588655	CTDC-SURGERY-937246	scientia,_aere_perennius	46	faber_est_suae_quisque_fortunae	No	haec_olim_meminisse_iuvabit	scientia_et_sapientia	scientiae_cedit_mare
surgery	CTDC-PARTICIPANT-941268	CTDC-SURGERY-480276	O_Tite_tute_Tati_tibi_tanta_tyranne_tulisti	197	damnant_quod_non_intellegunt	No	nascentes_morimur_finisque_ab_origine_pendet	pace_tua	sapiens_qui_prospicit
surgery	CTDC-PARTICIPANT-941268	CTDC-SURGERY-904471	scientia,_aere_perennius	725	a_bene_placito	Yes	pace_tua	saltus_in_demonstrando	imperium_in_imperio
surgery	CTDC-PARTICIPANT-114882	CTDC-SURGERY-188221	scientia,_aere_perennius	500	Macte_animo_Generose_puer_sic_itur_ad_astra	No	cacatum_non_est_pictum	a_bene_placito	O_Tite_tute_Tati_tibi_tanta_tyranne_tulisti
surgery	CTDC-PARTICIPANT-114882	CTDC-SURGERY-544601	scientia,_aere_perennius	336	a_bene_placito	Yes	scientiae_cedit_mare	labor_ipse_voluptas	labor_ipse_voluptas
surgery	CTDC-PARTICIPANT-421806	CTDC-SURGERY-402977	scientia_imperii_decus_et_tutamen	764	a_bene_placito	Yes	scientiae_cedit_mare	Gallia_est_omnis_divisa_in_partes_tres	saltus_in_demonstrando
surgery	CTDC-PARTICIPANT-421806	CTDC-SURGERY-409252	Macte_animo_Generose_puer_sic_itur_ad_astra	54	scientia,_aere_perennius	No	Macte_animo_Generose_puer_sic_itur_ad_astra	Gallia_est_omnis_divisa_in_partes_tres	damnant_quod_non_intellegunt
surgery	CTDC-PARTICIPANT-831231	CTDC-SURGERY-122800	cacatum_non_est_pictum	986	imperium_in_imperio	No	scientiae_et_patriae	scientia_et_sapientia	scientia_et_sapientia
surgery	CTDC-PARTICIPANT-831231	CTDC-SURGERY-367889	Obedientia_civium_urbis_felicitas	404	haec_olim_meminisse_iuvabit	Yes	barba_crescit_caput_nescit	labor_ipse_voluptas	imperium_in_imperio
surgery	CTDC-PARTICIPANT-403816	CTDC-SURGERY-749921	id_quod_plerumque_accidit	831	faber_est_suae_quisque_fortunae	Yes	saltus_in_demonstrando	imperium_in_imperio	nanos_gigantum_humeris_insidentes
surgery	CTDC-PARTICIPANT-403816	CTDC-SURGERY-215194	cacatum_non_est_pictum	798	Obedientia_civium_urbis_felicitas	Yes	haec_olim_meminisse_iuvabit	a_bene_placito	e_causa_ignota
surgery	CTDC-PARTICIPANT-662249	CTDC-SURGERY-182206	Gallia_est_omnis_divisa_in_partes_tres	749	nascentes_morimur_finisque_ab_origine_pendet	Yes	saltus_in_demonstrando	id_quod_plerumque_accidit	Gallia_est_omnis_divisa_in_partes_tres
surgery	CTDC-PARTICIPANT-662249	CTDC-SURGERY-569181	scientia_imperii_decus_et_tutamen	984	scientia_et_sapientia	Yes	nascentes_morimur_finisque_ab_origine_pendet	saltus_in_demonstrando	scientiae_et_patriae
surgery	CTDC-PARTICIPANT-633930	CTDC-SURGERY-751512	e_causa_ignota	945	id_quod_plerumque_accidit	Yes	Macte_animo_Generose_puer_sic_itur_ad_astra	O_Tite_tute_Tati_tibi_tanta_tyranne_tulisti	scientia_et_labor
surgery	CTDC-PARTICIPANT-633930	CTDC-SURGERY-115494	haec_olim_meminisse_iuvabit	803	pace_tua	Yes	barba_crescit_caput_nescit	pace_tua	barba_crescit_caput_nescit
surgery	CTDC-PARTICIPANT-100511	CTDC-SURGERY-577646	scientia,_aere_perennius	637	id_quod_plerumque_accidit	No	Gallia_est_omnis_divisa_in_partes_tres	scientia_et_labor	scientiae_cedit_mare
surgery	CTDC-PARTICIPANT-100511	CTDC-SURGERY-379196	salus_in_arduis	754	sapiens_qui_prospicit	Yes	labor_ipse_voluptas	scientiae_et_patriae	Obedientia_civium_urbis_felicitas
surgery	CTDC-PARTICIPANT-242408	CTDC-SURGERY-141596	nascentes_morimur_finisque_ab_origine_pendet	96	cacatum_non_est_pictum	Yes	saltus_in_demonstrando	faber_est_suae_quisque_fortunae	sapiens_qui_prospicit
surgery	CTDC-PARTICIPANT-242408	CTDC-SURGERY-816659	nascentes_morimur_finisque_ab_origine_pendet	85	Macte_animo_Generose_puer_sic_itur_ad_astra	No	salus_in_arduis	scientia,_aere_perennius	nascentes_morimur_finisque_ab_origine_pendet
surgery	CTDC-PARTICIPANT-431828	CTDC-SURGERY-452899	Obedientia_civium_urbis_felicitas	207	labor_ipse_voluptas	Yes	scientiae_et_patriae	imperium_in_imperio	Macte_animo_Generose_puer_sic_itur_ad_astra
surgery	CTDC-PARTICIPANT-431828	CTDC-SURGERY-937929	labor_ipse_voluptas	170	cacatum_non_est_pictum	Yes	imperium_in_imperio	salus_in_arduis	scientiae_cedit_mare
surgery	CTDC-PARTICIPANT-758307	CTDC-SURGERY-179840	cacatum_non_est_pictum	585	Obedientia_civium_urbis_felicitas	No	imperium_in_imperio	saltus_in_demonstrando	e_causa_ignota
surgery	CTDC-PARTICIPANT-758307	CTDC-SURGERY-885049	pace_tua	61	Macte_animo_Generose_puer_sic_itur_ad_astra	Yes	sapiens_qui_prospicit	nanos_gigantum_humeris_insidentes	salus_in_arduis
surgery	CTDC-PARTICIPANT-968512	CTDC-SURGERY-751698	labor_ipse_voluptas	248	Obedientia_civium_urbis_felicitas	Yes	cacatum_non_est_pictum	Obedientia_civium_urbis_felicitas	scientia_et_labor
surgery	CTDC-PARTICIPANT-968512	CTDC-SURGERY-140672	scientiae_cedit_mare	653	e_causa_ignota	Yes	damnant_quod_non_intellegunt	labor_ipse_voluptas	pace_tua
surgery	CTDC-PARTICIPANT-642052	CTDC-SURGERY-108125	cacatum_non_est_pictum	388	damnant_quod_non_intellegunt	Yes	scientia_et_labor	nascentes_morimur_finisque_ab_origine_pendet	pace_tua
surgery	CTDC-PARTICIPANT-642052	CTDC-SURGERY-329043	pace_tua	493	scientia_imperii_decus_et_tutamen	Yes	O_Tite_tute_Tati_tibi_tanta_tyranne_tulisti	scientia_et_sapientia	pace_tua
surgery	CTDC-PARTICIPANT-979933	CTDC-SURGERY-783290	cacatum_non_est_pictum	512	scientiae_cedit_mare	Yes	scientia_et_sapientia	salus_in_arduis	e_causa_ignota
surgery	CTDC-PARTICIPANT-979933	CTDC-SURGERY-568472	Gallia_est_omnis_divisa_in_partes_tres	747	Gallia_est_omnis_divisa_in_partes_tres	Yes	nanos_gigantum_humeris_insidentes	Obedientia_civium_urbis_felicitas	salus_in_arduis
