type	participant.participant_id	targeted_therapy_record_id	targeted_therapy	targeted_therapy_dose	targeted_therapy_dose_units	targeted_therapy_frequency	targeted_therapy_start_date	targeted_therapy_end_date	best_response_to_targeted_therapy	crdc_id
targeted_therapy	CTDC-PARTICIPANT-255086	CTDC-TARGETED-THERAPY-409631	pace_tua	Obedientia_civium_urbis_felicitas	damnant_quod_non_intellegunt	nanos_gigantum_humeris_insidentes	302	933	Too Early	nascentes_morimur_finisque_ab_origine_pendet
targeted_therapy	CTDC-PARTICIPANT-255086	CTDC-TARGETED-THERAPY-261764	barba_crescit_caput_nescit	imperium_in_imperio	scientia_et_labor	barba_crescit_caput_nescit	860	485	Stable Disease	sapiens_qui_prospicit
targeted_therapy	CTDC-PARTICIPANT-214681	CTDC-TARGETED-THERAPY-324218	scientia_et_sapientia	id_quod_plerumque_accidit	scientia_et_sapientia	cacatum_non_est_pictum	676	436	Not Evaluable	id_quod_plerumque_accidit
targeted_therapy	CTDC-PARTICIPANT-214681	CTDC-TARGETED-THERAPY-785769	scientia_et_sapientia	scientia_imperii_decus_et_tutamen	e_causa_ignota	a_bene_placito	282	311	Not Assessed	salus_in_arduis
targeted_therapy	CTDC-PARTICIPANT-660575	CTDC-TARGETED-THERAPY-199421	Gallia_est_omnis_divisa_in_partes_tres	faber_est_suae_quisque_fortunae	id_quod_plerumque_accidit	scientia_et_labor	310	111	Too Early	O_Tite_tute_Tati_tibi_tanta_tyranne_tulisti
targeted_therapy	CTDC-PARTICIPANT-660575	CTDC-TARGETED-THERAPY-565096	cacatum_non_est_pictum	Gallia_est_omnis_divisa_in_partes_tres	nanos_gigantum_humeris_insidentes	pace_tua	216	970	Unknown	Macte_animo_Generose_puer_sic_itur_ad_astra
targeted_therapy	CTDC-PARTICIPANT-518364	CTDC-TARGETED-THERAPY-569986	scientia,_aere_perennius	O_Tite_tute_Tati_tibi_tanta_tyranne_tulisti	pace_tua	cacatum_non_est_pictum	805	73	Not Evaluable	pace_tua
targeted_therapy	CTDC-PARTICIPANT-518364	CTDC-TARGETED-THERAPY-882152	imperium_in_imperio	sapiens_qui_prospicit	scientia_et_sapientia	O_Tite_tute_Tati_tibi_tanta_tyranne_tulisti	665	970	Progressive Disease	pace_tua
targeted_therapy	CTDC-PARTICIPANT-701612	CTDC-TARGETED-THERAPY-361498	nascentes_morimur_finisque_ab_origine_pendet	scientia_imperii_decus_et_tutamen	salus_in_arduis	scientia_et_sapientia	404	657	Partial Response	labor_ipse_voluptas
targeted_therapy	CTDC-PARTICIPANT-701612	CTDC-TARGETED-THERAPY-498579	O_Tite_tute_Tati_tibi_tanta_tyranne_tulisti	faber_est_suae_quisque_fortunae	sapiens_qui_prospicit	nascentes_morimur_finisque_ab_origine_pendet	456	233	Stable Disease	e_causa_ignota
targeted_therapy	CTDC-PARTICIPANT-637495	CTDC-TARGETED-THERAPY-883169	e_causa_ignota	labor_ipse_voluptas	O_Tite_tute_Tati_tibi_tanta_tyranne_tulisti	sapiens_qui_prospicit	765	170	Stable Disease	scientiae_et_patriae
targeted_therapy	CTDC-PARTICIPANT-637495	CTDC-TARGETED-THERAPY-232241	scientia_et_sapientia	Macte_animo_Generose_puer_sic_itur_ad_astra	labor_ipse_voluptas	scientia_et_sapientia	674	573	Complete Response	nascentes_morimur_finisque_ab_origine_pendet
targeted_therapy	CTDC-PARTICIPANT-390274	CTDC-TARGETED-THERAPY-134365	e_causa_ignota	nanos_gigantum_humeris_insidentes	scientia,_aere_perennius	scientia,_aere_perennius	348	410	Too Early	haec_olim_meminisse_iuvabit
targeted_therapy	CTDC-PARTICIPANT-390274	CTDC-TARGETED-THERAPY-182459	scientia_imperii_decus_et_tutamen	O_Tite_tute_Tati_tibi_tanta_tyranne_tulisti	haec_olim_meminisse_iuvabit	haec_olim_meminisse_iuvabit	180	295	Partial Response	scientia_et_labor
targeted_therapy	CTDC-PARTICIPANT-605060	CTDC-TARGETED-THERAPY-251644	O_Tite_tute_Tati_tibi_tanta_tyranne_tulisti	scientia_et_sapientia	haec_olim_meminisse_iuvabit	pace_tua	495	555	Too Early	nascentes_morimur_finisque_ab_origine_pendet
targeted_therapy	CTDC-PARTICIPANT-605060	CTDC-TARGETED-THERAPY-995620	damnant_quod_non_intellegunt	salus_in_arduis	id_quod_plerumque_accidit	scientia_et_sapientia	576	401	Unknown	barba_crescit_caput_nescit
targeted_therapy	CTDC-PARTICIPANT-955678	CTDC-TARGETED-THERAPY-237422	nascentes_morimur_finisque_ab_origine_pendet	O_Tite_tute_Tati_tibi_tanta_tyranne_tulisti	nascentes_morimur_finisque_ab_origine_pendet	haec_olim_meminisse_iuvabit	504	214	Unknown	sapiens_qui_prospicit
targeted_therapy	CTDC-PARTICIPANT-955678	CTDC-TARGETED-THERAPY-500167	Gallia_est_omnis_divisa_in_partes_tres	damnant_quod_non_intellegunt	labor_ipse_voluptas	cacatum_non_est_pictum	209	816	Stable Disease	barba_crescit_caput_nescit
targeted_therapy	CTDC-PARTICIPANT-787508	CTDC-TARGETED-THERAPY-815277	pace_tua	O_Tite_tute_Tati_tibi_tanta_tyranne_tulisti	scientia,_aere_perennius	saltus_in_demonstrando	103	252	Complete Response	scientia_et_labor
targeted_therapy	CTDC-PARTICIPANT-787508	CTDC-TARGETED-THERAPY-354365	sapiens_qui_prospicit	Obedientia_civium_urbis_felicitas	barba_crescit_caput_nescit	scientia_et_labor	275	554	Complete Response	sapiens_qui_prospicit
targeted_therapy	CTDC-PARTICIPANT-796466	CTDC-TARGETED-THERAPY-619707	pace_tua	Gallia_est_omnis_divisa_in_partes_tres	O_Tite_tute_Tati_tibi_tanta_tyranne_tulisti	scientiae_et_patriae	825	561	Unknown	scientia_et_sapientia
targeted_therapy	CTDC-PARTICIPANT-796466	CTDC-TARGETED-THERAPY-997553	nanos_gigantum_humeris_insidentes	saltus_in_demonstrando	scientia_et_sapientia	O_Tite_tute_Tati_tibi_tanta_tyranne_tulisti	42	614	Stable Disease	scientiae_et_patriae
targeted_therapy	CTDC-PARTICIPANT-249606	CTDC-TARGETED-THERAPY-616547	Gallia_est_omnis_divisa_in_partes_tres	Obedientia_civium_urbis_felicitas	faber_est_suae_quisque_fortunae	barba_crescit_caput_nescit	704	271	Not Evaluable	scientia_imperii_decus_et_tutamen
targeted_therapy	CTDC-PARTICIPANT-249606	CTDC-TARGETED-THERAPY-615250	barba_crescit_caput_nescit	scientiae_et_patriae	imperium_in_imperio	Obedientia_civium_urbis_felicitas	253	735	Less than partial response	scientia_et_labor
targeted_therapy	CTDC-PARTICIPANT-829468	CTDC-TARGETED-THERAPY-552127	salus_in_arduis	Obedientia_civium_urbis_felicitas	Macte_animo_Generose_puer_sic_itur_ad_astra	Gallia_est_omnis_divisa_in_partes_tres	798	21	Partial Response	scientia_et_sapientia
targeted_therapy	CTDC-PARTICIPANT-829468	CTDC-TARGETED-THERAPY-882310	damnant_quod_non_intellegunt	Obedientia_civium_urbis_felicitas	scientia_et_labor	salus_in_arduis	512	311	Progressive Disease	scientia_imperii_decus_et_tutamen
targeted_therapy	CTDC-PARTICIPANT-797911	CTDC-TARGETED-THERAPY-689960	e_causa_ignota	Macte_animo_Generose_puer_sic_itur_ad_astra	Macte_animo_Generose_puer_sic_itur_ad_astra	barba_crescit_caput_nescit	208	663	Too Early	Gallia_est_omnis_divisa_in_partes_tres
targeted_therapy	CTDC-PARTICIPANT-797911	CTDC-TARGETED-THERAPY-287431	nascentes_morimur_finisque_ab_origine_pendet	salus_in_arduis	scientia_imperii_decus_et_tutamen	barba_crescit_caput_nescit	98	67	Partial Response	Gallia_est_omnis_divisa_in_partes_tres
targeted_therapy	CTDC-PARTICIPANT-928561	CTDC-TARGETED-THERAPY-792304	damnant_quod_non_intellegunt	Gallia_est_omnis_divisa_in_partes_tres	Obedientia_civium_urbis_felicitas	Obedientia_civium_urbis_felicitas	243	721	Stable Disease	imperium_in_imperio
targeted_therapy	CTDC-PARTICIPANT-928561	CTDC-TARGETED-THERAPY-669112	sapiens_qui_prospicit	O_Tite_tute_Tati_tibi_tanta_tyranne_tulisti	scientia,_aere_perennius	e_causa_ignota	822	721	Not Evaluable	scientia_et_sapientia
targeted_therapy	CTDC-PARTICIPANT-954478	CTDC-TARGETED-THERAPY-158661	Gallia_est_omnis_divisa_in_partes_tres	Macte_animo_Generose_puer_sic_itur_ad_astra	scientia_et_sapientia	scientia_et_labor	706	825	Partial Response	id_quod_plerumque_accidit
targeted_therapy	CTDC-PARTICIPANT-954478	CTDC-TARGETED-THERAPY-156574	barba_crescit_caput_nescit	imperium_in_imperio	imperium_in_imperio	nanos_gigantum_humeris_insidentes	954	690	Less than partial response	imperium_in_imperio
targeted_therapy	CTDC-PARTICIPANT-386570	CTDC-TARGETED-THERAPY-788248	Obedientia_civium_urbis_felicitas	haec_olim_meminisse_iuvabit	id_quod_plerumque_accidit	scientia_et_labor	460	177	Stable Disease	scientia,_aere_perennius
targeted_therapy	CTDC-PARTICIPANT-386570	CTDC-TARGETED-THERAPY-332483	cacatum_non_est_pictum	scientia,_aere_perennius	faber_est_suae_quisque_fortunae	sapiens_qui_prospicit	206	526	Stable Disease	scientia_et_sapientia
targeted_therapy	CTDC-PARTICIPANT-761014	CTDC-TARGETED-THERAPY-586855	labor_ipse_voluptas	scientiae_et_patriae	a_bene_placito	nanos_gigantum_humeris_insidentes	804	682	Complete Response	scientia,_aere_perennius
targeted_therapy	CTDC-PARTICIPANT-761014	CTDC-TARGETED-THERAPY-413988	a_bene_placito	labor_ipse_voluptas	saltus_in_demonstrando	saltus_in_demonstrando	604	404	Stable Disease	Gallia_est_omnis_divisa_in_partes_tres
targeted_therapy	CTDC-PARTICIPANT-627536	CTDC-TARGETED-THERAPY-723793	Gallia_est_omnis_divisa_in_partes_tres	barba_crescit_caput_nescit	Obedientia_civium_urbis_felicitas	sapiens_qui_prospicit	945	595	Unknown	scientia_imperii_decus_et_tutamen
targeted_therapy	CTDC-PARTICIPANT-627536	CTDC-TARGETED-THERAPY-717064	nascentes_morimur_finisque_ab_origine_pendet	barba_crescit_caput_nescit	a_bene_placito	Gallia_est_omnis_divisa_in_partes_tres	99	174	Stable Disease	haec_olim_meminisse_iuvabit
targeted_therapy	CTDC-PARTICIPANT-282263	CTDC-TARGETED-THERAPY-118626	salus_in_arduis	O_Tite_tute_Tati_tibi_tanta_tyranne_tulisti	haec_olim_meminisse_iuvabit	barba_crescit_caput_nescit	676	816	Too Early	imperium_in_imperio
targeted_therapy	CTDC-PARTICIPANT-282263	CTDC-TARGETED-THERAPY-537303	Gallia_est_omnis_divisa_in_partes_tres	labor_ipse_voluptas	barba_crescit_caput_nescit	scientia_et_labor	95	704	Too Early	imperium_in_imperio
targeted_therapy	CTDC-PARTICIPANT-688099	CTDC-TARGETED-THERAPY-213043	scientia_imperii_decus_et_tutamen	imperium_in_imperio	a_bene_placito	faber_est_suae_quisque_fortunae	156	746	Partial Response	labor_ipse_voluptas
targeted_therapy	CTDC-PARTICIPANT-688099	CTDC-TARGETED-THERAPY-758784	damnant_quod_non_intellegunt	a_bene_placito	Macte_animo_Generose_puer_sic_itur_ad_astra	nanos_gigantum_humeris_insidentes	822	70	Stable Disease	labor_ipse_voluptas
targeted_therapy	CTDC-PARTICIPANT-939913	CTDC-TARGETED-THERAPY-161952	scientia,_aere_perennius	scientia,_aere_perennius	sapiens_qui_prospicit	scientia_imperii_decus_et_tutamen	653	33	Too Early	O_Tite_tute_Tati_tibi_tanta_tyranne_tulisti
targeted_therapy	CTDC-PARTICIPANT-939913	CTDC-TARGETED-THERAPY-130781	faber_est_suae_quisque_fortunae	barba_crescit_caput_nescit	barba_crescit_caput_nescit	scientia_et_labor	778	846	Not Evaluable	a_bene_placito
targeted_therapy	CTDC-PARTICIPANT-539346	CTDC-TARGETED-THERAPY-820030	a_bene_placito	haec_olim_meminisse_iuvabit	faber_est_suae_quisque_fortunae	scientiae_cedit_mare	852	549	Partial Response	a_bene_placito
targeted_therapy	CTDC-PARTICIPANT-539346	CTDC-TARGETED-THERAPY-802870	id_quod_plerumque_accidit	faber_est_suae_quisque_fortunae	cacatum_non_est_pictum	imperium_in_imperio	83	698	Too Early	Macte_animo_Generose_puer_sic_itur_ad_astra
targeted_therapy	CTDC-PARTICIPANT-246150	CTDC-TARGETED-THERAPY-357557	faber_est_suae_quisque_fortunae	barba_crescit_caput_nescit	barba_crescit_caput_nescit	scientia_et_sapientia	102	377	Complete Response	scientia_imperii_decus_et_tutamen
targeted_therapy	CTDC-PARTICIPANT-246150	CTDC-TARGETED-THERAPY-711463	Macte_animo_Generose_puer_sic_itur_ad_astra	cacatum_non_est_pictum	Macte_animo_Generose_puer_sic_itur_ad_astra	pace_tua	93	548	Too Early	id_quod_plerumque_accidit
targeted_therapy	CTDC-PARTICIPANT-570246	CTDC-TARGETED-THERAPY-591968	e_causa_ignota	id_quod_plerumque_accidit	sapiens_qui_prospicit	scientia_et_labor	977	851	Partial Response	salus_in_arduis
targeted_therapy	CTDC-PARTICIPANT-570246	CTDC-TARGETED-THERAPY-647757	scientiae_cedit_mare	damnant_quod_non_intellegunt	scientia_et_sapientia	haec_olim_meminisse_iuvabit	687	733	Not Assessed	nanos_gigantum_humeris_insidentes
targeted_therapy	CTDC-PARTICIPANT-291591	CTDC-TARGETED-THERAPY-103870	damnant_quod_non_intellegunt	cacatum_non_est_pictum	saltus_in_demonstrando	sapiens_qui_prospicit	33	627	Stable Disease	sapiens_qui_prospicit
targeted_therapy	CTDC-PARTICIPANT-291591	CTDC-TARGETED-THERAPY-258384	damnant_quod_non_intellegunt	scientia_imperii_decus_et_tutamen	Obedientia_civium_urbis_felicitas	Gallia_est_omnis_divisa_in_partes_tres	387	413	Unknown	nanos_gigantum_humeris_insidentes
targeted_therapy	CTDC-PARTICIPANT-940083	CTDC-TARGETED-THERAPY-618561	pace_tua	Obedientia_civium_urbis_felicitas	Obedientia_civium_urbis_felicitas	damnant_quod_non_intellegunt	620	35	Not Assessed	scientiae_et_patriae
targeted_therapy	CTDC-PARTICIPANT-940083	CTDC-TARGETED-THERAPY-250889	e_causa_ignota	Macte_animo_Generose_puer_sic_itur_ad_astra	scientia,_aere_perennius	e_causa_ignota	892	608	Not Evaluable	scientia_imperii_decus_et_tutamen
targeted_therapy	CTDC-PARTICIPANT-626731	CTDC-TARGETED-THERAPY-708273	haec_olim_meminisse_iuvabit	nascentes_morimur_finisque_ab_origine_pendet	pace_tua	cacatum_non_est_pictum	889	88	Partial Response	scientia_imperii_decus_et_tutamen
targeted_therapy	CTDC-PARTICIPANT-626731	CTDC-TARGETED-THERAPY-324691	e_causa_ignota	O_Tite_tute_Tati_tibi_tanta_tyranne_tulisti	barba_crescit_caput_nescit	imperium_in_imperio	634	936	Not Assessed	e_causa_ignota
targeted_therapy	CTDC-PARTICIPANT-652301	CTDC-TARGETED-THERAPY-750130	haec_olim_meminisse_iuvabit	salus_in_arduis	scientia,_aere_perennius	saltus_in_demonstrando	439	470	Not Assessed	haec_olim_meminisse_iuvabit
targeted_therapy	CTDC-PARTICIPANT-652301	CTDC-TARGETED-THERAPY-161217	scientiae_cedit_mare	Obedientia_civium_urbis_felicitas	scientia,_aere_perennius	Macte_animo_Generose_puer_sic_itur_ad_astra	696	962	Less than partial response	damnant_quod_non_intellegunt
targeted_therapy	CTDC-PARTICIPANT-491260	CTDC-TARGETED-THERAPY-102004	scientia,_aere_perennius	Gallia_est_omnis_divisa_in_partes_tres	scientiae_cedit_mare	damnant_quod_non_intellegunt	724	662	Stable Disease	damnant_quod_non_intellegunt
targeted_therapy	CTDC-PARTICIPANT-491260	CTDC-TARGETED-THERAPY-990222	e_causa_ignota	scientiae_et_patriae	nascentes_morimur_finisque_ab_origine_pendet	labor_ipse_voluptas	386	595	Not Assessed	sapiens_qui_prospicit
targeted_therapy	CTDC-PARTICIPANT-761432	CTDC-TARGETED-THERAPY-353679	scientiae_et_patriae	haec_olim_meminisse_iuvabit	a_bene_placito	O_Tite_tute_Tati_tibi_tanta_tyranne_tulisti	467	192	Partial Response	Macte_animo_Generose_puer_sic_itur_ad_astra
targeted_therapy	CTDC-PARTICIPANT-761432	CTDC-TARGETED-THERAPY-664832	imperium_in_imperio	damnant_quod_non_intellegunt	damnant_quod_non_intellegunt	faber_est_suae_quisque_fortunae	904	115	Complete Response	e_causa_ignota
targeted_therapy	CTDC-PARTICIPANT-352043	CTDC-TARGETED-THERAPY-812219	barba_crescit_caput_nescit	nanos_gigantum_humeris_insidentes	scientia_et_sapientia	Macte_animo_Generose_puer_sic_itur_ad_astra	268	433	Stable Disease	nanos_gigantum_humeris_insidentes
targeted_therapy	CTDC-PARTICIPANT-352043	CTDC-TARGETED-THERAPY-614753	salus_in_arduis	nanos_gigantum_humeris_insidentes	scientiae_et_patriae	e_causa_ignota	866	560	Partial Response	faber_est_suae_quisque_fortunae
targeted_therapy	CTDC-PARTICIPANT-828608	CTDC-TARGETED-THERAPY-977830	faber_est_suae_quisque_fortunae	Obedientia_civium_urbis_felicitas	scientia_et_labor	a_bene_placito	368	401	Progressive Disease	a_bene_placito
targeted_therapy	CTDC-PARTICIPANT-828608	CTDC-TARGETED-THERAPY-369110	pace_tua	scientia_imperii_decus_et_tutamen	sapiens_qui_prospicit	Obedientia_civium_urbis_felicitas	128	554	Unknown	scientia,_aere_perennius
targeted_therapy	CTDC-PARTICIPANT-232321	CTDC-TARGETED-THERAPY-766966	a_bene_placito	e_causa_ignota	salus_in_arduis	scientia_et_labor	452	924	Unknown	scientiae_cedit_mare
targeted_therapy	CTDC-PARTICIPANT-232321	CTDC-TARGETED-THERAPY-303209	scientiae_cedit_mare	id_quod_plerumque_accidit	scientia,_aere_perennius	labor_ipse_voluptas	984	465	Not Assessed	scientiae_cedit_mare
targeted_therapy	CTDC-PARTICIPANT-733066	CTDC-TARGETED-THERAPY-629609	sapiens_qui_prospicit	id_quod_plerumque_accidit	id_quod_plerumque_accidit	haec_olim_meminisse_iuvabit	930	635	Unknown	scientiae_et_patriae
targeted_therapy	CTDC-PARTICIPANT-733066	CTDC-TARGETED-THERAPY-582976	scientia_et_sapientia	scientiae_cedit_mare	Macte_animo_Generose_puer_sic_itur_ad_astra	labor_ipse_voluptas	129	602	Too Early	cacatum_non_est_pictum
targeted_therapy	CTDC-PARTICIPANT-428219	CTDC-TARGETED-THERAPY-943482	a_bene_placito	scientiae_cedit_mare	nanos_gigantum_humeris_insidentes	O_Tite_tute_Tati_tibi_tanta_tyranne_tulisti	957	788	Complete Response	a_bene_placito
targeted_therapy	CTDC-PARTICIPANT-428219	CTDC-TARGETED-THERAPY-961222	scientiae_et_patriae	labor_ipse_voluptas	salus_in_arduis	Macte_animo_Generose_puer_sic_itur_ad_astra	449	476	Complete Response	Macte_animo_Generose_puer_sic_itur_ad_astra
targeted_therapy	CTDC-PARTICIPANT-215053	CTDC-TARGETED-THERAPY-452365	Obedientia_civium_urbis_felicitas	nanos_gigantum_humeris_insidentes	Macte_animo_Generose_puer_sic_itur_ad_astra	nascentes_morimur_finisque_ab_origine_pendet	950	168	Less than partial response	scientia_et_sapientia
targeted_therapy	CTDC-PARTICIPANT-215053	CTDC-TARGETED-THERAPY-854005	cacatum_non_est_pictum	Obedientia_civium_urbis_felicitas	faber_est_suae_quisque_fortunae	Macte_animo_Generose_puer_sic_itur_ad_astra	584	380	Complete Response	pace_tua
targeted_therapy	CTDC-PARTICIPANT-946005	CTDC-TARGETED-THERAPY-200797	barba_crescit_caput_nescit	cacatum_non_est_pictum	scientia_imperii_decus_et_tutamen	haec_olim_meminisse_iuvabit	60	402	Partial Response	haec_olim_meminisse_iuvabit
targeted_therapy	CTDC-PARTICIPANT-946005	CTDC-TARGETED-THERAPY-231467	faber_est_suae_quisque_fortunae	e_causa_ignota	scientia_et_sapientia	Obedientia_civium_urbis_felicitas	547	666	Too Early	id_quod_plerumque_accidit
targeted_therapy	CTDC-PARTICIPANT-174366	CTDC-TARGETED-THERAPY-291655	id_quod_plerumque_accidit	scientia_imperii_decus_et_tutamen	imperium_in_imperio	scientia_imperii_decus_et_tutamen	596	201	Stable Disease	labor_ipse_voluptas
targeted_therapy	CTDC-PARTICIPANT-174366	CTDC-TARGETED-THERAPY-824035	scientia_imperii_decus_et_tutamen	labor_ipse_voluptas	nascentes_morimur_finisque_ab_origine_pendet	nanos_gigantum_humeris_insidentes	158	401	Not Assessed	scientia_imperii_decus_et_tutamen
targeted_therapy	CTDC-PARTICIPANT-856892	CTDC-TARGETED-THERAPY-189072	id_quod_plerumque_accidit	Obedientia_civium_urbis_felicitas	salus_in_arduis	scientiae_cedit_mare	997	727	Less than partial response	scientia_imperii_decus_et_tutamen
targeted_therapy	CTDC-PARTICIPANT-856892	CTDC-TARGETED-THERAPY-681399	barba_crescit_caput_nescit	salus_in_arduis	Gallia_est_omnis_divisa_in_partes_tres	pace_tua	309	628	Not Assessed	saltus_in_demonstrando
targeted_therapy	CTDC-PARTICIPANT-922991	CTDC-TARGETED-THERAPY-102272	Obedientia_civium_urbis_felicitas	scientia_et_sapientia	Gallia_est_omnis_divisa_in_partes_tres	saltus_in_demonstrando	616	569	Complete Response	a_bene_placito
targeted_therapy	CTDC-PARTICIPANT-922991	CTDC-TARGETED-THERAPY-925258	nascentes_morimur_finisque_ab_origine_pendet	Macte_animo_Generose_puer_sic_itur_ad_astra	scientiae_et_patriae	scientia,_aere_perennius	729	806	Stable Disease	scientiae_et_patriae
targeted_therapy	CTDC-PARTICIPANT-291581	CTDC-TARGETED-THERAPY-943944	a_bene_placito	scientiae_cedit_mare	saltus_in_demonstrando	damnant_quod_non_intellegunt	302	23	Progressive Disease	scientia_imperii_decus_et_tutamen
targeted_therapy	CTDC-PARTICIPANT-291581	CTDC-TARGETED-THERAPY-560493	sapiens_qui_prospicit	id_quod_plerumque_accidit	salus_in_arduis	faber_est_suae_quisque_fortunae	252	807	Stable Disease	nascentes_morimur_finisque_ab_origine_pendet
targeted_therapy	CTDC-PARTICIPANT-474449	CTDC-TARGETED-THERAPY-645835	e_causa_ignota	barba_crescit_caput_nescit	Obedientia_civium_urbis_felicitas	faber_est_suae_quisque_fortunae	546	668	Too Early	Obedientia_civium_urbis_felicitas
targeted_therapy	CTDC-PARTICIPANT-474449	CTDC-TARGETED-THERAPY-826762	labor_ipse_voluptas	cacatum_non_est_pictum	cacatum_non_est_pictum	a_bene_placito	657	362	Too Early	haec_olim_meminisse_iuvabit
targeted_therapy	CTDC-PARTICIPANT-500277	CTDC-TARGETED-THERAPY-992098	a_bene_placito	Macte_animo_Generose_puer_sic_itur_ad_astra	nanos_gigantum_humeris_insidentes	labor_ipse_voluptas	777	505	Progressive Disease	id_quod_plerumque_accidit
targeted_therapy	CTDC-PARTICIPANT-500277	CTDC-TARGETED-THERAPY-425479	imperium_in_imperio	faber_est_suae_quisque_fortunae	Macte_animo_Generose_puer_sic_itur_ad_astra	a_bene_placito	181	746	Too Early	nanos_gigantum_humeris_insidentes
targeted_therapy	CTDC-PARTICIPANT-237989	CTDC-TARGETED-THERAPY-118577	nanos_gigantum_humeris_insidentes	Macte_animo_Generose_puer_sic_itur_ad_astra	nascentes_morimur_finisque_ab_origine_pendet	scientia_et_sapientia	663	228	Complete Response	scientia_et_sapientia
targeted_therapy	CTDC-PARTICIPANT-237989	CTDC-TARGETED-THERAPY-671907	Obedientia_civium_urbis_felicitas	salus_in_arduis	saltus_in_demonstrando	nascentes_morimur_finisque_ab_origine_pendet	993	600	Complete Response	barba_crescit_caput_nescit
targeted_therapy	CTDC-PARTICIPANT-409930	CTDC-TARGETED-THERAPY-146321	scientia,_aere_perennius	imperium_in_imperio	Gallia_est_omnis_divisa_in_partes_tres	imperium_in_imperio	743	51	Not Assessed	cacatum_non_est_pictum
targeted_therapy	CTDC-PARTICIPANT-409930	CTDC-TARGETED-THERAPY-154853	nanos_gigantum_humeris_insidentes	scientia_et_sapientia	haec_olim_meminisse_iuvabit	labor_ipse_voluptas	933	848	Stable Disease	damnant_quod_non_intellegunt
targeted_therapy	CTDC-PARTICIPANT-588323	CTDC-TARGETED-THERAPY-794434	nanos_gigantum_humeris_insidentes	scientia,_aere_perennius	Macte_animo_Generose_puer_sic_itur_ad_astra	barba_crescit_caput_nescit	791	898	Not Assessed	id_quod_plerumque_accidit
targeted_therapy	CTDC-PARTICIPANT-588323	CTDC-TARGETED-THERAPY-726086	cacatum_non_est_pictum	salus_in_arduis	haec_olim_meminisse_iuvabit	saltus_in_demonstrando	891	587	Complete Response	scientiae_et_patriae
targeted_therapy	CTDC-PARTICIPANT-550436	CTDC-TARGETED-THERAPY-575757	scientia_et_labor	scientia_et_sapientia	a_bene_placito	scientia_imperii_decus_et_tutamen	510	228	Not Assessed	saltus_in_demonstrando
targeted_therapy	CTDC-PARTICIPANT-550436	CTDC-TARGETED-THERAPY-517133	sapiens_qui_prospicit	scientiae_cedit_mare	e_causa_ignota	Obedientia_civium_urbis_felicitas	869	70	Too Early	scientia_imperii_decus_et_tutamen
targeted_therapy	CTDC-PARTICIPANT-705441	CTDC-TARGETED-THERAPY-797128	pace_tua	Gallia_est_omnis_divisa_in_partes_tres	scientia_et_sapientia	saltus_in_demonstrando	347	878	Partial Response	faber_est_suae_quisque_fortunae
targeted_therapy	CTDC-PARTICIPANT-705441	CTDC-TARGETED-THERAPY-379061	O_Tite_tute_Tati_tibi_tanta_tyranne_tulisti	Obedientia_civium_urbis_felicitas	Obedientia_civium_urbis_felicitas	pace_tua	387	498	Not Assessed	a_bene_placito
targeted_therapy	CTDC-PARTICIPANT-375800	CTDC-TARGETED-THERAPY-397435	scientia_et_labor	scientia_imperii_decus_et_tutamen	scientia_et_sapientia	scientiae_et_patriae	627	783	Stable Disease	nascentes_morimur_finisque_ab_origine_pendet
targeted_therapy	CTDC-PARTICIPANT-375800	CTDC-TARGETED-THERAPY-615785	id_quod_plerumque_accidit	nascentes_morimur_finisque_ab_origine_pendet	scientia_imperii_decus_et_tutamen	Gallia_est_omnis_divisa_in_partes_tres	411	332	Progressive Disease	nascentes_morimur_finisque_ab_origine_pendet
targeted_therapy	CTDC-PARTICIPANT-819268	CTDC-TARGETED-THERAPY-235862	salus_in_arduis	O_Tite_tute_Tati_tibi_tanta_tyranne_tulisti	pace_tua	scientiae_cedit_mare	404	505	Not Assessed	labor_ipse_voluptas
targeted_therapy	CTDC-PARTICIPANT-819268	CTDC-TARGETED-THERAPY-797609	cacatum_non_est_pictum	nanos_gigantum_humeris_insidentes	e_causa_ignota	O_Tite_tute_Tati_tibi_tanta_tyranne_tulisti	310	346	Unknown	saltus_in_demonstrando
targeted_therapy	CTDC-PARTICIPANT-101752	CTDC-TARGETED-THERAPY-172866	faber_est_suae_quisque_fortunae	nanos_gigantum_humeris_insidentes	scientiae_cedit_mare	nanos_gigantum_humeris_insidentes	492	293	Unknown	imperium_in_imperio
targeted_therapy	CTDC-PARTICIPANT-101752	CTDC-TARGETED-THERAPY-562337	nascentes_morimur_finisque_ab_origine_pendet	nascentes_morimur_finisque_ab_origine_pendet	imperium_in_imperio	sapiens_qui_prospicit	33	528	Progressive Disease	Macte_animo_Generose_puer_sic_itur_ad_astra
targeted_therapy	CTDC-PARTICIPANT-307586	CTDC-TARGETED-THERAPY-682303	Macte_animo_Generose_puer_sic_itur_ad_astra	scientiae_cedit_mare	damnant_quod_non_intellegunt	Macte_animo_Generose_puer_sic_itur_ad_astra	512	663	Too Early	id_quod_plerumque_accidit
targeted_therapy	CTDC-PARTICIPANT-307586	CTDC-TARGETED-THERAPY-475317	scientia_et_sapientia	scientia_et_sapientia	sapiens_qui_prospicit	Gallia_est_omnis_divisa_in_partes_tres	925	963	Partial Response	barba_crescit_caput_nescit
targeted_therapy	CTDC-PARTICIPANT-363672	CTDC-TARGETED-THERAPY-713321	scientia_et_sapientia	labor_ipse_voluptas	cacatum_non_est_pictum	scientia_et_sapientia	639	981	Partial Response	scientiae_et_patriae
targeted_therapy	CTDC-PARTICIPANT-363672	CTDC-TARGETED-THERAPY-899374	a_bene_placito	haec_olim_meminisse_iuvabit	scientia,_aere_perennius	id_quod_plerumque_accidit	909	99	Complete Response	Macte_animo_Generose_puer_sic_itur_ad_astra
targeted_therapy	CTDC-PARTICIPANT-390538	CTDC-TARGETED-THERAPY-809737	imperium_in_imperio	scientiae_cedit_mare	cacatum_non_est_pictum	damnant_quod_non_intellegunt	165	974	Too Early	scientia_imperii_decus_et_tutamen
targeted_therapy	CTDC-PARTICIPANT-390538	CTDC-TARGETED-THERAPY-198930	scientia_et_sapientia	e_causa_ignota	salus_in_arduis	cacatum_non_est_pictum	567	745	Too Early	scientiae_cedit_mare
targeted_therapy	CTDC-PARTICIPANT-656708	CTDC-TARGETED-THERAPY-923200	damnant_quod_non_intellegunt	Macte_animo_Generose_puer_sic_itur_ad_astra	sapiens_qui_prospicit	Macte_animo_Generose_puer_sic_itur_ad_astra	132	164	Not Assessed	damnant_quod_non_intellegunt
targeted_therapy	CTDC-PARTICIPANT-656708	CTDC-TARGETED-THERAPY-260614	Macte_animo_Generose_puer_sic_itur_ad_astra	scientiae_et_patriae	Obedientia_civium_urbis_felicitas	damnant_quod_non_intellegunt	197	617	Unknown	damnant_quod_non_intellegunt
targeted_therapy	CTDC-PARTICIPANT-208873	CTDC-TARGETED-THERAPY-385688	e_causa_ignota	pace_tua	imperium_in_imperio	damnant_quod_non_intellegunt	899	173	Too Early	scientia_et_labor
targeted_therapy	CTDC-PARTICIPANT-208873	CTDC-TARGETED-THERAPY-984677	a_bene_placito	saltus_in_demonstrando	imperium_in_imperio	id_quod_plerumque_accidit	405	560	Too Early	nanos_gigantum_humeris_insidentes
targeted_therapy	CTDC-PARTICIPANT-785303	CTDC-TARGETED-THERAPY-927739	scientiae_cedit_mare	scientia_et_sapientia	labor_ipse_voluptas	cacatum_non_est_pictum	796	972	Not Evaluable	Obedientia_civium_urbis_felicitas
targeted_therapy	CTDC-PARTICIPANT-785303	CTDC-TARGETED-THERAPY-130924	labor_ipse_voluptas	O_Tite_tute_Tati_tibi_tanta_tyranne_tulisti	faber_est_suae_quisque_fortunae	Gallia_est_omnis_divisa_in_partes_tres	168	934	Stable Disease	Gallia_est_omnis_divisa_in_partes_tres
targeted_therapy	CTDC-PARTICIPANT-644061	CTDC-TARGETED-THERAPY-578974	cacatum_non_est_pictum	nascentes_morimur_finisque_ab_origine_pendet	salus_in_arduis	scientia_et_labor	512	71	Unknown	scientia_et_sapientia
targeted_therapy	CTDC-PARTICIPANT-644061	CTDC-TARGETED-THERAPY-721411	salus_in_arduis	Obedientia_civium_urbis_felicitas	labor_ipse_voluptas	haec_olim_meminisse_iuvabit	449	305	Partial Response	e_causa_ignota
targeted_therapy	CTDC-PARTICIPANT-784125	CTDC-TARGETED-THERAPY-556651	e_causa_ignota	e_causa_ignota	e_causa_ignota	scientia_et_sapientia	289	967	Stable Disease	nascentes_morimur_finisque_ab_origine_pendet
targeted_therapy	CTDC-PARTICIPANT-784125	CTDC-TARGETED-THERAPY-459966	nascentes_morimur_finisque_ab_origine_pendet	scientia,_aere_perennius	pace_tua	saltus_in_demonstrando	367	129	Complete Response	haec_olim_meminisse_iuvabit
targeted_therapy	CTDC-PARTICIPANT-258433	CTDC-TARGETED-THERAPY-875850	barba_crescit_caput_nescit	Obedientia_civium_urbis_felicitas	saltus_in_demonstrando	a_bene_placito	47	182	Not Evaluable	saltus_in_demonstrando
targeted_therapy	CTDC-PARTICIPANT-258433	CTDC-TARGETED-THERAPY-542895	scientia_et_labor	labor_ipse_voluptas	nascentes_morimur_finisque_ab_origine_pendet	O_Tite_tute_Tati_tibi_tanta_tyranne_tulisti	377	568	Partial Response	scientiae_et_patriae
targeted_therapy	CTDC-PARTICIPANT-336498	CTDC-TARGETED-THERAPY-414585	Macte_animo_Generose_puer_sic_itur_ad_astra	nanos_gigantum_humeris_insidentes	faber_est_suae_quisque_fortunae	cacatum_non_est_pictum	544	221	Not Evaluable	pace_tua
targeted_therapy	CTDC-PARTICIPANT-336498	CTDC-TARGETED-THERAPY-388994	salus_in_arduis	Macte_animo_Generose_puer_sic_itur_ad_astra	salus_in_arduis	a_bene_placito	582	41	Unknown	scientia,_aere_perennius
targeted_therapy	CTDC-PARTICIPANT-599467	CTDC-TARGETED-THERAPY-933225	scientia_imperii_decus_et_tutamen	scientia_imperii_decus_et_tutamen	a_bene_placito	Obedientia_civium_urbis_felicitas	823	309	Complete Response	id_quod_plerumque_accidit
targeted_therapy	CTDC-PARTICIPANT-599467	CTDC-TARGETED-THERAPY-958413	scientiae_cedit_mare	damnant_quod_non_intellegunt	faber_est_suae_quisque_fortunae	haec_olim_meminisse_iuvabit	547	403	Not Assessed	scientia,_aere_perennius
targeted_therapy	CTDC-PARTICIPANT-813230	CTDC-TARGETED-THERAPY-259747	Gallia_est_omnis_divisa_in_partes_tres	labor_ipse_voluptas	sapiens_qui_prospicit	imperium_in_imperio	187	204	Too Early	e_causa_ignota
targeted_therapy	CTDC-PARTICIPANT-813230	CTDC-TARGETED-THERAPY-302992	nascentes_morimur_finisque_ab_origine_pendet	O_Tite_tute_Tati_tibi_tanta_tyranne_tulisti	pace_tua	scientiae_cedit_mare	184	664	Unknown	scientia,_aere_perennius
targeted_therapy	CTDC-PARTICIPANT-251190	CTDC-TARGETED-THERAPY-770648	scientiae_cedit_mare	damnant_quod_non_intellegunt	e_causa_ignota	haec_olim_meminisse_iuvabit	768	51	Stable Disease	Gallia_est_omnis_divisa_in_partes_tres
targeted_therapy	CTDC-PARTICIPANT-251190	CTDC-TARGETED-THERAPY-320142	labor_ipse_voluptas	pace_tua	scientia_et_labor	Macte_animo_Generose_puer_sic_itur_ad_astra	26	992	Complete Response	Obedientia_civium_urbis_felicitas
targeted_therapy	CTDC-PARTICIPANT-652732	CTDC-TARGETED-THERAPY-591752	haec_olim_meminisse_iuvabit	Obedientia_civium_urbis_felicitas	nanos_gigantum_humeris_insidentes	barba_crescit_caput_nescit	600	230	Less than partial response	pace_tua
targeted_therapy	CTDC-PARTICIPANT-652732	CTDC-TARGETED-THERAPY-583555	scientia_imperii_decus_et_tutamen	scientia_imperii_decus_et_tutamen	scientia,_aere_perennius	saltus_in_demonstrando	796	804	Too Early	labor_ipse_voluptas
targeted_therapy	CTDC-PARTICIPANT-714466	CTDC-TARGETED-THERAPY-308751	scientia_et_labor	Gallia_est_omnis_divisa_in_partes_tres	sapiens_qui_prospicit	Gallia_est_omnis_divisa_in_partes_tres	242	348	Not Assessed	saltus_in_demonstrando
targeted_therapy	CTDC-PARTICIPANT-714466	CTDC-TARGETED-THERAPY-715058	nascentes_morimur_finisque_ab_origine_pendet	scientia_et_labor	cacatum_non_est_pictum	nanos_gigantum_humeris_insidentes	983	724	Partial Response	sapiens_qui_prospicit
targeted_therapy	CTDC-PARTICIPANT-854460	CTDC-TARGETED-THERAPY-533688	Gallia_est_omnis_divisa_in_partes_tres	imperium_in_imperio	pace_tua	scientia_imperii_decus_et_tutamen	40	613	Partial Response	e_causa_ignota
targeted_therapy	CTDC-PARTICIPANT-854460	CTDC-TARGETED-THERAPY-801753	cacatum_non_est_pictum	id_quod_plerumque_accidit	Obedientia_civium_urbis_felicitas	scientia_et_labor	536	235	Too Early	Gallia_est_omnis_divisa_in_partes_tres
targeted_therapy	CTDC-PARTICIPANT-635713	CTDC-TARGETED-THERAPY-610833	imperium_in_imperio	scientia_et_sapientia	scientia,_aere_perennius	labor_ipse_voluptas	400	208	Partial Response	scientia,_aere_perennius
targeted_therapy	CTDC-PARTICIPANT-635713	CTDC-TARGETED-THERAPY-149355	faber_est_suae_quisque_fortunae	scientia_et_sapientia	faber_est_suae_quisque_fortunae	nanos_gigantum_humeris_insidentes	726	406	Progressive Disease	labor_ipse_voluptas
targeted_therapy	CTDC-PARTICIPANT-272872	CTDC-TARGETED-THERAPY-367490	salus_in_arduis	labor_ipse_voluptas	e_causa_ignota	damnant_quod_non_intellegunt	371	300	Complete Response	O_Tite_tute_Tati_tibi_tanta_tyranne_tulisti
targeted_therapy	CTDC-PARTICIPANT-272872	CTDC-TARGETED-THERAPY-482478	scientia_et_sapientia	nascentes_morimur_finisque_ab_origine_pendet	faber_est_suae_quisque_fortunae	labor_ipse_voluptas	1000	426	Less than partial response	haec_olim_meminisse_iuvabit
targeted_therapy	CTDC-PARTICIPANT-696945	CTDC-TARGETED-THERAPY-399296	scientia_imperii_decus_et_tutamen	barba_crescit_caput_nescit	faber_est_suae_quisque_fortunae	cacatum_non_est_pictum	447	266	Not Evaluable	nascentes_morimur_finisque_ab_origine_pendet
targeted_therapy	CTDC-PARTICIPANT-696945	CTDC-TARGETED-THERAPY-459289	scientia,_aere_perennius	labor_ipse_voluptas	barba_crescit_caput_nescit	a_bene_placito	508	656	Not Assessed	Gallia_est_omnis_divisa_in_partes_tres
targeted_therapy	CTDC-PARTICIPANT-288721	CTDC-TARGETED-THERAPY-736140	barba_crescit_caput_nescit	Obedientia_civium_urbis_felicitas	Gallia_est_omnis_divisa_in_partes_tres	nanos_gigantum_humeris_insidentes	322	443	Stable Disease	id_quod_plerumque_accidit
targeted_therapy	CTDC-PARTICIPANT-288721	CTDC-TARGETED-THERAPY-290555	cacatum_non_est_pictum	cacatum_non_est_pictum	scientia_imperii_decus_et_tutamen	salus_in_arduis	73	43	Too Early	Obedientia_civium_urbis_felicitas
targeted_therapy	CTDC-PARTICIPANT-729998	CTDC-TARGETED-THERAPY-935219	id_quod_plerumque_accidit	scientia,_aere_perennius	scientia_et_sapientia	damnant_quod_non_intellegunt	457	420	Partial Response	id_quod_plerumque_accidit
targeted_therapy	CTDC-PARTICIPANT-729998	CTDC-TARGETED-THERAPY-187476	salus_in_arduis	pace_tua	scientia_et_labor	haec_olim_meminisse_iuvabit	144	708	Complete Response	labor_ipse_voluptas
targeted_therapy	CTDC-PARTICIPANT-375728	CTDC-TARGETED-THERAPY-507113	Obedientia_civium_urbis_felicitas	damnant_quod_non_intellegunt	saltus_in_demonstrando	pace_tua	622	180	Not Assessed	nascentes_morimur_finisque_ab_origine_pendet
targeted_therapy	CTDC-PARTICIPANT-375728	CTDC-TARGETED-THERAPY-950765	scientia_et_labor	scientia_et_labor	Macte_animo_Generose_puer_sic_itur_ad_astra	barba_crescit_caput_nescit	633	816	Stable Disease	scientia_et_labor
targeted_therapy	CTDC-PARTICIPANT-887616	CTDC-TARGETED-THERAPY-800367	imperium_in_imperio	scientia,_aere_perennius	nascentes_morimur_finisque_ab_origine_pendet	a_bene_placito	755	190	Too Early	scientia_et_sapientia
targeted_therapy	CTDC-PARTICIPANT-887616	CTDC-TARGETED-THERAPY-953591	e_causa_ignota	pace_tua	sapiens_qui_prospicit	haec_olim_meminisse_iuvabit	153	142	Not Assessed	haec_olim_meminisse_iuvabit
targeted_therapy	CTDC-PARTICIPANT-279150	CTDC-TARGETED-THERAPY-370853	labor_ipse_voluptas	faber_est_suae_quisque_fortunae	id_quod_plerumque_accidit	Gallia_est_omnis_divisa_in_partes_tres	107	154	Complete Response	imperium_in_imperio
targeted_therapy	CTDC-PARTICIPANT-279150	CTDC-TARGETED-THERAPY-444612	barba_crescit_caput_nescit	nanos_gigantum_humeris_insidentes	e_causa_ignota	salus_in_arduis	491	44	Not Assessed	haec_olim_meminisse_iuvabit
targeted_therapy	CTDC-PARTICIPANT-392542	CTDC-TARGETED-THERAPY-899539	pace_tua	O_Tite_tute_Tati_tibi_tanta_tyranne_tulisti	faber_est_suae_quisque_fortunae	nanos_gigantum_humeris_insidentes	535	647	Progressive Disease	barba_crescit_caput_nescit
targeted_therapy	CTDC-PARTICIPANT-392542	CTDC-TARGETED-THERAPY-406492	haec_olim_meminisse_iuvabit	e_causa_ignota	damnant_quod_non_intellegunt	Obedientia_civium_urbis_felicitas	340	924	Unknown	faber_est_suae_quisque_fortunae
targeted_therapy	CTDC-PARTICIPANT-633499	CTDC-TARGETED-THERAPY-772001	Gallia_est_omnis_divisa_in_partes_tres	O_Tite_tute_Tati_tibi_tanta_tyranne_tulisti	saltus_in_demonstrando	e_causa_ignota	551	119	Partial Response	O_Tite_tute_Tati_tibi_tanta_tyranne_tulisti
targeted_therapy	CTDC-PARTICIPANT-633499	CTDC-TARGETED-THERAPY-882597	labor_ipse_voluptas	haec_olim_meminisse_iuvabit	pace_tua	Gallia_est_omnis_divisa_in_partes_tres	783	312	Progressive Disease	saltus_in_demonstrando
targeted_therapy	CTDC-PARTICIPANT-622867	CTDC-TARGETED-THERAPY-584025	a_bene_placito	sapiens_qui_prospicit	sapiens_qui_prospicit	imperium_in_imperio	834	663	Progressive Disease	sapiens_qui_prospicit
targeted_therapy	CTDC-PARTICIPANT-622867	CTDC-TARGETED-THERAPY-114521	pace_tua	O_Tite_tute_Tati_tibi_tanta_tyranne_tulisti	pace_tua	scientia_et_sapientia	428	766	Less than partial response	saltus_in_demonstrando
targeted_therapy	CTDC-PARTICIPANT-547611	CTDC-TARGETED-THERAPY-455656	faber_est_suae_quisque_fortunae	cacatum_non_est_pictum	scientiae_et_patriae	nanos_gigantum_humeris_insidentes	431	710	Unknown	O_Tite_tute_Tati_tibi_tanta_tyranne_tulisti
targeted_therapy	CTDC-PARTICIPANT-547611	CTDC-TARGETED-THERAPY-236253	e_causa_ignota	sapiens_qui_prospicit	scientia_imperii_decus_et_tutamen	scientia_et_labor	619	939	Less than partial response	Macte_animo_Generose_puer_sic_itur_ad_astra
targeted_therapy	CTDC-PARTICIPANT-227215	CTDC-TARGETED-THERAPY-788883	pace_tua	faber_est_suae_quisque_fortunae	cacatum_non_est_pictum	scientia_et_sapientia	230	336	Progressive Disease	nanos_gigantum_humeris_insidentes
targeted_therapy	CTDC-PARTICIPANT-227215	CTDC-TARGETED-THERAPY-941329	Obedientia_civium_urbis_felicitas	barba_crescit_caput_nescit	cacatum_non_est_pictum	sapiens_qui_prospicit	550	633	Partial Response	Gallia_est_omnis_divisa_in_partes_tres
targeted_therapy	CTDC-PARTICIPANT-667712	CTDC-TARGETED-THERAPY-159845	labor_ipse_voluptas	pace_tua	nascentes_morimur_finisque_ab_origine_pendet	Obedientia_civium_urbis_felicitas	721	640	Too Early	haec_olim_meminisse_iuvabit
targeted_therapy	CTDC-PARTICIPANT-667712	CTDC-TARGETED-THERAPY-360949	cacatum_non_est_pictum	e_causa_ignota	Gallia_est_omnis_divisa_in_partes_tres	Obedientia_civium_urbis_felicitas	543	63	Not Evaluable	scientiae_cedit_mare
targeted_therapy	CTDC-PARTICIPANT-264931	CTDC-TARGETED-THERAPY-363087	e_causa_ignota	nanos_gigantum_humeris_insidentes	Macte_animo_Generose_puer_sic_itur_ad_astra	damnant_quod_non_intellegunt	394	181	Progressive Disease	scientia_imperii_decus_et_tutamen
targeted_therapy	CTDC-PARTICIPANT-264931	CTDC-TARGETED-THERAPY-651827	scientia,_aere_perennius	nascentes_morimur_finisque_ab_origine_pendet	haec_olim_meminisse_iuvabit	damnant_quod_non_intellegunt	565	216	Less than partial response	Obedientia_civium_urbis_felicitas
targeted_therapy	CTDC-PARTICIPANT-966089	CTDC-TARGETED-THERAPY-973292	scientia_et_labor	haec_olim_meminisse_iuvabit	barba_crescit_caput_nescit	scientia,_aere_perennius	212	526	Less than partial response	sapiens_qui_prospicit
targeted_therapy	CTDC-PARTICIPANT-966089	CTDC-TARGETED-THERAPY-908984	salus_in_arduis	a_bene_placito	O_Tite_tute_Tati_tibi_tanta_tyranne_tulisti	scientia,_aere_perennius	542	51	Too Early	id_quod_plerumque_accidit
targeted_therapy	CTDC-PARTICIPANT-762150	CTDC-TARGETED-THERAPY-631507	scientia_et_labor	cacatum_non_est_pictum	nanos_gigantum_humeris_insidentes	scientia_imperii_decus_et_tutamen	221	197	Stable Disease	haec_olim_meminisse_iuvabit
targeted_therapy	CTDC-PARTICIPANT-762150	CTDC-TARGETED-THERAPY-694173	damnant_quod_non_intellegunt	a_bene_placito	scientiae_cedit_mare	salus_in_arduis	664	692	Stable Disease	labor_ipse_voluptas
targeted_therapy	CTDC-PARTICIPANT-727080	CTDC-TARGETED-THERAPY-666049	pace_tua	damnant_quod_non_intellegunt	scientiae_et_patriae	Macte_animo_Generose_puer_sic_itur_ad_astra	586	316	Too Early	sapiens_qui_prospicit
targeted_therapy	CTDC-PARTICIPANT-727080	CTDC-TARGETED-THERAPY-669875	saltus_in_demonstrando	O_Tite_tute_Tati_tibi_tanta_tyranne_tulisti	cacatum_non_est_pictum	scientiae_cedit_mare	458	732	Complete Response	Gallia_est_omnis_divisa_in_partes_tres
targeted_therapy	CTDC-PARTICIPANT-763647	CTDC-TARGETED-THERAPY-697178	cacatum_non_est_pictum	nanos_gigantum_humeris_insidentes	scientia,_aere_perennius	damnant_quod_non_intellegunt	454	755	Not Evaluable	id_quod_plerumque_accidit
targeted_therapy	CTDC-PARTICIPANT-763647	CTDC-TARGETED-THERAPY-820048	saltus_in_demonstrando	saltus_in_demonstrando	salus_in_arduis	Gallia_est_omnis_divisa_in_partes_tres	700	343	Unknown	scientia_imperii_decus_et_tutamen
targeted_therapy	CTDC-PARTICIPANT-754433	CTDC-TARGETED-THERAPY-902468	sapiens_qui_prospicit	nanos_gigantum_humeris_insidentes	faber_est_suae_quisque_fortunae	cacatum_non_est_pictum	511	619	Stable Disease	cacatum_non_est_pictum
targeted_therapy	CTDC-PARTICIPANT-754433	CTDC-TARGETED-THERAPY-908458	Obedientia_civium_urbis_felicitas	O_Tite_tute_Tati_tibi_tanta_tyranne_tulisti	id_quod_plerumque_accidit	scientiae_et_patriae	208	103	Too Early	sapiens_qui_prospicit
targeted_therapy	CTDC-PARTICIPANT-872138	CTDC-TARGETED-THERAPY-786785	scientia_et_labor	scientia_et_labor	Macte_animo_Generose_puer_sic_itur_ad_astra	labor_ipse_voluptas	69	422	Less than partial response	barba_crescit_caput_nescit
targeted_therapy	CTDC-PARTICIPANT-872138	CTDC-TARGETED-THERAPY-551002	haec_olim_meminisse_iuvabit	scientiae_cedit_mare	O_Tite_tute_Tati_tibi_tanta_tyranne_tulisti	saltus_in_demonstrando	173	36	Progressive Disease	scientiae_cedit_mare
targeted_therapy	CTDC-PARTICIPANT-845125	CTDC-TARGETED-THERAPY-954240	cacatum_non_est_pictum	sapiens_qui_prospicit	pace_tua	a_bene_placito	503	599	Not Evaluable	Gallia_est_omnis_divisa_in_partes_tres
targeted_therapy	CTDC-PARTICIPANT-845125	CTDC-TARGETED-THERAPY-902814	scientia_et_sapientia	imperium_in_imperio	salus_in_arduis	scientia_et_sapientia	186	449	Not Assessed	scientiae_cedit_mare
targeted_therapy	CTDC-PARTICIPANT-320493	CTDC-TARGETED-THERAPY-846035	cacatum_non_est_pictum	e_causa_ignota	barba_crescit_caput_nescit	nascentes_morimur_finisque_ab_origine_pendet	395	684	Complete Response	a_bene_placito
targeted_therapy	CTDC-PARTICIPANT-320493	CTDC-TARGETED-THERAPY-129658	imperium_in_imperio	saltus_in_demonstrando	saltus_in_demonstrando	scientia_et_labor	867	363	Partial Response	saltus_in_demonstrando
targeted_therapy	CTDC-PARTICIPANT-122513	CTDC-TARGETED-THERAPY-306195	scientia_et_labor	Gallia_est_omnis_divisa_in_partes_tres	scientia_et_sapientia	pace_tua	397	545	Too Early	saltus_in_demonstrando
targeted_therapy	CTDC-PARTICIPANT-122513	CTDC-TARGETED-THERAPY-192521	id_quod_plerumque_accidit	scientia,_aere_perennius	cacatum_non_est_pictum	labor_ipse_voluptas	156	52	Not Assessed	scientia_imperii_decus_et_tutamen
targeted_therapy	CTDC-PARTICIPANT-317837	CTDC-TARGETED-THERAPY-166572	scientia_et_sapientia	saltus_in_demonstrando	scientia,_aere_perennius	salus_in_arduis	450	426	Not Evaluable	nascentes_morimur_finisque_ab_origine_pendet
targeted_therapy	CTDC-PARTICIPANT-317837	CTDC-TARGETED-THERAPY-222989	Obedientia_civium_urbis_felicitas	scientiae_cedit_mare	O_Tite_tute_Tati_tibi_tanta_tyranne_tulisti	nanos_gigantum_humeris_insidentes	924	385	Progressive Disease	scientia_et_sapientia
targeted_therapy	CTDC-PARTICIPANT-252535	CTDC-TARGETED-THERAPY-873601	Gallia_est_omnis_divisa_in_partes_tres	Macte_animo_Generose_puer_sic_itur_ad_astra	faber_est_suae_quisque_fortunae	e_causa_ignota	530	742	Less than partial response	salus_in_arduis
targeted_therapy	CTDC-PARTICIPANT-252535	CTDC-TARGETED-THERAPY-488923	imperium_in_imperio	damnant_quod_non_intellegunt	Obedientia_civium_urbis_felicitas	Obedientia_civium_urbis_felicitas	186	683	Stable Disease	O_Tite_tute_Tati_tibi_tanta_tyranne_tulisti
targeted_therapy	CTDC-PARTICIPANT-546823	CTDC-TARGETED-THERAPY-732562	barba_crescit_caput_nescit	damnant_quod_non_intellegunt	Obedientia_civium_urbis_felicitas	labor_ipse_voluptas	976	317	Less than partial response	salus_in_arduis
targeted_therapy	CTDC-PARTICIPANT-546823	CTDC-TARGETED-THERAPY-692816	scientiae_cedit_mare	cacatum_non_est_pictum	Obedientia_civium_urbis_felicitas	Gallia_est_omnis_divisa_in_partes_tres	996	625	Too Early	scientiae_et_patriae
targeted_therapy	CTDC-PARTICIPANT-600574	CTDC-TARGETED-THERAPY-653722	scientiae_cedit_mare	pace_tua	Macte_animo_Generose_puer_sic_itur_ad_astra	nanos_gigantum_humeris_insidentes	602	340	Unknown	nanos_gigantum_humeris_insidentes
targeted_therapy	CTDC-PARTICIPANT-600574	CTDC-TARGETED-THERAPY-469360	faber_est_suae_quisque_fortunae	scientia_et_sapientia	damnant_quod_non_intellegunt	id_quod_plerumque_accidit	291	832	Not Evaluable	sapiens_qui_prospicit
targeted_therapy	CTDC-PARTICIPANT-515350	CTDC-TARGETED-THERAPY-820314	sapiens_qui_prospicit	cacatum_non_est_pictum	salus_in_arduis	faber_est_suae_quisque_fortunae	331	17	Progressive Disease	O_Tite_tute_Tati_tibi_tanta_tyranne_tulisti
targeted_therapy	CTDC-PARTICIPANT-515350	CTDC-TARGETED-THERAPY-858551	scientia_et_labor	Macte_animo_Generose_puer_sic_itur_ad_astra	barba_crescit_caput_nescit	sapiens_qui_prospicit	278	605	Partial Response	faber_est_suae_quisque_fortunae
targeted_therapy	CTDC-PARTICIPANT-896368	CTDC-TARGETED-THERAPY-427503	a_bene_placito	barba_crescit_caput_nescit	salus_in_arduis	saltus_in_demonstrando	855	696	Partial Response	scientia_imperii_decus_et_tutamen
targeted_therapy	CTDC-PARTICIPANT-896368	CTDC-TARGETED-THERAPY-343782	scientiae_cedit_mare	Macte_animo_Generose_puer_sic_itur_ad_astra	scientia_imperii_decus_et_tutamen	sapiens_qui_prospicit	233	53	Unknown	Gallia_est_omnis_divisa_in_partes_tres
targeted_therapy	CTDC-PARTICIPANT-362194	CTDC-TARGETED-THERAPY-752706	Macte_animo_Generose_puer_sic_itur_ad_astra	labor_ipse_voluptas	scientia_et_sapientia	nanos_gigantum_humeris_insidentes	847	641	Complete Response	salus_in_arduis
targeted_therapy	CTDC-PARTICIPANT-362194	CTDC-TARGETED-THERAPY-459456	O_Tite_tute_Tati_tibi_tanta_tyranne_tulisti	id_quod_plerumque_accidit	scientia_et_labor	Macte_animo_Generose_puer_sic_itur_ad_astra	526	121	Less than partial response	scientia_imperii_decus_et_tutamen
targeted_therapy	CTDC-PARTICIPANT-230105	CTDC-TARGETED-THERAPY-344140	imperium_in_imperio	haec_olim_meminisse_iuvabit	nanos_gigantum_humeris_insidentes	salus_in_arduis	439	838	Complete Response	id_quod_plerumque_accidit
targeted_therapy	CTDC-PARTICIPANT-230105	CTDC-TARGETED-THERAPY-462360	e_causa_ignota	Obedientia_civium_urbis_felicitas	salus_in_arduis	scientia_et_labor	185	873	Progressive Disease	a_bene_placito
targeted_therapy	CTDC-PARTICIPANT-153310	CTDC-TARGETED-THERAPY-324655	a_bene_placito	pace_tua	scientia_et_labor	saltus_in_demonstrando	504	251	Unknown	barba_crescit_caput_nescit
targeted_therapy	CTDC-PARTICIPANT-153310	CTDC-TARGETED-THERAPY-406700	scientia,_aere_perennius	imperium_in_imperio	a_bene_placito	scientiae_cedit_mare	180	394	Not Assessed	scientiae_cedit_mare
targeted_therapy	CTDC-PARTICIPANT-579483	CTDC-TARGETED-THERAPY-700515	Obedientia_civium_urbis_felicitas	nanos_gigantum_humeris_insidentes	Macte_animo_Generose_puer_sic_itur_ad_astra	faber_est_suae_quisque_fortunae	558	549	Not Assessed	O_Tite_tute_Tati_tibi_tanta_tyranne_tulisti
targeted_therapy	CTDC-PARTICIPANT-579483	CTDC-TARGETED-THERAPY-945781	scientia_et_labor	damnant_quod_non_intellegunt	scientia_imperii_decus_et_tutamen	salus_in_arduis	667	779	Complete Response	Macte_animo_Generose_puer_sic_itur_ad_astra
targeted_therapy	CTDC-PARTICIPANT-967644	CTDC-TARGETED-THERAPY-664349	nascentes_morimur_finisque_ab_origine_pendet	O_Tite_tute_Tati_tibi_tanta_tyranne_tulisti	scientia_imperii_decus_et_tutamen	a_bene_placito	815	239	Stable Disease	labor_ipse_voluptas
targeted_therapy	CTDC-PARTICIPANT-967644	CTDC-TARGETED-THERAPY-920535	barba_crescit_caput_nescit	Gallia_est_omnis_divisa_in_partes_tres	saltus_in_demonstrando	faber_est_suae_quisque_fortunae	745	92	Unknown	scientia_et_labor
targeted_therapy	CTDC-PARTICIPANT-779080	CTDC-TARGETED-THERAPY-617516	scientia_et_sapientia	scientia_imperii_decus_et_tutamen	nascentes_morimur_finisque_ab_origine_pendet	damnant_quod_non_intellegunt	191	126	Progressive Disease	scientiae_cedit_mare
targeted_therapy	CTDC-PARTICIPANT-779080	CTDC-TARGETED-THERAPY-830095	cacatum_non_est_pictum	Macte_animo_Generose_puer_sic_itur_ad_astra	sapiens_qui_prospicit	Macte_animo_Generose_puer_sic_itur_ad_astra	72	69	Too Early	Obedientia_civium_urbis_felicitas
targeted_therapy	CTDC-PARTICIPANT-385675	CTDC-TARGETED-THERAPY-546332	scientiae_et_patriae	pace_tua	Gallia_est_omnis_divisa_in_partes_tres	scientiae_cedit_mare	219	728	Stable Disease	labor_ipse_voluptas
targeted_therapy	CTDC-PARTICIPANT-385675	CTDC-TARGETED-THERAPY-959862	saltus_in_demonstrando	a_bene_placito	scientia_et_sapientia	scientiae_et_patriae	32	313	Less than partial response	cacatum_non_est_pictum
targeted_therapy	CTDC-PARTICIPANT-618008	CTDC-TARGETED-THERAPY-890265	cacatum_non_est_pictum	faber_est_suae_quisque_fortunae	O_Tite_tute_Tati_tibi_tanta_tyranne_tulisti	barba_crescit_caput_nescit	932	343	Not Evaluable	salus_in_arduis
targeted_therapy	CTDC-PARTICIPANT-618008	CTDC-TARGETED-THERAPY-837063	damnant_quod_non_intellegunt	a_bene_placito	Obedientia_civium_urbis_felicitas	saltus_in_demonstrando	403	692	Too Early	barba_crescit_caput_nescit
targeted_therapy	CTDC-PARTICIPANT-434022	CTDC-TARGETED-THERAPY-582136	a_bene_placito	imperium_in_imperio	nanos_gigantum_humeris_insidentes	Macte_animo_Generose_puer_sic_itur_ad_astra	479	942	Partial Response	scientia_imperii_decus_et_tutamen
targeted_therapy	CTDC-PARTICIPANT-434022	CTDC-TARGETED-THERAPY-724758	scientiae_cedit_mare	e_causa_ignota	Gallia_est_omnis_divisa_in_partes_tres	a_bene_placito	711	742	Unknown	a_bene_placito
targeted_therapy	CTDC-PARTICIPANT-152891	CTDC-TARGETED-THERAPY-133266	damnant_quod_non_intellegunt	a_bene_placito	damnant_quod_non_intellegunt	Obedientia_civium_urbis_felicitas	317	611	Not Evaluable	sapiens_qui_prospicit
targeted_therapy	CTDC-PARTICIPANT-152891	CTDC-TARGETED-THERAPY-361012	Macte_animo_Generose_puer_sic_itur_ad_astra	haec_olim_meminisse_iuvabit	labor_ipse_voluptas	saltus_in_demonstrando	560	146	Too Early	Obedientia_civium_urbis_felicitas
targeted_therapy	CTDC-PARTICIPANT-563856	CTDC-TARGETED-THERAPY-868409	faber_est_suae_quisque_fortunae	Gallia_est_omnis_divisa_in_partes_tres	scientiae_cedit_mare	scientiae_et_patriae	597	919	Complete Response	haec_olim_meminisse_iuvabit
targeted_therapy	CTDC-PARTICIPANT-563856	CTDC-TARGETED-THERAPY-262911	damnant_quod_non_intellegunt	e_causa_ignota	O_Tite_tute_Tati_tibi_tanta_tyranne_tulisti	labor_ipse_voluptas	257	85	Progressive Disease	scientiae_cedit_mare
targeted_therapy	CTDC-PARTICIPANT-633383	CTDC-TARGETED-THERAPY-752003	damnant_quod_non_intellegunt	Gallia_est_omnis_divisa_in_partes_tres	scientia_imperii_decus_et_tutamen	scientia_et_sapientia	658	797	Progressive Disease	faber_est_suae_quisque_fortunae
targeted_therapy	CTDC-PARTICIPANT-633383	CTDC-TARGETED-THERAPY-702913	haec_olim_meminisse_iuvabit	pace_tua	a_bene_placito	imperium_in_imperio	104	818	Less than partial response	scientia_et_sapientia
targeted_therapy	CTDC-PARTICIPANT-361715	CTDC-TARGETED-THERAPY-787242	e_causa_ignota	scientia,_aere_perennius	scientiae_cedit_mare	scientia_imperii_decus_et_tutamen	65	748	Stable Disease	Macte_animo_Generose_puer_sic_itur_ad_astra
targeted_therapy	CTDC-PARTICIPANT-361715	CTDC-TARGETED-THERAPY-196303	scientiae_et_patriae	pace_tua	scientia_et_labor	haec_olim_meminisse_iuvabit	657	240	Unknown	nanos_gigantum_humeris_insidentes
targeted_therapy	CTDC-PARTICIPANT-413496	CTDC-TARGETED-THERAPY-811221	scientiae_et_patriae	scientia_et_sapientia	id_quod_plerumque_accidit	salus_in_arduis	177	662	Too Early	a_bene_placito
targeted_therapy	CTDC-PARTICIPANT-413496	CTDC-TARGETED-THERAPY-725340	scientia_et_labor	barba_crescit_caput_nescit	barba_crescit_caput_nescit	cacatum_non_est_pictum	265	294	Unknown	scientia_et_sapientia
targeted_therapy	CTDC-PARTICIPANT-313976	CTDC-TARGETED-THERAPY-151753	haec_olim_meminisse_iuvabit	scientia,_aere_perennius	scientia_et_labor	sapiens_qui_prospicit	218	469	Unknown	labor_ipse_voluptas
targeted_therapy	CTDC-PARTICIPANT-313976	CTDC-TARGETED-THERAPY-316360	imperium_in_imperio	faber_est_suae_quisque_fortunae	cacatum_non_est_pictum	saltus_in_demonstrando	465	660	Not Assessed	imperium_in_imperio
targeted_therapy	CTDC-PARTICIPANT-181398	CTDC-TARGETED-THERAPY-472389	a_bene_placito	scientia_imperii_decus_et_tutamen	e_causa_ignota	labor_ipse_voluptas	802	955	Progressive Disease	scientiae_cedit_mare
targeted_therapy	CTDC-PARTICIPANT-181398	CTDC-TARGETED-THERAPY-273860	pace_tua	nascentes_morimur_finisque_ab_origine_pendet	scientia_et_labor	scientiae_cedit_mare	420	243	Stable Disease	scientiae_cedit_mare
targeted_therapy	CTDC-PARTICIPANT-541713	CTDC-TARGETED-THERAPY-815649	scientia_imperii_decus_et_tutamen	scientia_et_sapientia	nanos_gigantum_humeris_insidentes	salus_in_arduis	18	821	Not Assessed	scientia,_aere_perennius
targeted_therapy	CTDC-PARTICIPANT-541713	CTDC-TARGETED-THERAPY-556919	Macte_animo_Generose_puer_sic_itur_ad_astra	imperium_in_imperio	nascentes_morimur_finisque_ab_origine_pendet	O_Tite_tute_Tati_tibi_tanta_tyranne_tulisti	652	305	Partial Response	id_quod_plerumque_accidit
targeted_therapy	CTDC-PARTICIPANT-375128	CTDC-TARGETED-THERAPY-687781	pace_tua	Macte_animo_Generose_puer_sic_itur_ad_astra	faber_est_suae_quisque_fortunae	id_quod_plerumque_accidit	736	631	Not Assessed	e_causa_ignota
targeted_therapy	CTDC-PARTICIPANT-375128	CTDC-TARGETED-THERAPY-946703	scientia,_aere_perennius	O_Tite_tute_Tati_tibi_tanta_tyranne_tulisti	e_causa_ignota	O_Tite_tute_Tati_tibi_tanta_tyranne_tulisti	825	514	Unknown	imperium_in_imperio
targeted_therapy	CTDC-PARTICIPANT-935764	CTDC-TARGETED-THERAPY-976249	haec_olim_meminisse_iuvabit	id_quod_plerumque_accidit	scientiae_et_patriae	pace_tua	118	889	Unknown	scientia_et_labor
targeted_therapy	CTDC-PARTICIPANT-935764	CTDC-TARGETED-THERAPY-414618	scientia_et_labor	Macte_animo_Generose_puer_sic_itur_ad_astra	labor_ipse_voluptas	sapiens_qui_prospicit	765	961	Unknown	scientia_imperii_decus_et_tutamen
targeted_therapy	CTDC-PARTICIPANT-642396	CTDC-TARGETED-THERAPY-981416	a_bene_placito	a_bene_placito	barba_crescit_caput_nescit	O_Tite_tute_Tati_tibi_tanta_tyranne_tulisti	804	741	Progressive Disease	scientiae_et_patriae
targeted_therapy	CTDC-PARTICIPANT-642396	CTDC-TARGETED-THERAPY-500853	O_Tite_tute_Tati_tibi_tanta_tyranne_tulisti	e_causa_ignota	e_causa_ignota	scientia_et_sapientia	20	313	Stable Disease	Obedientia_civium_urbis_felicitas
targeted_therapy	CTDC-PARTICIPANT-965342	CTDC-TARGETED-THERAPY-946567	O_Tite_tute_Tati_tibi_tanta_tyranne_tulisti	scientia_imperii_decus_et_tutamen	nanos_gigantum_humeris_insidentes	imperium_in_imperio	977	975	Not Evaluable	Obedientia_civium_urbis_felicitas
targeted_therapy	CTDC-PARTICIPANT-965342	CTDC-TARGETED-THERAPY-398463	nascentes_morimur_finisque_ab_origine_pendet	labor_ipse_voluptas	barba_crescit_caput_nescit	barba_crescit_caput_nescit	429	947	Complete Response	damnant_quod_non_intellegunt
targeted_therapy	CTDC-PARTICIPANT-515838	CTDC-TARGETED-THERAPY-490571	barba_crescit_caput_nescit	labor_ipse_voluptas	scientia_et_labor	scientiae_cedit_mare	322	777	Complete Response	faber_est_suae_quisque_fortunae
targeted_therapy	CTDC-PARTICIPANT-515838	CTDC-TARGETED-THERAPY-500759	nanos_gigantum_humeris_insidentes	Gallia_est_omnis_divisa_in_partes_tres	a_bene_placito	cacatum_non_est_pictum	127	920	Not Evaluable	sapiens_qui_prospicit
targeted_therapy	CTDC-PARTICIPANT-246630	CTDC-TARGETED-THERAPY-897243	scientia_imperii_decus_et_tutamen	id_quod_plerumque_accidit	nascentes_morimur_finisque_ab_origine_pendet	nanos_gigantum_humeris_insidentes	38	263	Not Assessed	haec_olim_meminisse_iuvabit
targeted_therapy	CTDC-PARTICIPANT-246630	CTDC-TARGETED-THERAPY-955666	scientia_et_labor	scientiae_cedit_mare	barba_crescit_caput_nescit	O_Tite_tute_Tati_tibi_tanta_tyranne_tulisti	675	129	Not Assessed	pace_tua
targeted_therapy	CTDC-PARTICIPANT-914906	CTDC-TARGETED-THERAPY-920070	e_causa_ignota	scientia,_aere_perennius	damnant_quod_non_intellegunt	scientia_imperii_decus_et_tutamen	121	875	Unknown	barba_crescit_caput_nescit
targeted_therapy	CTDC-PARTICIPANT-914906	CTDC-TARGETED-THERAPY-561083	cacatum_non_est_pictum	Macte_animo_Generose_puer_sic_itur_ad_astra	damnant_quod_non_intellegunt	scientiae_cedit_mare	220	174	Too Early	haec_olim_meminisse_iuvabit
targeted_therapy	CTDC-PARTICIPANT-996697	CTDC-TARGETED-THERAPY-820916	scientia_imperii_decus_et_tutamen	faber_est_suae_quisque_fortunae	faber_est_suae_quisque_fortunae	cacatum_non_est_pictum	762	850	Not Evaluable	Obedientia_civium_urbis_felicitas
targeted_therapy	CTDC-PARTICIPANT-996697	CTDC-TARGETED-THERAPY-657514	faber_est_suae_quisque_fortunae	cacatum_non_est_pictum	Obedientia_civium_urbis_felicitas	pace_tua	306	86	Stable Disease	salus_in_arduis
targeted_therapy	CTDC-PARTICIPANT-990858	CTDC-TARGETED-THERAPY-849398	Gallia_est_omnis_divisa_in_partes_tres	haec_olim_meminisse_iuvabit	faber_est_suae_quisque_fortunae	cacatum_non_est_pictum	235	951	Stable Disease	labor_ipse_voluptas
targeted_therapy	CTDC-PARTICIPANT-990858	CTDC-TARGETED-THERAPY-246298	O_Tite_tute_Tati_tibi_tanta_tyranne_tulisti	salus_in_arduis	id_quod_plerumque_accidit	e_causa_ignota	871	34	Not Assessed	scientia_imperii_decus_et_tutamen
targeted_therapy	CTDC-PARTICIPANT-311756	CTDC-TARGETED-THERAPY-659369	damnant_quod_non_intellegunt	cacatum_non_est_pictum	scientia_et_labor	scientia_imperii_decus_et_tutamen	714	333	Less than partial response	scientia,_aere_perennius
targeted_therapy	CTDC-PARTICIPANT-311756	CTDC-TARGETED-THERAPY-232416	barba_crescit_caput_nescit	id_quod_plerumque_accidit	scientiae_et_patriae	barba_crescit_caput_nescit	242	463	Not Evaluable	id_quod_plerumque_accidit
targeted_therapy	CTDC-PARTICIPANT-998159	CTDC-TARGETED-THERAPY-604653	O_Tite_tute_Tati_tibi_tanta_tyranne_tulisti	O_Tite_tute_Tati_tibi_tanta_tyranne_tulisti	sapiens_qui_prospicit	faber_est_suae_quisque_fortunae	648	287	Progressive Disease	Macte_animo_Generose_puer_sic_itur_ad_astra
targeted_therapy	CTDC-PARTICIPANT-998159	CTDC-TARGETED-THERAPY-981476	scientia_et_labor	Macte_animo_Generose_puer_sic_itur_ad_astra	saltus_in_demonstrando	cacatum_non_est_pictum	560	693	Unknown	cacatum_non_est_pictum
targeted_therapy	CTDC-PARTICIPANT-619107	CTDC-TARGETED-THERAPY-107671	Macte_animo_Generose_puer_sic_itur_ad_astra	scientia_et_labor	id_quod_plerumque_accidit	nascentes_morimur_finisque_ab_origine_pendet	636	843	Stable Disease	labor_ipse_voluptas
targeted_therapy	CTDC-PARTICIPANT-619107	CTDC-TARGETED-THERAPY-373213	scientiae_et_patriae	Obedientia_civium_urbis_felicitas	cacatum_non_est_pictum	pace_tua	598	758	Stable Disease	haec_olim_meminisse_iuvabit
targeted_therapy	CTDC-PARTICIPANT-967168	CTDC-TARGETED-THERAPY-859930	sapiens_qui_prospicit	haec_olim_meminisse_iuvabit	sapiens_qui_prospicit	sapiens_qui_prospicit	925	953	Complete Response	id_quod_plerumque_accidit
targeted_therapy	CTDC-PARTICIPANT-967168	CTDC-TARGETED-THERAPY-273955	Macte_animo_Generose_puer_sic_itur_ad_astra	salus_in_arduis	e_causa_ignota	imperium_in_imperio	330	456	Complete Response	nascentes_morimur_finisque_ab_origine_pendet
targeted_therapy	CTDC-PARTICIPANT-459821	CTDC-TARGETED-THERAPY-310280	barba_crescit_caput_nescit	salus_in_arduis	scientia_imperii_decus_et_tutamen	pace_tua	928	420	Less than partial response	saltus_in_demonstrando
targeted_therapy	CTDC-PARTICIPANT-459821	CTDC-TARGETED-THERAPY-349339	scientia,_aere_perennius	O_Tite_tute_Tati_tibi_tanta_tyranne_tulisti	scientia_imperii_decus_et_tutamen	Gallia_est_omnis_divisa_in_partes_tres	12	116	Not Assessed	O_Tite_tute_Tati_tibi_tanta_tyranne_tulisti
targeted_therapy	CTDC-PARTICIPANT-828023	CTDC-TARGETED-THERAPY-368125	nascentes_morimur_finisque_ab_origine_pendet	nascentes_morimur_finisque_ab_origine_pendet	scientia,_aere_perennius	salus_in_arduis	144	911	Partial Response	scientia,_aere_perennius
targeted_therapy	CTDC-PARTICIPANT-828023	CTDC-TARGETED-THERAPY-829798	faber_est_suae_quisque_fortunae	scientia_imperii_decus_et_tutamen	barba_crescit_caput_nescit	nanos_gigantum_humeris_insidentes	577	137	Less than partial response	e_causa_ignota
targeted_therapy	CTDC-PARTICIPANT-712034	CTDC-TARGETED-THERAPY-618477	faber_est_suae_quisque_fortunae	Macte_animo_Generose_puer_sic_itur_ad_astra	scientia_et_sapientia	imperium_in_imperio	337	423	Unknown	sapiens_qui_prospicit
targeted_therapy	CTDC-PARTICIPANT-712034	CTDC-TARGETED-THERAPY-946691	faber_est_suae_quisque_fortunae	O_Tite_tute_Tati_tibi_tanta_tyranne_tulisti	Gallia_est_omnis_divisa_in_partes_tres	scientia,_aere_perennius	507	846	Progressive Disease	scientiae_cedit_mare
targeted_therapy	CTDC-PARTICIPANT-462972	CTDC-TARGETED-THERAPY-499863	salus_in_arduis	faber_est_suae_quisque_fortunae	scientia,_aere_perennius	scientia_imperii_decus_et_tutamen	573	867	Partial Response	a_bene_placito
targeted_therapy	CTDC-PARTICIPANT-462972	CTDC-TARGETED-THERAPY-296509	haec_olim_meminisse_iuvabit	sapiens_qui_prospicit	scientiae_et_patriae	faber_est_suae_quisque_fortunae	388	829	Complete Response	cacatum_non_est_pictum
targeted_therapy	CTDC-PARTICIPANT-312749	CTDC-TARGETED-THERAPY-745673	Gallia_est_omnis_divisa_in_partes_tres	sapiens_qui_prospicit	damnant_quod_non_intellegunt	damnant_quod_non_intellegunt	488	482	Not Evaluable	O_Tite_tute_Tati_tibi_tanta_tyranne_tulisti
targeted_therapy	CTDC-PARTICIPANT-312749	CTDC-TARGETED-THERAPY-349762	cacatum_non_est_pictum	scientiae_et_patriae	Macte_animo_Generose_puer_sic_itur_ad_astra	barba_crescit_caput_nescit	391	431	Stable Disease	e_causa_ignota
targeted_therapy	CTDC-PARTICIPANT-990328	CTDC-TARGETED-THERAPY-759507	a_bene_placito	labor_ipse_voluptas	saltus_in_demonstrando	O_Tite_tute_Tati_tibi_tanta_tyranne_tulisti	665	593	Not Assessed	barba_crescit_caput_nescit
targeted_therapy	CTDC-PARTICIPANT-990328	CTDC-TARGETED-THERAPY-450701	a_bene_placito	sapiens_qui_prospicit	e_causa_ignota	faber_est_suae_quisque_fortunae	316	814	Less than partial response	O_Tite_tute_Tati_tibi_tanta_tyranne_tulisti
targeted_therapy	CTDC-PARTICIPANT-310032	CTDC-TARGETED-THERAPY-725549	scientia_et_sapientia	labor_ipse_voluptas	sapiens_qui_prospicit	e_causa_ignota	312	429	Progressive Disease	id_quod_plerumque_accidit
targeted_therapy	CTDC-PARTICIPANT-310032	CTDC-TARGETED-THERAPY-996850	Macte_animo_Generose_puer_sic_itur_ad_astra	labor_ipse_voluptas	nanos_gigantum_humeris_insidentes	faber_est_suae_quisque_fortunae	514	682	Less than partial response	scientiae_cedit_mare
targeted_therapy	CTDC-PARTICIPANT-454476	CTDC-TARGETED-THERAPY-984785	damnant_quod_non_intellegunt	scientiae_cedit_mare	scientia_imperii_decus_et_tutamen	scientia_imperii_decus_et_tutamen	639	599	Less than partial response	nanos_gigantum_humeris_insidentes
targeted_therapy	CTDC-PARTICIPANT-454476	CTDC-TARGETED-THERAPY-656168	labor_ipse_voluptas	cacatum_non_est_pictum	haec_olim_meminisse_iuvabit	scientiae_et_patriae	678	540	Progressive Disease	scientia_et_sapientia
targeted_therapy	CTDC-PARTICIPANT-647057	CTDC-TARGETED-THERAPY-432801	nanos_gigantum_humeris_insidentes	scientiae_et_patriae	labor_ipse_voluptas	damnant_quod_non_intellegunt	652	272	Partial Response	id_quod_plerumque_accidit
targeted_therapy	CTDC-PARTICIPANT-647057	CTDC-TARGETED-THERAPY-612428	scientia_et_labor	faber_est_suae_quisque_fortunae	damnant_quod_non_intellegunt	scientiae_et_patriae	172	616	Partial Response	scientiae_et_patriae
targeted_therapy	CTDC-PARTICIPANT-732783	CTDC-TARGETED-THERAPY-968615	id_quod_plerumque_accidit	scientiae_et_patriae	nascentes_morimur_finisque_ab_origine_pendet	sapiens_qui_prospicit	964	815	Stable Disease	sapiens_qui_prospicit
targeted_therapy	CTDC-PARTICIPANT-732783	CTDC-TARGETED-THERAPY-765847	id_quod_plerumque_accidit	a_bene_placito	scientia_et_labor	barba_crescit_caput_nescit	377	845	Unknown	scientia,_aere_perennius
targeted_therapy	CTDC-PARTICIPANT-647189	CTDC-TARGETED-THERAPY-292705	id_quod_plerumque_accidit	haec_olim_meminisse_iuvabit	a_bene_placito	Gallia_est_omnis_divisa_in_partes_tres	332	972	Too Early	labor_ipse_voluptas
targeted_therapy	CTDC-PARTICIPANT-647189	CTDC-TARGETED-THERAPY-557490	e_causa_ignota	O_Tite_tute_Tati_tibi_tanta_tyranne_tulisti	damnant_quod_non_intellegunt	scientiae_cedit_mare	306	964	Stable Disease	nascentes_morimur_finisque_ab_origine_pendet
targeted_therapy	CTDC-PARTICIPANT-676963	CTDC-TARGETED-THERAPY-636761	scientia,_aere_perennius	pace_tua	labor_ipse_voluptas	cacatum_non_est_pictum	580	577	Less than partial response	cacatum_non_est_pictum
targeted_therapy	CTDC-PARTICIPANT-676963	CTDC-TARGETED-THERAPY-351714	scientia_imperii_decus_et_tutamen	Obedientia_civium_urbis_felicitas	labor_ipse_voluptas	cacatum_non_est_pictum	750	647	Partial Response	nascentes_morimur_finisque_ab_origine_pendet
targeted_therapy	CTDC-PARTICIPANT-971299	CTDC-TARGETED-THERAPY-942871	faber_est_suae_quisque_fortunae	damnant_quod_non_intellegunt	scientia,_aere_perennius	faber_est_suae_quisque_fortunae	204	817	Complete Response	scientia_et_sapientia
targeted_therapy	CTDC-PARTICIPANT-971299	CTDC-TARGETED-THERAPY-188661	nascentes_morimur_finisque_ab_origine_pendet	salus_in_arduis	Gallia_est_omnis_divisa_in_partes_tres	scientiae_et_patriae	283	438	Less than partial response	saltus_in_demonstrando
targeted_therapy	CTDC-PARTICIPANT-888011	CTDC-TARGETED-THERAPY-941437	cacatum_non_est_pictum	sapiens_qui_prospicit	scientiae_cedit_mare	labor_ipse_voluptas	79	278	Partial Response	scientia,_aere_perennius
targeted_therapy	CTDC-PARTICIPANT-888011	CTDC-TARGETED-THERAPY-128654	scientia_et_sapientia	scientiae_et_patriae	scientia_et_labor	id_quod_plerumque_accidit	557	170	Stable Disease	barba_crescit_caput_nescit
targeted_therapy	CTDC-PARTICIPANT-836519	CTDC-TARGETED-THERAPY-443136	sapiens_qui_prospicit	O_Tite_tute_Tati_tibi_tanta_tyranne_tulisti	cacatum_non_est_pictum	O_Tite_tute_Tati_tibi_tanta_tyranne_tulisti	734	391	Not Evaluable	scientiae_cedit_mare
targeted_therapy	CTDC-PARTICIPANT-836519	CTDC-TARGETED-THERAPY-177773	cacatum_non_est_pictum	imperium_in_imperio	Gallia_est_omnis_divisa_in_partes_tres	damnant_quod_non_intellegunt	600	973	Stable Disease	haec_olim_meminisse_iuvabit
targeted_therapy	CTDC-PARTICIPANT-699815	CTDC-TARGETED-THERAPY-768114	scientiae_cedit_mare	scientiae_cedit_mare	scientiae_et_patriae	imperium_in_imperio	252	753	Not Assessed	Gallia_est_omnis_divisa_in_partes_tres
targeted_therapy	CTDC-PARTICIPANT-699815	CTDC-TARGETED-THERAPY-679827	damnant_quod_non_intellegunt	nascentes_morimur_finisque_ab_origine_pendet	scientia_et_labor	scientia_et_sapientia	616	802	Progressive Disease	id_quod_plerumque_accidit
targeted_therapy	CTDC-PARTICIPANT-184105	CTDC-TARGETED-THERAPY-910029	Obedientia_civium_urbis_felicitas	scientia_et_sapientia	faber_est_suae_quisque_fortunae	faber_est_suae_quisque_fortunae	854	720	Progressive Disease	id_quod_plerumque_accidit
targeted_therapy	CTDC-PARTICIPANT-184105	CTDC-TARGETED-THERAPY-990962	scientia,_aere_perennius	saltus_in_demonstrando	pace_tua	scientiae_et_patriae	762	314	Complete Response	nanos_gigantum_humeris_insidentes
targeted_therapy	CTDC-PARTICIPANT-698815	CTDC-TARGETED-THERAPY-421887	labor_ipse_voluptas	e_causa_ignota	faber_est_suae_quisque_fortunae	Gallia_est_omnis_divisa_in_partes_tres	280	688	Not Assessed	scientiae_cedit_mare
targeted_therapy	CTDC-PARTICIPANT-698815	CTDC-TARGETED-THERAPY-268960	scientia,_aere_perennius	nanos_gigantum_humeris_insidentes	scientia_et_labor	scientiae_et_patriae	673	868	Not Assessed	scientia,_aere_perennius
targeted_therapy	CTDC-PARTICIPANT-882747	CTDC-TARGETED-THERAPY-719901	faber_est_suae_quisque_fortunae	saltus_in_demonstrando	a_bene_placito	saltus_in_demonstrando	677	804	Stable Disease	imperium_in_imperio
targeted_therapy	CTDC-PARTICIPANT-882747	CTDC-TARGETED-THERAPY-269623	barba_crescit_caput_nescit	damnant_quod_non_intellegunt	sapiens_qui_prospicit	sapiens_qui_prospicit	516	349	Less than partial response	labor_ipse_voluptas
targeted_therapy	CTDC-PARTICIPANT-786561	CTDC-TARGETED-THERAPY-371361	salus_in_arduis	O_Tite_tute_Tati_tibi_tanta_tyranne_tulisti	saltus_in_demonstrando	scientia_et_labor	699	497	Unknown	barba_crescit_caput_nescit
targeted_therapy	CTDC-PARTICIPANT-786561	CTDC-TARGETED-THERAPY-108549	scientia_et_labor	imperium_in_imperio	scientia_et_sapientia	id_quod_plerumque_accidit	549	308	Less than partial response	Gallia_est_omnis_divisa_in_partes_tres
targeted_therapy	CTDC-PARTICIPANT-867798	CTDC-TARGETED-THERAPY-628457	Obedientia_civium_urbis_felicitas	faber_est_suae_quisque_fortunae	scientiae_cedit_mare	scientia_et_sapientia	798	102	Progressive Disease	a_bene_placito
targeted_therapy	CTDC-PARTICIPANT-867798	CTDC-TARGETED-THERAPY-829400	nanos_gigantum_humeris_insidentes	haec_olim_meminisse_iuvabit	id_quod_plerumque_accidit	id_quod_plerumque_accidit	52	716	Not Evaluable	cacatum_non_est_pictum
targeted_therapy	CTDC-PARTICIPANT-392396	CTDC-TARGETED-THERAPY-435145	pace_tua	scientiae_et_patriae	barba_crescit_caput_nescit	barba_crescit_caput_nescit	492	312	Not Evaluable	O_Tite_tute_Tati_tibi_tanta_tyranne_tulisti
targeted_therapy	CTDC-PARTICIPANT-392396	CTDC-TARGETED-THERAPY-865326	Obedientia_civium_urbis_felicitas	faber_est_suae_quisque_fortunae	imperium_in_imperio	Gallia_est_omnis_divisa_in_partes_tres	51	935	Unknown	scientiae_cedit_mare
