type	participant.participant_id	targeted_therapy_record_id	targeted_therapy	targeted_therapy_dose	targeted_therapy_dose_units	targeted_therapy_frequency	targeted_therapy_start_date	targeted_therapy_end_date	best_response_to_targeted_therapy	crdc_id
targeted_therapy	CTDC-PARTICIPANT-641111	CTDC-TARGETED-THERAPY-244205	faber_est_suae_quisque_fortunae	scientia_imperii_decus_et_tutamen	nascentes_morimur_finisque_ab_origine_pendet	sapiens_qui_prospicit	23	623	Complete Response	scientia_et_sapientia
targeted_therapy	CTDC-PARTICIPANT-641111	CTDC-TARGETED-THERAPY-905067	O_Tite_tute_Tati_tibi_tanta_tyranne_tulisti	scientia_et_labor	scientia,_aere_perennius	nanos_gigantum_humeris_insidentes	865	313	Not Evaluable	cacatum_non_est_pictum
targeted_therapy	CTDC-PARTICIPANT-429411	CTDC-TARGETED-THERAPY-440668	Macte_animo_Generose_puer_sic_itur_ad_astra	scientiae_et_patriae	Gallia_est_omnis_divisa_in_partes_tres	labor_ipse_voluptas	812	185	Less than partial response	pace_tua
targeted_therapy	CTDC-PARTICIPANT-429411	CTDC-TARGETED-THERAPY-640738	pace_tua	haec_olim_meminisse_iuvabit	scientia_imperii_decus_et_tutamen	scientia,_aere_perennius	557	244	Too Early	Obedientia_civium_urbis_felicitas
targeted_therapy	CTDC-PARTICIPANT-209642	CTDC-TARGETED-THERAPY-833495	nascentes_morimur_finisque_ab_origine_pendet	scientiae_cedit_mare	Gallia_est_omnis_divisa_in_partes_tres	nanos_gigantum_humeris_insidentes	761	754	Partial Response	haec_olim_meminisse_iuvabit
targeted_therapy	CTDC-PARTICIPANT-209642	CTDC-TARGETED-THERAPY-872451	e_causa_ignota	nanos_gigantum_humeris_insidentes	scientiae_et_patriae	scientia_et_sapientia	200	190	Less than partial response	cacatum_non_est_pictum
targeted_therapy	CTDC-PARTICIPANT-482694	CTDC-TARGETED-THERAPY-881094	Obedientia_civium_urbis_felicitas	O_Tite_tute_Tati_tibi_tanta_tyranne_tulisti	haec_olim_meminisse_iuvabit	e_causa_ignota	386	746	Unknown	O_Tite_tute_Tati_tibi_tanta_tyranne_tulisti
targeted_therapy	CTDC-PARTICIPANT-482694	CTDC-TARGETED-THERAPY-913809	barba_crescit_caput_nescit	Obedientia_civium_urbis_felicitas	labor_ipse_voluptas	a_bene_placito	713	823	Complete Response	scientiae_et_patriae
targeted_therapy	CTDC-PARTICIPANT-301326	CTDC-TARGETED-THERAPY-227730	scientia_et_labor	nascentes_morimur_finisque_ab_origine_pendet	nascentes_morimur_finisque_ab_origine_pendet	sapiens_qui_prospicit	582	719	Complete Response	faber_est_suae_quisque_fortunae
targeted_therapy	CTDC-PARTICIPANT-301326	CTDC-TARGETED-THERAPY-261546	sapiens_qui_prospicit	labor_ipse_voluptas	Obedientia_civium_urbis_felicitas	nanos_gigantum_humeris_insidentes	572	170	Not Evaluable	Gallia_est_omnis_divisa_in_partes_tres
targeted_therapy	CTDC-PARTICIPANT-449539	CTDC-TARGETED-THERAPY-783582	faber_est_suae_quisque_fortunae	scientia_imperii_decus_et_tutamen	barba_crescit_caput_nescit	barba_crescit_caput_nescit	714	818	Not Assessed	saltus_in_demonstrando
targeted_therapy	CTDC-PARTICIPANT-449539	CTDC-TARGETED-THERAPY-621476	O_Tite_tute_Tati_tibi_tanta_tyranne_tulisti	scientia_imperii_decus_et_tutamen	Macte_animo_Generose_puer_sic_itur_ad_astra	scientia_et_labor	418	68	Stable Disease	scientiae_cedit_mare
targeted_therapy	CTDC-PARTICIPANT-340275	CTDC-TARGETED-THERAPY-372690	scientiae_cedit_mare	a_bene_placito	nascentes_morimur_finisque_ab_origine_pendet	id_quod_plerumque_accidit	51	850	Progressive Disease	damnant_quod_non_intellegunt
targeted_therapy	CTDC-PARTICIPANT-340275	CTDC-TARGETED-THERAPY-800938	faber_est_suae_quisque_fortunae	barba_crescit_caput_nescit	nascentes_morimur_finisque_ab_origine_pendet	scientia_imperii_decus_et_tutamen	438	697	Stable Disease	e_causa_ignota
targeted_therapy	CTDC-PARTICIPANT-198783	CTDC-TARGETED-THERAPY-992486	id_quod_plerumque_accidit	Macte_animo_Generose_puer_sic_itur_ad_astra	Macte_animo_Generose_puer_sic_itur_ad_astra	faber_est_suae_quisque_fortunae	893	486	Not Assessed	imperium_in_imperio
targeted_therapy	CTDC-PARTICIPANT-198783	CTDC-TARGETED-THERAPY-458762	cacatum_non_est_pictum	scientia_imperii_decus_et_tutamen	scientia_et_sapientia	sapiens_qui_prospicit	776	810	Not Evaluable	saltus_in_demonstrando
targeted_therapy	CTDC-PARTICIPANT-786373	CTDC-TARGETED-THERAPY-846516	Gallia_est_omnis_divisa_in_partes_tres	pace_tua	imperium_in_imperio	O_Tite_tute_Tati_tibi_tanta_tyranne_tulisti	174	122	Too Early	faber_est_suae_quisque_fortunae
targeted_therapy	CTDC-PARTICIPANT-786373	CTDC-TARGETED-THERAPY-645552	saltus_in_demonstrando	salus_in_arduis	pace_tua	O_Tite_tute_Tati_tibi_tanta_tyranne_tulisti	944	541	Progressive Disease	scientia_et_sapientia
targeted_therapy	CTDC-PARTICIPANT-791713	CTDC-TARGETED-THERAPY-286544	damnant_quod_non_intellegunt	Obedientia_civium_urbis_felicitas	pace_tua	imperium_in_imperio	20	958	Less than partial response	Macte_animo_Generose_puer_sic_itur_ad_astra
targeted_therapy	CTDC-PARTICIPANT-791713	CTDC-TARGETED-THERAPY-916093	scientia_et_labor	Gallia_est_omnis_divisa_in_partes_tres	scientiae_cedit_mare	nanos_gigantum_humeris_insidentes	418	719	Progressive Disease	haec_olim_meminisse_iuvabit
targeted_therapy	CTDC-PARTICIPANT-671238	CTDC-TARGETED-THERAPY-385256	salus_in_arduis	salus_in_arduis	nascentes_morimur_finisque_ab_origine_pendet	sapiens_qui_prospicit	66	986	Complete Response	scientiae_cedit_mare
targeted_therapy	CTDC-PARTICIPANT-671238	CTDC-TARGETED-THERAPY-811377	id_quod_plerumque_accidit	barba_crescit_caput_nescit	labor_ipse_voluptas	scientia,_aere_perennius	97	424	Less than partial response	nanos_gigantum_humeris_insidentes
targeted_therapy	CTDC-PARTICIPANT-371594	CTDC-TARGETED-THERAPY-207023	cacatum_non_est_pictum	damnant_quod_non_intellegunt	scientia_et_sapientia	imperium_in_imperio	420	48	Partial Response	a_bene_placito
targeted_therapy	CTDC-PARTICIPANT-371594	CTDC-TARGETED-THERAPY-984256	salus_in_arduis	scientia_et_sapientia	imperium_in_imperio	barba_crescit_caput_nescit	100	939	Complete Response	Obedientia_civium_urbis_felicitas
targeted_therapy	CTDC-PARTICIPANT-584849	CTDC-TARGETED-THERAPY-217126	imperium_in_imperio	haec_olim_meminisse_iuvabit	nascentes_morimur_finisque_ab_origine_pendet	labor_ipse_voluptas	36	196	Too Early	salus_in_arduis
targeted_therapy	CTDC-PARTICIPANT-584849	CTDC-TARGETED-THERAPY-752904	scientia_et_sapientia	sapiens_qui_prospicit	O_Tite_tute_Tati_tibi_tanta_tyranne_tulisti	scientia,_aere_perennius	980	133	Less than partial response	id_quod_plerumque_accidit
targeted_therapy	CTDC-PARTICIPANT-513457	CTDC-TARGETED-THERAPY-790134	scientia_et_labor	Macte_animo_Generose_puer_sic_itur_ad_astra	sapiens_qui_prospicit	damnant_quod_non_intellegunt	984	227	Unknown	saltus_in_demonstrando
targeted_therapy	CTDC-PARTICIPANT-513457	CTDC-TARGETED-THERAPY-434752	haec_olim_meminisse_iuvabit	barba_crescit_caput_nescit	scientia_et_labor	faber_est_suae_quisque_fortunae	378	612	Complete Response	nanos_gigantum_humeris_insidentes
targeted_therapy	CTDC-PARTICIPANT-286805	CTDC-TARGETED-THERAPY-103762	faber_est_suae_quisque_fortunae	O_Tite_tute_Tati_tibi_tanta_tyranne_tulisti	labor_ipse_voluptas	scientia,_aere_perennius	59	328	Not Assessed	scientia,_aere_perennius
targeted_therapy	CTDC-PARTICIPANT-286805	CTDC-TARGETED-THERAPY-154846	faber_est_suae_quisque_fortunae	a_bene_placito	nanos_gigantum_humeris_insidentes	pace_tua	479	168	Stable Disease	scientia_et_labor
targeted_therapy	CTDC-PARTICIPANT-360661	CTDC-TARGETED-THERAPY-211196	salus_in_arduis	salus_in_arduis	pace_tua	damnant_quod_non_intellegunt	604	949	Too Early	O_Tite_tute_Tati_tibi_tanta_tyranne_tulisti
targeted_therapy	CTDC-PARTICIPANT-360661	CTDC-TARGETED-THERAPY-988943	scientia,_aere_perennius	haec_olim_meminisse_iuvabit	e_causa_ignota	salus_in_arduis	910	423	Progressive Disease	Macte_animo_Generose_puer_sic_itur_ad_astra
targeted_therapy	CTDC-PARTICIPANT-208381	CTDC-TARGETED-THERAPY-865913	nascentes_morimur_finisque_ab_origine_pendet	id_quod_plerumque_accidit	Gallia_est_omnis_divisa_in_partes_tres	scientia_et_sapientia	195	402	Not Evaluable	Obedientia_civium_urbis_felicitas
targeted_therapy	CTDC-PARTICIPANT-208381	CTDC-TARGETED-THERAPY-729221	cacatum_non_est_pictum	e_causa_ignota	sapiens_qui_prospicit	labor_ipse_voluptas	768	265	Less than partial response	damnant_quod_non_intellegunt
targeted_therapy	CTDC-PARTICIPANT-149549	CTDC-TARGETED-THERAPY-830991	e_causa_ignota	haec_olim_meminisse_iuvabit	scientia_imperii_decus_et_tutamen	a_bene_placito	875	895	Progressive Disease	Gallia_est_omnis_divisa_in_partes_tres
targeted_therapy	CTDC-PARTICIPANT-149549	CTDC-TARGETED-THERAPY-399575	cacatum_non_est_pictum	haec_olim_meminisse_iuvabit	cacatum_non_est_pictum	labor_ipse_voluptas	711	706	Unknown	scientia_imperii_decus_et_tutamen
targeted_therapy	CTDC-PARTICIPANT-607722	CTDC-TARGETED-THERAPY-313045	labor_ipse_voluptas	a_bene_placito	e_causa_ignota	haec_olim_meminisse_iuvabit	29	613	Complete Response	scientiae_et_patriae
targeted_therapy	CTDC-PARTICIPANT-607722	CTDC-TARGETED-THERAPY-230254	Gallia_est_omnis_divisa_in_partes_tres	pace_tua	scientiae_et_patriae	O_Tite_tute_Tati_tibi_tanta_tyranne_tulisti	319	473	Partial Response	scientia_et_sapientia
targeted_therapy	CTDC-PARTICIPANT-968052	CTDC-TARGETED-THERAPY-444317	nascentes_morimur_finisque_ab_origine_pendet	O_Tite_tute_Tati_tibi_tanta_tyranne_tulisti	scientia_et_labor	nanos_gigantum_humeris_insidentes	270	130	Not Evaluable	saltus_in_demonstrando
targeted_therapy	CTDC-PARTICIPANT-968052	CTDC-TARGETED-THERAPY-979607	faber_est_suae_quisque_fortunae	sapiens_qui_prospicit	barba_crescit_caput_nescit	scientiae_et_patriae	415	57	Unknown	id_quod_plerumque_accidit
targeted_therapy	CTDC-PARTICIPANT-273892	CTDC-TARGETED-THERAPY-366409	saltus_in_demonstrando	nascentes_morimur_finisque_ab_origine_pendet	salus_in_arduis	id_quod_plerumque_accidit	417	696	Partial Response	nanos_gigantum_humeris_insidentes
targeted_therapy	CTDC-PARTICIPANT-273892	CTDC-TARGETED-THERAPY-887752	barba_crescit_caput_nescit	cacatum_non_est_pictum	id_quod_plerumque_accidit	sapiens_qui_prospicit	399	26	Progressive Disease	scientia_et_labor
targeted_therapy	CTDC-PARTICIPANT-599675	CTDC-TARGETED-THERAPY-585771	labor_ipse_voluptas	saltus_in_demonstrando	Gallia_est_omnis_divisa_in_partes_tres	barba_crescit_caput_nescit	552	276	Not Assessed	scientiae_cedit_mare
targeted_therapy	CTDC-PARTICIPANT-599675	CTDC-TARGETED-THERAPY-715414	imperium_in_imperio	scientia_et_sapientia	faber_est_suae_quisque_fortunae	imperium_in_imperio	252	879	Partial Response	cacatum_non_est_pictum
targeted_therapy	CTDC-PARTICIPANT-389190	CTDC-TARGETED-THERAPY-352814	sapiens_qui_prospicit	pace_tua	barba_crescit_caput_nescit	nanos_gigantum_humeris_insidentes	797	474	Too Early	O_Tite_tute_Tati_tibi_tanta_tyranne_tulisti
targeted_therapy	CTDC-PARTICIPANT-389190	CTDC-TARGETED-THERAPY-969721	scientiae_et_patriae	imperium_in_imperio	Macte_animo_Generose_puer_sic_itur_ad_astra	a_bene_placito	138	730	Not Evaluable	scientiae_et_patriae
targeted_therapy	CTDC-PARTICIPANT-992012	CTDC-TARGETED-THERAPY-577107	id_quod_plerumque_accidit	scientia_et_labor	sapiens_qui_prospicit	id_quod_plerumque_accidit	320	189	Unknown	saltus_in_demonstrando
targeted_therapy	CTDC-PARTICIPANT-992012	CTDC-TARGETED-THERAPY-647991	scientia_et_labor	nanos_gigantum_humeris_insidentes	nanos_gigantum_humeris_insidentes	cacatum_non_est_pictum	412	76	Progressive Disease	Gallia_est_omnis_divisa_in_partes_tres
targeted_therapy	CTDC-PARTICIPANT-322813	CTDC-TARGETED-THERAPY-556258	cacatum_non_est_pictum	scientiae_cedit_mare	scientia_et_labor	labor_ipse_voluptas	110	293	Unknown	damnant_quod_non_intellegunt
targeted_therapy	CTDC-PARTICIPANT-322813	CTDC-TARGETED-THERAPY-883748	scientia_et_sapientia	Gallia_est_omnis_divisa_in_partes_tres	e_causa_ignota	salus_in_arduis	398	86	Stable Disease	Macte_animo_Generose_puer_sic_itur_ad_astra
targeted_therapy	CTDC-PARTICIPANT-563302	CTDC-TARGETED-THERAPY-652764	e_causa_ignota	scientia_imperii_decus_et_tutamen	scientia_imperii_decus_et_tutamen	barba_crescit_caput_nescit	286	57	Partial Response	scientiae_cedit_mare
targeted_therapy	CTDC-PARTICIPANT-563302	CTDC-TARGETED-THERAPY-993047	scientia,_aere_perennius	scientiae_et_patriae	scientia_imperii_decus_et_tutamen	barba_crescit_caput_nescit	922	897	Not Evaluable	O_Tite_tute_Tati_tibi_tanta_tyranne_tulisti
targeted_therapy	CTDC-PARTICIPANT-449980	CTDC-TARGETED-THERAPY-349821	cacatum_non_est_pictum	a_bene_placito	a_bene_placito	labor_ipse_voluptas	228	728	Too Early	scientiae_cedit_mare
targeted_therapy	CTDC-PARTICIPANT-449980	CTDC-TARGETED-THERAPY-399101	faber_est_suae_quisque_fortunae	e_causa_ignota	barba_crescit_caput_nescit	damnant_quod_non_intellegunt	971	712	Not Evaluable	labor_ipse_voluptas
targeted_therapy	CTDC-PARTICIPANT-863646	CTDC-TARGETED-THERAPY-808176	pace_tua	cacatum_non_est_pictum	imperium_in_imperio	saltus_in_demonstrando	589	768	Not Assessed	scientia_imperii_decus_et_tutamen
targeted_therapy	CTDC-PARTICIPANT-863646	CTDC-TARGETED-THERAPY-120387	id_quod_plerumque_accidit	scientia,_aere_perennius	faber_est_suae_quisque_fortunae	scientia,_aere_perennius	831	385	Partial Response	labor_ipse_voluptas
targeted_therapy	CTDC-PARTICIPANT-365305	CTDC-TARGETED-THERAPY-834187	saltus_in_demonstrando	Macte_animo_Generose_puer_sic_itur_ad_astra	nascentes_morimur_finisque_ab_origine_pendet	Gallia_est_omnis_divisa_in_partes_tres	95	111	Unknown	e_causa_ignota
targeted_therapy	CTDC-PARTICIPANT-365305	CTDC-TARGETED-THERAPY-766550	barba_crescit_caput_nescit	cacatum_non_est_pictum	scientia_imperii_decus_et_tutamen	scientia,_aere_perennius	365	203	Stable Disease	salus_in_arduis
targeted_therapy	CTDC-PARTICIPANT-684111	CTDC-TARGETED-THERAPY-950184	haec_olim_meminisse_iuvabit	scientia_et_sapientia	O_Tite_tute_Tati_tibi_tanta_tyranne_tulisti	scientiae_et_patriae	700	801	Partial Response	scientiae_et_patriae
targeted_therapy	CTDC-PARTICIPANT-684111	CTDC-TARGETED-THERAPY-363913	Gallia_est_omnis_divisa_in_partes_tres	a_bene_placito	e_causa_ignota	scientia,_aere_perennius	375	126	Too Early	a_bene_placito
targeted_therapy	CTDC-PARTICIPANT-891914	CTDC-TARGETED-THERAPY-744766	nascentes_morimur_finisque_ab_origine_pendet	Macte_animo_Generose_puer_sic_itur_ad_astra	nascentes_morimur_finisque_ab_origine_pendet	scientia_et_sapientia	547	470	Not Assessed	labor_ipse_voluptas
targeted_therapy	CTDC-PARTICIPANT-891914	CTDC-TARGETED-THERAPY-397900	saltus_in_demonstrando	nanos_gigantum_humeris_insidentes	sapiens_qui_prospicit	haec_olim_meminisse_iuvabit	147	561	Too Early	Macte_animo_Generose_puer_sic_itur_ad_astra
targeted_therapy	CTDC-PARTICIPANT-486601	CTDC-TARGETED-THERAPY-124059	Gallia_est_omnis_divisa_in_partes_tres	saltus_in_demonstrando	sapiens_qui_prospicit	a_bene_placito	497	775	Less than partial response	cacatum_non_est_pictum
targeted_therapy	CTDC-PARTICIPANT-486601	CTDC-TARGETED-THERAPY-509049	pace_tua	sapiens_qui_prospicit	nanos_gigantum_humeris_insidentes	saltus_in_demonstrando	46	817	Partial Response	nanos_gigantum_humeris_insidentes
targeted_therapy	CTDC-PARTICIPANT-531064	CTDC-TARGETED-THERAPY-462240	haec_olim_meminisse_iuvabit	labor_ipse_voluptas	imperium_in_imperio	scientia_et_labor	528	303	Not Assessed	imperium_in_imperio
targeted_therapy	CTDC-PARTICIPANT-531064	CTDC-TARGETED-THERAPY-151759	Gallia_est_omnis_divisa_in_partes_tres	scientia,_aere_perennius	haec_olim_meminisse_iuvabit	cacatum_non_est_pictum	528	508	Complete Response	scientiae_et_patriae
targeted_therapy	CTDC-PARTICIPANT-929629	CTDC-TARGETED-THERAPY-836657	a_bene_placito	saltus_in_demonstrando	Obedientia_civium_urbis_felicitas	scientiae_et_patriae	612	56	Unknown	Obedientia_civium_urbis_felicitas
targeted_therapy	CTDC-PARTICIPANT-929629	CTDC-TARGETED-THERAPY-959660	sapiens_qui_prospicit	scientia_imperii_decus_et_tutamen	cacatum_non_est_pictum	nascentes_morimur_finisque_ab_origine_pendet	180	817	Not Evaluable	haec_olim_meminisse_iuvabit
targeted_therapy	CTDC-PARTICIPANT-667747	CTDC-TARGETED-THERAPY-231420	Macte_animo_Generose_puer_sic_itur_ad_astra	scientia_et_sapientia	scientiae_et_patriae	barba_crescit_caput_nescit	699	533	Progressive Disease	cacatum_non_est_pictum
targeted_therapy	CTDC-PARTICIPANT-667747	CTDC-TARGETED-THERAPY-467423	nascentes_morimur_finisque_ab_origine_pendet	scientia,_aere_perennius	O_Tite_tute_Tati_tibi_tanta_tyranne_tulisti	scientiae_cedit_mare	904	361	Unknown	a_bene_placito
targeted_therapy	CTDC-PARTICIPANT-270141	CTDC-TARGETED-THERAPY-108856	Macte_animo_Generose_puer_sic_itur_ad_astra	Macte_animo_Generose_puer_sic_itur_ad_astra	scientia,_aere_perennius	labor_ipse_voluptas	78	665	Not Assessed	Macte_animo_Generose_puer_sic_itur_ad_astra
targeted_therapy	CTDC-PARTICIPANT-270141	CTDC-TARGETED-THERAPY-489079	nanos_gigantum_humeris_insidentes	saltus_in_demonstrando	id_quod_plerumque_accidit	damnant_quod_non_intellegunt	827	191	Progressive Disease	barba_crescit_caput_nescit
targeted_therapy	CTDC-PARTICIPANT-779049	CTDC-TARGETED-THERAPY-379378	labor_ipse_voluptas	id_quod_plerumque_accidit	scientiae_cedit_mare	sapiens_qui_prospicit	340	305	Progressive Disease	scientia,_aere_perennius
targeted_therapy	CTDC-PARTICIPANT-779049	CTDC-TARGETED-THERAPY-800142	scientia_et_labor	scientia_imperii_decus_et_tutamen	a_bene_placito	scientiae_cedit_mare	447	481	Less than partial response	cacatum_non_est_pictum
targeted_therapy	CTDC-PARTICIPANT-297073	CTDC-TARGETED-THERAPY-238854	saltus_in_demonstrando	e_causa_ignota	damnant_quod_non_intellegunt	faber_est_suae_quisque_fortunae	789	66	Not Evaluable	imperium_in_imperio
targeted_therapy	CTDC-PARTICIPANT-297073	CTDC-TARGETED-THERAPY-411097	sapiens_qui_prospicit	nascentes_morimur_finisque_ab_origine_pendet	scientiae_et_patriae	faber_est_suae_quisque_fortunae	316	229	Partial Response	scientiae_et_patriae
targeted_therapy	CTDC-PARTICIPANT-749799	CTDC-TARGETED-THERAPY-750500	cacatum_non_est_pictum	id_quod_plerumque_accidit	O_Tite_tute_Tati_tibi_tanta_tyranne_tulisti	Gallia_est_omnis_divisa_in_partes_tres	668	923	Complete Response	scientia,_aere_perennius
targeted_therapy	CTDC-PARTICIPANT-749799	CTDC-TARGETED-THERAPY-197654	labor_ipse_voluptas	scientia_et_labor	nanos_gigantum_humeris_insidentes	a_bene_placito	849	328	Not Evaluable	scientia_imperii_decus_et_tutamen
targeted_therapy	CTDC-PARTICIPANT-922401	CTDC-TARGETED-THERAPY-602957	scientia_et_sapientia	Obedientia_civium_urbis_felicitas	scientiae_cedit_mare	scientia_et_labor	281	679	Progressive Disease	cacatum_non_est_pictum
targeted_therapy	CTDC-PARTICIPANT-922401	CTDC-TARGETED-THERAPY-398998	cacatum_non_est_pictum	scientia_imperii_decus_et_tutamen	haec_olim_meminisse_iuvabit	saltus_in_demonstrando	218	311	Stable Disease	imperium_in_imperio
targeted_therapy	CTDC-PARTICIPANT-382937	CTDC-TARGETED-THERAPY-135354	labor_ipse_voluptas	Obedientia_civium_urbis_felicitas	Gallia_est_omnis_divisa_in_partes_tres	Macte_animo_Generose_puer_sic_itur_ad_astra	834	794	Partial Response	scientiae_et_patriae
targeted_therapy	CTDC-PARTICIPANT-382937	CTDC-TARGETED-THERAPY-132267	scientiae_cedit_mare	salus_in_arduis	Gallia_est_omnis_divisa_in_partes_tres	haec_olim_meminisse_iuvabit	517	15	Complete Response	scientiae_cedit_mare
targeted_therapy	CTDC-PARTICIPANT-294142	CTDC-TARGETED-THERAPY-187541	labor_ipse_voluptas	a_bene_placito	cacatum_non_est_pictum	Obedientia_civium_urbis_felicitas	703	59	Not Evaluable	damnant_quod_non_intellegunt
targeted_therapy	CTDC-PARTICIPANT-294142	CTDC-TARGETED-THERAPY-227545	barba_crescit_caput_nescit	O_Tite_tute_Tati_tibi_tanta_tyranne_tulisti	damnant_quod_non_intellegunt	saltus_in_demonstrando	900	677	Less than partial response	a_bene_placito
targeted_therapy	CTDC-PARTICIPANT-690107	CTDC-TARGETED-THERAPY-510851	nanos_gigantum_humeris_insidentes	scientiae_cedit_mare	scientia_imperii_decus_et_tutamen	a_bene_placito	173	813	Stable Disease	imperium_in_imperio
targeted_therapy	CTDC-PARTICIPANT-690107	CTDC-TARGETED-THERAPY-908047	damnant_quod_non_intellegunt	saltus_in_demonstrando	pace_tua	barba_crescit_caput_nescit	738	496	Too Early	id_quod_plerumque_accidit
targeted_therapy	CTDC-PARTICIPANT-366120	CTDC-TARGETED-THERAPY-993713	scientia_imperii_decus_et_tutamen	scientia_et_sapientia	barba_crescit_caput_nescit	damnant_quod_non_intellegunt	780	336	Progressive Disease	e_causa_ignota
targeted_therapy	CTDC-PARTICIPANT-366120	CTDC-TARGETED-THERAPY-583371	barba_crescit_caput_nescit	labor_ipse_voluptas	damnant_quod_non_intellegunt	scientia,_aere_perennius	161	44	Partial Response	nanos_gigantum_humeris_insidentes
targeted_therapy	CTDC-PARTICIPANT-638488	CTDC-TARGETED-THERAPY-285119	scientia,_aere_perennius	salus_in_arduis	scientiae_et_patriae	scientiae_cedit_mare	759	482	Stable Disease	a_bene_placito
targeted_therapy	CTDC-PARTICIPANT-638488	CTDC-TARGETED-THERAPY-691092	id_quod_plerumque_accidit	haec_olim_meminisse_iuvabit	salus_in_arduis	Gallia_est_omnis_divisa_in_partes_tres	682	115	Stable Disease	saltus_in_demonstrando
targeted_therapy	CTDC-PARTICIPANT-314138	CTDC-TARGETED-THERAPY-353558	a_bene_placito	barba_crescit_caput_nescit	Obedientia_civium_urbis_felicitas	scientia_et_sapientia	345	194	Too Early	damnant_quod_non_intellegunt
targeted_therapy	CTDC-PARTICIPANT-314138	CTDC-TARGETED-THERAPY-836786	Macte_animo_Generose_puer_sic_itur_ad_astra	cacatum_non_est_pictum	scientiae_et_patriae	scientia_et_labor	135	912	Not Assessed	damnant_quod_non_intellegunt
targeted_therapy	CTDC-PARTICIPANT-938247	CTDC-TARGETED-THERAPY-527094	saltus_in_demonstrando	O_Tite_tute_Tati_tibi_tanta_tyranne_tulisti	scientia_et_labor	a_bene_placito	939	723	Too Early	saltus_in_demonstrando
targeted_therapy	CTDC-PARTICIPANT-938247	CTDC-TARGETED-THERAPY-371807	scientiae_cedit_mare	cacatum_non_est_pictum	labor_ipse_voluptas	scientiae_et_patriae	86	456	Complete Response	e_causa_ignota
targeted_therapy	CTDC-PARTICIPANT-791745	CTDC-TARGETED-THERAPY-622107	scientia_et_labor	imperium_in_imperio	scientiae_cedit_mare	barba_crescit_caput_nescit	339	533	Not Assessed	Gallia_est_omnis_divisa_in_partes_tres
targeted_therapy	CTDC-PARTICIPANT-791745	CTDC-TARGETED-THERAPY-220062	scientia_et_sapientia	scientia_et_labor	scientia,_aere_perennius	nanos_gigantum_humeris_insidentes	520	578	Complete Response	O_Tite_tute_Tati_tibi_tanta_tyranne_tulisti
targeted_therapy	CTDC-PARTICIPANT-817733	CTDC-TARGETED-THERAPY-937786	sapiens_qui_prospicit	barba_crescit_caput_nescit	imperium_in_imperio	scientiae_et_patriae	226	953	Stable Disease	Macte_animo_Generose_puer_sic_itur_ad_astra
targeted_therapy	CTDC-PARTICIPANT-817733	CTDC-TARGETED-THERAPY-856883	imperium_in_imperio	cacatum_non_est_pictum	salus_in_arduis	saltus_in_demonstrando	625	882	Partial Response	Macte_animo_Generose_puer_sic_itur_ad_astra
targeted_therapy	CTDC-PARTICIPANT-254156	CTDC-TARGETED-THERAPY-859880	faber_est_suae_quisque_fortunae	scientia_et_sapientia	saltus_in_demonstrando	faber_est_suae_quisque_fortunae	496	393	Not Assessed	scientia,_aere_perennius
targeted_therapy	CTDC-PARTICIPANT-254156	CTDC-TARGETED-THERAPY-172895	e_causa_ignota	sapiens_qui_prospicit	scientia_et_sapientia	scientia_et_labor	521	991	Complete Response	scientia_et_sapientia
targeted_therapy	CTDC-PARTICIPANT-207908	CTDC-TARGETED-THERAPY-590224	damnant_quod_non_intellegunt	scientia,_aere_perennius	Obedientia_civium_urbis_felicitas	scientiae_cedit_mare	813	325	Progressive Disease	scientia,_aere_perennius
targeted_therapy	CTDC-PARTICIPANT-207908	CTDC-TARGETED-THERAPY-103578	scientiae_cedit_mare	scientia_et_labor	barba_crescit_caput_nescit	scientia_imperii_decus_et_tutamen	885	993	Stable Disease	haec_olim_meminisse_iuvabit
targeted_therapy	CTDC-PARTICIPANT-536513	CTDC-TARGETED-THERAPY-374062	O_Tite_tute_Tati_tibi_tanta_tyranne_tulisti	Macte_animo_Generose_puer_sic_itur_ad_astra	haec_olim_meminisse_iuvabit	salus_in_arduis	540	168	Progressive Disease	barba_crescit_caput_nescit
targeted_therapy	CTDC-PARTICIPANT-536513	CTDC-TARGETED-THERAPY-864632	barba_crescit_caput_nescit	pace_tua	barba_crescit_caput_nescit	salus_in_arduis	244	336	Partial Response	damnant_quod_non_intellegunt
targeted_therapy	CTDC-PARTICIPANT-353582	CTDC-TARGETED-THERAPY-947543	id_quod_plerumque_accidit	scientia_et_sapientia	damnant_quod_non_intellegunt	sapiens_qui_prospicit	442	720	Progressive Disease	scientia_imperii_decus_et_tutamen
targeted_therapy	CTDC-PARTICIPANT-353582	CTDC-TARGETED-THERAPY-719500	haec_olim_meminisse_iuvabit	O_Tite_tute_Tati_tibi_tanta_tyranne_tulisti	Macte_animo_Generose_puer_sic_itur_ad_astra	scientia_et_labor	90	424	Less than partial response	imperium_in_imperio
targeted_therapy	CTDC-PARTICIPANT-970835	CTDC-TARGETED-THERAPY-638445	salus_in_arduis	a_bene_placito	salus_in_arduis	Macte_animo_Generose_puer_sic_itur_ad_astra	719	317	Complete Response	salus_in_arduis
targeted_therapy	CTDC-PARTICIPANT-970835	CTDC-TARGETED-THERAPY-416115	nascentes_morimur_finisque_ab_origine_pendet	e_causa_ignota	Gallia_est_omnis_divisa_in_partes_tres	pace_tua	255	925	Partial Response	a_bene_placito
targeted_therapy	CTDC-PARTICIPANT-380250	CTDC-TARGETED-THERAPY-243350	nanos_gigantum_humeris_insidentes	sapiens_qui_prospicit	a_bene_placito	damnant_quod_non_intellegunt	346	654	Less than partial response	saltus_in_demonstrando
targeted_therapy	CTDC-PARTICIPANT-380250	CTDC-TARGETED-THERAPY-517044	nanos_gigantum_humeris_insidentes	a_bene_placito	Macte_animo_Generose_puer_sic_itur_ad_astra	id_quod_plerumque_accidit	265	857	Partial Response	scientia_et_sapientia
targeted_therapy	CTDC-PARTICIPANT-824360	CTDC-TARGETED-THERAPY-322018	scientiae_et_patriae	scientia,_aere_perennius	nanos_gigantum_humeris_insidentes	salus_in_arduis	516	635	Complete Response	scientia,_aere_perennius
targeted_therapy	CTDC-PARTICIPANT-824360	CTDC-TARGETED-THERAPY-590290	labor_ipse_voluptas	damnant_quod_non_intellegunt	labor_ipse_voluptas	salus_in_arduis	628	433	Partial Response	Gallia_est_omnis_divisa_in_partes_tres
targeted_therapy	CTDC-PARTICIPANT-519155	CTDC-TARGETED-THERAPY-271220	Gallia_est_omnis_divisa_in_partes_tres	haec_olim_meminisse_iuvabit	a_bene_placito	barba_crescit_caput_nescit	472	670	Not Evaluable	sapiens_qui_prospicit
targeted_therapy	CTDC-PARTICIPANT-519155	CTDC-TARGETED-THERAPY-641939	cacatum_non_est_pictum	salus_in_arduis	scientiae_et_patriae	scientiae_cedit_mare	708	733	Partial Response	nascentes_morimur_finisque_ab_origine_pendet
targeted_therapy	CTDC-PARTICIPANT-830585	CTDC-TARGETED-THERAPY-906975	Gallia_est_omnis_divisa_in_partes_tres	Gallia_est_omnis_divisa_in_partes_tres	e_causa_ignota	O_Tite_tute_Tati_tibi_tanta_tyranne_tulisti	453	785	Progressive Disease	scientiae_et_patriae
targeted_therapy	CTDC-PARTICIPANT-830585	CTDC-TARGETED-THERAPY-395796	scientia_et_sapientia	scientia,_aere_perennius	a_bene_placito	imperium_in_imperio	614	797	Progressive Disease	saltus_in_demonstrando
targeted_therapy	CTDC-PARTICIPANT-641275	CTDC-TARGETED-THERAPY-343353	scientiae_cedit_mare	Gallia_est_omnis_divisa_in_partes_tres	scientiae_cedit_mare	nanos_gigantum_humeris_insidentes	792	779	Partial Response	haec_olim_meminisse_iuvabit
targeted_therapy	CTDC-PARTICIPANT-641275	CTDC-TARGETED-THERAPY-860800	scientia,_aere_perennius	Obedientia_civium_urbis_felicitas	imperium_in_imperio	e_causa_ignota	564	347	Progressive Disease	haec_olim_meminisse_iuvabit
targeted_therapy	CTDC-PARTICIPANT-457741	CTDC-TARGETED-THERAPY-621158	salus_in_arduis	Obedientia_civium_urbis_felicitas	sapiens_qui_prospicit	nascentes_morimur_finisque_ab_origine_pendet	667	799	Less than partial response	labor_ipse_voluptas
targeted_therapy	CTDC-PARTICIPANT-457741	CTDC-TARGETED-THERAPY-238711	sapiens_qui_prospicit	damnant_quod_non_intellegunt	nascentes_morimur_finisque_ab_origine_pendet	damnant_quod_non_intellegunt	645	782	Unknown	cacatum_non_est_pictum
targeted_therapy	CTDC-PARTICIPANT-523680	CTDC-TARGETED-THERAPY-748680	saltus_in_demonstrando	Macte_animo_Generose_puer_sic_itur_ad_astra	scientia_imperii_decus_et_tutamen	pace_tua	985	873	Progressive Disease	imperium_in_imperio
targeted_therapy	CTDC-PARTICIPANT-523680	CTDC-TARGETED-THERAPY-522240	saltus_in_demonstrando	faber_est_suae_quisque_fortunae	nascentes_morimur_finisque_ab_origine_pendet	a_bene_placito	340	952	Partial Response	scientiae_cedit_mare
targeted_therapy	CTDC-PARTICIPANT-234308	CTDC-TARGETED-THERAPY-447081	pace_tua	scientiae_cedit_mare	a_bene_placito	Macte_animo_Generose_puer_sic_itur_ad_astra	775	650	Partial Response	a_bene_placito
targeted_therapy	CTDC-PARTICIPANT-234308	CTDC-TARGETED-THERAPY-723697	e_causa_ignota	id_quod_plerumque_accidit	Obedientia_civium_urbis_felicitas	cacatum_non_est_pictum	643	601	Not Assessed	pace_tua
targeted_therapy	CTDC-PARTICIPANT-432039	CTDC-TARGETED-THERAPY-916011	imperium_in_imperio	id_quod_plerumque_accidit	e_causa_ignota	Gallia_est_omnis_divisa_in_partes_tres	946	591	Not Assessed	labor_ipse_voluptas
targeted_therapy	CTDC-PARTICIPANT-432039	CTDC-TARGETED-THERAPY-236037	salus_in_arduis	id_quod_plerumque_accidit	faber_est_suae_quisque_fortunae	scientiae_et_patriae	536	872	Stable Disease	salus_in_arduis
targeted_therapy	CTDC-PARTICIPANT-573467	CTDC-TARGETED-THERAPY-214330	nascentes_morimur_finisque_ab_origine_pendet	barba_crescit_caput_nescit	Macte_animo_Generose_puer_sic_itur_ad_astra	nanos_gigantum_humeris_insidentes	861	24	Stable Disease	barba_crescit_caput_nescit
targeted_therapy	CTDC-PARTICIPANT-573467	CTDC-TARGETED-THERAPY-591101	nascentes_morimur_finisque_ab_origine_pendet	scientia_et_labor	a_bene_placito	Macte_animo_Generose_puer_sic_itur_ad_astra	21	910	Progressive Disease	nanos_gigantum_humeris_insidentes
targeted_therapy	CTDC-PARTICIPANT-957799	CTDC-TARGETED-THERAPY-504599	saltus_in_demonstrando	Macte_animo_Generose_puer_sic_itur_ad_astra	imperium_in_imperio	labor_ipse_voluptas	459	620	Not Assessed	faber_est_suae_quisque_fortunae
targeted_therapy	CTDC-PARTICIPANT-957799	CTDC-TARGETED-THERAPY-177043	scientiae_cedit_mare	O_Tite_tute_Tati_tibi_tanta_tyranne_tulisti	scientia_et_sapientia	scientiae_cedit_mare	771	507	Too Early	O_Tite_tute_Tati_tibi_tanta_tyranne_tulisti
targeted_therapy	CTDC-PARTICIPANT-111060	CTDC-TARGETED-THERAPY-605801	saltus_in_demonstrando	a_bene_placito	scientiae_cedit_mare	haec_olim_meminisse_iuvabit	543	943	Unknown	scientiae_cedit_mare
targeted_therapy	CTDC-PARTICIPANT-111060	CTDC-TARGETED-THERAPY-183666	nascentes_morimur_finisque_ab_origine_pendet	scientia_et_labor	scientia,_aere_perennius	a_bene_placito	352	416	Less than partial response	nanos_gigantum_humeris_insidentes
targeted_therapy	CTDC-PARTICIPANT-595441	CTDC-TARGETED-THERAPY-134269	Gallia_est_omnis_divisa_in_partes_tres	sapiens_qui_prospicit	Gallia_est_omnis_divisa_in_partes_tres	haec_olim_meminisse_iuvabit	230	258	Not Assessed	Gallia_est_omnis_divisa_in_partes_tres
targeted_therapy	CTDC-PARTICIPANT-595441	CTDC-TARGETED-THERAPY-767745	barba_crescit_caput_nescit	Obedientia_civium_urbis_felicitas	Gallia_est_omnis_divisa_in_partes_tres	scientiae_et_patriae	270	697	Complete Response	scientia_et_sapientia
targeted_therapy	CTDC-PARTICIPANT-541554	CTDC-TARGETED-THERAPY-147445	id_quod_plerumque_accidit	Gallia_est_omnis_divisa_in_partes_tres	scientiae_cedit_mare	scientiae_cedit_mare	255	926	Complete Response	saltus_in_demonstrando
targeted_therapy	CTDC-PARTICIPANT-541554	CTDC-TARGETED-THERAPY-335714	scientiae_et_patriae	faber_est_suae_quisque_fortunae	scientia,_aere_perennius	haec_olim_meminisse_iuvabit	719	872	Unknown	damnant_quod_non_intellegunt
targeted_therapy	CTDC-PARTICIPANT-330696	CTDC-TARGETED-THERAPY-748898	scientiae_cedit_mare	faber_est_suae_quisque_fortunae	scientia,_aere_perennius	scientiae_et_patriae	745	160	Too Early	damnant_quod_non_intellegunt
targeted_therapy	CTDC-PARTICIPANT-330696	CTDC-TARGETED-THERAPY-201846	imperium_in_imperio	haec_olim_meminisse_iuvabit	scientia_et_sapientia	pace_tua	422	201	Unknown	barba_crescit_caput_nescit
targeted_therapy	CTDC-PARTICIPANT-668935	CTDC-TARGETED-THERAPY-831016	nascentes_morimur_finisque_ab_origine_pendet	scientia,_aere_perennius	scientia_imperii_decus_et_tutamen	haec_olim_meminisse_iuvabit	247	941	Progressive Disease	Gallia_est_omnis_divisa_in_partes_tres
targeted_therapy	CTDC-PARTICIPANT-668935	CTDC-TARGETED-THERAPY-730728	nascentes_morimur_finisque_ab_origine_pendet	nanos_gigantum_humeris_insidentes	salus_in_arduis	salus_in_arduis	372	788	Progressive Disease	scientiae_cedit_mare
targeted_therapy	CTDC-PARTICIPANT-204363	CTDC-TARGETED-THERAPY-361200	scientiae_cedit_mare	scientia_et_sapientia	scientia_imperii_decus_et_tutamen	Obedientia_civium_urbis_felicitas	138	196	Partial Response	imperium_in_imperio
targeted_therapy	CTDC-PARTICIPANT-204363	CTDC-TARGETED-THERAPY-775522	pace_tua	sapiens_qui_prospicit	nanos_gigantum_humeris_insidentes	id_quod_plerumque_accidit	323	336	Not Assessed	labor_ipse_voluptas
targeted_therapy	CTDC-PARTICIPANT-340899	CTDC-TARGETED-THERAPY-766216	nanos_gigantum_humeris_insidentes	barba_crescit_caput_nescit	scientia,_aere_perennius	a_bene_placito	447	880	Not Evaluable	sapiens_qui_prospicit
targeted_therapy	CTDC-PARTICIPANT-340899	CTDC-TARGETED-THERAPY-138800	a_bene_placito	e_causa_ignota	id_quod_plerumque_accidit	sapiens_qui_prospicit	990	558	Not Assessed	Obedientia_civium_urbis_felicitas
targeted_therapy	CTDC-PARTICIPANT-129178	CTDC-TARGETED-THERAPY-615813	sapiens_qui_prospicit	id_quod_plerumque_accidit	scientiae_et_patriae	scientia_imperii_decus_et_tutamen	984	741	Unknown	barba_crescit_caput_nescit
targeted_therapy	CTDC-PARTICIPANT-129178	CTDC-TARGETED-THERAPY-969531	salus_in_arduis	cacatum_non_est_pictum	Macte_animo_Generose_puer_sic_itur_ad_astra	Macte_animo_Generose_puer_sic_itur_ad_astra	919	204	Progressive Disease	id_quod_plerumque_accidit
targeted_therapy	CTDC-PARTICIPANT-701011	CTDC-TARGETED-THERAPY-641559	saltus_in_demonstrando	nanos_gigantum_humeris_insidentes	imperium_in_imperio	imperium_in_imperio	752	430	Not Evaluable	imperium_in_imperio
targeted_therapy	CTDC-PARTICIPANT-701011	CTDC-TARGETED-THERAPY-966397	nascentes_morimur_finisque_ab_origine_pendet	cacatum_non_est_pictum	pace_tua	barba_crescit_caput_nescit	682	857	Unknown	nascentes_morimur_finisque_ab_origine_pendet
targeted_therapy	CTDC-PARTICIPANT-530141	CTDC-TARGETED-THERAPY-484327	faber_est_suae_quisque_fortunae	Obedientia_civium_urbis_felicitas	O_Tite_tute_Tati_tibi_tanta_tyranne_tulisti	id_quod_plerumque_accidit	114	229	Too Early	scientia_et_labor
targeted_therapy	CTDC-PARTICIPANT-530141	CTDC-TARGETED-THERAPY-854176	scientia,_aere_perennius	damnant_quod_non_intellegunt	haec_olim_meminisse_iuvabit	sapiens_qui_prospicit	65	404	Unknown	nanos_gigantum_humeris_insidentes
targeted_therapy	CTDC-PARTICIPANT-707432	CTDC-TARGETED-THERAPY-886371	a_bene_placito	pace_tua	id_quod_plerumque_accidit	O_Tite_tute_Tati_tibi_tanta_tyranne_tulisti	802	318	Too Early	haec_olim_meminisse_iuvabit
targeted_therapy	CTDC-PARTICIPANT-707432	CTDC-TARGETED-THERAPY-746836	pace_tua	damnant_quod_non_intellegunt	scientiae_et_patriae	salus_in_arduis	269	696	Too Early	scientia_imperii_decus_et_tutamen
targeted_therapy	CTDC-PARTICIPANT-960610	CTDC-TARGETED-THERAPY-541408	imperium_in_imperio	O_Tite_tute_Tati_tibi_tanta_tyranne_tulisti	scientia_et_labor	cacatum_non_est_pictum	729	475	Not Evaluable	e_causa_ignota
targeted_therapy	CTDC-PARTICIPANT-960610	CTDC-TARGETED-THERAPY-608037	damnant_quod_non_intellegunt	barba_crescit_caput_nescit	scientiae_et_patriae	Gallia_est_omnis_divisa_in_partes_tres	847	519	Progressive Disease	imperium_in_imperio
targeted_therapy	CTDC-PARTICIPANT-353052	CTDC-TARGETED-THERAPY-689113	pace_tua	labor_ipse_voluptas	Macte_animo_Generose_puer_sic_itur_ad_astra	scientiae_et_patriae	735	315	Partial Response	nanos_gigantum_humeris_insidentes
targeted_therapy	CTDC-PARTICIPANT-353052	CTDC-TARGETED-THERAPY-255045	pace_tua	saltus_in_demonstrando	salus_in_arduis	scientiae_cedit_mare	371	451	Not Assessed	id_quod_plerumque_accidit
targeted_therapy	CTDC-PARTICIPANT-259646	CTDC-TARGETED-THERAPY-830482	damnant_quod_non_intellegunt	barba_crescit_caput_nescit	faber_est_suae_quisque_fortunae	nascentes_morimur_finisque_ab_origine_pendet	761	647	Progressive Disease	nascentes_morimur_finisque_ab_origine_pendet
targeted_therapy	CTDC-PARTICIPANT-259646	CTDC-TARGETED-THERAPY-833408	scientia_et_sapientia	faber_est_suae_quisque_fortunae	scientia_imperii_decus_et_tutamen	scientia_et_sapientia	240	16	Not Assessed	sapiens_qui_prospicit
targeted_therapy	CTDC-PARTICIPANT-995400	CTDC-TARGETED-THERAPY-855223	cacatum_non_est_pictum	barba_crescit_caput_nescit	sapiens_qui_prospicit	pace_tua	172	542	Unknown	barba_crescit_caput_nescit
targeted_therapy	CTDC-PARTICIPANT-995400	CTDC-TARGETED-THERAPY-212170	sapiens_qui_prospicit	scientia_et_labor	saltus_in_demonstrando	Macte_animo_Generose_puer_sic_itur_ad_astra	77	993	Complete Response	nanos_gigantum_humeris_insidentes
targeted_therapy	CTDC-PARTICIPANT-315263	CTDC-TARGETED-THERAPY-186971	id_quod_plerumque_accidit	scientiae_et_patriae	faber_est_suae_quisque_fortunae	scientia_imperii_decus_et_tutamen	674	91	Not Assessed	sapiens_qui_prospicit
targeted_therapy	CTDC-PARTICIPANT-315263	CTDC-TARGETED-THERAPY-694142	scientia_imperii_decus_et_tutamen	labor_ipse_voluptas	imperium_in_imperio	Obedientia_civium_urbis_felicitas	228	515	Stable Disease	labor_ipse_voluptas
targeted_therapy	CTDC-PARTICIPANT-312873	CTDC-TARGETED-THERAPY-962384	e_causa_ignota	scientiae_cedit_mare	damnant_quod_non_intellegunt	scientiae_et_patriae	676	549	Not Assessed	scientiae_et_patriae
targeted_therapy	CTDC-PARTICIPANT-312873	CTDC-TARGETED-THERAPY-416116	faber_est_suae_quisque_fortunae	sapiens_qui_prospicit	cacatum_non_est_pictum	e_causa_ignota	468	605	Not Evaluable	e_causa_ignota
targeted_therapy	CTDC-PARTICIPANT-233585	CTDC-TARGETED-THERAPY-575408	scientiae_cedit_mare	Obedientia_civium_urbis_felicitas	scientia_et_labor	scientiae_cedit_mare	654	701	Unknown	scientiae_et_patriae
targeted_therapy	CTDC-PARTICIPANT-233585	CTDC-TARGETED-THERAPY-468661	Macte_animo_Generose_puer_sic_itur_ad_astra	scientiae_cedit_mare	sapiens_qui_prospicit	haec_olim_meminisse_iuvabit	345	951	Partial Response	damnant_quod_non_intellegunt
targeted_therapy	CTDC-PARTICIPANT-665346	CTDC-TARGETED-THERAPY-328663	salus_in_arduis	scientiae_et_patriae	haec_olim_meminisse_iuvabit	id_quod_plerumque_accidit	861	398	Stable Disease	scientia_et_labor
targeted_therapy	CTDC-PARTICIPANT-665346	CTDC-TARGETED-THERAPY-100321	Macte_animo_Generose_puer_sic_itur_ad_astra	e_causa_ignota	sapiens_qui_prospicit	O_Tite_tute_Tati_tibi_tanta_tyranne_tulisti	837	881	Progressive Disease	scientia_imperii_decus_et_tutamen
targeted_therapy	CTDC-PARTICIPANT-141586	CTDC-TARGETED-THERAPY-552313	saltus_in_demonstrando	O_Tite_tute_Tati_tibi_tanta_tyranne_tulisti	pace_tua	Gallia_est_omnis_divisa_in_partes_tres	968	656	Unknown	cacatum_non_est_pictum
targeted_therapy	CTDC-PARTICIPANT-141586	CTDC-TARGETED-THERAPY-267850	scientiae_cedit_mare	saltus_in_demonstrando	sapiens_qui_prospicit	barba_crescit_caput_nescit	906	977	Unknown	damnant_quod_non_intellegunt
targeted_therapy	CTDC-PARTICIPANT-855122	CTDC-TARGETED-THERAPY-513466	barba_crescit_caput_nescit	scientia,_aere_perennius	scientia,_aere_perennius	scientia_et_sapientia	425	285	Less than partial response	saltus_in_demonstrando
targeted_therapy	CTDC-PARTICIPANT-855122	CTDC-TARGETED-THERAPY-314733	scientiae_cedit_mare	damnant_quod_non_intellegunt	salus_in_arduis	labor_ipse_voluptas	168	326	Progressive Disease	haec_olim_meminisse_iuvabit
targeted_therapy	CTDC-PARTICIPANT-498655	CTDC-TARGETED-THERAPY-533450	scientia_et_sapientia	barba_crescit_caput_nescit	id_quod_plerumque_accidit	barba_crescit_caput_nescit	85	679	Progressive Disease	salus_in_arduis
targeted_therapy	CTDC-PARTICIPANT-498655	CTDC-TARGETED-THERAPY-838269	saltus_in_demonstrando	pace_tua	scientia_imperii_decus_et_tutamen	nanos_gigantum_humeris_insidentes	386	484	Complete Response	salus_in_arduis
targeted_therapy	CTDC-PARTICIPANT-929749	CTDC-TARGETED-THERAPY-829927	scientia_imperii_decus_et_tutamen	barba_crescit_caput_nescit	cacatum_non_est_pictum	cacatum_non_est_pictum	848	740	Stable Disease	scientia,_aere_perennius
targeted_therapy	CTDC-PARTICIPANT-929749	CTDC-TARGETED-THERAPY-692478	Obedientia_civium_urbis_felicitas	nascentes_morimur_finisque_ab_origine_pendet	pace_tua	faber_est_suae_quisque_fortunae	419	305	Progressive Disease	Macte_animo_Generose_puer_sic_itur_ad_astra
targeted_therapy	CTDC-PARTICIPANT-778982	CTDC-TARGETED-THERAPY-518320	scientiae_cedit_mare	scientiae_et_patriae	scientia_et_labor	scientia,_aere_perennius	816	991	Stable Disease	Obedientia_civium_urbis_felicitas
targeted_therapy	CTDC-PARTICIPANT-778982	CTDC-TARGETED-THERAPY-636514	imperium_in_imperio	damnant_quod_non_intellegunt	O_Tite_tute_Tati_tibi_tanta_tyranne_tulisti	nascentes_morimur_finisque_ab_origine_pendet	236	841	Unknown	scientiae_cedit_mare
targeted_therapy	CTDC-PARTICIPANT-881373	CTDC-TARGETED-THERAPY-594606	scientiae_et_patriae	cacatum_non_est_pictum	O_Tite_tute_Tati_tibi_tanta_tyranne_tulisti	scientia_et_labor	144	239	Less than partial response	salus_in_arduis
targeted_therapy	CTDC-PARTICIPANT-881373	CTDC-TARGETED-THERAPY-385438	nanos_gigantum_humeris_insidentes	saltus_in_demonstrando	scientia_et_sapientia	damnant_quod_non_intellegunt	555	187	Partial Response	scientia,_aere_perennius
targeted_therapy	CTDC-PARTICIPANT-632335	CTDC-TARGETED-THERAPY-604047	Obedientia_civium_urbis_felicitas	sapiens_qui_prospicit	scientiae_et_patriae	nanos_gigantum_humeris_insidentes	331	427	Not Evaluable	scientiae_cedit_mare
targeted_therapy	CTDC-PARTICIPANT-632335	CTDC-TARGETED-THERAPY-388927	labor_ipse_voluptas	damnant_quod_non_intellegunt	O_Tite_tute_Tati_tibi_tanta_tyranne_tulisti	sapiens_qui_prospicit	206	140	Stable Disease	scientia,_aere_perennius
targeted_therapy	CTDC-PARTICIPANT-374124	CTDC-TARGETED-THERAPY-451550	scientia_et_labor	saltus_in_demonstrando	barba_crescit_caput_nescit	cacatum_non_est_pictum	995	68	Stable Disease	scientia_imperii_decus_et_tutamen
targeted_therapy	CTDC-PARTICIPANT-374124	CTDC-TARGETED-THERAPY-994049	haec_olim_meminisse_iuvabit	scientiae_et_patriae	damnant_quod_non_intellegunt	haec_olim_meminisse_iuvabit	538	763	Too Early	scientia_imperii_decus_et_tutamen
targeted_therapy	CTDC-PARTICIPANT-585675	CTDC-TARGETED-THERAPY-911661	scientia_et_labor	faber_est_suae_quisque_fortunae	scientia_et_sapientia	scientia_et_labor	538	549	Too Early	e_causa_ignota
targeted_therapy	CTDC-PARTICIPANT-585675	CTDC-TARGETED-THERAPY-872386	nanos_gigantum_humeris_insidentes	haec_olim_meminisse_iuvabit	a_bene_placito	damnant_quod_non_intellegunt	445	159	Less than partial response	nascentes_morimur_finisque_ab_origine_pendet
targeted_therapy	CTDC-PARTICIPANT-456060	CTDC-TARGETED-THERAPY-625671	scientia_et_labor	damnant_quod_non_intellegunt	haec_olim_meminisse_iuvabit	scientiae_et_patriae	633	233	Not Evaluable	imperium_in_imperio
targeted_therapy	CTDC-PARTICIPANT-456060	CTDC-TARGETED-THERAPY-183374	scientiae_et_patriae	imperium_in_imperio	barba_crescit_caput_nescit	salus_in_arduis	64	783	Progressive Disease	haec_olim_meminisse_iuvabit
targeted_therapy	CTDC-PARTICIPANT-413222	CTDC-TARGETED-THERAPY-828009	O_Tite_tute_Tati_tibi_tanta_tyranne_tulisti	scientiae_et_patriae	labor_ipse_voluptas	labor_ipse_voluptas	470	52	Too Early	Gallia_est_omnis_divisa_in_partes_tres
targeted_therapy	CTDC-PARTICIPANT-413222	CTDC-TARGETED-THERAPY-704806	scientia_et_labor	a_bene_placito	cacatum_non_est_pictum	haec_olim_meminisse_iuvabit	115	652	Too Early	faber_est_suae_quisque_fortunae
targeted_therapy	CTDC-PARTICIPANT-820287	CTDC-TARGETED-THERAPY-400004	pace_tua	a_bene_placito	scientiae_cedit_mare	cacatum_non_est_pictum	707	976	Complete Response	scientia_et_labor
targeted_therapy	CTDC-PARTICIPANT-820287	CTDC-TARGETED-THERAPY-912096	haec_olim_meminisse_iuvabit	scientiae_cedit_mare	saltus_in_demonstrando	a_bene_placito	986	646	Progressive Disease	damnant_quod_non_intellegunt
targeted_therapy	CTDC-PARTICIPANT-731336	CTDC-TARGETED-THERAPY-396067	cacatum_non_est_pictum	damnant_quod_non_intellegunt	saltus_in_demonstrando	salus_in_arduis	283	332	Not Evaluable	barba_crescit_caput_nescit
targeted_therapy	CTDC-PARTICIPANT-731336	CTDC-TARGETED-THERAPY-826889	sapiens_qui_prospicit	pace_tua	e_causa_ignota	scientia,_aere_perennius	476	33	Too Early	salus_in_arduis
targeted_therapy	CTDC-PARTICIPANT-872635	CTDC-TARGETED-THERAPY-967154	Obedientia_civium_urbis_felicitas	barba_crescit_caput_nescit	Obedientia_civium_urbis_felicitas	scientia_imperii_decus_et_tutamen	260	302	Partial Response	scientiae_cedit_mare
targeted_therapy	CTDC-PARTICIPANT-872635	CTDC-TARGETED-THERAPY-570906	Obedientia_civium_urbis_felicitas	nanos_gigantum_humeris_insidentes	saltus_in_demonstrando	O_Tite_tute_Tati_tibi_tanta_tyranne_tulisti	695	959	Not Evaluable	Gallia_est_omnis_divisa_in_partes_tres
targeted_therapy	CTDC-PARTICIPANT-598811	CTDC-TARGETED-THERAPY-980838	imperium_in_imperio	damnant_quod_non_intellegunt	scientia_imperii_decus_et_tutamen	pace_tua	630	513	Complete Response	imperium_in_imperio
targeted_therapy	CTDC-PARTICIPANT-598811	CTDC-TARGETED-THERAPY-165185	pace_tua	scientia_imperii_decus_et_tutamen	salus_in_arduis	id_quod_plerumque_accidit	47	742	Complete Response	sapiens_qui_prospicit
targeted_therapy	CTDC-PARTICIPANT-694406	CTDC-TARGETED-THERAPY-214262	nascentes_morimur_finisque_ab_origine_pendet	scientiae_cedit_mare	salus_in_arduis	Macte_animo_Generose_puer_sic_itur_ad_astra	709	152	Not Assessed	faber_est_suae_quisque_fortunae
targeted_therapy	CTDC-PARTICIPANT-694406	CTDC-TARGETED-THERAPY-110768	sapiens_qui_prospicit	sapiens_qui_prospicit	e_causa_ignota	a_bene_placito	171	147	Too Early	e_causa_ignota
targeted_therapy	CTDC-PARTICIPANT-125315	CTDC-TARGETED-THERAPY-288177	scientia_et_sapientia	scientiae_cedit_mare	id_quod_plerumque_accidit	scientia,_aere_perennius	174	595	Too Early	labor_ipse_voluptas
targeted_therapy	CTDC-PARTICIPANT-125315	CTDC-TARGETED-THERAPY-279623	labor_ipse_voluptas	cacatum_non_est_pictum	Obedientia_civium_urbis_felicitas	nanos_gigantum_humeris_insidentes	652	245	Progressive Disease	nanos_gigantum_humeris_insidentes
targeted_therapy	CTDC-PARTICIPANT-713422	CTDC-TARGETED-THERAPY-651092	scientiae_et_patriae	scientiae_et_patriae	haec_olim_meminisse_iuvabit	labor_ipse_voluptas	275	57	Progressive Disease	saltus_in_demonstrando
targeted_therapy	CTDC-PARTICIPANT-713422	CTDC-TARGETED-THERAPY-748287	id_quod_plerumque_accidit	scientia_imperii_decus_et_tutamen	faber_est_suae_quisque_fortunae	labor_ipse_voluptas	15	687	Partial Response	Gallia_est_omnis_divisa_in_partes_tres
targeted_therapy	CTDC-PARTICIPANT-588711	CTDC-TARGETED-THERAPY-359194	Macte_animo_Generose_puer_sic_itur_ad_astra	Obedientia_civium_urbis_felicitas	Gallia_est_omnis_divisa_in_partes_tres	salus_in_arduis	392	959	Unknown	scientia_et_sapientia
targeted_therapy	CTDC-PARTICIPANT-588711	CTDC-TARGETED-THERAPY-730506	scientiae_et_patriae	labor_ipse_voluptas	id_quod_plerumque_accidit	Macte_animo_Generose_puer_sic_itur_ad_astra	508	27	Unknown	faber_est_suae_quisque_fortunae
targeted_therapy	CTDC-PARTICIPANT-544291	CTDC-TARGETED-THERAPY-605942	haec_olim_meminisse_iuvabit	nanos_gigantum_humeris_insidentes	nanos_gigantum_humeris_insidentes	imperium_in_imperio	112	946	Not Assessed	barba_crescit_caput_nescit
targeted_therapy	CTDC-PARTICIPANT-544291	CTDC-TARGETED-THERAPY-601420	scientiae_et_patriae	pace_tua	saltus_in_demonstrando	e_causa_ignota	795	516	Stable Disease	haec_olim_meminisse_iuvabit
targeted_therapy	CTDC-PARTICIPANT-315000	CTDC-TARGETED-THERAPY-373221	scientia_imperii_decus_et_tutamen	pace_tua	scientiae_et_patriae	imperium_in_imperio	208	966	Unknown	id_quod_plerumque_accidit
targeted_therapy	CTDC-PARTICIPANT-315000	CTDC-TARGETED-THERAPY-886156	scientia_et_labor	scientiae_et_patriae	haec_olim_meminisse_iuvabit	barba_crescit_caput_nescit	503	146	Complete Response	a_bene_placito
targeted_therapy	CTDC-PARTICIPANT-751219	CTDC-TARGETED-THERAPY-641028	damnant_quod_non_intellegunt	e_causa_ignota	cacatum_non_est_pictum	damnant_quod_non_intellegunt	624	392	Partial Response	Macte_animo_Generose_puer_sic_itur_ad_astra
targeted_therapy	CTDC-PARTICIPANT-751219	CTDC-TARGETED-THERAPY-983263	imperium_in_imperio	damnant_quod_non_intellegunt	scientia,_aere_perennius	Macte_animo_Generose_puer_sic_itur_ad_astra	903	728	Too Early	a_bene_placito
targeted_therapy	CTDC-PARTICIPANT-688579	CTDC-TARGETED-THERAPY-296635	cacatum_non_est_pictum	pace_tua	scientiae_cedit_mare	pace_tua	883	306	Not Assessed	scientia_et_sapientia
targeted_therapy	CTDC-PARTICIPANT-688579	CTDC-TARGETED-THERAPY-830486	scientia_imperii_decus_et_tutamen	saltus_in_demonstrando	scientia_et_labor	scientia_imperii_decus_et_tutamen	950	914	Not Assessed	scientia_et_labor
targeted_therapy	CTDC-PARTICIPANT-508271	CTDC-TARGETED-THERAPY-844856	damnant_quod_non_intellegunt	pace_tua	faber_est_suae_quisque_fortunae	pace_tua	188	120	Stable Disease	O_Tite_tute_Tati_tibi_tanta_tyranne_tulisti
targeted_therapy	CTDC-PARTICIPANT-508271	CTDC-TARGETED-THERAPY-731412	scientiae_et_patriae	sapiens_qui_prospicit	labor_ipse_voluptas	salus_in_arduis	679	817	Less than partial response	labor_ipse_voluptas
targeted_therapy	CTDC-PARTICIPANT-283939	CTDC-TARGETED-THERAPY-904913	a_bene_placito	faber_est_suae_quisque_fortunae	nanos_gigantum_humeris_insidentes	scientia_et_labor	557	483	Not Evaluable	nanos_gigantum_humeris_insidentes
targeted_therapy	CTDC-PARTICIPANT-283939	CTDC-TARGETED-THERAPY-875365	O_Tite_tute_Tati_tibi_tanta_tyranne_tulisti	damnant_quod_non_intellegunt	barba_crescit_caput_nescit	scientia_et_sapientia	634	620	Unknown	nascentes_morimur_finisque_ab_origine_pendet
targeted_therapy	CTDC-PARTICIPANT-817899	CTDC-TARGETED-THERAPY-438507	scientia_et_labor	pace_tua	O_Tite_tute_Tati_tibi_tanta_tyranne_tulisti	labor_ipse_voluptas	217	832	Complete Response	scientia_et_sapientia
targeted_therapy	CTDC-PARTICIPANT-817899	CTDC-TARGETED-THERAPY-131234	cacatum_non_est_pictum	imperium_in_imperio	faber_est_suae_quisque_fortunae	cacatum_non_est_pictum	488	343	Stable Disease	salus_in_arduis
targeted_therapy	CTDC-PARTICIPANT-734618	CTDC-TARGETED-THERAPY-464803	Gallia_est_omnis_divisa_in_partes_tres	scientia_et_labor	imperium_in_imperio	scientia_imperii_decus_et_tutamen	670	897	Partial Response	imperium_in_imperio
targeted_therapy	CTDC-PARTICIPANT-734618	CTDC-TARGETED-THERAPY-318926	nanos_gigantum_humeris_insidentes	Obedientia_civium_urbis_felicitas	scientiae_et_patriae	Gallia_est_omnis_divisa_in_partes_tres	763	171	Complete Response	O_Tite_tute_Tati_tibi_tanta_tyranne_tulisti
targeted_therapy	CTDC-PARTICIPANT-687386	CTDC-TARGETED-THERAPY-595571	labor_ipse_voluptas	damnant_quod_non_intellegunt	scientiae_et_patriae	barba_crescit_caput_nescit	741	343	Unknown	nascentes_morimur_finisque_ab_origine_pendet
targeted_therapy	CTDC-PARTICIPANT-687386	CTDC-TARGETED-THERAPY-569626	a_bene_placito	faber_est_suae_quisque_fortunae	id_quod_plerumque_accidit	barba_crescit_caput_nescit	968	123	Complete Response	labor_ipse_voluptas
targeted_therapy	CTDC-PARTICIPANT-167854	CTDC-TARGETED-THERAPY-198200	scientia_imperii_decus_et_tutamen	pace_tua	imperium_in_imperio	cacatum_non_est_pictum	147	262	Stable Disease	labor_ipse_voluptas
targeted_therapy	CTDC-PARTICIPANT-167854	CTDC-TARGETED-THERAPY-135693	scientia_et_sapientia	a_bene_placito	sapiens_qui_prospicit	labor_ipse_voluptas	523	203	Not Assessed	id_quod_plerumque_accidit
targeted_therapy	CTDC-PARTICIPANT-710214	CTDC-TARGETED-THERAPY-568133	nascentes_morimur_finisque_ab_origine_pendet	a_bene_placito	pace_tua	scientia_et_labor	895	412	Unknown	damnant_quod_non_intellegunt
targeted_therapy	CTDC-PARTICIPANT-710214	CTDC-TARGETED-THERAPY-373305	imperium_in_imperio	a_bene_placito	nascentes_morimur_finisque_ab_origine_pendet	cacatum_non_est_pictum	858	576	Partial Response	e_causa_ignota
targeted_therapy	CTDC-PARTICIPANT-438817	CTDC-TARGETED-THERAPY-577257	scientiae_cedit_mare	pace_tua	faber_est_suae_quisque_fortunae	scientiae_et_patriae	793	778	Unknown	e_causa_ignota
targeted_therapy	CTDC-PARTICIPANT-438817	CTDC-TARGETED-THERAPY-314903	scientia_et_sapientia	scientiae_et_patriae	scientia,_aere_perennius	scientia_imperii_decus_et_tutamen	674	515	Less than partial response	e_causa_ignota
targeted_therapy	CTDC-PARTICIPANT-492236	CTDC-TARGETED-THERAPY-355029	scientiae_et_patriae	O_Tite_tute_Tati_tibi_tanta_tyranne_tulisti	barba_crescit_caput_nescit	a_bene_placito	457	108	Complete Response	labor_ipse_voluptas
targeted_therapy	CTDC-PARTICIPANT-492236	CTDC-TARGETED-THERAPY-267665	Gallia_est_omnis_divisa_in_partes_tres	scientiae_et_patriae	saltus_in_demonstrando	scientiae_cedit_mare	962	433	Unknown	e_causa_ignota
targeted_therapy	CTDC-PARTICIPANT-831175	CTDC-TARGETED-THERAPY-737007	salus_in_arduis	a_bene_placito	nanos_gigantum_humeris_insidentes	Gallia_est_omnis_divisa_in_partes_tres	765	779	Less than partial response	barba_crescit_caput_nescit
targeted_therapy	CTDC-PARTICIPANT-831175	CTDC-TARGETED-THERAPY-899890	Macte_animo_Generose_puer_sic_itur_ad_astra	pace_tua	salus_in_arduis	e_causa_ignota	112	134	Progressive Disease	faber_est_suae_quisque_fortunae
targeted_therapy	CTDC-PARTICIPANT-164613	CTDC-TARGETED-THERAPY-169296	faber_est_suae_quisque_fortunae	a_bene_placito	scientia,_aere_perennius	faber_est_suae_quisque_fortunae	127	685	Progressive Disease	scientia_et_labor
targeted_therapy	CTDC-PARTICIPANT-164613	CTDC-TARGETED-THERAPY-521093	imperium_in_imperio	a_bene_placito	scientia,_aere_perennius	damnant_quod_non_intellegunt	961	357	Unknown	nascentes_morimur_finisque_ab_origine_pendet
targeted_therapy	CTDC-PARTICIPANT-297317	CTDC-TARGETED-THERAPY-891544	labor_ipse_voluptas	Obedientia_civium_urbis_felicitas	Macte_animo_Generose_puer_sic_itur_ad_astra	Macte_animo_Generose_puer_sic_itur_ad_astra	205	886	Complete Response	barba_crescit_caput_nescit
targeted_therapy	CTDC-PARTICIPANT-297317	CTDC-TARGETED-THERAPY-439133	e_causa_ignota	id_quod_plerumque_accidit	scientia,_aere_perennius	faber_est_suae_quisque_fortunae	806	942	Progressive Disease	haec_olim_meminisse_iuvabit
targeted_therapy	CTDC-PARTICIPANT-694822	CTDC-TARGETED-THERAPY-870730	Obedientia_civium_urbis_felicitas	scientia_et_labor	O_Tite_tute_Tati_tibi_tanta_tyranne_tulisti	barba_crescit_caput_nescit	485	510	Progressive Disease	O_Tite_tute_Tati_tibi_tanta_tyranne_tulisti
targeted_therapy	CTDC-PARTICIPANT-694822	CTDC-TARGETED-THERAPY-772553	saltus_in_demonstrando	Macte_animo_Generose_puer_sic_itur_ad_astra	pace_tua	scientia,_aere_perennius	433	317	Unknown	Gallia_est_omnis_divisa_in_partes_tres
targeted_therapy	CTDC-PARTICIPANT-817795	CTDC-TARGETED-THERAPY-165352	barba_crescit_caput_nescit	e_causa_ignota	nascentes_morimur_finisque_ab_origine_pendet	Macte_animo_Generose_puer_sic_itur_ad_astra	597	80	Less than partial response	scientia_imperii_decus_et_tutamen
targeted_therapy	CTDC-PARTICIPANT-817795	CTDC-TARGETED-THERAPY-144029	imperium_in_imperio	O_Tite_tute_Tati_tibi_tanta_tyranne_tulisti	e_causa_ignota	labor_ipse_voluptas	464	21	Unknown	e_causa_ignota
targeted_therapy	CTDC-PARTICIPANT-907386	CTDC-TARGETED-THERAPY-651535	a_bene_placito	scientiae_cedit_mare	damnant_quod_non_intellegunt	sapiens_qui_prospicit	592	845	Too Early	O_Tite_tute_Tati_tibi_tanta_tyranne_tulisti
targeted_therapy	CTDC-PARTICIPANT-907386	CTDC-TARGETED-THERAPY-587136	nascentes_morimur_finisque_ab_origine_pendet	scientiae_et_patriae	pace_tua	Obedientia_civium_urbis_felicitas	35	753	Unknown	nascentes_morimur_finisque_ab_origine_pendet
targeted_therapy	CTDC-PARTICIPANT-555289	CTDC-TARGETED-THERAPY-934324	Obedientia_civium_urbis_felicitas	Gallia_est_omnis_divisa_in_partes_tres	pace_tua	a_bene_placito	68	660	Not Assessed	damnant_quod_non_intellegunt
targeted_therapy	CTDC-PARTICIPANT-555289	CTDC-TARGETED-THERAPY-174201	Macte_animo_Generose_puer_sic_itur_ad_astra	scientia,_aere_perennius	labor_ipse_voluptas	sapiens_qui_prospicit	586	371	Stable Disease	a_bene_placito
targeted_therapy	CTDC-PARTICIPANT-849475	CTDC-TARGETED-THERAPY-897290	e_causa_ignota	Obedientia_civium_urbis_felicitas	scientia_imperii_decus_et_tutamen	nascentes_morimur_finisque_ab_origine_pendet	757	375	Progressive Disease	imperium_in_imperio
targeted_therapy	CTDC-PARTICIPANT-849475	CTDC-TARGETED-THERAPY-688487	faber_est_suae_quisque_fortunae	cacatum_non_est_pictum	faber_est_suae_quisque_fortunae	scientiae_et_patriae	661	755	Too Early	O_Tite_tute_Tati_tibi_tanta_tyranne_tulisti
targeted_therapy	CTDC-PARTICIPANT-950504	CTDC-TARGETED-THERAPY-117327	pace_tua	scientiae_cedit_mare	salus_in_arduis	Gallia_est_omnis_divisa_in_partes_tres	830	892	Progressive Disease	scientia,_aere_perennius
targeted_therapy	CTDC-PARTICIPANT-950504	CTDC-TARGETED-THERAPY-948238	O_Tite_tute_Tati_tibi_tanta_tyranne_tulisti	a_bene_placito	Obedientia_civium_urbis_felicitas	e_causa_ignota	217	607	Progressive Disease	pace_tua
targeted_therapy	CTDC-PARTICIPANT-356630	CTDC-TARGETED-THERAPY-367693	imperium_in_imperio	Macte_animo_Generose_puer_sic_itur_ad_astra	faber_est_suae_quisque_fortunae	imperium_in_imperio	616	209	Not Assessed	scientia_et_sapientia
targeted_therapy	CTDC-PARTICIPANT-356630	CTDC-TARGETED-THERAPY-854217	salus_in_arduis	scientia_et_sapientia	scientia_et_labor	scientia_et_labor	948	825	Not Evaluable	damnant_quod_non_intellegunt
targeted_therapy	CTDC-PARTICIPANT-997361	CTDC-TARGETED-THERAPY-363100	labor_ipse_voluptas	saltus_in_demonstrando	nanos_gigantum_humeris_insidentes	sapiens_qui_prospicit	916	381	Unknown	salus_in_arduis
targeted_therapy	CTDC-PARTICIPANT-997361	CTDC-TARGETED-THERAPY-184098	faber_est_suae_quisque_fortunae	e_causa_ignota	Gallia_est_omnis_divisa_in_partes_tres	scientiae_et_patriae	475	447	Progressive Disease	scientia_et_sapientia
targeted_therapy	CTDC-PARTICIPANT-904557	CTDC-TARGETED-THERAPY-271201	scientia_et_labor	labor_ipse_voluptas	scientia_imperii_decus_et_tutamen	O_Tite_tute_Tati_tibi_tanta_tyranne_tulisti	693	592	Partial Response	saltus_in_demonstrando
targeted_therapy	CTDC-PARTICIPANT-904557	CTDC-TARGETED-THERAPY-368991	scientia_et_sapientia	damnant_quod_non_intellegunt	labor_ipse_voluptas	scientia_imperii_decus_et_tutamen	778	83	Not Assessed	a_bene_placito
targeted_therapy	CTDC-PARTICIPANT-442456	CTDC-TARGETED-THERAPY-709390	Obedientia_civium_urbis_felicitas	O_Tite_tute_Tati_tibi_tanta_tyranne_tulisti	Gallia_est_omnis_divisa_in_partes_tres	Macte_animo_Generose_puer_sic_itur_ad_astra	548	519	Not Evaluable	scientia,_aere_perennius
targeted_therapy	CTDC-PARTICIPANT-442456	CTDC-TARGETED-THERAPY-654994	scientia_et_labor	scientia_imperii_decus_et_tutamen	Gallia_est_omnis_divisa_in_partes_tres	barba_crescit_caput_nescit	80	619	Complete Response	faber_est_suae_quisque_fortunae
targeted_therapy	CTDC-PARTICIPANT-350920	CTDC-TARGETED-THERAPY-686798	faber_est_suae_quisque_fortunae	e_causa_ignota	pace_tua	Obedientia_civium_urbis_felicitas	760	57	Less than partial response	barba_crescit_caput_nescit
targeted_therapy	CTDC-PARTICIPANT-350920	CTDC-TARGETED-THERAPY-643975	scientia,_aere_perennius	scientiae_et_patriae	imperium_in_imperio	scientia,_aere_perennius	307	906	Not Evaluable	labor_ipse_voluptas
targeted_therapy	CTDC-PARTICIPANT-384798	CTDC-TARGETED-THERAPY-771762	imperium_in_imperio	scientia_et_labor	cacatum_non_est_pictum	scientiae_et_patriae	165	265	Progressive Disease	Obedientia_civium_urbis_felicitas
targeted_therapy	CTDC-PARTICIPANT-384798	CTDC-TARGETED-THERAPY-384609	sapiens_qui_prospicit	id_quod_plerumque_accidit	pace_tua	scientia_et_labor	130	155	Complete Response	id_quod_plerumque_accidit
targeted_therapy	CTDC-PARTICIPANT-241999	CTDC-TARGETED-THERAPY-553970	pace_tua	scientia_et_labor	O_Tite_tute_Tati_tibi_tanta_tyranne_tulisti	nanos_gigantum_humeris_insidentes	49	797	Not Assessed	O_Tite_tute_Tati_tibi_tanta_tyranne_tulisti
targeted_therapy	CTDC-PARTICIPANT-241999	CTDC-TARGETED-THERAPY-176550	scientia_et_sapientia	faber_est_suae_quisque_fortunae	scientiae_et_patriae	scientia_et_labor	839	191	Too Early	cacatum_non_est_pictum
targeted_therapy	CTDC-PARTICIPANT-320397	CTDC-TARGETED-THERAPY-543271	scientia_et_sapientia	scientiae_cedit_mare	barba_crescit_caput_nescit	a_bene_placito	816	126	Partial Response	sapiens_qui_prospicit
targeted_therapy	CTDC-PARTICIPANT-320397	CTDC-TARGETED-THERAPY-367201	haec_olim_meminisse_iuvabit	Gallia_est_omnis_divisa_in_partes_tres	a_bene_placito	salus_in_arduis	503	209	Not Assessed	haec_olim_meminisse_iuvabit
targeted_therapy	CTDC-PARTICIPANT-343299	CTDC-TARGETED-THERAPY-977977	cacatum_non_est_pictum	scientia_et_sapientia	haec_olim_meminisse_iuvabit	haec_olim_meminisse_iuvabit	884	717	Unknown	faber_est_suae_quisque_fortunae
targeted_therapy	CTDC-PARTICIPANT-343299	CTDC-TARGETED-THERAPY-558251	faber_est_suae_quisque_fortunae	haec_olim_meminisse_iuvabit	scientiae_et_patriae	saltus_in_demonstrando	686	300	Not Evaluable	pace_tua
targeted_therapy	CTDC-PARTICIPANT-559279	CTDC-TARGETED-THERAPY-140749	pace_tua	cacatum_non_est_pictum	Macte_animo_Generose_puer_sic_itur_ad_astra	scientia_imperii_decus_et_tutamen	759	729	Progressive Disease	Macte_animo_Generose_puer_sic_itur_ad_astra
targeted_therapy	CTDC-PARTICIPANT-559279	CTDC-TARGETED-THERAPY-992381	Obedientia_civium_urbis_felicitas	saltus_in_demonstrando	pace_tua	sapiens_qui_prospicit	857	597	Partial Response	sapiens_qui_prospicit
targeted_therapy	CTDC-PARTICIPANT-588655	CTDC-TARGETED-THERAPY-878117	saltus_in_demonstrando	Obedientia_civium_urbis_felicitas	e_causa_ignota	nascentes_morimur_finisque_ab_origine_pendet	429	257	Not Assessed	sapiens_qui_prospicit
targeted_therapy	CTDC-PARTICIPANT-588655	CTDC-TARGETED-THERAPY-231649	id_quod_plerumque_accidit	Gallia_est_omnis_divisa_in_partes_tres	saltus_in_demonstrando	sapiens_qui_prospicit	130	591	Complete Response	faber_est_suae_quisque_fortunae
targeted_therapy	CTDC-PARTICIPANT-941268	CTDC-TARGETED-THERAPY-924061	salus_in_arduis	scientia_et_labor	O_Tite_tute_Tati_tibi_tanta_tyranne_tulisti	scientia,_aere_perennius	617	343	Not Assessed	e_causa_ignota
targeted_therapy	CTDC-PARTICIPANT-941268	CTDC-TARGETED-THERAPY-290768	salus_in_arduis	cacatum_non_est_pictum	O_Tite_tute_Tati_tibi_tanta_tyranne_tulisti	e_causa_ignota	443	624	Less than partial response	saltus_in_demonstrando
targeted_therapy	CTDC-PARTICIPANT-114882	CTDC-TARGETED-THERAPY-265690	Macte_animo_Generose_puer_sic_itur_ad_astra	cacatum_non_est_pictum	Obedientia_civium_urbis_felicitas	scientia_imperii_decus_et_tutamen	286	132	Unknown	saltus_in_demonstrando
targeted_therapy	CTDC-PARTICIPANT-114882	CTDC-TARGETED-THERAPY-947722	saltus_in_demonstrando	barba_crescit_caput_nescit	imperium_in_imperio	e_causa_ignota	801	796	Progressive Disease	saltus_in_demonstrando
targeted_therapy	CTDC-PARTICIPANT-421806	CTDC-TARGETED-THERAPY-685253	scientia_imperii_decus_et_tutamen	Obedientia_civium_urbis_felicitas	id_quod_plerumque_accidit	scientia,_aere_perennius	313	238	Partial Response	labor_ipse_voluptas
targeted_therapy	CTDC-PARTICIPANT-421806	CTDC-TARGETED-THERAPY-415008	damnant_quod_non_intellegunt	damnant_quod_non_intellegunt	e_causa_ignota	nanos_gigantum_humeris_insidentes	587	197	Not Evaluable	salus_in_arduis
targeted_therapy	CTDC-PARTICIPANT-831231	CTDC-TARGETED-THERAPY-221640	e_causa_ignota	haec_olim_meminisse_iuvabit	scientia_imperii_decus_et_tutamen	imperium_in_imperio	385	282	Stable Disease	pace_tua
targeted_therapy	CTDC-PARTICIPANT-831231	CTDC-TARGETED-THERAPY-348672	scientia,_aere_perennius	haec_olim_meminisse_iuvabit	faber_est_suae_quisque_fortunae	scientia_et_labor	853	200	Not Assessed	faber_est_suae_quisque_fortunae
targeted_therapy	CTDC-PARTICIPANT-403816	CTDC-TARGETED-THERAPY-151793	Gallia_est_omnis_divisa_in_partes_tres	barba_crescit_caput_nescit	sapiens_qui_prospicit	scientiae_cedit_mare	584	160	Progressive Disease	Obedientia_civium_urbis_felicitas
targeted_therapy	CTDC-PARTICIPANT-403816	CTDC-TARGETED-THERAPY-864881	sapiens_qui_prospicit	salus_in_arduis	scientia_imperii_decus_et_tutamen	pace_tua	27	283	Progressive Disease	scientia_imperii_decus_et_tutamen
targeted_therapy	CTDC-PARTICIPANT-662249	CTDC-TARGETED-THERAPY-279316	nanos_gigantum_humeris_insidentes	saltus_in_demonstrando	nanos_gigantum_humeris_insidentes	saltus_in_demonstrando	33	99	Too Early	scientia,_aere_perennius
targeted_therapy	CTDC-PARTICIPANT-662249	CTDC-TARGETED-THERAPY-454432	scientiae_et_patriae	e_causa_ignota	cacatum_non_est_pictum	cacatum_non_est_pictum	410	291	Less than partial response	scientia_et_labor
targeted_therapy	CTDC-PARTICIPANT-633930	CTDC-TARGETED-THERAPY-370834	scientia_imperii_decus_et_tutamen	barba_crescit_caput_nescit	scientia,_aere_perennius	scientiae_et_patriae	359	701	Too Early	scientia_et_labor
targeted_therapy	CTDC-PARTICIPANT-633930	CTDC-TARGETED-THERAPY-935831	damnant_quod_non_intellegunt	scientia_imperii_decus_et_tutamen	faber_est_suae_quisque_fortunae	nanos_gigantum_humeris_insidentes	466	683	Unknown	sapiens_qui_prospicit
targeted_therapy	CTDC-PARTICIPANT-100511	CTDC-TARGETED-THERAPY-531759	barba_crescit_caput_nescit	scientiae_cedit_mare	scientia,_aere_perennius	scientia_imperii_decus_et_tutamen	223	607	Less than partial response	damnant_quod_non_intellegunt
targeted_therapy	CTDC-PARTICIPANT-100511	CTDC-TARGETED-THERAPY-426310	scientia_et_sapientia	saltus_in_demonstrando	Macte_animo_Generose_puer_sic_itur_ad_astra	Gallia_est_omnis_divisa_in_partes_tres	813	371	Unknown	a_bene_placito
targeted_therapy	CTDC-PARTICIPANT-242408	CTDC-TARGETED-THERAPY-699588	barba_crescit_caput_nescit	haec_olim_meminisse_iuvabit	scientia_imperii_decus_et_tutamen	nascentes_morimur_finisque_ab_origine_pendet	331	87	Progressive Disease	nanos_gigantum_humeris_insidentes
targeted_therapy	CTDC-PARTICIPANT-242408	CTDC-TARGETED-THERAPY-916733	Gallia_est_omnis_divisa_in_partes_tres	Obedientia_civium_urbis_felicitas	nascentes_morimur_finisque_ab_origine_pendet	scientia,_aere_perennius	752	765	Too Early	imperium_in_imperio
targeted_therapy	CTDC-PARTICIPANT-431828	CTDC-TARGETED-THERAPY-128544	labor_ipse_voluptas	scientiae_cedit_mare	damnant_quod_non_intellegunt	Gallia_est_omnis_divisa_in_partes_tres	864	551	Unknown	e_causa_ignota
targeted_therapy	CTDC-PARTICIPANT-431828	CTDC-TARGETED-THERAPY-202689	faber_est_suae_quisque_fortunae	Gallia_est_omnis_divisa_in_partes_tres	scientia_imperii_decus_et_tutamen	O_Tite_tute_Tati_tibi_tanta_tyranne_tulisti	369	20	Unknown	Macte_animo_Generose_puer_sic_itur_ad_astra
targeted_therapy	CTDC-PARTICIPANT-758307	CTDC-TARGETED-THERAPY-573311	scientia_et_sapientia	imperium_in_imperio	barba_crescit_caput_nescit	scientia_imperii_decus_et_tutamen	160	445	Partial Response	labor_ipse_voluptas
targeted_therapy	CTDC-PARTICIPANT-758307	CTDC-TARGETED-THERAPY-998745	a_bene_placito	salus_in_arduis	cacatum_non_est_pictum	Obedientia_civium_urbis_felicitas	825	586	Partial Response	scientiae_cedit_mare
targeted_therapy	CTDC-PARTICIPANT-968512	CTDC-TARGETED-THERAPY-759834	id_quod_plerumque_accidit	id_quod_plerumque_accidit	a_bene_placito	saltus_in_demonstrando	170	670	Complete Response	scientia_imperii_decus_et_tutamen
targeted_therapy	CTDC-PARTICIPANT-968512	CTDC-TARGETED-THERAPY-111993	nascentes_morimur_finisque_ab_origine_pendet	scientia_et_sapientia	scientia_et_sapientia	saltus_in_demonstrando	514	224	Stable Disease	damnant_quod_non_intellegunt
targeted_therapy	CTDC-PARTICIPANT-642052	CTDC-TARGETED-THERAPY-830187	scientiae_et_patriae	a_bene_placito	pace_tua	nascentes_morimur_finisque_ab_origine_pendet	548	42	Not Assessed	cacatum_non_est_pictum
targeted_therapy	CTDC-PARTICIPANT-642052	CTDC-TARGETED-THERAPY-581434	saltus_in_demonstrando	cacatum_non_est_pictum	scientia_et_sapientia	damnant_quod_non_intellegunt	644	854	Unknown	a_bene_placito
targeted_therapy	CTDC-PARTICIPANT-979933	CTDC-TARGETED-THERAPY-385093	saltus_in_demonstrando	nascentes_morimur_finisque_ab_origine_pendet	scientia_imperii_decus_et_tutamen	salus_in_arduis	190	104	Not Assessed	saltus_in_demonstrando
targeted_therapy	CTDC-PARTICIPANT-979933	CTDC-TARGETED-THERAPY-180705	pace_tua	scientiae_cedit_mare	scientia,_aere_perennius	scientia,_aere_perennius	346	239	Unknown	sapiens_qui_prospicit
