type	study.study_short_name	associated_link_record_id	associated_link_name	associated_link_url	crdc_id
associated_link	CTDC-STUDY-882864	CTDC-ASSOCIATED-LINK-686695	a_bene_placito	haec_olim_meminisse_iuvabit	Macte_animo_Generose_puer_sic_itur_ad_astra
associated_link	CTDC-STUDY-882864	CTDC-ASSOCIATED-LINK-438119	scientia_et_sapientia	sapiens_qui_prospicit	nascentes_morimur_finisque_ab_origine_pendet
associated_link	CTDC-STUDY-882864	CTDC-ASSOCIATED-LINK-724378	sapiens_qui_prospicit	cacatum_non_est_pictum	scientia_et_labor
associated_link	CTDC-STUDY-882864	CTDC-ASSOCIATED-LINK-627506	Gallia_est_omnis_divisa_in_partes_tres	barba_crescit_caput_nescit	scientia_et_sapientia
associated_link	CTDC-STUDY-882864	CTDC-ASSOCIATED-LINK-968563	pace_tua	barba_crescit_caput_nescit	Macte_animo_Generose_puer_sic_itur_ad_astra
associated_link	CTDC-STUDY-882864	CTDC-ASSOCIATED-LINK-139204	Gallia_est_omnis_divisa_in_partes_tres	pace_tua	nanos_gigantum_humeris_insidentes
associated_link	CTDC-STUDY-882864	CTDC-ASSOCIATED-LINK-800594	e_causa_ignota	a_bene_placito	scientia_imperii_decus_et_tutamen
associated_link	CTDC-STUDY-882864	CTDC-ASSOCIATED-LINK-171987	Macte_animo_Generose_puer_sic_itur_ad_astra	e_causa_ignota	scientia_imperii_decus_et_tutamen
associated_link	CTDC-STUDY-882864	CTDC-ASSOCIATED-LINK-978816	imperium_in_imperio	nanos_gigantum_humeris_insidentes	nanos_gigantum_humeris_insidentes
associated_link	CTDC-STUDY-882864	CTDC-ASSOCIATED-LINK-536735	scientia_imperii_decus_et_tutamen	nanos_gigantum_humeris_insidentes	cacatum_non_est_pictum
associated_link	CTDC-STUDY-882864	CTDC-ASSOCIATED-LINK-627535	nascentes_morimur_finisque_ab_origine_pendet	damnant_quod_non_intellegunt	imperium_in_imperio
associated_link	CTDC-STUDY-882864	CTDC-ASSOCIATED-LINK-976060	damnant_quod_non_intellegunt	damnant_quod_non_intellegunt	scientia_et_labor
associated_link	CTDC-STUDY-882864	CTDC-ASSOCIATED-LINK-915283	barba_crescit_caput_nescit	scientia_et_sapientia	barba_crescit_caput_nescit
associated_link	CTDC-STUDY-882864	CTDC-ASSOCIATED-LINK-503775	O_Tite_tute_Tati_tibi_tanta_tyranne_tulisti	a_bene_placito	scientia_et_sapientia
associated_link	CTDC-STUDY-882864	CTDC-ASSOCIATED-LINK-480042	cacatum_non_est_pictum	faber_est_suae_quisque_fortunae	faber_est_suae_quisque_fortunae
associated_link	CTDC-STUDY-882864	CTDC-ASSOCIATED-LINK-956855	sapiens_qui_prospicit	O_Tite_tute_Tati_tibi_tanta_tyranne_tulisti	scientia_imperii_decus_et_tutamen
associated_link	CTDC-STUDY-882864	CTDC-ASSOCIATED-LINK-636757	nanos_gigantum_humeris_insidentes	nascentes_morimur_finisque_ab_origine_pendet	scientiae_et_patriae
associated_link	CTDC-STUDY-882864	CTDC-ASSOCIATED-LINK-537850	imperium_in_imperio	cacatum_non_est_pictum	a_bene_placito
associated_link	CTDC-STUDY-882864	CTDC-ASSOCIATED-LINK-208738	scientia_et_labor	O_Tite_tute_Tati_tibi_tanta_tyranne_tulisti	barba_crescit_caput_nescit
associated_link	CTDC-STUDY-882864	CTDC-ASSOCIATED-LINK-199480	pace_tua	sapiens_qui_prospicit	Gallia_est_omnis_divisa_in_partes_tres
associated_link	CTDC-STUDY-882864	CTDC-ASSOCIATED-LINK-814870	O_Tite_tute_Tati_tibi_tanta_tyranne_tulisti	scientia_et_sapientia	scientia_et_sapientia
associated_link	CTDC-STUDY-882864	CTDC-ASSOCIATED-LINK-528210	O_Tite_tute_Tati_tibi_tanta_tyranne_tulisti	scientia_imperii_decus_et_tutamen	scientiae_et_patriae
associated_link	CTDC-STUDY-882864	CTDC-ASSOCIATED-LINK-947710	scientiae_cedit_mare	nascentes_morimur_finisque_ab_origine_pendet	pace_tua
associated_link	CTDC-STUDY-882864	CTDC-ASSOCIATED-LINK-997403	scientia_imperii_decus_et_tutamen	labor_ipse_voluptas	Obedientia_civium_urbis_felicitas
associated_link	CTDC-STUDY-882864	CTDC-ASSOCIATED-LINK-907382	e_causa_ignota	scientia_et_sapientia	scientia,_aere_perennius
associated_link	CTDC-STUDY-882864	CTDC-ASSOCIATED-LINK-892230	nanos_gigantum_humeris_insidentes	pace_tua	scientia_et_sapientia
associated_link	CTDC-STUDY-882864	CTDC-ASSOCIATED-LINK-240805	labor_ipse_voluptas	pace_tua	a_bene_placito
associated_link	CTDC-STUDY-882864	CTDC-ASSOCIATED-LINK-472771	haec_olim_meminisse_iuvabit	nascentes_morimur_finisque_ab_origine_pendet	nanos_gigantum_humeris_insidentes
associated_link	CTDC-STUDY-882864	CTDC-ASSOCIATED-LINK-283404	pace_tua	Obedientia_civium_urbis_felicitas	barba_crescit_caput_nescit
associated_link	CTDC-STUDY-882864	CTDC-ASSOCIATED-LINK-914002	scientia,_aere_perennius	saltus_in_demonstrando	labor_ipse_voluptas
associated_link	CTDC-STUDY-882864	CTDC-ASSOCIATED-LINK-193731	pace_tua	scientia_et_labor	scientia_imperii_decus_et_tutamen
associated_link	CTDC-STUDY-882864	CTDC-ASSOCIATED-LINK-980672	faber_est_suae_quisque_fortunae	Gallia_est_omnis_divisa_in_partes_tres	saltus_in_demonstrando
associated_link	CTDC-STUDY-882864	CTDC-ASSOCIATED-LINK-448159	scientiae_et_patriae	Macte_animo_Generose_puer_sic_itur_ad_astra	scientiae_cedit_mare
associated_link	CTDC-STUDY-882864	CTDC-ASSOCIATED-LINK-267051	scientiae_et_patriae	nascentes_morimur_finisque_ab_origine_pendet	labor_ipse_voluptas
associated_link	CTDC-STUDY-882864	CTDC-ASSOCIATED-LINK-382839	scientiae_et_patriae	scientia_et_labor	labor_ipse_voluptas
associated_link	CTDC-STUDY-882864	CTDC-ASSOCIATED-LINK-795117	scientia_imperii_decus_et_tutamen	scientia,_aere_perennius	scientia_et_labor
associated_link	CTDC-STUDY-882864	CTDC-ASSOCIATED-LINK-557029	e_causa_ignota	e_causa_ignota	Obedientia_civium_urbis_felicitas
associated_link	CTDC-STUDY-882864	CTDC-ASSOCIATED-LINK-201853	Obedientia_civium_urbis_felicitas	scientia,_aere_perennius	nanos_gigantum_humeris_insidentes
associated_link	CTDC-STUDY-882864	CTDC-ASSOCIATED-LINK-343991	cacatum_non_est_pictum	O_Tite_tute_Tati_tibi_tanta_tyranne_tulisti	nanos_gigantum_humeris_insidentes
associated_link	CTDC-STUDY-882864	CTDC-ASSOCIATED-LINK-302511	cacatum_non_est_pictum	imperium_in_imperio	id_quod_plerumque_accidit
associated_link	CTDC-STUDY-882864	CTDC-ASSOCIATED-LINK-450263	scientia_imperii_decus_et_tutamen	O_Tite_tute_Tati_tibi_tanta_tyranne_tulisti	barba_crescit_caput_nescit
associated_link	CTDC-STUDY-882864	CTDC-ASSOCIATED-LINK-850203	damnant_quod_non_intellegunt	salus_in_arduis	e_causa_ignota
associated_link	CTDC-STUDY-882864	CTDC-ASSOCIATED-LINK-583674	O_Tite_tute_Tati_tibi_tanta_tyranne_tulisti	scientia,_aere_perennius	Gallia_est_omnis_divisa_in_partes_tres
associated_link	CTDC-STUDY-882864	CTDC-ASSOCIATED-LINK-483476	scientia,_aere_perennius	nascentes_morimur_finisque_ab_origine_pendet	nascentes_morimur_finisque_ab_origine_pendet
associated_link	CTDC-STUDY-882864	CTDC-ASSOCIATED-LINK-223569	nascentes_morimur_finisque_ab_origine_pendet	Obedientia_civium_urbis_felicitas	Gallia_est_omnis_divisa_in_partes_tres
associated_link	CTDC-STUDY-882864	CTDC-ASSOCIATED-LINK-609428	e_causa_ignota	scientia_imperii_decus_et_tutamen	haec_olim_meminisse_iuvabit
associated_link	CTDC-STUDY-882864	CTDC-ASSOCIATED-LINK-256793	cacatum_non_est_pictum	imperium_in_imperio	haec_olim_meminisse_iuvabit
associated_link	CTDC-STUDY-882864	CTDC-ASSOCIATED-LINK-872727	nascentes_morimur_finisque_ab_origine_pendet	labor_ipse_voluptas	saltus_in_demonstrando
associated_link	CTDC-STUDY-882864	CTDC-ASSOCIATED-LINK-458786	nanos_gigantum_humeris_insidentes	scientia_imperii_decus_et_tutamen	imperium_in_imperio
associated_link	CTDC-STUDY-882864	CTDC-ASSOCIATED-LINK-168899	Macte_animo_Generose_puer_sic_itur_ad_astra	cacatum_non_est_pictum	faber_est_suae_quisque_fortunae
associated_link	CTDC-STUDY-882864	CTDC-ASSOCIATED-LINK-750846	faber_est_suae_quisque_fortunae	labor_ipse_voluptas	haec_olim_meminisse_iuvabit
associated_link	CTDC-STUDY-882864	CTDC-ASSOCIATED-LINK-634315	nanos_gigantum_humeris_insidentes	saltus_in_demonstrando	O_Tite_tute_Tati_tibi_tanta_tyranne_tulisti
associated_link	CTDC-STUDY-882864	CTDC-ASSOCIATED-LINK-454290	saltus_in_demonstrando	nanos_gigantum_humeris_insidentes	Obedientia_civium_urbis_felicitas
associated_link	CTDC-STUDY-882864	CTDC-ASSOCIATED-LINK-444936	a_bene_placito	Gallia_est_omnis_divisa_in_partes_tres	e_causa_ignota
associated_link	CTDC-STUDY-882864	CTDC-ASSOCIATED-LINK-595399	Macte_animo_Generose_puer_sic_itur_ad_astra	pace_tua	imperium_in_imperio
associated_link	CTDC-STUDY-882864	CTDC-ASSOCIATED-LINK-122165	pace_tua	cacatum_non_est_pictum	O_Tite_tute_Tati_tibi_tanta_tyranne_tulisti
associated_link	CTDC-STUDY-882864	CTDC-ASSOCIATED-LINK-310914	scientia,_aere_perennius	faber_est_suae_quisque_fortunae	Gallia_est_omnis_divisa_in_partes_tres
associated_link	CTDC-STUDY-882864	CTDC-ASSOCIATED-LINK-463286	nascentes_morimur_finisque_ab_origine_pendet	cacatum_non_est_pictum	id_quod_plerumque_accidit
associated_link	CTDC-STUDY-882864	CTDC-ASSOCIATED-LINK-152420	e_causa_ignota	sapiens_qui_prospicit	e_causa_ignota
associated_link	CTDC-STUDY-882864	CTDC-ASSOCIATED-LINK-904035	sapiens_qui_prospicit	scientiae_et_patriae	cacatum_non_est_pictum
associated_link	CTDC-STUDY-882864	CTDC-ASSOCIATED-LINK-170905	saltus_in_demonstrando	cacatum_non_est_pictum	scientiae_et_patriae
associated_link	CTDC-STUDY-882864	CTDC-ASSOCIATED-LINK-461536	scientiae_et_patriae	id_quod_plerumque_accidit	barba_crescit_caput_nescit
associated_link	CTDC-STUDY-882864	CTDC-ASSOCIATED-LINK-440838	faber_est_suae_quisque_fortunae	scientia,_aere_perennius	labor_ipse_voluptas
associated_link	CTDC-STUDY-882864	CTDC-ASSOCIATED-LINK-696444	a_bene_placito	scientia_et_sapientia	id_quod_plerumque_accidit
associated_link	CTDC-STUDY-882864	CTDC-ASSOCIATED-LINK-382330	haec_olim_meminisse_iuvabit	saltus_in_demonstrando	scientia_et_labor
associated_link	CTDC-STUDY-882864	CTDC-ASSOCIATED-LINK-424500	nascentes_morimur_finisque_ab_origine_pendet	labor_ipse_voluptas	e_causa_ignota
associated_link	CTDC-STUDY-882864	CTDC-ASSOCIATED-LINK-590247	scientia,_aere_perennius	labor_ipse_voluptas	scientiae_cedit_mare
associated_link	CTDC-STUDY-882864	CTDC-ASSOCIATED-LINK-342000	pace_tua	damnant_quod_non_intellegunt	faber_est_suae_quisque_fortunae
associated_link	CTDC-STUDY-882864	CTDC-ASSOCIATED-LINK-159805	imperium_in_imperio	labor_ipse_voluptas	cacatum_non_est_pictum
associated_link	CTDC-STUDY-882864	CTDC-ASSOCIATED-LINK-867924	nascentes_morimur_finisque_ab_origine_pendet	a_bene_placito	cacatum_non_est_pictum
associated_link	CTDC-STUDY-882864	CTDC-ASSOCIATED-LINK-583427	a_bene_placito	Obedientia_civium_urbis_felicitas	a_bene_placito
associated_link	CTDC-STUDY-882864	CTDC-ASSOCIATED-LINK-468939	scientia_et_sapientia	barba_crescit_caput_nescit	Obedientia_civium_urbis_felicitas
associated_link	CTDC-STUDY-882864	CTDC-ASSOCIATED-LINK-727477	scientiae_et_patriae	cacatum_non_est_pictum	Obedientia_civium_urbis_felicitas
associated_link	CTDC-STUDY-882864	CTDC-ASSOCIATED-LINK-550456	salus_in_arduis	nascentes_morimur_finisque_ab_origine_pendet	a_bene_placito
associated_link	CTDC-STUDY-882864	CTDC-ASSOCIATED-LINK-978317	scientia_imperii_decus_et_tutamen	e_causa_ignota	haec_olim_meminisse_iuvabit
associated_link	CTDC-STUDY-882864	CTDC-ASSOCIATED-LINK-814926	salus_in_arduis	salus_in_arduis	scientiae_cedit_mare
associated_link	CTDC-STUDY-882864	CTDC-ASSOCIATED-LINK-965102	barba_crescit_caput_nescit	scientiae_cedit_mare	cacatum_non_est_pictum
associated_link	CTDC-STUDY-882864	CTDC-ASSOCIATED-LINK-173288	cacatum_non_est_pictum	barba_crescit_caput_nescit	scientia_et_labor
associated_link	CTDC-STUDY-882864	CTDC-ASSOCIATED-LINK-209333	Gallia_est_omnis_divisa_in_partes_tres	nascentes_morimur_finisque_ab_origine_pendet	labor_ipse_voluptas
associated_link	CTDC-STUDY-882864	CTDC-ASSOCIATED-LINK-794023	pace_tua	scientiae_et_patriae	scientia,_aere_perennius
associated_link	CTDC-STUDY-882864	CTDC-ASSOCIATED-LINK-848738	scientia_et_labor	faber_est_suae_quisque_fortunae	scientia_imperii_decus_et_tutamen
associated_link	CTDC-STUDY-882864	CTDC-ASSOCIATED-LINK-570616	Macte_animo_Generose_puer_sic_itur_ad_astra	scientia_et_sapientia	haec_olim_meminisse_iuvabit
associated_link	CTDC-STUDY-882864	CTDC-ASSOCIATED-LINK-332263	a_bene_placito	cacatum_non_est_pictum	id_quod_plerumque_accidit
associated_link	CTDC-STUDY-882864	CTDC-ASSOCIATED-LINK-775037	Macte_animo_Generose_puer_sic_itur_ad_astra	a_bene_placito	scientia_et_sapientia
associated_link	CTDC-STUDY-882864	CTDC-ASSOCIATED-LINK-970152	labor_ipse_voluptas	scientiae_et_patriae	O_Tite_tute_Tati_tibi_tanta_tyranne_tulisti
associated_link	CTDC-STUDY-882864	CTDC-ASSOCIATED-LINK-591432	cacatum_non_est_pictum	scientia,_aere_perennius	scientia_et_labor
associated_link	CTDC-STUDY-882864	CTDC-ASSOCIATED-LINK-946574	scientia_imperii_decus_et_tutamen	saltus_in_demonstrando	nanos_gigantum_humeris_insidentes
associated_link	CTDC-STUDY-882864	CTDC-ASSOCIATED-LINK-507744	cacatum_non_est_pictum	labor_ipse_voluptas	nanos_gigantum_humeris_insidentes
associated_link	CTDC-STUDY-882864	CTDC-ASSOCIATED-LINK-541253	Obedientia_civium_urbis_felicitas	saltus_in_demonstrando	faber_est_suae_quisque_fortunae
associated_link	CTDC-STUDY-882864	CTDC-ASSOCIATED-LINK-194860	Macte_animo_Generose_puer_sic_itur_ad_astra	scientia_et_labor	nascentes_morimur_finisque_ab_origine_pendet
associated_link	CTDC-STUDY-882864	CTDC-ASSOCIATED-LINK-562759	O_Tite_tute_Tati_tibi_tanta_tyranne_tulisti	nanos_gigantum_humeris_insidentes	scientiae_et_patriae
associated_link	CTDC-STUDY-882864	CTDC-ASSOCIATED-LINK-392641	pace_tua	scientiae_et_patriae	imperium_in_imperio
associated_link	CTDC-STUDY-882864	CTDC-ASSOCIATED-LINK-833900	scientia_imperii_decus_et_tutamen	scientiae_et_patriae	imperium_in_imperio
associated_link	CTDC-STUDY-882864	CTDC-ASSOCIATED-LINK-234120	Obedientia_civium_urbis_felicitas	scientia,_aere_perennius	scientiae_et_patriae
associated_link	CTDC-STUDY-882864	CTDC-ASSOCIATED-LINK-753903	scientia,_aere_perennius	saltus_in_demonstrando	faber_est_suae_quisque_fortunae
associated_link	CTDC-STUDY-882864	CTDC-ASSOCIATED-LINK-275585	sapiens_qui_prospicit	damnant_quod_non_intellegunt	scientiae_cedit_mare
associated_link	CTDC-STUDY-882864	CTDC-ASSOCIATED-LINK-342975	sapiens_qui_prospicit	pace_tua	Obedientia_civium_urbis_felicitas
associated_link	CTDC-STUDY-882864	CTDC-ASSOCIATED-LINK-545156	a_bene_placito	salus_in_arduis	e_causa_ignota
associated_link	CTDC-STUDY-882864	CTDC-ASSOCIATED-LINK-564547	Obedientia_civium_urbis_felicitas	imperium_in_imperio	Obedientia_civium_urbis_felicitas
associated_link	CTDC-STUDY-882864	CTDC-ASSOCIATED-LINK-656659	scientia_et_labor	a_bene_placito	scientiae_cedit_mare
