type	study.study_short_name	associated_link_record_id	associated_link_name	associated_link_url	crdc_id
associated_link	CTDC-STUDY-441495	CTDC-ASSOCIATED-LINK-932715	e_causa_ignota	id_quod_plerumque_accidit	scientiae_cedit_mare
associated_link	CTDC-STUDY-441495	CTDC-ASSOCIATED-LINK-875936	e_causa_ignota	scientiae_cedit_mare	sapiens_qui_prospicit
associated_link	CTDC-STUDY-441495	CTDC-ASSOCIATED-LINK-942040	O_Tite_tute_Tati_tibi_tanta_tyranne_tulisti	sapiens_qui_prospicit	salus_in_arduis
associated_link	CTDC-STUDY-441495	CTDC-ASSOCIATED-LINK-792868	Macte_animo_Generose_puer_sic_itur_ad_astra	barba_crescit_caput_nescit	Macte_animo_Generose_puer_sic_itur_ad_astra
associated_link	CTDC-STUDY-441495	CTDC-ASSOCIATED-LINK-557993	saltus_in_demonstrando	scientia,_aere_perennius	imperium_in_imperio
associated_link	CTDC-STUDY-441495	CTDC-ASSOCIATED-LINK-289095	damnant_quod_non_intellegunt	scientia,_aere_perennius	Macte_animo_Generose_puer_sic_itur_ad_astra
associated_link	CTDC-STUDY-441495	CTDC-ASSOCIATED-LINK-138169	scientiae_cedit_mare	scientia_et_labor	O_Tite_tute_Tati_tibi_tanta_tyranne_tulisti
associated_link	CTDC-STUDY-441495	CTDC-ASSOCIATED-LINK-878765	scientia_et_labor	scientia_et_sapientia	damnant_quod_non_intellegunt
associated_link	CTDC-STUDY-441495	CTDC-ASSOCIATED-LINK-955220	labor_ipse_voluptas	damnant_quod_non_intellegunt	Obedientia_civium_urbis_felicitas
associated_link	CTDC-STUDY-441495	CTDC-ASSOCIATED-LINK-674975	saltus_in_demonstrando	Gallia_est_omnis_divisa_in_partes_tres	scientia_imperii_decus_et_tutamen
associated_link	CTDC-STUDY-441495	CTDC-ASSOCIATED-LINK-143622	labor_ipse_voluptas	Macte_animo_Generose_puer_sic_itur_ad_astra	scientia_et_sapientia
associated_link	CTDC-STUDY-441495	CTDC-ASSOCIATED-LINK-858490	e_causa_ignota	cacatum_non_est_pictum	sapiens_qui_prospicit
associated_link	CTDC-STUDY-441495	CTDC-ASSOCIATED-LINK-160090	O_Tite_tute_Tati_tibi_tanta_tyranne_tulisti	sapiens_qui_prospicit	O_Tite_tute_Tati_tibi_tanta_tyranne_tulisti
associated_link	CTDC-STUDY-441495	CTDC-ASSOCIATED-LINK-791259	imperium_in_imperio	scientia_et_labor	haec_olim_meminisse_iuvabit
associated_link	CTDC-STUDY-441495	CTDC-ASSOCIATED-LINK-290469	sapiens_qui_prospicit	nascentes_morimur_finisque_ab_origine_pendet	pace_tua
associated_link	CTDC-STUDY-441495	CTDC-ASSOCIATED-LINK-792869	scientiae_et_patriae	faber_est_suae_quisque_fortunae	scientia_et_labor
associated_link	CTDC-STUDY-441495	CTDC-ASSOCIATED-LINK-413292	scientia_et_labor	imperium_in_imperio	O_Tite_tute_Tati_tibi_tanta_tyranne_tulisti
associated_link	CTDC-STUDY-441495	CTDC-ASSOCIATED-LINK-535874	damnant_quod_non_intellegunt	salus_in_arduis	Macte_animo_Generose_puer_sic_itur_ad_astra
associated_link	CTDC-STUDY-441495	CTDC-ASSOCIATED-LINK-616017	labor_ipse_voluptas	damnant_quod_non_intellegunt	Gallia_est_omnis_divisa_in_partes_tres
associated_link	CTDC-STUDY-441495	CTDC-ASSOCIATED-LINK-794422	scientia,_aere_perennius	labor_ipse_voluptas	a_bene_placito
associated_link	CTDC-STUDY-441495	CTDC-ASSOCIATED-LINK-367304	e_causa_ignota	e_causa_ignota	Gallia_est_omnis_divisa_in_partes_tres
associated_link	CTDC-STUDY-441495	CTDC-ASSOCIATED-LINK-783425	O_Tite_tute_Tati_tibi_tanta_tyranne_tulisti	e_causa_ignota	O_Tite_tute_Tati_tibi_tanta_tyranne_tulisti
associated_link	CTDC-STUDY-441495	CTDC-ASSOCIATED-LINK-931981	damnant_quod_non_intellegunt	Obedientia_civium_urbis_felicitas	a_bene_placito
associated_link	CTDC-STUDY-441495	CTDC-ASSOCIATED-LINK-878188	id_quod_plerumque_accidit	Macte_animo_Generose_puer_sic_itur_ad_astra	scientia_et_labor
associated_link	CTDC-STUDY-441495	CTDC-ASSOCIATED-LINK-185969	Obedientia_civium_urbis_felicitas	O_Tite_tute_Tati_tibi_tanta_tyranne_tulisti	labor_ipse_voluptas
associated_link	CTDC-STUDY-441495	CTDC-ASSOCIATED-LINK-814105	id_quod_plerumque_accidit	pace_tua	nanos_gigantum_humeris_insidentes
associated_link	CTDC-STUDY-441495	CTDC-ASSOCIATED-LINK-120241	barba_crescit_caput_nescit	cacatum_non_est_pictum	a_bene_placito
associated_link	CTDC-STUDY-441495	CTDC-ASSOCIATED-LINK-568713	nascentes_morimur_finisque_ab_origine_pendet	Obedientia_civium_urbis_felicitas	haec_olim_meminisse_iuvabit
associated_link	CTDC-STUDY-441495	CTDC-ASSOCIATED-LINK-311993	barba_crescit_caput_nescit	scientia,_aere_perennius	id_quod_plerumque_accidit
associated_link	CTDC-STUDY-441495	CTDC-ASSOCIATED-LINK-356784	scientiae_cedit_mare	Macte_animo_Generose_puer_sic_itur_ad_astra	id_quod_plerumque_accidit
associated_link	CTDC-STUDY-441495	CTDC-ASSOCIATED-LINK-711135	Macte_animo_Generose_puer_sic_itur_ad_astra	Macte_animo_Generose_puer_sic_itur_ad_astra	salus_in_arduis
associated_link	CTDC-STUDY-441495	CTDC-ASSOCIATED-LINK-182351	e_causa_ignota	haec_olim_meminisse_iuvabit	scientia_et_sapientia
associated_link	CTDC-STUDY-441495	CTDC-ASSOCIATED-LINK-639495	barba_crescit_caput_nescit	Obedientia_civium_urbis_felicitas	scientiae_cedit_mare
associated_link	CTDC-STUDY-441495	CTDC-ASSOCIATED-LINK-342361	id_quod_plerumque_accidit	scientiae_cedit_mare	Macte_animo_Generose_puer_sic_itur_ad_astra
associated_link	CTDC-STUDY-441495	CTDC-ASSOCIATED-LINK-667585	O_Tite_tute_Tati_tibi_tanta_tyranne_tulisti	haec_olim_meminisse_iuvabit	imperium_in_imperio
associated_link	CTDC-STUDY-441495	CTDC-ASSOCIATED-LINK-924507	Macte_animo_Generose_puer_sic_itur_ad_astra	pace_tua	Obedientia_civium_urbis_felicitas
associated_link	CTDC-STUDY-441495	CTDC-ASSOCIATED-LINK-804903	scientia_et_labor	a_bene_placito	haec_olim_meminisse_iuvabit
associated_link	CTDC-STUDY-441495	CTDC-ASSOCIATED-LINK-789989	scientiae_et_patriae	nascentes_morimur_finisque_ab_origine_pendet	scientia_imperii_decus_et_tutamen
associated_link	CTDC-STUDY-441495	CTDC-ASSOCIATED-LINK-836904	saltus_in_demonstrando	scientia,_aere_perennius	salus_in_arduis
associated_link	CTDC-STUDY-441495	CTDC-ASSOCIATED-LINK-454542	saltus_in_demonstrando	nanos_gigantum_humeris_insidentes	pace_tua
associated_link	CTDC-STUDY-441495	CTDC-ASSOCIATED-LINK-235543	nanos_gigantum_humeris_insidentes	sapiens_qui_prospicit	saltus_in_demonstrando
associated_link	CTDC-STUDY-441495	CTDC-ASSOCIATED-LINK-371899	labor_ipse_voluptas	saltus_in_demonstrando	cacatum_non_est_pictum
associated_link	CTDC-STUDY-441495	CTDC-ASSOCIATED-LINK-383542	scientiae_cedit_mare	Macte_animo_Generose_puer_sic_itur_ad_astra	id_quod_plerumque_accidit
associated_link	CTDC-STUDY-441495	CTDC-ASSOCIATED-LINK-540933	O_Tite_tute_Tati_tibi_tanta_tyranne_tulisti	scientiae_et_patriae	scientiae_cedit_mare
associated_link	CTDC-STUDY-441495	CTDC-ASSOCIATED-LINK-678475	sapiens_qui_prospicit	labor_ipse_voluptas	Gallia_est_omnis_divisa_in_partes_tres
associated_link	CTDC-STUDY-441495	CTDC-ASSOCIATED-LINK-180888	cacatum_non_est_pictum	a_bene_placito	haec_olim_meminisse_iuvabit
associated_link	CTDC-STUDY-441495	CTDC-ASSOCIATED-LINK-629401	scientia_imperii_decus_et_tutamen	Obedientia_civium_urbis_felicitas	e_causa_ignota
associated_link	CTDC-STUDY-441495	CTDC-ASSOCIATED-LINK-460020	haec_olim_meminisse_iuvabit	sapiens_qui_prospicit	scientiae_et_patriae
associated_link	CTDC-STUDY-441495	CTDC-ASSOCIATED-LINK-948536	Obedientia_civium_urbis_felicitas	scientia_et_labor	a_bene_placito
associated_link	CTDC-STUDY-441495	CTDC-ASSOCIATED-LINK-121725	scientia,_aere_perennius	scientia_imperii_decus_et_tutamen	pace_tua
associated_link	CTDC-STUDY-441495	CTDC-ASSOCIATED-LINK-202175	faber_est_suae_quisque_fortunae	saltus_in_demonstrando	nascentes_morimur_finisque_ab_origine_pendet
associated_link	CTDC-STUDY-441495	CTDC-ASSOCIATED-LINK-867871	barba_crescit_caput_nescit	imperium_in_imperio	barba_crescit_caput_nescit
associated_link	CTDC-STUDY-441495	CTDC-ASSOCIATED-LINK-617160	nascentes_morimur_finisque_ab_origine_pendet	salus_in_arduis	damnant_quod_non_intellegunt
associated_link	CTDC-STUDY-441495	CTDC-ASSOCIATED-LINK-883540	scientia_imperii_decus_et_tutamen	nascentes_morimur_finisque_ab_origine_pendet	a_bene_placito
associated_link	CTDC-STUDY-441495	CTDC-ASSOCIATED-LINK-604407	scientiae_cedit_mare	scientia_imperii_decus_et_tutamen	imperium_in_imperio
associated_link	CTDC-STUDY-441495	CTDC-ASSOCIATED-LINK-168629	pace_tua	Macte_animo_Generose_puer_sic_itur_ad_astra	imperium_in_imperio
associated_link	CTDC-STUDY-441495	CTDC-ASSOCIATED-LINK-722797	nascentes_morimur_finisque_ab_origine_pendet	sapiens_qui_prospicit	haec_olim_meminisse_iuvabit
associated_link	CTDC-STUDY-441495	CTDC-ASSOCIATED-LINK-991064	imperium_in_imperio	nascentes_morimur_finisque_ab_origine_pendet	scientia_et_sapientia
associated_link	CTDC-STUDY-441495	CTDC-ASSOCIATED-LINK-799183	scientia_et_sapientia	id_quod_plerumque_accidit	nanos_gigantum_humeris_insidentes
associated_link	CTDC-STUDY-441495	CTDC-ASSOCIATED-LINK-745557	scientia_et_labor	scientiae_et_patriae	id_quod_plerumque_accidit
associated_link	CTDC-STUDY-441495	CTDC-ASSOCIATED-LINK-974375	cacatum_non_est_pictum	scientiae_et_patriae	imperium_in_imperio
associated_link	CTDC-STUDY-441495	CTDC-ASSOCIATED-LINK-634729	scientia_et_sapientia	barba_crescit_caput_nescit	imperium_in_imperio
associated_link	CTDC-STUDY-441495	CTDC-ASSOCIATED-LINK-570416	nascentes_morimur_finisque_ab_origine_pendet	Macte_animo_Generose_puer_sic_itur_ad_astra	pace_tua
associated_link	CTDC-STUDY-441495	CTDC-ASSOCIATED-LINK-649280	cacatum_non_est_pictum	saltus_in_demonstrando	id_quod_plerumque_accidit
associated_link	CTDC-STUDY-441495	CTDC-ASSOCIATED-LINK-898831	saltus_in_demonstrando	pace_tua	pace_tua
associated_link	CTDC-STUDY-441495	CTDC-ASSOCIATED-LINK-981411	saltus_in_demonstrando	barba_crescit_caput_nescit	faber_est_suae_quisque_fortunae
associated_link	CTDC-STUDY-441495	CTDC-ASSOCIATED-LINK-192368	scientiae_cedit_mare	nascentes_morimur_finisque_ab_origine_pendet	haec_olim_meminisse_iuvabit
associated_link	CTDC-STUDY-441495	CTDC-ASSOCIATED-LINK-184626	scientiae_et_patriae	barba_crescit_caput_nescit	barba_crescit_caput_nescit
associated_link	CTDC-STUDY-441495	CTDC-ASSOCIATED-LINK-568798	Gallia_est_omnis_divisa_in_partes_tres	scientiae_cedit_mare	scientia,_aere_perennius
associated_link	CTDC-STUDY-441495	CTDC-ASSOCIATED-LINK-776684	sapiens_qui_prospicit	scientia_et_sapientia	imperium_in_imperio
associated_link	CTDC-STUDY-441495	CTDC-ASSOCIATED-LINK-206823	nascentes_morimur_finisque_ab_origine_pendet	sapiens_qui_prospicit	Macte_animo_Generose_puer_sic_itur_ad_astra
associated_link	CTDC-STUDY-441495	CTDC-ASSOCIATED-LINK-322828	faber_est_suae_quisque_fortunae	Macte_animo_Generose_puer_sic_itur_ad_astra	nascentes_morimur_finisque_ab_origine_pendet
associated_link	CTDC-STUDY-441495	CTDC-ASSOCIATED-LINK-927816	Gallia_est_omnis_divisa_in_partes_tres	e_causa_ignota	damnant_quod_non_intellegunt
associated_link	CTDC-STUDY-441495	CTDC-ASSOCIATED-LINK-131631	O_Tite_tute_Tati_tibi_tanta_tyranne_tulisti	saltus_in_demonstrando	Macte_animo_Generose_puer_sic_itur_ad_astra
associated_link	CTDC-STUDY-441495	CTDC-ASSOCIATED-LINK-700086	faber_est_suae_quisque_fortunae	scientia_et_sapientia	Obedientia_civium_urbis_felicitas
associated_link	CTDC-STUDY-441495	CTDC-ASSOCIATED-LINK-694439	scientiae_cedit_mare	scientia_et_labor	barba_crescit_caput_nescit
associated_link	CTDC-STUDY-441495	CTDC-ASSOCIATED-LINK-493223	a_bene_placito	scientia_imperii_decus_et_tutamen	salus_in_arduis
associated_link	CTDC-STUDY-441495	CTDC-ASSOCIATED-LINK-854375	salus_in_arduis	pace_tua	haec_olim_meminisse_iuvabit
associated_link	CTDC-STUDY-441495	CTDC-ASSOCIATED-LINK-275976	damnant_quod_non_intellegunt	scientiae_cedit_mare	nascentes_morimur_finisque_ab_origine_pendet
associated_link	CTDC-STUDY-441495	CTDC-ASSOCIATED-LINK-202085	scientia_et_labor	pace_tua	scientia,_aere_perennius
associated_link	CTDC-STUDY-441495	CTDC-ASSOCIATED-LINK-952080	salus_in_arduis	O_Tite_tute_Tati_tibi_tanta_tyranne_tulisti	scientiae_cedit_mare
associated_link	CTDC-STUDY-441495	CTDC-ASSOCIATED-LINK-376837	scientia_et_sapientia	sapiens_qui_prospicit	nascentes_morimur_finisque_ab_origine_pendet
associated_link	CTDC-STUDY-441495	CTDC-ASSOCIATED-LINK-398163	damnant_quod_non_intellegunt	damnant_quod_non_intellegunt	Macte_animo_Generose_puer_sic_itur_ad_astra
associated_link	CTDC-STUDY-441495	CTDC-ASSOCIATED-LINK-761889	scientiae_cedit_mare	scientia,_aere_perennius	Macte_animo_Generose_puer_sic_itur_ad_astra
associated_link	CTDC-STUDY-441495	CTDC-ASSOCIATED-LINK-593336	haec_olim_meminisse_iuvabit	Gallia_est_omnis_divisa_in_partes_tres	scientiae_et_patriae
associated_link	CTDC-STUDY-441495	CTDC-ASSOCIATED-LINK-745358	saltus_in_demonstrando	saltus_in_demonstrando	scientia_et_sapientia
associated_link	CTDC-STUDY-441495	CTDC-ASSOCIATED-LINK-638780	barba_crescit_caput_nescit	cacatum_non_est_pictum	O_Tite_tute_Tati_tibi_tanta_tyranne_tulisti
associated_link	CTDC-STUDY-441495	CTDC-ASSOCIATED-LINK-441475	scientia_et_sapientia	salus_in_arduis	scientiae_et_patriae
associated_link	CTDC-STUDY-441495	CTDC-ASSOCIATED-LINK-479868	barba_crescit_caput_nescit	salus_in_arduis	a_bene_placito
associated_link	CTDC-STUDY-441495	CTDC-ASSOCIATED-LINK-553806	haec_olim_meminisse_iuvabit	a_bene_placito	Obedientia_civium_urbis_felicitas
associated_link	CTDC-STUDY-441495	CTDC-ASSOCIATED-LINK-574613	O_Tite_tute_Tati_tibi_tanta_tyranne_tulisti	scientiae_et_patriae	scientiae_et_patriae
associated_link	CTDC-STUDY-441495	CTDC-ASSOCIATED-LINK-203839	labor_ipse_voluptas	faber_est_suae_quisque_fortunae	sapiens_qui_prospicit
associated_link	CTDC-STUDY-441495	CTDC-ASSOCIATED-LINK-784023	faber_est_suae_quisque_fortunae	e_causa_ignota	saltus_in_demonstrando
associated_link	CTDC-STUDY-441495	CTDC-ASSOCIATED-LINK-674831	scientia_imperii_decus_et_tutamen	pace_tua	saltus_in_demonstrando
associated_link	CTDC-STUDY-441495	CTDC-ASSOCIATED-LINK-196422	scientia_imperii_decus_et_tutamen	haec_olim_meminisse_iuvabit	barba_crescit_caput_nescit
associated_link	CTDC-STUDY-441495	CTDC-ASSOCIATED-LINK-106880	damnant_quod_non_intellegunt	faber_est_suae_quisque_fortunae	pace_tua
associated_link	CTDC-STUDY-441495	CTDC-ASSOCIATED-LINK-461315	id_quod_plerumque_accidit	cacatum_non_est_pictum	Obedientia_civium_urbis_felicitas
associated_link	CTDC-STUDY-441495	CTDC-ASSOCIATED-LINK-802136	scientiae_cedit_mare	cacatum_non_est_pictum	haec_olim_meminisse_iuvabit
associated_link	CTDC-STUDY-441495	CTDC-ASSOCIATED-LINK-991368	saltus_in_demonstrando	haec_olim_meminisse_iuvabit	cacatum_non_est_pictum
associated_link	CTDC-STUDY-441495	CTDC-ASSOCIATED-LINK-702451	Macte_animo_Generose_puer_sic_itur_ad_astra	scientiae_cedit_mare	e_causa_ignota
