type	study.study_short_name	associated_link_record_id	associated_link_name	associated_link_url	crdc_id
associated_link	CTDC-STUDY-132885	CTDC-ASSOCIATED-LINK-683343	e_causa_ignota	O_Tite_tute_Tati_tibi_tanta_tyranne_tulisti	damnant_quod_non_intellegunt
associated_link	CTDC-STUDY-132885	CTDC-ASSOCIATED-LINK-367912	id_quod_plerumque_accidit	cacatum_non_est_pictum	scientia_et_sapientia
associated_link	CTDC-STUDY-132885	CTDC-ASSOCIATED-LINK-745482	salus_in_arduis	cacatum_non_est_pictum	nascentes_morimur_finisque_ab_origine_pendet
associated_link	CTDC-STUDY-132885	CTDC-ASSOCIATED-LINK-637109	nascentes_morimur_finisque_ab_origine_pendet	damnant_quod_non_intellegunt	scientiae_et_patriae
associated_link	CTDC-STUDY-132885	CTDC-ASSOCIATED-LINK-681798	scientiae_et_patriae	scientia,_aere_perennius	scientia_imperii_decus_et_tutamen
associated_link	CTDC-STUDY-132885	CTDC-ASSOCIATED-LINK-391369	Macte_animo_Generose_puer_sic_itur_ad_astra	sapiens_qui_prospicit	a_bene_placito
associated_link	CTDC-STUDY-132885	CTDC-ASSOCIATED-LINK-784058	scientia_imperii_decus_et_tutamen	Macte_animo_Generose_puer_sic_itur_ad_astra	pace_tua
associated_link	CTDC-STUDY-132885	CTDC-ASSOCIATED-LINK-757396	Gallia_est_omnis_divisa_in_partes_tres	haec_olim_meminisse_iuvabit	damnant_quod_non_intellegunt
associated_link	CTDC-STUDY-132885	CTDC-ASSOCIATED-LINK-810079	scientia_imperii_decus_et_tutamen	pace_tua	damnant_quod_non_intellegunt
associated_link	CTDC-STUDY-132885	CTDC-ASSOCIATED-LINK-620614	e_causa_ignota	damnant_quod_non_intellegunt	barba_crescit_caput_nescit
associated_link	CTDC-STUDY-132885	CTDC-ASSOCIATED-LINK-562617	e_causa_ignota	Gallia_est_omnis_divisa_in_partes_tres	scientiae_et_patriae
associated_link	CTDC-STUDY-132885	CTDC-ASSOCIATED-LINK-230202	salus_in_arduis	scientia_imperii_decus_et_tutamen	faber_est_suae_quisque_fortunae
associated_link	CTDC-STUDY-132885	CTDC-ASSOCIATED-LINK-239633	scientia_et_sapientia	scientiae_cedit_mare	scientia_imperii_decus_et_tutamen
associated_link	CTDC-STUDY-132885	CTDC-ASSOCIATED-LINK-821728	scientia_et_labor	scientia_imperii_decus_et_tutamen	damnant_quod_non_intellegunt
associated_link	CTDC-STUDY-132885	CTDC-ASSOCIATED-LINK-589897	scientiae_et_patriae	salus_in_arduis	saltus_in_demonstrando
associated_link	CTDC-STUDY-132885	CTDC-ASSOCIATED-LINK-326854	sapiens_qui_prospicit	barba_crescit_caput_nescit	imperium_in_imperio
associated_link	CTDC-STUDY-132885	CTDC-ASSOCIATED-LINK-345474	scientiae_et_patriae	e_causa_ignota	Macte_animo_Generose_puer_sic_itur_ad_astra
associated_link	CTDC-STUDY-132885	CTDC-ASSOCIATED-LINK-166022	scientiae_cedit_mare	labor_ipse_voluptas	pace_tua
associated_link	CTDC-STUDY-132885	CTDC-ASSOCIATED-LINK-416131	imperium_in_imperio	saltus_in_demonstrando	scientia,_aere_perennius
associated_link	CTDC-STUDY-132885	CTDC-ASSOCIATED-LINK-491344	sapiens_qui_prospicit	salus_in_arduis	Obedientia_civium_urbis_felicitas
associated_link	CTDC-STUDY-132885	CTDC-ASSOCIATED-LINK-257799	scientia_et_labor	e_causa_ignota	labor_ipse_voluptas
associated_link	CTDC-STUDY-132885	CTDC-ASSOCIATED-LINK-581654	labor_ipse_voluptas	damnant_quod_non_intellegunt	scientia_imperii_decus_et_tutamen
associated_link	CTDC-STUDY-132885	CTDC-ASSOCIATED-LINK-868003	Macte_animo_Generose_puer_sic_itur_ad_astra	scientia_et_labor	labor_ipse_voluptas
associated_link	CTDC-STUDY-132885	CTDC-ASSOCIATED-LINK-200197	nascentes_morimur_finisque_ab_origine_pendet	scientia_et_sapientia	barba_crescit_caput_nescit
associated_link	CTDC-STUDY-132885	CTDC-ASSOCIATED-LINK-445212	saltus_in_demonstrando	scientia_et_labor	damnant_quod_non_intellegunt
associated_link	CTDC-STUDY-132885	CTDC-ASSOCIATED-LINK-161489	saltus_in_demonstrando	a_bene_placito	scientia_et_sapientia
associated_link	CTDC-STUDY-132885	CTDC-ASSOCIATED-LINK-969849	haec_olim_meminisse_iuvabit	saltus_in_demonstrando	salus_in_arduis
associated_link	CTDC-STUDY-132885	CTDC-ASSOCIATED-LINK-420535	salus_in_arduis	labor_ipse_voluptas	id_quod_plerumque_accidit
associated_link	CTDC-STUDY-132885	CTDC-ASSOCIATED-LINK-571750	nanos_gigantum_humeris_insidentes	e_causa_ignota	sapiens_qui_prospicit
associated_link	CTDC-STUDY-132885	CTDC-ASSOCIATED-LINK-918815	scientia_et_sapientia	nanos_gigantum_humeris_insidentes	labor_ipse_voluptas
associated_link	CTDC-STUDY-132885	CTDC-ASSOCIATED-LINK-216511	labor_ipse_voluptas	e_causa_ignota	Obedientia_civium_urbis_felicitas
associated_link	CTDC-STUDY-132885	CTDC-ASSOCIATED-LINK-865479	haec_olim_meminisse_iuvabit	nascentes_morimur_finisque_ab_origine_pendet	O_Tite_tute_Tati_tibi_tanta_tyranne_tulisti
associated_link	CTDC-STUDY-132885	CTDC-ASSOCIATED-LINK-501145	scientiae_et_patriae	scientia,_aere_perennius	Gallia_est_omnis_divisa_in_partes_tres
associated_link	CTDC-STUDY-132885	CTDC-ASSOCIATED-LINK-183071	nascentes_morimur_finisque_ab_origine_pendet	scientia_et_sapientia	a_bene_placito
associated_link	CTDC-STUDY-132885	CTDC-ASSOCIATED-LINK-481735	a_bene_placito	scientia_et_labor	nascentes_morimur_finisque_ab_origine_pendet
associated_link	CTDC-STUDY-132885	CTDC-ASSOCIATED-LINK-202944	imperium_in_imperio	Gallia_est_omnis_divisa_in_partes_tres	Gallia_est_omnis_divisa_in_partes_tres
associated_link	CTDC-STUDY-132885	CTDC-ASSOCIATED-LINK-817465	O_Tite_tute_Tati_tibi_tanta_tyranne_tulisti	saltus_in_demonstrando	O_Tite_tute_Tati_tibi_tanta_tyranne_tulisti
associated_link	CTDC-STUDY-132885	CTDC-ASSOCIATED-LINK-317542	Obedientia_civium_urbis_felicitas	sapiens_qui_prospicit	a_bene_placito
associated_link	CTDC-STUDY-132885	CTDC-ASSOCIATED-LINK-633601	a_bene_placito	saltus_in_demonstrando	salus_in_arduis
associated_link	CTDC-STUDY-132885	CTDC-ASSOCIATED-LINK-250406	damnant_quod_non_intellegunt	scientia_et_labor	scientiae_et_patriae
associated_link	CTDC-STUDY-132885	CTDC-ASSOCIATED-LINK-219660	saltus_in_demonstrando	barba_crescit_caput_nescit	pace_tua
associated_link	CTDC-STUDY-132885	CTDC-ASSOCIATED-LINK-671102	sapiens_qui_prospicit	saltus_in_demonstrando	labor_ipse_voluptas
associated_link	CTDC-STUDY-132885	CTDC-ASSOCIATED-LINK-466335	pace_tua	damnant_quod_non_intellegunt	scientia,_aere_perennius
associated_link	CTDC-STUDY-132885	CTDC-ASSOCIATED-LINK-687096	pace_tua	pace_tua	pace_tua
associated_link	CTDC-STUDY-132885	CTDC-ASSOCIATED-LINK-189997	a_bene_placito	Gallia_est_omnis_divisa_in_partes_tres	Gallia_est_omnis_divisa_in_partes_tres
associated_link	CTDC-STUDY-132885	CTDC-ASSOCIATED-LINK-195309	sapiens_qui_prospicit	cacatum_non_est_pictum	faber_est_suae_quisque_fortunae
associated_link	CTDC-STUDY-132885	CTDC-ASSOCIATED-LINK-643821	scientia_imperii_decus_et_tutamen	salus_in_arduis	sapiens_qui_prospicit
associated_link	CTDC-STUDY-132885	CTDC-ASSOCIATED-LINK-234842	saltus_in_demonstrando	pace_tua	pace_tua
associated_link	CTDC-STUDY-132885	CTDC-ASSOCIATED-LINK-913321	labor_ipse_voluptas	Obedientia_civium_urbis_felicitas	salus_in_arduis
associated_link	CTDC-STUDY-132885	CTDC-ASSOCIATED-LINK-563798	salus_in_arduis	Obedientia_civium_urbis_felicitas	scientia_imperii_decus_et_tutamen
associated_link	CTDC-STUDY-132885	CTDC-ASSOCIATED-LINK-102740	faber_est_suae_quisque_fortunae	faber_est_suae_quisque_fortunae	scientia_imperii_decus_et_tutamen
associated_link	CTDC-STUDY-132885	CTDC-ASSOCIATED-LINK-687973	damnant_quod_non_intellegunt	O_Tite_tute_Tati_tibi_tanta_tyranne_tulisti	a_bene_placito
associated_link	CTDC-STUDY-132885	CTDC-ASSOCIATED-LINK-134516	damnant_quod_non_intellegunt	saltus_in_demonstrando	scientia_et_labor
associated_link	CTDC-STUDY-132885	CTDC-ASSOCIATED-LINK-918541	Macte_animo_Generose_puer_sic_itur_ad_astra	barba_crescit_caput_nescit	a_bene_placito
associated_link	CTDC-STUDY-132885	CTDC-ASSOCIATED-LINK-403256	haec_olim_meminisse_iuvabit	damnant_quod_non_intellegunt	scientia_et_sapientia
associated_link	CTDC-STUDY-132885	CTDC-ASSOCIATED-LINK-579046	barba_crescit_caput_nescit	scientia_et_sapientia	labor_ipse_voluptas
associated_link	CTDC-STUDY-132885	CTDC-ASSOCIATED-LINK-624393	scientia_et_sapientia	imperium_in_imperio	e_causa_ignota
associated_link	CTDC-STUDY-132885	CTDC-ASSOCIATED-LINK-788160	imperium_in_imperio	nanos_gigantum_humeris_insidentes	nascentes_morimur_finisque_ab_origine_pendet
associated_link	CTDC-STUDY-132885	CTDC-ASSOCIATED-LINK-856805	pace_tua	nascentes_morimur_finisque_ab_origine_pendet	nanos_gigantum_humeris_insidentes
associated_link	CTDC-STUDY-132885	CTDC-ASSOCIATED-LINK-664322	id_quod_plerumque_accidit	scientia_et_sapientia	labor_ipse_voluptas
associated_link	CTDC-STUDY-132885	CTDC-ASSOCIATED-LINK-186379	nascentes_morimur_finisque_ab_origine_pendet	imperium_in_imperio	scientia_et_sapientia
associated_link	CTDC-STUDY-132885	CTDC-ASSOCIATED-LINK-602732	damnant_quod_non_intellegunt	O_Tite_tute_Tati_tibi_tanta_tyranne_tulisti	id_quod_plerumque_accidit
associated_link	CTDC-STUDY-132885	CTDC-ASSOCIATED-LINK-709023	salus_in_arduis	e_causa_ignota	O_Tite_tute_Tati_tibi_tanta_tyranne_tulisti
associated_link	CTDC-STUDY-132885	CTDC-ASSOCIATED-LINK-980012	id_quod_plerumque_accidit	scientiae_cedit_mare	cacatum_non_est_pictum
associated_link	CTDC-STUDY-132885	CTDC-ASSOCIATED-LINK-826174	haec_olim_meminisse_iuvabit	scientia_et_sapientia	scientiae_cedit_mare
associated_link	CTDC-STUDY-132885	CTDC-ASSOCIATED-LINK-482712	salus_in_arduis	barba_crescit_caput_nescit	pace_tua
associated_link	CTDC-STUDY-132885	CTDC-ASSOCIATED-LINK-185608	a_bene_placito	salus_in_arduis	nascentes_morimur_finisque_ab_origine_pendet
associated_link	CTDC-STUDY-132885	CTDC-ASSOCIATED-LINK-812997	a_bene_placito	scientia,_aere_perennius	Obedientia_civium_urbis_felicitas
associated_link	CTDC-STUDY-132885	CTDC-ASSOCIATED-LINK-542576	salus_in_arduis	imperium_in_imperio	scientia_imperii_decus_et_tutamen
associated_link	CTDC-STUDY-132885	CTDC-ASSOCIATED-LINK-684197	salus_in_arduis	haec_olim_meminisse_iuvabit	Obedientia_civium_urbis_felicitas
associated_link	CTDC-STUDY-132885	CTDC-ASSOCIATED-LINK-370364	id_quod_plerumque_accidit	pace_tua	saltus_in_demonstrando
associated_link	CTDC-STUDY-132885	CTDC-ASSOCIATED-LINK-801016	salus_in_arduis	imperium_in_imperio	imperium_in_imperio
associated_link	CTDC-STUDY-132885	CTDC-ASSOCIATED-LINK-987768	faber_est_suae_quisque_fortunae	scientia_et_sapientia	imperium_in_imperio
associated_link	CTDC-STUDY-132885	CTDC-ASSOCIATED-LINK-633116	O_Tite_tute_Tati_tibi_tanta_tyranne_tulisti	faber_est_suae_quisque_fortunae	e_causa_ignota
associated_link	CTDC-STUDY-132885	CTDC-ASSOCIATED-LINK-300498	scientia,_aere_perennius	O_Tite_tute_Tati_tibi_tanta_tyranne_tulisti	cacatum_non_est_pictum
associated_link	CTDC-STUDY-132885	CTDC-ASSOCIATED-LINK-618152	damnant_quod_non_intellegunt	scientia,_aere_perennius	id_quod_plerumque_accidit
associated_link	CTDC-STUDY-132885	CTDC-ASSOCIATED-LINK-258515	scientiae_et_patriae	scientiae_et_patriae	labor_ipse_voluptas
associated_link	CTDC-STUDY-132885	CTDC-ASSOCIATED-LINK-352389	scientia_et_sapientia	pace_tua	e_causa_ignota
associated_link	CTDC-STUDY-132885	CTDC-ASSOCIATED-LINK-818965	nascentes_morimur_finisque_ab_origine_pendet	cacatum_non_est_pictum	Gallia_est_omnis_divisa_in_partes_tres
associated_link	CTDC-STUDY-132885	CTDC-ASSOCIATED-LINK-259007	Obedientia_civium_urbis_felicitas	salus_in_arduis	O_Tite_tute_Tati_tibi_tanta_tyranne_tulisti
associated_link	CTDC-STUDY-132885	CTDC-ASSOCIATED-LINK-189575	scientia_et_labor	saltus_in_demonstrando	a_bene_placito
associated_link	CTDC-STUDY-132885	CTDC-ASSOCIATED-LINK-172884	nascentes_morimur_finisque_ab_origine_pendet	scientia_et_labor	e_causa_ignota
associated_link	CTDC-STUDY-132885	CTDC-ASSOCIATED-LINK-113879	faber_est_suae_quisque_fortunae	Gallia_est_omnis_divisa_in_partes_tres	barba_crescit_caput_nescit
associated_link	CTDC-STUDY-132885	CTDC-ASSOCIATED-LINK-835148	scientia,_aere_perennius	sapiens_qui_prospicit	e_causa_ignota
associated_link	CTDC-STUDY-132885	CTDC-ASSOCIATED-LINK-699799	O_Tite_tute_Tati_tibi_tanta_tyranne_tulisti	labor_ipse_voluptas	labor_ipse_voluptas
associated_link	CTDC-STUDY-132885	CTDC-ASSOCIATED-LINK-397658	scientia,_aere_perennius	scientiae_et_patriae	nascentes_morimur_finisque_ab_origine_pendet
associated_link	CTDC-STUDY-132885	CTDC-ASSOCIATED-LINK-734927	damnant_quod_non_intellegunt	scientia_et_labor	saltus_in_demonstrando
associated_link	CTDC-STUDY-132885	CTDC-ASSOCIATED-LINK-252620	labor_ipse_voluptas	a_bene_placito	faber_est_suae_quisque_fortunae
associated_link	CTDC-STUDY-132885	CTDC-ASSOCIATED-LINK-273402	pace_tua	damnant_quod_non_intellegunt	faber_est_suae_quisque_fortunae
associated_link	CTDC-STUDY-132885	CTDC-ASSOCIATED-LINK-845062	nascentes_morimur_finisque_ab_origine_pendet	damnant_quod_non_intellegunt	salus_in_arduis
associated_link	CTDC-STUDY-132885	CTDC-ASSOCIATED-LINK-568816	faber_est_suae_quisque_fortunae	cacatum_non_est_pictum	pace_tua
associated_link	CTDC-STUDY-132885	CTDC-ASSOCIATED-LINK-907735	scientia,_aere_perennius	e_causa_ignota	id_quod_plerumque_accidit
associated_link	CTDC-STUDY-132885	CTDC-ASSOCIATED-LINK-144985	scientia_imperii_decus_et_tutamen	saltus_in_demonstrando	scientia_et_labor
associated_link	CTDC-STUDY-132885	CTDC-ASSOCIATED-LINK-500987	Gallia_est_omnis_divisa_in_partes_tres	sapiens_qui_prospicit	id_quod_plerumque_accidit
associated_link	CTDC-STUDY-132885	CTDC-ASSOCIATED-LINK-731860	scientia_et_sapientia	Gallia_est_omnis_divisa_in_partes_tres	scientia_imperii_decus_et_tutamen
associated_link	CTDC-STUDY-132885	CTDC-ASSOCIATED-LINK-648282	scientia,_aere_perennius	barba_crescit_caput_nescit	id_quod_plerumque_accidit
associated_link	CTDC-STUDY-132885	CTDC-ASSOCIATED-LINK-918343	barba_crescit_caput_nescit	imperium_in_imperio	barba_crescit_caput_nescit
associated_link	CTDC-STUDY-132885	CTDC-ASSOCIATED-LINK-696609	labor_ipse_voluptas	damnant_quod_non_intellegunt	imperium_in_imperio
associated_link	CTDC-STUDY-132885	CTDC-ASSOCIATED-LINK-454015	scientia_et_labor	scientia,_aere_perennius	e_causa_ignota
associated_link	CTDC-STUDY-132885	CTDC-ASSOCIATED-LINK-461522	scientiae_et_patriae	scientia_et_labor	a_bene_placito
