type	study.study_short_name	associated_link_record_id	associated_link_name	associated_link_url	crdc_id
associated_link	CTDC-STUDY-322111	CTDC-ASSOCIATED-LINK-652079	saltus_in_demonstrando	scientia_imperii_decus_et_tutamen	O_Tite_tute_Tati_tibi_tanta_tyranne_tulisti
associated_link	CTDC-STUDY-322111	CTDC-ASSOCIATED-LINK-599097	Macte_animo_Generose_puer_sic_itur_ad_astra	sapiens_qui_prospicit	e_causa_ignota
associated_link	CTDC-STUDY-322111	CTDC-ASSOCIATED-LINK-547957	imperium_in_imperio	e_causa_ignota	a_bene_placito
associated_link	CTDC-STUDY-322111	CTDC-ASSOCIATED-LINK-104997	Obedientia_civium_urbis_felicitas	imperium_in_imperio	sapiens_qui_prospicit
associated_link	CTDC-STUDY-322111	CTDC-ASSOCIATED-LINK-920762	scientia,_aere_perennius	Macte_animo_Generose_puer_sic_itur_ad_astra	O_Tite_tute_Tati_tibi_tanta_tyranne_tulisti
associated_link	CTDC-STUDY-322111	CTDC-ASSOCIATED-LINK-771524	scientiae_et_patriae	pace_tua	haec_olim_meminisse_iuvabit
associated_link	CTDC-STUDY-322111	CTDC-ASSOCIATED-LINK-928236	Obedientia_civium_urbis_felicitas	barba_crescit_caput_nescit	e_causa_ignota
associated_link	CTDC-STUDY-322111	CTDC-ASSOCIATED-LINK-327089	imperium_in_imperio	sapiens_qui_prospicit	damnant_quod_non_intellegunt
associated_link	CTDC-STUDY-322111	CTDC-ASSOCIATED-LINK-375151	Macte_animo_Generose_puer_sic_itur_ad_astra	nascentes_morimur_finisque_ab_origine_pendet	nascentes_morimur_finisque_ab_origine_pendet
associated_link	CTDC-STUDY-322111	CTDC-ASSOCIATED-LINK-684736	salus_in_arduis	nanos_gigantum_humeris_insidentes	saltus_in_demonstrando
associated_link	CTDC-STUDY-322111	CTDC-ASSOCIATED-LINK-183359	id_quod_plerumque_accidit	damnant_quod_non_intellegunt	labor_ipse_voluptas
associated_link	CTDC-STUDY-322111	CTDC-ASSOCIATED-LINK-752146	damnant_quod_non_intellegunt	haec_olim_meminisse_iuvabit	sapiens_qui_prospicit
associated_link	CTDC-STUDY-322111	CTDC-ASSOCIATED-LINK-828700	labor_ipse_voluptas	Macte_animo_Generose_puer_sic_itur_ad_astra	id_quod_plerumque_accidit
associated_link	CTDC-STUDY-322111	CTDC-ASSOCIATED-LINK-925233	scientiae_cedit_mare	salus_in_arduis	barba_crescit_caput_nescit
associated_link	CTDC-STUDY-322111	CTDC-ASSOCIATED-LINK-747414	nanos_gigantum_humeris_insidentes	Gallia_est_omnis_divisa_in_partes_tres	a_bene_placito
associated_link	CTDC-STUDY-322111	CTDC-ASSOCIATED-LINK-463692	scientia_et_sapientia	barba_crescit_caput_nescit	sapiens_qui_prospicit
associated_link	CTDC-STUDY-322111	CTDC-ASSOCIATED-LINK-572681	scientia_et_labor	nanos_gigantum_humeris_insidentes	scientia_et_labor
associated_link	CTDC-STUDY-322111	CTDC-ASSOCIATED-LINK-159606	nanos_gigantum_humeris_insidentes	e_causa_ignota	pace_tua
associated_link	CTDC-STUDY-322111	CTDC-ASSOCIATED-LINK-292179	Macte_animo_Generose_puer_sic_itur_ad_astra	a_bene_placito	Obedientia_civium_urbis_felicitas
associated_link	CTDC-STUDY-322111	CTDC-ASSOCIATED-LINK-597910	scientiae_et_patriae	Gallia_est_omnis_divisa_in_partes_tres	e_causa_ignota
associated_link	CTDC-STUDY-322111	CTDC-ASSOCIATED-LINK-347962	scientiae_et_patriae	scientia_imperii_decus_et_tutamen	salus_in_arduis
associated_link	CTDC-STUDY-322111	CTDC-ASSOCIATED-LINK-929690	Obedientia_civium_urbis_felicitas	Obedientia_civium_urbis_felicitas	scientia_et_labor
associated_link	CTDC-STUDY-322111	CTDC-ASSOCIATED-LINK-928114	scientiae_et_patriae	a_bene_placito	faber_est_suae_quisque_fortunae
associated_link	CTDC-STUDY-322111	CTDC-ASSOCIATED-LINK-935429	cacatum_non_est_pictum	Gallia_est_omnis_divisa_in_partes_tres	Macte_animo_Generose_puer_sic_itur_ad_astra
associated_link	CTDC-STUDY-322111	CTDC-ASSOCIATED-LINK-838815	Gallia_est_omnis_divisa_in_partes_tres	scientia_et_labor	a_bene_placito
associated_link	CTDC-STUDY-322111	CTDC-ASSOCIATED-LINK-377355	barba_crescit_caput_nescit	scientia_et_labor	scientia,_aere_perennius
associated_link	CTDC-STUDY-322111	CTDC-ASSOCIATED-LINK-830268	salus_in_arduis	scientiae_cedit_mare	scientia,_aere_perennius
associated_link	CTDC-STUDY-322111	CTDC-ASSOCIATED-LINK-743568	imperium_in_imperio	Macte_animo_Generose_puer_sic_itur_ad_astra	damnant_quod_non_intellegunt
associated_link	CTDC-STUDY-322111	CTDC-ASSOCIATED-LINK-581343	damnant_quod_non_intellegunt	nascentes_morimur_finisque_ab_origine_pendet	cacatum_non_est_pictum
associated_link	CTDC-STUDY-322111	CTDC-ASSOCIATED-LINK-287922	a_bene_placito	imperium_in_imperio	labor_ipse_voluptas
associated_link	CTDC-STUDY-322111	CTDC-ASSOCIATED-LINK-255036	Gallia_est_omnis_divisa_in_partes_tres	Macte_animo_Generose_puer_sic_itur_ad_astra	pace_tua
associated_link	CTDC-STUDY-322111	CTDC-ASSOCIATED-LINK-964399	nanos_gigantum_humeris_insidentes	Obedientia_civium_urbis_felicitas	Gallia_est_omnis_divisa_in_partes_tres
associated_link	CTDC-STUDY-322111	CTDC-ASSOCIATED-LINK-917015	e_causa_ignota	e_causa_ignota	sapiens_qui_prospicit
associated_link	CTDC-STUDY-322111	CTDC-ASSOCIATED-LINK-243106	Macte_animo_Generose_puer_sic_itur_ad_astra	saltus_in_demonstrando	barba_crescit_caput_nescit
associated_link	CTDC-STUDY-322111	CTDC-ASSOCIATED-LINK-210866	scientiae_et_patriae	scientia_imperii_decus_et_tutamen	Macte_animo_Generose_puer_sic_itur_ad_astra
associated_link	CTDC-STUDY-322111	CTDC-ASSOCIATED-LINK-446285	cacatum_non_est_pictum	scientia_imperii_decus_et_tutamen	nanos_gigantum_humeris_insidentes
associated_link	CTDC-STUDY-322111	CTDC-ASSOCIATED-LINK-510770	Obedientia_civium_urbis_felicitas	Macte_animo_Generose_puer_sic_itur_ad_astra	haec_olim_meminisse_iuvabit
associated_link	CTDC-STUDY-322111	CTDC-ASSOCIATED-LINK-568046	nascentes_morimur_finisque_ab_origine_pendet	Macte_animo_Generose_puer_sic_itur_ad_astra	scientiae_cedit_mare
associated_link	CTDC-STUDY-322111	CTDC-ASSOCIATED-LINK-574225	salus_in_arduis	nanos_gigantum_humeris_insidentes	scientiae_cedit_mare
associated_link	CTDC-STUDY-322111	CTDC-ASSOCIATED-LINK-644524	imperium_in_imperio	imperium_in_imperio	labor_ipse_voluptas
associated_link	CTDC-STUDY-322111	CTDC-ASSOCIATED-LINK-652141	scientia,_aere_perennius	sapiens_qui_prospicit	scientiae_cedit_mare
associated_link	CTDC-STUDY-322111	CTDC-ASSOCIATED-LINK-149997	pace_tua	barba_crescit_caput_nescit	scientiae_et_patriae
associated_link	CTDC-STUDY-322111	CTDC-ASSOCIATED-LINK-208842	scientia_et_sapientia	labor_ipse_voluptas	damnant_quod_non_intellegunt
associated_link	CTDC-STUDY-322111	CTDC-ASSOCIATED-LINK-999459	Gallia_est_omnis_divisa_in_partes_tres	scientiae_cedit_mare	damnant_quod_non_intellegunt
associated_link	CTDC-STUDY-322111	CTDC-ASSOCIATED-LINK-632399	damnant_quod_non_intellegunt	scientia_imperii_decus_et_tutamen	scientia,_aere_perennius
associated_link	CTDC-STUDY-322111	CTDC-ASSOCIATED-LINK-993714	damnant_quod_non_intellegunt	scientia,_aere_perennius	cacatum_non_est_pictum
associated_link	CTDC-STUDY-322111	CTDC-ASSOCIATED-LINK-296984	scientiae_et_patriae	barba_crescit_caput_nescit	haec_olim_meminisse_iuvabit
associated_link	CTDC-STUDY-322111	CTDC-ASSOCIATED-LINK-466368	sapiens_qui_prospicit	barba_crescit_caput_nescit	saltus_in_demonstrando
associated_link	CTDC-STUDY-322111	CTDC-ASSOCIATED-LINK-342560	scientia_et_labor	imperium_in_imperio	scientia,_aere_perennius
associated_link	CTDC-STUDY-322111	CTDC-ASSOCIATED-LINK-290852	e_causa_ignota	e_causa_ignota	Obedientia_civium_urbis_felicitas
associated_link	CTDC-STUDY-322111	CTDC-ASSOCIATED-LINK-514606	imperium_in_imperio	a_bene_placito	a_bene_placito
associated_link	CTDC-STUDY-322111	CTDC-ASSOCIATED-LINK-153757	faber_est_suae_quisque_fortunae	id_quod_plerumque_accidit	a_bene_placito
associated_link	CTDC-STUDY-322111	CTDC-ASSOCIATED-LINK-210442	imperium_in_imperio	Gallia_est_omnis_divisa_in_partes_tres	id_quod_plerumque_accidit
associated_link	CTDC-STUDY-322111	CTDC-ASSOCIATED-LINK-561782	O_Tite_tute_Tati_tibi_tanta_tyranne_tulisti	cacatum_non_est_pictum	scientia_imperii_decus_et_tutamen
associated_link	CTDC-STUDY-322111	CTDC-ASSOCIATED-LINK-825509	nanos_gigantum_humeris_insidentes	O_Tite_tute_Tati_tibi_tanta_tyranne_tulisti	nascentes_morimur_finisque_ab_origine_pendet
associated_link	CTDC-STUDY-322111	CTDC-ASSOCIATED-LINK-179103	sapiens_qui_prospicit	Gallia_est_omnis_divisa_in_partes_tres	haec_olim_meminisse_iuvabit
associated_link	CTDC-STUDY-322111	CTDC-ASSOCIATED-LINK-811907	faber_est_suae_quisque_fortunae	scientia_et_sapientia	cacatum_non_est_pictum
associated_link	CTDC-STUDY-322111	CTDC-ASSOCIATED-LINK-471060	scientia_et_labor	O_Tite_tute_Tati_tibi_tanta_tyranne_tulisti	scientiae_et_patriae
associated_link	CTDC-STUDY-322111	CTDC-ASSOCIATED-LINK-354199	Macte_animo_Generose_puer_sic_itur_ad_astra	scientiae_et_patriae	salus_in_arduis
associated_link	CTDC-STUDY-322111	CTDC-ASSOCIATED-LINK-987170	imperium_in_imperio	id_quod_plerumque_accidit	a_bene_placito
associated_link	CTDC-STUDY-322111	CTDC-ASSOCIATED-LINK-951546	scientia_imperii_decus_et_tutamen	id_quod_plerumque_accidit	imperium_in_imperio
associated_link	CTDC-STUDY-322111	CTDC-ASSOCIATED-LINK-966187	e_causa_ignota	Obedientia_civium_urbis_felicitas	scientia_et_sapientia
associated_link	CTDC-STUDY-322111	CTDC-ASSOCIATED-LINK-788639	labor_ipse_voluptas	salus_in_arduis	sapiens_qui_prospicit
associated_link	CTDC-STUDY-322111	CTDC-ASSOCIATED-LINK-667255	e_causa_ignota	pace_tua	scientiae_cedit_mare
associated_link	CTDC-STUDY-322111	CTDC-ASSOCIATED-LINK-734184	scientia_et_sapientia	pace_tua	a_bene_placito
associated_link	CTDC-STUDY-322111	CTDC-ASSOCIATED-LINK-176501	a_bene_placito	nanos_gigantum_humeris_insidentes	barba_crescit_caput_nescit
associated_link	CTDC-STUDY-322111	CTDC-ASSOCIATED-LINK-114339	imperium_in_imperio	barba_crescit_caput_nescit	O_Tite_tute_Tati_tibi_tanta_tyranne_tulisti
associated_link	CTDC-STUDY-322111	CTDC-ASSOCIATED-LINK-410301	Gallia_est_omnis_divisa_in_partes_tres	salus_in_arduis	barba_crescit_caput_nescit
associated_link	CTDC-STUDY-322111	CTDC-ASSOCIATED-LINK-775962	Obedientia_civium_urbis_felicitas	cacatum_non_est_pictum	Gallia_est_omnis_divisa_in_partes_tres
associated_link	CTDC-STUDY-322111	CTDC-ASSOCIATED-LINK-299198	scientia_imperii_decus_et_tutamen	scientia,_aere_perennius	damnant_quod_non_intellegunt
associated_link	CTDC-STUDY-322111	CTDC-ASSOCIATED-LINK-727973	Gallia_est_omnis_divisa_in_partes_tres	pace_tua	id_quod_plerumque_accidit
associated_link	CTDC-STUDY-322111	CTDC-ASSOCIATED-LINK-276590	faber_est_suae_quisque_fortunae	nascentes_morimur_finisque_ab_origine_pendet	pace_tua
associated_link	CTDC-STUDY-322111	CTDC-ASSOCIATED-LINK-134078	scientiae_cedit_mare	barba_crescit_caput_nescit	O_Tite_tute_Tati_tibi_tanta_tyranne_tulisti
associated_link	CTDC-STUDY-322111	CTDC-ASSOCIATED-LINK-939880	scientia_et_labor	Obedientia_civium_urbis_felicitas	a_bene_placito
associated_link	CTDC-STUDY-322111	CTDC-ASSOCIATED-LINK-358662	scientiae_cedit_mare	Macte_animo_Generose_puer_sic_itur_ad_astra	faber_est_suae_quisque_fortunae
associated_link	CTDC-STUDY-322111	CTDC-ASSOCIATED-LINK-725070	a_bene_placito	faber_est_suae_quisque_fortunae	haec_olim_meminisse_iuvabit
associated_link	CTDC-STUDY-322111	CTDC-ASSOCIATED-LINK-244894	id_quod_plerumque_accidit	O_Tite_tute_Tati_tibi_tanta_tyranne_tulisti	scientia,_aere_perennius
associated_link	CTDC-STUDY-322111	CTDC-ASSOCIATED-LINK-841293	scientia_imperii_decus_et_tutamen	pace_tua	sapiens_qui_prospicit
associated_link	CTDC-STUDY-322111	CTDC-ASSOCIATED-LINK-962266	scientia,_aere_perennius	scientia_et_labor	Obedientia_civium_urbis_felicitas
associated_link	CTDC-STUDY-322111	CTDC-ASSOCIATED-LINK-726774	scientia_imperii_decus_et_tutamen	haec_olim_meminisse_iuvabit	haec_olim_meminisse_iuvabit
associated_link	CTDC-STUDY-322111	CTDC-ASSOCIATED-LINK-582882	sapiens_qui_prospicit	imperium_in_imperio	O_Tite_tute_Tati_tibi_tanta_tyranne_tulisti
associated_link	CTDC-STUDY-322111	CTDC-ASSOCIATED-LINK-125080	scientia_imperii_decus_et_tutamen	a_bene_placito	sapiens_qui_prospicit
associated_link	CTDC-STUDY-322111	CTDC-ASSOCIATED-LINK-497380	id_quod_plerumque_accidit	scientiae_cedit_mare	Gallia_est_omnis_divisa_in_partes_tres
associated_link	CTDC-STUDY-322111	CTDC-ASSOCIATED-LINK-485958	a_bene_placito	scientia_et_sapientia	haec_olim_meminisse_iuvabit
associated_link	CTDC-STUDY-322111	CTDC-ASSOCIATED-LINK-267691	saltus_in_demonstrando	scientia_imperii_decus_et_tutamen	scientia_et_labor
associated_link	CTDC-STUDY-322111	CTDC-ASSOCIATED-LINK-854975	scientia_et_labor	O_Tite_tute_Tati_tibi_tanta_tyranne_tulisti	scientiae_cedit_mare
associated_link	CTDC-STUDY-322111	CTDC-ASSOCIATED-LINK-376540	cacatum_non_est_pictum	saltus_in_demonstrando	scientia,_aere_perennius
associated_link	CTDC-STUDY-322111	CTDC-ASSOCIATED-LINK-734766	barba_crescit_caput_nescit	cacatum_non_est_pictum	id_quod_plerumque_accidit
associated_link	CTDC-STUDY-322111	CTDC-ASSOCIATED-LINK-761512	Gallia_est_omnis_divisa_in_partes_tres	Gallia_est_omnis_divisa_in_partes_tres	scientia_imperii_decus_et_tutamen
associated_link	CTDC-STUDY-322111	CTDC-ASSOCIATED-LINK-303114	nascentes_morimur_finisque_ab_origine_pendet	e_causa_ignota	Obedientia_civium_urbis_felicitas
associated_link	CTDC-STUDY-322111	CTDC-ASSOCIATED-LINK-842121	barba_crescit_caput_nescit	scientiae_cedit_mare	pace_tua
associated_link	CTDC-STUDY-322111	CTDC-ASSOCIATED-LINK-377927	nanos_gigantum_humeris_insidentes	cacatum_non_est_pictum	Obedientia_civium_urbis_felicitas
associated_link	CTDC-STUDY-322111	CTDC-ASSOCIATED-LINK-994415	faber_est_suae_quisque_fortunae	faber_est_suae_quisque_fortunae	scientiae_cedit_mare
associated_link	CTDC-STUDY-322111	CTDC-ASSOCIATED-LINK-923270	damnant_quod_non_intellegunt	Macte_animo_Generose_puer_sic_itur_ad_astra	e_causa_ignota
associated_link	CTDC-STUDY-322111	CTDC-ASSOCIATED-LINK-159882	e_causa_ignota	scientia_et_labor	haec_olim_meminisse_iuvabit
associated_link	CTDC-STUDY-322111	CTDC-ASSOCIATED-LINK-471914	scientia_et_labor	nanos_gigantum_humeris_insidentes	scientia_et_labor
associated_link	CTDC-STUDY-322111	CTDC-ASSOCIATED-LINK-206875	scientia_et_sapientia	damnant_quod_non_intellegunt	nascentes_morimur_finisque_ab_origine_pendet
associated_link	CTDC-STUDY-322111	CTDC-ASSOCIATED-LINK-944759	a_bene_placito	faber_est_suae_quisque_fortunae	nanos_gigantum_humeris_insidentes
associated_link	CTDC-STUDY-322111	CTDC-ASSOCIATED-LINK-742388	scientia_imperii_decus_et_tutamen	id_quod_plerumque_accidit	pace_tua
associated_link	CTDC-STUDY-322111	CTDC-ASSOCIATED-LINK-915619	faber_est_suae_quisque_fortunae	O_Tite_tute_Tati_tibi_tanta_tyranne_tulisti	id_quod_plerumque_accidit
