type	participant.participant_id	demographic_record_id	age_at_enrollment	race	ethnicity	sex	height	weight	body_surface_area	occupation	income	highest_level_of_education	ncbi_taxonomy_id	ncbi_taxonomy_name	crdc_id
demographic	CTDC-PARTICIPANT-940697	CTDC-DEMOGRAPHIC-964581	487.86	White	Hispanic or Latino	Male	399.27	411.21	448.62	cacatum_non_est_pictum	Macte_animo_Generose_puer_sic_itur_ad_astra	Grade school	178	Gallia_est_omnis_divisa_in_partes_tres	imperium_in_imperio
demographic	CTDC-PARTICIPANT-295588	CTDC-DEMOGRAPHIC-891599	805.8	Unknown	Not Hispanic or Latino	Male	422.38	263.62	156.28	e_causa_ignota	scientia_et_sapientia	No formal education	485	barba_crescit_caput_nescit	nascentes_morimur_finisque_ab_origine_pendet
demographic	CTDC-PARTICIPANT-950265	CTDC-DEMOGRAPHIC-399117	122.02	Asian	Hispanic or Latino	Female	241.7	757.94	144.02	faber_est_suae_quisque_fortunae	imperium_in_imperio	Grade school	329	O_Tite_tute_Tati_tibi_tanta_tyranne_tulisti	faber_est_suae_quisque_fortunae
demographic	CTDC-PARTICIPANT-831328	CTDC-DEMOGRAPHIC-852205	137.61	Black or African American	Hispanic or Latino	Male	400.86	743.04	373.67	nanos_gigantum_humeris_insidentes	sapiens_qui_prospicit	Bachelor's degree	371	nanos_gigantum_humeris_insidentes	cacatum_non_est_pictum
demographic	CTDC-PARTICIPANT-719227	CTDC-DEMOGRAPHIC-460958	998.33	Native Hawaiian or other Pacific Islander	Hispanic or Latino	Intersex	284.49	174.75	393.3	saltus_in_demonstrando	haec_olim_meminisse_iuvabit	No formal education	293	e_causa_ignota	Macte_animo_Generose_puer_sic_itur_ad_astra
demographic	CTDC-PARTICIPANT-528022	CTDC-DEMOGRAPHIC-123563	350.0	White	Hispanic or Latino	Male	779.75	915.36	356.9	a_bene_placito	sapiens_qui_prospicit	Not high school graduate	703	damnant_quod_non_intellegunt	cacatum_non_est_pictum
demographic	CTDC-PARTICIPANT-100099	CTDC-DEMOGRAPHIC-621801	61.1	Native Hawaiian or other Pacific Islander	Not Hispanic or Latino	Unknown	549.35	581.92	661.94	scientia_imperii_decus_et_tutamen	Obedientia_civium_urbis_felicitas	No formal education	327	haec_olim_meminisse_iuvabit	O_Tite_tute_Tati_tibi_tanta_tyranne_tulisti
demographic	CTDC-PARTICIPANT-855147	CTDC-DEMOGRAPHIC-811831	893.99	Asian	Hispanic or Latino	Intersex	790.16	344.93	225.0	Gallia_est_omnis_divisa_in_partes_tres	saltus_in_demonstrando	Bachelor's degree	482	Macte_animo_Generose_puer_sic_itur_ad_astra	salus_in_arduis
demographic	CTDC-PARTICIPANT-628469	CTDC-DEMOGRAPHIC-319298	969.45	White	Unknown	Intersex	842.93	150.03	586.8	saltus_in_demonstrando	saltus_in_demonstrando	Bachelor's degree	912	labor_ipse_voluptas	pace_tua
demographic	CTDC-PARTICIPANT-635909	CTDC-DEMOGRAPHIC-106875	521.46	Native Hawaiian or other Pacific Islander	Not reported	Female	714.66	988.35	249.41	pace_tua	pace_tua	Declined to answer	392	scientia,_aere_perennius	Macte_animo_Generose_puer_sic_itur_ad_astra
demographic	CTDC-PARTICIPANT-735210	CTDC-DEMOGRAPHIC-559434	422.56	Asian	Not Hispanic or Latino	Female	791.86	221.5	981.26	faber_est_suae_quisque_fortunae	salus_in_arduis	Some college or Associate degree	132	Obedientia_civium_urbis_felicitas	e_causa_ignota
demographic	CTDC-PARTICIPANT-716246	CTDC-DEMOGRAPHIC-975427	437.97	Unknown	Unknown	Female	355.25	374.58	760.35	Obedientia_civium_urbis_felicitas	imperium_in_imperio	Bachelor's degree	464	scientia_et_labor	saltus_in_demonstrando
demographic	CTDC-PARTICIPANT-702973	CTDC-DEMOGRAPHIC-768961	756.34	Unknown	Unknown	Unknown	758.77	684.52	944.19	cacatum_non_est_pictum	id_quod_plerumque_accidit	Not high school graduate	692	pace_tua	scientiae_cedit_mare
demographic	CTDC-PARTICIPANT-808487	CTDC-DEMOGRAPHIC-587609	624.96	Not Reported	Hispanic or Latino	Male	41.37	259.82	617.54	sapiens_qui_prospicit	a_bene_placito	Bachelor's degree	802	nanos_gigantum_humeris_insidentes	saltus_in_demonstrando
demographic	CTDC-PARTICIPANT-131113	CTDC-DEMOGRAPHIC-516302	690.73	Unknown	Unknown	Female	933.56	998.84	784.13	imperium_in_imperio	pace_tua	Some college or Associate degree	753	faber_est_suae_quisque_fortunae	imperium_in_imperio
demographic	CTDC-PARTICIPANT-186856	CTDC-DEMOGRAPHIC-715836	415.03	Native Hawaiian or other Pacific Islander	Not Hispanic or Latino	Unknown	404.87	86.87	565.56	cacatum_non_est_pictum	nanos_gigantum_humeris_insidentes	Master's degree	184	scientia_imperii_decus_et_tutamen	Macte_animo_Generose_puer_sic_itur_ad_astra
demographic	CTDC-PARTICIPANT-178070	CTDC-DEMOGRAPHIC-209163	250.27	Not Reported	Not reported	Male	678.75	590.73	157.01	nanos_gigantum_humeris_insidentes	scientia_et_sapientia	No formal education	712	salus_in_arduis	faber_est_suae_quisque_fortunae
demographic	CTDC-PARTICIPANT-632761	CTDC-DEMOGRAPHIC-463424	945.93	Native Hawaiian or other Pacific Islander	Not Hispanic or Latino	Unknown	671.5	552.66	945.81	scientia_et_labor	scientia_et_labor	Some college or Associate degree	164	a_bene_placito	scientia_et_labor
demographic	CTDC-PARTICIPANT-148295	CTDC-DEMOGRAPHIC-755482	411.97	White	Unknown	Male	369.85	973.19	43.48	saltus_in_demonstrando	Gallia_est_omnis_divisa_in_partes_tres	No formal education	760	barba_crescit_caput_nescit	scientia,_aere_perennius
demographic	CTDC-PARTICIPANT-210035	CTDC-DEMOGRAPHIC-653523	831.23	American Indian or Alaska Native	Not reported	Female	594.07	887.41	34.96	nascentes_morimur_finisque_ab_origine_pendet	cacatum_non_est_pictum	Doctoral or professional degree	206	scientia_et_labor	imperium_in_imperio
demographic	CTDC-PARTICIPANT-314035	CTDC-DEMOGRAPHIC-466110	277.84	American Indian or Alaska Native	Hispanic or Latino	Intersex	879.11	540.38	93.15	imperium_in_imperio	scientiae_et_patriae	Some college or Associate degree	12	scientia_et_labor	scientia_imperii_decus_et_tutamen
demographic	CTDC-PARTICIPANT-959772	CTDC-DEMOGRAPHIC-819803	192.69	Black or African American	Not Hispanic or Latino	Unknown	76.49	71.88	395.04	nascentes_morimur_finisque_ab_origine_pendet	scientia_et_sapientia	Master's degree	902	nanos_gigantum_humeris_insidentes	Macte_animo_Generose_puer_sic_itur_ad_astra
demographic	CTDC-PARTICIPANT-531425	CTDC-DEMOGRAPHIC-619842	912.73	Not Reported	Not reported	Female	792.32	914.83	670.53	faber_est_suae_quisque_fortunae	id_quod_plerumque_accidit	Master's degree	28	imperium_in_imperio	nanos_gigantum_humeris_insidentes
demographic	CTDC-PARTICIPANT-801713	CTDC-DEMOGRAPHIC-869571	557.53	Native Hawaiian or other Pacific Islander	Unknown	Female	971.6	584.5	263.62	salus_in_arduis	saltus_in_demonstrando	Not high school graduate	85	scientia_et_sapientia	haec_olim_meminisse_iuvabit
demographic	CTDC-PARTICIPANT-515074	CTDC-DEMOGRAPHIC-246162	180.59	White	Hispanic or Latino	Unknown	215.6	926.86	938.44	scientiae_cedit_mare	a_bene_placito	Not high school graduate	641	sapiens_qui_prospicit	haec_olim_meminisse_iuvabit
demographic	CTDC-PARTICIPANT-720549	CTDC-DEMOGRAPHIC-704374	320.0	Not Reported	Unknown	Intersex	923.35	198.33	85.78	scientiae_et_patriae	scientia,_aere_perennius	High school graduate (including equivalency)	480	faber_est_suae_quisque_fortunae	pace_tua
demographic	CTDC-PARTICIPANT-293581	CTDC-DEMOGRAPHIC-132953	268.55	American Indian or Alaska Native	Not reported	Female	452.2	699.36	364.98	Gallia_est_omnis_divisa_in_partes_tres	nascentes_morimur_finisque_ab_origine_pendet	Bachelor's degree	376	nanos_gigantum_humeris_insidentes	e_causa_ignota
demographic	CTDC-PARTICIPANT-746931	CTDC-DEMOGRAPHIC-449818	503.32	Native Hawaiian or other Pacific Islander	Not Hispanic or Latino	Female	734.89	527.99	50.16	nascentes_morimur_finisque_ab_origine_pendet	saltus_in_demonstrando	Grade school	197	nascentes_morimur_finisque_ab_origine_pendet	pace_tua
demographic	CTDC-PARTICIPANT-920877	CTDC-DEMOGRAPHIC-627192	455.35	Unknown	Not reported	Unknown	45.23	364.6	766.61	saltus_in_demonstrando	O_Tite_tute_Tati_tibi_tanta_tyranne_tulisti	Not high school graduate	80	cacatum_non_est_pictum	nanos_gigantum_humeris_insidentes
demographic	CTDC-PARTICIPANT-775344	CTDC-DEMOGRAPHIC-421047	714.89	Black or African American	Not reported	Unknown	289.38	392.76	719.76	scientia_et_labor	cacatum_non_est_pictum	Master's degree	786	a_bene_placito	a_bene_placito
demographic	CTDC-PARTICIPANT-192505	CTDC-DEMOGRAPHIC-260933	738.47	Asian	Hispanic or Latino	Female	262.77	82.89	281.47	scientia_et_sapientia	id_quod_plerumque_accidit	Grade school	694	salus_in_arduis	imperium_in_imperio
demographic	CTDC-PARTICIPANT-908756	CTDC-DEMOGRAPHIC-688454	316.87	Black or African American	Unknown	Intersex	399.25	906.61	406.68	barba_crescit_caput_nescit	nascentes_morimur_finisque_ab_origine_pendet	Master's degree	797	damnant_quod_non_intellegunt	pace_tua
demographic	CTDC-PARTICIPANT-464092	CTDC-DEMOGRAPHIC-793658	670.79	Asian	Unknown	Unknown	269.84	870.53	191.76	scientia_et_sapientia	a_bene_placito	Not high school graduate	622	O_Tite_tute_Tati_tibi_tanta_tyranne_tulisti	scientiae_et_patriae
demographic	CTDC-PARTICIPANT-811159	CTDC-DEMOGRAPHIC-396011	654.43	American Indian or Alaska Native	Not Hispanic or Latino	Intersex	978.26	227.71	511.99	scientia_et_sapientia	Gallia_est_omnis_divisa_in_partes_tres	Not high school graduate	554	a_bene_placito	salus_in_arduis
demographic	CTDC-PARTICIPANT-398389	CTDC-DEMOGRAPHIC-194114	659.4	Native Hawaiian or other Pacific Islander	Not reported	Female	750.02	851.7	790.48	id_quod_plerumque_accidit	scientia_et_labor	Grade school	175	sapiens_qui_prospicit	Obedientia_civium_urbis_felicitas
demographic	CTDC-PARTICIPANT-848512	CTDC-DEMOGRAPHIC-492902	213.3	American Indian or Alaska Native	Not Hispanic or Latino	Female	110.62	826.6	400.51	barba_crescit_caput_nescit	saltus_in_demonstrando	High school graduate (including equivalency)	83	saltus_in_demonstrando	O_Tite_tute_Tati_tibi_tanta_tyranne_tulisti
demographic	CTDC-PARTICIPANT-599371	CTDC-DEMOGRAPHIC-139542	553.04	Asian	Unknown	Male	81.31	906.84	263.07	sapiens_qui_prospicit	pace_tua	Some college or Associate degree	545	nascentes_morimur_finisque_ab_origine_pendet	haec_olim_meminisse_iuvabit
demographic	CTDC-PARTICIPANT-855609	CTDC-DEMOGRAPHIC-118949	794.23	American Indian or Alaska Native	Not reported	Unknown	107.65	531.97	917.42	haec_olim_meminisse_iuvabit	faber_est_suae_quisque_fortunae	Doctoral or professional degree	765	salus_in_arduis	Gallia_est_omnis_divisa_in_partes_tres
demographic	CTDC-PARTICIPANT-879618	CTDC-DEMOGRAPHIC-673672	95.5	Native Hawaiian or other Pacific Islander	Not reported	Intersex	517.19	496.63	479.68	pace_tua	id_quod_plerumque_accidit	Not high school graduate	652	scientia_et_sapientia	nascentes_morimur_finisque_ab_origine_pendet
demographic	CTDC-PARTICIPANT-683664	CTDC-DEMOGRAPHIC-632882	840.15	Unknown	Unknown	Intersex	721.43	154.12	298.64	damnant_quod_non_intellegunt	nanos_gigantum_humeris_insidentes	Some college or Associate degree	517	scientia_et_labor	a_bene_placito
demographic	CTDC-PARTICIPANT-772356	CTDC-DEMOGRAPHIC-743512	970.78	Not Reported	Not reported	Female	664.67	722.61	229.18	cacatum_non_est_pictum	O_Tite_tute_Tati_tibi_tanta_tyranne_tulisti	Declined to answer	442	e_causa_ignota	a_bene_placito
demographic	CTDC-PARTICIPANT-641762	CTDC-DEMOGRAPHIC-379094	397.11	Not Reported	Unknown	Unknown	149.21	570.2	848.6	Gallia_est_omnis_divisa_in_partes_tres	faber_est_suae_quisque_fortunae	Not high school graduate	699	Macte_animo_Generose_puer_sic_itur_ad_astra	damnant_quod_non_intellegunt
demographic	CTDC-PARTICIPANT-357366	CTDC-DEMOGRAPHIC-355708	746.67	American Indian or Alaska Native	Hispanic or Latino	Female	72.64	217.7	112.74	Gallia_est_omnis_divisa_in_partes_tres	id_quod_plerumque_accidit	Bachelor's degree	304	scientiae_et_patriae	e_causa_ignota
demographic	CTDC-PARTICIPANT-395458	CTDC-DEMOGRAPHIC-701242	971.36	Black or African American	Hispanic or Latino	Unknown	885.36	262.62	327.63	saltus_in_demonstrando	scientiae_cedit_mare	Doctoral or professional degree	744	scientia_et_labor	sapiens_qui_prospicit
demographic	CTDC-PARTICIPANT-237017	CTDC-DEMOGRAPHIC-276219	111.53	Unknown	Not Hispanic or Latino	Male	457.59	740.01	858.22	Gallia_est_omnis_divisa_in_partes_tres	scientia_imperii_decus_et_tutamen	Grade school	951	nanos_gigantum_humeris_insidentes	scientia_imperii_decus_et_tutamen
demographic	CTDC-PARTICIPANT-423015	CTDC-DEMOGRAPHIC-493200	247.69	White	Not Hispanic or Latino	Male	860.89	67.6	794.23	Macte_animo_Generose_puer_sic_itur_ad_astra	Obedientia_civium_urbis_felicitas	Some college or Associate degree	830	sapiens_qui_prospicit	a_bene_placito
demographic	CTDC-PARTICIPANT-622116	CTDC-DEMOGRAPHIC-602046	411.88	American Indian or Alaska Native	Unknown	Unknown	993.57	579.18	167.28	labor_ipse_voluptas	cacatum_non_est_pictum	Declined to answer	260	faber_est_suae_quisque_fortunae	Gallia_est_omnis_divisa_in_partes_tres
demographic	CTDC-PARTICIPANT-854884	CTDC-DEMOGRAPHIC-294038	184.71	Native Hawaiian or other Pacific Islander	Not reported	Female	727.24	825.6	492.27	scientiae_cedit_mare	scientiae_et_patriae	High school graduate (including equivalency)	650	scientia_et_labor	scientiae_cedit_mare
demographic	CTDC-PARTICIPANT-593514	CTDC-DEMOGRAPHIC-766640	174.44	Asian	Hispanic or Latino	Female	535.79	539.92	512.18	scientia_imperii_decus_et_tutamen	Gallia_est_omnis_divisa_in_partes_tres	No formal education	512	a_bene_placito	e_causa_ignota
demographic	CTDC-PARTICIPANT-456506	CTDC-DEMOGRAPHIC-646063	535.08	Not Reported	Not reported	Unknown	904.25	758.58	367.54	cacatum_non_est_pictum	id_quod_plerumque_accidit	Some college or Associate degree	133	labor_ipse_voluptas	damnant_quod_non_intellegunt
demographic	CTDC-PARTICIPANT-311363	CTDC-DEMOGRAPHIC-707033	560.51	Asian	Not reported	Female	742.77	981.02	83.67	scientia_et_sapientia	imperium_in_imperio	Declined to answer	21	id_quod_plerumque_accidit	scientia_et_sapientia
demographic	CTDC-PARTICIPANT-299574	CTDC-DEMOGRAPHIC-577061	948.92	Unknown	Hispanic or Latino	Unknown	893.68	150.32	327.61	salus_in_arduis	scientia_et_labor	High school graduate (including equivalency)	282	Obedientia_civium_urbis_felicitas	haec_olim_meminisse_iuvabit
demographic	CTDC-PARTICIPANT-864568	CTDC-DEMOGRAPHIC-445611	389.89	Black or African American	Unknown	Intersex	650.88	382.94	216.68	O_Tite_tute_Tati_tibi_tanta_tyranne_tulisti	haec_olim_meminisse_iuvabit	Master's degree	251	Gallia_est_omnis_divisa_in_partes_tres	nascentes_morimur_finisque_ab_origine_pendet
demographic	CTDC-PARTICIPANT-969646	CTDC-DEMOGRAPHIC-241415	948.78	American Indian or Alaska Native	Unknown	Unknown	306.53	931.4	339.23	damnant_quod_non_intellegunt	id_quod_plerumque_accidit	No formal education	214	scientiae_cedit_mare	O_Tite_tute_Tati_tibi_tanta_tyranne_tulisti
demographic	CTDC-PARTICIPANT-824899	CTDC-DEMOGRAPHIC-808070	496.18	Black or African American	Unknown	Unknown	550.07	934.16	518.59	imperium_in_imperio	scientia_et_labor	High school graduate (including equivalency)	130	Obedientia_civium_urbis_felicitas	damnant_quod_non_intellegunt
demographic	CTDC-PARTICIPANT-624334	CTDC-DEMOGRAPHIC-241003	144.81	Native Hawaiian or other Pacific Islander	Not reported	Unknown	504.37	910.55	34.46	e_causa_ignota	cacatum_non_est_pictum	Doctoral or professional degree	179	pace_tua	scientia_et_labor
demographic	CTDC-PARTICIPANT-907836	CTDC-DEMOGRAPHIC-210673	286.2	American Indian or Alaska Native	Unknown	Female	126.21	385.6	61.68	a_bene_placito	cacatum_non_est_pictum	Master's degree	851	O_Tite_tute_Tati_tibi_tanta_tyranne_tulisti	labor_ipse_voluptas
demographic	CTDC-PARTICIPANT-380189	CTDC-DEMOGRAPHIC-749777	593.32	Black or African American	Not Hispanic or Latino	Male	553.68	40.36	529.31	labor_ipse_voluptas	Macte_animo_Generose_puer_sic_itur_ad_astra	Master's degree	429	labor_ipse_voluptas	salus_in_arduis
demographic	CTDC-PARTICIPANT-255931	CTDC-DEMOGRAPHIC-785639	16.29	Unknown	Hispanic or Latino	Unknown	342.06	476.81	665.6	nanos_gigantum_humeris_insidentes	scientiae_et_patriae	Not high school graduate	700	O_Tite_tute_Tati_tibi_tanta_tyranne_tulisti	barba_crescit_caput_nescit
demographic	CTDC-PARTICIPANT-713074	CTDC-DEMOGRAPHIC-245443	285.33	Black or African American	Not Hispanic or Latino	Female	249.85	293.45	545.8	barba_crescit_caput_nescit	scientia_et_labor	Master's degree	744	a_bene_placito	damnant_quod_non_intellegunt
demographic	CTDC-PARTICIPANT-592777	CTDC-DEMOGRAPHIC-721841	73.62	White	Not Hispanic or Latino	Unknown	284.42	115.31	210.38	a_bene_placito	scientiae_et_patriae	Bachelor's degree	838	e_causa_ignota	Gallia_est_omnis_divisa_in_partes_tres
demographic	CTDC-PARTICIPANT-759167	CTDC-DEMOGRAPHIC-760350	592.05	Asian	Not Hispanic or Latino	Unknown	518.1	581.1	135.47	O_Tite_tute_Tati_tibi_tanta_tyranne_tulisti	cacatum_non_est_pictum	Master's degree	976	scientia,_aere_perennius	scientiae_et_patriae
demographic	CTDC-PARTICIPANT-162429	CTDC-DEMOGRAPHIC-408474	577.0	Not Reported	Hispanic or Latino	Unknown	638.53	853.28	256.62	Obedientia_civium_urbis_felicitas	scientia_et_labor	Not high school graduate	723	haec_olim_meminisse_iuvabit	faber_est_suae_quisque_fortunae
demographic	CTDC-PARTICIPANT-624958	CTDC-DEMOGRAPHIC-815013	101.1	Unknown	Hispanic or Latino	Female	389.51	414.49	441.23	scientiae_et_patriae	Gallia_est_omnis_divisa_in_partes_tres	Grade school	281	scientiae_cedit_mare	scientia_et_sapientia
demographic	CTDC-PARTICIPANT-445241	CTDC-DEMOGRAPHIC-664516	276.74	Not Reported	Not reported	Female	319.61	898.3	681.53	barba_crescit_caput_nescit	saltus_in_demonstrando	Doctoral or professional degree	338	Obedientia_civium_urbis_felicitas	scientiae_et_patriae
demographic	CTDC-PARTICIPANT-226801	CTDC-DEMOGRAPHIC-552231	804.16	Asian	Unknown	Intersex	562.19	932.86	647.06	e_causa_ignota	id_quod_plerumque_accidit	Bachelor's degree	806	sapiens_qui_prospicit	Obedientia_civium_urbis_felicitas
demographic	CTDC-PARTICIPANT-800101	CTDC-DEMOGRAPHIC-680626	594.83	Asian	Not reported	Male	917.56	30.46	666.75	saltus_in_demonstrando	Gallia_est_omnis_divisa_in_partes_tres	No formal education	51	scientia,_aere_perennius	labor_ipse_voluptas
demographic	CTDC-PARTICIPANT-489962	CTDC-DEMOGRAPHIC-214095	492.52	Black or African American	Hispanic or Latino	Male	272.17	224.96	940.34	scientia_imperii_decus_et_tutamen	saltus_in_demonstrando	High school graduate (including equivalency)	195	saltus_in_demonstrando	nascentes_morimur_finisque_ab_origine_pendet
demographic	CTDC-PARTICIPANT-617402	CTDC-DEMOGRAPHIC-198409	948.39	Black or African American	Unknown	Female	26.58	726.62	401.95	scientia_et_sapientia	scientia,_aere_perennius	Master's degree	689	imperium_in_imperio	Macte_animo_Generose_puer_sic_itur_ad_astra
demographic	CTDC-PARTICIPANT-934170	CTDC-DEMOGRAPHIC-324387	686.34	Not Reported	Hispanic or Latino	Intersex	161.67	795.72	64.53	Obedientia_civium_urbis_felicitas	scientiae_et_patriae	Some college or Associate degree	295	imperium_in_imperio	haec_olim_meminisse_iuvabit
demographic	CTDC-PARTICIPANT-930739	CTDC-DEMOGRAPHIC-931252	952.53	Black or African American	Not Hispanic or Latino	Unknown	852.33	667.58	96.95	Obedientia_civium_urbis_felicitas	damnant_quod_non_intellegunt	Declined to answer	599	id_quod_plerumque_accidit	damnant_quod_non_intellegunt
demographic	CTDC-PARTICIPANT-785668	CTDC-DEMOGRAPHIC-746313	782.42	Native Hawaiian or other Pacific Islander	Hispanic or Latino	Intersex	470.12	70.3	604.49	Obedientia_civium_urbis_felicitas	Obedientia_civium_urbis_felicitas	Master's degree	702	nanos_gigantum_humeris_insidentes	scientia_imperii_decus_et_tutamen
demographic	CTDC-PARTICIPANT-400918	CTDC-DEMOGRAPHIC-820550	563.76	American Indian or Alaska Native	Hispanic or Latino	Unknown	386.93	562.07	617.12	O_Tite_tute_Tati_tibi_tanta_tyranne_tulisti	damnant_quod_non_intellegunt	Declined to answer	657	Gallia_est_omnis_divisa_in_partes_tres	scientia_et_labor
demographic	CTDC-PARTICIPANT-531009	CTDC-DEMOGRAPHIC-498466	99.26	American Indian or Alaska Native	Unknown	Intersex	755.05	985.21	853.76	nascentes_morimur_finisque_ab_origine_pendet	Macte_animo_Generose_puer_sic_itur_ad_astra	High school graduate (including equivalency)	653	saltus_in_demonstrando	barba_crescit_caput_nescit
demographic	CTDC-PARTICIPANT-165601	CTDC-DEMOGRAPHIC-563114	585.82	Asian	Not Hispanic or Latino	Female	34.1	335.01	904.65	scientia_et_sapientia	O_Tite_tute_Tati_tibi_tanta_tyranne_tulisti	No formal education	43	scientia_et_labor	pace_tua
demographic	CTDC-PARTICIPANT-551570	CTDC-DEMOGRAPHIC-307553	393.55	White	Unknown	Intersex	636.08	555.54	308.8	nanos_gigantum_humeris_insidentes	O_Tite_tute_Tati_tibi_tanta_tyranne_tulisti	No formal education	828	barba_crescit_caput_nescit	labor_ipse_voluptas
demographic	CTDC-PARTICIPANT-175162	CTDC-DEMOGRAPHIC-558880	461.86	American Indian or Alaska Native	Not reported	Female	174.68	671.78	660.17	a_bene_placito	scientia_et_sapientia	Doctoral or professional degree	849	e_causa_ignota	scientiae_cedit_mare
demographic	CTDC-PARTICIPANT-115872	CTDC-DEMOGRAPHIC-525715	661.4	Unknown	Not Hispanic or Latino	Intersex	464.41	67.38	971.16	scientia,_aere_perennius	scientia_et_sapientia	Grade school	758	haec_olim_meminisse_iuvabit	id_quod_plerumque_accidit
demographic	CTDC-PARTICIPANT-480277	CTDC-DEMOGRAPHIC-465511	325.89	Unknown	Hispanic or Latino	Unknown	598.53	524.62	645.02	pace_tua	nanos_gigantum_humeris_insidentes	Some college or Associate degree	940	scientia,_aere_perennius	nascentes_morimur_finisque_ab_origine_pendet
demographic	CTDC-PARTICIPANT-304492	CTDC-DEMOGRAPHIC-599282	38.6	Not Reported	Not reported	Male	81.46	422.86	404.6	scientia_imperii_decus_et_tutamen	Macte_animo_Generose_puer_sic_itur_ad_astra	Master's degree	349	labor_ipse_voluptas	damnant_quod_non_intellegunt
demographic	CTDC-PARTICIPANT-780147	CTDC-DEMOGRAPHIC-520479	76.08	Black or African American	Not Hispanic or Latino	Unknown	746.47	737.81	546.55	nanos_gigantum_humeris_insidentes	scientiae_et_patriae	Grade school	368	e_causa_ignota	scientia_et_sapientia
demographic	CTDC-PARTICIPANT-155733	CTDC-DEMOGRAPHIC-536188	300.71	American Indian or Alaska Native	Hispanic or Latino	Unknown	76.37	188.11	855.81	scientia_et_labor	barba_crescit_caput_nescit	Some college or Associate degree	659	a_bene_placito	Obedientia_civium_urbis_felicitas
demographic	CTDC-PARTICIPANT-610906	CTDC-DEMOGRAPHIC-254207	68.07	White	Not Hispanic or Latino	Female	381.53	98.1	417.22	faber_est_suae_quisque_fortunae	salus_in_arduis	Bachelor's degree	406	cacatum_non_est_pictum	scientiae_et_patriae
demographic	CTDC-PARTICIPANT-132570	CTDC-DEMOGRAPHIC-986964	358.1	Asian	Hispanic or Latino	Male	273.9	23.98	809.69	scientiae_et_patriae	sapiens_qui_prospicit	No formal education	274	scientia_et_labor	a_bene_placito
demographic	CTDC-PARTICIPANT-387859	CTDC-DEMOGRAPHIC-237229	52.04	Unknown	Unknown	Intersex	21.38	832.47	451.44	pace_tua	imperium_in_imperio	Master's degree	900	saltus_in_demonstrando	scientia_et_sapientia
demographic	CTDC-PARTICIPANT-554515	CTDC-DEMOGRAPHIC-300764	726.71	Unknown	Hispanic or Latino	Female	468.22	661.04	120.81	saltus_in_demonstrando	faber_est_suae_quisque_fortunae	Some college or Associate degree	52	a_bene_placito	pace_tua
demographic	CTDC-PARTICIPANT-813717	CTDC-DEMOGRAPHIC-163536	519.29	Asian	Hispanic or Latino	Intersex	614.3	957.88	706.92	Gallia_est_omnis_divisa_in_partes_tres	barba_crescit_caput_nescit	No formal education	588	scientia_imperii_decus_et_tutamen	nascentes_morimur_finisque_ab_origine_pendet
demographic	CTDC-PARTICIPANT-829393	CTDC-DEMOGRAPHIC-904989	388.27	Black or African American	Not reported	Male	474.34	752.58	129.81	scientia,_aere_perennius	barba_crescit_caput_nescit	Master's degree	34	Macte_animo_Generose_puer_sic_itur_ad_astra	a_bene_placito
demographic	CTDC-PARTICIPANT-140828	CTDC-DEMOGRAPHIC-991026	901.53	Native Hawaiian or other Pacific Islander	Hispanic or Latino	Male	164.44	809.64	847.1	scientia_imperii_decus_et_tutamen	saltus_in_demonstrando	Declined to answer	510	faber_est_suae_quisque_fortunae	scientia_et_labor
demographic	CTDC-PARTICIPANT-153996	CTDC-DEMOGRAPHIC-928622	174.96	American Indian or Alaska Native	Unknown	Female	143.38	757.7	674.11	scientia,_aere_perennius	sapiens_qui_prospicit	Doctoral or professional degree	921	scientia_et_labor	scientiae_et_patriae
demographic	CTDC-PARTICIPANT-157188	CTDC-DEMOGRAPHIC-543005	67.39	Black or African American	Hispanic or Latino	Male	904.78	932.35	476.37	scientia_et_labor	scientia_et_sapientia	Declined to answer	83	cacatum_non_est_pictum	barba_crescit_caput_nescit
demographic	CTDC-PARTICIPANT-731202	CTDC-DEMOGRAPHIC-786738	540.95	Asian	Hispanic or Latino	Male	92.12	846.4	262.65	sapiens_qui_prospicit	salus_in_arduis	No formal education	818	id_quod_plerumque_accidit	scientia,_aere_perennius
demographic	CTDC-PARTICIPANT-541762	CTDC-DEMOGRAPHIC-366271	752.62	White	Hispanic or Latino	Female	256.69	892.38	848.58	salus_in_arduis	pace_tua	Some college or Associate degree	277	Macte_animo_Generose_puer_sic_itur_ad_astra	imperium_in_imperio
demographic	CTDC-PARTICIPANT-986899	CTDC-DEMOGRAPHIC-639189	694.17	Native Hawaiian or other Pacific Islander	Unknown	Intersex	226.04	914.32	373.83	haec_olim_meminisse_iuvabit	nanos_gigantum_humeris_insidentes	Not high school graduate	789	damnant_quod_non_intellegunt	nascentes_morimur_finisque_ab_origine_pendet
demographic	CTDC-PARTICIPANT-896676	CTDC-DEMOGRAPHIC-563617	604.69	Asian	Hispanic or Latino	Male	960.1	185.56	536.32	scientia_imperii_decus_et_tutamen	pace_tua	Declined to answer	800	O_Tite_tute_Tati_tibi_tanta_tyranne_tulisti	nascentes_morimur_finisque_ab_origine_pendet
demographic	CTDC-PARTICIPANT-617856	CTDC-DEMOGRAPHIC-991971	157.71	Not Reported	Not Hispanic or Latino	Unknown	280.04	49.5	505.79	imperium_in_imperio	haec_olim_meminisse_iuvabit	Bachelor's degree	345	sapiens_qui_prospicit	faber_est_suae_quisque_fortunae
demographic	CTDC-PARTICIPANT-100150	CTDC-DEMOGRAPHIC-779536	660.12	Unknown	Not reported	Female	910.1	144.33	39.77	sapiens_qui_prospicit	labor_ipse_voluptas	No formal education	185	scientia_et_labor	e_causa_ignota
demographic	CTDC-PARTICIPANT-489929	CTDC-DEMOGRAPHIC-232371	42.12	American Indian or Alaska Native	Unknown	Female	16.17	207.67	424.35	scientia_imperii_decus_et_tutamen	nascentes_morimur_finisque_ab_origine_pendet	Doctoral or professional degree	651	Gallia_est_omnis_divisa_in_partes_tres	salus_in_arduis
demographic	CTDC-PARTICIPANT-149982	CTDC-DEMOGRAPHIC-351685	327.03	Black or African American	Hispanic or Latino	Unknown	86.14	847.25	717.0	scientiae_cedit_mare	haec_olim_meminisse_iuvabit	Grade school	348	Obedientia_civium_urbis_felicitas	scientiae_et_patriae
demographic	CTDC-PARTICIPANT-444431	CTDC-DEMOGRAPHIC-695279	455.62	Native Hawaiian or other Pacific Islander	Unknown	Male	539.73	595.23	866.26	Gallia_est_omnis_divisa_in_partes_tres	id_quod_plerumque_accidit	Not high school graduate	767	cacatum_non_est_pictum	scientia_et_labor
demographic	CTDC-PARTICIPANT-348498	CTDC-DEMOGRAPHIC-533679	236.32	Black or African American	Unknown	Male	91.76	876.58	668.43	haec_olim_meminisse_iuvabit	barba_crescit_caput_nescit	High school graduate (including equivalency)	491	damnant_quod_non_intellegunt	labor_ipse_voluptas
demographic	CTDC-PARTICIPANT-151782	CTDC-DEMOGRAPHIC-789535	735.12	Unknown	Not Hispanic or Latino	Male	148.07	141.23	393.81	scientiae_et_patriae	barba_crescit_caput_nescit	No formal education	764	O_Tite_tute_Tati_tibi_tanta_tyranne_tulisti	sapiens_qui_prospicit
demographic	CTDC-PARTICIPANT-570580	CTDC-DEMOGRAPHIC-647116	282.52	Unknown	Unknown	Unknown	818.77	255.29	393.04	scientia,_aere_perennius	sapiens_qui_prospicit	Doctoral or professional degree	499	scientiae_cedit_mare	a_bene_placito
demographic	CTDC-PARTICIPANT-322080	CTDC-DEMOGRAPHIC-886687	547.68	American Indian or Alaska Native	Unknown	Male	372.08	471.26	51.27	sapiens_qui_prospicit	scientiae_et_patriae	Bachelor's degree	458	sapiens_qui_prospicit	damnant_quod_non_intellegunt
demographic	CTDC-PARTICIPANT-696969	CTDC-DEMOGRAPHIC-915304	612.66	Unknown	Hispanic or Latino	Female	963.71	945.85	271.27	Gallia_est_omnis_divisa_in_partes_tres	sapiens_qui_prospicit	Not high school graduate	919	e_causa_ignota	barba_crescit_caput_nescit
demographic	CTDC-PARTICIPANT-104574	CTDC-DEMOGRAPHIC-994814	682.05	American Indian or Alaska Native	Not reported	Intersex	62.23	973.06	775.03	saltus_in_demonstrando	Obedientia_civium_urbis_felicitas	Declined to answer	819	scientia_et_labor	Macte_animo_Generose_puer_sic_itur_ad_astra
demographic	CTDC-PARTICIPANT-521195	CTDC-DEMOGRAPHIC-502266	452.1	Black or African American	Hispanic or Latino	Intersex	963.34	773.8	222.7	haec_olim_meminisse_iuvabit	scientia,_aere_perennius	Declined to answer	187	scientiae_et_patriae	faber_est_suae_quisque_fortunae
demographic	CTDC-PARTICIPANT-718725	CTDC-DEMOGRAPHIC-641999	864.31	Black or African American	Unknown	Intersex	31.66	935.74	352.66	saltus_in_demonstrando	nanos_gigantum_humeris_insidentes	Master's degree	353	faber_est_suae_quisque_fortunae	damnant_quod_non_intellegunt
demographic	CTDC-PARTICIPANT-801137	CTDC-DEMOGRAPHIC-776079	518.03	Asian	Hispanic or Latino	Male	807.15	722.81	800.11	scientiae_cedit_mare	salus_in_arduis	No formal education	516	cacatum_non_est_pictum	Gallia_est_omnis_divisa_in_partes_tres
demographic	CTDC-PARTICIPANT-602888	CTDC-DEMOGRAPHIC-371980	352.46	Black or African American	Not Hispanic or Latino	Female	764.42	474.81	30.99	haec_olim_meminisse_iuvabit	Obedientia_civium_urbis_felicitas	Bachelor's degree	413	pace_tua	id_quod_plerumque_accidit
demographic	CTDC-PARTICIPANT-585644	CTDC-DEMOGRAPHIC-585109	781.15	Not Reported	Hispanic or Latino	Intersex	305.87	457.23	918.94	pace_tua	scientiae_et_patriae	No formal education	973	O_Tite_tute_Tati_tibi_tanta_tyranne_tulisti	nascentes_morimur_finisque_ab_origine_pendet
demographic	CTDC-PARTICIPANT-923159	CTDC-DEMOGRAPHIC-103967	865.59	American Indian or Alaska Native	Not reported	Intersex	864.35	173.82	752.82	barba_crescit_caput_nescit	Macte_animo_Generose_puer_sic_itur_ad_astra	High school graduate (including equivalency)	400	scientia_et_sapientia	cacatum_non_est_pictum
demographic	CTDC-PARTICIPANT-796918	CTDC-DEMOGRAPHIC-123123	856.39	Unknown	Unknown	Male	367.65	152.92	916.01	scientia_et_sapientia	sapiens_qui_prospicit	No formal education	466	O_Tite_tute_Tati_tibi_tanta_tyranne_tulisti	faber_est_suae_quisque_fortunae
demographic	CTDC-PARTICIPANT-646131	CTDC-DEMOGRAPHIC-734826	845.41	Black or African American	Not Hispanic or Latino	Unknown	956.11	512.07	331.74	scientia_et_labor	scientia_et_labor	Bachelor's degree	21	scientia_imperii_decus_et_tutamen	nanos_gigantum_humeris_insidentes
demographic	CTDC-PARTICIPANT-965448	CTDC-DEMOGRAPHIC-660103	902.84	Black or African American	Hispanic or Latino	Female	407.21	291.63	109.26	e_causa_ignota	nascentes_morimur_finisque_ab_origine_pendet	No formal education	69	scientia,_aere_perennius	scientiae_et_patriae
demographic	CTDC-PARTICIPANT-830794	CTDC-DEMOGRAPHIC-975868	729.98	White	Hispanic or Latino	Unknown	132.69	205.86	92.71	e_causa_ignota	cacatum_non_est_pictum	Some college or Associate degree	601	Gallia_est_omnis_divisa_in_partes_tres	scientia_imperii_decus_et_tutamen
demographic	CTDC-PARTICIPANT-405569	CTDC-DEMOGRAPHIC-301932	736.93	Black or African American	Hispanic or Latino	Intersex	84.01	975.23	589.28	e_causa_ignota	scientia_et_sapientia	Grade school	466	Obedientia_civium_urbis_felicitas	O_Tite_tute_Tati_tibi_tanta_tyranne_tulisti
demographic	CTDC-PARTICIPANT-389280	CTDC-DEMOGRAPHIC-459408	809.92	Native Hawaiian or other Pacific Islander	Hispanic or Latino	Female	977.39	882.69	903.54	scientiae_cedit_mare	scientia,_aere_perennius	Grade school	925	Gallia_est_omnis_divisa_in_partes_tres	scientiae_cedit_mare
demographic	CTDC-PARTICIPANT-415492	CTDC-DEMOGRAPHIC-593482	13.82	Asian	Not Hispanic or Latino	Intersex	973.81	120.38	84.46	cacatum_non_est_pictum	pace_tua	No formal education	497	scientia,_aere_perennius	sapiens_qui_prospicit
demographic	CTDC-PARTICIPANT-450156	CTDC-DEMOGRAPHIC-903963	714.54	Not Reported	Unknown	Female	250.92	973.17	888.64	scientia,_aere_perennius	saltus_in_demonstrando	Some college or Associate degree	840	damnant_quod_non_intellegunt	Macte_animo_Generose_puer_sic_itur_ad_astra
demographic	CTDC-PARTICIPANT-842600	CTDC-DEMOGRAPHIC-961556	706.06	White	Not reported	Female	172.77	75.14	912.99	pace_tua	nascentes_morimur_finisque_ab_origine_pendet	Doctoral or professional degree	973	barba_crescit_caput_nescit	faber_est_suae_quisque_fortunae
demographic	CTDC-PARTICIPANT-804006	CTDC-DEMOGRAPHIC-220747	25.62	Black or African American	Not Hispanic or Latino	Male	731.35	65.56	926.05	scientiae_et_patriae	scientia_imperii_decus_et_tutamen	Bachelor's degree	497	barba_crescit_caput_nescit	cacatum_non_est_pictum
demographic	CTDC-PARTICIPANT-794571	CTDC-DEMOGRAPHIC-822256	358.69	American Indian or Alaska Native	Not Hispanic or Latino	Female	82.6	924.97	145.19	id_quod_plerumque_accidit	e_causa_ignota	Doctoral or professional degree	78	Gallia_est_omnis_divisa_in_partes_tres	O_Tite_tute_Tati_tibi_tanta_tyranne_tulisti
demographic	CTDC-PARTICIPANT-912680	CTDC-DEMOGRAPHIC-964391	602.44	Unknown	Not Hispanic or Latino	Male	807.35	919.97	293.26	e_causa_ignota	Obedientia_civium_urbis_felicitas	Bachelor's degree	64	haec_olim_meminisse_iuvabit	nanos_gigantum_humeris_insidentes
demographic	CTDC-PARTICIPANT-260687	CTDC-DEMOGRAPHIC-908164	712.09	Black or African American	Unknown	Intersex	486.32	781.89	780.31	scientiae_et_patriae	Macte_animo_Generose_puer_sic_itur_ad_astra	Master's degree	539	scientia_et_sapientia	O_Tite_tute_Tati_tibi_tanta_tyranne_tulisti
demographic	CTDC-PARTICIPANT-513003	CTDC-DEMOGRAPHIC-832837	813.97	Native Hawaiian or other Pacific Islander	Not reported	Female	850.83	124.1	648.09	Macte_animo_Generose_puer_sic_itur_ad_astra	Gallia_est_omnis_divisa_in_partes_tres	No formal education	280	nanos_gigantum_humeris_insidentes	cacatum_non_est_pictum
demographic	CTDC-PARTICIPANT-985753	CTDC-DEMOGRAPHIC-952975	106.51	American Indian or Alaska Native	Hispanic or Latino	Female	519.84	615.86	749.42	scientia_et_sapientia	faber_est_suae_quisque_fortunae	Some college or Associate degree	188	id_quod_plerumque_accidit	Obedientia_civium_urbis_felicitas
demographic	CTDC-PARTICIPANT-576238	CTDC-DEMOGRAPHIC-720846	531.11	Not Reported	Not Hispanic or Latino	Unknown	126.4	933.11	894.53	O_Tite_tute_Tati_tibi_tanta_tyranne_tulisti	a_bene_placito	Grade school	780	e_causa_ignota	faber_est_suae_quisque_fortunae
demographic	CTDC-PARTICIPANT-538281	CTDC-DEMOGRAPHIC-800374	136.69	American Indian or Alaska Native	Not Hispanic or Latino	Unknown	93.6	83.96	147.76	scientia_et_labor	imperium_in_imperio	Grade school	470	scientia_et_labor	labor_ipse_voluptas
demographic	CTDC-PARTICIPANT-567163	CTDC-DEMOGRAPHIC-917410	375.18	Unknown	Not reported	Male	925.7	26.51	527.74	scientia_et_labor	haec_olim_meminisse_iuvabit	Grade school	663	Gallia_est_omnis_divisa_in_partes_tres	sapiens_qui_prospicit
demographic	CTDC-PARTICIPANT-375688	CTDC-DEMOGRAPHIC-104980	537.33	Native Hawaiian or other Pacific Islander	Not reported	Male	668.17	989.91	448.88	scientia_et_labor	imperium_in_imperio	Some college or Associate degree	284	imperium_in_imperio	scientiae_cedit_mare
demographic	CTDC-PARTICIPANT-842152	CTDC-DEMOGRAPHIC-114535	915.73	Black or African American	Not reported	Intersex	697.48	574.29	368.47	saltus_in_demonstrando	sapiens_qui_prospicit	Bachelor's degree	630	scientia_imperii_decus_et_tutamen	imperium_in_imperio
demographic	CTDC-PARTICIPANT-100029	CTDC-DEMOGRAPHIC-608527	307.81	Not Reported	Unknown	Intersex	735.11	525.07	921.18	scientia_imperii_decus_et_tutamen	imperium_in_imperio	Doctoral or professional degree	250	scientiae_et_patriae	pace_tua
demographic	CTDC-PARTICIPANT-141020	CTDC-DEMOGRAPHIC-952818	648.22	Native Hawaiian or other Pacific Islander	Not reported	Female	548.05	375.7	31.54	labor_ipse_voluptas	pace_tua	Declined to answer	927	scientia,_aere_perennius	nascentes_morimur_finisque_ab_origine_pendet
demographic	CTDC-PARTICIPANT-380809	CTDC-DEMOGRAPHIC-110589	905.32	White	Not Hispanic or Latino	Female	464.45	791.54	307.86	nascentes_morimur_finisque_ab_origine_pendet	id_quod_plerumque_accidit	High school graduate (including equivalency)	394	pace_tua	a_bene_placito
demographic	CTDC-PARTICIPANT-756502	CTDC-DEMOGRAPHIC-355936	85.05	American Indian or Alaska Native	Hispanic or Latino	Male	276.04	296.14	569.21	barba_crescit_caput_nescit	sapiens_qui_prospicit	High school graduate (including equivalency)	582	labor_ipse_voluptas	salus_in_arduis
demographic	CTDC-PARTICIPANT-616347	CTDC-DEMOGRAPHIC-366540	486.02	Black or African American	Hispanic or Latino	Female	455.37	714.27	738.73	scientiae_cedit_mare	nanos_gigantum_humeris_insidentes	Doctoral or professional degree	466	nanos_gigantum_humeris_insidentes	scientia_et_labor
demographic	CTDC-PARTICIPANT-631268	CTDC-DEMOGRAPHIC-185812	81.54	White	Unknown	Unknown	825.93	947.24	781.3	e_causa_ignota	faber_est_suae_quisque_fortunae	Doctoral or professional degree	463	Gallia_est_omnis_divisa_in_partes_tres	Obedientia_civium_urbis_felicitas
demographic	CTDC-PARTICIPANT-683397	CTDC-DEMOGRAPHIC-552816	53.25	Unknown	Not reported	Female	260.56	883.15	949.13	salus_in_arduis	Macte_animo_Generose_puer_sic_itur_ad_astra	Master's degree	718	pace_tua	O_Tite_tute_Tati_tibi_tanta_tyranne_tulisti
demographic	CTDC-PARTICIPANT-870495	CTDC-DEMOGRAPHIC-766059	571.91	Native Hawaiian or other Pacific Islander	Not Hispanic or Latino	Male	388.3	225.88	515.72	O_Tite_tute_Tati_tibi_tanta_tyranne_tulisti	barba_crescit_caput_nescit	High school graduate (including equivalency)	186	salus_in_arduis	faber_est_suae_quisque_fortunae
demographic	CTDC-PARTICIPANT-169247	CTDC-DEMOGRAPHIC-651286	938.3	American Indian or Alaska Native	Unknown	Intersex	275.59	437.18	634.35	Gallia_est_omnis_divisa_in_partes_tres	Gallia_est_omnis_divisa_in_partes_tres	Grade school	880	imperium_in_imperio	O_Tite_tute_Tati_tibi_tanta_tyranne_tulisti
demographic	CTDC-PARTICIPANT-242464	CTDC-DEMOGRAPHIC-479353	556.12	Not Reported	Not Hispanic or Latino	Male	816.16	967.12	58.48	nanos_gigantum_humeris_insidentes	scientia_et_sapientia	Declined to answer	976	salus_in_arduis	damnant_quod_non_intellegunt
demographic	CTDC-PARTICIPANT-653360	CTDC-DEMOGRAPHIC-937197	66.77	American Indian or Alaska Native	Hispanic or Latino	Female	201.14	632.29	577.57	nascentes_morimur_finisque_ab_origine_pendet	sapiens_qui_prospicit	Doctoral or professional degree	822	O_Tite_tute_Tati_tibi_tanta_tyranne_tulisti	scientia_et_labor
demographic	CTDC-PARTICIPANT-643257	CTDC-DEMOGRAPHIC-941342	603.74	Black or African American	Hispanic or Latino	Male	497.17	445.49	510.14	barba_crescit_caput_nescit	salus_in_arduis	Declined to answer	185	saltus_in_demonstrando	haec_olim_meminisse_iuvabit
demographic	CTDC-PARTICIPANT-516787	CTDC-DEMOGRAPHIC-254814	483.39	Not Reported	Unknown	Unknown	726.82	200.06	353.03	scientiae_cedit_mare	salus_in_arduis	Bachelor's degree	402	damnant_quod_non_intellegunt	Obedientia_civium_urbis_felicitas
demographic	CTDC-PARTICIPANT-152632	CTDC-DEMOGRAPHIC-734131	111.17	American Indian or Alaska Native	Hispanic or Latino	Female	644.29	195.66	156.19	scientia_et_sapientia	scientia,_aere_perennius	Grade school	303	e_causa_ignota	pace_tua
demographic	CTDC-PARTICIPANT-110623	CTDC-DEMOGRAPHIC-467169	156.18	Not Reported	Hispanic or Latino	Unknown	698.06	537.14	35.0	scientiae_cedit_mare	Gallia_est_omnis_divisa_in_partes_tres	No formal education	468	haec_olim_meminisse_iuvabit	scientiae_et_patriae
demographic	CTDC-PARTICIPANT-681780	CTDC-DEMOGRAPHIC-302848	275.68	Not Reported	Not reported	Unknown	969.46	727.36	809.79	salus_in_arduis	barba_crescit_caput_nescit	Bachelor's degree	125	Obedientia_civium_urbis_felicitas	scientiae_cedit_mare
demographic	CTDC-PARTICIPANT-913252	CTDC-DEMOGRAPHIC-150736	350.82	White	Not reported	Unknown	379.19	730.67	152.62	scientiae_cedit_mare	a_bene_placito	High school graduate (including equivalency)	412	labor_ipse_voluptas	e_causa_ignota
demographic	CTDC-PARTICIPANT-958510	CTDC-DEMOGRAPHIC-849409	432.31	Black or African American	Hispanic or Latino	Intersex	724.16	208.47	401.18	damnant_quod_non_intellegunt	scientia_et_sapientia	Grade school	747	scientiae_cedit_mare	faber_est_suae_quisque_fortunae
