type	participant.participant_id	demographic_record_id	age_at_enrollment	race	ethnicity	sex	height	weight	body_surface_area	occupation	income	highest_level_of_education	ncbi_taxonomy_id	ncbi_taxonomy_name	crdc_id
demographic	CTDC-PARTICIPANT-285902	CTDC-DEMOGRAPHIC-206535	582.69	White	Not reported	Male	732.77	880.2	475.27	imperium_in_imperio	Obedientia_civium_urbis_felicitas	Master's degree	679	Macte_animo_Generose_puer_sic_itur_ad_astra	scientiae_cedit_mare
demographic	CTDC-PARTICIPANT-395041	CTDC-DEMOGRAPHIC-811250	220.21	Black or African American	Not Hispanic or Latino	Intersex	256.85	847.6	886.22	Obedientia_civium_urbis_felicitas	a_bene_placito	No formal education	206	id_quod_plerumque_accidit	salus_in_arduis
demographic	CTDC-PARTICIPANT-848303	CTDC-DEMOGRAPHIC-538674	860.41	Native Hawaiian or other Pacific Islander	Not Hispanic or Latino	Intersex	479.8	865.45	325.53	faber_est_suae_quisque_fortunae	barba_crescit_caput_nescit	Master's degree	814	saltus_in_demonstrando	nascentes_morimur_finisque_ab_origine_pendet
demographic	CTDC-PARTICIPANT-818056	CTDC-DEMOGRAPHIC-883002	320.57	American Indian or Alaska Native	Unknown	Female	936.79	503.97	558.32	a_bene_placito	nanos_gigantum_humeris_insidentes	Master's degree	625	Macte_animo_Generose_puer_sic_itur_ad_astra	scientia_et_sapientia
demographic	CTDC-PARTICIPANT-114136	CTDC-DEMOGRAPHIC-164354	254.35	Native Hawaiian or other Pacific Islander	Not reported	Female	110.45	722.77	273.83	scientiae_et_patriae	damnant_quod_non_intellegunt	High school graduate (including equivalency)	527	sapiens_qui_prospicit	cacatum_non_est_pictum
demographic	CTDC-PARTICIPANT-422576	CTDC-DEMOGRAPHIC-520617	387.51	American Indian or Alaska Native	Not Hispanic or Latino	Female	832.43	682.51	784.03	nascentes_morimur_finisque_ab_origine_pendet	e_causa_ignota	Doctoral or professional degree	188	saltus_in_demonstrando	scientia,_aere_perennius
demographic	CTDC-PARTICIPANT-818047	CTDC-DEMOGRAPHIC-540042	849.43	Not Reported	Unknown	Male	12.98	432.63	929.35	sapiens_qui_prospicit	cacatum_non_est_pictum	Bachelor's degree	489	Obedientia_civium_urbis_felicitas	barba_crescit_caput_nescit
demographic	CTDC-PARTICIPANT-896665	CTDC-DEMOGRAPHIC-143329	354.8	Not Reported	Unknown	Male	758.58	724.15	119.67	saltus_in_demonstrando	e_causa_ignota	Grade school	952	a_bene_placito	id_quod_plerumque_accidit
demographic	CTDC-PARTICIPANT-562413	CTDC-DEMOGRAPHIC-163882	439.57	Black or African American	Hispanic or Latino	Male	316.37	247.56	792.19	scientiae_cedit_mare	scientiae_cedit_mare	Master's degree	558	scientia_imperii_decus_et_tutamen	Macte_animo_Generose_puer_sic_itur_ad_astra
demographic	CTDC-PARTICIPANT-216011	CTDC-DEMOGRAPHIC-756592	274.57	Asian	Hispanic or Latino	Male	279.45	483.39	690.3	id_quod_plerumque_accidit	saltus_in_demonstrando	Bachelor's degree	122	imperium_in_imperio	nanos_gigantum_humeris_insidentes
demographic	CTDC-PARTICIPANT-847934	CTDC-DEMOGRAPHIC-416584	707.66	Native Hawaiian or other Pacific Islander	Not Hispanic or Latino	Female	79.02	698.33	825.68	imperium_in_imperio	salus_in_arduis	Master's degree	319	scientia_et_sapientia	nanos_gigantum_humeris_insidentes
demographic	CTDC-PARTICIPANT-630851	CTDC-DEMOGRAPHIC-763763	843.99	Native Hawaiian or other Pacific Islander	Unknown	Male	983.84	534.95	243.75	Obedientia_civium_urbis_felicitas	Gallia_est_omnis_divisa_in_partes_tres	Grade school	721	Gallia_est_omnis_divisa_in_partes_tres	imperium_in_imperio
demographic	CTDC-PARTICIPANT-771842	CTDC-DEMOGRAPHIC-253251	834.34	Asian	Not reported	Female	251.45	16.63	511.62	nanos_gigantum_humeris_insidentes	sapiens_qui_prospicit	Declined to answer	400	scientia,_aere_perennius	faber_est_suae_quisque_fortunae
demographic	CTDC-PARTICIPANT-592343	CTDC-DEMOGRAPHIC-501545	107.82	Asian	Not reported	Male	101.82	866.53	376.51	e_causa_ignota	labor_ipse_voluptas	No formal education	307	scientiae_cedit_mare	Obedientia_civium_urbis_felicitas
demographic	CTDC-PARTICIPANT-692508	CTDC-DEMOGRAPHIC-886835	803.45	Not Reported	Not Hispanic or Latino	Unknown	450.83	305.06	742.16	nanos_gigantum_humeris_insidentes	barba_crescit_caput_nescit	Not high school graduate	594	faber_est_suae_quisque_fortunae	Macte_animo_Generose_puer_sic_itur_ad_astra
demographic	CTDC-PARTICIPANT-908655	CTDC-DEMOGRAPHIC-828732	304.9	White	Hispanic or Latino	Intersex	657.61	858.71	975.56	Macte_animo_Generose_puer_sic_itur_ad_astra	Macte_animo_Generose_puer_sic_itur_ad_astra	Declined to answer	30	saltus_in_demonstrando	salus_in_arduis
demographic	CTDC-PARTICIPANT-382150	CTDC-DEMOGRAPHIC-283592	226.45	White	Not Hispanic or Latino	Female	257.99	608.8	11.17	a_bene_placito	O_Tite_tute_Tati_tibi_tanta_tyranne_tulisti	Grade school	954	pace_tua	scientia,_aere_perennius
demographic	CTDC-PARTICIPANT-605809	CTDC-DEMOGRAPHIC-424974	122.29	Black or African American	Unknown	Unknown	45.89	730.74	669.2	nascentes_morimur_finisque_ab_origine_pendet	scientia_et_labor	Some college or Associate degree	730	haec_olim_meminisse_iuvabit	id_quod_plerumque_accidit
demographic	CTDC-PARTICIPANT-912708	CTDC-DEMOGRAPHIC-646711	108.03	American Indian or Alaska Native	Not Hispanic or Latino	Intersex	878.17	289.91	384.24	a_bene_placito	faber_est_suae_quisque_fortunae	Doctoral or professional degree	224	barba_crescit_caput_nescit	scientia_imperii_decus_et_tutamen
demographic	CTDC-PARTICIPANT-481872	CTDC-DEMOGRAPHIC-225020	232.08	Native Hawaiian or other Pacific Islander	Unknown	Intersex	841.51	531.56	568.67	scientia_et_sapientia	Macte_animo_Generose_puer_sic_itur_ad_astra	Doctoral or professional degree	376	scientia_et_labor	Gallia_est_omnis_divisa_in_partes_tres
demographic	CTDC-PARTICIPANT-949296	CTDC-DEMOGRAPHIC-697525	770.59	American Indian or Alaska Native	Hispanic or Latino	Unknown	571.09	545.1	544.98	scientia_et_labor	scientiae_et_patriae	Bachelor's degree	425	sapiens_qui_prospicit	scientia_imperii_decus_et_tutamen
demographic	CTDC-PARTICIPANT-625089	CTDC-DEMOGRAPHIC-820839	916.85	American Indian or Alaska Native	Unknown	Female	931.74	144.57	578.45	cacatum_non_est_pictum	scientia,_aere_perennius	Some college or Associate degree	768	Gallia_est_omnis_divisa_in_partes_tres	scientia_imperii_decus_et_tutamen
demographic	CTDC-PARTICIPANT-457982	CTDC-DEMOGRAPHIC-238594	576.0	Native Hawaiian or other Pacific Islander	Unknown	Male	574.58	458.13	437.9	Gallia_est_omnis_divisa_in_partes_tres	labor_ipse_voluptas	Not high school graduate	414	scientia_et_labor	Gallia_est_omnis_divisa_in_partes_tres
demographic	CTDC-PARTICIPANT-852223	CTDC-DEMOGRAPHIC-107461	289.67	Asian	Not Hispanic or Latino	Male	615.49	750.22	286.53	cacatum_non_est_pictum	scientia_imperii_decus_et_tutamen	No formal education	869	O_Tite_tute_Tati_tibi_tanta_tyranne_tulisti	damnant_quod_non_intellegunt
demographic	CTDC-PARTICIPANT-700372	CTDC-DEMOGRAPHIC-155859	273.63	Not Reported	Hispanic or Latino	Female	199.68	889.29	716.47	damnant_quod_non_intellegunt	scientiae_cedit_mare	Doctoral or professional degree	74	labor_ipse_voluptas	O_Tite_tute_Tati_tibi_tanta_tyranne_tulisti
demographic	CTDC-PARTICIPANT-888849	CTDC-DEMOGRAPHIC-750031	598.58	White	Not reported	Unknown	339.8	14.95	997.87	scientiae_cedit_mare	Obedientia_civium_urbis_felicitas	Grade school	632	scientiae_cedit_mare	haec_olim_meminisse_iuvabit
demographic	CTDC-PARTICIPANT-248623	CTDC-DEMOGRAPHIC-968852	486.66	White	Hispanic or Latino	Intersex	19.07	936.43	888.72	scientia_et_labor	nanos_gigantum_humeris_insidentes	Master's degree	11	pace_tua	scientia_imperii_decus_et_tutamen
demographic	CTDC-PARTICIPANT-616751	CTDC-DEMOGRAPHIC-234770	491.25	Unknown	Not reported	Intersex	81.6	32.62	658.13	e_causa_ignota	sapiens_qui_prospicit	Doctoral or professional degree	170	scientia,_aere_perennius	Gallia_est_omnis_divisa_in_partes_tres
demographic	CTDC-PARTICIPANT-517161	CTDC-DEMOGRAPHIC-763224	420.33	Native Hawaiian or other Pacific Islander	Not Hispanic or Latino	Unknown	15.66	789.87	37.68	Obedientia_civium_urbis_felicitas	nascentes_morimur_finisque_ab_origine_pendet	Grade school	890	saltus_in_demonstrando	cacatum_non_est_pictum
demographic	CTDC-PARTICIPANT-927569	CTDC-DEMOGRAPHIC-395058	138.48	Unknown	Hispanic or Latino	Male	478.37	655.52	955.77	e_causa_ignota	barba_crescit_caput_nescit	Not high school graduate	716	scientia_et_labor	scientia_et_sapientia
demographic	CTDC-PARTICIPANT-634634	CTDC-DEMOGRAPHIC-264637	996.12	Black or African American	Hispanic or Latino	Unknown	282.53	794.26	909.85	faber_est_suae_quisque_fortunae	imperium_in_imperio	Doctoral or professional degree	783	scientia,_aere_perennius	barba_crescit_caput_nescit
demographic	CTDC-PARTICIPANT-134394	CTDC-DEMOGRAPHIC-107616	969.16	Asian	Unknown	Female	495.97	444.64	64.37	Gallia_est_omnis_divisa_in_partes_tres	damnant_quod_non_intellegunt	Some college or Associate degree	696	cacatum_non_est_pictum	scientia,_aere_perennius
demographic	CTDC-PARTICIPANT-977869	CTDC-DEMOGRAPHIC-825201	33.12	White	Unknown	Intersex	90.83	629.92	575.15	Macte_animo_Generose_puer_sic_itur_ad_astra	salus_in_arduis	Some college or Associate degree	181	saltus_in_demonstrando	labor_ipse_voluptas
demographic	CTDC-PARTICIPANT-552335	CTDC-DEMOGRAPHIC-869442	975.47	Asian	Hispanic or Latino	Intersex	918.74	569.76	197.52	Obedientia_civium_urbis_felicitas	scientia_imperii_decus_et_tutamen	Declined to answer	10	imperium_in_imperio	imperium_in_imperio
demographic	CTDC-PARTICIPANT-266536	CTDC-DEMOGRAPHIC-271991	195.01	Native Hawaiian or other Pacific Islander	Not Hispanic or Latino	Intersex	862.69	459.54	956.47	nascentes_morimur_finisque_ab_origine_pendet	scientia_et_sapientia	Some college or Associate degree	429	scientiae_et_patriae	scientia_imperii_decus_et_tutamen
demographic	CTDC-PARTICIPANT-669430	CTDC-DEMOGRAPHIC-556939	94.34	Not Reported	Not Hispanic or Latino	Female	77.83	174.04	827.43	a_bene_placito	salus_in_arduis	Bachelor's degree	549	damnant_quod_non_intellegunt	faber_est_suae_quisque_fortunae
demographic	CTDC-PARTICIPANT-236757	CTDC-DEMOGRAPHIC-626334	900.61	Unknown	Not Hispanic or Latino	Female	262.37	918.8	853.16	pace_tua	saltus_in_demonstrando	Master's degree	848	a_bene_placito	O_Tite_tute_Tati_tibi_tanta_tyranne_tulisti
demographic	CTDC-PARTICIPANT-246586	CTDC-DEMOGRAPHIC-160382	865.65	Black or African American	Hispanic or Latino	Intersex	384.71	655.06	757.41	scientia_et_sapientia	scientiae_et_patriae	Doctoral or professional degree	624	O_Tite_tute_Tati_tibi_tanta_tyranne_tulisti	id_quod_plerumque_accidit
demographic	CTDC-PARTICIPANT-819052	CTDC-DEMOGRAPHIC-730324	246.42	Unknown	Not reported	Male	353.91	847.16	167.28	cacatum_non_est_pictum	Gallia_est_omnis_divisa_in_partes_tres	Not high school graduate	52	haec_olim_meminisse_iuvabit	O_Tite_tute_Tati_tibi_tanta_tyranne_tulisti
demographic	CTDC-PARTICIPANT-658782	CTDC-DEMOGRAPHIC-238278	931.05	Unknown	Not reported	Intersex	834.61	669.73	252.01	nanos_gigantum_humeris_insidentes	O_Tite_tute_Tati_tibi_tanta_tyranne_tulisti	Master's degree	123	labor_ipse_voluptas	scientia_imperii_decus_et_tutamen
demographic	CTDC-PARTICIPANT-755947	CTDC-DEMOGRAPHIC-324518	90.26	Native Hawaiian or other Pacific Islander	Hispanic or Latino	Intersex	577.22	376.96	504.27	barba_crescit_caput_nescit	nanos_gigantum_humeris_insidentes	No formal education	88	a_bene_placito	salus_in_arduis
demographic	CTDC-PARTICIPANT-626648	CTDC-DEMOGRAPHIC-430125	553.84	American Indian or Alaska Native	Not Hispanic or Latino	Male	768.03	382.31	786.9	barba_crescit_caput_nescit	saltus_in_demonstrando	Master's degree	256	scientia_et_labor	Gallia_est_omnis_divisa_in_partes_tres
demographic	CTDC-PARTICIPANT-102667	CTDC-DEMOGRAPHIC-825908	727.4	American Indian or Alaska Native	Unknown	Unknown	93.29	276.18	761.11	scientia_et_sapientia	nascentes_morimur_finisque_ab_origine_pendet	No formal education	994	cacatum_non_est_pictum	saltus_in_demonstrando
demographic	CTDC-PARTICIPANT-418183	CTDC-DEMOGRAPHIC-468775	47.41	Black or African American	Not Hispanic or Latino	Unknown	970.96	325.32	591.09	labor_ipse_voluptas	cacatum_non_est_pictum	Declined to answer	903	pace_tua	scientia_et_labor
demographic	CTDC-PARTICIPANT-255094	CTDC-DEMOGRAPHIC-603961	89.99	American Indian or Alaska Native	Hispanic or Latino	Unknown	477.31	670.54	890.62	faber_est_suae_quisque_fortunae	damnant_quod_non_intellegunt	Bachelor's degree	971	scientiae_et_patriae	nascentes_morimur_finisque_ab_origine_pendet
demographic	CTDC-PARTICIPANT-725394	CTDC-DEMOGRAPHIC-133761	634.36	Not Reported	Unknown	Unknown	996.78	639.05	721.3	faber_est_suae_quisque_fortunae	scientia_et_sapientia	Doctoral or professional degree	601	saltus_in_demonstrando	damnant_quod_non_intellegunt
demographic	CTDC-PARTICIPANT-826990	CTDC-DEMOGRAPHIC-691359	972.27	Not Reported	Not reported	Intersex	998.28	442.29	313.4	salus_in_arduis	id_quod_plerumque_accidit	Bachelor's degree	225	Gallia_est_omnis_divisa_in_partes_tres	Macte_animo_Generose_puer_sic_itur_ad_astra
demographic	CTDC-PARTICIPANT-475422	CTDC-DEMOGRAPHIC-321937	106.67	American Indian or Alaska Native	Hispanic or Latino	Intersex	891.7	639.58	914.6	O_Tite_tute_Tati_tibi_tanta_tyranne_tulisti	Obedientia_civium_urbis_felicitas	Master's degree	388	faber_est_suae_quisque_fortunae	scientia_et_labor
demographic	CTDC-PARTICIPANT-411072	CTDC-DEMOGRAPHIC-958422	140.15	White	Not Hispanic or Latino	Intersex	419.89	744.7	590.75	scientia_et_labor	saltus_in_demonstrando	Not high school graduate	315	salus_in_arduis	e_causa_ignota
demographic	CTDC-PARTICIPANT-727896	CTDC-DEMOGRAPHIC-569787	428.51	Not Reported	Not Hispanic or Latino	Male	488.13	451.97	582.92	barba_crescit_caput_nescit	Gallia_est_omnis_divisa_in_partes_tres	Not high school graduate	946	labor_ipse_voluptas	salus_in_arduis
demographic	CTDC-PARTICIPANT-924317	CTDC-DEMOGRAPHIC-568414	492.24	Not Reported	Hispanic or Latino	Male	878.99	19.89	830.31	cacatum_non_est_pictum	scientia_et_sapientia	High school graduate (including equivalency)	946	id_quod_plerumque_accidit	cacatum_non_est_pictum
demographic	CTDC-PARTICIPANT-217299	CTDC-DEMOGRAPHIC-809864	131.22	Not Reported	Not reported	Intersex	700.93	689.9	679.95	scientia_imperii_decus_et_tutamen	scientia_imperii_decus_et_tutamen	Declined to answer	362	scientiae_cedit_mare	Macte_animo_Generose_puer_sic_itur_ad_astra
demographic	CTDC-PARTICIPANT-612053	CTDC-DEMOGRAPHIC-658647	551.79	Black or African American	Not Hispanic or Latino	Female	741.26	33.61	118.93	cacatum_non_est_pictum	damnant_quod_non_intellegunt	No formal education	946	damnant_quod_non_intellegunt	Gallia_est_omnis_divisa_in_partes_tres
demographic	CTDC-PARTICIPANT-643598	CTDC-DEMOGRAPHIC-216083	79.87	Not Reported	Unknown	Female	260.19	865.02	951.98	scientia_et_labor	id_quod_plerumque_accidit	No formal education	577	Obedientia_civium_urbis_felicitas	scientiae_cedit_mare
demographic	CTDC-PARTICIPANT-752377	CTDC-DEMOGRAPHIC-435891	462.97	Native Hawaiian or other Pacific Islander	Not reported	Male	494.8	422.73	393.97	O_Tite_tute_Tati_tibi_tanta_tyranne_tulisti	Obedientia_civium_urbis_felicitas	No formal education	784	salus_in_arduis	salus_in_arduis
demographic	CTDC-PARTICIPANT-984423	CTDC-DEMOGRAPHIC-293936	583.77	Black or African American	Hispanic or Latino	Intersex	299.45	858.44	348.56	nanos_gigantum_humeris_insidentes	saltus_in_demonstrando	No formal education	492	damnant_quod_non_intellegunt	scientiae_et_patriae
demographic	CTDC-PARTICIPANT-709410	CTDC-DEMOGRAPHIC-723881	869.77	White	Unknown	Intersex	290.04	318.11	312.6	labor_ipse_voluptas	scientia_et_sapientia	High school graduate (including equivalency)	955	Gallia_est_omnis_divisa_in_partes_tres	salus_in_arduis
demographic	CTDC-PARTICIPANT-940790	CTDC-DEMOGRAPHIC-249639	20.88	Native Hawaiian or other Pacific Islander	Hispanic or Latino	Unknown	118.13	675.5	840.09	faber_est_suae_quisque_fortunae	faber_est_suae_quisque_fortunae	Not high school graduate	567	Gallia_est_omnis_divisa_in_partes_tres	scientiae_et_patriae
demographic	CTDC-PARTICIPANT-277817	CTDC-DEMOGRAPHIC-378383	980.97	Not Reported	Not reported	Female	543.33	70.88	322.47	e_causa_ignota	scientia_et_labor	Master's degree	869	Obedientia_civium_urbis_felicitas	Obedientia_civium_urbis_felicitas
demographic	CTDC-PARTICIPANT-635212	CTDC-DEMOGRAPHIC-372610	419.15	Unknown	Not Hispanic or Latino	Unknown	386.75	255.36	961.73	e_causa_ignota	scientiae_cedit_mare	Grade school	956	saltus_in_demonstrando	e_causa_ignota
demographic	CTDC-PARTICIPANT-845787	CTDC-DEMOGRAPHIC-602473	711.89	Not Reported	Unknown	Female	731.61	118.18	221.72	sapiens_qui_prospicit	saltus_in_demonstrando	Bachelor's degree	563	e_causa_ignota	scientiae_et_patriae
demographic	CTDC-PARTICIPANT-938156	CTDC-DEMOGRAPHIC-462253	822.39	Black or African American	Not reported	Unknown	197.12	164.79	300.21	nanos_gigantum_humeris_insidentes	faber_est_suae_quisque_fortunae	Doctoral or professional degree	434	cacatum_non_est_pictum	scientiae_et_patriae
demographic	CTDC-PARTICIPANT-803823	CTDC-DEMOGRAPHIC-328442	457.77	Not Reported	Not reported	Female	226.28	109.12	507.34	damnant_quod_non_intellegunt	sapiens_qui_prospicit	Grade school	121	nanos_gigantum_humeris_insidentes	e_causa_ignota
demographic	CTDC-PARTICIPANT-455737	CTDC-DEMOGRAPHIC-539986	209.51	Native Hawaiian or other Pacific Islander	Not reported	Female	604.32	298.82	489.08	Gallia_est_omnis_divisa_in_partes_tres	scientia_et_sapientia	Master's degree	176	Gallia_est_omnis_divisa_in_partes_tres	scientiae_cedit_mare
demographic	CTDC-PARTICIPANT-518334	CTDC-DEMOGRAPHIC-437557	932.89	Unknown	Hispanic or Latino	Intersex	504.29	149.64	273.19	haec_olim_meminisse_iuvabit	scientiae_et_patriae	Grade school	519	salus_in_arduis	nanos_gigantum_humeris_insidentes
demographic	CTDC-PARTICIPANT-548324	CTDC-DEMOGRAPHIC-918320	987.03	Asian	Not reported	Female	269.44	178.17	543.2	barba_crescit_caput_nescit	barba_crescit_caput_nescit	Grade school	917	id_quod_plerumque_accidit	scientia_et_labor
demographic	CTDC-PARTICIPANT-693831	CTDC-DEMOGRAPHIC-953486	818.37	Not Reported	Hispanic or Latino	Male	729.44	396.43	89.8	scientiae_et_patriae	haec_olim_meminisse_iuvabit	Grade school	119	damnant_quod_non_intellegunt	nanos_gigantum_humeris_insidentes
demographic	CTDC-PARTICIPANT-345629	CTDC-DEMOGRAPHIC-331753	455.96	White	Not Hispanic or Latino	Intersex	373.77	36.07	953.07	a_bene_placito	O_Tite_tute_Tati_tibi_tanta_tyranne_tulisti	High school graduate (including equivalency)	631	scientia_et_labor	barba_crescit_caput_nescit
demographic	CTDC-PARTICIPANT-151888	CTDC-DEMOGRAPHIC-766336	575.94	Native Hawaiian or other Pacific Islander	Not reported	Female	968.91	261.77	168.69	pace_tua	scientia_et_labor	Master's degree	688	O_Tite_tute_Tati_tibi_tanta_tyranne_tulisti	scientiae_cedit_mare
demographic	CTDC-PARTICIPANT-911273	CTDC-DEMOGRAPHIC-926976	526.1	Asian	Unknown	Female	882.52	804.6	12.42	labor_ipse_voluptas	scientia_imperii_decus_et_tutamen	Master's degree	439	barba_crescit_caput_nescit	saltus_in_demonstrando
demographic	CTDC-PARTICIPANT-862923	CTDC-DEMOGRAPHIC-976875	714.89	Native Hawaiian or other Pacific Islander	Unknown	Male	812.14	616.65	293.86	scientia_et_labor	saltus_in_demonstrando	Not high school graduate	733	scientia,_aere_perennius	scientia_et_sapientia
demographic	CTDC-PARTICIPANT-716314	CTDC-DEMOGRAPHIC-406587	269.96	Unknown	Not reported	Female	360.03	166.78	583.72	haec_olim_meminisse_iuvabit	damnant_quod_non_intellegunt	Not high school graduate	633	e_causa_ignota	imperium_in_imperio
demographic	CTDC-PARTICIPANT-555997	CTDC-DEMOGRAPHIC-903128	638.6	Asian	Not Hispanic or Latino	Intersex	488.9	62.39	333.06	haec_olim_meminisse_iuvabit	nanos_gigantum_humeris_insidentes	Doctoral or professional degree	950	scientia_et_sapientia	nascentes_morimur_finisque_ab_origine_pendet
demographic	CTDC-PARTICIPANT-317484	CTDC-DEMOGRAPHIC-862691	139.89	Native Hawaiian or other Pacific Islander	Not Hispanic or Latino	Male	884.25	791.2	319.16	nascentes_morimur_finisque_ab_origine_pendet	scientia_et_sapientia	Grade school	777	haec_olim_meminisse_iuvabit	nascentes_morimur_finisque_ab_origine_pendet
demographic	CTDC-PARTICIPANT-629268	CTDC-DEMOGRAPHIC-938711	758.42	Unknown	Not Hispanic or Latino	Male	242.55	441.46	644.05	scientia_imperii_decus_et_tutamen	scientia,_aere_perennius	Grade school	533	O_Tite_tute_Tati_tibi_tanta_tyranne_tulisti	saltus_in_demonstrando
demographic	CTDC-PARTICIPANT-153199	CTDC-DEMOGRAPHIC-791434	964.29	Native Hawaiian or other Pacific Islander	Hispanic or Latino	Intersex	589.0	924.83	577.42	faber_est_suae_quisque_fortunae	scientia_imperii_decus_et_tutamen	Not high school graduate	299	saltus_in_demonstrando	labor_ipse_voluptas
demographic	CTDC-PARTICIPANT-381936	CTDC-DEMOGRAPHIC-112286	396.67	White	Hispanic or Latino	Intersex	280.06	303.97	712.25	scientiae_et_patriae	Macte_animo_Generose_puer_sic_itur_ad_astra	Doctoral or professional degree	360	saltus_in_demonstrando	Gallia_est_omnis_divisa_in_partes_tres
demographic	CTDC-PARTICIPANT-866904	CTDC-DEMOGRAPHIC-334723	773.25	Not Reported	Hispanic or Latino	Intersex	803.53	817.89	578.37	sapiens_qui_prospicit	faber_est_suae_quisque_fortunae	Not high school graduate	944	cacatum_non_est_pictum	id_quod_plerumque_accidit
demographic	CTDC-PARTICIPANT-842962	CTDC-DEMOGRAPHIC-144493	364.0	Black or African American	Not Hispanic or Latino	Male	102.7	287.16	574.93	Obedientia_civium_urbis_felicitas	sapiens_qui_prospicit	Declined to answer	733	scientia_imperii_decus_et_tutamen	faber_est_suae_quisque_fortunae
demographic	CTDC-PARTICIPANT-284794	CTDC-DEMOGRAPHIC-420834	967.72	Native Hawaiian or other Pacific Islander	Not Hispanic or Latino	Unknown	902.83	658.31	520.29	id_quod_plerumque_accidit	O_Tite_tute_Tati_tibi_tanta_tyranne_tulisti	Doctoral or professional degree	640	Macte_animo_Generose_puer_sic_itur_ad_astra	damnant_quod_non_intellegunt
demographic	CTDC-PARTICIPANT-663400	CTDC-DEMOGRAPHIC-805907	213.6	American Indian or Alaska Native	Hispanic or Latino	Male	896.97	573.09	636.23	nascentes_morimur_finisque_ab_origine_pendet	cacatum_non_est_pictum	Some college or Associate degree	718	scientia_et_labor	nanos_gigantum_humeris_insidentes
demographic	CTDC-PARTICIPANT-307047	CTDC-DEMOGRAPHIC-673513	647.24	Asian	Not reported	Unknown	722.63	524.45	898.55	haec_olim_meminisse_iuvabit	haec_olim_meminisse_iuvabit	Grade school	994	scientia,_aere_perennius	scientia_et_labor
demographic	CTDC-PARTICIPANT-684301	CTDC-DEMOGRAPHIC-455850	363.78	American Indian or Alaska Native	Hispanic or Latino	Intersex	673.34	178.21	884.88	cacatum_non_est_pictum	labor_ipse_voluptas	Some college or Associate degree	871	faber_est_suae_quisque_fortunae	damnant_quod_non_intellegunt
demographic	CTDC-PARTICIPANT-818286	CTDC-DEMOGRAPHIC-209337	955.84	Black or African American	Not Hispanic or Latino	Male	831.41	151.07	742.54	labor_ipse_voluptas	scientiae_et_patriae	Not high school graduate	999	imperium_in_imperio	a_bene_placito
demographic	CTDC-PARTICIPANT-993025	CTDC-DEMOGRAPHIC-350410	360.79	Unknown	Hispanic or Latino	Female	504.21	692.88	613.3	pace_tua	nanos_gigantum_humeris_insidentes	Not high school graduate	283	salus_in_arduis	imperium_in_imperio
demographic	CTDC-PARTICIPANT-578185	CTDC-DEMOGRAPHIC-606477	521.56	Not Reported	Not reported	Female	100.9	505.51	475.57	faber_est_suae_quisque_fortunae	a_bene_placito	No formal education	513	scientia_et_sapientia	scientia_et_labor
demographic	CTDC-PARTICIPANT-324715	CTDC-DEMOGRAPHIC-341696	550.4	Asian	Not Hispanic or Latino	Male	81.59	227.27	852.94	scientiae_cedit_mare	Obedientia_civium_urbis_felicitas	Grade school	404	scientia_et_sapientia	scientia_imperii_decus_et_tutamen
demographic	CTDC-PARTICIPANT-678673	CTDC-DEMOGRAPHIC-940907	351.55	Asian	Not Hispanic or Latino	Male	727.77	283.36	93.14	scientiae_et_patriae	scientia_et_labor	No formal education	364	salus_in_arduis	faber_est_suae_quisque_fortunae
demographic	CTDC-PARTICIPANT-571518	CTDC-DEMOGRAPHIC-708458	947.45	Unknown	Not Hispanic or Latino	Unknown	98.59	893.06	597.49	imperium_in_imperio	O_Tite_tute_Tati_tibi_tanta_tyranne_tulisti	Not high school graduate	124	faber_est_suae_quisque_fortunae	damnant_quod_non_intellegunt
demographic	CTDC-PARTICIPANT-873392	CTDC-DEMOGRAPHIC-332351	204.23	Native Hawaiian or other Pacific Islander	Not Hispanic or Latino	Unknown	863.84	356.92	775.69	O_Tite_tute_Tati_tibi_tanta_tyranne_tulisti	scientiae_et_patriae	High school graduate (including equivalency)	731	scientia,_aere_perennius	scientia,_aere_perennius
demographic	CTDC-PARTICIPANT-468304	CTDC-DEMOGRAPHIC-421210	681.11	Not Reported	Hispanic or Latino	Female	644.76	29.33	630.95	salus_in_arduis	barba_crescit_caput_nescit	Declined to answer	123	Macte_animo_Generose_puer_sic_itur_ad_astra	O_Tite_tute_Tati_tibi_tanta_tyranne_tulisti
demographic	CTDC-PARTICIPANT-509129	CTDC-DEMOGRAPHIC-289998	390.68	Black or African American	Unknown	Unknown	98.61	67.57	899.31	scientiae_et_patriae	scientiae_et_patriae	Grade school	722	faber_est_suae_quisque_fortunae	faber_est_suae_quisque_fortunae
demographic	CTDC-PARTICIPANT-536078	CTDC-DEMOGRAPHIC-216637	867.07	Unknown	Hispanic or Latino	Intersex	535.38	226.2	629.11	scientia_et_sapientia	haec_olim_meminisse_iuvabit	Some college or Associate degree	53	Macte_animo_Generose_puer_sic_itur_ad_astra	scientia_et_sapientia
demographic	CTDC-PARTICIPANT-406641	CTDC-DEMOGRAPHIC-134824	652.5	Black or African American	Not Hispanic or Latino	Female	576.27	736.75	746.69	scientiae_et_patriae	scientiae_et_patriae	No formal education	929	sapiens_qui_prospicit	Obedientia_civium_urbis_felicitas
demographic	CTDC-PARTICIPANT-382497	CTDC-DEMOGRAPHIC-801665	264.12	White	Not reported	Male	582.37	482.47	393.97	scientiae_cedit_mare	imperium_in_imperio	Grade school	288	id_quod_plerumque_accidit	O_Tite_tute_Tati_tibi_tanta_tyranne_tulisti
demographic	CTDC-PARTICIPANT-697606	CTDC-DEMOGRAPHIC-137959	526.38	Not Reported	Unknown	Female	386.0	338.44	379.91	salus_in_arduis	Macte_animo_Generose_puer_sic_itur_ad_astra	High school graduate (including equivalency)	710	imperium_in_imperio	Gallia_est_omnis_divisa_in_partes_tres
demographic	CTDC-PARTICIPANT-546234	CTDC-DEMOGRAPHIC-740988	563.74	American Indian or Alaska Native	Not reported	Unknown	851.8	910.1	827.34	haec_olim_meminisse_iuvabit	scientiae_et_patriae	Bachelor's degree	375	sapiens_qui_prospicit	nascentes_morimur_finisque_ab_origine_pendet
demographic	CTDC-PARTICIPANT-693469	CTDC-DEMOGRAPHIC-181908	275.38	Native Hawaiian or other Pacific Islander	Not reported	Unknown	891.26	491.47	41.0	Macte_animo_Generose_puer_sic_itur_ad_astra	scientia_imperii_decus_et_tutamen	Not high school graduate	114	imperium_in_imperio	scientia_et_labor
demographic	CTDC-PARTICIPANT-922088	CTDC-DEMOGRAPHIC-994779	434.35	Asian	Not reported	Unknown	424.11	618.62	220.25	id_quod_plerumque_accidit	damnant_quod_non_intellegunt	No formal education	676	cacatum_non_est_pictum	scientia_imperii_decus_et_tutamen
demographic	CTDC-PARTICIPANT-141305	CTDC-DEMOGRAPHIC-570554	99.84	Not Reported	Unknown	Male	630.8	304.03	468.65	Obedientia_civium_urbis_felicitas	Gallia_est_omnis_divisa_in_partes_tres	Not high school graduate	63	cacatum_non_est_pictum	e_causa_ignota
demographic	CTDC-PARTICIPANT-367517	CTDC-DEMOGRAPHIC-310522	187.77	White	Hispanic or Latino	Male	145.59	847.08	567.71	cacatum_non_est_pictum	Macte_animo_Generose_puer_sic_itur_ad_astra	Doctoral or professional degree	743	imperium_in_imperio	id_quod_plerumque_accidit
demographic	CTDC-PARTICIPANT-465076	CTDC-DEMOGRAPHIC-353078	975.57	Asian	Hispanic or Latino	Male	103.27	101.0	810.86	sapiens_qui_prospicit	scientia,_aere_perennius	Grade school	322	saltus_in_demonstrando	scientia_imperii_decus_et_tutamen
demographic	CTDC-PARTICIPANT-615323	CTDC-DEMOGRAPHIC-772017	935.43	Not Reported	Unknown	Unknown	717.9	329.37	159.86	O_Tite_tute_Tati_tibi_tanta_tyranne_tulisti	nascentes_morimur_finisque_ab_origine_pendet	Declined to answer	824	Obedientia_civium_urbis_felicitas	imperium_in_imperio
demographic	CTDC-PARTICIPANT-732925	CTDC-DEMOGRAPHIC-552283	328.74	Black or African American	Not reported	Female	726.61	261.2	698.07	damnant_quod_non_intellegunt	sapiens_qui_prospicit	Declined to answer	705	pace_tua	labor_ipse_voluptas
demographic	CTDC-PARTICIPANT-920683	CTDC-DEMOGRAPHIC-902973	860.17	American Indian or Alaska Native	Not Hispanic or Latino	Female	206.18	594.05	478.6	O_Tite_tute_Tati_tibi_tanta_tyranne_tulisti	sapiens_qui_prospicit	Doctoral or professional degree	313	barba_crescit_caput_nescit	Macte_animo_Generose_puer_sic_itur_ad_astra
demographic	CTDC-PARTICIPANT-301240	CTDC-DEMOGRAPHIC-760786	591.25	American Indian or Alaska Native	Not reported	Female	612.49	417.6	265.3	scientiae_et_patriae	nascentes_morimur_finisque_ab_origine_pendet	Not high school graduate	356	salus_in_arduis	salus_in_arduis
demographic	CTDC-PARTICIPANT-237383	CTDC-DEMOGRAPHIC-184994	612.44	American Indian or Alaska Native	Unknown	Intersex	995.77	776.25	412.34	faber_est_suae_quisque_fortunae	nanos_gigantum_humeris_insidentes	Grade school	530	imperium_in_imperio	scientiae_et_patriae
demographic	CTDC-PARTICIPANT-981957	CTDC-DEMOGRAPHIC-545868	407.29	Asian	Not Hispanic or Latino	Unknown	197.72	381.48	985.81	sapiens_qui_prospicit	Macte_animo_Generose_puer_sic_itur_ad_astra	Declined to answer	872	nanos_gigantum_humeris_insidentes	cacatum_non_est_pictum
demographic	CTDC-PARTICIPANT-582946	CTDC-DEMOGRAPHIC-117723	170.89	Black or African American	Not Hispanic or Latino	Male	211.35	97.44	573.24	labor_ipse_voluptas	nascentes_morimur_finisque_ab_origine_pendet	Bachelor's degree	102	saltus_in_demonstrando	Gallia_est_omnis_divisa_in_partes_tres
demographic	CTDC-PARTICIPANT-498534	CTDC-DEMOGRAPHIC-487270	137.39	Unknown	Not reported	Unknown	681.64	993.72	825.09	Macte_animo_Generose_puer_sic_itur_ad_astra	scientia_et_sapientia	Bachelor's degree	678	nascentes_morimur_finisque_ab_origine_pendet	saltus_in_demonstrando
demographic	CTDC-PARTICIPANT-263539	CTDC-DEMOGRAPHIC-880372	691.81	Not Reported	Unknown	Unknown	638.57	354.29	33.94	cacatum_non_est_pictum	imperium_in_imperio	High school graduate (including equivalency)	997	imperium_in_imperio	scientiae_et_patriae
demographic	CTDC-PARTICIPANT-548153	CTDC-DEMOGRAPHIC-497946	689.23	Not Reported	Not reported	Male	873.13	237.65	550.04	nascentes_morimur_finisque_ab_origine_pendet	scientia_imperii_decus_et_tutamen	Bachelor's degree	950	sapiens_qui_prospicit	Obedientia_civium_urbis_felicitas
demographic	CTDC-PARTICIPANT-975057	CTDC-DEMOGRAPHIC-345374	917.56	Native Hawaiian or other Pacific Islander	Hispanic or Latino	Female	633.9	505.76	477.3	salus_in_arduis	e_causa_ignota	No formal education	183	a_bene_placito	damnant_quod_non_intellegunt
demographic	CTDC-PARTICIPANT-107028	CTDC-DEMOGRAPHIC-506153	911.15	Not Reported	Not reported	Female	879.98	202.03	989.94	haec_olim_meminisse_iuvabit	scientia,_aere_perennius	Master's degree	341	cacatum_non_est_pictum	Macte_animo_Generose_puer_sic_itur_ad_astra
demographic	CTDC-PARTICIPANT-227268	CTDC-DEMOGRAPHIC-960641	795.4	Native Hawaiian or other Pacific Islander	Hispanic or Latino	Female	308.99	718.98	403.4	id_quod_plerumque_accidit	pace_tua	Master's degree	631	scientiae_et_patriae	labor_ipse_voluptas
demographic	CTDC-PARTICIPANT-367248	CTDC-DEMOGRAPHIC-647417	664.7	Black or African American	Not reported	Unknown	685.66	495.65	477.17	cacatum_non_est_pictum	O_Tite_tute_Tati_tibi_tanta_tyranne_tulisti	Bachelor's degree	913	nascentes_morimur_finisque_ab_origine_pendet	Macte_animo_Generose_puer_sic_itur_ad_astra
demographic	CTDC-PARTICIPANT-450141	CTDC-DEMOGRAPHIC-521727	150.16	American Indian or Alaska Native	Unknown	Female	116.68	266.78	373.12	scientia_et_sapientia	scientia,_aere_perennius	Declined to answer	812	imperium_in_imperio	salus_in_arduis
demographic	CTDC-PARTICIPANT-828061	CTDC-DEMOGRAPHIC-671592	874.35	Asian	Unknown	Male	773.84	62.78	602.72	scientia,_aere_perennius	cacatum_non_est_pictum	Master's degree	624	barba_crescit_caput_nescit	damnant_quod_non_intellegunt
demographic	CTDC-PARTICIPANT-351016	CTDC-DEMOGRAPHIC-257844	225.53	Unknown	Not Hispanic or Latino	Female	559.17	425.82	108.54	scientia_et_labor	scientia_et_labor	Doctoral or professional degree	191	scientia_et_labor	id_quod_plerumque_accidit
demographic	CTDC-PARTICIPANT-403624	CTDC-DEMOGRAPHIC-707138	706.22	Not Reported	Hispanic or Latino	Male	406.53	35.2	213.31	scientiae_et_patriae	Macte_animo_Generose_puer_sic_itur_ad_astra	High school graduate (including equivalency)	853	haec_olim_meminisse_iuvabit	damnant_quod_non_intellegunt
demographic	CTDC-PARTICIPANT-477605	CTDC-DEMOGRAPHIC-148755	718.55	Native Hawaiian or other Pacific Islander	Hispanic or Latino	Intersex	345.46	569.13	120.84	nascentes_morimur_finisque_ab_origine_pendet	nascentes_morimur_finisque_ab_origine_pendet	Grade school	809	pace_tua	a_bene_placito
demographic	CTDC-PARTICIPANT-725824	CTDC-DEMOGRAPHIC-295519	692.16	Native Hawaiian or other Pacific Islander	Not Hispanic or Latino	Intersex	714.73	219.12	231.34	e_causa_ignota	scientiae_et_patriae	Some college or Associate degree	632	O_Tite_tute_Tati_tibi_tanta_tyranne_tulisti	faber_est_suae_quisque_fortunae
demographic	CTDC-PARTICIPANT-468027	CTDC-DEMOGRAPHIC-676548	381.45	Native Hawaiian or other Pacific Islander	Unknown	Male	620.97	581.67	523.58	barba_crescit_caput_nescit	pace_tua	High school graduate (including equivalency)	260	nanos_gigantum_humeris_insidentes	scientia_et_labor
demographic	CTDC-PARTICIPANT-685145	CTDC-DEMOGRAPHIC-539007	249.63	Unknown	Hispanic or Latino	Intersex	858.27	474.47	773.96	a_bene_placito	damnant_quod_non_intellegunt	Master's degree	961	barba_crescit_caput_nescit	saltus_in_demonstrando
demographic	CTDC-PARTICIPANT-763370	CTDC-DEMOGRAPHIC-428484	290.24	Not Reported	Unknown	Unknown	985.25	318.33	984.97	scientia,_aere_perennius	a_bene_placito	No formal education	146	haec_olim_meminisse_iuvabit	imperium_in_imperio
demographic	CTDC-PARTICIPANT-265206	CTDC-DEMOGRAPHIC-339074	263.77	Unknown	Not Hispanic or Latino	Unknown	175.79	108.06	248.15	scientiae_et_patriae	Obedientia_civium_urbis_felicitas	No formal education	365	O_Tite_tute_Tati_tibi_tanta_tyranne_tulisti	pace_tua
demographic	CTDC-PARTICIPANT-486592	CTDC-DEMOGRAPHIC-738611	387.35	Native Hawaiian or other Pacific Islander	Not reported	Intersex	726.58	471.18	278.62	imperium_in_imperio	labor_ipse_voluptas	Some college or Associate degree	102	saltus_in_demonstrando	a_bene_placito
demographic	CTDC-PARTICIPANT-219262	CTDC-DEMOGRAPHIC-869533	561.46	American Indian or Alaska Native	Not reported	Intersex	301.29	149.8	385.72	salus_in_arduis	scientia_imperii_decus_et_tutamen	Master's degree	197	saltus_in_demonstrando	pace_tua
demographic	CTDC-PARTICIPANT-171311	CTDC-DEMOGRAPHIC-912114	747.66	Native Hawaiian or other Pacific Islander	Unknown	Unknown	962.01	924.9	832.99	a_bene_placito	salus_in_arduis	Not high school graduate	41	Obedientia_civium_urbis_felicitas	id_quod_plerumque_accidit
demographic	CTDC-PARTICIPANT-375333	CTDC-DEMOGRAPHIC-804646	831.54	Asian	Unknown	Unknown	954.43	780.24	351.69	damnant_quod_non_intellegunt	haec_olim_meminisse_iuvabit	Declined to answer	809	sapiens_qui_prospicit	scientiae_cedit_mare
demographic	CTDC-PARTICIPANT-258626	CTDC-DEMOGRAPHIC-512177	849.67	Black or African American	Not reported	Unknown	321.36	612.82	46.39	Macte_animo_Generose_puer_sic_itur_ad_astra	saltus_in_demonstrando	Doctoral or professional degree	994	scientiae_et_patriae	barba_crescit_caput_nescit
demographic	CTDC-PARTICIPANT-476700	CTDC-DEMOGRAPHIC-110407	249.38	Asian	Not Hispanic or Latino	Male	380.75	393.19	111.97	sapiens_qui_prospicit	damnant_quod_non_intellegunt	Not high school graduate	22	scientia_et_sapientia	sapiens_qui_prospicit
demographic	CTDC-PARTICIPANT-370927	CTDC-DEMOGRAPHIC-737918	380.94	White	Unknown	Female	702.55	731.91	230.26	imperium_in_imperio	Macte_animo_Generose_puer_sic_itur_ad_astra	Some college or Associate degree	297	imperium_in_imperio	scientia_imperii_decus_et_tutamen
demographic	CTDC-PARTICIPANT-854959	CTDC-DEMOGRAPHIC-614226	870.35	Asian	Not reported	Female	218.71	272.04	277.22	scientia_et_sapientia	imperium_in_imperio	Declined to answer	537	haec_olim_meminisse_iuvabit	haec_olim_meminisse_iuvabit
demographic	CTDC-PARTICIPANT-902884	CTDC-DEMOGRAPHIC-949309	154.2	Unknown	Unknown	Unknown	976.26	814.69	456.83	salus_in_arduis	scientia_et_sapientia	Declined to answer	614	scientia_et_labor	nascentes_morimur_finisque_ab_origine_pendet
demographic	CTDC-PARTICIPANT-739665	CTDC-DEMOGRAPHIC-129530	89.3	Native Hawaiian or other Pacific Islander	Not Hispanic or Latino	Female	500.41	747.07	558.39	pace_tua	sapiens_qui_prospicit	Grade school	685	scientiae_et_patriae	barba_crescit_caput_nescit
demographic	CTDC-PARTICIPANT-602860	CTDC-DEMOGRAPHIC-343801	830.69	Unknown	Not Hispanic or Latino	Male	351.99	255.88	731.2	labor_ipse_voluptas	scientia_imperii_decus_et_tutamen	Master's degree	763	id_quod_plerumque_accidit	e_causa_ignota
demographic	CTDC-PARTICIPANT-230731	CTDC-DEMOGRAPHIC-401903	419.94	Asian	Not Hispanic or Latino	Female	745.09	339.51	269.43	nascentes_morimur_finisque_ab_origine_pendet	scientiae_et_patriae	Some college or Associate degree	497	salus_in_arduis	cacatum_non_est_pictum
demographic	CTDC-PARTICIPANT-146827	CTDC-DEMOGRAPHIC-629261	692.14	Unknown	Hispanic or Latino	Intersex	613.86	272.67	135.23	salus_in_arduis	scientiae_et_patriae	Doctoral or professional degree	164	e_causa_ignota	sapiens_qui_prospicit
demographic	CTDC-PARTICIPANT-288961	CTDC-DEMOGRAPHIC-374873	526.82	Black or African American	Not Hispanic or Latino	Male	246.52	528.38	590.74	cacatum_non_est_pictum	scientia_et_sapientia	Some college or Associate degree	342	scientiae_cedit_mare	saltus_in_demonstrando
demographic	CTDC-PARTICIPANT-895862	CTDC-DEMOGRAPHIC-725675	166.47	American Indian or Alaska Native	Not reported	Unknown	606.12	488.89	269.38	nanos_gigantum_humeris_insidentes	cacatum_non_est_pictum	Grade school	769	Gallia_est_omnis_divisa_in_partes_tres	Obedientia_civium_urbis_felicitas
demographic	CTDC-PARTICIPANT-495302	CTDC-DEMOGRAPHIC-729408	633.23	Native Hawaiian or other Pacific Islander	Unknown	Intersex	701.75	277.84	975.29	saltus_in_demonstrando	saltus_in_demonstrando	Some college or Associate degree	386	scientiae_et_patriae	barba_crescit_caput_nescit
demographic	CTDC-PARTICIPANT-586755	CTDC-DEMOGRAPHIC-542181	592.67	Unknown	Not Hispanic or Latino	Female	287.82	381.94	803.58	scientia_imperii_decus_et_tutamen	damnant_quod_non_intellegunt	Bachelor's degree	623	imperium_in_imperio	damnant_quod_non_intellegunt
demographic	CTDC-PARTICIPANT-211132	CTDC-DEMOGRAPHIC-292614	952.87	Asian	Not Hispanic or Latino	Intersex	843.17	58.51	797.43	cacatum_non_est_pictum	scientia_et_labor	High school graduate (including equivalency)	79	nanos_gigantum_humeris_insidentes	scientia_imperii_decus_et_tutamen
demographic	CTDC-PARTICIPANT-389913	CTDC-DEMOGRAPHIC-655142	924.53	Black or African American	Hispanic or Latino	Female	87.45	593.96	933.21	scientia_et_sapientia	cacatum_non_est_pictum	Bachelor's degree	849	Obedientia_civium_urbis_felicitas	O_Tite_tute_Tati_tibi_tanta_tyranne_tulisti
demographic	CTDC-PARTICIPANT-579844	CTDC-DEMOGRAPHIC-779722	750.48	Native Hawaiian or other Pacific Islander	Hispanic or Latino	Female	322.88	583.58	600.38	scientiae_cedit_mare	scientia_et_sapientia	Bachelor's degree	887	labor_ipse_voluptas	faber_est_suae_quisque_fortunae
demographic	CTDC-PARTICIPANT-196079	CTDC-DEMOGRAPHIC-949495	911.07	White	Not reported	Intersex	975.28	740.07	297.32	barba_crescit_caput_nescit	damnant_quod_non_intellegunt	Declined to answer	942	scientiae_cedit_mare	Gallia_est_omnis_divisa_in_partes_tres
demographic	CTDC-PARTICIPANT-221589	CTDC-DEMOGRAPHIC-197000	69.47	Native Hawaiian or other Pacific Islander	Unknown	Female	397.78	562.4	254.58	faber_est_suae_quisque_fortunae	barba_crescit_caput_nescit	Some college or Associate degree	525	sapiens_qui_prospicit	scientiae_cedit_mare
demographic	CTDC-PARTICIPANT-479741	CTDC-DEMOGRAPHIC-223069	593.05	Not Reported	Not Hispanic or Latino	Unknown	37.19	630.84	142.09	pace_tua	sapiens_qui_prospicit	Master's degree	391	e_causa_ignota	Gallia_est_omnis_divisa_in_partes_tres
demographic	CTDC-PARTICIPANT-371871	CTDC-DEMOGRAPHIC-333150	965.59	Unknown	Hispanic or Latino	Male	862.58	262.23	127.15	pace_tua	scientiae_et_patriae	Bachelor's degree	749	damnant_quod_non_intellegunt	id_quod_plerumque_accidit
