type	participant.participant_id	demographic_record_id	age_at_enrollment	race	ethnicity	sex	height	weight	body_surface_area	occupation	income	highest_level_of_education	ncbi_taxonomy_id	ncbi_taxonomy_name	crdc_id
demographic	CTDC-PARTICIPANT-511036	CTDC-DEMOGRAPHIC-976357	79.31	American Indian or Alaska Native	Not Hispanic or Latino	Intersex	780.9	945.98	326.15	scientiae_cedit_mare	Macte_animo_Generose_puer_sic_itur_ad_astra	Declined to answer	163	imperium_in_imperio	imperium_in_imperio
demographic	CTDC-PARTICIPANT-107504	CTDC-DEMOGRAPHIC-437781	903.79	Unknown	Not reported	Male	860.18	874.15	659.75	Obedientia_civium_urbis_felicitas	cacatum_non_est_pictum	Doctoral or professional degree	536	nanos_gigantum_humeris_insidentes	scientiae_et_patriae
demographic	CTDC-PARTICIPANT-837902	CTDC-DEMOGRAPHIC-412005	496.32	White	Hispanic or Latino	Male	252.87	770.09	367.99	imperium_in_imperio	salus_in_arduis	Some college or Associate degree	899	sapiens_qui_prospicit	nanos_gigantum_humeris_insidentes
demographic	CTDC-PARTICIPANT-344069	CTDC-DEMOGRAPHIC-362257	213.98	Unknown	Not Hispanic or Latino	Unknown	491.26	935.61	386.48	pace_tua	scientiae_cedit_mare	Master's degree	555	O_Tite_tute_Tati_tibi_tanta_tyranne_tulisti	damnant_quod_non_intellegunt
demographic	CTDC-PARTICIPANT-997409	CTDC-DEMOGRAPHIC-301001	93.31	Black or African American	Not Hispanic or Latino	Intersex	793.44	643.59	790.06	Obedientia_civium_urbis_felicitas	scientiae_cedit_mare	Grade school	556	id_quod_plerumque_accidit	a_bene_placito
demographic	CTDC-PARTICIPANT-139435	CTDC-DEMOGRAPHIC-518748	429.09	American Indian or Alaska Native	Not reported	Intersex	799.51	988.4	189.28	Gallia_est_omnis_divisa_in_partes_tres	id_quod_plerumque_accidit	Grade school	684	a_bene_placito	sapiens_qui_prospicit
demographic	CTDC-PARTICIPANT-703002	CTDC-DEMOGRAPHIC-358742	747.0	American Indian or Alaska Native	Unknown	Unknown	65.26	348.06	31.47	cacatum_non_est_pictum	nanos_gigantum_humeris_insidentes	Master's degree	705	damnant_quod_non_intellegunt	scientia_et_sapientia
demographic	CTDC-PARTICIPANT-114507	CTDC-DEMOGRAPHIC-722045	896.85	Native Hawaiian or other Pacific Islander	Unknown	Intersex	58.53	797.5	60.49	nanos_gigantum_humeris_insidentes	O_Tite_tute_Tati_tibi_tanta_tyranne_tulisti	Grade school	981	pace_tua	pace_tua
demographic	CTDC-PARTICIPANT-805629	CTDC-DEMOGRAPHIC-215203	556.47	American Indian or Alaska Native	Unknown	Male	119.31	283.16	416.41	nanos_gigantum_humeris_insidentes	scientia_et_sapientia	Declined to answer	425	scientiae_et_patriae	sapiens_qui_prospicit
demographic	CTDC-PARTICIPANT-205665	CTDC-DEMOGRAPHIC-741476	364.5	Asian	Unknown	Intersex	723.72	546.86	544.97	nanos_gigantum_humeris_insidentes	Macte_animo_Generose_puer_sic_itur_ad_astra	No formal education	920	nanos_gigantum_humeris_insidentes	damnant_quod_non_intellegunt
demographic	CTDC-PARTICIPANT-190949	CTDC-DEMOGRAPHIC-971848	746.29	White	Not Hispanic or Latino	Male	983.15	799.24	652.59	O_Tite_tute_Tati_tibi_tanta_tyranne_tulisti	Obedientia_civium_urbis_felicitas	Not high school graduate	564	Gallia_est_omnis_divisa_in_partes_tres	O_Tite_tute_Tati_tibi_tanta_tyranne_tulisti
demographic	CTDC-PARTICIPANT-884496	CTDC-DEMOGRAPHIC-840648	773.14	Not Reported	Hispanic or Latino	Male	47.16	155.82	718.48	id_quod_plerumque_accidit	barba_crescit_caput_nescit	Master's degree	456	scientiae_et_patriae	a_bene_placito
demographic	CTDC-PARTICIPANT-298570	CTDC-DEMOGRAPHIC-377593	851.25	White	Not Hispanic or Latino	Unknown	24.33	754.53	653.03	pace_tua	e_causa_ignota	Declined to answer	721	scientia,_aere_perennius	saltus_in_demonstrando
demographic	CTDC-PARTICIPANT-702567	CTDC-DEMOGRAPHIC-103255	768.11	Native Hawaiian or other Pacific Islander	Unknown	Intersex	733.41	885.31	74.42	e_causa_ignota	Macte_animo_Generose_puer_sic_itur_ad_astra	High school graduate (including equivalency)	995	nascentes_morimur_finisque_ab_origine_pendet	scientia_et_labor
demographic	CTDC-PARTICIPANT-274998	CTDC-DEMOGRAPHIC-846459	668.52	American Indian or Alaska Native	Unknown	Male	892.53	368.23	962.95	e_causa_ignota	pace_tua	Not high school graduate	344	a_bene_placito	scientia_et_labor
demographic	CTDC-PARTICIPANT-267463	CTDC-DEMOGRAPHIC-678717	932.12	Not Reported	Unknown	Female	422.39	946.0	125.69	damnant_quod_non_intellegunt	pace_tua	Grade school	863	scientia_imperii_decus_et_tutamen	scientia_imperii_decus_et_tutamen
demographic	CTDC-PARTICIPANT-279197	CTDC-DEMOGRAPHIC-907537	742.07	White	Not Hispanic or Latino	Male	788.36	256.08	299.2	saltus_in_demonstrando	Obedientia_civium_urbis_felicitas	Bachelor's degree	584	a_bene_placito	Obedientia_civium_urbis_felicitas
demographic	CTDC-PARTICIPANT-552975	CTDC-DEMOGRAPHIC-105250	37.22	Native Hawaiian or other Pacific Islander	Hispanic or Latino	Female	933.38	837.98	554.41	damnant_quod_non_intellegunt	barba_crescit_caput_nescit	Doctoral or professional degree	197	haec_olim_meminisse_iuvabit	scientiae_cedit_mare
demographic	CTDC-PARTICIPANT-591145	CTDC-DEMOGRAPHIC-989313	666.64	American Indian or Alaska Native	Unknown	Male	340.2	525.76	99.55	id_quod_plerumque_accidit	Gallia_est_omnis_divisa_in_partes_tres	Bachelor's degree	45	scientiae_cedit_mare	cacatum_non_est_pictum
demographic	CTDC-PARTICIPANT-890770	CTDC-DEMOGRAPHIC-147999	679.52	Black or African American	Hispanic or Latino	Female	471.74	773.58	564.9	saltus_in_demonstrando	Obedientia_civium_urbis_felicitas	Bachelor's degree	633	Obedientia_civium_urbis_felicitas	pace_tua
demographic	CTDC-PARTICIPANT-261480	CTDC-DEMOGRAPHIC-656628	813.15	Unknown	Not reported	Female	26.82	217.09	853.35	pace_tua	scientiae_et_patriae	Not high school graduate	295	haec_olim_meminisse_iuvabit	scientia_et_labor
demographic	CTDC-PARTICIPANT-168364	CTDC-DEMOGRAPHIC-830225	164.55	American Indian or Alaska Native	Hispanic or Latino	Male	534.27	370.61	515.01	a_bene_placito	scientiae_et_patriae	High school graduate (including equivalency)	434	faber_est_suae_quisque_fortunae	nascentes_morimur_finisque_ab_origine_pendet
demographic	CTDC-PARTICIPANT-186782	CTDC-DEMOGRAPHIC-633031	374.47	American Indian or Alaska Native	Not Hispanic or Latino	Female	367.55	469.99	410.31	id_quod_plerumque_accidit	Macte_animo_Generose_puer_sic_itur_ad_astra	Doctoral or professional degree	859	scientia_imperii_decus_et_tutamen	faber_est_suae_quisque_fortunae
demographic	CTDC-PARTICIPANT-212275	CTDC-DEMOGRAPHIC-584079	22.48	Native Hawaiian or other Pacific Islander	Not reported	Female	119.69	833.61	513.82	scientia_et_labor	nascentes_morimur_finisque_ab_origine_pendet	Doctoral or professional degree	881	pace_tua	haec_olim_meminisse_iuvabit
demographic	CTDC-PARTICIPANT-255600	CTDC-DEMOGRAPHIC-730774	862.79	Asian	Not reported	Unknown	142.03	486.29	866.76	cacatum_non_est_pictum	sapiens_qui_prospicit	Not high school graduate	805	sapiens_qui_prospicit	scientiae_cedit_mare
demographic	CTDC-PARTICIPANT-261972	CTDC-DEMOGRAPHIC-978651	676.73	Asian	Hispanic or Latino	Male	558.7	531.24	427.51	cacatum_non_est_pictum	id_quod_plerumque_accidit	Grade school	789	scientia_et_sapientia	saltus_in_demonstrando
demographic	CTDC-PARTICIPANT-224177	CTDC-DEMOGRAPHIC-387583	720.12	White	Not reported	Unknown	725.32	486.19	489.58	haec_olim_meminisse_iuvabit	nanos_gigantum_humeris_insidentes	Some college or Associate degree	486	imperium_in_imperio	Gallia_est_omnis_divisa_in_partes_tres
demographic	CTDC-PARTICIPANT-102742	CTDC-DEMOGRAPHIC-102863	169.1	American Indian or Alaska Native	Not Hispanic or Latino	Male	837.04	837.81	181.81	nascentes_morimur_finisque_ab_origine_pendet	faber_est_suae_quisque_fortunae	High school graduate (including equivalency)	158	scientia_imperii_decus_et_tutamen	sapiens_qui_prospicit
demographic	CTDC-PARTICIPANT-974241	CTDC-DEMOGRAPHIC-707416	489.84	Unknown	Unknown	Male	21.36	897.52	693.77	scientia_et_sapientia	nanos_gigantum_humeris_insidentes	Master's degree	810	imperium_in_imperio	sapiens_qui_prospicit
demographic	CTDC-PARTICIPANT-206397	CTDC-DEMOGRAPHIC-325033	661.03	White	Not reported	Female	500.32	393.59	933.21	a_bene_placito	saltus_in_demonstrando	No formal education	746	scientia,_aere_perennius	cacatum_non_est_pictum
demographic	CTDC-PARTICIPANT-882961	CTDC-DEMOGRAPHIC-173428	231.98	American Indian or Alaska Native	Not reported	Intersex	133.81	444.44	582.51	Gallia_est_omnis_divisa_in_partes_tres	scientia_imperii_decus_et_tutamen	Master's degree	709	imperium_in_imperio	sapiens_qui_prospicit
demographic	CTDC-PARTICIPANT-872100	CTDC-DEMOGRAPHIC-476340	674.44	Native Hawaiian or other Pacific Islander	Not Hispanic or Latino	Female	488.94	117.57	242.47	saltus_in_demonstrando	cacatum_non_est_pictum	Master's degree	549	Macte_animo_Generose_puer_sic_itur_ad_astra	cacatum_non_est_pictum
demographic	CTDC-PARTICIPANT-708331	CTDC-DEMOGRAPHIC-266058	331.15	Asian	Hispanic or Latino	Male	348.04	266.68	89.25	labor_ipse_voluptas	saltus_in_demonstrando	Doctoral or professional degree	685	id_quod_plerumque_accidit	Macte_animo_Generose_puer_sic_itur_ad_astra
demographic	CTDC-PARTICIPANT-355887	CTDC-DEMOGRAPHIC-600283	552.2	Black or African American	Not Hispanic or Latino	Unknown	469.16	422.46	404.82	faber_est_suae_quisque_fortunae	damnant_quod_non_intellegunt	Not high school graduate	305	scientia_imperii_decus_et_tutamen	nanos_gigantum_humeris_insidentes
demographic	CTDC-PARTICIPANT-384957	CTDC-DEMOGRAPHIC-718634	769.67	Native Hawaiian or other Pacific Islander	Not Hispanic or Latino	Intersex	253.2	762.68	355.35	pace_tua	Obedientia_civium_urbis_felicitas	Declined to answer	167	saltus_in_demonstrando	scientia_et_labor
demographic	CTDC-PARTICIPANT-373316	CTDC-DEMOGRAPHIC-487924	755.53	Black or African American	Not reported	Unknown	149.0	123.45	410.0	a_bene_placito	a_bene_placito	Some college or Associate degree	874	imperium_in_imperio	sapiens_qui_prospicit
demographic	CTDC-PARTICIPANT-548925	CTDC-DEMOGRAPHIC-532614	133.85	Unknown	Hispanic or Latino	Male	244.22	712.08	468.35	faber_est_suae_quisque_fortunae	scientiae_et_patriae	High school graduate (including equivalency)	973	faber_est_suae_quisque_fortunae	nascentes_morimur_finisque_ab_origine_pendet
demographic	CTDC-PARTICIPANT-789745	CTDC-DEMOGRAPHIC-368021	337.92	Unknown	Hispanic or Latino	Unknown	459.5	956.41	988.0	labor_ipse_voluptas	Macte_animo_Generose_puer_sic_itur_ad_astra	Declined to answer	574	a_bene_placito	nanos_gigantum_humeris_insidentes
demographic	CTDC-PARTICIPANT-539898	CTDC-DEMOGRAPHIC-541178	544.54	White	Hispanic or Latino	Female	994.88	432.25	573.86	imperium_in_imperio	Gallia_est_omnis_divisa_in_partes_tres	Master's degree	511	nanos_gigantum_humeris_insidentes	imperium_in_imperio
demographic	CTDC-PARTICIPANT-321444	CTDC-DEMOGRAPHIC-829561	374.93	Not Reported	Not reported	Intersex	633.61	636.25	943.82	Gallia_est_omnis_divisa_in_partes_tres	salus_in_arduis	High school graduate (including equivalency)	779	sapiens_qui_prospicit	Macte_animo_Generose_puer_sic_itur_ad_astra
demographic	CTDC-PARTICIPANT-949051	CTDC-DEMOGRAPHIC-548190	364.75	Asian	Not Hispanic or Latino	Unknown	122.28	308.71	754.5	Macte_animo_Generose_puer_sic_itur_ad_astra	labor_ipse_voluptas	No formal education	202	cacatum_non_est_pictum	a_bene_placito
demographic	CTDC-PARTICIPANT-545920	CTDC-DEMOGRAPHIC-985473	77.66	American Indian or Alaska Native	Not Hispanic or Latino	Unknown	480.94	506.18	243.6	barba_crescit_caput_nescit	scientiae_cedit_mare	Not high school graduate	916	scientiae_et_patriae	sapiens_qui_prospicit
demographic	CTDC-PARTICIPANT-464697	CTDC-DEMOGRAPHIC-434271	113.73	Asian	Hispanic or Latino	Unknown	615.69	667.19	450.76	a_bene_placito	scientiae_cedit_mare	Declined to answer	987	haec_olim_meminisse_iuvabit	Obedientia_civium_urbis_felicitas
demographic	CTDC-PARTICIPANT-472918	CTDC-DEMOGRAPHIC-934732	629.51	American Indian or Alaska Native	Unknown	Female	898.94	800.05	891.71	salus_in_arduis	nanos_gigantum_humeris_insidentes	No formal education	183	Macte_animo_Generose_puer_sic_itur_ad_astra	faber_est_suae_quisque_fortunae
demographic	CTDC-PARTICIPANT-118965	CTDC-DEMOGRAPHIC-758542	612.84	Unknown	Not Hispanic or Latino	Unknown	585.65	329.31	344.66	faber_est_suae_quisque_fortunae	faber_est_suae_quisque_fortunae	High school graduate (including equivalency)	210	O_Tite_tute_Tati_tibi_tanta_tyranne_tulisti	salus_in_arduis
demographic	CTDC-PARTICIPANT-621225	CTDC-DEMOGRAPHIC-269230	129.98	Not Reported	Not reported	Male	757.05	927.77	917.52	Obedientia_civium_urbis_felicitas	salus_in_arduis	Grade school	591	damnant_quod_non_intellegunt	labor_ipse_voluptas
demographic	CTDC-PARTICIPANT-602836	CTDC-DEMOGRAPHIC-541601	571.48	Not Reported	Hispanic or Latino	Intersex	987.72	13.19	541.3	scientia,_aere_perennius	a_bene_placito	Doctoral or professional degree	612	sapiens_qui_prospicit	scientia_et_sapientia
demographic	CTDC-PARTICIPANT-914541	CTDC-DEMOGRAPHIC-973997	995.36	Unknown	Unknown	Male	161.5	419.9	976.8	O_Tite_tute_Tati_tibi_tanta_tyranne_tulisti	labor_ipse_voluptas	Grade school	770	damnant_quod_non_intellegunt	scientiae_cedit_mare
demographic	CTDC-PARTICIPANT-988417	CTDC-DEMOGRAPHIC-515607	372.06	Unknown	Not reported	Intersex	850.66	252.75	874.95	damnant_quod_non_intellegunt	nanos_gigantum_humeris_insidentes	Master's degree	636	scientiae_et_patriae	labor_ipse_voluptas
demographic	CTDC-PARTICIPANT-433154	CTDC-DEMOGRAPHIC-901468	488.16	Native Hawaiian or other Pacific Islander	Not Hispanic or Latino	Intersex	510.63	952.33	144.58	imperium_in_imperio	e_causa_ignota	Not high school graduate	334	cacatum_non_est_pictum	scientiae_cedit_mare
demographic	CTDC-PARTICIPANT-138724	CTDC-DEMOGRAPHIC-727123	134.05	Asian	Not Hispanic or Latino	Intersex	158.3	776.97	527.12	faber_est_suae_quisque_fortunae	nascentes_morimur_finisque_ab_origine_pendet	No formal education	604	saltus_in_demonstrando	O_Tite_tute_Tati_tibi_tanta_tyranne_tulisti
demographic	CTDC-PARTICIPANT-888214	CTDC-DEMOGRAPHIC-967705	474.84	Not Reported	Not reported	Male	732.58	302.07	527.79	scientiae_cedit_mare	pace_tua	Declined to answer	32	scientiae_et_patriae	Obedientia_civium_urbis_felicitas
demographic	CTDC-PARTICIPANT-823513	CTDC-DEMOGRAPHIC-281092	940.0	Unknown	Not Hispanic or Latino	Male	585.14	447.69	406.98	faber_est_suae_quisque_fortunae	scientia_et_sapientia	High school graduate (including equivalency)	975	scientia_et_labor	faber_est_suae_quisque_fortunae
demographic	CTDC-PARTICIPANT-515352	CTDC-DEMOGRAPHIC-307638	74.72	Native Hawaiian or other Pacific Islander	Not Hispanic or Latino	Female	98.68	717.42	946.57	cacatum_non_est_pictum	scientiae_et_patriae	Some college or Associate degree	584	sapiens_qui_prospicit	haec_olim_meminisse_iuvabit
demographic	CTDC-PARTICIPANT-678530	CTDC-DEMOGRAPHIC-410562	623.73	Asian	Hispanic or Latino	Intersex	978.12	486.97	393.53	scientia,_aere_perennius	cacatum_non_est_pictum	Declined to answer	284	scientia_imperii_decus_et_tutamen	barba_crescit_caput_nescit
demographic	CTDC-PARTICIPANT-669570	CTDC-DEMOGRAPHIC-341912	39.83	White	Unknown	Male	204.5	490.05	853.33	barba_crescit_caput_nescit	salus_in_arduis	Some college or Associate degree	793	Macte_animo_Generose_puer_sic_itur_ad_astra	imperium_in_imperio
demographic	CTDC-PARTICIPANT-817106	CTDC-DEMOGRAPHIC-985234	461.9	Not Reported	Not reported	Intersex	715.63	648.2	70.19	O_Tite_tute_Tati_tibi_tanta_tyranne_tulisti	faber_est_suae_quisque_fortunae	High school graduate (including equivalency)	136	faber_est_suae_quisque_fortunae	e_causa_ignota
demographic	CTDC-PARTICIPANT-889341	CTDC-DEMOGRAPHIC-896585	464.22	White	Hispanic or Latino	Unknown	249.51	781.29	785.95	haec_olim_meminisse_iuvabit	id_quod_plerumque_accidit	No formal education	317	a_bene_placito	haec_olim_meminisse_iuvabit
demographic	CTDC-PARTICIPANT-114288	CTDC-DEMOGRAPHIC-491449	450.07	American Indian or Alaska Native	Hispanic or Latino	Male	121.21	913.63	277.35	Macte_animo_Generose_puer_sic_itur_ad_astra	a_bene_placito	No formal education	540	damnant_quod_non_intellegunt	salus_in_arduis
demographic	CTDC-PARTICIPANT-869758	CTDC-DEMOGRAPHIC-900468	227.91	Unknown	Unknown	Unknown	25.98	822.57	283.47	nascentes_morimur_finisque_ab_origine_pendet	Macte_animo_Generose_puer_sic_itur_ad_astra	Grade school	516	Gallia_est_omnis_divisa_in_partes_tres	scientia_et_labor
demographic	CTDC-PARTICIPANT-550701	CTDC-DEMOGRAPHIC-918511	411.66	White	Unknown	Male	787.42	226.56	393.67	nanos_gigantum_humeris_insidentes	sapiens_qui_prospicit	No formal education	277	saltus_in_demonstrando	scientiae_et_patriae
demographic	CTDC-PARTICIPANT-809067	CTDC-DEMOGRAPHIC-540751	852.62	Unknown	Unknown	Female	554.41	869.03	647.02	scientia_et_labor	damnant_quod_non_intellegunt	Grade school	700	saltus_in_demonstrando	a_bene_placito
demographic	CTDC-PARTICIPANT-915905	CTDC-DEMOGRAPHIC-158947	94.02	Asian	Not reported	Unknown	901.69	626.05	311.74	id_quod_plerumque_accidit	nanos_gigantum_humeris_insidentes	High school graduate (including equivalency)	406	faber_est_suae_quisque_fortunae	id_quod_plerumque_accidit
demographic	CTDC-PARTICIPANT-145747	CTDC-DEMOGRAPHIC-476998	670.59	Black or African American	Not Hispanic or Latino	Intersex	940.17	713.48	166.63	O_Tite_tute_Tati_tibi_tanta_tyranne_tulisti	Macte_animo_Generose_puer_sic_itur_ad_astra	Some college or Associate degree	248	barba_crescit_caput_nescit	Gallia_est_omnis_divisa_in_partes_tres
demographic	CTDC-PARTICIPANT-354093	CTDC-DEMOGRAPHIC-327156	947.2	Black or African American	Hispanic or Latino	Male	232.84	219.12	421.52	Obedientia_civium_urbis_felicitas	cacatum_non_est_pictum	No formal education	456	scientia_et_labor	damnant_quod_non_intellegunt
demographic	CTDC-PARTICIPANT-971501	CTDC-DEMOGRAPHIC-322363	205.2	Black or African American	Unknown	Male	510.01	606.6	621.05	nascentes_morimur_finisque_ab_origine_pendet	Macte_animo_Generose_puer_sic_itur_ad_astra	Grade school	553	scientia_et_sapientia	labor_ipse_voluptas
demographic	CTDC-PARTICIPANT-915009	CTDC-DEMOGRAPHIC-899973	579.53	Unknown	Not reported	Unknown	256.51	945.7	367.96	sapiens_qui_prospicit	scientia,_aere_perennius	Grade school	781	e_causa_ignota	Obedientia_civium_urbis_felicitas
demographic	CTDC-PARTICIPANT-501691	CTDC-DEMOGRAPHIC-902701	97.73	Native Hawaiian or other Pacific Islander	Not Hispanic or Latino	Intersex	997.65	761.78	902.79	scientiae_et_patriae	a_bene_placito	Declined to answer	776	barba_crescit_caput_nescit	scientiae_et_patriae
demographic	CTDC-PARTICIPANT-276676	CTDC-DEMOGRAPHIC-768597	60.88	White	Not reported	Male	530.93	80.58	240.04	haec_olim_meminisse_iuvabit	Obedientia_civium_urbis_felicitas	Doctoral or professional degree	260	salus_in_arduis	cacatum_non_est_pictum
demographic	CTDC-PARTICIPANT-648971	CTDC-DEMOGRAPHIC-211715	302.66	Not Reported	Not Hispanic or Latino	Female	340.01	874.18	860.71	Macte_animo_Generose_puer_sic_itur_ad_astra	damnant_quod_non_intellegunt	Declined to answer	739	a_bene_placito	scientia_imperii_decus_et_tutamen
demographic	CTDC-PARTICIPANT-578532	CTDC-DEMOGRAPHIC-830611	250.53	American Indian or Alaska Native	Hispanic or Latino	Intersex	878.33	477.11	943.25	labor_ipse_voluptas	sapiens_qui_prospicit	Doctoral or professional degree	144	barba_crescit_caput_nescit	scientia_imperii_decus_et_tutamen
demographic	CTDC-PARTICIPANT-284527	CTDC-DEMOGRAPHIC-293576	220.43	Black or African American	Not Hispanic or Latino	Unknown	978.59	858.68	254.81	nanos_gigantum_humeris_insidentes	O_Tite_tute_Tati_tibi_tanta_tyranne_tulisti	Doctoral or professional degree	907	pace_tua	saltus_in_demonstrando
demographic	CTDC-PARTICIPANT-553738	CTDC-DEMOGRAPHIC-455671	294.65	Native Hawaiian or other Pacific Islander	Hispanic or Latino	Female	546.44	310.09	695.97	scientia_et_sapientia	nascentes_morimur_finisque_ab_origine_pendet	Master's degree	962	Obedientia_civium_urbis_felicitas	nascentes_morimur_finisque_ab_origine_pendet
demographic	CTDC-PARTICIPANT-932219	CTDC-DEMOGRAPHIC-593449	251.32	Not Reported	Hispanic or Latino	Intersex	69.97	313.13	834.9	haec_olim_meminisse_iuvabit	Gallia_est_omnis_divisa_in_partes_tres	Master's degree	812	labor_ipse_voluptas	sapiens_qui_prospicit
demographic	CTDC-PARTICIPANT-235944	CTDC-DEMOGRAPHIC-242984	653.11	Not Reported	Not Hispanic or Latino	Male	483.59	605.22	228.41	O_Tite_tute_Tati_tibi_tanta_tyranne_tulisti	haec_olim_meminisse_iuvabit	Doctoral or professional degree	76	scientia_imperii_decus_et_tutamen	Macte_animo_Generose_puer_sic_itur_ad_astra
demographic	CTDC-PARTICIPANT-461411	CTDC-DEMOGRAPHIC-694603	634.61	Native Hawaiian or other Pacific Islander	Not Hispanic or Latino	Unknown	881.09	785.39	792.05	scientiae_cedit_mare	nanos_gigantum_humeris_insidentes	Bachelor's degree	606	labor_ipse_voluptas	Gallia_est_omnis_divisa_in_partes_tres
demographic	CTDC-PARTICIPANT-406895	CTDC-DEMOGRAPHIC-823736	764.52	American Indian or Alaska Native	Not Hispanic or Latino	Intersex	506.48	766.75	504.1	Gallia_est_omnis_divisa_in_partes_tres	Obedientia_civium_urbis_felicitas	No formal education	83	scientia,_aere_perennius	cacatum_non_est_pictum
demographic	CTDC-PARTICIPANT-975776	CTDC-DEMOGRAPHIC-395942	796.41	Asian	Not Hispanic or Latino	Male	751.43	346.31	449.37	scientiae_et_patriae	nanos_gigantum_humeris_insidentes	Grade school	187	scientiae_et_patriae	cacatum_non_est_pictum
demographic	CTDC-PARTICIPANT-433620	CTDC-DEMOGRAPHIC-823157	165.37	Unknown	Not reported	Unknown	768.29	719.71	298.53	imperium_in_imperio	imperium_in_imperio	Declined to answer	239	id_quod_plerumque_accidit	id_quod_plerumque_accidit
demographic	CTDC-PARTICIPANT-802402	CTDC-DEMOGRAPHIC-446626	355.43	Native Hawaiian or other Pacific Islander	Unknown	Unknown	281.66	168.51	955.61	id_quod_plerumque_accidit	saltus_in_demonstrando	Master's degree	158	imperium_in_imperio	salus_in_arduis
demographic	CTDC-PARTICIPANT-626099	CTDC-DEMOGRAPHIC-145740	663.18	Asian	Hispanic or Latino	Unknown	973.21	500.9	412.57	Macte_animo_Generose_puer_sic_itur_ad_astra	O_Tite_tute_Tati_tibi_tanta_tyranne_tulisti	Bachelor's degree	765	scientiae_et_patriae	nanos_gigantum_humeris_insidentes
demographic	CTDC-PARTICIPANT-804584	CTDC-DEMOGRAPHIC-363252	202.16	Asian	Unknown	Unknown	30.65	308.56	790.88	Macte_animo_Generose_puer_sic_itur_ad_astra	sapiens_qui_prospicit	Master's degree	825	haec_olim_meminisse_iuvabit	saltus_in_demonstrando
demographic	CTDC-PARTICIPANT-832791	CTDC-DEMOGRAPHIC-828891	243.55	Asian	Not reported	Female	900.53	246.63	832.19	Obedientia_civium_urbis_felicitas	saltus_in_demonstrando	Master's degree	240	scientia,_aere_perennius	scientiae_cedit_mare
demographic	CTDC-PARTICIPANT-913432	CTDC-DEMOGRAPHIC-223280	102.13	White	Not reported	Intersex	494.96	509.24	520.06	pace_tua	saltus_in_demonstrando	Not high school graduate	12	nascentes_morimur_finisque_ab_origine_pendet	haec_olim_meminisse_iuvabit
demographic	CTDC-PARTICIPANT-990699	CTDC-DEMOGRAPHIC-622836	998.18	Native Hawaiian or other Pacific Islander	Not reported	Unknown	619.74	662.0	429.14	scientia,_aere_perennius	a_bene_placito	Master's degree	579	labor_ipse_voluptas	Macte_animo_Generose_puer_sic_itur_ad_astra
demographic	CTDC-PARTICIPANT-947230	CTDC-DEMOGRAPHIC-341562	838.34	Asian	Not Hispanic or Latino	Female	78.47	367.7	133.42	nascentes_morimur_finisque_ab_origine_pendet	scientiae_et_patriae	High school graduate (including equivalency)	543	haec_olim_meminisse_iuvabit	id_quod_plerumque_accidit
demographic	CTDC-PARTICIPANT-721385	CTDC-DEMOGRAPHIC-592748	738.39	Black or African American	Not reported	Male	590.01	38.63	393.22	a_bene_placito	a_bene_placito	Master's degree	959	O_Tite_tute_Tati_tibi_tanta_tyranne_tulisti	faber_est_suae_quisque_fortunae
demographic	CTDC-PARTICIPANT-643832	CTDC-DEMOGRAPHIC-836209	916.93	Native Hawaiian or other Pacific Islander	Unknown	Female	160.4	890.85	398.33	nanos_gigantum_humeris_insidentes	faber_est_suae_quisque_fortunae	No formal education	775	a_bene_placito	nascentes_morimur_finisque_ab_origine_pendet
demographic	CTDC-PARTICIPANT-136367	CTDC-DEMOGRAPHIC-109867	387.01	Not Reported	Not Hispanic or Latino	Female	630.14	105.96	385.19	Gallia_est_omnis_divisa_in_partes_tres	sapiens_qui_prospicit	No formal education	754	nanos_gigantum_humeris_insidentes	damnant_quod_non_intellegunt
demographic	CTDC-PARTICIPANT-218256	CTDC-DEMOGRAPHIC-636043	475.6	Unknown	Hispanic or Latino	Male	616.63	792.59	800.74	Obedientia_civium_urbis_felicitas	Obedientia_civium_urbis_felicitas	High school graduate (including equivalency)	256	scientia,_aere_perennius	haec_olim_meminisse_iuvabit
demographic	CTDC-PARTICIPANT-837802	CTDC-DEMOGRAPHIC-482122	148.44	White	Not Hispanic or Latino	Female	56.38	362.97	910.33	nanos_gigantum_humeris_insidentes	pace_tua	Some college or Associate degree	787	a_bene_placito	id_quod_plerumque_accidit
demographic	CTDC-PARTICIPANT-802979	CTDC-DEMOGRAPHIC-660284	25.18	Native Hawaiian or other Pacific Islander	Hispanic or Latino	Intersex	74.04	190.64	867.03	imperium_in_imperio	barba_crescit_caput_nescit	Not high school graduate	412	Obedientia_civium_urbis_felicitas	scientia_imperii_decus_et_tutamen
demographic	CTDC-PARTICIPANT-579791	CTDC-DEMOGRAPHIC-789788	995.64	Black or African American	Not reported	Unknown	395.27	844.45	713.68	sapiens_qui_prospicit	scientia_et_sapientia	Master's degree	350	barba_crescit_caput_nescit	labor_ipse_voluptas
demographic	CTDC-PARTICIPANT-273628	CTDC-DEMOGRAPHIC-377803	94.66	Black or African American	Not reported	Unknown	707.2	777.23	503.52	scientia_imperii_decus_et_tutamen	e_causa_ignota	Bachelor's degree	66	labor_ipse_voluptas	sapiens_qui_prospicit
demographic	CTDC-PARTICIPANT-545328	CTDC-DEMOGRAPHIC-642285	342.48	American Indian or Alaska Native	Not Hispanic or Latino	Female	213.32	955.69	640.66	haec_olim_meminisse_iuvabit	barba_crescit_caput_nescit	Grade school	820	id_quod_plerumque_accidit	scientia_imperii_decus_et_tutamen
demographic	CTDC-PARTICIPANT-171365	CTDC-DEMOGRAPHIC-897706	57.81	Native Hawaiian or other Pacific Islander	Not Hispanic or Latino	Female	275.37	226.77	845.37	imperium_in_imperio	damnant_quod_non_intellegunt	Master's degree	796	imperium_in_imperio	cacatum_non_est_pictum
demographic	CTDC-PARTICIPANT-690978	CTDC-DEMOGRAPHIC-886505	614.78	Asian	Not Hispanic or Latino	Female	613.49	845.97	248.37	scientia_et_sapientia	scientiae_et_patriae	Bachelor's degree	261	labor_ipse_voluptas	labor_ipse_voluptas
demographic	CTDC-PARTICIPANT-903146	CTDC-DEMOGRAPHIC-265254	280.77	White	Hispanic or Latino	Intersex	237.39	657.81	102.56	scientia_et_labor	cacatum_non_est_pictum	Master's degree	711	sapiens_qui_prospicit	Obedientia_civium_urbis_felicitas
demographic	CTDC-PARTICIPANT-491351	CTDC-DEMOGRAPHIC-620405	207.18	Asian	Hispanic or Latino	Unknown	968.65	862.27	340.55	scientiae_cedit_mare	scientiae_et_patriae	Bachelor's degree	527	Obedientia_civium_urbis_felicitas	labor_ipse_voluptas
demographic	CTDC-PARTICIPANT-811509	CTDC-DEMOGRAPHIC-879861	390.86	Native Hawaiian or other Pacific Islander	Not Hispanic or Latino	Female	239.05	388.84	118.53	cacatum_non_est_pictum	Gallia_est_omnis_divisa_in_partes_tres	Some college or Associate degree	738	scientia_imperii_decus_et_tutamen	cacatum_non_est_pictum
demographic	CTDC-PARTICIPANT-396101	CTDC-DEMOGRAPHIC-336215	168.78	White	Hispanic or Latino	Female	559.45	468.93	758.96	cacatum_non_est_pictum	damnant_quod_non_intellegunt	Not high school graduate	59	e_causa_ignota	labor_ipse_voluptas
demographic	CTDC-PARTICIPANT-150841	CTDC-DEMOGRAPHIC-874531	474.73	Not Reported	Hispanic or Latino	Unknown	404.65	353.76	561.76	id_quod_plerumque_accidit	saltus_in_demonstrando	No formal education	931	sapiens_qui_prospicit	O_Tite_tute_Tati_tibi_tanta_tyranne_tulisti
demographic	CTDC-PARTICIPANT-958083	CTDC-DEMOGRAPHIC-666311	501.36	American Indian or Alaska Native	Not reported	Unknown	242.1	16.0	277.81	nanos_gigantum_humeris_insidentes	scientia,_aere_perennius	Master's degree	401	scientiae_cedit_mare	scientia_imperii_decus_et_tutamen
demographic	CTDC-PARTICIPANT-893582	CTDC-DEMOGRAPHIC-153968	161.36	Asian	Unknown	Intersex	326.15	999.61	783.01	scientiae_cedit_mare	a_bene_placito	Master's degree	146	faber_est_suae_quisque_fortunae	barba_crescit_caput_nescit
demographic	CTDC-PARTICIPANT-481156	CTDC-DEMOGRAPHIC-227300	40.34	Black or African American	Not Hispanic or Latino	Unknown	162.99	724.25	192.88	a_bene_placito	scientiae_et_patriae	No formal education	622	imperium_in_imperio	labor_ipse_voluptas
demographic	CTDC-PARTICIPANT-106443	CTDC-DEMOGRAPHIC-453226	125.56	Not Reported	Hispanic or Latino	Female	302.6	727.48	614.99	damnant_quod_non_intellegunt	nanos_gigantum_humeris_insidentes	Declined to answer	229	scientiae_cedit_mare	nascentes_morimur_finisque_ab_origine_pendet
demographic	CTDC-PARTICIPANT-252272	CTDC-DEMOGRAPHIC-345037	961.23	Black or African American	Hispanic or Latino	Male	753.18	281.41	958.08	pace_tua	scientia_imperii_decus_et_tutamen	Master's degree	230	a_bene_placito	e_causa_ignota
demographic	CTDC-PARTICIPANT-141279	CTDC-DEMOGRAPHIC-626169	565.09	Asian	Unknown	Intersex	267.71	293.18	216.82	scientiae_cedit_mare	e_causa_ignota	Grade school	877	sapiens_qui_prospicit	nascentes_morimur_finisque_ab_origine_pendet
demographic	CTDC-PARTICIPANT-932532	CTDC-DEMOGRAPHIC-943150	659.1	Unknown	Hispanic or Latino	Female	44.29	146.0	577.73	barba_crescit_caput_nescit	haec_olim_meminisse_iuvabit	Doctoral or professional degree	50	Gallia_est_omnis_divisa_in_partes_tres	e_causa_ignota
demographic	CTDC-PARTICIPANT-124024	CTDC-DEMOGRAPHIC-374826	108.67	Native Hawaiian or other Pacific Islander	Not reported	Unknown	10.73	583.17	917.11	sapiens_qui_prospicit	saltus_in_demonstrando	Doctoral or professional degree	18	salus_in_arduis	sapiens_qui_prospicit
demographic	CTDC-PARTICIPANT-380628	CTDC-DEMOGRAPHIC-183017	198.87	Native Hawaiian or other Pacific Islander	Hispanic or Latino	Intersex	509.4	201.31	444.72	salus_in_arduis	id_quod_plerumque_accidit	Declined to answer	570	cacatum_non_est_pictum	scientia,_aere_perennius
demographic	CTDC-PARTICIPANT-655971	CTDC-DEMOGRAPHIC-730480	448.51	White	Hispanic or Latino	Unknown	288.46	387.48	776.76	Gallia_est_omnis_divisa_in_partes_tres	e_causa_ignota	High school graduate (including equivalency)	935	scientiae_et_patriae	scientiae_et_patriae
demographic	CTDC-PARTICIPANT-553493	CTDC-DEMOGRAPHIC-466587	83.26	Asian	Not reported	Unknown	548.31	664.72	62.39	scientiae_cedit_mare	haec_olim_meminisse_iuvabit	Grade school	704	scientiae_et_patriae	e_causa_ignota
demographic	CTDC-PARTICIPANT-896213	CTDC-DEMOGRAPHIC-870423	537.75	Black or African American	Unknown	Male	807.24	396.59	499.19	saltus_in_demonstrando	Obedientia_civium_urbis_felicitas	No formal education	210	sapiens_qui_prospicit	barba_crescit_caput_nescit
demographic	CTDC-PARTICIPANT-132751	CTDC-DEMOGRAPHIC-461024	491.5	Black or African American	Hispanic or Latino	Intersex	445.37	50.8	928.66	barba_crescit_caput_nescit	nanos_gigantum_humeris_insidentes	High school graduate (including equivalency)	916	Gallia_est_omnis_divisa_in_partes_tres	Macte_animo_Generose_puer_sic_itur_ad_astra
demographic	CTDC-PARTICIPANT-237359	CTDC-DEMOGRAPHIC-747639	995.07	Black or African American	Unknown	Intersex	295.59	534.49	344.74	a_bene_placito	Gallia_est_omnis_divisa_in_partes_tres	Doctoral or professional degree	368	nanos_gigantum_humeris_insidentes	scientiae_cedit_mare
demographic	CTDC-PARTICIPANT-876508	CTDC-DEMOGRAPHIC-695098	883.73	Not Reported	Not reported	Male	50.14	514.45	194.71	pace_tua	O_Tite_tute_Tati_tibi_tanta_tyranne_tulisti	Bachelor's degree	12	imperium_in_imperio	Obedientia_civium_urbis_felicitas
demographic	CTDC-PARTICIPANT-317587	CTDC-DEMOGRAPHIC-973777	306.29	American Indian or Alaska Native	Not Hispanic or Latino	Unknown	828.7	611.24	882.33	a_bene_placito	Obedientia_civium_urbis_felicitas	Grade school	401	cacatum_non_est_pictum	scientia_imperii_decus_et_tutamen
demographic	CTDC-PARTICIPANT-161257	CTDC-DEMOGRAPHIC-767629	759.63	Not Reported	Not reported	Male	745.91	591.95	957.66	scientiae_et_patriae	id_quod_plerumque_accidit	Doctoral or professional degree	519	Macte_animo_Generose_puer_sic_itur_ad_astra	saltus_in_demonstrando
demographic	CTDC-PARTICIPANT-814438	CTDC-DEMOGRAPHIC-856727	600.98	Asian	Not Hispanic or Latino	Intersex	587.59	161.13	564.54	damnant_quod_non_intellegunt	scientiae_et_patriae	Some college or Associate degree	264	scientiae_cedit_mare	barba_crescit_caput_nescit
demographic	CTDC-PARTICIPANT-800186	CTDC-DEMOGRAPHIC-780449	230.4	Black or African American	Not reported	Unknown	343.91	521.28	490.4	scientia_imperii_decus_et_tutamen	imperium_in_imperio	Master's degree	930	e_causa_ignota	scientia,_aere_perennius
demographic	CTDC-PARTICIPANT-766659	CTDC-DEMOGRAPHIC-805272	573.34	Asian	Unknown	Unknown	923.12	808.97	340.46	labor_ipse_voluptas	scientiae_et_patriae	Not high school graduate	783	damnant_quod_non_intellegunt	scientia_imperii_decus_et_tutamen
demographic	CTDC-PARTICIPANT-460334	CTDC-DEMOGRAPHIC-563775	549.27	Unknown	Hispanic or Latino	Male	190.5	436.9	599.08	e_causa_ignota	id_quod_plerumque_accidit	Grade school	456	damnant_quod_non_intellegunt	scientia_et_labor
demographic	CTDC-PARTICIPANT-772926	CTDC-DEMOGRAPHIC-672533	117.69	American Indian or Alaska Native	Hispanic or Latino	Intersex	201.56	686.5	765.57	scientia_et_sapientia	damnant_quod_non_intellegunt	Not high school graduate	675	O_Tite_tute_Tati_tibi_tanta_tyranne_tulisti	scientia_et_labor
demographic	CTDC-PARTICIPANT-626978	CTDC-DEMOGRAPHIC-685411	668.42	Not Reported	Not reported	Male	58.06	830.38	582.57	cacatum_non_est_pictum	nascentes_morimur_finisque_ab_origine_pendet	No formal education	626	scientiae_cedit_mare	haec_olim_meminisse_iuvabit
demographic	CTDC-PARTICIPANT-399685	CTDC-DEMOGRAPHIC-835236	737.17	Unknown	Not reported	Female	174.53	823.23	510.24	haec_olim_meminisse_iuvabit	nascentes_morimur_finisque_ab_origine_pendet	Master's degree	361	sapiens_qui_prospicit	nascentes_morimur_finisque_ab_origine_pendet
demographic	CTDC-PARTICIPANT-499669	CTDC-DEMOGRAPHIC-530459	162.56	Native Hawaiian or other Pacific Islander	Not reported	Female	384.93	275.77	419.18	scientiae_cedit_mare	saltus_in_demonstrando	Some college or Associate degree	274	scientia_et_sapientia	Obedientia_civium_urbis_felicitas
demographic	CTDC-PARTICIPANT-453258	CTDC-DEMOGRAPHIC-607189	628.83	Native Hawaiian or other Pacific Islander	Unknown	Female	361.63	663.0	447.3	imperium_in_imperio	labor_ipse_voluptas	Not high school graduate	980	salus_in_arduis	barba_crescit_caput_nescit
demographic	CTDC-PARTICIPANT-530151	CTDC-DEMOGRAPHIC-751618	91.03	American Indian or Alaska Native	Unknown	Male	310.8	304.2	322.71	saltus_in_demonstrando	sapiens_qui_prospicit	Declined to answer	815	Gallia_est_omnis_divisa_in_partes_tres	a_bene_placito
demographic	CTDC-PARTICIPANT-351359	CTDC-DEMOGRAPHIC-159054	167.98	Native Hawaiian or other Pacific Islander	Not Hispanic or Latino	Intersex	896.42	205.6	726.56	Obedientia_civium_urbis_felicitas	O_Tite_tute_Tati_tibi_tanta_tyranne_tulisti	High school graduate (including equivalency)	784	a_bene_placito	damnant_quod_non_intellegunt
demographic	CTDC-PARTICIPANT-828955	CTDC-DEMOGRAPHIC-920164	289.66	Black or African American	Hispanic or Latino	Intersex	375.26	419.27	905.55	Gallia_est_omnis_divisa_in_partes_tres	Gallia_est_omnis_divisa_in_partes_tres	No formal education	934	damnant_quod_non_intellegunt	nanos_gigantum_humeris_insidentes
demographic	CTDC-PARTICIPANT-219801	CTDC-DEMOGRAPHIC-675587	401.28	Asian	Hispanic or Latino	Intersex	326.17	442.12	307.52	sapiens_qui_prospicit	id_quod_plerumque_accidit	No formal education	331	scientia,_aere_perennius	e_causa_ignota
demographic	CTDC-PARTICIPANT-107207	CTDC-DEMOGRAPHIC-387426	83.64	Native Hawaiian or other Pacific Islander	Not reported	Female	127.27	445.97	421.46	saltus_in_demonstrando	scientia_et_sapientia	Bachelor's degree	198	saltus_in_demonstrando	a_bene_placito
demographic	CTDC-PARTICIPANT-687631	CTDC-DEMOGRAPHIC-723873	610.18	Native Hawaiian or other Pacific Islander	Hispanic or Latino	Male	758.24	36.33	201.14	e_causa_ignota	imperium_in_imperio	Doctoral or professional degree	70	O_Tite_tute_Tati_tibi_tanta_tyranne_tulisti	nascentes_morimur_finisque_ab_origine_pendet
demographic	CTDC-PARTICIPANT-995306	CTDC-DEMOGRAPHIC-222969	104.96	Native Hawaiian or other Pacific Islander	Not reported	Male	961.03	404.4	472.76	a_bene_placito	scientia,_aere_perennius	Grade school	260	saltus_in_demonstrando	nanos_gigantum_humeris_insidentes
demographic	CTDC-PARTICIPANT-683828	CTDC-DEMOGRAPHIC-964110	736.14	Not Reported	Not Hispanic or Latino	Female	537.15	761.99	424.84	pace_tua	pace_tua	Bachelor's degree	956	scientia,_aere_perennius	salus_in_arduis
demographic	CTDC-PARTICIPANT-142000	CTDC-DEMOGRAPHIC-380685	548.07	Unknown	Not Hispanic or Latino	Intersex	231.4	212.53	888.44	saltus_in_demonstrando	Gallia_est_omnis_divisa_in_partes_tres	Bachelor's degree	589	Obedientia_civium_urbis_felicitas	O_Tite_tute_Tati_tibi_tanta_tyranne_tulisti
demographic	CTDC-PARTICIPANT-918389	CTDC-DEMOGRAPHIC-680882	239.81	Not Reported	Not Hispanic or Latino	Female	673.45	299.13	198.64	sapiens_qui_prospicit	pace_tua	High school graduate (including equivalency)	107	scientiae_cedit_mare	faber_est_suae_quisque_fortunae
demographic	CTDC-PARTICIPANT-164484	CTDC-DEMOGRAPHIC-195146	121.66	Asian	Unknown	Male	898.91	700.83	698.68	scientia_et_sapientia	labor_ipse_voluptas	Declined to answer	897	Obedientia_civium_urbis_felicitas	sapiens_qui_prospicit
demographic	CTDC-PARTICIPANT-131806	CTDC-DEMOGRAPHIC-795026	830.17	Not Reported	Unknown	Intersex	242.91	881.68	802.44	scientia_et_sapientia	nanos_gigantum_humeris_insidentes	Not high school graduate	708	cacatum_non_est_pictum	Macte_animo_Generose_puer_sic_itur_ad_astra
demographic	CTDC-PARTICIPANT-507363	CTDC-DEMOGRAPHIC-771916	496.91	Black or African American	Not reported	Unknown	575.4	864.29	224.48	nanos_gigantum_humeris_insidentes	faber_est_suae_quisque_fortunae	High school graduate (including equivalency)	115	sapiens_qui_prospicit	scientia,_aere_perennius
demographic	CTDC-PARTICIPANT-704044	CTDC-DEMOGRAPHIC-488504	547.75	Unknown	Unknown	Female	980.46	379.47	93.4	nanos_gigantum_humeris_insidentes	id_quod_plerumque_accidit	Bachelor's degree	650	faber_est_suae_quisque_fortunae	e_causa_ignota
demographic	CTDC-PARTICIPANT-646171	CTDC-DEMOGRAPHIC-787062	719.09	Not Reported	Hispanic or Latino	Male	102.72	950.12	956.61	barba_crescit_caput_nescit	damnant_quod_non_intellegunt	Master's degree	797	e_causa_ignota	id_quod_plerumque_accidit
demographic	CTDC-PARTICIPANT-702783	CTDC-DEMOGRAPHIC-254203	939.78	Asian	Not Hispanic or Latino	Female	960.23	108.72	561.72	scientia,_aere_perennius	imperium_in_imperio	Some college or Associate degree	931	scientiae_cedit_mare	a_bene_placito
demographic	CTDC-PARTICIPANT-895851	CTDC-DEMOGRAPHIC-918591	339.1	American Indian or Alaska Native	Not Hispanic or Latino	Female	276.23	60.14	450.23	nascentes_morimur_finisque_ab_origine_pendet	imperium_in_imperio	Bachelor's degree	251	scientia_imperii_decus_et_tutamen	Gallia_est_omnis_divisa_in_partes_tres
demographic	CTDC-PARTICIPANT-351896	CTDC-DEMOGRAPHIC-685726	578.21	Asian	Not reported	Intersex	20.43	890.01	749.9	labor_ipse_voluptas	scientia_et_labor	No formal education	524	scientiae_cedit_mare	scientiae_et_patriae
demographic	CTDC-PARTICIPANT-510669	CTDC-DEMOGRAPHIC-301020	362.16	American Indian or Alaska Native	Hispanic or Latino	Unknown	661.11	623.8	486.95	Obedientia_civium_urbis_felicitas	Obedientia_civium_urbis_felicitas	Grade school	385	sapiens_qui_prospicit	Gallia_est_omnis_divisa_in_partes_tres
demographic	CTDC-PARTICIPANT-293573	CTDC-DEMOGRAPHIC-900118	367.82	White	Unknown	Intersex	517.4	309.17	894.88	barba_crescit_caput_nescit	Obedientia_civium_urbis_felicitas	Some college or Associate degree	593	faber_est_suae_quisque_fortunae	scientia_et_labor
demographic	CTDC-PARTICIPANT-385400	CTDC-DEMOGRAPHIC-393356	986.33	Native Hawaiian or other Pacific Islander	Hispanic or Latino	Female	710.06	102.12	452.93	scientia_et_labor	faber_est_suae_quisque_fortunae	High school graduate (including equivalency)	921	haec_olim_meminisse_iuvabit	sapiens_qui_prospicit
demographic	CTDC-PARTICIPANT-838872	CTDC-DEMOGRAPHIC-205279	298.74	Asian	Not reported	Intersex	652.0	863.52	19.4	salus_in_arduis	scientia,_aere_perennius	No formal education	301	nanos_gigantum_humeris_insidentes	Macte_animo_Generose_puer_sic_itur_ad_astra
