type	participant.participant_id	diagnosis_record_id	primary_diagnosis_disease_group	ctep_disease_term	meddra_disease_code	snomed_disease_term	snomed_disease_code	primary_disease_site	histology	histological_subtype	stage_of_disease	tumor_grade	crdc_id
diagnosis	CTDC-PARTICIPANT-425496	CTDC-DIAGNOSIS-502113	Esophageal cancer, NOS	Non-Small Cell Lung Carcinoma	10028566	Small Cell Carcinoma	35917007	Macte_animo_Generose_puer_sic_itur_ad_astra	scientia,_aere_perennius	O_Tite_tute_Tati_tibi_tanta_tyranne_tulisti	Stage IVC	Borderline malignancy	scientiae_et_patriae
diagnosis	CTDC-PARTICIPANT-752305	CTDC-DIAGNOSIS-472693	Small cell lung cancer	Small Cell Lung Carcinoma	10010029	Multiple myeloma	188717001	haec_olim_meminisse_iuvabit	scientia_et_sapientia	labor_ipse_voluptas	Stage IVB	Poorly Differentiated	pace_tua
diagnosis	CTDC-PARTICIPANT-178412	CTDC-DIAGNOSIS-397520	Invasive breast carcinoma	Colorectal Carcinoma	10017760	Non-Small Cell Lung Carcinoma	276803003	damnant_quod_non_intellegunt	saltus_in_demonstrando	scientiae_cedit_mare	Stage IIIA	Undifferentiated grade	scientia_imperii_decus_et_tutamen
diagnosis	CTDC-PARTICIPANT-498416	CTDC-DIAGNOSIS-619924	Invasive breast carcinoma	Plasma Cell Myeloma	10006190	Prostate Carcinoma	188717001	id_quod_plerumque_accidit	a_bene_placito	nanos_gigantum_humeris_insidentes	Stage III	Moderately Differentiated	Macte_animo_Generose_puer_sic_itur_ad_astra
diagnosis	CTDC-PARTICIPANT-976403	CTDC-DIAGNOSIS-844540	Small cell lung cancer	Plasma Cell Myeloma	10000884	Plasma Cell Myeloma	254632001	nascentes_morimur_finisque_ab_origine_pendet	damnant_quod_non_intellegunt	saltus_in_demonstrando	Stage IIIA	Moderately Differentiated	saltus_in_demonstrando
diagnosis	CTDC-PARTICIPANT-497144	CTDC-DIAGNOSIS-221480	Myeloma, NOS	Plasma Cell Myeloma	10029514	Mucinous Adenocarcinoma	28899001	faber_est_suae_quisque_fortunae	Macte_animo_Generose_puer_sic_itur_ad_astra	salus_in_arduis	Stage IIIB	Grade cannot be assessed	faber_est_suae_quisque_fortunae
diagnosis	CTDC-PARTICIPANT-281297	CTDC-DIAGNOSIS-627195	Small cell lung cancer	Colorectal Carcinoma	10041071	Mucinous Adenocarcinoma	72495009	scientiae_et_patriae	cacatum_non_est_pictum	sapiens_qui_prospicit	Stage IVB	Poorly Differentiated	scientiae_et_patriae
diagnosis	CTDC-PARTICIPANT-731664	CTDC-DIAGNOSIS-140747	Fallopian tube carcinoma	Melanoma	10053571	Superficial Spreading Melanoma	402815007	scientia_et_labor	pace_tua	faber_est_suae_quisque_fortunae	Stage IVA	Moderately Differentiated	nanos_gigantum_humeris_insidentes
diagnosis	CTDC-PARTICIPANT-469939	CTDC-DIAGNOSIS-106951	Adenocarcinoma of the gastroesophageal junction	Acute Myeloid Leukemia Not Otherwise Specified	10028566	Multiple myeloma and immunoproliferative disease	402815007	salus_in_arduis	nanos_gigantum_humeris_insidentes	scientiae_et_patriae	Stage IVB	Undifferentiated grade	scientia,_aere_perennius
diagnosis	CTDC-PARTICIPANT-745706	CTDC-DIAGNOSIS-793820	Non-small cell lung cancer, NOS	Adenocarcinoma of the Gastroesophageal Junction	10006190	Prostate Carcinoma	399490008	salus_in_arduis	damnant_quod_non_intellegunt	imperium_in_imperio	Stage IIIC	Grade cannot be assessed	Gallia_est_omnis_divisa_in_partes_tres
diagnosis	CTDC-PARTICIPANT-705970	CTDC-DIAGNOSIS-866678	Ovarian epithelial cancer	Invasive Breast Carcinoma	10041071	Multiple myeloma and immunoproliferative disease	399068003	Obedientia_civium_urbis_felicitas	salus_in_arduis	Gallia_est_omnis_divisa_in_partes_tres	Stage IIIB	Poorly Differentiated	Obedientia_civium_urbis_felicitas
diagnosis	CTDC-PARTICIPANT-500040	CTDC-DIAGNOSIS-994309	Small cell lung cancer	Ovarian Carcinoma	10017760	Colon Carcinoma	372244006	barba_crescit_caput_nescit	faber_est_suae_quisque_fortunae	nascentes_morimur_finisque_ab_origine_pendet	Stage III	Grade cannot be assessed	haec_olim_meminisse_iuvabit
diagnosis	CTDC-PARTICIPANT-996739	CTDC-DIAGNOSIS-949272	Colorectal cancer, NOS	Plasma Cell Myeloma	10006190	Superficial Spreading Melanoma	72495009	scientia,_aere_perennius	cacatum_non_est_pictum	nanos_gigantum_humeris_insidentes	Stage IIIB	Well Differentiated	id_quod_plerumque_accidit
diagnosis	CTDC-PARTICIPANT-765498	CTDC-DIAGNOSIS-292523	Colorectal cancer, NOS	Plasma Cell Myeloma	10029514	Rectal Adenoma	428054006	Macte_animo_Generose_puer_sic_itur_ad_astra	Macte_animo_Generose_puer_sic_itur_ad_astra	barba_crescit_caput_nescit	Stage IVA	Well Differentiated	O_Tite_tute_Tati_tibi_tanta_tyranne_tulisti
diagnosis	CTDC-PARTICIPANT-803964	CTDC-DIAGNOSIS-515745	Adenocarcinoma of the gastroesophageal junction	Ovarian Carcinoma	10036910	Prostate Carcinoma	372244006	scientiae_et_patriae	nanos_gigantum_humeris_insidentes	id_quod_plerumque_accidit	Stage IIIA	Moderately Differentiated	pace_tua
diagnosis	CTDC-PARTICIPANT-346130	CTDC-DIAGNOSIS-982058	Gastric cancer, NOS	Acute Myeloid Leukemia Not Otherwise Specified	10010029	Plasma Cell Myeloma	408647009	Obedientia_civium_urbis_felicitas	haec_olim_meminisse_iuvabit	scientia,_aere_perennius	Stage IIIC	Borderline malignancy	damnant_quod_non_intellegunt
diagnosis	CTDC-PARTICIPANT-672343	CTDC-DIAGNOSIS-916021	Non-small cell lung cancer, NOS	Plasma Cell Myeloma	10029514	Gastric Adenocarcinoma	70594002	id_quod_plerumque_accidit	scientia,_aere_perennius	imperium_in_imperio	Stage IVC	Borderline malignancy	labor_ipse_voluptas
diagnosis	CTDC-PARTICIPANT-618772	CTDC-DIAGNOSIS-108887	Invasive breast carcinoma	Small Cell Lung Carcinoma	10033159	Multiple myeloma and immunoproliferative disease	254731001	scientiae_et_patriae	barba_crescit_caput_nescit	scientiae_et_patriae	Stage IVA	Well Differentiated	Macte_animo_Generose_puer_sic_itur_ad_astra
diagnosis	CTDC-PARTICIPANT-781918	CTDC-DIAGNOSIS-427736	Primary peritoneal carcinoma	Plasma Cell Myeloma	10010029	Gastric Adenocarcinoma	253000007	scientia_et_sapientia	scientia,_aere_perennius	scientia_et_labor	Stage III	Borderline malignancy	e_causa_ignota
diagnosis	CTDC-PARTICIPANT-868875	CTDC-DIAGNOSIS-393881	Small cell lung cancer	Invasive Breast Carcinoma	10010029	Prostate Adenocarcinoma	254626006	nanos_gigantum_humeris_insidentes	Obedientia_civium_urbis_felicitas	scientia_et_sapientia	Stage IIIB	Undifferentiated grade	barba_crescit_caput_nescit
diagnosis	CTDC-PARTICIPANT-651462	CTDC-DIAGNOSIS-782408	Primary peritoneal carcinoma	Acute Myeloid Leukemia Not Otherwise Specified	10033159	Gastric Adenocarcinoma	2092003	a_bene_placito	cacatum_non_est_pictum	scientia_imperii_decus_et_tutamen	Stage III	Poorly Differentiated	scientia,_aere_perennius
diagnosis	CTDC-PARTICIPANT-357624	CTDC-DIAGNOSIS-455492	Acute myeloid leukemia, NOS	Small Cell Lung Carcinoma	10017760	Nodular Melanoma	254730000	Gallia_est_omnis_divisa_in_partes_tres	scientia,_aere_perennius	scientiae_cedit_mare	Stage IIIA	Grade cannot be assessed	scientia_imperii_decus_et_tutamen
diagnosis	CTDC-PARTICIPANT-665568	CTDC-DIAGNOSIS-945580	Esophageal cancer, NOS	Adenocarcinoma of the Gastroesophageal Junction	10036910	Nodular Melanoma	253000007	saltus_in_demonstrando	scientia_imperii_decus_et_tutamen	nanos_gigantum_humeris_insidentes	Stage III	Borderline malignancy	salus_in_arduis
diagnosis	CTDC-PARTICIPANT-795686	CTDC-DIAGNOSIS-626340	Acute myeloid leukemia, NOS	Adenocarcinoma of the Gastroesophageal Junction	10017760	Prostate Carcinoma	254626006	faber_est_suae_quisque_fortunae	salus_in_arduis	Gallia_est_omnis_divisa_in_partes_tres	Stage IIIC	Undifferentiated grade	scientia_imperii_decus_et_tutamen
diagnosis	CTDC-PARTICIPANT-780169	CTDC-DIAGNOSIS-833849	Gastric cancer, NOS	Plasma Cell Myeloma	10006190	Non-Small Cell Lung Carcinoma	399490008	cacatum_non_est_pictum	Obedientia_civium_urbis_felicitas	Gallia_est_omnis_divisa_in_partes_tres	Stage IVB	Well Differentiated	nanos_gigantum_humeris_insidentes
diagnosis	CTDC-PARTICIPANT-485384	CTDC-DIAGNOSIS-103297	Gastric cancer, NOS	Plasma Cell Myeloma	10029514	Lung Carcinoma	35917007	scientia_et_labor	scientia_imperii_decus_et_tutamen	Macte_animo_Generose_puer_sic_itur_ad_astra	Stage III	Borderline malignancy	scientiae_et_patriae
diagnosis	CTDC-PARTICIPANT-707555	CTDC-DIAGNOSIS-598052	Ovarian epithelial cancer	Non-Small Cell Lung Carcinoma	10028566	Prostate Adenocarcinoma	254900004	cacatum_non_est_pictum	nanos_gigantum_humeris_insidentes	a_bene_placito	Stage III	Well Differentiated	Gallia_est_omnis_divisa_in_partes_tres
diagnosis	CTDC-PARTICIPANT-492276	CTDC-DIAGNOSIS-832114	Small cell lung cancer	Small Cell Lung Carcinoma	10000884	Lung Carcinoma	372244006	imperium_in_imperio	scientiae_cedit_mare	salus_in_arduis	Stage IIIA	Moderately Differentiated	Macte_animo_Generose_puer_sic_itur_ad_astra
diagnosis	CTDC-PARTICIPANT-820083	CTDC-DIAGNOSIS-922895	Prostate cancer, NOS	Prostate Carcinoma	10036910	Melanoma	254730000	imperium_in_imperio	scientia_imperii_decus_et_tutamen	scientia_imperii_decus_et_tutamen	Stage IVC	Borderline malignancy	cacatum_non_est_pictum
diagnosis	CTDC-PARTICIPANT-822595	CTDC-DIAGNOSIS-800780	Acute myeloid leukemia, NOS	Plasma Cell Myeloma	10000884	Adenocarcinoma	55921005	faber_est_suae_quisque_fortunae	scientia_et_sapientia	scientia,_aere_perennius	Stage IVB	Borderline malignancy	Macte_animo_Generose_puer_sic_itur_ad_astra
diagnosis	CTDC-PARTICIPANT-260866	CTDC-DIAGNOSIS-475893	Primary peritoneal carcinoma	Non-Small Cell Lung Carcinoma	10066354	Colon Carcinoma	254633006	barba_crescit_caput_nescit	scientiae_cedit_mare	salus_in_arduis	Stage IV	Poorly Differentiated	id_quod_plerumque_accidit
diagnosis	CTDC-PARTICIPANT-627159	CTDC-DIAGNOSIS-302471	Melanoma	Acute Myeloid Leukemia Not Otherwise Specified	10053571	Breast Carcinoma	254626006	nanos_gigantum_humeris_insidentes	O_Tite_tute_Tati_tibi_tanta_tyranne_tulisti	barba_crescit_caput_nescit	Stage IVB	Moderately Differentiated	sapiens_qui_prospicit
diagnosis	CTDC-PARTICIPANT-925562	CTDC-DIAGNOSIS-762255	Prostate cancer, NOS	Ovarian Carcinoma	10029514	Lung Adenocarcinoma	17788007	imperium_in_imperio	pace_tua	a_bene_placito	Stage IVC	Undifferentiated grade	labor_ipse_voluptas
diagnosis	CTDC-PARTICIPANT-854119	CTDC-DIAGNOSIS-845502	Prostate cancer, NOS	Prostate Carcinoma	10028566	Neuroendocrine Carcinoma	2092003	Gallia_est_omnis_divisa_in_partes_tres	barba_crescit_caput_nescit	imperium_in_imperio	Stage IIIA	Moderately Differentiated	faber_est_suae_quisque_fortunae
diagnosis	CTDC-PARTICIPANT-529091	CTDC-DIAGNOSIS-162499	Fallopian tube carcinoma	Small Cell Lung Carcinoma	10028566	Neuroendocrine Carcinoma	428054006	labor_ipse_voluptas	labor_ipse_voluptas	sapiens_qui_prospicit	Stage IIIA	Moderately Differentiated	e_causa_ignota
diagnosis	CTDC-PARTICIPANT-343801	CTDC-DIAGNOSIS-912305	Gastric cancer, NOS	Prostate Carcinoma	10029514	Nodular Melanoma	254634000	sapiens_qui_prospicit	salus_in_arduis	saltus_in_demonstrando	Stage IIIA	Moderately Differentiated	Gallia_est_omnis_divisa_in_partes_tres
diagnosis	CTDC-PARTICIPANT-954327	CTDC-DIAGNOSIS-873960	Ovarian epithelial cancer	Colorectal Carcinoma	10028566	Melanoma	109989006	barba_crescit_caput_nescit	a_bene_placito	nanos_gigantum_humeris_insidentes	Stage IIIC	Undifferentiated grade	scientia,_aere_perennius
diagnosis	CTDC-PARTICIPANT-324293	CTDC-DIAGNOSIS-890798	Non-small cell lung cancer, NOS	Invasive Breast Carcinoma	10006190	Melanoma	408647009	scientia,_aere_perennius	labor_ipse_voluptas	scientiae_cedit_mare	Stage III	Poorly Differentiated	scientia_et_sapientia
diagnosis	CTDC-PARTICIPANT-449191	CTDC-DIAGNOSIS-208958	Acute myeloid leukemia, NOS	Invasive Breast Carcinoma	10000884	Gastric Adenocarcinoma	408645001	salus_in_arduis	labor_ipse_voluptas	e_causa_ignota	Stage IIIB	Poorly Differentiated	scientia_imperii_decus_et_tutamen
diagnosis	CTDC-PARTICIPANT-219666	CTDC-DIAGNOSIS-711928	Invasive breast carcinoma	Non-Small Cell Lung Carcinoma	10017760	Colon Carcinoma	254626006	scientiae_et_patriae	saltus_in_demonstrando	pace_tua	Stage IVA	Moderately Differentiated	faber_est_suae_quisque_fortunae
diagnosis	CTDC-PARTICIPANT-591224	CTDC-DIAGNOSIS-318103	Prostate cancer, NOS	Ovarian Carcinoma	10010029	Multiple myeloma	188717001	Macte_animo_Generose_puer_sic_itur_ad_astra	haec_olim_meminisse_iuvabit	scientia_imperii_decus_et_tutamen	Stage IIIB	Grade cannot be assessed	salus_in_arduis
diagnosis	CTDC-PARTICIPANT-260523	CTDC-DIAGNOSIS-447136	Ovarian epithelial cancer	Acute Myeloid Leukemia Not Otherwise Specified	10006190	Non-Small Cell Lung Carcinoma	93655004	e_causa_ignota	Obedientia_civium_urbis_felicitas	barba_crescit_caput_nescit	Stage III	Poorly Differentiated	cacatum_non_est_pictum
diagnosis	CTDC-PARTICIPANT-697627	CTDC-DIAGNOSIS-350462	Colorectal cancer, NOS	Small Cell Lung Carcinoma	10006190	Rectal Adenoma	408647009	Gallia_est_omnis_divisa_in_partes_tres	nascentes_morimur_finisque_ab_origine_pendet	salus_in_arduis	Stage IIIA	Well Differentiated	cacatum_non_est_pictum
diagnosis	CTDC-PARTICIPANT-221730	CTDC-DIAGNOSIS-342555	Gastric cancer, NOS	Adenocarcinoma of the Gastroesophageal Junction	10066354	Neuroendocrine Carcinoma	254838004	faber_est_suae_quisque_fortunae	O_Tite_tute_Tati_tibi_tanta_tyranne_tulisti	labor_ipse_voluptas	Stage IIIA	Grade cannot be assessed	saltus_in_demonstrando
diagnosis	CTDC-PARTICIPANT-412746	CTDC-DIAGNOSIS-381521	Fallopian tube carcinoma	Plasma Cell Myeloma	10041071	Colon Adenoma	2092003	scientia_et_labor	O_Tite_tute_Tati_tibi_tanta_tyranne_tulisti	salus_in_arduis	Stage IIIC	Well Differentiated	faber_est_suae_quisque_fortunae
diagnosis	CTDC-PARTICIPANT-624107	CTDC-DIAGNOSIS-293508	Esophageal cancer, NOS	Prostate Carcinoma	10036910	Breast Carcinoma	254730000	Gallia_est_omnis_divisa_in_partes_tres	nanos_gigantum_humeris_insidentes	salus_in_arduis	Stage IVC	Undifferentiated grade	cacatum_non_est_pictum
diagnosis	CTDC-PARTICIPANT-779742	CTDC-DIAGNOSIS-928165	Invasive breast carcinoma	Ovarian Carcinoma	10053571	Mucinous Adenocarcinoma	408647009	scientia_et_sapientia	scientiae_cedit_mare	scientiae_cedit_mare	Stage IIIC	Grade cannot be assessed	pace_tua
diagnosis	CTDC-PARTICIPANT-873770	CTDC-DIAGNOSIS-276288	Prostate cancer, NOS	Acute Myeloid Leukemia Not Otherwise Specified	10006190	Prostate Carcinoma	17788007	labor_ipse_voluptas	haec_olim_meminisse_iuvabit	scientia_et_sapientia	Stage IV	Undifferentiated grade	haec_olim_meminisse_iuvabit
diagnosis	CTDC-PARTICIPANT-471487	CTDC-DIAGNOSIS-301380	Small cell lung cancer	Adenocarcinoma of the Gastroesophageal Junction	10028566	Lung Adenocarcinoma	399068003	Obedientia_civium_urbis_felicitas	a_bene_placito	scientia_imperii_decus_et_tutamen	Stage III	Well Differentiated	cacatum_non_est_pictum
diagnosis	CTDC-PARTICIPANT-241440	CTDC-DIAGNOSIS-315270	Adenocarcinoma of the gastroesophageal junction	Acute Myeloid Leukemia Not Otherwise Specified	10006190	Squamous Cell Carcinoma	276803003	scientia_et_sapientia	Macte_animo_Generose_puer_sic_itur_ad_astra	nascentes_morimur_finisque_ab_origine_pendet	Stage IVB	Well Differentiated	Obedientia_civium_urbis_felicitas
diagnosis	CTDC-PARTICIPANT-575132	CTDC-DIAGNOSIS-240948	Prostate cancer, NOS	Plasma Cell Myeloma	10017760	Superficial Spreading Melanoma	399068003	salus_in_arduis	pace_tua	saltus_in_demonstrando	Stage IIIA	Borderline malignancy	barba_crescit_caput_nescit
diagnosis	CTDC-PARTICIPANT-873739	CTDC-DIAGNOSIS-870600	Non-small cell lung cancer, NOS	Acute Myeloid Leukemia Not Otherwise Specified	10029514	Lung Adenocarcinoma	276803003	scientia_et_sapientia	cacatum_non_est_pictum	pace_tua	Stage IVB	Undifferentiated grade	nascentes_morimur_finisque_ab_origine_pendet
diagnosis	CTDC-PARTICIPANT-763429	CTDC-DIAGNOSIS-326252	Non-small cell lung cancer, NOS	Non-Small Cell Lung Carcinoma	10036910	Superficial Spreading Melanoma	428054006	salus_in_arduis	Obedientia_civium_urbis_felicitas	labor_ipse_voluptas	Stage IVB	Well Differentiated	nanos_gigantum_humeris_insidentes
diagnosis	CTDC-PARTICIPANT-206820	CTDC-DIAGNOSIS-131335	Myeloma, NOS	Melanoma	10028566	Nodular Melanoma	399068003	imperium_in_imperio	scientia_et_labor	salus_in_arduis	Stage IVC	Grade cannot be assessed	nascentes_morimur_finisque_ab_origine_pendet
diagnosis	CTDC-PARTICIPANT-797414	CTDC-DIAGNOSIS-128818	Non-small cell lung cancer, NOS	Acute Myeloid Leukemia Not Otherwise Specified	10029514	Neuroendocrine Carcinoma	188717001	salus_in_arduis	saltus_in_demonstrando	a_bene_placito	Stage IVC	Poorly Differentiated	salus_in_arduis
diagnosis	CTDC-PARTICIPANT-344803	CTDC-DIAGNOSIS-579064	Fallopian tube carcinoma	Invasive Breast Carcinoma	10006190	Amelanotic Melanoma	399730005	saltus_in_demonstrando	scientiae_cedit_mare	pace_tua	Stage IV	Well Differentiated	scientia_et_labor
diagnosis	CTDC-PARTICIPANT-590375	CTDC-DIAGNOSIS-289884	Melanoma	Invasive Breast Carcinoma	10017760	Colorectal Adenocarcinoma	37138001	nascentes_morimur_finisque_ab_origine_pendet	id_quod_plerumque_accidit	e_causa_ignota	Stage IV	Moderately Differentiated	labor_ipse_voluptas
diagnosis	CTDC-PARTICIPANT-374155	CTDC-DIAGNOSIS-449311	Fallopian tube carcinoma	Acute Myeloid Leukemia Not Otherwise Specified	10029514	Colon Adenoma	408647009	Obedientia_civium_urbis_felicitas	scientiae_et_patriae	labor_ipse_voluptas	Stage IVA	Borderline malignancy	O_Tite_tute_Tati_tibi_tanta_tyranne_tulisti
diagnosis	CTDC-PARTICIPANT-976851	CTDC-DIAGNOSIS-630360	Melanoma	Non-Small Cell Lung Carcinoma	10000884	Colon Carcinoma	254900004	scientiae_et_patriae	nanos_gigantum_humeris_insidentes	a_bene_placito	Stage IIIC	Grade cannot be assessed	scientia_et_labor
diagnosis	CTDC-PARTICIPANT-332897	CTDC-DIAGNOSIS-381178	Adenocarcinoma of the gastroesophageal junction	Adenocarcinoma of the Gastroesophageal Junction	10017760	Melanoma	254731001	saltus_in_demonstrando	pace_tua	imperium_in_imperio	Stage IIIB	Undifferentiated grade	nascentes_morimur_finisque_ab_origine_pendet
diagnosis	CTDC-PARTICIPANT-775990	CTDC-DIAGNOSIS-213177	Non-small cell lung cancer, NOS	Acute Myeloid Leukemia Not Otherwise Specified	10006190	Colon Adenoma	254582000	salus_in_arduis	scientia_imperii_decus_et_tutamen	id_quod_plerumque_accidit	Stage IVB	Borderline malignancy	barba_crescit_caput_nescit
diagnosis	CTDC-PARTICIPANT-181071	CTDC-DIAGNOSIS-717051	Non-small cell lung cancer, NOS	Prostate Carcinoma	10017760	Lung Carcinoma	399490008	scientiae_et_patriae	Macte_animo_Generose_puer_sic_itur_ad_astra	nanos_gigantum_humeris_insidentes	Stage IIIC	Poorly Differentiated	haec_olim_meminisse_iuvabit
diagnosis	CTDC-PARTICIPANT-838837	CTDC-DIAGNOSIS-657223	Myeloma, NOS	Non-Small Cell Lung Carcinoma	10041071	Rectal Adenoma	448993007	saltus_in_demonstrando	Gallia_est_omnis_divisa_in_partes_tres	nanos_gigantum_humeris_insidentes	Stage III	Undifferentiated grade	Macte_animo_Generose_puer_sic_itur_ad_astra
diagnosis	CTDC-PARTICIPANT-149013	CTDC-DIAGNOSIS-726817	Invasive breast carcinoma	Melanoma	10006190	Superficial Spreading Melanoma	399730005	id_quod_plerumque_accidit	imperium_in_imperio	Macte_animo_Generose_puer_sic_itur_ad_astra	Stage IVB	Well Differentiated	Gallia_est_omnis_divisa_in_partes_tres
diagnosis	CTDC-PARTICIPANT-893210	CTDC-DIAGNOSIS-565113	Myeloma, NOS	Small Cell Lung Carcinoma	10000884	Squamous Cell Carcinoma	254731001	salus_in_arduis	salus_in_arduis	Macte_animo_Generose_puer_sic_itur_ad_astra	Stage IIIA	Moderately Differentiated	labor_ipse_voluptas
diagnosis	CTDC-PARTICIPANT-291399	CTDC-DIAGNOSIS-971503	Prostate cancer, NOS	Plasma Cell Myeloma	10041071	Mucinous Adenocarcinoma	448993007	faber_est_suae_quisque_fortunae	nanos_gigantum_humeris_insidentes	labor_ipse_voluptas	Stage IVC	Borderline malignancy	a_bene_placito
diagnosis	CTDC-PARTICIPANT-664268	CTDC-DIAGNOSIS-596465	Myeloma, NOS	Acute Myeloid Leukemia Not Otherwise Specified	10033159	Squamous Cell Lung Carcinoma	254730000	sapiens_qui_prospicit	Macte_animo_Generose_puer_sic_itur_ad_astra	saltus_in_demonstrando	Stage IIIA	Undifferentiated grade	nanos_gigantum_humeris_insidentes
diagnosis	CTDC-PARTICIPANT-723698	CTDC-DIAGNOSIS-698209	Gastric cancer, NOS	Melanoma	10029514	Small Cell Lung Carcinoma	448993007	imperium_in_imperio	barba_crescit_caput_nescit	salus_in_arduis	Stage IV	Undifferentiated grade	e_causa_ignota
diagnosis	CTDC-PARTICIPANT-627524	CTDC-DIAGNOSIS-794106	Colorectal cancer, NOS	Melanoma	10000884	Rectal Carcinoma	254634000	imperium_in_imperio	scientiae_cedit_mare	e_causa_ignota	Stage IVB	Borderline malignancy	haec_olim_meminisse_iuvabit
diagnosis	CTDC-PARTICIPANT-755384	CTDC-DIAGNOSIS-300174	Gastric cancer, NOS	Prostate Carcinoma	10066354	Plasma Cell Leukemia	276803003	O_Tite_tute_Tati_tibi_tanta_tyranne_tulisti	scientia_et_labor	Macte_animo_Generose_puer_sic_itur_ad_astra	Stage IIIC	Moderately Differentiated	salus_in_arduis
diagnosis	CTDC-PARTICIPANT-172709	CTDC-DIAGNOSIS-372652	Fallopian tube carcinoma	Small Cell Lung Carcinoma	10017760	Superficial Spreading Melanoma	276803003	O_Tite_tute_Tati_tibi_tanta_tyranne_tulisti	e_causa_ignota	scientia_et_sapientia	Stage IIIA	Borderline malignancy	O_Tite_tute_Tati_tibi_tanta_tyranne_tulisti
diagnosis	CTDC-PARTICIPANT-241615	CTDC-DIAGNOSIS-184130	Primary peritoneal carcinoma	Small Cell Lung Carcinoma	10006190	Small Cell Carcinoma	17788007	cacatum_non_est_pictum	Gallia_est_omnis_divisa_in_partes_tres	imperium_in_imperio	Stage IIIA	Borderline malignancy	nascentes_morimur_finisque_ab_origine_pendet
diagnosis	CTDC-PARTICIPANT-181206	CTDC-DIAGNOSIS-767997	Non-small cell lung cancer, NOS	Plasma Cell Myeloma	10000884	Nodular Melanoma	253000007	O_Tite_tute_Tati_tibi_tanta_tyranne_tulisti	labor_ipse_voluptas	labor_ipse_voluptas	Stage III	Moderately Differentiated	O_Tite_tute_Tati_tibi_tanta_tyranne_tulisti
diagnosis	CTDC-PARTICIPANT-794084	CTDC-DIAGNOSIS-911792	Prostate cancer, NOS	Small Cell Lung Carcinoma	10017760	Non-Small Cell Lung Carcinoma	408645001	labor_ipse_voluptas	scientia_et_sapientia	cacatum_non_est_pictum	Stage IIIB	Moderately Differentiated	sapiens_qui_prospicit
diagnosis	CTDC-PARTICIPANT-527590	CTDC-DIAGNOSIS-986430	Ovarian epithelial cancer	Plasma Cell Myeloma	10006190	Colorectal Adenocarcinoma	254731001	scientiae_cedit_mare	cacatum_non_est_pictum	faber_est_suae_quisque_fortunae	Stage III	Well Differentiated	Obedientia_civium_urbis_felicitas
diagnosis	CTDC-PARTICIPANT-903832	CTDC-DIAGNOSIS-247555	Ovarian epithelial cancer	Prostate Carcinoma	10000884	Cutaneous Melanoma	37138001	Obedientia_civium_urbis_felicitas	id_quod_plerumque_accidit	labor_ipse_voluptas	Stage IIIA	Grade cannot be assessed	scientia_et_labor
diagnosis	CTDC-PARTICIPANT-617726	CTDC-DIAGNOSIS-257586	Myeloma, NOS	Prostate Carcinoma	10000884	Cutaneous Melanoma	254634000	pace_tua	sapiens_qui_prospicit	scientia_imperii_decus_et_tutamen	Stage IV	Poorly Differentiated	cacatum_non_est_pictum
diagnosis	CTDC-PARTICIPANT-417908	CTDC-DIAGNOSIS-997896	Fallopian tube carcinoma	Invasive Breast Carcinoma	10017760	Breast Carcinoma	269533000	saltus_in_demonstrando	scientia_et_sapientia	O_Tite_tute_Tati_tibi_tanta_tyranne_tulisti	Stage IIIB	Moderately Differentiated	scientiae_et_patriae
diagnosis	CTDC-PARTICIPANT-573652	CTDC-DIAGNOSIS-446854	Fallopian tube carcinoma	Invasive Breast Carcinoma	10010029	Amelanotic Melanoma	254730000	nascentes_morimur_finisque_ab_origine_pendet	labor_ipse_voluptas	Obedientia_civium_urbis_felicitas	Stage IIIA	Grade cannot be assessed	sapiens_qui_prospicit
diagnosis	CTDC-PARTICIPANT-756028	CTDC-DIAGNOSIS-475903	Colorectal cancer, NOS	Ovarian Carcinoma	10010029	Plasma Cell Leukemia	74364000	O_Tite_tute_Tati_tibi_tanta_tyranne_tulisti	Gallia_est_omnis_divisa_in_partes_tres	haec_olim_meminisse_iuvabit	Stage IVB	Well Differentiated	scientia_et_sapientia
diagnosis	CTDC-PARTICIPANT-145487	CTDC-DIAGNOSIS-690492	Myeloma, NOS	Prostate Carcinoma	10036910	Prostate Adenocarcinoma	17788007	imperium_in_imperio	scientiae_et_patriae	cacatum_non_est_pictum	Stage III	Grade cannot be assessed	damnant_quod_non_intellegunt
diagnosis	CTDC-PARTICIPANT-300101	CTDC-DIAGNOSIS-439168	Gastric cancer, NOS	Small Cell Lung Carcinoma	10029514	Melanoma	28899001	cacatum_non_est_pictum	scientiae_et_patriae	scientia_et_labor	Stage III	Well Differentiated	a_bene_placito
diagnosis	CTDC-PARTICIPANT-868867	CTDC-DIAGNOSIS-654210	Ovarian epithelial cancer	Ovarian Carcinoma	10028566	Gastric Adenocarcinoma	443961001	id_quod_plerumque_accidit	scientia_imperii_decus_et_tutamen	saltus_in_demonstrando	Stage IV	Borderline malignancy	pace_tua
diagnosis	CTDC-PARTICIPANT-246582	CTDC-DIAGNOSIS-992840	Melanoma	Acute Myeloid Leukemia Not Otherwise Specified	10029514	Colorectal Adenocarcinoma	55921005b	Gallia_est_omnis_divisa_in_partes_tres	saltus_in_demonstrando	a_bene_placito	Stage IV	Borderline malignancy	O_Tite_tute_Tati_tibi_tanta_tyranne_tulisti
diagnosis	CTDC-PARTICIPANT-193517	CTDC-DIAGNOSIS-952448	Prostate cancer, NOS	Acute Myeloid Leukemia Not Otherwise Specified	10041071	Small Cell Carcinoma	254900004	cacatum_non_est_pictum	nascentes_morimur_finisque_ab_origine_pendet	Obedientia_civium_urbis_felicitas	Stage III	Undifferentiated grade	scientia_et_labor
diagnosis	CTDC-PARTICIPANT-730791	CTDC-DIAGNOSIS-288813	Acute myeloid leukemia, NOS	Non-Small Cell Lung Carcinoma	10000884	Acute Myeloid Leukemia	72495009	scientiae_cedit_mare	scientia_et_sapientia	scientia,_aere_perennius	Stage IVB	Well Differentiated	faber_est_suae_quisque_fortunae
diagnosis	CTDC-PARTICIPANT-245717	CTDC-DIAGNOSIS-743473	Non-small cell lung cancer, NOS	Ovarian Carcinoma	10017760	Non-Small Cell Lung Carcinoma	253000007	scientia,_aere_perennius	Obedientia_civium_urbis_felicitas	imperium_in_imperio	Stage III	Undifferentiated grade	barba_crescit_caput_nescit
diagnosis	CTDC-PARTICIPANT-144381	CTDC-DIAGNOSIS-495541	Melanoma	Plasma Cell Myeloma	10033159	Mucinous Adenocarcinoma	428054006	pace_tua	scientia_imperii_decus_et_tutamen	scientiae_cedit_mare	Stage IV	Undifferentiated grade	haec_olim_meminisse_iuvabit
diagnosis	CTDC-PARTICIPANT-615561	CTDC-DIAGNOSIS-725802	Small cell lung cancer	Invasive Breast Carcinoma	10029514	Superficial Spreading Melanoma	399730005	nascentes_morimur_finisque_ab_origine_pendet	scientiae_et_patriae	faber_est_suae_quisque_fortunae	Stage IVC	Grade cannot be assessed	scientia_et_sapientia
diagnosis	CTDC-PARTICIPANT-903334	CTDC-DIAGNOSIS-438137	Prostate cancer, NOS	Invasive Breast Carcinoma	10006190	Lung Carcinoma	428054006	imperium_in_imperio	a_bene_placito	a_bene_placito	Stage III	Moderately Differentiated	scientiae_cedit_mare
diagnosis	CTDC-PARTICIPANT-168762	CTDC-DIAGNOSIS-386650	Acute myeloid leukemia, NOS	Ovarian Carcinoma	10033159	Superficial Spreading Melanoma	254626006	pace_tua	scientia_et_sapientia	scientia,_aere_perennius	Stage IVA	Well Differentiated	scientia,_aere_perennius
diagnosis	CTDC-PARTICIPANT-511763	CTDC-DIAGNOSIS-232446	Acute myeloid leukemia, NOS	Plasma Cell Myeloma	10066354	Nodular Melanoma	254731001	e_causa_ignota	cacatum_non_est_pictum	scientiae_et_patriae	Stage IVB	Borderline malignancy	barba_crescit_caput_nescit
diagnosis	CTDC-PARTICIPANT-943722	CTDC-DIAGNOSIS-970142	Myeloma, NOS	Non-Small Cell Lung Carcinoma	10006190	Epithelioid Cell Melanoma	17788007	pace_tua	nascentes_morimur_finisque_ab_origine_pendet	sapiens_qui_prospicit	Stage III	Poorly Differentiated	saltus_in_demonstrando
diagnosis	CTDC-PARTICIPANT-119050	CTDC-DIAGNOSIS-498371	Colorectal cancer, NOS	Melanoma	10029514	Plasma Cell Leukemia	408645001	salus_in_arduis	scientia,_aere_perennius	salus_in_arduis	Stage IIIA	Borderline malignancy	Obedientia_civium_urbis_felicitas
diagnosis	CTDC-PARTICIPANT-869188	CTDC-DIAGNOSIS-844473	Small cell lung cancer	Prostate Carcinoma	10028566	Esophageal Adenocarcinoma	254900004	cacatum_non_est_pictum	damnant_quod_non_intellegunt	cacatum_non_est_pictum	Stage IIIC	Moderately Differentiated	haec_olim_meminisse_iuvabit
diagnosis	CTDC-PARTICIPANT-733770	CTDC-DIAGNOSIS-684477	Primary peritoneal carcinoma	Small Cell Lung Carcinoma	10006190	Plasma Cell Leukemia	254838004	Gallia_est_omnis_divisa_in_partes_tres	O_Tite_tute_Tati_tibi_tanta_tyranne_tulisti	e_causa_ignota	Stage III	Poorly Differentiated	id_quod_plerumque_accidit
diagnosis	CTDC-PARTICIPANT-117926	CTDC-DIAGNOSIS-388902	Primary peritoneal carcinoma	Prostate Carcinoma	10029514	Nodular Melanoma	72495009	scientiae_cedit_mare	imperium_in_imperio	nanos_gigantum_humeris_insidentes	Stage IVA	Grade cannot be assessed	scientiae_cedit_mare
diagnosis	CTDC-PARTICIPANT-910438	CTDC-DIAGNOSIS-162247	Myeloma, NOS	Small Cell Lung Carcinoma	10041071	Prostate Adenocarcinoma	72495009	labor_ipse_voluptas	labor_ipse_voluptas	labor_ipse_voluptas	Stage IIIC	Grade cannot be assessed	Obedientia_civium_urbis_felicitas
diagnosis	CTDC-PARTICIPANT-556810	CTDC-DIAGNOSIS-682432	Prostate cancer, NOS	Melanoma	10010029	Multiple myeloma and immunoproliferative disease	37138001	e_causa_ignota	Gallia_est_omnis_divisa_in_partes_tres	scientia_imperii_decus_et_tutamen	Stage IIIC	Moderately Differentiated	damnant_quod_non_intellegunt
diagnosis	CTDC-PARTICIPANT-532435	CTDC-DIAGNOSIS-645257	Gastric cancer, NOS	Plasma Cell Myeloma	10066354	Epithelioid Cell Melanoma	55921005b	scientiae_cedit_mare	nascentes_morimur_finisque_ab_origine_pendet	haec_olim_meminisse_iuvabit	Stage IVC	Moderately Differentiated	scientia_et_labor
diagnosis	CTDC-PARTICIPANT-122581	CTDC-DIAGNOSIS-618147	Myeloma, NOS	Prostate Carcinoma	10033159	Colon Carcinoma	399068003	imperium_in_imperio	scientiae_et_patriae	Gallia_est_omnis_divisa_in_partes_tres	Stage III	Borderline malignancy	haec_olim_meminisse_iuvabit
diagnosis	CTDC-PARTICIPANT-644940	CTDC-DIAGNOSIS-385402	Small cell lung cancer	Small Cell Lung Carcinoma	10028566	Mucinous Adenocarcinoma	443961001	Obedientia_civium_urbis_felicitas	Obedientia_civium_urbis_felicitas	cacatum_non_est_pictum	Stage III	Grade cannot be assessed	nanos_gigantum_humeris_insidentes
diagnosis	CTDC-PARTICIPANT-858046	CTDC-DIAGNOSIS-341921	Gastric cancer, NOS	Invasive Breast Carcinoma	10033159	Gastric Adenocarcinoma	408645001	e_causa_ignota	cacatum_non_est_pictum	damnant_quod_non_intellegunt	Stage IVA	Borderline malignancy	sapiens_qui_prospicit
diagnosis	CTDC-PARTICIPANT-931464	CTDC-DIAGNOSIS-735023	Acute myeloid leukemia, NOS	Invasive Breast Carcinoma	10029514	Esophageal Adenocarcinoma	93655004	cacatum_non_est_pictum	scientiae_cedit_mare	labor_ipse_voluptas	Stage III	Grade cannot be assessed	e_causa_ignota
diagnosis	CTDC-PARTICIPANT-569880	CTDC-DIAGNOSIS-496376	Melanoma	Plasma Cell Myeloma	10053571	Small Cell Lung Carcinoma	109989006	scientia,_aere_perennius	haec_olim_meminisse_iuvabit	scientia_et_sapientia	Stage IV	Grade cannot be assessed	id_quod_plerumque_accidit
diagnosis	CTDC-PARTICIPANT-148831	CTDC-DIAGNOSIS-636931	Invasive breast carcinoma	Invasive Breast Carcinoma	10033159	Acute Myeloid Leukemia	253000007	scientia_imperii_decus_et_tutamen	barba_crescit_caput_nescit	scientia_et_labor	Stage IVB	Moderately Differentiated	nascentes_morimur_finisque_ab_origine_pendet
diagnosis	CTDC-PARTICIPANT-975244	CTDC-DIAGNOSIS-379485	Fallopian tube carcinoma	Plasma Cell Myeloma	10017760	Epithelioid Cell Melanoma	254634000	labor_ipse_voluptas	labor_ipse_voluptas	scientia_et_sapientia	Stage III	Grade cannot be assessed	salus_in_arduis
diagnosis	CTDC-PARTICIPANT-570320	CTDC-DIAGNOSIS-910478	Ovarian epithelial cancer	Small Cell Lung Carcinoma	10036910	Acute Myeloid Leukemia	37138001	scientiae_et_patriae	scientiae_et_patriae	cacatum_non_est_pictum	Stage IVB	Moderately Differentiated	Macte_animo_Generose_puer_sic_itur_ad_astra
diagnosis	CTDC-PARTICIPANT-541078	CTDC-DIAGNOSIS-760025	Adenocarcinoma of the gastroesophageal junction	Melanoma	10006190	Melanoma	109989006	faber_est_suae_quisque_fortunae	imperium_in_imperio	scientia_et_sapientia	Stage IVB	Borderline malignancy	scientia_et_labor
diagnosis	CTDC-PARTICIPANT-468519	CTDC-DIAGNOSIS-578289	Primary peritoneal carcinoma	Colorectal Carcinoma	10000884	Prostate Adenocarcinoma	254634000	scientia,_aere_perennius	damnant_quod_non_intellegunt	scientia_imperii_decus_et_tutamen	Stage IIIB	Grade cannot be assessed	barba_crescit_caput_nescit
diagnosis	CTDC-PARTICIPANT-480884	CTDC-DIAGNOSIS-923324	Invasive breast carcinoma	Small Cell Lung Carcinoma	10010029	Melanoma	443961001	damnant_quod_non_intellegunt	Macte_animo_Generose_puer_sic_itur_ad_astra	scientia_imperii_decus_et_tutamen	Stage IIIB	Borderline malignancy	salus_in_arduis
diagnosis	CTDC-PARTICIPANT-479769	CTDC-DIAGNOSIS-557941	Adenocarcinoma of the gastroesophageal junction	Adenocarcinoma of the Gastroesophageal Junction	10036910	Plasma Cell Leukemia	254731001	scientiae_cedit_mare	scientia_et_sapientia	scientia_et_sapientia	Stage IIIB	Moderately Differentiated	Gallia_est_omnis_divisa_in_partes_tres
diagnosis	CTDC-PARTICIPANT-776559	CTDC-DIAGNOSIS-744281	Colorectal cancer, NOS	Plasma Cell Myeloma	10028566	Plasma Cell Myeloma	408647009	scientia_et_labor	cacatum_non_est_pictum	pace_tua	Stage IIIA	Grade cannot be assessed	nascentes_morimur_finisque_ab_origine_pendet
diagnosis	CTDC-PARTICIPANT-722812	CTDC-DIAGNOSIS-579513	Melanoma	Acute Myeloid Leukemia Not Otherwise Specified	10028566	Breast Carcinoma	72495009	nanos_gigantum_humeris_insidentes	Macte_animo_Generose_puer_sic_itur_ad_astra	cacatum_non_est_pictum	Stage IIIA	Moderately Differentiated	scientia_et_sapientia
diagnosis	CTDC-PARTICIPANT-144749	CTDC-DIAGNOSIS-575751	Ovarian epithelial cancer	Adenocarcinoma of the Gastroesophageal Junction	10033159	Multiple myeloma and immunoproliferative disease	70594002	e_causa_ignota	scientia_imperii_decus_et_tutamen	Gallia_est_omnis_divisa_in_partes_tres	Stage IIIC	Undifferentiated grade	e_causa_ignota
diagnosis	CTDC-PARTICIPANT-509623	CTDC-DIAGNOSIS-264116	Gastric cancer, NOS	Colorectal Carcinoma	10036910	Small Cell Lung Carcinoma	448993007	scientia_et_labor	cacatum_non_est_pictum	scientia,_aere_perennius	Stage IIIC	Undifferentiated grade	scientia_et_labor
diagnosis	CTDC-PARTICIPANT-178770	CTDC-DIAGNOSIS-129167	Myeloma, NOS	Melanoma	10006190	Breast Carcinoma	408647009	barba_crescit_caput_nescit	Obedientia_civium_urbis_felicitas	salus_in_arduis	Stage IIIC	Grade cannot be assessed	Obedientia_civium_urbis_felicitas
diagnosis	CTDC-PARTICIPANT-880097	CTDC-DIAGNOSIS-460984	Melanoma	Small Cell Lung Carcinoma	10041071	Esophageal Adenocarcinoma	253000007	saltus_in_demonstrando	scientia_imperii_decus_et_tutamen	haec_olim_meminisse_iuvabit	Stage III	Moderately Differentiated	saltus_in_demonstrando
diagnosis	CTDC-PARTICIPANT-578590	CTDC-DIAGNOSIS-410704	Small cell lung cancer	Adenocarcinoma of the Gastroesophageal Junction	10041071	Multiple myeloma	55921005	salus_in_arduis	e_causa_ignota	pace_tua	Stage IIIB	Well Differentiated	saltus_in_demonstrando
diagnosis	CTDC-PARTICIPANT-144502	CTDC-DIAGNOSIS-456069	Myeloma, NOS	Invasive Breast Carcinoma	10000884	Non-Small Cell Lung Carcinoma	128922003	a_bene_placito	cacatum_non_est_pictum	barba_crescit_caput_nescit	Stage IVC	Grade cannot be assessed	haec_olim_meminisse_iuvabit
diagnosis	CTDC-PARTICIPANT-180514	CTDC-DIAGNOSIS-772337	Ovarian epithelial cancer	Invasive Breast Carcinoma	10028566	Breast Carcinoma	2142002	id_quod_plerumque_accidit	scientia_imperii_decus_et_tutamen	damnant_quod_non_intellegunt	Stage IIIA	Well Differentiated	faber_est_suae_quisque_fortunae
diagnosis	CTDC-PARTICIPANT-326731	CTDC-DIAGNOSIS-918596	Melanoma	Adenocarcinoma of the Gastroesophageal Junction	10029514	Prostate Carcinoma	2092003	id_quod_plerumque_accidit	pace_tua	e_causa_ignota	Stage IIIC	Undifferentiated grade	nanos_gigantum_humeris_insidentes
diagnosis	CTDC-PARTICIPANT-548508	CTDC-DIAGNOSIS-566803	Colorectal cancer, NOS	Colorectal Carcinoma	10028566	Squamous Cell Lung Carcinoma	2092003	scientiae_cedit_mare	imperium_in_imperio	labor_ipse_voluptas	Stage IV	Grade cannot be assessed	haec_olim_meminisse_iuvabit
diagnosis	CTDC-PARTICIPANT-124632	CTDC-DIAGNOSIS-809368	Prostate cancer, NOS	Plasma Cell Myeloma	10017760	Small Cell Carcinoma	254730000	pace_tua	labor_ipse_voluptas	id_quod_plerumque_accidit	Stage III	Grade cannot be assessed	nanos_gigantum_humeris_insidentes
diagnosis	CTDC-PARTICIPANT-868232	CTDC-DIAGNOSIS-261852	Small cell lung cancer	Invasive Breast Carcinoma	10029514	Small Cell Lung Carcinoma	128922003	Obedientia_civium_urbis_felicitas	cacatum_non_est_pictum	labor_ipse_voluptas	Stage IIIB	Borderline malignancy	scientia_imperii_decus_et_tutamen
diagnosis	CTDC-PARTICIPANT-953395	CTDC-DIAGNOSIS-986450	Melanoma	Colorectal Carcinoma	10010029	Cutaneous Melanoma	408645001	saltus_in_demonstrando	scientia_et_labor	scientia_et_sapientia	Stage IIIC	Well Differentiated	haec_olim_meminisse_iuvabit
diagnosis	CTDC-PARTICIPANT-789514	CTDC-DIAGNOSIS-440095	Ovarian epithelial cancer	Invasive Breast Carcinoma	10028566	Lung Adenocarcinoma	128922003	scientia_et_sapientia	labor_ipse_voluptas	scientiae_et_patriae	Stage III	Undifferentiated grade	Gallia_est_omnis_divisa_in_partes_tres
diagnosis	CTDC-PARTICIPANT-551066	CTDC-DIAGNOSIS-841937	Gastric cancer, NOS	Small Cell Lung Carcinoma	10006190	Cutaneous Melanoma	269533000	salus_in_arduis	e_causa_ignota	scientiae_et_patriae	Stage IIIA	Grade cannot be assessed	scientiae_et_patriae
diagnosis	CTDC-PARTICIPANT-889503	CTDC-DIAGNOSIS-816826	Ovarian epithelial cancer	Plasma Cell Myeloma	10041071	Colorectal Adenocarcinoma	254634000	cacatum_non_est_pictum	e_causa_ignota	Macte_animo_Generose_puer_sic_itur_ad_astra	Stage IVB	Borderline malignancy	pace_tua
diagnosis	CTDC-PARTICIPANT-520702	CTDC-DIAGNOSIS-692772	Colorectal cancer, NOS	Ovarian Carcinoma	10036910	Epithelioid Cell Melanoma	428054006	faber_est_suae_quisque_fortunae	nanos_gigantum_humeris_insidentes	sapiens_qui_prospicit	Stage IVA	Undifferentiated grade	a_bene_placito
diagnosis	CTDC-PARTICIPANT-817454	CTDC-DIAGNOSIS-974018	Melanoma	Plasma Cell Myeloma	10053571	Rectal Adenoma	55921005b	scientiae_cedit_mare	e_causa_ignota	nanos_gigantum_humeris_insidentes	Stage IV	Well Differentiated	scientia_imperii_decus_et_tutamen
diagnosis	CTDC-PARTICIPANT-178969	CTDC-DIAGNOSIS-474213	Ovarian epithelial cancer	Invasive Breast Carcinoma	10028566	Non-Small Cell Lung Carcinoma	372244006	scientiae_et_patriae	pace_tua	scientia_et_labor	Stage IIIB	Undifferentiated grade	scientia,_aere_perennius
diagnosis	CTDC-PARTICIPANT-838660	CTDC-DIAGNOSIS-102567	Non-small cell lung cancer, NOS	Small Cell Lung Carcinoma	10033159	Colon Carcinoma	402815007	salus_in_arduis	saltus_in_demonstrando	barba_crescit_caput_nescit	Stage IVB	Moderately Differentiated	sapiens_qui_prospicit
diagnosis	CTDC-PARTICIPANT-299283	CTDC-DIAGNOSIS-333247	Melanoma	Non-Small Cell Lung Carcinoma	10006190	Colorectal Adenocarcinoma	254637007	scientia_et_sapientia	barba_crescit_caput_nescit	pace_tua	Stage IIIB	Poorly Differentiated	Gallia_est_omnis_divisa_in_partes_tres
diagnosis	CTDC-PARTICIPANT-916037	CTDC-DIAGNOSIS-223014	Primary peritoneal carcinoma	Small Cell Lung Carcinoma	10066354	Non-Small Cell Lung Carcinoma	254731001	e_causa_ignota	pace_tua	id_quod_plerumque_accidit	Stage IVC	Grade cannot be assessed	scientiae_cedit_mare
diagnosis	CTDC-PARTICIPANT-582896	CTDC-DIAGNOSIS-181127	Adenocarcinoma of the gastroesophageal junction	Prostate Carcinoma	10066354	Plasma Cell Myeloma	2092003	haec_olim_meminisse_iuvabit	scientia_et_labor	Gallia_est_omnis_divisa_in_partes_tres	Stage IIIC	Well Differentiated	scientiae_et_patriae
diagnosis	CTDC-PARTICIPANT-213116	CTDC-DIAGNOSIS-602104	Ovarian epithelial cancer	Invasive Breast Carcinoma	10010029	Mucinous Adenocarcinoma	93655004	damnant_quod_non_intellegunt	barba_crescit_caput_nescit	Gallia_est_omnis_divisa_in_partes_tres	Stage IIIB	Moderately Differentiated	labor_ipse_voluptas
diagnosis	CTDC-PARTICIPANT-700912	CTDC-DIAGNOSIS-441769	Non-small cell lung cancer, NOS	Adenocarcinoma of the Gastroesophageal Junction	10033159	Rectal Adenoma	17788007	a_bene_placito	scientia_imperii_decus_et_tutamen	pace_tua	Stage IV	Poorly Differentiated	Obedientia_civium_urbis_felicitas
diagnosis	CTDC-PARTICIPANT-631370	CTDC-DIAGNOSIS-744127	Non-small cell lung cancer, NOS	Colorectal Carcinoma	10033159	Prostate Carcinoma	35917007	scientia,_aere_perennius	scientia_imperii_decus_et_tutamen	salus_in_arduis	Stage III	Well Differentiated	scientiae_et_patriae
diagnosis	CTDC-PARTICIPANT-155194	CTDC-DIAGNOSIS-931530	Fallopian tube carcinoma	Prostate Carcinoma	10006190	Small Cell Carcinoma	253000007	O_Tite_tute_Tati_tibi_tanta_tyranne_tulisti	labor_ipse_voluptas	pace_tua	Stage IIIA	Well Differentiated	scientia_et_sapientia
diagnosis	CTDC-PARTICIPANT-341031	CTDC-DIAGNOSIS-490145	Myeloma, NOS	Plasma Cell Myeloma	10053571	Colon Carcinoma	269533000	Obedientia_civium_urbis_felicitas	saltus_in_demonstrando	id_quod_plerumque_accidit	Stage IVA	Well Differentiated	scientiae_et_patriae
diagnosis	CTDC-PARTICIPANT-603503	CTDC-DIAGNOSIS-213971	Prostate cancer, NOS	Adenocarcinoma of the Gastroesophageal Junction	10029514	Lung Carcinoma	2142002	damnant_quod_non_intellegunt	pace_tua	Obedientia_civium_urbis_felicitas	Stage IIIB	Grade cannot be assessed	scientia_et_labor
diagnosis	CTDC-PARTICIPANT-177817	CTDC-DIAGNOSIS-537101	Small cell lung cancer	Invasive Breast Carcinoma	10010029	Rectal Carcinoma	55921005	e_causa_ignota	scientia_imperii_decus_et_tutamen	scientiae_et_patriae	Stage IIIA	Well Differentiated	e_causa_ignota
diagnosis	CTDC-PARTICIPANT-899013	CTDC-DIAGNOSIS-909001	Fallopian tube carcinoma	Adenocarcinoma of the Gastroesophageal Junction	10006190	Gastric Adenocarcinoma	448993007	salus_in_arduis	O_Tite_tute_Tati_tibi_tanta_tyranne_tulisti	scientiae_et_patriae	Stage III	Poorly Differentiated	nanos_gigantum_humeris_insidentes
diagnosis	CTDC-PARTICIPANT-959532	CTDC-DIAGNOSIS-669264	Gastric cancer, NOS	Adenocarcinoma of the Gastroesophageal Junction	10053571	Prostate Adenocarcinoma	254626006	a_bene_placito	e_causa_ignota	scientia_imperii_decus_et_tutamen	Stage IIIC	Moderately Differentiated	a_bene_placito
diagnosis	CTDC-PARTICIPANT-379481	CTDC-DIAGNOSIS-679985	Non-small cell lung cancer, NOS	Invasive Breast Carcinoma	10006190	Lung Carcinoma	70594002	a_bene_placito	pace_tua	O_Tite_tute_Tati_tibi_tanta_tyranne_tulisti	Stage IIIA	Undifferentiated grade	scientia_imperii_decus_et_tutamen
diagnosis	CTDC-PARTICIPANT-112719	CTDC-DIAGNOSIS-684842	Invasive breast carcinoma	Prostate Carcinoma	10000884	Colon Adenoma	408645001	imperium_in_imperio	damnant_quod_non_intellegunt	Gallia_est_omnis_divisa_in_partes_tres	Stage IIIB	Undifferentiated grade	scientia_imperii_decus_et_tutamen
diagnosis	CTDC-PARTICIPANT-855649	CTDC-DIAGNOSIS-472498	Prostate cancer, NOS	Acute Myeloid Leukemia Not Otherwise Specified	10006190	Neuroendocrine Carcinoma	2092003	imperium_in_imperio	salus_in_arduis	e_causa_ignota	Stage IIIA	Moderately Differentiated	O_Tite_tute_Tati_tibi_tanta_tyranne_tulisti
diagnosis	CTDC-PARTICIPANT-340189	CTDC-DIAGNOSIS-551210	Ovarian epithelial cancer	Ovarian Carcinoma	10006190	Esophageal Adenocarcinoma	402815007	cacatum_non_est_pictum	scientiae_cedit_mare	imperium_in_imperio	Stage IIIC	Poorly Differentiated	id_quod_plerumque_accidit
diagnosis	CTDC-PARTICIPANT-975541	CTDC-DIAGNOSIS-578127	Acute myeloid leukemia, NOS	Invasive Breast Carcinoma	10010029	Lung Adenocarcinoma	399068003	saltus_in_demonstrando	damnant_quod_non_intellegunt	scientiae_et_patriae	Stage IV	Moderately Differentiated	salus_in_arduis
