type	participant.participant_id	exposure_record_id	environmental_exposure_type	carcinogen_exposure	crdc_id
exposure	CTDC-PARTICIPANT-587927	CTDC-EXPOSURE-366196	Smokeless Tobacco Exposure	No	e_causa_ignota
exposure	CTDC-PARTICIPANT-146778	CTDC-EXPOSURE-412531	Tobacco Related Exposure	Yes	imperium_in_imperio
exposure	CTDC-PARTICIPANT-567611	CTDC-EXPOSURE-718859	Smokeless Tobacco Exposure	Yes	Macte_animo_Generose_puer_sic_itur_ad_astra
exposure	CTDC-PARTICIPANT-466738	CTDC-EXPOSURE-455796	Marijuana Smoke Exposure	No	e_causa_ignota
exposure	CTDC-PARTICIPANT-721019	CTDC-EXPOSURE-931428	Smokeless Tobacco Exposure	Unknown	a_bene_placito
exposure	CTDC-PARTICIPANT-103838	CTDC-EXPOSURE-778075	Asbestos Exposure	Yes	barba_crescit_caput_nescit
exposure	CTDC-PARTICIPANT-385607	CTDC-EXPOSURE-832399	Marijuana Smoke Exposure	Unknown	labor_ipse_voluptas
exposure	CTDC-PARTICIPANT-159239	CTDC-EXPOSURE-354667	Tobacco Related Exposure	Yes	pace_tua
exposure	CTDC-PARTICIPANT-170991	CTDC-EXPOSURE-749319	Smokeless Tobacco Exposure	Yes	faber_est_suae_quisque_fortunae
exposure	CTDC-PARTICIPANT-185695	CTDC-EXPOSURE-287888	Respirable Crystalline Silica Exposure	Yes	cacatum_non_est_pictum
exposure	CTDC-PARTICIPANT-298159	CTDC-EXPOSURE-159771	Marijuana Smoke Exposure	Yes	labor_ipse_voluptas
exposure	CTDC-PARTICIPANT-923443	CTDC-EXPOSURE-236472	Wood Dust Exposure	No	sapiens_qui_prospicit
exposure	CTDC-PARTICIPANT-850550	CTDC-EXPOSURE-714252	Radon Exposure	Unknown	O_Tite_tute_Tati_tibi_tanta_tyranne_tulisti
exposure	CTDC-PARTICIPANT-159859	CTDC-EXPOSURE-722606	Smokeless Tobacco Exposure	No	sapiens_qui_prospicit
exposure	CTDC-PARTICIPANT-250562	CTDC-EXPOSURE-224028	Smoke Exposure	No	scientia_imperii_decus_et_tutamen
exposure	CTDC-PARTICIPANT-341842	CTDC-EXPOSURE-946068	Wood Dust Exposure	Unknown	saltus_in_demonstrando
exposure	CTDC-PARTICIPANT-854074	CTDC-EXPOSURE-635811	Respirable Crystalline Silica Exposure	Unknown	sapiens_qui_prospicit
exposure	CTDC-PARTICIPANT-410124	CTDC-EXPOSURE-365017	Radon Exposure	Unknown	salus_in_arduis
exposure	CTDC-PARTICIPANT-664859	CTDC-EXPOSURE-142604	Chemical Exposure	No	scientia_imperii_decus_et_tutamen
exposure	CTDC-PARTICIPANT-311219	CTDC-EXPOSURE-318492	Respirable Crystalline Silica Exposure	Yes	imperium_in_imperio
exposure	CTDC-PARTICIPANT-743274	CTDC-EXPOSURE-545450	Chemical Exposure	Yes	scientiae_et_patriae
exposure	CTDC-PARTICIPANT-218542	CTDC-EXPOSURE-369731	Radiation Exposure	No	O_Tite_tute_Tati_tibi_tanta_tyranne_tulisti
exposure	CTDC-PARTICIPANT-584468	CTDC-EXPOSURE-189157	Radon Exposure	Yes	faber_est_suae_quisque_fortunae
exposure	CTDC-PARTICIPANT-721509	CTDC-EXPOSURE-884411	Wood Dust Exposure	Unknown	haec_olim_meminisse_iuvabit
exposure	CTDC-PARTICIPANT-249882	CTDC-EXPOSURE-289963	Chemical Exposure	Unknown	scientia_imperii_decus_et_tutamen
exposure	CTDC-PARTICIPANT-633772	CTDC-EXPOSURE-339831	Respirable Crystalline Silica Exposure	Unknown	nascentes_morimur_finisque_ab_origine_pendet
exposure	CTDC-PARTICIPANT-493890	CTDC-EXPOSURE-889527	Marijuana Smoke Exposure	Unknown	saltus_in_demonstrando
exposure	CTDC-PARTICIPANT-375377	CTDC-EXPOSURE-296556	Smoke Exposure	No	salus_in_arduis
exposure	CTDC-PARTICIPANT-246889	CTDC-EXPOSURE-441323	Asbestos Exposure	No	scientiae_cedit_mare
exposure	CTDC-PARTICIPANT-120617	CTDC-EXPOSURE-209553	Smoke Exposure	Unknown	labor_ipse_voluptas
exposure	CTDC-PARTICIPANT-610536	CTDC-EXPOSURE-309147	Chemical Exposure	No	nascentes_morimur_finisque_ab_origine_pendet
exposure	CTDC-PARTICIPANT-463199	CTDC-EXPOSURE-498873	Chemical Exposure	No	e_causa_ignota
exposure	CTDC-PARTICIPANT-189563	CTDC-EXPOSURE-957164	Tobacco Related Exposure	No	scientia,_aere_perennius
exposure	CTDC-PARTICIPANT-300548	CTDC-EXPOSURE-296728	Radon Exposure	No	scientiae_et_patriae
exposure	CTDC-PARTICIPANT-780320	CTDC-EXPOSURE-578464	Radiation Exposure	Yes	Obedientia_civium_urbis_felicitas
exposure	CTDC-PARTICIPANT-644940	CTDC-EXPOSURE-921297	Marijuana Smoke Exposure	Unknown	damnant_quod_non_intellegunt
exposure	CTDC-PARTICIPANT-375479	CTDC-EXPOSURE-136671	Chemical Exposure	No	haec_olim_meminisse_iuvabit
exposure	CTDC-PARTICIPANT-674055	CTDC-EXPOSURE-338441	Smokeless Tobacco Exposure	Yes	barba_crescit_caput_nescit
exposure	CTDC-PARTICIPANT-904775	CTDC-EXPOSURE-209954	Tobacco Related Exposure	No	scientia_et_sapientia
exposure	CTDC-PARTICIPANT-775455	CTDC-EXPOSURE-153088	Smoke Exposure	Unknown	faber_est_suae_quisque_fortunae
exposure	CTDC-PARTICIPANT-223297	CTDC-EXPOSURE-878197	Marijuana Smoke Exposure	Unknown	a_bene_placito
exposure	CTDC-PARTICIPANT-904152	CTDC-EXPOSURE-249396	Wood Dust Exposure	No	scientiae_cedit_mare
exposure	CTDC-PARTICIPANT-820769	CTDC-EXPOSURE-345056	Wood Dust Exposure	Unknown	labor_ipse_voluptas
exposure	CTDC-PARTICIPANT-100717	CTDC-EXPOSURE-936512	Radiation Exposure	No	barba_crescit_caput_nescit
exposure	CTDC-PARTICIPANT-530796	CTDC-EXPOSURE-571106	Marijuana Smoke Exposure	Unknown	Gallia_est_omnis_divisa_in_partes_tres
exposure	CTDC-PARTICIPANT-347705	CTDC-EXPOSURE-454841	Smokeless Tobacco Exposure	Unknown	scientia,_aere_perennius
exposure	CTDC-PARTICIPANT-211357	CTDC-EXPOSURE-908507	Smokeless Tobacco Exposure	No	haec_olim_meminisse_iuvabit
exposure	CTDC-PARTICIPANT-189490	CTDC-EXPOSURE-698633	Respirable Crystalline Silica Exposure	Yes	scientia_et_sapientia
exposure	CTDC-PARTICIPANT-564731	CTDC-EXPOSURE-240403	Smoke Exposure	Yes	scientiae_et_patriae
exposure	CTDC-PARTICIPANT-193514	CTDC-EXPOSURE-444603	Marijuana Smoke Exposure	No	e_causa_ignota
exposure	CTDC-PARTICIPANT-222593	CTDC-EXPOSURE-754258	Wood Dust Exposure	Unknown	Obedientia_civium_urbis_felicitas
exposure	CTDC-PARTICIPANT-351331	CTDC-EXPOSURE-683370	Respirable Crystalline Silica Exposure	Yes	haec_olim_meminisse_iuvabit
exposure	CTDC-PARTICIPANT-421805	CTDC-EXPOSURE-195291	Asbestos Exposure	Yes	scientia,_aere_perennius
exposure	CTDC-PARTICIPANT-361329	CTDC-EXPOSURE-657493	Wood Dust Exposure	Unknown	a_bene_placito
exposure	CTDC-PARTICIPANT-746900	CTDC-EXPOSURE-814120	Chemical Exposure	Yes	saltus_in_demonstrando
exposure	CTDC-PARTICIPANT-732378	CTDC-EXPOSURE-709424	Radiation Exposure	Yes	id_quod_plerumque_accidit
exposure	CTDC-PARTICIPANT-531870	CTDC-EXPOSURE-718452	Tobacco Related Exposure	No	scientia,_aere_perennius
exposure	CTDC-PARTICIPANT-481101	CTDC-EXPOSURE-661230	Asbestos Exposure	Yes	Gallia_est_omnis_divisa_in_partes_tres
exposure	CTDC-PARTICIPANT-297700	CTDC-EXPOSURE-928197	Tobacco Related Exposure	Unknown	sapiens_qui_prospicit
exposure	CTDC-PARTICIPANT-497492	CTDC-EXPOSURE-210225	Radiation Exposure	No	scientiae_cedit_mare
exposure	CTDC-PARTICIPANT-269881	CTDC-EXPOSURE-759149	Radon Exposure	No	id_quod_plerumque_accidit
exposure	CTDC-PARTICIPANT-723308	CTDC-EXPOSURE-505304	Radon Exposure	Yes	barba_crescit_caput_nescit
exposure	CTDC-PARTICIPANT-424640	CTDC-EXPOSURE-357983	Chemical Exposure	Yes	haec_olim_meminisse_iuvabit
exposure	CTDC-PARTICIPANT-979936	CTDC-EXPOSURE-144172	Tobacco Related Exposure	Yes	cacatum_non_est_pictum
exposure	CTDC-PARTICIPANT-430785	CTDC-EXPOSURE-107620	Tobacco Related Exposure	Unknown	Macte_animo_Generose_puer_sic_itur_ad_astra
exposure	CTDC-PARTICIPANT-187182	CTDC-EXPOSURE-114121	Asbestos Exposure	Unknown	scientiae_et_patriae
exposure	CTDC-PARTICIPANT-775195	CTDC-EXPOSURE-716615	Smoke Exposure	Unknown	scientia_imperii_decus_et_tutamen
exposure	CTDC-PARTICIPANT-218434	CTDC-EXPOSURE-852395	Radiation Exposure	Yes	salus_in_arduis
exposure	CTDC-PARTICIPANT-466545	CTDC-EXPOSURE-259232	Tobacco Related Exposure	Yes	nanos_gigantum_humeris_insidentes
exposure	CTDC-PARTICIPANT-104195	CTDC-EXPOSURE-772070	Marijuana Smoke Exposure	No	damnant_quod_non_intellegunt
exposure	CTDC-PARTICIPANT-771057	CTDC-EXPOSURE-131766	Respirable Crystalline Silica Exposure	Yes	scientia_et_sapientia
exposure	CTDC-PARTICIPANT-638471	CTDC-EXPOSURE-604712	Smoke Exposure	Unknown	haec_olim_meminisse_iuvabit
exposure	CTDC-PARTICIPANT-326543	CTDC-EXPOSURE-828290	Respirable Crystalline Silica Exposure	Yes	saltus_in_demonstrando
exposure	CTDC-PARTICIPANT-740425	CTDC-EXPOSURE-241081	Smoke Exposure	Yes	Obedientia_civium_urbis_felicitas
exposure	CTDC-PARTICIPANT-417314	CTDC-EXPOSURE-713038	Marijuana Smoke Exposure	Unknown	scientia_et_labor
exposure	CTDC-PARTICIPANT-286905	CTDC-EXPOSURE-524154	Radon Exposure	No	Macte_animo_Generose_puer_sic_itur_ad_astra
exposure	CTDC-PARTICIPANT-572079	CTDC-EXPOSURE-306273	Tobacco Related Exposure	Unknown	a_bene_placito
exposure	CTDC-PARTICIPANT-808455	CTDC-EXPOSURE-307024	Chemical Exposure	No	imperium_in_imperio
exposure	CTDC-PARTICIPANT-557622	CTDC-EXPOSURE-501440	Wood Dust Exposure	Yes	cacatum_non_est_pictum
exposure	CTDC-PARTICIPANT-143098	CTDC-EXPOSURE-592260	Radon Exposure	No	scientia_et_labor
exposure	CTDC-PARTICIPANT-134668	CTDC-EXPOSURE-346198	Smokeless Tobacco Exposure	No	Macte_animo_Generose_puer_sic_itur_ad_astra
exposure	CTDC-PARTICIPANT-249904	CTDC-EXPOSURE-676539	Wood Dust Exposure	Unknown	salus_in_arduis
exposure	CTDC-PARTICIPANT-561546	CTDC-EXPOSURE-577837	Smoke Exposure	No	scientiae_cedit_mare
exposure	CTDC-PARTICIPANT-995178	CTDC-EXPOSURE-743199	Radiation Exposure	No	nascentes_morimur_finisque_ab_origine_pendet
exposure	CTDC-PARTICIPANT-397286	CTDC-EXPOSURE-120756	Chemical Exposure	No	scientia_imperii_decus_et_tutamen
exposure	CTDC-PARTICIPANT-982678	CTDC-EXPOSURE-300932	Asbestos Exposure	No	faber_est_suae_quisque_fortunae
exposure	CTDC-PARTICIPANT-486285	CTDC-EXPOSURE-984952	Chemical Exposure	No	scientia,_aere_perennius
exposure	CTDC-PARTICIPANT-760221	CTDC-EXPOSURE-475361	Respirable Crystalline Silica Exposure	Unknown	scientiae_cedit_mare
exposure	CTDC-PARTICIPANT-605724	CTDC-EXPOSURE-127366	Marijuana Smoke Exposure	No	e_causa_ignota
exposure	CTDC-PARTICIPANT-133395	CTDC-EXPOSURE-222303	Radiation Exposure	Unknown	e_causa_ignota
exposure	CTDC-PARTICIPANT-715881	CTDC-EXPOSURE-728228	Marijuana Smoke Exposure	Yes	imperium_in_imperio
exposure	CTDC-PARTICIPANT-162973	CTDC-EXPOSURE-804047	Tobacco Related Exposure	No	scientiae_cedit_mare
exposure	CTDC-PARTICIPANT-147499	CTDC-EXPOSURE-263403	Radon Exposure	No	barba_crescit_caput_nescit
exposure	CTDC-PARTICIPANT-488764	CTDC-EXPOSURE-422336	Smokeless Tobacco Exposure	Unknown	sapiens_qui_prospicit
exposure	CTDC-PARTICIPANT-440554	CTDC-EXPOSURE-242297	Marijuana Smoke Exposure	No	pace_tua
exposure	CTDC-PARTICIPANT-955724	CTDC-EXPOSURE-594070	Radiation Exposure	Yes	salus_in_arduis
exposure	CTDC-PARTICIPANT-720714	CTDC-EXPOSURE-750566	Asbestos Exposure	Yes	salus_in_arduis
exposure	CTDC-PARTICIPANT-768215	CTDC-EXPOSURE-633277	Respirable Crystalline Silica Exposure	Yes	scientia,_aere_perennius
exposure	CTDC-PARTICIPANT-751705	CTDC-EXPOSURE-806619	Smokeless Tobacco Exposure	Yes	nanos_gigantum_humeris_insidentes
exposure	CTDC-PARTICIPANT-617152	CTDC-EXPOSURE-562684	Chemical Exposure	Unknown	a_bene_placito
exposure	CTDC-PARTICIPANT-673936	CTDC-EXPOSURE-755311	Smokeless Tobacco Exposure	Unknown	scientia,_aere_perennius
exposure	CTDC-PARTICIPANT-638049	CTDC-EXPOSURE-445048	Chemical Exposure	Yes	sapiens_qui_prospicit
exposure	CTDC-PARTICIPANT-243483	CTDC-EXPOSURE-283060	Smokeless Tobacco Exposure	No	sapiens_qui_prospicit
exposure	CTDC-PARTICIPANT-229353	CTDC-EXPOSURE-158285	Radon Exposure	Unknown	id_quod_plerumque_accidit
exposure	CTDC-PARTICIPANT-762989	CTDC-EXPOSURE-472898	Wood Dust Exposure	Yes	sapiens_qui_prospicit
exposure	CTDC-PARTICIPANT-131155	CTDC-EXPOSURE-350315	Smoke Exposure	No	Macte_animo_Generose_puer_sic_itur_ad_astra
exposure	CTDC-PARTICIPANT-523004	CTDC-EXPOSURE-456501	Smoke Exposure	No	scientia_et_labor
exposure	CTDC-PARTICIPANT-750106	CTDC-EXPOSURE-124892	Radiation Exposure	No	scientia_imperii_decus_et_tutamen
exposure	CTDC-PARTICIPANT-967360	CTDC-EXPOSURE-697839	Tobacco Related Exposure	Unknown	cacatum_non_est_pictum
exposure	CTDC-PARTICIPANT-819569	CTDC-EXPOSURE-725618	Smokeless Tobacco Exposure	No	Obedientia_civium_urbis_felicitas
exposure	CTDC-PARTICIPANT-966776	CTDC-EXPOSURE-932028	Respirable Crystalline Silica Exposure	Yes	sapiens_qui_prospicit
exposure	CTDC-PARTICIPANT-459398	CTDC-EXPOSURE-271872	Marijuana Smoke Exposure	Yes	faber_est_suae_quisque_fortunae
exposure	CTDC-PARTICIPANT-899637	CTDC-EXPOSURE-723023	Radiation Exposure	Yes	scientiae_et_patriae
exposure	CTDC-PARTICIPANT-439845	CTDC-EXPOSURE-273115	Smoke Exposure	Unknown	Gallia_est_omnis_divisa_in_partes_tres
exposure	CTDC-PARTICIPANT-363603	CTDC-EXPOSURE-874285	Radiation Exposure	No	sapiens_qui_prospicit
exposure	CTDC-PARTICIPANT-853905	CTDC-EXPOSURE-422167	Smoke Exposure	Yes	pace_tua
exposure	CTDC-PARTICIPANT-425883	CTDC-EXPOSURE-634725	Wood Dust Exposure	No	scientia_et_labor
exposure	CTDC-PARTICIPANT-942393	CTDC-EXPOSURE-452379	Chemical Exposure	No	saltus_in_demonstrando
exposure	CTDC-PARTICIPANT-183144	CTDC-EXPOSURE-168079	Asbestos Exposure	No	scientiae_et_patriae
exposure	CTDC-PARTICIPANT-991837	CTDC-EXPOSURE-138820	Respirable Crystalline Silica Exposure	Yes	pace_tua
exposure	CTDC-PARTICIPANT-282457	CTDC-EXPOSURE-815673	Radiation Exposure	Unknown	O_Tite_tute_Tati_tibi_tanta_tyranne_tulisti
exposure	CTDC-PARTICIPANT-664855	CTDC-EXPOSURE-814427	Radon Exposure	Unknown	faber_est_suae_quisque_fortunae
exposure	CTDC-PARTICIPANT-215570	CTDC-EXPOSURE-503389	Smokeless Tobacco Exposure	Yes	Gallia_est_omnis_divisa_in_partes_tres
exposure	CTDC-PARTICIPANT-621186	CTDC-EXPOSURE-891208	Radon Exposure	Yes	id_quod_plerumque_accidit
exposure	CTDC-PARTICIPANT-846132	CTDC-EXPOSURE-313754	Smokeless Tobacco Exposure	Unknown	sapiens_qui_prospicit
exposure	CTDC-PARTICIPANT-971098	CTDC-EXPOSURE-836038	Chemical Exposure	No	barba_crescit_caput_nescit
exposure	CTDC-PARTICIPANT-882220	CTDC-EXPOSURE-829991	Chemical Exposure	Yes	Gallia_est_omnis_divisa_in_partes_tres
exposure	CTDC-PARTICIPANT-761601	CTDC-EXPOSURE-255648	Respirable Crystalline Silica Exposure	Unknown	faber_est_suae_quisque_fortunae
exposure	CTDC-PARTICIPANT-867655	CTDC-EXPOSURE-482530	Asbestos Exposure	Yes	scientia_imperii_decus_et_tutamen
exposure	CTDC-PARTICIPANT-991131	CTDC-EXPOSURE-792493	Asbestos Exposure	No	Gallia_est_omnis_divisa_in_partes_tres
exposure	CTDC-PARTICIPANT-722790	CTDC-EXPOSURE-688110	Radon Exposure	Yes	scientiae_et_patriae
exposure	CTDC-PARTICIPANT-716159	CTDC-EXPOSURE-239660	Tobacco Related Exposure	Yes	sapiens_qui_prospicit
exposure	CTDC-PARTICIPANT-529222	CTDC-EXPOSURE-759576	Asbestos Exposure	Yes	labor_ipse_voluptas
exposure	CTDC-PARTICIPANT-860466	CTDC-EXPOSURE-965934	Asbestos Exposure	Unknown	a_bene_placito
exposure	CTDC-PARTICIPANT-945183	CTDC-EXPOSURE-771778	Radon Exposure	Unknown	scientia_imperii_decus_et_tutamen
exposure	CTDC-PARTICIPANT-784294	CTDC-EXPOSURE-567348	Marijuana Smoke Exposure	Yes	scientia_imperii_decus_et_tutamen
exposure	CTDC-PARTICIPANT-873945	CTDC-EXPOSURE-445721	Tobacco Related Exposure	Unknown	e_causa_ignota
exposure	CTDC-PARTICIPANT-900284	CTDC-EXPOSURE-784301	Respirable Crystalline Silica Exposure	Unknown	scientiae_et_patriae
exposure	CTDC-PARTICIPANT-417580	CTDC-EXPOSURE-216358	Asbestos Exposure	Unknown	scientiae_et_patriae
exposure	CTDC-PARTICIPANT-641895	CTDC-EXPOSURE-912493	Respirable Crystalline Silica Exposure	Unknown	salus_in_arduis
exposure	CTDC-PARTICIPANT-256364	CTDC-EXPOSURE-754423	Chemical Exposure	Unknown	saltus_in_demonstrando
exposure	CTDC-PARTICIPANT-762135	CTDC-EXPOSURE-735351	Smoke Exposure	Yes	imperium_in_imperio
exposure	CTDC-PARTICIPANT-817239	CTDC-EXPOSURE-925281	Wood Dust Exposure	Unknown	O_Tite_tute_Tati_tibi_tanta_tyranne_tulisti
exposure	CTDC-PARTICIPANT-488489	CTDC-EXPOSURE-308573	Respirable Crystalline Silica Exposure	Yes	faber_est_suae_quisque_fortunae
exposure	CTDC-PARTICIPANT-131013	CTDC-EXPOSURE-465199	Chemical Exposure	Yes	saltus_in_demonstrando
exposure	CTDC-PARTICIPANT-794348	CTDC-EXPOSURE-240253	Chemical Exposure	No	barba_crescit_caput_nescit
exposure	CTDC-PARTICIPANT-202704	CTDC-EXPOSURE-487252	Radon Exposure	Yes	labor_ipse_voluptas
exposure	CTDC-PARTICIPANT-428430	CTDC-EXPOSURE-788536	Radiation Exposure	Unknown	imperium_in_imperio
exposure	CTDC-PARTICIPANT-860626	CTDC-EXPOSURE-196925	Radon Exposure	No	haec_olim_meminisse_iuvabit
exposure	CTDC-PARTICIPANT-481077	CTDC-EXPOSURE-578703	Smokeless Tobacco Exposure	Unknown	scientiae_cedit_mare
exposure	CTDC-PARTICIPANT-481077	CTDC-EXPOSURE-337706	Smokeless Tobacco Exposure	Yes	Macte_animo_Generose_puer_sic_itur_ad_astra
exposure	CTDC-PARTICIPANT-481077	CTDC-EXPOSURE-383871	Smoke Exposure	No	pace_tua
exposure	CTDC-PARTICIPANT-481077	CTDC-EXPOSURE-270753	Wood Dust Exposure	Yes	e_causa_ignota
exposure	CTDC-PARTICIPANT-481077	CTDC-EXPOSURE-195367	Marijuana Smoke Exposure	Yes	barba_crescit_caput_nescit
exposure	CTDC-PARTICIPANT-481077	CTDC-EXPOSURE-950011	Tobacco Related Exposure	Yes	salus_in_arduis
exposure	CTDC-PARTICIPANT-481077	CTDC-EXPOSURE-314056	Respirable Crystalline Silica Exposure	No	cacatum_non_est_pictum
exposure	CTDC-PARTICIPANT-481077	CTDC-EXPOSURE-492980	Radiation Exposure	No	saltus_in_demonstrando
exposure	CTDC-PARTICIPANT-481077	CTDC-EXPOSURE-235882	Tobacco Related Exposure	No	Macte_animo_Generose_puer_sic_itur_ad_astra
exposure	CTDC-PARTICIPANT-481077	CTDC-EXPOSURE-435769	Smoke Exposure	Unknown	faber_est_suae_quisque_fortunae
exposure	CTDC-PARTICIPANT-481077	CTDC-EXPOSURE-330612	Respirable Crystalline Silica Exposure	Unknown	scientia_imperii_decus_et_tutamen
exposure	CTDC-PARTICIPANT-481077	CTDC-EXPOSURE-420271	Radiation Exposure	No	sapiens_qui_prospicit
exposure	CTDC-PARTICIPANT-481077	CTDC-EXPOSURE-825899	Wood Dust Exposure	Unknown	scientia_et_sapientia
exposure	CTDC-PARTICIPANT-481077	CTDC-EXPOSURE-895240	Radiation Exposure	Unknown	Gallia_est_omnis_divisa_in_partes_tres
exposure	CTDC-PARTICIPANT-481077	CTDC-EXPOSURE-598274	Radon Exposure	Yes	id_quod_plerumque_accidit
exposure	CTDC-PARTICIPANT-481077	CTDC-EXPOSURE-641876	Wood Dust Exposure	No	sapiens_qui_prospicit
exposure	CTDC-PARTICIPANT-481077	CTDC-EXPOSURE-259327	Tobacco Related Exposure	No	haec_olim_meminisse_iuvabit
exposure	CTDC-PARTICIPANT-481077	CTDC-EXPOSURE-960672	Chemical Exposure	Yes	faber_est_suae_quisque_fortunae
exposure	CTDC-PARTICIPANT-481077	CTDC-EXPOSURE-753519	Asbestos Exposure	No	haec_olim_meminisse_iuvabit
exposure	CTDC-PARTICIPANT-481077	CTDC-EXPOSURE-308297	Smokeless Tobacco Exposure	No	a_bene_placito
exposure	CTDC-PARTICIPANT-481077	CTDC-EXPOSURE-369637	Radon Exposure	Yes	O_Tite_tute_Tati_tibi_tanta_tyranne_tulisti
exposure	CTDC-PARTICIPANT-481077	CTDC-EXPOSURE-303971	Tobacco Related Exposure	Yes	e_causa_ignota
exposure	CTDC-PARTICIPANT-481077	CTDC-EXPOSURE-739014	Tobacco Related Exposure	No	labor_ipse_voluptas
exposure	CTDC-PARTICIPANT-481077	CTDC-EXPOSURE-985647	Wood Dust Exposure	Unknown	scientiae_cedit_mare
exposure	CTDC-PARTICIPANT-481077	CTDC-EXPOSURE-237615	Chemical Exposure	Unknown	pace_tua
exposure	CTDC-PARTICIPANT-481077	CTDC-EXPOSURE-979105	Wood Dust Exposure	Unknown	haec_olim_meminisse_iuvabit
exposure	CTDC-PARTICIPANT-481077	CTDC-EXPOSURE-272598	Smoke Exposure	Unknown	e_causa_ignota
exposure	CTDC-PARTICIPANT-481077	CTDC-EXPOSURE-603300	Radiation Exposure	Yes	nascentes_morimur_finisque_ab_origine_pendet
exposure	CTDC-PARTICIPANT-481077	CTDC-EXPOSURE-325827	Respirable Crystalline Silica Exposure	No	barba_crescit_caput_nescit
exposure	CTDC-PARTICIPANT-481077	CTDC-EXPOSURE-163824	Marijuana Smoke Exposure	Yes	nanos_gigantum_humeris_insidentes
exposure	CTDC-PARTICIPANT-481077	CTDC-EXPOSURE-992983	Chemical Exposure	No	faber_est_suae_quisque_fortunae
exposure	CTDC-PARTICIPANT-481077	CTDC-EXPOSURE-324334	Radon Exposure	No	Macte_animo_Generose_puer_sic_itur_ad_astra
exposure	CTDC-PARTICIPANT-481077	CTDC-EXPOSURE-536658	Smoke Exposure	Yes	nanos_gigantum_humeris_insidentes
exposure	CTDC-PARTICIPANT-481077	CTDC-EXPOSURE-504457	Radon Exposure	Unknown	damnant_quod_non_intellegunt
exposure	CTDC-PARTICIPANT-481077	CTDC-EXPOSURE-956461	Chemical Exposure	Unknown	Macte_animo_Generose_puer_sic_itur_ad_astra
exposure	CTDC-PARTICIPANT-481077	CTDC-EXPOSURE-502402	Smoke Exposure	Yes	O_Tite_tute_Tati_tibi_tanta_tyranne_tulisti
exposure	CTDC-PARTICIPANT-481077	CTDC-EXPOSURE-957294	Smokeless Tobacco Exposure	No	Gallia_est_omnis_divisa_in_partes_tres
exposure	CTDC-PARTICIPANT-481077	CTDC-EXPOSURE-714617	Smokeless Tobacco Exposure	Yes	O_Tite_tute_Tati_tibi_tanta_tyranne_tulisti
exposure	CTDC-PARTICIPANT-481077	CTDC-EXPOSURE-604496	Smokeless Tobacco Exposure	Yes	scientia,_aere_perennius
exposure	CTDC-PARTICIPANT-481077	CTDC-EXPOSURE-215343	Radiation Exposure	Unknown	damnant_quod_non_intellegunt
exposure	CTDC-PARTICIPANT-481077	CTDC-EXPOSURE-150281	Smoke Exposure	No	haec_olim_meminisse_iuvabit
exposure	CTDC-PARTICIPANT-481077	CTDC-EXPOSURE-341868	Radiation Exposure	Unknown	nascentes_morimur_finisque_ab_origine_pendet
exposure	CTDC-PARTICIPANT-481077	CTDC-EXPOSURE-707342	Asbestos Exposure	Yes	id_quod_plerumque_accidit
exposure	CTDC-PARTICIPANT-481077	CTDC-EXPOSURE-636507	Smokeless Tobacco Exposure	No	Obedientia_civium_urbis_felicitas
exposure	CTDC-PARTICIPANT-481077	CTDC-EXPOSURE-115282	Chemical Exposure	No	id_quod_plerumque_accidit
exposure	CTDC-PARTICIPANT-481077	CTDC-EXPOSURE-808339	Smokeless Tobacco Exposure	Yes	cacatum_non_est_pictum
exposure	CTDC-PARTICIPANT-481077	CTDC-EXPOSURE-157332	Chemical Exposure	Yes	pace_tua
exposure	CTDC-PARTICIPANT-481077	CTDC-EXPOSURE-227312	Radon Exposure	Unknown	imperium_in_imperio
exposure	CTDC-PARTICIPANT-481077	CTDC-EXPOSURE-836800	Smokeless Tobacco Exposure	No	haec_olim_meminisse_iuvabit
exposure	CTDC-PARTICIPANT-481077	CTDC-EXPOSURE-193050	Wood Dust Exposure	Unknown	salus_in_arduis
exposure	CTDC-PARTICIPANT-481077	CTDC-EXPOSURE-584827	Asbestos Exposure	No	Obedientia_civium_urbis_felicitas
