type	participant.participant_id	exposure_record_id	environmental_exposure_type	carcinogen_exposure	crdc_id
exposure	CTDC-PARTICIPANT-940697	CTDC-EXPOSURE-281396	Tobacco Related Exposure	Yes	haec_olim_meminisse_iuvabit
exposure	CTDC-PARTICIPANT-295588	CTDC-EXPOSURE-281353	Marijuana Smoke Exposure	Unknown	O_Tite_tute_Tati_tibi_tanta_tyranne_tulisti
exposure	CTDC-PARTICIPANT-950265	CTDC-EXPOSURE-680428	Radon Exposure	No	e_causa_ignota
exposure	CTDC-PARTICIPANT-831328	CTDC-EXPOSURE-414302	Chemical Exposure	Yes	labor_ipse_voluptas
exposure	CTDC-PARTICIPANT-719227	CTDC-EXPOSURE-731662	Respirable Crystalline Silica Exposure	Yes	nanos_gigantum_humeris_insidentes
exposure	CTDC-PARTICIPANT-528022	CTDC-EXPOSURE-210894	Asbestos Exposure	Yes	scientiae_cedit_mare
exposure	CTDC-PARTICIPANT-100099	CTDC-EXPOSURE-963330	Asbestos Exposure	No	Obedientia_civium_urbis_felicitas
exposure	CTDC-PARTICIPANT-855147	CTDC-EXPOSURE-575296	Asbestos Exposure	Unknown	Macte_animo_Generose_puer_sic_itur_ad_astra
exposure	CTDC-PARTICIPANT-628469	CTDC-EXPOSURE-902458	Marijuana Smoke Exposure	No	sapiens_qui_prospicit
exposure	CTDC-PARTICIPANT-635909	CTDC-EXPOSURE-259826	Smokeless Tobacco Exposure	Unknown	Obedientia_civium_urbis_felicitas
exposure	CTDC-PARTICIPANT-735210	CTDC-EXPOSURE-167245	Chemical Exposure	Unknown	nanos_gigantum_humeris_insidentes
exposure	CTDC-PARTICIPANT-716246	CTDC-EXPOSURE-838758	Asbestos Exposure	Unknown	sapiens_qui_prospicit
exposure	CTDC-PARTICIPANT-702973	CTDC-EXPOSURE-212692	Tobacco Related Exposure	Yes	damnant_quod_non_intellegunt
exposure	CTDC-PARTICIPANT-808487	CTDC-EXPOSURE-688140	Chemical Exposure	Unknown	Obedientia_civium_urbis_felicitas
exposure	CTDC-PARTICIPANT-131113	CTDC-EXPOSURE-640800	Chemical Exposure	No	damnant_quod_non_intellegunt
exposure	CTDC-PARTICIPANT-186856	CTDC-EXPOSURE-720653	Marijuana Smoke Exposure	No	Macte_animo_Generose_puer_sic_itur_ad_astra
exposure	CTDC-PARTICIPANT-178070	CTDC-EXPOSURE-449136	Wood Dust Exposure	Yes	cacatum_non_est_pictum
exposure	CTDC-PARTICIPANT-632761	CTDC-EXPOSURE-572329	Chemical Exposure	Unknown	scientia_imperii_decus_et_tutamen
exposure	CTDC-PARTICIPANT-148295	CTDC-EXPOSURE-751452	Marijuana Smoke Exposure	No	saltus_in_demonstrando
exposure	CTDC-PARTICIPANT-210035	CTDC-EXPOSURE-666892	Smoke Exposure	Unknown	scientiae_et_patriae
exposure	CTDC-PARTICIPANT-314035	CTDC-EXPOSURE-849069	Radon Exposure	No	cacatum_non_est_pictum
exposure	CTDC-PARTICIPANT-959772	CTDC-EXPOSURE-508268	Marijuana Smoke Exposure	Yes	Macte_animo_Generose_puer_sic_itur_ad_astra
exposure	CTDC-PARTICIPANT-531425	CTDC-EXPOSURE-712958	Smoke Exposure	Yes	scientia,_aere_perennius
exposure	CTDC-PARTICIPANT-801713	CTDC-EXPOSURE-474038	Asbestos Exposure	No	scientia_et_labor
exposure	CTDC-PARTICIPANT-515074	CTDC-EXPOSURE-214653	Wood Dust Exposure	No	imperium_in_imperio
exposure	CTDC-PARTICIPANT-720549	CTDC-EXPOSURE-923302	Smoke Exposure	No	damnant_quod_non_intellegunt
exposure	CTDC-PARTICIPANT-293581	CTDC-EXPOSURE-825481	Radon Exposure	Yes	nanos_gigantum_humeris_insidentes
exposure	CTDC-PARTICIPANT-746931	CTDC-EXPOSURE-661882	Radon Exposure	Yes	scientia_et_labor
exposure	CTDC-PARTICIPANT-920877	CTDC-EXPOSURE-658114	Respirable Crystalline Silica Exposure	No	e_causa_ignota
exposure	CTDC-PARTICIPANT-775344	CTDC-EXPOSURE-375525	Radiation Exposure	Yes	Obedientia_civium_urbis_felicitas
exposure	CTDC-PARTICIPANT-192505	CTDC-EXPOSURE-633728	Smoke Exposure	No	scientiae_et_patriae
exposure	CTDC-PARTICIPANT-908756	CTDC-EXPOSURE-401197	Smokeless Tobacco Exposure	Unknown	imperium_in_imperio
exposure	CTDC-PARTICIPANT-464092	CTDC-EXPOSURE-547002	Radon Exposure	Yes	nanos_gigantum_humeris_insidentes
exposure	CTDC-PARTICIPANT-811159	CTDC-EXPOSURE-754864	Radiation Exposure	No	saltus_in_demonstrando
exposure	CTDC-PARTICIPANT-398389	CTDC-EXPOSURE-987492	Radon Exposure	No	scientia,_aere_perennius
exposure	CTDC-PARTICIPANT-848512	CTDC-EXPOSURE-657204	Asbestos Exposure	No	scientia_et_labor
exposure	CTDC-PARTICIPANT-599371	CTDC-EXPOSURE-887351	Tobacco Related Exposure	Unknown	haec_olim_meminisse_iuvabit
exposure	CTDC-PARTICIPANT-855609	CTDC-EXPOSURE-496811	Radiation Exposure	Yes	scientia,_aere_perennius
exposure	CTDC-PARTICIPANT-879618	CTDC-EXPOSURE-448741	Marijuana Smoke Exposure	Unknown	scientia_et_sapientia
exposure	CTDC-PARTICIPANT-683664	CTDC-EXPOSURE-642072	Asbestos Exposure	Unknown	scientia,_aere_perennius
exposure	CTDC-PARTICIPANT-772356	CTDC-EXPOSURE-781043	Radon Exposure	Yes	Gallia_est_omnis_divisa_in_partes_tres
exposure	CTDC-PARTICIPANT-641762	CTDC-EXPOSURE-424956	Wood Dust Exposure	Yes	salus_in_arduis
exposure	CTDC-PARTICIPANT-357366	CTDC-EXPOSURE-765721	Chemical Exposure	Yes	sapiens_qui_prospicit
exposure	CTDC-PARTICIPANT-395458	CTDC-EXPOSURE-972103	Radiation Exposure	Unknown	scientiae_et_patriae
exposure	CTDC-PARTICIPANT-237017	CTDC-EXPOSURE-792358	Smokeless Tobacco Exposure	Unknown	scientia_et_sapientia
exposure	CTDC-PARTICIPANT-423015	CTDC-EXPOSURE-394640	Marijuana Smoke Exposure	No	barba_crescit_caput_nescit
exposure	CTDC-PARTICIPANT-622116	CTDC-EXPOSURE-272160	Marijuana Smoke Exposure	Yes	barba_crescit_caput_nescit
exposure	CTDC-PARTICIPANT-854884	CTDC-EXPOSURE-540302	Smoke Exposure	Yes	damnant_quod_non_intellegunt
exposure	CTDC-PARTICIPANT-593514	CTDC-EXPOSURE-359603	Chemical Exposure	Unknown	Gallia_est_omnis_divisa_in_partes_tres
exposure	CTDC-PARTICIPANT-456506	CTDC-EXPOSURE-463667	Respirable Crystalline Silica Exposure	Yes	barba_crescit_caput_nescit
exposure	CTDC-PARTICIPANT-311363	CTDC-EXPOSURE-441174	Radiation Exposure	Yes	faber_est_suae_quisque_fortunae
exposure	CTDC-PARTICIPANT-299574	CTDC-EXPOSURE-238684	Tobacco Related Exposure	No	e_causa_ignota
exposure	CTDC-PARTICIPANT-864568	CTDC-EXPOSURE-859233	Smokeless Tobacco Exposure	Yes	scientia_et_labor
exposure	CTDC-PARTICIPANT-969646	CTDC-EXPOSURE-699215	Tobacco Related Exposure	No	Macte_animo_Generose_puer_sic_itur_ad_astra
exposure	CTDC-PARTICIPANT-824899	CTDC-EXPOSURE-689165	Radon Exposure	No	scientia_et_labor
exposure	CTDC-PARTICIPANT-624334	CTDC-EXPOSURE-764281	Marijuana Smoke Exposure	Yes	cacatum_non_est_pictum
exposure	CTDC-PARTICIPANT-907836	CTDC-EXPOSURE-325917	Respirable Crystalline Silica Exposure	Yes	Obedientia_civium_urbis_felicitas
exposure	CTDC-PARTICIPANT-380189	CTDC-EXPOSURE-867618	Respirable Crystalline Silica Exposure	Yes	id_quod_plerumque_accidit
exposure	CTDC-PARTICIPANT-255931	CTDC-EXPOSURE-648224	Respirable Crystalline Silica Exposure	No	sapiens_qui_prospicit
exposure	CTDC-PARTICIPANT-713074	CTDC-EXPOSURE-325242	Respirable Crystalline Silica Exposure	Yes	sapiens_qui_prospicit
exposure	CTDC-PARTICIPANT-592777	CTDC-EXPOSURE-468639	Respirable Crystalline Silica Exposure	No	saltus_in_demonstrando
exposure	CTDC-PARTICIPANT-759167	CTDC-EXPOSURE-982729	Wood Dust Exposure	Unknown	faber_est_suae_quisque_fortunae
exposure	CTDC-PARTICIPANT-162429	CTDC-EXPOSURE-255133	Wood Dust Exposure	No	barba_crescit_caput_nescit
exposure	CTDC-PARTICIPANT-624958	CTDC-EXPOSURE-613425	Chemical Exposure	No	scientiae_cedit_mare
exposure	CTDC-PARTICIPANT-445241	CTDC-EXPOSURE-707808	Asbestos Exposure	Yes	scientia_et_sapientia
exposure	CTDC-PARTICIPANT-226801	CTDC-EXPOSURE-425486	Chemical Exposure	No	saltus_in_demonstrando
exposure	CTDC-PARTICIPANT-800101	CTDC-EXPOSURE-131129	Smoke Exposure	Unknown	haec_olim_meminisse_iuvabit
exposure	CTDC-PARTICIPANT-489962	CTDC-EXPOSURE-229853	Tobacco Related Exposure	No	id_quod_plerumque_accidit
exposure	CTDC-PARTICIPANT-617402	CTDC-EXPOSURE-823026	Radon Exposure	No	nanos_gigantum_humeris_insidentes
exposure	CTDC-PARTICIPANT-934170	CTDC-EXPOSURE-326490	Asbestos Exposure	Unknown	Obedientia_civium_urbis_felicitas
exposure	CTDC-PARTICIPANT-930739	CTDC-EXPOSURE-691016	Asbestos Exposure	Yes	imperium_in_imperio
exposure	CTDC-PARTICIPANT-785668	CTDC-EXPOSURE-637323	Asbestos Exposure	Unknown	O_Tite_tute_Tati_tibi_tanta_tyranne_tulisti
exposure	CTDC-PARTICIPANT-400918	CTDC-EXPOSURE-570925	Chemical Exposure	Yes	labor_ipse_voluptas
exposure	CTDC-PARTICIPANT-531009	CTDC-EXPOSURE-751131	Respirable Crystalline Silica Exposure	Unknown	damnant_quod_non_intellegunt
exposure	CTDC-PARTICIPANT-165601	CTDC-EXPOSURE-221557	Tobacco Related Exposure	Yes	scientia_et_sapientia
exposure	CTDC-PARTICIPANT-551570	CTDC-EXPOSURE-248722	Radon Exposure	Unknown	faber_est_suae_quisque_fortunae
exposure	CTDC-PARTICIPANT-175162	CTDC-EXPOSURE-694528	Radiation Exposure	No	scientia_et_labor
exposure	CTDC-PARTICIPANT-115872	CTDC-EXPOSURE-761540	Marijuana Smoke Exposure	Unknown	scientiae_et_patriae
exposure	CTDC-PARTICIPANT-480277	CTDC-EXPOSURE-505487	Radon Exposure	No	saltus_in_demonstrando
exposure	CTDC-PARTICIPANT-304492	CTDC-EXPOSURE-634532	Respirable Crystalline Silica Exposure	Unknown	barba_crescit_caput_nescit
exposure	CTDC-PARTICIPANT-780147	CTDC-EXPOSURE-630602	Smokeless Tobacco Exposure	Yes	scientiae_et_patriae
exposure	CTDC-PARTICIPANT-155733	CTDC-EXPOSURE-771133	Smoke Exposure	Yes	nanos_gigantum_humeris_insidentes
exposure	CTDC-PARTICIPANT-610906	CTDC-EXPOSURE-289980	Radon Exposure	Yes	Macte_animo_Generose_puer_sic_itur_ad_astra
exposure	CTDC-PARTICIPANT-132570	CTDC-EXPOSURE-929013	Marijuana Smoke Exposure	No	nascentes_morimur_finisque_ab_origine_pendet
exposure	CTDC-PARTICIPANT-387859	CTDC-EXPOSURE-601259	Marijuana Smoke Exposure	Yes	pace_tua
exposure	CTDC-PARTICIPANT-554515	CTDC-EXPOSURE-303207	Chemical Exposure	Unknown	id_quod_plerumque_accidit
exposure	CTDC-PARTICIPANT-813717	CTDC-EXPOSURE-282287	Smokeless Tobacco Exposure	Yes	faber_est_suae_quisque_fortunae
exposure	CTDC-PARTICIPANT-829393	CTDC-EXPOSURE-391564	Asbestos Exposure	No	nascentes_morimur_finisque_ab_origine_pendet
exposure	CTDC-PARTICIPANT-140828	CTDC-EXPOSURE-558041	Radon Exposure	Unknown	scientiae_et_patriae
exposure	CTDC-PARTICIPANT-153996	CTDC-EXPOSURE-390505	Wood Dust Exposure	Yes	e_causa_ignota
exposure	CTDC-PARTICIPANT-157188	CTDC-EXPOSURE-860213	Tobacco Related Exposure	Yes	O_Tite_tute_Tati_tibi_tanta_tyranne_tulisti
exposure	CTDC-PARTICIPANT-731202	CTDC-EXPOSURE-889214	Respirable Crystalline Silica Exposure	Unknown	Obedientia_civium_urbis_felicitas
exposure	CTDC-PARTICIPANT-541762	CTDC-EXPOSURE-173998	Respirable Crystalline Silica Exposure	Yes	a_bene_placito
exposure	CTDC-PARTICIPANT-986899	CTDC-EXPOSURE-631953	Marijuana Smoke Exposure	No	O_Tite_tute_Tati_tibi_tanta_tyranne_tulisti
exposure	CTDC-PARTICIPANT-896676	CTDC-EXPOSURE-155063	Radiation Exposure	Yes	scientia_imperii_decus_et_tutamen
exposure	CTDC-PARTICIPANT-617856	CTDC-EXPOSURE-320222	Chemical Exposure	No	scientia,_aere_perennius
exposure	CTDC-PARTICIPANT-100150	CTDC-EXPOSURE-932537	Radon Exposure	Yes	Gallia_est_omnis_divisa_in_partes_tres
exposure	CTDC-PARTICIPANT-489929	CTDC-EXPOSURE-908795	Chemical Exposure	Unknown	sapiens_qui_prospicit
exposure	CTDC-PARTICIPANT-149982	CTDC-EXPOSURE-738069	Respirable Crystalline Silica Exposure	Unknown	haec_olim_meminisse_iuvabit
exposure	CTDC-PARTICIPANT-444431	CTDC-EXPOSURE-485573	Marijuana Smoke Exposure	Yes	faber_est_suae_quisque_fortunae
exposure	CTDC-PARTICIPANT-348498	CTDC-EXPOSURE-764232	Respirable Crystalline Silica Exposure	Yes	barba_crescit_caput_nescit
exposure	CTDC-PARTICIPANT-151782	CTDC-EXPOSURE-972311	Wood Dust Exposure	No	pace_tua
exposure	CTDC-PARTICIPANT-570580	CTDC-EXPOSURE-495008	Wood Dust Exposure	No	salus_in_arduis
exposure	CTDC-PARTICIPANT-322080	CTDC-EXPOSURE-221261	Tobacco Related Exposure	Unknown	imperium_in_imperio
exposure	CTDC-PARTICIPANT-696969	CTDC-EXPOSURE-280362	Smokeless Tobacco Exposure	Unknown	O_Tite_tute_Tati_tibi_tanta_tyranne_tulisti
exposure	CTDC-PARTICIPANT-104574	CTDC-EXPOSURE-966262	Smoke Exposure	No	cacatum_non_est_pictum
exposure	CTDC-PARTICIPANT-521195	CTDC-EXPOSURE-565113	Tobacco Related Exposure	Yes	scientia_imperii_decus_et_tutamen
exposure	CTDC-PARTICIPANT-718725	CTDC-EXPOSURE-920854	Smokeless Tobacco Exposure	No	Obedientia_civium_urbis_felicitas
exposure	CTDC-PARTICIPANT-801137	CTDC-EXPOSURE-122550	Respirable Crystalline Silica Exposure	Unknown	sapiens_qui_prospicit
exposure	CTDC-PARTICIPANT-602888	CTDC-EXPOSURE-902401	Smokeless Tobacco Exposure	Unknown	sapiens_qui_prospicit
exposure	CTDC-PARTICIPANT-585644	CTDC-EXPOSURE-375732	Smoke Exposure	Yes	saltus_in_demonstrando
exposure	CTDC-PARTICIPANT-923159	CTDC-EXPOSURE-247720	Wood Dust Exposure	Yes	nanos_gigantum_humeris_insidentes
exposure	CTDC-PARTICIPANT-796918	CTDC-EXPOSURE-652098	Asbestos Exposure	Yes	barba_crescit_caput_nescit
exposure	CTDC-PARTICIPANT-646131	CTDC-EXPOSURE-556377	Wood Dust Exposure	No	scientia_imperii_decus_et_tutamen
exposure	CTDC-PARTICIPANT-965448	CTDC-EXPOSURE-281197	Radon Exposure	Yes	nascentes_morimur_finisque_ab_origine_pendet
exposure	CTDC-PARTICIPANT-830794	CTDC-EXPOSURE-948957	Asbestos Exposure	Unknown	haec_olim_meminisse_iuvabit
exposure	CTDC-PARTICIPANT-405569	CTDC-EXPOSURE-933402	Radon Exposure	No	scientiae_cedit_mare
exposure	CTDC-PARTICIPANT-389280	CTDC-EXPOSURE-259313	Radiation Exposure	No	nanos_gigantum_humeris_insidentes
exposure	CTDC-PARTICIPANT-415492	CTDC-EXPOSURE-796754	Smoke Exposure	Unknown	scientiae_cedit_mare
exposure	CTDC-PARTICIPANT-450156	CTDC-EXPOSURE-503207	Chemical Exposure	Unknown	salus_in_arduis
exposure	CTDC-PARTICIPANT-842600	CTDC-EXPOSURE-652992	Tobacco Related Exposure	Unknown	haec_olim_meminisse_iuvabit
exposure	CTDC-PARTICIPANT-804006	CTDC-EXPOSURE-859872	Radiation Exposure	No	nascentes_morimur_finisque_ab_origine_pendet
exposure	CTDC-PARTICIPANT-794571	CTDC-EXPOSURE-886071	Asbestos Exposure	Yes	scientia_et_labor
exposure	CTDC-PARTICIPANT-912680	CTDC-EXPOSURE-998841	Respirable Crystalline Silica Exposure	Yes	e_causa_ignota
exposure	CTDC-PARTICIPANT-260687	CTDC-EXPOSURE-842434	Tobacco Related Exposure	No	cacatum_non_est_pictum
exposure	CTDC-PARTICIPANT-513003	CTDC-EXPOSURE-404198	Tobacco Related Exposure	No	nascentes_morimur_finisque_ab_origine_pendet
exposure	CTDC-PARTICIPANT-985753	CTDC-EXPOSURE-524065	Smokeless Tobacco Exposure	No	pace_tua
exposure	CTDC-PARTICIPANT-576238	CTDC-EXPOSURE-182480	Marijuana Smoke Exposure	No	damnant_quod_non_intellegunt
exposure	CTDC-PARTICIPANT-538281	CTDC-EXPOSURE-766006	Marijuana Smoke Exposure	No	saltus_in_demonstrando
exposure	CTDC-PARTICIPANT-567163	CTDC-EXPOSURE-212784	Respirable Crystalline Silica Exposure	Unknown	faber_est_suae_quisque_fortunae
exposure	CTDC-PARTICIPANT-375688	CTDC-EXPOSURE-686237	Radon Exposure	Unknown	Gallia_est_omnis_divisa_in_partes_tres
exposure	CTDC-PARTICIPANT-842152	CTDC-EXPOSURE-500905	Marijuana Smoke Exposure	Unknown	a_bene_placito
exposure	CTDC-PARTICIPANT-100029	CTDC-EXPOSURE-219871	Radiation Exposure	Unknown	Macte_animo_Generose_puer_sic_itur_ad_astra
exposure	CTDC-PARTICIPANT-141020	CTDC-EXPOSURE-170592	Wood Dust Exposure	Unknown	scientia,_aere_perennius
exposure	CTDC-PARTICIPANT-380809	CTDC-EXPOSURE-715250	Radon Exposure	Unknown	Gallia_est_omnis_divisa_in_partes_tres
exposure	CTDC-PARTICIPANT-756502	CTDC-EXPOSURE-181199	Asbestos Exposure	Unknown	scientia_et_sapientia
exposure	CTDC-PARTICIPANT-616347	CTDC-EXPOSURE-823563	Smoke Exposure	Yes	nascentes_morimur_finisque_ab_origine_pendet
exposure	CTDC-PARTICIPANT-631268	CTDC-EXPOSURE-391720	Radiation Exposure	Unknown	id_quod_plerumque_accidit
exposure	CTDC-PARTICIPANT-683397	CTDC-EXPOSURE-738770	Smoke Exposure	Unknown	scientia_imperii_decus_et_tutamen
exposure	CTDC-PARTICIPANT-870495	CTDC-EXPOSURE-844510	Radiation Exposure	Unknown	scientia_et_labor
exposure	CTDC-PARTICIPANT-169247	CTDC-EXPOSURE-669908	Smoke Exposure	Yes	e_causa_ignota
exposure	CTDC-PARTICIPANT-242464	CTDC-EXPOSURE-695585	Smoke Exposure	Yes	cacatum_non_est_pictum
exposure	CTDC-PARTICIPANT-653360	CTDC-EXPOSURE-513535	Tobacco Related Exposure	Yes	salus_in_arduis
exposure	CTDC-PARTICIPANT-643257	CTDC-EXPOSURE-717586	Respirable Crystalline Silica Exposure	No	scientia_et_sapientia
exposure	CTDC-PARTICIPANT-516787	CTDC-EXPOSURE-181179	Asbestos Exposure	Yes	scientiae_et_patriae
exposure	CTDC-PARTICIPANT-152632	CTDC-EXPOSURE-310083	Respirable Crystalline Silica Exposure	Yes	imperium_in_imperio
exposure	CTDC-PARTICIPANT-110623	CTDC-EXPOSURE-644656	Tobacco Related Exposure	Unknown	faber_est_suae_quisque_fortunae
exposure	CTDC-PARTICIPANT-681780	CTDC-EXPOSURE-789735	Chemical Exposure	Yes	barba_crescit_caput_nescit
exposure	CTDC-PARTICIPANT-913252	CTDC-EXPOSURE-902895	Chemical Exposure	Yes	saltus_in_demonstrando
exposure	CTDC-PARTICIPANT-958510	CTDC-EXPOSURE-219407	Respirable Crystalline Silica Exposure	Unknown	scientia_et_sapientia
exposure	CTDC-PARTICIPANT-958510	CTDC-EXPOSURE-721170	Radiation Exposure	No	pace_tua
exposure	CTDC-PARTICIPANT-958510	CTDC-EXPOSURE-459894	Marijuana Smoke Exposure	No	damnant_quod_non_intellegunt
exposure	CTDC-PARTICIPANT-958510	CTDC-EXPOSURE-860113	Chemical Exposure	Yes	a_bene_placito
exposure	CTDC-PARTICIPANT-958510	CTDC-EXPOSURE-859632	Radon Exposure	No	Obedientia_civium_urbis_felicitas
exposure	CTDC-PARTICIPANT-958510	CTDC-EXPOSURE-878870	Tobacco Related Exposure	No	salus_in_arduis
exposure	CTDC-PARTICIPANT-958510	CTDC-EXPOSURE-375666	Smokeless Tobacco Exposure	Yes	faber_est_suae_quisque_fortunae
exposure	CTDC-PARTICIPANT-958510	CTDC-EXPOSURE-549382	Chemical Exposure	Yes	nanos_gigantum_humeris_insidentes
exposure	CTDC-PARTICIPANT-958510	CTDC-EXPOSURE-770687	Smoke Exposure	Unknown	scientia_et_labor
exposure	CTDC-PARTICIPANT-958510	CTDC-EXPOSURE-224040	Smoke Exposure	No	scientia_imperii_decus_et_tutamen
exposure	CTDC-PARTICIPANT-958510	CTDC-EXPOSURE-515785	Chemical Exposure	No	a_bene_placito
exposure	CTDC-PARTICIPANT-958510	CTDC-EXPOSURE-477301	Respirable Crystalline Silica Exposure	No	Gallia_est_omnis_divisa_in_partes_tres
exposure	CTDC-PARTICIPANT-958510	CTDC-EXPOSURE-365187	Smoke Exposure	Yes	damnant_quod_non_intellegunt
exposure	CTDC-PARTICIPANT-958510	CTDC-EXPOSURE-492095	Radiation Exposure	Yes	salus_in_arduis
exposure	CTDC-PARTICIPANT-958510	CTDC-EXPOSURE-657877	Wood Dust Exposure	Unknown	e_causa_ignota
exposure	CTDC-PARTICIPANT-958510	CTDC-EXPOSURE-283319	Chemical Exposure	Yes	scientia,_aere_perennius
exposure	CTDC-PARTICIPANT-958510	CTDC-EXPOSURE-119644	Chemical Exposure	Unknown	labor_ipse_voluptas
exposure	CTDC-PARTICIPANT-958510	CTDC-EXPOSURE-203626	Radiation Exposure	Yes	pace_tua
exposure	CTDC-PARTICIPANT-958510	CTDC-EXPOSURE-564866	Wood Dust Exposure	No	sapiens_qui_prospicit
exposure	CTDC-PARTICIPANT-958510	CTDC-EXPOSURE-774866	Wood Dust Exposure	No	saltus_in_demonstrando
exposure	CTDC-PARTICIPANT-958510	CTDC-EXPOSURE-176667	Wood Dust Exposure	No	damnant_quod_non_intellegunt
exposure	CTDC-PARTICIPANT-958510	CTDC-EXPOSURE-533795	Smoke Exposure	Yes	labor_ipse_voluptas
exposure	CTDC-PARTICIPANT-958510	CTDC-EXPOSURE-943602	Respirable Crystalline Silica Exposure	Unknown	Obedientia_civium_urbis_felicitas
exposure	CTDC-PARTICIPANT-958510	CTDC-EXPOSURE-644057	Radon Exposure	Yes	e_causa_ignota
exposure	CTDC-PARTICIPANT-958510	CTDC-EXPOSURE-360260	Smoke Exposure	Unknown	nanos_gigantum_humeris_insidentes
exposure	CTDC-PARTICIPANT-958510	CTDC-EXPOSURE-734361	Radiation Exposure	No	barba_crescit_caput_nescit
exposure	CTDC-PARTICIPANT-958510	CTDC-EXPOSURE-861936	Chemical Exposure	Unknown	Obedientia_civium_urbis_felicitas
exposure	CTDC-PARTICIPANT-958510	CTDC-EXPOSURE-729040	Radon Exposure	Unknown	Gallia_est_omnis_divisa_in_partes_tres
exposure	CTDC-PARTICIPANT-958510	CTDC-EXPOSURE-410588	Asbestos Exposure	Yes	id_quod_plerumque_accidit
exposure	CTDC-PARTICIPANT-958510	CTDC-EXPOSURE-372213	Respirable Crystalline Silica Exposure	No	O_Tite_tute_Tati_tibi_tanta_tyranne_tulisti
exposure	CTDC-PARTICIPANT-958510	CTDC-EXPOSURE-765544	Smoke Exposure	Unknown	pace_tua
exposure	CTDC-PARTICIPANT-958510	CTDC-EXPOSURE-790957	Radon Exposure	No	damnant_quod_non_intellegunt
exposure	CTDC-PARTICIPANT-958510	CTDC-EXPOSURE-628132	Marijuana Smoke Exposure	Unknown	salus_in_arduis
exposure	CTDC-PARTICIPANT-958510	CTDC-EXPOSURE-230517	Tobacco Related Exposure	Unknown	a_bene_placito
exposure	CTDC-PARTICIPANT-958510	CTDC-EXPOSURE-293627	Marijuana Smoke Exposure	Unknown	damnant_quod_non_intellegunt
exposure	CTDC-PARTICIPANT-958510	CTDC-EXPOSURE-122562	Marijuana Smoke Exposure	Yes	scientia_imperii_decus_et_tutamen
exposure	CTDC-PARTICIPANT-958510	CTDC-EXPOSURE-672974	Chemical Exposure	Yes	id_quod_plerumque_accidit
exposure	CTDC-PARTICIPANT-958510	CTDC-EXPOSURE-160692	Smoke Exposure	No	imperium_in_imperio
exposure	CTDC-PARTICIPANT-958510	CTDC-EXPOSURE-961137	Smoke Exposure	Yes	Macte_animo_Generose_puer_sic_itur_ad_astra
exposure	CTDC-PARTICIPANT-958510	CTDC-EXPOSURE-687512	Chemical Exposure	Unknown	haec_olim_meminisse_iuvabit
exposure	CTDC-PARTICIPANT-958510	CTDC-EXPOSURE-211281	Wood Dust Exposure	Yes	a_bene_placito
exposure	CTDC-PARTICIPANT-958510	CTDC-EXPOSURE-499399	Chemical Exposure	Yes	id_quod_plerumque_accidit
exposure	CTDC-PARTICIPANT-958510	CTDC-EXPOSURE-990353	Tobacco Related Exposure	Unknown	Gallia_est_omnis_divisa_in_partes_tres
exposure	CTDC-PARTICIPANT-958510	CTDC-EXPOSURE-214158	Chemical Exposure	Yes	sapiens_qui_prospicit
exposure	CTDC-PARTICIPANT-958510	CTDC-EXPOSURE-339045	Wood Dust Exposure	Unknown	haec_olim_meminisse_iuvabit
exposure	CTDC-PARTICIPANT-958510	CTDC-EXPOSURE-928223	Chemical Exposure	Yes	salus_in_arduis
exposure	CTDC-PARTICIPANT-958510	CTDC-EXPOSURE-413475	Smokeless Tobacco Exposure	No	damnant_quod_non_intellegunt
exposure	CTDC-PARTICIPANT-958510	CTDC-EXPOSURE-143978	Smoke Exposure	Unknown	scientia_et_sapientia
exposure	CTDC-PARTICIPANT-958510	CTDC-EXPOSURE-719564	Radon Exposure	Yes	scientia,_aere_perennius
exposure	CTDC-PARTICIPANT-958510	CTDC-EXPOSURE-918611	Radiation Exposure	No	Obedientia_civium_urbis_felicitas
exposure	CTDC-PARTICIPANT-958510	CTDC-EXPOSURE-908273	Asbestos Exposure	No	sapiens_qui_prospicit
