type	study.study_short_name	image_collection_record_id	image_collection_name	image_type_included	image_collection_url	repository_name	collection_access	crdc_id
image_collection	CTDC-STUDY-609903	CTDC-IMAGE-COLLECTION-822137	id_quod_plerumque_accidit	US	scientiae_cedit_mare	scientia_imperii_decus_et_tutamen	Cloud	sapiens_qui_prospicit
image_collection	CTDC-STUDY-609903	CTDC-IMAGE-COLLECTION-957859	sapiens_qui_prospicit	PT	cacatum_non_est_pictum	nanos_gigantum_humeris_insidentes	Cloud	id_quod_plerumque_accidit
image_collection	CTDC-STUDY-609903	CTDC-IMAGE-COLLECTION-989255	e_causa_ignota	NM	scientiae_cedit_mare	salus_in_arduis	Unrestricted	scientia,_aere_perennius
image_collection	CTDC-STUDY-609903	CTDC-IMAGE-COLLECTION-782291	a_bene_placito	US	a_bene_placito	O_Tite_tute_Tati_tibi_tanta_tyranne_tulisti	Unrestricted	cacatum_non_est_pictum
image_collection	CTDC-STUDY-609903	CTDC-IMAGE-COLLECTION-665067	e_causa_ignota	CT	scientia_et_sapientia	sapiens_qui_prospicit	Download	scientia_et_labor
image_collection	CTDC-STUDY-609903	CTDC-IMAGE-COLLECTION-294719	nanos_gigantum_humeris_insidentes	DX	pace_tua	saltus_in_demonstrando	Unrestricted	scientia,_aere_perennius
image_collection	CTDC-STUDY-609903	CTDC-IMAGE-COLLECTION-265040	scientia,_aere_perennius	PT	O_Tite_tute_Tati_tibi_tanta_tyranne_tulisti	salus_in_arduis	Download	cacatum_non_est_pictum
image_collection	CTDC-STUDY-609903	CTDC-IMAGE-COLLECTION-427230	pace_tua	MR	Obedientia_civium_urbis_felicitas	labor_ipse_voluptas	Cloud	damnant_quod_non_intellegunt
image_collection	CTDC-STUDY-609903	CTDC-IMAGE-COLLECTION-585493	scientiae_et_patriae	CT	scientiae_et_patriae	O_Tite_tute_Tati_tibi_tanta_tyranne_tulisti	Cloud	nanos_gigantum_humeris_insidentes
image_collection	CTDC-STUDY-609903	CTDC-IMAGE-COLLECTION-938299	Gallia_est_omnis_divisa_in_partes_tres	US	scientiae_cedit_mare	labor_ipse_voluptas	Download	Macte_animo_Generose_puer_sic_itur_ad_astra
image_collection	CTDC-STUDY-609903	CTDC-IMAGE-COLLECTION-654037	faber_est_suae_quisque_fortunae	PT	pace_tua	nanos_gigantum_humeris_insidentes	Unrestricted	imperium_in_imperio
image_collection	CTDC-STUDY-609903	CTDC-IMAGE-COLLECTION-992627	a_bene_placito	DX	O_Tite_tute_Tati_tibi_tanta_tyranne_tulisti	salus_in_arduis	Unrestricted	a_bene_placito
image_collection	CTDC-STUDY-609903	CTDC-IMAGE-COLLECTION-689763	cacatum_non_est_pictum	DX	scientia_imperii_decus_et_tutamen	cacatum_non_est_pictum	Download	damnant_quod_non_intellegunt
image_collection	CTDC-STUDY-609903	CTDC-IMAGE-COLLECTION-678754	labor_ipse_voluptas	PT	a_bene_placito	scientiae_et_patriae	Unrestricted	scientia_et_sapientia
image_collection	CTDC-STUDY-609903	CTDC-IMAGE-COLLECTION-418649	pace_tua	CT	barba_crescit_caput_nescit	scientia_et_labor	Download	nascentes_morimur_finisque_ab_origine_pendet
image_collection	CTDC-STUDY-609903	CTDC-IMAGE-COLLECTION-504952	barba_crescit_caput_nescit	NM	nascentes_morimur_finisque_ab_origine_pendet	imperium_in_imperio	Unrestricted	nascentes_morimur_finisque_ab_origine_pendet
image_collection	CTDC-STUDY-609903	CTDC-IMAGE-COLLECTION-254774	Obedientia_civium_urbis_felicitas	MR	haec_olim_meminisse_iuvabit	damnant_quod_non_intellegunt	Download	a_bene_placito
image_collection	CTDC-STUDY-609903	CTDC-IMAGE-COLLECTION-687547	id_quod_plerumque_accidit	DX	a_bene_placito	scientiae_et_patriae	Unrestricted	faber_est_suae_quisque_fortunae
image_collection	CTDC-STUDY-609903	CTDC-IMAGE-COLLECTION-731617	a_bene_placito	CT	id_quod_plerumque_accidit	Gallia_est_omnis_divisa_in_partes_tres	Cloud	faber_est_suae_quisque_fortunae
image_collection	CTDC-STUDY-609903	CTDC-IMAGE-COLLECTION-806083	cacatum_non_est_pictum	DX	imperium_in_imperio	Obedientia_civium_urbis_felicitas	Cloud	scientiae_cedit_mare
image_collection	CTDC-STUDY-609903	CTDC-IMAGE-COLLECTION-507707	scientia,_aere_perennius	MR	salus_in_arduis	scientia_imperii_decus_et_tutamen	Cloud	scientia_et_sapientia
image_collection	CTDC-STUDY-609903	CTDC-IMAGE-COLLECTION-621185	barba_crescit_caput_nescit	NM	scientia_et_labor	salus_in_arduis	Cloud	scientiae_cedit_mare
image_collection	CTDC-STUDY-609903	CTDC-IMAGE-COLLECTION-906998	labor_ipse_voluptas	DX	scientia,_aere_perennius	barba_crescit_caput_nescit	Cloud	scientia,_aere_perennius
image_collection	CTDC-STUDY-609903	CTDC-IMAGE-COLLECTION-154898	labor_ipse_voluptas	DX	nanos_gigantum_humeris_insidentes	nascentes_morimur_finisque_ab_origine_pendet	Cloud	scientia_et_labor
image_collection	CTDC-STUDY-609903	CTDC-IMAGE-COLLECTION-712108	cacatum_non_est_pictum	CT	scientia_et_sapientia	cacatum_non_est_pictum	Cloud	scientia,_aere_perennius
image_collection	CTDC-STUDY-609903	CTDC-IMAGE-COLLECTION-647385	scientiae_et_patriae	US	id_quod_plerumque_accidit	id_quod_plerumque_accidit	Unrestricted	nascentes_morimur_finisque_ab_origine_pendet
image_collection	CTDC-STUDY-609903	CTDC-IMAGE-COLLECTION-851683	saltus_in_demonstrando	US	scientiae_cedit_mare	saltus_in_demonstrando	Download	Macte_animo_Generose_puer_sic_itur_ad_astra
image_collection	CTDC-STUDY-609903	CTDC-IMAGE-COLLECTION-510097	scientia_imperii_decus_et_tutamen	NM	scientia_et_sapientia	haec_olim_meminisse_iuvabit	Cloud	scientia_imperii_decus_et_tutamen
image_collection	CTDC-STUDY-609903	CTDC-IMAGE-COLLECTION-169654	scientiae_cedit_mare	PT	salus_in_arduis	barba_crescit_caput_nescit	Unrestricted	nascentes_morimur_finisque_ab_origine_pendet
image_collection	CTDC-STUDY-609903	CTDC-IMAGE-COLLECTION-426600	a_bene_placito	NM	Macte_animo_Generose_puer_sic_itur_ad_astra	scientiae_et_patriae	Cloud	faber_est_suae_quisque_fortunae
image_collection	CTDC-STUDY-609903	CTDC-IMAGE-COLLECTION-179112	saltus_in_demonstrando	US	a_bene_placito	id_quod_plerumque_accidit	Download	scientia_et_sapientia
image_collection	CTDC-STUDY-609903	CTDC-IMAGE-COLLECTION-441575	a_bene_placito	US	saltus_in_demonstrando	labor_ipse_voluptas	Cloud	O_Tite_tute_Tati_tibi_tanta_tyranne_tulisti
image_collection	CTDC-STUDY-609903	CTDC-IMAGE-COLLECTION-542035	saltus_in_demonstrando	MR	e_causa_ignota	sapiens_qui_prospicit	Cloud	labor_ipse_voluptas
image_collection	CTDC-STUDY-609903	CTDC-IMAGE-COLLECTION-796452	saltus_in_demonstrando	CT	cacatum_non_est_pictum	cacatum_non_est_pictum	Cloud	scientiae_et_patriae
image_collection	CTDC-STUDY-609903	CTDC-IMAGE-COLLECTION-302844	haec_olim_meminisse_iuvabit	PT	nanos_gigantum_humeris_insidentes	salus_in_arduis	Unrestricted	sapiens_qui_prospicit
image_collection	CTDC-STUDY-609903	CTDC-IMAGE-COLLECTION-476902	scientia_imperii_decus_et_tutamen	PT	Macte_animo_Generose_puer_sic_itur_ad_astra	nanos_gigantum_humeris_insidentes	Unrestricted	cacatum_non_est_pictum
image_collection	CTDC-STUDY-609903	CTDC-IMAGE-COLLECTION-293158	id_quod_plerumque_accidit	CT	nanos_gigantum_humeris_insidentes	scientia_et_labor	Cloud	imperium_in_imperio
image_collection	CTDC-STUDY-609903	CTDC-IMAGE-COLLECTION-755349	scientia_et_sapientia	US	e_causa_ignota	saltus_in_demonstrando	Unrestricted	damnant_quod_non_intellegunt
image_collection	CTDC-STUDY-609903	CTDC-IMAGE-COLLECTION-963828	barba_crescit_caput_nescit	US	imperium_in_imperio	Gallia_est_omnis_divisa_in_partes_tres	Unrestricted	nascentes_morimur_finisque_ab_origine_pendet
image_collection	CTDC-STUDY-609903	CTDC-IMAGE-COLLECTION-161058	barba_crescit_caput_nescit	CT	pace_tua	saltus_in_demonstrando	Cloud	cacatum_non_est_pictum
image_collection	CTDC-STUDY-609903	CTDC-IMAGE-COLLECTION-557441	Gallia_est_omnis_divisa_in_partes_tres	US	Obedientia_civium_urbis_felicitas	nascentes_morimur_finisque_ab_origine_pendet	Download	id_quod_plerumque_accidit
image_collection	CTDC-STUDY-609903	CTDC-IMAGE-COLLECTION-384874	faber_est_suae_quisque_fortunae	MR	scientiae_et_patriae	sapiens_qui_prospicit	Download	nascentes_morimur_finisque_ab_origine_pendet
image_collection	CTDC-STUDY-609903	CTDC-IMAGE-COLLECTION-736779	Obedientia_civium_urbis_felicitas	DX	a_bene_placito	id_quod_plerumque_accidit	Cloud	damnant_quod_non_intellegunt
image_collection	CTDC-STUDY-609903	CTDC-IMAGE-COLLECTION-128742	pace_tua	MR	salus_in_arduis	labor_ipse_voluptas	Unrestricted	nanos_gigantum_humeris_insidentes
image_collection	CTDC-STUDY-609903	CTDC-IMAGE-COLLECTION-235042	saltus_in_demonstrando	CT	scientiae_et_patriae	scientia,_aere_perennius	Cloud	scientiae_cedit_mare
image_collection	CTDC-STUDY-609903	CTDC-IMAGE-COLLECTION-945443	scientiae_cedit_mare	MR	scientia_et_sapientia	nascentes_morimur_finisque_ab_origine_pendet	Download	sapiens_qui_prospicit
image_collection	CTDC-STUDY-609903	CTDC-IMAGE-COLLECTION-239835	O_Tite_tute_Tati_tibi_tanta_tyranne_tulisti	US	salus_in_arduis	scientiae_cedit_mare	Unrestricted	nascentes_morimur_finisque_ab_origine_pendet
image_collection	CTDC-STUDY-609903	CTDC-IMAGE-COLLECTION-258376	O_Tite_tute_Tati_tibi_tanta_tyranne_tulisti	PT	scientia_imperii_decus_et_tutamen	pace_tua	Cloud	scientiae_cedit_mare
image_collection	CTDC-STUDY-609903	CTDC-IMAGE-COLLECTION-521401	scientia_imperii_decus_et_tutamen	DX	cacatum_non_est_pictum	scientia_et_sapientia	Unrestricted	scientia_imperii_decus_et_tutamen
image_collection	CTDC-STUDY-609903	CTDC-IMAGE-COLLECTION-510528	cacatum_non_est_pictum	MR	e_causa_ignota	barba_crescit_caput_nescit	Unrestricted	nascentes_morimur_finisque_ab_origine_pendet
image_collection	CTDC-STUDY-609903	CTDC-IMAGE-COLLECTION-579953	scientiae_cedit_mare	PT	scientiae_cedit_mare	scientia,_aere_perennius	Cloud	salus_in_arduis
image_collection	CTDC-STUDY-609903	CTDC-IMAGE-COLLECTION-667898	barba_crescit_caput_nescit	PT	scientia,_aere_perennius	a_bene_placito	Cloud	nanos_gigantum_humeris_insidentes
image_collection	CTDC-STUDY-609903	CTDC-IMAGE-COLLECTION-834364	barba_crescit_caput_nescit	PT	scientia,_aere_perennius	nascentes_morimur_finisque_ab_origine_pendet	Cloud	labor_ipse_voluptas
image_collection	CTDC-STUDY-609903	CTDC-IMAGE-COLLECTION-912590	labor_ipse_voluptas	DX	labor_ipse_voluptas	Obedientia_civium_urbis_felicitas	Cloud	imperium_in_imperio
image_collection	CTDC-STUDY-609903	CTDC-IMAGE-COLLECTION-263883	O_Tite_tute_Tati_tibi_tanta_tyranne_tulisti	DX	Macte_animo_Generose_puer_sic_itur_ad_astra	e_causa_ignota	Download	id_quod_plerumque_accidit
image_collection	CTDC-STUDY-609903	CTDC-IMAGE-COLLECTION-932150	nanos_gigantum_humeris_insidentes	MR	damnant_quod_non_intellegunt	scientia,_aere_perennius	Cloud	labor_ipse_voluptas
image_collection	CTDC-STUDY-609903	CTDC-IMAGE-COLLECTION-160373	nascentes_morimur_finisque_ab_origine_pendet	NM	O_Tite_tute_Tati_tibi_tanta_tyranne_tulisti	barba_crescit_caput_nescit	Unrestricted	labor_ipse_voluptas
image_collection	CTDC-STUDY-609903	CTDC-IMAGE-COLLECTION-292614	a_bene_placito	NM	scientia_et_labor	a_bene_placito	Unrestricted	faber_est_suae_quisque_fortunae
image_collection	CTDC-STUDY-609903	CTDC-IMAGE-COLLECTION-127321	haec_olim_meminisse_iuvabit	PT	cacatum_non_est_pictum	sapiens_qui_prospicit	Cloud	labor_ipse_voluptas
image_collection	CTDC-STUDY-609903	CTDC-IMAGE-COLLECTION-718723	Gallia_est_omnis_divisa_in_partes_tres	NM	id_quod_plerumque_accidit	damnant_quod_non_intellegunt	Download	damnant_quod_non_intellegunt
image_collection	CTDC-STUDY-609903	CTDC-IMAGE-COLLECTION-337359	haec_olim_meminisse_iuvabit	NM	salus_in_arduis	imperium_in_imperio	Download	scientiae_et_patriae
image_collection	CTDC-STUDY-609903	CTDC-IMAGE-COLLECTION-701675	scientia_imperii_decus_et_tutamen	DX	Macte_animo_Generose_puer_sic_itur_ad_astra	pace_tua	Cloud	scientia_et_sapientia
image_collection	CTDC-STUDY-609903	CTDC-IMAGE-COLLECTION-480378	e_causa_ignota	CT	saltus_in_demonstrando	barba_crescit_caput_nescit	Cloud	a_bene_placito
image_collection	CTDC-STUDY-609903	CTDC-IMAGE-COLLECTION-786998	e_causa_ignota	US	pace_tua	scientia_et_labor	Cloud	sapiens_qui_prospicit
image_collection	CTDC-STUDY-609903	CTDC-IMAGE-COLLECTION-211393	e_causa_ignota	US	pace_tua	salus_in_arduis	Unrestricted	pace_tua
image_collection	CTDC-STUDY-609903	CTDC-IMAGE-COLLECTION-919147	nanos_gigantum_humeris_insidentes	NM	cacatum_non_est_pictum	scientia_et_labor	Cloud	O_Tite_tute_Tati_tibi_tanta_tyranne_tulisti
image_collection	CTDC-STUDY-609903	CTDC-IMAGE-COLLECTION-574561	damnant_quod_non_intellegunt	NM	saltus_in_demonstrando	saltus_in_demonstrando	Unrestricted	haec_olim_meminisse_iuvabit
image_collection	CTDC-STUDY-609903	CTDC-IMAGE-COLLECTION-151901	labor_ipse_voluptas	DX	scientia_imperii_decus_et_tutamen	pace_tua	Download	damnant_quod_non_intellegunt
image_collection	CTDC-STUDY-609903	CTDC-IMAGE-COLLECTION-103318	haec_olim_meminisse_iuvabit	CT	scientia,_aere_perennius	faber_est_suae_quisque_fortunae	Cloud	scientiae_et_patriae
image_collection	CTDC-STUDY-609903	CTDC-IMAGE-COLLECTION-615525	scientia,_aere_perennius	PT	e_causa_ignota	salus_in_arduis	Cloud	imperium_in_imperio
image_collection	CTDC-STUDY-609903	CTDC-IMAGE-COLLECTION-131889	cacatum_non_est_pictum	PT	labor_ipse_voluptas	pace_tua	Cloud	saltus_in_demonstrando
image_collection	CTDC-STUDY-609903	CTDC-IMAGE-COLLECTION-237618	damnant_quod_non_intellegunt	CT	scientia_et_labor	labor_ipse_voluptas	Download	cacatum_non_est_pictum
image_collection	CTDC-STUDY-609903	CTDC-IMAGE-COLLECTION-510054	scientiae_cedit_mare	DX	nascentes_morimur_finisque_ab_origine_pendet	id_quod_plerumque_accidit	Download	Macte_animo_Generose_puer_sic_itur_ad_astra
image_collection	CTDC-STUDY-609903	CTDC-IMAGE-COLLECTION-169566	damnant_quod_non_intellegunt	NM	faber_est_suae_quisque_fortunae	pace_tua	Cloud	imperium_in_imperio
image_collection	CTDC-STUDY-609903	CTDC-IMAGE-COLLECTION-110416	pace_tua	US	pace_tua	barba_crescit_caput_nescit	Cloud	Gallia_est_omnis_divisa_in_partes_tres
image_collection	CTDC-STUDY-609903	CTDC-IMAGE-COLLECTION-237149	O_Tite_tute_Tati_tibi_tanta_tyranne_tulisti	CT	pace_tua	scientia_et_labor	Unrestricted	pace_tua
image_collection	CTDC-STUDY-609903	CTDC-IMAGE-COLLECTION-743259	sapiens_qui_prospicit	CT	scientia_imperii_decus_et_tutamen	faber_est_suae_quisque_fortunae	Download	Obedientia_civium_urbis_felicitas
image_collection	CTDC-STUDY-609903	CTDC-IMAGE-COLLECTION-259842	scientia,_aere_perennius	US	saltus_in_demonstrando	Obedientia_civium_urbis_felicitas	Unrestricted	scientia,_aere_perennius
image_collection	CTDC-STUDY-609903	CTDC-IMAGE-COLLECTION-751154	salus_in_arduis	NM	scientia_et_sapientia	scientia_imperii_decus_et_tutamen	Cloud	scientia,_aere_perennius
image_collection	CTDC-STUDY-609903	CTDC-IMAGE-COLLECTION-926422	sapiens_qui_prospicit	CT	damnant_quod_non_intellegunt	scientiae_et_patriae	Cloud	cacatum_non_est_pictum
image_collection	CTDC-STUDY-609903	CTDC-IMAGE-COLLECTION-961607	pace_tua	NM	scientia_et_labor	salus_in_arduis	Download	nascentes_morimur_finisque_ab_origine_pendet
image_collection	CTDC-STUDY-609903	CTDC-IMAGE-COLLECTION-701373	scientia_imperii_decus_et_tutamen	CT	sapiens_qui_prospicit	nanos_gigantum_humeris_insidentes	Unrestricted	scientia_imperii_decus_et_tutamen
image_collection	CTDC-STUDY-609903	CTDC-IMAGE-COLLECTION-867856	e_causa_ignota	MR	pace_tua	scientiae_et_patriae	Cloud	nascentes_morimur_finisque_ab_origine_pendet
image_collection	CTDC-STUDY-609903	CTDC-IMAGE-COLLECTION-326442	Obedientia_civium_urbis_felicitas	CT	labor_ipse_voluptas	Obedientia_civium_urbis_felicitas	Download	id_quod_plerumque_accidit
image_collection	CTDC-STUDY-609903	CTDC-IMAGE-COLLECTION-129667	salus_in_arduis	DX	scientia_imperii_decus_et_tutamen	O_Tite_tute_Tati_tibi_tanta_tyranne_tulisti	Unrestricted	cacatum_non_est_pictum
image_collection	CTDC-STUDY-609903	CTDC-IMAGE-COLLECTION-328722	nascentes_morimur_finisque_ab_origine_pendet	PT	pace_tua	a_bene_placito	Unrestricted	sapiens_qui_prospicit
image_collection	CTDC-STUDY-609903	CTDC-IMAGE-COLLECTION-664803	scientia_imperii_decus_et_tutamen	DX	barba_crescit_caput_nescit	nascentes_morimur_finisque_ab_origine_pendet	Unrestricted	sapiens_qui_prospicit
image_collection	CTDC-STUDY-609903	CTDC-IMAGE-COLLECTION-492156	imperium_in_imperio	PT	O_Tite_tute_Tati_tibi_tanta_tyranne_tulisti	id_quod_plerumque_accidit	Cloud	pace_tua
image_collection	CTDC-STUDY-609903	CTDC-IMAGE-COLLECTION-371517	Gallia_est_omnis_divisa_in_partes_tres	US	haec_olim_meminisse_iuvabit	faber_est_suae_quisque_fortunae	Cloud	faber_est_suae_quisque_fortunae
image_collection	CTDC-STUDY-609903	CTDC-IMAGE-COLLECTION-763195	cacatum_non_est_pictum	CT	scientia,_aere_perennius	haec_olim_meminisse_iuvabit	Download	barba_crescit_caput_nescit
image_collection	CTDC-STUDY-609903	CTDC-IMAGE-COLLECTION-445877	O_Tite_tute_Tati_tibi_tanta_tyranne_tulisti	DX	id_quod_plerumque_accidit	scientiae_cedit_mare	Unrestricted	labor_ipse_voluptas
image_collection	CTDC-STUDY-609903	CTDC-IMAGE-COLLECTION-715028	haec_olim_meminisse_iuvabit	DX	scientiae_et_patriae	cacatum_non_est_pictum	Unrestricted	sapiens_qui_prospicit
image_collection	CTDC-STUDY-609903	CTDC-IMAGE-COLLECTION-947011	O_Tite_tute_Tati_tibi_tanta_tyranne_tulisti	MR	nascentes_morimur_finisque_ab_origine_pendet	sapiens_qui_prospicit	Download	haec_olim_meminisse_iuvabit
image_collection	CTDC-STUDY-609903	CTDC-IMAGE-COLLECTION-147221	O_Tite_tute_Tati_tibi_tanta_tyranne_tulisti	CT	scientia_et_labor	a_bene_placito	Unrestricted	damnant_quod_non_intellegunt
image_collection	CTDC-STUDY-609903	CTDC-IMAGE-COLLECTION-173297	e_causa_ignota	CT	damnant_quod_non_intellegunt	saltus_in_demonstrando	Download	pace_tua
image_collection	CTDC-STUDY-609903	CTDC-IMAGE-COLLECTION-758513	nanos_gigantum_humeris_insidentes	DX	nascentes_morimur_finisque_ab_origine_pendet	scientiae_et_patriae	Unrestricted	scientiae_et_patriae
image_collection	CTDC-STUDY-609903	CTDC-IMAGE-COLLECTION-665458	salus_in_arduis	CT	nanos_gigantum_humeris_insidentes	saltus_in_demonstrando	Unrestricted	barba_crescit_caput_nescit
image_collection	CTDC-STUDY-609903	CTDC-IMAGE-COLLECTION-504338	pace_tua	PT	scientia,_aere_perennius	pace_tua	Download	cacatum_non_est_pictum
image_collection	CTDC-STUDY-609903	CTDC-IMAGE-COLLECTION-157913	e_causa_ignota	US	scientia_et_sapientia	saltus_in_demonstrando	Download	nanos_gigantum_humeris_insidentes
image_collection	CTDC-STUDY-609903	CTDC-IMAGE-COLLECTION-526839	pace_tua	CT	e_causa_ignota	a_bene_placito	Unrestricted	cacatum_non_est_pictum
image_collection	CTDC-STUDY-609903	CTDC-IMAGE-COLLECTION-869941	imperium_in_imperio	MR	scientiae_cedit_mare	scientia_imperii_decus_et_tutamen	Unrestricted	nascentes_morimur_finisque_ab_origine_pendet
image_collection	CTDC-STUDY-609903	CTDC-IMAGE-COLLECTION-773298	damnant_quod_non_intellegunt	CT	scientiae_et_patriae	O_Tite_tute_Tati_tibi_tanta_tyranne_tulisti	Unrestricted	e_causa_ignota
image_collection	CTDC-STUDY-609903	CTDC-IMAGE-COLLECTION-704153	scientiae_et_patriae	US	pace_tua	scientia_et_sapientia	Download	scientiae_et_patriae
image_collection	CTDC-STUDY-609903	CTDC-IMAGE-COLLECTION-490739	salus_in_arduis	NM	scientia_imperii_decus_et_tutamen	cacatum_non_est_pictum	Unrestricted	haec_olim_meminisse_iuvabit
image_collection	CTDC-STUDY-609903	CTDC-IMAGE-COLLECTION-597399	sapiens_qui_prospicit	CT	barba_crescit_caput_nescit	saltus_in_demonstrando	Unrestricted	nascentes_morimur_finisque_ab_origine_pendet
image_collection	CTDC-STUDY-609903	CTDC-IMAGE-COLLECTION-244037	sapiens_qui_prospicit	CT	scientiae_et_patriae	nanos_gigantum_humeris_insidentes	Unrestricted	faber_est_suae_quisque_fortunae
image_collection	CTDC-STUDY-609903	CTDC-IMAGE-COLLECTION-884305	scientia_et_sapientia	NM	scientia_et_labor	imperium_in_imperio	Unrestricted	salus_in_arduis
image_collection	CTDC-STUDY-609903	CTDC-IMAGE-COLLECTION-444461	pace_tua	US	Macte_animo_Generose_puer_sic_itur_ad_astra	Gallia_est_omnis_divisa_in_partes_tres	Download	haec_olim_meminisse_iuvabit
image_collection	CTDC-STUDY-609903	CTDC-IMAGE-COLLECTION-780816	scientia,_aere_perennius	DX	pace_tua	imperium_in_imperio	Cloud	scientiae_et_patriae
image_collection	CTDC-STUDY-609903	CTDC-IMAGE-COLLECTION-754983	scientia_imperii_decus_et_tutamen	NM	Macte_animo_Generose_puer_sic_itur_ad_astra	scientia_imperii_decus_et_tutamen	Cloud	Obedientia_civium_urbis_felicitas
image_collection	CTDC-STUDY-609903	CTDC-IMAGE-COLLECTION-592699	saltus_in_demonstrando	US	scientia,_aere_perennius	id_quod_plerumque_accidit	Cloud	nascentes_morimur_finisque_ab_origine_pendet
image_collection	CTDC-STUDY-609903	CTDC-IMAGE-COLLECTION-939429	O_Tite_tute_Tati_tibi_tanta_tyranne_tulisti	DX	scientia_et_labor	Gallia_est_omnis_divisa_in_partes_tres	Unrestricted	saltus_in_demonstrando
image_collection	CTDC-STUDY-609903	CTDC-IMAGE-COLLECTION-986564	scientia_imperii_decus_et_tutamen	PT	Macte_animo_Generose_puer_sic_itur_ad_astra	Obedientia_civium_urbis_felicitas	Unrestricted	scientia_imperii_decus_et_tutamen
image_collection	CTDC-STUDY-609903	CTDC-IMAGE-COLLECTION-714858	nascentes_morimur_finisque_ab_origine_pendet	PT	nanos_gigantum_humeris_insidentes	nanos_gigantum_humeris_insidentes	Cloud	scientia,_aere_perennius
image_collection	CTDC-STUDY-609903	CTDC-IMAGE-COLLECTION-910485	scientia_et_labor	MR	O_Tite_tute_Tati_tibi_tanta_tyranne_tulisti	haec_olim_meminisse_iuvabit	Download	Gallia_est_omnis_divisa_in_partes_tres
image_collection	CTDC-STUDY-609903	CTDC-IMAGE-COLLECTION-884439	imperium_in_imperio	MR	sapiens_qui_prospicit	nanos_gigantum_humeris_insidentes	Cloud	scientia_imperii_decus_et_tutamen
image_collection	CTDC-STUDY-609903	CTDC-IMAGE-COLLECTION-300772	scientiae_et_patriae	US	scientiae_et_patriae	scientia_imperii_decus_et_tutamen	Cloud	barba_crescit_caput_nescit
image_collection	CTDC-STUDY-609903	CTDC-IMAGE-COLLECTION-954344	scientia_imperii_decus_et_tutamen	CT	labor_ipse_voluptas	scientia,_aere_perennius	Cloud	saltus_in_demonstrando
image_collection	CTDC-STUDY-609903	CTDC-IMAGE-COLLECTION-584554	Gallia_est_omnis_divisa_in_partes_tres	CT	pace_tua	imperium_in_imperio	Unrestricted	scientia_imperii_decus_et_tutamen
image_collection	CTDC-STUDY-609903	CTDC-IMAGE-COLLECTION-757491	haec_olim_meminisse_iuvabit	PT	barba_crescit_caput_nescit	Gallia_est_omnis_divisa_in_partes_tres	Cloud	salus_in_arduis
image_collection	CTDC-STUDY-609903	CTDC-IMAGE-COLLECTION-833771	faber_est_suae_quisque_fortunae	MR	labor_ipse_voluptas	scientia_et_labor	Cloud	scientia,_aere_perennius
image_collection	CTDC-STUDY-609903	CTDC-IMAGE-COLLECTION-788611	pace_tua	US	labor_ipse_voluptas	pace_tua	Cloud	cacatum_non_est_pictum
image_collection	CTDC-STUDY-609903	CTDC-IMAGE-COLLECTION-442146	imperium_in_imperio	NM	Obedientia_civium_urbis_felicitas	cacatum_non_est_pictum	Cloud	pace_tua
image_collection	CTDC-STUDY-609903	CTDC-IMAGE-COLLECTION-832709	imperium_in_imperio	US	O_Tite_tute_Tati_tibi_tanta_tyranne_tulisti	saltus_in_demonstrando	Cloud	nanos_gigantum_humeris_insidentes
image_collection	CTDC-STUDY-609903	CTDC-IMAGE-COLLECTION-333963	Gallia_est_omnis_divisa_in_partes_tres	DX	faber_est_suae_quisque_fortunae	scientiae_et_patriae	Cloud	scientiae_et_patriae
image_collection	CTDC-STUDY-609903	CTDC-IMAGE-COLLECTION-610593	nascentes_morimur_finisque_ab_origine_pendet	PT	id_quod_plerumque_accidit	Obedientia_civium_urbis_felicitas	Unrestricted	saltus_in_demonstrando
image_collection	CTDC-STUDY-609903	CTDC-IMAGE-COLLECTION-624329	faber_est_suae_quisque_fortunae	DX	haec_olim_meminisse_iuvabit	faber_est_suae_quisque_fortunae	Download	O_Tite_tute_Tati_tibi_tanta_tyranne_tulisti
image_collection	CTDC-STUDY-609903	CTDC-IMAGE-COLLECTION-825699	Gallia_est_omnis_divisa_in_partes_tres	CT	sapiens_qui_prospicit	a_bene_placito	Cloud	cacatum_non_est_pictum
image_collection	CTDC-STUDY-609903	CTDC-IMAGE-COLLECTION-212065	scientia_et_labor	DX	cacatum_non_est_pictum	scientia_imperii_decus_et_tutamen	Download	a_bene_placito
image_collection	CTDC-STUDY-609903	CTDC-IMAGE-COLLECTION-335870	haec_olim_meminisse_iuvabit	NM	scientiae_cedit_mare	labor_ipse_voluptas	Cloud	saltus_in_demonstrando
image_collection	CTDC-STUDY-609903	CTDC-IMAGE-COLLECTION-898837	Macte_animo_Generose_puer_sic_itur_ad_astra	DX	O_Tite_tute_Tati_tibi_tanta_tyranne_tulisti	e_causa_ignota	Download	nascentes_morimur_finisque_ab_origine_pendet
image_collection	CTDC-STUDY-609903	CTDC-IMAGE-COLLECTION-725052	O_Tite_tute_Tati_tibi_tanta_tyranne_tulisti	PT	faber_est_suae_quisque_fortunae	scientia_imperii_decus_et_tutamen	Download	haec_olim_meminisse_iuvabit
image_collection	CTDC-STUDY-609903	CTDC-IMAGE-COLLECTION-271510	scientia,_aere_perennius	DX	haec_olim_meminisse_iuvabit	imperium_in_imperio	Download	id_quod_plerumque_accidit
image_collection	CTDC-STUDY-609903	CTDC-IMAGE-COLLECTION-638774	haec_olim_meminisse_iuvabit	CT	scientia_et_sapientia	scientia_imperii_decus_et_tutamen	Unrestricted	damnant_quod_non_intellegunt
image_collection	CTDC-STUDY-609903	CTDC-IMAGE-COLLECTION-325830	faber_est_suae_quisque_fortunae	DX	nascentes_morimur_finisque_ab_origine_pendet	scientia_et_sapientia	Download	scientia,_aere_perennius
image_collection	CTDC-STUDY-609903	CTDC-IMAGE-COLLECTION-310427	nascentes_morimur_finisque_ab_origine_pendet	PT	scientiae_et_patriae	saltus_in_demonstrando	Unrestricted	scientia_et_sapientia
image_collection	CTDC-STUDY-609903	CTDC-IMAGE-COLLECTION-791393	id_quod_plerumque_accidit	US	sapiens_qui_prospicit	O_Tite_tute_Tati_tibi_tanta_tyranne_tulisti	Cloud	salus_in_arduis
image_collection	CTDC-STUDY-609903	CTDC-IMAGE-COLLECTION-145755	Macte_animo_Generose_puer_sic_itur_ad_astra	PT	barba_crescit_caput_nescit	nascentes_morimur_finisque_ab_origine_pendet	Download	nanos_gigantum_humeris_insidentes
image_collection	CTDC-STUDY-609903	CTDC-IMAGE-COLLECTION-929780	scientiae_et_patriae	NM	scientia_et_sapientia	nanos_gigantum_humeris_insidentes	Cloud	imperium_in_imperio
image_collection	CTDC-STUDY-609903	CTDC-IMAGE-COLLECTION-666751	saltus_in_demonstrando	MR	barba_crescit_caput_nescit	haec_olim_meminisse_iuvabit	Cloud	nanos_gigantum_humeris_insidentes
image_collection	CTDC-STUDY-609903	CTDC-IMAGE-COLLECTION-275390	Macte_animo_Generose_puer_sic_itur_ad_astra	NM	scientia,_aere_perennius	cacatum_non_est_pictum	Download	imperium_in_imperio
image_collection	CTDC-STUDY-609903	CTDC-IMAGE-COLLECTION-685137	imperium_in_imperio	PT	scientiae_cedit_mare	imperium_in_imperio	Unrestricted	barba_crescit_caput_nescit
image_collection	CTDC-STUDY-609903	CTDC-IMAGE-COLLECTION-289822	scientia_et_sapientia	CT	labor_ipse_voluptas	saltus_in_demonstrando	Cloud	labor_ipse_voluptas
image_collection	CTDC-STUDY-609903	CTDC-IMAGE-COLLECTION-279089	scientia,_aere_perennius	CT	cacatum_non_est_pictum	saltus_in_demonstrando	Unrestricted	a_bene_placito
image_collection	CTDC-STUDY-609903	CTDC-IMAGE-COLLECTION-741309	a_bene_placito	PT	O_Tite_tute_Tati_tibi_tanta_tyranne_tulisti	scientia_et_sapientia	Download	pace_tua
image_collection	CTDC-STUDY-609903	CTDC-IMAGE-COLLECTION-555593	scientia_et_labor	MR	scientiae_et_patriae	Obedientia_civium_urbis_felicitas	Download	Macte_animo_Generose_puer_sic_itur_ad_astra
image_collection	CTDC-STUDY-609903	CTDC-IMAGE-COLLECTION-861306	scientiae_et_patriae	US	Gallia_est_omnis_divisa_in_partes_tres	salus_in_arduis	Unrestricted	sapiens_qui_prospicit
image_collection	CTDC-STUDY-609903	CTDC-IMAGE-COLLECTION-832019	Gallia_est_omnis_divisa_in_partes_tres	DX	faber_est_suae_quisque_fortunae	Macte_animo_Generose_puer_sic_itur_ad_astra	Cloud	Obedientia_civium_urbis_felicitas
image_collection	CTDC-STUDY-609903	CTDC-IMAGE-COLLECTION-704150	damnant_quod_non_intellegunt	DX	nanos_gigantum_humeris_insidentes	Macte_animo_Generose_puer_sic_itur_ad_astra	Download	scientia_et_sapientia
image_collection	CTDC-STUDY-609903	CTDC-IMAGE-COLLECTION-966428	pace_tua	CT	labor_ipse_voluptas	scientia_imperii_decus_et_tutamen	Unrestricted	faber_est_suae_quisque_fortunae
image_collection	CTDC-STUDY-609903	CTDC-IMAGE-COLLECTION-925393	imperium_in_imperio	MR	scientia_et_sapientia	cacatum_non_est_pictum	Unrestricted	faber_est_suae_quisque_fortunae
image_collection	CTDC-STUDY-609903	CTDC-IMAGE-COLLECTION-414238	saltus_in_demonstrando	DX	id_quod_plerumque_accidit	labor_ipse_voluptas	Unrestricted	scientia_et_labor
image_collection	CTDC-STUDY-609903	CTDC-IMAGE-COLLECTION-351666	scientiae_et_patriae	PT	Gallia_est_omnis_divisa_in_partes_tres	scientia_et_labor	Cloud	sapiens_qui_prospicit
image_collection	CTDC-STUDY-609903	CTDC-IMAGE-COLLECTION-407915	scientia_imperii_decus_et_tutamen	CT	Gallia_est_omnis_divisa_in_partes_tres	scientia_et_sapientia	Unrestricted	imperium_in_imperio
image_collection	CTDC-STUDY-609903	CTDC-IMAGE-COLLECTION-829828	Macte_animo_Generose_puer_sic_itur_ad_astra	CT	a_bene_placito	imperium_in_imperio	Download	scientia_imperii_decus_et_tutamen
image_collection	CTDC-STUDY-609903	CTDC-IMAGE-COLLECTION-841705	Gallia_est_omnis_divisa_in_partes_tres	US	scientia_imperii_decus_et_tutamen	saltus_in_demonstrando	Download	salus_in_arduis
image_collection	CTDC-STUDY-609903	CTDC-IMAGE-COLLECTION-190663	damnant_quod_non_intellegunt	MR	Macte_animo_Generose_puer_sic_itur_ad_astra	a_bene_placito	Cloud	nanos_gigantum_humeris_insidentes
image_collection	CTDC-STUDY-609903	CTDC-IMAGE-COLLECTION-480053	Macte_animo_Generose_puer_sic_itur_ad_astra	DX	barba_crescit_caput_nescit	scientia_imperii_decus_et_tutamen	Unrestricted	scientiae_et_patriae
image_collection	CTDC-STUDY-609903	CTDC-IMAGE-COLLECTION-492330	Macte_animo_Generose_puer_sic_itur_ad_astra	MR	scientia,_aere_perennius	sapiens_qui_prospicit	Cloud	scientia_et_sapientia
image_collection	CTDC-STUDY-609903	CTDC-IMAGE-COLLECTION-356368	scientiae_cedit_mare	CT	nanos_gigantum_humeris_insidentes	Gallia_est_omnis_divisa_in_partes_tres	Unrestricted	Obedientia_civium_urbis_felicitas
image_collection	CTDC-STUDY-609903	CTDC-IMAGE-COLLECTION-492115	scientia_et_sapientia	MR	damnant_quod_non_intellegunt	saltus_in_demonstrando	Download	barba_crescit_caput_nescit
image_collection	CTDC-STUDY-609903	CTDC-IMAGE-COLLECTION-221131	damnant_quod_non_intellegunt	MR	scientia_imperii_decus_et_tutamen	faber_est_suae_quisque_fortunae	Download	cacatum_non_est_pictum
image_collection	CTDC-STUDY-609903	CTDC-IMAGE-COLLECTION-697205	a_bene_placito	NM	e_causa_ignota	scientia_imperii_decus_et_tutamen	Unrestricted	nanos_gigantum_humeris_insidentes
image_collection	CTDC-STUDY-609903	CTDC-IMAGE-COLLECTION-321043	faber_est_suae_quisque_fortunae	DX	O_Tite_tute_Tati_tibi_tanta_tyranne_tulisti	scientiae_cedit_mare	Unrestricted	scientiae_et_patriae
image_collection	CTDC-STUDY-609903	CTDC-IMAGE-COLLECTION-338892	barba_crescit_caput_nescit	NM	Gallia_est_omnis_divisa_in_partes_tres	pace_tua	Unrestricted	haec_olim_meminisse_iuvabit
image_collection	CTDC-STUDY-609903	CTDC-IMAGE-COLLECTION-728199	barba_crescit_caput_nescit	US	scientia,_aere_perennius	nanos_gigantum_humeris_insidentes	Download	imperium_in_imperio
image_collection	CTDC-STUDY-609903	CTDC-IMAGE-COLLECTION-998976	salus_in_arduis	US	sapiens_qui_prospicit	scientia,_aere_perennius	Unrestricted	scientia_et_sapientia
image_collection	CTDC-STUDY-609903	CTDC-IMAGE-COLLECTION-914705	saltus_in_demonstrando	DX	scientia,_aere_perennius	imperium_in_imperio	Cloud	scientia,_aere_perennius
image_collection	CTDC-STUDY-609903	CTDC-IMAGE-COLLECTION-548728	pace_tua	NM	scientia_et_sapientia	damnant_quod_non_intellegunt	Cloud	haec_olim_meminisse_iuvabit
image_collection	CTDC-STUDY-609903	CTDC-IMAGE-COLLECTION-256992	faber_est_suae_quisque_fortunae	PT	scientia_et_labor	scientia,_aere_perennius	Unrestricted	saltus_in_demonstrando
image_collection	CTDC-STUDY-609903	CTDC-IMAGE-COLLECTION-761324	barba_crescit_caput_nescit	CT	saltus_in_demonstrando	barba_crescit_caput_nescit	Download	scientiae_et_patriae
image_collection	CTDC-STUDY-609903	CTDC-IMAGE-COLLECTION-367097	e_causa_ignota	DX	scientia_et_sapientia	faber_est_suae_quisque_fortunae	Unrestricted	nascentes_morimur_finisque_ab_origine_pendet
image_collection	CTDC-STUDY-609903	CTDC-IMAGE-COLLECTION-120104	saltus_in_demonstrando	NM	haec_olim_meminisse_iuvabit	saltus_in_demonstrando	Cloud	O_Tite_tute_Tati_tibi_tanta_tyranne_tulisti
image_collection	CTDC-STUDY-609903	CTDC-IMAGE-COLLECTION-995897	scientia_imperii_decus_et_tutamen	DX	labor_ipse_voluptas	e_causa_ignota	Cloud	scientiae_et_patriae
image_collection	CTDC-STUDY-609903	CTDC-IMAGE-COLLECTION-989845	Macte_animo_Generose_puer_sic_itur_ad_astra	MR	e_causa_ignota	scientiae_cedit_mare	Download	e_causa_ignota
image_collection	CTDC-STUDY-609903	CTDC-IMAGE-COLLECTION-684533	barba_crescit_caput_nescit	US	saltus_in_demonstrando	a_bene_placito	Cloud	haec_olim_meminisse_iuvabit
image_collection	CTDC-STUDY-609903	CTDC-IMAGE-COLLECTION-237040	saltus_in_demonstrando	NM	haec_olim_meminisse_iuvabit	pace_tua	Download	a_bene_placito
image_collection	CTDC-STUDY-609903	CTDC-IMAGE-COLLECTION-471508	labor_ipse_voluptas	CT	O_Tite_tute_Tati_tibi_tanta_tyranne_tulisti	damnant_quod_non_intellegunt	Cloud	scientia_imperii_decus_et_tutamen
image_collection	CTDC-STUDY-609903	CTDC-IMAGE-COLLECTION-677581	faber_est_suae_quisque_fortunae	DX	labor_ipse_voluptas	nanos_gigantum_humeris_insidentes	Download	scientia_imperii_decus_et_tutamen
image_collection	CTDC-STUDY-609903	CTDC-IMAGE-COLLECTION-943133	saltus_in_demonstrando	DX	nanos_gigantum_humeris_insidentes	scientiae_cedit_mare	Download	scientiae_et_patriae
image_collection	CTDC-STUDY-609903	CTDC-IMAGE-COLLECTION-272918	damnant_quod_non_intellegunt	US	cacatum_non_est_pictum	scientiae_et_patriae	Unrestricted	salus_in_arduis
image_collection	CTDC-STUDY-609903	CTDC-IMAGE-COLLECTION-695994	scientia_et_sapientia	US	Gallia_est_omnis_divisa_in_partes_tres	damnant_quod_non_intellegunt	Cloud	faber_est_suae_quisque_fortunae
image_collection	CTDC-STUDY-609903	CTDC-IMAGE-COLLECTION-645404	sapiens_qui_prospicit	CT	damnant_quod_non_intellegunt	Gallia_est_omnis_divisa_in_partes_tres	Download	salus_in_arduis
image_collection	CTDC-STUDY-609903	CTDC-IMAGE-COLLECTION-352085	e_causa_ignota	US	scientia,_aere_perennius	Gallia_est_omnis_divisa_in_partes_tres	Download	imperium_in_imperio
image_collection	CTDC-STUDY-609903	CTDC-IMAGE-COLLECTION-853294	haec_olim_meminisse_iuvabit	DX	id_quod_plerumque_accidit	scientia_et_labor	Download	O_Tite_tute_Tati_tibi_tanta_tyranne_tulisti
image_collection	CTDC-STUDY-609903	CTDC-IMAGE-COLLECTION-365806	scientiae_cedit_mare	PT	O_Tite_tute_Tati_tibi_tanta_tyranne_tulisti	haec_olim_meminisse_iuvabit	Unrestricted	O_Tite_tute_Tati_tibi_tanta_tyranne_tulisti
image_collection	CTDC-STUDY-609903	CTDC-IMAGE-COLLECTION-524957	Macte_animo_Generose_puer_sic_itur_ad_astra	CT	faber_est_suae_quisque_fortunae	damnant_quod_non_intellegunt	Cloud	e_causa_ignota
image_collection	CTDC-STUDY-609903	CTDC-IMAGE-COLLECTION-530968	Obedientia_civium_urbis_felicitas	DX	scientia,_aere_perennius	faber_est_suae_quisque_fortunae	Download	damnant_quod_non_intellegunt
image_collection	CTDC-STUDY-609903	CTDC-IMAGE-COLLECTION-928412	Macte_animo_Generose_puer_sic_itur_ad_astra	DX	scientia,_aere_perennius	saltus_in_demonstrando	Download	scientia_imperii_decus_et_tutamen
image_collection	CTDC-STUDY-609903	CTDC-IMAGE-COLLECTION-793993	Obedientia_civium_urbis_felicitas	NM	nascentes_morimur_finisque_ab_origine_pendet	scientia_imperii_decus_et_tutamen	Cloud	pace_tua
image_collection	CTDC-STUDY-609903	CTDC-IMAGE-COLLECTION-433402	pace_tua	PT	a_bene_placito	scientia_et_labor	Cloud	Obedientia_civium_urbis_felicitas
image_collection	CTDC-STUDY-609903	CTDC-IMAGE-COLLECTION-941711	nascentes_morimur_finisque_ab_origine_pendet	NM	scientia,_aere_perennius	cacatum_non_est_pictum	Cloud	Obedientia_civium_urbis_felicitas
image_collection	CTDC-STUDY-609903	CTDC-IMAGE-COLLECTION-637513	imperium_in_imperio	US	saltus_in_demonstrando	damnant_quod_non_intellegunt	Cloud	sapiens_qui_prospicit
image_collection	CTDC-STUDY-609903	CTDC-IMAGE-COLLECTION-104691	Macte_animo_Generose_puer_sic_itur_ad_astra	PT	cacatum_non_est_pictum	Macte_animo_Generose_puer_sic_itur_ad_astra	Cloud	Macte_animo_Generose_puer_sic_itur_ad_astra
image_collection	CTDC-STUDY-609903	CTDC-IMAGE-COLLECTION-442148	nanos_gigantum_humeris_insidentes	DX	pace_tua	barba_crescit_caput_nescit	Unrestricted	nascentes_morimur_finisque_ab_origine_pendet
image_collection	CTDC-STUDY-609903	CTDC-IMAGE-COLLECTION-292128	damnant_quod_non_intellegunt	NM	scientia_imperii_decus_et_tutamen	cacatum_non_est_pictum	Unrestricted	nanos_gigantum_humeris_insidentes
image_collection	CTDC-STUDY-609903	CTDC-IMAGE-COLLECTION-195635	Gallia_est_omnis_divisa_in_partes_tres	NM	scientiae_cedit_mare	haec_olim_meminisse_iuvabit	Unrestricted	haec_olim_meminisse_iuvabit
image_collection	CTDC-STUDY-609903	CTDC-IMAGE-COLLECTION-730744	salus_in_arduis	MR	scientiae_et_patriae	scientia,_aere_perennius	Download	scientia_et_sapientia
image_collection	CTDC-STUDY-609903	CTDC-IMAGE-COLLECTION-354029	nascentes_morimur_finisque_ab_origine_pendet	MR	Gallia_est_omnis_divisa_in_partes_tres	damnant_quod_non_intellegunt	Unrestricted	scientia_et_sapientia
image_collection	CTDC-STUDY-609903	CTDC-IMAGE-COLLECTION-777098	nanos_gigantum_humeris_insidentes	CT	saltus_in_demonstrando	scientia_et_labor	Cloud	O_Tite_tute_Tati_tibi_tanta_tyranne_tulisti
