type	study.study_short_name	image_collection_record_id	image_collection_name	image_type_included	image_collection_url	repository_name	collection_access	crdc_id
image_collection	CTDC-STUDY-132885	CTDC-IMAGE-COLLECTION-647767	scientia_et_sapientia	PT	id_quod_plerumque_accidit	scientia_et_labor	Cloud	Macte_animo_Generose_puer_sic_itur_ad_astra
image_collection	CTDC-STUDY-132885	CTDC-IMAGE-COLLECTION-979337	scientia_imperii_decus_et_tutamen	NM	damnant_quod_non_intellegunt	damnant_quod_non_intellegunt	Cloud	damnant_quod_non_intellegunt
image_collection	CTDC-STUDY-132885	CTDC-IMAGE-COLLECTION-608553	labor_ipse_voluptas	NM	saltus_in_demonstrando	O_Tite_tute_Tati_tibi_tanta_tyranne_tulisti	Unrestricted	faber_est_suae_quisque_fortunae
image_collection	CTDC-STUDY-132885	CTDC-IMAGE-COLLECTION-148196	a_bene_placito	PT	sapiens_qui_prospicit	a_bene_placito	Download	saltus_in_demonstrando
image_collection	CTDC-STUDY-132885	CTDC-IMAGE-COLLECTION-764430	pace_tua	MR	Macte_animo_Generose_puer_sic_itur_ad_astra	sapiens_qui_prospicit	Download	pace_tua
image_collection	CTDC-STUDY-132885	CTDC-IMAGE-COLLECTION-318994	sapiens_qui_prospicit	DX	cacatum_non_est_pictum	id_quod_plerumque_accidit	Download	a_bene_placito
image_collection	CTDC-STUDY-132885	CTDC-IMAGE-COLLECTION-265260	faber_est_suae_quisque_fortunae	NM	scientiae_et_patriae	O_Tite_tute_Tati_tibi_tanta_tyranne_tulisti	Cloud	Obedientia_civium_urbis_felicitas
image_collection	CTDC-STUDY-132885	CTDC-IMAGE-COLLECTION-292525	labor_ipse_voluptas	PT	labor_ipse_voluptas	scientia,_aere_perennius	Cloud	Obedientia_civium_urbis_felicitas
image_collection	CTDC-STUDY-132885	CTDC-IMAGE-COLLECTION-325318	labor_ipse_voluptas	CT	saltus_in_demonstrando	salus_in_arduis	Cloud	cacatum_non_est_pictum
image_collection	CTDC-STUDY-132885	CTDC-IMAGE-COLLECTION-687798	Gallia_est_omnis_divisa_in_partes_tres	PT	Gallia_est_omnis_divisa_in_partes_tres	faber_est_suae_quisque_fortunae	Download	id_quod_plerumque_accidit
image_collection	CTDC-STUDY-132885	CTDC-IMAGE-COLLECTION-605748	haec_olim_meminisse_iuvabit	MR	Obedientia_civium_urbis_felicitas	haec_olim_meminisse_iuvabit	Unrestricted	saltus_in_demonstrando
image_collection	CTDC-STUDY-132885	CTDC-IMAGE-COLLECTION-862141	O_Tite_tute_Tati_tibi_tanta_tyranne_tulisti	MR	id_quod_plerumque_accidit	imperium_in_imperio	Download	scientia_et_labor
image_collection	CTDC-STUDY-132885	CTDC-IMAGE-COLLECTION-328216	sapiens_qui_prospicit	CT	Macte_animo_Generose_puer_sic_itur_ad_astra	salus_in_arduis	Cloud	saltus_in_demonstrando
image_collection	CTDC-STUDY-132885	CTDC-IMAGE-COLLECTION-688200	scientiae_et_patriae	US	Obedientia_civium_urbis_felicitas	a_bene_placito	Download	Macte_animo_Generose_puer_sic_itur_ad_astra
image_collection	CTDC-STUDY-132885	CTDC-IMAGE-COLLECTION-284422	barba_crescit_caput_nescit	MR	damnant_quod_non_intellegunt	a_bene_placito	Download	saltus_in_demonstrando
image_collection	CTDC-STUDY-132885	CTDC-IMAGE-COLLECTION-634644	scientia_et_labor	MR	scientiae_cedit_mare	Macte_animo_Generose_puer_sic_itur_ad_astra	Download	nascentes_morimur_finisque_ab_origine_pendet
image_collection	CTDC-STUDY-132885	CTDC-IMAGE-COLLECTION-102805	Gallia_est_omnis_divisa_in_partes_tres	DX	Macte_animo_Generose_puer_sic_itur_ad_astra	nanos_gigantum_humeris_insidentes	Unrestricted	scientia_et_sapientia
image_collection	CTDC-STUDY-132885	CTDC-IMAGE-COLLECTION-650380	saltus_in_demonstrando	DX	imperium_in_imperio	scientiae_et_patriae	Cloud	sapiens_qui_prospicit
image_collection	CTDC-STUDY-132885	CTDC-IMAGE-COLLECTION-100956	damnant_quod_non_intellegunt	PT	scientia_et_labor	scientia,_aere_perennius	Download	barba_crescit_caput_nescit
image_collection	CTDC-STUDY-132885	CTDC-IMAGE-COLLECTION-267820	scientiae_cedit_mare	PT	barba_crescit_caput_nescit	Macte_animo_Generose_puer_sic_itur_ad_astra	Cloud	labor_ipse_voluptas
image_collection	CTDC-STUDY-132885	CTDC-IMAGE-COLLECTION-770842	scientia,_aere_perennius	DX	scientiae_cedit_mare	imperium_in_imperio	Cloud	nascentes_morimur_finisque_ab_origine_pendet
image_collection	CTDC-STUDY-132885	CTDC-IMAGE-COLLECTION-944392	saltus_in_demonstrando	NM	scientiae_et_patriae	Macte_animo_Generose_puer_sic_itur_ad_astra	Unrestricted	scientiae_cedit_mare
image_collection	CTDC-STUDY-132885	CTDC-IMAGE-COLLECTION-107399	nanos_gigantum_humeris_insidentes	PT	scientia_imperii_decus_et_tutamen	faber_est_suae_quisque_fortunae	Download	sapiens_qui_prospicit
image_collection	CTDC-STUDY-132885	CTDC-IMAGE-COLLECTION-523091	salus_in_arduis	NM	Gallia_est_omnis_divisa_in_partes_tres	labor_ipse_voluptas	Unrestricted	scientiae_et_patriae
image_collection	CTDC-STUDY-132885	CTDC-IMAGE-COLLECTION-394928	pace_tua	PT	scientia_imperii_decus_et_tutamen	faber_est_suae_quisque_fortunae	Unrestricted	barba_crescit_caput_nescit
image_collection	CTDC-STUDY-132885	CTDC-IMAGE-COLLECTION-568315	pace_tua	CT	faber_est_suae_quisque_fortunae	scientia_et_sapientia	Unrestricted	scientia,_aere_perennius
image_collection	CTDC-STUDY-132885	CTDC-IMAGE-COLLECTION-561686	Gallia_est_omnis_divisa_in_partes_tres	US	nanos_gigantum_humeris_insidentes	nanos_gigantum_humeris_insidentes	Download	id_quod_plerumque_accidit
image_collection	CTDC-STUDY-132885	CTDC-IMAGE-COLLECTION-640886	scientia_et_labor	US	labor_ipse_voluptas	scientia_et_labor	Cloud	scientiae_et_patriae
image_collection	CTDC-STUDY-132885	CTDC-IMAGE-COLLECTION-867549	e_causa_ignota	US	scientiae_cedit_mare	Obedientia_civium_urbis_felicitas	Cloud	labor_ipse_voluptas
image_collection	CTDC-STUDY-132885	CTDC-IMAGE-COLLECTION-207808	imperium_in_imperio	DX	sapiens_qui_prospicit	O_Tite_tute_Tati_tibi_tanta_tyranne_tulisti	Unrestricted	sapiens_qui_prospicit
image_collection	CTDC-STUDY-132885	CTDC-IMAGE-COLLECTION-830757	scientiae_cedit_mare	DX	barba_crescit_caput_nescit	e_causa_ignota	Unrestricted	damnant_quod_non_intellegunt
image_collection	CTDC-STUDY-132885	CTDC-IMAGE-COLLECTION-209183	O_Tite_tute_Tati_tibi_tanta_tyranne_tulisti	NM	scientiae_cedit_mare	Macte_animo_Generose_puer_sic_itur_ad_astra	Download	imperium_in_imperio
image_collection	CTDC-STUDY-132885	CTDC-IMAGE-COLLECTION-356085	scientia_et_labor	MR	scientia_et_labor	O_Tite_tute_Tati_tibi_tanta_tyranne_tulisti	Cloud	haec_olim_meminisse_iuvabit
image_collection	CTDC-STUDY-132885	CTDC-IMAGE-COLLECTION-448879	barba_crescit_caput_nescit	CT	barba_crescit_caput_nescit	damnant_quod_non_intellegunt	Download	id_quod_plerumque_accidit
image_collection	CTDC-STUDY-132885	CTDC-IMAGE-COLLECTION-690607	scientia_et_sapientia	PT	id_quod_plerumque_accidit	sapiens_qui_prospicit	Download	a_bene_placito
image_collection	CTDC-STUDY-132885	CTDC-IMAGE-COLLECTION-503816	O_Tite_tute_Tati_tibi_tanta_tyranne_tulisti	PT	scientiae_cedit_mare	Obedientia_civium_urbis_felicitas	Cloud	scientia,_aere_perennius
image_collection	CTDC-STUDY-132885	CTDC-IMAGE-COLLECTION-154734	haec_olim_meminisse_iuvabit	PT	id_quod_plerumque_accidit	scientia,_aere_perennius	Cloud	O_Tite_tute_Tati_tibi_tanta_tyranne_tulisti
image_collection	CTDC-STUDY-132885	CTDC-IMAGE-COLLECTION-568694	Obedientia_civium_urbis_felicitas	MR	faber_est_suae_quisque_fortunae	labor_ipse_voluptas	Download	Gallia_est_omnis_divisa_in_partes_tres
image_collection	CTDC-STUDY-132885	CTDC-IMAGE-COLLECTION-231772	scientia_et_labor	PT	sapiens_qui_prospicit	Obedientia_civium_urbis_felicitas	Download	barba_crescit_caput_nescit
image_collection	CTDC-STUDY-132885	CTDC-IMAGE-COLLECTION-253963	haec_olim_meminisse_iuvabit	CT	scientia,_aere_perennius	imperium_in_imperio	Download	haec_olim_meminisse_iuvabit
image_collection	CTDC-STUDY-132885	CTDC-IMAGE-COLLECTION-879882	scientia_et_labor	US	scientiae_et_patriae	Obedientia_civium_urbis_felicitas	Download	haec_olim_meminisse_iuvabit
image_collection	CTDC-STUDY-132885	CTDC-IMAGE-COLLECTION-626794	scientiae_et_patriae	PT	barba_crescit_caput_nescit	Obedientia_civium_urbis_felicitas	Unrestricted	e_causa_ignota
image_collection	CTDC-STUDY-132885	CTDC-IMAGE-COLLECTION-358788	scientiae_cedit_mare	CT	haec_olim_meminisse_iuvabit	scientia,_aere_perennius	Download	scientia_et_labor
image_collection	CTDC-STUDY-132885	CTDC-IMAGE-COLLECTION-178577	sapiens_qui_prospicit	CT	imperium_in_imperio	saltus_in_demonstrando	Cloud	nanos_gigantum_humeris_insidentes
image_collection	CTDC-STUDY-132885	CTDC-IMAGE-COLLECTION-562012	scientia_imperii_decus_et_tutamen	MR	cacatum_non_est_pictum	sapiens_qui_prospicit	Cloud	nascentes_morimur_finisque_ab_origine_pendet
image_collection	CTDC-STUDY-132885	CTDC-IMAGE-COLLECTION-270039	haec_olim_meminisse_iuvabit	DX	nanos_gigantum_humeris_insidentes	faber_est_suae_quisque_fortunae	Download	e_causa_ignota
image_collection	CTDC-STUDY-132885	CTDC-IMAGE-COLLECTION-591195	salus_in_arduis	DX	scientia,_aere_perennius	labor_ipse_voluptas	Unrestricted	scientia,_aere_perennius
image_collection	CTDC-STUDY-132885	CTDC-IMAGE-COLLECTION-665119	damnant_quod_non_intellegunt	CT	pace_tua	e_causa_ignota	Unrestricted	a_bene_placito
image_collection	CTDC-STUDY-132885	CTDC-IMAGE-COLLECTION-621000	e_causa_ignota	NM	Obedientia_civium_urbis_felicitas	sapiens_qui_prospicit	Unrestricted	imperium_in_imperio
image_collection	CTDC-STUDY-132885	CTDC-IMAGE-COLLECTION-194620	nascentes_morimur_finisque_ab_origine_pendet	CT	cacatum_non_est_pictum	imperium_in_imperio	Unrestricted	scientiae_cedit_mare
image_collection	CTDC-STUDY-132885	CTDC-IMAGE-COLLECTION-416158	haec_olim_meminisse_iuvabit	CT	nanos_gigantum_humeris_insidentes	scientia_imperii_decus_et_tutamen	Cloud	salus_in_arduis
image_collection	CTDC-STUDY-132885	CTDC-IMAGE-COLLECTION-255602	scientia_imperii_decus_et_tutamen	US	labor_ipse_voluptas	scientia,_aere_perennius	Cloud	e_causa_ignota
image_collection	CTDC-STUDY-132885	CTDC-IMAGE-COLLECTION-972947	scientia,_aere_perennius	MR	haec_olim_meminisse_iuvabit	scientiae_cedit_mare	Download	Gallia_est_omnis_divisa_in_partes_tres
image_collection	CTDC-STUDY-132885	CTDC-IMAGE-COLLECTION-230357	Obedientia_civium_urbis_felicitas	DX	scientia_et_labor	labor_ipse_voluptas	Unrestricted	damnant_quod_non_intellegunt
image_collection	CTDC-STUDY-132885	CTDC-IMAGE-COLLECTION-663780	saltus_in_demonstrando	US	damnant_quod_non_intellegunt	salus_in_arduis	Download	damnant_quod_non_intellegunt
image_collection	CTDC-STUDY-132885	CTDC-IMAGE-COLLECTION-406263	scientia_et_sapientia	PT	Obedientia_civium_urbis_felicitas	haec_olim_meminisse_iuvabit	Cloud	labor_ipse_voluptas
image_collection	CTDC-STUDY-132885	CTDC-IMAGE-COLLECTION-182177	O_Tite_tute_Tati_tibi_tanta_tyranne_tulisti	MR	a_bene_placito	Gallia_est_omnis_divisa_in_partes_tres	Cloud	scientia_et_sapientia
image_collection	CTDC-STUDY-132885	CTDC-IMAGE-COLLECTION-166415	cacatum_non_est_pictum	NM	barba_crescit_caput_nescit	e_causa_ignota	Cloud	imperium_in_imperio
image_collection	CTDC-STUDY-132885	CTDC-IMAGE-COLLECTION-488662	scientia_imperii_decus_et_tutamen	DX	scientiae_et_patriae	nascentes_morimur_finisque_ab_origine_pendet	Download	scientia_imperii_decus_et_tutamen
image_collection	CTDC-STUDY-132885	CTDC-IMAGE-COLLECTION-969814	saltus_in_demonstrando	PT	haec_olim_meminisse_iuvabit	scientia_et_labor	Download	scientia,_aere_perennius
image_collection	CTDC-STUDY-132885	CTDC-IMAGE-COLLECTION-126879	Gallia_est_omnis_divisa_in_partes_tres	NM	scientia_et_sapientia	imperium_in_imperio	Download	Macte_animo_Generose_puer_sic_itur_ad_astra
image_collection	CTDC-STUDY-132885	CTDC-IMAGE-COLLECTION-422098	scientiae_et_patriae	PT	scientia_et_sapientia	Obedientia_civium_urbis_felicitas	Unrestricted	labor_ipse_voluptas
image_collection	CTDC-STUDY-132885	CTDC-IMAGE-COLLECTION-641137	id_quod_plerumque_accidit	US	a_bene_placito	scientia_et_labor	Cloud	Macte_animo_Generose_puer_sic_itur_ad_astra
image_collection	CTDC-STUDY-132885	CTDC-IMAGE-COLLECTION-538907	saltus_in_demonstrando	CT	labor_ipse_voluptas	Macte_animo_Generose_puer_sic_itur_ad_astra	Cloud	sapiens_qui_prospicit
image_collection	CTDC-STUDY-132885	CTDC-IMAGE-COLLECTION-718880	imperium_in_imperio	PT	scientia_et_labor	id_quod_plerumque_accidit	Cloud	damnant_quod_non_intellegunt
image_collection	CTDC-STUDY-132885	CTDC-IMAGE-COLLECTION-694987	barba_crescit_caput_nescit	PT	pace_tua	scientia_et_sapientia	Unrestricted	pace_tua
image_collection	CTDC-STUDY-132885	CTDC-IMAGE-COLLECTION-740632	cacatum_non_est_pictum	NM	damnant_quod_non_intellegunt	a_bene_placito	Cloud	damnant_quod_non_intellegunt
image_collection	CTDC-STUDY-132885	CTDC-IMAGE-COLLECTION-746581	nascentes_morimur_finisque_ab_origine_pendet	NM	scientiae_cedit_mare	imperium_in_imperio	Unrestricted	nanos_gigantum_humeris_insidentes
image_collection	CTDC-STUDY-132885	CTDC-IMAGE-COLLECTION-820437	scientia_imperii_decus_et_tutamen	NM	scientiae_et_patriae	faber_est_suae_quisque_fortunae	Download	cacatum_non_est_pictum
image_collection	CTDC-STUDY-132885	CTDC-IMAGE-COLLECTION-738835	scientia_et_sapientia	PT	O_Tite_tute_Tati_tibi_tanta_tyranne_tulisti	Gallia_est_omnis_divisa_in_partes_tres	Unrestricted	nanos_gigantum_humeris_insidentes
image_collection	CTDC-STUDY-132885	CTDC-IMAGE-COLLECTION-120985	scientia_et_sapientia	NM	Macte_animo_Generose_puer_sic_itur_ad_astra	O_Tite_tute_Tati_tibi_tanta_tyranne_tulisti	Download	haec_olim_meminisse_iuvabit
image_collection	CTDC-STUDY-132885	CTDC-IMAGE-COLLECTION-557422	scientia_et_sapientia	MR	imperium_in_imperio	sapiens_qui_prospicit	Download	labor_ipse_voluptas
image_collection	CTDC-STUDY-132885	CTDC-IMAGE-COLLECTION-489456	Gallia_est_omnis_divisa_in_partes_tres	CT	cacatum_non_est_pictum	barba_crescit_caput_nescit	Download	scientiae_cedit_mare
image_collection	CTDC-STUDY-132885	CTDC-IMAGE-COLLECTION-458372	scientia_et_labor	PT	id_quod_plerumque_accidit	scientiae_et_patriae	Cloud	scientiae_et_patriae
image_collection	CTDC-STUDY-132885	CTDC-IMAGE-COLLECTION-778626	scientiae_cedit_mare	PT	saltus_in_demonstrando	barba_crescit_caput_nescit	Unrestricted	nanos_gigantum_humeris_insidentes
image_collection	CTDC-STUDY-132885	CTDC-IMAGE-COLLECTION-512403	cacatum_non_est_pictum	NM	pace_tua	pace_tua	Cloud	saltus_in_demonstrando
image_collection	CTDC-STUDY-132885	CTDC-IMAGE-COLLECTION-442060	salus_in_arduis	CT	haec_olim_meminisse_iuvabit	O_Tite_tute_Tati_tibi_tanta_tyranne_tulisti	Cloud	scientiae_et_patriae
image_collection	CTDC-STUDY-132885	CTDC-IMAGE-COLLECTION-626928	scientia_et_labor	CT	scientia_et_sapientia	barba_crescit_caput_nescit	Download	scientiae_cedit_mare
image_collection	CTDC-STUDY-132885	CTDC-IMAGE-COLLECTION-714735	cacatum_non_est_pictum	US	barba_crescit_caput_nescit	scientiae_et_patriae	Unrestricted	damnant_quod_non_intellegunt
image_collection	CTDC-STUDY-132885	CTDC-IMAGE-COLLECTION-897199	scientia,_aere_perennius	DX	scientiae_et_patriae	scientiae_cedit_mare	Cloud	scientiae_et_patriae
image_collection	CTDC-STUDY-132885	CTDC-IMAGE-COLLECTION-286824	faber_est_suae_quisque_fortunae	PT	faber_est_suae_quisque_fortunae	scientia_et_sapientia	Unrestricted	Macte_animo_Generose_puer_sic_itur_ad_astra
image_collection	CTDC-STUDY-132885	CTDC-IMAGE-COLLECTION-606029	a_bene_placito	CT	nanos_gigantum_humeris_insidentes	nascentes_morimur_finisque_ab_origine_pendet	Unrestricted	damnant_quod_non_intellegunt
image_collection	CTDC-STUDY-132885	CTDC-IMAGE-COLLECTION-984986	scientia_imperii_decus_et_tutamen	CT	Obedientia_civium_urbis_felicitas	O_Tite_tute_Tati_tibi_tanta_tyranne_tulisti	Download	pace_tua
image_collection	CTDC-STUDY-132885	CTDC-IMAGE-COLLECTION-382693	scientiae_et_patriae	NM	Obedientia_civium_urbis_felicitas	Gallia_est_omnis_divisa_in_partes_tres	Unrestricted	a_bene_placito
image_collection	CTDC-STUDY-132885	CTDC-IMAGE-COLLECTION-271108	nascentes_morimur_finisque_ab_origine_pendet	US	scientiae_cedit_mare	cacatum_non_est_pictum	Unrestricted	damnant_quod_non_intellegunt
image_collection	CTDC-STUDY-132885	CTDC-IMAGE-COLLECTION-444097	scientiae_et_patriae	PT	haec_olim_meminisse_iuvabit	e_causa_ignota	Unrestricted	pace_tua
image_collection	CTDC-STUDY-132885	CTDC-IMAGE-COLLECTION-607490	e_causa_ignota	PT	imperium_in_imperio	Macte_animo_Generose_puer_sic_itur_ad_astra	Cloud	e_causa_ignota
image_collection	CTDC-STUDY-132885	CTDC-IMAGE-COLLECTION-676022	scientia,_aere_perennius	PT	id_quod_plerumque_accidit	scientia_imperii_decus_et_tutamen	Download	sapiens_qui_prospicit
image_collection	CTDC-STUDY-132885	CTDC-IMAGE-COLLECTION-912749	scientiae_et_patriae	MR	Macte_animo_Generose_puer_sic_itur_ad_astra	scientia_et_sapientia	Unrestricted	scientia_et_labor
image_collection	CTDC-STUDY-132885	CTDC-IMAGE-COLLECTION-322299	haec_olim_meminisse_iuvabit	NM	Gallia_est_omnis_divisa_in_partes_tres	a_bene_placito	Cloud	imperium_in_imperio
image_collection	CTDC-STUDY-132885	CTDC-IMAGE-COLLECTION-274478	salus_in_arduis	DX	labor_ipse_voluptas	scientiae_cedit_mare	Cloud	pace_tua
image_collection	CTDC-STUDY-132885	CTDC-IMAGE-COLLECTION-834891	pace_tua	US	scientia_et_sapientia	faber_est_suae_quisque_fortunae	Cloud	scientia_et_labor
image_collection	CTDC-STUDY-132885	CTDC-IMAGE-COLLECTION-269401	damnant_quod_non_intellegunt	NM	nascentes_morimur_finisque_ab_origine_pendet	faber_est_suae_quisque_fortunae	Unrestricted	scientia_imperii_decus_et_tutamen
image_collection	CTDC-STUDY-132885	CTDC-IMAGE-COLLECTION-424153	O_Tite_tute_Tati_tibi_tanta_tyranne_tulisti	PT	Gallia_est_omnis_divisa_in_partes_tres	O_Tite_tute_Tati_tibi_tanta_tyranne_tulisti	Download	nanos_gigantum_humeris_insidentes
image_collection	CTDC-STUDY-132885	CTDC-IMAGE-COLLECTION-141401	haec_olim_meminisse_iuvabit	MR	O_Tite_tute_Tati_tibi_tanta_tyranne_tulisti	O_Tite_tute_Tati_tibi_tanta_tyranne_tulisti	Cloud	a_bene_placito
image_collection	CTDC-STUDY-132885	CTDC-IMAGE-COLLECTION-887212	sapiens_qui_prospicit	US	Macte_animo_Generose_puer_sic_itur_ad_astra	scientia,_aere_perennius	Unrestricted	Macte_animo_Generose_puer_sic_itur_ad_astra
image_collection	CTDC-STUDY-132885	CTDC-IMAGE-COLLECTION-374281	barba_crescit_caput_nescit	PT	faber_est_suae_quisque_fortunae	scientia_et_sapientia	Download	scientia,_aere_perennius
image_collection	CTDC-STUDY-132885	CTDC-IMAGE-COLLECTION-197956	damnant_quod_non_intellegunt	DX	salus_in_arduis	scientiae_cedit_mare	Unrestricted	cacatum_non_est_pictum
image_collection	CTDC-STUDY-132885	CTDC-IMAGE-COLLECTION-319015	a_bene_placito	NM	haec_olim_meminisse_iuvabit	a_bene_placito	Download	e_causa_ignota
image_collection	CTDC-STUDY-132885	CTDC-IMAGE-COLLECTION-282209	e_causa_ignota	PT	saltus_in_demonstrando	haec_olim_meminisse_iuvabit	Download	O_Tite_tute_Tati_tibi_tanta_tyranne_tulisti
image_collection	CTDC-STUDY-132885	CTDC-IMAGE-COLLECTION-515465	scientia_et_sapientia	PT	a_bene_placito	Macte_animo_Generose_puer_sic_itur_ad_astra	Cloud	faber_est_suae_quisque_fortunae
image_collection	CTDC-STUDY-132885	CTDC-IMAGE-COLLECTION-968155	barba_crescit_caput_nescit	CT	Macte_animo_Generose_puer_sic_itur_ad_astra	a_bene_placito	Unrestricted	salus_in_arduis
image_collection	CTDC-STUDY-132885	CTDC-IMAGE-COLLECTION-912045	pace_tua	PT	nascentes_morimur_finisque_ab_origine_pendet	nascentes_morimur_finisque_ab_origine_pendet	Unrestricted	pace_tua
image_collection	CTDC-STUDY-132885	CTDC-IMAGE-COLLECTION-571183	a_bene_placito	PT	id_quod_plerumque_accidit	a_bene_placito	Cloud	nanos_gigantum_humeris_insidentes
image_collection	CTDC-STUDY-132885	CTDC-IMAGE-COLLECTION-213664	scientia_et_labor	DX	faber_est_suae_quisque_fortunae	e_causa_ignota	Cloud	a_bene_placito
image_collection	CTDC-STUDY-132885	CTDC-IMAGE-COLLECTION-297841	id_quod_plerumque_accidit	DX	cacatum_non_est_pictum	faber_est_suae_quisque_fortunae	Download	scientiae_et_patriae
image_collection	CTDC-STUDY-132885	CTDC-IMAGE-COLLECTION-512305	imperium_in_imperio	MR	haec_olim_meminisse_iuvabit	e_causa_ignota	Cloud	imperium_in_imperio
image_collection	CTDC-STUDY-132885	CTDC-IMAGE-COLLECTION-280924	Macte_animo_Generose_puer_sic_itur_ad_astra	CT	saltus_in_demonstrando	faber_est_suae_quisque_fortunae	Cloud	imperium_in_imperio
image_collection	CTDC-STUDY-132885	CTDC-IMAGE-COLLECTION-386715	nanos_gigantum_humeris_insidentes	PT	faber_est_suae_quisque_fortunae	scientia,_aere_perennius	Cloud	scientia,_aere_perennius
image_collection	CTDC-STUDY-132885	CTDC-IMAGE-COLLECTION-652857	labor_ipse_voluptas	PT	Obedientia_civium_urbis_felicitas	pace_tua	Download	scientiae_et_patriae
image_collection	CTDC-STUDY-132885	CTDC-IMAGE-COLLECTION-279811	O_Tite_tute_Tati_tibi_tanta_tyranne_tulisti	US	scientia_et_sapientia	saltus_in_demonstrando	Cloud	sapiens_qui_prospicit
image_collection	CTDC-STUDY-132885	CTDC-IMAGE-COLLECTION-240104	damnant_quod_non_intellegunt	NM	O_Tite_tute_Tati_tibi_tanta_tyranne_tulisti	Macte_animo_Generose_puer_sic_itur_ad_astra	Download	scientia_et_sapientia
image_collection	CTDC-STUDY-132885	CTDC-IMAGE-COLLECTION-544141	scientia_et_labor	MR	e_causa_ignota	scientia_et_sapientia	Download	damnant_quod_non_intellegunt
image_collection	CTDC-STUDY-132885	CTDC-IMAGE-COLLECTION-965833	pace_tua	US	scientia_et_labor	Macte_animo_Generose_puer_sic_itur_ad_astra	Cloud	O_Tite_tute_Tati_tibi_tanta_tyranne_tulisti
image_collection	CTDC-STUDY-132885	CTDC-IMAGE-COLLECTION-450838	scientia_et_labor	NM	salus_in_arduis	scientia,_aere_perennius	Cloud	Macte_animo_Generose_puer_sic_itur_ad_astra
image_collection	CTDC-STUDY-132885	CTDC-IMAGE-COLLECTION-400006	cacatum_non_est_pictum	DX	Obedientia_civium_urbis_felicitas	scientia_imperii_decus_et_tutamen	Cloud	Gallia_est_omnis_divisa_in_partes_tres
image_collection	CTDC-STUDY-132885	CTDC-IMAGE-COLLECTION-258680	a_bene_placito	MR	nanos_gigantum_humeris_insidentes	scientia_et_labor	Cloud	nanos_gigantum_humeris_insidentes
image_collection	CTDC-STUDY-132885	CTDC-IMAGE-COLLECTION-616957	cacatum_non_est_pictum	PT	O_Tite_tute_Tati_tibi_tanta_tyranne_tulisti	Gallia_est_omnis_divisa_in_partes_tres	Unrestricted	scientia_et_sapientia
image_collection	CTDC-STUDY-132885	CTDC-IMAGE-COLLECTION-587935	barba_crescit_caput_nescit	DX	sapiens_qui_prospicit	saltus_in_demonstrando	Download	scientiae_cedit_mare
image_collection	CTDC-STUDY-132885	CTDC-IMAGE-COLLECTION-831803	damnant_quod_non_intellegunt	US	labor_ipse_voluptas	O_Tite_tute_Tati_tibi_tanta_tyranne_tulisti	Cloud	pace_tua
image_collection	CTDC-STUDY-132885	CTDC-IMAGE-COLLECTION-783322	O_Tite_tute_Tati_tibi_tanta_tyranne_tulisti	CT	imperium_in_imperio	scientia_et_sapientia	Unrestricted	e_causa_ignota
image_collection	CTDC-STUDY-132885	CTDC-IMAGE-COLLECTION-986039	saltus_in_demonstrando	DX	scientia_imperii_decus_et_tutamen	saltus_in_demonstrando	Unrestricted	scientia_et_labor
image_collection	CTDC-STUDY-132885	CTDC-IMAGE-COLLECTION-498040	scientia_imperii_decus_et_tutamen	MR	nanos_gigantum_humeris_insidentes	scientiae_cedit_mare	Download	cacatum_non_est_pictum
image_collection	CTDC-STUDY-132885	CTDC-IMAGE-COLLECTION-757153	a_bene_placito	MR	nascentes_morimur_finisque_ab_origine_pendet	haec_olim_meminisse_iuvabit	Download	haec_olim_meminisse_iuvabit
image_collection	CTDC-STUDY-132885	CTDC-IMAGE-COLLECTION-478790	faber_est_suae_quisque_fortunae	PT	nanos_gigantum_humeris_insidentes	nascentes_morimur_finisque_ab_origine_pendet	Cloud	id_quod_plerumque_accidit
image_collection	CTDC-STUDY-132885	CTDC-IMAGE-COLLECTION-334695	saltus_in_demonstrando	US	scientiae_cedit_mare	salus_in_arduis	Cloud	scientiae_et_patriae
image_collection	CTDC-STUDY-132885	CTDC-IMAGE-COLLECTION-267542	saltus_in_demonstrando	DX	saltus_in_demonstrando	O_Tite_tute_Tati_tibi_tanta_tyranne_tulisti	Cloud	scientia_et_sapientia
image_collection	CTDC-STUDY-132885	CTDC-IMAGE-COLLECTION-210576	nanos_gigantum_humeris_insidentes	PT	scientia,_aere_perennius	a_bene_placito	Cloud	scientia,_aere_perennius
image_collection	CTDC-STUDY-132885	CTDC-IMAGE-COLLECTION-694530	nanos_gigantum_humeris_insidentes	DX	Obedientia_civium_urbis_felicitas	scientia_et_labor	Cloud	cacatum_non_est_pictum
image_collection	CTDC-STUDY-132885	CTDC-IMAGE-COLLECTION-126230	Obedientia_civium_urbis_felicitas	PT	labor_ipse_voluptas	haec_olim_meminisse_iuvabit	Download	Obedientia_civium_urbis_felicitas
image_collection	CTDC-STUDY-132885	CTDC-IMAGE-COLLECTION-112774	a_bene_placito	US	nanos_gigantum_humeris_insidentes	scientia_et_sapientia	Cloud	damnant_quod_non_intellegunt
image_collection	CTDC-STUDY-132885	CTDC-IMAGE-COLLECTION-181980	faber_est_suae_quisque_fortunae	DX	sapiens_qui_prospicit	scientia_et_labor	Download	Gallia_est_omnis_divisa_in_partes_tres
image_collection	CTDC-STUDY-132885	CTDC-IMAGE-COLLECTION-243270	id_quod_plerumque_accidit	MR	barba_crescit_caput_nescit	scientia_et_labor	Download	faber_est_suae_quisque_fortunae
image_collection	CTDC-STUDY-132885	CTDC-IMAGE-COLLECTION-820848	Macte_animo_Generose_puer_sic_itur_ad_astra	CT	pace_tua	cacatum_non_est_pictum	Download	damnant_quod_non_intellegunt
image_collection	CTDC-STUDY-132885	CTDC-IMAGE-COLLECTION-576561	e_causa_ignota	DX	nanos_gigantum_humeris_insidentes	scientia,_aere_perennius	Cloud	id_quod_plerumque_accidit
image_collection	CTDC-STUDY-132885	CTDC-IMAGE-COLLECTION-867465	cacatum_non_est_pictum	PT	id_quod_plerumque_accidit	nascentes_morimur_finisque_ab_origine_pendet	Cloud	scientia_imperii_decus_et_tutamen
image_collection	CTDC-STUDY-132885	CTDC-IMAGE-COLLECTION-200219	cacatum_non_est_pictum	MR	scientia_et_sapientia	a_bene_placito	Download	scientiae_et_patriae
image_collection	CTDC-STUDY-132885	CTDC-IMAGE-COLLECTION-635522	a_bene_placito	CT	faber_est_suae_quisque_fortunae	nanos_gigantum_humeris_insidentes	Download	scientiae_et_patriae
image_collection	CTDC-STUDY-132885	CTDC-IMAGE-COLLECTION-976115	O_Tite_tute_Tati_tibi_tanta_tyranne_tulisti	PT	scientiae_cedit_mare	scientia_et_labor	Download	O_Tite_tute_Tati_tibi_tanta_tyranne_tulisti
image_collection	CTDC-STUDY-132885	CTDC-IMAGE-COLLECTION-896296	nanos_gigantum_humeris_insidentes	DX	a_bene_placito	salus_in_arduis	Cloud	damnant_quod_non_intellegunt
image_collection	CTDC-STUDY-132885	CTDC-IMAGE-COLLECTION-943063	e_causa_ignota	NM	damnant_quod_non_intellegunt	imperium_in_imperio	Download	id_quod_plerumque_accidit
image_collection	CTDC-STUDY-132885	CTDC-IMAGE-COLLECTION-161139	cacatum_non_est_pictum	PT	e_causa_ignota	scientia,_aere_perennius	Download	id_quod_plerumque_accidit
image_collection	CTDC-STUDY-132885	CTDC-IMAGE-COLLECTION-597761	saltus_in_demonstrando	CT	pace_tua	Obedientia_civium_urbis_felicitas	Download	imperium_in_imperio
image_collection	CTDC-STUDY-132885	CTDC-IMAGE-COLLECTION-622074	faber_est_suae_quisque_fortunae	PT	scientiae_et_patriae	barba_crescit_caput_nescit	Unrestricted	scientia_et_sapientia
image_collection	CTDC-STUDY-132885	CTDC-IMAGE-COLLECTION-887662	O_Tite_tute_Tati_tibi_tanta_tyranne_tulisti	US	scientia,_aere_perennius	Obedientia_civium_urbis_felicitas	Cloud	scientiae_cedit_mare
image_collection	CTDC-STUDY-132885	CTDC-IMAGE-COLLECTION-919591	cacatum_non_est_pictum	US	labor_ipse_voluptas	Obedientia_civium_urbis_felicitas	Download	Gallia_est_omnis_divisa_in_partes_tres
image_collection	CTDC-STUDY-132885	CTDC-IMAGE-COLLECTION-623332	imperium_in_imperio	US	sapiens_qui_prospicit	haec_olim_meminisse_iuvabit	Unrestricted	nanos_gigantum_humeris_insidentes
image_collection	CTDC-STUDY-132885	CTDC-IMAGE-COLLECTION-734724	pace_tua	DX	e_causa_ignota	scientia_et_labor	Download	scientia_imperii_decus_et_tutamen
image_collection	CTDC-STUDY-132885	CTDC-IMAGE-COLLECTION-523634	a_bene_placito	PT	Gallia_est_omnis_divisa_in_partes_tres	id_quod_plerumque_accidit	Cloud	Macte_animo_Generose_puer_sic_itur_ad_astra
image_collection	CTDC-STUDY-132885	CTDC-IMAGE-COLLECTION-422909	labor_ipse_voluptas	MR	sapiens_qui_prospicit	faber_est_suae_quisque_fortunae	Cloud	labor_ipse_voluptas
image_collection	CTDC-STUDY-132885	CTDC-IMAGE-COLLECTION-625581	O_Tite_tute_Tati_tibi_tanta_tyranne_tulisti	CT	scientiae_cedit_mare	pace_tua	Cloud	nanos_gigantum_humeris_insidentes
image_collection	CTDC-STUDY-132885	CTDC-IMAGE-COLLECTION-281730	Gallia_est_omnis_divisa_in_partes_tres	DX	id_quod_plerumque_accidit	salus_in_arduis	Cloud	pace_tua
image_collection	CTDC-STUDY-132885	CTDC-IMAGE-COLLECTION-723245	imperium_in_imperio	PT	e_causa_ignota	scientia,_aere_perennius	Download	labor_ipse_voluptas
image_collection	CTDC-STUDY-132885	CTDC-IMAGE-COLLECTION-913500	scientia_et_sapientia	US	cacatum_non_est_pictum	sapiens_qui_prospicit	Cloud	scientia_imperii_decus_et_tutamen
image_collection	CTDC-STUDY-132885	CTDC-IMAGE-COLLECTION-997142	saltus_in_demonstrando	PT	Obedientia_civium_urbis_felicitas	scientia_et_sapientia	Cloud	damnant_quod_non_intellegunt
image_collection	CTDC-STUDY-132885	CTDC-IMAGE-COLLECTION-250806	Gallia_est_omnis_divisa_in_partes_tres	NM	saltus_in_demonstrando	a_bene_placito	Cloud	id_quod_plerumque_accidit
image_collection	CTDC-STUDY-132885	CTDC-IMAGE-COLLECTION-519056	faber_est_suae_quisque_fortunae	DX	e_causa_ignota	Obedientia_civium_urbis_felicitas	Download	cacatum_non_est_pictum
image_collection	CTDC-STUDY-132885	CTDC-IMAGE-COLLECTION-967484	labor_ipse_voluptas	DX	haec_olim_meminisse_iuvabit	faber_est_suae_quisque_fortunae	Download	scientiae_cedit_mare
image_collection	CTDC-STUDY-132885	CTDC-IMAGE-COLLECTION-839453	saltus_in_demonstrando	MR	haec_olim_meminisse_iuvabit	nascentes_morimur_finisque_ab_origine_pendet	Cloud	saltus_in_demonstrando
image_collection	CTDC-STUDY-132885	CTDC-IMAGE-COLLECTION-263806	Obedientia_civium_urbis_felicitas	DX	damnant_quod_non_intellegunt	imperium_in_imperio	Download	pace_tua
image_collection	CTDC-STUDY-132885	CTDC-IMAGE-COLLECTION-498344	Obedientia_civium_urbis_felicitas	NM	nanos_gigantum_humeris_insidentes	scientia_et_labor	Unrestricted	sapiens_qui_prospicit
image_collection	CTDC-STUDY-132885	CTDC-IMAGE-COLLECTION-110842	O_Tite_tute_Tati_tibi_tanta_tyranne_tulisti	CT	sapiens_qui_prospicit	salus_in_arduis	Unrestricted	e_causa_ignota
image_collection	CTDC-STUDY-132885	CTDC-IMAGE-COLLECTION-445015	imperium_in_imperio	PT	barba_crescit_caput_nescit	damnant_quod_non_intellegunt	Cloud	pace_tua
image_collection	CTDC-STUDY-132885	CTDC-IMAGE-COLLECTION-167794	imperium_in_imperio	NM	nascentes_morimur_finisque_ab_origine_pendet	scientiae_cedit_mare	Download	Obedientia_civium_urbis_felicitas
image_collection	CTDC-STUDY-132885	CTDC-IMAGE-COLLECTION-842380	scientiae_cedit_mare	CT	Gallia_est_omnis_divisa_in_partes_tres	barba_crescit_caput_nescit	Download	pace_tua
image_collection	CTDC-STUDY-132885	CTDC-IMAGE-COLLECTION-590908	scientia,_aere_perennius	US	sapiens_qui_prospicit	O_Tite_tute_Tati_tibi_tanta_tyranne_tulisti	Cloud	pace_tua
image_collection	CTDC-STUDY-132885	CTDC-IMAGE-COLLECTION-779534	scientia,_aere_perennius	DX	damnant_quod_non_intellegunt	saltus_in_demonstrando	Cloud	haec_olim_meminisse_iuvabit
image_collection	CTDC-STUDY-132885	CTDC-IMAGE-COLLECTION-800818	scientia_imperii_decus_et_tutamen	CT	scientia,_aere_perennius	saltus_in_demonstrando	Download	Macte_animo_Generose_puer_sic_itur_ad_astra
image_collection	CTDC-STUDY-132885	CTDC-IMAGE-COLLECTION-884638	scientiae_cedit_mare	CT	barba_crescit_caput_nescit	scientia_et_labor	Download	labor_ipse_voluptas
image_collection	CTDC-STUDY-132885	CTDC-IMAGE-COLLECTION-455412	id_quod_plerumque_accidit	CT	scientiae_cedit_mare	nascentes_morimur_finisque_ab_origine_pendet	Cloud	Gallia_est_omnis_divisa_in_partes_tres
image_collection	CTDC-STUDY-132885	CTDC-IMAGE-COLLECTION-459413	Macte_animo_Generose_puer_sic_itur_ad_astra	PT	e_causa_ignota	Obedientia_civium_urbis_felicitas	Unrestricted	scientiae_et_patriae
image_collection	CTDC-STUDY-132885	CTDC-IMAGE-COLLECTION-112919	cacatum_non_est_pictum	CT	nanos_gigantum_humeris_insidentes	id_quod_plerumque_accidit	Unrestricted	pace_tua
image_collection	CTDC-STUDY-132885	CTDC-IMAGE-COLLECTION-766902	labor_ipse_voluptas	MR	scientiae_et_patriae	saltus_in_demonstrando	Unrestricted	scientiae_et_patriae
image_collection	CTDC-STUDY-132885	CTDC-IMAGE-COLLECTION-721179	id_quod_plerumque_accidit	DX	imperium_in_imperio	faber_est_suae_quisque_fortunae	Unrestricted	haec_olim_meminisse_iuvabit
image_collection	CTDC-STUDY-132885	CTDC-IMAGE-COLLECTION-245967	Obedientia_civium_urbis_felicitas	CT	haec_olim_meminisse_iuvabit	Obedientia_civium_urbis_felicitas	Cloud	scientiae_et_patriae
image_collection	CTDC-STUDY-132885	CTDC-IMAGE-COLLECTION-333653	saltus_in_demonstrando	DX	scientiae_cedit_mare	scientia,_aere_perennius	Cloud	a_bene_placito
image_collection	CTDC-STUDY-132885	CTDC-IMAGE-COLLECTION-259458	Obedientia_civium_urbis_felicitas	PT	nascentes_morimur_finisque_ab_origine_pendet	scientia_et_labor	Unrestricted	scientia_et_labor
image_collection	CTDC-STUDY-132885	CTDC-IMAGE-COLLECTION-950813	scientia_imperii_decus_et_tutamen	NM	haec_olim_meminisse_iuvabit	imperium_in_imperio	Cloud	scientia_et_labor
image_collection	CTDC-STUDY-132885	CTDC-IMAGE-COLLECTION-436704	scientiae_et_patriae	MR	salus_in_arduis	imperium_in_imperio	Cloud	id_quod_plerumque_accidit
image_collection	CTDC-STUDY-132885	CTDC-IMAGE-COLLECTION-674694	a_bene_placito	MR	haec_olim_meminisse_iuvabit	barba_crescit_caput_nescit	Download	damnant_quod_non_intellegunt
image_collection	CTDC-STUDY-132885	CTDC-IMAGE-COLLECTION-585623	id_quod_plerumque_accidit	NM	labor_ipse_voluptas	scientia_et_sapientia	Unrestricted	nanos_gigantum_humeris_insidentes
image_collection	CTDC-STUDY-132885	CTDC-IMAGE-COLLECTION-161817	nascentes_morimur_finisque_ab_origine_pendet	DX	scientia_et_labor	scientia_et_sapientia	Unrestricted	scientiae_cedit_mare
image_collection	CTDC-STUDY-132885	CTDC-IMAGE-COLLECTION-794546	scientiae_cedit_mare	CT	barba_crescit_caput_nescit	barba_crescit_caput_nescit	Download	Macte_animo_Generose_puer_sic_itur_ad_astra
image_collection	CTDC-STUDY-132885	CTDC-IMAGE-COLLECTION-876615	O_Tite_tute_Tati_tibi_tanta_tyranne_tulisti	PT	scientia_et_sapientia	faber_est_suae_quisque_fortunae	Download	pace_tua
image_collection	CTDC-STUDY-132885	CTDC-IMAGE-COLLECTION-367500	barba_crescit_caput_nescit	DX	scientia_imperii_decus_et_tutamen	barba_crescit_caput_nescit	Unrestricted	salus_in_arduis
image_collection	CTDC-STUDY-132885	CTDC-IMAGE-COLLECTION-702557	nascentes_morimur_finisque_ab_origine_pendet	NM	barba_crescit_caput_nescit	pace_tua	Cloud	scientia_et_sapientia
image_collection	CTDC-STUDY-132885	CTDC-IMAGE-COLLECTION-870443	scientiae_cedit_mare	MR	labor_ipse_voluptas	labor_ipse_voluptas	Unrestricted	saltus_in_demonstrando
image_collection	CTDC-STUDY-132885	CTDC-IMAGE-COLLECTION-243262	scientia_et_labor	PT	Macte_animo_Generose_puer_sic_itur_ad_astra	saltus_in_demonstrando	Download	Macte_animo_Generose_puer_sic_itur_ad_astra
image_collection	CTDC-STUDY-132885	CTDC-IMAGE-COLLECTION-251906	id_quod_plerumque_accidit	DX	saltus_in_demonstrando	O_Tite_tute_Tati_tibi_tanta_tyranne_tulisti	Cloud	faber_est_suae_quisque_fortunae
image_collection	CTDC-STUDY-132885	CTDC-IMAGE-COLLECTION-858381	nascentes_morimur_finisque_ab_origine_pendet	MR	imperium_in_imperio	haec_olim_meminisse_iuvabit	Unrestricted	sapiens_qui_prospicit
image_collection	CTDC-STUDY-132885	CTDC-IMAGE-COLLECTION-679719	Gallia_est_omnis_divisa_in_partes_tres	CT	cacatum_non_est_pictum	e_causa_ignota	Download	nascentes_morimur_finisque_ab_origine_pendet
image_collection	CTDC-STUDY-132885	CTDC-IMAGE-COLLECTION-897659	saltus_in_demonstrando	CT	sapiens_qui_prospicit	damnant_quod_non_intellegunt	Download	scientia_imperii_decus_et_tutamen
image_collection	CTDC-STUDY-132885	CTDC-IMAGE-COLLECTION-204211	damnant_quod_non_intellegunt	US	barba_crescit_caput_nescit	e_causa_ignota	Download	nanos_gigantum_humeris_insidentes
image_collection	CTDC-STUDY-132885	CTDC-IMAGE-COLLECTION-154698	labor_ipse_voluptas	PT	scientia_et_labor	damnant_quod_non_intellegunt	Download	scientia_imperii_decus_et_tutamen
image_collection	CTDC-STUDY-132885	CTDC-IMAGE-COLLECTION-625446	e_causa_ignota	MR	Macte_animo_Generose_puer_sic_itur_ad_astra	Macte_animo_Generose_puer_sic_itur_ad_astra	Cloud	cacatum_non_est_pictum
image_collection	CTDC-STUDY-132885	CTDC-IMAGE-COLLECTION-236022	O_Tite_tute_Tati_tibi_tanta_tyranne_tulisti	CT	cacatum_non_est_pictum	haec_olim_meminisse_iuvabit	Cloud	scientiae_cedit_mare
image_collection	CTDC-STUDY-132885	CTDC-IMAGE-COLLECTION-116306	scientia_et_labor	CT	scientia,_aere_perennius	sapiens_qui_prospicit	Download	faber_est_suae_quisque_fortunae
image_collection	CTDC-STUDY-132885	CTDC-IMAGE-COLLECTION-260220	haec_olim_meminisse_iuvabit	CT	scientiae_cedit_mare	labor_ipse_voluptas	Cloud	scientia_et_labor
image_collection	CTDC-STUDY-132885	CTDC-IMAGE-COLLECTION-673005	barba_crescit_caput_nescit	NM	imperium_in_imperio	scientiae_cedit_mare	Cloud	salus_in_arduis
image_collection	CTDC-STUDY-132885	CTDC-IMAGE-COLLECTION-995540	a_bene_placito	NM	O_Tite_tute_Tati_tibi_tanta_tyranne_tulisti	haec_olim_meminisse_iuvabit	Download	nanos_gigantum_humeris_insidentes
