type	study.study_short_name	image_collection_record_id	image_collection_name	image_type_included	image_collection_url	repository_name	collection_access	crdc_id
image_collection	CTDC-STUDY-441495	CTDC-IMAGE-COLLECTION-634619	O_Tite_tute_Tati_tibi_tanta_tyranne_tulisti	US	e_causa_ignota	scientiae_et_patriae	Download	Gallia_est_omnis_divisa_in_partes_tres
image_collection	CTDC-STUDY-441495	CTDC-IMAGE-COLLECTION-857291	labor_ipse_voluptas	NM	faber_est_suae_quisque_fortunae	scientiae_cedit_mare	Cloud	Obedientia_civium_urbis_felicitas
image_collection	CTDC-STUDY-441495	CTDC-IMAGE-COLLECTION-174614	faber_est_suae_quisque_fortunae	MR	scientia,_aere_perennius	scientia_et_labor	Cloud	saltus_in_demonstrando
image_collection	CTDC-STUDY-441495	CTDC-IMAGE-COLLECTION-469268	Macte_animo_Generose_puer_sic_itur_ad_astra	DX	O_Tite_tute_Tati_tibi_tanta_tyranne_tulisti	e_causa_ignota	Download	labor_ipse_voluptas
image_collection	CTDC-STUDY-441495	CTDC-IMAGE-COLLECTION-347906	salus_in_arduis	MR	cacatum_non_est_pictum	scientia_et_labor	Cloud	pace_tua
image_collection	CTDC-STUDY-441495	CTDC-IMAGE-COLLECTION-737733	scientiae_cedit_mare	CT	id_quod_plerumque_accidit	cacatum_non_est_pictum	Download	a_bene_placito
image_collection	CTDC-STUDY-441495	CTDC-IMAGE-COLLECTION-127897	salus_in_arduis	DX	nanos_gigantum_humeris_insidentes	id_quod_plerumque_accidit	Cloud	scientiae_cedit_mare
image_collection	CTDC-STUDY-441495	CTDC-IMAGE-COLLECTION-689188	barba_crescit_caput_nescit	NM	sapiens_qui_prospicit	scientia_imperii_decus_et_tutamen	Download	O_Tite_tute_Tati_tibi_tanta_tyranne_tulisti
image_collection	CTDC-STUDY-441495	CTDC-IMAGE-COLLECTION-611257	nascentes_morimur_finisque_ab_origine_pendet	PT	a_bene_placito	a_bene_placito	Download	nascentes_morimur_finisque_ab_origine_pendet
image_collection	CTDC-STUDY-441495	CTDC-IMAGE-COLLECTION-304742	Gallia_est_omnis_divisa_in_partes_tres	NM	faber_est_suae_quisque_fortunae	O_Tite_tute_Tati_tibi_tanta_tyranne_tulisti	Download	sapiens_qui_prospicit
image_collection	CTDC-STUDY-441495	CTDC-IMAGE-COLLECTION-630202	scientia_et_sapientia	CT	O_Tite_tute_Tati_tibi_tanta_tyranne_tulisti	scientiae_et_patriae	Unrestricted	scientia_et_labor
image_collection	CTDC-STUDY-441495	CTDC-IMAGE-COLLECTION-108187	salus_in_arduis	CT	imperium_in_imperio	scientia_et_labor	Download	scientia_et_sapientia
image_collection	CTDC-STUDY-441495	CTDC-IMAGE-COLLECTION-147097	sapiens_qui_prospicit	DX	haec_olim_meminisse_iuvabit	imperium_in_imperio	Unrestricted	a_bene_placito
image_collection	CTDC-STUDY-441495	CTDC-IMAGE-COLLECTION-234327	imperium_in_imperio	DX	id_quod_plerumque_accidit	barba_crescit_caput_nescit	Cloud	Obedientia_civium_urbis_felicitas
image_collection	CTDC-STUDY-441495	CTDC-IMAGE-COLLECTION-380941	faber_est_suae_quisque_fortunae	US	sapiens_qui_prospicit	scientia,_aere_perennius	Cloud	scientia_et_sapientia
image_collection	CTDC-STUDY-441495	CTDC-IMAGE-COLLECTION-243219	salus_in_arduis	NM	damnant_quod_non_intellegunt	a_bene_placito	Unrestricted	Gallia_est_omnis_divisa_in_partes_tres
image_collection	CTDC-STUDY-441495	CTDC-IMAGE-COLLECTION-588569	e_causa_ignota	CT	id_quod_plerumque_accidit	scientiae_et_patriae	Unrestricted	imperium_in_imperio
image_collection	CTDC-STUDY-441495	CTDC-IMAGE-COLLECTION-264701	faber_est_suae_quisque_fortunae	PT	barba_crescit_caput_nescit	e_causa_ignota	Cloud	scientia_et_labor
image_collection	CTDC-STUDY-441495	CTDC-IMAGE-COLLECTION-843809	pace_tua	MR	Obedientia_civium_urbis_felicitas	e_causa_ignota	Download	sapiens_qui_prospicit
image_collection	CTDC-STUDY-441495	CTDC-IMAGE-COLLECTION-391491	haec_olim_meminisse_iuvabit	DX	barba_crescit_caput_nescit	cacatum_non_est_pictum	Cloud	Macte_animo_Generose_puer_sic_itur_ad_astra
image_collection	CTDC-STUDY-441495	CTDC-IMAGE-COLLECTION-476454	nanos_gigantum_humeris_insidentes	MR	Obedientia_civium_urbis_felicitas	pace_tua	Unrestricted	a_bene_placito
image_collection	CTDC-STUDY-441495	CTDC-IMAGE-COLLECTION-487723	Macte_animo_Generose_puer_sic_itur_ad_astra	PT	nanos_gigantum_humeris_insidentes	haec_olim_meminisse_iuvabit	Cloud	scientiae_et_patriae
image_collection	CTDC-STUDY-441495	CTDC-IMAGE-COLLECTION-200088	pace_tua	NM	faber_est_suae_quisque_fortunae	id_quod_plerumque_accidit	Cloud	nanos_gigantum_humeris_insidentes
image_collection	CTDC-STUDY-441495	CTDC-IMAGE-COLLECTION-530720	Gallia_est_omnis_divisa_in_partes_tres	DX	cacatum_non_est_pictum	scientia_imperii_decus_et_tutamen	Unrestricted	scientia_et_sapientia
image_collection	CTDC-STUDY-441495	CTDC-IMAGE-COLLECTION-197455	cacatum_non_est_pictum	PT	barba_crescit_caput_nescit	pace_tua	Cloud	sapiens_qui_prospicit
image_collection	CTDC-STUDY-441495	CTDC-IMAGE-COLLECTION-829693	scientia,_aere_perennius	PT	O_Tite_tute_Tati_tibi_tanta_tyranne_tulisti	damnant_quod_non_intellegunt	Unrestricted	scientia_et_sapientia
image_collection	CTDC-STUDY-441495	CTDC-IMAGE-COLLECTION-202389	imperium_in_imperio	CT	saltus_in_demonstrando	scientiae_cedit_mare	Cloud	salus_in_arduis
image_collection	CTDC-STUDY-441495	CTDC-IMAGE-COLLECTION-707351	cacatum_non_est_pictum	PT	scientia_imperii_decus_et_tutamen	nanos_gigantum_humeris_insidentes	Download	O_Tite_tute_Tati_tibi_tanta_tyranne_tulisti
image_collection	CTDC-STUDY-441495	CTDC-IMAGE-COLLECTION-961635	scientia_et_sapientia	MR	saltus_in_demonstrando	id_quod_plerumque_accidit	Cloud	scientiae_et_patriae
image_collection	CTDC-STUDY-441495	CTDC-IMAGE-COLLECTION-385946	Macte_animo_Generose_puer_sic_itur_ad_astra	US	cacatum_non_est_pictum	nanos_gigantum_humeris_insidentes	Download	Obedientia_civium_urbis_felicitas
image_collection	CTDC-STUDY-441495	CTDC-IMAGE-COLLECTION-891769	cacatum_non_est_pictum	CT	nascentes_morimur_finisque_ab_origine_pendet	saltus_in_demonstrando	Cloud	scientia_et_labor
image_collection	CTDC-STUDY-441495	CTDC-IMAGE-COLLECTION-290094	faber_est_suae_quisque_fortunae	DX	faber_est_suae_quisque_fortunae	haec_olim_meminisse_iuvabit	Cloud	barba_crescit_caput_nescit
image_collection	CTDC-STUDY-441495	CTDC-IMAGE-COLLECTION-315714	nanos_gigantum_humeris_insidentes	PT	salus_in_arduis	scientia_et_labor	Cloud	pace_tua
image_collection	CTDC-STUDY-441495	CTDC-IMAGE-COLLECTION-470500	Obedientia_civium_urbis_felicitas	PT	labor_ipse_voluptas	scientiae_cedit_mare	Unrestricted	scientiae_et_patriae
image_collection	CTDC-STUDY-441495	CTDC-IMAGE-COLLECTION-611400	salus_in_arduis	DX	sapiens_qui_prospicit	nascentes_morimur_finisque_ab_origine_pendet	Cloud	e_causa_ignota
image_collection	CTDC-STUDY-441495	CTDC-IMAGE-COLLECTION-153652	id_quod_plerumque_accidit	MR	damnant_quod_non_intellegunt	scientiae_cedit_mare	Unrestricted	Gallia_est_omnis_divisa_in_partes_tres
image_collection	CTDC-STUDY-441495	CTDC-IMAGE-COLLECTION-739643	Macte_animo_Generose_puer_sic_itur_ad_astra	CT	scientiae_cedit_mare	sapiens_qui_prospicit	Download	nascentes_morimur_finisque_ab_origine_pendet
image_collection	CTDC-STUDY-441495	CTDC-IMAGE-COLLECTION-803512	a_bene_placito	MR	salus_in_arduis	pace_tua	Cloud	nanos_gigantum_humeris_insidentes
image_collection	CTDC-STUDY-441495	CTDC-IMAGE-COLLECTION-343889	Obedientia_civium_urbis_felicitas	PT	id_quod_plerumque_accidit	scientia,_aere_perennius	Unrestricted	scientiae_et_patriae
image_collection	CTDC-STUDY-441495	CTDC-IMAGE-COLLECTION-669336	id_quod_plerumque_accidit	MR	damnant_quod_non_intellegunt	id_quod_plerumque_accidit	Cloud	imperium_in_imperio
image_collection	CTDC-STUDY-441495	CTDC-IMAGE-COLLECTION-670014	salus_in_arduis	PT	nascentes_morimur_finisque_ab_origine_pendet	damnant_quod_non_intellegunt	Cloud	labor_ipse_voluptas
image_collection	CTDC-STUDY-441495	CTDC-IMAGE-COLLECTION-145659	haec_olim_meminisse_iuvabit	CT	scientiae_et_patriae	damnant_quod_non_intellegunt	Download	haec_olim_meminisse_iuvabit
image_collection	CTDC-STUDY-441495	CTDC-IMAGE-COLLECTION-471231	a_bene_placito	CT	cacatum_non_est_pictum	imperium_in_imperio	Download	Macte_animo_Generose_puer_sic_itur_ad_astra
image_collection	CTDC-STUDY-441495	CTDC-IMAGE-COLLECTION-657782	nascentes_morimur_finisque_ab_origine_pendet	PT	faber_est_suae_quisque_fortunae	saltus_in_demonstrando	Cloud	sapiens_qui_prospicit
image_collection	CTDC-STUDY-441495	CTDC-IMAGE-COLLECTION-652064	nascentes_morimur_finisque_ab_origine_pendet	NM	nascentes_morimur_finisque_ab_origine_pendet	scientiae_cedit_mare	Cloud	cacatum_non_est_pictum
image_collection	CTDC-STUDY-441495	CTDC-IMAGE-COLLECTION-526207	scientiae_cedit_mare	CT	imperium_in_imperio	nanos_gigantum_humeris_insidentes	Cloud	sapiens_qui_prospicit
image_collection	CTDC-STUDY-441495	CTDC-IMAGE-COLLECTION-222888	nascentes_morimur_finisque_ab_origine_pendet	MR	nascentes_morimur_finisque_ab_origine_pendet	Obedientia_civium_urbis_felicitas	Download	imperium_in_imperio
image_collection	CTDC-STUDY-441495	CTDC-IMAGE-COLLECTION-237432	e_causa_ignota	PT	O_Tite_tute_Tati_tibi_tanta_tyranne_tulisti	pace_tua	Cloud	a_bene_placito
image_collection	CTDC-STUDY-441495	CTDC-IMAGE-COLLECTION-563229	haec_olim_meminisse_iuvabit	DX	scientia_imperii_decus_et_tutamen	faber_est_suae_quisque_fortunae	Cloud	e_causa_ignota
image_collection	CTDC-STUDY-441495	CTDC-IMAGE-COLLECTION-588401	nanos_gigantum_humeris_insidentes	CT	pace_tua	id_quod_plerumque_accidit	Cloud	Macte_animo_Generose_puer_sic_itur_ad_astra
image_collection	CTDC-STUDY-441495	CTDC-IMAGE-COLLECTION-512224	O_Tite_tute_Tati_tibi_tanta_tyranne_tulisti	DX	barba_crescit_caput_nescit	saltus_in_demonstrando	Cloud	scientia,_aere_perennius
image_collection	CTDC-STUDY-441495	CTDC-IMAGE-COLLECTION-501648	scientia_imperii_decus_et_tutamen	PT	cacatum_non_est_pictum	Gallia_est_omnis_divisa_in_partes_tres	Unrestricted	O_Tite_tute_Tati_tibi_tanta_tyranne_tulisti
image_collection	CTDC-STUDY-441495	CTDC-IMAGE-COLLECTION-189231	id_quod_plerumque_accidit	MR	nanos_gigantum_humeris_insidentes	Obedientia_civium_urbis_felicitas	Cloud	salus_in_arduis
image_collection	CTDC-STUDY-441495	CTDC-IMAGE-COLLECTION-463951	faber_est_suae_quisque_fortunae	DX	pace_tua	O_Tite_tute_Tati_tibi_tanta_tyranne_tulisti	Unrestricted	pace_tua
image_collection	CTDC-STUDY-441495	CTDC-IMAGE-COLLECTION-687751	cacatum_non_est_pictum	PT	scientia_et_sapientia	Obedientia_civium_urbis_felicitas	Cloud	scientia_imperii_decus_et_tutamen
image_collection	CTDC-STUDY-441495	CTDC-IMAGE-COLLECTION-734494	nascentes_morimur_finisque_ab_origine_pendet	DX	scientiae_et_patriae	salus_in_arduis	Unrestricted	nascentes_morimur_finisque_ab_origine_pendet
image_collection	CTDC-STUDY-441495	CTDC-IMAGE-COLLECTION-379174	Obedientia_civium_urbis_felicitas	US	pace_tua	scientiae_et_patriae	Cloud	scientia_et_labor
image_collection	CTDC-STUDY-441495	CTDC-IMAGE-COLLECTION-775411	faber_est_suae_quisque_fortunae	DX	labor_ipse_voluptas	sapiens_qui_prospicit	Unrestricted	salus_in_arduis
image_collection	CTDC-STUDY-441495	CTDC-IMAGE-COLLECTION-477940	scientia,_aere_perennius	US	a_bene_placito	nascentes_morimur_finisque_ab_origine_pendet	Unrestricted	imperium_in_imperio
image_collection	CTDC-STUDY-441495	CTDC-IMAGE-COLLECTION-463748	scientiae_et_patriae	DX	scientiae_cedit_mare	Obedientia_civium_urbis_felicitas	Unrestricted	Macte_animo_Generose_puer_sic_itur_ad_astra
image_collection	CTDC-STUDY-441495	CTDC-IMAGE-COLLECTION-618793	sapiens_qui_prospicit	PT	pace_tua	salus_in_arduis	Unrestricted	nanos_gigantum_humeris_insidentes
image_collection	CTDC-STUDY-441495	CTDC-IMAGE-COLLECTION-696391	scientia_imperii_decus_et_tutamen	CT	saltus_in_demonstrando	labor_ipse_voluptas	Download	faber_est_suae_quisque_fortunae
image_collection	CTDC-STUDY-441495	CTDC-IMAGE-COLLECTION-561158	haec_olim_meminisse_iuvabit	US	damnant_quod_non_intellegunt	nanos_gigantum_humeris_insidentes	Unrestricted	scientia_et_labor
image_collection	CTDC-STUDY-441495	CTDC-IMAGE-COLLECTION-788489	labor_ipse_voluptas	MR	Gallia_est_omnis_divisa_in_partes_tres	labor_ipse_voluptas	Download	saltus_in_demonstrando
image_collection	CTDC-STUDY-441495	CTDC-IMAGE-COLLECTION-325011	haec_olim_meminisse_iuvabit	US	Macte_animo_Generose_puer_sic_itur_ad_astra	scientia_et_labor	Unrestricted	a_bene_placito
image_collection	CTDC-STUDY-441495	CTDC-IMAGE-COLLECTION-878911	Gallia_est_omnis_divisa_in_partes_tres	DX	O_Tite_tute_Tati_tibi_tanta_tyranne_tulisti	imperium_in_imperio	Unrestricted	Obedientia_civium_urbis_felicitas
image_collection	CTDC-STUDY-441495	CTDC-IMAGE-COLLECTION-942692	scientiae_et_patriae	DX	saltus_in_demonstrando	scientiae_et_patriae	Cloud	salus_in_arduis
image_collection	CTDC-STUDY-441495	CTDC-IMAGE-COLLECTION-339411	sapiens_qui_prospicit	US	scientiae_et_patriae	pace_tua	Unrestricted	pace_tua
image_collection	CTDC-STUDY-441495	CTDC-IMAGE-COLLECTION-849510	Gallia_est_omnis_divisa_in_partes_tres	MR	a_bene_placito	scientiae_cedit_mare	Unrestricted	e_causa_ignota
image_collection	CTDC-STUDY-441495	CTDC-IMAGE-COLLECTION-103933	scientia_imperii_decus_et_tutamen	PT	scientiae_et_patriae	Macte_animo_Generose_puer_sic_itur_ad_astra	Cloud	a_bene_placito
image_collection	CTDC-STUDY-441495	CTDC-IMAGE-COLLECTION-226238	scientia_imperii_decus_et_tutamen	DX	pace_tua	scientia,_aere_perennius	Download	e_causa_ignota
image_collection	CTDC-STUDY-441495	CTDC-IMAGE-COLLECTION-765554	scientia,_aere_perennius	NM	pace_tua	id_quod_plerumque_accidit	Unrestricted	damnant_quod_non_intellegunt
image_collection	CTDC-STUDY-441495	CTDC-IMAGE-COLLECTION-411406	scientiae_cedit_mare	MR	haec_olim_meminisse_iuvabit	Gallia_est_omnis_divisa_in_partes_tres	Unrestricted	scientia_et_sapientia
image_collection	CTDC-STUDY-441495	CTDC-IMAGE-COLLECTION-105427	scientiae_cedit_mare	MR	scientia_et_labor	haec_olim_meminisse_iuvabit	Unrestricted	scientia_imperii_decus_et_tutamen
image_collection	CTDC-STUDY-441495	CTDC-IMAGE-COLLECTION-609704	Gallia_est_omnis_divisa_in_partes_tres	US	Gallia_est_omnis_divisa_in_partes_tres	sapiens_qui_prospicit	Cloud	scientiae_et_patriae
image_collection	CTDC-STUDY-441495	CTDC-IMAGE-COLLECTION-953127	imperium_in_imperio	DX	salus_in_arduis	haec_olim_meminisse_iuvabit	Download	scientiae_et_patriae
image_collection	CTDC-STUDY-441495	CTDC-IMAGE-COLLECTION-182982	nanos_gigantum_humeris_insidentes	US	nascentes_morimur_finisque_ab_origine_pendet	e_causa_ignota	Unrestricted	labor_ipse_voluptas
image_collection	CTDC-STUDY-441495	CTDC-IMAGE-COLLECTION-840340	imperium_in_imperio	US	scientiae_et_patriae	sapiens_qui_prospicit	Unrestricted	faber_est_suae_quisque_fortunae
image_collection	CTDC-STUDY-441495	CTDC-IMAGE-COLLECTION-596227	sapiens_qui_prospicit	MR	scientia_imperii_decus_et_tutamen	Macte_animo_Generose_puer_sic_itur_ad_astra	Download	O_Tite_tute_Tati_tibi_tanta_tyranne_tulisti
image_collection	CTDC-STUDY-441495	CTDC-IMAGE-COLLECTION-901306	nascentes_morimur_finisque_ab_origine_pendet	MR	O_Tite_tute_Tati_tibi_tanta_tyranne_tulisti	sapiens_qui_prospicit	Cloud	Obedientia_civium_urbis_felicitas
image_collection	CTDC-STUDY-441495	CTDC-IMAGE-COLLECTION-528650	saltus_in_demonstrando	DX	scientiae_et_patriae	haec_olim_meminisse_iuvabit	Cloud	scientia_et_sapientia
image_collection	CTDC-STUDY-441495	CTDC-IMAGE-COLLECTION-428025	scientia_et_labor	CT	Obedientia_civium_urbis_felicitas	salus_in_arduis	Download	e_causa_ignota
image_collection	CTDC-STUDY-441495	CTDC-IMAGE-COLLECTION-385702	sapiens_qui_prospicit	US	scientia_et_labor	scientia_et_sapientia	Unrestricted	scientia_imperii_decus_et_tutamen
image_collection	CTDC-STUDY-441495	CTDC-IMAGE-COLLECTION-299486	saltus_in_demonstrando	DX	salus_in_arduis	barba_crescit_caput_nescit	Cloud	Obedientia_civium_urbis_felicitas
image_collection	CTDC-STUDY-441495	CTDC-IMAGE-COLLECTION-428588	haec_olim_meminisse_iuvabit	MR	scientia_imperii_decus_et_tutamen	scientia_imperii_decus_et_tutamen	Cloud	pace_tua
image_collection	CTDC-STUDY-441495	CTDC-IMAGE-COLLECTION-963323	scientia_imperii_decus_et_tutamen	US	scientia_et_labor	scientiae_cedit_mare	Unrestricted	haec_olim_meminisse_iuvabit
image_collection	CTDC-STUDY-441495	CTDC-IMAGE-COLLECTION-956923	saltus_in_demonstrando	US	scientiae_et_patriae	sapiens_qui_prospicit	Download	scientiae_et_patriae
image_collection	CTDC-STUDY-441495	CTDC-IMAGE-COLLECTION-413530	scientia_imperii_decus_et_tutamen	PT	Macte_animo_Generose_puer_sic_itur_ad_astra	pace_tua	Download	imperium_in_imperio
image_collection	CTDC-STUDY-441495	CTDC-IMAGE-COLLECTION-264734	sapiens_qui_prospicit	US	labor_ipse_voluptas	Macte_animo_Generose_puer_sic_itur_ad_astra	Unrestricted	scientia_imperii_decus_et_tutamen
image_collection	CTDC-STUDY-441495	CTDC-IMAGE-COLLECTION-398976	haec_olim_meminisse_iuvabit	DX	scientia_et_labor	nascentes_morimur_finisque_ab_origine_pendet	Unrestricted	Gallia_est_omnis_divisa_in_partes_tres
image_collection	CTDC-STUDY-441495	CTDC-IMAGE-COLLECTION-557032	pace_tua	MR	O_Tite_tute_Tati_tibi_tanta_tyranne_tulisti	nascentes_morimur_finisque_ab_origine_pendet	Download	salus_in_arduis
image_collection	CTDC-STUDY-441495	CTDC-IMAGE-COLLECTION-132478	salus_in_arduis	MR	labor_ipse_voluptas	saltus_in_demonstrando	Cloud	nascentes_morimur_finisque_ab_origine_pendet
image_collection	CTDC-STUDY-441495	CTDC-IMAGE-COLLECTION-763978	nanos_gigantum_humeris_insidentes	DX	O_Tite_tute_Tati_tibi_tanta_tyranne_tulisti	scientia_imperii_decus_et_tutamen	Download	salus_in_arduis
image_collection	CTDC-STUDY-441495	CTDC-IMAGE-COLLECTION-529791	scientia_et_labor	PT	damnant_quod_non_intellegunt	labor_ipse_voluptas	Unrestricted	scientiae_cedit_mare
image_collection	CTDC-STUDY-441495	CTDC-IMAGE-COLLECTION-120124	e_causa_ignota	MR	scientiae_cedit_mare	faber_est_suae_quisque_fortunae	Unrestricted	e_causa_ignota
image_collection	CTDC-STUDY-441495	CTDC-IMAGE-COLLECTION-875005	scientia_et_labor	PT	labor_ipse_voluptas	nascentes_morimur_finisque_ab_origine_pendet	Download	O_Tite_tute_Tati_tibi_tanta_tyranne_tulisti
image_collection	CTDC-STUDY-441495	CTDC-IMAGE-COLLECTION-376363	scientia_et_labor	DX	e_causa_ignota	salus_in_arduis	Cloud	sapiens_qui_prospicit
image_collection	CTDC-STUDY-441495	CTDC-IMAGE-COLLECTION-945438	haec_olim_meminisse_iuvabit	US	scientia_imperii_decus_et_tutamen	imperium_in_imperio	Cloud	nascentes_morimur_finisque_ab_origine_pendet
image_collection	CTDC-STUDY-441495	CTDC-IMAGE-COLLECTION-894000	labor_ipse_voluptas	US	id_quod_plerumque_accidit	id_quod_plerumque_accidit	Unrestricted	a_bene_placito
image_collection	CTDC-STUDY-441495	CTDC-IMAGE-COLLECTION-902449	e_causa_ignota	US	nascentes_morimur_finisque_ab_origine_pendet	scientiae_cedit_mare	Download	e_causa_ignota
image_collection	CTDC-STUDY-441495	CTDC-IMAGE-COLLECTION-545008	Macte_animo_Generose_puer_sic_itur_ad_astra	NM	cacatum_non_est_pictum	imperium_in_imperio	Cloud	cacatum_non_est_pictum
image_collection	CTDC-STUDY-441495	CTDC-IMAGE-COLLECTION-324225	labor_ipse_voluptas	US	saltus_in_demonstrando	scientia_et_labor	Download	labor_ipse_voluptas
image_collection	CTDC-STUDY-441495	CTDC-IMAGE-COLLECTION-509592	nascentes_morimur_finisque_ab_origine_pendet	PT	Obedientia_civium_urbis_felicitas	scientia_et_sapientia	Unrestricted	a_bene_placito
image_collection	CTDC-STUDY-441495	CTDC-IMAGE-COLLECTION-257110	Macte_animo_Generose_puer_sic_itur_ad_astra	US	pace_tua	id_quod_plerumque_accidit	Cloud	scientia_et_sapientia
image_collection	CTDC-STUDY-441495	CTDC-IMAGE-COLLECTION-381296	saltus_in_demonstrando	MR	scientia,_aere_perennius	saltus_in_demonstrando	Cloud	cacatum_non_est_pictum
image_collection	CTDC-STUDY-441495	CTDC-IMAGE-COLLECTION-576313	salus_in_arduis	MR	O_Tite_tute_Tati_tibi_tanta_tyranne_tulisti	scientiae_et_patriae	Cloud	scientia_et_labor
image_collection	CTDC-STUDY-441495	CTDC-IMAGE-COLLECTION-946783	haec_olim_meminisse_iuvabit	US	scientia_et_sapientia	haec_olim_meminisse_iuvabit	Download	labor_ipse_voluptas
image_collection	CTDC-STUDY-441495	CTDC-IMAGE-COLLECTION-667340	Gallia_est_omnis_divisa_in_partes_tres	NM	barba_crescit_caput_nescit	barba_crescit_caput_nescit	Download	Macte_animo_Generose_puer_sic_itur_ad_astra
image_collection	CTDC-STUDY-441495	CTDC-IMAGE-COLLECTION-682764	id_quod_plerumque_accidit	CT	scientiae_cedit_mare	barba_crescit_caput_nescit	Cloud	imperium_in_imperio
image_collection	CTDC-STUDY-441495	CTDC-IMAGE-COLLECTION-976568	sapiens_qui_prospicit	DX	sapiens_qui_prospicit	labor_ipse_voluptas	Unrestricted	scientiae_cedit_mare
image_collection	CTDC-STUDY-441495	CTDC-IMAGE-COLLECTION-253748	a_bene_placito	DX	Obedientia_civium_urbis_felicitas	Gallia_est_omnis_divisa_in_partes_tres	Download	a_bene_placito
image_collection	CTDC-STUDY-441495	CTDC-IMAGE-COLLECTION-648597	labor_ipse_voluptas	CT	scientiae_et_patriae	saltus_in_demonstrando	Download	salus_in_arduis
image_collection	CTDC-STUDY-441495	CTDC-IMAGE-COLLECTION-874071	Gallia_est_omnis_divisa_in_partes_tres	MR	salus_in_arduis	damnant_quod_non_intellegunt	Unrestricted	Macte_animo_Generose_puer_sic_itur_ad_astra
image_collection	CTDC-STUDY-441495	CTDC-IMAGE-COLLECTION-719894	e_causa_ignota	PT	nanos_gigantum_humeris_insidentes	e_causa_ignota	Download	faber_est_suae_quisque_fortunae
image_collection	CTDC-STUDY-441495	CTDC-IMAGE-COLLECTION-988600	cacatum_non_est_pictum	PT	nascentes_morimur_finisque_ab_origine_pendet	pace_tua	Unrestricted	O_Tite_tute_Tati_tibi_tanta_tyranne_tulisti
image_collection	CTDC-STUDY-441495	CTDC-IMAGE-COLLECTION-737869	pace_tua	US	e_causa_ignota	Gallia_est_omnis_divisa_in_partes_tres	Unrestricted	O_Tite_tute_Tati_tibi_tanta_tyranne_tulisti
image_collection	CTDC-STUDY-441495	CTDC-IMAGE-COLLECTION-525580	haec_olim_meminisse_iuvabit	DX	scientia_et_labor	scientiae_et_patriae	Cloud	e_causa_ignota
image_collection	CTDC-STUDY-441495	CTDC-IMAGE-COLLECTION-320526	labor_ipse_voluptas	MR	id_quod_plerumque_accidit	scientiae_cedit_mare	Download	Obedientia_civium_urbis_felicitas
image_collection	CTDC-STUDY-441495	CTDC-IMAGE-COLLECTION-913601	saltus_in_demonstrando	US	salus_in_arduis	faber_est_suae_quisque_fortunae	Unrestricted	sapiens_qui_prospicit
image_collection	CTDC-STUDY-441495	CTDC-IMAGE-COLLECTION-479968	saltus_in_demonstrando	DX	scientia_et_labor	scientiae_cedit_mare	Cloud	scientia_et_labor
image_collection	CTDC-STUDY-441495	CTDC-IMAGE-COLLECTION-235166	damnant_quod_non_intellegunt	CT	scientiae_cedit_mare	scientiae_et_patriae	Unrestricted	faber_est_suae_quisque_fortunae
image_collection	CTDC-STUDY-441495	CTDC-IMAGE-COLLECTION-962373	a_bene_placito	MR	Gallia_est_omnis_divisa_in_partes_tres	sapiens_qui_prospicit	Cloud	scientia,_aere_perennius
image_collection	CTDC-STUDY-441495	CTDC-IMAGE-COLLECTION-661187	Macte_animo_Generose_puer_sic_itur_ad_astra	MR	id_quod_plerumque_accidit	scientia,_aere_perennius	Cloud	pace_tua
image_collection	CTDC-STUDY-441495	CTDC-IMAGE-COLLECTION-567024	Gallia_est_omnis_divisa_in_partes_tres	MR	scientiae_et_patriae	scientia_imperii_decus_et_tutamen	Cloud	nascentes_morimur_finisque_ab_origine_pendet
image_collection	CTDC-STUDY-441495	CTDC-IMAGE-COLLECTION-455702	sapiens_qui_prospicit	CT	Obedientia_civium_urbis_felicitas	e_causa_ignota	Cloud	salus_in_arduis
image_collection	CTDC-STUDY-441495	CTDC-IMAGE-COLLECTION-352512	haec_olim_meminisse_iuvabit	CT	id_quod_plerumque_accidit	barba_crescit_caput_nescit	Cloud	scientia,_aere_perennius
image_collection	CTDC-STUDY-441495	CTDC-IMAGE-COLLECTION-801914	sapiens_qui_prospicit	MR	damnant_quod_non_intellegunt	haec_olim_meminisse_iuvabit	Cloud	Gallia_est_omnis_divisa_in_partes_tres
image_collection	CTDC-STUDY-441495	CTDC-IMAGE-COLLECTION-497707	scientia,_aere_perennius	NM	scientiae_cedit_mare	scientia_et_labor	Download	cacatum_non_est_pictum
image_collection	CTDC-STUDY-441495	CTDC-IMAGE-COLLECTION-859253	e_causa_ignota	DX	damnant_quod_non_intellegunt	faber_est_suae_quisque_fortunae	Unrestricted	scientia_et_sapientia
image_collection	CTDC-STUDY-441495	CTDC-IMAGE-COLLECTION-205077	Gallia_est_omnis_divisa_in_partes_tres	MR	scientiae_cedit_mare	scientia_et_sapientia	Cloud	salus_in_arduis
image_collection	CTDC-STUDY-441495	CTDC-IMAGE-COLLECTION-554047	barba_crescit_caput_nescit	DX	pace_tua	e_causa_ignota	Unrestricted	cacatum_non_est_pictum
image_collection	CTDC-STUDY-441495	CTDC-IMAGE-COLLECTION-278532	sapiens_qui_prospicit	MR	e_causa_ignota	scientia_et_sapientia	Cloud	nascentes_morimur_finisque_ab_origine_pendet
image_collection	CTDC-STUDY-441495	CTDC-IMAGE-COLLECTION-660556	imperium_in_imperio	MR	imperium_in_imperio	scientia_et_labor	Cloud	cacatum_non_est_pictum
image_collection	CTDC-STUDY-441495	CTDC-IMAGE-COLLECTION-362369	faber_est_suae_quisque_fortunae	CT	Obedientia_civium_urbis_felicitas	cacatum_non_est_pictum	Download	Gallia_est_omnis_divisa_in_partes_tres
image_collection	CTDC-STUDY-441495	CTDC-IMAGE-COLLECTION-357465	barba_crescit_caput_nescit	NM	a_bene_placito	scientiae_et_patriae	Unrestricted	barba_crescit_caput_nescit
image_collection	CTDC-STUDY-441495	CTDC-IMAGE-COLLECTION-755492	nanos_gigantum_humeris_insidentes	DX	e_causa_ignota	salus_in_arduis	Download	barba_crescit_caput_nescit
image_collection	CTDC-STUDY-441495	CTDC-IMAGE-COLLECTION-809496	a_bene_placito	PT	scientia,_aere_perennius	a_bene_placito	Download	O_Tite_tute_Tati_tibi_tanta_tyranne_tulisti
image_collection	CTDC-STUDY-441495	CTDC-IMAGE-COLLECTION-519939	e_causa_ignota	MR	scientiae_et_patriae	id_quod_plerumque_accidit	Cloud	nascentes_morimur_finisque_ab_origine_pendet
image_collection	CTDC-STUDY-441495	CTDC-IMAGE-COLLECTION-279847	nascentes_morimur_finisque_ab_origine_pendet	MR	Obedientia_civium_urbis_felicitas	damnant_quod_non_intellegunt	Unrestricted	O_Tite_tute_Tati_tibi_tanta_tyranne_tulisti
image_collection	CTDC-STUDY-441495	CTDC-IMAGE-COLLECTION-492925	scientia_et_labor	CT	imperium_in_imperio	scientia_et_sapientia	Cloud	scientiae_cedit_mare
image_collection	CTDC-STUDY-441495	CTDC-IMAGE-COLLECTION-157363	cacatum_non_est_pictum	MR	Gallia_est_omnis_divisa_in_partes_tres	imperium_in_imperio	Download	a_bene_placito
image_collection	CTDC-STUDY-441495	CTDC-IMAGE-COLLECTION-838723	scientia,_aere_perennius	CT	cacatum_non_est_pictum	e_causa_ignota	Download	scientia_imperii_decus_et_tutamen
image_collection	CTDC-STUDY-441495	CTDC-IMAGE-COLLECTION-523984	salus_in_arduis	MR	barba_crescit_caput_nescit	cacatum_non_est_pictum	Unrestricted	scientia_et_labor
image_collection	CTDC-STUDY-441495	CTDC-IMAGE-COLLECTION-245952	a_bene_placito	DX	pace_tua	scientia_et_labor	Cloud	scientia,_aere_perennius
image_collection	CTDC-STUDY-441495	CTDC-IMAGE-COLLECTION-581498	pace_tua	MR	Obedientia_civium_urbis_felicitas	Macte_animo_Generose_puer_sic_itur_ad_astra	Unrestricted	pace_tua
image_collection	CTDC-STUDY-441495	CTDC-IMAGE-COLLECTION-395060	faber_est_suae_quisque_fortunae	DX	cacatum_non_est_pictum	e_causa_ignota	Download	labor_ipse_voluptas
image_collection	CTDC-STUDY-441495	CTDC-IMAGE-COLLECTION-494166	nanos_gigantum_humeris_insidentes	MR	nanos_gigantum_humeris_insidentes	nanos_gigantum_humeris_insidentes	Download	barba_crescit_caput_nescit
image_collection	CTDC-STUDY-441495	CTDC-IMAGE-COLLECTION-766544	imperium_in_imperio	DX	O_Tite_tute_Tati_tibi_tanta_tyranne_tulisti	e_causa_ignota	Download	scientiae_cedit_mare
image_collection	CTDC-STUDY-441495	CTDC-IMAGE-COLLECTION-759463	imperium_in_imperio	PT	scientia,_aere_perennius	Macte_animo_Generose_puer_sic_itur_ad_astra	Download	scientiae_cedit_mare
image_collection	CTDC-STUDY-441495	CTDC-IMAGE-COLLECTION-993917	e_causa_ignota	US	scientia_imperii_decus_et_tutamen	id_quod_plerumque_accidit	Cloud	barba_crescit_caput_nescit
image_collection	CTDC-STUDY-441495	CTDC-IMAGE-COLLECTION-626350	O_Tite_tute_Tati_tibi_tanta_tyranne_tulisti	NM	damnant_quod_non_intellegunt	nanos_gigantum_humeris_insidentes	Download	scientia,_aere_perennius
image_collection	CTDC-STUDY-441495	CTDC-IMAGE-COLLECTION-617842	salus_in_arduis	NM	sapiens_qui_prospicit	damnant_quod_non_intellegunt	Download	haec_olim_meminisse_iuvabit
image_collection	CTDC-STUDY-441495	CTDC-IMAGE-COLLECTION-162025	nascentes_morimur_finisque_ab_origine_pendet	MR	Macte_animo_Generose_puer_sic_itur_ad_astra	saltus_in_demonstrando	Download	scientiae_et_patriae
image_collection	CTDC-STUDY-441495	CTDC-IMAGE-COLLECTION-518711	scientiae_et_patriae	DX	cacatum_non_est_pictum	imperium_in_imperio	Unrestricted	salus_in_arduis
image_collection	CTDC-STUDY-441495	CTDC-IMAGE-COLLECTION-205007	id_quod_plerumque_accidit	MR	scientia_et_sapientia	labor_ipse_voluptas	Unrestricted	scientia_et_labor
image_collection	CTDC-STUDY-441495	CTDC-IMAGE-COLLECTION-536263	nascentes_morimur_finisque_ab_origine_pendet	PT	scientia_imperii_decus_et_tutamen	scientia_et_sapientia	Download	haec_olim_meminisse_iuvabit
image_collection	CTDC-STUDY-441495	CTDC-IMAGE-COLLECTION-624162	nanos_gigantum_humeris_insidentes	DX	e_causa_ignota	haec_olim_meminisse_iuvabit	Cloud	imperium_in_imperio
image_collection	CTDC-STUDY-441495	CTDC-IMAGE-COLLECTION-411219	scientia_imperii_decus_et_tutamen	DX	e_causa_ignota	O_Tite_tute_Tati_tibi_tanta_tyranne_tulisti	Cloud	O_Tite_tute_Tati_tibi_tanta_tyranne_tulisti
image_collection	CTDC-STUDY-441495	CTDC-IMAGE-COLLECTION-263229	scientia,_aere_perennius	US	labor_ipse_voluptas	scientia_et_sapientia	Unrestricted	cacatum_non_est_pictum
image_collection	CTDC-STUDY-441495	CTDC-IMAGE-COLLECTION-762818	cacatum_non_est_pictum	PT	e_causa_ignota	O_Tite_tute_Tati_tibi_tanta_tyranne_tulisti	Cloud	imperium_in_imperio
image_collection	CTDC-STUDY-441495	CTDC-IMAGE-COLLECTION-116073	damnant_quod_non_intellegunt	CT	sapiens_qui_prospicit	O_Tite_tute_Tati_tibi_tanta_tyranne_tulisti	Cloud	Macte_animo_Generose_puer_sic_itur_ad_astra
image_collection	CTDC-STUDY-441495	CTDC-IMAGE-COLLECTION-983558	salus_in_arduis	US	pace_tua	cacatum_non_est_pictum	Unrestricted	Obedientia_civium_urbis_felicitas
image_collection	CTDC-STUDY-441495	CTDC-IMAGE-COLLECTION-251355	pace_tua	NM	nascentes_morimur_finisque_ab_origine_pendet	scientia_et_sapientia	Download	id_quod_plerumque_accidit
image_collection	CTDC-STUDY-441495	CTDC-IMAGE-COLLECTION-266286	e_causa_ignota	PT	sapiens_qui_prospicit	faber_est_suae_quisque_fortunae	Unrestricted	cacatum_non_est_pictum
image_collection	CTDC-STUDY-441495	CTDC-IMAGE-COLLECTION-704217	faber_est_suae_quisque_fortunae	PT	saltus_in_demonstrando	id_quod_plerumque_accidit	Download	scientia,_aere_perennius
image_collection	CTDC-STUDY-441495	CTDC-IMAGE-COLLECTION-740367	barba_crescit_caput_nescit	MR	damnant_quod_non_intellegunt	scientia_imperii_decus_et_tutamen	Cloud	e_causa_ignota
image_collection	CTDC-STUDY-441495	CTDC-IMAGE-COLLECTION-259131	sapiens_qui_prospicit	PT	damnant_quod_non_intellegunt	damnant_quod_non_intellegunt	Unrestricted	scientiae_cedit_mare
image_collection	CTDC-STUDY-441495	CTDC-IMAGE-COLLECTION-834925	imperium_in_imperio	PT	Gallia_est_omnis_divisa_in_partes_tres	saltus_in_demonstrando	Download	scientia_et_labor
image_collection	CTDC-STUDY-441495	CTDC-IMAGE-COLLECTION-359777	faber_est_suae_quisque_fortunae	CT	nascentes_morimur_finisque_ab_origine_pendet	scientia_imperii_decus_et_tutamen	Unrestricted	a_bene_placito
image_collection	CTDC-STUDY-441495	CTDC-IMAGE-COLLECTION-798417	a_bene_placito	DX	scientiae_cedit_mare	nanos_gigantum_humeris_insidentes	Download	id_quod_plerumque_accidit
image_collection	CTDC-STUDY-441495	CTDC-IMAGE-COLLECTION-224825	faber_est_suae_quisque_fortunae	PT	scientiae_et_patriae	scientiae_et_patriae	Cloud	scientia_et_sapientia
image_collection	CTDC-STUDY-441495	CTDC-IMAGE-COLLECTION-921865	pace_tua	NM	scientia_et_labor	O_Tite_tute_Tati_tibi_tanta_tyranne_tulisti	Download	Macte_animo_Generose_puer_sic_itur_ad_astra
image_collection	CTDC-STUDY-441495	CTDC-IMAGE-COLLECTION-791010	Macte_animo_Generose_puer_sic_itur_ad_astra	PT	scientia_et_sapientia	saltus_in_demonstrando	Download	scientia_et_labor
image_collection	CTDC-STUDY-441495	CTDC-IMAGE-COLLECTION-101541	Gallia_est_omnis_divisa_in_partes_tres	CT	barba_crescit_caput_nescit	scientia_et_sapientia	Cloud	scientia_imperii_decus_et_tutamen
image_collection	CTDC-STUDY-441495	CTDC-IMAGE-COLLECTION-567818	Gallia_est_omnis_divisa_in_partes_tres	PT	Obedientia_civium_urbis_felicitas	scientiae_et_patriae	Unrestricted	scientia,_aere_perennius
image_collection	CTDC-STUDY-441495	CTDC-IMAGE-COLLECTION-904383	scientia,_aere_perennius	MR	labor_ipse_voluptas	faber_est_suae_quisque_fortunae	Download	scientia_et_labor
image_collection	CTDC-STUDY-441495	CTDC-IMAGE-COLLECTION-189106	a_bene_placito	CT	scientia_imperii_decus_et_tutamen	Macte_animo_Generose_puer_sic_itur_ad_astra	Unrestricted	Gallia_est_omnis_divisa_in_partes_tres
image_collection	CTDC-STUDY-441495	CTDC-IMAGE-COLLECTION-246180	Obedientia_civium_urbis_felicitas	PT	barba_crescit_caput_nescit	labor_ipse_voluptas	Unrestricted	scientiae_et_patriae
image_collection	CTDC-STUDY-441495	CTDC-IMAGE-COLLECTION-104566	a_bene_placito	MR	scientia_imperii_decus_et_tutamen	scientiae_cedit_mare	Cloud	scientia_et_sapientia
image_collection	CTDC-STUDY-441495	CTDC-IMAGE-COLLECTION-746646	labor_ipse_voluptas	DX	Gallia_est_omnis_divisa_in_partes_tres	Obedientia_civium_urbis_felicitas	Cloud	a_bene_placito
image_collection	CTDC-STUDY-441495	CTDC-IMAGE-COLLECTION-845541	scientia_et_sapientia	DX	nascentes_morimur_finisque_ab_origine_pendet	scientia_imperii_decus_et_tutamen	Download	scientia_et_labor
image_collection	CTDC-STUDY-441495	CTDC-IMAGE-COLLECTION-410244	e_causa_ignota	CT	Macte_animo_Generose_puer_sic_itur_ad_astra	scientia,_aere_perennius	Unrestricted	barba_crescit_caput_nescit
image_collection	CTDC-STUDY-441495	CTDC-IMAGE-COLLECTION-783299	scientia,_aere_perennius	PT	salus_in_arduis	labor_ipse_voluptas	Download	scientia_et_sapientia
image_collection	CTDC-STUDY-441495	CTDC-IMAGE-COLLECTION-881469	nanos_gigantum_humeris_insidentes	PT	scientiae_cedit_mare	id_quod_plerumque_accidit	Cloud	saltus_in_demonstrando
image_collection	CTDC-STUDY-441495	CTDC-IMAGE-COLLECTION-730767	scientiae_cedit_mare	MR	scientia_et_sapientia	O_Tite_tute_Tati_tibi_tanta_tyranne_tulisti	Unrestricted	scientia_imperii_decus_et_tutamen
image_collection	CTDC-STUDY-441495	CTDC-IMAGE-COLLECTION-610198	salus_in_arduis	MR	Macte_animo_Generose_puer_sic_itur_ad_astra	scientia,_aere_perennius	Download	Gallia_est_omnis_divisa_in_partes_tres
image_collection	CTDC-STUDY-441495	CTDC-IMAGE-COLLECTION-134581	Gallia_est_omnis_divisa_in_partes_tres	DX	haec_olim_meminisse_iuvabit	labor_ipse_voluptas	Cloud	nanos_gigantum_humeris_insidentes
image_collection	CTDC-STUDY-441495	CTDC-IMAGE-COLLECTION-530086	haec_olim_meminisse_iuvabit	US	Macte_animo_Generose_puer_sic_itur_ad_astra	barba_crescit_caput_nescit	Cloud	saltus_in_demonstrando
image_collection	CTDC-STUDY-441495	CTDC-IMAGE-COLLECTION-372020	Macte_animo_Generose_puer_sic_itur_ad_astra	NM	a_bene_placito	cacatum_non_est_pictum	Cloud	scientiae_cedit_mare
image_collection	CTDC-STUDY-441495	CTDC-IMAGE-COLLECTION-800733	scientiae_et_patriae	MR	scientiae_et_patriae	Gallia_est_omnis_divisa_in_partes_tres	Unrestricted	scientia_et_labor
image_collection	CTDC-STUDY-441495	CTDC-IMAGE-COLLECTION-385055	Gallia_est_omnis_divisa_in_partes_tres	NM	labor_ipse_voluptas	pace_tua	Download	imperium_in_imperio
image_collection	CTDC-STUDY-441495	CTDC-IMAGE-COLLECTION-844003	e_causa_ignota	DX	scientiae_cedit_mare	scientia_et_sapientia	Download	id_quod_plerumque_accidit
image_collection	CTDC-STUDY-441495	CTDC-IMAGE-COLLECTION-582827	saltus_in_demonstrando	DX	scientia_et_labor	scientia_et_sapientia	Cloud	Macte_animo_Generose_puer_sic_itur_ad_astra
image_collection	CTDC-STUDY-441495	CTDC-IMAGE-COLLECTION-140445	labor_ipse_voluptas	CT	pace_tua	Macte_animo_Generose_puer_sic_itur_ad_astra	Cloud	sapiens_qui_prospicit
image_collection	CTDC-STUDY-441495	CTDC-IMAGE-COLLECTION-150052	id_quod_plerumque_accidit	PT	labor_ipse_voluptas	nanos_gigantum_humeris_insidentes	Cloud	nanos_gigantum_humeris_insidentes
image_collection	CTDC-STUDY-441495	CTDC-IMAGE-COLLECTION-946066	scientia_imperii_decus_et_tutamen	US	haec_olim_meminisse_iuvabit	damnant_quod_non_intellegunt	Cloud	Obedientia_civium_urbis_felicitas
image_collection	CTDC-STUDY-441495	CTDC-IMAGE-COLLECTION-942449	Obedientia_civium_urbis_felicitas	DX	scientiae_et_patriae	cacatum_non_est_pictum	Unrestricted	id_quod_plerumque_accidit
image_collection	CTDC-STUDY-441495	CTDC-IMAGE-COLLECTION-149043	e_causa_ignota	CT	Obedientia_civium_urbis_felicitas	salus_in_arduis	Cloud	saltus_in_demonstrando
image_collection	CTDC-STUDY-441495	CTDC-IMAGE-COLLECTION-176118	id_quod_plerumque_accidit	MR	nanos_gigantum_humeris_insidentes	scientiae_et_patriae	Unrestricted	scientia,_aere_perennius
image_collection	CTDC-STUDY-441495	CTDC-IMAGE-COLLECTION-914364	sapiens_qui_prospicit	CT	haec_olim_meminisse_iuvabit	barba_crescit_caput_nescit	Cloud	saltus_in_demonstrando
