type	participant.participant_id	non_targeted_therapy_record_id	non_targeted_therapy	non_targeted_therapy_dose	non_targeted_therapy_dose_units	non_targeted_therapy_frequency	non_targeted_therapy_start_date	non_targeted_therapy_end_date	best_response_to_non_targeted_therapy	crdc_id
non_targeted_therapy	CTDC-PARTICIPANT-285902	CTDC-NON-TARGETED-THERAPY-257912	sapiens_qui_prospicit	scientia,_aere_perennius	id_quod_plerumque_accidit	Obedientia_civium_urbis_felicitas	868	129	Too Early	nascentes_morimur_finisque_ab_origine_pendet
non_targeted_therapy	CTDC-PARTICIPANT-285902	CTDC-NON-TARGETED-THERAPY-425978	imperium_in_imperio	pace_tua	Obedientia_civium_urbis_felicitas	O_Tite_tute_Tati_tibi_tanta_tyranne_tulisti	583	373	Unknown	Macte_animo_Generose_puer_sic_itur_ad_astra
non_targeted_therapy	CTDC-PARTICIPANT-395041	CTDC-NON-TARGETED-THERAPY-836525	scientia_imperii_decus_et_tutamen	scientiae_cedit_mare	O_Tite_tute_Tati_tibi_tanta_tyranne_tulisti	scientia_et_labor	574	223	Not Assessed	Obedientia_civium_urbis_felicitas
non_targeted_therapy	CTDC-PARTICIPANT-395041	CTDC-NON-TARGETED-THERAPY-644083	sapiens_qui_prospicit	barba_crescit_caput_nescit	faber_est_suae_quisque_fortunae	O_Tite_tute_Tati_tibi_tanta_tyranne_tulisti	297	217	Progressive Disease	nascentes_morimur_finisque_ab_origine_pendet
non_targeted_therapy	CTDC-PARTICIPANT-848303	CTDC-NON-TARGETED-THERAPY-952711	id_quod_plerumque_accidit	Macte_animo_Generose_puer_sic_itur_ad_astra	Macte_animo_Generose_puer_sic_itur_ad_astra	imperium_in_imperio	850	662	Stable Disease	Macte_animo_Generose_puer_sic_itur_ad_astra
non_targeted_therapy	CTDC-PARTICIPANT-848303	CTDC-NON-TARGETED-THERAPY-982841	scientia,_aere_perennius	Macte_animo_Generose_puer_sic_itur_ad_astra	salus_in_arduis	pace_tua	542	151	Not Assessed	labor_ipse_voluptas
non_targeted_therapy	CTDC-PARTICIPANT-818056	CTDC-NON-TARGETED-THERAPY-725862	id_quod_plerumque_accidit	Obedientia_civium_urbis_felicitas	barba_crescit_caput_nescit	scientia_imperii_decus_et_tutamen	541	625	Stable Disease	sapiens_qui_prospicit
non_targeted_therapy	CTDC-PARTICIPANT-818056	CTDC-NON-TARGETED-THERAPY-836954	nanos_gigantum_humeris_insidentes	scientia_imperii_decus_et_tutamen	haec_olim_meminisse_iuvabit	labor_ipse_voluptas	260	118	Partial Response	scientiae_cedit_mare
non_targeted_therapy	CTDC-PARTICIPANT-114136	CTDC-NON-TARGETED-THERAPY-754425	pace_tua	labor_ipse_voluptas	scientiae_cedit_mare	nanos_gigantum_humeris_insidentes	932	914	Too Early	damnant_quod_non_intellegunt
non_targeted_therapy	CTDC-PARTICIPANT-114136	CTDC-NON-TARGETED-THERAPY-908681	saltus_in_demonstrando	id_quod_plerumque_accidit	cacatum_non_est_pictum	sapiens_qui_prospicit	49	340	Not Evaluable	damnant_quod_non_intellegunt
non_targeted_therapy	CTDC-PARTICIPANT-422576	CTDC-NON-TARGETED-THERAPY-235304	salus_in_arduis	Macte_animo_Generose_puer_sic_itur_ad_astra	Obedientia_civium_urbis_felicitas	sapiens_qui_prospicit	355	514	Progressive Disease	Gallia_est_omnis_divisa_in_partes_tres
non_targeted_therapy	CTDC-PARTICIPANT-422576	CTDC-NON-TARGETED-THERAPY-680840	pace_tua	sapiens_qui_prospicit	Obedientia_civium_urbis_felicitas	nascentes_morimur_finisque_ab_origine_pendet	130	93	Not Assessed	scientia_et_sapientia
non_targeted_therapy	CTDC-PARTICIPANT-818047	CTDC-NON-TARGETED-THERAPY-858648	scientiae_cedit_mare	saltus_in_demonstrando	scientiae_cedit_mare	a_bene_placito	261	184	Complete Response	damnant_quod_non_intellegunt
non_targeted_therapy	CTDC-PARTICIPANT-818047	CTDC-NON-TARGETED-THERAPY-637957	Gallia_est_omnis_divisa_in_partes_tres	scientia_et_labor	pace_tua	scientia_et_sapientia	439	215	Too Early	cacatum_non_est_pictum
non_targeted_therapy	CTDC-PARTICIPANT-896665	CTDC-NON-TARGETED-THERAPY-448940	id_quod_plerumque_accidit	imperium_in_imperio	scientia_imperii_decus_et_tutamen	labor_ipse_voluptas	733	715	Too Early	scientia_imperii_decus_et_tutamen
non_targeted_therapy	CTDC-PARTICIPANT-896665	CTDC-NON-TARGETED-THERAPY-280038	damnant_quod_non_intellegunt	scientia,_aere_perennius	scientiae_et_patriae	saltus_in_demonstrando	381	902	Unknown	labor_ipse_voluptas
non_targeted_therapy	CTDC-PARTICIPANT-562413	CTDC-NON-TARGETED-THERAPY-376492	Gallia_est_omnis_divisa_in_partes_tres	Obedientia_civium_urbis_felicitas	cacatum_non_est_pictum	imperium_in_imperio	254	838	Not Assessed	cacatum_non_est_pictum
non_targeted_therapy	CTDC-PARTICIPANT-562413	CTDC-NON-TARGETED-THERAPY-689042	sapiens_qui_prospicit	cacatum_non_est_pictum	damnant_quod_non_intellegunt	scientia_et_labor	916	621	Less than partial response	id_quod_plerumque_accidit
non_targeted_therapy	CTDC-PARTICIPANT-216011	CTDC-NON-TARGETED-THERAPY-484231	e_causa_ignota	scientia_imperii_decus_et_tutamen	labor_ipse_voluptas	sapiens_qui_prospicit	267	135	Not Evaluable	e_causa_ignota
non_targeted_therapy	CTDC-PARTICIPANT-216011	CTDC-NON-TARGETED-THERAPY-339069	haec_olim_meminisse_iuvabit	id_quod_plerumque_accidit	Gallia_est_omnis_divisa_in_partes_tres	saltus_in_demonstrando	985	169	Progressive Disease	barba_crescit_caput_nescit
non_targeted_therapy	CTDC-PARTICIPANT-847934	CTDC-NON-TARGETED-THERAPY-888546	barba_crescit_caput_nescit	barba_crescit_caput_nescit	labor_ipse_voluptas	haec_olim_meminisse_iuvabit	569	230	Unknown	scientiae_et_patriae
non_targeted_therapy	CTDC-PARTICIPANT-847934	CTDC-NON-TARGETED-THERAPY-696343	barba_crescit_caput_nescit	scientia_et_labor	scientia_et_labor	scientia_et_labor	442	685	Too Early	scientiae_et_patriae
non_targeted_therapy	CTDC-PARTICIPANT-630851	CTDC-NON-TARGETED-THERAPY-696608	haec_olim_meminisse_iuvabit	Macte_animo_Generose_puer_sic_itur_ad_astra	barba_crescit_caput_nescit	id_quod_plerumque_accidit	588	316	Complete Response	O_Tite_tute_Tati_tibi_tanta_tyranne_tulisti
non_targeted_therapy	CTDC-PARTICIPANT-630851	CTDC-NON-TARGETED-THERAPY-889171	scientia_et_labor	nascentes_morimur_finisque_ab_origine_pendet	e_causa_ignota	nascentes_morimur_finisque_ab_origine_pendet	227	214	Less than partial response	scientiae_cedit_mare
non_targeted_therapy	CTDC-PARTICIPANT-771842	CTDC-NON-TARGETED-THERAPY-839511	labor_ipse_voluptas	a_bene_placito	barba_crescit_caput_nescit	faber_est_suae_quisque_fortunae	484	217	Too Early	imperium_in_imperio
non_targeted_therapy	CTDC-PARTICIPANT-771842	CTDC-NON-TARGETED-THERAPY-693534	Macte_animo_Generose_puer_sic_itur_ad_astra	Macte_animo_Generose_puer_sic_itur_ad_astra	nascentes_morimur_finisque_ab_origine_pendet	e_causa_ignota	908	899	Complete Response	a_bene_placito
non_targeted_therapy	CTDC-PARTICIPANT-592343	CTDC-NON-TARGETED-THERAPY-212246	haec_olim_meminisse_iuvabit	pace_tua	nanos_gigantum_humeris_insidentes	nascentes_morimur_finisque_ab_origine_pendet	662	17	Progressive Disease	Gallia_est_omnis_divisa_in_partes_tres
non_targeted_therapy	CTDC-PARTICIPANT-592343	CTDC-NON-TARGETED-THERAPY-791865	nascentes_morimur_finisque_ab_origine_pendet	Gallia_est_omnis_divisa_in_partes_tres	Obedientia_civium_urbis_felicitas	O_Tite_tute_Tati_tibi_tanta_tyranne_tulisti	663	456	Stable Disease	saltus_in_demonstrando
non_targeted_therapy	CTDC-PARTICIPANT-692508	CTDC-NON-TARGETED-THERAPY-686142	scientiae_et_patriae	labor_ipse_voluptas	a_bene_placito	Macte_animo_Generose_puer_sic_itur_ad_astra	93	748	Complete Response	damnant_quod_non_intellegunt
non_targeted_therapy	CTDC-PARTICIPANT-692508	CTDC-NON-TARGETED-THERAPY-345378	saltus_in_demonstrando	scientiae_cedit_mare	Gallia_est_omnis_divisa_in_partes_tres	scientia,_aere_perennius	75	591	Not Assessed	imperium_in_imperio
non_targeted_therapy	CTDC-PARTICIPANT-908655	CTDC-NON-TARGETED-THERAPY-386124	labor_ipse_voluptas	O_Tite_tute_Tati_tibi_tanta_tyranne_tulisti	scientia_et_labor	haec_olim_meminisse_iuvabit	634	666	Unknown	scientia_et_labor
non_targeted_therapy	CTDC-PARTICIPANT-908655	CTDC-NON-TARGETED-THERAPY-621888	O_Tite_tute_Tati_tibi_tanta_tyranne_tulisti	damnant_quod_non_intellegunt	Obedientia_civium_urbis_felicitas	scientia,_aere_perennius	38	960	Too Early	barba_crescit_caput_nescit
non_targeted_therapy	CTDC-PARTICIPANT-382150	CTDC-NON-TARGETED-THERAPY-805579	barba_crescit_caput_nescit	nascentes_morimur_finisque_ab_origine_pendet	saltus_in_demonstrando	labor_ipse_voluptas	252	106	Complete Response	scientiae_cedit_mare
non_targeted_therapy	CTDC-PARTICIPANT-382150	CTDC-NON-TARGETED-THERAPY-681931	nanos_gigantum_humeris_insidentes	scientia_et_labor	saltus_in_demonstrando	scientia_et_labor	216	775	Complete Response	sapiens_qui_prospicit
non_targeted_therapy	CTDC-PARTICIPANT-605809	CTDC-NON-TARGETED-THERAPY-746721	scientiae_et_patriae	damnant_quod_non_intellegunt	haec_olim_meminisse_iuvabit	Obedientia_civium_urbis_felicitas	621	97	Too Early	scientia_imperii_decus_et_tutamen
non_targeted_therapy	CTDC-PARTICIPANT-605809	CTDC-NON-TARGETED-THERAPY-431996	scientia_et_labor	id_quod_plerumque_accidit	Obedientia_civium_urbis_felicitas	imperium_in_imperio	668	625	Not Assessed	a_bene_placito
non_targeted_therapy	CTDC-PARTICIPANT-912708	CTDC-NON-TARGETED-THERAPY-784272	salus_in_arduis	saltus_in_demonstrando	Gallia_est_omnis_divisa_in_partes_tres	scientiae_et_patriae	446	907	Partial Response	saltus_in_demonstrando
non_targeted_therapy	CTDC-PARTICIPANT-912708	CTDC-NON-TARGETED-THERAPY-596469	scientiae_cedit_mare	scientia_et_labor	scientia_imperii_decus_et_tutamen	scientiae_cedit_mare	528	221	Progressive Disease	scientiae_et_patriae
non_targeted_therapy	CTDC-PARTICIPANT-481872	CTDC-NON-TARGETED-THERAPY-605944	scientiae_cedit_mare	scientia_et_sapientia	e_causa_ignota	pace_tua	966	313	Too Early	salus_in_arduis
non_targeted_therapy	CTDC-PARTICIPANT-481872	CTDC-NON-TARGETED-THERAPY-278515	id_quod_plerumque_accidit	scientia,_aere_perennius	nascentes_morimur_finisque_ab_origine_pendet	e_causa_ignota	242	924	Less than partial response	Obedientia_civium_urbis_felicitas
non_targeted_therapy	CTDC-PARTICIPANT-949296	CTDC-NON-TARGETED-THERAPY-778476	scientiae_et_patriae	barba_crescit_caput_nescit	e_causa_ignota	scientia_et_sapientia	263	821	Not Evaluable	cacatum_non_est_pictum
non_targeted_therapy	CTDC-PARTICIPANT-949296	CTDC-NON-TARGETED-THERAPY-832262	imperium_in_imperio	saltus_in_demonstrando	scientia_et_sapientia	scientiae_et_patriae	607	787	Complete Response	pace_tua
non_targeted_therapy	CTDC-PARTICIPANT-625089	CTDC-NON-TARGETED-THERAPY-809658	faber_est_suae_quisque_fortunae	sapiens_qui_prospicit	scientiae_cedit_mare	salus_in_arduis	459	719	Progressive Disease	a_bene_placito
non_targeted_therapy	CTDC-PARTICIPANT-625089	CTDC-NON-TARGETED-THERAPY-408519	O_Tite_tute_Tati_tibi_tanta_tyranne_tulisti	scientiae_et_patriae	scientiae_et_patriae	scientia_et_labor	51	292	Unknown	scientia_imperii_decus_et_tutamen
non_targeted_therapy	CTDC-PARTICIPANT-457982	CTDC-NON-TARGETED-THERAPY-995371	nanos_gigantum_humeris_insidentes	e_causa_ignota	pace_tua	scientiae_et_patriae	283	401	Unknown	e_causa_ignota
non_targeted_therapy	CTDC-PARTICIPANT-457982	CTDC-NON-TARGETED-THERAPY-368016	scientia_imperii_decus_et_tutamen	cacatum_non_est_pictum	faber_est_suae_quisque_fortunae	haec_olim_meminisse_iuvabit	565	302	Not Assessed	scientia_imperii_decus_et_tutamen
non_targeted_therapy	CTDC-PARTICIPANT-852223	CTDC-NON-TARGETED-THERAPY-752652	barba_crescit_caput_nescit	pace_tua	imperium_in_imperio	saltus_in_demonstrando	787	148	Not Assessed	scientiae_cedit_mare
non_targeted_therapy	CTDC-PARTICIPANT-852223	CTDC-NON-TARGETED-THERAPY-280097	nascentes_morimur_finisque_ab_origine_pendet	O_Tite_tute_Tati_tibi_tanta_tyranne_tulisti	pace_tua	scientia,_aere_perennius	491	117	Progressive Disease	nanos_gigantum_humeris_insidentes
non_targeted_therapy	CTDC-PARTICIPANT-700372	CTDC-NON-TARGETED-THERAPY-357464	scientiae_cedit_mare	scientia_imperii_decus_et_tutamen	id_quod_plerumque_accidit	nascentes_morimur_finisque_ab_origine_pendet	789	335	Not Evaluable	scientiae_cedit_mare
non_targeted_therapy	CTDC-PARTICIPANT-700372	CTDC-NON-TARGETED-THERAPY-613033	Gallia_est_omnis_divisa_in_partes_tres	a_bene_placito	a_bene_placito	scientia_et_labor	399	150	Complete Response	scientia_et_sapientia
non_targeted_therapy	CTDC-PARTICIPANT-888849	CTDC-NON-TARGETED-THERAPY-737984	scientiae_cedit_mare	pace_tua	barba_crescit_caput_nescit	scientia,_aere_perennius	854	789	Not Assessed	cacatum_non_est_pictum
non_targeted_therapy	CTDC-PARTICIPANT-888849	CTDC-NON-TARGETED-THERAPY-603607	scientia_et_labor	e_causa_ignota	e_causa_ignota	cacatum_non_est_pictum	877	879	Unknown	scientia,_aere_perennius
non_targeted_therapy	CTDC-PARTICIPANT-248623	CTDC-NON-TARGETED-THERAPY-312777	haec_olim_meminisse_iuvabit	damnant_quod_non_intellegunt	Macte_animo_Generose_puer_sic_itur_ad_astra	imperium_in_imperio	524	486	Progressive Disease	imperium_in_imperio
non_targeted_therapy	CTDC-PARTICIPANT-248623	CTDC-NON-TARGETED-THERAPY-145611	scientia_imperii_decus_et_tutamen	saltus_in_demonstrando	faber_est_suae_quisque_fortunae	cacatum_non_est_pictum	782	544	Partial Response	nanos_gigantum_humeris_insidentes
non_targeted_therapy	CTDC-PARTICIPANT-616751	CTDC-NON-TARGETED-THERAPY-889347	Macte_animo_Generose_puer_sic_itur_ad_astra	Gallia_est_omnis_divisa_in_partes_tres	damnant_quod_non_intellegunt	imperium_in_imperio	920	130	Not Assessed	haec_olim_meminisse_iuvabit
non_targeted_therapy	CTDC-PARTICIPANT-616751	CTDC-NON-TARGETED-THERAPY-301819	id_quod_plerumque_accidit	haec_olim_meminisse_iuvabit	cacatum_non_est_pictum	haec_olim_meminisse_iuvabit	621	74	Complete Response	Gallia_est_omnis_divisa_in_partes_tres
non_targeted_therapy	CTDC-PARTICIPANT-517161	CTDC-NON-TARGETED-THERAPY-668599	saltus_in_demonstrando	a_bene_placito	scientia,_aere_perennius	scientia,_aere_perennius	376	481	Not Assessed	barba_crescit_caput_nescit
non_targeted_therapy	CTDC-PARTICIPANT-517161	CTDC-NON-TARGETED-THERAPY-886168	scientia_imperii_decus_et_tutamen	haec_olim_meminisse_iuvabit	haec_olim_meminisse_iuvabit	cacatum_non_est_pictum	208	559	Complete Response	O_Tite_tute_Tati_tibi_tanta_tyranne_tulisti
non_targeted_therapy	CTDC-PARTICIPANT-927569	CTDC-NON-TARGETED-THERAPY-764464	salus_in_arduis	scientia_et_sapientia	imperium_in_imperio	pace_tua	826	723	Too Early	scientia_et_sapientia
non_targeted_therapy	CTDC-PARTICIPANT-927569	CTDC-NON-TARGETED-THERAPY-294102	O_Tite_tute_Tati_tibi_tanta_tyranne_tulisti	scientia,_aere_perennius	sapiens_qui_prospicit	scientia_et_labor	646	439	Stable Disease	imperium_in_imperio
non_targeted_therapy	CTDC-PARTICIPANT-634634	CTDC-NON-TARGETED-THERAPY-370324	salus_in_arduis	scientia_et_labor	Gallia_est_omnis_divisa_in_partes_tres	faber_est_suae_quisque_fortunae	963	629	Progressive Disease	O_Tite_tute_Tati_tibi_tanta_tyranne_tulisti
non_targeted_therapy	CTDC-PARTICIPANT-634634	CTDC-NON-TARGETED-THERAPY-850280	Gallia_est_omnis_divisa_in_partes_tres	scientia,_aere_perennius	scientiae_et_patriae	scientia_imperii_decus_et_tutamen	719	204	Stable Disease	nanos_gigantum_humeris_insidentes
non_targeted_therapy	CTDC-PARTICIPANT-134394	CTDC-NON-TARGETED-THERAPY-117653	nanos_gigantum_humeris_insidentes	saltus_in_demonstrando	id_quod_plerumque_accidit	imperium_in_imperio	350	585	Partial Response	scientia,_aere_perennius
non_targeted_therapy	CTDC-PARTICIPANT-134394	CTDC-NON-TARGETED-THERAPY-968167	O_Tite_tute_Tati_tibi_tanta_tyranne_tulisti	damnant_quod_non_intellegunt	cacatum_non_est_pictum	scientia_imperii_decus_et_tutamen	302	733	Too Early	cacatum_non_est_pictum
non_targeted_therapy	CTDC-PARTICIPANT-977869	CTDC-NON-TARGETED-THERAPY-338819	saltus_in_demonstrando	id_quod_plerumque_accidit	Macte_animo_Generose_puer_sic_itur_ad_astra	scientiae_et_patriae	461	487	Partial Response	nascentes_morimur_finisque_ab_origine_pendet
non_targeted_therapy	CTDC-PARTICIPANT-977869	CTDC-NON-TARGETED-THERAPY-291691	Gallia_est_omnis_divisa_in_partes_tres	barba_crescit_caput_nescit	salus_in_arduis	scientiae_et_patriae	90	592	Partial Response	labor_ipse_voluptas
non_targeted_therapy	CTDC-PARTICIPANT-552335	CTDC-NON-TARGETED-THERAPY-309465	nanos_gigantum_humeris_insidentes	barba_crescit_caput_nescit	scientia_et_labor	scientia,_aere_perennius	272	147	Not Evaluable	e_causa_ignota
non_targeted_therapy	CTDC-PARTICIPANT-552335	CTDC-NON-TARGETED-THERAPY-803150	cacatum_non_est_pictum	scientia,_aere_perennius	Gallia_est_omnis_divisa_in_partes_tres	scientiae_et_patriae	605	136	Less than partial response	barba_crescit_caput_nescit
non_targeted_therapy	CTDC-PARTICIPANT-266536	CTDC-NON-TARGETED-THERAPY-834559	faber_est_suae_quisque_fortunae	nanos_gigantum_humeris_insidentes	damnant_quod_non_intellegunt	scientiae_cedit_mare	117	917	Too Early	scientiae_et_patriae
non_targeted_therapy	CTDC-PARTICIPANT-266536	CTDC-NON-TARGETED-THERAPY-813295	faber_est_suae_quisque_fortunae	e_causa_ignota	scientia_imperii_decus_et_tutamen	O_Tite_tute_Tati_tibi_tanta_tyranne_tulisti	605	228	Partial Response	e_causa_ignota
non_targeted_therapy	CTDC-PARTICIPANT-669430	CTDC-NON-TARGETED-THERAPY-352336	scientiae_et_patriae	faber_est_suae_quisque_fortunae	pace_tua	a_bene_placito	652	546	Not Assessed	cacatum_non_est_pictum
non_targeted_therapy	CTDC-PARTICIPANT-669430	CTDC-NON-TARGETED-THERAPY-433760	damnant_quod_non_intellegunt	barba_crescit_caput_nescit	cacatum_non_est_pictum	scientiae_et_patriae	908	948	Not Evaluable	O_Tite_tute_Tati_tibi_tanta_tyranne_tulisti
non_targeted_therapy	CTDC-PARTICIPANT-236757	CTDC-NON-TARGETED-THERAPY-978422	scientia_imperii_decus_et_tutamen	e_causa_ignota	barba_crescit_caput_nescit	Gallia_est_omnis_divisa_in_partes_tres	619	463	Partial Response	pace_tua
non_targeted_therapy	CTDC-PARTICIPANT-236757	CTDC-NON-TARGETED-THERAPY-141851	pace_tua	e_causa_ignota	Gallia_est_omnis_divisa_in_partes_tres	Gallia_est_omnis_divisa_in_partes_tres	547	214	Not Evaluable	scientia_et_sapientia
non_targeted_therapy	CTDC-PARTICIPANT-246586	CTDC-NON-TARGETED-THERAPY-422320	a_bene_placito	scientia_et_sapientia	scientia_imperii_decus_et_tutamen	Macte_animo_Generose_puer_sic_itur_ad_astra	579	728	Complete Response	Gallia_est_omnis_divisa_in_partes_tres
non_targeted_therapy	CTDC-PARTICIPANT-246586	CTDC-NON-TARGETED-THERAPY-347715	nanos_gigantum_humeris_insidentes	imperium_in_imperio	faber_est_suae_quisque_fortunae	scientia_et_labor	765	238	Less than partial response	a_bene_placito
non_targeted_therapy	CTDC-PARTICIPANT-819052	CTDC-NON-TARGETED-THERAPY-692190	scientia_et_sapientia	scientiae_et_patriae	labor_ipse_voluptas	scientia_et_labor	950	35	Too Early	faber_est_suae_quisque_fortunae
non_targeted_therapy	CTDC-PARTICIPANT-819052	CTDC-NON-TARGETED-THERAPY-109122	nanos_gigantum_humeris_insidentes	damnant_quod_non_intellegunt	a_bene_placito	scientia_et_sapientia	383	960	Complete Response	nanos_gigantum_humeris_insidentes
non_targeted_therapy	CTDC-PARTICIPANT-658782	CTDC-NON-TARGETED-THERAPY-378016	pace_tua	scientia_et_sapientia	scientiae_cedit_mare	haec_olim_meminisse_iuvabit	699	146	Not Assessed	scientiae_cedit_mare
non_targeted_therapy	CTDC-PARTICIPANT-658782	CTDC-NON-TARGETED-THERAPY-959674	O_Tite_tute_Tati_tibi_tanta_tyranne_tulisti	scientiae_cedit_mare	cacatum_non_est_pictum	a_bene_placito	565	425	Too Early	labor_ipse_voluptas
non_targeted_therapy	CTDC-PARTICIPANT-755947	CTDC-NON-TARGETED-THERAPY-856189	O_Tite_tute_Tati_tibi_tanta_tyranne_tulisti	cacatum_non_est_pictum	labor_ipse_voluptas	nanos_gigantum_humeris_insidentes	606	105	Not Evaluable	barba_crescit_caput_nescit
non_targeted_therapy	CTDC-PARTICIPANT-755947	CTDC-NON-TARGETED-THERAPY-415919	scientia,_aere_perennius	salus_in_arduis	Macte_animo_Generose_puer_sic_itur_ad_astra	cacatum_non_est_pictum	698	81	Stable Disease	saltus_in_demonstrando
non_targeted_therapy	CTDC-PARTICIPANT-626648	CTDC-NON-TARGETED-THERAPY-892144	a_bene_placito	nascentes_morimur_finisque_ab_origine_pendet	faber_est_suae_quisque_fortunae	scientia_et_sapientia	861	455	Unknown	e_causa_ignota
non_targeted_therapy	CTDC-PARTICIPANT-626648	CTDC-NON-TARGETED-THERAPY-734655	a_bene_placito	sapiens_qui_prospicit	cacatum_non_est_pictum	pace_tua	436	187	Not Assessed	Obedientia_civium_urbis_felicitas
non_targeted_therapy	CTDC-PARTICIPANT-102667	CTDC-NON-TARGETED-THERAPY-706088	nascentes_morimur_finisque_ab_origine_pendet	a_bene_placito	scientia_et_sapientia	nanos_gigantum_humeris_insidentes	629	658	Less than partial response	faber_est_suae_quisque_fortunae
non_targeted_therapy	CTDC-PARTICIPANT-102667	CTDC-NON-TARGETED-THERAPY-218587	Obedientia_civium_urbis_felicitas	nanos_gigantum_humeris_insidentes	nanos_gigantum_humeris_insidentes	imperium_in_imperio	13	469	Unknown	pace_tua
non_targeted_therapy	CTDC-PARTICIPANT-418183	CTDC-NON-TARGETED-THERAPY-580990	scientia_et_sapientia	Gallia_est_omnis_divisa_in_partes_tres	saltus_in_demonstrando	scientiae_et_patriae	216	849	Not Assessed	nanos_gigantum_humeris_insidentes
non_targeted_therapy	CTDC-PARTICIPANT-418183	CTDC-NON-TARGETED-THERAPY-498981	a_bene_placito	imperium_in_imperio	haec_olim_meminisse_iuvabit	damnant_quod_non_intellegunt	800	50	Too Early	salus_in_arduis
non_targeted_therapy	CTDC-PARTICIPANT-255094	CTDC-NON-TARGETED-THERAPY-336252	imperium_in_imperio	scientia_imperii_decus_et_tutamen	scientia,_aere_perennius	barba_crescit_caput_nescit	891	824	Not Assessed	salus_in_arduis
non_targeted_therapy	CTDC-PARTICIPANT-255094	CTDC-NON-TARGETED-THERAPY-532408	Macte_animo_Generose_puer_sic_itur_ad_astra	O_Tite_tute_Tati_tibi_tanta_tyranne_tulisti	damnant_quod_non_intellegunt	scientia_et_labor	590	962	Not Assessed	e_causa_ignota
non_targeted_therapy	CTDC-PARTICIPANT-725394	CTDC-NON-TARGETED-THERAPY-356883	scientia_et_labor	labor_ipse_voluptas	scientia_imperii_decus_et_tutamen	scientia,_aere_perennius	927	851	Less than partial response	a_bene_placito
non_targeted_therapy	CTDC-PARTICIPANT-725394	CTDC-NON-TARGETED-THERAPY-644439	labor_ipse_voluptas	sapiens_qui_prospicit	scientia,_aere_perennius	nascentes_morimur_finisque_ab_origine_pendet	147	67	Not Assessed	scientia,_aere_perennius
non_targeted_therapy	CTDC-PARTICIPANT-826990	CTDC-NON-TARGETED-THERAPY-227718	pace_tua	scientiae_cedit_mare	labor_ipse_voluptas	scientiae_cedit_mare	368	705	Not Assessed	O_Tite_tute_Tati_tibi_tanta_tyranne_tulisti
non_targeted_therapy	CTDC-PARTICIPANT-826990	CTDC-NON-TARGETED-THERAPY-832104	scientia,_aere_perennius	nanos_gigantum_humeris_insidentes	labor_ipse_voluptas	damnant_quod_non_intellegunt	647	509	Unknown	sapiens_qui_prospicit
non_targeted_therapy	CTDC-PARTICIPANT-475422	CTDC-NON-TARGETED-THERAPY-773301	haec_olim_meminisse_iuvabit	barba_crescit_caput_nescit	labor_ipse_voluptas	id_quod_plerumque_accidit	781	433	Stable Disease	Gallia_est_omnis_divisa_in_partes_tres
non_targeted_therapy	CTDC-PARTICIPANT-475422	CTDC-NON-TARGETED-THERAPY-520938	scientiae_cedit_mare	scientia,_aere_perennius	id_quod_plerumque_accidit	scientiae_et_patriae	364	270	Not Assessed	Gallia_est_omnis_divisa_in_partes_tres
non_targeted_therapy	CTDC-PARTICIPANT-411072	CTDC-NON-TARGETED-THERAPY-294858	saltus_in_demonstrando	haec_olim_meminisse_iuvabit	scientiae_et_patriae	imperium_in_imperio	506	501	Stable Disease	nanos_gigantum_humeris_insidentes
non_targeted_therapy	CTDC-PARTICIPANT-411072	CTDC-NON-TARGETED-THERAPY-385565	damnant_quod_non_intellegunt	O_Tite_tute_Tati_tibi_tanta_tyranne_tulisti	Gallia_est_omnis_divisa_in_partes_tres	haec_olim_meminisse_iuvabit	319	825	Stable Disease	labor_ipse_voluptas
non_targeted_therapy	CTDC-PARTICIPANT-727896	CTDC-NON-TARGETED-THERAPY-287534	O_Tite_tute_Tati_tibi_tanta_tyranne_tulisti	a_bene_placito	pace_tua	Macte_animo_Generose_puer_sic_itur_ad_astra	673	63	Complete Response	salus_in_arduis
non_targeted_therapy	CTDC-PARTICIPANT-727896	CTDC-NON-TARGETED-THERAPY-512480	a_bene_placito	id_quod_plerumque_accidit	scientia_et_sapientia	nanos_gigantum_humeris_insidentes	50	878	Progressive Disease	scientia_et_sapientia
non_targeted_therapy	CTDC-PARTICIPANT-924317	CTDC-NON-TARGETED-THERAPY-501817	barba_crescit_caput_nescit	cacatum_non_est_pictum	e_causa_ignota	damnant_quod_non_intellegunt	252	571	Progressive Disease	scientia,_aere_perennius
non_targeted_therapy	CTDC-PARTICIPANT-924317	CTDC-NON-TARGETED-THERAPY-284078	labor_ipse_voluptas	nanos_gigantum_humeris_insidentes	nascentes_morimur_finisque_ab_origine_pendet	O_Tite_tute_Tati_tibi_tanta_tyranne_tulisti	313	815	Progressive Disease	faber_est_suae_quisque_fortunae
non_targeted_therapy	CTDC-PARTICIPANT-217299	CTDC-NON-TARGETED-THERAPY-655769	barba_crescit_caput_nescit	Macte_animo_Generose_puer_sic_itur_ad_astra	scientia,_aere_perennius	Gallia_est_omnis_divisa_in_partes_tres	969	64	Unknown	id_quod_plerumque_accidit
non_targeted_therapy	CTDC-PARTICIPANT-217299	CTDC-NON-TARGETED-THERAPY-554437	pace_tua	scientia_et_sapientia	scientiae_cedit_mare	Obedientia_civium_urbis_felicitas	380	949	Less than partial response	sapiens_qui_prospicit
non_targeted_therapy	CTDC-PARTICIPANT-612053	CTDC-NON-TARGETED-THERAPY-533230	faber_est_suae_quisque_fortunae	pace_tua	scientia_et_labor	salus_in_arduis	699	386	Unknown	Gallia_est_omnis_divisa_in_partes_tres
non_targeted_therapy	CTDC-PARTICIPANT-612053	CTDC-NON-TARGETED-THERAPY-107999	id_quod_plerumque_accidit	sapiens_qui_prospicit	scientia_et_labor	salus_in_arduis	197	94	Progressive Disease	salus_in_arduis
non_targeted_therapy	CTDC-PARTICIPANT-643598	CTDC-NON-TARGETED-THERAPY-163713	scientia_et_sapientia	id_quod_plerumque_accidit	pace_tua	e_causa_ignota	809	862	Complete Response	Obedientia_civium_urbis_felicitas
non_targeted_therapy	CTDC-PARTICIPANT-643598	CTDC-NON-TARGETED-THERAPY-851248	haec_olim_meminisse_iuvabit	scientiae_cedit_mare	scientia_et_sapientia	a_bene_placito	290	346	Less than partial response	e_causa_ignota
non_targeted_therapy	CTDC-PARTICIPANT-752377	CTDC-NON-TARGETED-THERAPY-780168	pace_tua	salus_in_arduis	Gallia_est_omnis_divisa_in_partes_tres	labor_ipse_voluptas	150	807	Partial Response	scientia_et_labor
non_targeted_therapy	CTDC-PARTICIPANT-752377	CTDC-NON-TARGETED-THERAPY-452042	labor_ipse_voluptas	scientia_et_sapientia	faber_est_suae_quisque_fortunae	scientia,_aere_perennius	70	199	Stable Disease	labor_ipse_voluptas
non_targeted_therapy	CTDC-PARTICIPANT-984423	CTDC-NON-TARGETED-THERAPY-610921	barba_crescit_caput_nescit	scientia,_aere_perennius	pace_tua	nascentes_morimur_finisque_ab_origine_pendet	287	176	Progressive Disease	barba_crescit_caput_nescit
non_targeted_therapy	CTDC-PARTICIPANT-984423	CTDC-NON-TARGETED-THERAPY-784278	cacatum_non_est_pictum	nanos_gigantum_humeris_insidentes	barba_crescit_caput_nescit	scientiae_et_patriae	616	614	Less than partial response	barba_crescit_caput_nescit
non_targeted_therapy	CTDC-PARTICIPANT-709410	CTDC-NON-TARGETED-THERAPY-324398	damnant_quod_non_intellegunt	scientia,_aere_perennius	barba_crescit_caput_nescit	scientiae_cedit_mare	965	638	Not Evaluable	Gallia_est_omnis_divisa_in_partes_tres
non_targeted_therapy	CTDC-PARTICIPANT-709410	CTDC-NON-TARGETED-THERAPY-998049	pace_tua	e_causa_ignota	O_Tite_tute_Tati_tibi_tanta_tyranne_tulisti	Obedientia_civium_urbis_felicitas	745	669	Unknown	labor_ipse_voluptas
non_targeted_therapy	CTDC-PARTICIPANT-940790	CTDC-NON-TARGETED-THERAPY-121197	scientia_et_labor	Macte_animo_Generose_puer_sic_itur_ad_astra	imperium_in_imperio	scientia_et_sapientia	840	274	Not Assessed	saltus_in_demonstrando
non_targeted_therapy	CTDC-PARTICIPANT-940790	CTDC-NON-TARGETED-THERAPY-319372	pace_tua	imperium_in_imperio	scientia,_aere_perennius	scientia_imperii_decus_et_tutamen	519	501	Stable Disease	scientia_et_sapientia
non_targeted_therapy	CTDC-PARTICIPANT-277817	CTDC-NON-TARGETED-THERAPY-105052	saltus_in_demonstrando	faber_est_suae_quisque_fortunae	sapiens_qui_prospicit	Gallia_est_omnis_divisa_in_partes_tres	898	585	Progressive Disease	a_bene_placito
non_targeted_therapy	CTDC-PARTICIPANT-277817	CTDC-NON-TARGETED-THERAPY-559212	pace_tua	scientia_et_sapientia	barba_crescit_caput_nescit	pace_tua	886	804	Stable Disease	haec_olim_meminisse_iuvabit
non_targeted_therapy	CTDC-PARTICIPANT-635212	CTDC-NON-TARGETED-THERAPY-783954	scientiae_et_patriae	scientia,_aere_perennius	salus_in_arduis	barba_crescit_caput_nescit	82	589	Unknown	damnant_quod_non_intellegunt
non_targeted_therapy	CTDC-PARTICIPANT-635212	CTDC-NON-TARGETED-THERAPY-365653	cacatum_non_est_pictum	scientia_et_sapientia	damnant_quod_non_intellegunt	scientiae_et_patriae	851	39	Stable Disease	scientia,_aere_perennius
non_targeted_therapy	CTDC-PARTICIPANT-845787	CTDC-NON-TARGETED-THERAPY-433865	scientia_et_labor	cacatum_non_est_pictum	scientia_et_sapientia	Gallia_est_omnis_divisa_in_partes_tres	30	250	Progressive Disease	imperium_in_imperio
non_targeted_therapy	CTDC-PARTICIPANT-845787	CTDC-NON-TARGETED-THERAPY-102831	salus_in_arduis	scientia_et_labor	scientia_et_labor	a_bene_placito	90	123	Partial Response	nanos_gigantum_humeris_insidentes
non_targeted_therapy	CTDC-PARTICIPANT-938156	CTDC-NON-TARGETED-THERAPY-406956	a_bene_placito	scientia_et_labor	faber_est_suae_quisque_fortunae	scientiae_cedit_mare	62	402	Progressive Disease	nascentes_morimur_finisque_ab_origine_pendet
non_targeted_therapy	CTDC-PARTICIPANT-938156	CTDC-NON-TARGETED-THERAPY-727310	scientiae_et_patriae	scientia_imperii_decus_et_tutamen	damnant_quod_non_intellegunt	scientiae_cedit_mare	201	641	Not Evaluable	labor_ipse_voluptas
non_targeted_therapy	CTDC-PARTICIPANT-803823	CTDC-NON-TARGETED-THERAPY-886500	id_quod_plerumque_accidit	id_quod_plerumque_accidit	scientiae_et_patriae	Obedientia_civium_urbis_felicitas	523	525	Complete Response	e_causa_ignota
non_targeted_therapy	CTDC-PARTICIPANT-803823	CTDC-NON-TARGETED-THERAPY-184224	labor_ipse_voluptas	scientia,_aere_perennius	faber_est_suae_quisque_fortunae	nascentes_morimur_finisque_ab_origine_pendet	470	627	Complete Response	pace_tua
non_targeted_therapy	CTDC-PARTICIPANT-455737	CTDC-NON-TARGETED-THERAPY-488247	O_Tite_tute_Tati_tibi_tanta_tyranne_tulisti	scientia_et_sapientia	damnant_quod_non_intellegunt	id_quod_plerumque_accidit	36	721	Stable Disease	scientiae_cedit_mare
non_targeted_therapy	CTDC-PARTICIPANT-455737	CTDC-NON-TARGETED-THERAPY-121331	scientia_et_labor	scientia_et_labor	Obedientia_civium_urbis_felicitas	nanos_gigantum_humeris_insidentes	813	450	Too Early	id_quod_plerumque_accidit
non_targeted_therapy	CTDC-PARTICIPANT-518334	CTDC-NON-TARGETED-THERAPY-294714	cacatum_non_est_pictum	sapiens_qui_prospicit	O_Tite_tute_Tati_tibi_tanta_tyranne_tulisti	pace_tua	335	457	Not Assessed	pace_tua
non_targeted_therapy	CTDC-PARTICIPANT-518334	CTDC-NON-TARGETED-THERAPY-201499	Macte_animo_Generose_puer_sic_itur_ad_astra	haec_olim_meminisse_iuvabit	pace_tua	Macte_animo_Generose_puer_sic_itur_ad_astra	772	485	Unknown	O_Tite_tute_Tati_tibi_tanta_tyranne_tulisti
non_targeted_therapy	CTDC-PARTICIPANT-548324	CTDC-NON-TARGETED-THERAPY-128776	pace_tua	cacatum_non_est_pictum	nascentes_morimur_finisque_ab_origine_pendet	saltus_in_demonstrando	231	121	Stable Disease	scientia_et_sapientia
non_targeted_therapy	CTDC-PARTICIPANT-548324	CTDC-NON-TARGETED-THERAPY-836301	O_Tite_tute_Tati_tibi_tanta_tyranne_tulisti	cacatum_non_est_pictum	id_quod_plerumque_accidit	nascentes_morimur_finisque_ab_origine_pendet	317	813	Not Assessed	scientia,_aere_perennius
non_targeted_therapy	CTDC-PARTICIPANT-693831	CTDC-NON-TARGETED-THERAPY-228980	salus_in_arduis	id_quod_plerumque_accidit	Obedientia_civium_urbis_felicitas	scientia_et_sapientia	475	654	Not Evaluable	pace_tua
non_targeted_therapy	CTDC-PARTICIPANT-693831	CTDC-NON-TARGETED-THERAPY-755744	pace_tua	faber_est_suae_quisque_fortunae	Gallia_est_omnis_divisa_in_partes_tres	nanos_gigantum_humeris_insidentes	959	281	Unknown	scientia,_aere_perennius
non_targeted_therapy	CTDC-PARTICIPANT-345629	CTDC-NON-TARGETED-THERAPY-786285	saltus_in_demonstrando	scientia_et_labor	sapiens_qui_prospicit	Gallia_est_omnis_divisa_in_partes_tres	262	275	Too Early	scientia_et_sapientia
non_targeted_therapy	CTDC-PARTICIPANT-345629	CTDC-NON-TARGETED-THERAPY-963428	salus_in_arduis	scientia_imperii_decus_et_tutamen	a_bene_placito	e_causa_ignota	698	387	Not Evaluable	scientiae_cedit_mare
non_targeted_therapy	CTDC-PARTICIPANT-151888	CTDC-NON-TARGETED-THERAPY-566082	Gallia_est_omnis_divisa_in_partes_tres	saltus_in_demonstrando	sapiens_qui_prospicit	faber_est_suae_quisque_fortunae	214	849	Unknown	faber_est_suae_quisque_fortunae
non_targeted_therapy	CTDC-PARTICIPANT-151888	CTDC-NON-TARGETED-THERAPY-742563	Macte_animo_Generose_puer_sic_itur_ad_astra	scientiae_et_patriae	cacatum_non_est_pictum	scientia_imperii_decus_et_tutamen	115	282	Partial Response	scientiae_cedit_mare
non_targeted_therapy	CTDC-PARTICIPANT-911273	CTDC-NON-TARGETED-THERAPY-804046	O_Tite_tute_Tati_tibi_tanta_tyranne_tulisti	imperium_in_imperio	faber_est_suae_quisque_fortunae	salus_in_arduis	520	924	Stable Disease	nascentes_morimur_finisque_ab_origine_pendet
non_targeted_therapy	CTDC-PARTICIPANT-911273	CTDC-NON-TARGETED-THERAPY-459118	damnant_quod_non_intellegunt	faber_est_suae_quisque_fortunae	O_Tite_tute_Tati_tibi_tanta_tyranne_tulisti	scientia_et_labor	514	463	Unknown	id_quod_plerumque_accidit
non_targeted_therapy	CTDC-PARTICIPANT-862923	CTDC-NON-TARGETED-THERAPY-767196	nanos_gigantum_humeris_insidentes	barba_crescit_caput_nescit	Obedientia_civium_urbis_felicitas	scientia_et_sapientia	410	794	Too Early	labor_ipse_voluptas
non_targeted_therapy	CTDC-PARTICIPANT-862923	CTDC-NON-TARGETED-THERAPY-908143	sapiens_qui_prospicit	imperium_in_imperio	Obedientia_civium_urbis_felicitas	labor_ipse_voluptas	151	620	Complete Response	haec_olim_meminisse_iuvabit
non_targeted_therapy	CTDC-PARTICIPANT-716314	CTDC-NON-TARGETED-THERAPY-383326	nanos_gigantum_humeris_insidentes	salus_in_arduis	barba_crescit_caput_nescit	e_causa_ignota	802	376	Complete Response	salus_in_arduis
non_targeted_therapy	CTDC-PARTICIPANT-716314	CTDC-NON-TARGETED-THERAPY-902528	id_quod_plerumque_accidit	nascentes_morimur_finisque_ab_origine_pendet	damnant_quod_non_intellegunt	sapiens_qui_prospicit	883	934	Not Evaluable	id_quod_plerumque_accidit
non_targeted_therapy	CTDC-PARTICIPANT-555997	CTDC-NON-TARGETED-THERAPY-397165	Obedientia_civium_urbis_felicitas	scientia_et_labor	faber_est_suae_quisque_fortunae	saltus_in_demonstrando	597	811	Progressive Disease	salus_in_arduis
non_targeted_therapy	CTDC-PARTICIPANT-555997	CTDC-NON-TARGETED-THERAPY-892794	sapiens_qui_prospicit	nascentes_morimur_finisque_ab_origine_pendet	barba_crescit_caput_nescit	barba_crescit_caput_nescit	402	621	Unknown	labor_ipse_voluptas
non_targeted_therapy	CTDC-PARTICIPANT-317484	CTDC-NON-TARGETED-THERAPY-997855	damnant_quod_non_intellegunt	damnant_quod_non_intellegunt	sapiens_qui_prospicit	barba_crescit_caput_nescit	234	860	Progressive Disease	scientiae_et_patriae
non_targeted_therapy	CTDC-PARTICIPANT-317484	CTDC-NON-TARGETED-THERAPY-625020	imperium_in_imperio	cacatum_non_est_pictum	salus_in_arduis	nascentes_morimur_finisque_ab_origine_pendet	869	231	Less than partial response	Macte_animo_Generose_puer_sic_itur_ad_astra
non_targeted_therapy	CTDC-PARTICIPANT-629268	CTDC-NON-TARGETED-THERAPY-139115	id_quod_plerumque_accidit	barba_crescit_caput_nescit	cacatum_non_est_pictum	faber_est_suae_quisque_fortunae	822	651	Too Early	e_causa_ignota
non_targeted_therapy	CTDC-PARTICIPANT-629268	CTDC-NON-TARGETED-THERAPY-358306	sapiens_qui_prospicit	scientia_et_sapientia	haec_olim_meminisse_iuvabit	Gallia_est_omnis_divisa_in_partes_tres	663	35	Not Assessed	a_bene_placito
non_targeted_therapy	CTDC-PARTICIPANT-153199	CTDC-NON-TARGETED-THERAPY-970184	haec_olim_meminisse_iuvabit	scientia_et_sapientia	labor_ipse_voluptas	salus_in_arduis	960	772	Progressive Disease	barba_crescit_caput_nescit
non_targeted_therapy	CTDC-PARTICIPANT-153199	CTDC-NON-TARGETED-THERAPY-573486	scientia_imperii_decus_et_tutamen	scientia_et_sapientia	scientiae_et_patriae	a_bene_placito	460	654	Unknown	faber_est_suae_quisque_fortunae
non_targeted_therapy	CTDC-PARTICIPANT-381936	CTDC-NON-TARGETED-THERAPY-483674	Macte_animo_Generose_puer_sic_itur_ad_astra	sapiens_qui_prospicit	Obedientia_civium_urbis_felicitas	id_quod_plerumque_accidit	649	295	Partial Response	scientiae_et_patriae
non_targeted_therapy	CTDC-PARTICIPANT-381936	CTDC-NON-TARGETED-THERAPY-444117	labor_ipse_voluptas	faber_est_suae_quisque_fortunae	faber_est_suae_quisque_fortunae	Gallia_est_omnis_divisa_in_partes_tres	40	870	Too Early	scientia_et_sapientia
non_targeted_therapy	CTDC-PARTICIPANT-866904	CTDC-NON-TARGETED-THERAPY-368484	nanos_gigantum_humeris_insidentes	Macte_animo_Generose_puer_sic_itur_ad_astra	scientia_et_sapientia	labor_ipse_voluptas	491	623	Not Assessed	scientia_imperii_decus_et_tutamen
non_targeted_therapy	CTDC-PARTICIPANT-866904	CTDC-NON-TARGETED-THERAPY-985952	sapiens_qui_prospicit	faber_est_suae_quisque_fortunae	a_bene_placito	Macte_animo_Generose_puer_sic_itur_ad_astra	383	103	Complete Response	saltus_in_demonstrando
non_targeted_therapy	CTDC-PARTICIPANT-842962	CTDC-NON-TARGETED-THERAPY-298152	id_quod_plerumque_accidit	labor_ipse_voluptas	saltus_in_demonstrando	cacatum_non_est_pictum	306	524	Progressive Disease	faber_est_suae_quisque_fortunae
non_targeted_therapy	CTDC-PARTICIPANT-842962	CTDC-NON-TARGETED-THERAPY-760380	scientiae_et_patriae	scientia_et_sapientia	barba_crescit_caput_nescit	haec_olim_meminisse_iuvabit	497	963	Not Assessed	Obedientia_civium_urbis_felicitas
non_targeted_therapy	CTDC-PARTICIPANT-284794	CTDC-NON-TARGETED-THERAPY-588810	e_causa_ignota	salus_in_arduis	scientia,_aere_perennius	scientia,_aere_perennius	844	510	Not Assessed	nanos_gigantum_humeris_insidentes
non_targeted_therapy	CTDC-PARTICIPANT-284794	CTDC-NON-TARGETED-THERAPY-812447	scientia_et_sapientia	sapiens_qui_prospicit	nascentes_morimur_finisque_ab_origine_pendet	haec_olim_meminisse_iuvabit	135	846	Complete Response	faber_est_suae_quisque_fortunae
non_targeted_therapy	CTDC-PARTICIPANT-663400	CTDC-NON-TARGETED-THERAPY-698825	scientia_imperii_decus_et_tutamen	pace_tua	Obedientia_civium_urbis_felicitas	haec_olim_meminisse_iuvabit	369	768	Less than partial response	Macte_animo_Generose_puer_sic_itur_ad_astra
non_targeted_therapy	CTDC-PARTICIPANT-663400	CTDC-NON-TARGETED-THERAPY-630857	barba_crescit_caput_nescit	e_causa_ignota	scientiae_et_patriae	a_bene_placito	578	822	Partial Response	scientia,_aere_perennius
non_targeted_therapy	CTDC-PARTICIPANT-307047	CTDC-NON-TARGETED-THERAPY-153074	imperium_in_imperio	scientiae_et_patriae	scientiae_et_patriae	Macte_animo_Generose_puer_sic_itur_ad_astra	757	170	Less than partial response	saltus_in_demonstrando
non_targeted_therapy	CTDC-PARTICIPANT-307047	CTDC-NON-TARGETED-THERAPY-227263	a_bene_placito	labor_ipse_voluptas	scientia_et_labor	Obedientia_civium_urbis_felicitas	731	219	Partial Response	salus_in_arduis
non_targeted_therapy	CTDC-PARTICIPANT-684301	CTDC-NON-TARGETED-THERAPY-316369	damnant_quod_non_intellegunt	scientiae_cedit_mare	id_quod_plerumque_accidit	a_bene_placito	922	132	Not Evaluable	cacatum_non_est_pictum
non_targeted_therapy	CTDC-PARTICIPANT-684301	CTDC-NON-TARGETED-THERAPY-159081	e_causa_ignota	e_causa_ignota	Macte_animo_Generose_puer_sic_itur_ad_astra	Gallia_est_omnis_divisa_in_partes_tres	696	317	Not Assessed	pace_tua
non_targeted_therapy	CTDC-PARTICIPANT-818286	CTDC-NON-TARGETED-THERAPY-681603	nascentes_morimur_finisque_ab_origine_pendet	haec_olim_meminisse_iuvabit	e_causa_ignota	nascentes_morimur_finisque_ab_origine_pendet	395	1000	Partial Response	scientiae_et_patriae
non_targeted_therapy	CTDC-PARTICIPANT-818286	CTDC-NON-TARGETED-THERAPY-178938	e_causa_ignota	haec_olim_meminisse_iuvabit	faber_est_suae_quisque_fortunae	e_causa_ignota	411	835	Partial Response	pace_tua
non_targeted_therapy	CTDC-PARTICIPANT-993025	CTDC-NON-TARGETED-THERAPY-407765	faber_est_suae_quisque_fortunae	labor_ipse_voluptas	nascentes_morimur_finisque_ab_origine_pendet	cacatum_non_est_pictum	437	722	Unknown	pace_tua
non_targeted_therapy	CTDC-PARTICIPANT-993025	CTDC-NON-TARGETED-THERAPY-522618	imperium_in_imperio	Obedientia_civium_urbis_felicitas	e_causa_ignota	imperium_in_imperio	923	859	Not Assessed	id_quod_plerumque_accidit
non_targeted_therapy	CTDC-PARTICIPANT-578185	CTDC-NON-TARGETED-THERAPY-301288	imperium_in_imperio	O_Tite_tute_Tati_tibi_tanta_tyranne_tulisti	scientia,_aere_perennius	Macte_animo_Generose_puer_sic_itur_ad_astra	406	466	Unknown	nanos_gigantum_humeris_insidentes
non_targeted_therapy	CTDC-PARTICIPANT-578185	CTDC-NON-TARGETED-THERAPY-898054	id_quod_plerumque_accidit	labor_ipse_voluptas	O_Tite_tute_Tati_tibi_tanta_tyranne_tulisti	scientia,_aere_perennius	861	521	Less than partial response	cacatum_non_est_pictum
non_targeted_therapy	CTDC-PARTICIPANT-324715	CTDC-NON-TARGETED-THERAPY-418218	scientiae_et_patriae	nascentes_morimur_finisque_ab_origine_pendet	Gallia_est_omnis_divisa_in_partes_tres	Macte_animo_Generose_puer_sic_itur_ad_astra	591	659	Progressive Disease	damnant_quod_non_intellegunt
non_targeted_therapy	CTDC-PARTICIPANT-324715	CTDC-NON-TARGETED-THERAPY-708728	scientiae_et_patriae	salus_in_arduis	nanos_gigantum_humeris_insidentes	O_Tite_tute_Tati_tibi_tanta_tyranne_tulisti	106	664	Too Early	Macte_animo_Generose_puer_sic_itur_ad_astra
non_targeted_therapy	CTDC-PARTICIPANT-678673	CTDC-NON-TARGETED-THERAPY-771902	sapiens_qui_prospicit	labor_ipse_voluptas	sapiens_qui_prospicit	scientia_imperii_decus_et_tutamen	320	60	Complete Response	a_bene_placito
non_targeted_therapy	CTDC-PARTICIPANT-678673	CTDC-NON-TARGETED-THERAPY-408210	scientia_et_labor	a_bene_placito	scientiae_et_patriae	faber_est_suae_quisque_fortunae	159	842	Complete Response	Gallia_est_omnis_divisa_in_partes_tres
non_targeted_therapy	CTDC-PARTICIPANT-571518	CTDC-NON-TARGETED-THERAPY-967009	O_Tite_tute_Tati_tibi_tanta_tyranne_tulisti	barba_crescit_caput_nescit	e_causa_ignota	barba_crescit_caput_nescit	344	667	Partial Response	sapiens_qui_prospicit
non_targeted_therapy	CTDC-PARTICIPANT-571518	CTDC-NON-TARGETED-THERAPY-669072	pace_tua	scientia_et_labor	O_Tite_tute_Tati_tibi_tanta_tyranne_tulisti	scientiae_et_patriae	413	259	Less than partial response	O_Tite_tute_Tati_tibi_tanta_tyranne_tulisti
non_targeted_therapy	CTDC-PARTICIPANT-873392	CTDC-NON-TARGETED-THERAPY-417830	Obedientia_civium_urbis_felicitas	nanos_gigantum_humeris_insidentes	scientia_et_sapientia	saltus_in_demonstrando	86	150	Too Early	faber_est_suae_quisque_fortunae
non_targeted_therapy	CTDC-PARTICIPANT-873392	CTDC-NON-TARGETED-THERAPY-518203	sapiens_qui_prospicit	scientia_et_labor	scientia_et_labor	O_Tite_tute_Tati_tibi_tanta_tyranne_tulisti	767	980	Progressive Disease	a_bene_placito
non_targeted_therapy	CTDC-PARTICIPANT-468304	CTDC-NON-TARGETED-THERAPY-185299	saltus_in_demonstrando	e_causa_ignota	a_bene_placito	saltus_in_demonstrando	984	639	Progressive Disease	cacatum_non_est_pictum
non_targeted_therapy	CTDC-PARTICIPANT-468304	CTDC-NON-TARGETED-THERAPY-511921	Macte_animo_Generose_puer_sic_itur_ad_astra	Obedientia_civium_urbis_felicitas	imperium_in_imperio	scientia_imperii_decus_et_tutamen	149	511	Not Evaluable	O_Tite_tute_Tati_tibi_tanta_tyranne_tulisti
non_targeted_therapy	CTDC-PARTICIPANT-509129	CTDC-NON-TARGETED-THERAPY-524304	scientia_et_sapientia	imperium_in_imperio	scientia_imperii_decus_et_tutamen	sapiens_qui_prospicit	181	339	Less than partial response	nanos_gigantum_humeris_insidentes
non_targeted_therapy	CTDC-PARTICIPANT-509129	CTDC-NON-TARGETED-THERAPY-701991	saltus_in_demonstrando	damnant_quod_non_intellegunt	O_Tite_tute_Tati_tibi_tanta_tyranne_tulisti	scientiae_cedit_mare	819	482	Stable Disease	scientia_et_labor
non_targeted_therapy	CTDC-PARTICIPANT-536078	CTDC-NON-TARGETED-THERAPY-531063	salus_in_arduis	scientia,_aere_perennius	imperium_in_imperio	saltus_in_demonstrando	80	104	Partial Response	a_bene_placito
non_targeted_therapy	CTDC-PARTICIPANT-536078	CTDC-NON-TARGETED-THERAPY-556120	scientia_et_sapientia	e_causa_ignota	barba_crescit_caput_nescit	nascentes_morimur_finisque_ab_origine_pendet	712	254	Not Assessed	Gallia_est_omnis_divisa_in_partes_tres
non_targeted_therapy	CTDC-PARTICIPANT-406641	CTDC-NON-TARGETED-THERAPY-212898	scientia_imperii_decus_et_tutamen	scientia_et_labor	barba_crescit_caput_nescit	scientia_et_sapientia	313	833	Not Assessed	cacatum_non_est_pictum
non_targeted_therapy	CTDC-PARTICIPANT-406641	CTDC-NON-TARGETED-THERAPY-241379	haec_olim_meminisse_iuvabit	barba_crescit_caput_nescit	faber_est_suae_quisque_fortunae	a_bene_placito	606	50	Unknown	Gallia_est_omnis_divisa_in_partes_tres
non_targeted_therapy	CTDC-PARTICIPANT-382497	CTDC-NON-TARGETED-THERAPY-974682	Macte_animo_Generose_puer_sic_itur_ad_astra	damnant_quod_non_intellegunt	damnant_quod_non_intellegunt	nanos_gigantum_humeris_insidentes	874	146	Unknown	saltus_in_demonstrando
non_targeted_therapy	CTDC-PARTICIPANT-382497	CTDC-NON-TARGETED-THERAPY-808318	cacatum_non_est_pictum	scientia,_aere_perennius	faber_est_suae_quisque_fortunae	sapiens_qui_prospicit	76	37	Unknown	pace_tua
non_targeted_therapy	CTDC-PARTICIPANT-697606	CTDC-NON-TARGETED-THERAPY-230862	haec_olim_meminisse_iuvabit	damnant_quod_non_intellegunt	scientia_imperii_decus_et_tutamen	barba_crescit_caput_nescit	310	999	Not Assessed	cacatum_non_est_pictum
non_targeted_therapy	CTDC-PARTICIPANT-697606	CTDC-NON-TARGETED-THERAPY-569414	scientia_imperii_decus_et_tutamen	scientia_imperii_decus_et_tutamen	nascentes_morimur_finisque_ab_origine_pendet	faber_est_suae_quisque_fortunae	903	664	Not Evaluable	cacatum_non_est_pictum
non_targeted_therapy	CTDC-PARTICIPANT-546234	CTDC-NON-TARGETED-THERAPY-670147	haec_olim_meminisse_iuvabit	nascentes_morimur_finisque_ab_origine_pendet	a_bene_placito	scientiae_et_patriae	477	669	Unknown	barba_crescit_caput_nescit
non_targeted_therapy	CTDC-PARTICIPANT-546234	CTDC-NON-TARGETED-THERAPY-597935	barba_crescit_caput_nescit	scientiae_cedit_mare	damnant_quod_non_intellegunt	scientia_imperii_decus_et_tutamen	381	643	Not Evaluable	Gallia_est_omnis_divisa_in_partes_tres
non_targeted_therapy	CTDC-PARTICIPANT-693469	CTDC-NON-TARGETED-THERAPY-879221	scientia_et_labor	scientia_imperii_decus_et_tutamen	Obedientia_civium_urbis_felicitas	cacatum_non_est_pictum	504	874	Stable Disease	Gallia_est_omnis_divisa_in_partes_tres
non_targeted_therapy	CTDC-PARTICIPANT-693469	CTDC-NON-TARGETED-THERAPY-828040	haec_olim_meminisse_iuvabit	a_bene_placito	Gallia_est_omnis_divisa_in_partes_tres	barba_crescit_caput_nescit	424	90	Progressive Disease	scientiae_cedit_mare
non_targeted_therapy	CTDC-PARTICIPANT-922088	CTDC-NON-TARGETED-THERAPY-109966	id_quod_plerumque_accidit	barba_crescit_caput_nescit	barba_crescit_caput_nescit	Macte_animo_Generose_puer_sic_itur_ad_astra	187	579	Not Assessed	e_causa_ignota
non_targeted_therapy	CTDC-PARTICIPANT-922088	CTDC-NON-TARGETED-THERAPY-179786	Obedientia_civium_urbis_felicitas	haec_olim_meminisse_iuvabit	scientiae_cedit_mare	sapiens_qui_prospicit	983	929	Less than partial response	Gallia_est_omnis_divisa_in_partes_tres
non_targeted_therapy	CTDC-PARTICIPANT-141305	CTDC-NON-TARGETED-THERAPY-598320	nascentes_morimur_finisque_ab_origine_pendet	imperium_in_imperio	Macte_animo_Generose_puer_sic_itur_ad_astra	e_causa_ignota	53	543	Partial Response	scientiae_cedit_mare
non_targeted_therapy	CTDC-PARTICIPANT-141305	CTDC-NON-TARGETED-THERAPY-896997	nanos_gigantum_humeris_insidentes	e_causa_ignota	cacatum_non_est_pictum	damnant_quod_non_intellegunt	94	294	Unknown	damnant_quod_non_intellegunt
non_targeted_therapy	CTDC-PARTICIPANT-367517	CTDC-NON-TARGETED-THERAPY-146583	barba_crescit_caput_nescit	imperium_in_imperio	scientia_et_sapientia	scientiae_et_patriae	413	678	Complete Response	scientiae_cedit_mare
non_targeted_therapy	CTDC-PARTICIPANT-367517	CTDC-NON-TARGETED-THERAPY-746076	labor_ipse_voluptas	Macte_animo_Generose_puer_sic_itur_ad_astra	scientia_et_sapientia	scientia_et_labor	434	427	Partial Response	sapiens_qui_prospicit
non_targeted_therapy	CTDC-PARTICIPANT-465076	CTDC-NON-TARGETED-THERAPY-213602	salus_in_arduis	saltus_in_demonstrando	imperium_in_imperio	nanos_gigantum_humeris_insidentes	29	499	Less than partial response	salus_in_arduis
non_targeted_therapy	CTDC-PARTICIPANT-465076	CTDC-NON-TARGETED-THERAPY-175692	nanos_gigantum_humeris_insidentes	id_quod_plerumque_accidit	imperium_in_imperio	scientiae_cedit_mare	84	820	Less than partial response	cacatum_non_est_pictum
non_targeted_therapy	CTDC-PARTICIPANT-615323	CTDC-NON-TARGETED-THERAPY-290288	e_causa_ignota	nanos_gigantum_humeris_insidentes	saltus_in_demonstrando	Gallia_est_omnis_divisa_in_partes_tres	391	178	Stable Disease	Macte_animo_Generose_puer_sic_itur_ad_astra
non_targeted_therapy	CTDC-PARTICIPANT-615323	CTDC-NON-TARGETED-THERAPY-181285	salus_in_arduis	a_bene_placito	barba_crescit_caput_nescit	saltus_in_demonstrando	610	728	Partial Response	labor_ipse_voluptas
non_targeted_therapy	CTDC-PARTICIPANT-732925	CTDC-NON-TARGETED-THERAPY-365034	a_bene_placito	barba_crescit_caput_nescit	scientiae_et_patriae	scientia,_aere_perennius	489	782	Partial Response	barba_crescit_caput_nescit
non_targeted_therapy	CTDC-PARTICIPANT-732925	CTDC-NON-TARGETED-THERAPY-995417	damnant_quod_non_intellegunt	scientia_imperii_decus_et_tutamen	haec_olim_meminisse_iuvabit	saltus_in_demonstrando	640	936	Too Early	Obedientia_civium_urbis_felicitas
non_targeted_therapy	CTDC-PARTICIPANT-920683	CTDC-NON-TARGETED-THERAPY-534545	salus_in_arduis	scientia_et_labor	e_causa_ignota	faber_est_suae_quisque_fortunae	430	419	Unknown	nascentes_morimur_finisque_ab_origine_pendet
non_targeted_therapy	CTDC-PARTICIPANT-920683	CTDC-NON-TARGETED-THERAPY-630896	faber_est_suae_quisque_fortunae	nanos_gigantum_humeris_insidentes	e_causa_ignota	Gallia_est_omnis_divisa_in_partes_tres	363	513	Unknown	damnant_quod_non_intellegunt
non_targeted_therapy	CTDC-PARTICIPANT-301240	CTDC-NON-TARGETED-THERAPY-357965	scientiae_et_patriae	scientiae_et_patriae	haec_olim_meminisse_iuvabit	scientia_imperii_decus_et_tutamen	32	409	Complete Response	faber_est_suae_quisque_fortunae
non_targeted_therapy	CTDC-PARTICIPANT-301240	CTDC-NON-TARGETED-THERAPY-533236	scientia,_aere_perennius	O_Tite_tute_Tati_tibi_tanta_tyranne_tulisti	scientiae_et_patriae	imperium_in_imperio	367	406	Not Assessed	barba_crescit_caput_nescit
non_targeted_therapy	CTDC-PARTICIPANT-237383	CTDC-NON-TARGETED-THERAPY-986812	cacatum_non_est_pictum	Gallia_est_omnis_divisa_in_partes_tres	scientia_et_sapientia	faber_est_suae_quisque_fortunae	412	175	Too Early	barba_crescit_caput_nescit
non_targeted_therapy	CTDC-PARTICIPANT-237383	CTDC-NON-TARGETED-THERAPY-795687	saltus_in_demonstrando	saltus_in_demonstrando	barba_crescit_caput_nescit	damnant_quod_non_intellegunt	850	544	Too Early	Macte_animo_Generose_puer_sic_itur_ad_astra
non_targeted_therapy	CTDC-PARTICIPANT-981957	CTDC-NON-TARGETED-THERAPY-428109	sapiens_qui_prospicit	haec_olim_meminisse_iuvabit	nascentes_morimur_finisque_ab_origine_pendet	scientia_et_sapientia	391	582	Too Early	scientia_et_labor
non_targeted_therapy	CTDC-PARTICIPANT-981957	CTDC-NON-TARGETED-THERAPY-644047	O_Tite_tute_Tati_tibi_tanta_tyranne_tulisti	scientia_et_labor	nanos_gigantum_humeris_insidentes	scientia,_aere_perennius	336	44	Stable Disease	faber_est_suae_quisque_fortunae
non_targeted_therapy	CTDC-PARTICIPANT-582946	CTDC-NON-TARGETED-THERAPY-836537	faber_est_suae_quisque_fortunae	salus_in_arduis	scientiae_cedit_mare	nascentes_morimur_finisque_ab_origine_pendet	103	923	Too Early	faber_est_suae_quisque_fortunae
non_targeted_therapy	CTDC-PARTICIPANT-582946	CTDC-NON-TARGETED-THERAPY-293607	scientia_et_sapientia	pace_tua	Gallia_est_omnis_divisa_in_partes_tres	scientiae_et_patriae	855	985	Unknown	salus_in_arduis
non_targeted_therapy	CTDC-PARTICIPANT-498534	CTDC-NON-TARGETED-THERAPY-903590	cacatum_non_est_pictum	damnant_quod_non_intellegunt	Gallia_est_omnis_divisa_in_partes_tres	scientiae_et_patriae	999	143	Unknown	imperium_in_imperio
non_targeted_therapy	CTDC-PARTICIPANT-498534	CTDC-NON-TARGETED-THERAPY-662566	cacatum_non_est_pictum	barba_crescit_caput_nescit	nanos_gigantum_humeris_insidentes	sapiens_qui_prospicit	107	50	Unknown	sapiens_qui_prospicit
non_targeted_therapy	CTDC-PARTICIPANT-263539	CTDC-NON-TARGETED-THERAPY-362317	saltus_in_demonstrando	scientia_imperii_decus_et_tutamen	a_bene_placito	scientia,_aere_perennius	913	482	Not Assessed	barba_crescit_caput_nescit
non_targeted_therapy	CTDC-PARTICIPANT-263539	CTDC-NON-TARGETED-THERAPY-689611	nascentes_morimur_finisque_ab_origine_pendet	labor_ipse_voluptas	a_bene_placito	saltus_in_demonstrando	993	141	Progressive Disease	scientia_et_labor
non_targeted_therapy	CTDC-PARTICIPANT-548153	CTDC-NON-TARGETED-THERAPY-117477	nanos_gigantum_humeris_insidentes	damnant_quod_non_intellegunt	saltus_in_demonstrando	a_bene_placito	525	384	Unknown	id_quod_plerumque_accidit
non_targeted_therapy	CTDC-PARTICIPANT-548153	CTDC-NON-TARGETED-THERAPY-968018	scientiae_cedit_mare	faber_est_suae_quisque_fortunae	cacatum_non_est_pictum	scientia_et_labor	816	441	Less than partial response	sapiens_qui_prospicit
non_targeted_therapy	CTDC-PARTICIPANT-975057	CTDC-NON-TARGETED-THERAPY-869906	labor_ipse_voluptas	sapiens_qui_prospicit	Macte_animo_Generose_puer_sic_itur_ad_astra	cacatum_non_est_pictum	882	297	Too Early	nanos_gigantum_humeris_insidentes
non_targeted_therapy	CTDC-PARTICIPANT-975057	CTDC-NON-TARGETED-THERAPY-782369	imperium_in_imperio	damnant_quod_non_intellegunt	barba_crescit_caput_nescit	Macte_animo_Generose_puer_sic_itur_ad_astra	40	739	Complete Response	scientiae_et_patriae
non_targeted_therapy	CTDC-PARTICIPANT-107028	CTDC-NON-TARGETED-THERAPY-105546	barba_crescit_caput_nescit	O_Tite_tute_Tati_tibi_tanta_tyranne_tulisti	scientia,_aere_perennius	scientia_imperii_decus_et_tutamen	133	887	Stable Disease	nascentes_morimur_finisque_ab_origine_pendet
non_targeted_therapy	CTDC-PARTICIPANT-107028	CTDC-NON-TARGETED-THERAPY-113798	e_causa_ignota	O_Tite_tute_Tati_tibi_tanta_tyranne_tulisti	faber_est_suae_quisque_fortunae	O_Tite_tute_Tati_tibi_tanta_tyranne_tulisti	511	788	Less than partial response	sapiens_qui_prospicit
non_targeted_therapy	CTDC-PARTICIPANT-227268	CTDC-NON-TARGETED-THERAPY-539916	Gallia_est_omnis_divisa_in_partes_tres	scientiae_cedit_mare	a_bene_placito	faber_est_suae_quisque_fortunae	344	202	Not Evaluable	Obedientia_civium_urbis_felicitas
non_targeted_therapy	CTDC-PARTICIPANT-227268	CTDC-NON-TARGETED-THERAPY-641838	Gallia_est_omnis_divisa_in_partes_tres	O_Tite_tute_Tati_tibi_tanta_tyranne_tulisti	haec_olim_meminisse_iuvabit	sapiens_qui_prospicit	17	964	Complete Response	labor_ipse_voluptas
non_targeted_therapy	CTDC-PARTICIPANT-367248	CTDC-NON-TARGETED-THERAPY-219511	haec_olim_meminisse_iuvabit	faber_est_suae_quisque_fortunae	imperium_in_imperio	sapiens_qui_prospicit	722	592	Not Evaluable	saltus_in_demonstrando
non_targeted_therapy	CTDC-PARTICIPANT-367248	CTDC-NON-TARGETED-THERAPY-950718	scientia_et_labor	a_bene_placito	Obedientia_civium_urbis_felicitas	scientia_imperii_decus_et_tutamen	383	628	Unknown	sapiens_qui_prospicit
non_targeted_therapy	CTDC-PARTICIPANT-450141	CTDC-NON-TARGETED-THERAPY-889017	faber_est_suae_quisque_fortunae	nascentes_morimur_finisque_ab_origine_pendet	haec_olim_meminisse_iuvabit	id_quod_plerumque_accidit	200	532	Partial Response	salus_in_arduis
non_targeted_therapy	CTDC-PARTICIPANT-450141	CTDC-NON-TARGETED-THERAPY-301108	faber_est_suae_quisque_fortunae	id_quod_plerumque_accidit	labor_ipse_voluptas	e_causa_ignota	817	39	Not Evaluable	barba_crescit_caput_nescit
non_targeted_therapy	CTDC-PARTICIPANT-828061	CTDC-NON-TARGETED-THERAPY-156577	O_Tite_tute_Tati_tibi_tanta_tyranne_tulisti	Gallia_est_omnis_divisa_in_partes_tres	nanos_gigantum_humeris_insidentes	scientia_imperii_decus_et_tutamen	258	470	Progressive Disease	a_bene_placito
non_targeted_therapy	CTDC-PARTICIPANT-828061	CTDC-NON-TARGETED-THERAPY-296202	scientia_et_sapientia	scientia_et_labor	haec_olim_meminisse_iuvabit	pace_tua	272	107	Stable Disease	nanos_gigantum_humeris_insidentes
non_targeted_therapy	CTDC-PARTICIPANT-351016	CTDC-NON-TARGETED-THERAPY-962804	Gallia_est_omnis_divisa_in_partes_tres	damnant_quod_non_intellegunt	a_bene_placito	barba_crescit_caput_nescit	152	888	Stable Disease	labor_ipse_voluptas
non_targeted_therapy	CTDC-PARTICIPANT-351016	CTDC-NON-TARGETED-THERAPY-272417	Macte_animo_Generose_puer_sic_itur_ad_astra	cacatum_non_est_pictum	scientiae_cedit_mare	O_Tite_tute_Tati_tibi_tanta_tyranne_tulisti	196	855	Complete Response	labor_ipse_voluptas
non_targeted_therapy	CTDC-PARTICIPANT-403624	CTDC-NON-TARGETED-THERAPY-363440	id_quod_plerumque_accidit	scientia,_aere_perennius	O_Tite_tute_Tati_tibi_tanta_tyranne_tulisti	scientia_imperii_decus_et_tutamen	187	285	Not Assessed	scientiae_et_patriae
non_targeted_therapy	CTDC-PARTICIPANT-403624	CTDC-NON-TARGETED-THERAPY-357850	pace_tua	scientia_et_labor	a_bene_placito	pace_tua	990	770	Progressive Disease	id_quod_plerumque_accidit
non_targeted_therapy	CTDC-PARTICIPANT-477605	CTDC-NON-TARGETED-THERAPY-431377	sapiens_qui_prospicit	pace_tua	e_causa_ignota	salus_in_arduis	739	357	Not Assessed	Macte_animo_Generose_puer_sic_itur_ad_astra
non_targeted_therapy	CTDC-PARTICIPANT-477605	CTDC-NON-TARGETED-THERAPY-751257	cacatum_non_est_pictum	salus_in_arduis	sapiens_qui_prospicit	cacatum_non_est_pictum	73	710	Progressive Disease	O_Tite_tute_Tati_tibi_tanta_tyranne_tulisti
non_targeted_therapy	CTDC-PARTICIPANT-725824	CTDC-NON-TARGETED-THERAPY-116037	nanos_gigantum_humeris_insidentes	Macte_animo_Generose_puer_sic_itur_ad_astra	a_bene_placito	salus_in_arduis	207	461	Complete Response	Gallia_est_omnis_divisa_in_partes_tres
non_targeted_therapy	CTDC-PARTICIPANT-725824	CTDC-NON-TARGETED-THERAPY-338986	e_causa_ignota	salus_in_arduis	nascentes_morimur_finisque_ab_origine_pendet	haec_olim_meminisse_iuvabit	582	222	Progressive Disease	cacatum_non_est_pictum
non_targeted_therapy	CTDC-PARTICIPANT-468027	CTDC-NON-TARGETED-THERAPY-816532	scientiae_et_patriae	scientia_et_labor	scientiae_cedit_mare	barba_crescit_caput_nescit	289	56	Complete Response	id_quod_plerumque_accidit
non_targeted_therapy	CTDC-PARTICIPANT-468027	CTDC-NON-TARGETED-THERAPY-661953	cacatum_non_est_pictum	imperium_in_imperio	faber_est_suae_quisque_fortunae	haec_olim_meminisse_iuvabit	44	286	Stable Disease	Macte_animo_Generose_puer_sic_itur_ad_astra
non_targeted_therapy	CTDC-PARTICIPANT-685145	CTDC-NON-TARGETED-THERAPY-965801	faber_est_suae_quisque_fortunae	nascentes_morimur_finisque_ab_origine_pendet	faber_est_suae_quisque_fortunae	Obedientia_civium_urbis_felicitas	496	788	Less than partial response	cacatum_non_est_pictum
non_targeted_therapy	CTDC-PARTICIPANT-685145	CTDC-NON-TARGETED-THERAPY-588381	O_Tite_tute_Tati_tibi_tanta_tyranne_tulisti	id_quod_plerumque_accidit	a_bene_placito	a_bene_placito	803	242	Not Assessed	scientia_et_labor
non_targeted_therapy	CTDC-PARTICIPANT-763370	CTDC-NON-TARGETED-THERAPY-791287	scientia_et_labor	e_causa_ignota	sapiens_qui_prospicit	damnant_quod_non_intellegunt	273	879	Stable Disease	scientia_imperii_decus_et_tutamen
non_targeted_therapy	CTDC-PARTICIPANT-763370	CTDC-NON-TARGETED-THERAPY-586186	Gallia_est_omnis_divisa_in_partes_tres	Gallia_est_omnis_divisa_in_partes_tres	Gallia_est_omnis_divisa_in_partes_tres	haec_olim_meminisse_iuvabit	109	875	Progressive Disease	scientia,_aere_perennius
non_targeted_therapy	CTDC-PARTICIPANT-265206	CTDC-NON-TARGETED-THERAPY-222049	id_quod_plerumque_accidit	Obedientia_civium_urbis_felicitas	scientia,_aere_perennius	scientia_imperii_decus_et_tutamen	500	489	Unknown	scientia_et_sapientia
non_targeted_therapy	CTDC-PARTICIPANT-265206	CTDC-NON-TARGETED-THERAPY-846672	Obedientia_civium_urbis_felicitas	haec_olim_meminisse_iuvabit	O_Tite_tute_Tati_tibi_tanta_tyranne_tulisti	e_causa_ignota	186	713	Partial Response	scientiae_cedit_mare
non_targeted_therapy	CTDC-PARTICIPANT-486592	CTDC-NON-TARGETED-THERAPY-553968	scientiae_et_patriae	id_quod_plerumque_accidit	nanos_gigantum_humeris_insidentes	scientia_et_sapientia	313	876	Progressive Disease	scientiae_cedit_mare
non_targeted_therapy	CTDC-PARTICIPANT-486592	CTDC-NON-TARGETED-THERAPY-483590	scientia_imperii_decus_et_tutamen	a_bene_placito	nanos_gigantum_humeris_insidentes	scientiae_cedit_mare	927	837	Progressive Disease	faber_est_suae_quisque_fortunae
non_targeted_therapy	CTDC-PARTICIPANT-219262	CTDC-NON-TARGETED-THERAPY-563395	e_causa_ignota	labor_ipse_voluptas	a_bene_placito	e_causa_ignota	434	642	Partial Response	faber_est_suae_quisque_fortunae
non_targeted_therapy	CTDC-PARTICIPANT-219262	CTDC-NON-TARGETED-THERAPY-851805	imperium_in_imperio	labor_ipse_voluptas	scientia_et_labor	labor_ipse_voluptas	380	626	Progressive Disease	Gallia_est_omnis_divisa_in_partes_tres
non_targeted_therapy	CTDC-PARTICIPANT-171311	CTDC-NON-TARGETED-THERAPY-319489	salus_in_arduis	Gallia_est_omnis_divisa_in_partes_tres	Gallia_est_omnis_divisa_in_partes_tres	sapiens_qui_prospicit	519	395	Too Early	scientia_imperii_decus_et_tutamen
non_targeted_therapy	CTDC-PARTICIPANT-171311	CTDC-NON-TARGETED-THERAPY-148269	O_Tite_tute_Tati_tibi_tanta_tyranne_tulisti	haec_olim_meminisse_iuvabit	e_causa_ignota	pace_tua	76	532	Partial Response	scientia,_aere_perennius
non_targeted_therapy	CTDC-PARTICIPANT-375333	CTDC-NON-TARGETED-THERAPY-305016	saltus_in_demonstrando	sapiens_qui_prospicit	pace_tua	a_bene_placito	849	468	Progressive Disease	labor_ipse_voluptas
non_targeted_therapy	CTDC-PARTICIPANT-375333	CTDC-NON-TARGETED-THERAPY-123208	id_quod_plerumque_accidit	faber_est_suae_quisque_fortunae	Gallia_est_omnis_divisa_in_partes_tres	scientiae_cedit_mare	482	50	Too Early	scientiae_et_patriae
non_targeted_therapy	CTDC-PARTICIPANT-258626	CTDC-NON-TARGETED-THERAPY-172477	imperium_in_imperio	faber_est_suae_quisque_fortunae	labor_ipse_voluptas	scientiae_et_patriae	81	789	Complete Response	sapiens_qui_prospicit
non_targeted_therapy	CTDC-PARTICIPANT-258626	CTDC-NON-TARGETED-THERAPY-414528	Macte_animo_Generose_puer_sic_itur_ad_astra	sapiens_qui_prospicit	sapiens_qui_prospicit	nanos_gigantum_humeris_insidentes	10	522	Too Early	O_Tite_tute_Tati_tibi_tanta_tyranne_tulisti
non_targeted_therapy	CTDC-PARTICIPANT-476700	CTDC-NON-TARGETED-THERAPY-706132	labor_ipse_voluptas	e_causa_ignota	Obedientia_civium_urbis_felicitas	id_quod_plerumque_accidit	639	642	Progressive Disease	nascentes_morimur_finisque_ab_origine_pendet
non_targeted_therapy	CTDC-PARTICIPANT-476700	CTDC-NON-TARGETED-THERAPY-856229	saltus_in_demonstrando	cacatum_non_est_pictum	sapiens_qui_prospicit	pace_tua	137	183	Partial Response	nascentes_morimur_finisque_ab_origine_pendet
non_targeted_therapy	CTDC-PARTICIPANT-370927	CTDC-NON-TARGETED-THERAPY-758853	id_quod_plerumque_accidit	salus_in_arduis	imperium_in_imperio	salus_in_arduis	310	714	Stable Disease	salus_in_arduis
non_targeted_therapy	CTDC-PARTICIPANT-370927	CTDC-NON-TARGETED-THERAPY-470413	salus_in_arduis	scientiae_et_patriae	scientiae_cedit_mare	saltus_in_demonstrando	664	763	Too Early	scientia_imperii_decus_et_tutamen
non_targeted_therapy	CTDC-PARTICIPANT-854959	CTDC-NON-TARGETED-THERAPY-393888	cacatum_non_est_pictum	nanos_gigantum_humeris_insidentes	labor_ipse_voluptas	saltus_in_demonstrando	15	38	Unknown	a_bene_placito
non_targeted_therapy	CTDC-PARTICIPANT-854959	CTDC-NON-TARGETED-THERAPY-353389	nanos_gigantum_humeris_insidentes	id_quod_plerumque_accidit	Macte_animo_Generose_puer_sic_itur_ad_astra	damnant_quod_non_intellegunt	455	72	Not Assessed	barba_crescit_caput_nescit
non_targeted_therapy	CTDC-PARTICIPANT-902884	CTDC-NON-TARGETED-THERAPY-171912	scientiae_et_patriae	scientiae_cedit_mare	id_quod_plerumque_accidit	cacatum_non_est_pictum	72	390	Not Evaluable	imperium_in_imperio
non_targeted_therapy	CTDC-PARTICIPANT-902884	CTDC-NON-TARGETED-THERAPY-246507	scientia_et_labor	saltus_in_demonstrando	a_bene_placito	damnant_quod_non_intellegunt	487	820	Complete Response	scientiae_cedit_mare
non_targeted_therapy	CTDC-PARTICIPANT-739665	CTDC-NON-TARGETED-THERAPY-479897	cacatum_non_est_pictum	nanos_gigantum_humeris_insidentes	scientiae_et_patriae	e_causa_ignota	533	754	Progressive Disease	scientia_et_sapientia
non_targeted_therapy	CTDC-PARTICIPANT-739665	CTDC-NON-TARGETED-THERAPY-867101	damnant_quod_non_intellegunt	scientiae_et_patriae	damnant_quod_non_intellegunt	scientia_et_sapientia	689	431	Too Early	haec_olim_meminisse_iuvabit
non_targeted_therapy	CTDC-PARTICIPANT-602860	CTDC-NON-TARGETED-THERAPY-760683	cacatum_non_est_pictum	damnant_quod_non_intellegunt	cacatum_non_est_pictum	O_Tite_tute_Tati_tibi_tanta_tyranne_tulisti	663	798	Not Assessed	barba_crescit_caput_nescit
non_targeted_therapy	CTDC-PARTICIPANT-602860	CTDC-NON-TARGETED-THERAPY-555824	nascentes_morimur_finisque_ab_origine_pendet	scientia,_aere_perennius	scientiae_et_patriae	pace_tua	44	43	Stable Disease	e_causa_ignota
non_targeted_therapy	CTDC-PARTICIPANT-230731	CTDC-NON-TARGETED-THERAPY-413858	damnant_quod_non_intellegunt	Obedientia_civium_urbis_felicitas	faber_est_suae_quisque_fortunae	pace_tua	75	505	Complete Response	nascentes_morimur_finisque_ab_origine_pendet
non_targeted_therapy	CTDC-PARTICIPANT-230731	CTDC-NON-TARGETED-THERAPY-670045	saltus_in_demonstrando	O_Tite_tute_Tati_tibi_tanta_tyranne_tulisti	scientia_imperii_decus_et_tutamen	imperium_in_imperio	457	763	Not Assessed	labor_ipse_voluptas
non_targeted_therapy	CTDC-PARTICIPANT-146827	CTDC-NON-TARGETED-THERAPY-844561	scientiae_et_patriae	damnant_quod_non_intellegunt	scientiae_cedit_mare	faber_est_suae_quisque_fortunae	481	915	Progressive Disease	scientia_et_labor
non_targeted_therapy	CTDC-PARTICIPANT-146827	CTDC-NON-TARGETED-THERAPY-784797	nanos_gigantum_humeris_insidentes	haec_olim_meminisse_iuvabit	Gallia_est_omnis_divisa_in_partes_tres	faber_est_suae_quisque_fortunae	487	603	Complete Response	scientia_et_labor
non_targeted_therapy	CTDC-PARTICIPANT-288961	CTDC-NON-TARGETED-THERAPY-247466	Macte_animo_Generose_puer_sic_itur_ad_astra	labor_ipse_voluptas	pace_tua	imperium_in_imperio	73	393	Partial Response	pace_tua
non_targeted_therapy	CTDC-PARTICIPANT-288961	CTDC-NON-TARGETED-THERAPY-564380	nascentes_morimur_finisque_ab_origine_pendet	imperium_in_imperio	scientiae_et_patriae	scientia_imperii_decus_et_tutamen	158	910	Complete Response	saltus_in_demonstrando
non_targeted_therapy	CTDC-PARTICIPANT-895862	CTDC-NON-TARGETED-THERAPY-197875	barba_crescit_caput_nescit	a_bene_placito	scientia,_aere_perennius	salus_in_arduis	110	55	Progressive Disease	scientiae_et_patriae
non_targeted_therapy	CTDC-PARTICIPANT-895862	CTDC-NON-TARGETED-THERAPY-514260	scientia,_aere_perennius	scientia_imperii_decus_et_tutamen	scientiae_et_patriae	scientia_et_sapientia	906	295	Progressive Disease	O_Tite_tute_Tati_tibi_tanta_tyranne_tulisti
non_targeted_therapy	CTDC-PARTICIPANT-495302	CTDC-NON-TARGETED-THERAPY-878680	pace_tua	scientia,_aere_perennius	imperium_in_imperio	scientia_et_labor	588	202	Too Early	salus_in_arduis
non_targeted_therapy	CTDC-PARTICIPANT-495302	CTDC-NON-TARGETED-THERAPY-363536	saltus_in_demonstrando	damnant_quod_non_intellegunt	scientia_et_labor	nascentes_morimur_finisque_ab_origine_pendet	717	880	Partial Response	Obedientia_civium_urbis_felicitas
non_targeted_therapy	CTDC-PARTICIPANT-586755	CTDC-NON-TARGETED-THERAPY-390044	salus_in_arduis	a_bene_placito	scientiae_cedit_mare	Macte_animo_Generose_puer_sic_itur_ad_astra	423	575	Partial Response	scientia_et_sapientia
non_targeted_therapy	CTDC-PARTICIPANT-586755	CTDC-NON-TARGETED-THERAPY-285737	O_Tite_tute_Tati_tibi_tanta_tyranne_tulisti	a_bene_placito	a_bene_placito	haec_olim_meminisse_iuvabit	752	371	Partial Response	salus_in_arduis
non_targeted_therapy	CTDC-PARTICIPANT-211132	CTDC-NON-TARGETED-THERAPY-115709	scientia_et_sapientia	haec_olim_meminisse_iuvabit	scientia,_aere_perennius	pace_tua	234	811	Not Assessed	scientia_et_sapientia
non_targeted_therapy	CTDC-PARTICIPANT-211132	CTDC-NON-TARGETED-THERAPY-489410	Obedientia_civium_urbis_felicitas	nanos_gigantum_humeris_insidentes	haec_olim_meminisse_iuvabit	pace_tua	787	861	Progressive Disease	scientia_et_labor
non_targeted_therapy	CTDC-PARTICIPANT-389913	CTDC-NON-TARGETED-THERAPY-333154	scientiae_et_patriae	haec_olim_meminisse_iuvabit	a_bene_placito	sapiens_qui_prospicit	706	911	Not Evaluable	nanos_gigantum_humeris_insidentes
non_targeted_therapy	CTDC-PARTICIPANT-389913	CTDC-NON-TARGETED-THERAPY-719161	salus_in_arduis	scientia_et_sapientia	nanos_gigantum_humeris_insidentes	pace_tua	649	67	Not Assessed	scientia_imperii_decus_et_tutamen
non_targeted_therapy	CTDC-PARTICIPANT-579844	CTDC-NON-TARGETED-THERAPY-786203	scientia,_aere_perennius	Gallia_est_omnis_divisa_in_partes_tres	faber_est_suae_quisque_fortunae	salus_in_arduis	75	939	Partial Response	imperium_in_imperio
non_targeted_therapy	CTDC-PARTICIPANT-579844	CTDC-NON-TARGETED-THERAPY-686307	faber_est_suae_quisque_fortunae	nascentes_morimur_finisque_ab_origine_pendet	haec_olim_meminisse_iuvabit	scientia_imperii_decus_et_tutamen	427	134	Progressive Disease	O_Tite_tute_Tati_tibi_tanta_tyranne_tulisti
non_targeted_therapy	CTDC-PARTICIPANT-196079	CTDC-NON-TARGETED-THERAPY-523854	labor_ipse_voluptas	imperium_in_imperio	pace_tua	faber_est_suae_quisque_fortunae	389	379	Complete Response	scientiae_cedit_mare
non_targeted_therapy	CTDC-PARTICIPANT-196079	CTDC-NON-TARGETED-THERAPY-440094	e_causa_ignota	id_quod_plerumque_accidit	Obedientia_civium_urbis_felicitas	Gallia_est_omnis_divisa_in_partes_tres	380	691	Partial Response	cacatum_non_est_pictum
non_targeted_therapy	CTDC-PARTICIPANT-221589	CTDC-NON-TARGETED-THERAPY-601341	O_Tite_tute_Tati_tibi_tanta_tyranne_tulisti	faber_est_suae_quisque_fortunae	scientiae_cedit_mare	damnant_quod_non_intellegunt	721	264	Too Early	Macte_animo_Generose_puer_sic_itur_ad_astra
non_targeted_therapy	CTDC-PARTICIPANT-221589	CTDC-NON-TARGETED-THERAPY-923566	scientiae_et_patriae	haec_olim_meminisse_iuvabit	O_Tite_tute_Tati_tibi_tanta_tyranne_tulisti	barba_crescit_caput_nescit	303	632	Not Evaluable	haec_olim_meminisse_iuvabit
non_targeted_therapy	CTDC-PARTICIPANT-479741	CTDC-NON-TARGETED-THERAPY-638218	Obedientia_civium_urbis_felicitas	scientiae_et_patriae	nascentes_morimur_finisque_ab_origine_pendet	faber_est_suae_quisque_fortunae	770	190	Unknown	scientia_imperii_decus_et_tutamen
non_targeted_therapy	CTDC-PARTICIPANT-479741	CTDC-NON-TARGETED-THERAPY-526917	salus_in_arduis	faber_est_suae_quisque_fortunae	Macte_animo_Generose_puer_sic_itur_ad_astra	O_Tite_tute_Tati_tibi_tanta_tyranne_tulisti	779	469	Progressive Disease	scientiae_et_patriae
non_targeted_therapy	CTDC-PARTICIPANT-371871	CTDC-NON-TARGETED-THERAPY-891090	scientiae_cedit_mare	salus_in_arduis	faber_est_suae_quisque_fortunae	e_causa_ignota	244	90	Complete Response	imperium_in_imperio
non_targeted_therapy	CTDC-PARTICIPANT-371871	CTDC-NON-TARGETED-THERAPY-175326	imperium_in_imperio	nascentes_morimur_finisque_ab_origine_pendet	scientia_imperii_decus_et_tutamen	faber_est_suae_quisque_fortunae	697	216	Partial Response	imperium_in_imperio
