type	participant.participant_id	participant_status_record_id	survival_status	primary_cause_of_death	off_study	off_study_reason	crdc_id
participant_status	CTDC-PARTICIPANT-511036	CTDC-PARTICIPANT-STATUS-550340	Alive with No Evidence of Disease	Gallia_est_omnis_divisa_in_partes_tres	Yes	RANDOMIZED BY MISTAKE WITH STUDY TREATMENT	sapiens_qui_prospicit
participant_status	CTDC-PARTICIPANT-107504	CTDC-PARTICIPANT-STATUS-335684	UNKNOWN	damnant_quod_non_intellegunt	Unknown	RANDOMIZED BY MISTAKE WITHOUT STUDY TREATMENT	nascentes_morimur_finisque_ab_origine_pendet
participant_status	CTDC-PARTICIPANT-837902	CTDC-PARTICIPANT-STATUS-624827	Alive with Disease	scientiae_et_patriae	Unknown	PREGNANCY	faber_est_suae_quisque_fortunae
participant_status	CTDC-PARTICIPANT-344069	CTDC-PARTICIPANT-STATUS-450231	UNKNOWN	pace_tua	Unknown	PROGRESSIVE DISEASE	nascentes_morimur_finisque_ab_origine_pendet
participant_status	CTDC-PARTICIPANT-997409	CTDC-PARTICIPANT-STATUS-705273	DEAD	Obedientia_civium_urbis_felicitas	Yes	NON-COMPLIANCE WITH NON-STUDY DEVICE	scientia,_aere_perennius
participant_status	CTDC-PARTICIPANT-139435	CTDC-PARTICIPANT-STATUS-967926	ALIVE	faber_est_suae_quisque_fortunae	Yes	WITHDRAWAL BY SUBJECT	pace_tua
participant_status	CTDC-PARTICIPANT-703002	CTDC-PARTICIPANT-STATUS-961959	Dead	faber_est_suae_quisque_fortunae	Unknown	NON-COMPLIANCE WITH NON-STUDY DEVICE	scientia_et_labor
participant_status	CTDC-PARTICIPANT-114507	CTDC-PARTICIPANT-STATUS-748236	Alive with Disease	e_causa_ignota	No	ADVERSE EVENT	barba_crescit_caput_nescit
participant_status	CTDC-PARTICIPANT-805629	CTDC-PARTICIPANT-STATUS-406019	Dead	scientia,_aere_perennius	Unknown	OTHER	a_bene_placito
participant_status	CTDC-PARTICIPANT-205665	CTDC-PARTICIPANT-STATUS-913765	Alive, Disease Status Unknown	a_bene_placito	Yes	LOST TO FOLLOW-UP	scientiae_et_patriae
participant_status	CTDC-PARTICIPANT-190949	CTDC-PARTICIPANT-STATUS-942757	Alive with No Evidence of Disease	faber_est_suae_quisque_fortunae	No	NON-COMPLIANCE WITH STUDY DEVICE	haec_olim_meminisse_iuvabit
participant_status	CTDC-PARTICIPANT-884496	CTDC-PARTICIPANT-STATUS-506674	ALIVE	Obedientia_civium_urbis_felicitas	Yes	WITHDRAWAL OF CONSENT	damnant_quod_non_intellegunt
participant_status	CTDC-PARTICIPANT-298570	CTDC-PARTICIPANT-STATUS-751946	UNKNOWN	a_bene_placito	No	DISEASE RELAPSE	sapiens_qui_prospicit
participant_status	CTDC-PARTICIPANT-702567	CTDC-PARTICIPANT-STATUS-674697	DEAD	scientia_imperii_decus_et_tutamen	Yes	REQUIRES PROHIBITED MEDICATION	Macte_animo_Generose_puer_sic_itur_ad_astra
participant_status	CTDC-PARTICIPANT-274998	CTDC-PARTICIPANT-STATUS-841345	Alive with No Evidence of Disease	nanos_gigantum_humeris_insidentes	Unknown	PROTOCOL DEVIATION	O_Tite_tute_Tati_tibi_tanta_tyranne_tulisti
participant_status	CTDC-PARTICIPANT-267463	CTDC-PARTICIPANT-STATUS-158963	Alive with No Evidence of Disease	scientiae_cedit_mare	Yes	NO LONGER CLINICALLY BENEFITING	scientia_et_sapientia
participant_status	CTDC-PARTICIPANT-279197	CTDC-PARTICIPANT-STATUS-862056	Alive with No Evidence of Disease	Gallia_est_omnis_divisa_in_partes_tres	Yes	TECHNICAL PROBLEMS	Macte_animo_Generose_puer_sic_itur_ad_astra
participant_status	CTDC-PARTICIPANT-552975	CTDC-PARTICIPANT-STATUS-214072	DEAD	pace_tua	Yes	FAILURE TO MEET RANDOMIZATION CRITERIA	scientia_imperii_decus_et_tutamen
participant_status	CTDC-PARTICIPANT-591145	CTDC-PARTICIPANT-STATUS-329605	Alive with No Evidence of Disease	sapiens_qui_prospicit	Unknown	RANDOMIZED BY MISTAKE	haec_olim_meminisse_iuvabit
participant_status	CTDC-PARTICIPANT-890770	CTDC-PARTICIPANT-STATUS-612609	DEAD	scientia_et_labor	Unknown	COMPLETED	barba_crescit_caput_nescit
participant_status	CTDC-PARTICIPANT-261480	CTDC-PARTICIPANT-STATUS-323579	Alive with Disease	pace_tua	Unknown	PARTNER PREGNANCY	nascentes_morimur_finisque_ab_origine_pendet
participant_status	CTDC-PARTICIPANT-168364	CTDC-PARTICIPANT-STATUS-595707	Alive with Disease	imperium_in_imperio	Unknown	OTHER	Macte_animo_Generose_puer_sic_itur_ad_astra
participant_status	CTDC-PARTICIPANT-186782	CTDC-PARTICIPANT-STATUS-802822	DEAD	Gallia_est_omnis_divisa_in_partes_tres	No	PHYSICIAN DECISION	scientia_et_labor
participant_status	CTDC-PARTICIPANT-212275	CTDC-PARTICIPANT-STATUS-390056	Alive with Disease	Macte_animo_Generose_puer_sic_itur_ad_astra	Yes	LOST TO FOLLOW-UP	labor_ipse_voluptas
participant_status	CTDC-PARTICIPANT-255600	CTDC-PARTICIPANT-STATUS-199371	Alive with Disease	scientia_et_labor	Yes	PROTOCOL-SPECIFIED WITHDRAWAL CRITERION MET	imperium_in_imperio
participant_status	CTDC-PARTICIPANT-261972	CTDC-PARTICIPANT-STATUS-397548	ALIVE	faber_est_suae_quisque_fortunae	Yes	LACK OF EFFICACY	a_bene_placito
participant_status	CTDC-PARTICIPANT-224177	CTDC-PARTICIPANT-STATUS-980947	Alive, Disease Status Unknown	scientia_et_sapientia	Yes	NON-COMPLIANCE WITH STUDY DRUG	scientia,_aere_perennius
participant_status	CTDC-PARTICIPANT-102742	CTDC-PARTICIPANT-STATUS-521531	Alive with No Evidence of Disease	id_quod_plerumque_accidit	No	NEVER DOSED	sapiens_qui_prospicit
participant_status	CTDC-PARTICIPANT-974241	CTDC-PARTICIPANT-STATUS-405605	Alive with No Evidence of Disease	scientia_imperii_decus_et_tutamen	Unknown	DISEASE RELAPSE	saltus_in_demonstrando
participant_status	CTDC-PARTICIPANT-206397	CTDC-PARTICIPANT-STATUS-858566	Alive, Disease Status Unknown	scientiae_et_patriae	No	RANDOMIZED BY MISTAKE WITH STUDY TREATMENT	scientia,_aere_perennius
participant_status	CTDC-PARTICIPANT-882961	CTDC-PARTICIPANT-STATUS-961256	Alive with Disease	scientia,_aere_perennius	Unknown	RANDOMIZED BY MISTAKE WITHOUT STUDY TREATMENT	scientia_imperii_decus_et_tutamen
participant_status	CTDC-PARTICIPANT-872100	CTDC-PARTICIPANT-STATUS-737681	UNKNOWN	pace_tua	Unknown	PROTOCOL VIOLATION	haec_olim_meminisse_iuvabit
participant_status	CTDC-PARTICIPANT-708331	CTDC-PARTICIPANT-STATUS-177846	Alive with Disease	damnant_quod_non_intellegunt	No	PROTOCOL-SPECIFIED WITHDRAWAL CRITERION MET	scientia_imperii_decus_et_tutamen
participant_status	CTDC-PARTICIPANT-355887	CTDC-PARTICIPANT-STATUS-150150	DEAD	nascentes_morimur_finisque_ab_origine_pendet	No	PHYSICIAN DECISION	Obedientia_civium_urbis_felicitas
participant_status	CTDC-PARTICIPANT-384957	CTDC-PARTICIPANT-STATUS-635819	DEAD	id_quod_plerumque_accidit	Unknown	PROTOCOL-SPECIFIED WITHDRAWAL CRITERION MET	e_causa_ignota
participant_status	CTDC-PARTICIPANT-373316	CTDC-PARTICIPANT-STATUS-389382	UNKNOWN	salus_in_arduis	Yes	FAILURE TO MEET RANDOMIZATION CRITERIA	Macte_animo_Generose_puer_sic_itur_ad_astra
participant_status	CTDC-PARTICIPANT-548925	CTDC-PARTICIPANT-STATUS-793000	Alive, Disease Status Unknown	Macte_animo_Generose_puer_sic_itur_ad_astra	Yes	RECOVERY	damnant_quod_non_intellegunt
participant_status	CTDC-PARTICIPANT-789745	CTDC-PARTICIPANT-STATUS-101111	UNKNOWN	scientia,_aere_perennius	Unknown	PROGRESSIVE DISEASE	barba_crescit_caput_nescit
participant_status	CTDC-PARTICIPANT-539898	CTDC-PARTICIPANT-STATUS-938505	Dead	e_causa_ignota	No	RANDOMIZED BY MISTAKE WITH STUDY TREATMENT	nanos_gigantum_humeris_insidentes
participant_status	CTDC-PARTICIPANT-321444	CTDC-PARTICIPANT-STATUS-710621	Alive with No Evidence of Disease	salus_in_arduis	No	NO LONGER CLINICALLY BENEFITING	nascentes_morimur_finisque_ab_origine_pendet
participant_status	CTDC-PARTICIPANT-949051	CTDC-PARTICIPANT-STATUS-639462	Alive with Disease	cacatum_non_est_pictum	Yes	RANDOMIZED BY MISTAKE	imperium_in_imperio
participant_status	CTDC-PARTICIPANT-545920	CTDC-PARTICIPANT-STATUS-379938	Dead	cacatum_non_est_pictum	Unknown	WITHDRAWAL BY SUBJECT	Macte_animo_Generose_puer_sic_itur_ad_astra
participant_status	CTDC-PARTICIPANT-464697	CTDC-PARTICIPANT-STATUS-650645	Alive with Disease	saltus_in_demonstrando	Unknown	FAILURE TO MEET CONTINUATION CRITERIA	scientiae_et_patriae
participant_status	CTDC-PARTICIPANT-472918	CTDC-PARTICIPANT-STATUS-223158	Alive, Disease Status Unknown	scientia,_aere_perennius	Unknown	SITE TERMINATED BY SPONSOR	scientiae_cedit_mare
participant_status	CTDC-PARTICIPANT-118965	CTDC-PARTICIPANT-STATUS-385393	Alive with Disease	nanos_gigantum_humeris_insidentes	Yes	APPROVED DRUG AVAILABLE FOR INDICATION	scientiae_cedit_mare
participant_status	CTDC-PARTICIPANT-621225	CTDC-PARTICIPANT-STATUS-809250	UNKNOWN	salus_in_arduis	No	DEATH	Obedientia_civium_urbis_felicitas
participant_status	CTDC-PARTICIPANT-602836	CTDC-PARTICIPANT-STATUS-364152	Alive with Disease	scientia_et_sapientia	No	RANDOMIZED BY MISTAKE WITH STUDY TREATMENT	O_Tite_tute_Tati_tibi_tanta_tyranne_tulisti
participant_status	CTDC-PARTICIPANT-914541	CTDC-PARTICIPANT-STATUS-409316	Alive with No Evidence of Disease	faber_est_suae_quisque_fortunae	Yes	DEATH	haec_olim_meminisse_iuvabit
participant_status	CTDC-PARTICIPANT-988417	CTDC-PARTICIPANT-STATUS-208346	Alive with Disease	haec_olim_meminisse_iuvabit	No	PROGRESSIVE DISEASE	labor_ipse_voluptas
participant_status	CTDC-PARTICIPANT-433154	CTDC-PARTICIPANT-STATUS-885889	ALIVE	Gallia_est_omnis_divisa_in_partes_tres	Yes	DEATH	Obedientia_civium_urbis_felicitas
participant_status	CTDC-PARTICIPANT-138724	CTDC-PARTICIPANT-STATUS-342558	Alive with No Evidence of Disease	scientia_imperii_decus_et_tutamen	Yes	MET ELIGIBILITY CRITERIA BUT NOT NEEDED	e_causa_ignota
participant_status	CTDC-PARTICIPANT-888214	CTDC-PARTICIPANT-STATUS-291112	ALIVE	salus_in_arduis	Yes	WITHDRAWAL BY SUBJECT	faber_est_suae_quisque_fortunae
participant_status	CTDC-PARTICIPANT-823513	CTDC-PARTICIPANT-STATUS-800646	UNKNOWN	cacatum_non_est_pictum	Unknown	RANDOMIZED BY MISTAKE	Macte_animo_Generose_puer_sic_itur_ad_astra
participant_status	CTDC-PARTICIPANT-515352	CTDC-PARTICIPANT-STATUS-362905	Dead	sapiens_qui_prospicit	No	NON-COMPLIANCE WITH STUDY SCHEDULE	Obedientia_civium_urbis_felicitas
participant_status	CTDC-PARTICIPANT-678530	CTDC-PARTICIPANT-STATUS-640150	Alive with No Evidence of Disease	damnant_quod_non_intellegunt	No	NON-COMPLIANCE WITH STUDY DRUG	sapiens_qui_prospicit
participant_status	CTDC-PARTICIPANT-669570	CTDC-PARTICIPANT-STATUS-512818	Alive, Disease Status Unknown	scientiae_cedit_mare	Yes	RANDOMIZED BY MISTAKE WITHOUT STUDY TREATMENT	scientia_imperii_decus_et_tutamen
participant_status	CTDC-PARTICIPANT-817106	CTDC-PARTICIPANT-STATUS-211934	DEAD	salus_in_arduis	No	SCREEN FAILURE	e_causa_ignota
participant_status	CTDC-PARTICIPANT-889341	CTDC-PARTICIPANT-STATUS-687651	Alive with No Evidence of Disease	pace_tua	No	PROTOCOL DEVIATION	scientiae_cedit_mare
participant_status	CTDC-PARTICIPANT-114288	CTDC-PARTICIPANT-STATUS-678850	Alive with No Evidence of Disease	scientia,_aere_perennius	Unknown	MET ELIGIBILITY CRITERIA BUT NOT NEEDED	scientiae_cedit_mare
participant_status	CTDC-PARTICIPANT-869758	CTDC-PARTICIPANT-STATUS-321385	ALIVE	id_quod_plerumque_accidit	Yes	REQUIRES PROHIBITED MEDICATION	scientia_et_sapientia
participant_status	CTDC-PARTICIPANT-550701	CTDC-PARTICIPANT-STATUS-419973	UNKNOWN	scientia_imperii_decus_et_tutamen	Unknown	PROGRESSIVE DISEASE	sapiens_qui_prospicit
participant_status	CTDC-PARTICIPANT-809067	CTDC-PARTICIPANT-STATUS-833535	Alive with No Evidence of Disease	barba_crescit_caput_nescit	Yes	APPROVED DRUG AVAILABLE FOR INDICATION	haec_olim_meminisse_iuvabit
participant_status	CTDC-PARTICIPANT-915905	CTDC-PARTICIPANT-STATUS-716557	UNKNOWN	haec_olim_meminisse_iuvabit	Yes	LOST TO FOLLOW-UP	scientiae_cedit_mare
participant_status	CTDC-PARTICIPANT-145747	CTDC-PARTICIPANT-STATUS-520776	Alive, Disease Status Unknown	scientiae_cedit_mare	Unknown	LOGISTICAL PROBLEM	Obedientia_civium_urbis_felicitas
participant_status	CTDC-PARTICIPANT-354093	CTDC-PARTICIPANT-STATUS-584089	Dead	cacatum_non_est_pictum	Unknown	STUDY TERMINATED BY SPONSOR	scientia_imperii_decus_et_tutamen
participant_status	CTDC-PARTICIPANT-971501	CTDC-PARTICIPANT-STATUS-936898	ALIVE	id_quod_plerumque_accidit	No	PROTOCOL VIOLATION	Macte_animo_Generose_puer_sic_itur_ad_astra
participant_status	CTDC-PARTICIPANT-915009	CTDC-PARTICIPANT-STATUS-804325	UNKNOWN	scientia,_aere_perennius	Yes	FAILURE TO MEET CONTINUATION CRITERIA	scientiae_et_patriae
participant_status	CTDC-PARTICIPANT-501691	CTDC-PARTICIPANT-STATUS-738259	DEAD	scientia,_aere_perennius	Yes	LACK OF EFFICACY	scientia_et_labor
participant_status	CTDC-PARTICIPANT-276676	CTDC-PARTICIPANT-STATUS-953996	ALIVE	scientiae_cedit_mare	No	APPROVED DRUG AVAILABLE FOR INDICATION	salus_in_arduis
participant_status	CTDC-PARTICIPANT-648971	CTDC-PARTICIPANT-STATUS-835649	ALIVE	id_quod_plerumque_accidit	Yes	PROGRESSIVE DISEASE	labor_ipse_voluptas
participant_status	CTDC-PARTICIPANT-578532	CTDC-PARTICIPANT-STATUS-895799	Alive with No Evidence of Disease	sapiens_qui_prospicit	No	WITHDRAWAL BY SUBJECT	Macte_animo_Generose_puer_sic_itur_ad_astra
participant_status	CTDC-PARTICIPANT-284527	CTDC-PARTICIPANT-STATUS-519323	Alive, Disease Status Unknown	cacatum_non_est_pictum	Yes	PROTOCOL VIOLATION	damnant_quod_non_intellegunt
participant_status	CTDC-PARTICIPANT-553738	CTDC-PARTICIPANT-STATUS-523948	Alive, Disease Status Unknown	Obedientia_civium_urbis_felicitas	Yes	NON-COMPLIANCE WITH STUDY SCHEDULE	haec_olim_meminisse_iuvabit
participant_status	CTDC-PARTICIPANT-932219	CTDC-PARTICIPANT-STATUS-204634	Alive with No Evidence of Disease	id_quod_plerumque_accidit	Yes	ADVERSE EVENT	scientia_et_sapientia
participant_status	CTDC-PARTICIPANT-235944	CTDC-PARTICIPANT-STATUS-484648	ALIVE	scientiae_cedit_mare	Unknown	NON-COMPLIANCE WITH STUDY DEVICE	imperium_in_imperio
participant_status	CTDC-PARTICIPANT-461411	CTDC-PARTICIPANT-STATUS-135067	DEAD	imperium_in_imperio	Unknown	OTHER	faber_est_suae_quisque_fortunae
participant_status	CTDC-PARTICIPANT-406895	CTDC-PARTICIPANT-STATUS-719388	Alive with Disease	labor_ipse_voluptas	Unknown	LOGISTICAL PROBLEM	scientia,_aere_perennius
participant_status	CTDC-PARTICIPANT-975776	CTDC-PARTICIPANT-STATUS-537534	DEAD	a_bene_placito	Unknown	PARTNER PREGNANCY	scientia,_aere_perennius
participant_status	CTDC-PARTICIPANT-433620	CTDC-PARTICIPANT-STATUS-937486	Alive with No Evidence of Disease	scientia,_aere_perennius	Unknown	NON-COMPLIANCE WITH STUDY DRUG	nascentes_morimur_finisque_ab_origine_pendet
participant_status	CTDC-PARTICIPANT-802402	CTDC-PARTICIPANT-STATUS-136581	Alive, Disease Status Unknown	cacatum_non_est_pictum	No	NO LONGER CLINICALLY BENEFITING	a_bene_placito
participant_status	CTDC-PARTICIPANT-626099	CTDC-PARTICIPANT-STATUS-234636	Alive with No Evidence of Disease	cacatum_non_est_pictum	Yes	REQUIRES PROHIBITED MEDICATION	saltus_in_demonstrando
participant_status	CTDC-PARTICIPANT-804584	CTDC-PARTICIPANT-STATUS-933574	ALIVE	cacatum_non_est_pictum	No	LOST TO FOLLOW-UP	salus_in_arduis
participant_status	CTDC-PARTICIPANT-832791	CTDC-PARTICIPANT-STATUS-694240	UNKNOWN	scientia_et_labor	Yes	NON-COMPLIANCE WITH STUDY SCHEDULE	pace_tua
participant_status	CTDC-PARTICIPANT-913432	CTDC-PARTICIPANT-STATUS-994221	Alive with Disease	scientia_et_sapientia	No	PREGNANCY	faber_est_suae_quisque_fortunae
participant_status	CTDC-PARTICIPANT-990699	CTDC-PARTICIPANT-STATUS-961215	Dead	scientiae_et_patriae	No	RANDOMIZED BY MISTAKE	Macte_animo_Generose_puer_sic_itur_ad_astra
participant_status	CTDC-PARTICIPANT-947230	CTDC-PARTICIPANT-STATUS-529676	Alive with Disease	Gallia_est_omnis_divisa_in_partes_tres	No	PROTOCOL DEVIATION	id_quod_plerumque_accidit
participant_status	CTDC-PARTICIPANT-721385	CTDC-PARTICIPANT-STATUS-383865	ALIVE	nanos_gigantum_humeris_insidentes	Yes	SCREENING NOT COMPLETED	O_Tite_tute_Tati_tibi_tanta_tyranne_tulisti
participant_status	CTDC-PARTICIPANT-643832	CTDC-PARTICIPANT-STATUS-699553	Dead	labor_ipse_voluptas	Unknown	PARTNER PREGNANCY	damnant_quod_non_intellegunt
participant_status	CTDC-PARTICIPANT-136367	CTDC-PARTICIPANT-STATUS-959208	ALIVE	scientia_imperii_decus_et_tutamen	Unknown	ADVERSE EVENT	scientia_et_sapientia
participant_status	CTDC-PARTICIPANT-218256	CTDC-PARTICIPANT-STATUS-685073	ALIVE	faber_est_suae_quisque_fortunae	No	RANDOMIZED BY MISTAKE WITH STUDY TREATMENT	haec_olim_meminisse_iuvabit
participant_status	CTDC-PARTICIPANT-837802	CTDC-PARTICIPANT-STATUS-292102	Alive with No Evidence of Disease	Obedientia_civium_urbis_felicitas	No	APPROVED DRUG AVAILABLE FOR INDICATION	scientia_et_sapientia
participant_status	CTDC-PARTICIPANT-802979	CTDC-PARTICIPANT-STATUS-890426	Alive, Disease Status Unknown	sapiens_qui_prospicit	No	WITHDRAWAL BY PARENT/GUARDIAN	scientia_et_labor
participant_status	CTDC-PARTICIPANT-579791	CTDC-PARTICIPANT-STATUS-803612	DEAD	damnant_quod_non_intellegunt	No	RANDOMIZED BY MISTAKE	Gallia_est_omnis_divisa_in_partes_tres
participant_status	CTDC-PARTICIPANT-273628	CTDC-PARTICIPANT-STATUS-806194	Alive with Disease	scientia_et_sapientia	Unknown	ADVERSE EVENT	scientiae_cedit_mare
participant_status	CTDC-PARTICIPANT-545328	CTDC-PARTICIPANT-STATUS-576148	Alive with No Evidence of Disease	Macte_animo_Generose_puer_sic_itur_ad_astra	No	PHYSICIAN DECISION	e_causa_ignota
participant_status	CTDC-PARTICIPANT-171365	CTDC-PARTICIPANT-STATUS-148672	Alive, Disease Status Unknown	O_Tite_tute_Tati_tibi_tanta_tyranne_tulisti	No	SCREENING NOT COMPLETED	scientia_imperii_decus_et_tutamen
participant_status	CTDC-PARTICIPANT-690978	CTDC-PARTICIPANT-STATUS-432225	Alive with No Evidence of Disease	scientia_et_sapientia	No	LOST TO FOLLOW-UP	Gallia_est_omnis_divisa_in_partes_tres
participant_status	CTDC-PARTICIPANT-903146	CTDC-PARTICIPANT-STATUS-311820	ALIVE	faber_est_suae_quisque_fortunae	No	NON-COMPLIANCE WITH STUDY DEVICE	e_causa_ignota
participant_status	CTDC-PARTICIPANT-491351	CTDC-PARTICIPANT-STATUS-697594	Alive with Disease	Obedientia_civium_urbis_felicitas	Yes	MET ELIGIBILITY CRITERIA BUT NOT NEEDED	sapiens_qui_prospicit
participant_status	CTDC-PARTICIPANT-811509	CTDC-PARTICIPANT-STATUS-334071	ALIVE	labor_ipse_voluptas	Yes	NO LONGER CLINICALLY BENEFITING	Macte_animo_Generose_puer_sic_itur_ad_astra
participant_status	CTDC-PARTICIPANT-396101	CTDC-PARTICIPANT-STATUS-393564	Alive, Disease Status Unknown	cacatum_non_est_pictum	Yes	NEVER DOSED	O_Tite_tute_Tati_tibi_tanta_tyranne_tulisti
participant_status	CTDC-PARTICIPANT-150841	CTDC-PARTICIPANT-STATUS-279556	DEAD	nanos_gigantum_humeris_insidentes	Yes	PROTOCOL DEVIATION	nanos_gigantum_humeris_insidentes
participant_status	CTDC-PARTICIPANT-958083	CTDC-PARTICIPANT-STATUS-480162	ALIVE	nascentes_morimur_finisque_ab_origine_pendet	Unknown	LACK OF EFFICACY	Obedientia_civium_urbis_felicitas
participant_status	CTDC-PARTICIPANT-893582	CTDC-PARTICIPANT-STATUS-884905	DEAD	saltus_in_demonstrando	Yes	NON-COMPLIANCE WITH STUDY DRUG	barba_crescit_caput_nescit
participant_status	CTDC-PARTICIPANT-481156	CTDC-PARTICIPANT-STATUS-519027	ALIVE	haec_olim_meminisse_iuvabit	Unknown	SPONSOR REQUEST	labor_ipse_voluptas
participant_status	CTDC-PARTICIPANT-106443	CTDC-PARTICIPANT-STATUS-890400	ALIVE	scientia_et_sapientia	Unknown	TECHNICAL PROBLEMS	scientia_imperii_decus_et_tutamen
participant_status	CTDC-PARTICIPANT-252272	CTDC-PARTICIPANT-STATUS-617363	UNKNOWN	scientia_et_labor	No	PROTOCOL DEVIATION	O_Tite_tute_Tati_tibi_tanta_tyranne_tulisti
participant_status	CTDC-PARTICIPANT-141279	CTDC-PARTICIPANT-STATUS-688243	Alive, Disease Status Unknown	scientia_et_sapientia	Unknown	SITE TERMINATED BY SPONSOR	cacatum_non_est_pictum
participant_status	CTDC-PARTICIPANT-932532	CTDC-PARTICIPANT-STATUS-363319	Alive with No Evidence of Disease	haec_olim_meminisse_iuvabit	No	RANDOMIZED BY MISTAKE	scientia,_aere_perennius
participant_status	CTDC-PARTICIPANT-124024	CTDC-PARTICIPANT-STATUS-982977	Alive, Disease Status Unknown	sapiens_qui_prospicit	No	WITHDRAWAL OF ASSENT	Gallia_est_omnis_divisa_in_partes_tres
participant_status	CTDC-PARTICIPANT-380628	CTDC-PARTICIPANT-STATUS-740731	Dead	imperium_in_imperio	Yes	NON-COMPLIANCE WITH STUDY DRUG	Obedientia_civium_urbis_felicitas
participant_status	CTDC-PARTICIPANT-655971	CTDC-PARTICIPANT-STATUS-360396	UNKNOWN	cacatum_non_est_pictum	No	PHYSICIAN DECISION	id_quod_plerumque_accidit
participant_status	CTDC-PARTICIPANT-553493	CTDC-PARTICIPANT-STATUS-816025	Dead	nascentes_morimur_finisque_ab_origine_pendet	No	LOGISTICAL PROBLEM	Gallia_est_omnis_divisa_in_partes_tres
participant_status	CTDC-PARTICIPANT-896213	CTDC-PARTICIPANT-STATUS-800405	Alive with Disease	scientia_imperii_decus_et_tutamen	Yes	PARTNER PREGNANCY	Gallia_est_omnis_divisa_in_partes_tres
participant_status	CTDC-PARTICIPANT-132751	CTDC-PARTICIPANT-STATUS-391717	Alive with No Evidence of Disease	id_quod_plerumque_accidit	Unknown	NEVER DOSED	haec_olim_meminisse_iuvabit
participant_status	CTDC-PARTICIPANT-237359	CTDC-PARTICIPANT-STATUS-423879	Alive with No Evidence of Disease	e_causa_ignota	Yes	RANDOMIZED BY MISTAKE WITHOUT STUDY TREATMENT	scientia_et_sapientia
participant_status	CTDC-PARTICIPANT-876508	CTDC-PARTICIPANT-STATUS-455430	Dead	scientia_et_sapientia	Yes	DEATH	haec_olim_meminisse_iuvabit
participant_status	CTDC-PARTICIPANT-317587	CTDC-PARTICIPANT-STATUS-612049	Dead	Gallia_est_omnis_divisa_in_partes_tres	No	SPONSOR REQUEST	Macte_animo_Generose_puer_sic_itur_ad_astra
participant_status	CTDC-PARTICIPANT-161257	CTDC-PARTICIPANT-STATUS-312741	DEAD	faber_est_suae_quisque_fortunae	No	DISEASE RELAPSE	e_causa_ignota
participant_status	CTDC-PARTICIPANT-814438	CTDC-PARTICIPANT-STATUS-925779	Dead	scientia_imperii_decus_et_tutamen	Yes	APPROVED DRUG AVAILABLE FOR INDICATION	Obedientia_civium_urbis_felicitas
participant_status	CTDC-PARTICIPANT-800186	CTDC-PARTICIPANT-STATUS-820311	Alive with Disease	Obedientia_civium_urbis_felicitas	No	PROGRESSIVE DISEASE	sapiens_qui_prospicit
participant_status	CTDC-PARTICIPANT-766659	CTDC-PARTICIPANT-STATUS-135627	Alive with No Evidence of Disease	Gallia_est_omnis_divisa_in_partes_tres	Yes	NON-COMPLIANCE WITH STUDY DEVICE	Gallia_est_omnis_divisa_in_partes_tres
participant_status	CTDC-PARTICIPANT-460334	CTDC-PARTICIPANT-STATUS-665769	Alive with No Evidence of Disease	id_quod_plerumque_accidit	Yes	WITHDRAWAL OF ASSENT	barba_crescit_caput_nescit
participant_status	CTDC-PARTICIPANT-772926	CTDC-PARTICIPANT-STATUS-401569	Alive, Disease Status Unknown	barba_crescit_caput_nescit	Unknown	PARTNER PREGNANCY	saltus_in_demonstrando
participant_status	CTDC-PARTICIPANT-626978	CTDC-PARTICIPANT-STATUS-653208	DEAD	scientiae_et_patriae	Yes	ADVERSE EVENT	scientia,_aere_perennius
participant_status	CTDC-PARTICIPANT-399685	CTDC-PARTICIPANT-STATUS-646350	Alive with No Evidence of Disease	barba_crescit_caput_nescit	Yes	PROTOCOL DEVIATION	Obedientia_civium_urbis_felicitas
participant_status	CTDC-PARTICIPANT-499669	CTDC-PARTICIPANT-STATUS-434529	Dead	saltus_in_demonstrando	Yes	SPONSOR REQUEST	Obedientia_civium_urbis_felicitas
participant_status	CTDC-PARTICIPANT-453258	CTDC-PARTICIPANT-STATUS-211071	Alive with Disease	Obedientia_civium_urbis_felicitas	Unknown	RANDOMIZED BY MISTAKE WITH STUDY TREATMENT	Obedientia_civium_urbis_felicitas
participant_status	CTDC-PARTICIPANT-530151	CTDC-PARTICIPANT-STATUS-528510	Alive with No Evidence of Disease	id_quod_plerumque_accidit	No	LOGISTICAL PROBLEM	pace_tua
participant_status	CTDC-PARTICIPANT-351359	CTDC-PARTICIPANT-STATUS-309407	Alive, Disease Status Unknown	labor_ipse_voluptas	No	WITHDRAWAL BY PARENT/GUARDIAN	O_Tite_tute_Tati_tibi_tanta_tyranne_tulisti
participant_status	CTDC-PARTICIPANT-828955	CTDC-PARTICIPANT-STATUS-399653	Alive with No Evidence of Disease	labor_ipse_voluptas	Yes	ADVERSE EVENT	scientiae_cedit_mare
participant_status	CTDC-PARTICIPANT-219801	CTDC-PARTICIPANT-STATUS-357229	Dead	a_bene_placito	No	REQUIRES PROHIBITED MEDICATION	scientia,_aere_perennius
participant_status	CTDC-PARTICIPANT-107207	CTDC-PARTICIPANT-STATUS-472924	Alive with No Evidence of Disease	scientia_et_sapientia	Unknown	NON-COMPLIANCE WITH STUDY DEVICE	barba_crescit_caput_nescit
participant_status	CTDC-PARTICIPANT-687631	CTDC-PARTICIPANT-STATUS-219576	UNKNOWN	e_causa_ignota	Unknown	PROGRESSIVE DISEASE	scientia_imperii_decus_et_tutamen
participant_status	CTDC-PARTICIPANT-995306	CTDC-PARTICIPANT-STATUS-448694	Alive with No Evidence of Disease	labor_ipse_voluptas	Unknown	TECHNICAL PROBLEMS	pace_tua
participant_status	CTDC-PARTICIPANT-683828	CTDC-PARTICIPANT-STATUS-442104	DEAD	labor_ipse_voluptas	No	RANDOMIZED BY MISTAKE	nascentes_morimur_finisque_ab_origine_pendet
participant_status	CTDC-PARTICIPANT-142000	CTDC-PARTICIPANT-STATUS-328811	Alive with No Evidence of Disease	id_quod_plerumque_accidit	No	WITHDRAWAL BY SUBJECT	salus_in_arduis
participant_status	CTDC-PARTICIPANT-918389	CTDC-PARTICIPANT-STATUS-104770	Alive, Disease Status Unknown	nascentes_morimur_finisque_ab_origine_pendet	Unknown	SCREENING NOT COMPLETED	faber_est_suae_quisque_fortunae
participant_status	CTDC-PARTICIPANT-164484	CTDC-PARTICIPANT-STATUS-956889	Dead	Gallia_est_omnis_divisa_in_partes_tres	Yes	DEATH	imperium_in_imperio
participant_status	CTDC-PARTICIPANT-131806	CTDC-PARTICIPANT-STATUS-902846	Alive with Disease	cacatum_non_est_pictum	No	PROTOCOL-SPECIFIED WITHDRAWAL CRITERION MET	haec_olim_meminisse_iuvabit
participant_status	CTDC-PARTICIPANT-507363	CTDC-PARTICIPANT-STATUS-439972	Dead	scientia_et_sapientia	No	PROTOCOL-SPECIFIED WITHDRAWAL CRITERION MET	a_bene_placito
participant_status	CTDC-PARTICIPANT-704044	CTDC-PARTICIPANT-STATUS-342651	DEAD	Gallia_est_omnis_divisa_in_partes_tres	Unknown	PARTNER PREGNANCY	imperium_in_imperio
participant_status	CTDC-PARTICIPANT-646171	CTDC-PARTICIPANT-STATUS-377053	ALIVE	Gallia_est_omnis_divisa_in_partes_tres	Yes	FAILURE TO MEET CONTINUATION CRITERIA	sapiens_qui_prospicit
participant_status	CTDC-PARTICIPANT-702783	CTDC-PARTICIPANT-STATUS-405696	UNKNOWN	scientia_imperii_decus_et_tutamen	No	SITE TERMINATED BY SPONSOR	O_Tite_tute_Tati_tibi_tanta_tyranne_tulisti
participant_status	CTDC-PARTICIPANT-895851	CTDC-PARTICIPANT-STATUS-789917	Dead	Macte_animo_Generose_puer_sic_itur_ad_astra	No	TECHNICAL PROBLEMS	scientia_imperii_decus_et_tutamen
participant_status	CTDC-PARTICIPANT-351896	CTDC-PARTICIPANT-STATUS-358418	Alive, Disease Status Unknown	nanos_gigantum_humeris_insidentes	Yes	TECHNICAL PROBLEMS	nanos_gigantum_humeris_insidentes
participant_status	CTDC-PARTICIPANT-510669	CTDC-PARTICIPANT-STATUS-893642	ALIVE	labor_ipse_voluptas	No	DISEASE RELAPSE	scientia,_aere_perennius
participant_status	CTDC-PARTICIPANT-293573	CTDC-PARTICIPANT-STATUS-599219	Alive, Disease Status Unknown	scientia_et_sapientia	Unknown	PROGRESSIVE DISEASE	Macte_animo_Generose_puer_sic_itur_ad_astra
participant_status	CTDC-PARTICIPANT-385400	CTDC-PARTICIPANT-STATUS-341855	Alive with No Evidence of Disease	Macte_animo_Generose_puer_sic_itur_ad_astra	Unknown	DISEASE RELAPSE	haec_olim_meminisse_iuvabit
participant_status	CTDC-PARTICIPANT-838872	CTDC-PARTICIPANT-STATUS-382882	Alive, Disease Status Unknown	scientia_et_labor	Unknown	NEVER DOSED	haec_olim_meminisse_iuvabit
