type	participant.participant_id	participant_status_record_id	survival_status	primary_cause_of_death	off_study	off_study_reason	crdc_id
participant_status	CTDC-PARTICIPANT-425496	CTDC-PARTICIPANT-STATUS-374943	Alive, Disease Status Unknown	scientiae_et_patriae	No	SCREEN FAILURE	scientia_et_labor
participant_status	CTDC-PARTICIPANT-752305	CTDC-PARTICIPANT-STATUS-178046	Alive, Disease Status Unknown	scientia,_aere_perennius	Yes	NON-COMPLIANCE WITH STUDY SCHEDULE	barba_crescit_caput_nescit
participant_status	CTDC-PARTICIPANT-178412	CTDC-PARTICIPANT-STATUS-842657	ALIVE	scientia,_aere_perennius	No	RANDOMIZED BY MISTAKE WITH STUDY TREATMENT	Macte_animo_Generose_puer_sic_itur_ad_astra
participant_status	CTDC-PARTICIPANT-498416	CTDC-PARTICIPANT-STATUS-498673	UNKNOWN	nanos_gigantum_humeris_insidentes	Unknown	STUDY TERMINATED BY SPONSOR	imperium_in_imperio
participant_status	CTDC-PARTICIPANT-976403	CTDC-PARTICIPANT-STATUS-207049	UNKNOWN	labor_ipse_voluptas	Yes	STUDY TERMINATED BY SPONSOR	scientia_et_sapientia
participant_status	CTDC-PARTICIPANT-497144	CTDC-PARTICIPANT-STATUS-686595	Dead	salus_in_arduis	Yes	FAILURE TO MEET RANDOMIZATION CRITERIA	imperium_in_imperio
participant_status	CTDC-PARTICIPANT-281297	CTDC-PARTICIPANT-STATUS-543175	UNKNOWN	scientia_imperii_decus_et_tutamen	Unknown	STUDY TERMINATED BY SPONSOR	scientia_et_sapientia
participant_status	CTDC-PARTICIPANT-731664	CTDC-PARTICIPANT-STATUS-109030	UNKNOWN	cacatum_non_est_pictum	Unknown	DISEASE RELAPSE	id_quod_plerumque_accidit
participant_status	CTDC-PARTICIPANT-469939	CTDC-PARTICIPANT-STATUS-649015	Alive, Disease Status Unknown	scientiae_cedit_mare	Unknown	LOGISTICAL PROBLEM	nanos_gigantum_humeris_insidentes
participant_status	CTDC-PARTICIPANT-745706	CTDC-PARTICIPANT-STATUS-759688	DEAD	sapiens_qui_prospicit	Yes	APPROVED DRUG AVAILABLE FOR INDICATION	pace_tua
participant_status	CTDC-PARTICIPANT-705970	CTDC-PARTICIPANT-STATUS-986079	Dead	labor_ipse_voluptas	No	PHYSICIAN DECISION	Macte_animo_Generose_puer_sic_itur_ad_astra
participant_status	CTDC-PARTICIPANT-500040	CTDC-PARTICIPANT-STATUS-134028	Alive with Disease	imperium_in_imperio	Yes	WITHDRAWAL BY PARENT/GUARDIAN	e_causa_ignota
participant_status	CTDC-PARTICIPANT-996739	CTDC-PARTICIPANT-STATUS-826443	Dead	pace_tua	Unknown	WITHDRAWAL OF CONSENT	scientia_imperii_decus_et_tutamen
participant_status	CTDC-PARTICIPANT-765498	CTDC-PARTICIPANT-STATUS-812144	DEAD	imperium_in_imperio	No	PARTNER PREGNANCY	imperium_in_imperio
participant_status	CTDC-PARTICIPANT-803964	CTDC-PARTICIPANT-STATUS-490206	ALIVE	scientia_et_sapientia	Unknown	PROTOCOL DEVIATION	barba_crescit_caput_nescit
participant_status	CTDC-PARTICIPANT-346130	CTDC-PARTICIPANT-STATUS-199089	UNKNOWN	pace_tua	Unknown	SPONSOR REQUEST	scientiae_cedit_mare
participant_status	CTDC-PARTICIPANT-672343	CTDC-PARTICIPANT-STATUS-241903	Alive with Disease	imperium_in_imperio	No	NON-COMPLIANCE WITH NON-STUDY DEVICE	salus_in_arduis
participant_status	CTDC-PARTICIPANT-618772	CTDC-PARTICIPANT-STATUS-344652	Alive, Disease Status Unknown	a_bene_placito	Yes	WITHDRAWAL BY SUBJECT	haec_olim_meminisse_iuvabit
participant_status	CTDC-PARTICIPANT-781918	CTDC-PARTICIPANT-STATUS-894356	UNKNOWN	pace_tua	Yes	NO LONGER CLINICALLY BENEFITING	scientiae_et_patriae
participant_status	CTDC-PARTICIPANT-868875	CTDC-PARTICIPANT-STATUS-888777	DEAD	Obedientia_civium_urbis_felicitas	Yes	FAILURE TO MEET RANDOMIZATION CRITERIA	scientiae_cedit_mare
participant_status	CTDC-PARTICIPANT-651462	CTDC-PARTICIPANT-STATUS-876192	Alive, Disease Status Unknown	cacatum_non_est_pictum	Unknown	PROTOCOL VIOLATION	scientiae_et_patriae
participant_status	CTDC-PARTICIPANT-357624	CTDC-PARTICIPANT-STATUS-596010	UNKNOWN	barba_crescit_caput_nescit	No	WITHDRAWAL BY PARENT/GUARDIAN	faber_est_suae_quisque_fortunae
participant_status	CTDC-PARTICIPANT-665568	CTDC-PARTICIPANT-STATUS-482549	Dead	scientiae_cedit_mare	Yes	WITHDRAWAL OF CONSENT	Macte_animo_Generose_puer_sic_itur_ad_astra
participant_status	CTDC-PARTICIPANT-795686	CTDC-PARTICIPANT-STATUS-841195	Alive, Disease Status Unknown	nanos_gigantum_humeris_insidentes	Yes	WITHDRAWAL OF ASSENT	scientiae_cedit_mare
participant_status	CTDC-PARTICIPANT-780169	CTDC-PARTICIPANT-STATUS-432523	Alive with Disease	Macte_animo_Generose_puer_sic_itur_ad_astra	Yes	NON-COMPLIANCE WITH STUDY SCHEDULE	pace_tua
participant_status	CTDC-PARTICIPANT-485384	CTDC-PARTICIPANT-STATUS-207792	ALIVE	labor_ipse_voluptas	Yes	OTHER	scientia_imperii_decus_et_tutamen
participant_status	CTDC-PARTICIPANT-707555	CTDC-PARTICIPANT-STATUS-450922	Alive, Disease Status Unknown	damnant_quod_non_intellegunt	No	NON-COMPLIANCE WITH STUDY SCHEDULE	haec_olim_meminisse_iuvabit
participant_status	CTDC-PARTICIPANT-492276	CTDC-PARTICIPANT-STATUS-949971	Alive with Disease	cacatum_non_est_pictum	Yes	SCREENING NOT COMPLETED	Macte_animo_Generose_puer_sic_itur_ad_astra
participant_status	CTDC-PARTICIPANT-820083	CTDC-PARTICIPANT-STATUS-238237	Alive with No Evidence of Disease	sapiens_qui_prospicit	Unknown	NEVER DOSED	damnant_quod_non_intellegunt
participant_status	CTDC-PARTICIPANT-822595	CTDC-PARTICIPANT-STATUS-653342	ALIVE	scientiae_cedit_mare	Yes	DISEASE RELAPSE	Gallia_est_omnis_divisa_in_partes_tres
participant_status	CTDC-PARTICIPANT-260866	CTDC-PARTICIPANT-STATUS-625383	Dead	Gallia_est_omnis_divisa_in_partes_tres	Yes	STUDY TERMINATED BY SPONSOR	scientiae_et_patriae
participant_status	CTDC-PARTICIPANT-627159	CTDC-PARTICIPANT-STATUS-143490	Dead	nanos_gigantum_humeris_insidentes	No	STUDY TERMINATED BY SPONSOR	salus_in_arduis
participant_status	CTDC-PARTICIPANT-925562	CTDC-PARTICIPANT-STATUS-279618	Alive with No Evidence of Disease	pace_tua	No	RANDOMIZED BY MISTAKE	Gallia_est_omnis_divisa_in_partes_tres
participant_status	CTDC-PARTICIPANT-854119	CTDC-PARTICIPANT-STATUS-566881	Alive, Disease Status Unknown	scientiae_et_patriae	Unknown	SCREEN FAILURE	nascentes_morimur_finisque_ab_origine_pendet
participant_status	CTDC-PARTICIPANT-529091	CTDC-PARTICIPANT-STATUS-506831	Dead	a_bene_placito	No	RANDOMIZED BY MISTAKE WITHOUT STUDY TREATMENT	damnant_quod_non_intellegunt
participant_status	CTDC-PARTICIPANT-343801	CTDC-PARTICIPANT-STATUS-287900	Alive, Disease Status Unknown	imperium_in_imperio	Unknown	SPONSOR REQUEST	Gallia_est_omnis_divisa_in_partes_tres
participant_status	CTDC-PARTICIPANT-954327	CTDC-PARTICIPANT-STATUS-525672	Alive, Disease Status Unknown	Obedientia_civium_urbis_felicitas	Yes	NO LONGER CLINICALLY BENEFITING	salus_in_arduis
participant_status	CTDC-PARTICIPANT-324293	CTDC-PARTICIPANT-STATUS-412947	DEAD	scientia,_aere_perennius	Unknown	PARTNER PREGNANCY	saltus_in_demonstrando
participant_status	CTDC-PARTICIPANT-449191	CTDC-PARTICIPANT-STATUS-833816	Alive with Disease	nanos_gigantum_humeris_insidentes	No	APPROVED DRUG AVAILABLE FOR INDICATION	scientia_et_labor
participant_status	CTDC-PARTICIPANT-219666	CTDC-PARTICIPANT-STATUS-632653	ALIVE	scientiae_et_patriae	No	FAILURE TO MEET RANDOMIZATION CRITERIA	scientiae_et_patriae
participant_status	CTDC-PARTICIPANT-591224	CTDC-PARTICIPANT-STATUS-896623	Alive, Disease Status Unknown	damnant_quod_non_intellegunt	Unknown	LOST TO FOLLOW-UP	saltus_in_demonstrando
participant_status	CTDC-PARTICIPANT-260523	CTDC-PARTICIPANT-STATUS-656501	DEAD	scientia_et_labor	No	WITHDRAWAL OF CONSENT	id_quod_plerumque_accidit
participant_status	CTDC-PARTICIPANT-697627	CTDC-PARTICIPANT-STATUS-279184	ALIVE	damnant_quod_non_intellegunt	No	NO LONGER CLINICALLY BENEFITING	Obedientia_civium_urbis_felicitas
participant_status	CTDC-PARTICIPANT-221730	CTDC-PARTICIPANT-STATUS-764076	ALIVE	cacatum_non_est_pictum	Unknown	DEATH	imperium_in_imperio
participant_status	CTDC-PARTICIPANT-412746	CTDC-PARTICIPANT-STATUS-367865	Alive with Disease	scientia_et_labor	Yes	TECHNICAL PROBLEMS	faber_est_suae_quisque_fortunae
participant_status	CTDC-PARTICIPANT-624107	CTDC-PARTICIPANT-STATUS-626854	Alive with No Evidence of Disease	scientia_et_sapientia	Unknown	ADVERSE EVENT	labor_ipse_voluptas
participant_status	CTDC-PARTICIPANT-779742	CTDC-PARTICIPANT-STATUS-629724	DEAD	Gallia_est_omnis_divisa_in_partes_tres	No	RANDOMIZED BY MISTAKE WITHOUT STUDY TREATMENT	pace_tua
participant_status	CTDC-PARTICIPANT-873770	CTDC-PARTICIPANT-STATUS-320540	Alive with Disease	damnant_quod_non_intellegunt	Yes	TECHNICAL PROBLEMS	O_Tite_tute_Tati_tibi_tanta_tyranne_tulisti
participant_status	CTDC-PARTICIPANT-471487	CTDC-PARTICIPANT-STATUS-267511	ALIVE	nanos_gigantum_humeris_insidentes	Unknown	RANDOMIZED BY MISTAKE	faber_est_suae_quisque_fortunae
participant_status	CTDC-PARTICIPANT-241440	CTDC-PARTICIPANT-STATUS-933566	Alive, Disease Status Unknown	labor_ipse_voluptas	Unknown	SCREEN FAILURE	damnant_quod_non_intellegunt
participant_status	CTDC-PARTICIPANT-575132	CTDC-PARTICIPANT-STATUS-148499	UNKNOWN	sapiens_qui_prospicit	No	RANDOMIZED BY MISTAKE WITHOUT STUDY TREATMENT	saltus_in_demonstrando
participant_status	CTDC-PARTICIPANT-873739	CTDC-PARTICIPANT-STATUS-303769	Alive with No Evidence of Disease	labor_ipse_voluptas	Unknown	WITHDRAWAL BY SUBJECT	nascentes_morimur_finisque_ab_origine_pendet
participant_status	CTDC-PARTICIPANT-763429	CTDC-PARTICIPANT-STATUS-506310	ALIVE	damnant_quod_non_intellegunt	Unknown	RANDOMIZED BY MISTAKE WITH STUDY TREATMENT	scientiae_et_patriae
participant_status	CTDC-PARTICIPANT-206820	CTDC-PARTICIPANT-STATUS-429373	UNKNOWN	salus_in_arduis	Yes	SCREEN FAILURE	Obedientia_civium_urbis_felicitas
participant_status	CTDC-PARTICIPANT-797414	CTDC-PARTICIPANT-STATUS-362838	Alive, Disease Status Unknown	scientiae_et_patriae	Yes	PROGRESSIVE DISEASE	saltus_in_demonstrando
participant_status	CTDC-PARTICIPANT-344803	CTDC-PARTICIPANT-STATUS-749631	Dead	scientia_et_labor	Unknown	NON-COMPLIANCE WITH STUDY DRUG	scientiae_et_patriae
participant_status	CTDC-PARTICIPANT-590375	CTDC-PARTICIPANT-STATUS-454632	Dead	cacatum_non_est_pictum	Yes	LOST TO FOLLOW-UP	scientiae_et_patriae
participant_status	CTDC-PARTICIPANT-374155	CTDC-PARTICIPANT-STATUS-916174	Alive with No Evidence of Disease	scientia_et_labor	Yes	NON-COMPLIANCE WITH STUDY DRUG	imperium_in_imperio
participant_status	CTDC-PARTICIPANT-976851	CTDC-PARTICIPANT-STATUS-685747	UNKNOWN	O_Tite_tute_Tati_tibi_tanta_tyranne_tulisti	Yes	FAILURE TO MEET RANDOMIZATION CRITERIA	e_causa_ignota
participant_status	CTDC-PARTICIPANT-332897	CTDC-PARTICIPANT-STATUS-943128	DEAD	a_bene_placito	Yes	WITHDRAWAL BY PARENT/GUARDIAN	nanos_gigantum_humeris_insidentes
participant_status	CTDC-PARTICIPANT-775990	CTDC-PARTICIPANT-STATUS-986226	DEAD	id_quod_plerumque_accidit	Unknown	MET ELIGIBILITY CRITERIA BUT NOT NEEDED	imperium_in_imperio
participant_status	CTDC-PARTICIPANT-181071	CTDC-PARTICIPANT-STATUS-177487	DEAD	Macte_animo_Generose_puer_sic_itur_ad_astra	Yes	PARTNER PREGNANCY	O_Tite_tute_Tati_tibi_tanta_tyranne_tulisti
participant_status	CTDC-PARTICIPANT-838837	CTDC-PARTICIPANT-STATUS-947116	Dead	scientia,_aere_perennius	Unknown	RANDOMIZED BY MISTAKE WITHOUT STUDY TREATMENT	faber_est_suae_quisque_fortunae
participant_status	CTDC-PARTICIPANT-149013	CTDC-PARTICIPANT-STATUS-519827	UNKNOWN	Obedientia_civium_urbis_felicitas	Unknown	NON-COMPLIANCE WITH STUDY DEVICE	e_causa_ignota
participant_status	CTDC-PARTICIPANT-893210	CTDC-PARTICIPANT-STATUS-404278	UNKNOWN	scientiae_cedit_mare	Yes	PREGNANCY	scientiae_cedit_mare
participant_status	CTDC-PARTICIPANT-291399	CTDC-PARTICIPANT-STATUS-807001	Alive with Disease	imperium_in_imperio	Yes	NON-COMPLIANCE WITH STUDY DRUG	nanos_gigantum_humeris_insidentes
participant_status	CTDC-PARTICIPANT-664268	CTDC-PARTICIPANT-STATUS-402778	Alive, Disease Status Unknown	salus_in_arduis	Unknown	NON-COMPLIANCE WITH STUDY DRUG	faber_est_suae_quisque_fortunae
participant_status	CTDC-PARTICIPANT-723698	CTDC-PARTICIPANT-STATUS-485737	DEAD	O_Tite_tute_Tati_tibi_tanta_tyranne_tulisti	Unknown	LOGISTICAL PROBLEM	scientia_imperii_decus_et_tutamen
participant_status	CTDC-PARTICIPANT-627524	CTDC-PARTICIPANT-STATUS-918641	Alive with Disease	nanos_gigantum_humeris_insidentes	No	COMPLETED	saltus_in_demonstrando
participant_status	CTDC-PARTICIPANT-755384	CTDC-PARTICIPANT-STATUS-329110	UNKNOWN	O_Tite_tute_Tati_tibi_tanta_tyranne_tulisti	Yes	COMPLETED	barba_crescit_caput_nescit
participant_status	CTDC-PARTICIPANT-172709	CTDC-PARTICIPANT-STATUS-471223	UNKNOWN	saltus_in_demonstrando	Yes	SITE TERMINATED BY SPONSOR	e_causa_ignota
participant_status	CTDC-PARTICIPANT-241615	CTDC-PARTICIPANT-STATUS-199211	Alive with Disease	salus_in_arduis	Yes	OTHER	nascentes_morimur_finisque_ab_origine_pendet
participant_status	CTDC-PARTICIPANT-181206	CTDC-PARTICIPANT-STATUS-532688	UNKNOWN	labor_ipse_voluptas	No	SCREEN FAILURE	haec_olim_meminisse_iuvabit
participant_status	CTDC-PARTICIPANT-794084	CTDC-PARTICIPANT-STATUS-440947	Alive with Disease	imperium_in_imperio	Unknown	NEVER DOSED	Obedientia_civium_urbis_felicitas
participant_status	CTDC-PARTICIPANT-527590	CTDC-PARTICIPANT-STATUS-908802	Alive, Disease Status Unknown	scientiae_cedit_mare	Yes	RECOVERY	id_quod_plerumque_accidit
participant_status	CTDC-PARTICIPANT-903832	CTDC-PARTICIPANT-STATUS-811381	DEAD	a_bene_placito	Unknown	FAILURE TO MEET CONTINUATION CRITERIA	saltus_in_demonstrando
participant_status	CTDC-PARTICIPANT-617726	CTDC-PARTICIPANT-STATUS-160477	Alive with Disease	sapiens_qui_prospicit	No	RANDOMIZED BY MISTAKE	nascentes_morimur_finisque_ab_origine_pendet
participant_status	CTDC-PARTICIPANT-417908	CTDC-PARTICIPANT-STATUS-737132	Alive with No Evidence of Disease	barba_crescit_caput_nescit	Yes	NON-COMPLIANCE WITH STUDY DRUG	imperium_in_imperio
participant_status	CTDC-PARTICIPANT-573652	CTDC-PARTICIPANT-STATUS-948720	DEAD	scientia_et_sapientia	No	NON-COMPLIANCE WITH STUDY DEVICE	O_Tite_tute_Tati_tibi_tanta_tyranne_tulisti
participant_status	CTDC-PARTICIPANT-756028	CTDC-PARTICIPANT-STATUS-772004	DEAD	damnant_quod_non_intellegunt	No	NON-COMPLIANCE WITH STUDY DEVICE	salus_in_arduis
participant_status	CTDC-PARTICIPANT-145487	CTDC-PARTICIPANT-STATUS-253204	Alive with Disease	labor_ipse_voluptas	Yes	FAILURE TO MEET CONTINUATION CRITERIA	Gallia_est_omnis_divisa_in_partes_tres
participant_status	CTDC-PARTICIPANT-300101	CTDC-PARTICIPANT-STATUS-757841	ALIVE	id_quod_plerumque_accidit	Unknown	SPONSOR REQUEST	saltus_in_demonstrando
participant_status	CTDC-PARTICIPANT-868867	CTDC-PARTICIPANT-STATUS-488323	Alive, Disease Status Unknown	scientia_imperii_decus_et_tutamen	No	LOGISTICAL PROBLEM	a_bene_placito
participant_status	CTDC-PARTICIPANT-246582	CTDC-PARTICIPANT-STATUS-881695	Dead	scientiae_cedit_mare	Unknown	OTHER	labor_ipse_voluptas
participant_status	CTDC-PARTICIPANT-193517	CTDC-PARTICIPANT-STATUS-343142	DEAD	O_Tite_tute_Tati_tibi_tanta_tyranne_tulisti	Yes	WITHDRAWAL BY SUBJECT	damnant_quod_non_intellegunt
participant_status	CTDC-PARTICIPANT-730791	CTDC-PARTICIPANT-STATUS-790366	Dead	O_Tite_tute_Tati_tibi_tanta_tyranne_tulisti	Unknown	DEATH	a_bene_placito
participant_status	CTDC-PARTICIPANT-245717	CTDC-PARTICIPANT-STATUS-452684	Alive, Disease Status Unknown	salus_in_arduis	Unknown	PREGNANCY	damnant_quod_non_intellegunt
participant_status	CTDC-PARTICIPANT-144381	CTDC-PARTICIPANT-STATUS-707623	Alive with No Evidence of Disease	barba_crescit_caput_nescit	Unknown	NO LONGER CLINICALLY BENEFITING	saltus_in_demonstrando
participant_status	CTDC-PARTICIPANT-615561	CTDC-PARTICIPANT-STATUS-658899	UNKNOWN	scientiae_et_patriae	No	APPROVED DRUG AVAILABLE FOR INDICATION	id_quod_plerumque_accidit
participant_status	CTDC-PARTICIPANT-903334	CTDC-PARTICIPANT-STATUS-122334	DEAD	Gallia_est_omnis_divisa_in_partes_tres	Yes	LACK OF EFFICACY	Gallia_est_omnis_divisa_in_partes_tres
participant_status	CTDC-PARTICIPANT-168762	CTDC-PARTICIPANT-STATUS-168387	Alive, Disease Status Unknown	Gallia_est_omnis_divisa_in_partes_tres	Unknown	REQUIRES PROHIBITED MEDICATION	pace_tua
participant_status	CTDC-PARTICIPANT-511763	CTDC-PARTICIPANT-STATUS-840904	Dead	scientiae_et_patriae	No	SCREEN FAILURE	pace_tua
participant_status	CTDC-PARTICIPANT-943722	CTDC-PARTICIPANT-STATUS-153172	Alive with No Evidence of Disease	Gallia_est_omnis_divisa_in_partes_tres	No	NON-COMPLIANCE WITH STUDY SCHEDULE	scientiae_et_patriae
participant_status	CTDC-PARTICIPANT-119050	CTDC-PARTICIPANT-STATUS-385912	UNKNOWN	scientiae_cedit_mare	Unknown	RANDOMIZED BY MISTAKE	damnant_quod_non_intellegunt
participant_status	CTDC-PARTICIPANT-869188	CTDC-PARTICIPANT-STATUS-245082	UNKNOWN	faber_est_suae_quisque_fortunae	No	APPROVED DRUG AVAILABLE FOR INDICATION	barba_crescit_caput_nescit
participant_status	CTDC-PARTICIPANT-733770	CTDC-PARTICIPANT-STATUS-981253	Alive with Disease	scientiae_et_patriae	No	COMPLETED	saltus_in_demonstrando
participant_status	CTDC-PARTICIPANT-117926	CTDC-PARTICIPANT-STATUS-230669	UNKNOWN	barba_crescit_caput_nescit	Yes	SCREEN FAILURE	barba_crescit_caput_nescit
participant_status	CTDC-PARTICIPANT-910438	CTDC-PARTICIPANT-STATUS-931976	UNKNOWN	pace_tua	No	FAILURE TO MEET CONTINUATION CRITERIA	pace_tua
participant_status	CTDC-PARTICIPANT-556810	CTDC-PARTICIPANT-STATUS-537279	Alive with Disease	e_causa_ignota	No	SCREEN FAILURE	salus_in_arduis
participant_status	CTDC-PARTICIPANT-532435	CTDC-PARTICIPANT-STATUS-670008	Alive with Disease	damnant_quod_non_intellegunt	Unknown	LACK OF EFFICACY	salus_in_arduis
participant_status	CTDC-PARTICIPANT-122581	CTDC-PARTICIPANT-STATUS-829507	Alive with No Evidence of Disease	a_bene_placito	Unknown	PROTOCOL-SPECIFIED WITHDRAWAL CRITERION MET	scientiae_cedit_mare
participant_status	CTDC-PARTICIPANT-644940	CTDC-PARTICIPANT-STATUS-801440	Dead	faber_est_suae_quisque_fortunae	No	RANDOMIZED BY MISTAKE WITH STUDY TREATMENT	e_causa_ignota
participant_status	CTDC-PARTICIPANT-858046	CTDC-PARTICIPANT-STATUS-699245	Alive with Disease	Gallia_est_omnis_divisa_in_partes_tres	Yes	SCREEN FAILURE	damnant_quod_non_intellegunt
participant_status	CTDC-PARTICIPANT-931464	CTDC-PARTICIPANT-STATUS-645336	UNKNOWN	labor_ipse_voluptas	Unknown	WITHDRAWAL BY PARENT/GUARDIAN	id_quod_plerumque_accidit
participant_status	CTDC-PARTICIPANT-569880	CTDC-PARTICIPANT-STATUS-330018	Alive with Disease	Obedientia_civium_urbis_felicitas	Yes	PROTOCOL VIOLATION	id_quod_plerumque_accidit
participant_status	CTDC-PARTICIPANT-148831	CTDC-PARTICIPANT-STATUS-702364	DEAD	Gallia_est_omnis_divisa_in_partes_tres	Unknown	LOST TO FOLLOW-UP	scientia,_aere_perennius
participant_status	CTDC-PARTICIPANT-975244	CTDC-PARTICIPANT-STATUS-500092	Alive with Disease	barba_crescit_caput_nescit	Unknown	PROTOCOL-SPECIFIED WITHDRAWAL CRITERION MET	sapiens_qui_prospicit
participant_status	CTDC-PARTICIPANT-570320	CTDC-PARTICIPANT-STATUS-850220	ALIVE	nanos_gigantum_humeris_insidentes	Unknown	FAILURE TO MEET RANDOMIZATION CRITERIA	damnant_quod_non_intellegunt
participant_status	CTDC-PARTICIPANT-541078	CTDC-PARTICIPANT-STATUS-283633	UNKNOWN	pace_tua	Yes	PARTNER PREGNANCY	damnant_quod_non_intellegunt
participant_status	CTDC-PARTICIPANT-468519	CTDC-PARTICIPANT-STATUS-287361	ALIVE	nanos_gigantum_humeris_insidentes	Unknown	WITHDRAWAL BY SUBJECT	Macte_animo_Generose_puer_sic_itur_ad_astra
participant_status	CTDC-PARTICIPANT-480884	CTDC-PARTICIPANT-STATUS-194802	ALIVE	pace_tua	No	PHYSICIAN DECISION	labor_ipse_voluptas
participant_status	CTDC-PARTICIPANT-479769	CTDC-PARTICIPANT-STATUS-475551	UNKNOWN	a_bene_placito	No	NEVER DOSED	scientia_et_sapientia
participant_status	CTDC-PARTICIPANT-776559	CTDC-PARTICIPANT-STATUS-239598	Dead	faber_est_suae_quisque_fortunae	Unknown	WITHDRAWAL BY PARENT/GUARDIAN	cacatum_non_est_pictum
participant_status	CTDC-PARTICIPANT-722812	CTDC-PARTICIPANT-STATUS-596959	ALIVE	imperium_in_imperio	No	PREGNANCY	O_Tite_tute_Tati_tibi_tanta_tyranne_tulisti
participant_status	CTDC-PARTICIPANT-144749	CTDC-PARTICIPANT-STATUS-970945	UNKNOWN	Gallia_est_omnis_divisa_in_partes_tres	Yes	PROTOCOL-SPECIFIED WITHDRAWAL CRITERION MET	Gallia_est_omnis_divisa_in_partes_tres
participant_status	CTDC-PARTICIPANT-509623	CTDC-PARTICIPANT-STATUS-863619	Alive, Disease Status Unknown	O_Tite_tute_Tati_tibi_tanta_tyranne_tulisti	Unknown	MET ELIGIBILITY CRITERIA BUT NOT NEEDED	O_Tite_tute_Tati_tibi_tanta_tyranne_tulisti
participant_status	CTDC-PARTICIPANT-178770	CTDC-PARTICIPANT-STATUS-712118	Alive with Disease	scientiae_et_patriae	No	WITHDRAWAL BY SUBJECT	Obedientia_civium_urbis_felicitas
participant_status	CTDC-PARTICIPANT-880097	CTDC-PARTICIPANT-STATUS-477469	Alive, Disease Status Unknown	imperium_in_imperio	Yes	WITHDRAWAL OF CONSENT	labor_ipse_voluptas
participant_status	CTDC-PARTICIPANT-578590	CTDC-PARTICIPANT-STATUS-132453	Alive, Disease Status Unknown	labor_ipse_voluptas	Unknown	DEATH	barba_crescit_caput_nescit
participant_status	CTDC-PARTICIPANT-144502	CTDC-PARTICIPANT-STATUS-116284	Dead	Obedientia_civium_urbis_felicitas	Yes	DISEASE RELAPSE	scientiae_cedit_mare
participant_status	CTDC-PARTICIPANT-180514	CTDC-PARTICIPANT-STATUS-893912	Alive, Disease Status Unknown	nanos_gigantum_humeris_insidentes	Unknown	ADVERSE EVENT	scientiae_et_patriae
participant_status	CTDC-PARTICIPANT-326731	CTDC-PARTICIPANT-STATUS-768443	UNKNOWN	damnant_quod_non_intellegunt	No	FAILURE TO MEET RANDOMIZATION CRITERIA	saltus_in_demonstrando
participant_status	CTDC-PARTICIPANT-548508	CTDC-PARTICIPANT-STATUS-668823	Alive, Disease Status Unknown	scientia,_aere_perennius	No	SPONSOR REQUEST	nanos_gigantum_humeris_insidentes
participant_status	CTDC-PARTICIPANT-124632	CTDC-PARTICIPANT-STATUS-420850	Alive with Disease	Obedientia_civium_urbis_felicitas	Yes	LACK OF EFFICACY	saltus_in_demonstrando
participant_status	CTDC-PARTICIPANT-868232	CTDC-PARTICIPANT-STATUS-492311	DEAD	nascentes_morimur_finisque_ab_origine_pendet	Unknown	REQUIRES PROHIBITED MEDICATION	cacatum_non_est_pictum
participant_status	CTDC-PARTICIPANT-953395	CTDC-PARTICIPANT-STATUS-809725	Alive, Disease Status Unknown	pace_tua	No	SPONSOR REQUEST	barba_crescit_caput_nescit
participant_status	CTDC-PARTICIPANT-789514	CTDC-PARTICIPANT-STATUS-300305	Dead	scientia_imperii_decus_et_tutamen	No	WITHDRAWAL OF ASSENT	scientia,_aere_perennius
participant_status	CTDC-PARTICIPANT-551066	CTDC-PARTICIPANT-STATUS-297633	ALIVE	scientiae_et_patriae	No	RANDOMIZED BY MISTAKE WITH STUDY TREATMENT	scientia,_aere_perennius
participant_status	CTDC-PARTICIPANT-889503	CTDC-PARTICIPANT-STATUS-375598	Alive with Disease	O_Tite_tute_Tati_tibi_tanta_tyranne_tulisti	Unknown	LOST TO FOLLOW-UP	haec_olim_meminisse_iuvabit
participant_status	CTDC-PARTICIPANT-520702	CTDC-PARTICIPANT-STATUS-581523	UNKNOWN	Obedientia_civium_urbis_felicitas	Yes	WITHDRAWAL OF CONSENT	id_quod_plerumque_accidit
participant_status	CTDC-PARTICIPANT-817454	CTDC-PARTICIPANT-STATUS-918032	DEAD	faber_est_suae_quisque_fortunae	Yes	NON-COMPLIANCE WITH STUDY DRUG	nascentes_morimur_finisque_ab_origine_pendet
participant_status	CTDC-PARTICIPANT-178969	CTDC-PARTICIPANT-STATUS-494748	Alive with No Evidence of Disease	faber_est_suae_quisque_fortunae	No	PREGNANCY	O_Tite_tute_Tati_tibi_tanta_tyranne_tulisti
participant_status	CTDC-PARTICIPANT-838660	CTDC-PARTICIPANT-STATUS-155173	Alive with No Evidence of Disease	id_quod_plerumque_accidit	Yes	TECHNICAL PROBLEMS	a_bene_placito
participant_status	CTDC-PARTICIPANT-299283	CTDC-PARTICIPANT-STATUS-856789	DEAD	barba_crescit_caput_nescit	No	TECHNICAL PROBLEMS	Gallia_est_omnis_divisa_in_partes_tres
participant_status	CTDC-PARTICIPANT-916037	CTDC-PARTICIPANT-STATUS-695472	Alive, Disease Status Unknown	Obedientia_civium_urbis_felicitas	Unknown	WITHDRAWAL BY SUBJECT	labor_ipse_voluptas
participant_status	CTDC-PARTICIPANT-582896	CTDC-PARTICIPANT-STATUS-313928	Alive with Disease	imperium_in_imperio	Yes	NON-COMPLIANCE WITH STUDY SCHEDULE	salus_in_arduis
participant_status	CTDC-PARTICIPANT-213116	CTDC-PARTICIPANT-STATUS-157246	Alive with No Evidence of Disease	O_Tite_tute_Tati_tibi_tanta_tyranne_tulisti	Yes	DISEASE RELAPSE	O_Tite_tute_Tati_tibi_tanta_tyranne_tulisti
participant_status	CTDC-PARTICIPANT-700912	CTDC-PARTICIPANT-STATUS-510788	DEAD	salus_in_arduis	Yes	PROTOCOL DEVIATION	haec_olim_meminisse_iuvabit
participant_status	CTDC-PARTICIPANT-631370	CTDC-PARTICIPANT-STATUS-869977	Alive, Disease Status Unknown	damnant_quod_non_intellegunt	No	PARTNER PREGNANCY	pace_tua
participant_status	CTDC-PARTICIPANT-155194	CTDC-PARTICIPANT-STATUS-531065	Alive with Disease	scientia_imperii_decus_et_tutamen	Unknown	WITHDRAWAL BY SUBJECT	haec_olim_meminisse_iuvabit
participant_status	CTDC-PARTICIPANT-341031	CTDC-PARTICIPANT-STATUS-319641	Alive, Disease Status Unknown	id_quod_plerumque_accidit	Yes	NEVER DOSED	Macte_animo_Generose_puer_sic_itur_ad_astra
participant_status	CTDC-PARTICIPANT-603503	CTDC-PARTICIPANT-STATUS-721230	Alive, Disease Status Unknown	imperium_in_imperio	Yes	WITHDRAWAL OF ASSENT	faber_est_suae_quisque_fortunae
participant_status	CTDC-PARTICIPANT-177817	CTDC-PARTICIPANT-STATUS-133152	Alive with Disease	pace_tua	No	DISEASE RELAPSE	e_causa_ignota
participant_status	CTDC-PARTICIPANT-899013	CTDC-PARTICIPANT-STATUS-661683	DEAD	scientiae_cedit_mare	Yes	PROTOCOL VIOLATION	cacatum_non_est_pictum
participant_status	CTDC-PARTICIPANT-959532	CTDC-PARTICIPANT-STATUS-539065	Alive with No Evidence of Disease	damnant_quod_non_intellegunt	Yes	NEVER DOSED	salus_in_arduis
participant_status	CTDC-PARTICIPANT-379481	CTDC-PARTICIPANT-STATUS-718751	Dead	imperium_in_imperio	Unknown	APPROVED DRUG AVAILABLE FOR INDICATION	nascentes_morimur_finisque_ab_origine_pendet
participant_status	CTDC-PARTICIPANT-112719	CTDC-PARTICIPANT-STATUS-178563	UNKNOWN	e_causa_ignota	No	SCREENING NOT COMPLETED	Macte_animo_Generose_puer_sic_itur_ad_astra
participant_status	CTDC-PARTICIPANT-855649	CTDC-PARTICIPANT-STATUS-994176	ALIVE	saltus_in_demonstrando	Yes	REQUIRES PROHIBITED MEDICATION	id_quod_plerumque_accidit
participant_status	CTDC-PARTICIPANT-340189	CTDC-PARTICIPANT-STATUS-146012	Dead	pace_tua	No	APPROVED DRUG AVAILABLE FOR INDICATION	Gallia_est_omnis_divisa_in_partes_tres
participant_status	CTDC-PARTICIPANT-975541	CTDC-PARTICIPANT-STATUS-846850	DEAD	e_causa_ignota	Unknown	RANDOMIZED BY MISTAKE	Gallia_est_omnis_divisa_in_partes_tres
