type	study.study_short_name	participant_id	biomarker_results_available	radiology_report_available	radiology_images_available	histology_images_available	crdc_id
participant	CTDC-STUDY-132885	CTDC-PARTICIPANT-940697	No	No	Unknown	No	scientia_imperii_decus_et_tutamen
participant	CTDC-STUDY-132885	CTDC-PARTICIPANT-295588	No	Unknown	Unknown	Yes	a_bene_placito
participant	CTDC-STUDY-132885	CTDC-PARTICIPANT-950265	Yes	No	No	Unknown	scientiae_et_patriae
participant	CTDC-STUDY-132885	CTDC-PARTICIPANT-831328	Yes	Yes	Yes	Unknown	Macte_animo_Generose_puer_sic_itur_ad_astra
participant	CTDC-STUDY-132885	CTDC-PARTICIPANT-719227	Unknown	Unknown	No	Unknown	labor_ipse_voluptas
participant	CTDC-STUDY-132885	CTDC-PARTICIPANT-528022	No	Unknown	Yes	Yes	scientia_imperii_decus_et_tutamen
participant	CTDC-STUDY-132885	CTDC-PARTICIPANT-100099	Unknown	Yes	Yes	Unknown	labor_ipse_voluptas
participant	CTDC-STUDY-132885	CTDC-PARTICIPANT-855147	Unknown	Yes	Unknown	No	damnant_quod_non_intellegunt
participant	CTDC-STUDY-132885	CTDC-PARTICIPANT-628469	No	Yes	No	No	scientia,_aere_perennius
participant	CTDC-STUDY-132885	CTDC-PARTICIPANT-635909	Yes	Yes	Yes	Yes	cacatum_non_est_pictum
participant	CTDC-STUDY-132885	CTDC-PARTICIPANT-735210	Yes	No	No	Unknown	barba_crescit_caput_nescit
participant	CTDC-STUDY-132885	CTDC-PARTICIPANT-716246	Yes	No	Yes	No	a_bene_placito
participant	CTDC-STUDY-132885	CTDC-PARTICIPANT-702973	Yes	Yes	Unknown	No	O_Tite_tute_Tati_tibi_tanta_tyranne_tulisti
participant	CTDC-STUDY-132885	CTDC-PARTICIPANT-808487	Unknown	No	Unknown	Yes	id_quod_plerumque_accidit
participant	CTDC-STUDY-132885	CTDC-PARTICIPANT-131113	No	Unknown	Unknown	Yes	scientiae_et_patriae
participant	CTDC-STUDY-132885	CTDC-PARTICIPANT-186856	Yes	Unknown	Yes	Unknown	scientia_imperii_decus_et_tutamen
participant	CTDC-STUDY-132885	CTDC-PARTICIPANT-178070	No	Yes	Yes	Yes	Obedientia_civium_urbis_felicitas
participant	CTDC-STUDY-132885	CTDC-PARTICIPANT-632761	Unknown	Unknown	No	No	cacatum_non_est_pictum
participant	CTDC-STUDY-132885	CTDC-PARTICIPANT-148295	No	Unknown	Yes	Unknown	faber_est_suae_quisque_fortunae
participant	CTDC-STUDY-132885	CTDC-PARTICIPANT-210035	Unknown	Yes	Yes	Yes	damnant_quod_non_intellegunt
participant	CTDC-STUDY-132885	CTDC-PARTICIPANT-314035	Unknown	Yes	No	No	sapiens_qui_prospicit
participant	CTDC-STUDY-132885	CTDC-PARTICIPANT-959772	Unknown	Unknown	Unknown	Unknown	nascentes_morimur_finisque_ab_origine_pendet
participant	CTDC-STUDY-132885	CTDC-PARTICIPANT-531425	No	Unknown	Yes	Unknown	nanos_gigantum_humeris_insidentes
participant	CTDC-STUDY-132885	CTDC-PARTICIPANT-801713	No	Unknown	Yes	No	saltus_in_demonstrando
participant	CTDC-STUDY-132885	CTDC-PARTICIPANT-515074	Unknown	Unknown	No	Yes	Gallia_est_omnis_divisa_in_partes_tres
participant	CTDC-STUDY-132885	CTDC-PARTICIPANT-720549	No	Unknown	Yes	Yes	scientia_et_sapientia
participant	CTDC-STUDY-132885	CTDC-PARTICIPANT-293581	No	Yes	No	Unknown	labor_ipse_voluptas
participant	CTDC-STUDY-132885	CTDC-PARTICIPANT-746931	No	No	No	Yes	e_causa_ignota
participant	CTDC-STUDY-132885	CTDC-PARTICIPANT-920877	No	Yes	No	Unknown	labor_ipse_voluptas
participant	CTDC-STUDY-132885	CTDC-PARTICIPANT-775344	Yes	Unknown	Yes	No	Macte_animo_Generose_puer_sic_itur_ad_astra
participant	CTDC-STUDY-132885	CTDC-PARTICIPANT-192505	Yes	No	Yes	Unknown	cacatum_non_est_pictum
participant	CTDC-STUDY-132885	CTDC-PARTICIPANT-908756	Yes	Yes	No	Unknown	faber_est_suae_quisque_fortunae
participant	CTDC-STUDY-132885	CTDC-PARTICIPANT-464092	No	Yes	No	Unknown	haec_olim_meminisse_iuvabit
participant	CTDC-STUDY-132885	CTDC-PARTICIPANT-811159	Yes	Unknown	Yes	Yes	imperium_in_imperio
participant	CTDC-STUDY-132885	CTDC-PARTICIPANT-398389	No	Yes	Yes	Yes	salus_in_arduis
participant	CTDC-STUDY-132885	CTDC-PARTICIPANT-848512	Yes	No	Unknown	Unknown	imperium_in_imperio
participant	CTDC-STUDY-132885	CTDC-PARTICIPANT-599371	No	Yes	No	Yes	sapiens_qui_prospicit
participant	CTDC-STUDY-132885	CTDC-PARTICIPANT-855609	Yes	No	No	No	scientia_imperii_decus_et_tutamen
participant	CTDC-STUDY-132885	CTDC-PARTICIPANT-879618	No	Unknown	No	No	barba_crescit_caput_nescit
participant	CTDC-STUDY-132885	CTDC-PARTICIPANT-683664	No	Unknown	No	Yes	faber_est_suae_quisque_fortunae
participant	CTDC-STUDY-132885	CTDC-PARTICIPANT-772356	Yes	Unknown	Unknown	No	scientia,_aere_perennius
participant	CTDC-STUDY-132885	CTDC-PARTICIPANT-641762	Unknown	No	Yes	Yes	nanos_gigantum_humeris_insidentes
participant	CTDC-STUDY-132885	CTDC-PARTICIPANT-357366	No	Yes	Unknown	Yes	cacatum_non_est_pictum
participant	CTDC-STUDY-132885	CTDC-PARTICIPANT-395458	Unknown	Yes	Yes	No	a_bene_placito
participant	CTDC-STUDY-132885	CTDC-PARTICIPANT-237017	Unknown	No	Yes	Unknown	sapiens_qui_prospicit
participant	CTDC-STUDY-132885	CTDC-PARTICIPANT-423015	Unknown	No	Unknown	Yes	salus_in_arduis
participant	CTDC-STUDY-132885	CTDC-PARTICIPANT-622116	No	No	No	No	id_quod_plerumque_accidit
participant	CTDC-STUDY-132885	CTDC-PARTICIPANT-854884	Yes	Unknown	No	Yes	a_bene_placito
participant	CTDC-STUDY-132885	CTDC-PARTICIPANT-593514	Unknown	No	Unknown	Yes	scientiae_cedit_mare
participant	CTDC-STUDY-132885	CTDC-PARTICIPANT-456506	No	Unknown	Unknown	Unknown	scientiae_et_patriae
participant	CTDC-STUDY-132885	CTDC-PARTICIPANT-311363	Yes	Yes	Unknown	Yes	id_quod_plerumque_accidit
participant	CTDC-STUDY-132885	CTDC-PARTICIPANT-299574	No	No	Unknown	Unknown	e_causa_ignota
participant	CTDC-STUDY-132885	CTDC-PARTICIPANT-864568	Unknown	No	Yes	Yes	sapiens_qui_prospicit
participant	CTDC-STUDY-132885	CTDC-PARTICIPANT-969646	No	No	Yes	Unknown	scientia_et_sapientia
participant	CTDC-STUDY-132885	CTDC-PARTICIPANT-824899	Unknown	No	Unknown	Yes	pace_tua
participant	CTDC-STUDY-132885	CTDC-PARTICIPANT-624334	No	No	Unknown	Unknown	barba_crescit_caput_nescit
participant	CTDC-STUDY-132885	CTDC-PARTICIPANT-907836	Yes	No	No	No	scientiae_cedit_mare
participant	CTDC-STUDY-132885	CTDC-PARTICIPANT-380189	Unknown	No	Unknown	Unknown	Obedientia_civium_urbis_felicitas
participant	CTDC-STUDY-132885	CTDC-PARTICIPANT-255931	No	Yes	Unknown	Unknown	faber_est_suae_quisque_fortunae
participant	CTDC-STUDY-132885	CTDC-PARTICIPANT-713074	Unknown	Unknown	Unknown	Yes	scientia_et_sapientia
participant	CTDC-STUDY-132885	CTDC-PARTICIPANT-592777	Yes	No	No	No	scientia,_aere_perennius
participant	CTDC-STUDY-132885	CTDC-PARTICIPANT-759167	No	No	Yes	Unknown	salus_in_arduis
participant	CTDC-STUDY-132885	CTDC-PARTICIPANT-162429	Yes	No	Unknown	Yes	haec_olim_meminisse_iuvabit
participant	CTDC-STUDY-132885	CTDC-PARTICIPANT-624958	No	Yes	Unknown	Yes	damnant_quod_non_intellegunt
participant	CTDC-STUDY-132885	CTDC-PARTICIPANT-445241	Yes	Yes	No	Yes	haec_olim_meminisse_iuvabit
participant	CTDC-STUDY-132885	CTDC-PARTICIPANT-226801	No	Unknown	Yes	Unknown	scientia_et_sapientia
participant	CTDC-STUDY-132885	CTDC-PARTICIPANT-800101	Unknown	Unknown	No	No	pace_tua
participant	CTDC-STUDY-132885	CTDC-PARTICIPANT-489962	Unknown	Yes	Yes	No	cacatum_non_est_pictum
participant	CTDC-STUDY-132885	CTDC-PARTICIPANT-617402	No	Yes	Yes	Unknown	scientia_imperii_decus_et_tutamen
participant	CTDC-STUDY-132885	CTDC-PARTICIPANT-934170	Unknown	Unknown	Unknown	Yes	e_causa_ignota
participant	CTDC-STUDY-132885	CTDC-PARTICIPANT-930739	Unknown	Yes	No	Yes	cacatum_non_est_pictum
participant	CTDC-STUDY-132885	CTDC-PARTICIPANT-785668	Unknown	Unknown	Yes	No	haec_olim_meminisse_iuvabit
participant	CTDC-STUDY-132885	CTDC-PARTICIPANT-400918	Yes	Unknown	Yes	No	scientia,_aere_perennius
participant	CTDC-STUDY-132885	CTDC-PARTICIPANT-531009	Unknown	No	No	No	nanos_gigantum_humeris_insidentes
participant	CTDC-STUDY-132885	CTDC-PARTICIPANT-165601	Yes	Yes	Yes	Yes	sapiens_qui_prospicit
participant	CTDC-STUDY-132885	CTDC-PARTICIPANT-551570	Unknown	Unknown	Unknown	Yes	scientia,_aere_perennius
participant	CTDC-STUDY-132885	CTDC-PARTICIPANT-175162	No	No	No	Unknown	scientia_et_labor
participant	CTDC-STUDY-132885	CTDC-PARTICIPANT-115872	Yes	Unknown	Yes	No	nascentes_morimur_finisque_ab_origine_pendet
participant	CTDC-STUDY-132885	CTDC-PARTICIPANT-480277	Yes	No	Yes	No	nanos_gigantum_humeris_insidentes
participant	CTDC-STUDY-132885	CTDC-PARTICIPANT-304492	Unknown	Yes	Unknown	No	labor_ipse_voluptas
participant	CTDC-STUDY-132885	CTDC-PARTICIPANT-780147	No	Yes	No	Yes	scientia_imperii_decus_et_tutamen
participant	CTDC-STUDY-132885	CTDC-PARTICIPANT-155733	Unknown	Unknown	Yes	Unknown	labor_ipse_voluptas
participant	CTDC-STUDY-132885	CTDC-PARTICIPANT-610906	Unknown	Unknown	Yes	Yes	Obedientia_civium_urbis_felicitas
participant	CTDC-STUDY-132885	CTDC-PARTICIPANT-132570	No	No	No	Unknown	salus_in_arduis
participant	CTDC-STUDY-132885	CTDC-PARTICIPANT-387859	Unknown	No	No	Yes	cacatum_non_est_pictum
participant	CTDC-STUDY-132885	CTDC-PARTICIPANT-554515	No	Unknown	Unknown	Yes	scientia_imperii_decus_et_tutamen
participant	CTDC-STUDY-132885	CTDC-PARTICIPANT-813717	Unknown	No	No	Unknown	pace_tua
participant	CTDC-STUDY-132885	CTDC-PARTICIPANT-829393	Yes	No	Unknown	Unknown	damnant_quod_non_intellegunt
participant	CTDC-STUDY-132885	CTDC-PARTICIPANT-140828	No	No	Yes	Unknown	Gallia_est_omnis_divisa_in_partes_tres
participant	CTDC-STUDY-132885	CTDC-PARTICIPANT-153996	Yes	Yes	Yes	No	imperium_in_imperio
participant	CTDC-STUDY-132885	CTDC-PARTICIPANT-157188	Yes	Yes	Yes	No	Macte_animo_Generose_puer_sic_itur_ad_astra
participant	CTDC-STUDY-132885	CTDC-PARTICIPANT-731202	No	Unknown	Unknown	Unknown	a_bene_placito
participant	CTDC-STUDY-132885	CTDC-PARTICIPANT-541762	Unknown	No	No	Yes	saltus_in_demonstrando
participant	CTDC-STUDY-132885	CTDC-PARTICIPANT-986899	Yes	Unknown	Unknown	No	O_Tite_tute_Tati_tibi_tanta_tyranne_tulisti
participant	CTDC-STUDY-132885	CTDC-PARTICIPANT-896676	No	No	No	Yes	e_causa_ignota
participant	CTDC-STUDY-132885	CTDC-PARTICIPANT-617856	No	Yes	No	Yes	salus_in_arduis
participant	CTDC-STUDY-132885	CTDC-PARTICIPANT-100150	No	No	No	No	imperium_in_imperio
participant	CTDC-STUDY-132885	CTDC-PARTICIPANT-489929	No	Unknown	Unknown	No	imperium_in_imperio
participant	CTDC-STUDY-132885	CTDC-PARTICIPANT-149982	Yes	Yes	Yes	Yes	O_Tite_tute_Tati_tibi_tanta_tyranne_tulisti
participant	CTDC-STUDY-132885	CTDC-PARTICIPANT-444431	Yes	Yes	Yes	Unknown	barba_crescit_caput_nescit
participant	CTDC-STUDY-132885	CTDC-PARTICIPANT-348498	Yes	Yes	Yes	Yes	imperium_in_imperio
participant	CTDC-STUDY-132885	CTDC-PARTICIPANT-151782	No	No	Unknown	No	pace_tua
participant	CTDC-STUDY-132885	CTDC-PARTICIPANT-570580	Yes	Unknown	Yes	Unknown	scientia_et_labor
participant	CTDC-STUDY-132885	CTDC-PARTICIPANT-322080	Unknown	Yes	No	Unknown	saltus_in_demonstrando
participant	CTDC-STUDY-132885	CTDC-PARTICIPANT-696969	Unknown	No	Unknown	No	haec_olim_meminisse_iuvabit
participant	CTDC-STUDY-132885	CTDC-PARTICIPANT-104574	Yes	Unknown	No	Yes	imperium_in_imperio
participant	CTDC-STUDY-132885	CTDC-PARTICIPANT-521195	No	No	Yes	No	scientia_imperii_decus_et_tutamen
participant	CTDC-STUDY-132885	CTDC-PARTICIPANT-718725	No	Unknown	Unknown	No	nanos_gigantum_humeris_insidentes
participant	CTDC-STUDY-132885	CTDC-PARTICIPANT-801137	Yes	Yes	Yes	Unknown	scientiae_cedit_mare
participant	CTDC-STUDY-132885	CTDC-PARTICIPANT-602888	Unknown	No	Yes	No	saltus_in_demonstrando
participant	CTDC-STUDY-132885	CTDC-PARTICIPANT-585644	Unknown	Yes	Yes	Yes	id_quod_plerumque_accidit
participant	CTDC-STUDY-132885	CTDC-PARTICIPANT-923159	Yes	Yes	Unknown	Yes	scientia_et_labor
participant	CTDC-STUDY-132885	CTDC-PARTICIPANT-796918	Yes	Yes	Unknown	Unknown	scientia,_aere_perennius
participant	CTDC-STUDY-132885	CTDC-PARTICIPANT-646131	No	No	Unknown	No	Macte_animo_Generose_puer_sic_itur_ad_astra
participant	CTDC-STUDY-132885	CTDC-PARTICIPANT-965448	Yes	Unknown	No	No	haec_olim_meminisse_iuvabit
participant	CTDC-STUDY-132885	CTDC-PARTICIPANT-830794	Yes	Yes	Yes	No	nascentes_morimur_finisque_ab_origine_pendet
participant	CTDC-STUDY-132885	CTDC-PARTICIPANT-405569	No	Unknown	No	Unknown	nascentes_morimur_finisque_ab_origine_pendet
participant	CTDC-STUDY-132885	CTDC-PARTICIPANT-389280	Unknown	Yes	Unknown	Yes	barba_crescit_caput_nescit
participant	CTDC-STUDY-132885	CTDC-PARTICIPANT-415492	Yes	No	Yes	Unknown	nanos_gigantum_humeris_insidentes
participant	CTDC-STUDY-132885	CTDC-PARTICIPANT-450156	Unknown	Unknown	Yes	Yes	id_quod_plerumque_accidit
participant	CTDC-STUDY-132885	CTDC-PARTICIPANT-842600	Unknown	No	Yes	Unknown	nascentes_morimur_finisque_ab_origine_pendet
participant	CTDC-STUDY-132885	CTDC-PARTICIPANT-804006	No	Unknown	Unknown	No	haec_olim_meminisse_iuvabit
participant	CTDC-STUDY-132885	CTDC-PARTICIPANT-794571	Yes	Yes	Yes	Unknown	scientia_et_sapientia
participant	CTDC-STUDY-132885	CTDC-PARTICIPANT-912680	No	No	Unknown	Unknown	e_causa_ignota
participant	CTDC-STUDY-132885	CTDC-PARTICIPANT-260687	Yes	No	No	Yes	O_Tite_tute_Tati_tibi_tanta_tyranne_tulisti
participant	CTDC-STUDY-132885	CTDC-PARTICIPANT-513003	No	Unknown	Yes	Yes	labor_ipse_voluptas
participant	CTDC-STUDY-132885	CTDC-PARTICIPANT-985753	No	Unknown	Yes	Yes	scientia_imperii_decus_et_tutamen
participant	CTDC-STUDY-132885	CTDC-PARTICIPANT-576238	No	Yes	Unknown	Yes	Macte_animo_Generose_puer_sic_itur_ad_astra
participant	CTDC-STUDY-132885	CTDC-PARTICIPANT-538281	No	No	Unknown	No	id_quod_plerumque_accidit
participant	CTDC-STUDY-132885	CTDC-PARTICIPANT-567163	Yes	Unknown	Yes	Unknown	id_quod_plerumque_accidit
participant	CTDC-STUDY-132885	CTDC-PARTICIPANT-375688	No	Yes	Yes	Yes	id_quod_plerumque_accidit
participant	CTDC-STUDY-132885	CTDC-PARTICIPANT-842152	Unknown	Yes	Yes	Unknown	id_quod_plerumque_accidit
participant	CTDC-STUDY-132885	CTDC-PARTICIPANT-100029	Yes	No	No	Unknown	faber_est_suae_quisque_fortunae
participant	CTDC-STUDY-132885	CTDC-PARTICIPANT-141020	Yes	No	Yes	Unknown	Gallia_est_omnis_divisa_in_partes_tres
participant	CTDC-STUDY-132885	CTDC-PARTICIPANT-380809	Yes	Yes	Unknown	No	imperium_in_imperio
participant	CTDC-STUDY-132885	CTDC-PARTICIPANT-756502	Unknown	Yes	No	Unknown	scientia_et_sapientia
participant	CTDC-STUDY-132885	CTDC-PARTICIPANT-616347	Unknown	Yes	No	No	O_Tite_tute_Tati_tibi_tanta_tyranne_tulisti
participant	CTDC-STUDY-132885	CTDC-PARTICIPANT-631268	Yes	Unknown	Yes	No	Gallia_est_omnis_divisa_in_partes_tres
participant	CTDC-STUDY-132885	CTDC-PARTICIPANT-683397	Unknown	Yes	Unknown	Yes	damnant_quod_non_intellegunt
participant	CTDC-STUDY-132885	CTDC-PARTICIPANT-870495	Unknown	Yes	Unknown	Yes	imperium_in_imperio
participant	CTDC-STUDY-132885	CTDC-PARTICIPANT-169247	Yes	No	Yes	Yes	e_causa_ignota
participant	CTDC-STUDY-132885	CTDC-PARTICIPANT-242464	Yes	Yes	No	Unknown	barba_crescit_caput_nescit
participant	CTDC-STUDY-132885	CTDC-PARTICIPANT-653360	Unknown	No	No	Yes	labor_ipse_voluptas
participant	CTDC-STUDY-132885	CTDC-PARTICIPANT-643257	Yes	Unknown	Unknown	Unknown	scientiae_et_patriae
participant	CTDC-STUDY-132885	CTDC-PARTICIPANT-516787	Yes	No	Yes	Unknown	sapiens_qui_prospicit
participant	CTDC-STUDY-132885	CTDC-PARTICIPANT-152632	No	Unknown	Unknown	Unknown	id_quod_plerumque_accidit
participant	CTDC-STUDY-132885	CTDC-PARTICIPANT-110623	No	No	Yes	No	pace_tua
participant	CTDC-STUDY-132885	CTDC-PARTICIPANT-681780	Unknown	No	No	Unknown	damnant_quod_non_intellegunt
participant	CTDC-STUDY-132885	CTDC-PARTICIPANT-913252	Unknown	Unknown	Unknown	No	scientiae_cedit_mare
participant	CTDC-STUDY-132885	CTDC-PARTICIPANT-958510	No	Yes	Yes	No	imperium_in_imperio
