type	study.study_short_name	participant_id	biomarker_results_available	radiology_report_available	radiology_images_available	histology_images_available	crdc_id
participant	CTDC-STUDY-419400	CTDC-PARTICIPANT-960708	No	Yes	No	Unknown	e_causa_ignota
participant	CTDC-STUDY-419400	CTDC-PARTICIPANT-810342	No	No	No	Yes	cacatum_non_est_pictum
participant	CTDC-STUDY-419400	CTDC-PARTICIPANT-583157	Yes	No	No	Yes	Macte_animo_Generose_puer_sic_itur_ad_astra
participant	CTDC-STUDY-419400	CTDC-PARTICIPANT-530961	No	No	Yes	No	imperium_in_imperio
participant	CTDC-STUDY-419400	CTDC-PARTICIPANT-850736	Yes	No	No	Unknown	saltus_in_demonstrando
participant	CTDC-STUDY-419400	CTDC-PARTICIPANT-814196	Yes	No	Yes	Unknown	e_causa_ignota
participant	CTDC-STUDY-419400	CTDC-PARTICIPANT-647360	No	Unknown	Yes	Unknown	labor_ipse_voluptas
participant	CTDC-STUDY-419400	CTDC-PARTICIPANT-759740	Yes	No	Yes	No	salus_in_arduis
participant	CTDC-STUDY-419400	CTDC-PARTICIPANT-484356	No	No	No	No	salus_in_arduis
participant	CTDC-STUDY-419400	CTDC-PARTICIPANT-516276	Unknown	Yes	Yes	Yes	barba_crescit_caput_nescit
participant	CTDC-STUDY-419400	CTDC-PARTICIPANT-829112	Unknown	No	Yes	Unknown	haec_olim_meminisse_iuvabit
participant	CTDC-STUDY-419400	CTDC-PARTICIPANT-787394	No	Yes	Yes	Yes	scientiae_et_patriae
participant	CTDC-STUDY-419400	CTDC-PARTICIPANT-519553	No	Unknown	No	Yes	scientia_et_sapientia
participant	CTDC-STUDY-419400	CTDC-PARTICIPANT-518532	Unknown	Yes	Yes	No	scientiae_et_patriae
participant	CTDC-STUDY-419400	CTDC-PARTICIPANT-880160	Yes	No	Unknown	Unknown	nascentes_morimur_finisque_ab_origine_pendet
participant	CTDC-STUDY-419400	CTDC-PARTICIPANT-124743	Yes	Unknown	No	Unknown	haec_olim_meminisse_iuvabit
participant	CTDC-STUDY-419400	CTDC-PARTICIPANT-467907	No	Unknown	No	Unknown	cacatum_non_est_pictum
participant	CTDC-STUDY-419400	CTDC-PARTICIPANT-497352	No	Yes	Unknown	Yes	salus_in_arduis
participant	CTDC-STUDY-419400	CTDC-PARTICIPANT-203531	Unknown	Yes	Unknown	Unknown	e_causa_ignota
participant	CTDC-STUDY-419400	CTDC-PARTICIPANT-800361	No	Unknown	No	No	Obedientia_civium_urbis_felicitas
participant	CTDC-STUDY-419400	CTDC-PARTICIPANT-308222	Unknown	No	No	No	labor_ipse_voluptas
participant	CTDC-STUDY-419400	CTDC-PARTICIPANT-740219	Yes	No	Unknown	No	Gallia_est_omnis_divisa_in_partes_tres
participant	CTDC-STUDY-419400	CTDC-PARTICIPANT-581555	Unknown	Unknown	Yes	Yes	nanos_gigantum_humeris_insidentes
participant	CTDC-STUDY-419400	CTDC-PARTICIPANT-619348	No	Yes	No	No	scientia_et_sapientia
participant	CTDC-STUDY-419400	CTDC-PARTICIPANT-590338	No	No	No	Yes	haec_olim_meminisse_iuvabit
participant	CTDC-STUDY-419400	CTDC-PARTICIPANT-401883	No	Yes	Yes	Yes	scientia_imperii_decus_et_tutamen
participant	CTDC-STUDY-419400	CTDC-PARTICIPANT-985699	Yes	No	Unknown	Unknown	nascentes_morimur_finisque_ab_origine_pendet
participant	CTDC-STUDY-419400	CTDC-PARTICIPANT-792418	Unknown	No	Yes	No	pace_tua
participant	CTDC-STUDY-419400	CTDC-PARTICIPANT-266079	Yes	Unknown	Yes	Yes	scientiae_et_patriae
participant	CTDC-STUDY-419400	CTDC-PARTICIPANT-192657	Yes	No	No	Yes	scientiae_cedit_mare
participant	CTDC-STUDY-419400	CTDC-PARTICIPANT-144230	Yes	No	Unknown	No	scientia_et_sapientia
participant	CTDC-STUDY-419400	CTDC-PARTICIPANT-597514	Unknown	No	Unknown	Yes	scientiae_et_patriae
participant	CTDC-STUDY-419400	CTDC-PARTICIPANT-944958	Yes	Yes	Yes	No	haec_olim_meminisse_iuvabit
participant	CTDC-STUDY-419400	CTDC-PARTICIPANT-816799	No	Unknown	No	Unknown	O_Tite_tute_Tati_tibi_tanta_tyranne_tulisti
participant	CTDC-STUDY-419400	CTDC-PARTICIPANT-427353	Unknown	No	No	Yes	scientia_et_labor
participant	CTDC-STUDY-419400	CTDC-PARTICIPANT-666363	Unknown	Unknown	Unknown	Unknown	nascentes_morimur_finisque_ab_origine_pendet
participant	CTDC-STUDY-419400	CTDC-PARTICIPANT-453769	Yes	Unknown	Unknown	Yes	salus_in_arduis
participant	CTDC-STUDY-419400	CTDC-PARTICIPANT-683865	Yes	Unknown	Yes	Unknown	imperium_in_imperio
participant	CTDC-STUDY-419400	CTDC-PARTICIPANT-948764	Unknown	Unknown	Yes	Unknown	sapiens_qui_prospicit
participant	CTDC-STUDY-419400	CTDC-PARTICIPANT-820824	Unknown	Unknown	Yes	Yes	O_Tite_tute_Tati_tibi_tanta_tyranne_tulisti
participant	CTDC-STUDY-419400	CTDC-PARTICIPANT-885131	Unknown	Yes	Unknown	Yes	sapiens_qui_prospicit
participant	CTDC-STUDY-419400	CTDC-PARTICIPANT-528817	No	Unknown	Yes	Yes	saltus_in_demonstrando
participant	CTDC-STUDY-419400	CTDC-PARTICIPANT-871816	Unknown	Yes	Yes	No	faber_est_suae_quisque_fortunae
participant	CTDC-STUDY-419400	CTDC-PARTICIPANT-335968	Unknown	Unknown	No	No	e_causa_ignota
participant	CTDC-STUDY-419400	CTDC-PARTICIPANT-786293	No	Yes	Yes	Unknown	a_bene_placito
participant	CTDC-STUDY-419400	CTDC-PARTICIPANT-760603	Unknown	Yes	Unknown	Unknown	scientia_et_sapientia
participant	CTDC-STUDY-419400	CTDC-PARTICIPANT-425067	Yes	No	Yes	Yes	id_quod_plerumque_accidit
participant	CTDC-STUDY-419400	CTDC-PARTICIPANT-752934	No	Yes	Yes	Yes	nascentes_morimur_finisque_ab_origine_pendet
participant	CTDC-STUDY-419400	CTDC-PARTICIPANT-145212	Yes	Unknown	Unknown	Yes	scientiae_cedit_mare
participant	CTDC-STUDY-419400	CTDC-PARTICIPANT-540765	Yes	Yes	Yes	Yes	Macte_animo_Generose_puer_sic_itur_ad_astra
participant	CTDC-STUDY-419400	CTDC-PARTICIPANT-319499	No	Unknown	Unknown	Yes	scientiae_cedit_mare
participant	CTDC-STUDY-419400	CTDC-PARTICIPANT-774829	No	Yes	Unknown	Unknown	faber_est_suae_quisque_fortunae
participant	CTDC-STUDY-419400	CTDC-PARTICIPANT-480821	Unknown	No	Unknown	No	cacatum_non_est_pictum
participant	CTDC-STUDY-419400	CTDC-PARTICIPANT-394131	Unknown	No	Yes	No	Obedientia_civium_urbis_felicitas
participant	CTDC-STUDY-419400	CTDC-PARTICIPANT-759563	Yes	Yes	No	Yes	saltus_in_demonstrando
participant	CTDC-STUDY-419400	CTDC-PARTICIPANT-209399	Unknown	Yes	No	No	sapiens_qui_prospicit
participant	CTDC-STUDY-419400	CTDC-PARTICIPANT-413676	Unknown	Unknown	Unknown	Yes	scientia_imperii_decus_et_tutamen
participant	CTDC-STUDY-419400	CTDC-PARTICIPANT-685893	Unknown	Unknown	Yes	Yes	pace_tua
participant	CTDC-STUDY-419400	CTDC-PARTICIPANT-992791	Unknown	Yes	Unknown	No	Macte_animo_Generose_puer_sic_itur_ad_astra
participant	CTDC-STUDY-419400	CTDC-PARTICIPANT-577730	Unknown	Yes	Unknown	No	pace_tua
participant	CTDC-STUDY-419400	CTDC-PARTICIPANT-894286	Unknown	Unknown	No	No	imperium_in_imperio
participant	CTDC-STUDY-419400	CTDC-PARTICIPANT-350158	Yes	Unknown	No	Unknown	faber_est_suae_quisque_fortunae
participant	CTDC-STUDY-419400	CTDC-PARTICIPANT-773950	No	Yes	No	No	pace_tua
participant	CTDC-STUDY-419400	CTDC-PARTICIPANT-491036	Unknown	No	Unknown	Unknown	scientia_et_labor
participant	CTDC-STUDY-419400	CTDC-PARTICIPANT-438205	Unknown	No	Unknown	No	nanos_gigantum_humeris_insidentes
participant	CTDC-STUDY-419400	CTDC-PARTICIPANT-884933	Yes	No	Yes	No	labor_ipse_voluptas
participant	CTDC-STUDY-419400	CTDC-PARTICIPANT-491713	Yes	No	No	No	labor_ipse_voluptas
participant	CTDC-STUDY-419400	CTDC-PARTICIPANT-683181	No	No	Unknown	Yes	saltus_in_demonstrando
participant	CTDC-STUDY-419400	CTDC-PARTICIPANT-746829	No	No	Yes	No	barba_crescit_caput_nescit
participant	CTDC-STUDY-419400	CTDC-PARTICIPANT-802700	No	Unknown	Yes	No	O_Tite_tute_Tati_tibi_tanta_tyranne_tulisti
participant	CTDC-STUDY-419400	CTDC-PARTICIPANT-794777	No	Yes	Yes	No	scientia_et_sapientia
participant	CTDC-STUDY-419400	CTDC-PARTICIPANT-591902	Yes	Yes	Yes	Unknown	damnant_quod_non_intellegunt
participant	CTDC-STUDY-419400	CTDC-PARTICIPANT-925734	Yes	No	Yes	No	cacatum_non_est_pictum
participant	CTDC-STUDY-419400	CTDC-PARTICIPANT-880907	No	Yes	Unknown	No	imperium_in_imperio
participant	CTDC-STUDY-419400	CTDC-PARTICIPANT-174850	Unknown	No	No	Unknown	scientiae_et_patriae
participant	CTDC-STUDY-419400	CTDC-PARTICIPANT-448917	Unknown	No	Yes	Unknown	damnant_quod_non_intellegunt
participant	CTDC-STUDY-419400	CTDC-PARTICIPANT-838563	Unknown	No	Unknown	No	scientia,_aere_perennius
participant	CTDC-STUDY-419400	CTDC-PARTICIPANT-477248	Yes	No	Unknown	No	Obedientia_civium_urbis_felicitas
participant	CTDC-STUDY-419400	CTDC-PARTICIPANT-278550	Unknown	No	Yes	No	scientia_et_sapientia
participant	CTDC-STUDY-419400	CTDC-PARTICIPANT-834368	Unknown	Unknown	Yes	No	salus_in_arduis
participant	CTDC-STUDY-419400	CTDC-PARTICIPANT-416813	Unknown	Yes	No	Yes	pace_tua
participant	CTDC-STUDY-419400	CTDC-PARTICIPANT-600094	Unknown	Unknown	Yes	No	saltus_in_demonstrando
participant	CTDC-STUDY-419400	CTDC-PARTICIPANT-184656	No	Yes	Unknown	Yes	labor_ipse_voluptas
participant	CTDC-STUDY-419400	CTDC-PARTICIPANT-882193	Unknown	Unknown	Yes	Yes	scientia_imperii_decus_et_tutamen
participant	CTDC-STUDY-419400	CTDC-PARTICIPANT-757445	Yes	Yes	Unknown	Yes	Obedientia_civium_urbis_felicitas
participant	CTDC-STUDY-419400	CTDC-PARTICIPANT-275225	Yes	Unknown	Unknown	Yes	scientia_et_sapientia
participant	CTDC-STUDY-419400	CTDC-PARTICIPANT-675410	Unknown	No	Unknown	No	scientia,_aere_perennius
participant	CTDC-STUDY-419400	CTDC-PARTICIPANT-153386	No	No	No	Yes	saltus_in_demonstrando
participant	CTDC-STUDY-419400	CTDC-PARTICIPANT-795723	Unknown	Yes	No	Yes	scientia,_aere_perennius
participant	CTDC-STUDY-419400	CTDC-PARTICIPANT-106241	No	Yes	Unknown	Yes	pace_tua
participant	CTDC-STUDY-419400	CTDC-PARTICIPANT-618032	No	No	Unknown	Yes	barba_crescit_caput_nescit
participant	CTDC-STUDY-419400	CTDC-PARTICIPANT-952021	Unknown	Unknown	Yes	Yes	Obedientia_civium_urbis_felicitas
participant	CTDC-STUDY-419400	CTDC-PARTICIPANT-265527	Unknown	No	No	Unknown	nanos_gigantum_humeris_insidentes
participant	CTDC-STUDY-419400	CTDC-PARTICIPANT-788870	No	Yes	Yes	No	pace_tua
participant	CTDC-STUDY-419400	CTDC-PARTICIPANT-798627	No	Unknown	Unknown	Yes	a_bene_placito
participant	CTDC-STUDY-419400	CTDC-PARTICIPANT-658713	Yes	Yes	Unknown	Yes	labor_ipse_voluptas
participant	CTDC-STUDY-419400	CTDC-PARTICIPANT-133447	Yes	No	No	Unknown	Macte_animo_Generose_puer_sic_itur_ad_astra
participant	CTDC-STUDY-419400	CTDC-PARTICIPANT-173756	No	Unknown	Unknown	Unknown	damnant_quod_non_intellegunt
participant	CTDC-STUDY-419400	CTDC-PARTICIPANT-921347	Unknown	No	Yes	Yes	faber_est_suae_quisque_fortunae
participant	CTDC-STUDY-419400	CTDC-PARTICIPANT-860612	Unknown	No	No	No	faber_est_suae_quisque_fortunae
participant	CTDC-STUDY-419400	CTDC-PARTICIPANT-494879	No	Yes	Yes	Unknown	damnant_quod_non_intellegunt
participant	CTDC-STUDY-419400	CTDC-PARTICIPANT-965621	No	Yes	Yes	Unknown	labor_ipse_voluptas
participant	CTDC-STUDY-419400	CTDC-PARTICIPANT-570379	No	No	No	No	labor_ipse_voluptas
participant	CTDC-STUDY-419400	CTDC-PARTICIPANT-180230	No	Yes	Unknown	Unknown	a_bene_placito
participant	CTDC-STUDY-419400	CTDC-PARTICIPANT-511758	Unknown	No	Yes	Yes	salus_in_arduis
participant	CTDC-STUDY-419400	CTDC-PARTICIPANT-163373	Unknown	Unknown	Yes	Yes	scientiae_et_patriae
participant	CTDC-STUDY-419400	CTDC-PARTICIPANT-270040	Unknown	Yes	No	Unknown	haec_olim_meminisse_iuvabit
participant	CTDC-STUDY-419400	CTDC-PARTICIPANT-739935	No	No	No	No	scientia_et_labor
participant	CTDC-STUDY-419400	CTDC-PARTICIPANT-226937	No	Yes	Unknown	Unknown	scientia_et_sapientia
participant	CTDC-STUDY-419400	CTDC-PARTICIPANT-577976	No	Yes	Yes	Unknown	a_bene_placito
participant	CTDC-STUDY-419400	CTDC-PARTICIPANT-746621	Yes	Unknown	Yes	Yes	cacatum_non_est_pictum
participant	CTDC-STUDY-419400	CTDC-PARTICIPANT-861727	Yes	Yes	Unknown	Yes	imperium_in_imperio
participant	CTDC-STUDY-419400	CTDC-PARTICIPANT-832384	Yes	Unknown	No	Unknown	scientiae_cedit_mare
participant	CTDC-STUDY-419400	CTDC-PARTICIPANT-617340	Unknown	Unknown	Unknown	Unknown	imperium_in_imperio
participant	CTDC-STUDY-419400	CTDC-PARTICIPANT-264570	No	Yes	Unknown	Unknown	scientiae_et_patriae
participant	CTDC-STUDY-419400	CTDC-PARTICIPANT-479073	Unknown	No	Unknown	Unknown	nanos_gigantum_humeris_insidentes
participant	CTDC-STUDY-419400	CTDC-PARTICIPANT-272379	Unknown	Yes	Unknown	Unknown	scientiae_et_patriae
participant	CTDC-STUDY-419400	CTDC-PARTICIPANT-159766	Yes	No	Yes	Yes	scientia_et_sapientia
participant	CTDC-STUDY-419400	CTDC-PARTICIPANT-900914	No	No	Unknown	Yes	e_causa_ignota
participant	CTDC-STUDY-419400	CTDC-PARTICIPANT-152996	Unknown	No	Unknown	Unknown	saltus_in_demonstrando
participant	CTDC-STUDY-419400	CTDC-PARTICIPANT-981722	No	Yes	Unknown	Yes	faber_est_suae_quisque_fortunae
participant	CTDC-STUDY-419400	CTDC-PARTICIPANT-602554	No	Yes	Yes	No	id_quod_plerumque_accidit
participant	CTDC-STUDY-419400	CTDC-PARTICIPANT-868606	Yes	Yes	Yes	Yes	damnant_quod_non_intellegunt
participant	CTDC-STUDY-419400	CTDC-PARTICIPANT-785133	No	Unknown	Yes	Yes	haec_olim_meminisse_iuvabit
participant	CTDC-STUDY-419400	CTDC-PARTICIPANT-890456	Yes	No	Unknown	Yes	scientia_imperii_decus_et_tutamen
participant	CTDC-STUDY-419400	CTDC-PARTICIPANT-817505	Yes	Unknown	Yes	Yes	cacatum_non_est_pictum
participant	CTDC-STUDY-419400	CTDC-PARTICIPANT-190738	No	Unknown	Yes	Unknown	imperium_in_imperio
participant	CTDC-STUDY-419400	CTDC-PARTICIPANT-674814	No	Unknown	Unknown	Unknown	nascentes_morimur_finisque_ab_origine_pendet
participant	CTDC-STUDY-419400	CTDC-PARTICIPANT-342957	No	No	Yes	Unknown	nanos_gigantum_humeris_insidentes
participant	CTDC-STUDY-419400	CTDC-PARTICIPANT-347791	Yes	Unknown	No	Yes	O_Tite_tute_Tati_tibi_tanta_tyranne_tulisti
participant	CTDC-STUDY-419400	CTDC-PARTICIPANT-392530	No	Unknown	No	Yes	e_causa_ignota
participant	CTDC-STUDY-419400	CTDC-PARTICIPANT-550915	Yes	No	Unknown	Unknown	labor_ipse_voluptas
participant	CTDC-STUDY-419400	CTDC-PARTICIPANT-679388	Yes	Yes	Unknown	No	scientia,_aere_perennius
participant	CTDC-STUDY-419400	CTDC-PARTICIPANT-709985	Yes	Unknown	No	Unknown	scientia_et_labor
participant	CTDC-STUDY-419400	CTDC-PARTICIPANT-885820	Yes	Unknown	Yes	Unknown	scientia_imperii_decus_et_tutamen
participant	CTDC-STUDY-419400	CTDC-PARTICIPANT-922338	No	Unknown	Yes	Unknown	O_Tite_tute_Tati_tibi_tanta_tyranne_tulisti
participant	CTDC-STUDY-419400	CTDC-PARTICIPANT-425783	No	Unknown	Yes	Unknown	damnant_quod_non_intellegunt
participant	CTDC-STUDY-419400	CTDC-PARTICIPANT-480421	No	Yes	No	Yes	id_quod_plerumque_accidit
participant	CTDC-STUDY-419400	CTDC-PARTICIPANT-114522	No	No	No	Yes	Obedientia_civium_urbis_felicitas
participant	CTDC-STUDY-419400	CTDC-PARTICIPANT-180628	Unknown	Unknown	Unknown	No	haec_olim_meminisse_iuvabit
participant	CTDC-STUDY-419400	CTDC-PARTICIPANT-598494	No	Yes	No	Unknown	cacatum_non_est_pictum
participant	CTDC-STUDY-419400	CTDC-PARTICIPANT-481358	No	Unknown	Yes	Yes	saltus_in_demonstrando
participant	CTDC-STUDY-419400	CTDC-PARTICIPANT-649208	No	No	No	Unknown	a_bene_placito
participant	CTDC-STUDY-419400	CTDC-PARTICIPANT-494080	No	No	Yes	Yes	scientiae_cedit_mare
participant	CTDC-STUDY-419400	CTDC-PARTICIPANT-725519	No	No	No	No	id_quod_plerumque_accidit
participant	CTDC-STUDY-419400	CTDC-PARTICIPANT-456992	Unknown	Yes	No	No	scientia,_aere_perennius
participant	CTDC-STUDY-419400	CTDC-PARTICIPANT-998777	Unknown	No	Unknown	Unknown	scientiae_et_patriae
participant	CTDC-STUDY-419400	CTDC-PARTICIPANT-885168	Yes	Unknown	Yes	No	labor_ipse_voluptas
participant	CTDC-STUDY-419400	CTDC-PARTICIPANT-609434	No	Yes	No	No	pace_tua
participant	CTDC-STUDY-419400	CTDC-PARTICIPANT-990968	No	Unknown	Unknown	No	scientia_et_labor
