type	participant.participant_id	participant_status_record_id	survival_status	primary_cause_of_death	off_study	off_study_reason	crdc_id
participant_status	CTDC-PARTICIPANT-960708	CTDC-PARTICIPANT-STATUS-717466	UNKNOWN	labor_ipse_voluptas	Unknown	RECOVERY	e_causa_ignota
participant_status	CTDC-PARTICIPANT-810342	CTDC-PARTICIPANT-STATUS-456372	Alive with No Evidence of Disease	scientia_imperii_decus_et_tutamen	Unknown	DISEASE RELAPSE	scientiae_et_patriae
participant_status	CTDC-PARTICIPANT-583157	CTDC-PARTICIPANT-STATUS-754198	UNKNOWN	scientiae_cedit_mare	No	PROGRESSIVE DISEASE	scientia_et_sapientia
participant_status	CTDC-PARTICIPANT-530961	CTDC-PARTICIPANT-STATUS-679002	Alive with No Evidence of Disease	nascentes_morimur_finisque_ab_origine_pendet	Yes	DISEASE RELAPSE	imperium_in_imperio
participant_status	CTDC-PARTICIPANT-850736	CTDC-PARTICIPANT-STATUS-357891	Alive with Disease	scientiae_et_patriae	No	RANDOMIZED BY MISTAKE	scientiae_cedit_mare
participant_status	CTDC-PARTICIPANT-814196	CTDC-PARTICIPANT-STATUS-720506	ALIVE	O_Tite_tute_Tati_tibi_tanta_tyranne_tulisti	Yes	RANDOMIZED BY MISTAKE WITH STUDY TREATMENT	scientia_imperii_decus_et_tutamen
participant_status	CTDC-PARTICIPANT-647360	CTDC-PARTICIPANT-STATUS-616478	Alive with Disease	scientia_et_labor	No	STUDY TERMINATED BY SPONSOR	Gallia_est_omnis_divisa_in_partes_tres
participant_status	CTDC-PARTICIPANT-759740	CTDC-PARTICIPANT-STATUS-541511	Alive with No Evidence of Disease	imperium_in_imperio	No	STUDY TERMINATED BY SPONSOR	haec_olim_meminisse_iuvabit
participant_status	CTDC-PARTICIPANT-484356	CTDC-PARTICIPANT-STATUS-836312	Alive, Disease Status Unknown	Gallia_est_omnis_divisa_in_partes_tres	Yes	APPROVED DRUG AVAILABLE FOR INDICATION	Macte_animo_Generose_puer_sic_itur_ad_astra
participant_status	CTDC-PARTICIPANT-516276	CTDC-PARTICIPANT-STATUS-131201	Alive with Disease	cacatum_non_est_pictum	Unknown	SITE TERMINATED BY SPONSOR	nascentes_morimur_finisque_ab_origine_pendet
participant_status	CTDC-PARTICIPANT-829112	CTDC-PARTICIPANT-STATUS-244077	Dead	scientiae_cedit_mare	No	NEVER DOSED	nanos_gigantum_humeris_insidentes
participant_status	CTDC-PARTICIPANT-787394	CTDC-PARTICIPANT-STATUS-931721	DEAD	e_causa_ignota	Unknown	RANDOMIZED BY MISTAKE WITH STUDY TREATMENT	cacatum_non_est_pictum
participant_status	CTDC-PARTICIPANT-519553	CTDC-PARTICIPANT-STATUS-539924	DEAD	saltus_in_demonstrando	No	DEATH	imperium_in_imperio
participant_status	CTDC-PARTICIPANT-518532	CTDC-PARTICIPANT-STATUS-473716	DEAD	damnant_quod_non_intellegunt	Unknown	PROTOCOL-SPECIFIED WITHDRAWAL CRITERION MET	scientia_et_labor
participant_status	CTDC-PARTICIPANT-880160	CTDC-PARTICIPANT-STATUS-972561	Dead	saltus_in_demonstrando	Yes	WITHDRAWAL OF CONSENT	nanos_gigantum_humeris_insidentes
participant_status	CTDC-PARTICIPANT-124743	CTDC-PARTICIPANT-STATUS-572722	Alive with Disease	Gallia_est_omnis_divisa_in_partes_tres	Unknown	PROTOCOL VIOLATION	imperium_in_imperio
participant_status	CTDC-PARTICIPANT-467907	CTDC-PARTICIPANT-STATUS-378018	Dead	damnant_quod_non_intellegunt	No	RANDOMIZED BY MISTAKE WITHOUT STUDY TREATMENT	e_causa_ignota
participant_status	CTDC-PARTICIPANT-497352	CTDC-PARTICIPANT-STATUS-224495	DEAD	id_quod_plerumque_accidit	Yes	SCREEN FAILURE	Gallia_est_omnis_divisa_in_partes_tres
participant_status	CTDC-PARTICIPANT-203531	CTDC-PARTICIPANT-STATUS-156461	Alive, Disease Status Unknown	damnant_quod_non_intellegunt	No	PROTOCOL DEVIATION	faber_est_suae_quisque_fortunae
participant_status	CTDC-PARTICIPANT-800361	CTDC-PARTICIPANT-STATUS-161515	Dead	scientia,_aere_perennius	Unknown	SCREENING NOT COMPLETED	Obedientia_civium_urbis_felicitas
participant_status	CTDC-PARTICIPANT-308222	CTDC-PARTICIPANT-STATUS-463454	UNKNOWN	e_causa_ignota	No	DISEASE RELAPSE	O_Tite_tute_Tati_tibi_tanta_tyranne_tulisti
participant_status	CTDC-PARTICIPANT-740219	CTDC-PARTICIPANT-STATUS-976505	Alive with No Evidence of Disease	nanos_gigantum_humeris_insidentes	No	STUDY TERMINATED BY SPONSOR	sapiens_qui_prospicit
participant_status	CTDC-PARTICIPANT-581555	CTDC-PARTICIPANT-STATUS-585791	Alive with No Evidence of Disease	barba_crescit_caput_nescit	Yes	LOST TO FOLLOW-UP	Macte_animo_Generose_puer_sic_itur_ad_astra
participant_status	CTDC-PARTICIPANT-619348	CTDC-PARTICIPANT-STATUS-158801	Alive with Disease	salus_in_arduis	No	PHYSICIAN DECISION	barba_crescit_caput_nescit
participant_status	CTDC-PARTICIPANT-590338	CTDC-PARTICIPANT-STATUS-142273	Alive with Disease	O_Tite_tute_Tati_tibi_tanta_tyranne_tulisti	Yes	RECOVERY	scientia_et_sapientia
participant_status	CTDC-PARTICIPANT-401883	CTDC-PARTICIPANT-STATUS-291703	Alive with No Evidence of Disease	nanos_gigantum_humeris_insidentes	No	SCREENING NOT COMPLETED	haec_olim_meminisse_iuvabit
participant_status	CTDC-PARTICIPANT-985699	CTDC-PARTICIPANT-STATUS-639444	UNKNOWN	labor_ipse_voluptas	No	MET ELIGIBILITY CRITERIA BUT NOT NEEDED	nanos_gigantum_humeris_insidentes
participant_status	CTDC-PARTICIPANT-792418	CTDC-PARTICIPANT-STATUS-679828	UNKNOWN	id_quod_plerumque_accidit	Unknown	LOST TO FOLLOW-UP	Obedientia_civium_urbis_felicitas
participant_status	CTDC-PARTICIPANT-266079	CTDC-PARTICIPANT-STATUS-398512	Alive with No Evidence of Disease	nascentes_morimur_finisque_ab_origine_pendet	No	PARTNER PREGNANCY	scientia_et_sapientia
participant_status	CTDC-PARTICIPANT-192657	CTDC-PARTICIPANT-STATUS-647283	Alive with No Evidence of Disease	scientia,_aere_perennius	Unknown	RANDOMIZED BY MISTAKE WITH STUDY TREATMENT	Obedientia_civium_urbis_felicitas
participant_status	CTDC-PARTICIPANT-144230	CTDC-PARTICIPANT-STATUS-549784	ALIVE	scientia_imperii_decus_et_tutamen	Yes	SPONSOR REQUEST	Gallia_est_omnis_divisa_in_partes_tres
participant_status	CTDC-PARTICIPANT-597514	CTDC-PARTICIPANT-STATUS-123129	DEAD	cacatum_non_est_pictum	No	PHYSICIAN DECISION	cacatum_non_est_pictum
participant_status	CTDC-PARTICIPANT-944958	CTDC-PARTICIPANT-STATUS-595431	Alive with Disease	Obedientia_civium_urbis_felicitas	Unknown	PROTOCOL DEVIATION	haec_olim_meminisse_iuvabit
participant_status	CTDC-PARTICIPANT-816799	CTDC-PARTICIPANT-STATUS-617367	DEAD	haec_olim_meminisse_iuvabit	Yes	RECOVERY	barba_crescit_caput_nescit
participant_status	CTDC-PARTICIPANT-427353	CTDC-PARTICIPANT-STATUS-977271	DEAD	faber_est_suae_quisque_fortunae	Unknown	DEATH	scientiae_et_patriae
participant_status	CTDC-PARTICIPANT-666363	CTDC-PARTICIPANT-STATUS-726953	UNKNOWN	nascentes_morimur_finisque_ab_origine_pendet	No	OTHER	Obedientia_civium_urbis_felicitas
participant_status	CTDC-PARTICIPANT-453769	CTDC-PARTICIPANT-STATUS-247819	DEAD	labor_ipse_voluptas	No	NO LONGER CLINICALLY BENEFITING	scientiae_cedit_mare
participant_status	CTDC-PARTICIPANT-683865	CTDC-PARTICIPANT-STATUS-577578	ALIVE	Macte_animo_Generose_puer_sic_itur_ad_astra	No	SCREENING NOT COMPLETED	scientia_et_sapientia
participant_status	CTDC-PARTICIPANT-948764	CTDC-PARTICIPANT-STATUS-669714	ALIVE	Gallia_est_omnis_divisa_in_partes_tres	Unknown	DISEASE RELAPSE	scientia_imperii_decus_et_tutamen
participant_status	CTDC-PARTICIPANT-820824	CTDC-PARTICIPANT-STATUS-930614	Alive, Disease Status Unknown	cacatum_non_est_pictum	Unknown	RECOVERY	Gallia_est_omnis_divisa_in_partes_tres
participant_status	CTDC-PARTICIPANT-885131	CTDC-PARTICIPANT-STATUS-288945	DEAD	nanos_gigantum_humeris_insidentes	Yes	WITHDRAWAL OF ASSENT	scientiae_et_patriae
participant_status	CTDC-PARTICIPANT-528817	CTDC-PARTICIPANT-STATUS-503934	UNKNOWN	scientia_et_labor	Yes	LOST TO FOLLOW-UP	O_Tite_tute_Tati_tibi_tanta_tyranne_tulisti
participant_status	CTDC-PARTICIPANT-871816	CTDC-PARTICIPANT-STATUS-264350	Alive, Disease Status Unknown	scientiae_cedit_mare	Yes	OTHER	haec_olim_meminisse_iuvabit
participant_status	CTDC-PARTICIPANT-335968	CTDC-PARTICIPANT-STATUS-748179	ALIVE	scientia_imperii_decus_et_tutamen	Yes	MET ELIGIBILITY CRITERIA BUT NOT NEEDED	scientia_imperii_decus_et_tutamen
participant_status	CTDC-PARTICIPANT-786293	CTDC-PARTICIPANT-STATUS-234285	DEAD	faber_est_suae_quisque_fortunae	Yes	WITHDRAWAL BY SUBJECT	e_causa_ignota
participant_status	CTDC-PARTICIPANT-760603	CTDC-PARTICIPANT-STATUS-160815	Alive, Disease Status Unknown	e_causa_ignota	Unknown	DEATH	faber_est_suae_quisque_fortunae
participant_status	CTDC-PARTICIPANT-425067	CTDC-PARTICIPANT-STATUS-541516	Alive with Disease	scientia,_aere_perennius	Unknown	DEATH	sapiens_qui_prospicit
participant_status	CTDC-PARTICIPANT-752934	CTDC-PARTICIPANT-STATUS-421774	Alive with No Evidence of Disease	nascentes_morimur_finisque_ab_origine_pendet	No	RANDOMIZED BY MISTAKE	salus_in_arduis
participant_status	CTDC-PARTICIPANT-145212	CTDC-PARTICIPANT-STATUS-638065	Alive, Disease Status Unknown	nanos_gigantum_humeris_insidentes	No	RANDOMIZED BY MISTAKE WITHOUT STUDY TREATMENT	scientia_et_sapientia
participant_status	CTDC-PARTICIPANT-540765	CTDC-PARTICIPANT-STATUS-183601	Alive with Disease	pace_tua	No	PREGNANCY	Gallia_est_omnis_divisa_in_partes_tres
participant_status	CTDC-PARTICIPANT-319499	CTDC-PARTICIPANT-STATUS-263229	Alive, Disease Status Unknown	scientiae_et_patriae	Unknown	DISEASE RELAPSE	scientiae_cedit_mare
participant_status	CTDC-PARTICIPANT-774829	CTDC-PARTICIPANT-STATUS-612187	Alive with Disease	saltus_in_demonstrando	Yes	REQUIRES PROHIBITED MEDICATION	pace_tua
participant_status	CTDC-PARTICIPANT-480821	CTDC-PARTICIPANT-STATUS-497624	Alive with Disease	saltus_in_demonstrando	Unknown	NON-COMPLIANCE WITH STUDY SCHEDULE	barba_crescit_caput_nescit
participant_status	CTDC-PARTICIPANT-394131	CTDC-PARTICIPANT-STATUS-808903	Alive with Disease	sapiens_qui_prospicit	Yes	REQUIRES PROHIBITED MEDICATION	scientia_et_sapientia
participant_status	CTDC-PARTICIPANT-759563	CTDC-PARTICIPANT-STATUS-543229	ALIVE	O_Tite_tute_Tati_tibi_tanta_tyranne_tulisti	No	RANDOMIZED BY MISTAKE	cacatum_non_est_pictum
participant_status	CTDC-PARTICIPANT-209399	CTDC-PARTICIPANT-STATUS-970354	Alive with Disease	faber_est_suae_quisque_fortunae	Unknown	SITE TERMINATED BY SPONSOR	scientiae_cedit_mare
participant_status	CTDC-PARTICIPANT-413676	CTDC-PARTICIPANT-STATUS-119852	UNKNOWN	barba_crescit_caput_nescit	No	PROTOCOL VIOLATION	pace_tua
participant_status	CTDC-PARTICIPANT-685893	CTDC-PARTICIPANT-STATUS-912160	DEAD	nascentes_morimur_finisque_ab_origine_pendet	No	RECOVERY	imperium_in_imperio
participant_status	CTDC-PARTICIPANT-992791	CTDC-PARTICIPANT-STATUS-602273	Alive with Disease	haec_olim_meminisse_iuvabit	Unknown	PREGNANCY	scientiae_et_patriae
participant_status	CTDC-PARTICIPANT-577730	CTDC-PARTICIPANT-STATUS-131733	ALIVE	sapiens_qui_prospicit	Unknown	DEATH	O_Tite_tute_Tati_tibi_tanta_tyranne_tulisti
participant_status	CTDC-PARTICIPANT-894286	CTDC-PARTICIPANT-STATUS-885542	UNKNOWN	barba_crescit_caput_nescit	Yes	PHYSICIAN DECISION	e_causa_ignota
participant_status	CTDC-PARTICIPANT-350158	CTDC-PARTICIPANT-STATUS-519579	Alive, Disease Status Unknown	haec_olim_meminisse_iuvabit	Yes	PROGRESSIVE DISEASE	Obedientia_civium_urbis_felicitas
participant_status	CTDC-PARTICIPANT-773950	CTDC-PARTICIPANT-STATUS-582331	Dead	scientia_imperii_decus_et_tutamen	Unknown	RANDOMIZED BY MISTAKE	barba_crescit_caput_nescit
participant_status	CTDC-PARTICIPANT-491036	CTDC-PARTICIPANT-STATUS-334115	UNKNOWN	damnant_quod_non_intellegunt	Unknown	RANDOMIZED BY MISTAKE	scientia_imperii_decus_et_tutamen
participant_status	CTDC-PARTICIPANT-438205	CTDC-PARTICIPANT-STATUS-197194	DEAD	labor_ipse_voluptas	No	SPONSOR REQUEST	scientiae_cedit_mare
participant_status	CTDC-PARTICIPANT-884933	CTDC-PARTICIPANT-STATUS-950449	Alive, Disease Status Unknown	nascentes_morimur_finisque_ab_origine_pendet	Unknown	PROGRESSIVE DISEASE	a_bene_placito
participant_status	CTDC-PARTICIPANT-491713	CTDC-PARTICIPANT-STATUS-897798	DEAD	Obedientia_civium_urbis_felicitas	Unknown	WITHDRAWAL BY SUBJECT	damnant_quod_non_intellegunt
participant_status	CTDC-PARTICIPANT-683181	CTDC-PARTICIPANT-STATUS-411129	Dead	barba_crescit_caput_nescit	Unknown	TECHNICAL PROBLEMS	nascentes_morimur_finisque_ab_origine_pendet
participant_status	CTDC-PARTICIPANT-746829	CTDC-PARTICIPANT-STATUS-140597	Alive, Disease Status Unknown	e_causa_ignota	Yes	APPROVED DRUG AVAILABLE FOR INDICATION	scientia,_aere_perennius
participant_status	CTDC-PARTICIPANT-802700	CTDC-PARTICIPANT-STATUS-690663	ALIVE	O_Tite_tute_Tati_tibi_tanta_tyranne_tulisti	Unknown	PROGRESSIVE DISEASE	imperium_in_imperio
participant_status	CTDC-PARTICIPANT-794777	CTDC-PARTICIPANT-STATUS-747278	Alive with No Evidence of Disease	e_causa_ignota	Yes	NON-COMPLIANCE WITH NON-STUDY DEVICE	barba_crescit_caput_nescit
participant_status	CTDC-PARTICIPANT-591902	CTDC-PARTICIPANT-STATUS-516770	Dead	e_causa_ignota	Yes	COMPLETED	scientia,_aere_perennius
participant_status	CTDC-PARTICIPANT-925734	CTDC-PARTICIPANT-STATUS-301104	Dead	a_bene_placito	Yes	RANDOMIZED BY MISTAKE WITH STUDY TREATMENT	Macte_animo_Generose_puer_sic_itur_ad_astra
participant_status	CTDC-PARTICIPANT-880907	CTDC-PARTICIPANT-STATUS-890499	DEAD	sapiens_qui_prospicit	Unknown	APPROVED DRUG AVAILABLE FOR INDICATION	saltus_in_demonstrando
participant_status	CTDC-PARTICIPANT-174850	CTDC-PARTICIPANT-STATUS-792714	Alive, Disease Status Unknown	saltus_in_demonstrando	No	MET ELIGIBILITY CRITERIA BUT NOT NEEDED	id_quod_plerumque_accidit
participant_status	CTDC-PARTICIPANT-448917	CTDC-PARTICIPANT-STATUS-307796	Dead	Macte_animo_Generose_puer_sic_itur_ad_astra	Unknown	PROTOCOL-SPECIFIED WITHDRAWAL CRITERION MET	imperium_in_imperio
participant_status	CTDC-PARTICIPANT-838563	CTDC-PARTICIPANT-STATUS-984604	Dead	cacatum_non_est_pictum	No	SPONSOR REQUEST	scientia_et_sapientia
participant_status	CTDC-PARTICIPANT-477248	CTDC-PARTICIPANT-STATUS-813403	UNKNOWN	barba_crescit_caput_nescit	Unknown	APPROVED DRUG AVAILABLE FOR INDICATION	id_quod_plerumque_accidit
participant_status	CTDC-PARTICIPANT-278550	CTDC-PARTICIPANT-STATUS-782141	UNKNOWN	O_Tite_tute_Tati_tibi_tanta_tyranne_tulisti	No	REQUIRES PROHIBITED MEDICATION	nanos_gigantum_humeris_insidentes
participant_status	CTDC-PARTICIPANT-834368	CTDC-PARTICIPANT-STATUS-747980	Dead	saltus_in_demonstrando	Unknown	DISEASE RELAPSE	imperium_in_imperio
participant_status	CTDC-PARTICIPANT-416813	CTDC-PARTICIPANT-STATUS-636834	Dead	imperium_in_imperio	Unknown	ADVERSE EVENT	sapiens_qui_prospicit
participant_status	CTDC-PARTICIPANT-600094	CTDC-PARTICIPANT-STATUS-977690	Alive with No Evidence of Disease	Obedientia_civium_urbis_felicitas	No	FAILURE TO MEET RANDOMIZATION CRITERIA	Gallia_est_omnis_divisa_in_partes_tres
participant_status	CTDC-PARTICIPANT-184656	CTDC-PARTICIPANT-STATUS-289884	Alive with Disease	barba_crescit_caput_nescit	No	PARTNER PREGNANCY	salus_in_arduis
participant_status	CTDC-PARTICIPANT-882193	CTDC-PARTICIPANT-STATUS-908909	DEAD	salus_in_arduis	No	RANDOMIZED BY MISTAKE WITHOUT STUDY TREATMENT	damnant_quod_non_intellegunt
participant_status	CTDC-PARTICIPANT-757445	CTDC-PARTICIPANT-STATUS-608818	Alive with No Evidence of Disease	labor_ipse_voluptas	Yes	NON-COMPLIANCE WITH STUDY DRUG	a_bene_placito
participant_status	CTDC-PARTICIPANT-275225	CTDC-PARTICIPANT-STATUS-864538	Alive with No Evidence of Disease	nanos_gigantum_humeris_insidentes	Unknown	SPONSOR REQUEST	a_bene_placito
participant_status	CTDC-PARTICIPANT-675410	CTDC-PARTICIPANT-STATUS-180254	Alive with Disease	scientiae_et_patriae	Unknown	LACK OF EFFICACY	scientia_et_labor
participant_status	CTDC-PARTICIPANT-153386	CTDC-PARTICIPANT-STATUS-391892	ALIVE	Gallia_est_omnis_divisa_in_partes_tres	Yes	TECHNICAL PROBLEMS	nascentes_morimur_finisque_ab_origine_pendet
participant_status	CTDC-PARTICIPANT-795723	CTDC-PARTICIPANT-STATUS-687288	Alive with No Evidence of Disease	e_causa_ignota	No	SPONSOR REQUEST	barba_crescit_caput_nescit
participant_status	CTDC-PARTICIPANT-106241	CTDC-PARTICIPANT-STATUS-912941	Alive, Disease Status Unknown	sapiens_qui_prospicit	No	RANDOMIZED BY MISTAKE WITHOUT STUDY TREATMENT	sapiens_qui_prospicit
participant_status	CTDC-PARTICIPANT-618032	CTDC-PARTICIPANT-STATUS-450820	Dead	faber_est_suae_quisque_fortunae	No	SCREENING NOT COMPLETED	e_causa_ignota
participant_status	CTDC-PARTICIPANT-952021	CTDC-PARTICIPANT-STATUS-596449	Alive with Disease	haec_olim_meminisse_iuvabit	Yes	APPROVED DRUG AVAILABLE FOR INDICATION	Macte_animo_Generose_puer_sic_itur_ad_astra
participant_status	CTDC-PARTICIPANT-265527	CTDC-PARTICIPANT-STATUS-597646	UNKNOWN	labor_ipse_voluptas	No	WITHDRAWAL OF CONSENT	damnant_quod_non_intellegunt
participant_status	CTDC-PARTICIPANT-788870	CTDC-PARTICIPANT-STATUS-115628	DEAD	imperium_in_imperio	No	NEVER DOSED	sapiens_qui_prospicit
participant_status	CTDC-PARTICIPANT-798627	CTDC-PARTICIPANT-STATUS-364766	Alive with Disease	haec_olim_meminisse_iuvabit	No	PROTOCOL-SPECIFIED WITHDRAWAL CRITERION MET	faber_est_suae_quisque_fortunae
participant_status	CTDC-PARTICIPANT-658713	CTDC-PARTICIPANT-STATUS-859121	Alive with No Evidence of Disease	scientia_imperii_decus_et_tutamen	No	REQUIRES PROHIBITED MEDICATION	scientia_et_sapientia
participant_status	CTDC-PARTICIPANT-133447	CTDC-PARTICIPANT-STATUS-565846	ALIVE	scientia,_aere_perennius	No	TECHNICAL PROBLEMS	salus_in_arduis
participant_status	CTDC-PARTICIPANT-173756	CTDC-PARTICIPANT-STATUS-946831	Alive with Disease	pace_tua	No	NON-COMPLIANCE WITH STUDY SCHEDULE	saltus_in_demonstrando
participant_status	CTDC-PARTICIPANT-921347	CTDC-PARTICIPANT-STATUS-991284	Alive with No Evidence of Disease	scientiae_et_patriae	No	APPROVED DRUG AVAILABLE FOR INDICATION	nascentes_morimur_finisque_ab_origine_pendet
participant_status	CTDC-PARTICIPANT-860612	CTDC-PARTICIPANT-STATUS-547136	DEAD	scientia_et_labor	No	PARTNER PREGNANCY	imperium_in_imperio
participant_status	CTDC-PARTICIPANT-494879	CTDC-PARTICIPANT-STATUS-544112	DEAD	a_bene_placito	No	RANDOMIZED BY MISTAKE	scientiae_et_patriae
participant_status	CTDC-PARTICIPANT-965621	CTDC-PARTICIPANT-STATUS-973384	Alive with No Evidence of Disease	Macte_animo_Generose_puer_sic_itur_ad_astra	No	LACK OF EFFICACY	scientia_et_sapientia
participant_status	CTDC-PARTICIPANT-570379	CTDC-PARTICIPANT-STATUS-922442	UNKNOWN	damnant_quod_non_intellegunt	Unknown	PROTOCOL-SPECIFIED WITHDRAWAL CRITERION MET	a_bene_placito
participant_status	CTDC-PARTICIPANT-180230	CTDC-PARTICIPANT-STATUS-285180	UNKNOWN	scientiae_cedit_mare	Unknown	FAILURE TO MEET CONTINUATION CRITERIA	Gallia_est_omnis_divisa_in_partes_tres
participant_status	CTDC-PARTICIPANT-511758	CTDC-PARTICIPANT-STATUS-894762	Alive with No Evidence of Disease	scientia_et_sapientia	No	RANDOMIZED BY MISTAKE WITHOUT STUDY TREATMENT	cacatum_non_est_pictum
participant_status	CTDC-PARTICIPANT-163373	CTDC-PARTICIPANT-STATUS-413998	Alive, Disease Status Unknown	pace_tua	No	WITHDRAWAL OF ASSENT	Macte_animo_Generose_puer_sic_itur_ad_astra
participant_status	CTDC-PARTICIPANT-270040	CTDC-PARTICIPANT-STATUS-854400	Alive, Disease Status Unknown	labor_ipse_voluptas	Unknown	WITHDRAWAL OF ASSENT	Obedientia_civium_urbis_felicitas
participant_status	CTDC-PARTICIPANT-739935	CTDC-PARTICIPANT-STATUS-386289	Dead	barba_crescit_caput_nescit	No	SPONSOR REQUEST	salus_in_arduis
participant_status	CTDC-PARTICIPANT-226937	CTDC-PARTICIPANT-STATUS-146270	Dead	damnant_quod_non_intellegunt	Yes	RANDOMIZED BY MISTAKE WITH STUDY TREATMENT	nascentes_morimur_finisque_ab_origine_pendet
participant_status	CTDC-PARTICIPANT-577976	CTDC-PARTICIPANT-STATUS-727622	DEAD	scientia_imperii_decus_et_tutamen	Yes	RANDOMIZED BY MISTAKE WITH STUDY TREATMENT	imperium_in_imperio
participant_status	CTDC-PARTICIPANT-746621	CTDC-PARTICIPANT-STATUS-413677	UNKNOWN	barba_crescit_caput_nescit	No	DISEASE RELAPSE	saltus_in_demonstrando
participant_status	CTDC-PARTICIPANT-861727	CTDC-PARTICIPANT-STATUS-304379	UNKNOWN	e_causa_ignota	Unknown	RANDOMIZED BY MISTAKE WITH STUDY TREATMENT	damnant_quod_non_intellegunt
participant_status	CTDC-PARTICIPANT-832384	CTDC-PARTICIPANT-STATUS-601466	UNKNOWN	imperium_in_imperio	Unknown	RANDOMIZED BY MISTAKE WITHOUT STUDY TREATMENT	salus_in_arduis
participant_status	CTDC-PARTICIPANT-617340	CTDC-PARTICIPANT-STATUS-414181	DEAD	Macte_animo_Generose_puer_sic_itur_ad_astra	Yes	PREGNANCY	barba_crescit_caput_nescit
participant_status	CTDC-PARTICIPANT-264570	CTDC-PARTICIPANT-STATUS-571034	Dead	imperium_in_imperio	Yes	NO LONGER CLINICALLY BENEFITING	saltus_in_demonstrando
participant_status	CTDC-PARTICIPANT-479073	CTDC-PARTICIPANT-STATUS-220565	DEAD	Macte_animo_Generose_puer_sic_itur_ad_astra	No	NO LONGER CLINICALLY BENEFITING	Gallia_est_omnis_divisa_in_partes_tres
participant_status	CTDC-PARTICIPANT-272379	CTDC-PARTICIPANT-STATUS-122901	Alive, Disease Status Unknown	faber_est_suae_quisque_fortunae	Yes	NO LONGER CLINICALLY BENEFITING	a_bene_placito
participant_status	CTDC-PARTICIPANT-159766	CTDC-PARTICIPANT-STATUS-116561	Alive with Disease	scientia,_aere_perennius	Yes	WITHDRAWAL OF CONSENT	pace_tua
participant_status	CTDC-PARTICIPANT-900914	CTDC-PARTICIPANT-STATUS-857036	UNKNOWN	Macte_animo_Generose_puer_sic_itur_ad_astra	Unknown	LOGISTICAL PROBLEM	labor_ipse_voluptas
participant_status	CTDC-PARTICIPANT-152996	CTDC-PARTICIPANT-STATUS-633247	DEAD	scientiae_cedit_mare	No	NO LONGER CLINICALLY BENEFITING	Macte_animo_Generose_puer_sic_itur_ad_astra
participant_status	CTDC-PARTICIPANT-981722	CTDC-PARTICIPANT-STATUS-934217	Alive, Disease Status Unknown	O_Tite_tute_Tati_tibi_tanta_tyranne_tulisti	No	RANDOMIZED BY MISTAKE	nanos_gigantum_humeris_insidentes
participant_status	CTDC-PARTICIPANT-602554	CTDC-PARTICIPANT-STATUS-492788	Alive with Disease	sapiens_qui_prospicit	Yes	PREGNANCY	nascentes_morimur_finisque_ab_origine_pendet
participant_status	CTDC-PARTICIPANT-868606	CTDC-PARTICIPANT-STATUS-180968	Alive with No Evidence of Disease	scientia_et_labor	Unknown	RANDOMIZED BY MISTAKE WITHOUT STUDY TREATMENT	Obedientia_civium_urbis_felicitas
participant_status	CTDC-PARTICIPANT-785133	CTDC-PARTICIPANT-STATUS-690369	Dead	imperium_in_imperio	No	NON-COMPLIANCE WITH STUDY DEVICE	Obedientia_civium_urbis_felicitas
participant_status	CTDC-PARTICIPANT-890456	CTDC-PARTICIPANT-STATUS-843825	ALIVE	Obedientia_civium_urbis_felicitas	Unknown	PREGNANCY	a_bene_placito
participant_status	CTDC-PARTICIPANT-817505	CTDC-PARTICIPANT-STATUS-472059	Dead	e_causa_ignota	Unknown	WITHDRAWAL BY PARENT/GUARDIAN	scientiae_cedit_mare
participant_status	CTDC-PARTICIPANT-190738	CTDC-PARTICIPANT-STATUS-268173	Alive with No Evidence of Disease	scientia_et_labor	Yes	SITE TERMINATED BY SPONSOR	scientia,_aere_perennius
participant_status	CTDC-PARTICIPANT-674814	CTDC-PARTICIPANT-STATUS-968840	Alive with No Evidence of Disease	cacatum_non_est_pictum	No	PREGNANCY	barba_crescit_caput_nescit
participant_status	CTDC-PARTICIPANT-342957	CTDC-PARTICIPANT-STATUS-178836	Alive with No Evidence of Disease	scientiae_et_patriae	Yes	PROGRESSIVE DISEASE	sapiens_qui_prospicit
participant_status	CTDC-PARTICIPANT-347791	CTDC-PARTICIPANT-STATUS-346394	ALIVE	haec_olim_meminisse_iuvabit	Unknown	WITHDRAWAL BY SUBJECT	scientiae_cedit_mare
participant_status	CTDC-PARTICIPANT-392530	CTDC-PARTICIPANT-STATUS-656344	DEAD	id_quod_plerumque_accidit	Yes	NO LONGER CLINICALLY BENEFITING	barba_crescit_caput_nescit
participant_status	CTDC-PARTICIPANT-550915	CTDC-PARTICIPANT-STATUS-658508	ALIVE	barba_crescit_caput_nescit	Unknown	ADVERSE EVENT	Gallia_est_omnis_divisa_in_partes_tres
participant_status	CTDC-PARTICIPANT-679388	CTDC-PARTICIPANT-STATUS-231504	ALIVE	e_causa_ignota	Yes	SITE TERMINATED BY SPONSOR	haec_olim_meminisse_iuvabit
participant_status	CTDC-PARTICIPANT-709985	CTDC-PARTICIPANT-STATUS-118480	UNKNOWN	O_Tite_tute_Tati_tibi_tanta_tyranne_tulisti	Unknown	NON-COMPLIANCE WITH STUDY SCHEDULE	scientia_et_sapientia
participant_status	CTDC-PARTICIPANT-885820	CTDC-PARTICIPANT-STATUS-742911	UNKNOWN	O_Tite_tute_Tati_tibi_tanta_tyranne_tulisti	Yes	SITE TERMINATED BY SPONSOR	e_causa_ignota
participant_status	CTDC-PARTICIPANT-922338	CTDC-PARTICIPANT-STATUS-241555	ALIVE	nanos_gigantum_humeris_insidentes	No	MET ELIGIBILITY CRITERIA BUT NOT NEEDED	Obedientia_civium_urbis_felicitas
participant_status	CTDC-PARTICIPANT-425783	CTDC-PARTICIPANT-STATUS-429451	ALIVE	imperium_in_imperio	Yes	PARTNER PREGNANCY	scientia_et_labor
participant_status	CTDC-PARTICIPANT-480421	CTDC-PARTICIPANT-STATUS-143423	Alive with No Evidence of Disease	scientia_et_labor	Yes	OTHER	salus_in_arduis
participant_status	CTDC-PARTICIPANT-114522	CTDC-PARTICIPANT-STATUS-627741	ALIVE	id_quod_plerumque_accidit	No	WITHDRAWAL BY SUBJECT	a_bene_placito
participant_status	CTDC-PARTICIPANT-180628	CTDC-PARTICIPANT-STATUS-736592	ALIVE	Obedientia_civium_urbis_felicitas	Unknown	SITE TERMINATED BY SPONSOR	barba_crescit_caput_nescit
participant_status	CTDC-PARTICIPANT-598494	CTDC-PARTICIPANT-STATUS-365922	Dead	a_bene_placito	Unknown	SPONSOR REQUEST	damnant_quod_non_intellegunt
participant_status	CTDC-PARTICIPANT-481358	CTDC-PARTICIPANT-STATUS-946086	ALIVE	scientia_et_labor	No	STUDY TERMINATED BY SPONSOR	pace_tua
participant_status	CTDC-PARTICIPANT-649208	CTDC-PARTICIPANT-STATUS-417125	Alive with No Evidence of Disease	Gallia_est_omnis_divisa_in_partes_tres	Yes	NON-COMPLIANCE WITH STUDY DEVICE	scientiae_et_patriae
participant_status	CTDC-PARTICIPANT-494080	CTDC-PARTICIPANT-STATUS-506677	Dead	Obedientia_civium_urbis_felicitas	Yes	NEVER DOSED	nascentes_morimur_finisque_ab_origine_pendet
participant_status	CTDC-PARTICIPANT-725519	CTDC-PARTICIPANT-STATUS-682802	ALIVE	labor_ipse_voluptas	Unknown	LOGISTICAL PROBLEM	imperium_in_imperio
participant_status	CTDC-PARTICIPANT-456992	CTDC-PARTICIPANT-STATUS-163325	Alive with No Evidence of Disease	saltus_in_demonstrando	Unknown	COMPLETED	e_causa_ignota
participant_status	CTDC-PARTICIPANT-998777	CTDC-PARTICIPANT-STATUS-462266	Alive, Disease Status Unknown	scientia_imperii_decus_et_tutamen	No	ADVERSE EVENT	faber_est_suae_quisque_fortunae
participant_status	CTDC-PARTICIPANT-885168	CTDC-PARTICIPANT-STATUS-370233	Dead	damnant_quod_non_intellegunt	No	LOST TO FOLLOW-UP	haec_olim_meminisse_iuvabit
participant_status	CTDC-PARTICIPANT-609434	CTDC-PARTICIPANT-STATUS-356367	Alive with Disease	O_Tite_tute_Tati_tibi_tanta_tyranne_tulisti	No	DISEASE RELAPSE	damnant_quod_non_intellegunt
participant_status	CTDC-PARTICIPANT-990968	CTDC-PARTICIPANT-STATUS-869578	DEAD	scientia,_aere_perennius	No	PROGRESSIVE DISEASE	id_quod_plerumque_accidit
