type	study.study_short_name	participant_id	biomarker_results_available	radiology_report_available	radiology_images_available	histology_images_available	crdc_id
participant	CTDC-STUDY-322111	CTDC-PARTICIPANT-587927	Yes	No	Unknown	Unknown	nascentes_morimur_finisque_ab_origine_pendet
participant	CTDC-STUDY-322111	CTDC-PARTICIPANT-146778	Unknown	Yes	No	Yes	scientia_imperii_decus_et_tutamen
participant	CTDC-STUDY-322111	CTDC-PARTICIPANT-567611	Yes	No	Yes	Unknown	nascentes_morimur_finisque_ab_origine_pendet
participant	CTDC-STUDY-322111	CTDC-PARTICIPANT-466738	No	Unknown	No	No	e_causa_ignota
participant	CTDC-STUDY-322111	CTDC-PARTICIPANT-721019	Yes	Unknown	Yes	No	nanos_gigantum_humeris_insidentes
participant	CTDC-STUDY-322111	CTDC-PARTICIPANT-103838	Unknown	No	Unknown	Yes	id_quod_plerumque_accidit
participant	CTDC-STUDY-322111	CTDC-PARTICIPANT-385607	No	Unknown	No	Unknown	pace_tua
participant	CTDC-STUDY-322111	CTDC-PARTICIPANT-159239	Unknown	Yes	Unknown	No	id_quod_plerumque_accidit
participant	CTDC-STUDY-322111	CTDC-PARTICIPANT-170991	Yes	No	Unknown	Unknown	nanos_gigantum_humeris_insidentes
participant	CTDC-STUDY-322111	CTDC-PARTICIPANT-185695	Yes	No	Yes	Unknown	scientia,_aere_perennius
participant	CTDC-STUDY-322111	CTDC-PARTICIPANT-298159	Unknown	Unknown	Yes	Yes	damnant_quod_non_intellegunt
participant	CTDC-STUDY-322111	CTDC-PARTICIPANT-923443	Unknown	Unknown	Yes	No	haec_olim_meminisse_iuvabit
participant	CTDC-STUDY-322111	CTDC-PARTICIPANT-850550	Unknown	No	No	Yes	sapiens_qui_prospicit
participant	CTDC-STUDY-322111	CTDC-PARTICIPANT-159859	No	Yes	Yes	No	nanos_gigantum_humeris_insidentes
participant	CTDC-STUDY-322111	CTDC-PARTICIPANT-250562	Unknown	Yes	Yes	Unknown	scientiae_cedit_mare
participant	CTDC-STUDY-322111	CTDC-PARTICIPANT-341842	Unknown	No	Yes	Yes	O_Tite_tute_Tati_tibi_tanta_tyranne_tulisti
participant	CTDC-STUDY-322111	CTDC-PARTICIPANT-854074	Yes	Yes	Unknown	Unknown	O_Tite_tute_Tati_tibi_tanta_tyranne_tulisti
participant	CTDC-STUDY-322111	CTDC-PARTICIPANT-410124	Yes	Unknown	Yes	No	saltus_in_demonstrando
participant	CTDC-STUDY-322111	CTDC-PARTICIPANT-664859	Yes	Yes	No	Yes	imperium_in_imperio
participant	CTDC-STUDY-322111	CTDC-PARTICIPANT-311219	No	No	Yes	No	barba_crescit_caput_nescit
participant	CTDC-STUDY-322111	CTDC-PARTICIPANT-743274	Unknown	Yes	Unknown	Unknown	pace_tua
participant	CTDC-STUDY-322111	CTDC-PARTICIPANT-218542	No	No	No	Yes	sapiens_qui_prospicit
participant	CTDC-STUDY-322111	CTDC-PARTICIPANT-584468	Yes	No	Yes	Yes	scientiae_et_patriae
participant	CTDC-STUDY-322111	CTDC-PARTICIPANT-721509	Yes	No	Yes	Unknown	barba_crescit_caput_nescit
participant	CTDC-STUDY-322111	CTDC-PARTICIPANT-249882	No	No	Yes	Yes	sapiens_qui_prospicit
participant	CTDC-STUDY-322111	CTDC-PARTICIPANT-633772	Yes	No	Yes	No	nanos_gigantum_humeris_insidentes
participant	CTDC-STUDY-322111	CTDC-PARTICIPANT-493890	No	Unknown	Unknown	No	id_quod_plerumque_accidit
participant	CTDC-STUDY-322111	CTDC-PARTICIPANT-375377	No	Yes	Unknown	No	faber_est_suae_quisque_fortunae
participant	CTDC-STUDY-322111	CTDC-PARTICIPANT-246889	Unknown	Yes	Yes	Unknown	labor_ipse_voluptas
participant	CTDC-STUDY-322111	CTDC-PARTICIPANT-120617	Unknown	Unknown	No	Unknown	nanos_gigantum_humeris_insidentes
participant	CTDC-STUDY-322111	CTDC-PARTICIPANT-610536	No	No	Yes	Unknown	nascentes_morimur_finisque_ab_origine_pendet
participant	CTDC-STUDY-322111	CTDC-PARTICIPANT-463199	No	Yes	No	Yes	nascentes_morimur_finisque_ab_origine_pendet
participant	CTDC-STUDY-322111	CTDC-PARTICIPANT-189563	Yes	No	Yes	No	haec_olim_meminisse_iuvabit
participant	CTDC-STUDY-322111	CTDC-PARTICIPANT-300548	No	Yes	Yes	No	sapiens_qui_prospicit
participant	CTDC-STUDY-322111	CTDC-PARTICIPANT-780320	No	Yes	No	No	Macte_animo_Generose_puer_sic_itur_ad_astra
participant	CTDC-STUDY-322111	CTDC-PARTICIPANT-644940	Yes	Unknown	Unknown	No	Obedientia_civium_urbis_felicitas
participant	CTDC-STUDY-322111	CTDC-PARTICIPANT-375479	No	Unknown	No	Yes	scientiae_et_patriae
participant	CTDC-STUDY-322111	CTDC-PARTICIPANT-674055	Yes	Yes	Yes	No	O_Tite_tute_Tati_tibi_tanta_tyranne_tulisti
participant	CTDC-STUDY-322111	CTDC-PARTICIPANT-904775	No	Unknown	Yes	Yes	labor_ipse_voluptas
participant	CTDC-STUDY-322111	CTDC-PARTICIPANT-775455	Yes	Unknown	Yes	Unknown	nanos_gigantum_humeris_insidentes
participant	CTDC-STUDY-322111	CTDC-PARTICIPANT-223297	Unknown	No	Unknown	No	e_causa_ignota
participant	CTDC-STUDY-322111	CTDC-PARTICIPANT-904152	No	No	No	No	Obedientia_civium_urbis_felicitas
participant	CTDC-STUDY-322111	CTDC-PARTICIPANT-820769	Unknown	Yes	Yes	Yes	cacatum_non_est_pictum
participant	CTDC-STUDY-322111	CTDC-PARTICIPANT-100717	No	Yes	No	Unknown	cacatum_non_est_pictum
participant	CTDC-STUDY-322111	CTDC-PARTICIPANT-530796	No	No	Yes	Yes	barba_crescit_caput_nescit
participant	CTDC-STUDY-322111	CTDC-PARTICIPANT-347705	Unknown	Yes	No	Yes	cacatum_non_est_pictum
participant	CTDC-STUDY-322111	CTDC-PARTICIPANT-211357	No	Unknown	Yes	No	haec_olim_meminisse_iuvabit
participant	CTDC-STUDY-322111	CTDC-PARTICIPANT-189490	Unknown	Unknown	Yes	No	imperium_in_imperio
participant	CTDC-STUDY-322111	CTDC-PARTICIPANT-564731	No	Unknown	No	Unknown	labor_ipse_voluptas
participant	CTDC-STUDY-322111	CTDC-PARTICIPANT-193514	Unknown	No	No	Yes	labor_ipse_voluptas
participant	CTDC-STUDY-322111	CTDC-PARTICIPANT-222593	Unknown	Yes	No	Unknown	imperium_in_imperio
participant	CTDC-STUDY-322111	CTDC-PARTICIPANT-351331	Yes	Yes	Unknown	No	faber_est_suae_quisque_fortunae
participant	CTDC-STUDY-322111	CTDC-PARTICIPANT-421805	No	No	Unknown	Unknown	faber_est_suae_quisque_fortunae
participant	CTDC-STUDY-322111	CTDC-PARTICIPANT-361329	Yes	Unknown	Yes	Unknown	barba_crescit_caput_nescit
participant	CTDC-STUDY-322111	CTDC-PARTICIPANT-746900	Yes	Unknown	No	No	nascentes_morimur_finisque_ab_origine_pendet
participant	CTDC-STUDY-322111	CTDC-PARTICIPANT-732378	No	Yes	No	No	barba_crescit_caput_nescit
participant	CTDC-STUDY-322111	CTDC-PARTICIPANT-531870	No	Yes	Yes	Unknown	labor_ipse_voluptas
participant	CTDC-STUDY-322111	CTDC-PARTICIPANT-481101	Yes	Unknown	No	Unknown	id_quod_plerumque_accidit
participant	CTDC-STUDY-322111	CTDC-PARTICIPANT-297700	No	No	No	No	nanos_gigantum_humeris_insidentes
participant	CTDC-STUDY-322111	CTDC-PARTICIPANT-497492	No	Unknown	Yes	Unknown	a_bene_placito
participant	CTDC-STUDY-322111	CTDC-PARTICIPANT-269881	Unknown	No	No	No	labor_ipse_voluptas
participant	CTDC-STUDY-322111	CTDC-PARTICIPANT-723308	No	Yes	Yes	No	salus_in_arduis
participant	CTDC-STUDY-322111	CTDC-PARTICIPANT-424640	Unknown	No	Yes	No	scientia_imperii_decus_et_tutamen
participant	CTDC-STUDY-322111	CTDC-PARTICIPANT-979936	No	No	Yes	Unknown	id_quod_plerumque_accidit
participant	CTDC-STUDY-322111	CTDC-PARTICIPANT-430785	Unknown	Unknown	Unknown	No	Obedientia_civium_urbis_felicitas
participant	CTDC-STUDY-322111	CTDC-PARTICIPANT-187182	No	No	Unknown	Unknown	saltus_in_demonstrando
participant	CTDC-STUDY-322111	CTDC-PARTICIPANT-775195	No	Yes	No	Unknown	salus_in_arduis
participant	CTDC-STUDY-322111	CTDC-PARTICIPANT-218434	Yes	Yes	No	No	Gallia_est_omnis_divisa_in_partes_tres
participant	CTDC-STUDY-322111	CTDC-PARTICIPANT-466545	No	Yes	Unknown	Yes	Macte_animo_Generose_puer_sic_itur_ad_astra
participant	CTDC-STUDY-322111	CTDC-PARTICIPANT-104195	Yes	No	Yes	Unknown	nanos_gigantum_humeris_insidentes
participant	CTDC-STUDY-322111	CTDC-PARTICIPANT-771057	Yes	No	Unknown	Unknown	labor_ipse_voluptas
participant	CTDC-STUDY-322111	CTDC-PARTICIPANT-638471	Yes	Yes	Unknown	Yes	damnant_quod_non_intellegunt
participant	CTDC-STUDY-322111	CTDC-PARTICIPANT-326543	Unknown	Yes	No	No	cacatum_non_est_pictum
participant	CTDC-STUDY-322111	CTDC-PARTICIPANT-740425	Yes	Yes	Yes	Unknown	salus_in_arduis
participant	CTDC-STUDY-322111	CTDC-PARTICIPANT-417314	No	Yes	No	Yes	scientiae_cedit_mare
participant	CTDC-STUDY-322111	CTDC-PARTICIPANT-286905	No	Yes	No	Unknown	saltus_in_demonstrando
participant	CTDC-STUDY-322111	CTDC-PARTICIPANT-572079	Yes	Unknown	Unknown	Yes	nascentes_morimur_finisque_ab_origine_pendet
participant	CTDC-STUDY-322111	CTDC-PARTICIPANT-808455	Unknown	No	No	Unknown	damnant_quod_non_intellegunt
participant	CTDC-STUDY-322111	CTDC-PARTICIPANT-557622	Unknown	Unknown	Unknown	Unknown	cacatum_non_est_pictum
participant	CTDC-STUDY-322111	CTDC-PARTICIPANT-143098	Yes	Yes	Unknown	Yes	imperium_in_imperio
participant	CTDC-STUDY-322111	CTDC-PARTICIPANT-134668	Yes	No	Unknown	No	damnant_quod_non_intellegunt
participant	CTDC-STUDY-322111	CTDC-PARTICIPANT-249904	Yes	Unknown	Yes	Unknown	scientiae_cedit_mare
participant	CTDC-STUDY-322111	CTDC-PARTICIPANT-561546	Unknown	Unknown	Unknown	Unknown	e_causa_ignota
participant	CTDC-STUDY-322111	CTDC-PARTICIPANT-995178	Unknown	No	No	Unknown	cacatum_non_est_pictum
participant	CTDC-STUDY-322111	CTDC-PARTICIPANT-397286	Unknown	No	Yes	Yes	nanos_gigantum_humeris_insidentes
participant	CTDC-STUDY-322111	CTDC-PARTICIPANT-982678	Unknown	Unknown	No	No	e_causa_ignota
participant	CTDC-STUDY-322111	CTDC-PARTICIPANT-486285	Unknown	No	Yes	Yes	pace_tua
participant	CTDC-STUDY-322111	CTDC-PARTICIPANT-760221	Yes	Unknown	Yes	No	a_bene_placito
participant	CTDC-STUDY-322111	CTDC-PARTICIPANT-605724	No	No	No	No	scientia,_aere_perennius
participant	CTDC-STUDY-322111	CTDC-PARTICIPANT-133395	Unknown	No	No	No	haec_olim_meminisse_iuvabit
participant	CTDC-STUDY-322111	CTDC-PARTICIPANT-715881	Unknown	Unknown	No	Unknown	imperium_in_imperio
participant	CTDC-STUDY-322111	CTDC-PARTICIPANT-162973	Yes	Yes	Yes	No	faber_est_suae_quisque_fortunae
participant	CTDC-STUDY-322111	CTDC-PARTICIPANT-147499	Yes	Unknown	No	Unknown	scientia_imperii_decus_et_tutamen
participant	CTDC-STUDY-322111	CTDC-PARTICIPANT-488764	Unknown	Unknown	Yes	No	nanos_gigantum_humeris_insidentes
participant	CTDC-STUDY-322111	CTDC-PARTICIPANT-440554	Yes	Unknown	No	No	sapiens_qui_prospicit
participant	CTDC-STUDY-322111	CTDC-PARTICIPANT-955724	Yes	No	Yes	Unknown	damnant_quod_non_intellegunt
participant	CTDC-STUDY-322111	CTDC-PARTICIPANT-720714	Unknown	Unknown	Unknown	Yes	cacatum_non_est_pictum
participant	CTDC-STUDY-322111	CTDC-PARTICIPANT-768215	No	Yes	No	Yes	saltus_in_demonstrando
participant	CTDC-STUDY-322111	CTDC-PARTICIPANT-751705	Yes	No	No	No	scientiae_et_patriae
participant	CTDC-STUDY-322111	CTDC-PARTICIPANT-617152	No	No	Unknown	No	faber_est_suae_quisque_fortunae
participant	CTDC-STUDY-322111	CTDC-PARTICIPANT-673936	No	No	Unknown	Unknown	scientiae_et_patriae
participant	CTDC-STUDY-322111	CTDC-PARTICIPANT-638049	No	Unknown	Yes	Unknown	a_bene_placito
participant	CTDC-STUDY-322111	CTDC-PARTICIPANT-243483	Yes	No	Yes	Yes	Obedientia_civium_urbis_felicitas
participant	CTDC-STUDY-322111	CTDC-PARTICIPANT-229353	No	No	Unknown	No	Obedientia_civium_urbis_felicitas
participant	CTDC-STUDY-322111	CTDC-PARTICIPANT-762989	Unknown	No	No	No	a_bene_placito
participant	CTDC-STUDY-322111	CTDC-PARTICIPANT-131155	Unknown	Yes	No	Yes	sapiens_qui_prospicit
participant	CTDC-STUDY-322111	CTDC-PARTICIPANT-523004	Unknown	Yes	Unknown	Yes	salus_in_arduis
participant	CTDC-STUDY-322111	CTDC-PARTICIPANT-750106	No	No	Yes	Unknown	salus_in_arduis
participant	CTDC-STUDY-322111	CTDC-PARTICIPANT-967360	No	Yes	No	Yes	scientia_et_sapientia
participant	CTDC-STUDY-322111	CTDC-PARTICIPANT-819569	Unknown	Yes	Unknown	Unknown	haec_olim_meminisse_iuvabit
participant	CTDC-STUDY-322111	CTDC-PARTICIPANT-966776	Unknown	No	Yes	No	scientiae_et_patriae
participant	CTDC-STUDY-322111	CTDC-PARTICIPANT-459398	Unknown	No	Yes	Yes	nanos_gigantum_humeris_insidentes
participant	CTDC-STUDY-322111	CTDC-PARTICIPANT-899637	Unknown	Unknown	Yes	No	O_Tite_tute_Tati_tibi_tanta_tyranne_tulisti
participant	CTDC-STUDY-322111	CTDC-PARTICIPANT-439845	No	No	No	No	nascentes_morimur_finisque_ab_origine_pendet
participant	CTDC-STUDY-322111	CTDC-PARTICIPANT-363603	No	Yes	Unknown	Yes	Macte_animo_Generose_puer_sic_itur_ad_astra
participant	CTDC-STUDY-322111	CTDC-PARTICIPANT-853905	Yes	No	No	Unknown	sapiens_qui_prospicit
participant	CTDC-STUDY-322111	CTDC-PARTICIPANT-425883	No	Unknown	No	Unknown	pace_tua
participant	CTDC-STUDY-322111	CTDC-PARTICIPANT-942393	Unknown	Yes	Yes	No	saltus_in_demonstrando
participant	CTDC-STUDY-322111	CTDC-PARTICIPANT-183144	No	Yes	Yes	Unknown	imperium_in_imperio
participant	CTDC-STUDY-322111	CTDC-PARTICIPANT-991837	Unknown	Unknown	Unknown	No	a_bene_placito
participant	CTDC-STUDY-322111	CTDC-PARTICIPANT-282457	Unknown	Yes	Yes	Unknown	faber_est_suae_quisque_fortunae
participant	CTDC-STUDY-322111	CTDC-PARTICIPANT-664855	Unknown	Yes	Yes	Yes	Gallia_est_omnis_divisa_in_partes_tres
participant	CTDC-STUDY-322111	CTDC-PARTICIPANT-215570	Unknown	Yes	No	No	saltus_in_demonstrando
participant	CTDC-STUDY-322111	CTDC-PARTICIPANT-621186	Yes	Yes	No	No	Obedientia_civium_urbis_felicitas
participant	CTDC-STUDY-322111	CTDC-PARTICIPANT-846132	Yes	Unknown	Unknown	Yes	sapiens_qui_prospicit
participant	CTDC-STUDY-322111	CTDC-PARTICIPANT-971098	Yes	No	Unknown	Yes	saltus_in_demonstrando
participant	CTDC-STUDY-322111	CTDC-PARTICIPANT-882220	Unknown	No	Unknown	Yes	labor_ipse_voluptas
participant	CTDC-STUDY-322111	CTDC-PARTICIPANT-761601	Unknown	Unknown	Unknown	Unknown	a_bene_placito
participant	CTDC-STUDY-322111	CTDC-PARTICIPANT-867655	Unknown	Unknown	No	No	labor_ipse_voluptas
participant	CTDC-STUDY-322111	CTDC-PARTICIPANT-991131	Yes	Yes	Yes	No	Obedientia_civium_urbis_felicitas
participant	CTDC-STUDY-322111	CTDC-PARTICIPANT-722790	Unknown	Yes	Yes	Yes	cacatum_non_est_pictum
participant	CTDC-STUDY-322111	CTDC-PARTICIPANT-716159	Unknown	No	No	Yes	sapiens_qui_prospicit
participant	CTDC-STUDY-322111	CTDC-PARTICIPANT-529222	Unknown	No	No	No	scientiae_cedit_mare
participant	CTDC-STUDY-322111	CTDC-PARTICIPANT-860466	Yes	Yes	Yes	No	faber_est_suae_quisque_fortunae
participant	CTDC-STUDY-322111	CTDC-PARTICIPANT-945183	No	Yes	Unknown	No	scientiae_cedit_mare
participant	CTDC-STUDY-322111	CTDC-PARTICIPANT-784294	Yes	Unknown	Yes	No	scientia_et_sapientia
participant	CTDC-STUDY-322111	CTDC-PARTICIPANT-873945	Unknown	No	No	Unknown	a_bene_placito
participant	CTDC-STUDY-322111	CTDC-PARTICIPANT-900284	Yes	Yes	Unknown	Unknown	saltus_in_demonstrando
participant	CTDC-STUDY-322111	CTDC-PARTICIPANT-417580	Unknown	No	No	No	scientiae_cedit_mare
participant	CTDC-STUDY-322111	CTDC-PARTICIPANT-641895	Yes	Yes	Yes	No	imperium_in_imperio
participant	CTDC-STUDY-322111	CTDC-PARTICIPANT-256364	Unknown	Yes	Unknown	Yes	nanos_gigantum_humeris_insidentes
participant	CTDC-STUDY-322111	CTDC-PARTICIPANT-762135	Unknown	Unknown	Unknown	No	scientia_et_sapientia
participant	CTDC-STUDY-322111	CTDC-PARTICIPANT-817239	Unknown	Unknown	Yes	Yes	nascentes_morimur_finisque_ab_origine_pendet
participant	CTDC-STUDY-322111	CTDC-PARTICIPANT-488489	Unknown	No	No	Unknown	damnant_quod_non_intellegunt
participant	CTDC-STUDY-322111	CTDC-PARTICIPANT-131013	No	No	No	Unknown	scientia_imperii_decus_et_tutamen
participant	CTDC-STUDY-322111	CTDC-PARTICIPANT-794348	Unknown	No	Unknown	No	salus_in_arduis
participant	CTDC-STUDY-322111	CTDC-PARTICIPANT-202704	Yes	No	No	Unknown	scientiae_cedit_mare
participant	CTDC-STUDY-322111	CTDC-PARTICIPANT-428430	No	Yes	Unknown	Yes	O_Tite_tute_Tati_tibi_tanta_tyranne_tulisti
participant	CTDC-STUDY-322111	CTDC-PARTICIPANT-860626	No	No	Yes	No	sapiens_qui_prospicit
participant	CTDC-STUDY-322111	CTDC-PARTICIPANT-481077	No	Unknown	Yes	Yes	nanos_gigantum_humeris_insidentes
