type	study.study_short_name	participant_id	biomarker_results_available	radiology_report_available	radiology_images_available	histology_images_available	crdc_id
participant	CTDC-STUDY-609903	CTDC-PARTICIPANT-425496	Unknown	Yes	No	Unknown	scientia_imperii_decus_et_tutamen
participant	CTDC-STUDY-609903	CTDC-PARTICIPANT-752305	Unknown	Yes	Yes	Unknown	haec_olim_meminisse_iuvabit
participant	CTDC-STUDY-609903	CTDC-PARTICIPANT-178412	Yes	Unknown	No	No	scientia,_aere_perennius
participant	CTDC-STUDY-609903	CTDC-PARTICIPANT-498416	Unknown	No	Yes	Yes	damnant_quod_non_intellegunt
participant	CTDC-STUDY-609903	CTDC-PARTICIPANT-976403	No	Unknown	Yes	Unknown	labor_ipse_voluptas
participant	CTDC-STUDY-609903	CTDC-PARTICIPANT-497144	Yes	Unknown	Unknown	No	scientia,_aere_perennius
participant	CTDC-STUDY-609903	CTDC-PARTICIPANT-281297	Yes	Unknown	Unknown	Unknown	scientia,_aere_perennius
participant	CTDC-STUDY-609903	CTDC-PARTICIPANT-731664	No	Unknown	No	Yes	scientia_imperii_decus_et_tutamen
participant	CTDC-STUDY-609903	CTDC-PARTICIPANT-469939	Unknown	Unknown	Unknown	No	faber_est_suae_quisque_fortunae
participant	CTDC-STUDY-609903	CTDC-PARTICIPANT-745706	Yes	Yes	Unknown	Unknown	Obedientia_civium_urbis_felicitas
participant	CTDC-STUDY-609903	CTDC-PARTICIPANT-705970	No	Unknown	Yes	Unknown	cacatum_non_est_pictum
participant	CTDC-STUDY-609903	CTDC-PARTICIPANT-500040	Yes	Yes	Yes	No	Obedientia_civium_urbis_felicitas
participant	CTDC-STUDY-609903	CTDC-PARTICIPANT-996739	Unknown	Unknown	No	Unknown	Gallia_est_omnis_divisa_in_partes_tres
participant	CTDC-STUDY-609903	CTDC-PARTICIPANT-765498	No	Yes	Unknown	Unknown	scientiae_cedit_mare
participant	CTDC-STUDY-609903	CTDC-PARTICIPANT-803964	No	No	Yes	Yes	imperium_in_imperio
participant	CTDC-STUDY-609903	CTDC-PARTICIPANT-346130	No	Yes	Unknown	Unknown	a_bene_placito
participant	CTDC-STUDY-609903	CTDC-PARTICIPANT-672343	Unknown	Yes	Unknown	Yes	scientia_et_labor
participant	CTDC-STUDY-609903	CTDC-PARTICIPANT-618772	Unknown	Unknown	No	Yes	e_causa_ignota
participant	CTDC-STUDY-609903	CTDC-PARTICIPANT-781918	Unknown	Yes	No	Unknown	nanos_gigantum_humeris_insidentes
participant	CTDC-STUDY-609903	CTDC-PARTICIPANT-868875	Unknown	Yes	No	Unknown	Macte_animo_Generose_puer_sic_itur_ad_astra
participant	CTDC-STUDY-609903	CTDC-PARTICIPANT-651462	Yes	Yes	No	Unknown	nascentes_morimur_finisque_ab_origine_pendet
participant	CTDC-STUDY-609903	CTDC-PARTICIPANT-357624	No	Yes	Yes	No	barba_crescit_caput_nescit
participant	CTDC-STUDY-609903	CTDC-PARTICIPANT-665568	Yes	Unknown	Unknown	Unknown	nanos_gigantum_humeris_insidentes
participant	CTDC-STUDY-609903	CTDC-PARTICIPANT-795686	Yes	No	Unknown	No	saltus_in_demonstrando
participant	CTDC-STUDY-609903	CTDC-PARTICIPANT-780169	Yes	Unknown	Unknown	Unknown	Gallia_est_omnis_divisa_in_partes_tres
participant	CTDC-STUDY-609903	CTDC-PARTICIPANT-485384	No	Unknown	Yes	No	barba_crescit_caput_nescit
participant	CTDC-STUDY-609903	CTDC-PARTICIPANT-707555	No	Unknown	Yes	Yes	saltus_in_demonstrando
participant	CTDC-STUDY-609903	CTDC-PARTICIPANT-492276	Yes	No	Yes	Yes	nanos_gigantum_humeris_insidentes
participant	CTDC-STUDY-609903	CTDC-PARTICIPANT-820083	Yes	No	No	Yes	scientiae_cedit_mare
participant	CTDC-STUDY-609903	CTDC-PARTICIPANT-822595	Unknown	Yes	Unknown	Yes	labor_ipse_voluptas
participant	CTDC-STUDY-609903	CTDC-PARTICIPANT-260866	No	No	Unknown	Unknown	barba_crescit_caput_nescit
participant	CTDC-STUDY-609903	CTDC-PARTICIPANT-627159	No	Yes	Unknown	Yes	scientia_et_labor
participant	CTDC-STUDY-609903	CTDC-PARTICIPANT-925562	Yes	Yes	Yes	Yes	O_Tite_tute_Tati_tibi_tanta_tyranne_tulisti
participant	CTDC-STUDY-609903	CTDC-PARTICIPANT-854119	Yes	Unknown	No	Unknown	nanos_gigantum_humeris_insidentes
participant	CTDC-STUDY-609903	CTDC-PARTICIPANT-529091	Unknown	No	No	Unknown	cacatum_non_est_pictum
participant	CTDC-STUDY-609903	CTDC-PARTICIPANT-343801	Yes	Yes	No	Yes	Gallia_est_omnis_divisa_in_partes_tres
participant	CTDC-STUDY-609903	CTDC-PARTICIPANT-954327	Unknown	No	Yes	Unknown	O_Tite_tute_Tati_tibi_tanta_tyranne_tulisti
participant	CTDC-STUDY-609903	CTDC-PARTICIPANT-324293	Yes	Unknown	Yes	Yes	imperium_in_imperio
participant	CTDC-STUDY-609903	CTDC-PARTICIPANT-449191	Yes	Unknown	Yes	No	scientiae_cedit_mare
participant	CTDC-STUDY-609903	CTDC-PARTICIPANT-219666	No	No	Unknown	No	pace_tua
participant	CTDC-STUDY-609903	CTDC-PARTICIPANT-591224	Yes	No	Unknown	Unknown	saltus_in_demonstrando
participant	CTDC-STUDY-609903	CTDC-PARTICIPANT-260523	No	No	Yes	Yes	scientia,_aere_perennius
participant	CTDC-STUDY-609903	CTDC-PARTICIPANT-697627	Yes	Unknown	No	Yes	nascentes_morimur_finisque_ab_origine_pendet
participant	CTDC-STUDY-609903	CTDC-PARTICIPANT-221730	Unknown	Yes	Unknown	No	haec_olim_meminisse_iuvabit
participant	CTDC-STUDY-609903	CTDC-PARTICIPANT-412746	Unknown	Yes	No	Unknown	scientia_et_labor
participant	CTDC-STUDY-609903	CTDC-PARTICIPANT-624107	Yes	Yes	Yes	Unknown	scientia_imperii_decus_et_tutamen
participant	CTDC-STUDY-609903	CTDC-PARTICIPANT-779742	Yes	Unknown	No	No	scientia_imperii_decus_et_tutamen
participant	CTDC-STUDY-609903	CTDC-PARTICIPANT-873770	No	Unknown	Unknown	Unknown	faber_est_suae_quisque_fortunae
participant	CTDC-STUDY-609903	CTDC-PARTICIPANT-471487	Unknown	No	Yes	Unknown	salus_in_arduis
participant	CTDC-STUDY-609903	CTDC-PARTICIPANT-241440	Yes	Yes	Yes	No	scientia_imperii_decus_et_tutamen
participant	CTDC-STUDY-609903	CTDC-PARTICIPANT-575132	Unknown	Yes	Yes	No	pace_tua
participant	CTDC-STUDY-609903	CTDC-PARTICIPANT-873739	Unknown	No	Yes	Unknown	haec_olim_meminisse_iuvabit
participant	CTDC-STUDY-609903	CTDC-PARTICIPANT-763429	Yes	No	Yes	No	nanos_gigantum_humeris_insidentes
participant	CTDC-STUDY-609903	CTDC-PARTICIPANT-206820	Yes	No	No	Unknown	scientia_et_sapientia
participant	CTDC-STUDY-609903	CTDC-PARTICIPANT-797414	Yes	Unknown	No	Yes	labor_ipse_voluptas
participant	CTDC-STUDY-609903	CTDC-PARTICIPANT-344803	Unknown	Unknown	Yes	No	scientia,_aere_perennius
participant	CTDC-STUDY-609903	CTDC-PARTICIPANT-590375	Yes	Unknown	Unknown	No	Obedientia_civium_urbis_felicitas
participant	CTDC-STUDY-609903	CTDC-PARTICIPANT-374155	Unknown	Unknown	No	Unknown	a_bene_placito
participant	CTDC-STUDY-609903	CTDC-PARTICIPANT-976851	Yes	Unknown	Unknown	Unknown	scientia_et_sapientia
participant	CTDC-STUDY-609903	CTDC-PARTICIPANT-332897	Yes	Unknown	Yes	Unknown	scientia_imperii_decus_et_tutamen
participant	CTDC-STUDY-609903	CTDC-PARTICIPANT-775990	Yes	Yes	Yes	Unknown	imperium_in_imperio
participant	CTDC-STUDY-609903	CTDC-PARTICIPANT-181071	Yes	Yes	Unknown	Unknown	scientiae_cedit_mare
participant	CTDC-STUDY-609903	CTDC-PARTICIPANT-838837	Unknown	Yes	Unknown	No	pace_tua
participant	CTDC-STUDY-609903	CTDC-PARTICIPANT-149013	Unknown	Yes	Unknown	Unknown	Macte_animo_Generose_puer_sic_itur_ad_astra
participant	CTDC-STUDY-609903	CTDC-PARTICIPANT-893210	Unknown	Unknown	Yes	Yes	haec_olim_meminisse_iuvabit
participant	CTDC-STUDY-609903	CTDC-PARTICIPANT-291399	Unknown	Unknown	Yes	No	scientia_et_sapientia
participant	CTDC-STUDY-609903	CTDC-PARTICIPANT-664268	No	No	Unknown	Unknown	damnant_quod_non_intellegunt
participant	CTDC-STUDY-609903	CTDC-PARTICIPANT-723698	Yes	No	Unknown	No	faber_est_suae_quisque_fortunae
participant	CTDC-STUDY-609903	CTDC-PARTICIPANT-627524	Yes	Yes	No	No	cacatum_non_est_pictum
participant	CTDC-STUDY-609903	CTDC-PARTICIPANT-755384	No	Yes	No	Unknown	Gallia_est_omnis_divisa_in_partes_tres
participant	CTDC-STUDY-609903	CTDC-PARTICIPANT-172709	Unknown	No	No	No	imperium_in_imperio
participant	CTDC-STUDY-609903	CTDC-PARTICIPANT-241615	Yes	No	Unknown	Unknown	id_quod_plerumque_accidit
participant	CTDC-STUDY-609903	CTDC-PARTICIPANT-181206	No	Yes	Yes	Yes	salus_in_arduis
participant	CTDC-STUDY-609903	CTDC-PARTICIPANT-794084	No	No	Unknown	Yes	haec_olim_meminisse_iuvabit
participant	CTDC-STUDY-609903	CTDC-PARTICIPANT-527590	Yes	Unknown	No	No	scientia_et_labor
participant	CTDC-STUDY-609903	CTDC-PARTICIPANT-903832	Yes	No	No	Yes	imperium_in_imperio
participant	CTDC-STUDY-609903	CTDC-PARTICIPANT-617726	No	Yes	Unknown	Unknown	scientia,_aere_perennius
participant	CTDC-STUDY-609903	CTDC-PARTICIPANT-417908	Unknown	Unknown	No	Unknown	id_quod_plerumque_accidit
participant	CTDC-STUDY-609903	CTDC-PARTICIPANT-573652	Yes	Unknown	Yes	Unknown	saltus_in_demonstrando
participant	CTDC-STUDY-609903	CTDC-PARTICIPANT-756028	Yes	No	Unknown	Unknown	scientia_imperii_decus_et_tutamen
participant	CTDC-STUDY-609903	CTDC-PARTICIPANT-145487	Yes	No	No	No	scientia_et_labor
participant	CTDC-STUDY-609903	CTDC-PARTICIPANT-300101	Unknown	No	Unknown	Unknown	faber_est_suae_quisque_fortunae
participant	CTDC-STUDY-609903	CTDC-PARTICIPANT-868867	Yes	No	Yes	Yes	scientia,_aere_perennius
participant	CTDC-STUDY-609903	CTDC-PARTICIPANT-246582	No	No	Yes	No	scientiae_cedit_mare
participant	CTDC-STUDY-609903	CTDC-PARTICIPANT-193517	No	Unknown	Unknown	No	pace_tua
participant	CTDC-STUDY-609903	CTDC-PARTICIPANT-730791	Yes	No	Yes	Yes	damnant_quod_non_intellegunt
participant	CTDC-STUDY-609903	CTDC-PARTICIPANT-245717	Unknown	Yes	Yes	No	Obedientia_civium_urbis_felicitas
participant	CTDC-STUDY-609903	CTDC-PARTICIPANT-144381	Unknown	Unknown	Yes	No	pace_tua
participant	CTDC-STUDY-609903	CTDC-PARTICIPANT-615561	Unknown	Yes	Yes	Unknown	Gallia_est_omnis_divisa_in_partes_tres
participant	CTDC-STUDY-609903	CTDC-PARTICIPANT-903334	No	No	Unknown	Unknown	nanos_gigantum_humeris_insidentes
participant	CTDC-STUDY-609903	CTDC-PARTICIPANT-168762	Yes	No	No	Unknown	saltus_in_demonstrando
participant	CTDC-STUDY-609903	CTDC-PARTICIPANT-511763	No	Yes	No	No	salus_in_arduis
participant	CTDC-STUDY-609903	CTDC-PARTICIPANT-943722	No	No	Unknown	No	pace_tua
participant	CTDC-STUDY-609903	CTDC-PARTICIPANT-119050	Yes	Unknown	No	Unknown	salus_in_arduis
participant	CTDC-STUDY-609903	CTDC-PARTICIPANT-869188	Unknown	Yes	Yes	Yes	scientia_et_labor
participant	CTDC-STUDY-609903	CTDC-PARTICIPANT-733770	Yes	Unknown	Unknown	Unknown	salus_in_arduis
participant	CTDC-STUDY-609903	CTDC-PARTICIPANT-117926	No	No	No	No	Obedientia_civium_urbis_felicitas
participant	CTDC-STUDY-609903	CTDC-PARTICIPANT-910438	No	Unknown	Unknown	Yes	e_causa_ignota
participant	CTDC-STUDY-609903	CTDC-PARTICIPANT-556810	Yes	No	No	Unknown	scientia_et_labor
participant	CTDC-STUDY-609903	CTDC-PARTICIPANT-532435	Unknown	No	No	Unknown	faber_est_suae_quisque_fortunae
participant	CTDC-STUDY-609903	CTDC-PARTICIPANT-122581	No	No	Unknown	Yes	scientia,_aere_perennius
participant	CTDC-STUDY-609903	CTDC-PARTICIPANT-644940	Unknown	Unknown	Unknown	Unknown	cacatum_non_est_pictum
participant	CTDC-STUDY-609903	CTDC-PARTICIPANT-858046	Yes	No	Unknown	No	nascentes_morimur_finisque_ab_origine_pendet
participant	CTDC-STUDY-609903	CTDC-PARTICIPANT-931464	Unknown	Yes	Yes	No	scientiae_cedit_mare
participant	CTDC-STUDY-609903	CTDC-PARTICIPANT-569880	Unknown	No	Yes	Unknown	Obedientia_civium_urbis_felicitas
participant	CTDC-STUDY-609903	CTDC-PARTICIPANT-148831	Unknown	Unknown	No	Unknown	cacatum_non_est_pictum
participant	CTDC-STUDY-609903	CTDC-PARTICIPANT-975244	Yes	No	Unknown	No	nanos_gigantum_humeris_insidentes
participant	CTDC-STUDY-609903	CTDC-PARTICIPANT-570320	Unknown	Yes	No	Yes	scientia,_aere_perennius
participant	CTDC-STUDY-609903	CTDC-PARTICIPANT-541078	Yes	No	Unknown	No	cacatum_non_est_pictum
participant	CTDC-STUDY-609903	CTDC-PARTICIPANT-468519	Unknown	No	Unknown	Yes	scientia_et_sapientia
participant	CTDC-STUDY-609903	CTDC-PARTICIPANT-480884	No	Unknown	Yes	Yes	scientiae_cedit_mare
participant	CTDC-STUDY-609903	CTDC-PARTICIPANT-479769	No	No	Unknown	Yes	nascentes_morimur_finisque_ab_origine_pendet
participant	CTDC-STUDY-609903	CTDC-PARTICIPANT-776559	No	Yes	No	Unknown	pace_tua
participant	CTDC-STUDY-609903	CTDC-PARTICIPANT-722812	No	Unknown	Yes	No	scientiae_cedit_mare
participant	CTDC-STUDY-609903	CTDC-PARTICIPANT-144749	Unknown	Unknown	Unknown	No	pace_tua
participant	CTDC-STUDY-609903	CTDC-PARTICIPANT-509623	Yes	No	No	Yes	scientia_imperii_decus_et_tutamen
participant	CTDC-STUDY-609903	CTDC-PARTICIPANT-178770	Unknown	Unknown	Unknown	Unknown	sapiens_qui_prospicit
participant	CTDC-STUDY-609903	CTDC-PARTICIPANT-880097	No	No	Unknown	Unknown	O_Tite_tute_Tati_tibi_tanta_tyranne_tulisti
participant	CTDC-STUDY-609903	CTDC-PARTICIPANT-578590	Yes	Unknown	Unknown	Unknown	scientiae_cedit_mare
participant	CTDC-STUDY-609903	CTDC-PARTICIPANT-144502	Unknown	No	No	Unknown	imperium_in_imperio
participant	CTDC-STUDY-609903	CTDC-PARTICIPANT-180514	Unknown	Yes	Yes	No	nascentes_morimur_finisque_ab_origine_pendet
participant	CTDC-STUDY-609903	CTDC-PARTICIPANT-326731	No	Yes	Yes	No	Gallia_est_omnis_divisa_in_partes_tres
participant	CTDC-STUDY-609903	CTDC-PARTICIPANT-548508	Unknown	Yes	Unknown	Yes	scientia,_aere_perennius
participant	CTDC-STUDY-609903	CTDC-PARTICIPANT-124632	Unknown	Yes	Yes	Yes	imperium_in_imperio
participant	CTDC-STUDY-609903	CTDC-PARTICIPANT-868232	No	Yes	No	Unknown	a_bene_placito
participant	CTDC-STUDY-609903	CTDC-PARTICIPANT-953395	Yes	No	No	Unknown	labor_ipse_voluptas
participant	CTDC-STUDY-609903	CTDC-PARTICIPANT-789514	No	Yes	Yes	Yes	O_Tite_tute_Tati_tibi_tanta_tyranne_tulisti
participant	CTDC-STUDY-609903	CTDC-PARTICIPANT-551066	Unknown	Yes	Unknown	No	scientiae_et_patriae
participant	CTDC-STUDY-609903	CTDC-PARTICIPANT-889503	Yes	Unknown	Unknown	Unknown	barba_crescit_caput_nescit
participant	CTDC-STUDY-609903	CTDC-PARTICIPANT-520702	No	Unknown	No	Yes	damnant_quod_non_intellegunt
participant	CTDC-STUDY-609903	CTDC-PARTICIPANT-817454	No	Yes	No	Yes	scientia_et_sapientia
participant	CTDC-STUDY-609903	CTDC-PARTICIPANT-178969	Unknown	Yes	Unknown	Yes	pace_tua
participant	CTDC-STUDY-609903	CTDC-PARTICIPANT-838660	No	Yes	No	Yes	damnant_quod_non_intellegunt
participant	CTDC-STUDY-609903	CTDC-PARTICIPANT-299283	Unknown	Yes	Yes	No	barba_crescit_caput_nescit
participant	CTDC-STUDY-609903	CTDC-PARTICIPANT-916037	Unknown	Yes	Unknown	Unknown	cacatum_non_est_pictum
participant	CTDC-STUDY-609903	CTDC-PARTICIPANT-582896	No	Yes	Yes	No	saltus_in_demonstrando
participant	CTDC-STUDY-609903	CTDC-PARTICIPANT-213116	Unknown	Yes	No	Yes	haec_olim_meminisse_iuvabit
participant	CTDC-STUDY-609903	CTDC-PARTICIPANT-700912	Unknown	Unknown	Unknown	Unknown	faber_est_suae_quisque_fortunae
participant	CTDC-STUDY-609903	CTDC-PARTICIPANT-631370	Unknown	No	Yes	Yes	nanos_gigantum_humeris_insidentes
participant	CTDC-STUDY-609903	CTDC-PARTICIPANT-155194	Yes	Yes	No	No	cacatum_non_est_pictum
participant	CTDC-STUDY-609903	CTDC-PARTICIPANT-341031	Yes	Yes	Yes	Unknown	nanos_gigantum_humeris_insidentes
participant	CTDC-STUDY-609903	CTDC-PARTICIPANT-603503	Unknown	Unknown	Yes	Unknown	scientiae_cedit_mare
participant	CTDC-STUDY-609903	CTDC-PARTICIPANT-177817	Yes	Yes	No	No	scientiae_cedit_mare
participant	CTDC-STUDY-609903	CTDC-PARTICIPANT-899013	Yes	Yes	Unknown	Yes	scientia,_aere_perennius
participant	CTDC-STUDY-609903	CTDC-PARTICIPANT-959532	Unknown	No	Yes	No	haec_olim_meminisse_iuvabit
participant	CTDC-STUDY-609903	CTDC-PARTICIPANT-379481	No	Yes	Yes	Unknown	scientiae_et_patriae
participant	CTDC-STUDY-609903	CTDC-PARTICIPANT-112719	No	Unknown	Unknown	No	nascentes_morimur_finisque_ab_origine_pendet
participant	CTDC-STUDY-609903	CTDC-PARTICIPANT-855649	Unknown	No	No	Unknown	O_Tite_tute_Tati_tibi_tanta_tyranne_tulisti
participant	CTDC-STUDY-609903	CTDC-PARTICIPANT-340189	No	No	Unknown	Yes	haec_olim_meminisse_iuvabit
participant	CTDC-STUDY-609903	CTDC-PARTICIPANT-975541	No	No	Yes	No	salus_in_arduis
