type	participant.participant_id	participant_status_record_id	survival_status	primary_cause_of_death	off_study	off_study_reason	crdc_id
participant_status	CTDC-PARTICIPANT-285902	CTDC-PARTICIPANT-STATUS-172702	Dead	Gallia_est_omnis_divisa_in_partes_tres	No	LACK OF EFFICACY	scientia_imperii_decus_et_tutamen
participant_status	CTDC-PARTICIPANT-395041	CTDC-PARTICIPANT-STATUS-909451	Alive with Disease	Macte_animo_Generose_puer_sic_itur_ad_astra	Unknown	RANDOMIZED BY MISTAKE WITH STUDY TREATMENT	nanos_gigantum_humeris_insidentes
participant_status	CTDC-PARTICIPANT-848303	CTDC-PARTICIPANT-STATUS-493406	Dead	O_Tite_tute_Tati_tibi_tanta_tyranne_tulisti	No	RECOVERY	imperium_in_imperio
participant_status	CTDC-PARTICIPANT-818056	CTDC-PARTICIPANT-STATUS-676395	DEAD	cacatum_non_est_pictum	Unknown	OTHER	Macte_animo_Generose_puer_sic_itur_ad_astra
participant_status	CTDC-PARTICIPANT-114136	CTDC-PARTICIPANT-STATUS-742543	Alive with No Evidence of Disease	labor_ipse_voluptas	No	WITHDRAWAL OF ASSENT	labor_ipse_voluptas
participant_status	CTDC-PARTICIPANT-422576	CTDC-PARTICIPANT-STATUS-307848	UNKNOWN	Gallia_est_omnis_divisa_in_partes_tres	Unknown	WITHDRAWAL OF CONSENT	scientia_et_labor
participant_status	CTDC-PARTICIPANT-818047	CTDC-PARTICIPANT-STATUS-236353	Alive with Disease	Macte_animo_Generose_puer_sic_itur_ad_astra	No	STUDY TERMINATED BY SPONSOR	nanos_gigantum_humeris_insidentes
participant_status	CTDC-PARTICIPANT-896665	CTDC-PARTICIPANT-STATUS-945368	Alive with Disease	e_causa_ignota	Yes	WITHDRAWAL BY PARENT/GUARDIAN	salus_in_arduis
participant_status	CTDC-PARTICIPANT-562413	CTDC-PARTICIPANT-STATUS-312342	Dead	haec_olim_meminisse_iuvabit	Yes	FAILURE TO MEET RANDOMIZATION CRITERIA	scientiae_et_patriae
participant_status	CTDC-PARTICIPANT-216011	CTDC-PARTICIPANT-STATUS-223954	Dead	scientia_imperii_decus_et_tutamen	Yes	SITE TERMINATED BY SPONSOR	Obedientia_civium_urbis_felicitas
participant_status	CTDC-PARTICIPANT-847934	CTDC-PARTICIPANT-STATUS-882037	Dead	scientia_et_sapientia	Yes	NON-COMPLIANCE WITH NON-STUDY DEVICE	labor_ipse_voluptas
participant_status	CTDC-PARTICIPANT-630851	CTDC-PARTICIPANT-STATUS-121862	Alive with Disease	scientia_et_sapientia	Unknown	TECHNICAL PROBLEMS	Gallia_est_omnis_divisa_in_partes_tres
participant_status	CTDC-PARTICIPANT-771842	CTDC-PARTICIPANT-STATUS-144763	UNKNOWN	scientia_et_labor	Yes	RANDOMIZED BY MISTAKE WITH STUDY TREATMENT	e_causa_ignota
participant_status	CTDC-PARTICIPANT-592343	CTDC-PARTICIPANT-STATUS-200654	DEAD	e_causa_ignota	No	COMPLETED	a_bene_placito
participant_status	CTDC-PARTICIPANT-692508	CTDC-PARTICIPANT-STATUS-255577	Alive with No Evidence of Disease	nanos_gigantum_humeris_insidentes	Unknown	LACK OF EFFICACY	labor_ipse_voluptas
participant_status	CTDC-PARTICIPANT-908655	CTDC-PARTICIPANT-STATUS-126715	DEAD	labor_ipse_voluptas	Yes	WITHDRAWAL BY SUBJECT	haec_olim_meminisse_iuvabit
participant_status	CTDC-PARTICIPANT-382150	CTDC-PARTICIPANT-STATUS-230570	ALIVE	cacatum_non_est_pictum	Unknown	NEVER DOSED	Macte_animo_Generose_puer_sic_itur_ad_astra
participant_status	CTDC-PARTICIPANT-605809	CTDC-PARTICIPANT-STATUS-644389	Dead	scientia_et_labor	Unknown	NON-COMPLIANCE WITH NON-STUDY DEVICE	labor_ipse_voluptas
participant_status	CTDC-PARTICIPANT-912708	CTDC-PARTICIPANT-STATUS-549706	ALIVE	Gallia_est_omnis_divisa_in_partes_tres	No	PARTNER PREGNANCY	e_causa_ignota
participant_status	CTDC-PARTICIPANT-481872	CTDC-PARTICIPANT-STATUS-999000	Dead	saltus_in_demonstrando	No	PROGRESSIVE DISEASE	scientia_et_labor
participant_status	CTDC-PARTICIPANT-949296	CTDC-PARTICIPANT-STATUS-190271	Alive with Disease	nanos_gigantum_humeris_insidentes	Unknown	RECOVERY	scientia_imperii_decus_et_tutamen
participant_status	CTDC-PARTICIPANT-625089	CTDC-PARTICIPANT-STATUS-269621	UNKNOWN	sapiens_qui_prospicit	Yes	WITHDRAWAL OF ASSENT	saltus_in_demonstrando
participant_status	CTDC-PARTICIPANT-457982	CTDC-PARTICIPANT-STATUS-858705	ALIVE	Macte_animo_Generose_puer_sic_itur_ad_astra	No	SCREENING NOT COMPLETED	id_quod_plerumque_accidit
participant_status	CTDC-PARTICIPANT-852223	CTDC-PARTICIPANT-STATUS-988091	ALIVE	cacatum_non_est_pictum	Yes	OTHER	cacatum_non_est_pictum
participant_status	CTDC-PARTICIPANT-700372	CTDC-PARTICIPANT-STATUS-444151	Alive, Disease Status Unknown	a_bene_placito	Yes	PREGNANCY	haec_olim_meminisse_iuvabit
participant_status	CTDC-PARTICIPANT-888849	CTDC-PARTICIPANT-STATUS-943145	DEAD	sapiens_qui_prospicit	No	NEVER DOSED	labor_ipse_voluptas
participant_status	CTDC-PARTICIPANT-248623	CTDC-PARTICIPANT-STATUS-698013	UNKNOWN	id_quod_plerumque_accidit	No	NON-COMPLIANCE WITH STUDY DEVICE	cacatum_non_est_pictum
participant_status	CTDC-PARTICIPANT-616751	CTDC-PARTICIPANT-STATUS-488367	ALIVE	scientia_et_sapientia	Yes	PROTOCOL DEVIATION	id_quod_plerumque_accidit
participant_status	CTDC-PARTICIPANT-517161	CTDC-PARTICIPANT-STATUS-919660	UNKNOWN	faber_est_suae_quisque_fortunae	Yes	PROGRESSIVE DISEASE	scientia_et_sapientia
participant_status	CTDC-PARTICIPANT-927569	CTDC-PARTICIPANT-STATUS-577958	Alive, Disease Status Unknown	Gallia_est_omnis_divisa_in_partes_tres	Unknown	WITHDRAWAL BY PARENT/GUARDIAN	faber_est_suae_quisque_fortunae
participant_status	CTDC-PARTICIPANT-634634	CTDC-PARTICIPANT-STATUS-179325	Alive with Disease	a_bene_placito	Unknown	PREGNANCY	scientiae_et_patriae
participant_status	CTDC-PARTICIPANT-134394	CTDC-PARTICIPANT-STATUS-248471	UNKNOWN	scientia_et_labor	No	NEVER DOSED	haec_olim_meminisse_iuvabit
participant_status	CTDC-PARTICIPANT-977869	CTDC-PARTICIPANT-STATUS-156821	ALIVE	salus_in_arduis	Yes	DISEASE RELAPSE	O_Tite_tute_Tati_tibi_tanta_tyranne_tulisti
participant_status	CTDC-PARTICIPANT-552335	CTDC-PARTICIPANT-STATUS-231899	ALIVE	imperium_in_imperio	Unknown	WITHDRAWAL OF CONSENT	barba_crescit_caput_nescit
participant_status	CTDC-PARTICIPANT-266536	CTDC-PARTICIPANT-STATUS-366636	Alive with Disease	scientia_et_labor	Unknown	RANDOMIZED BY MISTAKE WITHOUT STUDY TREATMENT	faber_est_suae_quisque_fortunae
participant_status	CTDC-PARTICIPANT-669430	CTDC-PARTICIPANT-STATUS-370934	Alive with Disease	scientia_imperii_decus_et_tutamen	Yes	PROTOCOL-SPECIFIED WITHDRAWAL CRITERION MET	scientiae_cedit_mare
participant_status	CTDC-PARTICIPANT-236757	CTDC-PARTICIPANT-STATUS-836249	ALIVE	labor_ipse_voluptas	Yes	OTHER	haec_olim_meminisse_iuvabit
participant_status	CTDC-PARTICIPANT-246586	CTDC-PARTICIPANT-STATUS-290959	Alive with Disease	labor_ipse_voluptas	Yes	RECOVERY	a_bene_placito
participant_status	CTDC-PARTICIPANT-819052	CTDC-PARTICIPANT-STATUS-896614	ALIVE	id_quod_plerumque_accidit	No	PROTOCOL-SPECIFIED WITHDRAWAL CRITERION MET	scientia_et_sapientia
participant_status	CTDC-PARTICIPANT-658782	CTDC-PARTICIPANT-STATUS-897676	UNKNOWN	Gallia_est_omnis_divisa_in_partes_tres	Unknown	LACK OF EFFICACY	scientiae_et_patriae
participant_status	CTDC-PARTICIPANT-755947	CTDC-PARTICIPANT-STATUS-822013	Alive with Disease	nanos_gigantum_humeris_insidentes	No	PHYSICIAN DECISION	cacatum_non_est_pictum
participant_status	CTDC-PARTICIPANT-626648	CTDC-PARTICIPANT-STATUS-991001	Alive with No Evidence of Disease	faber_est_suae_quisque_fortunae	Yes	PROTOCOL VIOLATION	scientia,_aere_perennius
participant_status	CTDC-PARTICIPANT-102667	CTDC-PARTICIPANT-STATUS-351473	Alive with Disease	scientia_imperii_decus_et_tutamen	Yes	SCREEN FAILURE	imperium_in_imperio
participant_status	CTDC-PARTICIPANT-418183	CTDC-PARTICIPANT-STATUS-437804	Alive with No Evidence of Disease	scientiae_et_patriae	Unknown	WITHDRAWAL OF ASSENT	cacatum_non_est_pictum
participant_status	CTDC-PARTICIPANT-255094	CTDC-PARTICIPANT-STATUS-831800	ALIVE	scientia_et_sapientia	Yes	MET ELIGIBILITY CRITERIA BUT NOT NEEDED	faber_est_suae_quisque_fortunae
participant_status	CTDC-PARTICIPANT-725394	CTDC-PARTICIPANT-STATUS-556588	Alive with No Evidence of Disease	id_quod_plerumque_accidit	Unknown	TECHNICAL PROBLEMS	Gallia_est_omnis_divisa_in_partes_tres
participant_status	CTDC-PARTICIPANT-826990	CTDC-PARTICIPANT-STATUS-707062	Alive, Disease Status Unknown	Obedientia_civium_urbis_felicitas	No	FAILURE TO MEET CONTINUATION CRITERIA	sapiens_qui_prospicit
participant_status	CTDC-PARTICIPANT-475422	CTDC-PARTICIPANT-STATUS-351138	DEAD	Obedientia_civium_urbis_felicitas	No	TECHNICAL PROBLEMS	id_quod_plerumque_accidit
participant_status	CTDC-PARTICIPANT-411072	CTDC-PARTICIPANT-STATUS-999222	Alive with No Evidence of Disease	Obedientia_civium_urbis_felicitas	No	WITHDRAWAL OF ASSENT	nanos_gigantum_humeris_insidentes
participant_status	CTDC-PARTICIPANT-727896	CTDC-PARTICIPANT-STATUS-434803	ALIVE	scientia_imperii_decus_et_tutamen	No	APPROVED DRUG AVAILABLE FOR INDICATION	Gallia_est_omnis_divisa_in_partes_tres
participant_status	CTDC-PARTICIPANT-924317	CTDC-PARTICIPANT-STATUS-913634	ALIVE	salus_in_arduis	Yes	DEATH	Obedientia_civium_urbis_felicitas
participant_status	CTDC-PARTICIPANT-217299	CTDC-PARTICIPANT-STATUS-869709	DEAD	haec_olim_meminisse_iuvabit	No	NON-COMPLIANCE WITH NON-STUDY DEVICE	a_bene_placito
participant_status	CTDC-PARTICIPANT-612053	CTDC-PARTICIPANT-STATUS-420849	Alive, Disease Status Unknown	scientia,_aere_perennius	Yes	LACK OF EFFICACY	sapiens_qui_prospicit
participant_status	CTDC-PARTICIPANT-643598	CTDC-PARTICIPANT-STATUS-338387	Alive with Disease	scientiae_cedit_mare	Yes	MET ELIGIBILITY CRITERIA BUT NOT NEEDED	scientia_et_labor
participant_status	CTDC-PARTICIPANT-752377	CTDC-PARTICIPANT-STATUS-730733	UNKNOWN	cacatum_non_est_pictum	Yes	RECOVERY	Gallia_est_omnis_divisa_in_partes_tres
participant_status	CTDC-PARTICIPANT-984423	CTDC-PARTICIPANT-STATUS-519387	Alive with No Evidence of Disease	O_Tite_tute_Tati_tibi_tanta_tyranne_tulisti	Unknown	WITHDRAWAL BY PARENT/GUARDIAN	scientia_imperii_decus_et_tutamen
participant_status	CTDC-PARTICIPANT-709410	CTDC-PARTICIPANT-STATUS-475678	UNKNOWN	cacatum_non_est_pictum	Yes	LOGISTICAL PROBLEM	cacatum_non_est_pictum
participant_status	CTDC-PARTICIPANT-940790	CTDC-PARTICIPANT-STATUS-950710	Alive, Disease Status Unknown	labor_ipse_voluptas	Unknown	PHYSICIAN DECISION	damnant_quod_non_intellegunt
participant_status	CTDC-PARTICIPANT-277817	CTDC-PARTICIPANT-STATUS-434760	Alive, Disease Status Unknown	id_quod_plerumque_accidit	No	NON-COMPLIANCE WITH STUDY SCHEDULE	haec_olim_meminisse_iuvabit
participant_status	CTDC-PARTICIPANT-635212	CTDC-PARTICIPANT-STATUS-417313	DEAD	nascentes_morimur_finisque_ab_origine_pendet	Yes	TECHNICAL PROBLEMS	saltus_in_demonstrando
participant_status	CTDC-PARTICIPANT-845787	CTDC-PARTICIPANT-STATUS-293007	UNKNOWN	Macte_animo_Generose_puer_sic_itur_ad_astra	No	TECHNICAL PROBLEMS	Macte_animo_Generose_puer_sic_itur_ad_astra
participant_status	CTDC-PARTICIPANT-938156	CTDC-PARTICIPANT-STATUS-521406	Alive with No Evidence of Disease	faber_est_suae_quisque_fortunae	Unknown	LOGISTICAL PROBLEM	pace_tua
participant_status	CTDC-PARTICIPANT-803823	CTDC-PARTICIPANT-STATUS-844609	ALIVE	Gallia_est_omnis_divisa_in_partes_tres	Yes	TECHNICAL PROBLEMS	cacatum_non_est_pictum
participant_status	CTDC-PARTICIPANT-455737	CTDC-PARTICIPANT-STATUS-541114	Dead	nascentes_morimur_finisque_ab_origine_pendet	No	OTHER	scientia_et_sapientia
participant_status	CTDC-PARTICIPANT-518334	CTDC-PARTICIPANT-STATUS-538064	Alive with No Evidence of Disease	saltus_in_demonstrando	Yes	PROGRESSIVE DISEASE	haec_olim_meminisse_iuvabit
participant_status	CTDC-PARTICIPANT-548324	CTDC-PARTICIPANT-STATUS-792264	DEAD	Gallia_est_omnis_divisa_in_partes_tres	No	RECOVERY	saltus_in_demonstrando
participant_status	CTDC-PARTICIPANT-693831	CTDC-PARTICIPANT-STATUS-333160	Alive with Disease	salus_in_arduis	Unknown	NEVER DOSED	pace_tua
participant_status	CTDC-PARTICIPANT-345629	CTDC-PARTICIPANT-STATUS-985727	ALIVE	salus_in_arduis	Yes	RANDOMIZED BY MISTAKE WITHOUT STUDY TREATMENT	scientiae_cedit_mare
participant_status	CTDC-PARTICIPANT-151888	CTDC-PARTICIPANT-STATUS-862044	Alive, Disease Status Unknown	damnant_quod_non_intellegunt	Yes	NEVER DOSED	pace_tua
participant_status	CTDC-PARTICIPANT-911273	CTDC-PARTICIPANT-STATUS-725590	Alive with No Evidence of Disease	e_causa_ignota	No	NON-COMPLIANCE WITH STUDY DEVICE	faber_est_suae_quisque_fortunae
participant_status	CTDC-PARTICIPANT-862923	CTDC-PARTICIPANT-STATUS-121235	ALIVE	scientia_imperii_decus_et_tutamen	Yes	SPONSOR REQUEST	id_quod_plerumque_accidit
participant_status	CTDC-PARTICIPANT-716314	CTDC-PARTICIPANT-STATUS-200480	Dead	O_Tite_tute_Tati_tibi_tanta_tyranne_tulisti	Unknown	APPROVED DRUG AVAILABLE FOR INDICATION	cacatum_non_est_pictum
participant_status	CTDC-PARTICIPANT-555997	CTDC-PARTICIPANT-STATUS-842130	UNKNOWN	scientia_et_labor	No	FAILURE TO MEET CONTINUATION CRITERIA	labor_ipse_voluptas
participant_status	CTDC-PARTICIPANT-317484	CTDC-PARTICIPANT-STATUS-371080	UNKNOWN	nascentes_morimur_finisque_ab_origine_pendet	Yes	FAILURE TO MEET CONTINUATION CRITERIA	damnant_quod_non_intellegunt
participant_status	CTDC-PARTICIPANT-629268	CTDC-PARTICIPANT-STATUS-644201	DEAD	scientiae_cedit_mare	Unknown	WITHDRAWAL OF CONSENT	labor_ipse_voluptas
participant_status	CTDC-PARTICIPANT-153199	CTDC-PARTICIPANT-STATUS-136237	DEAD	haec_olim_meminisse_iuvabit	No	MET ELIGIBILITY CRITERIA BUT NOT NEEDED	scientia_imperii_decus_et_tutamen
participant_status	CTDC-PARTICIPANT-381936	CTDC-PARTICIPANT-STATUS-739738	Alive with Disease	Gallia_est_omnis_divisa_in_partes_tres	Yes	APPROVED DRUG AVAILABLE FOR INDICATION	damnant_quod_non_intellegunt
participant_status	CTDC-PARTICIPANT-866904	CTDC-PARTICIPANT-STATUS-328437	Alive with No Evidence of Disease	e_causa_ignota	Unknown	RANDOMIZED BY MISTAKE WITH STUDY TREATMENT	cacatum_non_est_pictum
participant_status	CTDC-PARTICIPANT-842962	CTDC-PARTICIPANT-STATUS-647715	Alive with Disease	nascentes_morimur_finisque_ab_origine_pendet	Yes	ADVERSE EVENT	faber_est_suae_quisque_fortunae
participant_status	CTDC-PARTICIPANT-284794	CTDC-PARTICIPANT-STATUS-630239	Alive with Disease	saltus_in_demonstrando	Unknown	LOST TO FOLLOW-UP	haec_olim_meminisse_iuvabit
participant_status	CTDC-PARTICIPANT-663400	CTDC-PARTICIPANT-STATUS-674054	Alive, Disease Status Unknown	cacatum_non_est_pictum	Unknown	SCREEN FAILURE	Macte_animo_Generose_puer_sic_itur_ad_astra
participant_status	CTDC-PARTICIPANT-307047	CTDC-PARTICIPANT-STATUS-531836	ALIVE	damnant_quod_non_intellegunt	Yes	DEATH	saltus_in_demonstrando
participant_status	CTDC-PARTICIPANT-684301	CTDC-PARTICIPANT-STATUS-607327	ALIVE	salus_in_arduis	No	PHYSICIAN DECISION	faber_est_suae_quisque_fortunae
participant_status	CTDC-PARTICIPANT-818286	CTDC-PARTICIPANT-STATUS-832109	Alive, Disease Status Unknown	labor_ipse_voluptas	Yes	WITHDRAWAL OF ASSENT	scientiae_cedit_mare
participant_status	CTDC-PARTICIPANT-993025	CTDC-PARTICIPANT-STATUS-596739	Alive, Disease Status Unknown	a_bene_placito	Yes	LOST TO FOLLOW-UP	Obedientia_civium_urbis_felicitas
participant_status	CTDC-PARTICIPANT-578185	CTDC-PARTICIPANT-STATUS-718601	Alive with Disease	scientia,_aere_perennius	Unknown	WITHDRAWAL OF ASSENT	pace_tua
participant_status	CTDC-PARTICIPANT-324715	CTDC-PARTICIPANT-STATUS-800429	ALIVE	nascentes_morimur_finisque_ab_origine_pendet	No	SITE TERMINATED BY SPONSOR	scientia_et_sapientia
participant_status	CTDC-PARTICIPANT-678673	CTDC-PARTICIPANT-STATUS-367758	ALIVE	nanos_gigantum_humeris_insidentes	No	REQUIRES PROHIBITED MEDICATION	haec_olim_meminisse_iuvabit
participant_status	CTDC-PARTICIPANT-571518	CTDC-PARTICIPANT-STATUS-317771	Alive, Disease Status Unknown	e_causa_ignota	No	FAILURE TO MEET RANDOMIZATION CRITERIA	pace_tua
participant_status	CTDC-PARTICIPANT-873392	CTDC-PARTICIPANT-STATUS-443263	DEAD	haec_olim_meminisse_iuvabit	Unknown	OTHER	imperium_in_imperio
participant_status	CTDC-PARTICIPANT-468304	CTDC-PARTICIPANT-STATUS-868556	Alive, Disease Status Unknown	salus_in_arduis	Yes	PROTOCOL DEVIATION	a_bene_placito
participant_status	CTDC-PARTICIPANT-509129	CTDC-PARTICIPANT-STATUS-845127	Alive with Disease	nascentes_morimur_finisque_ab_origine_pendet	Yes	COMPLETED	Macte_animo_Generose_puer_sic_itur_ad_astra
participant_status	CTDC-PARTICIPANT-536078	CTDC-PARTICIPANT-STATUS-743021	DEAD	id_quod_plerumque_accidit	Unknown	COMPLETED	Gallia_est_omnis_divisa_in_partes_tres
participant_status	CTDC-PARTICIPANT-406641	CTDC-PARTICIPANT-STATUS-330531	UNKNOWN	sapiens_qui_prospicit	Yes	LACK OF EFFICACY	sapiens_qui_prospicit
participant_status	CTDC-PARTICIPANT-382497	CTDC-PARTICIPANT-STATUS-875155	Dead	salus_in_arduis	Unknown	WITHDRAWAL BY PARENT/GUARDIAN	labor_ipse_voluptas
participant_status	CTDC-PARTICIPANT-697606	CTDC-PARTICIPANT-STATUS-390110	Alive, Disease Status Unknown	scientiae_cedit_mare	Yes	OTHER	imperium_in_imperio
participant_status	CTDC-PARTICIPANT-546234	CTDC-PARTICIPANT-STATUS-605706	DEAD	labor_ipse_voluptas	Yes	PREGNANCY	barba_crescit_caput_nescit
participant_status	CTDC-PARTICIPANT-693469	CTDC-PARTICIPANT-STATUS-950431	ALIVE	Macte_animo_Generose_puer_sic_itur_ad_astra	Yes	STUDY TERMINATED BY SPONSOR	cacatum_non_est_pictum
participant_status	CTDC-PARTICIPANT-922088	CTDC-PARTICIPANT-STATUS-938528	UNKNOWN	id_quod_plerumque_accidit	No	NON-COMPLIANCE WITH NON-STUDY DEVICE	sapiens_qui_prospicit
participant_status	CTDC-PARTICIPANT-141305	CTDC-PARTICIPANT-STATUS-651526	Alive with No Evidence of Disease	faber_est_suae_quisque_fortunae	Yes	RANDOMIZED BY MISTAKE WITHOUT STUDY TREATMENT	nanos_gigantum_humeris_insidentes
participant_status	CTDC-PARTICIPANT-367517	CTDC-PARTICIPANT-STATUS-135835	Dead	nanos_gigantum_humeris_insidentes	Unknown	MET ELIGIBILITY CRITERIA BUT NOT NEEDED	imperium_in_imperio
participant_status	CTDC-PARTICIPANT-465076	CTDC-PARTICIPANT-STATUS-123134	ALIVE	imperium_in_imperio	Yes	PROTOCOL VIOLATION	saltus_in_demonstrando
participant_status	CTDC-PARTICIPANT-615323	CTDC-PARTICIPANT-STATUS-571418	Alive with Disease	e_causa_ignota	No	RECOVERY	scientiae_et_patriae
participant_status	CTDC-PARTICIPANT-732925	CTDC-PARTICIPANT-STATUS-318259	Alive with Disease	damnant_quod_non_intellegunt	No	FAILURE TO MEET CONTINUATION CRITERIA	salus_in_arduis
participant_status	CTDC-PARTICIPANT-920683	CTDC-PARTICIPANT-STATUS-667563	DEAD	salus_in_arduis	Yes	PROTOCOL-SPECIFIED WITHDRAWAL CRITERION MET	saltus_in_demonstrando
participant_status	CTDC-PARTICIPANT-301240	CTDC-PARTICIPANT-STATUS-294461	Alive with No Evidence of Disease	id_quod_plerumque_accidit	No	PROTOCOL VIOLATION	sapiens_qui_prospicit
participant_status	CTDC-PARTICIPANT-237383	CTDC-PARTICIPANT-STATUS-874548	Dead	labor_ipse_voluptas	Yes	NON-COMPLIANCE WITH STUDY DEVICE	nanos_gigantum_humeris_insidentes
participant_status	CTDC-PARTICIPANT-981957	CTDC-PARTICIPANT-STATUS-743546	Alive with Disease	scientia,_aere_perennius	No	NON-COMPLIANCE WITH STUDY SCHEDULE	faber_est_suae_quisque_fortunae
participant_status	CTDC-PARTICIPANT-582946	CTDC-PARTICIPANT-STATUS-818260	Alive with No Evidence of Disease	scientiae_et_patriae	Yes	LACK OF EFFICACY	a_bene_placito
participant_status	CTDC-PARTICIPANT-498534	CTDC-PARTICIPANT-STATUS-181931	DEAD	damnant_quod_non_intellegunt	Yes	NON-COMPLIANCE WITH STUDY DRUG	scientiae_et_patriae
participant_status	CTDC-PARTICIPANT-263539	CTDC-PARTICIPANT-STATUS-222615	Alive with Disease	damnant_quod_non_intellegunt	Unknown	LACK OF EFFICACY	labor_ipse_voluptas
participant_status	CTDC-PARTICIPANT-548153	CTDC-PARTICIPANT-STATUS-697045	Alive with Disease	Gallia_est_omnis_divisa_in_partes_tres	Yes	SITE TERMINATED BY SPONSOR	O_Tite_tute_Tati_tibi_tanta_tyranne_tulisti
participant_status	CTDC-PARTICIPANT-975057	CTDC-PARTICIPANT-STATUS-747296	Alive, Disease Status Unknown	Gallia_est_omnis_divisa_in_partes_tres	No	PROTOCOL-SPECIFIED WITHDRAWAL CRITERION MET	imperium_in_imperio
participant_status	CTDC-PARTICIPANT-107028	CTDC-PARTICIPANT-STATUS-118403	Dead	imperium_in_imperio	No	SITE TERMINATED BY SPONSOR	Gallia_est_omnis_divisa_in_partes_tres
participant_status	CTDC-PARTICIPANT-227268	CTDC-PARTICIPANT-STATUS-745252	Alive with Disease	labor_ipse_voluptas	Unknown	NON-COMPLIANCE WITH STUDY DRUG	Gallia_est_omnis_divisa_in_partes_tres
participant_status	CTDC-PARTICIPANT-367248	CTDC-PARTICIPANT-STATUS-233724	Alive with No Evidence of Disease	pace_tua	Unknown	PROTOCOL DEVIATION	labor_ipse_voluptas
participant_status	CTDC-PARTICIPANT-450141	CTDC-PARTICIPANT-STATUS-672345	Alive, Disease Status Unknown	damnant_quod_non_intellegunt	Yes	TECHNICAL PROBLEMS	a_bene_placito
participant_status	CTDC-PARTICIPANT-828061	CTDC-PARTICIPANT-STATUS-608760	Dead	Macte_animo_Generose_puer_sic_itur_ad_astra	Unknown	NON-COMPLIANCE WITH NON-STUDY DEVICE	Macte_animo_Generose_puer_sic_itur_ad_astra
participant_status	CTDC-PARTICIPANT-351016	CTDC-PARTICIPANT-STATUS-513771	Alive with No Evidence of Disease	faber_est_suae_quisque_fortunae	Yes	RANDOMIZED BY MISTAKE WITH STUDY TREATMENT	Obedientia_civium_urbis_felicitas
participant_status	CTDC-PARTICIPANT-403624	CTDC-PARTICIPANT-STATUS-487689	ALIVE	Obedientia_civium_urbis_felicitas	Yes	NON-COMPLIANCE WITH NON-STUDY DEVICE	faber_est_suae_quisque_fortunae
participant_status	CTDC-PARTICIPANT-477605	CTDC-PARTICIPANT-STATUS-469378	DEAD	pace_tua	Yes	NON-COMPLIANCE WITH STUDY DRUG	pace_tua
participant_status	CTDC-PARTICIPANT-725824	CTDC-PARTICIPANT-STATUS-629628	Alive with Disease	sapiens_qui_prospicit	Unknown	LACK OF EFFICACY	Obedientia_civium_urbis_felicitas
participant_status	CTDC-PARTICIPANT-468027	CTDC-PARTICIPANT-STATUS-524095	ALIVE	cacatum_non_est_pictum	Unknown	TECHNICAL PROBLEMS	scientia,_aere_perennius
participant_status	CTDC-PARTICIPANT-685145	CTDC-PARTICIPANT-STATUS-195619	Alive, Disease Status Unknown	id_quod_plerumque_accidit	No	NON-COMPLIANCE WITH STUDY DEVICE	e_causa_ignota
participant_status	CTDC-PARTICIPANT-763370	CTDC-PARTICIPANT-STATUS-675085	Alive with Disease	imperium_in_imperio	No	PREGNANCY	O_Tite_tute_Tati_tibi_tanta_tyranne_tulisti
participant_status	CTDC-PARTICIPANT-265206	CTDC-PARTICIPANT-STATUS-563685	Alive with No Evidence of Disease	scientia,_aere_perennius	Yes	NO LONGER CLINICALLY BENEFITING	salus_in_arduis
participant_status	CTDC-PARTICIPANT-486592	CTDC-PARTICIPANT-STATUS-480229	UNKNOWN	scientia_et_labor	No	APPROVED DRUG AVAILABLE FOR INDICATION	imperium_in_imperio
participant_status	CTDC-PARTICIPANT-219262	CTDC-PARTICIPANT-STATUS-566566	ALIVE	pace_tua	Yes	NEVER DOSED	faber_est_suae_quisque_fortunae
participant_status	CTDC-PARTICIPANT-171311	CTDC-PARTICIPANT-STATUS-449079	Alive with Disease	pace_tua	No	NON-COMPLIANCE WITH STUDY SCHEDULE	pace_tua
participant_status	CTDC-PARTICIPANT-375333	CTDC-PARTICIPANT-STATUS-331490	Alive with Disease	Obedientia_civium_urbis_felicitas	Unknown	WITHDRAWAL BY SUBJECT	Macte_animo_Generose_puer_sic_itur_ad_astra
participant_status	CTDC-PARTICIPANT-258626	CTDC-PARTICIPANT-STATUS-527544	DEAD	cacatum_non_est_pictum	Unknown	MET ELIGIBILITY CRITERIA BUT NOT NEEDED	nanos_gigantum_humeris_insidentes
participant_status	CTDC-PARTICIPANT-476700	CTDC-PARTICIPANT-STATUS-506189	Alive with Disease	a_bene_placito	Yes	LOGISTICAL PROBLEM	nanos_gigantum_humeris_insidentes
participant_status	CTDC-PARTICIPANT-370927	CTDC-PARTICIPANT-STATUS-898256	DEAD	salus_in_arduis	Unknown	TECHNICAL PROBLEMS	Obedientia_civium_urbis_felicitas
participant_status	CTDC-PARTICIPANT-854959	CTDC-PARTICIPANT-STATUS-680290	Alive with Disease	labor_ipse_voluptas	No	RANDOMIZED BY MISTAKE WITH STUDY TREATMENT	cacatum_non_est_pictum
participant_status	CTDC-PARTICIPANT-902884	CTDC-PARTICIPANT-STATUS-309446	Alive with No Evidence of Disease	e_causa_ignota	Unknown	NON-COMPLIANCE WITH STUDY DEVICE	scientiae_cedit_mare
participant_status	CTDC-PARTICIPANT-739665	CTDC-PARTICIPANT-STATUS-611168	UNKNOWN	e_causa_ignota	No	WITHDRAWAL BY PARENT/GUARDIAN	barba_crescit_caput_nescit
participant_status	CTDC-PARTICIPANT-602860	CTDC-PARTICIPANT-STATUS-926314	Alive with No Evidence of Disease	haec_olim_meminisse_iuvabit	Unknown	LACK OF EFFICACY	e_causa_ignota
participant_status	CTDC-PARTICIPANT-230731	CTDC-PARTICIPANT-STATUS-439820	Alive with Disease	sapiens_qui_prospicit	Yes	PROTOCOL DEVIATION	nascentes_morimur_finisque_ab_origine_pendet
participant_status	CTDC-PARTICIPANT-146827	CTDC-PARTICIPANT-STATUS-123095	Dead	nascentes_morimur_finisque_ab_origine_pendet	Yes	PARTNER PREGNANCY	pace_tua
participant_status	CTDC-PARTICIPANT-288961	CTDC-PARTICIPANT-STATUS-209621	Alive with No Evidence of Disease	O_Tite_tute_Tati_tibi_tanta_tyranne_tulisti	No	NON-COMPLIANCE WITH STUDY DEVICE	scientiae_cedit_mare
participant_status	CTDC-PARTICIPANT-895862	CTDC-PARTICIPANT-STATUS-219107	ALIVE	scientiae_et_patriae	No	FAILURE TO MEET RANDOMIZATION CRITERIA	a_bene_placito
participant_status	CTDC-PARTICIPANT-495302	CTDC-PARTICIPANT-STATUS-487146	ALIVE	scientia,_aere_perennius	Yes	MET ELIGIBILITY CRITERIA BUT NOT NEEDED	id_quod_plerumque_accidit
participant_status	CTDC-PARTICIPANT-586755	CTDC-PARTICIPANT-STATUS-519006	UNKNOWN	scientia,_aere_perennius	Unknown	REQUIRES PROHIBITED MEDICATION	Macte_animo_Generose_puer_sic_itur_ad_astra
participant_status	CTDC-PARTICIPANT-211132	CTDC-PARTICIPANT-STATUS-264189	UNKNOWN	nascentes_morimur_finisque_ab_origine_pendet	No	DISEASE RELAPSE	pace_tua
participant_status	CTDC-PARTICIPANT-389913	CTDC-PARTICIPANT-STATUS-584406	Alive with Disease	faber_est_suae_quisque_fortunae	No	SPONSOR REQUEST	scientia_et_labor
participant_status	CTDC-PARTICIPANT-579844	CTDC-PARTICIPANT-STATUS-689243	Alive, Disease Status Unknown	scientiae_cedit_mare	Unknown	STUDY TERMINATED BY SPONSOR	scientiae_et_patriae
participant_status	CTDC-PARTICIPANT-196079	CTDC-PARTICIPANT-STATUS-582637	DEAD	O_Tite_tute_Tati_tibi_tanta_tyranne_tulisti	Unknown	COMPLETED	scientia,_aere_perennius
participant_status	CTDC-PARTICIPANT-221589	CTDC-PARTICIPANT-STATUS-243824	Alive with No Evidence of Disease	cacatum_non_est_pictum	Unknown	FAILURE TO MEET CONTINUATION CRITERIA	faber_est_suae_quisque_fortunae
participant_status	CTDC-PARTICIPANT-479741	CTDC-PARTICIPANT-STATUS-773286	Alive with Disease	labor_ipse_voluptas	Unknown	NO LONGER CLINICALLY BENEFITING	scientia_imperii_decus_et_tutamen
participant_status	CTDC-PARTICIPANT-371871	CTDC-PARTICIPANT-STATUS-388465	Alive with Disease	scientiae_et_patriae	No	NON-COMPLIANCE WITH STUDY DEVICE	e_causa_ignota
