type	study.study_short_name	person_record_id	person_first_name	person_last_name	person_middle_name	person_orcid	crdc_id
principal_investigator	CTDC-STUDY-441495	CTDC-PRINCIPAL-INVESTIGATOR-383192	pace_tua	scientia_et_labor	saltus_in_demonstrando	scientia_et_sapientia	faber_est_suae_quisque_fortunae
principal_investigator	CTDC-STUDY-441495	CTDC-PRINCIPAL-INVESTIGATOR-176455	sapiens_qui_prospicit	nascentes_morimur_finisque_ab_origine_pendet	pace_tua	damnant_quod_non_intellegunt	pace_tua
principal_investigator	CTDC-STUDY-441495	CTDC-PRINCIPAL-INVESTIGATOR-573481	scientia_imperii_decus_et_tutamen	labor_ipse_voluptas	labor_ipse_voluptas	Obedientia_civium_urbis_felicitas	salus_in_arduis
principal_investigator	CTDC-STUDY-441495	CTDC-PRINCIPAL-INVESTIGATOR-286141	Macte_animo_Generose_puer_sic_itur_ad_astra	scientia_et_labor	pace_tua	damnant_quod_non_intellegunt	nascentes_morimur_finisque_ab_origine_pendet
principal_investigator	CTDC-STUDY-441495	CTDC-PRINCIPAL-INVESTIGATOR-956739	damnant_quod_non_intellegunt	haec_olim_meminisse_iuvabit	labor_ipse_voluptas	faber_est_suae_quisque_fortunae	imperium_in_imperio
principal_investigator	CTDC-STUDY-441495	CTDC-PRINCIPAL-INVESTIGATOR-613101	Macte_animo_Generose_puer_sic_itur_ad_astra	damnant_quod_non_intellegunt	damnant_quod_non_intellegunt	scientia_et_labor	scientia,_aere_perennius
principal_investigator	CTDC-STUDY-441495	CTDC-PRINCIPAL-INVESTIGATOR-337036	scientia_et_sapientia	scientia_imperii_decus_et_tutamen	sapiens_qui_prospicit	damnant_quod_non_intellegunt	scientiae_cedit_mare
principal_investigator	CTDC-STUDY-441495	CTDC-PRINCIPAL-INVESTIGATOR-667953	cacatum_non_est_pictum	a_bene_placito	scientia_et_sapientia	sapiens_qui_prospicit	scientiae_cedit_mare
