type	study.study_short_name	person_record_id	person_first_name	person_last_name	person_middle_name	person_orcid	crdc_id
principal_investigator	CTDC-STUDY-882864	CTDC-PRINCIPAL-INVESTIGATOR-698162	imperium_in_imperio	scientia,_aere_perennius	sapiens_qui_prospicit	saltus_in_demonstrando	scientiae_et_patriae
principal_investigator	CTDC-STUDY-882864	CTDC-PRINCIPAL-INVESTIGATOR-713428	scientiae_et_patriae	damnant_quod_non_intellegunt	saltus_in_demonstrando	scientiae_et_patriae	Obedientia_civium_urbis_felicitas
principal_investigator	CTDC-STUDY-882864	CTDC-PRINCIPAL-INVESTIGATOR-860953	sapiens_qui_prospicit	imperium_in_imperio	faber_est_suae_quisque_fortunae	scientia_imperii_decus_et_tutamen	id_quod_plerumque_accidit
principal_investigator	CTDC-STUDY-882864	CTDC-PRINCIPAL-INVESTIGATOR-908580	a_bene_placito	Gallia_est_omnis_divisa_in_partes_tres	nascentes_morimur_finisque_ab_origine_pendet	id_quod_plerumque_accidit	haec_olim_meminisse_iuvabit
principal_investigator	CTDC-STUDY-882864	CTDC-PRINCIPAL-INVESTIGATOR-159295	salus_in_arduis	faber_est_suae_quisque_fortunae	scientiae_cedit_mare	id_quod_plerumque_accidit	faber_est_suae_quisque_fortunae
principal_investigator	CTDC-STUDY-882864	CTDC-PRINCIPAL-INVESTIGATOR-661903	nanos_gigantum_humeris_insidentes	scientia_et_labor	salus_in_arduis	haec_olim_meminisse_iuvabit	pace_tua
principal_investigator	CTDC-STUDY-882864	CTDC-PRINCIPAL-INVESTIGATOR-122668	scientia_et_labor	id_quod_plerumque_accidit	scientia,_aere_perennius	cacatum_non_est_pictum	scientia,_aere_perennius
principal_investigator	CTDC-STUDY-882864	CTDC-PRINCIPAL-INVESTIGATOR-242049	scientiae_et_patriae	Macte_animo_Generose_puer_sic_itur_ad_astra	id_quod_plerumque_accidit	salus_in_arduis	haec_olim_meminisse_iuvabit
