type	study.study_short_name	person_record_id	person_first_name	person_last_name	person_middle_name	person_orcid	crdc_id
principal_investigator	CTDC-STUDY-419400	CTDC-PRINCIPAL-INVESTIGATOR-339209	damnant_quod_non_intellegunt	scientiae_cedit_mare	Macte_animo_Generose_puer_sic_itur_ad_astra	scientia_et_labor	haec_olim_meminisse_iuvabit
principal_investigator	CTDC-STUDY-419400	CTDC-PRINCIPAL-INVESTIGATOR-181286	scientiae_et_patriae	Gallia_est_omnis_divisa_in_partes_tres	haec_olim_meminisse_iuvabit	salus_in_arduis	O_Tite_tute_Tati_tibi_tanta_tyranne_tulisti
principal_investigator	CTDC-STUDY-419400	CTDC-PRINCIPAL-INVESTIGATOR-320870	e_causa_ignota	saltus_in_demonstrando	nanos_gigantum_humeris_insidentes	cacatum_non_est_pictum	sapiens_qui_prospicit
principal_investigator	CTDC-STUDY-419400	CTDC-PRINCIPAL-INVESTIGATOR-576707	faber_est_suae_quisque_fortunae	saltus_in_demonstrando	imperium_in_imperio	scientia_et_labor	nascentes_morimur_finisque_ab_origine_pendet
principal_investigator	CTDC-STUDY-419400	CTDC-PRINCIPAL-INVESTIGATOR-771779	damnant_quod_non_intellegunt	scientia_et_labor	Gallia_est_omnis_divisa_in_partes_tres	Gallia_est_omnis_divisa_in_partes_tres	faber_est_suae_quisque_fortunae
principal_investigator	CTDC-STUDY-419400	CTDC-PRINCIPAL-INVESTIGATOR-162910	labor_ipse_voluptas	scientia_et_labor	Gallia_est_omnis_divisa_in_partes_tres	salus_in_arduis	imperium_in_imperio
principal_investigator	CTDC-STUDY-419400	CTDC-PRINCIPAL-INVESTIGATOR-201721	a_bene_placito	imperium_in_imperio	O_Tite_tute_Tati_tibi_tanta_tyranne_tulisti	barba_crescit_caput_nescit	Obedientia_civium_urbis_felicitas
principal_investigator	CTDC-STUDY-419400	CTDC-PRINCIPAL-INVESTIGATOR-506099	id_quod_plerumque_accidit	scientiae_et_patriae	O_Tite_tute_Tati_tibi_tanta_tyranne_tulisti	barba_crescit_caput_nescit	salus_in_arduis
