type	participant.participant_id	radiological_procedure_record_id	radiological_procedure	radiological_procedure_anatomical_location	radiation_dose	radiation_dose_units	radiation_frequency	radiation_extent	radiotherapy_start_date	radiotherapy_end_date	best_response_to_radiotherapy	crdc_id
radiotherapy	CTDC-PARTICIPANT-285902	CTDC-RADIOTHERAPY-382128	Macte_animo_Generose_puer_sic_itur_ad_astra	damnant_quod_non_intellegunt	damnant_quod_non_intellegunt	faber_est_suae_quisque_fortunae	pace_tua	sapiens_qui_prospicit	187	362	Stable Disease	saltus_in_demonstrando
radiotherapy	CTDC-PARTICIPANT-285902	CTDC-RADIOTHERAPY-883070	imperium_in_imperio	scientia_et_labor	O_Tite_tute_Tati_tibi_tanta_tyranne_tulisti	Macte_animo_Generose_puer_sic_itur_ad_astra	nascentes_morimur_finisque_ab_origine_pendet	id_quod_plerumque_accidit	532	570	Not Assessed	saltus_in_demonstrando
radiotherapy	CTDC-PARTICIPANT-395041	CTDC-RADIOTHERAPY-116926	nascentes_morimur_finisque_ab_origine_pendet	scientiae_et_patriae	scientia_et_labor	e_causa_ignota	scientiae_et_patriae	scientia_et_sapientia	63	353	Unknown	nanos_gigantum_humeris_insidentes
radiotherapy	CTDC-PARTICIPANT-395041	CTDC-RADIOTHERAPY-548140	imperium_in_imperio	damnant_quod_non_intellegunt	labor_ipse_voluptas	salus_in_arduis	labor_ipse_voluptas	scientia_imperii_decus_et_tutamen	927	356	Partial Response	barba_crescit_caput_nescit
radiotherapy	CTDC-PARTICIPANT-848303	CTDC-RADIOTHERAPY-768663	Obedientia_civium_urbis_felicitas	imperium_in_imperio	e_causa_ignota	haec_olim_meminisse_iuvabit	scientia_et_labor	scientia_et_labor	820	493	Not Assessed	scientia,_aere_perennius
radiotherapy	CTDC-PARTICIPANT-848303	CTDC-RADIOTHERAPY-213987	nanos_gigantum_humeris_insidentes	barba_crescit_caput_nescit	scientiae_et_patriae	imperium_in_imperio	Macte_animo_Generose_puer_sic_itur_ad_astra	Macte_animo_Generose_puer_sic_itur_ad_astra	619	359	Complete Response	damnant_quod_non_intellegunt
radiotherapy	CTDC-PARTICIPANT-818056	CTDC-RADIOTHERAPY-914957	faber_est_suae_quisque_fortunae	cacatum_non_est_pictum	scientia,_aere_perennius	scientia,_aere_perennius	barba_crescit_caput_nescit	salus_in_arduis	287	252	Complete Response	damnant_quod_non_intellegunt
radiotherapy	CTDC-PARTICIPANT-818056	CTDC-RADIOTHERAPY-713064	nanos_gigantum_humeris_insidentes	haec_olim_meminisse_iuvabit	imperium_in_imperio	cacatum_non_est_pictum	sapiens_qui_prospicit	imperium_in_imperio	102	145	Partial Response	scientia,_aere_perennius
radiotherapy	CTDC-PARTICIPANT-114136	CTDC-RADIOTHERAPY-821939	Gallia_est_omnis_divisa_in_partes_tres	imperium_in_imperio	sapiens_qui_prospicit	scientiae_et_patriae	scientia_et_labor	nascentes_morimur_finisque_ab_origine_pendet	40	191	Not Assessed	cacatum_non_est_pictum
radiotherapy	CTDC-PARTICIPANT-114136	CTDC-RADIOTHERAPY-947600	Gallia_est_omnis_divisa_in_partes_tres	sapiens_qui_prospicit	scientia_imperii_decus_et_tutamen	cacatum_non_est_pictum	scientiae_cedit_mare	labor_ipse_voluptas	67	989	Less than partial response	pace_tua
radiotherapy	CTDC-PARTICIPANT-422576	CTDC-RADIOTHERAPY-874055	barba_crescit_caput_nescit	O_Tite_tute_Tati_tibi_tanta_tyranne_tulisti	imperium_in_imperio	salus_in_arduis	scientia_et_sapientia	damnant_quod_non_intellegunt	96	249	Unknown	cacatum_non_est_pictum
radiotherapy	CTDC-PARTICIPANT-422576	CTDC-RADIOTHERAPY-238197	pace_tua	scientiae_et_patriae	barba_crescit_caput_nescit	sapiens_qui_prospicit	scientia_imperii_decus_et_tutamen	pace_tua	919	871	Complete Response	e_causa_ignota
radiotherapy	CTDC-PARTICIPANT-818047	CTDC-RADIOTHERAPY-316394	scientia_imperii_decus_et_tutamen	Macte_animo_Generose_puer_sic_itur_ad_astra	saltus_in_demonstrando	haec_olim_meminisse_iuvabit	scientia,_aere_perennius	scientiae_et_patriae	152	597	Too Early	id_quod_plerumque_accidit
radiotherapy	CTDC-PARTICIPANT-818047	CTDC-RADIOTHERAPY-749517	a_bene_placito	haec_olim_meminisse_iuvabit	sapiens_qui_prospicit	scientia_et_labor	e_causa_ignota	e_causa_ignota	429	669	Partial Response	scientiae_cedit_mare
radiotherapy	CTDC-PARTICIPANT-896665	CTDC-RADIOTHERAPY-397150	sapiens_qui_prospicit	pace_tua	O_Tite_tute_Tati_tibi_tanta_tyranne_tulisti	imperium_in_imperio	damnant_quod_non_intellegunt	sapiens_qui_prospicit	156	540	Complete Response	faber_est_suae_quisque_fortunae
radiotherapy	CTDC-PARTICIPANT-896665	CTDC-RADIOTHERAPY-297078	scientia_et_labor	scientia,_aere_perennius	labor_ipse_voluptas	pace_tua	nascentes_morimur_finisque_ab_origine_pendet	O_Tite_tute_Tati_tibi_tanta_tyranne_tulisti	511	53	Not Evaluable	Obedientia_civium_urbis_felicitas
radiotherapy	CTDC-PARTICIPANT-562413	CTDC-RADIOTHERAPY-766522	labor_ipse_voluptas	Obedientia_civium_urbis_felicitas	haec_olim_meminisse_iuvabit	e_causa_ignota	a_bene_placito	haec_olim_meminisse_iuvabit	336	530	Not Evaluable	nanos_gigantum_humeris_insidentes
radiotherapy	CTDC-PARTICIPANT-562413	CTDC-RADIOTHERAPY-914369	scientia_et_labor	faber_est_suae_quisque_fortunae	haec_olim_meminisse_iuvabit	a_bene_placito	imperium_in_imperio	barba_crescit_caput_nescit	264	449	Not Assessed	Macte_animo_Generose_puer_sic_itur_ad_astra
radiotherapy	CTDC-PARTICIPANT-216011	CTDC-RADIOTHERAPY-920254	imperium_in_imperio	cacatum_non_est_pictum	sapiens_qui_prospicit	nascentes_morimur_finisque_ab_origine_pendet	scientia,_aere_perennius	O_Tite_tute_Tati_tibi_tanta_tyranne_tulisti	93	436	Progressive Disease	nascentes_morimur_finisque_ab_origine_pendet
radiotherapy	CTDC-PARTICIPANT-216011	CTDC-RADIOTHERAPY-724610	scientiae_et_patriae	scientia,_aere_perennius	barba_crescit_caput_nescit	a_bene_placito	scientia_et_labor	sapiens_qui_prospicit	496	590	Not Evaluable	O_Tite_tute_Tati_tibi_tanta_tyranne_tulisti
radiotherapy	CTDC-PARTICIPANT-847934	CTDC-RADIOTHERAPY-417074	scientia_et_labor	Gallia_est_omnis_divisa_in_partes_tres	Obedientia_civium_urbis_felicitas	scientia_et_sapientia	scientia_imperii_decus_et_tutamen	labor_ipse_voluptas	823	397	Partial Response	labor_ipse_voluptas
radiotherapy	CTDC-PARTICIPANT-847934	CTDC-RADIOTHERAPY-986344	sapiens_qui_prospicit	scientiae_cedit_mare	scientiae_cedit_mare	id_quod_plerumque_accidit	barba_crescit_caput_nescit	scientia_et_sapientia	524	478	Stable Disease	nanos_gigantum_humeris_insidentes
radiotherapy	CTDC-PARTICIPANT-630851	CTDC-RADIOTHERAPY-238974	pace_tua	labor_ipse_voluptas	pace_tua	e_causa_ignota	scientiae_et_patriae	damnant_quod_non_intellegunt	112	505	Stable Disease	nascentes_morimur_finisque_ab_origine_pendet
radiotherapy	CTDC-PARTICIPANT-630851	CTDC-RADIOTHERAPY-998520	Macte_animo_Generose_puer_sic_itur_ad_astra	scientia_imperii_decus_et_tutamen	scientiae_et_patriae	sapiens_qui_prospicit	scientia_et_sapientia	imperium_in_imperio	284	480	Complete Response	e_causa_ignota
radiotherapy	CTDC-PARTICIPANT-771842	CTDC-RADIOTHERAPY-136863	saltus_in_demonstrando	scientia_et_sapientia	imperium_in_imperio	id_quod_plerumque_accidit	O_Tite_tute_Tati_tibi_tanta_tyranne_tulisti	Obedientia_civium_urbis_felicitas	391	298	Partial Response	scientia_et_labor
radiotherapy	CTDC-PARTICIPANT-771842	CTDC-RADIOTHERAPY-972331	a_bene_placito	barba_crescit_caput_nescit	faber_est_suae_quisque_fortunae	scientia,_aere_perennius	sapiens_qui_prospicit	barba_crescit_caput_nescit	768	978	Stable Disease	haec_olim_meminisse_iuvabit
radiotherapy	CTDC-PARTICIPANT-592343	CTDC-RADIOTHERAPY-860281	faber_est_suae_quisque_fortunae	barba_crescit_caput_nescit	Gallia_est_omnis_divisa_in_partes_tres	saltus_in_demonstrando	damnant_quod_non_intellegunt	id_quod_plerumque_accidit	475	107	Partial Response	saltus_in_demonstrando
radiotherapy	CTDC-PARTICIPANT-592343	CTDC-RADIOTHERAPY-153957	e_causa_ignota	scientiae_et_patriae	id_quod_plerumque_accidit	damnant_quod_non_intellegunt	scientiae_et_patriae	Obedientia_civium_urbis_felicitas	210	779	Not Assessed	cacatum_non_est_pictum
radiotherapy	CTDC-PARTICIPANT-692508	CTDC-RADIOTHERAPY-396831	id_quod_plerumque_accidit	damnant_quod_non_intellegunt	O_Tite_tute_Tati_tibi_tanta_tyranne_tulisti	damnant_quod_non_intellegunt	Macte_animo_Generose_puer_sic_itur_ad_astra	cacatum_non_est_pictum	19	352	Complete Response	Obedientia_civium_urbis_felicitas
radiotherapy	CTDC-PARTICIPANT-692508	CTDC-RADIOTHERAPY-501796	scientia_et_labor	id_quod_plerumque_accidit	e_causa_ignota	id_quod_plerumque_accidit	a_bene_placito	Macte_animo_Generose_puer_sic_itur_ad_astra	859	630	Less than partial response	barba_crescit_caput_nescit
radiotherapy	CTDC-PARTICIPANT-908655	CTDC-RADIOTHERAPY-588978	nascentes_morimur_finisque_ab_origine_pendet	scientia,_aere_perennius	scientiae_et_patriae	scientia_et_sapientia	faber_est_suae_quisque_fortunae	e_causa_ignota	789	857	Unknown	saltus_in_demonstrando
radiotherapy	CTDC-PARTICIPANT-908655	CTDC-RADIOTHERAPY-456942	Gallia_est_omnis_divisa_in_partes_tres	a_bene_placito	labor_ipse_voluptas	nascentes_morimur_finisque_ab_origine_pendet	pace_tua	Gallia_est_omnis_divisa_in_partes_tres	217	321	Progressive Disease	Obedientia_civium_urbis_felicitas
radiotherapy	CTDC-PARTICIPANT-382150	CTDC-RADIOTHERAPY-931417	saltus_in_demonstrando	nascentes_morimur_finisque_ab_origine_pendet	e_causa_ignota	Obedientia_civium_urbis_felicitas	scientia_et_sapientia	Gallia_est_omnis_divisa_in_partes_tres	491	280	Not Assessed	sapiens_qui_prospicit
radiotherapy	CTDC-PARTICIPANT-382150	CTDC-RADIOTHERAPY-629070	scientia_et_sapientia	nanos_gigantum_humeris_insidentes	pace_tua	labor_ipse_voluptas	scientia_imperii_decus_et_tutamen	pace_tua	70	75	Not Assessed	e_causa_ignota
radiotherapy	CTDC-PARTICIPANT-605809	CTDC-RADIOTHERAPY-347643	salus_in_arduis	pace_tua	Obedientia_civium_urbis_felicitas	Obedientia_civium_urbis_felicitas	scientia_et_labor	cacatum_non_est_pictum	281	944	Progressive Disease	imperium_in_imperio
radiotherapy	CTDC-PARTICIPANT-605809	CTDC-RADIOTHERAPY-873287	salus_in_arduis	id_quod_plerumque_accidit	scientiae_et_patriae	cacatum_non_est_pictum	scientia_imperii_decus_et_tutamen	salus_in_arduis	55	67	Complete Response	labor_ipse_voluptas
radiotherapy	CTDC-PARTICIPANT-912708	CTDC-RADIOTHERAPY-495479	haec_olim_meminisse_iuvabit	a_bene_placito	sapiens_qui_prospicit	pace_tua	scientia_et_sapientia	scientia_imperii_decus_et_tutamen	149	259	Partial Response	saltus_in_demonstrando
radiotherapy	CTDC-PARTICIPANT-912708	CTDC-RADIOTHERAPY-986587	scientia_et_sapientia	imperium_in_imperio	pace_tua	scientiae_cedit_mare	faber_est_suae_quisque_fortunae	salus_in_arduis	687	354	Too Early	Gallia_est_omnis_divisa_in_partes_tres
radiotherapy	CTDC-PARTICIPANT-481872	CTDC-RADIOTHERAPY-490009	nascentes_morimur_finisque_ab_origine_pendet	a_bene_placito	barba_crescit_caput_nescit	O_Tite_tute_Tati_tibi_tanta_tyranne_tulisti	haec_olim_meminisse_iuvabit	cacatum_non_est_pictum	36	926	Too Early	nanos_gigantum_humeris_insidentes
radiotherapy	CTDC-PARTICIPANT-481872	CTDC-RADIOTHERAPY-344304	a_bene_placito	saltus_in_demonstrando	cacatum_non_est_pictum	sapiens_qui_prospicit	nascentes_morimur_finisque_ab_origine_pendet	a_bene_placito	506	616	Not Assessed	cacatum_non_est_pictum
radiotherapy	CTDC-PARTICIPANT-949296	CTDC-RADIOTHERAPY-252198	scientia,_aere_perennius	id_quod_plerumque_accidit	nanos_gigantum_humeris_insidentes	O_Tite_tute_Tati_tibi_tanta_tyranne_tulisti	barba_crescit_caput_nescit	e_causa_ignota	30	860	Partial Response	sapiens_qui_prospicit
radiotherapy	CTDC-PARTICIPANT-949296	CTDC-RADIOTHERAPY-225976	e_causa_ignota	damnant_quod_non_intellegunt	sapiens_qui_prospicit	saltus_in_demonstrando	pace_tua	scientia_imperii_decus_et_tutamen	245	493	Partial Response	salus_in_arduis
radiotherapy	CTDC-PARTICIPANT-625089	CTDC-RADIOTHERAPY-274002	nascentes_morimur_finisque_ab_origine_pendet	faber_est_suae_quisque_fortunae	nanos_gigantum_humeris_insidentes	Gallia_est_omnis_divisa_in_partes_tres	pace_tua	Obedientia_civium_urbis_felicitas	12	78	Not Evaluable	scientia,_aere_perennius
radiotherapy	CTDC-PARTICIPANT-625089	CTDC-RADIOTHERAPY-189148	imperium_in_imperio	haec_olim_meminisse_iuvabit	e_causa_ignota	sapiens_qui_prospicit	scientia_et_labor	id_quod_plerumque_accidit	902	101	Progressive Disease	damnant_quod_non_intellegunt
radiotherapy	CTDC-PARTICIPANT-457982	CTDC-RADIOTHERAPY-324649	damnant_quod_non_intellegunt	scientiae_cedit_mare	nanos_gigantum_humeris_insidentes	barba_crescit_caput_nescit	saltus_in_demonstrando	saltus_in_demonstrando	761	536	Stable Disease	a_bene_placito
radiotherapy	CTDC-PARTICIPANT-457982	CTDC-RADIOTHERAPY-610328	cacatum_non_est_pictum	Gallia_est_omnis_divisa_in_partes_tres	nascentes_morimur_finisque_ab_origine_pendet	scientiae_et_patriae	barba_crescit_caput_nescit	nanos_gigantum_humeris_insidentes	494	102	Not Assessed	barba_crescit_caput_nescit
radiotherapy	CTDC-PARTICIPANT-852223	CTDC-RADIOTHERAPY-330185	scientia_et_sapientia	pace_tua	scientia,_aere_perennius	saltus_in_demonstrando	saltus_in_demonstrando	cacatum_non_est_pictum	221	79	Too Early	damnant_quod_non_intellegunt
radiotherapy	CTDC-PARTICIPANT-852223	CTDC-RADIOTHERAPY-281261	scientia_imperii_decus_et_tutamen	scientia_imperii_decus_et_tutamen	damnant_quod_non_intellegunt	barba_crescit_caput_nescit	Obedientia_civium_urbis_felicitas	scientia_imperii_decus_et_tutamen	251	15	Not Evaluable	scientia,_aere_perennius
radiotherapy	CTDC-PARTICIPANT-700372	CTDC-RADIOTHERAPY-948682	scientiae_cedit_mare	labor_ipse_voluptas	a_bene_placito	imperium_in_imperio	nanos_gigantum_humeris_insidentes	salus_in_arduis	596	899	Not Evaluable	scientiae_cedit_mare
radiotherapy	CTDC-PARTICIPANT-700372	CTDC-RADIOTHERAPY-832736	sapiens_qui_prospicit	Macte_animo_Generose_puer_sic_itur_ad_astra	salus_in_arduis	O_Tite_tute_Tati_tibi_tanta_tyranne_tulisti	scientia_et_sapientia	faber_est_suae_quisque_fortunae	336	24	Not Evaluable	scientia,_aere_perennius
radiotherapy	CTDC-PARTICIPANT-888849	CTDC-RADIOTHERAPY-807182	scientia,_aere_perennius	imperium_in_imperio	scientia_imperii_decus_et_tutamen	scientiae_et_patriae	a_bene_placito	faber_est_suae_quisque_fortunae	882	176	Not Evaluable	labor_ipse_voluptas
radiotherapy	CTDC-PARTICIPANT-888849	CTDC-RADIOTHERAPY-213684	Obedientia_civium_urbis_felicitas	damnant_quod_non_intellegunt	nascentes_morimur_finisque_ab_origine_pendet	pace_tua	cacatum_non_est_pictum	sapiens_qui_prospicit	104	246	Stable Disease	Gallia_est_omnis_divisa_in_partes_tres
radiotherapy	CTDC-PARTICIPANT-248623	CTDC-RADIOTHERAPY-669553	pace_tua	haec_olim_meminisse_iuvabit	labor_ipse_voluptas	scientiae_cedit_mare	nanos_gigantum_humeris_insidentes	e_causa_ignota	53	10	Less than partial response	haec_olim_meminisse_iuvabit
radiotherapy	CTDC-PARTICIPANT-248623	CTDC-RADIOTHERAPY-593366	Obedientia_civium_urbis_felicitas	a_bene_placito	e_causa_ignota	scientiae_et_patriae	scientiae_et_patriae	labor_ipse_voluptas	920	500	Too Early	barba_crescit_caput_nescit
radiotherapy	CTDC-PARTICIPANT-616751	CTDC-RADIOTHERAPY-306355	barba_crescit_caput_nescit	haec_olim_meminisse_iuvabit	scientia_et_labor	Obedientia_civium_urbis_felicitas	sapiens_qui_prospicit	nanos_gigantum_humeris_insidentes	119	121	Not Evaluable	Obedientia_civium_urbis_felicitas
radiotherapy	CTDC-PARTICIPANT-616751	CTDC-RADIOTHERAPY-200006	Macte_animo_Generose_puer_sic_itur_ad_astra	haec_olim_meminisse_iuvabit	Macte_animo_Generose_puer_sic_itur_ad_astra	nascentes_morimur_finisque_ab_origine_pendet	scientia_et_sapientia	nanos_gigantum_humeris_insidentes	137	376	Complete Response	imperium_in_imperio
radiotherapy	CTDC-PARTICIPANT-517161	CTDC-RADIOTHERAPY-290725	Macte_animo_Generose_puer_sic_itur_ad_astra	barba_crescit_caput_nescit	haec_olim_meminisse_iuvabit	nanos_gigantum_humeris_insidentes	O_Tite_tute_Tati_tibi_tanta_tyranne_tulisti	cacatum_non_est_pictum	162	163	Partial Response	scientia_et_sapientia
radiotherapy	CTDC-PARTICIPANT-517161	CTDC-RADIOTHERAPY-881117	nascentes_morimur_finisque_ab_origine_pendet	Obedientia_civium_urbis_felicitas	e_causa_ignota	a_bene_placito	scientiae_et_patriae	id_quod_plerumque_accidit	322	541	Too Early	faber_est_suae_quisque_fortunae
radiotherapy	CTDC-PARTICIPANT-927569	CTDC-RADIOTHERAPY-845305	nascentes_morimur_finisque_ab_origine_pendet	scientia_et_labor	saltus_in_demonstrando	nanos_gigantum_humeris_insidentes	e_causa_ignota	Gallia_est_omnis_divisa_in_partes_tres	774	608	Less than partial response	faber_est_suae_quisque_fortunae
radiotherapy	CTDC-PARTICIPANT-927569	CTDC-RADIOTHERAPY-637693	Obedientia_civium_urbis_felicitas	haec_olim_meminisse_iuvabit	salus_in_arduis	scientia,_aere_perennius	imperium_in_imperio	haec_olim_meminisse_iuvabit	969	333	Progressive Disease	scientiae_cedit_mare
radiotherapy	CTDC-PARTICIPANT-634634	CTDC-RADIOTHERAPY-184860	scientia_et_sapientia	salus_in_arduis	Gallia_est_omnis_divisa_in_partes_tres	scientia_et_sapientia	salus_in_arduis	haec_olim_meminisse_iuvabit	800	258	Unknown	labor_ipse_voluptas
radiotherapy	CTDC-PARTICIPANT-634634	CTDC-RADIOTHERAPY-645305	scientia_et_labor	scientiae_cedit_mare	barba_crescit_caput_nescit	damnant_quod_non_intellegunt	scientia_et_sapientia	barba_crescit_caput_nescit	395	268	Partial Response	barba_crescit_caput_nescit
radiotherapy	CTDC-PARTICIPANT-134394	CTDC-RADIOTHERAPY-638080	cacatum_non_est_pictum	barba_crescit_caput_nescit	scientia_et_sapientia	nanos_gigantum_humeris_insidentes	e_causa_ignota	id_quod_plerumque_accidit	488	894	Partial Response	id_quod_plerumque_accidit
radiotherapy	CTDC-PARTICIPANT-134394	CTDC-RADIOTHERAPY-199992	scientia,_aere_perennius	Macte_animo_Generose_puer_sic_itur_ad_astra	scientiae_cedit_mare	salus_in_arduis	scientia,_aere_perennius	pace_tua	510	119	Less than partial response	haec_olim_meminisse_iuvabit
radiotherapy	CTDC-PARTICIPANT-977869	CTDC-RADIOTHERAPY-978075	imperium_in_imperio	haec_olim_meminisse_iuvabit	scientia_et_sapientia	scientiae_cedit_mare	Gallia_est_omnis_divisa_in_partes_tres	nascentes_morimur_finisque_ab_origine_pendet	982	933	Unknown	barba_crescit_caput_nescit
radiotherapy	CTDC-PARTICIPANT-977869	CTDC-RADIOTHERAPY-868096	labor_ipse_voluptas	saltus_in_demonstrando	barba_crescit_caput_nescit	a_bene_placito	scientia_et_sapientia	a_bene_placito	962	780	Complete Response	id_quod_plerumque_accidit
radiotherapy	CTDC-PARTICIPANT-552335	CTDC-RADIOTHERAPY-771177	sapiens_qui_prospicit	e_causa_ignota	id_quod_plerumque_accidit	a_bene_placito	scientiae_et_patriae	salus_in_arduis	231	590	Not Evaluable	e_causa_ignota
radiotherapy	CTDC-PARTICIPANT-552335	CTDC-RADIOTHERAPY-760089	scientia_et_labor	Macte_animo_Generose_puer_sic_itur_ad_astra	imperium_in_imperio	scientia_et_sapientia	faber_est_suae_quisque_fortunae	imperium_in_imperio	514	890	Unknown	imperium_in_imperio
radiotherapy	CTDC-PARTICIPANT-266536	CTDC-RADIOTHERAPY-367488	O_Tite_tute_Tati_tibi_tanta_tyranne_tulisti	haec_olim_meminisse_iuvabit	Obedientia_civium_urbis_felicitas	saltus_in_demonstrando	Gallia_est_omnis_divisa_in_partes_tres	scientia_imperii_decus_et_tutamen	826	924	Stable Disease	pace_tua
radiotherapy	CTDC-PARTICIPANT-266536	CTDC-RADIOTHERAPY-520220	id_quod_plerumque_accidit	pace_tua	scientiae_et_patriae	nascentes_morimur_finisque_ab_origine_pendet	faber_est_suae_quisque_fortunae	nanos_gigantum_humeris_insidentes	566	742	Complete Response	e_causa_ignota
radiotherapy	CTDC-PARTICIPANT-669430	CTDC-RADIOTHERAPY-149142	scientiae_et_patriae	scientia_imperii_decus_et_tutamen	scientia_et_sapientia	scientia_imperii_decus_et_tutamen	id_quod_plerumque_accidit	saltus_in_demonstrando	627	963	Stable Disease	scientia_imperii_decus_et_tutamen
radiotherapy	CTDC-PARTICIPANT-669430	CTDC-RADIOTHERAPY-795934	cacatum_non_est_pictum	Macte_animo_Generose_puer_sic_itur_ad_astra	cacatum_non_est_pictum	id_quod_plerumque_accidit	scientia_imperii_decus_et_tutamen	Obedientia_civium_urbis_felicitas	118	945	Not Assessed	labor_ipse_voluptas
radiotherapy	CTDC-PARTICIPANT-236757	CTDC-RADIOTHERAPY-925735	Gallia_est_omnis_divisa_in_partes_tres	imperium_in_imperio	cacatum_non_est_pictum	scientiae_et_patriae	scientia_et_sapientia	scientia_imperii_decus_et_tutamen	83	558	Partial Response	imperium_in_imperio
radiotherapy	CTDC-PARTICIPANT-236757	CTDC-RADIOTHERAPY-787518	salus_in_arduis	id_quod_plerumque_accidit	Obedientia_civium_urbis_felicitas	nanos_gigantum_humeris_insidentes	scientiae_et_patriae	damnant_quod_non_intellegunt	771	109	Complete Response	pace_tua
radiotherapy	CTDC-PARTICIPANT-246586	CTDC-RADIOTHERAPY-856774	faber_est_suae_quisque_fortunae	Macte_animo_Generose_puer_sic_itur_ad_astra	cacatum_non_est_pictum	e_causa_ignota	salus_in_arduis	O_Tite_tute_Tati_tibi_tanta_tyranne_tulisti	870	608	Not Assessed	cacatum_non_est_pictum
radiotherapy	CTDC-PARTICIPANT-246586	CTDC-RADIOTHERAPY-476270	nascentes_morimur_finisque_ab_origine_pendet	id_quod_plerumque_accidit	sapiens_qui_prospicit	faber_est_suae_quisque_fortunae	damnant_quod_non_intellegunt	salus_in_arduis	377	387	Not Assessed	nanos_gigantum_humeris_insidentes
radiotherapy	CTDC-PARTICIPANT-819052	CTDC-RADIOTHERAPY-760251	nascentes_morimur_finisque_ab_origine_pendet	nascentes_morimur_finisque_ab_origine_pendet	haec_olim_meminisse_iuvabit	Macte_animo_Generose_puer_sic_itur_ad_astra	nanos_gigantum_humeris_insidentes	barba_crescit_caput_nescit	322	579	Too Early	scientia_et_sapientia
radiotherapy	CTDC-PARTICIPANT-819052	CTDC-RADIOTHERAPY-711937	nanos_gigantum_humeris_insidentes	cacatum_non_est_pictum	scientia,_aere_perennius	saltus_in_demonstrando	nascentes_morimur_finisque_ab_origine_pendet	barba_crescit_caput_nescit	493	666	Less than partial response	scientia,_aere_perennius
radiotherapy	CTDC-PARTICIPANT-658782	CTDC-RADIOTHERAPY-383921	labor_ipse_voluptas	nanos_gigantum_humeris_insidentes	scientia_imperii_decus_et_tutamen	imperium_in_imperio	damnant_quod_non_intellegunt	salus_in_arduis	432	325	Progressive Disease	scientiae_cedit_mare
radiotherapy	CTDC-PARTICIPANT-658782	CTDC-RADIOTHERAPY-775785	Gallia_est_omnis_divisa_in_partes_tres	nanos_gigantum_humeris_insidentes	Gallia_est_omnis_divisa_in_partes_tres	scientiae_cedit_mare	barba_crescit_caput_nescit	a_bene_placito	232	653	Progressive Disease	barba_crescit_caput_nescit
radiotherapy	CTDC-PARTICIPANT-755947	CTDC-RADIOTHERAPY-704077	labor_ipse_voluptas	faber_est_suae_quisque_fortunae	scientia_et_labor	scientia_et_labor	faber_est_suae_quisque_fortunae	damnant_quod_non_intellegunt	769	309	Complete Response	sapiens_qui_prospicit
radiotherapy	CTDC-PARTICIPANT-755947	CTDC-RADIOTHERAPY-888340	scientia_imperii_decus_et_tutamen	scientiae_et_patriae	scientia,_aere_perennius	a_bene_placito	scientiae_cedit_mare	nascentes_morimur_finisque_ab_origine_pendet	473	611	Too Early	scientia_imperii_decus_et_tutamen
radiotherapy	CTDC-PARTICIPANT-626648	CTDC-RADIOTHERAPY-304678	barba_crescit_caput_nescit	Gallia_est_omnis_divisa_in_partes_tres	Macte_animo_Generose_puer_sic_itur_ad_astra	cacatum_non_est_pictum	cacatum_non_est_pictum	Macte_animo_Generose_puer_sic_itur_ad_astra	683	918	Complete Response	nascentes_morimur_finisque_ab_origine_pendet
radiotherapy	CTDC-PARTICIPANT-626648	CTDC-RADIOTHERAPY-204849	e_causa_ignota	haec_olim_meminisse_iuvabit	scientia_imperii_decus_et_tutamen	nascentes_morimur_finisque_ab_origine_pendet	nascentes_morimur_finisque_ab_origine_pendet	Obedientia_civium_urbis_felicitas	438	492	Unknown	scientia_et_sapientia
radiotherapy	CTDC-PARTICIPANT-102667	CTDC-RADIOTHERAPY-150671	Gallia_est_omnis_divisa_in_partes_tres	scientia_et_labor	scientia_et_labor	O_Tite_tute_Tati_tibi_tanta_tyranne_tulisti	scientia_et_sapientia	Macte_animo_Generose_puer_sic_itur_ad_astra	673	992	Too Early	scientiae_et_patriae
radiotherapy	CTDC-PARTICIPANT-102667	CTDC-RADIOTHERAPY-397565	barba_crescit_caput_nescit	pace_tua	scientiae_cedit_mare	scientiae_et_patriae	Macte_animo_Generose_puer_sic_itur_ad_astra	scientia_et_sapientia	977	554	Too Early	saltus_in_demonstrando
radiotherapy	CTDC-PARTICIPANT-418183	CTDC-RADIOTHERAPY-784205	barba_crescit_caput_nescit	barba_crescit_caput_nescit	haec_olim_meminisse_iuvabit	Obedientia_civium_urbis_felicitas	cacatum_non_est_pictum	a_bene_placito	662	749	Complete Response	pace_tua
radiotherapy	CTDC-PARTICIPANT-418183	CTDC-RADIOTHERAPY-916692	scientia_et_sapientia	haec_olim_meminisse_iuvabit	saltus_in_demonstrando	Obedientia_civium_urbis_felicitas	saltus_in_demonstrando	Gallia_est_omnis_divisa_in_partes_tres	244	215	Complete Response	haec_olim_meminisse_iuvabit
radiotherapy	CTDC-PARTICIPANT-255094	CTDC-RADIOTHERAPY-751532	saltus_in_demonstrando	scientia,_aere_perennius	id_quod_plerumque_accidit	Obedientia_civium_urbis_felicitas	damnant_quod_non_intellegunt	labor_ipse_voluptas	245	266	Unknown	scientiae_cedit_mare
radiotherapy	CTDC-PARTICIPANT-255094	CTDC-RADIOTHERAPY-477041	faber_est_suae_quisque_fortunae	cacatum_non_est_pictum	a_bene_placito	labor_ipse_voluptas	damnant_quod_non_intellegunt	haec_olim_meminisse_iuvabit	244	138	Progressive Disease	faber_est_suae_quisque_fortunae
radiotherapy	CTDC-PARTICIPANT-725394	CTDC-RADIOTHERAPY-984760	scientia_et_labor	e_causa_ignota	cacatum_non_est_pictum	O_Tite_tute_Tati_tibi_tanta_tyranne_tulisti	imperium_in_imperio	pace_tua	583	734	Less than partial response	pace_tua
radiotherapy	CTDC-PARTICIPANT-725394	CTDC-RADIOTHERAPY-879350	Obedientia_civium_urbis_felicitas	sapiens_qui_prospicit	labor_ipse_voluptas	Obedientia_civium_urbis_felicitas	Obedientia_civium_urbis_felicitas	scientia_et_labor	702	992	Complete Response	scientia_imperii_decus_et_tutamen
radiotherapy	CTDC-PARTICIPANT-826990	CTDC-RADIOTHERAPY-975320	a_bene_placito	cacatum_non_est_pictum	faber_est_suae_quisque_fortunae	saltus_in_demonstrando	scientiae_et_patriae	Obedientia_civium_urbis_felicitas	422	611	Progressive Disease	scientia_et_labor
radiotherapy	CTDC-PARTICIPANT-826990	CTDC-RADIOTHERAPY-552698	e_causa_ignota	salus_in_arduis	scientia_et_labor	scientia_et_sapientia	saltus_in_demonstrando	scientiae_et_patriae	26	924	Partial Response	sapiens_qui_prospicit
radiotherapy	CTDC-PARTICIPANT-475422	CTDC-RADIOTHERAPY-694954	barba_crescit_caput_nescit	salus_in_arduis	scientia_et_labor	scientiae_cedit_mare	faber_est_suae_quisque_fortunae	cacatum_non_est_pictum	397	835	Partial Response	saltus_in_demonstrando
radiotherapy	CTDC-PARTICIPANT-475422	CTDC-RADIOTHERAPY-222590	scientia_imperii_decus_et_tutamen	labor_ipse_voluptas	sapiens_qui_prospicit	pace_tua	Gallia_est_omnis_divisa_in_partes_tres	Obedientia_civium_urbis_felicitas	448	607	Too Early	imperium_in_imperio
radiotherapy	CTDC-PARTICIPANT-411072	CTDC-RADIOTHERAPY-907108	e_causa_ignota	O_Tite_tute_Tati_tibi_tanta_tyranne_tulisti	scientia_et_sapientia	scientia_et_labor	pace_tua	a_bene_placito	879	523	Not Evaluable	pace_tua
radiotherapy	CTDC-PARTICIPANT-411072	CTDC-RADIOTHERAPY-259711	salus_in_arduis	Macte_animo_Generose_puer_sic_itur_ad_astra	scientiae_et_patriae	salus_in_arduis	Obedientia_civium_urbis_felicitas	cacatum_non_est_pictum	474	439	Stable Disease	scientia_et_sapientia
radiotherapy	CTDC-PARTICIPANT-727896	CTDC-RADIOTHERAPY-193371	imperium_in_imperio	e_causa_ignota	sapiens_qui_prospicit	cacatum_non_est_pictum	Obedientia_civium_urbis_felicitas	cacatum_non_est_pictum	951	589	Progressive Disease	sapiens_qui_prospicit
radiotherapy	CTDC-PARTICIPANT-727896	CTDC-RADIOTHERAPY-233678	barba_crescit_caput_nescit	scientiae_et_patriae	barba_crescit_caput_nescit	salus_in_arduis	labor_ipse_voluptas	cacatum_non_est_pictum	627	813	Partial Response	nascentes_morimur_finisque_ab_origine_pendet
radiotherapy	CTDC-PARTICIPANT-924317	CTDC-RADIOTHERAPY-426225	scientia_imperii_decus_et_tutamen	scientiae_et_patriae	scientiae_cedit_mare	cacatum_non_est_pictum	Macte_animo_Generose_puer_sic_itur_ad_astra	imperium_in_imperio	68	796	Less than partial response	Obedientia_civium_urbis_felicitas
radiotherapy	CTDC-PARTICIPANT-924317	CTDC-RADIOTHERAPY-448039	id_quod_plerumque_accidit	a_bene_placito	sapiens_qui_prospicit	haec_olim_meminisse_iuvabit	Macte_animo_Generose_puer_sic_itur_ad_astra	O_Tite_tute_Tati_tibi_tanta_tyranne_tulisti	269	217	Partial Response	scientiae_et_patriae
radiotherapy	CTDC-PARTICIPANT-217299	CTDC-RADIOTHERAPY-268821	scientia_et_sapientia	saltus_in_demonstrando	cacatum_non_est_pictum	imperium_in_imperio	a_bene_placito	pace_tua	741	466	Unknown	id_quod_plerumque_accidit
radiotherapy	CTDC-PARTICIPANT-217299	CTDC-RADIOTHERAPY-837180	salus_in_arduis	barba_crescit_caput_nescit	labor_ipse_voluptas	damnant_quod_non_intellegunt	salus_in_arduis	scientia_imperii_decus_et_tutamen	55	948	Complete Response	scientia_et_labor
radiotherapy	CTDC-PARTICIPANT-612053	CTDC-RADIOTHERAPY-959678	e_causa_ignota	labor_ipse_voluptas	barba_crescit_caput_nescit	haec_olim_meminisse_iuvabit	Obedientia_civium_urbis_felicitas	cacatum_non_est_pictum	944	52	Complete Response	scientiae_cedit_mare
radiotherapy	CTDC-PARTICIPANT-612053	CTDC-RADIOTHERAPY-986446	haec_olim_meminisse_iuvabit	Macte_animo_Generose_puer_sic_itur_ad_astra	imperium_in_imperio	a_bene_placito	cacatum_non_est_pictum	O_Tite_tute_Tati_tibi_tanta_tyranne_tulisti	386	759	Not Assessed	scientiae_cedit_mare
radiotherapy	CTDC-PARTICIPANT-643598	CTDC-RADIOTHERAPY-571570	imperium_in_imperio	scientiae_et_patriae	saltus_in_demonstrando	scientia_et_labor	nascentes_morimur_finisque_ab_origine_pendet	O_Tite_tute_Tati_tibi_tanta_tyranne_tulisti	22	647	Complete Response	scientia_imperii_decus_et_tutamen
radiotherapy	CTDC-PARTICIPANT-643598	CTDC-RADIOTHERAPY-973023	Gallia_est_omnis_divisa_in_partes_tres	e_causa_ignota	labor_ipse_voluptas	pace_tua	saltus_in_demonstrando	faber_est_suae_quisque_fortunae	579	968	Too Early	e_causa_ignota
radiotherapy	CTDC-PARTICIPANT-752377	CTDC-RADIOTHERAPY-998837	Obedientia_civium_urbis_felicitas	scientiae_cedit_mare	scientia_et_sapientia	scientiae_cedit_mare	e_causa_ignota	scientiae_et_patriae	548	217	Partial Response	O_Tite_tute_Tati_tibi_tanta_tyranne_tulisti
radiotherapy	CTDC-PARTICIPANT-752377	CTDC-RADIOTHERAPY-882221	Macte_animo_Generose_puer_sic_itur_ad_astra	scientiae_cedit_mare	e_causa_ignota	haec_olim_meminisse_iuvabit	nanos_gigantum_humeris_insidentes	Macte_animo_Generose_puer_sic_itur_ad_astra	679	370	Not Assessed	barba_crescit_caput_nescit
radiotherapy	CTDC-PARTICIPANT-984423	CTDC-RADIOTHERAPY-580854	nascentes_morimur_finisque_ab_origine_pendet	Gallia_est_omnis_divisa_in_partes_tres	e_causa_ignota	damnant_quod_non_intellegunt	O_Tite_tute_Tati_tibi_tanta_tyranne_tulisti	labor_ipse_voluptas	367	866	Not Evaluable	labor_ipse_voluptas
radiotherapy	CTDC-PARTICIPANT-984423	CTDC-RADIOTHERAPY-773519	imperium_in_imperio	O_Tite_tute_Tati_tibi_tanta_tyranne_tulisti	salus_in_arduis	salus_in_arduis	Macte_animo_Generose_puer_sic_itur_ad_astra	faber_est_suae_quisque_fortunae	325	145	Not Assessed	salus_in_arduis
radiotherapy	CTDC-PARTICIPANT-709410	CTDC-RADIOTHERAPY-502779	scientiae_cedit_mare	sapiens_qui_prospicit	scientia_et_sapientia	nascentes_morimur_finisque_ab_origine_pendet	imperium_in_imperio	saltus_in_demonstrando	688	36	Progressive Disease	Macte_animo_Generose_puer_sic_itur_ad_astra
radiotherapy	CTDC-PARTICIPANT-709410	CTDC-RADIOTHERAPY-493576	haec_olim_meminisse_iuvabit	haec_olim_meminisse_iuvabit	scientia_et_sapientia	scientia,_aere_perennius	e_causa_ignota	e_causa_ignota	683	237	Complete Response	e_causa_ignota
radiotherapy	CTDC-PARTICIPANT-940790	CTDC-RADIOTHERAPY-548390	imperium_in_imperio	Gallia_est_omnis_divisa_in_partes_tres	scientia_imperii_decus_et_tutamen	sapiens_qui_prospicit	Macte_animo_Generose_puer_sic_itur_ad_astra	pace_tua	793	47	Progressive Disease	id_quod_plerumque_accidit
radiotherapy	CTDC-PARTICIPANT-940790	CTDC-RADIOTHERAPY-882455	a_bene_placito	Macte_animo_Generose_puer_sic_itur_ad_astra	imperium_in_imperio	id_quod_plerumque_accidit	O_Tite_tute_Tati_tibi_tanta_tyranne_tulisti	O_Tite_tute_Tati_tibi_tanta_tyranne_tulisti	234	523	Less than partial response	cacatum_non_est_pictum
radiotherapy	CTDC-PARTICIPANT-277817	CTDC-RADIOTHERAPY-334683	a_bene_placito	faber_est_suae_quisque_fortunae	scientia_et_labor	cacatum_non_est_pictum	scientia,_aere_perennius	barba_crescit_caput_nescit	364	661	Not Assessed	salus_in_arduis
radiotherapy	CTDC-PARTICIPANT-277817	CTDC-RADIOTHERAPY-624671	faber_est_suae_quisque_fortunae	cacatum_non_est_pictum	Macte_animo_Generose_puer_sic_itur_ad_astra	nascentes_morimur_finisque_ab_origine_pendet	nanos_gigantum_humeris_insidentes	scientia_imperii_decus_et_tutamen	308	327	Less than partial response	a_bene_placito
radiotherapy	CTDC-PARTICIPANT-635212	CTDC-RADIOTHERAPY-505782	scientiae_et_patriae	nascentes_morimur_finisque_ab_origine_pendet	a_bene_placito	a_bene_placito	sapiens_qui_prospicit	saltus_in_demonstrando	207	625	Complete Response	id_quod_plerumque_accidit
radiotherapy	CTDC-PARTICIPANT-635212	CTDC-RADIOTHERAPY-266653	O_Tite_tute_Tati_tibi_tanta_tyranne_tulisti	barba_crescit_caput_nescit	scientiae_cedit_mare	cacatum_non_est_pictum	salus_in_arduis	id_quod_plerumque_accidit	964	652	Progressive Disease	id_quod_plerumque_accidit
radiotherapy	CTDC-PARTICIPANT-845787	CTDC-RADIOTHERAPY-798482	scientiae_et_patriae	damnant_quod_non_intellegunt	damnant_quod_non_intellegunt	haec_olim_meminisse_iuvabit	scientia_et_sapientia	labor_ipse_voluptas	793	307	Progressive Disease	scientiae_et_patriae
radiotherapy	CTDC-PARTICIPANT-845787	CTDC-RADIOTHERAPY-474960	nascentes_morimur_finisque_ab_origine_pendet	pace_tua	imperium_in_imperio	salus_in_arduis	scientia_et_sapientia	Obedientia_civium_urbis_felicitas	386	661	Less than partial response	damnant_quod_non_intellegunt
radiotherapy	CTDC-PARTICIPANT-938156	CTDC-RADIOTHERAPY-171481	scientia_imperii_decus_et_tutamen	pace_tua	nanos_gigantum_humeris_insidentes	e_causa_ignota	scientia_imperii_decus_et_tutamen	nanos_gigantum_humeris_insidentes	742	323	Complete Response	haec_olim_meminisse_iuvabit
radiotherapy	CTDC-PARTICIPANT-938156	CTDC-RADIOTHERAPY-901310	salus_in_arduis	faber_est_suae_quisque_fortunae	barba_crescit_caput_nescit	damnant_quod_non_intellegunt	scientiae_et_patriae	saltus_in_demonstrando	16	26	Progressive Disease	Gallia_est_omnis_divisa_in_partes_tres
radiotherapy	CTDC-PARTICIPANT-803823	CTDC-RADIOTHERAPY-766203	nascentes_morimur_finisque_ab_origine_pendet	nascentes_morimur_finisque_ab_origine_pendet	haec_olim_meminisse_iuvabit	barba_crescit_caput_nescit	haec_olim_meminisse_iuvabit	id_quod_plerumque_accidit	145	88	Not Evaluable	e_causa_ignota
radiotherapy	CTDC-PARTICIPANT-803823	CTDC-RADIOTHERAPY-555318	scientiae_et_patriae	cacatum_non_est_pictum	scientia,_aere_perennius	haec_olim_meminisse_iuvabit	labor_ipse_voluptas	Obedientia_civium_urbis_felicitas	376	347	Too Early	scientia,_aere_perennius
radiotherapy	CTDC-PARTICIPANT-455737	CTDC-RADIOTHERAPY-956030	damnant_quod_non_intellegunt	Gallia_est_omnis_divisa_in_partes_tres	a_bene_placito	scientiae_et_patriae	scientiae_et_patriae	scientia_et_labor	501	876	Not Assessed	nascentes_morimur_finisque_ab_origine_pendet
radiotherapy	CTDC-PARTICIPANT-455737	CTDC-RADIOTHERAPY-518791	id_quod_plerumque_accidit	pace_tua	scientia_et_labor	Obedientia_civium_urbis_felicitas	Obedientia_civium_urbis_felicitas	scientia_imperii_decus_et_tutamen	874	348	Complete Response	scientiae_et_patriae
radiotherapy	CTDC-PARTICIPANT-518334	CTDC-RADIOTHERAPY-903590	pace_tua	damnant_quod_non_intellegunt	sapiens_qui_prospicit	saltus_in_demonstrando	scientia_imperii_decus_et_tutamen	salus_in_arduis	591	284	Progressive Disease	scientiae_cedit_mare
radiotherapy	CTDC-PARTICIPANT-518334	CTDC-RADIOTHERAPY-545711	pace_tua	O_Tite_tute_Tati_tibi_tanta_tyranne_tulisti	cacatum_non_est_pictum	scientiae_et_patriae	barba_crescit_caput_nescit	a_bene_placito	665	895	Unknown	pace_tua
radiotherapy	CTDC-PARTICIPANT-548324	CTDC-RADIOTHERAPY-974997	cacatum_non_est_pictum	scientia_et_sapientia	imperium_in_imperio	nascentes_morimur_finisque_ab_origine_pendet	barba_crescit_caput_nescit	nascentes_morimur_finisque_ab_origine_pendet	446	769	Less than partial response	scientiae_et_patriae
radiotherapy	CTDC-PARTICIPANT-548324	CTDC-RADIOTHERAPY-843030	salus_in_arduis	scientia_et_labor	scientia_imperii_decus_et_tutamen	nanos_gigantum_humeris_insidentes	saltus_in_demonstrando	salus_in_arduis	658	471	Complete Response	Gallia_est_omnis_divisa_in_partes_tres
radiotherapy	CTDC-PARTICIPANT-693831	CTDC-RADIOTHERAPY-235426	sapiens_qui_prospicit	scientia_imperii_decus_et_tutamen	scientia_et_sapientia	Gallia_est_omnis_divisa_in_partes_tres	salus_in_arduis	faber_est_suae_quisque_fortunae	939	503	Not Evaluable	scientia,_aere_perennius
radiotherapy	CTDC-PARTICIPANT-693831	CTDC-RADIOTHERAPY-497239	scientiae_et_patriae	nascentes_morimur_finisque_ab_origine_pendet	saltus_in_demonstrando	scientia,_aere_perennius	nanos_gigantum_humeris_insidentes	Gallia_est_omnis_divisa_in_partes_tres	495	695	Partial Response	imperium_in_imperio
radiotherapy	CTDC-PARTICIPANT-345629	CTDC-RADIOTHERAPY-159069	scientiae_et_patriae	damnant_quod_non_intellegunt	imperium_in_imperio	O_Tite_tute_Tati_tibi_tanta_tyranne_tulisti	cacatum_non_est_pictum	barba_crescit_caput_nescit	518	162	Complete Response	e_causa_ignota
radiotherapy	CTDC-PARTICIPANT-345629	CTDC-RADIOTHERAPY-243293	scientia_et_labor	salus_in_arduis	saltus_in_demonstrando	salus_in_arduis	barba_crescit_caput_nescit	Macte_animo_Generose_puer_sic_itur_ad_astra	909	215	Stable Disease	imperium_in_imperio
radiotherapy	CTDC-PARTICIPANT-151888	CTDC-RADIOTHERAPY-308978	Obedientia_civium_urbis_felicitas	id_quod_plerumque_accidit	scientia_et_labor	imperium_in_imperio	saltus_in_demonstrando	scientia_imperii_decus_et_tutamen	417	758	Partial Response	imperium_in_imperio
radiotherapy	CTDC-PARTICIPANT-151888	CTDC-RADIOTHERAPY-741894	sapiens_qui_prospicit	nascentes_morimur_finisque_ab_origine_pendet	salus_in_arduis	imperium_in_imperio	O_Tite_tute_Tati_tibi_tanta_tyranne_tulisti	nascentes_morimur_finisque_ab_origine_pendet	709	125	Not Assessed	Obedientia_civium_urbis_felicitas
radiotherapy	CTDC-PARTICIPANT-911273	CTDC-RADIOTHERAPY-848129	O_Tite_tute_Tati_tibi_tanta_tyranne_tulisti	saltus_in_demonstrando	Macte_animo_Generose_puer_sic_itur_ad_astra	Macte_animo_Generose_puer_sic_itur_ad_astra	pace_tua	a_bene_placito	635	509	Not Evaluable	Gallia_est_omnis_divisa_in_partes_tres
radiotherapy	CTDC-PARTICIPANT-911273	CTDC-RADIOTHERAPY-962247	scientiae_et_patriae	id_quod_plerumque_accidit	haec_olim_meminisse_iuvabit	pace_tua	damnant_quod_non_intellegunt	scientia,_aere_perennius	447	450	Partial Response	scientiae_cedit_mare
radiotherapy	CTDC-PARTICIPANT-862923	CTDC-RADIOTHERAPY-971100	Macte_animo_Generose_puer_sic_itur_ad_astra	scientia_imperii_decus_et_tutamen	imperium_in_imperio	Macte_animo_Generose_puer_sic_itur_ad_astra	scientia_et_labor	scientia_et_sapientia	637	944	Complete Response	O_Tite_tute_Tati_tibi_tanta_tyranne_tulisti
radiotherapy	CTDC-PARTICIPANT-862923	CTDC-RADIOTHERAPY-900781	Macte_animo_Generose_puer_sic_itur_ad_astra	Macte_animo_Generose_puer_sic_itur_ad_astra	a_bene_placito	Macte_animo_Generose_puer_sic_itur_ad_astra	Macte_animo_Generose_puer_sic_itur_ad_astra	nascentes_morimur_finisque_ab_origine_pendet	319	621	Not Assessed	barba_crescit_caput_nescit
radiotherapy	CTDC-PARTICIPANT-716314	CTDC-RADIOTHERAPY-283491	labor_ipse_voluptas	id_quod_plerumque_accidit	sapiens_qui_prospicit	pace_tua	barba_crescit_caput_nescit	scientia_et_labor	88	655	Too Early	Obedientia_civium_urbis_felicitas
radiotherapy	CTDC-PARTICIPANT-716314	CTDC-RADIOTHERAPY-525252	damnant_quod_non_intellegunt	labor_ipse_voluptas	scientia,_aere_perennius	nascentes_morimur_finisque_ab_origine_pendet	scientia,_aere_perennius	e_causa_ignota	726	439	Unknown	id_quod_plerumque_accidit
radiotherapy	CTDC-PARTICIPANT-555997	CTDC-RADIOTHERAPY-666619	scientiae_cedit_mare	damnant_quod_non_intellegunt	haec_olim_meminisse_iuvabit	scientia_et_sapientia	scientia_imperii_decus_et_tutamen	scientia_et_sapientia	228	988	Progressive Disease	saltus_in_demonstrando
radiotherapy	CTDC-PARTICIPANT-555997	CTDC-RADIOTHERAPY-516655	scientiae_et_patriae	imperium_in_imperio	a_bene_placito	scientia_et_sapientia	scientiae_et_patriae	labor_ipse_voluptas	225	959	Partial Response	faber_est_suae_quisque_fortunae
radiotherapy	CTDC-PARTICIPANT-317484	CTDC-RADIOTHERAPY-565680	haec_olim_meminisse_iuvabit	scientiae_cedit_mare	scientia_et_sapientia	Obedientia_civium_urbis_felicitas	pace_tua	pace_tua	961	574	Progressive Disease	labor_ipse_voluptas
radiotherapy	CTDC-PARTICIPANT-317484	CTDC-RADIOTHERAPY-279751	saltus_in_demonstrando	nascentes_morimur_finisque_ab_origine_pendet	Macte_animo_Generose_puer_sic_itur_ad_astra	scientiae_et_patriae	Macte_animo_Generose_puer_sic_itur_ad_astra	haec_olim_meminisse_iuvabit	842	961	Partial Response	scientiae_et_patriae
radiotherapy	CTDC-PARTICIPANT-629268	CTDC-RADIOTHERAPY-876988	nascentes_morimur_finisque_ab_origine_pendet	salus_in_arduis	imperium_in_imperio	imperium_in_imperio	e_causa_ignota	scientia_imperii_decus_et_tutamen	634	355	Less than partial response	id_quod_plerumque_accidit
radiotherapy	CTDC-PARTICIPANT-629268	CTDC-RADIOTHERAPY-967954	barba_crescit_caput_nescit	scientia,_aere_perennius	e_causa_ignota	Macte_animo_Generose_puer_sic_itur_ad_astra	salus_in_arduis	faber_est_suae_quisque_fortunae	112	402	Less than partial response	sapiens_qui_prospicit
radiotherapy	CTDC-PARTICIPANT-153199	CTDC-RADIOTHERAPY-895564	nascentes_morimur_finisque_ab_origine_pendet	salus_in_arduis	O_Tite_tute_Tati_tibi_tanta_tyranne_tulisti	id_quod_plerumque_accidit	labor_ipse_voluptas	barba_crescit_caput_nescit	361	737	Complete Response	nanos_gigantum_humeris_insidentes
radiotherapy	CTDC-PARTICIPANT-153199	CTDC-RADIOTHERAPY-590337	Gallia_est_omnis_divisa_in_partes_tres	Macte_animo_Generose_puer_sic_itur_ad_astra	faber_est_suae_quisque_fortunae	scientiae_et_patriae	Gallia_est_omnis_divisa_in_partes_tres	O_Tite_tute_Tati_tibi_tanta_tyranne_tulisti	162	171	Stable Disease	cacatum_non_est_pictum
radiotherapy	CTDC-PARTICIPANT-381936	CTDC-RADIOTHERAPY-735986	scientia_et_sapientia	scientiae_cedit_mare	a_bene_placito	a_bene_placito	labor_ipse_voluptas	Macte_animo_Generose_puer_sic_itur_ad_astra	575	819	Progressive Disease	scientia_et_sapientia
radiotherapy	CTDC-PARTICIPANT-381936	CTDC-RADIOTHERAPY-367232	scientiae_cedit_mare	cacatum_non_est_pictum	nanos_gigantum_humeris_insidentes	id_quod_plerumque_accidit	scientia,_aere_perennius	scientia,_aere_perennius	621	231	Complete Response	id_quod_plerumque_accidit
radiotherapy	CTDC-PARTICIPANT-866904	CTDC-RADIOTHERAPY-934752	nanos_gigantum_humeris_insidentes	barba_crescit_caput_nescit	pace_tua	faber_est_suae_quisque_fortunae	scientia_imperii_decus_et_tutamen	Obedientia_civium_urbis_felicitas	325	329	Less than partial response	saltus_in_demonstrando
radiotherapy	CTDC-PARTICIPANT-866904	CTDC-RADIOTHERAPY-821905	sapiens_qui_prospicit	scientia_et_labor	barba_crescit_caput_nescit	saltus_in_demonstrando	O_Tite_tute_Tati_tibi_tanta_tyranne_tulisti	damnant_quod_non_intellegunt	651	978	Complete Response	scientiae_et_patriae
radiotherapy	CTDC-PARTICIPANT-842962	CTDC-RADIOTHERAPY-468961	Obedientia_civium_urbis_felicitas	scientiae_cedit_mare	scientiae_cedit_mare	salus_in_arduis	salus_in_arduis	saltus_in_demonstrando	200	279	Progressive Disease	scientia_et_sapientia
radiotherapy	CTDC-PARTICIPANT-842962	CTDC-RADIOTHERAPY-790074	scientia_et_labor	Obedientia_civium_urbis_felicitas	scientia_et_sapientia	scientiae_et_patriae	a_bene_placito	damnant_quod_non_intellegunt	790	601	Not Evaluable	id_quod_plerumque_accidit
radiotherapy	CTDC-PARTICIPANT-284794	CTDC-RADIOTHERAPY-407385	haec_olim_meminisse_iuvabit	imperium_in_imperio	haec_olim_meminisse_iuvabit	barba_crescit_caput_nescit	barba_crescit_caput_nescit	damnant_quod_non_intellegunt	560	317	Complete Response	scientia_et_sapientia
radiotherapy	CTDC-PARTICIPANT-284794	CTDC-RADIOTHERAPY-550890	scientia_et_labor	scientia_et_labor	a_bene_placito	scientiae_cedit_mare	a_bene_placito	Macte_animo_Generose_puer_sic_itur_ad_astra	349	201	Not Assessed	scientiae_et_patriae
radiotherapy	CTDC-PARTICIPANT-663400	CTDC-RADIOTHERAPY-254528	pace_tua	Gallia_est_omnis_divisa_in_partes_tres	salus_in_arduis	saltus_in_demonstrando	damnant_quod_non_intellegunt	scientia_et_sapientia	853	800	Progressive Disease	labor_ipse_voluptas
radiotherapy	CTDC-PARTICIPANT-663400	CTDC-RADIOTHERAPY-902820	Gallia_est_omnis_divisa_in_partes_tres	Obedientia_civium_urbis_felicitas	scientiae_et_patriae	scientia,_aere_perennius	faber_est_suae_quisque_fortunae	saltus_in_demonstrando	266	255	Unknown	labor_ipse_voluptas
radiotherapy	CTDC-PARTICIPANT-307047	CTDC-RADIOTHERAPY-835833	cacatum_non_est_pictum	scientiae_et_patriae	haec_olim_meminisse_iuvabit	scientia,_aere_perennius	scientia_et_sapientia	scientiae_cedit_mare	566	586	Complete Response	Obedientia_civium_urbis_felicitas
radiotherapy	CTDC-PARTICIPANT-307047	CTDC-RADIOTHERAPY-276436	imperium_in_imperio	labor_ipse_voluptas	barba_crescit_caput_nescit	barba_crescit_caput_nescit	damnant_quod_non_intellegunt	a_bene_placito	410	322	Stable Disease	Macte_animo_Generose_puer_sic_itur_ad_astra
radiotherapy	CTDC-PARTICIPANT-684301	CTDC-RADIOTHERAPY-185697	labor_ipse_voluptas	scientia_et_sapientia	scientia,_aere_perennius	damnant_quod_non_intellegunt	barba_crescit_caput_nescit	haec_olim_meminisse_iuvabit	264	603	Less than partial response	scientia_et_sapientia
radiotherapy	CTDC-PARTICIPANT-684301	CTDC-RADIOTHERAPY-787442	scientiae_cedit_mare	pace_tua	a_bene_placito	cacatum_non_est_pictum	Macte_animo_Generose_puer_sic_itur_ad_astra	nascentes_morimur_finisque_ab_origine_pendet	454	786	Partial Response	nascentes_morimur_finisque_ab_origine_pendet
radiotherapy	CTDC-PARTICIPANT-818286	CTDC-RADIOTHERAPY-481743	haec_olim_meminisse_iuvabit	saltus_in_demonstrando	Macte_animo_Generose_puer_sic_itur_ad_astra	Macte_animo_Generose_puer_sic_itur_ad_astra	labor_ipse_voluptas	barba_crescit_caput_nescit	558	269	Progressive Disease	faber_est_suae_quisque_fortunae
radiotherapy	CTDC-PARTICIPANT-818286	CTDC-RADIOTHERAPY-631393	id_quod_plerumque_accidit	cacatum_non_est_pictum	scientia_et_sapientia	e_causa_ignota	e_causa_ignota	scientia_et_sapientia	660	69	Too Early	O_Tite_tute_Tati_tibi_tanta_tyranne_tulisti
radiotherapy	CTDC-PARTICIPANT-993025	CTDC-RADIOTHERAPY-414276	labor_ipse_voluptas	O_Tite_tute_Tati_tibi_tanta_tyranne_tulisti	scientia_et_labor	Obedientia_civium_urbis_felicitas	O_Tite_tute_Tati_tibi_tanta_tyranne_tulisti	nanos_gigantum_humeris_insidentes	718	261	Not Assessed	Gallia_est_omnis_divisa_in_partes_tres
radiotherapy	CTDC-PARTICIPANT-993025	CTDC-RADIOTHERAPY-561106	nascentes_morimur_finisque_ab_origine_pendet	e_causa_ignota	scientia_et_sapientia	pace_tua	nascentes_morimur_finisque_ab_origine_pendet	scientiae_et_patriae	918	964	Unknown	salus_in_arduis
radiotherapy	CTDC-PARTICIPANT-578185	CTDC-RADIOTHERAPY-679405	Gallia_est_omnis_divisa_in_partes_tres	haec_olim_meminisse_iuvabit	barba_crescit_caput_nescit	labor_ipse_voluptas	faber_est_suae_quisque_fortunae	Obedientia_civium_urbis_felicitas	143	564	Partial Response	barba_crescit_caput_nescit
radiotherapy	CTDC-PARTICIPANT-578185	CTDC-RADIOTHERAPY-680016	nanos_gigantum_humeris_insidentes	scientia,_aere_perennius	scientia,_aere_perennius	faber_est_suae_quisque_fortunae	O_Tite_tute_Tati_tibi_tanta_tyranne_tulisti	Gallia_est_omnis_divisa_in_partes_tres	849	734	Less than partial response	haec_olim_meminisse_iuvabit
radiotherapy	CTDC-PARTICIPANT-324715	CTDC-RADIOTHERAPY-841369	pace_tua	sapiens_qui_prospicit	id_quod_plerumque_accidit	damnant_quod_non_intellegunt	a_bene_placito	cacatum_non_est_pictum	417	18	Less than partial response	id_quod_plerumque_accidit
radiotherapy	CTDC-PARTICIPANT-324715	CTDC-RADIOTHERAPY-847792	saltus_in_demonstrando	labor_ipse_voluptas	scientia_imperii_decus_et_tutamen	pace_tua	scientia_et_sapientia	O_Tite_tute_Tati_tibi_tanta_tyranne_tulisti	852	671	Not Assessed	scientia,_aere_perennius
radiotherapy	CTDC-PARTICIPANT-678673	CTDC-RADIOTHERAPY-322865	scientia_imperii_decus_et_tutamen	nascentes_morimur_finisque_ab_origine_pendet	Obedientia_civium_urbis_felicitas	faber_est_suae_quisque_fortunae	salus_in_arduis	imperium_in_imperio	154	787	Less than partial response	Obedientia_civium_urbis_felicitas
radiotherapy	CTDC-PARTICIPANT-678673	CTDC-RADIOTHERAPY-247888	labor_ipse_voluptas	pace_tua	scientia_imperii_decus_et_tutamen	Obedientia_civium_urbis_felicitas	nascentes_morimur_finisque_ab_origine_pendet	Macte_animo_Generose_puer_sic_itur_ad_astra	166	212	Too Early	nascentes_morimur_finisque_ab_origine_pendet
radiotherapy	CTDC-PARTICIPANT-571518	CTDC-RADIOTHERAPY-344582	imperium_in_imperio	saltus_in_demonstrando	cacatum_non_est_pictum	Gallia_est_omnis_divisa_in_partes_tres	scientia_et_sapientia	pace_tua	513	252	Less than partial response	labor_ipse_voluptas
radiotherapy	CTDC-PARTICIPANT-571518	CTDC-RADIOTHERAPY-416691	faber_est_suae_quisque_fortunae	Macte_animo_Generose_puer_sic_itur_ad_astra	nascentes_morimur_finisque_ab_origine_pendet	haec_olim_meminisse_iuvabit	damnant_quod_non_intellegunt	id_quod_plerumque_accidit	597	229	Unknown	Macte_animo_Generose_puer_sic_itur_ad_astra
radiotherapy	CTDC-PARTICIPANT-873392	CTDC-RADIOTHERAPY-659351	nascentes_morimur_finisque_ab_origine_pendet	haec_olim_meminisse_iuvabit	imperium_in_imperio	sapiens_qui_prospicit	imperium_in_imperio	Obedientia_civium_urbis_felicitas	827	318	Unknown	haec_olim_meminisse_iuvabit
radiotherapy	CTDC-PARTICIPANT-873392	CTDC-RADIOTHERAPY-333967	Macte_animo_Generose_puer_sic_itur_ad_astra	scientia_et_sapientia	e_causa_ignota	sapiens_qui_prospicit	id_quod_plerumque_accidit	scientiae_cedit_mare	851	400	Complete Response	scientiae_et_patriae
radiotherapy	CTDC-PARTICIPANT-468304	CTDC-RADIOTHERAPY-266376	Gallia_est_omnis_divisa_in_partes_tres	a_bene_placito	scientia_et_sapientia	e_causa_ignota	Obedientia_civium_urbis_felicitas	a_bene_placito	136	865	Progressive Disease	nascentes_morimur_finisque_ab_origine_pendet
radiotherapy	CTDC-PARTICIPANT-468304	CTDC-RADIOTHERAPY-699123	scientia,_aere_perennius	scientia,_aere_perennius	sapiens_qui_prospicit	e_causa_ignota	labor_ipse_voluptas	labor_ipse_voluptas	379	379	Unknown	barba_crescit_caput_nescit
radiotherapy	CTDC-PARTICIPANT-509129	CTDC-RADIOTHERAPY-752945	scientia,_aere_perennius	Macte_animo_Generose_puer_sic_itur_ad_astra	cacatum_non_est_pictum	labor_ipse_voluptas	scientia_et_labor	labor_ipse_voluptas	138	773	Partial Response	damnant_quod_non_intellegunt
radiotherapy	CTDC-PARTICIPANT-509129	CTDC-RADIOTHERAPY-730482	nanos_gigantum_humeris_insidentes	Gallia_est_omnis_divisa_in_partes_tres	scientiae_et_patriae	faber_est_suae_quisque_fortunae	damnant_quod_non_intellegunt	haec_olim_meminisse_iuvabit	662	269	Too Early	labor_ipse_voluptas
radiotherapy	CTDC-PARTICIPANT-536078	CTDC-RADIOTHERAPY-370478	sapiens_qui_prospicit	haec_olim_meminisse_iuvabit	nascentes_morimur_finisque_ab_origine_pendet	id_quod_plerumque_accidit	sapiens_qui_prospicit	saltus_in_demonstrando	931	134	Too Early	pace_tua
radiotherapy	CTDC-PARTICIPANT-536078	CTDC-RADIOTHERAPY-694849	imperium_in_imperio	e_causa_ignota	nanos_gigantum_humeris_insidentes	e_causa_ignota	imperium_in_imperio	O_Tite_tute_Tati_tibi_tanta_tyranne_tulisti	914	657	Partial Response	pace_tua
radiotherapy	CTDC-PARTICIPANT-406641	CTDC-RADIOTHERAPY-906704	Gallia_est_omnis_divisa_in_partes_tres	id_quod_plerumque_accidit	saltus_in_demonstrando	id_quod_plerumque_accidit	scientiae_cedit_mare	e_causa_ignota	313	876	Unknown	salus_in_arduis
radiotherapy	CTDC-PARTICIPANT-406641	CTDC-RADIOTHERAPY-365876	scientiae_cedit_mare	a_bene_placito	Gallia_est_omnis_divisa_in_partes_tres	imperium_in_imperio	salus_in_arduis	scientiae_cedit_mare	349	242	Progressive Disease	saltus_in_demonstrando
radiotherapy	CTDC-PARTICIPANT-382497	CTDC-RADIOTHERAPY-914394	O_Tite_tute_Tati_tibi_tanta_tyranne_tulisti	nanos_gigantum_humeris_insidentes	sapiens_qui_prospicit	imperium_in_imperio	scientia_et_labor	scientiae_cedit_mare	536	343	Partial Response	scientia_imperii_decus_et_tutamen
radiotherapy	CTDC-PARTICIPANT-382497	CTDC-RADIOTHERAPY-792562	e_causa_ignota	haec_olim_meminisse_iuvabit	pace_tua	labor_ipse_voluptas	Obedientia_civium_urbis_felicitas	nascentes_morimur_finisque_ab_origine_pendet	267	332	Less than partial response	haec_olim_meminisse_iuvabit
radiotherapy	CTDC-PARTICIPANT-697606	CTDC-RADIOTHERAPY-435184	scientiae_cedit_mare	a_bene_placito	Obedientia_civium_urbis_felicitas	scientia_et_labor	a_bene_placito	nanos_gigantum_humeris_insidentes	176	441	Too Early	id_quod_plerumque_accidit
radiotherapy	CTDC-PARTICIPANT-697606	CTDC-RADIOTHERAPY-532426	a_bene_placito	scientiae_cedit_mare	nascentes_morimur_finisque_ab_origine_pendet	salus_in_arduis	a_bene_placito	Macte_animo_Generose_puer_sic_itur_ad_astra	888	207	Partial Response	scientia_imperii_decus_et_tutamen
radiotherapy	CTDC-PARTICIPANT-546234	CTDC-RADIOTHERAPY-387154	O_Tite_tute_Tati_tibi_tanta_tyranne_tulisti	labor_ipse_voluptas	labor_ipse_voluptas	a_bene_placito	scientiae_cedit_mare	Obedientia_civium_urbis_felicitas	73	441	Too Early	saltus_in_demonstrando
radiotherapy	CTDC-PARTICIPANT-546234	CTDC-RADIOTHERAPY-190056	id_quod_plerumque_accidit	salus_in_arduis	O_Tite_tute_Tati_tibi_tanta_tyranne_tulisti	scientiae_cedit_mare	saltus_in_demonstrando	a_bene_placito	664	840	Not Evaluable	haec_olim_meminisse_iuvabit
radiotherapy	CTDC-PARTICIPANT-693469	CTDC-RADIOTHERAPY-259494	damnant_quod_non_intellegunt	sapiens_qui_prospicit	scientiae_cedit_mare	cacatum_non_est_pictum	Macte_animo_Generose_puer_sic_itur_ad_astra	a_bene_placito	570	73	Too Early	cacatum_non_est_pictum
radiotherapy	CTDC-PARTICIPANT-693469	CTDC-RADIOTHERAPY-158452	scientia_et_labor	Obedientia_civium_urbis_felicitas	Gallia_est_omnis_divisa_in_partes_tres	scientia_et_labor	imperium_in_imperio	scientia_imperii_decus_et_tutamen	378	751	Stable Disease	scientia_et_labor
radiotherapy	CTDC-PARTICIPANT-922088	CTDC-RADIOTHERAPY-521668	barba_crescit_caput_nescit	imperium_in_imperio	Gallia_est_omnis_divisa_in_partes_tres	nascentes_morimur_finisque_ab_origine_pendet	scientia_imperii_decus_et_tutamen	Macte_animo_Generose_puer_sic_itur_ad_astra	445	492	Too Early	O_Tite_tute_Tati_tibi_tanta_tyranne_tulisti
radiotherapy	CTDC-PARTICIPANT-922088	CTDC-RADIOTHERAPY-289707	barba_crescit_caput_nescit	scientia,_aere_perennius	sapiens_qui_prospicit	pace_tua	nascentes_morimur_finisque_ab_origine_pendet	labor_ipse_voluptas	610	885	Progressive Disease	barba_crescit_caput_nescit
radiotherapy	CTDC-PARTICIPANT-141305	CTDC-RADIOTHERAPY-665103	nanos_gigantum_humeris_insidentes	haec_olim_meminisse_iuvabit	barba_crescit_caput_nescit	a_bene_placito	barba_crescit_caput_nescit	labor_ipse_voluptas	786	545	Partial Response	pace_tua
radiotherapy	CTDC-PARTICIPANT-141305	CTDC-RADIOTHERAPY-472919	saltus_in_demonstrando	imperium_in_imperio	O_Tite_tute_Tati_tibi_tanta_tyranne_tulisti	barba_crescit_caput_nescit	labor_ipse_voluptas	id_quod_plerumque_accidit	27	868	Unknown	sapiens_qui_prospicit
radiotherapy	CTDC-PARTICIPANT-367517	CTDC-RADIOTHERAPY-593194	scientiae_et_patriae	Obedientia_civium_urbis_felicitas	saltus_in_demonstrando	Gallia_est_omnis_divisa_in_partes_tres	scientia_et_labor	scientia,_aere_perennius	898	39	Too Early	scientia_et_sapientia
radiotherapy	CTDC-PARTICIPANT-367517	CTDC-RADIOTHERAPY-588291	nascentes_morimur_finisque_ab_origine_pendet	damnant_quod_non_intellegunt	imperium_in_imperio	id_quod_plerumque_accidit	barba_crescit_caput_nescit	barba_crescit_caput_nescit	908	942	Not Evaluable	id_quod_plerumque_accidit
radiotherapy	CTDC-PARTICIPANT-465076	CTDC-RADIOTHERAPY-872032	saltus_in_demonstrando	scientia_imperii_decus_et_tutamen	sapiens_qui_prospicit	faber_est_suae_quisque_fortunae	nanos_gigantum_humeris_insidentes	pace_tua	663	309	Complete Response	O_Tite_tute_Tati_tibi_tanta_tyranne_tulisti
radiotherapy	CTDC-PARTICIPANT-465076	CTDC-RADIOTHERAPY-207629	id_quod_plerumque_accidit	damnant_quod_non_intellegunt	a_bene_placito	barba_crescit_caput_nescit	nanos_gigantum_humeris_insidentes	sapiens_qui_prospicit	599	412	Not Evaluable	saltus_in_demonstrando
radiotherapy	CTDC-PARTICIPANT-615323	CTDC-RADIOTHERAPY-303318	scientiae_cedit_mare	nanos_gigantum_humeris_insidentes	a_bene_placito	damnant_quod_non_intellegunt	cacatum_non_est_pictum	id_quod_plerumque_accidit	260	513	Complete Response	pace_tua
radiotherapy	CTDC-PARTICIPANT-615323	CTDC-RADIOTHERAPY-972654	nascentes_morimur_finisque_ab_origine_pendet	scientiae_et_patriae	scientia_imperii_decus_et_tutamen	scientia,_aere_perennius	pace_tua	scientia_et_sapientia	598	307	Complete Response	Obedientia_civium_urbis_felicitas
radiotherapy	CTDC-PARTICIPANT-732925	CTDC-RADIOTHERAPY-963870	salus_in_arduis	nanos_gigantum_humeris_insidentes	scientia_et_labor	labor_ipse_voluptas	pace_tua	pace_tua	671	375	Not Assessed	faber_est_suae_quisque_fortunae
radiotherapy	CTDC-PARTICIPANT-732925	CTDC-RADIOTHERAPY-386731	Gallia_est_omnis_divisa_in_partes_tres	scientiae_cedit_mare	sapiens_qui_prospicit	id_quod_plerumque_accidit	scientiae_cedit_mare	scientiae_cedit_mare	430	526	Not Assessed	salus_in_arduis
radiotherapy	CTDC-PARTICIPANT-920683	CTDC-RADIOTHERAPY-647973	pace_tua	barba_crescit_caput_nescit	Macte_animo_Generose_puer_sic_itur_ad_astra	Gallia_est_omnis_divisa_in_partes_tres	scientiae_et_patriae	scientiae_cedit_mare	430	382	Not Assessed	e_causa_ignota
radiotherapy	CTDC-PARTICIPANT-920683	CTDC-RADIOTHERAPY-534024	pace_tua	id_quod_plerumque_accidit	cacatum_non_est_pictum	O_Tite_tute_Tati_tibi_tanta_tyranne_tulisti	scientia_et_sapientia	labor_ipse_voluptas	828	563	Not Evaluable	scientia,_aere_perennius
radiotherapy	CTDC-PARTICIPANT-301240	CTDC-RADIOTHERAPY-743145	saltus_in_demonstrando	O_Tite_tute_Tati_tibi_tanta_tyranne_tulisti	id_quod_plerumque_accidit	scientia_et_labor	scientia_imperii_decus_et_tutamen	scientiae_cedit_mare	824	693	Partial Response	sapiens_qui_prospicit
radiotherapy	CTDC-PARTICIPANT-301240	CTDC-RADIOTHERAPY-192406	scientiae_cedit_mare	scientia_imperii_decus_et_tutamen	sapiens_qui_prospicit	scientiae_cedit_mare	imperium_in_imperio	nanos_gigantum_humeris_insidentes	739	824	Progressive Disease	scientiae_et_patriae
radiotherapy	CTDC-PARTICIPANT-237383	CTDC-RADIOTHERAPY-225066	a_bene_placito	scientia_et_sapientia	nanos_gigantum_humeris_insidentes	Gallia_est_omnis_divisa_in_partes_tres	scientia,_aere_perennius	salus_in_arduis	242	120	Complete Response	saltus_in_demonstrando
radiotherapy	CTDC-PARTICIPANT-237383	CTDC-RADIOTHERAPY-116725	scientia,_aere_perennius	sapiens_qui_prospicit	e_causa_ignota	labor_ipse_voluptas	nascentes_morimur_finisque_ab_origine_pendet	barba_crescit_caput_nescit	201	836	Unknown	damnant_quod_non_intellegunt
radiotherapy	CTDC-PARTICIPANT-981957	CTDC-RADIOTHERAPY-915234	haec_olim_meminisse_iuvabit	Macte_animo_Generose_puer_sic_itur_ad_astra	pace_tua	a_bene_placito	Gallia_est_omnis_divisa_in_partes_tres	a_bene_placito	164	15	Too Early	scientiae_cedit_mare
radiotherapy	CTDC-PARTICIPANT-981957	CTDC-RADIOTHERAPY-295242	Gallia_est_omnis_divisa_in_partes_tres	cacatum_non_est_pictum	cacatum_non_est_pictum	O_Tite_tute_Tati_tibi_tanta_tyranne_tulisti	scientiae_et_patriae	Obedientia_civium_urbis_felicitas	610	977	Less than partial response	saltus_in_demonstrando
radiotherapy	CTDC-PARTICIPANT-582946	CTDC-RADIOTHERAPY-950160	cacatum_non_est_pictum	pace_tua	a_bene_placito	scientiae_et_patriae	barba_crescit_caput_nescit	imperium_in_imperio	695	416	Too Early	e_causa_ignota
radiotherapy	CTDC-PARTICIPANT-582946	CTDC-RADIOTHERAPY-693585	scientia_imperii_decus_et_tutamen	O_Tite_tute_Tati_tibi_tanta_tyranne_tulisti	scientia_imperii_decus_et_tutamen	id_quod_plerumque_accidit	faber_est_suae_quisque_fortunae	scientiae_cedit_mare	708	248	Complete Response	faber_est_suae_quisque_fortunae
radiotherapy	CTDC-PARTICIPANT-498534	CTDC-RADIOTHERAPY-715208	saltus_in_demonstrando	scientia_imperii_decus_et_tutamen	barba_crescit_caput_nescit	O_Tite_tute_Tati_tibi_tanta_tyranne_tulisti	scientia_et_sapientia	Macte_animo_Generose_puer_sic_itur_ad_astra	213	405	Partial Response	salus_in_arduis
radiotherapy	CTDC-PARTICIPANT-498534	CTDC-RADIOTHERAPY-880464	barba_crescit_caput_nescit	pace_tua	salus_in_arduis	Obedientia_civium_urbis_felicitas	a_bene_placito	damnant_quod_non_intellegunt	478	280	Unknown	sapiens_qui_prospicit
radiotherapy	CTDC-PARTICIPANT-263539	CTDC-RADIOTHERAPY-205914	nascentes_morimur_finisque_ab_origine_pendet	cacatum_non_est_pictum	imperium_in_imperio	scientiae_cedit_mare	nanos_gigantum_humeris_insidentes	imperium_in_imperio	184	717	Not Evaluable	damnant_quod_non_intellegunt
radiotherapy	CTDC-PARTICIPANT-263539	CTDC-RADIOTHERAPY-937158	nanos_gigantum_humeris_insidentes	scientiae_cedit_mare	barba_crescit_caput_nescit	scientia_imperii_decus_et_tutamen	salus_in_arduis	Gallia_est_omnis_divisa_in_partes_tres	130	627	Stable Disease	scientia_imperii_decus_et_tutamen
radiotherapy	CTDC-PARTICIPANT-548153	CTDC-RADIOTHERAPY-286409	salus_in_arduis	e_causa_ignota	a_bene_placito	scientia_et_labor	O_Tite_tute_Tati_tibi_tanta_tyranne_tulisti	nanos_gigantum_humeris_insidentes	972	976	Progressive Disease	id_quod_plerumque_accidit
radiotherapy	CTDC-PARTICIPANT-548153	CTDC-RADIOTHERAPY-435941	id_quod_plerumque_accidit	sapiens_qui_prospicit	salus_in_arduis	pace_tua	damnant_quod_non_intellegunt	cacatum_non_est_pictum	312	951	Not Evaluable	imperium_in_imperio
radiotherapy	CTDC-PARTICIPANT-975057	CTDC-RADIOTHERAPY-678654	Macte_animo_Generose_puer_sic_itur_ad_astra	imperium_in_imperio	scientia_et_sapientia	e_causa_ignota	haec_olim_meminisse_iuvabit	Gallia_est_omnis_divisa_in_partes_tres	76	885	Partial Response	Gallia_est_omnis_divisa_in_partes_tres
radiotherapy	CTDC-PARTICIPANT-975057	CTDC-RADIOTHERAPY-614330	a_bene_placito	barba_crescit_caput_nescit	nascentes_morimur_finisque_ab_origine_pendet	a_bene_placito	Obedientia_civium_urbis_felicitas	scientia,_aere_perennius	493	292	Progressive Disease	imperium_in_imperio
radiotherapy	CTDC-PARTICIPANT-107028	CTDC-RADIOTHERAPY-786208	e_causa_ignota	scientiae_et_patriae	nascentes_morimur_finisque_ab_origine_pendet	scientiae_et_patriae	Obedientia_civium_urbis_felicitas	scientia_et_sapientia	903	760	Unknown	Obedientia_civium_urbis_felicitas
radiotherapy	CTDC-PARTICIPANT-107028	CTDC-RADIOTHERAPY-677219	imperium_in_imperio	Gallia_est_omnis_divisa_in_partes_tres	cacatum_non_est_pictum	saltus_in_demonstrando	a_bene_placito	Macte_animo_Generose_puer_sic_itur_ad_astra	572	548	Less than partial response	Macte_animo_Generose_puer_sic_itur_ad_astra
radiotherapy	CTDC-PARTICIPANT-227268	CTDC-RADIOTHERAPY-689070	saltus_in_demonstrando	cacatum_non_est_pictum	pace_tua	labor_ipse_voluptas	Macte_animo_Generose_puer_sic_itur_ad_astra	id_quod_plerumque_accidit	816	642	Too Early	haec_olim_meminisse_iuvabit
radiotherapy	CTDC-PARTICIPANT-227268	CTDC-RADIOTHERAPY-168263	Obedientia_civium_urbis_felicitas	a_bene_placito	scientia,_aere_perennius	a_bene_placito	faber_est_suae_quisque_fortunae	haec_olim_meminisse_iuvabit	437	244	Complete Response	imperium_in_imperio
radiotherapy	CTDC-PARTICIPANT-367248	CTDC-RADIOTHERAPY-948803	scientia_et_sapientia	damnant_quod_non_intellegunt	scientia_imperii_decus_et_tutamen	sapiens_qui_prospicit	scientia_imperii_decus_et_tutamen	scientia_imperii_decus_et_tutamen	926	831	Not Assessed	haec_olim_meminisse_iuvabit
radiotherapy	CTDC-PARTICIPANT-367248	CTDC-RADIOTHERAPY-990748	saltus_in_demonstrando	scientia_imperii_decus_et_tutamen	salus_in_arduis	scientia,_aere_perennius	scientiae_et_patriae	scientia_et_sapientia	587	552	Not Assessed	faber_est_suae_quisque_fortunae
radiotherapy	CTDC-PARTICIPANT-450141	CTDC-RADIOTHERAPY-806602	faber_est_suae_quisque_fortunae	nascentes_morimur_finisque_ab_origine_pendet	Gallia_est_omnis_divisa_in_partes_tres	sapiens_qui_prospicit	scientia_et_labor	e_causa_ignota	386	215	Stable Disease	sapiens_qui_prospicit
radiotherapy	CTDC-PARTICIPANT-450141	CTDC-RADIOTHERAPY-181287	scientia,_aere_perennius	Macte_animo_Generose_puer_sic_itur_ad_astra	pace_tua	faber_est_suae_quisque_fortunae	scientia,_aere_perennius	faber_est_suae_quisque_fortunae	760	316	Not Evaluable	imperium_in_imperio
radiotherapy	CTDC-PARTICIPANT-828061	CTDC-RADIOTHERAPY-676486	nascentes_morimur_finisque_ab_origine_pendet	salus_in_arduis	nascentes_morimur_finisque_ab_origine_pendet	labor_ipse_voluptas	faber_est_suae_quisque_fortunae	scientia_et_labor	926	143	Not Evaluable	cacatum_non_est_pictum
radiotherapy	CTDC-PARTICIPANT-828061	CTDC-RADIOTHERAPY-555985	scientiae_cedit_mare	scientiae_et_patriae	scientiae_et_patriae	a_bene_placito	nanos_gigantum_humeris_insidentes	scientiae_et_patriae	948	445	Partial Response	barba_crescit_caput_nescit
radiotherapy	CTDC-PARTICIPANT-351016	CTDC-RADIOTHERAPY-751718	faber_est_suae_quisque_fortunae	saltus_in_demonstrando	imperium_in_imperio	scientia_et_labor	scientiae_et_patriae	scientiae_cedit_mare	376	428	Partial Response	scientiae_cedit_mare
radiotherapy	CTDC-PARTICIPANT-351016	CTDC-RADIOTHERAPY-249856	haec_olim_meminisse_iuvabit	haec_olim_meminisse_iuvabit	salus_in_arduis	Obedientia_civium_urbis_felicitas	sapiens_qui_prospicit	Macte_animo_Generose_puer_sic_itur_ad_astra	836	104	Not Evaluable	saltus_in_demonstrando
radiotherapy	CTDC-PARTICIPANT-403624	CTDC-RADIOTHERAPY-904750	scientiae_et_patriae	haec_olim_meminisse_iuvabit	sapiens_qui_prospicit	faber_est_suae_quisque_fortunae	id_quod_plerumque_accidit	Gallia_est_omnis_divisa_in_partes_tres	296	71	Unknown	sapiens_qui_prospicit
radiotherapy	CTDC-PARTICIPANT-403624	CTDC-RADIOTHERAPY-219941	damnant_quod_non_intellegunt	nascentes_morimur_finisque_ab_origine_pendet	faber_est_suae_quisque_fortunae	sapiens_qui_prospicit	nascentes_morimur_finisque_ab_origine_pendet	pace_tua	65	108	Partial Response	sapiens_qui_prospicit
radiotherapy	CTDC-PARTICIPANT-477605	CTDC-RADIOTHERAPY-217671	a_bene_placito	Gallia_est_omnis_divisa_in_partes_tres	id_quod_plerumque_accidit	barba_crescit_caput_nescit	sapiens_qui_prospicit	haec_olim_meminisse_iuvabit	12	954	Not Evaluable	scientiae_et_patriae
radiotherapy	CTDC-PARTICIPANT-477605	CTDC-RADIOTHERAPY-598170	sapiens_qui_prospicit	faber_est_suae_quisque_fortunae	sapiens_qui_prospicit	O_Tite_tute_Tati_tibi_tanta_tyranne_tulisti	salus_in_arduis	damnant_quod_non_intellegunt	974	429	Partial Response	pace_tua
radiotherapy	CTDC-PARTICIPANT-725824	CTDC-RADIOTHERAPY-203619	scientiae_cedit_mare	scientia_imperii_decus_et_tutamen	cacatum_non_est_pictum	barba_crescit_caput_nescit	sapiens_qui_prospicit	scientiae_et_patriae	67	879	Too Early	imperium_in_imperio
radiotherapy	CTDC-PARTICIPANT-725824	CTDC-RADIOTHERAPY-748261	Gallia_est_omnis_divisa_in_partes_tres	Obedientia_civium_urbis_felicitas	salus_in_arduis	faber_est_suae_quisque_fortunae	cacatum_non_est_pictum	Obedientia_civium_urbis_felicitas	600	265	Too Early	saltus_in_demonstrando
radiotherapy	CTDC-PARTICIPANT-468027	CTDC-RADIOTHERAPY-354528	faber_est_suae_quisque_fortunae	id_quod_plerumque_accidit	damnant_quod_non_intellegunt	scientia_et_sapientia	Obedientia_civium_urbis_felicitas	Obedientia_civium_urbis_felicitas	920	489	Too Early	Macte_animo_Generose_puer_sic_itur_ad_astra
radiotherapy	CTDC-PARTICIPANT-468027	CTDC-RADIOTHERAPY-796856	id_quod_plerumque_accidit	id_quod_plerumque_accidit	labor_ipse_voluptas	haec_olim_meminisse_iuvabit	Obedientia_civium_urbis_felicitas	nascentes_morimur_finisque_ab_origine_pendet	609	817	Complete Response	nanos_gigantum_humeris_insidentes
radiotherapy	CTDC-PARTICIPANT-685145	CTDC-RADIOTHERAPY-672267	scientia_imperii_decus_et_tutamen	e_causa_ignota	damnant_quod_non_intellegunt	saltus_in_demonstrando	sapiens_qui_prospicit	scientia_et_sapientia	909	215	Not Assessed	scientia,_aere_perennius
radiotherapy	CTDC-PARTICIPANT-685145	CTDC-RADIOTHERAPY-498631	haec_olim_meminisse_iuvabit	scientia_et_labor	pace_tua	Obedientia_civium_urbis_felicitas	nascentes_morimur_finisque_ab_origine_pendet	labor_ipse_voluptas	775	679	Progressive Disease	scientiae_et_patriae
radiotherapy	CTDC-PARTICIPANT-763370	CTDC-RADIOTHERAPY-171010	a_bene_placito	sapiens_qui_prospicit	labor_ipse_voluptas	imperium_in_imperio	haec_olim_meminisse_iuvabit	saltus_in_demonstrando	462	96	Progressive Disease	labor_ipse_voluptas
radiotherapy	CTDC-PARTICIPANT-763370	CTDC-RADIOTHERAPY-710969	scientia_et_sapientia	faber_est_suae_quisque_fortunae	id_quod_plerumque_accidit	saltus_in_demonstrando	pace_tua	a_bene_placito	564	720	Partial Response	pace_tua
radiotherapy	CTDC-PARTICIPANT-265206	CTDC-RADIOTHERAPY-479341	Macte_animo_Generose_puer_sic_itur_ad_astra	sapiens_qui_prospicit	scientia_et_sapientia	O_Tite_tute_Tati_tibi_tanta_tyranne_tulisti	nascentes_morimur_finisque_ab_origine_pendet	sapiens_qui_prospicit	483	624	Complete Response	damnant_quod_non_intellegunt
radiotherapy	CTDC-PARTICIPANT-265206	CTDC-RADIOTHERAPY-598065	Gallia_est_omnis_divisa_in_partes_tres	scientiae_cedit_mare	Macte_animo_Generose_puer_sic_itur_ad_astra	a_bene_placito	Obedientia_civium_urbis_felicitas	pace_tua	873	938	Not Assessed	scientiae_cedit_mare
radiotherapy	CTDC-PARTICIPANT-486592	CTDC-RADIOTHERAPY-596798	scientia_et_sapientia	salus_in_arduis	scientiae_et_patriae	salus_in_arduis	salus_in_arduis	cacatum_non_est_pictum	550	87	Not Evaluable	Macte_animo_Generose_puer_sic_itur_ad_astra
radiotherapy	CTDC-PARTICIPANT-486592	CTDC-RADIOTHERAPY-934120	scientiae_cedit_mare	nanos_gigantum_humeris_insidentes	e_causa_ignota	labor_ipse_voluptas	scientia_imperii_decus_et_tutamen	nascentes_morimur_finisque_ab_origine_pendet	918	603	Partial Response	barba_crescit_caput_nescit
radiotherapy	CTDC-PARTICIPANT-219262	CTDC-RADIOTHERAPY-212170	labor_ipse_voluptas	scientiae_cedit_mare	a_bene_placito	scientia,_aere_perennius	imperium_in_imperio	damnant_quod_non_intellegunt	830	607	Stable Disease	labor_ipse_voluptas
radiotherapy	CTDC-PARTICIPANT-219262	CTDC-RADIOTHERAPY-602204	cacatum_non_est_pictum	pace_tua	Gallia_est_omnis_divisa_in_partes_tres	scientia,_aere_perennius	Gallia_est_omnis_divisa_in_partes_tres	nanos_gigantum_humeris_insidentes	237	699	Not Evaluable	nascentes_morimur_finisque_ab_origine_pendet
radiotherapy	CTDC-PARTICIPANT-171311	CTDC-RADIOTHERAPY-896903	labor_ipse_voluptas	scientia_et_sapientia	imperium_in_imperio	Obedientia_civium_urbis_felicitas	imperium_in_imperio	saltus_in_demonstrando	442	72	Too Early	salus_in_arduis
radiotherapy	CTDC-PARTICIPANT-171311	CTDC-RADIOTHERAPY-156679	saltus_in_demonstrando	Obedientia_civium_urbis_felicitas	id_quod_plerumque_accidit	a_bene_placito	a_bene_placito	scientia,_aere_perennius	342	352	Partial Response	imperium_in_imperio
radiotherapy	CTDC-PARTICIPANT-375333	CTDC-RADIOTHERAPY-670626	scientia_et_sapientia	scientiae_et_patriae	labor_ipse_voluptas	scientiae_cedit_mare	salus_in_arduis	a_bene_placito	618	280	Unknown	id_quod_plerumque_accidit
radiotherapy	CTDC-PARTICIPANT-375333	CTDC-RADIOTHERAPY-523950	e_causa_ignota	id_quod_plerumque_accidit	scientia_imperii_decus_et_tutamen	labor_ipse_voluptas	scientia,_aere_perennius	e_causa_ignota	903	616	Not Evaluable	scientia_et_labor
radiotherapy	CTDC-PARTICIPANT-258626	CTDC-RADIOTHERAPY-660608	cacatum_non_est_pictum	scientia_imperii_decus_et_tutamen	scientiae_et_patriae	scientia_et_labor	imperium_in_imperio	O_Tite_tute_Tati_tibi_tanta_tyranne_tulisti	704	197	Stable Disease	Gallia_est_omnis_divisa_in_partes_tres
radiotherapy	CTDC-PARTICIPANT-258626	CTDC-RADIOTHERAPY-974240	scientia_et_labor	saltus_in_demonstrando	scientia_et_sapientia	scientiae_cedit_mare	saltus_in_demonstrando	Macte_animo_Generose_puer_sic_itur_ad_astra	142	997	Not Evaluable	a_bene_placito
radiotherapy	CTDC-PARTICIPANT-476700	CTDC-RADIOTHERAPY-738490	pace_tua	saltus_in_demonstrando	haec_olim_meminisse_iuvabit	O_Tite_tute_Tati_tibi_tanta_tyranne_tulisti	scientia,_aere_perennius	scientiae_cedit_mare	479	911	Partial Response	O_Tite_tute_Tati_tibi_tanta_tyranne_tulisti
radiotherapy	CTDC-PARTICIPANT-476700	CTDC-RADIOTHERAPY-648584	faber_est_suae_quisque_fortunae	O_Tite_tute_Tati_tibi_tanta_tyranne_tulisti	scientiae_et_patriae	barba_crescit_caput_nescit	nanos_gigantum_humeris_insidentes	e_causa_ignota	42	673	Complete Response	salus_in_arduis
radiotherapy	CTDC-PARTICIPANT-370927	CTDC-RADIOTHERAPY-399352	faber_est_suae_quisque_fortunae	scientiae_cedit_mare	barba_crescit_caput_nescit	sapiens_qui_prospicit	nascentes_morimur_finisque_ab_origine_pendet	Macte_animo_Generose_puer_sic_itur_ad_astra	454	465	Unknown	faber_est_suae_quisque_fortunae
radiotherapy	CTDC-PARTICIPANT-370927	CTDC-RADIOTHERAPY-408531	barba_crescit_caput_nescit	pace_tua	labor_ipse_voluptas	damnant_quod_non_intellegunt	faber_est_suae_quisque_fortunae	Obedientia_civium_urbis_felicitas	752	929	Complete Response	e_causa_ignota
radiotherapy	CTDC-PARTICIPANT-854959	CTDC-RADIOTHERAPY-176218	cacatum_non_est_pictum	scientia_et_sapientia	nanos_gigantum_humeris_insidentes	salus_in_arduis	pace_tua	scientia_imperii_decus_et_tutamen	956	396	Partial Response	scientiae_et_patriae
radiotherapy	CTDC-PARTICIPANT-854959	CTDC-RADIOTHERAPY-462522	labor_ipse_voluptas	labor_ipse_voluptas	faber_est_suae_quisque_fortunae	sapiens_qui_prospicit	nascentes_morimur_finisque_ab_origine_pendet	pace_tua	578	146	Too Early	haec_olim_meminisse_iuvabit
radiotherapy	CTDC-PARTICIPANT-902884	CTDC-RADIOTHERAPY-856180	barba_crescit_caput_nescit	O_Tite_tute_Tati_tibi_tanta_tyranne_tulisti	haec_olim_meminisse_iuvabit	nascentes_morimur_finisque_ab_origine_pendet	salus_in_arduis	nascentes_morimur_finisque_ab_origine_pendet	365	440	Too Early	cacatum_non_est_pictum
radiotherapy	CTDC-PARTICIPANT-902884	CTDC-RADIOTHERAPY-490636	sapiens_qui_prospicit	nanos_gigantum_humeris_insidentes	scientiae_et_patriae	faber_est_suae_quisque_fortunae	a_bene_placito	nanos_gigantum_humeris_insidentes	86	436	Not Evaluable	saltus_in_demonstrando
radiotherapy	CTDC-PARTICIPANT-739665	CTDC-RADIOTHERAPY-419975	Macte_animo_Generose_puer_sic_itur_ad_astra	Gallia_est_omnis_divisa_in_partes_tres	salus_in_arduis	cacatum_non_est_pictum	id_quod_plerumque_accidit	damnant_quod_non_intellegunt	915	737	Stable Disease	sapiens_qui_prospicit
radiotherapy	CTDC-PARTICIPANT-739665	CTDC-RADIOTHERAPY-663599	faber_est_suae_quisque_fortunae	barba_crescit_caput_nescit	imperium_in_imperio	scientia,_aere_perennius	labor_ipse_voluptas	scientiae_cedit_mare	270	115	Partial Response	pace_tua
radiotherapy	CTDC-PARTICIPANT-602860	CTDC-RADIOTHERAPY-560875	scientia_et_sapientia	scientia,_aere_perennius	salus_in_arduis	salus_in_arduis	id_quod_plerumque_accidit	saltus_in_demonstrando	809	221	Not Assessed	scientiae_cedit_mare
radiotherapy	CTDC-PARTICIPANT-602860	CTDC-RADIOTHERAPY-289997	e_causa_ignota	imperium_in_imperio	scientia_et_labor	scientia_imperii_decus_et_tutamen	id_quod_plerumque_accidit	scientia_et_labor	739	168	Not Evaluable	cacatum_non_est_pictum
radiotherapy	CTDC-PARTICIPANT-230731	CTDC-RADIOTHERAPY-387108	scientia_imperii_decus_et_tutamen	cacatum_non_est_pictum	Obedientia_civium_urbis_felicitas	pace_tua	pace_tua	damnant_quod_non_intellegunt	204	722	Complete Response	nascentes_morimur_finisque_ab_origine_pendet
radiotherapy	CTDC-PARTICIPANT-230731	CTDC-RADIOTHERAPY-438235	cacatum_non_est_pictum	labor_ipse_voluptas	cacatum_non_est_pictum	Macte_animo_Generose_puer_sic_itur_ad_astra	imperium_in_imperio	saltus_in_demonstrando	563	709	Progressive Disease	faber_est_suae_quisque_fortunae
radiotherapy	CTDC-PARTICIPANT-146827	CTDC-RADIOTHERAPY-757240	Macte_animo_Generose_puer_sic_itur_ad_astra	Obedientia_civium_urbis_felicitas	imperium_in_imperio	scientia_et_sapientia	scientiae_et_patriae	salus_in_arduis	285	489	Unknown	sapiens_qui_prospicit
radiotherapy	CTDC-PARTICIPANT-146827	CTDC-RADIOTHERAPY-587767	a_bene_placito	O_Tite_tute_Tati_tibi_tanta_tyranne_tulisti	imperium_in_imperio	imperium_in_imperio	scientia_et_sapientia	nanos_gigantum_humeris_insidentes	454	642	Less than partial response	labor_ipse_voluptas
radiotherapy	CTDC-PARTICIPANT-288961	CTDC-RADIOTHERAPY-695279	scientiae_cedit_mare	O_Tite_tute_Tati_tibi_tanta_tyranne_tulisti	salus_in_arduis	cacatum_non_est_pictum	scientia_imperii_decus_et_tutamen	Gallia_est_omnis_divisa_in_partes_tres	71	844	Less than partial response	sapiens_qui_prospicit
radiotherapy	CTDC-PARTICIPANT-288961	CTDC-RADIOTHERAPY-238883	Gallia_est_omnis_divisa_in_partes_tres	sapiens_qui_prospicit	labor_ipse_voluptas	scientiae_cedit_mare	scientia_imperii_decus_et_tutamen	Gallia_est_omnis_divisa_in_partes_tres	151	445	Not Assessed	Gallia_est_omnis_divisa_in_partes_tres
radiotherapy	CTDC-PARTICIPANT-895862	CTDC-RADIOTHERAPY-178976	pace_tua	Gallia_est_omnis_divisa_in_partes_tres	saltus_in_demonstrando	nanos_gigantum_humeris_insidentes	haec_olim_meminisse_iuvabit	damnant_quod_non_intellegunt	589	418	Progressive Disease	haec_olim_meminisse_iuvabit
radiotherapy	CTDC-PARTICIPANT-895862	CTDC-RADIOTHERAPY-379964	barba_crescit_caput_nescit	labor_ipse_voluptas	scientia_et_sapientia	nanos_gigantum_humeris_insidentes	scientia,_aere_perennius	sapiens_qui_prospicit	567	428	Too Early	faber_est_suae_quisque_fortunae
radiotherapy	CTDC-PARTICIPANT-495302	CTDC-RADIOTHERAPY-842878	saltus_in_demonstrando	imperium_in_imperio	id_quod_plerumque_accidit	Macte_animo_Generose_puer_sic_itur_ad_astra	Obedientia_civium_urbis_felicitas	haec_olim_meminisse_iuvabit	612	999	Too Early	scientia_et_labor
radiotherapy	CTDC-PARTICIPANT-495302	CTDC-RADIOTHERAPY-495193	barba_crescit_caput_nescit	sapiens_qui_prospicit	cacatum_non_est_pictum	nanos_gigantum_humeris_insidentes	scientiae_et_patriae	cacatum_non_est_pictum	31	816	Progressive Disease	nascentes_morimur_finisque_ab_origine_pendet
radiotherapy	CTDC-PARTICIPANT-586755	CTDC-RADIOTHERAPY-433769	scientiae_et_patriae	O_Tite_tute_Tati_tibi_tanta_tyranne_tulisti	damnant_quod_non_intellegunt	imperium_in_imperio	salus_in_arduis	sapiens_qui_prospicit	204	574	Complete Response	Gallia_est_omnis_divisa_in_partes_tres
radiotherapy	CTDC-PARTICIPANT-586755	CTDC-RADIOTHERAPY-175828	scientiae_cedit_mare	damnant_quod_non_intellegunt	damnant_quod_non_intellegunt	O_Tite_tute_Tati_tibi_tanta_tyranne_tulisti	barba_crescit_caput_nescit	scientia_et_sapientia	432	455	Complete Response	scientia_imperii_decus_et_tutamen
radiotherapy	CTDC-PARTICIPANT-211132	CTDC-RADIOTHERAPY-872857	Macte_animo_Generose_puer_sic_itur_ad_astra	Macte_animo_Generose_puer_sic_itur_ad_astra	a_bene_placito	nanos_gigantum_humeris_insidentes	nascentes_morimur_finisque_ab_origine_pendet	O_Tite_tute_Tati_tibi_tanta_tyranne_tulisti	907	260	Less than partial response	e_causa_ignota
radiotherapy	CTDC-PARTICIPANT-211132	CTDC-RADIOTHERAPY-238358	scientia_et_sapientia	imperium_in_imperio	Gallia_est_omnis_divisa_in_partes_tres	O_Tite_tute_Tati_tibi_tanta_tyranne_tulisti	id_quod_plerumque_accidit	scientia,_aere_perennius	726	86	Progressive Disease	a_bene_placito
radiotherapy	CTDC-PARTICIPANT-389913	CTDC-RADIOTHERAPY-329992	Obedientia_civium_urbis_felicitas	cacatum_non_est_pictum	scientia_imperii_decus_et_tutamen	id_quod_plerumque_accidit	imperium_in_imperio	scientia_imperii_decus_et_tutamen	975	33	Not Assessed	haec_olim_meminisse_iuvabit
radiotherapy	CTDC-PARTICIPANT-389913	CTDC-RADIOTHERAPY-514259	sapiens_qui_prospicit	sapiens_qui_prospicit	e_causa_ignota	nanos_gigantum_humeris_insidentes	Macte_animo_Generose_puer_sic_itur_ad_astra	salus_in_arduis	621	607	Unknown	salus_in_arduis
radiotherapy	CTDC-PARTICIPANT-579844	CTDC-RADIOTHERAPY-887911	cacatum_non_est_pictum	saltus_in_demonstrando	scientia_et_labor	saltus_in_demonstrando	labor_ipse_voluptas	scientia_et_labor	604	183	Complete Response	nanos_gigantum_humeris_insidentes
radiotherapy	CTDC-PARTICIPANT-579844	CTDC-RADIOTHERAPY-770470	e_causa_ignota	salus_in_arduis	scientiae_cedit_mare	nanos_gigantum_humeris_insidentes	sapiens_qui_prospicit	saltus_in_demonstrando	724	489	Stable Disease	nanos_gigantum_humeris_insidentes
radiotherapy	CTDC-PARTICIPANT-196079	CTDC-RADIOTHERAPY-370493	damnant_quod_non_intellegunt	Macte_animo_Generose_puer_sic_itur_ad_astra	salus_in_arduis	nascentes_morimur_finisque_ab_origine_pendet	saltus_in_demonstrando	e_causa_ignota	463	744	Progressive Disease	a_bene_placito
radiotherapy	CTDC-PARTICIPANT-196079	CTDC-RADIOTHERAPY-796782	cacatum_non_est_pictum	scientiae_et_patriae	pace_tua	scientia_imperii_decus_et_tutamen	haec_olim_meminisse_iuvabit	scientia,_aere_perennius	804	782	Not Evaluable	sapiens_qui_prospicit
radiotherapy	CTDC-PARTICIPANT-221589	CTDC-RADIOTHERAPY-885012	Macte_animo_Generose_puer_sic_itur_ad_astra	scientia,_aere_perennius	scientia,_aere_perennius	cacatum_non_est_pictum	salus_in_arduis	damnant_quod_non_intellegunt	421	30	Unknown	haec_olim_meminisse_iuvabit
radiotherapy	CTDC-PARTICIPANT-221589	CTDC-RADIOTHERAPY-860246	scientia_et_labor	a_bene_placito	imperium_in_imperio	O_Tite_tute_Tati_tibi_tanta_tyranne_tulisti	Gallia_est_omnis_divisa_in_partes_tres	sapiens_qui_prospicit	131	876	Not Assessed	imperium_in_imperio
radiotherapy	CTDC-PARTICIPANT-479741	CTDC-RADIOTHERAPY-186087	scientiae_cedit_mare	labor_ipse_voluptas	faber_est_suae_quisque_fortunae	id_quod_plerumque_accidit	nanos_gigantum_humeris_insidentes	nascentes_morimur_finisque_ab_origine_pendet	45	712	Not Assessed	scientia,_aere_perennius
radiotherapy	CTDC-PARTICIPANT-479741	CTDC-RADIOTHERAPY-275306	O_Tite_tute_Tati_tibi_tanta_tyranne_tulisti	id_quod_plerumque_accidit	Obedientia_civium_urbis_felicitas	haec_olim_meminisse_iuvabit	Macte_animo_Generose_puer_sic_itur_ad_astra	labor_ipse_voluptas	857	91	Partial Response	barba_crescit_caput_nescit
radiotherapy	CTDC-PARTICIPANT-371871	CTDC-RADIOTHERAPY-473105	Obedientia_civium_urbis_felicitas	scientia_imperii_decus_et_tutamen	scientia_et_sapientia	salus_in_arduis	damnant_quod_non_intellegunt	damnant_quod_non_intellegunt	897	898	Stable Disease	a_bene_placito
radiotherapy	CTDC-PARTICIPANT-371871	CTDC-RADIOTHERAPY-841517	damnant_quod_non_intellegunt	scientiae_cedit_mare	salus_in_arduis	Macte_animo_Generose_puer_sic_itur_ad_astra	barba_crescit_caput_nescit	haec_olim_meminisse_iuvabit	569	759	Not Evaluable	salus_in_arduis
