type	participant.participant_id	radiological_procedure_record_id	radiological_procedure	radiological_procedure_anatomical_location	radiation_dose	radiation_dose_units	radiation_frequency	radiation_extent	radiotherapy_start_date	radiotherapy_end_date	best_response_to_radiotherapy	crdc_id
radiotherapy	CTDC-PARTICIPANT-511036	CTDC-RADIOTHERAPY-852538	scientiae_cedit_mare	Gallia_est_omnis_divisa_in_partes_tres	damnant_quod_non_intellegunt	salus_in_arduis	scientia,_aere_perennius	id_quod_plerumque_accidit	475	495	Not Assessed	salus_in_arduis
radiotherapy	CTDC-PARTICIPANT-511036	CTDC-RADIOTHERAPY-880828	sapiens_qui_prospicit	nascentes_morimur_finisque_ab_origine_pendet	Gallia_est_omnis_divisa_in_partes_tres	Macte_animo_Generose_puer_sic_itur_ad_astra	labor_ipse_voluptas	scientia,_aere_perennius	866	911	Not Assessed	scientia_imperii_decus_et_tutamen
radiotherapy	CTDC-PARTICIPANT-107504	CTDC-RADIOTHERAPY-911173	salus_in_arduis	salus_in_arduis	scientiae_cedit_mare	scientiae_cedit_mare	imperium_in_imperio	scientia_et_labor	795	94	Unknown	saltus_in_demonstrando
radiotherapy	CTDC-PARTICIPANT-107504	CTDC-RADIOTHERAPY-941473	O_Tite_tute_Tati_tibi_tanta_tyranne_tulisti	saltus_in_demonstrando	a_bene_placito	id_quod_plerumque_accidit	nascentes_morimur_finisque_ab_origine_pendet	a_bene_placito	493	59	Unknown	e_causa_ignota
radiotherapy	CTDC-PARTICIPANT-837902	CTDC-RADIOTHERAPY-616602	nanos_gigantum_humeris_insidentes	nascentes_morimur_finisque_ab_origine_pendet	e_causa_ignota	e_causa_ignota	nanos_gigantum_humeris_insidentes	scientia_et_sapientia	265	860	Partial Response	scientiae_et_patriae
radiotherapy	CTDC-PARTICIPANT-837902	CTDC-RADIOTHERAPY-651030	scientiae_et_patriae	labor_ipse_voluptas	scientia_et_sapientia	e_causa_ignota	scientia_et_sapientia	scientia_imperii_decus_et_tutamen	984	439	Partial Response	scientiae_cedit_mare
radiotherapy	CTDC-PARTICIPANT-344069	CTDC-RADIOTHERAPY-456225	imperium_in_imperio	scientia_et_labor	scientiae_et_patriae	Obedientia_civium_urbis_felicitas	salus_in_arduis	pace_tua	983	662	Complete Response	Macte_animo_Generose_puer_sic_itur_ad_astra
radiotherapy	CTDC-PARTICIPANT-344069	CTDC-RADIOTHERAPY-451995	faber_est_suae_quisque_fortunae	id_quod_plerumque_accidit	scientia_et_labor	faber_est_suae_quisque_fortunae	a_bene_placito	id_quod_plerumque_accidit	425	950	Stable Disease	scientia_et_labor
radiotherapy	CTDC-PARTICIPANT-997409	CTDC-RADIOTHERAPY-240693	Obedientia_civium_urbis_felicitas	damnant_quod_non_intellegunt	salus_in_arduis	haec_olim_meminisse_iuvabit	salus_in_arduis	pace_tua	882	973	Not Assessed	faber_est_suae_quisque_fortunae
radiotherapy	CTDC-PARTICIPANT-997409	CTDC-RADIOTHERAPY-653866	Macte_animo_Generose_puer_sic_itur_ad_astra	nanos_gigantum_humeris_insidentes	O_Tite_tute_Tati_tibi_tanta_tyranne_tulisti	scientia_et_labor	pace_tua	scientia_et_labor	499	709	Not Assessed	id_quod_plerumque_accidit
radiotherapy	CTDC-PARTICIPANT-139435	CTDC-RADIOTHERAPY-122436	pace_tua	labor_ipse_voluptas	e_causa_ignota	scientia_et_labor	haec_olim_meminisse_iuvabit	a_bene_placito	527	501	Not Assessed	Gallia_est_omnis_divisa_in_partes_tres
radiotherapy	CTDC-PARTICIPANT-139435	CTDC-RADIOTHERAPY-173707	id_quod_plerumque_accidit	imperium_in_imperio	scientia_et_sapientia	Macte_animo_Generose_puer_sic_itur_ad_astra	a_bene_placito	Obedientia_civium_urbis_felicitas	624	317	Progressive Disease	scientiae_cedit_mare
radiotherapy	CTDC-PARTICIPANT-703002	CTDC-RADIOTHERAPY-629267	Macte_animo_Generose_puer_sic_itur_ad_astra	O_Tite_tute_Tati_tibi_tanta_tyranne_tulisti	barba_crescit_caput_nescit	e_causa_ignota	a_bene_placito	barba_crescit_caput_nescit	593	613	Less than partial response	imperium_in_imperio
radiotherapy	CTDC-PARTICIPANT-703002	CTDC-RADIOTHERAPY-210184	a_bene_placito	labor_ipse_voluptas	scientia_imperii_decus_et_tutamen	scientia,_aere_perennius	damnant_quod_non_intellegunt	haec_olim_meminisse_iuvabit	277	604	Less than partial response	Gallia_est_omnis_divisa_in_partes_tres
radiotherapy	CTDC-PARTICIPANT-114507	CTDC-RADIOTHERAPY-676493	scientiae_cedit_mare	scientia_et_sapientia	nanos_gigantum_humeris_insidentes	a_bene_placito	e_causa_ignota	labor_ipse_voluptas	124	232	Not Evaluable	sapiens_qui_prospicit
radiotherapy	CTDC-PARTICIPANT-114507	CTDC-RADIOTHERAPY-740496	salus_in_arduis	scientia_et_labor	Gallia_est_omnis_divisa_in_partes_tres	imperium_in_imperio	cacatum_non_est_pictum	haec_olim_meminisse_iuvabit	165	737	Not Assessed	faber_est_suae_quisque_fortunae
radiotherapy	CTDC-PARTICIPANT-805629	CTDC-RADIOTHERAPY-371918	a_bene_placito	Obedientia_civium_urbis_felicitas	scientia_et_sapientia	salus_in_arduis	nanos_gigantum_humeris_insidentes	scientia_imperii_decus_et_tutamen	61	374	Not Evaluable	damnant_quod_non_intellegunt
radiotherapy	CTDC-PARTICIPANT-805629	CTDC-RADIOTHERAPY-489493	Gallia_est_omnis_divisa_in_partes_tres	id_quod_plerumque_accidit	a_bene_placito	Gallia_est_omnis_divisa_in_partes_tres	scientiae_cedit_mare	cacatum_non_est_pictum	854	29	Less than partial response	barba_crescit_caput_nescit
radiotherapy	CTDC-PARTICIPANT-205665	CTDC-RADIOTHERAPY-965559	Gallia_est_omnis_divisa_in_partes_tres	nascentes_morimur_finisque_ab_origine_pendet	nascentes_morimur_finisque_ab_origine_pendet	salus_in_arduis	O_Tite_tute_Tati_tibi_tanta_tyranne_tulisti	nascentes_morimur_finisque_ab_origine_pendet	500	954	Complete Response	cacatum_non_est_pictum
radiotherapy	CTDC-PARTICIPANT-205665	CTDC-RADIOTHERAPY-385570	scientia_et_labor	cacatum_non_est_pictum	labor_ipse_voluptas	labor_ipse_voluptas	scientia_et_sapientia	O_Tite_tute_Tati_tibi_tanta_tyranne_tulisti	263	699	Less than partial response	Obedientia_civium_urbis_felicitas
radiotherapy	CTDC-PARTICIPANT-190949	CTDC-RADIOTHERAPY-637924	Macte_animo_Generose_puer_sic_itur_ad_astra	scientiae_cedit_mare	Obedientia_civium_urbis_felicitas	e_causa_ignota	haec_olim_meminisse_iuvabit	faber_est_suae_quisque_fortunae	967	496	Unknown	saltus_in_demonstrando
radiotherapy	CTDC-PARTICIPANT-190949	CTDC-RADIOTHERAPY-660417	salus_in_arduis	saltus_in_demonstrando	damnant_quod_non_intellegunt	Gallia_est_omnis_divisa_in_partes_tres	pace_tua	a_bene_placito	178	167	Stable Disease	scientiae_et_patriae
radiotherapy	CTDC-PARTICIPANT-884496	CTDC-RADIOTHERAPY-232285	saltus_in_demonstrando	scientiae_et_patriae	pace_tua	sapiens_qui_prospicit	scientia_et_labor	scientiae_et_patriae	79	858	Unknown	nascentes_morimur_finisque_ab_origine_pendet
radiotherapy	CTDC-PARTICIPANT-884496	CTDC-RADIOTHERAPY-436608	scientiae_cedit_mare	Obedientia_civium_urbis_felicitas	e_causa_ignota	haec_olim_meminisse_iuvabit	scientia_et_sapientia	scientia_imperii_decus_et_tutamen	901	903	Progressive Disease	Obedientia_civium_urbis_felicitas
radiotherapy	CTDC-PARTICIPANT-298570	CTDC-RADIOTHERAPY-610584	a_bene_placito	saltus_in_demonstrando	salus_in_arduis	a_bene_placito	damnant_quod_non_intellegunt	id_quod_plerumque_accidit	887	541	Less than partial response	a_bene_placito
radiotherapy	CTDC-PARTICIPANT-298570	CTDC-RADIOTHERAPY-759254	barba_crescit_caput_nescit	nanos_gigantum_humeris_insidentes	a_bene_placito	cacatum_non_est_pictum	a_bene_placito	cacatum_non_est_pictum	450	733	Not Assessed	scientia_et_sapientia
radiotherapy	CTDC-PARTICIPANT-702567	CTDC-RADIOTHERAPY-717276	scientiae_et_patriae	scientiae_et_patriae	Obedientia_civium_urbis_felicitas	damnant_quod_non_intellegunt	Gallia_est_omnis_divisa_in_partes_tres	faber_est_suae_quisque_fortunae	503	614	Progressive Disease	scientia_et_sapientia
radiotherapy	CTDC-PARTICIPANT-702567	CTDC-RADIOTHERAPY-128317	nascentes_morimur_finisque_ab_origine_pendet	O_Tite_tute_Tati_tibi_tanta_tyranne_tulisti	scientia,_aere_perennius	sapiens_qui_prospicit	scientia_imperii_decus_et_tutamen	faber_est_suae_quisque_fortunae	18	533	Not Assessed	scientia,_aere_perennius
radiotherapy	CTDC-PARTICIPANT-274998	CTDC-RADIOTHERAPY-662773	id_quod_plerumque_accidit	imperium_in_imperio	scientiae_cedit_mare	pace_tua	scientiae_cedit_mare	scientia_et_labor	970	187	Less than partial response	cacatum_non_est_pictum
radiotherapy	CTDC-PARTICIPANT-274998	CTDC-RADIOTHERAPY-787510	scientia_imperii_decus_et_tutamen	faber_est_suae_quisque_fortunae	Obedientia_civium_urbis_felicitas	faber_est_suae_quisque_fortunae	pace_tua	scientiae_et_patriae	431	204	Progressive Disease	imperium_in_imperio
radiotherapy	CTDC-PARTICIPANT-267463	CTDC-RADIOTHERAPY-943954	barba_crescit_caput_nescit	Obedientia_civium_urbis_felicitas	nanos_gigantum_humeris_insidentes	salus_in_arduis	scientia,_aere_perennius	barba_crescit_caput_nescit	255	216	Too Early	labor_ipse_voluptas
radiotherapy	CTDC-PARTICIPANT-267463	CTDC-RADIOTHERAPY-922617	a_bene_placito	Macte_animo_Generose_puer_sic_itur_ad_astra	Obedientia_civium_urbis_felicitas	scientiae_cedit_mare	scientia_imperii_decus_et_tutamen	e_causa_ignota	154	812	Complete Response	Obedientia_civium_urbis_felicitas
radiotherapy	CTDC-PARTICIPANT-279197	CTDC-RADIOTHERAPY-982789	sapiens_qui_prospicit	scientia_et_sapientia	pace_tua	id_quod_plerumque_accidit	O_Tite_tute_Tati_tibi_tanta_tyranne_tulisti	haec_olim_meminisse_iuvabit	137	109	Unknown	nanos_gigantum_humeris_insidentes
radiotherapy	CTDC-PARTICIPANT-279197	CTDC-RADIOTHERAPY-501283	scientiae_cedit_mare	Gallia_est_omnis_divisa_in_partes_tres	scientia_et_labor	scientiae_cedit_mare	scientiae_cedit_mare	saltus_in_demonstrando	86	237	Not Assessed	faber_est_suae_quisque_fortunae
radiotherapy	CTDC-PARTICIPANT-552975	CTDC-RADIOTHERAPY-141890	labor_ipse_voluptas	scientiae_et_patriae	labor_ipse_voluptas	a_bene_placito	haec_olim_meminisse_iuvabit	sapiens_qui_prospicit	43	500	Partial Response	Macte_animo_Generose_puer_sic_itur_ad_astra
radiotherapy	CTDC-PARTICIPANT-552975	CTDC-RADIOTHERAPY-309987	pace_tua	nascentes_morimur_finisque_ab_origine_pendet	scientiae_cedit_mare	Obedientia_civium_urbis_felicitas	scientia_imperii_decus_et_tutamen	faber_est_suae_quisque_fortunae	355	560	Not Evaluable	scientiae_et_patriae
radiotherapy	CTDC-PARTICIPANT-591145	CTDC-RADIOTHERAPY-744395	imperium_in_imperio	scientia_et_labor	cacatum_non_est_pictum	scientiae_et_patriae	salus_in_arduis	faber_est_suae_quisque_fortunae	443	843	Too Early	barba_crescit_caput_nescit
radiotherapy	CTDC-PARTICIPANT-591145	CTDC-RADIOTHERAPY-852515	barba_crescit_caput_nescit	id_quod_plerumque_accidit	barba_crescit_caput_nescit	saltus_in_demonstrando	id_quod_plerumque_accidit	sapiens_qui_prospicit	588	51	Not Evaluable	scientia_et_sapientia
radiotherapy	CTDC-PARTICIPANT-890770	CTDC-RADIOTHERAPY-679263	a_bene_placito	salus_in_arduis	damnant_quod_non_intellegunt	Macte_animo_Generose_puer_sic_itur_ad_astra	a_bene_placito	imperium_in_imperio	639	944	Partial Response	Gallia_est_omnis_divisa_in_partes_tres
radiotherapy	CTDC-PARTICIPANT-890770	CTDC-RADIOTHERAPY-228552	scientia_imperii_decus_et_tutamen	scientia_et_sapientia	e_causa_ignota	salus_in_arduis	scientia_et_labor	scientia_et_sapientia	1000	883	Complete Response	pace_tua
radiotherapy	CTDC-PARTICIPANT-261480	CTDC-RADIOTHERAPY-725907	Gallia_est_omnis_divisa_in_partes_tres	scientia,_aere_perennius	pace_tua	scientiae_et_patriae	faber_est_suae_quisque_fortunae	labor_ipse_voluptas	607	400	Stable Disease	nanos_gigantum_humeris_insidentes
radiotherapy	CTDC-PARTICIPANT-261480	CTDC-RADIOTHERAPY-628656	Obedientia_civium_urbis_felicitas	pace_tua	scientia,_aere_perennius	id_quod_plerumque_accidit	scientiae_cedit_mare	pace_tua	352	901	Not Evaluable	haec_olim_meminisse_iuvabit
radiotherapy	CTDC-PARTICIPANT-168364	CTDC-RADIOTHERAPY-164801	salus_in_arduis	id_quod_plerumque_accidit	cacatum_non_est_pictum	sapiens_qui_prospicit	id_quod_plerumque_accidit	labor_ipse_voluptas	988	556	Progressive Disease	scientiae_cedit_mare
radiotherapy	CTDC-PARTICIPANT-168364	CTDC-RADIOTHERAPY-537911	cacatum_non_est_pictum	scientia_imperii_decus_et_tutamen	saltus_in_demonstrando	faber_est_suae_quisque_fortunae	scientiae_et_patriae	e_causa_ignota	239	716	Stable Disease	scientia_et_labor
radiotherapy	CTDC-PARTICIPANT-186782	CTDC-RADIOTHERAPY-901078	pace_tua	barba_crescit_caput_nescit	nanos_gigantum_humeris_insidentes	labor_ipse_voluptas	O_Tite_tute_Tati_tibi_tanta_tyranne_tulisti	O_Tite_tute_Tati_tibi_tanta_tyranne_tulisti	949	895	Unknown	scientia_imperii_decus_et_tutamen
radiotherapy	CTDC-PARTICIPANT-186782	CTDC-RADIOTHERAPY-590508	scientiae_cedit_mare	saltus_in_demonstrando	nascentes_morimur_finisque_ab_origine_pendet	e_causa_ignota	Obedientia_civium_urbis_felicitas	scientiae_et_patriae	395	616	Too Early	damnant_quod_non_intellegunt
radiotherapy	CTDC-PARTICIPANT-212275	CTDC-RADIOTHERAPY-604622	salus_in_arduis	scientia_et_sapientia	damnant_quod_non_intellegunt	Gallia_est_omnis_divisa_in_partes_tres	sapiens_qui_prospicit	scientia_et_sapientia	66	398	Unknown	Obedientia_civium_urbis_felicitas
radiotherapy	CTDC-PARTICIPANT-212275	CTDC-RADIOTHERAPY-212125	pace_tua	sapiens_qui_prospicit	scientia,_aere_perennius	imperium_in_imperio	labor_ipse_voluptas	scientia_et_sapientia	219	850	Not Evaluable	Macte_animo_Generose_puer_sic_itur_ad_astra
radiotherapy	CTDC-PARTICIPANT-255600	CTDC-RADIOTHERAPY-271612	scientia_imperii_decus_et_tutamen	O_Tite_tute_Tati_tibi_tanta_tyranne_tulisti	barba_crescit_caput_nescit	Macte_animo_Generose_puer_sic_itur_ad_astra	O_Tite_tute_Tati_tibi_tanta_tyranne_tulisti	salus_in_arduis	443	430	Unknown	e_causa_ignota
radiotherapy	CTDC-PARTICIPANT-255600	CTDC-RADIOTHERAPY-927689	scientiae_et_patriae	id_quod_plerumque_accidit	damnant_quod_non_intellegunt	saltus_in_demonstrando	a_bene_placito	salus_in_arduis	620	637	Not Assessed	Obedientia_civium_urbis_felicitas
radiotherapy	CTDC-PARTICIPANT-261972	CTDC-RADIOTHERAPY-285308	scientia_imperii_decus_et_tutamen	nascentes_morimur_finisque_ab_origine_pendet	sapiens_qui_prospicit	scientiae_et_patriae	nascentes_morimur_finisque_ab_origine_pendet	O_Tite_tute_Tati_tibi_tanta_tyranne_tulisti	711	434	Partial Response	e_causa_ignota
radiotherapy	CTDC-PARTICIPANT-261972	CTDC-RADIOTHERAPY-754622	O_Tite_tute_Tati_tibi_tanta_tyranne_tulisti	imperium_in_imperio	scientia_imperii_decus_et_tutamen	labor_ipse_voluptas	faber_est_suae_quisque_fortunae	saltus_in_demonstrando	571	169	Not Evaluable	scientia_et_labor
radiotherapy	CTDC-PARTICIPANT-224177	CTDC-RADIOTHERAPY-982910	scientiae_et_patriae	saltus_in_demonstrando	scientia_et_labor	salus_in_arduis	Macte_animo_Generose_puer_sic_itur_ad_astra	cacatum_non_est_pictum	307	821	Not Evaluable	scientia_et_labor
radiotherapy	CTDC-PARTICIPANT-224177	CTDC-RADIOTHERAPY-164965	damnant_quod_non_intellegunt	scientia_et_sapientia	Macte_animo_Generose_puer_sic_itur_ad_astra	labor_ipse_voluptas	id_quod_plerumque_accidit	scientia,_aere_perennius	74	778	Partial Response	nanos_gigantum_humeris_insidentes
radiotherapy	CTDC-PARTICIPANT-102742	CTDC-RADIOTHERAPY-584659	Macte_animo_Generose_puer_sic_itur_ad_astra	Gallia_est_omnis_divisa_in_partes_tres	imperium_in_imperio	scientia_imperii_decus_et_tutamen	barba_crescit_caput_nescit	O_Tite_tute_Tati_tibi_tanta_tyranne_tulisti	869	779	Progressive Disease	scientiae_et_patriae
radiotherapy	CTDC-PARTICIPANT-102742	CTDC-RADIOTHERAPY-651484	nascentes_morimur_finisque_ab_origine_pendet	Macte_animo_Generose_puer_sic_itur_ad_astra	sapiens_qui_prospicit	pace_tua	cacatum_non_est_pictum	damnant_quod_non_intellegunt	926	813	Not Evaluable	labor_ipse_voluptas
radiotherapy	CTDC-PARTICIPANT-974241	CTDC-RADIOTHERAPY-641145	salus_in_arduis	id_quod_plerumque_accidit	scientia_et_labor	cacatum_non_est_pictum	scientia,_aere_perennius	Macte_animo_Generose_puer_sic_itur_ad_astra	289	50	Partial Response	a_bene_placito
radiotherapy	CTDC-PARTICIPANT-974241	CTDC-RADIOTHERAPY-841192	nanos_gigantum_humeris_insidentes	pace_tua	sapiens_qui_prospicit	scientia_et_labor	Obedientia_civium_urbis_felicitas	salus_in_arduis	640	103	Not Evaluable	faber_est_suae_quisque_fortunae
radiotherapy	CTDC-PARTICIPANT-206397	CTDC-RADIOTHERAPY-585559	imperium_in_imperio	haec_olim_meminisse_iuvabit	e_causa_ignota	labor_ipse_voluptas	id_quod_plerumque_accidit	Macte_animo_Generose_puer_sic_itur_ad_astra	720	101	Unknown	O_Tite_tute_Tati_tibi_tanta_tyranne_tulisti
radiotherapy	CTDC-PARTICIPANT-206397	CTDC-RADIOTHERAPY-542126	pace_tua	haec_olim_meminisse_iuvabit	scientiae_cedit_mare	labor_ipse_voluptas	Gallia_est_omnis_divisa_in_partes_tres	scientia_et_sapientia	411	326	Less than partial response	labor_ipse_voluptas
radiotherapy	CTDC-PARTICIPANT-882961	CTDC-RADIOTHERAPY-704603	damnant_quod_non_intellegunt	Gallia_est_omnis_divisa_in_partes_tres	damnant_quod_non_intellegunt	Macte_animo_Generose_puer_sic_itur_ad_astra	cacatum_non_est_pictum	salus_in_arduis	288	236	Not Evaluable	cacatum_non_est_pictum
radiotherapy	CTDC-PARTICIPANT-882961	CTDC-RADIOTHERAPY-615619	labor_ipse_voluptas	a_bene_placito	salus_in_arduis	id_quod_plerumque_accidit	saltus_in_demonstrando	salus_in_arduis	81	515	Stable Disease	pace_tua
radiotherapy	CTDC-PARTICIPANT-872100	CTDC-RADIOTHERAPY-647207	nanos_gigantum_humeris_insidentes	scientiae_cedit_mare	O_Tite_tute_Tati_tibi_tanta_tyranne_tulisti	Macte_animo_Generose_puer_sic_itur_ad_astra	e_causa_ignota	scientia,_aere_perennius	730	911	Less than partial response	scientia,_aere_perennius
radiotherapy	CTDC-PARTICIPANT-872100	CTDC-RADIOTHERAPY-851542	pace_tua	a_bene_placito	salus_in_arduis	sapiens_qui_prospicit	cacatum_non_est_pictum	labor_ipse_voluptas	33	162	Complete Response	scientiae_et_patriae
radiotherapy	CTDC-PARTICIPANT-708331	CTDC-RADIOTHERAPY-816706	salus_in_arduis	scientia_et_sapientia	scientia_et_labor	scientia_et_labor	haec_olim_meminisse_iuvabit	scientia_imperii_decus_et_tutamen	805	585	Progressive Disease	scientia_imperii_decus_et_tutamen
radiotherapy	CTDC-PARTICIPANT-708331	CTDC-RADIOTHERAPY-170130	Gallia_est_omnis_divisa_in_partes_tres	saltus_in_demonstrando	damnant_quod_non_intellegunt	pace_tua	nanos_gigantum_humeris_insidentes	pace_tua	681	211	Not Evaluable	Macte_animo_Generose_puer_sic_itur_ad_astra
radiotherapy	CTDC-PARTICIPANT-355887	CTDC-RADIOTHERAPY-184247	faber_est_suae_quisque_fortunae	nanos_gigantum_humeris_insidentes	pace_tua	imperium_in_imperio	O_Tite_tute_Tati_tibi_tanta_tyranne_tulisti	scientia,_aere_perennius	111	932	Complete Response	a_bene_placito
radiotherapy	CTDC-PARTICIPANT-355887	CTDC-RADIOTHERAPY-476842	scientia_et_labor	barba_crescit_caput_nescit	e_causa_ignota	cacatum_non_est_pictum	sapiens_qui_prospicit	saltus_in_demonstrando	486	409	Less than partial response	barba_crescit_caput_nescit
radiotherapy	CTDC-PARTICIPANT-384957	CTDC-RADIOTHERAPY-789745	sapiens_qui_prospicit	scientia_et_labor	cacatum_non_est_pictum	scientia_et_labor	faber_est_suae_quisque_fortunae	damnant_quod_non_intellegunt	899	711	Less than partial response	scientiae_cedit_mare
radiotherapy	CTDC-PARTICIPANT-384957	CTDC-RADIOTHERAPY-763700	saltus_in_demonstrando	imperium_in_imperio	cacatum_non_est_pictum	scientia_imperii_decus_et_tutamen	scientia_et_sapientia	Gallia_est_omnis_divisa_in_partes_tres	473	324	Stable Disease	saltus_in_demonstrando
radiotherapy	CTDC-PARTICIPANT-373316	CTDC-RADIOTHERAPY-787561	saltus_in_demonstrando	labor_ipse_voluptas	scientiae_et_patriae	nanos_gigantum_humeris_insidentes	Obedientia_civium_urbis_felicitas	cacatum_non_est_pictum	365	975	Progressive Disease	Macte_animo_Generose_puer_sic_itur_ad_astra
radiotherapy	CTDC-PARTICIPANT-373316	CTDC-RADIOTHERAPY-151408	e_causa_ignota	barba_crescit_caput_nescit	barba_crescit_caput_nescit	nanos_gigantum_humeris_insidentes	cacatum_non_est_pictum	damnant_quod_non_intellegunt	166	27	Stable Disease	scientiae_et_patriae
radiotherapy	CTDC-PARTICIPANT-548925	CTDC-RADIOTHERAPY-929495	a_bene_placito	nascentes_morimur_finisque_ab_origine_pendet	scientia_imperii_decus_et_tutamen	pace_tua	pace_tua	id_quod_plerumque_accidit	338	653	Less than partial response	e_causa_ignota
radiotherapy	CTDC-PARTICIPANT-548925	CTDC-RADIOTHERAPY-744523	faber_est_suae_quisque_fortunae	nascentes_morimur_finisque_ab_origine_pendet	sapiens_qui_prospicit	barba_crescit_caput_nescit	nanos_gigantum_humeris_insidentes	sapiens_qui_prospicit	962	79	Not Evaluable	sapiens_qui_prospicit
radiotherapy	CTDC-PARTICIPANT-789745	CTDC-RADIOTHERAPY-379526	scientiae_et_patriae	scientia,_aere_perennius	O_Tite_tute_Tati_tibi_tanta_tyranne_tulisti	scientiae_cedit_mare	Obedientia_civium_urbis_felicitas	scientiae_et_patriae	438	954	Too Early	O_Tite_tute_Tati_tibi_tanta_tyranne_tulisti
radiotherapy	CTDC-PARTICIPANT-789745	CTDC-RADIOTHERAPY-635992	Obedientia_civium_urbis_felicitas	barba_crescit_caput_nescit	faber_est_suae_quisque_fortunae	id_quod_plerumque_accidit	id_quod_plerumque_accidit	Obedientia_civium_urbis_felicitas	208	835	Unknown	sapiens_qui_prospicit
radiotherapy	CTDC-PARTICIPANT-539898	CTDC-RADIOTHERAPY-819539	scientiae_et_patriae	faber_est_suae_quisque_fortunae	Macte_animo_Generose_puer_sic_itur_ad_astra	imperium_in_imperio	cacatum_non_est_pictum	damnant_quod_non_intellegunt	621	820	Progressive Disease	a_bene_placito
radiotherapy	CTDC-PARTICIPANT-539898	CTDC-RADIOTHERAPY-285320	scientia,_aere_perennius	scientia,_aere_perennius	a_bene_placito	Macte_animo_Generose_puer_sic_itur_ad_astra	O_Tite_tute_Tati_tibi_tanta_tyranne_tulisti	scientia_et_sapientia	761	483	Not Evaluable	labor_ipse_voluptas
radiotherapy	CTDC-PARTICIPANT-321444	CTDC-RADIOTHERAPY-351564	cacatum_non_est_pictum	scientia_et_labor	Macte_animo_Generose_puer_sic_itur_ad_astra	O_Tite_tute_Tati_tibi_tanta_tyranne_tulisti	nanos_gigantum_humeris_insidentes	damnant_quod_non_intellegunt	907	504	Partial Response	Gallia_est_omnis_divisa_in_partes_tres
radiotherapy	CTDC-PARTICIPANT-321444	CTDC-RADIOTHERAPY-303662	O_Tite_tute_Tati_tibi_tanta_tyranne_tulisti	O_Tite_tute_Tati_tibi_tanta_tyranne_tulisti	scientiae_et_patriae	Obedientia_civium_urbis_felicitas	id_quod_plerumque_accidit	scientiae_et_patriae	456	341	Not Assessed	imperium_in_imperio
radiotherapy	CTDC-PARTICIPANT-949051	CTDC-RADIOTHERAPY-121793	scientia,_aere_perennius	nanos_gigantum_humeris_insidentes	e_causa_ignota	scientia_imperii_decus_et_tutamen	Gallia_est_omnis_divisa_in_partes_tres	damnant_quod_non_intellegunt	150	320	Not Assessed	scientiae_cedit_mare
radiotherapy	CTDC-PARTICIPANT-949051	CTDC-RADIOTHERAPY-622933	imperium_in_imperio	faber_est_suae_quisque_fortunae	Macte_animo_Generose_puer_sic_itur_ad_astra	barba_crescit_caput_nescit	barba_crescit_caput_nescit	imperium_in_imperio	677	617	Not Evaluable	e_causa_ignota
radiotherapy	CTDC-PARTICIPANT-545920	CTDC-RADIOTHERAPY-131233	id_quod_plerumque_accidit	scientia_imperii_decus_et_tutamen	barba_crescit_caput_nescit	salus_in_arduis	pace_tua	faber_est_suae_quisque_fortunae	865	194	Stable Disease	id_quod_plerumque_accidit
radiotherapy	CTDC-PARTICIPANT-545920	CTDC-RADIOTHERAPY-963380	faber_est_suae_quisque_fortunae	Obedientia_civium_urbis_felicitas	scientia,_aere_perennius	Macte_animo_Generose_puer_sic_itur_ad_astra	scientiae_cedit_mare	scientiae_et_patriae	667	27	Unknown	barba_crescit_caput_nescit
radiotherapy	CTDC-PARTICIPANT-464697	CTDC-RADIOTHERAPY-583581	nanos_gigantum_humeris_insidentes	salus_in_arduis	O_Tite_tute_Tati_tibi_tanta_tyranne_tulisti	scientia_et_labor	imperium_in_imperio	imperium_in_imperio	431	175	Not Assessed	e_causa_ignota
radiotherapy	CTDC-PARTICIPANT-464697	CTDC-RADIOTHERAPY-449040	Gallia_est_omnis_divisa_in_partes_tres	e_causa_ignota	haec_olim_meminisse_iuvabit	scientia,_aere_perennius	faber_est_suae_quisque_fortunae	Macte_animo_Generose_puer_sic_itur_ad_astra	485	296	Too Early	nascentes_morimur_finisque_ab_origine_pendet
radiotherapy	CTDC-PARTICIPANT-472918	CTDC-RADIOTHERAPY-533905	faber_est_suae_quisque_fortunae	labor_ipse_voluptas	pace_tua	damnant_quod_non_intellegunt	a_bene_placito	labor_ipse_voluptas	833	887	Complete Response	scientia_et_sapientia
radiotherapy	CTDC-PARTICIPANT-472918	CTDC-RADIOTHERAPY-672235	haec_olim_meminisse_iuvabit	scientia_imperii_decus_et_tutamen	scientiae_cedit_mare	scientia,_aere_perennius	saltus_in_demonstrando	salus_in_arduis	878	34	Progressive Disease	scientia_et_labor
radiotherapy	CTDC-PARTICIPANT-118965	CTDC-RADIOTHERAPY-189516	scientia_et_labor	nascentes_morimur_finisque_ab_origine_pendet	e_causa_ignota	Obedientia_civium_urbis_felicitas	saltus_in_demonstrando	salus_in_arduis	583	932	Less than partial response	saltus_in_demonstrando
radiotherapy	CTDC-PARTICIPANT-118965	CTDC-RADIOTHERAPY-978926	labor_ipse_voluptas	nanos_gigantum_humeris_insidentes	imperium_in_imperio	labor_ipse_voluptas	a_bene_placito	O_Tite_tute_Tati_tibi_tanta_tyranne_tulisti	900	883	Partial Response	O_Tite_tute_Tati_tibi_tanta_tyranne_tulisti
radiotherapy	CTDC-PARTICIPANT-621225	CTDC-RADIOTHERAPY-650973	Obedientia_civium_urbis_felicitas	e_causa_ignota	scientia,_aere_perennius	labor_ipse_voluptas	id_quod_plerumque_accidit	nanos_gigantum_humeris_insidentes	168	943	Partial Response	scientia_et_sapientia
radiotherapy	CTDC-PARTICIPANT-621225	CTDC-RADIOTHERAPY-347444	scientiae_et_patriae	scientia,_aere_perennius	scientia_imperii_decus_et_tutamen	Gallia_est_omnis_divisa_in_partes_tres	salus_in_arduis	a_bene_placito	90	616	Progressive Disease	scientia_imperii_decus_et_tutamen
radiotherapy	CTDC-PARTICIPANT-602836	CTDC-RADIOTHERAPY-490413	O_Tite_tute_Tati_tibi_tanta_tyranne_tulisti	faber_est_suae_quisque_fortunae	id_quod_plerumque_accidit	sapiens_qui_prospicit	nascentes_morimur_finisque_ab_origine_pendet	salus_in_arduis	686	734	Stable Disease	a_bene_placito
radiotherapy	CTDC-PARTICIPANT-602836	CTDC-RADIOTHERAPY-118041	scientia_et_labor	Obedientia_civium_urbis_felicitas	saltus_in_demonstrando	scientia_et_sapientia	scientia,_aere_perennius	sapiens_qui_prospicit	446	766	Progressive Disease	Macte_animo_Generose_puer_sic_itur_ad_astra
radiotherapy	CTDC-PARTICIPANT-914541	CTDC-RADIOTHERAPY-482828	scientia_et_sapientia	scientiae_et_patriae	scientia_et_sapientia	imperium_in_imperio	id_quod_plerumque_accidit	Obedientia_civium_urbis_felicitas	671	603	Progressive Disease	cacatum_non_est_pictum
radiotherapy	CTDC-PARTICIPANT-914541	CTDC-RADIOTHERAPY-645273	cacatum_non_est_pictum	nascentes_morimur_finisque_ab_origine_pendet	scientia,_aere_perennius	Obedientia_civium_urbis_felicitas	cacatum_non_est_pictum	id_quod_plerumque_accidit	994	11	Too Early	sapiens_qui_prospicit
radiotherapy	CTDC-PARTICIPANT-988417	CTDC-RADIOTHERAPY-666115	labor_ipse_voluptas	salus_in_arduis	nanos_gigantum_humeris_insidentes	scientiae_et_patriae	barba_crescit_caput_nescit	nascentes_morimur_finisque_ab_origine_pendet	638	108	Stable Disease	barba_crescit_caput_nescit
radiotherapy	CTDC-PARTICIPANT-988417	CTDC-RADIOTHERAPY-740914	salus_in_arduis	scientia_et_sapientia	salus_in_arduis	scientia_et_sapientia	scientia_imperii_decus_et_tutamen	Obedientia_civium_urbis_felicitas	481	278	Progressive Disease	damnant_quod_non_intellegunt
radiotherapy	CTDC-PARTICIPANT-433154	CTDC-RADIOTHERAPY-149426	a_bene_placito	e_causa_ignota	id_quod_plerumque_accidit	O_Tite_tute_Tati_tibi_tanta_tyranne_tulisti	faber_est_suae_quisque_fortunae	saltus_in_demonstrando	36	768	Unknown	nascentes_morimur_finisque_ab_origine_pendet
radiotherapy	CTDC-PARTICIPANT-433154	CTDC-RADIOTHERAPY-138227	saltus_in_demonstrando	imperium_in_imperio	scientia_et_sapientia	sapiens_qui_prospicit	O_Tite_tute_Tati_tibi_tanta_tyranne_tulisti	scientia_imperii_decus_et_tutamen	503	96	Stable Disease	nanos_gigantum_humeris_insidentes
radiotherapy	CTDC-PARTICIPANT-138724	CTDC-RADIOTHERAPY-430989	e_causa_ignota	nascentes_morimur_finisque_ab_origine_pendet	scientia_et_sapientia	sapiens_qui_prospicit	scientiae_cedit_mare	Obedientia_civium_urbis_felicitas	115	757	Not Evaluable	a_bene_placito
radiotherapy	CTDC-PARTICIPANT-138724	CTDC-RADIOTHERAPY-564771	O_Tite_tute_Tati_tibi_tanta_tyranne_tulisti	saltus_in_demonstrando	scientiae_cedit_mare	imperium_in_imperio	haec_olim_meminisse_iuvabit	scientia,_aere_perennius	640	311	Too Early	scientiae_cedit_mare
radiotherapy	CTDC-PARTICIPANT-888214	CTDC-RADIOTHERAPY-696849	labor_ipse_voluptas	Macte_animo_Generose_puer_sic_itur_ad_astra	e_causa_ignota	nascentes_morimur_finisque_ab_origine_pendet	sapiens_qui_prospicit	e_causa_ignota	56	411	Not Evaluable	id_quod_plerumque_accidit
radiotherapy	CTDC-PARTICIPANT-888214	CTDC-RADIOTHERAPY-456497	id_quod_plerumque_accidit	nascentes_morimur_finisque_ab_origine_pendet	pace_tua	scientia_et_sapientia	a_bene_placito	id_quod_plerumque_accidit	303	665	Stable Disease	sapiens_qui_prospicit
radiotherapy	CTDC-PARTICIPANT-823513	CTDC-RADIOTHERAPY-273567	scientiae_cedit_mare	scientia,_aere_perennius	saltus_in_demonstrando	damnant_quod_non_intellegunt	id_quod_plerumque_accidit	scientia,_aere_perennius	280	618	Not Evaluable	scientia_et_sapientia
radiotherapy	CTDC-PARTICIPANT-823513	CTDC-RADIOTHERAPY-107100	scientiae_et_patriae	Macte_animo_Generose_puer_sic_itur_ad_astra	cacatum_non_est_pictum	pace_tua	saltus_in_demonstrando	scientia_imperii_decus_et_tutamen	733	568	Not Assessed	barba_crescit_caput_nescit
radiotherapy	CTDC-PARTICIPANT-515352	CTDC-RADIOTHERAPY-165874	cacatum_non_est_pictum	haec_olim_meminisse_iuvabit	saltus_in_demonstrando	salus_in_arduis	labor_ipse_voluptas	nascentes_morimur_finisque_ab_origine_pendet	923	804	Progressive Disease	sapiens_qui_prospicit
radiotherapy	CTDC-PARTICIPANT-515352	CTDC-RADIOTHERAPY-604824	scientiae_cedit_mare	e_causa_ignota	cacatum_non_est_pictum	scientia,_aere_perennius	labor_ipse_voluptas	damnant_quod_non_intellegunt	177	113	Not Evaluable	nanos_gigantum_humeris_insidentes
radiotherapy	CTDC-PARTICIPANT-678530	CTDC-RADIOTHERAPY-848029	haec_olim_meminisse_iuvabit	a_bene_placito	e_causa_ignota	scientia_et_labor	damnant_quod_non_intellegunt	scientiae_et_patriae	513	673	Progressive Disease	cacatum_non_est_pictum
radiotherapy	CTDC-PARTICIPANT-678530	CTDC-RADIOTHERAPY-136129	e_causa_ignota	faber_est_suae_quisque_fortunae	scientiae_cedit_mare	scientia_et_labor	saltus_in_demonstrando	scientia_imperii_decus_et_tutamen	191	536	Less than partial response	damnant_quod_non_intellegunt
radiotherapy	CTDC-PARTICIPANT-669570	CTDC-RADIOTHERAPY-820618	Gallia_est_omnis_divisa_in_partes_tres	imperium_in_imperio	labor_ipse_voluptas	O_Tite_tute_Tati_tibi_tanta_tyranne_tulisti	O_Tite_tute_Tati_tibi_tanta_tyranne_tulisti	Gallia_est_omnis_divisa_in_partes_tres	625	567	Progressive Disease	id_quod_plerumque_accidit
radiotherapy	CTDC-PARTICIPANT-669570	CTDC-RADIOTHERAPY-952982	e_causa_ignota	labor_ipse_voluptas	O_Tite_tute_Tati_tibi_tanta_tyranne_tulisti	saltus_in_demonstrando	scientia_et_sapientia	scientiae_et_patriae	132	896	Too Early	pace_tua
radiotherapy	CTDC-PARTICIPANT-817106	CTDC-RADIOTHERAPY-680958	scientiae_cedit_mare	O_Tite_tute_Tati_tibi_tanta_tyranne_tulisti	nanos_gigantum_humeris_insidentes	sapiens_qui_prospicit	id_quod_plerumque_accidit	id_quod_plerumque_accidit	820	90	Not Assessed	scientia_imperii_decus_et_tutamen
radiotherapy	CTDC-PARTICIPANT-817106	CTDC-RADIOTHERAPY-454691	scientia_imperii_decus_et_tutamen	sapiens_qui_prospicit	Macte_animo_Generose_puer_sic_itur_ad_astra	O_Tite_tute_Tati_tibi_tanta_tyranne_tulisti	faber_est_suae_quisque_fortunae	nanos_gigantum_humeris_insidentes	939	752	Complete Response	barba_crescit_caput_nescit
radiotherapy	CTDC-PARTICIPANT-889341	CTDC-RADIOTHERAPY-413219	id_quod_plerumque_accidit	scientia_et_labor	imperium_in_imperio	nanos_gigantum_humeris_insidentes	e_causa_ignota	Macte_animo_Generose_puer_sic_itur_ad_astra	334	464	Less than partial response	scientia,_aere_perennius
radiotherapy	CTDC-PARTICIPANT-889341	CTDC-RADIOTHERAPY-631910	labor_ipse_voluptas	salus_in_arduis	barba_crescit_caput_nescit	Macte_animo_Generose_puer_sic_itur_ad_astra	barba_crescit_caput_nescit	cacatum_non_est_pictum	517	693	Not Assessed	scientia,_aere_perennius
radiotherapy	CTDC-PARTICIPANT-114288	CTDC-RADIOTHERAPY-982249	e_causa_ignota	labor_ipse_voluptas	scientia_et_labor	Obedientia_civium_urbis_felicitas	barba_crescit_caput_nescit	O_Tite_tute_Tati_tibi_tanta_tyranne_tulisti	462	681	Unknown	damnant_quod_non_intellegunt
radiotherapy	CTDC-PARTICIPANT-114288	CTDC-RADIOTHERAPY-481480	e_causa_ignota	imperium_in_imperio	imperium_in_imperio	scientia_imperii_decus_et_tutamen	Gallia_est_omnis_divisa_in_partes_tres	O_Tite_tute_Tati_tibi_tanta_tyranne_tulisti	26	823	Unknown	scientia_imperii_decus_et_tutamen
radiotherapy	CTDC-PARTICIPANT-869758	CTDC-RADIOTHERAPY-864003	Macte_animo_Generose_puer_sic_itur_ad_astra	nascentes_morimur_finisque_ab_origine_pendet	barba_crescit_caput_nescit	a_bene_placito	nascentes_morimur_finisque_ab_origine_pendet	scientia_imperii_decus_et_tutamen	11	511	Less than partial response	barba_crescit_caput_nescit
radiotherapy	CTDC-PARTICIPANT-869758	CTDC-RADIOTHERAPY-727920	salus_in_arduis	scientiae_cedit_mare	Macte_animo_Generose_puer_sic_itur_ad_astra	scientia,_aere_perennius	a_bene_placito	imperium_in_imperio	84	382	Complete Response	a_bene_placito
radiotherapy	CTDC-PARTICIPANT-550701	CTDC-RADIOTHERAPY-755747	imperium_in_imperio	damnant_quod_non_intellegunt	barba_crescit_caput_nescit	saltus_in_demonstrando	imperium_in_imperio	cacatum_non_est_pictum	155	291	Less than partial response	scientia_et_labor
radiotherapy	CTDC-PARTICIPANT-550701	CTDC-RADIOTHERAPY-918611	nascentes_morimur_finisque_ab_origine_pendet	saltus_in_demonstrando	imperium_in_imperio	sapiens_qui_prospicit	scientia_et_labor	faber_est_suae_quisque_fortunae	206	198	Too Early	scientia,_aere_perennius
radiotherapy	CTDC-PARTICIPANT-809067	CTDC-RADIOTHERAPY-936410	Obedientia_civium_urbis_felicitas	id_quod_plerumque_accidit	nanos_gigantum_humeris_insidentes	nascentes_morimur_finisque_ab_origine_pendet	faber_est_suae_quisque_fortunae	saltus_in_demonstrando	690	193	Partial Response	scientia,_aere_perennius
radiotherapy	CTDC-PARTICIPANT-809067	CTDC-RADIOTHERAPY-431041	nanos_gigantum_humeris_insidentes	Gallia_est_omnis_divisa_in_partes_tres	id_quod_plerumque_accidit	scientia_et_labor	scientia_imperii_decus_et_tutamen	pace_tua	125	826	Stable Disease	sapiens_qui_prospicit
radiotherapy	CTDC-PARTICIPANT-915905	CTDC-RADIOTHERAPY-897315	saltus_in_demonstrando	scientia_imperii_decus_et_tutamen	e_causa_ignota	Gallia_est_omnis_divisa_in_partes_tres	nascentes_morimur_finisque_ab_origine_pendet	id_quod_plerumque_accidit	755	939	Complete Response	O_Tite_tute_Tati_tibi_tanta_tyranne_tulisti
radiotherapy	CTDC-PARTICIPANT-915905	CTDC-RADIOTHERAPY-479190	nascentes_morimur_finisque_ab_origine_pendet	scientiae_cedit_mare	Macte_animo_Generose_puer_sic_itur_ad_astra	damnant_quod_non_intellegunt	barba_crescit_caput_nescit	scientia_et_labor	325	88	Not Assessed	damnant_quod_non_intellegunt
radiotherapy	CTDC-PARTICIPANT-145747	CTDC-RADIOTHERAPY-175979	nascentes_morimur_finisque_ab_origine_pendet	scientia_et_sapientia	sapiens_qui_prospicit	scientia_imperii_decus_et_tutamen	pace_tua	faber_est_suae_quisque_fortunae	692	683	Progressive Disease	saltus_in_demonstrando
radiotherapy	CTDC-PARTICIPANT-145747	CTDC-RADIOTHERAPY-785794	a_bene_placito	e_causa_ignota	scientiae_et_patriae	imperium_in_imperio	imperium_in_imperio	haec_olim_meminisse_iuvabit	242	762	Not Assessed	scientia_imperii_decus_et_tutamen
radiotherapy	CTDC-PARTICIPANT-354093	CTDC-RADIOTHERAPY-620705	damnant_quod_non_intellegunt	scientia,_aere_perennius	labor_ipse_voluptas	Gallia_est_omnis_divisa_in_partes_tres	saltus_in_demonstrando	nanos_gigantum_humeris_insidentes	425	49	Too Early	sapiens_qui_prospicit
radiotherapy	CTDC-PARTICIPANT-354093	CTDC-RADIOTHERAPY-945975	Gallia_est_omnis_divisa_in_partes_tres	Macte_animo_Generose_puer_sic_itur_ad_astra	cacatum_non_est_pictum	labor_ipse_voluptas	a_bene_placito	sapiens_qui_prospicit	845	996	Too Early	scientia_et_labor
radiotherapy	CTDC-PARTICIPANT-971501	CTDC-RADIOTHERAPY-790373	sapiens_qui_prospicit	pace_tua	a_bene_placito	scientia_et_labor	haec_olim_meminisse_iuvabit	pace_tua	428	861	Unknown	a_bene_placito
radiotherapy	CTDC-PARTICIPANT-971501	CTDC-RADIOTHERAPY-651116	haec_olim_meminisse_iuvabit	nanos_gigantum_humeris_insidentes	Macte_animo_Generose_puer_sic_itur_ad_astra	faber_est_suae_quisque_fortunae	scientia_et_labor	O_Tite_tute_Tati_tibi_tanta_tyranne_tulisti	860	115	Unknown	labor_ipse_voluptas
radiotherapy	CTDC-PARTICIPANT-915009	CTDC-RADIOTHERAPY-928394	a_bene_placito	e_causa_ignota	scientia_et_labor	Macte_animo_Generose_puer_sic_itur_ad_astra	cacatum_non_est_pictum	Gallia_est_omnis_divisa_in_partes_tres	403	729	Not Evaluable	scientia_imperii_decus_et_tutamen
radiotherapy	CTDC-PARTICIPANT-915009	CTDC-RADIOTHERAPY-758712	nanos_gigantum_humeris_insidentes	nanos_gigantum_humeris_insidentes	cacatum_non_est_pictum	scientia_et_labor	id_quod_plerumque_accidit	scientiae_cedit_mare	352	694	Not Evaluable	Gallia_est_omnis_divisa_in_partes_tres
radiotherapy	CTDC-PARTICIPANT-501691	CTDC-RADIOTHERAPY-908506	scientia,_aere_perennius	nascentes_morimur_finisque_ab_origine_pendet	pace_tua	haec_olim_meminisse_iuvabit	nanos_gigantum_humeris_insidentes	cacatum_non_est_pictum	804	83	Progressive Disease	sapiens_qui_prospicit
radiotherapy	CTDC-PARTICIPANT-501691	CTDC-RADIOTHERAPY-488191	nascentes_morimur_finisque_ab_origine_pendet	Gallia_est_omnis_divisa_in_partes_tres	Gallia_est_omnis_divisa_in_partes_tres	nascentes_morimur_finisque_ab_origine_pendet	damnant_quod_non_intellegunt	nanos_gigantum_humeris_insidentes	403	386	Progressive Disease	e_causa_ignota
radiotherapy	CTDC-PARTICIPANT-276676	CTDC-RADIOTHERAPY-406280	sapiens_qui_prospicit	scientia_et_labor	scientia_et_sapientia	haec_olim_meminisse_iuvabit	haec_olim_meminisse_iuvabit	salus_in_arduis	181	724	Not Assessed	pace_tua
radiotherapy	CTDC-PARTICIPANT-276676	CTDC-RADIOTHERAPY-416785	barba_crescit_caput_nescit	pace_tua	pace_tua	scientiae_cedit_mare	a_bene_placito	scientiae_cedit_mare	306	354	Not Evaluable	sapiens_qui_prospicit
radiotherapy	CTDC-PARTICIPANT-648971	CTDC-RADIOTHERAPY-144834	labor_ipse_voluptas	Obedientia_civium_urbis_felicitas	scientiae_et_patriae	imperium_in_imperio	Gallia_est_omnis_divisa_in_partes_tres	faber_est_suae_quisque_fortunae	677	364	Progressive Disease	sapiens_qui_prospicit
radiotherapy	CTDC-PARTICIPANT-648971	CTDC-RADIOTHERAPY-556340	faber_est_suae_quisque_fortunae	Obedientia_civium_urbis_felicitas	cacatum_non_est_pictum	scientia_et_sapientia	scientia_imperii_decus_et_tutamen	scientia,_aere_perennius	335	879	Complete Response	scientia,_aere_perennius
radiotherapy	CTDC-PARTICIPANT-578532	CTDC-RADIOTHERAPY-677104	barba_crescit_caput_nescit	imperium_in_imperio	damnant_quod_non_intellegunt	nanos_gigantum_humeris_insidentes	cacatum_non_est_pictum	haec_olim_meminisse_iuvabit	539	888	Not Assessed	scientiae_cedit_mare
radiotherapy	CTDC-PARTICIPANT-578532	CTDC-RADIOTHERAPY-621156	scientiae_cedit_mare	saltus_in_demonstrando	salus_in_arduis	saltus_in_demonstrando	scientia,_aere_perennius	scientiae_et_patriae	719	294	Partial Response	sapiens_qui_prospicit
radiotherapy	CTDC-PARTICIPANT-284527	CTDC-RADIOTHERAPY-908003	nanos_gigantum_humeris_insidentes	e_causa_ignota	nanos_gigantum_humeris_insidentes	scientia_imperii_decus_et_tutamen	e_causa_ignota	id_quod_plerumque_accidit	675	945	Progressive Disease	scientia_et_labor
radiotherapy	CTDC-PARTICIPANT-284527	CTDC-RADIOTHERAPY-245975	O_Tite_tute_Tati_tibi_tanta_tyranne_tulisti	labor_ipse_voluptas	scientia_et_labor	imperium_in_imperio	damnant_quod_non_intellegunt	Gallia_est_omnis_divisa_in_partes_tres	984	39	Not Assessed	faber_est_suae_quisque_fortunae
radiotherapy	CTDC-PARTICIPANT-553738	CTDC-RADIOTHERAPY-841827	labor_ipse_voluptas	labor_ipse_voluptas	O_Tite_tute_Tati_tibi_tanta_tyranne_tulisti	Obedientia_civium_urbis_felicitas	e_causa_ignota	scientia_et_labor	528	536	Not Evaluable	salus_in_arduis
radiotherapy	CTDC-PARTICIPANT-553738	CTDC-RADIOTHERAPY-874218	scientia,_aere_perennius	id_quod_plerumque_accidit	O_Tite_tute_Tati_tibi_tanta_tyranne_tulisti	scientiae_cedit_mare	scientia_et_labor	Gallia_est_omnis_divisa_in_partes_tres	811	523	Too Early	faber_est_suae_quisque_fortunae
radiotherapy	CTDC-PARTICIPANT-932219	CTDC-RADIOTHERAPY-210628	sapiens_qui_prospicit	labor_ipse_voluptas	scientia_et_sapientia	cacatum_non_est_pictum	Gallia_est_omnis_divisa_in_partes_tres	scientia_imperii_decus_et_tutamen	260	131	Partial Response	scientia_imperii_decus_et_tutamen
radiotherapy	CTDC-PARTICIPANT-932219	CTDC-RADIOTHERAPY-332398	saltus_in_demonstrando	scientiae_et_patriae	saltus_in_demonstrando	salus_in_arduis	salus_in_arduis	salus_in_arduis	452	770	Unknown	scientia_et_sapientia
radiotherapy	CTDC-PARTICIPANT-235944	CTDC-RADIOTHERAPY-901934	O_Tite_tute_Tati_tibi_tanta_tyranne_tulisti	pace_tua	Macte_animo_Generose_puer_sic_itur_ad_astra	scientia_et_sapientia	damnant_quod_non_intellegunt	Macte_animo_Generose_puer_sic_itur_ad_astra	424	1000	Stable Disease	haec_olim_meminisse_iuvabit
radiotherapy	CTDC-PARTICIPANT-235944	CTDC-RADIOTHERAPY-448752	saltus_in_demonstrando	Obedientia_civium_urbis_felicitas	Macte_animo_Generose_puer_sic_itur_ad_astra	pace_tua	scientia_et_sapientia	damnant_quod_non_intellegunt	682	568	Progressive Disease	scientia_et_sapientia
radiotherapy	CTDC-PARTICIPANT-461411	CTDC-RADIOTHERAPY-633991	damnant_quod_non_intellegunt	Macte_animo_Generose_puer_sic_itur_ad_astra	saltus_in_demonstrando	scientia_et_sapientia	nascentes_morimur_finisque_ab_origine_pendet	Obedientia_civium_urbis_felicitas	332	19	Unknown	id_quod_plerumque_accidit
radiotherapy	CTDC-PARTICIPANT-461411	CTDC-RADIOTHERAPY-316171	scientia,_aere_perennius	nanos_gigantum_humeris_insidentes	haec_olim_meminisse_iuvabit	Obedientia_civium_urbis_felicitas	scientia_et_sapientia	id_quod_plerumque_accidit	861	739	Partial Response	Gallia_est_omnis_divisa_in_partes_tres
radiotherapy	CTDC-PARTICIPANT-406895	CTDC-RADIOTHERAPY-773366	id_quod_plerumque_accidit	O_Tite_tute_Tati_tibi_tanta_tyranne_tulisti	saltus_in_demonstrando	scientia,_aere_perennius	scientia_et_labor	Obedientia_civium_urbis_felicitas	555	944	Not Assessed	imperium_in_imperio
radiotherapy	CTDC-PARTICIPANT-406895	CTDC-RADIOTHERAPY-384989	scientiae_et_patriae	saltus_in_demonstrando	a_bene_placito	salus_in_arduis	pace_tua	haec_olim_meminisse_iuvabit	490	895	Not Evaluable	e_causa_ignota
radiotherapy	CTDC-PARTICIPANT-975776	CTDC-RADIOTHERAPY-930761	sapiens_qui_prospicit	nanos_gigantum_humeris_insidentes	cacatum_non_est_pictum	nanos_gigantum_humeris_insidentes	e_causa_ignota	Macte_animo_Generose_puer_sic_itur_ad_astra	927	690	Not Assessed	barba_crescit_caput_nescit
radiotherapy	CTDC-PARTICIPANT-975776	CTDC-RADIOTHERAPY-750178	faber_est_suae_quisque_fortunae	saltus_in_demonstrando	cacatum_non_est_pictum	nascentes_morimur_finisque_ab_origine_pendet	faber_est_suae_quisque_fortunae	labor_ipse_voluptas	228	465	Stable Disease	id_quod_plerumque_accidit
radiotherapy	CTDC-PARTICIPANT-433620	CTDC-RADIOTHERAPY-617057	scientia_et_labor	imperium_in_imperio	Obedientia_civium_urbis_felicitas	nanos_gigantum_humeris_insidentes	pace_tua	nanos_gigantum_humeris_insidentes	146	211	Not Assessed	Gallia_est_omnis_divisa_in_partes_tres
radiotherapy	CTDC-PARTICIPANT-433620	CTDC-RADIOTHERAPY-634959	barba_crescit_caput_nescit	scientia_et_sapientia	faber_est_suae_quisque_fortunae	scientia_et_labor	scientia_et_sapientia	sapiens_qui_prospicit	177	819	Not Evaluable	haec_olim_meminisse_iuvabit
radiotherapy	CTDC-PARTICIPANT-802402	CTDC-RADIOTHERAPY-754349	scientia_imperii_decus_et_tutamen	nanos_gigantum_humeris_insidentes	imperium_in_imperio	imperium_in_imperio	labor_ipse_voluptas	saltus_in_demonstrando	17	415	Too Early	Macte_animo_Generose_puer_sic_itur_ad_astra
radiotherapy	CTDC-PARTICIPANT-802402	CTDC-RADIOTHERAPY-722796	imperium_in_imperio	damnant_quod_non_intellegunt	id_quod_plerumque_accidit	scientiae_cedit_mare	scientia_et_sapientia	haec_olim_meminisse_iuvabit	915	760	Complete Response	nanos_gigantum_humeris_insidentes
radiotherapy	CTDC-PARTICIPANT-626099	CTDC-RADIOTHERAPY-691266	scientia_et_labor	imperium_in_imperio	e_causa_ignota	faber_est_suae_quisque_fortunae	faber_est_suae_quisque_fortunae	salus_in_arduis	745	439	Too Early	O_Tite_tute_Tati_tibi_tanta_tyranne_tulisti
radiotherapy	CTDC-PARTICIPANT-626099	CTDC-RADIOTHERAPY-874710	cacatum_non_est_pictum	O_Tite_tute_Tati_tibi_tanta_tyranne_tulisti	barba_crescit_caput_nescit	scientiae_cedit_mare	haec_olim_meminisse_iuvabit	Gallia_est_omnis_divisa_in_partes_tres	12	502	Too Early	imperium_in_imperio
radiotherapy	CTDC-PARTICIPANT-804584	CTDC-RADIOTHERAPY-969419	pace_tua	scientia_imperii_decus_et_tutamen	damnant_quod_non_intellegunt	barba_crescit_caput_nescit	scientia_imperii_decus_et_tutamen	salus_in_arduis	263	361	Not Assessed	imperium_in_imperio
radiotherapy	CTDC-PARTICIPANT-804584	CTDC-RADIOTHERAPY-181875	Gallia_est_omnis_divisa_in_partes_tres	scientia_et_labor	barba_crescit_caput_nescit	barba_crescit_caput_nescit	sapiens_qui_prospicit	Obedientia_civium_urbis_felicitas	455	297	Too Early	O_Tite_tute_Tati_tibi_tanta_tyranne_tulisti
radiotherapy	CTDC-PARTICIPANT-832791	CTDC-RADIOTHERAPY-409164	scientiae_cedit_mare	pace_tua	Gallia_est_omnis_divisa_in_partes_tres	cacatum_non_est_pictum	nascentes_morimur_finisque_ab_origine_pendet	sapiens_qui_prospicit	522	75	Progressive Disease	labor_ipse_voluptas
radiotherapy	CTDC-PARTICIPANT-832791	CTDC-RADIOTHERAPY-710292	cacatum_non_est_pictum	scientia_et_sapientia	haec_olim_meminisse_iuvabit	barba_crescit_caput_nescit	scientia_et_labor	scientia,_aere_perennius	219	511	Not Evaluable	scientiae_cedit_mare
radiotherapy	CTDC-PARTICIPANT-913432	CTDC-RADIOTHERAPY-589798	barba_crescit_caput_nescit	Gallia_est_omnis_divisa_in_partes_tres	labor_ipse_voluptas	damnant_quod_non_intellegunt	scientiae_cedit_mare	Gallia_est_omnis_divisa_in_partes_tres	953	954	Complete Response	faber_est_suae_quisque_fortunae
radiotherapy	CTDC-PARTICIPANT-913432	CTDC-RADIOTHERAPY-378603	scientia_imperii_decus_et_tutamen	cacatum_non_est_pictum	scientia,_aere_perennius	Obedientia_civium_urbis_felicitas	scientia_et_labor	haec_olim_meminisse_iuvabit	17	609	Complete Response	id_quod_plerumque_accidit
radiotherapy	CTDC-PARTICIPANT-990699	CTDC-RADIOTHERAPY-454889	O_Tite_tute_Tati_tibi_tanta_tyranne_tulisti	nascentes_morimur_finisque_ab_origine_pendet	nascentes_morimur_finisque_ab_origine_pendet	scientiae_et_patriae	scientia_et_labor	scientiae_cedit_mare	412	280	Not Assessed	damnant_quod_non_intellegunt
radiotherapy	CTDC-PARTICIPANT-990699	CTDC-RADIOTHERAPY-395450	sapiens_qui_prospicit	scientia_et_sapientia	Gallia_est_omnis_divisa_in_partes_tres	cacatum_non_est_pictum	pace_tua	sapiens_qui_prospicit	983	895	Stable Disease	nascentes_morimur_finisque_ab_origine_pendet
radiotherapy	CTDC-PARTICIPANT-947230	CTDC-RADIOTHERAPY-205776	faber_est_suae_quisque_fortunae	cacatum_non_est_pictum	saltus_in_demonstrando	Obedientia_civium_urbis_felicitas	salus_in_arduis	scientia_imperii_decus_et_tutamen	903	284	Not Evaluable	haec_olim_meminisse_iuvabit
radiotherapy	CTDC-PARTICIPANT-947230	CTDC-RADIOTHERAPY-728145	id_quod_plerumque_accidit	O_Tite_tute_Tati_tibi_tanta_tyranne_tulisti	O_Tite_tute_Tati_tibi_tanta_tyranne_tulisti	labor_ipse_voluptas	salus_in_arduis	barba_crescit_caput_nescit	996	151	Progressive Disease	scientia_imperii_decus_et_tutamen
radiotherapy	CTDC-PARTICIPANT-721385	CTDC-RADIOTHERAPY-506480	haec_olim_meminisse_iuvabit	labor_ipse_voluptas	sapiens_qui_prospicit	salus_in_arduis	barba_crescit_caput_nescit	imperium_in_imperio	841	644	Too Early	Macte_animo_Generose_puer_sic_itur_ad_astra
radiotherapy	CTDC-PARTICIPANT-721385	CTDC-RADIOTHERAPY-156634	faber_est_suae_quisque_fortunae	a_bene_placito	sapiens_qui_prospicit	imperium_in_imperio	scientia_et_labor	scientia_et_sapientia	579	477	Too Early	scientia_et_labor
radiotherapy	CTDC-PARTICIPANT-643832	CTDC-RADIOTHERAPY-865651	imperium_in_imperio	barba_crescit_caput_nescit	Gallia_est_omnis_divisa_in_partes_tres	salus_in_arduis	scientia_et_sapientia	Obedientia_civium_urbis_felicitas	32	370	Too Early	damnant_quod_non_intellegunt
radiotherapy	CTDC-PARTICIPANT-643832	CTDC-RADIOTHERAPY-973197	scientiae_cedit_mare	scientia,_aere_perennius	damnant_quod_non_intellegunt	Obedientia_civium_urbis_felicitas	id_quod_plerumque_accidit	O_Tite_tute_Tati_tibi_tanta_tyranne_tulisti	166	444	Not Evaluable	scientia_et_sapientia
radiotherapy	CTDC-PARTICIPANT-136367	CTDC-RADIOTHERAPY-606936	cacatum_non_est_pictum	imperium_in_imperio	cacatum_non_est_pictum	scientia,_aere_perennius	Gallia_est_omnis_divisa_in_partes_tres	Macte_animo_Generose_puer_sic_itur_ad_astra	700	225	Not Evaluable	scientiae_et_patriae
radiotherapy	CTDC-PARTICIPANT-136367	CTDC-RADIOTHERAPY-501597	cacatum_non_est_pictum	e_causa_ignota	scientiae_cedit_mare	barba_crescit_caput_nescit	nanos_gigantum_humeris_insidentes	Gallia_est_omnis_divisa_in_partes_tres	243	402	Unknown	barba_crescit_caput_nescit
radiotherapy	CTDC-PARTICIPANT-218256	CTDC-RADIOTHERAPY-320725	faber_est_suae_quisque_fortunae	sapiens_qui_prospicit	imperium_in_imperio	scientiae_et_patriae	imperium_in_imperio	labor_ipse_voluptas	900	597	Progressive Disease	salus_in_arduis
radiotherapy	CTDC-PARTICIPANT-218256	CTDC-RADIOTHERAPY-966039	scientia_imperii_decus_et_tutamen	scientia_imperii_decus_et_tutamen	pace_tua	Obedientia_civium_urbis_felicitas	cacatum_non_est_pictum	e_causa_ignota	135	639	Partial Response	saltus_in_demonstrando
radiotherapy	CTDC-PARTICIPANT-837802	CTDC-RADIOTHERAPY-984847	faber_est_suae_quisque_fortunae	id_quod_plerumque_accidit	faber_est_suae_quisque_fortunae	faber_est_suae_quisque_fortunae	saltus_in_demonstrando	faber_est_suae_quisque_fortunae	17	301	Not Assessed	sapiens_qui_prospicit
radiotherapy	CTDC-PARTICIPANT-837802	CTDC-RADIOTHERAPY-363577	nascentes_morimur_finisque_ab_origine_pendet	O_Tite_tute_Tati_tibi_tanta_tyranne_tulisti	Obedientia_civium_urbis_felicitas	pace_tua	haec_olim_meminisse_iuvabit	Macte_animo_Generose_puer_sic_itur_ad_astra	22	29	Stable Disease	scientia_imperii_decus_et_tutamen
radiotherapy	CTDC-PARTICIPANT-802979	CTDC-RADIOTHERAPY-691732	Gallia_est_omnis_divisa_in_partes_tres	imperium_in_imperio	O_Tite_tute_Tati_tibi_tanta_tyranne_tulisti	a_bene_placito	salus_in_arduis	a_bene_placito	638	112	Partial Response	scientia_et_sapientia
radiotherapy	CTDC-PARTICIPANT-802979	CTDC-RADIOTHERAPY-480848	Macte_animo_Generose_puer_sic_itur_ad_astra	scientia_et_labor	damnant_quod_non_intellegunt	scientia_imperii_decus_et_tutamen	labor_ipse_voluptas	cacatum_non_est_pictum	73	172	Less than partial response	nanos_gigantum_humeris_insidentes
radiotherapy	CTDC-PARTICIPANT-579791	CTDC-RADIOTHERAPY-145142	cacatum_non_est_pictum	scientia_imperii_decus_et_tutamen	scientia,_aere_perennius	Gallia_est_omnis_divisa_in_partes_tres	saltus_in_demonstrando	faber_est_suae_quisque_fortunae	310	309	Partial Response	damnant_quod_non_intellegunt
radiotherapy	CTDC-PARTICIPANT-579791	CTDC-RADIOTHERAPY-859751	faber_est_suae_quisque_fortunae	e_causa_ignota	a_bene_placito	e_causa_ignota	id_quod_plerumque_accidit	pace_tua	303	998	Partial Response	sapiens_qui_prospicit
radiotherapy	CTDC-PARTICIPANT-273628	CTDC-RADIOTHERAPY-879350	labor_ipse_voluptas	id_quod_plerumque_accidit	pace_tua	O_Tite_tute_Tati_tibi_tanta_tyranne_tulisti	haec_olim_meminisse_iuvabit	cacatum_non_est_pictum	788	198	Less than partial response	cacatum_non_est_pictum
radiotherapy	CTDC-PARTICIPANT-273628	CTDC-RADIOTHERAPY-491548	labor_ipse_voluptas	scientiae_cedit_mare	salus_in_arduis	a_bene_placito	imperium_in_imperio	scientia_et_sapientia	275	433	Less than partial response	e_causa_ignota
radiotherapy	CTDC-PARTICIPANT-545328	CTDC-RADIOTHERAPY-159501	scientia_imperii_decus_et_tutamen	e_causa_ignota	barba_crescit_caput_nescit	haec_olim_meminisse_iuvabit	scientia_imperii_decus_et_tutamen	saltus_in_demonstrando	432	102	Progressive Disease	scientia_et_labor
radiotherapy	CTDC-PARTICIPANT-545328	CTDC-RADIOTHERAPY-880887	labor_ipse_voluptas	scientia_et_labor	Obedientia_civium_urbis_felicitas	scientiae_et_patriae	scientia_imperii_decus_et_tutamen	haec_olim_meminisse_iuvabit	347	819	Too Early	id_quod_plerumque_accidit
radiotherapy	CTDC-PARTICIPANT-171365	CTDC-RADIOTHERAPY-246174	pace_tua	haec_olim_meminisse_iuvabit	salus_in_arduis	Gallia_est_omnis_divisa_in_partes_tres	salus_in_arduis	scientiae_cedit_mare	56	170	Partial Response	Gallia_est_omnis_divisa_in_partes_tres
radiotherapy	CTDC-PARTICIPANT-171365	CTDC-RADIOTHERAPY-948917	Obedientia_civium_urbis_felicitas	saltus_in_demonstrando	salus_in_arduis	Gallia_est_omnis_divisa_in_partes_tres	nanos_gigantum_humeris_insidentes	imperium_in_imperio	702	634	Not Assessed	sapiens_qui_prospicit
radiotherapy	CTDC-PARTICIPANT-690978	CTDC-RADIOTHERAPY-440285	scientia_et_labor	scientiae_et_patriae	pace_tua	labor_ipse_voluptas	Macte_animo_Generose_puer_sic_itur_ad_astra	scientia_et_labor	282	892	Partial Response	O_Tite_tute_Tati_tibi_tanta_tyranne_tulisti
radiotherapy	CTDC-PARTICIPANT-690978	CTDC-RADIOTHERAPY-395283	barba_crescit_caput_nescit	nascentes_morimur_finisque_ab_origine_pendet	scientia_et_sapientia	imperium_in_imperio	cacatum_non_est_pictum	scientiae_et_patriae	573	640	Unknown	imperium_in_imperio
radiotherapy	CTDC-PARTICIPANT-903146	CTDC-RADIOTHERAPY-844577	salus_in_arduis	salus_in_arduis	scientia,_aere_perennius	scientia_et_sapientia	Macte_animo_Generose_puer_sic_itur_ad_astra	Gallia_est_omnis_divisa_in_partes_tres	452	130	Stable Disease	nascentes_morimur_finisque_ab_origine_pendet
radiotherapy	CTDC-PARTICIPANT-903146	CTDC-RADIOTHERAPY-262954	id_quod_plerumque_accidit	e_causa_ignota	damnant_quod_non_intellegunt	damnant_quod_non_intellegunt	barba_crescit_caput_nescit	damnant_quod_non_intellegunt	106	126	Not Evaluable	cacatum_non_est_pictum
radiotherapy	CTDC-PARTICIPANT-491351	CTDC-RADIOTHERAPY-115388	barba_crescit_caput_nescit	damnant_quod_non_intellegunt	damnant_quod_non_intellegunt	imperium_in_imperio	salus_in_arduis	labor_ipse_voluptas	577	292	Not Evaluable	O_Tite_tute_Tati_tibi_tanta_tyranne_tulisti
radiotherapy	CTDC-PARTICIPANT-491351	CTDC-RADIOTHERAPY-422127	scientiae_et_patriae	a_bene_placito	faber_est_suae_quisque_fortunae	scientiae_cedit_mare	Gallia_est_omnis_divisa_in_partes_tres	a_bene_placito	745	40	Stable Disease	imperium_in_imperio
radiotherapy	CTDC-PARTICIPANT-811509	CTDC-RADIOTHERAPY-455643	haec_olim_meminisse_iuvabit	id_quod_plerumque_accidit	id_quod_plerumque_accidit	labor_ipse_voluptas	scientiae_cedit_mare	cacatum_non_est_pictum	290	881	Stable Disease	scientia_et_sapientia
radiotherapy	CTDC-PARTICIPANT-811509	CTDC-RADIOTHERAPY-904434	scientiae_cedit_mare	salus_in_arduis	labor_ipse_voluptas	scientiae_cedit_mare	id_quod_plerumque_accidit	nanos_gigantum_humeris_insidentes	278	534	Progressive Disease	scientia_et_labor
radiotherapy	CTDC-PARTICIPANT-396101	CTDC-RADIOTHERAPY-237043	saltus_in_demonstrando	a_bene_placito	scientiae_cedit_mare	Obedientia_civium_urbis_felicitas	scientia_et_labor	scientiae_et_patriae	277	554	Complete Response	faber_est_suae_quisque_fortunae
radiotherapy	CTDC-PARTICIPANT-396101	CTDC-RADIOTHERAPY-640580	nascentes_morimur_finisque_ab_origine_pendet	faber_est_suae_quisque_fortunae	id_quod_plerumque_accidit	Macte_animo_Generose_puer_sic_itur_ad_astra	scientia_imperii_decus_et_tutamen	cacatum_non_est_pictum	20	521	Partial Response	salus_in_arduis
radiotherapy	CTDC-PARTICIPANT-150841	CTDC-RADIOTHERAPY-670539	scientiae_cedit_mare	Gallia_est_omnis_divisa_in_partes_tres	damnant_quod_non_intellegunt	nascentes_morimur_finisque_ab_origine_pendet	e_causa_ignota	sapiens_qui_prospicit	17	338	Not Assessed	faber_est_suae_quisque_fortunae
radiotherapy	CTDC-PARTICIPANT-150841	CTDC-RADIOTHERAPY-181820	nascentes_morimur_finisque_ab_origine_pendet	haec_olim_meminisse_iuvabit	scientiae_cedit_mare	faber_est_suae_quisque_fortunae	cacatum_non_est_pictum	scientia_et_sapientia	113	164	Less than partial response	nascentes_morimur_finisque_ab_origine_pendet
radiotherapy	CTDC-PARTICIPANT-958083	CTDC-RADIOTHERAPY-576644	pace_tua	scientiae_cedit_mare	scientiae_cedit_mare	scientia_imperii_decus_et_tutamen	faber_est_suae_quisque_fortunae	nanos_gigantum_humeris_insidentes	666	995	Not Assessed	saltus_in_demonstrando
radiotherapy	CTDC-PARTICIPANT-958083	CTDC-RADIOTHERAPY-550151	Gallia_est_omnis_divisa_in_partes_tres	imperium_in_imperio	scientiae_et_patriae	O_Tite_tute_Tati_tibi_tanta_tyranne_tulisti	sapiens_qui_prospicit	scientia,_aere_perennius	310	592	Less than partial response	nanos_gigantum_humeris_insidentes
radiotherapy	CTDC-PARTICIPANT-893582	CTDC-RADIOTHERAPY-425002	nascentes_morimur_finisque_ab_origine_pendet	haec_olim_meminisse_iuvabit	scientiae_et_patriae	sapiens_qui_prospicit	O_Tite_tute_Tati_tibi_tanta_tyranne_tulisti	Gallia_est_omnis_divisa_in_partes_tres	506	349	Stable Disease	saltus_in_demonstrando
radiotherapy	CTDC-PARTICIPANT-893582	CTDC-RADIOTHERAPY-875596	O_Tite_tute_Tati_tibi_tanta_tyranne_tulisti	nanos_gigantum_humeris_insidentes	pace_tua	scientia,_aere_perennius	imperium_in_imperio	scientia_imperii_decus_et_tutamen	657	638	Less than partial response	a_bene_placito
radiotherapy	CTDC-PARTICIPANT-481156	CTDC-RADIOTHERAPY-196383	e_causa_ignota	O_Tite_tute_Tati_tibi_tanta_tyranne_tulisti	scientia,_aere_perennius	labor_ipse_voluptas	labor_ipse_voluptas	scientia_et_labor	121	737	Partial Response	scientiae_et_patriae
radiotherapy	CTDC-PARTICIPANT-481156	CTDC-RADIOTHERAPY-444080	scientiae_cedit_mare	scientia_et_labor	e_causa_ignota	sapiens_qui_prospicit	id_quod_plerumque_accidit	id_quod_plerumque_accidit	514	196	Partial Response	imperium_in_imperio
radiotherapy	CTDC-PARTICIPANT-106443	CTDC-RADIOTHERAPY-696893	O_Tite_tute_Tati_tibi_tanta_tyranne_tulisti	scientiae_cedit_mare	e_causa_ignota	saltus_in_demonstrando	Obedientia_civium_urbis_felicitas	saltus_in_demonstrando	493	481	Unknown	scientia_et_sapientia
radiotherapy	CTDC-PARTICIPANT-106443	CTDC-RADIOTHERAPY-552713	pace_tua	scientiae_cedit_mare	id_quod_plerumque_accidit	nascentes_morimur_finisque_ab_origine_pendet	salus_in_arduis	nascentes_morimur_finisque_ab_origine_pendet	755	800	Stable Disease	nascentes_morimur_finisque_ab_origine_pendet
radiotherapy	CTDC-PARTICIPANT-252272	CTDC-RADIOTHERAPY-756389	e_causa_ignota	a_bene_placito	scientiae_et_patriae	scientiae_et_patriae	cacatum_non_est_pictum	damnant_quod_non_intellegunt	775	599	Not Evaluable	Macte_animo_Generose_puer_sic_itur_ad_astra
radiotherapy	CTDC-PARTICIPANT-252272	CTDC-RADIOTHERAPY-435104	barba_crescit_caput_nescit	a_bene_placito	O_Tite_tute_Tati_tibi_tanta_tyranne_tulisti	cacatum_non_est_pictum	scientiae_cedit_mare	nanos_gigantum_humeris_insidentes	511	941	Unknown	damnant_quod_non_intellegunt
radiotherapy	CTDC-PARTICIPANT-141279	CTDC-RADIOTHERAPY-404755	Obedientia_civium_urbis_felicitas	sapiens_qui_prospicit	Gallia_est_omnis_divisa_in_partes_tres	scientia_et_labor	nascentes_morimur_finisque_ab_origine_pendet	nanos_gigantum_humeris_insidentes	974	78	Not Evaluable	O_Tite_tute_Tati_tibi_tanta_tyranne_tulisti
radiotherapy	CTDC-PARTICIPANT-141279	CTDC-RADIOTHERAPY-691450	scientiae_et_patriae	nanos_gigantum_humeris_insidentes	Macte_animo_Generose_puer_sic_itur_ad_astra	haec_olim_meminisse_iuvabit	nascentes_morimur_finisque_ab_origine_pendet	damnant_quod_non_intellegunt	706	598	Partial Response	Gallia_est_omnis_divisa_in_partes_tres
radiotherapy	CTDC-PARTICIPANT-932532	CTDC-RADIOTHERAPY-347567	scientia_et_labor	a_bene_placito	Gallia_est_omnis_divisa_in_partes_tres	barba_crescit_caput_nescit	damnant_quod_non_intellegunt	O_Tite_tute_Tati_tibi_tanta_tyranne_tulisti	396	802	Complete Response	faber_est_suae_quisque_fortunae
radiotherapy	CTDC-PARTICIPANT-932532	CTDC-RADIOTHERAPY-741822	e_causa_ignota	barba_crescit_caput_nescit	scientia,_aere_perennius	scientia_imperii_decus_et_tutamen	sapiens_qui_prospicit	sapiens_qui_prospicit	981	499	Too Early	scientia,_aere_perennius
radiotherapy	CTDC-PARTICIPANT-124024	CTDC-RADIOTHERAPY-127184	id_quod_plerumque_accidit	a_bene_placito	scientiae_cedit_mare	cacatum_non_est_pictum	cacatum_non_est_pictum	scientia_et_sapientia	599	592	Too Early	cacatum_non_est_pictum
radiotherapy	CTDC-PARTICIPANT-124024	CTDC-RADIOTHERAPY-137620	barba_crescit_caput_nescit	haec_olim_meminisse_iuvabit	e_causa_ignota	barba_crescit_caput_nescit	scientia,_aere_perennius	cacatum_non_est_pictum	470	682	Not Evaluable	scientiae_cedit_mare
radiotherapy	CTDC-PARTICIPANT-380628	CTDC-RADIOTHERAPY-944089	scientia_imperii_decus_et_tutamen	Gallia_est_omnis_divisa_in_partes_tres	barba_crescit_caput_nescit	scientiae_cedit_mare	pace_tua	scientia_et_sapientia	52	900	Complete Response	scientiae_cedit_mare
radiotherapy	CTDC-PARTICIPANT-380628	CTDC-RADIOTHERAPY-998091	id_quod_plerumque_accidit	scientia_imperii_decus_et_tutamen	id_quod_plerumque_accidit	sapiens_qui_prospicit	Gallia_est_omnis_divisa_in_partes_tres	nanos_gigantum_humeris_insidentes	82	708	Stable Disease	scientiae_et_patriae
radiotherapy	CTDC-PARTICIPANT-655971	CTDC-RADIOTHERAPY-152048	O_Tite_tute_Tati_tibi_tanta_tyranne_tulisti	scientia,_aere_perennius	nascentes_morimur_finisque_ab_origine_pendet	cacatum_non_est_pictum	e_causa_ignota	salus_in_arduis	840	583	Complete Response	nanos_gigantum_humeris_insidentes
radiotherapy	CTDC-PARTICIPANT-655971	CTDC-RADIOTHERAPY-407089	haec_olim_meminisse_iuvabit	scientiae_et_patriae	Macte_animo_Generose_puer_sic_itur_ad_astra	pace_tua	nascentes_morimur_finisque_ab_origine_pendet	scientia_et_sapientia	50	309	Less than partial response	haec_olim_meminisse_iuvabit
radiotherapy	CTDC-PARTICIPANT-553493	CTDC-RADIOTHERAPY-957775	barba_crescit_caput_nescit	Macte_animo_Generose_puer_sic_itur_ad_astra	nascentes_morimur_finisque_ab_origine_pendet	Gallia_est_omnis_divisa_in_partes_tres	saltus_in_demonstrando	a_bene_placito	296	234	Not Assessed	id_quod_plerumque_accidit
radiotherapy	CTDC-PARTICIPANT-553493	CTDC-RADIOTHERAPY-608446	cacatum_non_est_pictum	nanos_gigantum_humeris_insidentes	a_bene_placito	scientia_et_labor	a_bene_placito	scientia_et_sapientia	981	353	Not Assessed	nanos_gigantum_humeris_insidentes
radiotherapy	CTDC-PARTICIPANT-896213	CTDC-RADIOTHERAPY-528084	scientia_et_labor	id_quod_plerumque_accidit	barba_crescit_caput_nescit	scientia_imperii_decus_et_tutamen	salus_in_arduis	saltus_in_demonstrando	307	967	Unknown	scientia_imperii_decus_et_tutamen
radiotherapy	CTDC-PARTICIPANT-896213	CTDC-RADIOTHERAPY-511426	nascentes_morimur_finisque_ab_origine_pendet	scientia_et_sapientia	scientia,_aere_perennius	imperium_in_imperio	id_quod_plerumque_accidit	nascentes_morimur_finisque_ab_origine_pendet	173	358	Less than partial response	O_Tite_tute_Tati_tibi_tanta_tyranne_tulisti
radiotherapy	CTDC-PARTICIPANT-132751	CTDC-RADIOTHERAPY-196090	sapiens_qui_prospicit	O_Tite_tute_Tati_tibi_tanta_tyranne_tulisti	cacatum_non_est_pictum	faber_est_suae_quisque_fortunae	scientia,_aere_perennius	scientiae_et_patriae	590	91	Too Early	scientia,_aere_perennius
radiotherapy	CTDC-PARTICIPANT-132751	CTDC-RADIOTHERAPY-191977	labor_ipse_voluptas	haec_olim_meminisse_iuvabit	scientia_et_sapientia	Gallia_est_omnis_divisa_in_partes_tres	faber_est_suae_quisque_fortunae	scientia_et_labor	387	374	Not Assessed	Gallia_est_omnis_divisa_in_partes_tres
radiotherapy	CTDC-PARTICIPANT-237359	CTDC-RADIOTHERAPY-314385	barba_crescit_caput_nescit	imperium_in_imperio	scientia_et_sapientia	scientia_et_labor	faber_est_suae_quisque_fortunae	Gallia_est_omnis_divisa_in_partes_tres	819	776	Unknown	scientia_et_sapientia
radiotherapy	CTDC-PARTICIPANT-237359	CTDC-RADIOTHERAPY-128894	Macte_animo_Generose_puer_sic_itur_ad_astra	barba_crescit_caput_nescit	scientia_et_labor	nascentes_morimur_finisque_ab_origine_pendet	e_causa_ignota	Gallia_est_omnis_divisa_in_partes_tres	514	433	Less than partial response	scientia_et_labor
radiotherapy	CTDC-PARTICIPANT-876508	CTDC-RADIOTHERAPY-552373	salus_in_arduis	cacatum_non_est_pictum	scientiae_et_patriae	pace_tua	scientiae_cedit_mare	scientia_et_sapientia	50	559	Progressive Disease	imperium_in_imperio
radiotherapy	CTDC-PARTICIPANT-876508	CTDC-RADIOTHERAPY-707645	O_Tite_tute_Tati_tibi_tanta_tyranne_tulisti	scientiae_cedit_mare	pace_tua	sapiens_qui_prospicit	scientia,_aere_perennius	scientia_imperii_decus_et_tutamen	526	146	Too Early	labor_ipse_voluptas
radiotherapy	CTDC-PARTICIPANT-317587	CTDC-RADIOTHERAPY-806980	Obedientia_civium_urbis_felicitas	faber_est_suae_quisque_fortunae	scientia_et_sapientia	barba_crescit_caput_nescit	imperium_in_imperio	scientia_imperii_decus_et_tutamen	100	236	Stable Disease	scientia,_aere_perennius
radiotherapy	CTDC-PARTICIPANT-317587	CTDC-RADIOTHERAPY-774327	haec_olim_meminisse_iuvabit	scientia_et_sapientia	damnant_quod_non_intellegunt	sapiens_qui_prospicit	haec_olim_meminisse_iuvabit	saltus_in_demonstrando	422	862	Less than partial response	nascentes_morimur_finisque_ab_origine_pendet
radiotherapy	CTDC-PARTICIPANT-161257	CTDC-RADIOTHERAPY-665687	scientia,_aere_perennius	Obedientia_civium_urbis_felicitas	id_quod_plerumque_accidit	imperium_in_imperio	labor_ipse_voluptas	pace_tua	332	458	Stable Disease	id_quod_plerumque_accidit
radiotherapy	CTDC-PARTICIPANT-161257	CTDC-RADIOTHERAPY-688654	scientiae_et_patriae	imperium_in_imperio	Macte_animo_Generose_puer_sic_itur_ad_astra	O_Tite_tute_Tati_tibi_tanta_tyranne_tulisti	e_causa_ignota	haec_olim_meminisse_iuvabit	585	110	Complete Response	sapiens_qui_prospicit
radiotherapy	CTDC-PARTICIPANT-814438	CTDC-RADIOTHERAPY-916256	nanos_gigantum_humeris_insidentes	haec_olim_meminisse_iuvabit	id_quod_plerumque_accidit	haec_olim_meminisse_iuvabit	O_Tite_tute_Tati_tibi_tanta_tyranne_tulisti	e_causa_ignota	447	452	Too Early	labor_ipse_voluptas
radiotherapy	CTDC-PARTICIPANT-814438	CTDC-RADIOTHERAPY-421288	scientiae_cedit_mare	imperium_in_imperio	nascentes_morimur_finisque_ab_origine_pendet	O_Tite_tute_Tati_tibi_tanta_tyranne_tulisti	Obedientia_civium_urbis_felicitas	imperium_in_imperio	567	463	Unknown	nascentes_morimur_finisque_ab_origine_pendet
radiotherapy	CTDC-PARTICIPANT-800186	CTDC-RADIOTHERAPY-983385	a_bene_placito	barba_crescit_caput_nescit	scientiae_et_patriae	Macte_animo_Generose_puer_sic_itur_ad_astra	Obedientia_civium_urbis_felicitas	scientiae_cedit_mare	436	300	Partial Response	Gallia_est_omnis_divisa_in_partes_tres
radiotherapy	CTDC-PARTICIPANT-800186	CTDC-RADIOTHERAPY-544943	Obedientia_civium_urbis_felicitas	Obedientia_civium_urbis_felicitas	haec_olim_meminisse_iuvabit	barba_crescit_caput_nescit	O_Tite_tute_Tati_tibi_tanta_tyranne_tulisti	Gallia_est_omnis_divisa_in_partes_tres	586	156	Unknown	sapiens_qui_prospicit
radiotherapy	CTDC-PARTICIPANT-766659	CTDC-RADIOTHERAPY-451383	salus_in_arduis	scientiae_et_patriae	imperium_in_imperio	salus_in_arduis	nascentes_morimur_finisque_ab_origine_pendet	labor_ipse_voluptas	451	948	Not Assessed	labor_ipse_voluptas
radiotherapy	CTDC-PARTICIPANT-766659	CTDC-RADIOTHERAPY-722987	O_Tite_tute_Tati_tibi_tanta_tyranne_tulisti	pace_tua	scientia_imperii_decus_et_tutamen	nanos_gigantum_humeris_insidentes	sapiens_qui_prospicit	Macte_animo_Generose_puer_sic_itur_ad_astra	308	677	Stable Disease	labor_ipse_voluptas
radiotherapy	CTDC-PARTICIPANT-460334	CTDC-RADIOTHERAPY-215758	scientia,_aere_perennius	saltus_in_demonstrando	haec_olim_meminisse_iuvabit	barba_crescit_caput_nescit	saltus_in_demonstrando	faber_est_suae_quisque_fortunae	288	890	Complete Response	e_causa_ignota
radiotherapy	CTDC-PARTICIPANT-460334	CTDC-RADIOTHERAPY-553108	Obedientia_civium_urbis_felicitas	a_bene_placito	a_bene_placito	damnant_quod_non_intellegunt	imperium_in_imperio	scientia_et_labor	689	271	Too Early	Obedientia_civium_urbis_felicitas
radiotherapy	CTDC-PARTICIPANT-772926	CTDC-RADIOTHERAPY-251416	scientiae_et_patriae	faber_est_suae_quisque_fortunae	haec_olim_meminisse_iuvabit	Gallia_est_omnis_divisa_in_partes_tres	scientiae_et_patriae	pace_tua	679	314	Less than partial response	Macte_animo_Generose_puer_sic_itur_ad_astra
radiotherapy	CTDC-PARTICIPANT-772926	CTDC-RADIOTHERAPY-600577	imperium_in_imperio	imperium_in_imperio	pace_tua	scientia_et_sapientia	saltus_in_demonstrando	O_Tite_tute_Tati_tibi_tanta_tyranne_tulisti	626	129	Too Early	imperium_in_imperio
radiotherapy	CTDC-PARTICIPANT-626978	CTDC-RADIOTHERAPY-904900	labor_ipse_voluptas	cacatum_non_est_pictum	O_Tite_tute_Tati_tibi_tanta_tyranne_tulisti	labor_ipse_voluptas	Obedientia_civium_urbis_felicitas	Obedientia_civium_urbis_felicitas	676	985	Stable Disease	scientia_et_labor
radiotherapy	CTDC-PARTICIPANT-626978	CTDC-RADIOTHERAPY-782346	saltus_in_demonstrando	scientia_et_labor	saltus_in_demonstrando	faber_est_suae_quisque_fortunae	a_bene_placito	scientia_imperii_decus_et_tutamen	337	34	Less than partial response	scientia_imperii_decus_et_tutamen
radiotherapy	CTDC-PARTICIPANT-399685	CTDC-RADIOTHERAPY-150387	Obedientia_civium_urbis_felicitas	scientia,_aere_perennius	cacatum_non_est_pictum	Macte_animo_Generose_puer_sic_itur_ad_astra	Gallia_est_omnis_divisa_in_partes_tres	Obedientia_civium_urbis_felicitas	221	675	Not Evaluable	nanos_gigantum_humeris_insidentes
radiotherapy	CTDC-PARTICIPANT-399685	CTDC-RADIOTHERAPY-684141	cacatum_non_est_pictum	Obedientia_civium_urbis_felicitas	pace_tua	sapiens_qui_prospicit	O_Tite_tute_Tati_tibi_tanta_tyranne_tulisti	damnant_quod_non_intellegunt	409	995	Not Assessed	imperium_in_imperio
radiotherapy	CTDC-PARTICIPANT-499669	CTDC-RADIOTHERAPY-558793	scientia,_aere_perennius	scientia_et_labor	damnant_quod_non_intellegunt	scientia_imperii_decus_et_tutamen	nanos_gigantum_humeris_insidentes	Macte_animo_Generose_puer_sic_itur_ad_astra	805	162	Unknown	id_quod_plerumque_accidit
radiotherapy	CTDC-PARTICIPANT-499669	CTDC-RADIOTHERAPY-943236	scientia_et_sapientia	scientiae_cedit_mare	labor_ipse_voluptas	scientia_et_labor	Macte_animo_Generose_puer_sic_itur_ad_astra	e_causa_ignota	336	309	Partial Response	a_bene_placito
radiotherapy	CTDC-PARTICIPANT-453258	CTDC-RADIOTHERAPY-329550	Macte_animo_Generose_puer_sic_itur_ad_astra	faber_est_suae_quisque_fortunae	scientia_imperii_decus_et_tutamen	scientiae_et_patriae	scientia,_aere_perennius	scientia_imperii_decus_et_tutamen	966	941	Progressive Disease	scientia_imperii_decus_et_tutamen
radiotherapy	CTDC-PARTICIPANT-453258	CTDC-RADIOTHERAPY-460522	faber_est_suae_quisque_fortunae	barba_crescit_caput_nescit	sapiens_qui_prospicit	nanos_gigantum_humeris_insidentes	scientiae_cedit_mare	scientia_et_sapientia	948	101	Less than partial response	nascentes_morimur_finisque_ab_origine_pendet
radiotherapy	CTDC-PARTICIPANT-530151	CTDC-RADIOTHERAPY-720702	nanos_gigantum_humeris_insidentes	Gallia_est_omnis_divisa_in_partes_tres	scientia_et_sapientia	a_bene_placito	Gallia_est_omnis_divisa_in_partes_tres	sapiens_qui_prospicit	483	232	Complete Response	Macte_animo_Generose_puer_sic_itur_ad_astra
radiotherapy	CTDC-PARTICIPANT-530151	CTDC-RADIOTHERAPY-383353	nascentes_morimur_finisque_ab_origine_pendet	O_Tite_tute_Tati_tibi_tanta_tyranne_tulisti	nascentes_morimur_finisque_ab_origine_pendet	scientia_et_labor	damnant_quod_non_intellegunt	a_bene_placito	151	418	Unknown	nascentes_morimur_finisque_ab_origine_pendet
radiotherapy	CTDC-PARTICIPANT-351359	CTDC-RADIOTHERAPY-101985	nascentes_morimur_finisque_ab_origine_pendet	nanos_gigantum_humeris_insidentes	cacatum_non_est_pictum	scientiae_et_patriae	haec_olim_meminisse_iuvabit	labor_ipse_voluptas	786	448	Not Evaluable	id_quod_plerumque_accidit
radiotherapy	CTDC-PARTICIPANT-351359	CTDC-RADIOTHERAPY-716443	saltus_in_demonstrando	O_Tite_tute_Tati_tibi_tanta_tyranne_tulisti	scientiae_et_patriae	damnant_quod_non_intellegunt	scientia_et_labor	e_causa_ignota	142	495	Less than partial response	Gallia_est_omnis_divisa_in_partes_tres
radiotherapy	CTDC-PARTICIPANT-828955	CTDC-RADIOTHERAPY-213903	nanos_gigantum_humeris_insidentes	Macte_animo_Generose_puer_sic_itur_ad_astra	Gallia_est_omnis_divisa_in_partes_tres	sapiens_qui_prospicit	Macte_animo_Generose_puer_sic_itur_ad_astra	scientiae_et_patriae	933	954	Complete Response	cacatum_non_est_pictum
radiotherapy	CTDC-PARTICIPANT-828955	CTDC-RADIOTHERAPY-610075	labor_ipse_voluptas	Gallia_est_omnis_divisa_in_partes_tres	id_quod_plerumque_accidit	scientia_imperii_decus_et_tutamen	scientiae_cedit_mare	e_causa_ignota	599	533	Complete Response	e_causa_ignota
radiotherapy	CTDC-PARTICIPANT-219801	CTDC-RADIOTHERAPY-768256	Obedientia_civium_urbis_felicitas	Gallia_est_omnis_divisa_in_partes_tres	pace_tua	salus_in_arduis	labor_ipse_voluptas	Gallia_est_omnis_divisa_in_partes_tres	773	839	Not Evaluable	saltus_in_demonstrando
radiotherapy	CTDC-PARTICIPANT-219801	CTDC-RADIOTHERAPY-368401	pace_tua	faber_est_suae_quisque_fortunae	scientia_et_labor	a_bene_placito	faber_est_suae_quisque_fortunae	labor_ipse_voluptas	436	532	Complete Response	Obedientia_civium_urbis_felicitas
radiotherapy	CTDC-PARTICIPANT-107207	CTDC-RADIOTHERAPY-243946	imperium_in_imperio	scientiae_cedit_mare	nanos_gigantum_humeris_insidentes	scientia_et_sapientia	damnant_quod_non_intellegunt	Obedientia_civium_urbis_felicitas	606	482	Not Evaluable	Gallia_est_omnis_divisa_in_partes_tres
radiotherapy	CTDC-PARTICIPANT-107207	CTDC-RADIOTHERAPY-970451	damnant_quod_non_intellegunt	cacatum_non_est_pictum	pace_tua	barba_crescit_caput_nescit	barba_crescit_caput_nescit	scientia_imperii_decus_et_tutamen	125	65	Progressive Disease	scientiae_cedit_mare
radiotherapy	CTDC-PARTICIPANT-687631	CTDC-RADIOTHERAPY-265003	damnant_quod_non_intellegunt	e_causa_ignota	faber_est_suae_quisque_fortunae	imperium_in_imperio	e_causa_ignota	Gallia_est_omnis_divisa_in_partes_tres	202	151	Stable Disease	a_bene_placito
radiotherapy	CTDC-PARTICIPANT-687631	CTDC-RADIOTHERAPY-126302	sapiens_qui_prospicit	imperium_in_imperio	salus_in_arduis	scientia,_aere_perennius	scientia_imperii_decus_et_tutamen	Macte_animo_Generose_puer_sic_itur_ad_astra	91	773	Not Evaluable	Gallia_est_omnis_divisa_in_partes_tres
radiotherapy	CTDC-PARTICIPANT-995306	CTDC-RADIOTHERAPY-569873	Gallia_est_omnis_divisa_in_partes_tres	scientia_et_sapientia	a_bene_placito	nascentes_morimur_finisque_ab_origine_pendet	saltus_in_demonstrando	haec_olim_meminisse_iuvabit	182	304	Unknown	imperium_in_imperio
radiotherapy	CTDC-PARTICIPANT-995306	CTDC-RADIOTHERAPY-222445	nanos_gigantum_humeris_insidentes	scientiae_cedit_mare	scientiae_et_patriae	cacatum_non_est_pictum	Obedientia_civium_urbis_felicitas	damnant_quod_non_intellegunt	335	993	Too Early	barba_crescit_caput_nescit
radiotherapy	CTDC-PARTICIPANT-683828	CTDC-RADIOTHERAPY-633056	saltus_in_demonstrando	barba_crescit_caput_nescit	nanos_gigantum_humeris_insidentes	a_bene_placito	id_quod_plerumque_accidit	e_causa_ignota	945	700	Progressive Disease	scientia,_aere_perennius
radiotherapy	CTDC-PARTICIPANT-683828	CTDC-RADIOTHERAPY-959664	O_Tite_tute_Tati_tibi_tanta_tyranne_tulisti	faber_est_suae_quisque_fortunae	pace_tua	nascentes_morimur_finisque_ab_origine_pendet	nanos_gigantum_humeris_insidentes	Macte_animo_Generose_puer_sic_itur_ad_astra	519	125	Too Early	salus_in_arduis
radiotherapy	CTDC-PARTICIPANT-142000	CTDC-RADIOTHERAPY-706977	O_Tite_tute_Tati_tibi_tanta_tyranne_tulisti	saltus_in_demonstrando	scientia_et_sapientia	id_quod_plerumque_accidit	a_bene_placito	Obedientia_civium_urbis_felicitas	261	951	Partial Response	e_causa_ignota
radiotherapy	CTDC-PARTICIPANT-142000	CTDC-RADIOTHERAPY-852417	scientia_et_labor	Gallia_est_omnis_divisa_in_partes_tres	imperium_in_imperio	Gallia_est_omnis_divisa_in_partes_tres	scientiae_et_patriae	sapiens_qui_prospicit	539	543	Complete Response	sapiens_qui_prospicit
radiotherapy	CTDC-PARTICIPANT-918389	CTDC-RADIOTHERAPY-745638	id_quod_plerumque_accidit	id_quod_plerumque_accidit	scientiae_cedit_mare	scientiae_cedit_mare	nascentes_morimur_finisque_ab_origine_pendet	id_quod_plerumque_accidit	281	250	Not Evaluable	scientiae_cedit_mare
radiotherapy	CTDC-PARTICIPANT-918389	CTDC-RADIOTHERAPY-902238	haec_olim_meminisse_iuvabit	a_bene_placito	imperium_in_imperio	faber_est_suae_quisque_fortunae	nascentes_morimur_finisque_ab_origine_pendet	Macte_animo_Generose_puer_sic_itur_ad_astra	17	828	Complete Response	scientia_et_sapientia
radiotherapy	CTDC-PARTICIPANT-164484	CTDC-RADIOTHERAPY-912373	Obedientia_civium_urbis_felicitas	imperium_in_imperio	e_causa_ignota	scientia_et_labor	sapiens_qui_prospicit	id_quod_plerumque_accidit	588	510	Complete Response	scientia_et_labor
radiotherapy	CTDC-PARTICIPANT-164484	CTDC-RADIOTHERAPY-656070	sapiens_qui_prospicit	scientiae_cedit_mare	id_quod_plerumque_accidit	damnant_quod_non_intellegunt	Obedientia_civium_urbis_felicitas	barba_crescit_caput_nescit	896	787	Not Assessed	scientia,_aere_perennius
radiotherapy	CTDC-PARTICIPANT-131806	CTDC-RADIOTHERAPY-418193	e_causa_ignota	O_Tite_tute_Tati_tibi_tanta_tyranne_tulisti	Gallia_est_omnis_divisa_in_partes_tres	scientia_imperii_decus_et_tutamen	Gallia_est_omnis_divisa_in_partes_tres	scientia,_aere_perennius	902	73	Too Early	Gallia_est_omnis_divisa_in_partes_tres
radiotherapy	CTDC-PARTICIPANT-131806	CTDC-RADIOTHERAPY-305961	id_quod_plerumque_accidit	saltus_in_demonstrando	Obedientia_civium_urbis_felicitas	salus_in_arduis	labor_ipse_voluptas	faber_est_suae_quisque_fortunae	534	95	Not Evaluable	saltus_in_demonstrando
radiotherapy	CTDC-PARTICIPANT-507363	CTDC-RADIOTHERAPY-545668	a_bene_placito	scientia_imperii_decus_et_tutamen	scientiae_et_patriae	labor_ipse_voluptas	barba_crescit_caput_nescit	scientiae_et_patriae	627	435	Partial Response	cacatum_non_est_pictum
radiotherapy	CTDC-PARTICIPANT-507363	CTDC-RADIOTHERAPY-846712	cacatum_non_est_pictum	scientiae_et_patriae	scientia_imperii_decus_et_tutamen	Obedientia_civium_urbis_felicitas	haec_olim_meminisse_iuvabit	damnant_quod_non_intellegunt	680	772	Too Early	scientia_imperii_decus_et_tutamen
radiotherapy	CTDC-PARTICIPANT-704044	CTDC-RADIOTHERAPY-496940	Gallia_est_omnis_divisa_in_partes_tres	a_bene_placito	imperium_in_imperio	pace_tua	pace_tua	barba_crescit_caput_nescit	202	211	Complete Response	Obedientia_civium_urbis_felicitas
radiotherapy	CTDC-PARTICIPANT-704044	CTDC-RADIOTHERAPY-454793	id_quod_plerumque_accidit	Obedientia_civium_urbis_felicitas	saltus_in_demonstrando	Macte_animo_Generose_puer_sic_itur_ad_astra	barba_crescit_caput_nescit	e_causa_ignota	924	783	Partial Response	nascentes_morimur_finisque_ab_origine_pendet
radiotherapy	CTDC-PARTICIPANT-646171	CTDC-RADIOTHERAPY-784220	saltus_in_demonstrando	scientiae_cedit_mare	labor_ipse_voluptas	scientiae_cedit_mare	O_Tite_tute_Tati_tibi_tanta_tyranne_tulisti	pace_tua	841	663	Progressive Disease	e_causa_ignota
radiotherapy	CTDC-PARTICIPANT-646171	CTDC-RADIOTHERAPY-357900	imperium_in_imperio	nascentes_morimur_finisque_ab_origine_pendet	id_quod_plerumque_accidit	scientiae_cedit_mare	id_quod_plerumque_accidit	sapiens_qui_prospicit	848	944	Less than partial response	scientiae_cedit_mare
radiotherapy	CTDC-PARTICIPANT-702783	CTDC-RADIOTHERAPY-570489	saltus_in_demonstrando	nanos_gigantum_humeris_insidentes	pace_tua	scientia_imperii_decus_et_tutamen	a_bene_placito	scientia_et_labor	348	236	Progressive Disease	damnant_quod_non_intellegunt
radiotherapy	CTDC-PARTICIPANT-702783	CTDC-RADIOTHERAPY-827473	barba_crescit_caput_nescit	barba_crescit_caput_nescit	nanos_gigantum_humeris_insidentes	damnant_quod_non_intellegunt	cacatum_non_est_pictum	nascentes_morimur_finisque_ab_origine_pendet	298	809	Not Evaluable	scientiae_cedit_mare
radiotherapy	CTDC-PARTICIPANT-895851	CTDC-RADIOTHERAPY-784793	Obedientia_civium_urbis_felicitas	nascentes_morimur_finisque_ab_origine_pendet	saltus_in_demonstrando	Macte_animo_Generose_puer_sic_itur_ad_astra	scientia_et_labor	haec_olim_meminisse_iuvabit	270	236	Progressive Disease	cacatum_non_est_pictum
radiotherapy	CTDC-PARTICIPANT-895851	CTDC-RADIOTHERAPY-647908	Obedientia_civium_urbis_felicitas	scientia_imperii_decus_et_tutamen	damnant_quod_non_intellegunt	scientiae_cedit_mare	damnant_quod_non_intellegunt	scientia,_aere_perennius	574	649	Not Evaluable	scientia_imperii_decus_et_tutamen
radiotherapy	CTDC-PARTICIPANT-351896	CTDC-RADIOTHERAPY-398572	scientia_et_sapientia	salus_in_arduis	nanos_gigantum_humeris_insidentes	haec_olim_meminisse_iuvabit	e_causa_ignota	imperium_in_imperio	515	534	Not Assessed	id_quod_plerumque_accidit
radiotherapy	CTDC-PARTICIPANT-351896	CTDC-RADIOTHERAPY-500250	scientia,_aere_perennius	scientia_et_sapientia	a_bene_placito	scientiae_et_patriae	e_causa_ignota	O_Tite_tute_Tati_tibi_tanta_tyranne_tulisti	689	237	Less than partial response	saltus_in_demonstrando
radiotherapy	CTDC-PARTICIPANT-510669	CTDC-RADIOTHERAPY-870996	Obedientia_civium_urbis_felicitas	cacatum_non_est_pictum	scientiae_cedit_mare	imperium_in_imperio	saltus_in_demonstrando	scientia_et_labor	253	44	Stable Disease	scientiae_et_patriae
radiotherapy	CTDC-PARTICIPANT-510669	CTDC-RADIOTHERAPY-855242	labor_ipse_voluptas	O_Tite_tute_Tati_tibi_tanta_tyranne_tulisti	scientiae_et_patriae	id_quod_plerumque_accidit	O_Tite_tute_Tati_tibi_tanta_tyranne_tulisti	damnant_quod_non_intellegunt	870	413	Partial Response	scientia_et_labor
radiotherapy	CTDC-PARTICIPANT-293573	CTDC-RADIOTHERAPY-977063	scientiae_cedit_mare	scientiae_cedit_mare	Macte_animo_Generose_puer_sic_itur_ad_astra	scientia_et_labor	e_causa_ignota	scientia,_aere_perennius	446	836	Less than partial response	damnant_quod_non_intellegunt
radiotherapy	CTDC-PARTICIPANT-293573	CTDC-RADIOTHERAPY-827017	Gallia_est_omnis_divisa_in_partes_tres	salus_in_arduis	Macte_animo_Generose_puer_sic_itur_ad_astra	a_bene_placito	labor_ipse_voluptas	damnant_quod_non_intellegunt	569	466	Partial Response	saltus_in_demonstrando
radiotherapy	CTDC-PARTICIPANT-385400	CTDC-RADIOTHERAPY-969674	id_quod_plerumque_accidit	barba_crescit_caput_nescit	scientia,_aere_perennius	O_Tite_tute_Tati_tibi_tanta_tyranne_tulisti	damnant_quod_non_intellegunt	scientiae_cedit_mare	233	313	Progressive Disease	scientiae_cedit_mare
radiotherapy	CTDC-PARTICIPANT-385400	CTDC-RADIOTHERAPY-709397	faber_est_suae_quisque_fortunae	Macte_animo_Generose_puer_sic_itur_ad_astra	damnant_quod_non_intellegunt	imperium_in_imperio	id_quod_plerumque_accidit	nascentes_morimur_finisque_ab_origine_pendet	194	826	Stable Disease	imperium_in_imperio
radiotherapy	CTDC-PARTICIPANT-838872	CTDC-RADIOTHERAPY-492256	barba_crescit_caput_nescit	faber_est_suae_quisque_fortunae	Obedientia_civium_urbis_felicitas	labor_ipse_voluptas	a_bene_placito	O_Tite_tute_Tati_tibi_tanta_tyranne_tulisti	430	766	Stable Disease	Obedientia_civium_urbis_felicitas
radiotherapy	CTDC-PARTICIPANT-838872	CTDC-RADIOTHERAPY-504086	scientia_imperii_decus_et_tutamen	scientia,_aere_perennius	O_Tite_tute_Tati_tibi_tanta_tyranne_tulisti	a_bene_placito	scientiae_et_patriae	sapiens_qui_prospicit	745	833	Unknown	a_bene_placito
