type	participant.participant_id	radiological_procedure_record_id	radiological_procedure	radiological_procedure_anatomical_location	radiation_dose	radiation_dose_units	radiation_frequency	radiation_extent	radiotherapy_start_date	radiotherapy_end_date	best_response_to_radiotherapy	crdc_id
radiotherapy	CTDC-PARTICIPANT-940697	CTDC-RADIOTHERAPY-357489	nascentes_morimur_finisque_ab_origine_pendet	Gallia_est_omnis_divisa_in_partes_tres	sapiens_qui_prospicit	haec_olim_meminisse_iuvabit	nanos_gigantum_humeris_insidentes	scientia_et_labor	205	399	Not Evaluable	scientia_et_labor
radiotherapy	CTDC-PARTICIPANT-940697	CTDC-RADIOTHERAPY-148380	scientia_et_sapientia	id_quod_plerumque_accidit	scientia_imperii_decus_et_tutamen	pace_tua	id_quod_plerumque_accidit	damnant_quod_non_intellegunt	269	938	Progressive Disease	faber_est_suae_quisque_fortunae
radiotherapy	CTDC-PARTICIPANT-295588	CTDC-RADIOTHERAPY-530765	saltus_in_demonstrando	scientiae_cedit_mare	sapiens_qui_prospicit	id_quod_plerumque_accidit	scientiae_et_patriae	imperium_in_imperio	468	856	Not Assessed	haec_olim_meminisse_iuvabit
radiotherapy	CTDC-PARTICIPANT-295588	CTDC-RADIOTHERAPY-104114	Macte_animo_Generose_puer_sic_itur_ad_astra	imperium_in_imperio	sapiens_qui_prospicit	scientia_imperii_decus_et_tutamen	id_quod_plerumque_accidit	scientia,_aere_perennius	911	703	Progressive Disease	faber_est_suae_quisque_fortunae
radiotherapy	CTDC-PARTICIPANT-950265	CTDC-RADIOTHERAPY-802163	barba_crescit_caput_nescit	nascentes_morimur_finisque_ab_origine_pendet	id_quod_plerumque_accidit	id_quod_plerumque_accidit	pace_tua	scientia,_aere_perennius	465	978	Less than partial response	scientia_imperii_decus_et_tutamen
radiotherapy	CTDC-PARTICIPANT-950265	CTDC-RADIOTHERAPY-276878	imperium_in_imperio	sapiens_qui_prospicit	imperium_in_imperio	O_Tite_tute_Tati_tibi_tanta_tyranne_tulisti	a_bene_placito	O_Tite_tute_Tati_tibi_tanta_tyranne_tulisti	459	284	Less than partial response	Macte_animo_Generose_puer_sic_itur_ad_astra
radiotherapy	CTDC-PARTICIPANT-831328	CTDC-RADIOTHERAPY-715619	scientiae_cedit_mare	sapiens_qui_prospicit	pace_tua	e_causa_ignota	a_bene_placito	nanos_gigantum_humeris_insidentes	133	402	Too Early	scientiae_et_patriae
radiotherapy	CTDC-PARTICIPANT-831328	CTDC-RADIOTHERAPY-371900	barba_crescit_caput_nescit	scientia_et_labor	Gallia_est_omnis_divisa_in_partes_tres	scientia_et_sapientia	scientia_et_sapientia	scientia_et_sapientia	867	403	Complete Response	e_causa_ignota
radiotherapy	CTDC-PARTICIPANT-719227	CTDC-RADIOTHERAPY-110284	Obedientia_civium_urbis_felicitas	Obedientia_civium_urbis_felicitas	Gallia_est_omnis_divisa_in_partes_tres	labor_ipse_voluptas	faber_est_suae_quisque_fortunae	sapiens_qui_prospicit	487	569	Stable Disease	O_Tite_tute_Tati_tibi_tanta_tyranne_tulisti
radiotherapy	CTDC-PARTICIPANT-719227	CTDC-RADIOTHERAPY-506824	saltus_in_demonstrando	haec_olim_meminisse_iuvabit	labor_ipse_voluptas	Obedientia_civium_urbis_felicitas	O_Tite_tute_Tati_tibi_tanta_tyranne_tulisti	id_quod_plerumque_accidit	329	933	Progressive Disease	nanos_gigantum_humeris_insidentes
radiotherapy	CTDC-PARTICIPANT-528022	CTDC-RADIOTHERAPY-813300	nanos_gigantum_humeris_insidentes	Gallia_est_omnis_divisa_in_partes_tres	id_quod_plerumque_accidit	scientia_et_sapientia	scientia_imperii_decus_et_tutamen	nanos_gigantum_humeris_insidentes	850	268	Not Assessed	O_Tite_tute_Tati_tibi_tanta_tyranne_tulisti
radiotherapy	CTDC-PARTICIPANT-528022	CTDC-RADIOTHERAPY-969428	a_bene_placito	e_causa_ignota	Gallia_est_omnis_divisa_in_partes_tres	Gallia_est_omnis_divisa_in_partes_tres	id_quod_plerumque_accidit	a_bene_placito	798	343	Stable Disease	pace_tua
radiotherapy	CTDC-PARTICIPANT-100099	CTDC-RADIOTHERAPY-162666	pace_tua	labor_ipse_voluptas	scientia,_aere_perennius	haec_olim_meminisse_iuvabit	nanos_gigantum_humeris_insidentes	scientiae_cedit_mare	969	491	Partial Response	damnant_quod_non_intellegunt
radiotherapy	CTDC-PARTICIPANT-100099	CTDC-RADIOTHERAPY-937454	cacatum_non_est_pictum	salus_in_arduis	sapiens_qui_prospicit	pace_tua	scientia_et_labor	a_bene_placito	601	610	Too Early	labor_ipse_voluptas
radiotherapy	CTDC-PARTICIPANT-855147	CTDC-RADIOTHERAPY-171556	damnant_quod_non_intellegunt	e_causa_ignota	scientia_imperii_decus_et_tutamen	cacatum_non_est_pictum	pace_tua	labor_ipse_voluptas	248	482	Less than partial response	labor_ipse_voluptas
radiotherapy	CTDC-PARTICIPANT-855147	CTDC-RADIOTHERAPY-422453	nascentes_morimur_finisque_ab_origine_pendet	O_Tite_tute_Tati_tibi_tanta_tyranne_tulisti	scientia_imperii_decus_et_tutamen	pace_tua	a_bene_placito	saltus_in_demonstrando	852	367	Less than partial response	scientia_imperii_decus_et_tutamen
radiotherapy	CTDC-PARTICIPANT-628469	CTDC-RADIOTHERAPY-695901	haec_olim_meminisse_iuvabit	Macte_animo_Generose_puer_sic_itur_ad_astra	scientia_et_sapientia	scientia_et_sapientia	scientia,_aere_perennius	pace_tua	706	584	Progressive Disease	scientia_et_sapientia
radiotherapy	CTDC-PARTICIPANT-628469	CTDC-RADIOTHERAPY-187163	barba_crescit_caput_nescit	scientia_et_sapientia	a_bene_placito	salus_in_arduis	scientia_et_sapientia	nanos_gigantum_humeris_insidentes	337	548	Too Early	damnant_quod_non_intellegunt
radiotherapy	CTDC-PARTICIPANT-635909	CTDC-RADIOTHERAPY-694321	pace_tua	Gallia_est_omnis_divisa_in_partes_tres	cacatum_non_est_pictum	labor_ipse_voluptas	salus_in_arduis	barba_crescit_caput_nescit	154	848	Unknown	scientiae_et_patriae
radiotherapy	CTDC-PARTICIPANT-635909	CTDC-RADIOTHERAPY-389725	scientia_et_labor	salus_in_arduis	a_bene_placito	cacatum_non_est_pictum	cacatum_non_est_pictum	scientiae_et_patriae	541	718	Not Evaluable	sapiens_qui_prospicit
radiotherapy	CTDC-PARTICIPANT-735210	CTDC-RADIOTHERAPY-372568	imperium_in_imperio	scientia_imperii_decus_et_tutamen	sapiens_qui_prospicit	barba_crescit_caput_nescit	damnant_quod_non_intellegunt	id_quod_plerumque_accidit	476	887	Progressive Disease	scientia_et_sapientia
radiotherapy	CTDC-PARTICIPANT-735210	CTDC-RADIOTHERAPY-262384	haec_olim_meminisse_iuvabit	scientia_et_labor	e_causa_ignota	scientia_et_sapientia	pace_tua	nascentes_morimur_finisque_ab_origine_pendet	702	161	Not Evaluable	Macte_animo_Generose_puer_sic_itur_ad_astra
radiotherapy	CTDC-PARTICIPANT-716246	CTDC-RADIOTHERAPY-603163	scientiae_cedit_mare	Gallia_est_omnis_divisa_in_partes_tres	pace_tua	scientia_imperii_decus_et_tutamen	sapiens_qui_prospicit	labor_ipse_voluptas	675	865	Partial Response	pace_tua
radiotherapy	CTDC-PARTICIPANT-716246	CTDC-RADIOTHERAPY-366720	sapiens_qui_prospicit	Gallia_est_omnis_divisa_in_partes_tres	saltus_in_demonstrando	scientia,_aere_perennius	imperium_in_imperio	scientia_et_labor	98	580	Progressive Disease	salus_in_arduis
radiotherapy	CTDC-PARTICIPANT-702973	CTDC-RADIOTHERAPY-197486	imperium_in_imperio	Gallia_est_omnis_divisa_in_partes_tres	nanos_gigantum_humeris_insidentes	Macte_animo_Generose_puer_sic_itur_ad_astra	barba_crescit_caput_nescit	id_quod_plerumque_accidit	632	539	Progressive Disease	saltus_in_demonstrando
radiotherapy	CTDC-PARTICIPANT-702973	CTDC-RADIOTHERAPY-583478	cacatum_non_est_pictum	O_Tite_tute_Tati_tibi_tanta_tyranne_tulisti	a_bene_placito	scientiae_et_patriae	faber_est_suae_quisque_fortunae	nascentes_morimur_finisque_ab_origine_pendet	42	999	Not Evaluable	sapiens_qui_prospicit
radiotherapy	CTDC-PARTICIPANT-808487	CTDC-RADIOTHERAPY-729926	barba_crescit_caput_nescit	scientia_et_labor	Obedientia_civium_urbis_felicitas	a_bene_placito	scientia_imperii_decus_et_tutamen	scientiae_cedit_mare	59	365	Progressive Disease	scientia_et_labor
radiotherapy	CTDC-PARTICIPANT-808487	CTDC-RADIOTHERAPY-694824	salus_in_arduis	Gallia_est_omnis_divisa_in_partes_tres	scientia_imperii_decus_et_tutamen	scientia_et_labor	nanos_gigantum_humeris_insidentes	scientia_imperii_decus_et_tutamen	615	869	Complete Response	faber_est_suae_quisque_fortunae
radiotherapy	CTDC-PARTICIPANT-131113	CTDC-RADIOTHERAPY-915448	Obedientia_civium_urbis_felicitas	scientiae_cedit_mare	damnant_quod_non_intellegunt	scientia_et_labor	scientia_imperii_decus_et_tutamen	faber_est_suae_quisque_fortunae	554	832	Not Evaluable	a_bene_placito
radiotherapy	CTDC-PARTICIPANT-131113	CTDC-RADIOTHERAPY-851995	sapiens_qui_prospicit	cacatum_non_est_pictum	Macte_animo_Generose_puer_sic_itur_ad_astra	scientiae_cedit_mare	O_Tite_tute_Tati_tibi_tanta_tyranne_tulisti	id_quod_plerumque_accidit	766	763	Less than partial response	haec_olim_meminisse_iuvabit
radiotherapy	CTDC-PARTICIPANT-186856	CTDC-RADIOTHERAPY-218970	scientia_imperii_decus_et_tutamen	scientia_et_labor	salus_in_arduis	scientia_et_sapientia	faber_est_suae_quisque_fortunae	a_bene_placito	811	633	Partial Response	Gallia_est_omnis_divisa_in_partes_tres
radiotherapy	CTDC-PARTICIPANT-186856	CTDC-RADIOTHERAPY-366083	scientiae_et_patriae	Macte_animo_Generose_puer_sic_itur_ad_astra	scientia_imperii_decus_et_tutamen	haec_olim_meminisse_iuvabit	O_Tite_tute_Tati_tibi_tanta_tyranne_tulisti	faber_est_suae_quisque_fortunae	320	819	Unknown	barba_crescit_caput_nescit
radiotherapy	CTDC-PARTICIPANT-178070	CTDC-RADIOTHERAPY-583436	scientiae_et_patriae	cacatum_non_est_pictum	imperium_in_imperio	O_Tite_tute_Tati_tibi_tanta_tyranne_tulisti	haec_olim_meminisse_iuvabit	barba_crescit_caput_nescit	42	614	Less than partial response	a_bene_placito
radiotherapy	CTDC-PARTICIPANT-178070	CTDC-RADIOTHERAPY-112482	Gallia_est_omnis_divisa_in_partes_tres	Gallia_est_omnis_divisa_in_partes_tres	Gallia_est_omnis_divisa_in_partes_tres	scientia,_aere_perennius	scientiae_et_patriae	id_quod_plerumque_accidit	100	53	Partial Response	labor_ipse_voluptas
radiotherapy	CTDC-PARTICIPANT-632761	CTDC-RADIOTHERAPY-534764	scientia_et_sapientia	faber_est_suae_quisque_fortunae	nanos_gigantum_humeris_insidentes	scientia,_aere_perennius	saltus_in_demonstrando	scientia_imperii_decus_et_tutamen	79	637	Not Assessed	pace_tua
radiotherapy	CTDC-PARTICIPANT-632761	CTDC-RADIOTHERAPY-468311	cacatum_non_est_pictum	imperium_in_imperio	labor_ipse_voluptas	faber_est_suae_quisque_fortunae	nascentes_morimur_finisque_ab_origine_pendet	faber_est_suae_quisque_fortunae	880	112	Partial Response	scientia_imperii_decus_et_tutamen
radiotherapy	CTDC-PARTICIPANT-148295	CTDC-RADIOTHERAPY-668414	a_bene_placito	nascentes_morimur_finisque_ab_origine_pendet	damnant_quod_non_intellegunt	Macte_animo_Generose_puer_sic_itur_ad_astra	Macte_animo_Generose_puer_sic_itur_ad_astra	sapiens_qui_prospicit	470	823	Unknown	pace_tua
radiotherapy	CTDC-PARTICIPANT-148295	CTDC-RADIOTHERAPY-877321	scientia_et_labor	salus_in_arduis	id_quod_plerumque_accidit	damnant_quod_non_intellegunt	pace_tua	barba_crescit_caput_nescit	996	815	Partial Response	scientia_et_labor
radiotherapy	CTDC-PARTICIPANT-210035	CTDC-RADIOTHERAPY-849401	cacatum_non_est_pictum	scientia_et_labor	O_Tite_tute_Tati_tibi_tanta_tyranne_tulisti	cacatum_non_est_pictum	labor_ipse_voluptas	nascentes_morimur_finisque_ab_origine_pendet	778	229	Complete Response	a_bene_placito
radiotherapy	CTDC-PARTICIPANT-210035	CTDC-RADIOTHERAPY-309533	salus_in_arduis	nascentes_morimur_finisque_ab_origine_pendet	barba_crescit_caput_nescit	nanos_gigantum_humeris_insidentes	scientia,_aere_perennius	e_causa_ignota	380	958	Complete Response	sapiens_qui_prospicit
radiotherapy	CTDC-PARTICIPANT-314035	CTDC-RADIOTHERAPY-307418	nanos_gigantum_humeris_insidentes	scientia_imperii_decus_et_tutamen	haec_olim_meminisse_iuvabit	scientiae_cedit_mare	damnant_quod_non_intellegunt	labor_ipse_voluptas	593	844	Too Early	sapiens_qui_prospicit
radiotherapy	CTDC-PARTICIPANT-314035	CTDC-RADIOTHERAPY-800625	imperium_in_imperio	nascentes_morimur_finisque_ab_origine_pendet	pace_tua	sapiens_qui_prospicit	saltus_in_demonstrando	O_Tite_tute_Tati_tibi_tanta_tyranne_tulisti	105	989	Unknown	nanos_gigantum_humeris_insidentes
radiotherapy	CTDC-PARTICIPANT-959772	CTDC-RADIOTHERAPY-198027	haec_olim_meminisse_iuvabit	id_quod_plerumque_accidit	id_quod_plerumque_accidit	scientia_et_labor	e_causa_ignota	scientiae_et_patriae	260	728	Unknown	scientiae_cedit_mare
radiotherapy	CTDC-PARTICIPANT-959772	CTDC-RADIOTHERAPY-248114	scientia,_aere_perennius	O_Tite_tute_Tati_tibi_tanta_tyranne_tulisti	Macte_animo_Generose_puer_sic_itur_ad_astra	scientia_et_labor	id_quod_plerumque_accidit	nascentes_morimur_finisque_ab_origine_pendet	94	381	Stable Disease	e_causa_ignota
radiotherapy	CTDC-PARTICIPANT-531425	CTDC-RADIOTHERAPY-530727	cacatum_non_est_pictum	id_quod_plerumque_accidit	labor_ipse_voluptas	scientia_imperii_decus_et_tutamen	Macte_animo_Generose_puer_sic_itur_ad_astra	sapiens_qui_prospicit	579	566	Complete Response	scientia_imperii_decus_et_tutamen
radiotherapy	CTDC-PARTICIPANT-531425	CTDC-RADIOTHERAPY-412486	barba_crescit_caput_nescit	nascentes_morimur_finisque_ab_origine_pendet	nascentes_morimur_finisque_ab_origine_pendet	faber_est_suae_quisque_fortunae	scientia_et_labor	O_Tite_tute_Tati_tibi_tanta_tyranne_tulisti	569	401	Not Evaluable	scientiae_cedit_mare
radiotherapy	CTDC-PARTICIPANT-801713	CTDC-RADIOTHERAPY-528689	id_quod_plerumque_accidit	Obedientia_civium_urbis_felicitas	sapiens_qui_prospicit	nascentes_morimur_finisque_ab_origine_pendet	id_quod_plerumque_accidit	nascentes_morimur_finisque_ab_origine_pendet	360	518	Unknown	damnant_quod_non_intellegunt
radiotherapy	CTDC-PARTICIPANT-801713	CTDC-RADIOTHERAPY-755261	saltus_in_demonstrando	scientiae_et_patriae	scientiae_cedit_mare	labor_ipse_voluptas	labor_ipse_voluptas	scientia_et_labor	770	115	Not Assessed	id_quod_plerumque_accidit
radiotherapy	CTDC-PARTICIPANT-515074	CTDC-RADIOTHERAPY-650215	Obedientia_civium_urbis_felicitas	Obedientia_civium_urbis_felicitas	scientia_et_sapientia	scientia_et_labor	faber_est_suae_quisque_fortunae	saltus_in_demonstrando	604	251	Too Early	haec_olim_meminisse_iuvabit
radiotherapy	CTDC-PARTICIPANT-515074	CTDC-RADIOTHERAPY-937010	e_causa_ignota	Gallia_est_omnis_divisa_in_partes_tres	imperium_in_imperio	pace_tua	Macte_animo_Generose_puer_sic_itur_ad_astra	Macte_animo_Generose_puer_sic_itur_ad_astra	671	950	Not Assessed	O_Tite_tute_Tati_tibi_tanta_tyranne_tulisti
radiotherapy	CTDC-PARTICIPANT-720549	CTDC-RADIOTHERAPY-124920	labor_ipse_voluptas	barba_crescit_caput_nescit	saltus_in_demonstrando	imperium_in_imperio	scientia_imperii_decus_et_tutamen	faber_est_suae_quisque_fortunae	387	171	Less than partial response	scientiae_cedit_mare
radiotherapy	CTDC-PARTICIPANT-720549	CTDC-RADIOTHERAPY-403934	imperium_in_imperio	sapiens_qui_prospicit	Obedientia_civium_urbis_felicitas	scientiae_cedit_mare	barba_crescit_caput_nescit	scientiae_cedit_mare	496	86	Too Early	scientia,_aere_perennius
radiotherapy	CTDC-PARTICIPANT-293581	CTDC-RADIOTHERAPY-283136	Macte_animo_Generose_puer_sic_itur_ad_astra	faber_est_suae_quisque_fortunae	salus_in_arduis	Gallia_est_omnis_divisa_in_partes_tres	scientiae_cedit_mare	id_quod_plerumque_accidit	263	897	Not Assessed	a_bene_placito
radiotherapy	CTDC-PARTICIPANT-293581	CTDC-RADIOTHERAPY-661131	faber_est_suae_quisque_fortunae	sapiens_qui_prospicit	Obedientia_civium_urbis_felicitas	scientia_et_labor	barba_crescit_caput_nescit	scientia_imperii_decus_et_tutamen	907	143	Less than partial response	salus_in_arduis
radiotherapy	CTDC-PARTICIPANT-746931	CTDC-RADIOTHERAPY-290725	haec_olim_meminisse_iuvabit	sapiens_qui_prospicit	pace_tua	id_quod_plerumque_accidit	barba_crescit_caput_nescit	salus_in_arduis	752	174	Partial Response	O_Tite_tute_Tati_tibi_tanta_tyranne_tulisti
radiotherapy	CTDC-PARTICIPANT-746931	CTDC-RADIOTHERAPY-975058	imperium_in_imperio	salus_in_arduis	scientia_et_sapientia	e_causa_ignota	scientia_et_labor	haec_olim_meminisse_iuvabit	996	642	Not Assessed	imperium_in_imperio
radiotherapy	CTDC-PARTICIPANT-920877	CTDC-RADIOTHERAPY-649990	scientia_et_sapientia	e_causa_ignota	Macte_animo_Generose_puer_sic_itur_ad_astra	Obedientia_civium_urbis_felicitas	scientiae_cedit_mare	scientia_imperii_decus_et_tutamen	648	950	Partial Response	imperium_in_imperio
radiotherapy	CTDC-PARTICIPANT-920877	CTDC-RADIOTHERAPY-451477	damnant_quod_non_intellegunt	Obedientia_civium_urbis_felicitas	imperium_in_imperio	id_quod_plerumque_accidit	scientia_imperii_decus_et_tutamen	labor_ipse_voluptas	427	143	Not Evaluable	scientia_imperii_decus_et_tutamen
radiotherapy	CTDC-PARTICIPANT-775344	CTDC-RADIOTHERAPY-456114	scientiae_cedit_mare	imperium_in_imperio	salus_in_arduis	faber_est_suae_quisque_fortunae	a_bene_placito	O_Tite_tute_Tati_tibi_tanta_tyranne_tulisti	737	40	Not Evaluable	sapiens_qui_prospicit
radiotherapy	CTDC-PARTICIPANT-775344	CTDC-RADIOTHERAPY-507544	faber_est_suae_quisque_fortunae	imperium_in_imperio	id_quod_plerumque_accidit	O_Tite_tute_Tati_tibi_tanta_tyranne_tulisti	scientiae_et_patriae	Macte_animo_Generose_puer_sic_itur_ad_astra	871	99	Not Assessed	damnant_quod_non_intellegunt
radiotherapy	CTDC-PARTICIPANT-192505	CTDC-RADIOTHERAPY-120797	scientia_et_sapientia	e_causa_ignota	nanos_gigantum_humeris_insidentes	scientia_et_labor	scientia_et_sapientia	sapiens_qui_prospicit	204	489	Partial Response	salus_in_arduis
radiotherapy	CTDC-PARTICIPANT-192505	CTDC-RADIOTHERAPY-759428	e_causa_ignota	a_bene_placito	damnant_quod_non_intellegunt	imperium_in_imperio	salus_in_arduis	scientia,_aere_perennius	653	805	Stable Disease	a_bene_placito
radiotherapy	CTDC-PARTICIPANT-908756	CTDC-RADIOTHERAPY-527272	cacatum_non_est_pictum	scientiae_et_patriae	pace_tua	damnant_quod_non_intellegunt	barba_crescit_caput_nescit	Obedientia_civium_urbis_felicitas	730	36	Too Early	e_causa_ignota
radiotherapy	CTDC-PARTICIPANT-908756	CTDC-RADIOTHERAPY-652775	salus_in_arduis	sapiens_qui_prospicit	Gallia_est_omnis_divisa_in_partes_tres	scientia_et_labor	a_bene_placito	imperium_in_imperio	708	186	Less than partial response	cacatum_non_est_pictum
radiotherapy	CTDC-PARTICIPANT-464092	CTDC-RADIOTHERAPY-277824	saltus_in_demonstrando	saltus_in_demonstrando	scientia_et_labor	scientia_et_sapientia	salus_in_arduis	damnant_quod_non_intellegunt	49	945	Progressive Disease	scientia_imperii_decus_et_tutamen
radiotherapy	CTDC-PARTICIPANT-464092	CTDC-RADIOTHERAPY-788325	damnant_quod_non_intellegunt	cacatum_non_est_pictum	Obedientia_civium_urbis_felicitas	nanos_gigantum_humeris_insidentes	scientia,_aere_perennius	scientia,_aere_perennius	182	771	Progressive Disease	imperium_in_imperio
radiotherapy	CTDC-PARTICIPANT-811159	CTDC-RADIOTHERAPY-491547	imperium_in_imperio	cacatum_non_est_pictum	O_Tite_tute_Tati_tibi_tanta_tyranne_tulisti	sapiens_qui_prospicit	O_Tite_tute_Tati_tibi_tanta_tyranne_tulisti	damnant_quod_non_intellegunt	855	929	Unknown	sapiens_qui_prospicit
radiotherapy	CTDC-PARTICIPANT-811159	CTDC-RADIOTHERAPY-511668	haec_olim_meminisse_iuvabit	haec_olim_meminisse_iuvabit	Obedientia_civium_urbis_felicitas	faber_est_suae_quisque_fortunae	scientia_et_sapientia	a_bene_placito	828	790	Complete Response	scientia_imperii_decus_et_tutamen
radiotherapy	CTDC-PARTICIPANT-398389	CTDC-RADIOTHERAPY-623967	salus_in_arduis	O_Tite_tute_Tati_tibi_tanta_tyranne_tulisti	saltus_in_demonstrando	barba_crescit_caput_nescit	nanos_gigantum_humeris_insidentes	salus_in_arduis	955	159	Not Evaluable	sapiens_qui_prospicit
radiotherapy	CTDC-PARTICIPANT-398389	CTDC-RADIOTHERAPY-918302	barba_crescit_caput_nescit	sapiens_qui_prospicit	scientia,_aere_perennius	Obedientia_civium_urbis_felicitas	imperium_in_imperio	faber_est_suae_quisque_fortunae	413	998	Complete Response	damnant_quod_non_intellegunt
radiotherapy	CTDC-PARTICIPANT-848512	CTDC-RADIOTHERAPY-412348	scientiae_et_patriae	damnant_quod_non_intellegunt	scientia,_aere_perennius	salus_in_arduis	nascentes_morimur_finisque_ab_origine_pendet	scientia_et_labor	181	195	Stable Disease	Obedientia_civium_urbis_felicitas
radiotherapy	CTDC-PARTICIPANT-848512	CTDC-RADIOTHERAPY-731540	cacatum_non_est_pictum	Gallia_est_omnis_divisa_in_partes_tres	damnant_quod_non_intellegunt	e_causa_ignota	scientia_et_labor	O_Tite_tute_Tati_tibi_tanta_tyranne_tulisti	745	164	Partial Response	salus_in_arduis
radiotherapy	CTDC-PARTICIPANT-599371	CTDC-RADIOTHERAPY-722244	Macte_animo_Generose_puer_sic_itur_ad_astra	labor_ipse_voluptas	salus_in_arduis	nanos_gigantum_humeris_insidentes	Obedientia_civium_urbis_felicitas	imperium_in_imperio	459	950	Stable Disease	scientia_imperii_decus_et_tutamen
radiotherapy	CTDC-PARTICIPANT-599371	CTDC-RADIOTHERAPY-189201	scientia_imperii_decus_et_tutamen	sapiens_qui_prospicit	id_quod_plerumque_accidit	Macte_animo_Generose_puer_sic_itur_ad_astra	O_Tite_tute_Tati_tibi_tanta_tyranne_tulisti	scientia_et_sapientia	875	51	Stable Disease	salus_in_arduis
radiotherapy	CTDC-PARTICIPANT-855609	CTDC-RADIOTHERAPY-235670	sapiens_qui_prospicit	Obedientia_civium_urbis_felicitas	nascentes_morimur_finisque_ab_origine_pendet	imperium_in_imperio	scientiae_et_patriae	saltus_in_demonstrando	911	898	Complete Response	O_Tite_tute_Tati_tibi_tanta_tyranne_tulisti
radiotherapy	CTDC-PARTICIPANT-855609	CTDC-RADIOTHERAPY-499360	nanos_gigantum_humeris_insidentes	scientia_et_labor	id_quod_plerumque_accidit	id_quod_plerumque_accidit	labor_ipse_voluptas	scientia_et_labor	634	421	Less than partial response	labor_ipse_voluptas
radiotherapy	CTDC-PARTICIPANT-879618	CTDC-RADIOTHERAPY-947781	scientiae_cedit_mare	scientia_et_labor	Gallia_est_omnis_divisa_in_partes_tres	imperium_in_imperio	scientiae_cedit_mare	scientia,_aere_perennius	385	914	Unknown	Gallia_est_omnis_divisa_in_partes_tres
radiotherapy	CTDC-PARTICIPANT-879618	CTDC-RADIOTHERAPY-245648	scientia_et_labor	e_causa_ignota	Gallia_est_omnis_divisa_in_partes_tres	labor_ipse_voluptas	scientia,_aere_perennius	scientia_et_sapientia	589	95	Not Evaluable	scientiae_cedit_mare
radiotherapy	CTDC-PARTICIPANT-683664	CTDC-RADIOTHERAPY-809957	scientiae_et_patriae	cacatum_non_est_pictum	Macte_animo_Generose_puer_sic_itur_ad_astra	O_Tite_tute_Tati_tibi_tanta_tyranne_tulisti	labor_ipse_voluptas	scientia,_aere_perennius	304	963	Unknown	scientia,_aere_perennius
radiotherapy	CTDC-PARTICIPANT-683664	CTDC-RADIOTHERAPY-223723	barba_crescit_caput_nescit	Gallia_est_omnis_divisa_in_partes_tres	scientia,_aere_perennius	scientia_imperii_decus_et_tutamen	haec_olim_meminisse_iuvabit	scientia_imperii_decus_et_tutamen	919	687	Not Evaluable	Gallia_est_omnis_divisa_in_partes_tres
radiotherapy	CTDC-PARTICIPANT-772356	CTDC-RADIOTHERAPY-902139	barba_crescit_caput_nescit	pace_tua	barba_crescit_caput_nescit	faber_est_suae_quisque_fortunae	faber_est_suae_quisque_fortunae	barba_crescit_caput_nescit	594	465	Complete Response	imperium_in_imperio
radiotherapy	CTDC-PARTICIPANT-772356	CTDC-RADIOTHERAPY-122216	Obedientia_civium_urbis_felicitas	pace_tua	Obedientia_civium_urbis_felicitas	scientia_et_labor	sapiens_qui_prospicit	sapiens_qui_prospicit	990	154	Stable Disease	scientia_et_labor
radiotherapy	CTDC-PARTICIPANT-641762	CTDC-RADIOTHERAPY-557976	e_causa_ignota	labor_ipse_voluptas	scientia_et_labor	scientia_imperii_decus_et_tutamen	scientia_et_sapientia	imperium_in_imperio	923	478	Stable Disease	nanos_gigantum_humeris_insidentes
radiotherapy	CTDC-PARTICIPANT-641762	CTDC-RADIOTHERAPY-183889	scientiae_cedit_mare	nanos_gigantum_humeris_insidentes	O_Tite_tute_Tati_tibi_tanta_tyranne_tulisti	salus_in_arduis	damnant_quod_non_intellegunt	salus_in_arduis	438	65	Unknown	imperium_in_imperio
radiotherapy	CTDC-PARTICIPANT-357366	CTDC-RADIOTHERAPY-300516	scientia_et_labor	O_Tite_tute_Tati_tibi_tanta_tyranne_tulisti	salus_in_arduis	O_Tite_tute_Tati_tibi_tanta_tyranne_tulisti	salus_in_arduis	scientia_imperii_decus_et_tutamen	122	357	Too Early	scientia,_aere_perennius
radiotherapy	CTDC-PARTICIPANT-357366	CTDC-RADIOTHERAPY-711825	imperium_in_imperio	scientia_et_labor	scientiae_cedit_mare	labor_ipse_voluptas	id_quod_plerumque_accidit	O_Tite_tute_Tati_tibi_tanta_tyranne_tulisti	600	219	Not Assessed	pace_tua
radiotherapy	CTDC-PARTICIPANT-395458	CTDC-RADIOTHERAPY-808184	a_bene_placito	haec_olim_meminisse_iuvabit	salus_in_arduis	saltus_in_demonstrando	scientia_et_labor	Macte_animo_Generose_puer_sic_itur_ad_astra	366	259	Unknown	cacatum_non_est_pictum
radiotherapy	CTDC-PARTICIPANT-395458	CTDC-RADIOTHERAPY-394881	scientia_et_sapientia	salus_in_arduis	barba_crescit_caput_nescit	id_quod_plerumque_accidit	pace_tua	Macte_animo_Generose_puer_sic_itur_ad_astra	639	639	Not Assessed	id_quod_plerumque_accidit
radiotherapy	CTDC-PARTICIPANT-237017	CTDC-RADIOTHERAPY-527588	O_Tite_tute_Tati_tibi_tanta_tyranne_tulisti	labor_ipse_voluptas	scientiae_cedit_mare	cacatum_non_est_pictum	saltus_in_demonstrando	nanos_gigantum_humeris_insidentes	654	775	Too Early	imperium_in_imperio
radiotherapy	CTDC-PARTICIPANT-237017	CTDC-RADIOTHERAPY-222848	haec_olim_meminisse_iuvabit	faber_est_suae_quisque_fortunae	scientia,_aere_perennius	scientia_et_sapientia	Gallia_est_omnis_divisa_in_partes_tres	sapiens_qui_prospicit	183	535	Unknown	haec_olim_meminisse_iuvabit
radiotherapy	CTDC-PARTICIPANT-423015	CTDC-RADIOTHERAPY-985032	nanos_gigantum_humeris_insidentes	faber_est_suae_quisque_fortunae	nascentes_morimur_finisque_ab_origine_pendet	faber_est_suae_quisque_fortunae	scientiae_et_patriae	scientia_et_sapientia	363	705	Progressive Disease	O_Tite_tute_Tati_tibi_tanta_tyranne_tulisti
radiotherapy	CTDC-PARTICIPANT-423015	CTDC-RADIOTHERAPY-241962	salus_in_arduis	nascentes_morimur_finisque_ab_origine_pendet	scientiae_cedit_mare	cacatum_non_est_pictum	faber_est_suae_quisque_fortunae	Gallia_est_omnis_divisa_in_partes_tres	674	347	Too Early	barba_crescit_caput_nescit
radiotherapy	CTDC-PARTICIPANT-622116	CTDC-RADIOTHERAPY-214469	Gallia_est_omnis_divisa_in_partes_tres	salus_in_arduis	salus_in_arduis	scientiae_et_patriae	scientia,_aere_perennius	Obedientia_civium_urbis_felicitas	405	710	Less than partial response	scientia_imperii_decus_et_tutamen
radiotherapy	CTDC-PARTICIPANT-622116	CTDC-RADIOTHERAPY-906423	haec_olim_meminisse_iuvabit	nascentes_morimur_finisque_ab_origine_pendet	scientia_et_labor	pace_tua	salus_in_arduis	scientia_et_labor	855	959	Stable Disease	scientia_et_sapientia
radiotherapy	CTDC-PARTICIPANT-854884	CTDC-RADIOTHERAPY-231807	pace_tua	imperium_in_imperio	labor_ipse_voluptas	O_Tite_tute_Tati_tibi_tanta_tyranne_tulisti	damnant_quod_non_intellegunt	labor_ipse_voluptas	863	291	Not Assessed	cacatum_non_est_pictum
radiotherapy	CTDC-PARTICIPANT-854884	CTDC-RADIOTHERAPY-447248	barba_crescit_caput_nescit	faber_est_suae_quisque_fortunae	barba_crescit_caput_nescit	saltus_in_demonstrando	nascentes_morimur_finisque_ab_origine_pendet	barba_crescit_caput_nescit	963	748	Not Assessed	salus_in_arduis
radiotherapy	CTDC-PARTICIPANT-593514	CTDC-RADIOTHERAPY-405096	pace_tua	cacatum_non_est_pictum	cacatum_non_est_pictum	haec_olim_meminisse_iuvabit	Gallia_est_omnis_divisa_in_partes_tres	sapiens_qui_prospicit	874	914	Unknown	scientiae_cedit_mare
radiotherapy	CTDC-PARTICIPANT-593514	CTDC-RADIOTHERAPY-797934	id_quod_plerumque_accidit	a_bene_placito	imperium_in_imperio	scientia,_aere_perennius	saltus_in_demonstrando	barba_crescit_caput_nescit	929	125	Complete Response	Gallia_est_omnis_divisa_in_partes_tres
radiotherapy	CTDC-PARTICIPANT-456506	CTDC-RADIOTHERAPY-131088	haec_olim_meminisse_iuvabit	cacatum_non_est_pictum	scientia_et_labor	haec_olim_meminisse_iuvabit	scientia_imperii_decus_et_tutamen	O_Tite_tute_Tati_tibi_tanta_tyranne_tulisti	675	79	Too Early	damnant_quod_non_intellegunt
radiotherapy	CTDC-PARTICIPANT-456506	CTDC-RADIOTHERAPY-497483	nanos_gigantum_humeris_insidentes	labor_ipse_voluptas	damnant_quod_non_intellegunt	imperium_in_imperio	cacatum_non_est_pictum	saltus_in_demonstrando	797	526	Partial Response	e_causa_ignota
radiotherapy	CTDC-PARTICIPANT-311363	CTDC-RADIOTHERAPY-231950	haec_olim_meminisse_iuvabit	e_causa_ignota	pace_tua	a_bene_placito	haec_olim_meminisse_iuvabit	imperium_in_imperio	900	418	Too Early	haec_olim_meminisse_iuvabit
radiotherapy	CTDC-PARTICIPANT-311363	CTDC-RADIOTHERAPY-999310	haec_olim_meminisse_iuvabit	saltus_in_demonstrando	pace_tua	a_bene_placito	imperium_in_imperio	a_bene_placito	40	717	Unknown	nanos_gigantum_humeris_insidentes
radiotherapy	CTDC-PARTICIPANT-299574	CTDC-RADIOTHERAPY-832794	Macte_animo_Generose_puer_sic_itur_ad_astra	barba_crescit_caput_nescit	salus_in_arduis	scientia_et_sapientia	Gallia_est_omnis_divisa_in_partes_tres	a_bene_placito	13	943	Stable Disease	pace_tua
radiotherapy	CTDC-PARTICIPANT-299574	CTDC-RADIOTHERAPY-982858	salus_in_arduis	scientia_et_sapientia	saltus_in_demonstrando	Obedientia_civium_urbis_felicitas	Gallia_est_omnis_divisa_in_partes_tres	nascentes_morimur_finisque_ab_origine_pendet	716	553	Not Assessed	scientia_et_labor
radiotherapy	CTDC-PARTICIPANT-864568	CTDC-RADIOTHERAPY-960252	damnant_quod_non_intellegunt	id_quod_plerumque_accidit	a_bene_placito	scientia_et_labor	Macte_animo_Generose_puer_sic_itur_ad_astra	scientia_imperii_decus_et_tutamen	857	886	Unknown	saltus_in_demonstrando
radiotherapy	CTDC-PARTICIPANT-864568	CTDC-RADIOTHERAPY-505309	salus_in_arduis	nascentes_morimur_finisque_ab_origine_pendet	scientia_imperii_decus_et_tutamen	labor_ipse_voluptas	nanos_gigantum_humeris_insidentes	cacatum_non_est_pictum	797	251	Not Assessed	haec_olim_meminisse_iuvabit
radiotherapy	CTDC-PARTICIPANT-969646	CTDC-RADIOTHERAPY-651582	scientia_imperii_decus_et_tutamen	scientiae_et_patriae	scientia_et_labor	damnant_quod_non_intellegunt	Macte_animo_Generose_puer_sic_itur_ad_astra	Gallia_est_omnis_divisa_in_partes_tres	258	29	Less than partial response	saltus_in_demonstrando
radiotherapy	CTDC-PARTICIPANT-969646	CTDC-RADIOTHERAPY-824749	O_Tite_tute_Tati_tibi_tanta_tyranne_tulisti	Obedientia_civium_urbis_felicitas	id_quod_plerumque_accidit	Macte_animo_Generose_puer_sic_itur_ad_astra	faber_est_suae_quisque_fortunae	scientia,_aere_perennius	47	77	Unknown	salus_in_arduis
radiotherapy	CTDC-PARTICIPANT-824899	CTDC-RADIOTHERAPY-324020	scientia_imperii_decus_et_tutamen	salus_in_arduis	scientia_et_labor	barba_crescit_caput_nescit	O_Tite_tute_Tati_tibi_tanta_tyranne_tulisti	saltus_in_demonstrando	228	738	Complete Response	nascentes_morimur_finisque_ab_origine_pendet
radiotherapy	CTDC-PARTICIPANT-824899	CTDC-RADIOTHERAPY-452879	damnant_quod_non_intellegunt	labor_ipse_voluptas	cacatum_non_est_pictum	O_Tite_tute_Tati_tibi_tanta_tyranne_tulisti	labor_ipse_voluptas	nanos_gigantum_humeris_insidentes	227	539	Stable Disease	O_Tite_tute_Tati_tibi_tanta_tyranne_tulisti
radiotherapy	CTDC-PARTICIPANT-624334	CTDC-RADIOTHERAPY-860113	nanos_gigantum_humeris_insidentes	scientia_et_labor	e_causa_ignota	O_Tite_tute_Tati_tibi_tanta_tyranne_tulisti	scientia_et_sapientia	damnant_quod_non_intellegunt	255	506	Progressive Disease	Gallia_est_omnis_divisa_in_partes_tres
radiotherapy	CTDC-PARTICIPANT-624334	CTDC-RADIOTHERAPY-914881	Gallia_est_omnis_divisa_in_partes_tres	a_bene_placito	nanos_gigantum_humeris_insidentes	scientia_et_sapientia	Obedientia_civium_urbis_felicitas	id_quod_plerumque_accidit	371	680	Too Early	O_Tite_tute_Tati_tibi_tanta_tyranne_tulisti
radiotherapy	CTDC-PARTICIPANT-907836	CTDC-RADIOTHERAPY-153227	Macte_animo_Generose_puer_sic_itur_ad_astra	nanos_gigantum_humeris_insidentes	sapiens_qui_prospicit	scientia_et_sapientia	nascentes_morimur_finisque_ab_origine_pendet	scientia_et_sapientia	646	634	Partial Response	imperium_in_imperio
radiotherapy	CTDC-PARTICIPANT-907836	CTDC-RADIOTHERAPY-559739	haec_olim_meminisse_iuvabit	scientia_et_labor	scientia,_aere_perennius	damnant_quod_non_intellegunt	scientia_et_labor	Gallia_est_omnis_divisa_in_partes_tres	444	687	Partial Response	imperium_in_imperio
radiotherapy	CTDC-PARTICIPANT-380189	CTDC-RADIOTHERAPY-110680	cacatum_non_est_pictum	cacatum_non_est_pictum	e_causa_ignota	nascentes_morimur_finisque_ab_origine_pendet	nascentes_morimur_finisque_ab_origine_pendet	scientiae_cedit_mare	769	237	Unknown	Macte_animo_Generose_puer_sic_itur_ad_astra
radiotherapy	CTDC-PARTICIPANT-380189	CTDC-RADIOTHERAPY-787091	haec_olim_meminisse_iuvabit	pace_tua	Macte_animo_Generose_puer_sic_itur_ad_astra	scientia,_aere_perennius	scientia_imperii_decus_et_tutamen	a_bene_placito	128	970	Partial Response	e_causa_ignota
radiotherapy	CTDC-PARTICIPANT-255931	CTDC-RADIOTHERAPY-292507	scientiae_cedit_mare	Gallia_est_omnis_divisa_in_partes_tres	sapiens_qui_prospicit	a_bene_placito	haec_olim_meminisse_iuvabit	saltus_in_demonstrando	406	763	Less than partial response	faber_est_suae_quisque_fortunae
radiotherapy	CTDC-PARTICIPANT-255931	CTDC-RADIOTHERAPY-715533	O_Tite_tute_Tati_tibi_tanta_tyranne_tulisti	nascentes_morimur_finisque_ab_origine_pendet	sapiens_qui_prospicit	Obedientia_civium_urbis_felicitas	scientia_et_labor	haec_olim_meminisse_iuvabit	927	620	Not Assessed	scientia_et_sapientia
radiotherapy	CTDC-PARTICIPANT-713074	CTDC-RADIOTHERAPY-683869	a_bene_placito	saltus_in_demonstrando	saltus_in_demonstrando	saltus_in_demonstrando	Macte_animo_Generose_puer_sic_itur_ad_astra	id_quod_plerumque_accidit	964	384	Too Early	labor_ipse_voluptas
radiotherapy	CTDC-PARTICIPANT-713074	CTDC-RADIOTHERAPY-549284	haec_olim_meminisse_iuvabit	cacatum_non_est_pictum	e_causa_ignota	labor_ipse_voluptas	nanos_gigantum_humeris_insidentes	cacatum_non_est_pictum	806	600	Partial Response	salus_in_arduis
radiotherapy	CTDC-PARTICIPANT-592777	CTDC-RADIOTHERAPY-338847	haec_olim_meminisse_iuvabit	saltus_in_demonstrando	id_quod_plerumque_accidit	a_bene_placito	Macte_animo_Generose_puer_sic_itur_ad_astra	sapiens_qui_prospicit	251	309	Less than partial response	Macte_animo_Generose_puer_sic_itur_ad_astra
radiotherapy	CTDC-PARTICIPANT-592777	CTDC-RADIOTHERAPY-432452	pace_tua	scientia,_aere_perennius	id_quod_plerumque_accidit	e_causa_ignota	scientia,_aere_perennius	damnant_quod_non_intellegunt	404	540	Progressive Disease	nascentes_morimur_finisque_ab_origine_pendet
radiotherapy	CTDC-PARTICIPANT-759167	CTDC-RADIOTHERAPY-893881	scientia,_aere_perennius	sapiens_qui_prospicit	haec_olim_meminisse_iuvabit	Obedientia_civium_urbis_felicitas	Macte_animo_Generose_puer_sic_itur_ad_astra	scientiae_et_patriae	983	18	Stable Disease	e_causa_ignota
radiotherapy	CTDC-PARTICIPANT-759167	CTDC-RADIOTHERAPY-977988	Obedientia_civium_urbis_felicitas	faber_est_suae_quisque_fortunae	scientia_imperii_decus_et_tutamen	scientia_et_labor	faber_est_suae_quisque_fortunae	scientia,_aere_perennius	148	855	Less than partial response	imperium_in_imperio
radiotherapy	CTDC-PARTICIPANT-162429	CTDC-RADIOTHERAPY-370305	O_Tite_tute_Tati_tibi_tanta_tyranne_tulisti	pace_tua	e_causa_ignota	sapiens_qui_prospicit	imperium_in_imperio	Macte_animo_Generose_puer_sic_itur_ad_astra	793	770	Partial Response	labor_ipse_voluptas
radiotherapy	CTDC-PARTICIPANT-162429	CTDC-RADIOTHERAPY-977779	scientia_et_labor	id_quod_plerumque_accidit	labor_ipse_voluptas	scientiae_cedit_mare	Gallia_est_omnis_divisa_in_partes_tres	Macte_animo_Generose_puer_sic_itur_ad_astra	63	929	Not Evaluable	scientiae_et_patriae
radiotherapy	CTDC-PARTICIPANT-624958	CTDC-RADIOTHERAPY-289604	scientia_et_labor	pace_tua	scientia,_aere_perennius	barba_crescit_caput_nescit	scientiae_cedit_mare	saltus_in_demonstrando	691	169	Not Evaluable	Gallia_est_omnis_divisa_in_partes_tres
radiotherapy	CTDC-PARTICIPANT-624958	CTDC-RADIOTHERAPY-828073	damnant_quod_non_intellegunt	O_Tite_tute_Tati_tibi_tanta_tyranne_tulisti	nascentes_morimur_finisque_ab_origine_pendet	nanos_gigantum_humeris_insidentes	scientiae_et_patriae	nascentes_morimur_finisque_ab_origine_pendet	630	944	Complete Response	Macte_animo_Generose_puer_sic_itur_ad_astra
radiotherapy	CTDC-PARTICIPANT-445241	CTDC-RADIOTHERAPY-274998	scientia,_aere_perennius	e_causa_ignota	scientia,_aere_perennius	cacatum_non_est_pictum	labor_ipse_voluptas	pace_tua	802	829	Partial Response	Obedientia_civium_urbis_felicitas
radiotherapy	CTDC-PARTICIPANT-445241	CTDC-RADIOTHERAPY-717368	barba_crescit_caput_nescit	Macte_animo_Generose_puer_sic_itur_ad_astra	Gallia_est_omnis_divisa_in_partes_tres	id_quod_plerumque_accidit	saltus_in_demonstrando	Gallia_est_omnis_divisa_in_partes_tres	437	589	Complete Response	Macte_animo_Generose_puer_sic_itur_ad_astra
radiotherapy	CTDC-PARTICIPANT-226801	CTDC-RADIOTHERAPY-375638	barba_crescit_caput_nescit	scientia_et_labor	O_Tite_tute_Tati_tibi_tanta_tyranne_tulisti	nascentes_morimur_finisque_ab_origine_pendet	scientia_et_labor	O_Tite_tute_Tati_tibi_tanta_tyranne_tulisti	754	791	Complete Response	O_Tite_tute_Tati_tibi_tanta_tyranne_tulisti
radiotherapy	CTDC-PARTICIPANT-226801	CTDC-RADIOTHERAPY-282755	scientiae_cedit_mare	cacatum_non_est_pictum	Obedientia_civium_urbis_felicitas	faber_est_suae_quisque_fortunae	pace_tua	haec_olim_meminisse_iuvabit	878	533	Progressive Disease	scientia_et_sapientia
radiotherapy	CTDC-PARTICIPANT-800101	CTDC-RADIOTHERAPY-149904	pace_tua	nascentes_morimur_finisque_ab_origine_pendet	id_quod_plerumque_accidit	Gallia_est_omnis_divisa_in_partes_tres	haec_olim_meminisse_iuvabit	scientiae_et_patriae	879	152	Stable Disease	Macte_animo_Generose_puer_sic_itur_ad_astra
radiotherapy	CTDC-PARTICIPANT-800101	CTDC-RADIOTHERAPY-627896	scientia_imperii_decus_et_tutamen	O_Tite_tute_Tati_tibi_tanta_tyranne_tulisti	damnant_quod_non_intellegunt	cacatum_non_est_pictum	Macte_animo_Generose_puer_sic_itur_ad_astra	damnant_quod_non_intellegunt	298	344	Progressive Disease	barba_crescit_caput_nescit
radiotherapy	CTDC-PARTICIPANT-489962	CTDC-RADIOTHERAPY-636841	scientiae_et_patriae	damnant_quod_non_intellegunt	a_bene_placito	faber_est_suae_quisque_fortunae	a_bene_placito	imperium_in_imperio	941	586	Less than partial response	haec_olim_meminisse_iuvabit
radiotherapy	CTDC-PARTICIPANT-489962	CTDC-RADIOTHERAPY-346220	scientia_et_labor	faber_est_suae_quisque_fortunae	scientiae_et_patriae	Gallia_est_omnis_divisa_in_partes_tres	nanos_gigantum_humeris_insidentes	barba_crescit_caput_nescit	322	388	Too Early	O_Tite_tute_Tati_tibi_tanta_tyranne_tulisti
radiotherapy	CTDC-PARTICIPANT-617402	CTDC-RADIOTHERAPY-876452	Macte_animo_Generose_puer_sic_itur_ad_astra	labor_ipse_voluptas	O_Tite_tute_Tati_tibi_tanta_tyranne_tulisti	id_quod_plerumque_accidit	faber_est_suae_quisque_fortunae	scientia,_aere_perennius	67	585	Less than partial response	scientia,_aere_perennius
radiotherapy	CTDC-PARTICIPANT-617402	CTDC-RADIOTHERAPY-512517	O_Tite_tute_Tati_tibi_tanta_tyranne_tulisti	a_bene_placito	scientia_et_labor	pace_tua	pace_tua	scientia_et_labor	939	532	Stable Disease	labor_ipse_voluptas
radiotherapy	CTDC-PARTICIPANT-934170	CTDC-RADIOTHERAPY-978221	scientia_et_labor	faber_est_suae_quisque_fortunae	nanos_gigantum_humeris_insidentes	Obedientia_civium_urbis_felicitas	barba_crescit_caput_nescit	pace_tua	544	949	Not Evaluable	scientia_et_labor
radiotherapy	CTDC-PARTICIPANT-934170	CTDC-RADIOTHERAPY-135111	imperium_in_imperio	salus_in_arduis	haec_olim_meminisse_iuvabit	salus_in_arduis	scientiae_cedit_mare	haec_olim_meminisse_iuvabit	387	128	Less than partial response	a_bene_placito
radiotherapy	CTDC-PARTICIPANT-930739	CTDC-RADIOTHERAPY-466116	damnant_quod_non_intellegunt	saltus_in_demonstrando	a_bene_placito	scientiae_cedit_mare	scientia,_aere_perennius	nascentes_morimur_finisque_ab_origine_pendet	276	738	Too Early	haec_olim_meminisse_iuvabit
radiotherapy	CTDC-PARTICIPANT-930739	CTDC-RADIOTHERAPY-583830	scientia,_aere_perennius	nanos_gigantum_humeris_insidentes	damnant_quod_non_intellegunt	scientia,_aere_perennius	imperium_in_imperio	scientia_imperii_decus_et_tutamen	459	585	Partial Response	barba_crescit_caput_nescit
radiotherapy	CTDC-PARTICIPANT-785668	CTDC-RADIOTHERAPY-897001	faber_est_suae_quisque_fortunae	cacatum_non_est_pictum	pace_tua	labor_ipse_voluptas	scientia_et_sapientia	salus_in_arduis	71	773	Complete Response	barba_crescit_caput_nescit
radiotherapy	CTDC-PARTICIPANT-785668	CTDC-RADIOTHERAPY-164086	scientiae_cedit_mare	imperium_in_imperio	cacatum_non_est_pictum	Obedientia_civium_urbis_felicitas	haec_olim_meminisse_iuvabit	e_causa_ignota	592	362	Not Evaluable	a_bene_placito
radiotherapy	CTDC-PARTICIPANT-400918	CTDC-RADIOTHERAPY-202624	damnant_quod_non_intellegunt	cacatum_non_est_pictum	faber_est_suae_quisque_fortunae	O_Tite_tute_Tati_tibi_tanta_tyranne_tulisti	sapiens_qui_prospicit	scientia_imperii_decus_et_tutamen	60	204	Not Assessed	Macte_animo_Generose_puer_sic_itur_ad_astra
radiotherapy	CTDC-PARTICIPANT-400918	CTDC-RADIOTHERAPY-143063	scientia_imperii_decus_et_tutamen	scientia_et_sapientia	damnant_quod_non_intellegunt	e_causa_ignota	sapiens_qui_prospicit	Obedientia_civium_urbis_felicitas	249	955	Progressive Disease	e_causa_ignota
radiotherapy	CTDC-PARTICIPANT-531009	CTDC-RADIOTHERAPY-302004	scientia_et_labor	O_Tite_tute_Tati_tibi_tanta_tyranne_tulisti	id_quod_plerumque_accidit	e_causa_ignota	Gallia_est_omnis_divisa_in_partes_tres	pace_tua	191	954	Partial Response	haec_olim_meminisse_iuvabit
radiotherapy	CTDC-PARTICIPANT-531009	CTDC-RADIOTHERAPY-225757	Obedientia_civium_urbis_felicitas	salus_in_arduis	imperium_in_imperio	cacatum_non_est_pictum	a_bene_placito	sapiens_qui_prospicit	753	860	Not Assessed	a_bene_placito
radiotherapy	CTDC-PARTICIPANT-165601	CTDC-RADIOTHERAPY-848633	haec_olim_meminisse_iuvabit	imperium_in_imperio	cacatum_non_est_pictum	e_causa_ignota	Obedientia_civium_urbis_felicitas	haec_olim_meminisse_iuvabit	688	496	Not Assessed	pace_tua
radiotherapy	CTDC-PARTICIPANT-165601	CTDC-RADIOTHERAPY-453988	barba_crescit_caput_nescit	imperium_in_imperio	faber_est_suae_quisque_fortunae	damnant_quod_non_intellegunt	scientia_et_sapientia	Obedientia_civium_urbis_felicitas	617	124	Partial Response	nascentes_morimur_finisque_ab_origine_pendet
radiotherapy	CTDC-PARTICIPANT-551570	CTDC-RADIOTHERAPY-452676	scientia_imperii_decus_et_tutamen	sapiens_qui_prospicit	labor_ipse_voluptas	id_quod_plerumque_accidit	Obedientia_civium_urbis_felicitas	scientia_imperii_decus_et_tutamen	44	988	Stable Disease	cacatum_non_est_pictum
radiotherapy	CTDC-PARTICIPANT-551570	CTDC-RADIOTHERAPY-381119	saltus_in_demonstrando	scientia_et_sapientia	cacatum_non_est_pictum	scientia_et_labor	Gallia_est_omnis_divisa_in_partes_tres	Gallia_est_omnis_divisa_in_partes_tres	262	560	Less than partial response	id_quod_plerumque_accidit
radiotherapy	CTDC-PARTICIPANT-175162	CTDC-RADIOTHERAPY-160912	e_causa_ignota	scientia_et_sapientia	e_causa_ignota	e_causa_ignota	pace_tua	e_causa_ignota	59	184	Stable Disease	Macte_animo_Generose_puer_sic_itur_ad_astra
radiotherapy	CTDC-PARTICIPANT-175162	CTDC-RADIOTHERAPY-741247	haec_olim_meminisse_iuvabit	scientiae_et_patriae	Gallia_est_omnis_divisa_in_partes_tres	sapiens_qui_prospicit	labor_ipse_voluptas	Obedientia_civium_urbis_felicitas	492	121	Not Evaluable	scientiae_cedit_mare
radiotherapy	CTDC-PARTICIPANT-115872	CTDC-RADIOTHERAPY-112171	faber_est_suae_quisque_fortunae	scientiae_et_patriae	e_causa_ignota	barba_crescit_caput_nescit	imperium_in_imperio	salus_in_arduis	632	763	Less than partial response	nanos_gigantum_humeris_insidentes
radiotherapy	CTDC-PARTICIPANT-115872	CTDC-RADIOTHERAPY-843779	imperium_in_imperio	scientiae_cedit_mare	salus_in_arduis	Obedientia_civium_urbis_felicitas	saltus_in_demonstrando	scientiae_cedit_mare	648	981	Progressive Disease	sapiens_qui_prospicit
radiotherapy	CTDC-PARTICIPANT-480277	CTDC-RADIOTHERAPY-816282	O_Tite_tute_Tati_tibi_tanta_tyranne_tulisti	scientia_et_sapientia	saltus_in_demonstrando	salus_in_arduis	barba_crescit_caput_nescit	Obedientia_civium_urbis_felicitas	820	219	Not Assessed	a_bene_placito
radiotherapy	CTDC-PARTICIPANT-480277	CTDC-RADIOTHERAPY-141029	e_causa_ignota	Gallia_est_omnis_divisa_in_partes_tres	scientia_et_labor	sapiens_qui_prospicit	labor_ipse_voluptas	scientia_imperii_decus_et_tutamen	170	603	Partial Response	damnant_quod_non_intellegunt
radiotherapy	CTDC-PARTICIPANT-304492	CTDC-RADIOTHERAPY-543477	damnant_quod_non_intellegunt	cacatum_non_est_pictum	scientia_et_sapientia	scientia_et_sapientia	barba_crescit_caput_nescit	sapiens_qui_prospicit	114	512	Complete Response	nascentes_morimur_finisque_ab_origine_pendet
radiotherapy	CTDC-PARTICIPANT-304492	CTDC-RADIOTHERAPY-161880	nascentes_morimur_finisque_ab_origine_pendet	scientia,_aere_perennius	scientia_et_sapientia	barba_crescit_caput_nescit	labor_ipse_voluptas	scientiae_et_patriae	71	175	Unknown	scientia_et_labor
radiotherapy	CTDC-PARTICIPANT-780147	CTDC-RADIOTHERAPY-644055	faber_est_suae_quisque_fortunae	O_Tite_tute_Tati_tibi_tanta_tyranne_tulisti	scientiae_et_patriae	scientia_imperii_decus_et_tutamen	pace_tua	e_causa_ignota	819	56	Too Early	nanos_gigantum_humeris_insidentes
radiotherapy	CTDC-PARTICIPANT-780147	CTDC-RADIOTHERAPY-107217	haec_olim_meminisse_iuvabit	scientia,_aere_perennius	faber_est_suae_quisque_fortunae	Macte_animo_Generose_puer_sic_itur_ad_astra	O_Tite_tute_Tati_tibi_tanta_tyranne_tulisti	Macte_animo_Generose_puer_sic_itur_ad_astra	498	473	Too Early	Gallia_est_omnis_divisa_in_partes_tres
radiotherapy	CTDC-PARTICIPANT-155733	CTDC-RADIOTHERAPY-277701	id_quod_plerumque_accidit	faber_est_suae_quisque_fortunae	barba_crescit_caput_nescit	scientia_imperii_decus_et_tutamen	cacatum_non_est_pictum	saltus_in_demonstrando	826	519	Partial Response	id_quod_plerumque_accidit
radiotherapy	CTDC-PARTICIPANT-155733	CTDC-RADIOTHERAPY-591627	haec_olim_meminisse_iuvabit	barba_crescit_caput_nescit	scientiae_et_patriae	scientia,_aere_perennius	O_Tite_tute_Tati_tibi_tanta_tyranne_tulisti	nascentes_morimur_finisque_ab_origine_pendet	210	747	Complete Response	scientia,_aere_perennius
radiotherapy	CTDC-PARTICIPANT-610906	CTDC-RADIOTHERAPY-304772	scientia_et_labor	scientiae_cedit_mare	haec_olim_meminisse_iuvabit	scientiae_cedit_mare	pace_tua	scientia_imperii_decus_et_tutamen	949	912	Unknown	faber_est_suae_quisque_fortunae
radiotherapy	CTDC-PARTICIPANT-610906	CTDC-RADIOTHERAPY-131969	nascentes_morimur_finisque_ab_origine_pendet	nascentes_morimur_finisque_ab_origine_pendet	faber_est_suae_quisque_fortunae	damnant_quod_non_intellegunt	salus_in_arduis	faber_est_suae_quisque_fortunae	704	850	Unknown	damnant_quod_non_intellegunt
radiotherapy	CTDC-PARTICIPANT-132570	CTDC-RADIOTHERAPY-500177	Gallia_est_omnis_divisa_in_partes_tres	faber_est_suae_quisque_fortunae	salus_in_arduis	sapiens_qui_prospicit	Macte_animo_Generose_puer_sic_itur_ad_astra	e_causa_ignota	967	769	Not Assessed	faber_est_suae_quisque_fortunae
radiotherapy	CTDC-PARTICIPANT-132570	CTDC-RADIOTHERAPY-895955	labor_ipse_voluptas	haec_olim_meminisse_iuvabit	scientia_et_labor	cacatum_non_est_pictum	damnant_quod_non_intellegunt	id_quod_plerumque_accidit	272	96	Not Assessed	e_causa_ignota
radiotherapy	CTDC-PARTICIPANT-387859	CTDC-RADIOTHERAPY-458165	Obedientia_civium_urbis_felicitas	labor_ipse_voluptas	imperium_in_imperio	nanos_gigantum_humeris_insidentes	nanos_gigantum_humeris_insidentes	saltus_in_demonstrando	388	290	Not Evaluable	scientia_et_labor
radiotherapy	CTDC-PARTICIPANT-387859	CTDC-RADIOTHERAPY-340943	e_causa_ignota	labor_ipse_voluptas	nanos_gigantum_humeris_insidentes	scientia,_aere_perennius	scientia_et_sapientia	sapiens_qui_prospicit	880	278	Less than partial response	scientia,_aere_perennius
radiotherapy	CTDC-PARTICIPANT-554515	CTDC-RADIOTHERAPY-641446	pace_tua	cacatum_non_est_pictum	scientia_imperii_decus_et_tutamen	sapiens_qui_prospicit	id_quod_plerumque_accidit	scientia_et_sapientia	268	72	Not Evaluable	labor_ipse_voluptas
radiotherapy	CTDC-PARTICIPANT-554515	CTDC-RADIOTHERAPY-592644	salus_in_arduis	labor_ipse_voluptas	scientia,_aere_perennius	Gallia_est_omnis_divisa_in_partes_tres	scientia_et_sapientia	pace_tua	503	267	Not Assessed	scientia_imperii_decus_et_tutamen
radiotherapy	CTDC-PARTICIPANT-813717	CTDC-RADIOTHERAPY-884071	Macte_animo_Generose_puer_sic_itur_ad_astra	salus_in_arduis	imperium_in_imperio	O_Tite_tute_Tati_tibi_tanta_tyranne_tulisti	scientia_et_sapientia	scientia,_aere_perennius	304	592	Not Evaluable	a_bene_placito
radiotherapy	CTDC-PARTICIPANT-813717	CTDC-RADIOTHERAPY-946053	e_causa_ignota	a_bene_placito	cacatum_non_est_pictum	damnant_quod_non_intellegunt	salus_in_arduis	scientiae_et_patriae	331	195	Too Early	Gallia_est_omnis_divisa_in_partes_tres
radiotherapy	CTDC-PARTICIPANT-829393	CTDC-RADIOTHERAPY-864103	Gallia_est_omnis_divisa_in_partes_tres	faber_est_suae_quisque_fortunae	haec_olim_meminisse_iuvabit	pace_tua	scientia,_aere_perennius	damnant_quod_non_intellegunt	482	26	Too Early	nascentes_morimur_finisque_ab_origine_pendet
radiotherapy	CTDC-PARTICIPANT-829393	CTDC-RADIOTHERAPY-228401	nascentes_morimur_finisque_ab_origine_pendet	damnant_quod_non_intellegunt	O_Tite_tute_Tati_tibi_tanta_tyranne_tulisti	faber_est_suae_quisque_fortunae	scientiae_et_patriae	Gallia_est_omnis_divisa_in_partes_tres	106	431	Complete Response	saltus_in_demonstrando
radiotherapy	CTDC-PARTICIPANT-140828	CTDC-RADIOTHERAPY-747068	labor_ipse_voluptas	Obedientia_civium_urbis_felicitas	cacatum_non_est_pictum	Macte_animo_Generose_puer_sic_itur_ad_astra	Obedientia_civium_urbis_felicitas	barba_crescit_caput_nescit	633	308	Stable Disease	Macte_animo_Generose_puer_sic_itur_ad_astra
radiotherapy	CTDC-PARTICIPANT-140828	CTDC-RADIOTHERAPY-938411	barba_crescit_caput_nescit	haec_olim_meminisse_iuvabit	scientia_et_sapientia	damnant_quod_non_intellegunt	nanos_gigantum_humeris_insidentes	scientiae_cedit_mare	653	400	Not Assessed	scientia_et_labor
radiotherapy	CTDC-PARTICIPANT-153996	CTDC-RADIOTHERAPY-199653	haec_olim_meminisse_iuvabit	scientiae_et_patriae	barba_crescit_caput_nescit	faber_est_suae_quisque_fortunae	labor_ipse_voluptas	scientiae_cedit_mare	558	990	Progressive Disease	salus_in_arduis
radiotherapy	CTDC-PARTICIPANT-153996	CTDC-RADIOTHERAPY-959172	sapiens_qui_prospicit	damnant_quod_non_intellegunt	e_causa_ignota	haec_olim_meminisse_iuvabit	imperium_in_imperio	Obedientia_civium_urbis_felicitas	688	179	Progressive Disease	salus_in_arduis
radiotherapy	CTDC-PARTICIPANT-157188	CTDC-RADIOTHERAPY-387574	id_quod_plerumque_accidit	salus_in_arduis	Gallia_est_omnis_divisa_in_partes_tres	salus_in_arduis	scientiae_et_patriae	scientiae_cedit_mare	198	779	Stable Disease	scientiae_cedit_mare
radiotherapy	CTDC-PARTICIPANT-157188	CTDC-RADIOTHERAPY-847490	pace_tua	sapiens_qui_prospicit	saltus_in_demonstrando	cacatum_non_est_pictum	cacatum_non_est_pictum	e_causa_ignota	911	102	Progressive Disease	cacatum_non_est_pictum
radiotherapy	CTDC-PARTICIPANT-731202	CTDC-RADIOTHERAPY-314785	scientia,_aere_perennius	saltus_in_demonstrando	scientiae_et_patriae	scientia_et_sapientia	Gallia_est_omnis_divisa_in_partes_tres	O_Tite_tute_Tati_tibi_tanta_tyranne_tulisti	866	161	Too Early	scientia_et_labor
radiotherapy	CTDC-PARTICIPANT-731202	CTDC-RADIOTHERAPY-182982	saltus_in_demonstrando	scientiae_et_patriae	nascentes_morimur_finisque_ab_origine_pendet	scientia,_aere_perennius	damnant_quod_non_intellegunt	scientiae_cedit_mare	551	498	Unknown	saltus_in_demonstrando
radiotherapy	CTDC-PARTICIPANT-541762	CTDC-RADIOTHERAPY-591739	damnant_quod_non_intellegunt	sapiens_qui_prospicit	imperium_in_imperio	Obedientia_civium_urbis_felicitas	barba_crescit_caput_nescit	faber_est_suae_quisque_fortunae	475	142	Not Assessed	Macte_animo_Generose_puer_sic_itur_ad_astra
radiotherapy	CTDC-PARTICIPANT-541762	CTDC-RADIOTHERAPY-548331	salus_in_arduis	pace_tua	Macte_animo_Generose_puer_sic_itur_ad_astra	salus_in_arduis	imperium_in_imperio	saltus_in_demonstrando	633	206	Too Early	imperium_in_imperio
radiotherapy	CTDC-PARTICIPANT-986899	CTDC-RADIOTHERAPY-393477	scientia_imperii_decus_et_tutamen	scientia_et_sapientia	scientiae_cedit_mare	scientiae_cedit_mare	scientia_imperii_decus_et_tutamen	nanos_gigantum_humeris_insidentes	148	86	Complete Response	nanos_gigantum_humeris_insidentes
radiotherapy	CTDC-PARTICIPANT-986899	CTDC-RADIOTHERAPY-902545	faber_est_suae_quisque_fortunae	Obedientia_civium_urbis_felicitas	pace_tua	O_Tite_tute_Tati_tibi_tanta_tyranne_tulisti	scientia_et_labor	Gallia_est_omnis_divisa_in_partes_tres	561	552	Too Early	scientia,_aere_perennius
radiotherapy	CTDC-PARTICIPANT-896676	CTDC-RADIOTHERAPY-710714	salus_in_arduis	nascentes_morimur_finisque_ab_origine_pendet	imperium_in_imperio	haec_olim_meminisse_iuvabit	barba_crescit_caput_nescit	faber_est_suae_quisque_fortunae	925	188	Progressive Disease	salus_in_arduis
radiotherapy	CTDC-PARTICIPANT-896676	CTDC-RADIOTHERAPY-976591	scientiae_cedit_mare	barba_crescit_caput_nescit	scientia_et_sapientia	barba_crescit_caput_nescit	damnant_quod_non_intellegunt	saltus_in_demonstrando	838	238	Partial Response	pace_tua
radiotherapy	CTDC-PARTICIPANT-617856	CTDC-RADIOTHERAPY-398023	scientiae_et_patriae	Obedientia_civium_urbis_felicitas	scientia,_aere_perennius	imperium_in_imperio	scientiae_et_patriae	scientia_et_labor	370	700	Not Evaluable	scientia,_aere_perennius
radiotherapy	CTDC-PARTICIPANT-617856	CTDC-RADIOTHERAPY-595462	Obedientia_civium_urbis_felicitas	O_Tite_tute_Tati_tibi_tanta_tyranne_tulisti	scientia,_aere_perennius	pace_tua	pace_tua	nascentes_morimur_finisque_ab_origine_pendet	732	773	Partial Response	a_bene_placito
radiotherapy	CTDC-PARTICIPANT-100150	CTDC-RADIOTHERAPY-477886	Macte_animo_Generose_puer_sic_itur_ad_astra	labor_ipse_voluptas	labor_ipse_voluptas	scientia_et_sapientia	O_Tite_tute_Tati_tibi_tanta_tyranne_tulisti	imperium_in_imperio	863	561	Progressive Disease	nascentes_morimur_finisque_ab_origine_pendet
radiotherapy	CTDC-PARTICIPANT-100150	CTDC-RADIOTHERAPY-508974	nascentes_morimur_finisque_ab_origine_pendet	imperium_in_imperio	salus_in_arduis	scientiae_et_patriae	imperium_in_imperio	pace_tua	699	913	Not Evaluable	sapiens_qui_prospicit
radiotherapy	CTDC-PARTICIPANT-489929	CTDC-RADIOTHERAPY-757675	scientia_et_sapientia	labor_ipse_voluptas	imperium_in_imperio	Gallia_est_omnis_divisa_in_partes_tres	pace_tua	pace_tua	504	629	Not Assessed	nascentes_morimur_finisque_ab_origine_pendet
radiotherapy	CTDC-PARTICIPANT-489929	CTDC-RADIOTHERAPY-922033	faber_est_suae_quisque_fortunae	e_causa_ignota	scientia_imperii_decus_et_tutamen	nascentes_morimur_finisque_ab_origine_pendet	damnant_quod_non_intellegunt	haec_olim_meminisse_iuvabit	698	215	Too Early	salus_in_arduis
radiotherapy	CTDC-PARTICIPANT-149982	CTDC-RADIOTHERAPY-329541	id_quod_plerumque_accidit	imperium_in_imperio	faber_est_suae_quisque_fortunae	saltus_in_demonstrando	Macte_animo_Generose_puer_sic_itur_ad_astra	saltus_in_demonstrando	28	518	Stable Disease	scientia_imperii_decus_et_tutamen
radiotherapy	CTDC-PARTICIPANT-149982	CTDC-RADIOTHERAPY-780146	scientia_et_labor	cacatum_non_est_pictum	scientia_et_labor	scientia,_aere_perennius	scientiae_cedit_mare	pace_tua	340	419	Less than partial response	pace_tua
radiotherapy	CTDC-PARTICIPANT-444431	CTDC-RADIOTHERAPY-171568	haec_olim_meminisse_iuvabit	saltus_in_demonstrando	salus_in_arduis	nascentes_morimur_finisque_ab_origine_pendet	a_bene_placito	labor_ipse_voluptas	236	902	Not Assessed	cacatum_non_est_pictum
radiotherapy	CTDC-PARTICIPANT-444431	CTDC-RADIOTHERAPY-622701	Gallia_est_omnis_divisa_in_partes_tres	salus_in_arduis	e_causa_ignota	O_Tite_tute_Tati_tibi_tanta_tyranne_tulisti	haec_olim_meminisse_iuvabit	damnant_quod_non_intellegunt	140	423	Unknown	id_quod_plerumque_accidit
radiotherapy	CTDC-PARTICIPANT-348498	CTDC-RADIOTHERAPY-461019	scientia_imperii_decus_et_tutamen	faber_est_suae_quisque_fortunae	Gallia_est_omnis_divisa_in_partes_tres	scientiae_cedit_mare	O_Tite_tute_Tati_tibi_tanta_tyranne_tulisti	haec_olim_meminisse_iuvabit	498	826	Too Early	haec_olim_meminisse_iuvabit
radiotherapy	CTDC-PARTICIPANT-348498	CTDC-RADIOTHERAPY-904709	nanos_gigantum_humeris_insidentes	O_Tite_tute_Tati_tibi_tanta_tyranne_tulisti	Macte_animo_Generose_puer_sic_itur_ad_astra	cacatum_non_est_pictum	a_bene_placito	sapiens_qui_prospicit	650	436	Not Assessed	nanos_gigantum_humeris_insidentes
radiotherapy	CTDC-PARTICIPANT-151782	CTDC-RADIOTHERAPY-376681	Macte_animo_Generose_puer_sic_itur_ad_astra	scientia_imperii_decus_et_tutamen	sapiens_qui_prospicit	scientia,_aere_perennius	labor_ipse_voluptas	Obedientia_civium_urbis_felicitas	617	236	Less than partial response	scientia_et_sapientia
radiotherapy	CTDC-PARTICIPANT-151782	CTDC-RADIOTHERAPY-285155	scientia,_aere_perennius	O_Tite_tute_Tati_tibi_tanta_tyranne_tulisti	scientia_et_labor	Gallia_est_omnis_divisa_in_partes_tres	haec_olim_meminisse_iuvabit	scientia,_aere_perennius	152	706	Less than partial response	imperium_in_imperio
radiotherapy	CTDC-PARTICIPANT-570580	CTDC-RADIOTHERAPY-595886	imperium_in_imperio	scientia_et_sapientia	e_causa_ignota	barba_crescit_caput_nescit	scientia,_aere_perennius	pace_tua	989	650	Progressive Disease	damnant_quod_non_intellegunt
radiotherapy	CTDC-PARTICIPANT-570580	CTDC-RADIOTHERAPY-735175	id_quod_plerumque_accidit	scientia_et_labor	barba_crescit_caput_nescit	scientiae_cedit_mare	scientia_imperii_decus_et_tutamen	scientiae_cedit_mare	579	645	Stable Disease	Macte_animo_Generose_puer_sic_itur_ad_astra
radiotherapy	CTDC-PARTICIPANT-322080	CTDC-RADIOTHERAPY-538458	e_causa_ignota	scientiae_cedit_mare	a_bene_placito	imperium_in_imperio	faber_est_suae_quisque_fortunae	imperium_in_imperio	956	732	Progressive Disease	damnant_quod_non_intellegunt
radiotherapy	CTDC-PARTICIPANT-322080	CTDC-RADIOTHERAPY-266249	damnant_quod_non_intellegunt	cacatum_non_est_pictum	cacatum_non_est_pictum	id_quod_plerumque_accidit	scientia,_aere_perennius	Macte_animo_Generose_puer_sic_itur_ad_astra	44	431	Partial Response	nanos_gigantum_humeris_insidentes
radiotherapy	CTDC-PARTICIPANT-696969	CTDC-RADIOTHERAPY-843946	cacatum_non_est_pictum	Gallia_est_omnis_divisa_in_partes_tres	pace_tua	scientia_et_sapientia	e_causa_ignota	scientia_et_labor	180	781	Not Assessed	a_bene_placito
radiotherapy	CTDC-PARTICIPANT-696969	CTDC-RADIOTHERAPY-561843	haec_olim_meminisse_iuvabit	scientia_imperii_decus_et_tutamen	scientia,_aere_perennius	nascentes_morimur_finisque_ab_origine_pendet	barba_crescit_caput_nescit	salus_in_arduis	272	655	Complete Response	e_causa_ignota
radiotherapy	CTDC-PARTICIPANT-104574	CTDC-RADIOTHERAPY-447331	scientiae_et_patriae	a_bene_placito	id_quod_plerumque_accidit	cacatum_non_est_pictum	e_causa_ignota	scientia_et_sapientia	164	60	Too Early	pace_tua
radiotherapy	CTDC-PARTICIPANT-104574	CTDC-RADIOTHERAPY-947717	scientia_et_labor	nascentes_morimur_finisque_ab_origine_pendet	scientia_imperii_decus_et_tutamen	sapiens_qui_prospicit	scientia_et_labor	id_quod_plerumque_accidit	958	431	Stable Disease	damnant_quod_non_intellegunt
radiotherapy	CTDC-PARTICIPANT-521195	CTDC-RADIOTHERAPY-233047	labor_ipse_voluptas	nanos_gigantum_humeris_insidentes	e_causa_ignota	nascentes_morimur_finisque_ab_origine_pendet	scientia,_aere_perennius	scientia,_aere_perennius	755	284	Partial Response	scientia_et_labor
radiotherapy	CTDC-PARTICIPANT-521195	CTDC-RADIOTHERAPY-829890	cacatum_non_est_pictum	sapiens_qui_prospicit	scientiae_et_patriae	Macte_animo_Generose_puer_sic_itur_ad_astra	a_bene_placito	scientia_et_sapientia	793	472	Less than partial response	scientia,_aere_perennius
radiotherapy	CTDC-PARTICIPANT-718725	CTDC-RADIOTHERAPY-424759	labor_ipse_voluptas	nascentes_morimur_finisque_ab_origine_pendet	sapiens_qui_prospicit	haec_olim_meminisse_iuvabit	e_causa_ignota	id_quod_plerumque_accidit	951	932	Progressive Disease	haec_olim_meminisse_iuvabit
radiotherapy	CTDC-PARTICIPANT-718725	CTDC-RADIOTHERAPY-632111	sapiens_qui_prospicit	e_causa_ignota	pace_tua	Obedientia_civium_urbis_felicitas	haec_olim_meminisse_iuvabit	scientia_et_sapientia	281	517	Not Assessed	pace_tua
radiotherapy	CTDC-PARTICIPANT-801137	CTDC-RADIOTHERAPY-662934	faber_est_suae_quisque_fortunae	faber_est_suae_quisque_fortunae	scientiae_cedit_mare	scientia_et_labor	O_Tite_tute_Tati_tibi_tanta_tyranne_tulisti	sapiens_qui_prospicit	116	871	Unknown	Macte_animo_Generose_puer_sic_itur_ad_astra
radiotherapy	CTDC-PARTICIPANT-801137	CTDC-RADIOTHERAPY-481845	nascentes_morimur_finisque_ab_origine_pendet	Obedientia_civium_urbis_felicitas	id_quod_plerumque_accidit	haec_olim_meminisse_iuvabit	imperium_in_imperio	Macte_animo_Generose_puer_sic_itur_ad_astra	210	338	Too Early	Gallia_est_omnis_divisa_in_partes_tres
radiotherapy	CTDC-PARTICIPANT-602888	CTDC-RADIOTHERAPY-822721	sapiens_qui_prospicit	Obedientia_civium_urbis_felicitas	e_causa_ignota	Gallia_est_omnis_divisa_in_partes_tres	scientia_et_labor	Macte_animo_Generose_puer_sic_itur_ad_astra	687	76	Not Assessed	faber_est_suae_quisque_fortunae
radiotherapy	CTDC-PARTICIPANT-602888	CTDC-RADIOTHERAPY-616178	nascentes_morimur_finisque_ab_origine_pendet	scientia_et_sapientia	scientia_et_labor	saltus_in_demonstrando	scientia_imperii_decus_et_tutamen	Obedientia_civium_urbis_felicitas	603	169	Progressive Disease	scientia,_aere_perennius
radiotherapy	CTDC-PARTICIPANT-585644	CTDC-RADIOTHERAPY-126195	scientia_imperii_decus_et_tutamen	sapiens_qui_prospicit	haec_olim_meminisse_iuvabit	pace_tua	a_bene_placito	saltus_in_demonstrando	633	624	Unknown	Obedientia_civium_urbis_felicitas
radiotherapy	CTDC-PARTICIPANT-585644	CTDC-RADIOTHERAPY-693281	id_quod_plerumque_accidit	barba_crescit_caput_nescit	labor_ipse_voluptas	damnant_quod_non_intellegunt	sapiens_qui_prospicit	e_causa_ignota	161	206	Less than partial response	scientiae_cedit_mare
radiotherapy	CTDC-PARTICIPANT-923159	CTDC-RADIOTHERAPY-757549	scientiae_cedit_mare	id_quod_plerumque_accidit	Macte_animo_Generose_puer_sic_itur_ad_astra	scientiae_cedit_mare	Obedientia_civium_urbis_felicitas	scientia_et_sapientia	933	965	Stable Disease	O_Tite_tute_Tati_tibi_tanta_tyranne_tulisti
radiotherapy	CTDC-PARTICIPANT-923159	CTDC-RADIOTHERAPY-678642	scientia_et_labor	scientiae_et_patriae	nascentes_morimur_finisque_ab_origine_pendet	scientia_imperii_decus_et_tutamen	sapiens_qui_prospicit	Obedientia_civium_urbis_felicitas	541	424	Progressive Disease	sapiens_qui_prospicit
radiotherapy	CTDC-PARTICIPANT-796918	CTDC-RADIOTHERAPY-156473	labor_ipse_voluptas	e_causa_ignota	nascentes_morimur_finisque_ab_origine_pendet	e_causa_ignota	labor_ipse_voluptas	scientiae_et_patriae	836	582	Too Early	barba_crescit_caput_nescit
radiotherapy	CTDC-PARTICIPANT-796918	CTDC-RADIOTHERAPY-875223	nanos_gigantum_humeris_insidentes	pace_tua	haec_olim_meminisse_iuvabit	sapiens_qui_prospicit	e_causa_ignota	sapiens_qui_prospicit	200	24	Less than partial response	sapiens_qui_prospicit
radiotherapy	CTDC-PARTICIPANT-646131	CTDC-RADIOTHERAPY-192309	scientiae_cedit_mare	scientia_et_labor	scientia_et_sapientia	scientiae_cedit_mare	scientiae_et_patriae	saltus_in_demonstrando	944	762	Partial Response	Obedientia_civium_urbis_felicitas
radiotherapy	CTDC-PARTICIPANT-646131	CTDC-RADIOTHERAPY-195816	salus_in_arduis	imperium_in_imperio	scientia_imperii_decus_et_tutamen	Obedientia_civium_urbis_felicitas	haec_olim_meminisse_iuvabit	faber_est_suae_quisque_fortunae	896	705	Progressive Disease	sapiens_qui_prospicit
radiotherapy	CTDC-PARTICIPANT-965448	CTDC-RADIOTHERAPY-167752	sapiens_qui_prospicit	salus_in_arduis	id_quod_plerumque_accidit	a_bene_placito	barba_crescit_caput_nescit	imperium_in_imperio	612	270	Complete Response	scientia_imperii_decus_et_tutamen
radiotherapy	CTDC-PARTICIPANT-965448	CTDC-RADIOTHERAPY-752237	haec_olim_meminisse_iuvabit	labor_ipse_voluptas	scientia,_aere_perennius	saltus_in_demonstrando	scientiae_cedit_mare	barba_crescit_caput_nescit	580	698	Stable Disease	labor_ipse_voluptas
radiotherapy	CTDC-PARTICIPANT-830794	CTDC-RADIOTHERAPY-964786	scientia,_aere_perennius	id_quod_plerumque_accidit	e_causa_ignota	sapiens_qui_prospicit	saltus_in_demonstrando	scientia_et_labor	623	133	Too Early	sapiens_qui_prospicit
radiotherapy	CTDC-PARTICIPANT-830794	CTDC-RADIOTHERAPY-867705	saltus_in_demonstrando	scientia,_aere_perennius	a_bene_placito	nanos_gigantum_humeris_insidentes	labor_ipse_voluptas	scientia,_aere_perennius	351	983	Not Assessed	a_bene_placito
radiotherapy	CTDC-PARTICIPANT-405569	CTDC-RADIOTHERAPY-845284	saltus_in_demonstrando	imperium_in_imperio	scientia,_aere_perennius	saltus_in_demonstrando	faber_est_suae_quisque_fortunae	id_quod_plerumque_accidit	358	672	Not Evaluable	labor_ipse_voluptas
radiotherapy	CTDC-PARTICIPANT-405569	CTDC-RADIOTHERAPY-708259	scientia,_aere_perennius	e_causa_ignota	Gallia_est_omnis_divisa_in_partes_tres	scientia_et_sapientia	scientia,_aere_perennius	salus_in_arduis	228	522	Partial Response	salus_in_arduis
radiotherapy	CTDC-PARTICIPANT-389280	CTDC-RADIOTHERAPY-861146	scientia_et_sapientia	sapiens_qui_prospicit	faber_est_suae_quisque_fortunae	saltus_in_demonstrando	id_quod_plerumque_accidit	pace_tua	154	388	Unknown	cacatum_non_est_pictum
radiotherapy	CTDC-PARTICIPANT-389280	CTDC-RADIOTHERAPY-910400	imperium_in_imperio	barba_crescit_caput_nescit	pace_tua	e_causa_ignota	O_Tite_tute_Tati_tibi_tanta_tyranne_tulisti	nascentes_morimur_finisque_ab_origine_pendet	913	58	Too Early	sapiens_qui_prospicit
radiotherapy	CTDC-PARTICIPANT-415492	CTDC-RADIOTHERAPY-988866	sapiens_qui_prospicit	e_causa_ignota	a_bene_placito	nanos_gigantum_humeris_insidentes	Gallia_est_omnis_divisa_in_partes_tres	Macte_animo_Generose_puer_sic_itur_ad_astra	751	736	Unknown	scientiae_cedit_mare
radiotherapy	CTDC-PARTICIPANT-415492	CTDC-RADIOTHERAPY-645020	damnant_quod_non_intellegunt	scientia_et_sapientia	faber_est_suae_quisque_fortunae	haec_olim_meminisse_iuvabit	haec_olim_meminisse_iuvabit	haec_olim_meminisse_iuvabit	364	42	Less than partial response	nascentes_morimur_finisque_ab_origine_pendet
radiotherapy	CTDC-PARTICIPANT-450156	CTDC-RADIOTHERAPY-104482	Macte_animo_Generose_puer_sic_itur_ad_astra	faber_est_suae_quisque_fortunae	Obedientia_civium_urbis_felicitas	haec_olim_meminisse_iuvabit	id_quod_plerumque_accidit	nascentes_morimur_finisque_ab_origine_pendet	579	133	Progressive Disease	Obedientia_civium_urbis_felicitas
radiotherapy	CTDC-PARTICIPANT-450156	CTDC-RADIOTHERAPY-696193	barba_crescit_caput_nescit	nanos_gigantum_humeris_insidentes	scientia_imperii_decus_et_tutamen	O_Tite_tute_Tati_tibi_tanta_tyranne_tulisti	saltus_in_demonstrando	nanos_gigantum_humeris_insidentes	278	616	Progressive Disease	Gallia_est_omnis_divisa_in_partes_tres
radiotherapy	CTDC-PARTICIPANT-842600	CTDC-RADIOTHERAPY-626272	nanos_gigantum_humeris_insidentes	nascentes_morimur_finisque_ab_origine_pendet	salus_in_arduis	scientia_imperii_decus_et_tutamen	salus_in_arduis	labor_ipse_voluptas	301	504	Stable Disease	scientia_imperii_decus_et_tutamen
radiotherapy	CTDC-PARTICIPANT-842600	CTDC-RADIOTHERAPY-612443	scientiae_cedit_mare	saltus_in_demonstrando	scientia,_aere_perennius	faber_est_suae_quisque_fortunae	haec_olim_meminisse_iuvabit	imperium_in_imperio	910	292	Progressive Disease	imperium_in_imperio
radiotherapy	CTDC-PARTICIPANT-804006	CTDC-RADIOTHERAPY-677725	scientia,_aere_perennius	nanos_gigantum_humeris_insidentes	salus_in_arduis	scientia,_aere_perennius	sapiens_qui_prospicit	Gallia_est_omnis_divisa_in_partes_tres	633	727	Progressive Disease	damnant_quod_non_intellegunt
radiotherapy	CTDC-PARTICIPANT-804006	CTDC-RADIOTHERAPY-192060	Gallia_est_omnis_divisa_in_partes_tres	nanos_gigantum_humeris_insidentes	a_bene_placito	salus_in_arduis	O_Tite_tute_Tati_tibi_tanta_tyranne_tulisti	faber_est_suae_quisque_fortunae	316	96	Too Early	barba_crescit_caput_nescit
radiotherapy	CTDC-PARTICIPANT-794571	CTDC-RADIOTHERAPY-434133	faber_est_suae_quisque_fortunae	Obedientia_civium_urbis_felicitas	scientiae_cedit_mare	saltus_in_demonstrando	imperium_in_imperio	Macte_animo_Generose_puer_sic_itur_ad_astra	672	476	Complete Response	nanos_gigantum_humeris_insidentes
radiotherapy	CTDC-PARTICIPANT-794571	CTDC-RADIOTHERAPY-402153	e_causa_ignota	id_quod_plerumque_accidit	nanos_gigantum_humeris_insidentes	imperium_in_imperio	haec_olim_meminisse_iuvabit	damnant_quod_non_intellegunt	180	783	Too Early	e_causa_ignota
radiotherapy	CTDC-PARTICIPANT-912680	CTDC-RADIOTHERAPY-773971	faber_est_suae_quisque_fortunae	scientiae_et_patriae	cacatum_non_est_pictum	Obedientia_civium_urbis_felicitas	barba_crescit_caput_nescit	nascentes_morimur_finisque_ab_origine_pendet	33	35	Progressive Disease	labor_ipse_voluptas
radiotherapy	CTDC-PARTICIPANT-912680	CTDC-RADIOTHERAPY-836497	faber_est_suae_quisque_fortunae	scientiae_et_patriae	saltus_in_demonstrando	Gallia_est_omnis_divisa_in_partes_tres	imperium_in_imperio	scientia_imperii_decus_et_tutamen	498	500	Unknown	cacatum_non_est_pictum
radiotherapy	CTDC-PARTICIPANT-260687	CTDC-RADIOTHERAPY-689895	damnant_quod_non_intellegunt	scientia_et_labor	scientia_et_sapientia	nascentes_morimur_finisque_ab_origine_pendet	scientia_et_labor	scientia_imperii_decus_et_tutamen	743	654	Progressive Disease	imperium_in_imperio
radiotherapy	CTDC-PARTICIPANT-260687	CTDC-RADIOTHERAPY-939140	haec_olim_meminisse_iuvabit	scientiae_et_patriae	nascentes_morimur_finisque_ab_origine_pendet	scientia_et_labor	scientia_et_sapientia	e_causa_ignota	120	45	Too Early	sapiens_qui_prospicit
radiotherapy	CTDC-PARTICIPANT-513003	CTDC-RADIOTHERAPY-540106	sapiens_qui_prospicit	saltus_in_demonstrando	nascentes_morimur_finisque_ab_origine_pendet	a_bene_placito	scientia_et_sapientia	scientia_et_labor	251	405	Progressive Disease	imperium_in_imperio
radiotherapy	CTDC-PARTICIPANT-513003	CTDC-RADIOTHERAPY-304081	labor_ipse_voluptas	id_quod_plerumque_accidit	labor_ipse_voluptas	salus_in_arduis	scientia_et_labor	sapiens_qui_prospicit	134	379	Stable Disease	salus_in_arduis
radiotherapy	CTDC-PARTICIPANT-985753	CTDC-RADIOTHERAPY-311380	id_quod_plerumque_accidit	pace_tua	Obedientia_civium_urbis_felicitas	haec_olim_meminisse_iuvabit	id_quod_plerumque_accidit	Macte_animo_Generose_puer_sic_itur_ad_astra	526	155	Less than partial response	labor_ipse_voluptas
radiotherapy	CTDC-PARTICIPANT-985753	CTDC-RADIOTHERAPY-919758	scientia_imperii_decus_et_tutamen	faber_est_suae_quisque_fortunae	imperium_in_imperio	imperium_in_imperio	barba_crescit_caput_nescit	Gallia_est_omnis_divisa_in_partes_tres	311	260	Complete Response	e_causa_ignota
radiotherapy	CTDC-PARTICIPANT-576238	CTDC-RADIOTHERAPY-971271	scientia,_aere_perennius	imperium_in_imperio	damnant_quod_non_intellegunt	scientia_et_sapientia	scientiae_cedit_mare	imperium_in_imperio	925	653	Unknown	scientiae_et_patriae
radiotherapy	CTDC-PARTICIPANT-576238	CTDC-RADIOTHERAPY-641154	barba_crescit_caput_nescit	e_causa_ignota	imperium_in_imperio	labor_ipse_voluptas	imperium_in_imperio	scientiae_cedit_mare	954	141	Less than partial response	damnant_quod_non_intellegunt
radiotherapy	CTDC-PARTICIPANT-538281	CTDC-RADIOTHERAPY-458170	haec_olim_meminisse_iuvabit	scientiae_cedit_mare	nascentes_morimur_finisque_ab_origine_pendet	barba_crescit_caput_nescit	haec_olim_meminisse_iuvabit	id_quod_plerumque_accidit	47	955	Stable Disease	scientia_imperii_decus_et_tutamen
radiotherapy	CTDC-PARTICIPANT-538281	CTDC-RADIOTHERAPY-192772	O_Tite_tute_Tati_tibi_tanta_tyranne_tulisti	Macte_animo_Generose_puer_sic_itur_ad_astra	Obedientia_civium_urbis_felicitas	haec_olim_meminisse_iuvabit	barba_crescit_caput_nescit	a_bene_placito	693	427	Partial Response	Macte_animo_Generose_puer_sic_itur_ad_astra
radiotherapy	CTDC-PARTICIPANT-567163	CTDC-RADIOTHERAPY-198043	nascentes_morimur_finisque_ab_origine_pendet	scientiae_et_patriae	nascentes_morimur_finisque_ab_origine_pendet	saltus_in_demonstrando	barba_crescit_caput_nescit	Obedientia_civium_urbis_felicitas	809	263	Unknown	scientia,_aere_perennius
radiotherapy	CTDC-PARTICIPANT-567163	CTDC-RADIOTHERAPY-576005	a_bene_placito	labor_ipse_voluptas	scientia_imperii_decus_et_tutamen	a_bene_placito	O_Tite_tute_Tati_tibi_tanta_tyranne_tulisti	cacatum_non_est_pictum	734	38	Too Early	damnant_quod_non_intellegunt
radiotherapy	CTDC-PARTICIPANT-375688	CTDC-RADIOTHERAPY-303847	faber_est_suae_quisque_fortunae	e_causa_ignota	a_bene_placito	saltus_in_demonstrando	pace_tua	scientia_imperii_decus_et_tutamen	408	831	Complete Response	cacatum_non_est_pictum
radiotherapy	CTDC-PARTICIPANT-375688	CTDC-RADIOTHERAPY-592294	scientiae_cedit_mare	e_causa_ignota	nascentes_morimur_finisque_ab_origine_pendet	scientia,_aere_perennius	cacatum_non_est_pictum	scientia,_aere_perennius	604	877	Stable Disease	faber_est_suae_quisque_fortunae
radiotherapy	CTDC-PARTICIPANT-842152	CTDC-RADIOTHERAPY-962155	e_causa_ignota	haec_olim_meminisse_iuvabit	scientiae_cedit_mare	O_Tite_tute_Tati_tibi_tanta_tyranne_tulisti	cacatum_non_est_pictum	saltus_in_demonstrando	765	698	Progressive Disease	saltus_in_demonstrando
radiotherapy	CTDC-PARTICIPANT-842152	CTDC-RADIOTHERAPY-990181	Obedientia_civium_urbis_felicitas	id_quod_plerumque_accidit	haec_olim_meminisse_iuvabit	nanos_gigantum_humeris_insidentes	salus_in_arduis	cacatum_non_est_pictum	619	559	Unknown	nanos_gigantum_humeris_insidentes
radiotherapy	CTDC-PARTICIPANT-100029	CTDC-RADIOTHERAPY-816812	haec_olim_meminisse_iuvabit	imperium_in_imperio	cacatum_non_est_pictum	scientia,_aere_perennius	Obedientia_civium_urbis_felicitas	barba_crescit_caput_nescit	661	878	Progressive Disease	Macte_animo_Generose_puer_sic_itur_ad_astra
radiotherapy	CTDC-PARTICIPANT-100029	CTDC-RADIOTHERAPY-986345	Obedientia_civium_urbis_felicitas	saltus_in_demonstrando	O_Tite_tute_Tati_tibi_tanta_tyranne_tulisti	barba_crescit_caput_nescit	Obedientia_civium_urbis_felicitas	nascentes_morimur_finisque_ab_origine_pendet	802	940	Complete Response	saltus_in_demonstrando
radiotherapy	CTDC-PARTICIPANT-141020	CTDC-RADIOTHERAPY-898830	Obedientia_civium_urbis_felicitas	scientia_et_sapientia	Obedientia_civium_urbis_felicitas	barba_crescit_caput_nescit	scientiae_cedit_mare	salus_in_arduis	551	200	Not Evaluable	faber_est_suae_quisque_fortunae
radiotherapy	CTDC-PARTICIPANT-141020	CTDC-RADIOTHERAPY-620392	cacatum_non_est_pictum	Macte_animo_Generose_puer_sic_itur_ad_astra	saltus_in_demonstrando	labor_ipse_voluptas	barba_crescit_caput_nescit	scientia_et_sapientia	877	720	Unknown	labor_ipse_voluptas
radiotherapy	CTDC-PARTICIPANT-380809	CTDC-RADIOTHERAPY-682301	Macte_animo_Generose_puer_sic_itur_ad_astra	cacatum_non_est_pictum	O_Tite_tute_Tati_tibi_tanta_tyranne_tulisti	cacatum_non_est_pictum	salus_in_arduis	saltus_in_demonstrando	722	696	Stable Disease	Obedientia_civium_urbis_felicitas
radiotherapy	CTDC-PARTICIPANT-380809	CTDC-RADIOTHERAPY-570792	scientia_et_labor	cacatum_non_est_pictum	scientiae_cedit_mare	labor_ipse_voluptas	labor_ipse_voluptas	scientia,_aere_perennius	617	268	Not Assessed	barba_crescit_caput_nescit
radiotherapy	CTDC-PARTICIPANT-756502	CTDC-RADIOTHERAPY-436887	scientia_et_sapientia	e_causa_ignota	barba_crescit_caput_nescit	pace_tua	id_quod_plerumque_accidit	imperium_in_imperio	791	920	Too Early	scientia_imperii_decus_et_tutamen
radiotherapy	CTDC-PARTICIPANT-756502	CTDC-RADIOTHERAPY-579683	scientia_imperii_decus_et_tutamen	nanos_gigantum_humeris_insidentes	scientia_et_labor	scientiae_cedit_mare	sapiens_qui_prospicit	salus_in_arduis	26	341	Not Evaluable	scientiae_et_patriae
radiotherapy	CTDC-PARTICIPANT-616347	CTDC-RADIOTHERAPY-411474	a_bene_placito	faber_est_suae_quisque_fortunae	scientia_et_labor	Gallia_est_omnis_divisa_in_partes_tres	haec_olim_meminisse_iuvabit	e_causa_ignota	877	19	Not Assessed	id_quod_plerumque_accidit
radiotherapy	CTDC-PARTICIPANT-616347	CTDC-RADIOTHERAPY-988705	O_Tite_tute_Tati_tibi_tanta_tyranne_tulisti	saltus_in_demonstrando	Macte_animo_Generose_puer_sic_itur_ad_astra	scientia_imperii_decus_et_tutamen	salus_in_arduis	e_causa_ignota	405	716	Not Evaluable	O_Tite_tute_Tati_tibi_tanta_tyranne_tulisti
radiotherapy	CTDC-PARTICIPANT-631268	CTDC-RADIOTHERAPY-233833	imperium_in_imperio	barba_crescit_caput_nescit	damnant_quod_non_intellegunt	Obedientia_civium_urbis_felicitas	sapiens_qui_prospicit	scientia_et_labor	310	852	Progressive Disease	Obedientia_civium_urbis_felicitas
radiotherapy	CTDC-PARTICIPANT-631268	CTDC-RADIOTHERAPY-712302	id_quod_plerumque_accidit	scientia_et_labor	O_Tite_tute_Tati_tibi_tanta_tyranne_tulisti	a_bene_placito	a_bene_placito	imperium_in_imperio	125	475	Unknown	scientia_imperii_decus_et_tutamen
radiotherapy	CTDC-PARTICIPANT-683397	CTDC-RADIOTHERAPY-165678	nanos_gigantum_humeris_insidentes	Obedientia_civium_urbis_felicitas	scientiae_cedit_mare	labor_ipse_voluptas	scientia_et_labor	cacatum_non_est_pictum	732	864	Stable Disease	scientiae_cedit_mare
radiotherapy	CTDC-PARTICIPANT-683397	CTDC-RADIOTHERAPY-804110	barba_crescit_caput_nescit	Macte_animo_Generose_puer_sic_itur_ad_astra	scientiae_cedit_mare	faber_est_suae_quisque_fortunae	e_causa_ignota	faber_est_suae_quisque_fortunae	671	122	Not Assessed	Macte_animo_Generose_puer_sic_itur_ad_astra
radiotherapy	CTDC-PARTICIPANT-870495	CTDC-RADIOTHERAPY-392681	Obedientia_civium_urbis_felicitas	saltus_in_demonstrando	saltus_in_demonstrando	faber_est_suae_quisque_fortunae	pace_tua	Obedientia_civium_urbis_felicitas	260	36	Complete Response	scientia_imperii_decus_et_tutamen
radiotherapy	CTDC-PARTICIPANT-870495	CTDC-RADIOTHERAPY-795486	barba_crescit_caput_nescit	pace_tua	a_bene_placito	Obedientia_civium_urbis_felicitas	scientiae_cedit_mare	Gallia_est_omnis_divisa_in_partes_tres	365	210	Complete Response	nascentes_morimur_finisque_ab_origine_pendet
radiotherapy	CTDC-PARTICIPANT-169247	CTDC-RADIOTHERAPY-731065	scientia_et_labor	barba_crescit_caput_nescit	labor_ipse_voluptas	salus_in_arduis	pace_tua	pace_tua	571	598	Not Evaluable	nanos_gigantum_humeris_insidentes
radiotherapy	CTDC-PARTICIPANT-169247	CTDC-RADIOTHERAPY-748189	pace_tua	haec_olim_meminisse_iuvabit	salus_in_arduis	labor_ipse_voluptas	e_causa_ignota	scientiae_et_patriae	278	886	Not Evaluable	scientia_et_labor
radiotherapy	CTDC-PARTICIPANT-242464	CTDC-RADIOTHERAPY-755263	haec_olim_meminisse_iuvabit	cacatum_non_est_pictum	Gallia_est_omnis_divisa_in_partes_tres	damnant_quod_non_intellegunt	id_quod_plerumque_accidit	nascentes_morimur_finisque_ab_origine_pendet	373	47	Not Assessed	imperium_in_imperio
radiotherapy	CTDC-PARTICIPANT-242464	CTDC-RADIOTHERAPY-650833	damnant_quod_non_intellegunt	scientia_imperii_decus_et_tutamen	id_quod_plerumque_accidit	cacatum_non_est_pictum	barba_crescit_caput_nescit	saltus_in_demonstrando	51	469	Complete Response	Macte_animo_Generose_puer_sic_itur_ad_astra
radiotherapy	CTDC-PARTICIPANT-653360	CTDC-RADIOTHERAPY-162604	salus_in_arduis	id_quod_plerumque_accidit	scientia_et_labor	barba_crescit_caput_nescit	a_bene_placito	imperium_in_imperio	225	485	Not Assessed	nanos_gigantum_humeris_insidentes
radiotherapy	CTDC-PARTICIPANT-653360	CTDC-RADIOTHERAPY-513276	e_causa_ignota	e_causa_ignota	salus_in_arduis	nascentes_morimur_finisque_ab_origine_pendet	sapiens_qui_prospicit	scientiae_cedit_mare	562	776	Not Assessed	damnant_quod_non_intellegunt
radiotherapy	CTDC-PARTICIPANT-643257	CTDC-RADIOTHERAPY-426748	cacatum_non_est_pictum	barba_crescit_caput_nescit	scientia,_aere_perennius	salus_in_arduis	scientiae_cedit_mare	labor_ipse_voluptas	902	168	Progressive Disease	damnant_quod_non_intellegunt
radiotherapy	CTDC-PARTICIPANT-643257	CTDC-RADIOTHERAPY-492361	saltus_in_demonstrando	labor_ipse_voluptas	damnant_quod_non_intellegunt	scientia_et_sapientia	scientia_et_labor	pace_tua	761	976	Unknown	saltus_in_demonstrando
radiotherapy	CTDC-PARTICIPANT-516787	CTDC-RADIOTHERAPY-212504	sapiens_qui_prospicit	faber_est_suae_quisque_fortunae	scientiae_et_patriae	scientia,_aere_perennius	salus_in_arduis	nanos_gigantum_humeris_insidentes	996	296	Less than partial response	haec_olim_meminisse_iuvabit
radiotherapy	CTDC-PARTICIPANT-516787	CTDC-RADIOTHERAPY-869641	Gallia_est_omnis_divisa_in_partes_tres	faber_est_suae_quisque_fortunae	salus_in_arduis	nascentes_morimur_finisque_ab_origine_pendet	pace_tua	scientia_et_sapientia	165	445	Stable Disease	scientia_et_sapientia
radiotherapy	CTDC-PARTICIPANT-152632	CTDC-RADIOTHERAPY-648313	nanos_gigantum_humeris_insidentes	scientia,_aere_perennius	O_Tite_tute_Tati_tibi_tanta_tyranne_tulisti	e_causa_ignota	id_quod_plerumque_accidit	nanos_gigantum_humeris_insidentes	817	920	Unknown	salus_in_arduis
radiotherapy	CTDC-PARTICIPANT-152632	CTDC-RADIOTHERAPY-134542	imperium_in_imperio	scientia,_aere_perennius	scientia,_aere_perennius	Gallia_est_omnis_divisa_in_partes_tres	cacatum_non_est_pictum	Macte_animo_Generose_puer_sic_itur_ad_astra	942	820	Complete Response	scientia_imperii_decus_et_tutamen
radiotherapy	CTDC-PARTICIPANT-110623	CTDC-RADIOTHERAPY-269508	pace_tua	scientia,_aere_perennius	scientia_imperii_decus_et_tutamen	scientia_et_labor	Macte_animo_Generose_puer_sic_itur_ad_astra	Obedientia_civium_urbis_felicitas	769	235	Not Evaluable	Obedientia_civium_urbis_felicitas
radiotherapy	CTDC-PARTICIPANT-110623	CTDC-RADIOTHERAPY-441382	damnant_quod_non_intellegunt	pace_tua	a_bene_placito	saltus_in_demonstrando	id_quod_plerumque_accidit	scientiae_et_patriae	97	747	Not Assessed	sapiens_qui_prospicit
radiotherapy	CTDC-PARTICIPANT-681780	CTDC-RADIOTHERAPY-685435	id_quod_plerumque_accidit	haec_olim_meminisse_iuvabit	scientia,_aere_perennius	Macte_animo_Generose_puer_sic_itur_ad_astra	e_causa_ignota	barba_crescit_caput_nescit	119	509	Stable Disease	salus_in_arduis
radiotherapy	CTDC-PARTICIPANT-681780	CTDC-RADIOTHERAPY-447932	faber_est_suae_quisque_fortunae	faber_est_suae_quisque_fortunae	saltus_in_demonstrando	scientia_imperii_decus_et_tutamen	haec_olim_meminisse_iuvabit	salus_in_arduis	83	975	Complete Response	scientia_et_sapientia
radiotherapy	CTDC-PARTICIPANT-913252	CTDC-RADIOTHERAPY-424921	nanos_gigantum_humeris_insidentes	Obedientia_civium_urbis_felicitas	damnant_quod_non_intellegunt	scientia_et_sapientia	pace_tua	e_causa_ignota	96	818	Stable Disease	scientia,_aere_perennius
radiotherapy	CTDC-PARTICIPANT-913252	CTDC-RADIOTHERAPY-630629	saltus_in_demonstrando	labor_ipse_voluptas	saltus_in_demonstrando	e_causa_ignota	O_Tite_tute_Tati_tibi_tanta_tyranne_tulisti	haec_olim_meminisse_iuvabit	619	328	Less than partial response	labor_ipse_voluptas
radiotherapy	CTDC-PARTICIPANT-958510	CTDC-RADIOTHERAPY-267880	scientiae_et_patriae	faber_est_suae_quisque_fortunae	saltus_in_demonstrando	scientiae_cedit_mare	damnant_quod_non_intellegunt	Obedientia_civium_urbis_felicitas	767	769	Complete Response	pace_tua
radiotherapy	CTDC-PARTICIPANT-958510	CTDC-RADIOTHERAPY-331454	faber_est_suae_quisque_fortunae	Obedientia_civium_urbis_felicitas	pace_tua	e_causa_ignota	scientiae_et_patriae	Macte_animo_Generose_puer_sic_itur_ad_astra	291	335	Complete Response	scientia_et_sapientia
