type	participant.participant_id	specimen_record_id	specimen_type	specimen_category	anatomical_collection_site	tissue_category	assessment_timepoint	collection_date	crdc_id
specimen	CTDC-PARTICIPANT-285902	CTDC-SPECIMEN-524015	Cell Block	FORMALIN FIXED PARAFFIN EMBEDDED TISSUE	O_Tite_tute_Tati_tibi_tanta_tyranne_tulisti	Adjacent Non-Tumor	Progression (Fresh)	917.99	a_bene_placito
specimen	CTDC-PARTICIPANT-285902	CTDC-SPECIMEN-238879	Snap Frozen Tissue	CEREBROSPINAL FLUID	Macte_animo_Generose_puer_sic_itur_ad_astra	Normal	ARCHIVAL	947.61	saltus_in_demonstrando
specimen	CTDC-PARTICIPANT-395041	CTDC-SPECIMEN-997661	Formalin Bone Marrow Biopsy	Frozen Tissue	a_bene_placito	Adjacent Non-Tumor	On Treatment (Fresh)	732.22	damnant_quod_non_intellegunt
specimen	CTDC-PARTICIPANT-395041	CTDC-SPECIMEN-366067	Streck Blood	FORMALIN FIXED TISSUE	cacatum_non_est_pictum	Adjacent Non-Tumor	Baseline (Fresh)	868.91	sapiens_qui_prospicit
specimen	CTDC-PARTICIPANT-848303	CTDC-SPECIMEN-711449	Formalin Bone Marrow Biopsy	STOOL	haec_olim_meminisse_iuvabit	Adjacent Non-Tumor	PROGRESSION	786.11	damnant_quod_non_intellegunt
specimen	CTDC-PARTICIPANT-848303	CTDC-SPECIMEN-797321	Streck Blood to VARI	BUCCAL CELL SAMPLE	faber_est_suae_quisque_fortunae	Adjacent Non-Tumor	ARCHIVAL	220.32	nascentes_morimur_finisque_ab_origine_pendet
specimen	CTDC-PARTICIPANT-818056	CTDC-SPECIMEN-235154	EDTA Blood	BONE MARROW	scientia_et_sapientia	Metastatic	On Treatment (Fresh)	755.93	saltus_in_demonstrando
specimen	CTDC-PARTICIPANT-818056	CTDC-SPECIMEN-963340	Stained Bone Marrow Aspirate Slide	FORMALIN FIXED PARAFFIN EMBEDDED TISSUE	sapiens_qui_prospicit	Adjacent Non-Tumor	On Treatment (Fresh)	86.22	haec_olim_meminisse_iuvabit
specimen	CTDC-PARTICIPANT-114136	CTDC-SPECIMEN-795591	FFPE Block	Blood	cacatum_non_est_pictum	Normal	Archival	12.76	Macte_animo_Generose_puer_sic_itur_ad_astra
specimen	CTDC-PARTICIPANT-114136	CTDC-SPECIMEN-354918	Stained Bone Marrow Aspirate Slide	BONE MARROW	saltus_in_demonstrando	Primary	BASELINE	813.07	O_Tite_tute_Tati_tibi_tanta_tyranne_tulisti
specimen	CTDC-PARTICIPANT-422576	CTDC-SPECIMEN-223308	Streck Blood	Formalin Fixed Tissue	nascentes_morimur_finisque_ab_origine_pendet	Normal	ARCHIVAL	537.49	barba_crescit_caput_nescit
specimen	CTDC-PARTICIPANT-422576	CTDC-SPECIMEN-169245	Streck Blood to VARI	FORMALIN FIXED TISSUE	scientia_imperii_decus_et_tutamen	Primary	Post-Treatment (No progression)	32.48	O_Tite_tute_Tati_tibi_tanta_tyranne_tulisti
specimen	CTDC-PARTICIPANT-818047	CTDC-SPECIMEN-426608	Unstained Bone Marrow Aspirate Slide	CEREBROSPINAL FLUID	scientia,_aere_perennius	Normal	BASELINE	744.21	saltus_in_demonstrando
specimen	CTDC-PARTICIPANT-818047	CTDC-SPECIMEN-226497	Formalin Bone Marrow Biopsy	Formalin Fixed Tissue	damnant_quod_non_intellegunt	Adjacent Non-Tumor	Baseline (Fresh)	593.65	scientia_et_labor
specimen	CTDC-PARTICIPANT-896665	CTDC-SPECIMEN-650571	Formalin Fixed Tissue	Frozen Tissue	O_Tite_tute_Tati_tibi_tanta_tyranne_tulisti	Primary	On Treatment (Fresh)	788.03	Macte_animo_Generose_puer_sic_itur_ad_astra
specimen	CTDC-PARTICIPANT-896665	CTDC-SPECIMEN-896378	Cell Block	Fresh Tissue	saltus_in_demonstrando	Metastatic	On Treatment (Fresh)	935.71	scientiae_cedit_mare
specimen	CTDC-PARTICIPANT-562413	CTDC-SPECIMEN-483618	EDTA Blood	STOOL	cacatum_non_est_pictum	Primary	PROGRESSION	396.66	id_quod_plerumque_accidit
specimen	CTDC-PARTICIPANT-562413	CTDC-SPECIMEN-523424	Streck Blood	CEREBROSPINAL FLUID	barba_crescit_caput_nescit	Adjacent Non-Tumor	Baseline (Fresh)	980.42	damnant_quod_non_intellegunt
specimen	CTDC-PARTICIPANT-216011	CTDC-SPECIMEN-887089	Formalin Bone Marrow Biopsy	BUCCAL CELL SAMPLE	pace_tua	Metastatic	Baseline (Fresh)	765.56	Gallia_est_omnis_divisa_in_partes_tres
specimen	CTDC-PARTICIPANT-216011	CTDC-SPECIMEN-362335	Unstained Bone Marrow Aspirate Slide	URINE	scientia_imperii_decus_et_tutamen	Metastatic	BASELINE	497.55	id_quod_plerumque_accidit
specimen	CTDC-PARTICIPANT-847934	CTDC-SPECIMEN-962713	EDTA Blood	Blood	O_Tite_tute_Tati_tibi_tanta_tyranne_tulisti	Normal	Post-Treatment (No progression)	811.86	scientia_et_sapientia
specimen	CTDC-PARTICIPANT-847934	CTDC-SPECIMEN-805813	Unstained Slide	Frozen Tissue	salus_in_arduis	Metastatic	Archival	767.36	labor_ipse_voluptas
specimen	CTDC-PARTICIPANT-630851	CTDC-SPECIMEN-742475	Snap Frozen Tissue	FROZEN TISSUE	Obedientia_civium_urbis_felicitas	Primary	Progression (Fresh)	250.7	imperium_in_imperio
specimen	CTDC-PARTICIPANT-630851	CTDC-SPECIMEN-277281	Formalin Fixed Tissue	FORMALIN FIXED PARAFFIN EMBEDDED TISSUE	O_Tite_tute_Tati_tibi_tanta_tyranne_tulisti	Normal	PROGRESSION	172.01	barba_crescit_caput_nescit
specimen	CTDC-PARTICIPANT-771842	CTDC-SPECIMEN-451391	Cell Block	BUCCAL CELL SAMPLE	id_quod_plerumque_accidit	Primary	Post-Treatment (No progression)	606.09	nanos_gigantum_humeris_insidentes
specimen	CTDC-PARTICIPANT-771842	CTDC-SPECIMEN-662728	Bone Marrow Aspirate	URINE	labor_ipse_voluptas	Metastatic	ON TREATMENT	999.93	imperium_in_imperio
specimen	CTDC-PARTICIPANT-592343	CTDC-SPECIMEN-626285	Formalin Fixed Tissue	OTHER BODILY FLUIDs	scientia_et_labor	Metastatic	On Treatment (Fresh)	143.69	scientiae_cedit_mare
specimen	CTDC-PARTICIPANT-592343	CTDC-SPECIMEN-131999	FFPE Block	Bone Marrow	Gallia_est_omnis_divisa_in_partes_tres	Metastatic	Post-Treatment (No progression)	383.66	e_causa_ignota
specimen	CTDC-PARTICIPANT-692508	CTDC-SPECIMEN-154878	Stained Bone Marrow Aspirate Slide	SALIVA	damnant_quod_non_intellegunt	Adjacent Non-Tumor	ON TREATMENT	668.7	O_Tite_tute_Tati_tibi_tanta_tyranne_tulisti
specimen	CTDC-PARTICIPANT-692508	CTDC-SPECIMEN-741147	Cell Block	FORMALIN FIXED TISSUE	scientia,_aere_perennius	Primary	Progression (Fresh)	234.12	scientiae_cedit_mare
specimen	CTDC-PARTICIPANT-908655	CTDC-SPECIMEN-605950	Stained Bone Marrow Aspirate Slide	SALIVA	imperium_in_imperio	Normal	Archival	64.77	Obedientia_civium_urbis_felicitas
specimen	CTDC-PARTICIPANT-908655	CTDC-SPECIMEN-533336	Cell Block	BUCCAL CELL SAMPLE	O_Tite_tute_Tati_tibi_tanta_tyranne_tulisti	Normal	On Treatment (Fresh)	468.58	scientia_et_sapientia
specimen	CTDC-PARTICIPANT-382150	CTDC-SPECIMEN-920089	FFPE Block	OTHER BODILY FLUIDs	faber_est_suae_quisque_fortunae	Normal	Progression (Fresh)	129.88	labor_ipse_voluptas
specimen	CTDC-PARTICIPANT-382150	CTDC-SPECIMEN-924923	FORMALIN FIXED TISSUE	Formalin Fixed Tissue	id_quod_plerumque_accidit	Normal	ON TREATMENT	875.59	faber_est_suae_quisque_fortunae
specimen	CTDC-PARTICIPANT-605809	CTDC-SPECIMEN-891902	Streck Blood to VARI	BONE MARROW	scientia_et_labor	Metastatic	Progression (Fresh)	217.72	Macte_animo_Generose_puer_sic_itur_ad_astra
specimen	CTDC-PARTICIPANT-605809	CTDC-SPECIMEN-621773	Cell Block	Bone Marrow	scientia_et_labor	Metastatic	Archival	697.24	id_quod_plerumque_accidit
specimen	CTDC-PARTICIPANT-912708	CTDC-SPECIMEN-892216	Fresh Tissue in Media to PDMR	SALIVA	a_bene_placito	Adjacent Non-Tumor	ARCHIVAL	181.07	nascentes_morimur_finisque_ab_origine_pendet
specimen	CTDC-PARTICIPANT-912708	CTDC-SPECIMEN-807739	Unstained Bone Marrow Aspirate Slide	OTHER BODILY FLUIDs	a_bene_placito	Metastatic	BASELINE	811.45	scientia_imperii_decus_et_tutamen
specimen	CTDC-PARTICIPANT-481872	CTDC-SPECIMEN-863338	Bone Marrow Aspirate	URINE	scientiae_cedit_mare	Metastatic	Post-Treatment (No progression)	532.16	haec_olim_meminisse_iuvabit
specimen	CTDC-PARTICIPANT-481872	CTDC-SPECIMEN-621062	Formalin Bone Marrow Biopsy	OTHER BODILY FLUIDs	Macte_animo_Generose_puer_sic_itur_ad_astra	Primary	Archival	69.87	saltus_in_demonstrando
specimen	CTDC-PARTICIPANT-949296	CTDC-SPECIMEN-718345	Unstained Bone Marrow Aspirate Slide	Formalin Fixed Paraffin Embedded Tissue	id_quod_plerumque_accidit	Primary	ARCHIVAL	63.38	scientia_et_sapientia
specimen	CTDC-PARTICIPANT-949296	CTDC-SPECIMEN-627497	Unstained Bone Marrow Aspirate Slide	OTHER BODILY FLUIDs	pace_tua	Primary	Progression (Fresh)	931.87	scientia_et_labor
specimen	CTDC-PARTICIPANT-625089	CTDC-SPECIMEN-141365	Unstained Slide	CEREBROSPINAL FLUID	scientia_imperii_decus_et_tutamen	Metastatic	ON TREATMENT	695.15	cacatum_non_est_pictum
specimen	CTDC-PARTICIPANT-625089	CTDC-SPECIMEN-412070	Bone Marrow Aspirate	BLOOD	haec_olim_meminisse_iuvabit	Metastatic	On Treatment (Fresh)	113.92	Macte_animo_Generose_puer_sic_itur_ad_astra
specimen	CTDC-PARTICIPANT-457982	CTDC-SPECIMEN-233028	Streck Blood to PDMR	BLOOD	e_causa_ignota	Adjacent Non-Tumor	BASELINE	470.57	O_Tite_tute_Tati_tibi_tanta_tyranne_tulisti
specimen	CTDC-PARTICIPANT-457982	CTDC-SPECIMEN-218931	EDTA Blood	Fresh Tissue	nanos_gigantum_humeris_insidentes	Primary	BASELINE	432.01	haec_olim_meminisse_iuvabit
specimen	CTDC-PARTICIPANT-852223	CTDC-SPECIMEN-169417	Formalin Bone Marrow Biopsy	URINE	barba_crescit_caput_nescit	Normal	BASELINE	67.15	labor_ipse_voluptas
specimen	CTDC-PARTICIPANT-852223	CTDC-SPECIMEN-945277	Streck Blood to VARI	OTHER BODILY FLUIDs	haec_olim_meminisse_iuvabit	Adjacent Non-Tumor	PROGRESSION	954.28	scientiae_cedit_mare
specimen	CTDC-PARTICIPANT-700372	CTDC-SPECIMEN-779432	Streck Blood	Formalin Fixed Tissue	damnant_quod_non_intellegunt	Adjacent Non-Tumor	On Treatment (Fresh)	105.26	scientia_imperii_decus_et_tutamen
specimen	CTDC-PARTICIPANT-700372	CTDC-SPECIMEN-306958	Unstained Slide	BUCCAL CELL SAMPLE	pace_tua	Normal	Archival	338.4	e_causa_ignota
specimen	CTDC-PARTICIPANT-888849	CTDC-SPECIMEN-374660	Cell Block	OTHER BODILY FLUIDs	cacatum_non_est_pictum	Adjacent Non-Tumor	Baseline (Fresh)	475.08	pace_tua
specimen	CTDC-PARTICIPANT-888849	CTDC-SPECIMEN-286364	Unstained Slide	URINE	scientia_et_sapientia	Metastatic	ARCHIVAL	483.78	damnant_quod_non_intellegunt
specimen	CTDC-PARTICIPANT-248623	CTDC-SPECIMEN-355559	Formalin Bone Marrow Biopsy	Blood	id_quod_plerumque_accidit	Metastatic	PROGRESSION	990.19	scientia_et_sapientia
specimen	CTDC-PARTICIPANT-248623	CTDC-SPECIMEN-993015	Unstained Bone Marrow Aspirate Slide	FROZEN TISSUE	e_causa_ignota	Normal	Progression (Fresh)	764.36	pace_tua
specimen	CTDC-PARTICIPANT-616751	CTDC-SPECIMEN-919238	FORMALIN FIXED TISSUE	Bone Marrow	labor_ipse_voluptas	Metastatic	Baseline (Fresh)	857.41	scientia_et_sapientia
specimen	CTDC-PARTICIPANT-616751	CTDC-SPECIMEN-179147	Streck Blood to PDMR	FRESH TISSUE	O_Tite_tute_Tati_tibi_tanta_tyranne_tulisti	Metastatic	Progression (Fresh)	271.24	barba_crescit_caput_nescit
specimen	CTDC-PARTICIPANT-517161	CTDC-SPECIMEN-299179	FFPE Block	Formalin Fixed Paraffin Embedded Tissue	id_quod_plerumque_accidit	Normal	PROGRESSION	53.81	scientia,_aere_perennius
specimen	CTDC-PARTICIPANT-517161	CTDC-SPECIMEN-812973	Formalin Bone Marrow Biopsy	FORMALIN FIXED PARAFFIN EMBEDDED TISSUE	a_bene_placito	Primary	Progression (Fresh)	214.87	scientia_et_sapientia
specimen	CTDC-PARTICIPANT-927569	CTDC-SPECIMEN-877972	Bone Marrow Aspirate	Frozen Tissue	Macte_animo_Generose_puer_sic_itur_ad_astra	Normal	Post-Treatment (No progression)	732.12	scientiae_cedit_mare
specimen	CTDC-PARTICIPANT-927569	CTDC-SPECIMEN-172773	FFPE Block	FROZEN TISSUE	imperium_in_imperio	Primary	Progression (Fresh)	242.38	cacatum_non_est_pictum
specimen	CTDC-PARTICIPANT-634634	CTDC-SPECIMEN-608979	Unstained Slide	BONE MARROW	damnant_quod_non_intellegunt	Normal	Baseline (Fresh)	24.66	scientia_imperii_decus_et_tutamen
specimen	CTDC-PARTICIPANT-634634	CTDC-SPECIMEN-802458	Unstained Bone Marrow Aspirate Slide	STOOL	e_causa_ignota	Normal	Progression (Fresh)	67.52	a_bene_placito
specimen	CTDC-PARTICIPANT-134394	CTDC-SPECIMEN-599320	Streck Blood to VARI	CEREBROSPINAL FLUID	scientiae_et_patriae	Metastatic	On Treatment (Fresh)	739.41	a_bene_placito
specimen	CTDC-PARTICIPANT-134394	CTDC-SPECIMEN-892872	Bone Marrow Aspirate	Formalin Fixed Tissue	damnant_quod_non_intellegunt	Adjacent Non-Tumor	BASELINE	979.53	O_Tite_tute_Tati_tibi_tanta_tyranne_tulisti
specimen	CTDC-PARTICIPANT-977869	CTDC-SPECIMEN-421339	Streck Blood to VARI	FORMALIN FIXED PARAFFIN EMBEDDED TISSUE	sapiens_qui_prospicit	Metastatic	Progression (Fresh)	478.64	damnant_quod_non_intellegunt
specimen	CTDC-PARTICIPANT-977869	CTDC-SPECIMEN-950648	FFPE Block	FORMALIN FIXED TISSUE	scientia_imperii_decus_et_tutamen	Primary	ARCHIVAL	25.63	nascentes_morimur_finisque_ab_origine_pendet
specimen	CTDC-PARTICIPANT-552335	CTDC-SPECIMEN-854847	Snap Frozen Tissue	URINE	pace_tua	Normal	PROGRESSION	699.02	nanos_gigantum_humeris_insidentes
specimen	CTDC-PARTICIPANT-552335	CTDC-SPECIMEN-606564	Stained Bone Marrow Aspirate Slide	Formalin Fixed Tissue	pace_tua	Normal	Archival	763.96	imperium_in_imperio
specimen	CTDC-PARTICIPANT-266536	CTDC-SPECIMEN-666689	Formalin Bone Marrow Biopsy	FORMALIN FIXED PARAFFIN EMBEDDED TISSUE	nascentes_morimur_finisque_ab_origine_pendet	Metastatic	BASELINE	887.14	Gallia_est_omnis_divisa_in_partes_tres
specimen	CTDC-PARTICIPANT-266536	CTDC-SPECIMEN-714068	Bone Marrow Aspirate	URINE	Obedientia_civium_urbis_felicitas	Adjacent Non-Tumor	On Treatment (Fresh)	104.94	e_causa_ignota
specimen	CTDC-PARTICIPANT-669430	CTDC-SPECIMEN-260795	EDTA Blood	Frozen Tissue	scientia_et_sapientia	Normal	BASELINE	627.91	damnant_quod_non_intellegunt
specimen	CTDC-PARTICIPANT-669430	CTDC-SPECIMEN-275872	Unstained Slide	BUCCAL CELL SAMPLE	Obedientia_civium_urbis_felicitas	Metastatic	ON TREATMENT	712.24	scientia_imperii_decus_et_tutamen
specimen	CTDC-PARTICIPANT-236757	CTDC-SPECIMEN-970316	Formalin Fixed Tissue	BONE MARROW	imperium_in_imperio	Primary	Post-Treatment (No progression)	711.4	scientia_et_sapientia
specimen	CTDC-PARTICIPANT-236757	CTDC-SPECIMEN-137222	Bone Marrow Aspirate	Blood	Gallia_est_omnis_divisa_in_partes_tres	Adjacent Non-Tumor	ON TREATMENT	781.28	a_bene_placito
specimen	CTDC-PARTICIPANT-246586	CTDC-SPECIMEN-296782	Stained Bone Marrow Aspirate Slide	FORMALIN FIXED TISSUE	cacatum_non_est_pictum	Normal	Archival	299.56	scientiae_cedit_mare
specimen	CTDC-PARTICIPANT-246586	CTDC-SPECIMEN-747000	Stained Bone Marrow Aspirate Slide	Fresh Tissue	scientia_et_sapientia	Normal	Baseline (Fresh)	648.11	Macte_animo_Generose_puer_sic_itur_ad_astra
specimen	CTDC-PARTICIPANT-819052	CTDC-SPECIMEN-763601	Streck Blood to PDMR	SALIVA	nascentes_morimur_finisque_ab_origine_pendet	Normal	ON TREATMENT	788.53	e_causa_ignota
specimen	CTDC-PARTICIPANT-819052	CTDC-SPECIMEN-908046	Streck Blood to VARI	BUCCAL CELL SAMPLE	saltus_in_demonstrando	Primary	ON TREATMENT	692.46	pace_tua
specimen	CTDC-PARTICIPANT-658782	CTDC-SPECIMEN-318905	Stained Bone Marrow Aspirate Slide	SALIVA	scientia_et_labor	Adjacent Non-Tumor	PROGRESSION	836.59	nanos_gigantum_humeris_insidentes
specimen	CTDC-PARTICIPANT-658782	CTDC-SPECIMEN-566928	Fresh Tissue in Media to PDMR	BUCCAL CELL SAMPLE	nanos_gigantum_humeris_insidentes	Normal	Baseline (Fresh)	157.36	pace_tua
specimen	CTDC-PARTICIPANT-755947	CTDC-SPECIMEN-542258	FORMALIN FIXED TISSUE	Fresh Tissue	scientia,_aere_perennius	Normal	On Treatment (Fresh)	157.85	saltus_in_demonstrando
specimen	CTDC-PARTICIPANT-755947	CTDC-SPECIMEN-214058	EDTA Blood	CEREBROSPINAL FLUID	id_quod_plerumque_accidit	Normal	Baseline (Fresh)	802.31	e_causa_ignota
specimen	CTDC-PARTICIPANT-626648	CTDC-SPECIMEN-882309	Streck Blood to PDMR	SALIVA	pace_tua	Metastatic	On Treatment (Fresh)	821.26	damnant_quod_non_intellegunt
specimen	CTDC-PARTICIPANT-626648	CTDC-SPECIMEN-117300	Streck Blood	Fresh Tissue	salus_in_arduis	Adjacent Non-Tumor	ARCHIVAL	898.12	nanos_gigantum_humeris_insidentes
specimen	CTDC-PARTICIPANT-102667	CTDC-SPECIMEN-300160	Formalin Bone Marrow Biopsy	CEREBROSPINAL FLUID	e_causa_ignota	Normal	Post-Treatment (No progression)	330.41	O_Tite_tute_Tati_tibi_tanta_tyranne_tulisti
specimen	CTDC-PARTICIPANT-102667	CTDC-SPECIMEN-978070	Bone Marrow Aspirate	BUCCAL CELL SAMPLE	pace_tua	Normal	PROGRESSION	696.11	haec_olim_meminisse_iuvabit
specimen	CTDC-PARTICIPANT-418183	CTDC-SPECIMEN-945303	Bone Marrow Aspirate	Formalin Fixed Tissue	sapiens_qui_prospicit	Normal	ON TREATMENT	128.3	id_quod_plerumque_accidit
specimen	CTDC-PARTICIPANT-418183	CTDC-SPECIMEN-997455	FORMALIN FIXED TISSUE	Bone Marrow	scientiae_cedit_mare	Normal	Post-Treatment (No progression)	443.13	labor_ipse_voluptas
specimen	CTDC-PARTICIPANT-255094	CTDC-SPECIMEN-490478	FORMALIN FIXED TISSUE	FORMALIN FIXED PARAFFIN EMBEDDED TISSUE	scientia_et_sapientia	Primary	On Treatment (Fresh)	152.13	cacatum_non_est_pictum
specimen	CTDC-PARTICIPANT-255094	CTDC-SPECIMEN-845468	Bone Marrow Aspirate	Formalin Fixed Tissue	id_quod_plerumque_accidit	Primary	Progression (Fresh)	329.16	sapiens_qui_prospicit
specimen	CTDC-PARTICIPANT-725394	CTDC-SPECIMEN-536175	Bone Marrow Aspirate	SALIVA	scientiae_et_patriae	Adjacent Non-Tumor	Archival	603.66	scientiae_cedit_mare
specimen	CTDC-PARTICIPANT-725394	CTDC-SPECIMEN-418591	Streck Blood	FORMALIN FIXED PARAFFIN EMBEDDED TISSUE	scientia_et_labor	Adjacent Non-Tumor	On Treatment (Fresh)	747.55	scientia,_aere_perennius
specimen	CTDC-PARTICIPANT-826990	CTDC-SPECIMEN-411369	Streck Blood to VARI	SALIVA	Macte_animo_Generose_puer_sic_itur_ad_astra	Metastatic	Progression (Fresh)	85.2	barba_crescit_caput_nescit
specimen	CTDC-PARTICIPANT-826990	CTDC-SPECIMEN-880371	Streck Blood	CEREBROSPINAL FLUID	pace_tua	Primary	ON TREATMENT	658.46	saltus_in_demonstrando
specimen	CTDC-PARTICIPANT-475422	CTDC-SPECIMEN-852376	Streck Blood	BLOOD	faber_est_suae_quisque_fortunae	Adjacent Non-Tumor	On Treatment (Fresh)	109.37	Macte_animo_Generose_puer_sic_itur_ad_astra
specimen	CTDC-PARTICIPANT-475422	CTDC-SPECIMEN-851890	FORMALIN FIXED TISSUE	Bone Marrow	scientia_et_labor	Metastatic	On Treatment (Fresh)	769.01	saltus_in_demonstrando
specimen	CTDC-PARTICIPANT-411072	CTDC-SPECIMEN-239907	Formalin Bone Marrow Biopsy	URINE	sapiens_qui_prospicit	Normal	Post-Treatment (No progression)	440.89	labor_ipse_voluptas
specimen	CTDC-PARTICIPANT-411072	CTDC-SPECIMEN-376806	EDTA Blood	OTHER BODILY FLUIDs	scientia_et_sapientia	Normal	Progression (Fresh)	813.1	scientia,_aere_perennius
specimen	CTDC-PARTICIPANT-727896	CTDC-SPECIMEN-890245	Streck Blood to PDMR	Blood	Gallia_est_omnis_divisa_in_partes_tres	Normal	Progression (Fresh)	547.68	cacatum_non_est_pictum
specimen	CTDC-PARTICIPANT-727896	CTDC-SPECIMEN-792744	Unstained Bone Marrow Aspirate Slide	OTHER BODILY FLUIDs	saltus_in_demonstrando	Metastatic	Post-Treatment (No progression)	103.23	sapiens_qui_prospicit
specimen	CTDC-PARTICIPANT-924317	CTDC-SPECIMEN-714852	Streck Blood to VARI	FRESH TISSUE	cacatum_non_est_pictum	Normal	On Treatment (Fresh)	437.32	scientia_et_sapientia
specimen	CTDC-PARTICIPANT-924317	CTDC-SPECIMEN-161009	Fresh Tissue in Media to PDMR	Frozen Tissue	faber_est_suae_quisque_fortunae	Metastatic	Progression (Fresh)	216.2	scientia_et_sapientia
specimen	CTDC-PARTICIPANT-217299	CTDC-SPECIMEN-782548	Fresh Tissue in Media to PDMR	FORMALIN FIXED TISSUE	nanos_gigantum_humeris_insidentes	Metastatic	Archival	252.72	saltus_in_demonstrando
specimen	CTDC-PARTICIPANT-217299	CTDC-SPECIMEN-654950	Streck Blood to PDMR	SALIVA	id_quod_plerumque_accidit	Metastatic	Progression (Fresh)	715.13	scientiae_cedit_mare
specimen	CTDC-PARTICIPANT-612053	CTDC-SPECIMEN-686812	Streck Blood to PDMR	FRESH TISSUE	scientiae_et_patriae	Normal	Baseline (Fresh)	54.15	scientia_imperii_decus_et_tutamen
specimen	CTDC-PARTICIPANT-612053	CTDC-SPECIMEN-687614	Formalin Bone Marrow Biopsy	SALIVA	faber_est_suae_quisque_fortunae	Metastatic	Archival	702.76	barba_crescit_caput_nescit
specimen	CTDC-PARTICIPANT-643598	CTDC-SPECIMEN-707560	FFPE Block	URINE	scientia_et_sapientia	Metastatic	Post-Treatment (No progression)	89.41	damnant_quod_non_intellegunt
specimen	CTDC-PARTICIPANT-643598	CTDC-SPECIMEN-477538	FORMALIN FIXED TISSUE	FORMALIN FIXED TISSUE	pace_tua	Primary	Progression (Fresh)	581.64	sapiens_qui_prospicit
specimen	CTDC-PARTICIPANT-752377	CTDC-SPECIMEN-774859	Streck Blood	Bone Marrow	scientiae_et_patriae	Adjacent Non-Tumor	Archival	106.48	scientia_et_sapientia
specimen	CTDC-PARTICIPANT-752377	CTDC-SPECIMEN-349578	Streck Blood to VARI	FORMALIN FIXED TISSUE	Macte_animo_Generose_puer_sic_itur_ad_astra	Primary	ON TREATMENT	821.83	scientiae_cedit_mare
specimen	CTDC-PARTICIPANT-984423	CTDC-SPECIMEN-310154	Cell Block	BONE MARROW	damnant_quod_non_intellegunt	Normal	PROGRESSION	940.73	O_Tite_tute_Tati_tibi_tanta_tyranne_tulisti
specimen	CTDC-PARTICIPANT-984423	CTDC-SPECIMEN-724857	Formalin Fixed Tissue	FROZEN TISSUE	scientia_imperii_decus_et_tutamen	Adjacent Non-Tumor	ARCHIVAL	144.95	Macte_animo_Generose_puer_sic_itur_ad_astra
specimen	CTDC-PARTICIPANT-709410	CTDC-SPECIMEN-888604	Unstained Slide	BONE MARROW	id_quod_plerumque_accidit	Normal	Post-Treatment (No progression)	56.34	imperium_in_imperio
specimen	CTDC-PARTICIPANT-709410	CTDC-SPECIMEN-795312	EDTA Blood	Blood	cacatum_non_est_pictum	Normal	Archival	722.37	cacatum_non_est_pictum
specimen	CTDC-PARTICIPANT-940790	CTDC-SPECIMEN-241167	Cell Block	URINE	damnant_quod_non_intellegunt	Metastatic	BASELINE	537.67	faber_est_suae_quisque_fortunae
specimen	CTDC-PARTICIPANT-940790	CTDC-SPECIMEN-330165	Unstained Bone Marrow Aspirate Slide	SALIVA	barba_crescit_caput_nescit	Metastatic	ARCHIVAL	989.5	nascentes_morimur_finisque_ab_origine_pendet
specimen	CTDC-PARTICIPANT-277817	CTDC-SPECIMEN-669090	Unstained Bone Marrow Aspirate Slide	OTHER BODILY FLUIDs	cacatum_non_est_pictum	Normal	On Treatment (Fresh)	234.76	Obedientia_civium_urbis_felicitas
specimen	CTDC-PARTICIPANT-277817	CTDC-SPECIMEN-639854	Streck Blood to PDMR	SALIVA	scientia_et_labor	Metastatic	ARCHIVAL	438.3	a_bene_placito
specimen	CTDC-PARTICIPANT-635212	CTDC-SPECIMEN-287802	Cell Block	Formalin Fixed Paraffin Embedded Tissue	barba_crescit_caput_nescit	Normal	On Treatment (Fresh)	900.57	haec_olim_meminisse_iuvabit
specimen	CTDC-PARTICIPANT-635212	CTDC-SPECIMEN-692046	Bone Marrow Aspirate	FRESH TISSUE	scientiae_et_patriae	Normal	Archival	543.72	damnant_quod_non_intellegunt
specimen	CTDC-PARTICIPANT-845787	CTDC-SPECIMEN-875352	FFPE Block	BLOOD	scientiae_cedit_mare	Adjacent Non-Tumor	ON TREATMENT	811.26	salus_in_arduis
specimen	CTDC-PARTICIPANT-845787	CTDC-SPECIMEN-340805	Cell Block	FRESH TISSUE	haec_olim_meminisse_iuvabit	Primary	Post-Treatment (No progression)	717.93	faber_est_suae_quisque_fortunae
specimen	CTDC-PARTICIPANT-938156	CTDC-SPECIMEN-714671	Snap Frozen Tissue	SALIVA	scientia_et_labor	Adjacent Non-Tumor	ON TREATMENT	126.9	nascentes_morimur_finisque_ab_origine_pendet
specimen	CTDC-PARTICIPANT-938156	CTDC-SPECIMEN-710749	FFPE Block	OTHER BODILY FLUIDs	salus_in_arduis	Primary	Progression (Fresh)	480.27	cacatum_non_est_pictum
specimen	CTDC-PARTICIPANT-803823	CTDC-SPECIMEN-176778	Fresh Tissue in Media to PDMR	URINE	scientiae_cedit_mare	Metastatic	BASELINE	631.86	saltus_in_demonstrando
specimen	CTDC-PARTICIPANT-803823	CTDC-SPECIMEN-775898	Unstained Slide	FORMALIN FIXED TISSUE	labor_ipse_voluptas	Metastatic	ON TREATMENT	153.66	scientiae_et_patriae
specimen	CTDC-PARTICIPANT-455737	CTDC-SPECIMEN-354292	Cell Block	OTHER BODILY FLUIDs	scientia_et_labor	Normal	ON TREATMENT	940.87	pace_tua
specimen	CTDC-PARTICIPANT-455737	CTDC-SPECIMEN-917981	Unstained Slide	BUCCAL CELL SAMPLE	barba_crescit_caput_nescit	Normal	Progression (Fresh)	971.08	a_bene_placito
specimen	CTDC-PARTICIPANT-518334	CTDC-SPECIMEN-803815	Streck Blood to VARI	BLOOD	scientia,_aere_perennius	Adjacent Non-Tumor	Baseline (Fresh)	18.46	scientia,_aere_perennius
specimen	CTDC-PARTICIPANT-518334	CTDC-SPECIMEN-298970	Cell Block	FORMALIN FIXED PARAFFIN EMBEDDED TISSUE	scientia_et_labor	Metastatic	ARCHIVAL	828.08	a_bene_placito
specimen	CTDC-PARTICIPANT-548324	CTDC-SPECIMEN-169551	Unstained Bone Marrow Aspirate Slide	Blood	scientiae_cedit_mare	Primary	Archival	305.52	id_quod_plerumque_accidit
specimen	CTDC-PARTICIPANT-548324	CTDC-SPECIMEN-386410	FORMALIN FIXED TISSUE	CEREBROSPINAL FLUID	barba_crescit_caput_nescit	Normal	BASELINE	926.11	pace_tua
specimen	CTDC-PARTICIPANT-693831	CTDC-SPECIMEN-542722	Unstained Slide	FROZEN TISSUE	id_quod_plerumque_accidit	Normal	Progression (Fresh)	455.15	O_Tite_tute_Tati_tibi_tanta_tyranne_tulisti
specimen	CTDC-PARTICIPANT-693831	CTDC-SPECIMEN-909182	Unstained Bone Marrow Aspirate Slide	Fresh Tissue	scientiae_cedit_mare	Adjacent Non-Tumor	ARCHIVAL	656.66	nascentes_morimur_finisque_ab_origine_pendet
specimen	CTDC-PARTICIPANT-345629	CTDC-SPECIMEN-403073	Cell Block	BUCCAL CELL SAMPLE	nanos_gigantum_humeris_insidentes	Metastatic	On Treatment (Fresh)	63.12	damnant_quod_non_intellegunt
specimen	CTDC-PARTICIPANT-345629	CTDC-SPECIMEN-818634	Snap Frozen Tissue	Formalin Fixed Tissue	a_bene_placito	Metastatic	Archival	248.97	a_bene_placito
specimen	CTDC-PARTICIPANT-151888	CTDC-SPECIMEN-320756	Formalin Fixed Tissue	Frozen Tissue	a_bene_placito	Normal	Archival	884.57	nanos_gigantum_humeris_insidentes
specimen	CTDC-PARTICIPANT-151888	CTDC-SPECIMEN-530873	Formalin Fixed Tissue	BUCCAL CELL SAMPLE	scientiae_et_patriae	Normal	Baseline (Fresh)	327.57	barba_crescit_caput_nescit
specimen	CTDC-PARTICIPANT-911273	CTDC-SPECIMEN-651955	Fresh Tissue in Media to PDMR	STOOL	damnant_quod_non_intellegunt	Primary	Progression (Fresh)	650.03	a_bene_placito
specimen	CTDC-PARTICIPANT-911273	CTDC-SPECIMEN-227776	Formalin Fixed Tissue	Bone Marrow	scientia,_aere_perennius	Normal	On Treatment (Fresh)	725.82	a_bene_placito
specimen	CTDC-PARTICIPANT-862923	CTDC-SPECIMEN-539158	Snap Frozen Tissue	Bone Marrow	scientiae_et_patriae	Normal	On Treatment (Fresh)	140.34	a_bene_placito
specimen	CTDC-PARTICIPANT-862923	CTDC-SPECIMEN-331019	Unstained Bone Marrow Aspirate Slide	CEREBROSPINAL FLUID	haec_olim_meminisse_iuvabit	Adjacent Non-Tumor	BASELINE	477.26	sapiens_qui_prospicit
specimen	CTDC-PARTICIPANT-716314	CTDC-SPECIMEN-766725	Bone Marrow Aspirate	Fresh Tissue	barba_crescit_caput_nescit	Primary	ARCHIVAL	964.13	damnant_quod_non_intellegunt
specimen	CTDC-PARTICIPANT-716314	CTDC-SPECIMEN-840207	Stained Bone Marrow Aspirate Slide	URINE	scientia_et_labor	Primary	On Treatment (Fresh)	933.65	O_Tite_tute_Tati_tibi_tanta_tyranne_tulisti
specimen	CTDC-PARTICIPANT-555997	CTDC-SPECIMEN-209971	Bone Marrow Aspirate	Fresh Tissue	scientia_et_sapientia	Adjacent Non-Tumor	Baseline (Fresh)	622.51	scientiae_cedit_mare
specimen	CTDC-PARTICIPANT-555997	CTDC-SPECIMEN-120511	FORMALIN FIXED TISSUE	CEREBROSPINAL FLUID	Macte_animo_Generose_puer_sic_itur_ad_astra	Metastatic	BASELINE	114.56	id_quod_plerumque_accidit
specimen	CTDC-PARTICIPANT-317484	CTDC-SPECIMEN-816816	Unstained Slide	Bone Marrow	Obedientia_civium_urbis_felicitas	Adjacent Non-Tumor	BASELINE	604.22	scientia_imperii_decus_et_tutamen
specimen	CTDC-PARTICIPANT-317484	CTDC-SPECIMEN-731878	Unstained Bone Marrow Aspirate Slide	FRESH TISSUE	damnant_quod_non_intellegunt	Normal	BASELINE	454.68	nanos_gigantum_humeris_insidentes
specimen	CTDC-PARTICIPANT-629268	CTDC-SPECIMEN-467708	Fresh Tissue in Media to PDMR	FROZEN TISSUE	cacatum_non_est_pictum	Adjacent Non-Tumor	Post-Treatment (No progression)	900.46	id_quod_plerumque_accidit
specimen	CTDC-PARTICIPANT-629268	CTDC-SPECIMEN-999380	Unstained Bone Marrow Aspirate Slide	Formalin Fixed Tissue	e_causa_ignota	Adjacent Non-Tumor	ARCHIVAL	379.39	e_causa_ignota
specimen	CTDC-PARTICIPANT-153199	CTDC-SPECIMEN-627222	Formalin Bone Marrow Biopsy	BUCCAL CELL SAMPLE	Macte_animo_Generose_puer_sic_itur_ad_astra	Normal	BASELINE	330.37	scientia_et_labor
specimen	CTDC-PARTICIPANT-153199	CTDC-SPECIMEN-754451	Formalin Fixed Tissue	Blood	nanos_gigantum_humeris_insidentes	Normal	Baseline (Fresh)	333.54	Gallia_est_omnis_divisa_in_partes_tres
specimen	CTDC-PARTICIPANT-381936	CTDC-SPECIMEN-511545	Snap Frozen Tissue	BONE MARROW	Gallia_est_omnis_divisa_in_partes_tres	Adjacent Non-Tumor	PROGRESSION	384.58	O_Tite_tute_Tati_tibi_tanta_tyranne_tulisti
specimen	CTDC-PARTICIPANT-381936	CTDC-SPECIMEN-385210	Streck Blood to VARI	Bone Marrow	salus_in_arduis	Normal	On Treatment (Fresh)	324.71	a_bene_placito
specimen	CTDC-PARTICIPANT-866904	CTDC-SPECIMEN-168213	Bone Marrow Aspirate	Formalin Fixed Tissue	salus_in_arduis	Metastatic	Baseline (Fresh)	526.69	scientia_et_sapientia
specimen	CTDC-PARTICIPANT-866904	CTDC-SPECIMEN-421885	FORMALIN FIXED TISSUE	BONE MARROW	scientiae_et_patriae	Metastatic	On Treatment (Fresh)	170.44	scientiae_et_patriae
specimen	CTDC-PARTICIPANT-842962	CTDC-SPECIMEN-891371	Stained Bone Marrow Aspirate Slide	BLOOD	a_bene_placito	Normal	Baseline (Fresh)	787.31	scientia_imperii_decus_et_tutamen
specimen	CTDC-PARTICIPANT-842962	CTDC-SPECIMEN-549688	Streck Blood	STOOL	haec_olim_meminisse_iuvabit	Metastatic	PROGRESSION	113.01	pace_tua
specimen	CTDC-PARTICIPANT-284794	CTDC-SPECIMEN-644906	Streck Blood to PDMR	BONE MARROW	id_quod_plerumque_accidit	Primary	Post-Treatment (No progression)	688.87	sapiens_qui_prospicit
specimen	CTDC-PARTICIPANT-284794	CTDC-SPECIMEN-300025	Streck Blood	FORMALIN FIXED TISSUE	imperium_in_imperio	Adjacent Non-Tumor	ARCHIVAL	318.67	scientiae_et_patriae
specimen	CTDC-PARTICIPANT-663400	CTDC-SPECIMEN-466772	FORMALIN FIXED TISSUE	Blood	saltus_in_demonstrando	Adjacent Non-Tumor	BASELINE	956.88	id_quod_plerumque_accidit
specimen	CTDC-PARTICIPANT-663400	CTDC-SPECIMEN-343906	Stained Bone Marrow Aspirate Slide	FORMALIN FIXED PARAFFIN EMBEDDED TISSUE	Macte_animo_Generose_puer_sic_itur_ad_astra	Normal	Post-Treatment (No progression)	429.12	Gallia_est_omnis_divisa_in_partes_tres
specimen	CTDC-PARTICIPANT-307047	CTDC-SPECIMEN-681476	Fresh Tissue in Media to PDMR	Formalin Fixed Paraffin Embedded Tissue	scientia,_aere_perennius	Metastatic	Baseline (Fresh)	338.05	labor_ipse_voluptas
specimen	CTDC-PARTICIPANT-307047	CTDC-SPECIMEN-438317	Fresh Tissue in Media to PDMR	BLOOD	Gallia_est_omnis_divisa_in_partes_tres	Primary	On Treatment (Fresh)	623.4	scientia_et_sapientia
specimen	CTDC-PARTICIPANT-684301	CTDC-SPECIMEN-792604	Cell Block	BUCCAL CELL SAMPLE	id_quod_plerumque_accidit	Adjacent Non-Tumor	ON TREATMENT	362.32	Obedientia_civium_urbis_felicitas
specimen	CTDC-PARTICIPANT-684301	CTDC-SPECIMEN-480112	Streck Blood	Frozen Tissue	cacatum_non_est_pictum	Metastatic	PROGRESSION	10.61	nascentes_morimur_finisque_ab_origine_pendet
specimen	CTDC-PARTICIPANT-818286	CTDC-SPECIMEN-940920	Streck Blood to VARI	Bone Marrow	pace_tua	Metastatic	PROGRESSION	825.21	faber_est_suae_quisque_fortunae
specimen	CTDC-PARTICIPANT-818286	CTDC-SPECIMEN-262165	FFPE Block	Frozen Tissue	sapiens_qui_prospicit	Metastatic	PROGRESSION	840.38	nascentes_morimur_finisque_ab_origine_pendet
specimen	CTDC-PARTICIPANT-993025	CTDC-SPECIMEN-839326	Unstained Bone Marrow Aspirate Slide	Formalin Fixed Tissue	nascentes_morimur_finisque_ab_origine_pendet	Adjacent Non-Tumor	Post-Treatment (No progression)	312.33	Obedientia_civium_urbis_felicitas
specimen	CTDC-PARTICIPANT-993025	CTDC-SPECIMEN-817323	Streck Blood to VARI	Formalin Fixed Tissue	barba_crescit_caput_nescit	Normal	On Treatment (Fresh)	478.58	nanos_gigantum_humeris_insidentes
specimen	CTDC-PARTICIPANT-578185	CTDC-SPECIMEN-642642	Snap Frozen Tissue	Frozen Tissue	nascentes_morimur_finisque_ab_origine_pendet	Adjacent Non-Tumor	PROGRESSION	870.23	salus_in_arduis
specimen	CTDC-PARTICIPANT-578185	CTDC-SPECIMEN-856619	Streck Blood to PDMR	Formalin Fixed Paraffin Embedded Tissue	scientiae_cedit_mare	Adjacent Non-Tumor	Progression (Fresh)	219.56	scientiae_et_patriae
specimen	CTDC-PARTICIPANT-324715	CTDC-SPECIMEN-908357	Streck Blood	FRESH TISSUE	scientia_et_sapientia	Normal	Baseline (Fresh)	744.35	imperium_in_imperio
specimen	CTDC-PARTICIPANT-324715	CTDC-SPECIMEN-758259	Formalin Fixed Tissue	Blood	e_causa_ignota	Adjacent Non-Tumor	On Treatment (Fresh)	461.91	labor_ipse_voluptas
specimen	CTDC-PARTICIPANT-678673	CTDC-SPECIMEN-566553	Streck Blood	Bone Marrow	saltus_in_demonstrando	Metastatic	Baseline (Fresh)	868.88	id_quod_plerumque_accidit
specimen	CTDC-PARTICIPANT-678673	CTDC-SPECIMEN-740341	EDTA Blood	CEREBROSPINAL FLUID	cacatum_non_est_pictum	Normal	On Treatment (Fresh)	123.89	haec_olim_meminisse_iuvabit
specimen	CTDC-PARTICIPANT-571518	CTDC-SPECIMEN-843389	EDTA Blood	STOOL	O_Tite_tute_Tati_tibi_tanta_tyranne_tulisti	Normal	BASELINE	148.13	nascentes_morimur_finisque_ab_origine_pendet
specimen	CTDC-PARTICIPANT-571518	CTDC-SPECIMEN-575651	Cell Block	BLOOD	pace_tua	Adjacent Non-Tumor	ARCHIVAL	623.54	scientiae_et_patriae
specimen	CTDC-PARTICIPANT-873392	CTDC-SPECIMEN-758816	FORMALIN FIXED TISSUE	FORMALIN FIXED TISSUE	imperium_in_imperio	Normal	On Treatment (Fresh)	218.52	saltus_in_demonstrando
specimen	CTDC-PARTICIPANT-873392	CTDC-SPECIMEN-219517	Snap Frozen Tissue	FROZEN TISSUE	labor_ipse_voluptas	Normal	Archival	660.67	haec_olim_meminisse_iuvabit
specimen	CTDC-PARTICIPANT-468304	CTDC-SPECIMEN-625248	FORMALIN FIXED TISSUE	Bone Marrow	barba_crescit_caput_nescit	Metastatic	ARCHIVAL	716.77	id_quod_plerumque_accidit
specimen	CTDC-PARTICIPANT-468304	CTDC-SPECIMEN-656607	Unstained Slide	OTHER BODILY FLUIDs	nanos_gigantum_humeris_insidentes	Primary	Post-Treatment (No progression)	140.09	saltus_in_demonstrando
specimen	CTDC-PARTICIPANT-509129	CTDC-SPECIMEN-761135	Stained Bone Marrow Aspirate Slide	URINE	id_quod_plerumque_accidit	Normal	ON TREATMENT	899.78	pace_tua
specimen	CTDC-PARTICIPANT-509129	CTDC-SPECIMEN-657738	FFPE Block	FORMALIN FIXED TISSUE	haec_olim_meminisse_iuvabit	Normal	ON TREATMENT	605.05	scientia_imperii_decus_et_tutamen
specimen	CTDC-PARTICIPANT-536078	CTDC-SPECIMEN-420121	Streck Blood to VARI	FORMALIN FIXED TISSUE	nascentes_morimur_finisque_ab_origine_pendet	Adjacent Non-Tumor	Archival	685.52	scientia,_aere_perennius
specimen	CTDC-PARTICIPANT-536078	CTDC-SPECIMEN-726625	Formalin Fixed Tissue	Formalin Fixed Tissue	nanos_gigantum_humeris_insidentes	Adjacent Non-Tumor	On Treatment (Fresh)	977.55	sapiens_qui_prospicit
specimen	CTDC-PARTICIPANT-406641	CTDC-SPECIMEN-305345	Streck Blood	CEREBROSPINAL FLUID	saltus_in_demonstrando	Adjacent Non-Tumor	On Treatment (Fresh)	553.28	salus_in_arduis
specimen	CTDC-PARTICIPANT-406641	CTDC-SPECIMEN-503966	Bone Marrow Aspirate	FRESH TISSUE	nascentes_morimur_finisque_ab_origine_pendet	Metastatic	Archival	276.22	damnant_quod_non_intellegunt
specimen	CTDC-PARTICIPANT-382497	CTDC-SPECIMEN-214333	Formalin Bone Marrow Biopsy	FROZEN TISSUE	nascentes_morimur_finisque_ab_origine_pendet	Primary	Baseline (Fresh)	116.61	nascentes_morimur_finisque_ab_origine_pendet
specimen	CTDC-PARTICIPANT-382497	CTDC-SPECIMEN-996929	Streck Blood to PDMR	Fresh Tissue	imperium_in_imperio	Adjacent Non-Tumor	On Treatment (Fresh)	769.94	Macte_animo_Generose_puer_sic_itur_ad_astra
specimen	CTDC-PARTICIPANT-697606	CTDC-SPECIMEN-338370	Formalin Bone Marrow Biopsy	STOOL	pace_tua	Normal	ON TREATMENT	32.08	Gallia_est_omnis_divisa_in_partes_tres
specimen	CTDC-PARTICIPANT-697606	CTDC-SPECIMEN-895266	Streck Blood	BONE MARROW	imperium_in_imperio	Metastatic	ARCHIVAL	281.72	salus_in_arduis
specimen	CTDC-PARTICIPANT-546234	CTDC-SPECIMEN-753806	Streck Blood	STOOL	Gallia_est_omnis_divisa_in_partes_tres	Normal	ON TREATMENT	30.67	O_Tite_tute_Tati_tibi_tanta_tyranne_tulisti
specimen	CTDC-PARTICIPANT-546234	CTDC-SPECIMEN-750083	Fresh Tissue in Media to PDMR	Frozen Tissue	barba_crescit_caput_nescit	Primary	Archival	919.69	O_Tite_tute_Tati_tibi_tanta_tyranne_tulisti
specimen	CTDC-PARTICIPANT-693469	CTDC-SPECIMEN-615975	EDTA Blood	Formalin Fixed Paraffin Embedded Tissue	scientia_imperii_decus_et_tutamen	Metastatic	ON TREATMENT	220.84	nanos_gigantum_humeris_insidentes
specimen	CTDC-PARTICIPANT-693469	CTDC-SPECIMEN-983576	EDTA Blood	FROZEN TISSUE	damnant_quod_non_intellegunt	Normal	ON TREATMENT	308.33	haec_olim_meminisse_iuvabit
specimen	CTDC-PARTICIPANT-922088	CTDC-SPECIMEN-329096	Unstained Bone Marrow Aspirate Slide	BONE MARROW	e_causa_ignota	Primary	Post-Treatment (No progression)	361.01	pace_tua
specimen	CTDC-PARTICIPANT-922088	CTDC-SPECIMEN-809967	FFPE Block	Blood	a_bene_placito	Normal	ARCHIVAL	174.89	Macte_animo_Generose_puer_sic_itur_ad_astra
specimen	CTDC-PARTICIPANT-141305	CTDC-SPECIMEN-455416	Fresh Tissue in Media to PDMR	Frozen Tissue	scientia,_aere_perennius	Normal	Archival	917.93	scientiae_cedit_mare
specimen	CTDC-PARTICIPANT-141305	CTDC-SPECIMEN-254959	EDTA Blood	FORMALIN FIXED TISSUE	cacatum_non_est_pictum	Metastatic	Archival	19.2	Macte_animo_Generose_puer_sic_itur_ad_astra
specimen	CTDC-PARTICIPANT-367517	CTDC-SPECIMEN-789306	Formalin Bone Marrow Biopsy	Frozen Tissue	scientia_imperii_decus_et_tutamen	Metastatic	BASELINE	846.22	sapiens_qui_prospicit
specimen	CTDC-PARTICIPANT-367517	CTDC-SPECIMEN-544571	Unstained Slide	CEREBROSPINAL FLUID	barba_crescit_caput_nescit	Normal	Baseline (Fresh)	80.7	O_Tite_tute_Tati_tibi_tanta_tyranne_tulisti
specimen	CTDC-PARTICIPANT-465076	CTDC-SPECIMEN-194346	Bone Marrow Aspirate	FRESH TISSUE	saltus_in_demonstrando	Primary	Progression (Fresh)	77.73	id_quod_plerumque_accidit
specimen	CTDC-PARTICIPANT-465076	CTDC-SPECIMEN-697619	Bone Marrow Aspirate	Frozen Tissue	id_quod_plerumque_accidit	Primary	Progression (Fresh)	207.21	scientia_imperii_decus_et_tutamen
specimen	CTDC-PARTICIPANT-615323	CTDC-SPECIMEN-864648	Unstained Bone Marrow Aspirate Slide	FORMALIN FIXED PARAFFIN EMBEDDED TISSUE	Macte_animo_Generose_puer_sic_itur_ad_astra	Metastatic	BASELINE	546.9	a_bene_placito
specimen	CTDC-PARTICIPANT-615323	CTDC-SPECIMEN-739761	Streck Blood to PDMR	SALIVA	O_Tite_tute_Tati_tibi_tanta_tyranne_tulisti	Primary	Progression (Fresh)	412.36	e_causa_ignota
specimen	CTDC-PARTICIPANT-732925	CTDC-SPECIMEN-630442	Unstained Slide	Formalin Fixed Paraffin Embedded Tissue	a_bene_placito	Metastatic	On Treatment (Fresh)	992.34	Macte_animo_Generose_puer_sic_itur_ad_astra
specimen	CTDC-PARTICIPANT-732925	CTDC-SPECIMEN-564450	Snap Frozen Tissue	BONE MARROW	saltus_in_demonstrando	Primary	Baseline (Fresh)	422.34	Gallia_est_omnis_divisa_in_partes_tres
specimen	CTDC-PARTICIPANT-920683	CTDC-SPECIMEN-171326	Streck Blood to PDMR	Formalin Fixed Tissue	haec_olim_meminisse_iuvabit	Normal	ON TREATMENT	315.03	cacatum_non_est_pictum
specimen	CTDC-PARTICIPANT-920683	CTDC-SPECIMEN-916950	Formalin Bone Marrow Biopsy	BUCCAL CELL SAMPLE	scientia,_aere_perennius	Metastatic	Post-Treatment (No progression)	171.38	Macte_animo_Generose_puer_sic_itur_ad_astra
specimen	CTDC-PARTICIPANT-301240	CTDC-SPECIMEN-974641	Stained Bone Marrow Aspirate Slide	Frozen Tissue	imperium_in_imperio	Metastatic	Progression (Fresh)	308.59	O_Tite_tute_Tati_tibi_tanta_tyranne_tulisti
specimen	CTDC-PARTICIPANT-301240	CTDC-SPECIMEN-653795	EDTA Blood	BONE MARROW	imperium_in_imperio	Primary	BASELINE	800.99	scientiae_et_patriae
specimen	CTDC-PARTICIPANT-237383	CTDC-SPECIMEN-692211	Snap Frozen Tissue	Formalin Fixed Paraffin Embedded Tissue	scientia,_aere_perennius	Normal	Progression (Fresh)	225.88	nascentes_morimur_finisque_ab_origine_pendet
specimen	CTDC-PARTICIPANT-237383	CTDC-SPECIMEN-539885	Streck Blood to PDMR	FRESH TISSUE	haec_olim_meminisse_iuvabit	Adjacent Non-Tumor	On Treatment (Fresh)	559.48	labor_ipse_voluptas
specimen	CTDC-PARTICIPANT-981957	CTDC-SPECIMEN-983771	Stained Bone Marrow Aspirate Slide	Bone Marrow	scientia,_aere_perennius	Normal	Baseline (Fresh)	736.52	scientiae_et_patriae
specimen	CTDC-PARTICIPANT-981957	CTDC-SPECIMEN-171963	Unstained Bone Marrow Aspirate Slide	SALIVA	Gallia_est_omnis_divisa_in_partes_tres	Metastatic	Baseline (Fresh)	632.47	damnant_quod_non_intellegunt
specimen	CTDC-PARTICIPANT-582946	CTDC-SPECIMEN-427311	Unstained Bone Marrow Aspirate Slide	Bone Marrow	scientia_et_labor	Primary	ARCHIVAL	331.61	salus_in_arduis
specimen	CTDC-PARTICIPANT-582946	CTDC-SPECIMEN-757956	FORMALIN FIXED TISSUE	Formalin Fixed Tissue	scientia_imperii_decus_et_tutamen	Normal	PROGRESSION	469.31	id_quod_plerumque_accidit
specimen	CTDC-PARTICIPANT-498534	CTDC-SPECIMEN-137062	Streck Blood	SALIVA	cacatum_non_est_pictum	Metastatic	Post-Treatment (No progression)	905.98	haec_olim_meminisse_iuvabit
specimen	CTDC-PARTICIPANT-498534	CTDC-SPECIMEN-788819	Streck Blood	Fresh Tissue	scientia_imperii_decus_et_tutamen	Metastatic	Progression (Fresh)	315.0	nanos_gigantum_humeris_insidentes
specimen	CTDC-PARTICIPANT-263539	CTDC-SPECIMEN-468044	Streck Blood	Frozen Tissue	imperium_in_imperio	Adjacent Non-Tumor	ARCHIVAL	327.17	scientiae_cedit_mare
specimen	CTDC-PARTICIPANT-263539	CTDC-SPECIMEN-411071	Streck Blood to PDMR	FRESH TISSUE	scientiae_et_patriae	Normal	Progression (Fresh)	692.02	imperium_in_imperio
specimen	CTDC-PARTICIPANT-548153	CTDC-SPECIMEN-344818	Formalin Fixed Tissue	FORMALIN FIXED TISSUE	scientia_et_labor	Normal	PROGRESSION	501.18	labor_ipse_voluptas
specimen	CTDC-PARTICIPANT-548153	CTDC-SPECIMEN-596662	FORMALIN FIXED TISSUE	FROZEN TISSUE	e_causa_ignota	Metastatic	ARCHIVAL	420.05	cacatum_non_est_pictum
specimen	CTDC-PARTICIPANT-975057	CTDC-SPECIMEN-331844	EDTA Blood	CEREBROSPINAL FLUID	e_causa_ignota	Primary	Post-Treatment (No progression)	600.08	id_quod_plerumque_accidit
specimen	CTDC-PARTICIPANT-975057	CTDC-SPECIMEN-341959	Formalin Bone Marrow Biopsy	Formalin Fixed Paraffin Embedded Tissue	sapiens_qui_prospicit	Normal	Post-Treatment (No progression)	803.38	pace_tua
specimen	CTDC-PARTICIPANT-107028	CTDC-SPECIMEN-750499	FFPE Block	STOOL	Macte_animo_Generose_puer_sic_itur_ad_astra	Adjacent Non-Tumor	On Treatment (Fresh)	161.59	O_Tite_tute_Tati_tibi_tanta_tyranne_tulisti
specimen	CTDC-PARTICIPANT-107028	CTDC-SPECIMEN-870532	Fresh Tissue in Media to PDMR	Bone Marrow	scientia,_aere_perennius	Normal	PROGRESSION	542.95	damnant_quod_non_intellegunt
specimen	CTDC-PARTICIPANT-227268	CTDC-SPECIMEN-175830	EDTA Blood	FRESH TISSUE	barba_crescit_caput_nescit	Normal	BASELINE	827.51	labor_ipse_voluptas
specimen	CTDC-PARTICIPANT-227268	CTDC-SPECIMEN-816516	Formalin Fixed Tissue	Fresh Tissue	haec_olim_meminisse_iuvabit	Adjacent Non-Tumor	ON TREATMENT	89.92	damnant_quod_non_intellegunt
specimen	CTDC-PARTICIPANT-367248	CTDC-SPECIMEN-420013	Fresh Tissue in Media to PDMR	BUCCAL CELL SAMPLE	imperium_in_imperio	Adjacent Non-Tumor	PROGRESSION	12.67	barba_crescit_caput_nescit
specimen	CTDC-PARTICIPANT-367248	CTDC-SPECIMEN-296489	Formalin Fixed Tissue	Fresh Tissue	pace_tua	Adjacent Non-Tumor	Baseline (Fresh)	565.47	pace_tua
specimen	CTDC-PARTICIPANT-450141	CTDC-SPECIMEN-543331	Unstained Bone Marrow Aspirate Slide	BONE MARROW	haec_olim_meminisse_iuvabit	Adjacent Non-Tumor	On Treatment (Fresh)	793.09	scientiae_et_patriae
specimen	CTDC-PARTICIPANT-450141	CTDC-SPECIMEN-852351	Snap Frozen Tissue	FRESH TISSUE	scientia_et_sapientia	Metastatic	Post-Treatment (No progression)	773.63	cacatum_non_est_pictum
specimen	CTDC-PARTICIPANT-828061	CTDC-SPECIMEN-496389	Streck Blood to VARI	SALIVA	nanos_gigantum_humeris_insidentes	Metastatic	Archival	602.62	barba_crescit_caput_nescit
specimen	CTDC-PARTICIPANT-828061	CTDC-SPECIMEN-885590	FFPE Block	URINE	Macte_animo_Generose_puer_sic_itur_ad_astra	Normal	ON TREATMENT	455.94	nanos_gigantum_humeris_insidentes
specimen	CTDC-PARTICIPANT-351016	CTDC-SPECIMEN-640366	Snap Frozen Tissue	Frozen Tissue	cacatum_non_est_pictum	Normal	BASELINE	108.82	labor_ipse_voluptas
specimen	CTDC-PARTICIPANT-351016	CTDC-SPECIMEN-952998	Streck Blood to VARI	CEREBROSPINAL FLUID	Obedientia_civium_urbis_felicitas	Metastatic	Archival	759.88	scientia_et_sapientia
specimen	CTDC-PARTICIPANT-403624	CTDC-SPECIMEN-484774	Bone Marrow Aspirate	BUCCAL CELL SAMPLE	labor_ipse_voluptas	Primary	On Treatment (Fresh)	929.47	id_quod_plerumque_accidit
specimen	CTDC-PARTICIPANT-403624	CTDC-SPECIMEN-595024	FFPE Block	CEREBROSPINAL FLUID	nascentes_morimur_finisque_ab_origine_pendet	Primary	Progression (Fresh)	651.67	scientiae_cedit_mare
specimen	CTDC-PARTICIPANT-477605	CTDC-SPECIMEN-315662	Unstained Slide	URINE	Obedientia_civium_urbis_felicitas	Adjacent Non-Tumor	ARCHIVAL	944.68	Obedientia_civium_urbis_felicitas
specimen	CTDC-PARTICIPANT-477605	CTDC-SPECIMEN-454107	Cell Block	Formalin Fixed Tissue	pace_tua	Adjacent Non-Tumor	Baseline (Fresh)	45.88	scientia_et_sapientia
specimen	CTDC-PARTICIPANT-725824	CTDC-SPECIMEN-955473	Formalin Bone Marrow Biopsy	Blood	scientiae_et_patriae	Normal	On Treatment (Fresh)	329.58	labor_ipse_voluptas
specimen	CTDC-PARTICIPANT-725824	CTDC-SPECIMEN-281183	Streck Blood to PDMR	OTHER BODILY FLUIDs	nanos_gigantum_humeris_insidentes	Normal	BASELINE	802.22	sapiens_qui_prospicit
specimen	CTDC-PARTICIPANT-468027	CTDC-SPECIMEN-644689	Streck Blood	FORMALIN FIXED TISSUE	sapiens_qui_prospicit	Normal	Archival	226.83	faber_est_suae_quisque_fortunae
specimen	CTDC-PARTICIPANT-468027	CTDC-SPECIMEN-281084	EDTA Blood	Blood	scientia_imperii_decus_et_tutamen	Primary	BASELINE	407.8	a_bene_placito
specimen	CTDC-PARTICIPANT-685145	CTDC-SPECIMEN-209197	EDTA Blood	BONE MARROW	scientia,_aere_perennius	Adjacent Non-Tumor	Archival	624.41	nascentes_morimur_finisque_ab_origine_pendet
specimen	CTDC-PARTICIPANT-685145	CTDC-SPECIMEN-414296	EDTA Blood	Blood	imperium_in_imperio	Metastatic	Baseline (Fresh)	548.71	scientia_et_sapientia
specimen	CTDC-PARTICIPANT-763370	CTDC-SPECIMEN-412766	Formalin Bone Marrow Biopsy	CEREBROSPINAL FLUID	scientia_et_sapientia	Normal	Post-Treatment (No progression)	912.92	e_causa_ignota
specimen	CTDC-PARTICIPANT-763370	CTDC-SPECIMEN-316660	Bone Marrow Aspirate	FORMALIN FIXED TISSUE	scientia_imperii_decus_et_tutamen	Metastatic	Archival	558.22	salus_in_arduis
specimen	CTDC-PARTICIPANT-265206	CTDC-SPECIMEN-601068	Snap Frozen Tissue	Formalin Fixed Tissue	Obedientia_civium_urbis_felicitas	Adjacent Non-Tumor	On Treatment (Fresh)	192.67	sapiens_qui_prospicit
specimen	CTDC-PARTICIPANT-265206	CTDC-SPECIMEN-975841	Formalin Fixed Tissue	Formalin Fixed Paraffin Embedded Tissue	scientiae_et_patriae	Primary	Post-Treatment (No progression)	715.95	Gallia_est_omnis_divisa_in_partes_tres
specimen	CTDC-PARTICIPANT-486592	CTDC-SPECIMEN-274120	Unstained Bone Marrow Aspirate Slide	OTHER BODILY FLUIDs	e_causa_ignota	Adjacent Non-Tumor	BASELINE	56.79	faber_est_suae_quisque_fortunae
specimen	CTDC-PARTICIPANT-486592	CTDC-SPECIMEN-415085	Snap Frozen Tissue	SALIVA	faber_est_suae_quisque_fortunae	Primary	On Treatment (Fresh)	638.94	scientiae_et_patriae
specimen	CTDC-PARTICIPANT-219262	CTDC-SPECIMEN-545469	Snap Frozen Tissue	BUCCAL CELL SAMPLE	e_causa_ignota	Adjacent Non-Tumor	Archival	887.59	Obedientia_civium_urbis_felicitas
specimen	CTDC-PARTICIPANT-219262	CTDC-SPECIMEN-385590	Stained Bone Marrow Aspirate Slide	Formalin Fixed Tissue	imperium_in_imperio	Primary	Archival	179.33	scientiae_cedit_mare
specimen	CTDC-PARTICIPANT-171311	CTDC-SPECIMEN-558077	Snap Frozen Tissue	BUCCAL CELL SAMPLE	nascentes_morimur_finisque_ab_origine_pendet	Adjacent Non-Tumor	BASELINE	682.6	haec_olim_meminisse_iuvabit
specimen	CTDC-PARTICIPANT-171311	CTDC-SPECIMEN-374681	Unstained Bone Marrow Aspirate Slide	CEREBROSPINAL FLUID	pace_tua	Metastatic	PROGRESSION	52.14	saltus_in_demonstrando
specimen	CTDC-PARTICIPANT-375333	CTDC-SPECIMEN-821721	FFPE Block	BONE MARROW	cacatum_non_est_pictum	Primary	PROGRESSION	404.35	O_Tite_tute_Tati_tibi_tanta_tyranne_tulisti
specimen	CTDC-PARTICIPANT-375333	CTDC-SPECIMEN-988879	Formalin Bone Marrow Biopsy	URINE	O_Tite_tute_Tati_tibi_tanta_tyranne_tulisti	Metastatic	ARCHIVAL	760.81	scientiae_et_patriae
specimen	CTDC-PARTICIPANT-258626	CTDC-SPECIMEN-786133	Stained Bone Marrow Aspirate Slide	BLOOD	scientiae_cedit_mare	Metastatic	Archival	180.37	Gallia_est_omnis_divisa_in_partes_tres
specimen	CTDC-PARTICIPANT-258626	CTDC-SPECIMEN-663996	Formalin Bone Marrow Biopsy	STOOL	barba_crescit_caput_nescit	Primary	Archival	728.76	damnant_quod_non_intellegunt
specimen	CTDC-PARTICIPANT-476700	CTDC-SPECIMEN-708221	Streck Blood to PDMR	BLOOD	Obedientia_civium_urbis_felicitas	Adjacent Non-Tumor	PROGRESSION	113.62	a_bene_placito
specimen	CTDC-PARTICIPANT-476700	CTDC-SPECIMEN-931774	Streck Blood to VARI	Bone Marrow	faber_est_suae_quisque_fortunae	Adjacent Non-Tumor	Archival	481.43	faber_est_suae_quisque_fortunae
specimen	CTDC-PARTICIPANT-370927	CTDC-SPECIMEN-853383	FORMALIN FIXED TISSUE	SALIVA	scientia_imperii_decus_et_tutamen	Metastatic	Progression (Fresh)	363.55	sapiens_qui_prospicit
specimen	CTDC-PARTICIPANT-370927	CTDC-SPECIMEN-889134	Snap Frozen Tissue	FORMALIN FIXED PARAFFIN EMBEDDED TISSUE	pace_tua	Metastatic	Archival	564.08	faber_est_suae_quisque_fortunae
specimen	CTDC-PARTICIPANT-854959	CTDC-SPECIMEN-176053	Streck Blood to VARI	STOOL	sapiens_qui_prospicit	Adjacent Non-Tumor	Post-Treatment (No progression)	220.6	scientiae_et_patriae
specimen	CTDC-PARTICIPANT-854959	CTDC-SPECIMEN-518057	Formalin Bone Marrow Biopsy	FRESH TISSUE	damnant_quod_non_intellegunt	Adjacent Non-Tumor	ARCHIVAL	143.16	Obedientia_civium_urbis_felicitas
specimen	CTDC-PARTICIPANT-902884	CTDC-SPECIMEN-148407	FFPE Block	OTHER BODILY FLUIDs	labor_ipse_voluptas	Primary	Post-Treatment (No progression)	145.34	damnant_quod_non_intellegunt
specimen	CTDC-PARTICIPANT-902884	CTDC-SPECIMEN-653608	FFPE Block	FORMALIN FIXED PARAFFIN EMBEDDED TISSUE	imperium_in_imperio	Primary	Archival	127.45	Obedientia_civium_urbis_felicitas
specimen	CTDC-PARTICIPANT-739665	CTDC-SPECIMEN-149884	EDTA Blood	OTHER BODILY FLUIDs	Gallia_est_omnis_divisa_in_partes_tres	Adjacent Non-Tumor	Archival	63.83	barba_crescit_caput_nescit
specimen	CTDC-PARTICIPANT-739665	CTDC-SPECIMEN-571882	Fresh Tissue in Media to PDMR	CEREBROSPINAL FLUID	Macte_animo_Generose_puer_sic_itur_ad_astra	Primary	Baseline (Fresh)	21.09	O_Tite_tute_Tati_tibi_tanta_tyranne_tulisti
specimen	CTDC-PARTICIPANT-602860	CTDC-SPECIMEN-529196	Cell Block	URINE	faber_est_suae_quisque_fortunae	Metastatic	Progression (Fresh)	513.41	haec_olim_meminisse_iuvabit
specimen	CTDC-PARTICIPANT-602860	CTDC-SPECIMEN-843656	Fresh Tissue in Media to PDMR	BONE MARROW	cacatum_non_est_pictum	Metastatic	PROGRESSION	913.73	O_Tite_tute_Tati_tibi_tanta_tyranne_tulisti
specimen	CTDC-PARTICIPANT-230731	CTDC-SPECIMEN-197348	Streck Blood to VARI	BUCCAL CELL SAMPLE	faber_est_suae_quisque_fortunae	Primary	ARCHIVAL	528.53	Obedientia_civium_urbis_felicitas
specimen	CTDC-PARTICIPANT-230731	CTDC-SPECIMEN-256072	Streck Blood to PDMR	OTHER BODILY FLUIDs	barba_crescit_caput_nescit	Metastatic	Baseline (Fresh)	850.17	O_Tite_tute_Tati_tibi_tanta_tyranne_tulisti
specimen	CTDC-PARTICIPANT-146827	CTDC-SPECIMEN-202211	Stained Bone Marrow Aspirate Slide	Blood	a_bene_placito	Metastatic	Progression (Fresh)	933.19	nanos_gigantum_humeris_insidentes
specimen	CTDC-PARTICIPANT-146827	CTDC-SPECIMEN-399031	Bone Marrow Aspirate	BUCCAL CELL SAMPLE	O_Tite_tute_Tati_tibi_tanta_tyranne_tulisti	Primary	Post-Treatment (No progression)	473.51	barba_crescit_caput_nescit
specimen	CTDC-PARTICIPANT-288961	CTDC-SPECIMEN-598981	Unstained Slide	Formalin Fixed Tissue	e_causa_ignota	Adjacent Non-Tumor	PROGRESSION	952.18	scientiae_et_patriae
specimen	CTDC-PARTICIPANT-288961	CTDC-SPECIMEN-285158	Formalin Fixed Tissue	FRESH TISSUE	salus_in_arduis	Normal	Progression (Fresh)	155.91	pace_tua
specimen	CTDC-PARTICIPANT-895862	CTDC-SPECIMEN-300788	Stained Bone Marrow Aspirate Slide	FRESH TISSUE	e_causa_ignota	Adjacent Non-Tumor	ARCHIVAL	373.93	scientiae_cedit_mare
specimen	CTDC-PARTICIPANT-895862	CTDC-SPECIMEN-910664	EDTA Blood	Formalin Fixed Paraffin Embedded Tissue	scientiae_et_patriae	Primary	BASELINE	448.0	damnant_quod_non_intellegunt
specimen	CTDC-PARTICIPANT-495302	CTDC-SPECIMEN-265258	FFPE Block	BONE MARROW	scientia_et_labor	Metastatic	BASELINE	163.51	scientiae_et_patriae
specimen	CTDC-PARTICIPANT-495302	CTDC-SPECIMEN-728568	Streck Blood to VARI	BUCCAL CELL SAMPLE	labor_ipse_voluptas	Normal	Post-Treatment (No progression)	455.13	sapiens_qui_prospicit
specimen	CTDC-PARTICIPANT-586755	CTDC-SPECIMEN-198050	Formalin Bone Marrow Biopsy	URINE	scientia,_aere_perennius	Adjacent Non-Tumor	PROGRESSION	922.92	Gallia_est_omnis_divisa_in_partes_tres
specimen	CTDC-PARTICIPANT-586755	CTDC-SPECIMEN-989848	Streck Blood	BUCCAL CELL SAMPLE	pace_tua	Primary	ON TREATMENT	972.71	scientia_et_labor
specimen	CTDC-PARTICIPANT-211132	CTDC-SPECIMEN-806799	Stained Bone Marrow Aspirate Slide	SALIVA	scientia,_aere_perennius	Adjacent Non-Tumor	On Treatment (Fresh)	259.47	salus_in_arduis
specimen	CTDC-PARTICIPANT-211132	CTDC-SPECIMEN-679153	Cell Block	Bone Marrow	a_bene_placito	Primary	ARCHIVAL	457.11	haec_olim_meminisse_iuvabit
specimen	CTDC-PARTICIPANT-389913	CTDC-SPECIMEN-965040	Unstained Slide	Blood	damnant_quod_non_intellegunt	Adjacent Non-Tumor	Post-Treatment (No progression)	234.94	Obedientia_civium_urbis_felicitas
specimen	CTDC-PARTICIPANT-389913	CTDC-SPECIMEN-341339	Bone Marrow Aspirate	FROZEN TISSUE	scientia_imperii_decus_et_tutamen	Metastatic	ARCHIVAL	47.55	scientia_imperii_decus_et_tutamen
specimen	CTDC-PARTICIPANT-579844	CTDC-SPECIMEN-627927	Formalin Fixed Tissue	SALIVA	e_causa_ignota	Metastatic	ON TREATMENT	793.47	a_bene_placito
specimen	CTDC-PARTICIPANT-579844	CTDC-SPECIMEN-306071	Streck Blood to PDMR	Blood	sapiens_qui_prospicit	Adjacent Non-Tumor	Baseline (Fresh)	165.71	damnant_quod_non_intellegunt
specimen	CTDC-PARTICIPANT-196079	CTDC-SPECIMEN-421552	Bone Marrow Aspirate	OTHER BODILY FLUIDs	Obedientia_civium_urbis_felicitas	Primary	Archival	881.76	O_Tite_tute_Tati_tibi_tanta_tyranne_tulisti
specimen	CTDC-PARTICIPANT-196079	CTDC-SPECIMEN-665067	FORMALIN FIXED TISSUE	FRESH TISSUE	labor_ipse_voluptas	Normal	Baseline (Fresh)	348.14	damnant_quod_non_intellegunt
specimen	CTDC-PARTICIPANT-221589	CTDC-SPECIMEN-212931	Formalin Bone Marrow Biopsy	BLOOD	Gallia_est_omnis_divisa_in_partes_tres	Normal	On Treatment (Fresh)	982.26	scientia_imperii_decus_et_tutamen
specimen	CTDC-PARTICIPANT-221589	CTDC-SPECIMEN-530152	Unstained Slide	BLOOD	pace_tua	Metastatic	Progression (Fresh)	46.13	scientia,_aere_perennius
specimen	CTDC-PARTICIPANT-479741	CTDC-SPECIMEN-443331	Unstained Slide	FORMALIN FIXED PARAFFIN EMBEDDED TISSUE	a_bene_placito	Adjacent Non-Tumor	On Treatment (Fresh)	577.73	O_Tite_tute_Tati_tibi_tanta_tyranne_tulisti
specimen	CTDC-PARTICIPANT-479741	CTDC-SPECIMEN-818213	FFPE Block	Fresh Tissue	a_bene_placito	Normal	Baseline (Fresh)	326.67	nanos_gigantum_humeris_insidentes
specimen	CTDC-PARTICIPANT-371871	CTDC-SPECIMEN-252279	Streck Blood to VARI	FORMALIN FIXED PARAFFIN EMBEDDED TISSUE	salus_in_arduis	Adjacent Non-Tumor	ARCHIVAL	266.58	scientia,_aere_perennius
specimen	CTDC-PARTICIPANT-371871	CTDC-SPECIMEN-199146	Cell Block	URINE	pace_tua	Adjacent Non-Tumor	Baseline (Fresh)	818.48	scientiae_cedit_mare
