type	participant.participant_id	specimen_record_id	specimen_type	specimen_category	anatomical_collection_site	tissue_category	assessment_timepoint	collection_date	crdc_id
specimen	CTDC-PARTICIPANT-940697	CTDC-SPECIMEN-489383	Streck Blood	FORMALIN FIXED TISSUE	scientiae_cedit_mare	Adjacent Non-Tumor	Archival	917.64	Gallia_est_omnis_divisa_in_partes_tres
specimen	CTDC-PARTICIPANT-940697	CTDC-SPECIMEN-869974	Formalin Bone Marrow Biopsy	BONE MARROW	labor_ipse_voluptas	Adjacent Non-Tumor	Progression (Fresh)	702.62	labor_ipse_voluptas
specimen	CTDC-PARTICIPANT-295588	CTDC-SPECIMEN-178440	EDTA Blood	SALIVA	id_quod_plerumque_accidit	Normal	Post-Treatment (No progression)	137.5	Gallia_est_omnis_divisa_in_partes_tres
specimen	CTDC-PARTICIPANT-295588	CTDC-SPECIMEN-596090	EDTA Blood	SALIVA	saltus_in_demonstrando	Primary	Baseline (Fresh)	109.98	nanos_gigantum_humeris_insidentes
specimen	CTDC-PARTICIPANT-950265	CTDC-SPECIMEN-964587	Formalin Bone Marrow Biopsy	FRESH TISSUE	scientia_imperii_decus_et_tutamen	Adjacent Non-Tumor	Baseline (Fresh)	499.11	Gallia_est_omnis_divisa_in_partes_tres
specimen	CTDC-PARTICIPANT-950265	CTDC-SPECIMEN-348080	Stained Bone Marrow Aspirate Slide	Formalin Fixed Paraffin Embedded Tissue	faber_est_suae_quisque_fortunae	Normal	Baseline (Fresh)	943.84	Macte_animo_Generose_puer_sic_itur_ad_astra
specimen	CTDC-PARTICIPANT-831328	CTDC-SPECIMEN-480052	Formalin Bone Marrow Biopsy	Fresh Tissue	Obedientia_civium_urbis_felicitas	Primary	PROGRESSION	650.24	sapiens_qui_prospicit
specimen	CTDC-PARTICIPANT-831328	CTDC-SPECIMEN-831052	Streck Blood	STOOL	sapiens_qui_prospicit	Adjacent Non-Tumor	Progression (Fresh)	742.76	barba_crescit_caput_nescit
specimen	CTDC-PARTICIPANT-719227	CTDC-SPECIMEN-543190	Streck Blood	Blood	Macte_animo_Generose_puer_sic_itur_ad_astra	Normal	ON TREATMENT	303.65	scientia,_aere_perennius
specimen	CTDC-PARTICIPANT-719227	CTDC-SPECIMEN-114210	Unstained Bone Marrow Aspirate Slide	URINE	sapiens_qui_prospicit	Metastatic	BASELINE	448.51	scientia_imperii_decus_et_tutamen
specimen	CTDC-PARTICIPANT-528022	CTDC-SPECIMEN-720870	Unstained Bone Marrow Aspirate Slide	BLOOD	imperium_in_imperio	Adjacent Non-Tumor	ARCHIVAL	173.63	cacatum_non_est_pictum
specimen	CTDC-PARTICIPANT-528022	CTDC-SPECIMEN-541129	Formalin Fixed Tissue	Bone Marrow	a_bene_placito	Adjacent Non-Tumor	Baseline (Fresh)	989.32	faber_est_suae_quisque_fortunae
specimen	CTDC-PARTICIPANT-100099	CTDC-SPECIMEN-225166	Fresh Tissue in Media to PDMR	CEREBROSPINAL FLUID	faber_est_suae_quisque_fortunae	Adjacent Non-Tumor	Post-Treatment (No progression)	605.47	scientia,_aere_perennius
specimen	CTDC-PARTICIPANT-100099	CTDC-SPECIMEN-966895	Snap Frozen Tissue	SALIVA	scientia_et_labor	Adjacent Non-Tumor	ARCHIVAL	862.81	scientia_et_sapientia
specimen	CTDC-PARTICIPANT-855147	CTDC-SPECIMEN-875840	Snap Frozen Tissue	Formalin Fixed Paraffin Embedded Tissue	Obedientia_civium_urbis_felicitas	Adjacent Non-Tumor	Progression (Fresh)	141.36	pace_tua
specimen	CTDC-PARTICIPANT-855147	CTDC-SPECIMEN-931889	Stained Bone Marrow Aspirate Slide	CEREBROSPINAL FLUID	nascentes_morimur_finisque_ab_origine_pendet	Adjacent Non-Tumor	ON TREATMENT	195.55	damnant_quod_non_intellegunt
specimen	CTDC-PARTICIPANT-628469	CTDC-SPECIMEN-938948	Bone Marrow Aspirate	BLOOD	faber_est_suae_quisque_fortunae	Adjacent Non-Tumor	Progression (Fresh)	809.75	scientiae_cedit_mare
specimen	CTDC-PARTICIPANT-628469	CTDC-SPECIMEN-191566	Snap Frozen Tissue	SALIVA	Obedientia_civium_urbis_felicitas	Adjacent Non-Tumor	PROGRESSION	505.52	id_quod_plerumque_accidit
specimen	CTDC-PARTICIPANT-635909	CTDC-SPECIMEN-560178	EDTA Blood	SALIVA	pace_tua	Adjacent Non-Tumor	Archival	52.55	damnant_quod_non_intellegunt
specimen	CTDC-PARTICIPANT-635909	CTDC-SPECIMEN-874734	Snap Frozen Tissue	STOOL	O_Tite_tute_Tati_tibi_tanta_tyranne_tulisti	Primary	Baseline (Fresh)	374.13	imperium_in_imperio
specimen	CTDC-PARTICIPANT-735210	CTDC-SPECIMEN-121169	Formalin Fixed Tissue	BLOOD	cacatum_non_est_pictum	Metastatic	BASELINE	475.96	scientiae_et_patriae
specimen	CTDC-PARTICIPANT-735210	CTDC-SPECIMEN-360024	Streck Blood	SALIVA	Obedientia_civium_urbis_felicitas	Metastatic	Baseline (Fresh)	196.54	Obedientia_civium_urbis_felicitas
specimen	CTDC-PARTICIPANT-716246	CTDC-SPECIMEN-798403	FORMALIN FIXED TISSUE	FROZEN TISSUE	imperium_in_imperio	Metastatic	ON TREATMENT	170.34	O_Tite_tute_Tati_tibi_tanta_tyranne_tulisti
specimen	CTDC-PARTICIPANT-716246	CTDC-SPECIMEN-431372	Bone Marrow Aspirate	FRESH TISSUE	scientia_imperii_decus_et_tutamen	Normal	ARCHIVAL	829.68	nascentes_morimur_finisque_ab_origine_pendet
specimen	CTDC-PARTICIPANT-702973	CTDC-SPECIMEN-871917	Stained Bone Marrow Aspirate Slide	Blood	barba_crescit_caput_nescit	Normal	On Treatment (Fresh)	364.21	sapiens_qui_prospicit
specimen	CTDC-PARTICIPANT-702973	CTDC-SPECIMEN-235380	Snap Frozen Tissue	Bone Marrow	Macte_animo_Generose_puer_sic_itur_ad_astra	Normal	BASELINE	621.02	scientiae_et_patriae
specimen	CTDC-PARTICIPANT-808487	CTDC-SPECIMEN-106610	FORMALIN FIXED TISSUE	FRESH TISSUE	pace_tua	Adjacent Non-Tumor	Post-Treatment (No progression)	278.14	scientiae_et_patriae
specimen	CTDC-PARTICIPANT-808487	CTDC-SPECIMEN-557953	Fresh Tissue in Media to PDMR	Formalin Fixed Tissue	Macte_animo_Generose_puer_sic_itur_ad_astra	Metastatic	BASELINE	630.11	cacatum_non_est_pictum
specimen	CTDC-PARTICIPANT-131113	CTDC-SPECIMEN-261907	Streck Blood	STOOL	nascentes_morimur_finisque_ab_origine_pendet	Adjacent Non-Tumor	Baseline (Fresh)	72.62	a_bene_placito
specimen	CTDC-PARTICIPANT-131113	CTDC-SPECIMEN-260730	Bone Marrow Aspirate	URINE	id_quod_plerumque_accidit	Normal	BASELINE	481.01	scientiae_cedit_mare
specimen	CTDC-PARTICIPANT-186856	CTDC-SPECIMEN-821761	Unstained Bone Marrow Aspirate Slide	FORMALIN FIXED PARAFFIN EMBEDDED TISSUE	scientiae_cedit_mare	Normal	Progression (Fresh)	666.59	Obedientia_civium_urbis_felicitas
specimen	CTDC-PARTICIPANT-186856	CTDC-SPECIMEN-354025	Streck Blood to PDMR	Bone Marrow	id_quod_plerumque_accidit	Metastatic	ON TREATMENT	789.0	imperium_in_imperio
specimen	CTDC-PARTICIPANT-178070	CTDC-SPECIMEN-241977	Snap Frozen Tissue	Frozen Tissue	scientia,_aere_perennius	Normal	Post-Treatment (No progression)	362.6	faber_est_suae_quisque_fortunae
specimen	CTDC-PARTICIPANT-178070	CTDC-SPECIMEN-948375	Streck Blood	URINE	scientiae_cedit_mare	Primary	On Treatment (Fresh)	896.42	a_bene_placito
specimen	CTDC-PARTICIPANT-632761	CTDC-SPECIMEN-204503	Streck Blood	OTHER BODILY FLUIDs	damnant_quod_non_intellegunt	Primary	PROGRESSION	538.49	imperium_in_imperio
specimen	CTDC-PARTICIPANT-632761	CTDC-SPECIMEN-289249	Fresh Tissue in Media to PDMR	BLOOD	sapiens_qui_prospicit	Primary	Archival	170.87	Obedientia_civium_urbis_felicitas
specimen	CTDC-PARTICIPANT-148295	CTDC-SPECIMEN-759610	Streck Blood to PDMR	Formalin Fixed Tissue	damnant_quod_non_intellegunt	Metastatic	On Treatment (Fresh)	613.02	salus_in_arduis
specimen	CTDC-PARTICIPANT-148295	CTDC-SPECIMEN-350925	EDTA Blood	Fresh Tissue	Gallia_est_omnis_divisa_in_partes_tres	Metastatic	ARCHIVAL	892.11	scientia_et_labor
specimen	CTDC-PARTICIPANT-210035	CTDC-SPECIMEN-344159	Streck Blood to PDMR	SALIVA	scientiae_et_patriae	Adjacent Non-Tumor	ON TREATMENT	436.04	scientiae_cedit_mare
specimen	CTDC-PARTICIPANT-210035	CTDC-SPECIMEN-695028	Cell Block	FORMALIN FIXED PARAFFIN EMBEDDED TISSUE	Obedientia_civium_urbis_felicitas	Metastatic	Baseline (Fresh)	161.97	scientia_et_sapientia
specimen	CTDC-PARTICIPANT-314035	CTDC-SPECIMEN-370494	Formalin Bone Marrow Biopsy	Fresh Tissue	scientia_et_labor	Primary	ARCHIVAL	830.5	scientia,_aere_perennius
specimen	CTDC-PARTICIPANT-314035	CTDC-SPECIMEN-381715	Stained Bone Marrow Aspirate Slide	BLOOD	e_causa_ignota	Adjacent Non-Tumor	BASELINE	334.02	labor_ipse_voluptas
specimen	CTDC-PARTICIPANT-959772	CTDC-SPECIMEN-394904	Formalin Fixed Tissue	FORMALIN FIXED TISSUE	nanos_gigantum_humeris_insidentes	Primary	ARCHIVAL	394.51	salus_in_arduis
specimen	CTDC-PARTICIPANT-959772	CTDC-SPECIMEN-377771	Fresh Tissue in Media to PDMR	URINE	Obedientia_civium_urbis_felicitas	Metastatic	Archival	922.47	barba_crescit_caput_nescit
specimen	CTDC-PARTICIPANT-531425	CTDC-SPECIMEN-846541	Stained Bone Marrow Aspirate Slide	Blood	imperium_in_imperio	Metastatic	Baseline (Fresh)	79.51	Gallia_est_omnis_divisa_in_partes_tres
specimen	CTDC-PARTICIPANT-531425	CTDC-SPECIMEN-309782	Cell Block	Formalin Fixed Paraffin Embedded Tissue	O_Tite_tute_Tati_tibi_tanta_tyranne_tulisti	Adjacent Non-Tumor	On Treatment (Fresh)	489.38	a_bene_placito
specimen	CTDC-PARTICIPANT-801713	CTDC-SPECIMEN-260928	Unstained Slide	OTHER BODILY FLUIDs	id_quod_plerumque_accidit	Normal	Progression (Fresh)	518.57	Macte_animo_Generose_puer_sic_itur_ad_astra
specimen	CTDC-PARTICIPANT-801713	CTDC-SPECIMEN-711090	EDTA Blood	OTHER BODILY FLUIDs	sapiens_qui_prospicit	Normal	PROGRESSION	398.53	O_Tite_tute_Tati_tibi_tanta_tyranne_tulisti
specimen	CTDC-PARTICIPANT-515074	CTDC-SPECIMEN-409270	Formalin Fixed Tissue	OTHER BODILY FLUIDs	e_causa_ignota	Normal	PROGRESSION	424.38	Gallia_est_omnis_divisa_in_partes_tres
specimen	CTDC-PARTICIPANT-515074	CTDC-SPECIMEN-229671	Cell Block	Frozen Tissue	sapiens_qui_prospicit	Metastatic	On Treatment (Fresh)	481.79	imperium_in_imperio
specimen	CTDC-PARTICIPANT-720549	CTDC-SPECIMEN-986875	Streck Blood to PDMR	SALIVA	Macte_animo_Generose_puer_sic_itur_ad_astra	Adjacent Non-Tumor	PROGRESSION	423.84	haec_olim_meminisse_iuvabit
specimen	CTDC-PARTICIPANT-720549	CTDC-SPECIMEN-600732	Unstained Bone Marrow Aspirate Slide	FORMALIN FIXED TISSUE	haec_olim_meminisse_iuvabit	Primary	On Treatment (Fresh)	770.25	cacatum_non_est_pictum
specimen	CTDC-PARTICIPANT-293581	CTDC-SPECIMEN-182823	Unstained Bone Marrow Aspirate Slide	FORMALIN FIXED PARAFFIN EMBEDDED TISSUE	O_Tite_tute_Tati_tibi_tanta_tyranne_tulisti	Metastatic	Archival	126.31	scientiae_cedit_mare
specimen	CTDC-PARTICIPANT-293581	CTDC-SPECIMEN-912592	Snap Frozen Tissue	Formalin Fixed Paraffin Embedded Tissue	damnant_quod_non_intellegunt	Primary	ARCHIVAL	208.89	Gallia_est_omnis_divisa_in_partes_tres
specimen	CTDC-PARTICIPANT-746931	CTDC-SPECIMEN-433935	Fresh Tissue in Media to PDMR	BONE MARROW	scientia_et_labor	Primary	Archival	450.18	scientiae_cedit_mare
specimen	CTDC-PARTICIPANT-746931	CTDC-SPECIMEN-783990	Streck Blood to PDMR	OTHER BODILY FLUIDs	a_bene_placito	Adjacent Non-Tumor	ARCHIVAL	705.05	nanos_gigantum_humeris_insidentes
specimen	CTDC-PARTICIPANT-920877	CTDC-SPECIMEN-430385	Snap Frozen Tissue	Fresh Tissue	O_Tite_tute_Tati_tibi_tanta_tyranne_tulisti	Primary	On Treatment (Fresh)	993.69	id_quod_plerumque_accidit
specimen	CTDC-PARTICIPANT-920877	CTDC-SPECIMEN-215229	Unstained Slide	Frozen Tissue	damnant_quod_non_intellegunt	Normal	Progression (Fresh)	489.78	cacatum_non_est_pictum
specimen	CTDC-PARTICIPANT-775344	CTDC-SPECIMEN-555673	Formalin Bone Marrow Biopsy	SALIVA	sapiens_qui_prospicit	Normal	On Treatment (Fresh)	70.57	scientia_imperii_decus_et_tutamen
specimen	CTDC-PARTICIPANT-775344	CTDC-SPECIMEN-764732	Formalin Fixed Tissue	STOOL	Gallia_est_omnis_divisa_in_partes_tres	Normal	PROGRESSION	587.95	scientia_et_labor
specimen	CTDC-PARTICIPANT-192505	CTDC-SPECIMEN-695783	Stained Bone Marrow Aspirate Slide	FROZEN TISSUE	barba_crescit_caput_nescit	Primary	Baseline (Fresh)	544.66	barba_crescit_caput_nescit
specimen	CTDC-PARTICIPANT-192505	CTDC-SPECIMEN-406135	EDTA Blood	Bone Marrow	scientia_et_labor	Metastatic	Baseline (Fresh)	714.55	a_bene_placito
specimen	CTDC-PARTICIPANT-908756	CTDC-SPECIMEN-389471	Cell Block	BUCCAL CELL SAMPLE	Macte_animo_Generose_puer_sic_itur_ad_astra	Normal	Post-Treatment (No progression)	41.71	pace_tua
specimen	CTDC-PARTICIPANT-908756	CTDC-SPECIMEN-809603	Streck Blood	Bone Marrow	scientia_et_labor	Metastatic	Baseline (Fresh)	401.35	labor_ipse_voluptas
specimen	CTDC-PARTICIPANT-464092	CTDC-SPECIMEN-249486	Streck Blood to PDMR	BONE MARROW	saltus_in_demonstrando	Metastatic	PROGRESSION	796.95	nascentes_morimur_finisque_ab_origine_pendet
specimen	CTDC-PARTICIPANT-464092	CTDC-SPECIMEN-363414	FFPE Block	BONE MARROW	saltus_in_demonstrando	Primary	ARCHIVAL	466.16	scientiae_et_patriae
specimen	CTDC-PARTICIPANT-811159	CTDC-SPECIMEN-637568	FFPE Block	BUCCAL CELL SAMPLE	O_Tite_tute_Tati_tibi_tanta_tyranne_tulisti	Primary	ARCHIVAL	886.97	faber_est_suae_quisque_fortunae
specimen	CTDC-PARTICIPANT-811159	CTDC-SPECIMEN-660208	Unstained Slide	BUCCAL CELL SAMPLE	barba_crescit_caput_nescit	Normal	On Treatment (Fresh)	611.79	cacatum_non_est_pictum
specimen	CTDC-PARTICIPANT-398389	CTDC-SPECIMEN-562715	EDTA Blood	FORMALIN FIXED TISSUE	haec_olim_meminisse_iuvabit	Adjacent Non-Tumor	PROGRESSION	513.74	Gallia_est_omnis_divisa_in_partes_tres
specimen	CTDC-PARTICIPANT-398389	CTDC-SPECIMEN-496852	Unstained Bone Marrow Aspirate Slide	Blood	barba_crescit_caput_nescit	Adjacent Non-Tumor	PROGRESSION	626.09	nascentes_morimur_finisque_ab_origine_pendet
specimen	CTDC-PARTICIPANT-848512	CTDC-SPECIMEN-477527	Unstained Slide	OTHER BODILY FLUIDs	pace_tua	Metastatic	ON TREATMENT	810.97	salus_in_arduis
specimen	CTDC-PARTICIPANT-848512	CTDC-SPECIMEN-325496	EDTA Blood	Frozen Tissue	a_bene_placito	Primary	BASELINE	364.59	labor_ipse_voluptas
specimen	CTDC-PARTICIPANT-599371	CTDC-SPECIMEN-463033	Bone Marrow Aspirate	Formalin Fixed Tissue	scientia,_aere_perennius	Normal	Post-Treatment (No progression)	343.24	pace_tua
specimen	CTDC-PARTICIPANT-599371	CTDC-SPECIMEN-328791	Snap Frozen Tissue	OTHER BODILY FLUIDs	salus_in_arduis	Adjacent Non-Tumor	Post-Treatment (No progression)	183.9	nanos_gigantum_humeris_insidentes
specimen	CTDC-PARTICIPANT-855609	CTDC-SPECIMEN-945347	Cell Block	BUCCAL CELL SAMPLE	sapiens_qui_prospicit	Normal	ARCHIVAL	266.94	id_quod_plerumque_accidit
specimen	CTDC-PARTICIPANT-855609	CTDC-SPECIMEN-168678	Stained Bone Marrow Aspirate Slide	FRESH TISSUE	a_bene_placito	Metastatic	Archival	148.07	nanos_gigantum_humeris_insidentes
specimen	CTDC-PARTICIPANT-879618	CTDC-SPECIMEN-752759	Unstained Slide	BONE MARROW	Macte_animo_Generose_puer_sic_itur_ad_astra	Metastatic	PROGRESSION	491.56	O_Tite_tute_Tati_tibi_tanta_tyranne_tulisti
specimen	CTDC-PARTICIPANT-879618	CTDC-SPECIMEN-941064	Snap Frozen Tissue	Blood	haec_olim_meminisse_iuvabit	Normal	Baseline (Fresh)	275.7	salus_in_arduis
specimen	CTDC-PARTICIPANT-683664	CTDC-SPECIMEN-884452	Cell Block	FRESH TISSUE	e_causa_ignota	Primary	Progression (Fresh)	399.04	imperium_in_imperio
specimen	CTDC-PARTICIPANT-683664	CTDC-SPECIMEN-406327	Stained Bone Marrow Aspirate Slide	Fresh Tissue	scientia_imperii_decus_et_tutamen	Normal	Archival	394.99	barba_crescit_caput_nescit
specimen	CTDC-PARTICIPANT-772356	CTDC-SPECIMEN-174547	Unstained Bone Marrow Aspirate Slide	STOOL	scientia_et_sapientia	Adjacent Non-Tumor	On Treatment (Fresh)	380.26	e_causa_ignota
specimen	CTDC-PARTICIPANT-772356	CTDC-SPECIMEN-989257	Bone Marrow Aspirate	FROZEN TISSUE	saltus_in_demonstrando	Normal	On Treatment (Fresh)	143.53	nanos_gigantum_humeris_insidentes
specimen	CTDC-PARTICIPANT-641762	CTDC-SPECIMEN-387854	Fresh Tissue in Media to PDMR	Frozen Tissue	scientia_et_labor	Metastatic	Progression (Fresh)	842.85	cacatum_non_est_pictum
specimen	CTDC-PARTICIPANT-641762	CTDC-SPECIMEN-907521	Fresh Tissue in Media to PDMR	Blood	haec_olim_meminisse_iuvabit	Primary	BASELINE	263.32	nascentes_morimur_finisque_ab_origine_pendet
specimen	CTDC-PARTICIPANT-357366	CTDC-SPECIMEN-580927	Fresh Tissue in Media to PDMR	BUCCAL CELL SAMPLE	imperium_in_imperio	Metastatic	PROGRESSION	851.23	damnant_quod_non_intellegunt
specimen	CTDC-PARTICIPANT-357366	CTDC-SPECIMEN-157997	Unstained Bone Marrow Aspirate Slide	FRESH TISSUE	Macte_animo_Generose_puer_sic_itur_ad_astra	Adjacent Non-Tumor	Archival	319.91	scientia_et_sapientia
specimen	CTDC-PARTICIPANT-395458	CTDC-SPECIMEN-393986	Unstained Slide	Frozen Tissue	nanos_gigantum_humeris_insidentes	Normal	PROGRESSION	503.45	scientiae_et_patriae
specimen	CTDC-PARTICIPANT-395458	CTDC-SPECIMEN-867499	Bone Marrow Aspirate	SALIVA	Macte_animo_Generose_puer_sic_itur_ad_astra	Normal	PROGRESSION	449.69	scientiae_et_patriae
specimen	CTDC-PARTICIPANT-237017	CTDC-SPECIMEN-655917	EDTA Blood	Frozen Tissue	scientia_imperii_decus_et_tutamen	Adjacent Non-Tumor	ON TREATMENT	918.26	sapiens_qui_prospicit
specimen	CTDC-PARTICIPANT-237017	CTDC-SPECIMEN-409119	FORMALIN FIXED TISSUE	Formalin Fixed Tissue	imperium_in_imperio	Normal	PROGRESSION	584.42	scientia,_aere_perennius
specimen	CTDC-PARTICIPANT-423015	CTDC-SPECIMEN-659387	Formalin Bone Marrow Biopsy	FORMALIN FIXED PARAFFIN EMBEDDED TISSUE	barba_crescit_caput_nescit	Adjacent Non-Tumor	On Treatment (Fresh)	924.98	haec_olim_meminisse_iuvabit
specimen	CTDC-PARTICIPANT-423015	CTDC-SPECIMEN-506588	EDTA Blood	CEREBROSPINAL FLUID	scientia_imperii_decus_et_tutamen	Normal	Progression (Fresh)	659.67	scientiae_et_patriae
specimen	CTDC-PARTICIPANT-622116	CTDC-SPECIMEN-161666	Formalin Fixed Tissue	SALIVA	cacatum_non_est_pictum	Primary	BASELINE	483.44	nanos_gigantum_humeris_insidentes
specimen	CTDC-PARTICIPANT-622116	CTDC-SPECIMEN-903620	Stained Bone Marrow Aspirate Slide	STOOL	nascentes_morimur_finisque_ab_origine_pendet	Metastatic	Baseline (Fresh)	235.32	pace_tua
specimen	CTDC-PARTICIPANT-854884	CTDC-SPECIMEN-851324	Snap Frozen Tissue	STOOL	Gallia_est_omnis_divisa_in_partes_tres	Primary	Baseline (Fresh)	557.23	labor_ipse_voluptas
specimen	CTDC-PARTICIPANT-854884	CTDC-SPECIMEN-199694	Streck Blood to VARI	Fresh Tissue	labor_ipse_voluptas	Metastatic	Archival	499.63	scientia_et_labor
specimen	CTDC-PARTICIPANT-593514	CTDC-SPECIMEN-793754	Fresh Tissue in Media to PDMR	URINE	scientia_et_sapientia	Metastatic	PROGRESSION	45.25	scientiae_et_patriae
specimen	CTDC-PARTICIPANT-593514	CTDC-SPECIMEN-783922	EDTA Blood	BONE MARROW	e_causa_ignota	Primary	ARCHIVAL	44.53	scientia,_aere_perennius
specimen	CTDC-PARTICIPANT-456506	CTDC-SPECIMEN-838172	FFPE Block	Blood	scientia_et_sapientia	Adjacent Non-Tumor	Progression (Fresh)	372.8	scientia_et_sapientia
specimen	CTDC-PARTICIPANT-456506	CTDC-SPECIMEN-424419	Bone Marrow Aspirate	OTHER BODILY FLUIDs	salus_in_arduis	Normal	ON TREATMENT	404.95	Gallia_est_omnis_divisa_in_partes_tres
specimen	CTDC-PARTICIPANT-311363	CTDC-SPECIMEN-613412	Formalin Fixed Tissue	Blood	salus_in_arduis	Metastatic	On Treatment (Fresh)	583.87	scientiae_et_patriae
specimen	CTDC-PARTICIPANT-311363	CTDC-SPECIMEN-233047	Streck Blood	FRESH TISSUE	Gallia_est_omnis_divisa_in_partes_tres	Primary	Archival	91.71	salus_in_arduis
specimen	CTDC-PARTICIPANT-299574	CTDC-SPECIMEN-738544	Bone Marrow Aspirate	FROZEN TISSUE	Obedientia_civium_urbis_felicitas	Metastatic	Baseline (Fresh)	180.86	haec_olim_meminisse_iuvabit
specimen	CTDC-PARTICIPANT-299574	CTDC-SPECIMEN-698082	Formalin Bone Marrow Biopsy	BONE MARROW	nascentes_morimur_finisque_ab_origine_pendet	Metastatic	ON TREATMENT	572.8	Gallia_est_omnis_divisa_in_partes_tres
specimen	CTDC-PARTICIPANT-864568	CTDC-SPECIMEN-580983	FORMALIN FIXED TISSUE	Formalin Fixed Tissue	Obedientia_civium_urbis_felicitas	Normal	ON TREATMENT	796.83	haec_olim_meminisse_iuvabit
specimen	CTDC-PARTICIPANT-864568	CTDC-SPECIMEN-846436	Streck Blood to VARI	Bone Marrow	damnant_quod_non_intellegunt	Normal	ON TREATMENT	903.66	imperium_in_imperio
specimen	CTDC-PARTICIPANT-969646	CTDC-SPECIMEN-490980	Fresh Tissue in Media to PDMR	CEREBROSPINAL FLUID	pace_tua	Adjacent Non-Tumor	PROGRESSION	949.65	scientia_imperii_decus_et_tutamen
specimen	CTDC-PARTICIPANT-969646	CTDC-SPECIMEN-410618	Unstained Bone Marrow Aspirate Slide	Blood	barba_crescit_caput_nescit	Normal	BASELINE	547.08	scientia,_aere_perennius
specimen	CTDC-PARTICIPANT-824899	CTDC-SPECIMEN-962586	Streck Blood	Fresh Tissue	cacatum_non_est_pictum	Normal	ON TREATMENT	685.62	Obedientia_civium_urbis_felicitas
specimen	CTDC-PARTICIPANT-824899	CTDC-SPECIMEN-250210	EDTA Blood	URINE	faber_est_suae_quisque_fortunae	Normal	PROGRESSION	520.21	faber_est_suae_quisque_fortunae
specimen	CTDC-PARTICIPANT-624334	CTDC-SPECIMEN-373485	FFPE Block	OTHER BODILY FLUIDs	scientia_et_sapientia	Metastatic	BASELINE	632.54	a_bene_placito
specimen	CTDC-PARTICIPANT-624334	CTDC-SPECIMEN-682862	Stained Bone Marrow Aspirate Slide	FORMALIN FIXED PARAFFIN EMBEDDED TISSUE	barba_crescit_caput_nescit	Adjacent Non-Tumor	Progression (Fresh)	135.51	nanos_gigantum_humeris_insidentes
specimen	CTDC-PARTICIPANT-907836	CTDC-SPECIMEN-849638	Formalin Fixed Tissue	FRESH TISSUE	barba_crescit_caput_nescit	Normal	Post-Treatment (No progression)	736.61	nanos_gigantum_humeris_insidentes
specimen	CTDC-PARTICIPANT-907836	CTDC-SPECIMEN-127546	Stained Bone Marrow Aspirate Slide	BUCCAL CELL SAMPLE	imperium_in_imperio	Normal	Progression (Fresh)	109.57	damnant_quod_non_intellegunt
specimen	CTDC-PARTICIPANT-380189	CTDC-SPECIMEN-460255	Cell Block	Blood	cacatum_non_est_pictum	Primary	Progression (Fresh)	65.66	a_bene_placito
specimen	CTDC-PARTICIPANT-380189	CTDC-SPECIMEN-565504	Streck Blood to VARI	STOOL	O_Tite_tute_Tati_tibi_tanta_tyranne_tulisti	Normal	BASELINE	345.89	a_bene_placito
specimen	CTDC-PARTICIPANT-255931	CTDC-SPECIMEN-619116	Unstained Bone Marrow Aspirate Slide	FROZEN TISSUE	salus_in_arduis	Primary	Archival	39.55	a_bene_placito
specimen	CTDC-PARTICIPANT-255931	CTDC-SPECIMEN-603946	Unstained Slide	CEREBROSPINAL FLUID	nanos_gigantum_humeris_insidentes	Primary	Post-Treatment (No progression)	807.68	saltus_in_demonstrando
specimen	CTDC-PARTICIPANT-713074	CTDC-SPECIMEN-442459	Bone Marrow Aspirate	Formalin Fixed Paraffin Embedded Tissue	saltus_in_demonstrando	Metastatic	Archival	174.26	pace_tua
specimen	CTDC-PARTICIPANT-713074	CTDC-SPECIMEN-705807	Cell Block	Frozen Tissue	nascentes_morimur_finisque_ab_origine_pendet	Adjacent Non-Tumor	PROGRESSION	266.09	haec_olim_meminisse_iuvabit
specimen	CTDC-PARTICIPANT-592777	CTDC-SPECIMEN-841473	Unstained Bone Marrow Aspirate Slide	BUCCAL CELL SAMPLE	scientiae_cedit_mare	Adjacent Non-Tumor	Post-Treatment (No progression)	641.65	scientia_imperii_decus_et_tutamen
specimen	CTDC-PARTICIPANT-592777	CTDC-SPECIMEN-673535	FFPE Block	FORMALIN FIXED PARAFFIN EMBEDDED TISSUE	scientia_imperii_decus_et_tutamen	Normal	BASELINE	698.92	scientia_et_labor
specimen	CTDC-PARTICIPANT-759167	CTDC-SPECIMEN-959730	FORMALIN FIXED TISSUE	FRESH TISSUE	scientia,_aere_perennius	Primary	BASELINE	370.04	e_causa_ignota
specimen	CTDC-PARTICIPANT-759167	CTDC-SPECIMEN-854828	Cell Block	STOOL	Macte_animo_Generose_puer_sic_itur_ad_astra	Normal	On Treatment (Fresh)	879.64	nascentes_morimur_finisque_ab_origine_pendet
specimen	CTDC-PARTICIPANT-162429	CTDC-SPECIMEN-263144	Unstained Slide	FORMALIN FIXED PARAFFIN EMBEDDED TISSUE	pace_tua	Normal	BASELINE	818.22	a_bene_placito
specimen	CTDC-PARTICIPANT-162429	CTDC-SPECIMEN-103469	Streck Blood	Frozen Tissue	faber_est_suae_quisque_fortunae	Primary	ON TREATMENT	772.88	faber_est_suae_quisque_fortunae
specimen	CTDC-PARTICIPANT-624958	CTDC-SPECIMEN-299562	Formalin Bone Marrow Biopsy	CEREBROSPINAL FLUID	cacatum_non_est_pictum	Normal	On Treatment (Fresh)	658.0	haec_olim_meminisse_iuvabit
specimen	CTDC-PARTICIPANT-624958	CTDC-SPECIMEN-585436	Unstained Bone Marrow Aspirate Slide	URINE	imperium_in_imperio	Normal	ON TREATMENT	960.05	barba_crescit_caput_nescit
specimen	CTDC-PARTICIPANT-445241	CTDC-SPECIMEN-481822	Unstained Bone Marrow Aspirate Slide	Formalin Fixed Paraffin Embedded Tissue	scientia,_aere_perennius	Primary	PROGRESSION	122.09	barba_crescit_caput_nescit
specimen	CTDC-PARTICIPANT-445241	CTDC-SPECIMEN-152402	FORMALIN FIXED TISSUE	OTHER BODILY FLUIDs	Obedientia_civium_urbis_felicitas	Metastatic	ARCHIVAL	768.92	scientia,_aere_perennius
specimen	CTDC-PARTICIPANT-226801	CTDC-SPECIMEN-439486	FFPE Block	BONE MARROW	scientia,_aere_perennius	Primary	ARCHIVAL	66.27	salus_in_arduis
specimen	CTDC-PARTICIPANT-226801	CTDC-SPECIMEN-813795	Cell Block	URINE	Obedientia_civium_urbis_felicitas	Primary	Archival	482.22	Macte_animo_Generose_puer_sic_itur_ad_astra
specimen	CTDC-PARTICIPANT-800101	CTDC-SPECIMEN-484069	Formalin Bone Marrow Biopsy	BONE MARROW	scientia_et_labor	Primary	ARCHIVAL	914.6	damnant_quod_non_intellegunt
specimen	CTDC-PARTICIPANT-800101	CTDC-SPECIMEN-749733	Cell Block	FRESH TISSUE	scientia_et_labor	Metastatic	On Treatment (Fresh)	418.97	salus_in_arduis
specimen	CTDC-PARTICIPANT-489962	CTDC-SPECIMEN-318164	Fresh Tissue in Media to PDMR	BONE MARROW	scientia_et_labor	Metastatic	ARCHIVAL	504.8	salus_in_arduis
specimen	CTDC-PARTICIPANT-489962	CTDC-SPECIMEN-571530	Unstained Slide	Blood	haec_olim_meminisse_iuvabit	Primary	ON TREATMENT	461.52	damnant_quod_non_intellegunt
specimen	CTDC-PARTICIPANT-617402	CTDC-SPECIMEN-180435	Fresh Tissue in Media to PDMR	OTHER BODILY FLUIDs	Gallia_est_omnis_divisa_in_partes_tres	Metastatic	Archival	646.7	scientia_imperii_decus_et_tutamen
specimen	CTDC-PARTICIPANT-617402	CTDC-SPECIMEN-928905	Streck Blood	BUCCAL CELL SAMPLE	barba_crescit_caput_nescit	Primary	Progression (Fresh)	256.98	Macte_animo_Generose_puer_sic_itur_ad_astra
specimen	CTDC-PARTICIPANT-934170	CTDC-SPECIMEN-521719	EDTA Blood	BONE MARROW	a_bene_placito	Metastatic	Archival	522.78	nascentes_morimur_finisque_ab_origine_pendet
specimen	CTDC-PARTICIPANT-934170	CTDC-SPECIMEN-567516	Snap Frozen Tissue	CEREBROSPINAL FLUID	pace_tua	Metastatic	Progression (Fresh)	130.9	sapiens_qui_prospicit
specimen	CTDC-PARTICIPANT-930739	CTDC-SPECIMEN-210105	Streck Blood to VARI	BONE MARROW	saltus_in_demonstrando	Adjacent Non-Tumor	Progression (Fresh)	160.45	Obedientia_civium_urbis_felicitas
specimen	CTDC-PARTICIPANT-930739	CTDC-SPECIMEN-626822	Cell Block	FRESH TISSUE	faber_est_suae_quisque_fortunae	Adjacent Non-Tumor	Post-Treatment (No progression)	672.16	Obedientia_civium_urbis_felicitas
specimen	CTDC-PARTICIPANT-785668	CTDC-SPECIMEN-393188	Bone Marrow Aspirate	FRESH TISSUE	scientia_et_sapientia	Normal	ARCHIVAL	769.4	salus_in_arduis
specimen	CTDC-PARTICIPANT-785668	CTDC-SPECIMEN-340167	Snap Frozen Tissue	FRESH TISSUE	scientiae_cedit_mare	Primary	Progression (Fresh)	926.4	O_Tite_tute_Tati_tibi_tanta_tyranne_tulisti
specimen	CTDC-PARTICIPANT-400918	CTDC-SPECIMEN-676587	FORMALIN FIXED TISSUE	STOOL	scientia,_aere_perennius	Normal	BASELINE	207.86	damnant_quod_non_intellegunt
specimen	CTDC-PARTICIPANT-400918	CTDC-SPECIMEN-757942	Unstained Bone Marrow Aspirate Slide	Blood	scientia_et_labor	Metastatic	Progression (Fresh)	509.08	damnant_quod_non_intellegunt
specimen	CTDC-PARTICIPANT-531009	CTDC-SPECIMEN-887961	FORMALIN FIXED TISSUE	CEREBROSPINAL FLUID	imperium_in_imperio	Primary	ARCHIVAL	874.33	scientia_et_labor
specimen	CTDC-PARTICIPANT-531009	CTDC-SPECIMEN-852069	Formalin Bone Marrow Biopsy	BLOOD	scientia_imperii_decus_et_tutamen	Metastatic	On Treatment (Fresh)	532.06	e_causa_ignota
specimen	CTDC-PARTICIPANT-165601	CTDC-SPECIMEN-728390	Formalin Fixed Tissue	CEREBROSPINAL FLUID	scientia_et_sapientia	Adjacent Non-Tumor	ARCHIVAL	712.41	sapiens_qui_prospicit
specimen	CTDC-PARTICIPANT-165601	CTDC-SPECIMEN-635855	Formalin Bone Marrow Biopsy	FROZEN TISSUE	nanos_gigantum_humeris_insidentes	Primary	Progression (Fresh)	175.2	e_causa_ignota
specimen	CTDC-PARTICIPANT-551570	CTDC-SPECIMEN-614688	Snap Frozen Tissue	FORMALIN FIXED TISSUE	nascentes_morimur_finisque_ab_origine_pendet	Primary	Progression (Fresh)	962.29	barba_crescit_caput_nescit
specimen	CTDC-PARTICIPANT-551570	CTDC-SPECIMEN-177362	FFPE Block	BLOOD	cacatum_non_est_pictum	Metastatic	ARCHIVAL	991.85	cacatum_non_est_pictum
specimen	CTDC-PARTICIPANT-175162	CTDC-SPECIMEN-592401	Stained Bone Marrow Aspirate Slide	FROZEN TISSUE	Obedientia_civium_urbis_felicitas	Adjacent Non-Tumor	BASELINE	176.53	faber_est_suae_quisque_fortunae
specimen	CTDC-PARTICIPANT-175162	CTDC-SPECIMEN-961074	EDTA Blood	BLOOD	haec_olim_meminisse_iuvabit	Primary	Baseline (Fresh)	960.55	scientia_et_sapientia
specimen	CTDC-PARTICIPANT-115872	CTDC-SPECIMEN-772385	FFPE Block	BLOOD	damnant_quod_non_intellegunt	Normal	Progression (Fresh)	496.39	Obedientia_civium_urbis_felicitas
specimen	CTDC-PARTICIPANT-115872	CTDC-SPECIMEN-399803	Unstained Slide	FRESH TISSUE	imperium_in_imperio	Primary	PROGRESSION	411.69	labor_ipse_voluptas
specimen	CTDC-PARTICIPANT-480277	CTDC-SPECIMEN-504719	FFPE Block	BLOOD	scientia,_aere_perennius	Primary	ON TREATMENT	472.81	scientiae_cedit_mare
specimen	CTDC-PARTICIPANT-480277	CTDC-SPECIMEN-302404	Streck Blood to PDMR	FORMALIN FIXED TISSUE	nascentes_morimur_finisque_ab_origine_pendet	Metastatic	PROGRESSION	229.58	saltus_in_demonstrando
specimen	CTDC-PARTICIPANT-304492	CTDC-SPECIMEN-766192	FFPE Block	Frozen Tissue	Obedientia_civium_urbis_felicitas	Primary	PROGRESSION	900.36	pace_tua
specimen	CTDC-PARTICIPANT-304492	CTDC-SPECIMEN-208197	Streck Blood to VARI	Bone Marrow	O_Tite_tute_Tati_tibi_tanta_tyranne_tulisti	Metastatic	BASELINE	591.9	salus_in_arduis
specimen	CTDC-PARTICIPANT-780147	CTDC-SPECIMEN-334857	Cell Block	STOOL	barba_crescit_caput_nescit	Primary	Baseline (Fresh)	203.24	scientia_imperii_decus_et_tutamen
specimen	CTDC-PARTICIPANT-780147	CTDC-SPECIMEN-483648	Formalin Fixed Tissue	STOOL	saltus_in_demonstrando	Primary	On Treatment (Fresh)	589.62	saltus_in_demonstrando
specimen	CTDC-PARTICIPANT-155733	CTDC-SPECIMEN-392220	Cell Block	Frozen Tissue	saltus_in_demonstrando	Primary	PROGRESSION	207.52	scientiae_et_patriae
specimen	CTDC-PARTICIPANT-155733	CTDC-SPECIMEN-224532	Streck Blood to PDMR	Formalin Fixed Tissue	scientia_imperii_decus_et_tutamen	Adjacent Non-Tumor	Post-Treatment (No progression)	792.22	scientiae_cedit_mare
specimen	CTDC-PARTICIPANT-610906	CTDC-SPECIMEN-363796	Fresh Tissue in Media to PDMR	FORMALIN FIXED TISSUE	labor_ipse_voluptas	Primary	Post-Treatment (No progression)	189.14	salus_in_arduis
specimen	CTDC-PARTICIPANT-610906	CTDC-SPECIMEN-123868	Bone Marrow Aspirate	Blood	Obedientia_civium_urbis_felicitas	Adjacent Non-Tumor	PROGRESSION	634.58	salus_in_arduis
specimen	CTDC-PARTICIPANT-132570	CTDC-SPECIMEN-701527	Fresh Tissue in Media to PDMR	FRESH TISSUE	labor_ipse_voluptas	Primary	BASELINE	150.86	a_bene_placito
specimen	CTDC-PARTICIPANT-132570	CTDC-SPECIMEN-979036	Cell Block	FORMALIN FIXED TISSUE	scientia,_aere_perennius	Primary	Progression (Fresh)	649.56	scientia,_aere_perennius
specimen	CTDC-PARTICIPANT-387859	CTDC-SPECIMEN-929000	Streck Blood to VARI	CEREBROSPINAL FLUID	Obedientia_civium_urbis_felicitas	Metastatic	PROGRESSION	375.1	faber_est_suae_quisque_fortunae
specimen	CTDC-PARTICIPANT-387859	CTDC-SPECIMEN-149222	Streck Blood	Formalin Fixed Tissue	scientiae_et_patriae	Normal	Progression (Fresh)	272.53	sapiens_qui_prospicit
specimen	CTDC-PARTICIPANT-554515	CTDC-SPECIMEN-554193	Stained Bone Marrow Aspirate Slide	BONE MARROW	saltus_in_demonstrando	Metastatic	Post-Treatment (No progression)	531.7	barba_crescit_caput_nescit
specimen	CTDC-PARTICIPANT-554515	CTDC-SPECIMEN-224398	Formalin Bone Marrow Biopsy	BUCCAL CELL SAMPLE	scientiae_cedit_mare	Primary	ON TREATMENT	889.08	scientia,_aere_perennius
specimen	CTDC-PARTICIPANT-813717	CTDC-SPECIMEN-454887	Snap Frozen Tissue	Formalin Fixed Paraffin Embedded Tissue	e_causa_ignota	Adjacent Non-Tumor	ARCHIVAL	649.16	salus_in_arduis
specimen	CTDC-PARTICIPANT-813717	CTDC-SPECIMEN-993733	EDTA Blood	Formalin Fixed Paraffin Embedded Tissue	damnant_quod_non_intellegunt	Adjacent Non-Tumor	Archival	967.51	scientia_et_sapientia
specimen	CTDC-PARTICIPANT-829393	CTDC-SPECIMEN-268779	Unstained Slide	BLOOD	faber_est_suae_quisque_fortunae	Normal	ARCHIVAL	28.08	a_bene_placito
specimen	CTDC-PARTICIPANT-829393	CTDC-SPECIMEN-386598	Stained Bone Marrow Aspirate Slide	Blood	scientia_imperii_decus_et_tutamen	Metastatic	Archival	847.2	saltus_in_demonstrando
specimen	CTDC-PARTICIPANT-140828	CTDC-SPECIMEN-226778	Formalin Fixed Tissue	BONE MARROW	faber_est_suae_quisque_fortunae	Primary	On Treatment (Fresh)	83.88	pace_tua
specimen	CTDC-PARTICIPANT-140828	CTDC-SPECIMEN-980717	Unstained Bone Marrow Aspirate Slide	BUCCAL CELL SAMPLE	barba_crescit_caput_nescit	Metastatic	ARCHIVAL	399.95	Macte_animo_Generose_puer_sic_itur_ad_astra
specimen	CTDC-PARTICIPANT-153996	CTDC-SPECIMEN-998715	Streck Blood to PDMR	Blood	salus_in_arduis	Adjacent Non-Tumor	Post-Treatment (No progression)	525.77	Gallia_est_omnis_divisa_in_partes_tres
specimen	CTDC-PARTICIPANT-153996	CTDC-SPECIMEN-627144	Fresh Tissue in Media to PDMR	FRESH TISSUE	Gallia_est_omnis_divisa_in_partes_tres	Adjacent Non-Tumor	PROGRESSION	829.68	imperium_in_imperio
specimen	CTDC-PARTICIPANT-157188	CTDC-SPECIMEN-714330	Bone Marrow Aspirate	OTHER BODILY FLUIDs	imperium_in_imperio	Normal	Baseline (Fresh)	16.7	nascentes_morimur_finisque_ab_origine_pendet
specimen	CTDC-PARTICIPANT-157188	CTDC-SPECIMEN-140350	FORMALIN FIXED TISSUE	Formalin Fixed Paraffin Embedded Tissue	labor_ipse_voluptas	Primary	BASELINE	756.65	Macte_animo_Generose_puer_sic_itur_ad_astra
specimen	CTDC-PARTICIPANT-731202	CTDC-SPECIMEN-243677	Streck Blood to PDMR	URINE	e_causa_ignota	Normal	ARCHIVAL	885.21	scientiae_cedit_mare
specimen	CTDC-PARTICIPANT-731202	CTDC-SPECIMEN-477238	FFPE Block	OTHER BODILY FLUIDs	cacatum_non_est_pictum	Primary	BASELINE	989.76	Macte_animo_Generose_puer_sic_itur_ad_astra
specimen	CTDC-PARTICIPANT-541762	CTDC-SPECIMEN-837320	Unstained Slide	Bone Marrow	id_quod_plerumque_accidit	Normal	Progression (Fresh)	800.8	faber_est_suae_quisque_fortunae
specimen	CTDC-PARTICIPANT-541762	CTDC-SPECIMEN-619417	Formalin Fixed Tissue	FORMALIN FIXED PARAFFIN EMBEDDED TISSUE	a_bene_placito	Primary	Post-Treatment (No progression)	18.01	Macte_animo_Generose_puer_sic_itur_ad_astra
specimen	CTDC-PARTICIPANT-986899	CTDC-SPECIMEN-258080	Fresh Tissue in Media to PDMR	Formalin Fixed Tissue	e_causa_ignota	Primary	Progression (Fresh)	594.85	barba_crescit_caput_nescit
specimen	CTDC-PARTICIPANT-986899	CTDC-SPECIMEN-741298	FORMALIN FIXED TISSUE	FORMALIN FIXED PARAFFIN EMBEDDED TISSUE	salus_in_arduis	Primary	Post-Treatment (No progression)	412.57	a_bene_placito
specimen	CTDC-PARTICIPANT-896676	CTDC-SPECIMEN-622752	Streck Blood to PDMR	Bone Marrow	e_causa_ignota	Metastatic	Progression (Fresh)	998.55	e_causa_ignota
specimen	CTDC-PARTICIPANT-896676	CTDC-SPECIMEN-186713	Snap Frozen Tissue	BUCCAL CELL SAMPLE	nanos_gigantum_humeris_insidentes	Metastatic	Post-Treatment (No progression)	671.4	scientia_et_sapientia
specimen	CTDC-PARTICIPANT-617856	CTDC-SPECIMEN-306952	Formalin Bone Marrow Biopsy	FRESH TISSUE	saltus_in_demonstrando	Primary	Post-Treatment (No progression)	134.67	salus_in_arduis
specimen	CTDC-PARTICIPANT-617856	CTDC-SPECIMEN-340026	Bone Marrow Aspirate	FORMALIN FIXED PARAFFIN EMBEDDED TISSUE	pace_tua	Primary	Post-Treatment (No progression)	151.92	nanos_gigantum_humeris_insidentes
specimen	CTDC-PARTICIPANT-100150	CTDC-SPECIMEN-841600	Streck Blood	FRESH TISSUE	scientia_et_sapientia	Primary	ARCHIVAL	627.85	barba_crescit_caput_nescit
specimen	CTDC-PARTICIPANT-100150	CTDC-SPECIMEN-328834	Formalin Fixed Tissue	BUCCAL CELL SAMPLE	pace_tua	Primary	ON TREATMENT	854.69	nanos_gigantum_humeris_insidentes
specimen	CTDC-PARTICIPANT-489929	CTDC-SPECIMEN-801350	Fresh Tissue in Media to PDMR	Blood	barba_crescit_caput_nescit	Metastatic	Progression (Fresh)	541.6	scientiae_cedit_mare
specimen	CTDC-PARTICIPANT-489929	CTDC-SPECIMEN-819454	Formalin Bone Marrow Biopsy	FORMALIN FIXED PARAFFIN EMBEDDED TISSUE	damnant_quod_non_intellegunt	Primary	Post-Treatment (No progression)	633.04	damnant_quod_non_intellegunt
specimen	CTDC-PARTICIPANT-149982	CTDC-SPECIMEN-307840	Formalin Fixed Tissue	SALIVA	scientiae_cedit_mare	Normal	ARCHIVAL	288.24	Obedientia_civium_urbis_felicitas
specimen	CTDC-PARTICIPANT-149982	CTDC-SPECIMEN-509598	EDTA Blood	CEREBROSPINAL FLUID	sapiens_qui_prospicit	Primary	On Treatment (Fresh)	870.64	saltus_in_demonstrando
specimen	CTDC-PARTICIPANT-444431	CTDC-SPECIMEN-898277	Unstained Slide	Formalin Fixed Paraffin Embedded Tissue	sapiens_qui_prospicit	Normal	PROGRESSION	244.47	scientiae_cedit_mare
specimen	CTDC-PARTICIPANT-444431	CTDC-SPECIMEN-764103	Unstained Slide	Bone Marrow	salus_in_arduis	Primary	ON TREATMENT	980.34	scientia,_aere_perennius
specimen	CTDC-PARTICIPANT-348498	CTDC-SPECIMEN-143602	Unstained Slide	Formalin Fixed Paraffin Embedded Tissue	Obedientia_civium_urbis_felicitas	Adjacent Non-Tumor	Baseline (Fresh)	357.52	scientiae_cedit_mare
specimen	CTDC-PARTICIPANT-348498	CTDC-SPECIMEN-961536	Unstained Slide	BONE MARROW	Gallia_est_omnis_divisa_in_partes_tres	Primary	ARCHIVAL	341.76	scientia_et_labor
specimen	CTDC-PARTICIPANT-151782	CTDC-SPECIMEN-871201	Cell Block	Frozen Tissue	scientiae_et_patriae	Metastatic	ON TREATMENT	667.71	imperium_in_imperio
specimen	CTDC-PARTICIPANT-151782	CTDC-SPECIMEN-692189	Streck Blood to PDMR	URINE	id_quod_plerumque_accidit	Normal	ON TREATMENT	927.09	e_causa_ignota
specimen	CTDC-PARTICIPANT-570580	CTDC-SPECIMEN-728869	Fresh Tissue in Media to PDMR	Fresh Tissue	damnant_quod_non_intellegunt	Metastatic	PROGRESSION	536.52	saltus_in_demonstrando
specimen	CTDC-PARTICIPANT-570580	CTDC-SPECIMEN-236281	Cell Block	Blood	haec_olim_meminisse_iuvabit	Primary	On Treatment (Fresh)	149.81	faber_est_suae_quisque_fortunae
specimen	CTDC-PARTICIPANT-322080	CTDC-SPECIMEN-929853	Unstained Slide	SALIVA	sapiens_qui_prospicit	Adjacent Non-Tumor	BASELINE	431.89	salus_in_arduis
specimen	CTDC-PARTICIPANT-322080	CTDC-SPECIMEN-664979	Streck Blood to PDMR	BUCCAL CELL SAMPLE	saltus_in_demonstrando	Metastatic	ON TREATMENT	85.4	damnant_quod_non_intellegunt
specimen	CTDC-PARTICIPANT-696969	CTDC-SPECIMEN-698033	Cell Block	FORMALIN FIXED TISSUE	sapiens_qui_prospicit	Adjacent Non-Tumor	ARCHIVAL	477.96	scientia_et_labor
specimen	CTDC-PARTICIPANT-696969	CTDC-SPECIMEN-382083	Snap Frozen Tissue	FORMALIN FIXED TISSUE	id_quod_plerumque_accidit	Primary	PROGRESSION	730.77	haec_olim_meminisse_iuvabit
specimen	CTDC-PARTICIPANT-104574	CTDC-SPECIMEN-589087	Bone Marrow Aspirate	Formalin Fixed Paraffin Embedded Tissue	a_bene_placito	Metastatic	PROGRESSION	196.98	barba_crescit_caput_nescit
specimen	CTDC-PARTICIPANT-104574	CTDC-SPECIMEN-677710	Formalin Bone Marrow Biopsy	FRESH TISSUE	damnant_quod_non_intellegunt	Normal	Baseline (Fresh)	232.09	faber_est_suae_quisque_fortunae
specimen	CTDC-PARTICIPANT-521195	CTDC-SPECIMEN-675301	Snap Frozen Tissue	URINE	sapiens_qui_prospicit	Metastatic	Progression (Fresh)	758.38	damnant_quod_non_intellegunt
specimen	CTDC-PARTICIPANT-521195	CTDC-SPECIMEN-373535	Unstained Bone Marrow Aspirate Slide	Formalin Fixed Paraffin Embedded Tissue	faber_est_suae_quisque_fortunae	Metastatic	Progression (Fresh)	406.13	e_causa_ignota
specimen	CTDC-PARTICIPANT-718725	CTDC-SPECIMEN-162062	Formalin Bone Marrow Biopsy	URINE	damnant_quod_non_intellegunt	Metastatic	BASELINE	319.3	faber_est_suae_quisque_fortunae
specimen	CTDC-PARTICIPANT-718725	CTDC-SPECIMEN-659499	Snap Frozen Tissue	BUCCAL CELL SAMPLE	O_Tite_tute_Tati_tibi_tanta_tyranne_tulisti	Normal	Progression (Fresh)	982.17	cacatum_non_est_pictum
specimen	CTDC-PARTICIPANT-801137	CTDC-SPECIMEN-802240	Cell Block	Fresh Tissue	e_causa_ignota	Metastatic	PROGRESSION	763.55	Gallia_est_omnis_divisa_in_partes_tres
specimen	CTDC-PARTICIPANT-801137	CTDC-SPECIMEN-468474	Bone Marrow Aspirate	Frozen Tissue	scientiae_cedit_mare	Primary	PROGRESSION	223.14	salus_in_arduis
specimen	CTDC-PARTICIPANT-602888	CTDC-SPECIMEN-734637	Bone Marrow Aspirate	BONE MARROW	a_bene_placito	Normal	Progression (Fresh)	140.56	Gallia_est_omnis_divisa_in_partes_tres
specimen	CTDC-PARTICIPANT-602888	CTDC-SPECIMEN-843373	EDTA Blood	BUCCAL CELL SAMPLE	salus_in_arduis	Metastatic	Archival	117.04	scientia_et_labor
specimen	CTDC-PARTICIPANT-585644	CTDC-SPECIMEN-984076	Bone Marrow Aspirate	CEREBROSPINAL FLUID	saltus_in_demonstrando	Primary	ARCHIVAL	791.48	barba_crescit_caput_nescit
specimen	CTDC-PARTICIPANT-585644	CTDC-SPECIMEN-506344	Bone Marrow Aspirate	STOOL	faber_est_suae_quisque_fortunae	Adjacent Non-Tumor	Post-Treatment (No progression)	553.44	Gallia_est_omnis_divisa_in_partes_tres
specimen	CTDC-PARTICIPANT-923159	CTDC-SPECIMEN-508357	FORMALIN FIXED TISSUE	Formalin Fixed Tissue	scientiae_cedit_mare	Adjacent Non-Tumor	PROGRESSION	169.2	Macte_animo_Generose_puer_sic_itur_ad_astra
specimen	CTDC-PARTICIPANT-923159	CTDC-SPECIMEN-766269	Streck Blood to VARI	BONE MARROW	scientia_et_sapientia	Adjacent Non-Tumor	Post-Treatment (No progression)	80.97	scientiae_cedit_mare
specimen	CTDC-PARTICIPANT-796918	CTDC-SPECIMEN-778754	Formalin Fixed Tissue	BUCCAL CELL SAMPLE	barba_crescit_caput_nescit	Metastatic	ON TREATMENT	947.88	Obedientia_civium_urbis_felicitas
specimen	CTDC-PARTICIPANT-796918	CTDC-SPECIMEN-346820	Snap Frozen Tissue	CEREBROSPINAL FLUID	salus_in_arduis	Metastatic	Archival	953.32	pace_tua
specimen	CTDC-PARTICIPANT-646131	CTDC-SPECIMEN-303288	Stained Bone Marrow Aspirate Slide	FORMALIN FIXED TISSUE	a_bene_placito	Adjacent Non-Tumor	On Treatment (Fresh)	840.38	scientia_imperii_decus_et_tutamen
specimen	CTDC-PARTICIPANT-646131	CTDC-SPECIMEN-923739	FFPE Block	BUCCAL CELL SAMPLE	imperium_in_imperio	Primary	Post-Treatment (No progression)	64.25	e_causa_ignota
specimen	CTDC-PARTICIPANT-965448	CTDC-SPECIMEN-838878	Streck Blood	FROZEN TISSUE	id_quod_plerumque_accidit	Metastatic	Baseline (Fresh)	888.19	cacatum_non_est_pictum
specimen	CTDC-PARTICIPANT-965448	CTDC-SPECIMEN-479457	Formalin Fixed Tissue	STOOL	O_Tite_tute_Tati_tibi_tanta_tyranne_tulisti	Primary	Progression (Fresh)	943.81	imperium_in_imperio
specimen	CTDC-PARTICIPANT-830794	CTDC-SPECIMEN-968044	Unstained Bone Marrow Aspirate Slide	FORMALIN FIXED PARAFFIN EMBEDDED TISSUE	scientia_et_labor	Metastatic	BASELINE	843.62	scientia_imperii_decus_et_tutamen
specimen	CTDC-PARTICIPANT-830794	CTDC-SPECIMEN-364890	Streck Blood to VARI	Frozen Tissue	faber_est_suae_quisque_fortunae	Metastatic	Archival	657.35	id_quod_plerumque_accidit
specimen	CTDC-PARTICIPANT-405569	CTDC-SPECIMEN-836766	Streck Blood	BLOOD	e_causa_ignota	Adjacent Non-Tumor	ON TREATMENT	86.75	Macte_animo_Generose_puer_sic_itur_ad_astra
specimen	CTDC-PARTICIPANT-405569	CTDC-SPECIMEN-377812	Formalin Fixed Tissue	OTHER BODILY FLUIDs	O_Tite_tute_Tati_tibi_tanta_tyranne_tulisti	Metastatic	BASELINE	974.81	Macte_animo_Generose_puer_sic_itur_ad_astra
specimen	CTDC-PARTICIPANT-389280	CTDC-SPECIMEN-420304	Formalin Fixed Tissue	FORMALIN FIXED TISSUE	faber_est_suae_quisque_fortunae	Primary	Baseline (Fresh)	670.28	damnant_quod_non_intellegunt
specimen	CTDC-PARTICIPANT-389280	CTDC-SPECIMEN-314892	Unstained Slide	Formalin Fixed Paraffin Embedded Tissue	O_Tite_tute_Tati_tibi_tanta_tyranne_tulisti	Metastatic	ON TREATMENT	19.02	a_bene_placito
specimen	CTDC-PARTICIPANT-415492	CTDC-SPECIMEN-383772	Stained Bone Marrow Aspirate Slide	STOOL	scientiae_et_patriae	Normal	Progression (Fresh)	476.32	haec_olim_meminisse_iuvabit
specimen	CTDC-PARTICIPANT-415492	CTDC-SPECIMEN-786172	Streck Blood to PDMR	Formalin Fixed Paraffin Embedded Tissue	sapiens_qui_prospicit	Primary	On Treatment (Fresh)	788.19	scientia_imperii_decus_et_tutamen
specimen	CTDC-PARTICIPANT-450156	CTDC-SPECIMEN-292948	Fresh Tissue in Media to PDMR	FORMALIN FIXED TISSUE	salus_in_arduis	Adjacent Non-Tumor	On Treatment (Fresh)	434.87	O_Tite_tute_Tati_tibi_tanta_tyranne_tulisti
specimen	CTDC-PARTICIPANT-450156	CTDC-SPECIMEN-952904	Stained Bone Marrow Aspirate Slide	OTHER BODILY FLUIDs	Obedientia_civium_urbis_felicitas	Adjacent Non-Tumor	On Treatment (Fresh)	767.87	Obedientia_civium_urbis_felicitas
specimen	CTDC-PARTICIPANT-842600	CTDC-SPECIMEN-248430	Streck Blood to PDMR	Bone Marrow	scientia_et_labor	Normal	PROGRESSION	41.82	nascentes_morimur_finisque_ab_origine_pendet
specimen	CTDC-PARTICIPANT-842600	CTDC-SPECIMEN-930200	FFPE Block	BUCCAL CELL SAMPLE	faber_est_suae_quisque_fortunae	Metastatic	On Treatment (Fresh)	739.62	Macte_animo_Generose_puer_sic_itur_ad_astra
specimen	CTDC-PARTICIPANT-804006	CTDC-SPECIMEN-987696	FORMALIN FIXED TISSUE	Bone Marrow	scientiae_et_patriae	Adjacent Non-Tumor	Post-Treatment (No progression)	657.03	e_causa_ignota
specimen	CTDC-PARTICIPANT-804006	CTDC-SPECIMEN-475438	Fresh Tissue in Media to PDMR	FORMALIN FIXED TISSUE	nanos_gigantum_humeris_insidentes	Metastatic	On Treatment (Fresh)	542.05	a_bene_placito
specimen	CTDC-PARTICIPANT-794571	CTDC-SPECIMEN-818510	EDTA Blood	FORMALIN FIXED PARAFFIN EMBEDDED TISSUE	nanos_gigantum_humeris_insidentes	Primary	PROGRESSION	416.89	pace_tua
specimen	CTDC-PARTICIPANT-794571	CTDC-SPECIMEN-535095	Fresh Tissue in Media to PDMR	Blood	Gallia_est_omnis_divisa_in_partes_tres	Metastatic	PROGRESSION	990.75	labor_ipse_voluptas
specimen	CTDC-PARTICIPANT-912680	CTDC-SPECIMEN-856114	Fresh Tissue in Media to PDMR	CEREBROSPINAL FLUID	barba_crescit_caput_nescit	Adjacent Non-Tumor	Baseline (Fresh)	247.19	a_bene_placito
specimen	CTDC-PARTICIPANT-912680	CTDC-SPECIMEN-211666	Fresh Tissue in Media to PDMR	CEREBROSPINAL FLUID	nanos_gigantum_humeris_insidentes	Primary	ON TREATMENT	187.46	O_Tite_tute_Tati_tibi_tanta_tyranne_tulisti
specimen	CTDC-PARTICIPANT-260687	CTDC-SPECIMEN-277516	Streck Blood	FRESH TISSUE	Gallia_est_omnis_divisa_in_partes_tres	Normal	Archival	932.93	faber_est_suae_quisque_fortunae
specimen	CTDC-PARTICIPANT-260687	CTDC-SPECIMEN-320951	Formalin Bone Marrow Biopsy	STOOL	Gallia_est_omnis_divisa_in_partes_tres	Metastatic	Post-Treatment (No progression)	510.56	faber_est_suae_quisque_fortunae
specimen	CTDC-PARTICIPANT-513003	CTDC-SPECIMEN-574530	Unstained Slide	BONE MARROW	e_causa_ignota	Metastatic	Baseline (Fresh)	965.19	cacatum_non_est_pictum
specimen	CTDC-PARTICIPANT-513003	CTDC-SPECIMEN-947558	Unstained Bone Marrow Aspirate Slide	STOOL	cacatum_non_est_pictum	Primary	On Treatment (Fresh)	343.25	barba_crescit_caput_nescit
specimen	CTDC-PARTICIPANT-985753	CTDC-SPECIMEN-833257	Streck Blood to PDMR	SALIVA	faber_est_suae_quisque_fortunae	Adjacent Non-Tumor	Post-Treatment (No progression)	479.6	faber_est_suae_quisque_fortunae
specimen	CTDC-PARTICIPANT-985753	CTDC-SPECIMEN-367447	Cell Block	FORMALIN FIXED PARAFFIN EMBEDDED TISSUE	scientia_imperii_decus_et_tutamen	Normal	Baseline (Fresh)	360.57	O_Tite_tute_Tati_tibi_tanta_tyranne_tulisti
specimen	CTDC-PARTICIPANT-576238	CTDC-SPECIMEN-489257	Stained Bone Marrow Aspirate Slide	FRESH TISSUE	a_bene_placito	Normal	Baseline (Fresh)	657.42	e_causa_ignota
specimen	CTDC-PARTICIPANT-576238	CTDC-SPECIMEN-301568	Stained Bone Marrow Aspirate Slide	Frozen Tissue	scientia_et_labor	Adjacent Non-Tumor	ARCHIVAL	937.93	pace_tua
specimen	CTDC-PARTICIPANT-538281	CTDC-SPECIMEN-894227	Unstained Bone Marrow Aspirate Slide	BLOOD	scientia,_aere_perennius	Adjacent Non-Tumor	Post-Treatment (No progression)	413.13	salus_in_arduis
specimen	CTDC-PARTICIPANT-538281	CTDC-SPECIMEN-170045	Snap Frozen Tissue	FORMALIN FIXED TISSUE	sapiens_qui_prospicit	Normal	BASELINE	644.64	barba_crescit_caput_nescit
specimen	CTDC-PARTICIPANT-567163	CTDC-SPECIMEN-647786	Streck Blood to PDMR	Formalin Fixed Paraffin Embedded Tissue	Obedientia_civium_urbis_felicitas	Normal	On Treatment (Fresh)	288.68	scientiae_et_patriae
specimen	CTDC-PARTICIPANT-567163	CTDC-SPECIMEN-757946	Formalin Bone Marrow Biopsy	FROZEN TISSUE	Obedientia_civium_urbis_felicitas	Adjacent Non-Tumor	Progression (Fresh)	971.75	nascentes_morimur_finisque_ab_origine_pendet
specimen	CTDC-PARTICIPANT-375688	CTDC-SPECIMEN-933438	Formalin Fixed Tissue	Fresh Tissue	scientiae_cedit_mare	Adjacent Non-Tumor	On Treatment (Fresh)	579.62	saltus_in_demonstrando
specimen	CTDC-PARTICIPANT-375688	CTDC-SPECIMEN-810445	Formalin Fixed Tissue	FROZEN TISSUE	scientiae_et_patriae	Primary	Archival	38.69	scientia_et_labor
specimen	CTDC-PARTICIPANT-842152	CTDC-SPECIMEN-341643	Streck Blood	Blood	pace_tua	Normal	On Treatment (Fresh)	471.03	imperium_in_imperio
specimen	CTDC-PARTICIPANT-842152	CTDC-SPECIMEN-233760	Streck Blood	BLOOD	labor_ipse_voluptas	Primary	On Treatment (Fresh)	513.79	labor_ipse_voluptas
specimen	CTDC-PARTICIPANT-100029	CTDC-SPECIMEN-938561	Streck Blood to VARI	FORMALIN FIXED PARAFFIN EMBEDDED TISSUE	scientia,_aere_perennius	Adjacent Non-Tumor	ON TREATMENT	918.01	damnant_quod_non_intellegunt
specimen	CTDC-PARTICIPANT-100029	CTDC-SPECIMEN-721168	Bone Marrow Aspirate	STOOL	cacatum_non_est_pictum	Metastatic	ARCHIVAL	950.83	nanos_gigantum_humeris_insidentes
specimen	CTDC-PARTICIPANT-141020	CTDC-SPECIMEN-541809	Snap Frozen Tissue	FORMALIN FIXED TISSUE	salus_in_arduis	Adjacent Non-Tumor	BASELINE	791.66	labor_ipse_voluptas
specimen	CTDC-PARTICIPANT-141020	CTDC-SPECIMEN-914624	Snap Frozen Tissue	OTHER BODILY FLUIDs	cacatum_non_est_pictum	Normal	ON TREATMENT	726.35	scientiae_et_patriae
specimen	CTDC-PARTICIPANT-380809	CTDC-SPECIMEN-366664	Streck Blood	FROZEN TISSUE	imperium_in_imperio	Primary	Post-Treatment (No progression)	458.93	faber_est_suae_quisque_fortunae
specimen	CTDC-PARTICIPANT-380809	CTDC-SPECIMEN-287606	Cell Block	Formalin Fixed Tissue	salus_in_arduis	Metastatic	Baseline (Fresh)	982.75	O_Tite_tute_Tati_tibi_tanta_tyranne_tulisti
specimen	CTDC-PARTICIPANT-756502	CTDC-SPECIMEN-197140	Streck Blood to VARI	Formalin Fixed Tissue	sapiens_qui_prospicit	Normal	PROGRESSION	465.86	saltus_in_demonstrando
specimen	CTDC-PARTICIPANT-756502	CTDC-SPECIMEN-966294	Streck Blood	Formalin Fixed Paraffin Embedded Tissue	nascentes_morimur_finisque_ab_origine_pendet	Metastatic	Post-Treatment (No progression)	550.12	O_Tite_tute_Tati_tibi_tanta_tyranne_tulisti
specimen	CTDC-PARTICIPANT-616347	CTDC-SPECIMEN-849757	Bone Marrow Aspirate	Blood	saltus_in_demonstrando	Normal	ON TREATMENT	41.18	Macte_animo_Generose_puer_sic_itur_ad_astra
specimen	CTDC-PARTICIPANT-616347	CTDC-SPECIMEN-856421	Unstained Slide	OTHER BODILY FLUIDs	scientia,_aere_perennius	Adjacent Non-Tumor	Baseline (Fresh)	170.55	e_causa_ignota
specimen	CTDC-PARTICIPANT-631268	CTDC-SPECIMEN-636472	FORMALIN FIXED TISSUE	Formalin Fixed Paraffin Embedded Tissue	scientiae_et_patriae	Metastatic	Archival	578.23	Macte_animo_Generose_puer_sic_itur_ad_astra
specimen	CTDC-PARTICIPANT-631268	CTDC-SPECIMEN-154711	FORMALIN FIXED TISSUE	FORMALIN FIXED TISSUE	a_bene_placito	Normal	Progression (Fresh)	112.98	haec_olim_meminisse_iuvabit
specimen	CTDC-PARTICIPANT-683397	CTDC-SPECIMEN-834868	Fresh Tissue in Media to PDMR	Fresh Tissue	Gallia_est_omnis_divisa_in_partes_tres	Primary	Archival	571.64	scientia_et_labor
specimen	CTDC-PARTICIPANT-683397	CTDC-SPECIMEN-180922	Unstained Slide	BUCCAL CELL SAMPLE	Macte_animo_Generose_puer_sic_itur_ad_astra	Adjacent Non-Tumor	Baseline (Fresh)	647.75	damnant_quod_non_intellegunt
specimen	CTDC-PARTICIPANT-870495	CTDC-SPECIMEN-671454	FORMALIN FIXED TISSUE	FORMALIN FIXED PARAFFIN EMBEDDED TISSUE	saltus_in_demonstrando	Adjacent Non-Tumor	Archival	92.88	Gallia_est_omnis_divisa_in_partes_tres
specimen	CTDC-PARTICIPANT-870495	CTDC-SPECIMEN-824776	Unstained Slide	Bone Marrow	pace_tua	Metastatic	ARCHIVAL	363.93	scientiae_et_patriae
specimen	CTDC-PARTICIPANT-169247	CTDC-SPECIMEN-794402	Unstained Slide	URINE	e_causa_ignota	Adjacent Non-Tumor	Baseline (Fresh)	729.54	scientia_et_labor
specimen	CTDC-PARTICIPANT-169247	CTDC-SPECIMEN-612502	Streck Blood to PDMR	SALIVA	imperium_in_imperio	Primary	PROGRESSION	614.32	saltus_in_demonstrando
specimen	CTDC-PARTICIPANT-242464	CTDC-SPECIMEN-236252	FORMALIN FIXED TISSUE	Fresh Tissue	cacatum_non_est_pictum	Primary	On Treatment (Fresh)	160.22	barba_crescit_caput_nescit
specimen	CTDC-PARTICIPANT-242464	CTDC-SPECIMEN-605844	FORMALIN FIXED TISSUE	URINE	Obedientia_civium_urbis_felicitas	Normal	Progression (Fresh)	205.94	faber_est_suae_quisque_fortunae
specimen	CTDC-PARTICIPANT-653360	CTDC-SPECIMEN-692235	Cell Block	FORMALIN FIXED PARAFFIN EMBEDDED TISSUE	e_causa_ignota	Metastatic	On Treatment (Fresh)	22.29	a_bene_placito
specimen	CTDC-PARTICIPANT-653360	CTDC-SPECIMEN-110218	Unstained Bone Marrow Aspirate Slide	BUCCAL CELL SAMPLE	faber_est_suae_quisque_fortunae	Normal	PROGRESSION	50.55	Macte_animo_Generose_puer_sic_itur_ad_astra
specimen	CTDC-PARTICIPANT-643257	CTDC-SPECIMEN-237644	Formalin Fixed Tissue	OTHER BODILY FLUIDs	scientiae_et_patriae	Normal	PROGRESSION	916.5	id_quod_plerumque_accidit
specimen	CTDC-PARTICIPANT-643257	CTDC-SPECIMEN-419278	Formalin Bone Marrow Biopsy	Frozen Tissue	pace_tua	Metastatic	PROGRESSION	537.94	saltus_in_demonstrando
specimen	CTDC-PARTICIPANT-516787	CTDC-SPECIMEN-321270	Unstained Slide	Blood	faber_est_suae_quisque_fortunae	Normal	ARCHIVAL	254.42	O_Tite_tute_Tati_tibi_tanta_tyranne_tulisti
specimen	CTDC-PARTICIPANT-516787	CTDC-SPECIMEN-378091	Streck Blood	BONE MARROW	scientiae_et_patriae	Metastatic	BASELINE	687.17	faber_est_suae_quisque_fortunae
specimen	CTDC-PARTICIPANT-152632	CTDC-SPECIMEN-195545	Bone Marrow Aspirate	Fresh Tissue	nanos_gigantum_humeris_insidentes	Metastatic	Archival	412.19	a_bene_placito
specimen	CTDC-PARTICIPANT-152632	CTDC-SPECIMEN-233841	Fresh Tissue in Media to PDMR	OTHER BODILY FLUIDs	nanos_gigantum_humeris_insidentes	Adjacent Non-Tumor	BASELINE	313.47	nanos_gigantum_humeris_insidentes
specimen	CTDC-PARTICIPANT-110623	CTDC-SPECIMEN-161960	FFPE Block	URINE	pace_tua	Adjacent Non-Tumor	ON TREATMENT	434.99	Obedientia_civium_urbis_felicitas
specimen	CTDC-PARTICIPANT-110623	CTDC-SPECIMEN-777526	Streck Blood	Formalin Fixed Paraffin Embedded Tissue	barba_crescit_caput_nescit	Metastatic	On Treatment (Fresh)	909.52	scientia_imperii_decus_et_tutamen
specimen	CTDC-PARTICIPANT-681780	CTDC-SPECIMEN-405990	Unstained Slide	BONE MARROW	faber_est_suae_quisque_fortunae	Adjacent Non-Tumor	BASELINE	178.45	scientia_et_sapientia
specimen	CTDC-PARTICIPANT-681780	CTDC-SPECIMEN-533483	Formalin Fixed Tissue	OTHER BODILY FLUIDs	id_quod_plerumque_accidit	Metastatic	Archival	431.52	scientia_et_labor
specimen	CTDC-PARTICIPANT-913252	CTDC-SPECIMEN-447288	Unstained Slide	OTHER BODILY FLUIDs	cacatum_non_est_pictum	Normal	ON TREATMENT	470.75	pace_tua
specimen	CTDC-PARTICIPANT-913252	CTDC-SPECIMEN-720638	Bone Marrow Aspirate	FORMALIN FIXED TISSUE	saltus_in_demonstrando	Primary	Archival	23.4	imperium_in_imperio
specimen	CTDC-PARTICIPANT-958510	CTDC-SPECIMEN-655378	FFPE Block	SALIVA	id_quod_plerumque_accidit	Normal	On Treatment (Fresh)	501.23	scientiae_et_patriae
specimen	CTDC-PARTICIPANT-958510	CTDC-SPECIMEN-569762	Streck Blood to VARI	FRESH TISSUE	barba_crescit_caput_nescit	Adjacent Non-Tumor	Baseline (Fresh)	760.26	scientia_et_sapientia
