type	participant.participant_id	specimen_record_id	specimen_type	specimen_category	anatomical_collection_site	tissue_category	assessment_timepoint	collection_date	crdc_id
specimen	CTDC-PARTICIPANT-511036	CTDC-SPECIMEN-559057	Streck Blood to VARI	FRESH TISSUE	e_causa_ignota	Primary	Baseline (Fresh)	395.96	scientia_et_labor
specimen	CTDC-PARTICIPANT-511036	CTDC-SPECIMEN-339849	Fresh Tissue in Media to PDMR	BUCCAL CELL SAMPLE	scientia_imperii_decus_et_tutamen	Metastatic	Baseline (Fresh)	631.01	salus_in_arduis
specimen	CTDC-PARTICIPANT-107504	CTDC-SPECIMEN-283009	Unstained Slide	Formalin Fixed Tissue	imperium_in_imperio	Primary	PROGRESSION	879.45	labor_ipse_voluptas
specimen	CTDC-PARTICIPANT-107504	CTDC-SPECIMEN-970266	Cell Block	CEREBROSPINAL FLUID	scientiae_et_patriae	Primary	Baseline (Fresh)	754.52	id_quod_plerumque_accidit
specimen	CTDC-PARTICIPANT-837902	CTDC-SPECIMEN-107172	Snap Frozen Tissue	FRESH TISSUE	id_quod_plerumque_accidit	Metastatic	On Treatment (Fresh)	639.83	a_bene_placito
specimen	CTDC-PARTICIPANT-837902	CTDC-SPECIMEN-704231	Snap Frozen Tissue	FORMALIN FIXED TISSUE	labor_ipse_voluptas	Primary	Baseline (Fresh)	442.06	id_quod_plerumque_accidit
specimen	CTDC-PARTICIPANT-344069	CTDC-SPECIMEN-997462	Unstained Slide	BONE MARROW	barba_crescit_caput_nescit	Normal	PROGRESSION	693.24	haec_olim_meminisse_iuvabit
specimen	CTDC-PARTICIPANT-344069	CTDC-SPECIMEN-599645	Streck Blood to PDMR	Bone Marrow	salus_in_arduis	Adjacent Non-Tumor	Post-Treatment (No progression)	375.59	salus_in_arduis
specimen	CTDC-PARTICIPANT-997409	CTDC-SPECIMEN-486861	Stained Bone Marrow Aspirate Slide	FORMALIN FIXED PARAFFIN EMBEDDED TISSUE	nascentes_morimur_finisque_ab_origine_pendet	Normal	ON TREATMENT	658.38	salus_in_arduis
specimen	CTDC-PARTICIPANT-997409	CTDC-SPECIMEN-186687	Unstained Bone Marrow Aspirate Slide	BLOOD	faber_est_suae_quisque_fortunae	Normal	Progression (Fresh)	333.98	scientiae_et_patriae
specimen	CTDC-PARTICIPANT-139435	CTDC-SPECIMEN-708343	Bone Marrow Aspirate	FROZEN TISSUE	Obedientia_civium_urbis_felicitas	Adjacent Non-Tumor	PROGRESSION	803.28	scientiae_cedit_mare
specimen	CTDC-PARTICIPANT-139435	CTDC-SPECIMEN-658427	Formalin Bone Marrow Biopsy	SALIVA	scientiae_cedit_mare	Adjacent Non-Tumor	Progression (Fresh)	152.68	scientia_et_sapientia
specimen	CTDC-PARTICIPANT-703002	CTDC-SPECIMEN-794357	Fresh Tissue in Media to PDMR	CEREBROSPINAL FLUID	e_causa_ignota	Normal	ON TREATMENT	536.75	a_bene_placito
specimen	CTDC-PARTICIPANT-703002	CTDC-SPECIMEN-156315	Unstained Bone Marrow Aspirate Slide	Formalin Fixed Paraffin Embedded Tissue	sapiens_qui_prospicit	Primary	Archival	210.15	scientia_et_labor
specimen	CTDC-PARTICIPANT-114507	CTDC-SPECIMEN-476568	Fresh Tissue in Media to PDMR	OTHER BODILY FLUIDs	scientia_imperii_decus_et_tutamen	Metastatic	Archival	63.45	barba_crescit_caput_nescit
specimen	CTDC-PARTICIPANT-114507	CTDC-SPECIMEN-816171	Unstained Bone Marrow Aspirate Slide	CEREBROSPINAL FLUID	scientiae_et_patriae	Normal	Post-Treatment (No progression)	408.45	haec_olim_meminisse_iuvabit
specimen	CTDC-PARTICIPANT-805629	CTDC-SPECIMEN-346227	Streck Blood to PDMR	Fresh Tissue	scientia_imperii_decus_et_tutamen	Adjacent Non-Tumor	ON TREATMENT	234.48	nascentes_morimur_finisque_ab_origine_pendet
specimen	CTDC-PARTICIPANT-805629	CTDC-SPECIMEN-461166	Fresh Tissue in Media to PDMR	BUCCAL CELL SAMPLE	barba_crescit_caput_nescit	Metastatic	PROGRESSION	255.76	faber_est_suae_quisque_fortunae
specimen	CTDC-PARTICIPANT-205665	CTDC-SPECIMEN-223051	FORMALIN FIXED TISSUE	BUCCAL CELL SAMPLE	scientia_et_sapientia	Metastatic	On Treatment (Fresh)	845.59	haec_olim_meminisse_iuvabit
specimen	CTDC-PARTICIPANT-205665	CTDC-SPECIMEN-498896	Streck Blood to PDMR	Fresh Tissue	damnant_quod_non_intellegunt	Primary	Post-Treatment (No progression)	858.63	pace_tua
specimen	CTDC-PARTICIPANT-190949	CTDC-SPECIMEN-617692	Streck Blood to PDMR	BONE MARROW	a_bene_placito	Primary	On Treatment (Fresh)	171.27	Macte_animo_Generose_puer_sic_itur_ad_astra
specimen	CTDC-PARTICIPANT-190949	CTDC-SPECIMEN-291595	EDTA Blood	CEREBROSPINAL FLUID	O_Tite_tute_Tati_tibi_tanta_tyranne_tulisti	Normal	ON TREATMENT	457.01	Obedientia_civium_urbis_felicitas
specimen	CTDC-PARTICIPANT-884496	CTDC-SPECIMEN-485554	FFPE Block	BONE MARROW	scientiae_et_patriae	Normal	ON TREATMENT	737.81	saltus_in_demonstrando
specimen	CTDC-PARTICIPANT-884496	CTDC-SPECIMEN-765194	Stained Bone Marrow Aspirate Slide	Fresh Tissue	sapiens_qui_prospicit	Normal	Progression (Fresh)	734.22	scientiae_et_patriae
specimen	CTDC-PARTICIPANT-298570	CTDC-SPECIMEN-943991	Unstained Slide	Formalin Fixed Paraffin Embedded Tissue	a_bene_placito	Normal	Post-Treatment (No progression)	991.19	labor_ipse_voluptas
specimen	CTDC-PARTICIPANT-298570	CTDC-SPECIMEN-884218	Streck Blood to PDMR	STOOL	nascentes_morimur_finisque_ab_origine_pendet	Adjacent Non-Tumor	On Treatment (Fresh)	557.99	id_quod_plerumque_accidit
specimen	CTDC-PARTICIPANT-702567	CTDC-SPECIMEN-372261	FFPE Block	URINE	imperium_in_imperio	Adjacent Non-Tumor	PROGRESSION	979.67	scientiae_cedit_mare
specimen	CTDC-PARTICIPANT-702567	CTDC-SPECIMEN-736413	Bone Marrow Aspirate	BUCCAL CELL SAMPLE	nanos_gigantum_humeris_insidentes	Normal	BASELINE	875.42	saltus_in_demonstrando
specimen	CTDC-PARTICIPANT-274998	CTDC-SPECIMEN-211196	Snap Frozen Tissue	FROZEN TISSUE	Macte_animo_Generose_puer_sic_itur_ad_astra	Adjacent Non-Tumor	Archival	675.46	scientia_et_labor
specimen	CTDC-PARTICIPANT-274998	CTDC-SPECIMEN-163003	FFPE Block	FORMALIN FIXED PARAFFIN EMBEDDED TISSUE	saltus_in_demonstrando	Normal	PROGRESSION	356.09	imperium_in_imperio
specimen	CTDC-PARTICIPANT-267463	CTDC-SPECIMEN-780630	Formalin Bone Marrow Biopsy	Fresh Tissue	labor_ipse_voluptas	Metastatic	On Treatment (Fresh)	307.17	labor_ipse_voluptas
specimen	CTDC-PARTICIPANT-267463	CTDC-SPECIMEN-652940	Formalin Fixed Tissue	URINE	sapiens_qui_prospicit	Metastatic	PROGRESSION	739.25	scientiae_et_patriae
specimen	CTDC-PARTICIPANT-279197	CTDC-SPECIMEN-438423	Unstained Bone Marrow Aspirate Slide	CEREBROSPINAL FLUID	scientiae_cedit_mare	Normal	Post-Treatment (No progression)	256.04	scientia_et_labor
specimen	CTDC-PARTICIPANT-279197	CTDC-SPECIMEN-682648	FFPE Block	BLOOD	Gallia_est_omnis_divisa_in_partes_tres	Adjacent Non-Tumor	Archival	581.75	scientiae_et_patriae
specimen	CTDC-PARTICIPANT-552975	CTDC-SPECIMEN-406615	Stained Bone Marrow Aspirate Slide	OTHER BODILY FLUIDs	nascentes_morimur_finisque_ab_origine_pendet	Metastatic	Archival	815.36	faber_est_suae_quisque_fortunae
specimen	CTDC-PARTICIPANT-552975	CTDC-SPECIMEN-158726	Formalin Bone Marrow Biopsy	Formalin Fixed Tissue	labor_ipse_voluptas	Normal	Archival	238.67	faber_est_suae_quisque_fortunae
specimen	CTDC-PARTICIPANT-591145	CTDC-SPECIMEN-938384	FORMALIN FIXED TISSUE	Fresh Tissue	faber_est_suae_quisque_fortunae	Normal	On Treatment (Fresh)	812.03	salus_in_arduis
specimen	CTDC-PARTICIPANT-591145	CTDC-SPECIMEN-803071	Streck Blood	CEREBROSPINAL FLUID	damnant_quod_non_intellegunt	Metastatic	BASELINE	17.33	scientiae_cedit_mare
specimen	CTDC-PARTICIPANT-890770	CTDC-SPECIMEN-228641	Streck Blood to PDMR	FORMALIN FIXED PARAFFIN EMBEDDED TISSUE	a_bene_placito	Normal	Baseline (Fresh)	234.46	barba_crescit_caput_nescit
specimen	CTDC-PARTICIPANT-890770	CTDC-SPECIMEN-724198	Fresh Tissue in Media to PDMR	SALIVA	nascentes_morimur_finisque_ab_origine_pendet	Adjacent Non-Tumor	ARCHIVAL	822.91	id_quod_plerumque_accidit
specimen	CTDC-PARTICIPANT-261480	CTDC-SPECIMEN-790299	FFPE Block	BONE MARROW	scientia_et_sapientia	Normal	ARCHIVAL	229.61	nascentes_morimur_finisque_ab_origine_pendet
specimen	CTDC-PARTICIPANT-261480	CTDC-SPECIMEN-284735	Formalin Fixed Tissue	STOOL	barba_crescit_caput_nescit	Normal	Post-Treatment (No progression)	316.34	labor_ipse_voluptas
specimen	CTDC-PARTICIPANT-168364	CTDC-SPECIMEN-674621	Unstained Bone Marrow Aspirate Slide	OTHER BODILY FLUIDs	scientia_et_labor	Normal	BASELINE	846.69	barba_crescit_caput_nescit
specimen	CTDC-PARTICIPANT-168364	CTDC-SPECIMEN-675513	Snap Frozen Tissue	SALIVA	scientia_et_sapientia	Normal	BASELINE	655.18	scientia_imperii_decus_et_tutamen
specimen	CTDC-PARTICIPANT-186782	CTDC-SPECIMEN-525730	Formalin Fixed Tissue	Blood	sapiens_qui_prospicit	Normal	BASELINE	531.36	barba_crescit_caput_nescit
specimen	CTDC-PARTICIPANT-186782	CTDC-SPECIMEN-577018	Formalin Bone Marrow Biopsy	Fresh Tissue	a_bene_placito	Adjacent Non-Tumor	Progression (Fresh)	837.4	sapiens_qui_prospicit
specimen	CTDC-PARTICIPANT-212275	CTDC-SPECIMEN-413277	Bone Marrow Aspirate	BLOOD	scientiae_et_patriae	Primary	Post-Treatment (No progression)	576.64	imperium_in_imperio
specimen	CTDC-PARTICIPANT-212275	CTDC-SPECIMEN-838029	FFPE Block	FROZEN TISSUE	sapiens_qui_prospicit	Adjacent Non-Tumor	Baseline (Fresh)	391.72	labor_ipse_voluptas
specimen	CTDC-PARTICIPANT-255600	CTDC-SPECIMEN-475277	Formalin Fixed Tissue	URINE	scientiae_cedit_mare	Metastatic	Progression (Fresh)	985.27	cacatum_non_est_pictum
specimen	CTDC-PARTICIPANT-255600	CTDC-SPECIMEN-858485	Stained Bone Marrow Aspirate Slide	BONE MARROW	scientiae_cedit_mare	Primary	On Treatment (Fresh)	296.34	imperium_in_imperio
specimen	CTDC-PARTICIPANT-261972	CTDC-SPECIMEN-436310	Bone Marrow Aspirate	BLOOD	nascentes_morimur_finisque_ab_origine_pendet	Adjacent Non-Tumor	On Treatment (Fresh)	779.93	scientia,_aere_perennius
specimen	CTDC-PARTICIPANT-261972	CTDC-SPECIMEN-335418	FORMALIN FIXED TISSUE	FORMALIN FIXED PARAFFIN EMBEDDED TISSUE	nascentes_morimur_finisque_ab_origine_pendet	Primary	Post-Treatment (No progression)	599.92	imperium_in_imperio
specimen	CTDC-PARTICIPANT-224177	CTDC-SPECIMEN-461235	Snap Frozen Tissue	STOOL	scientia_et_labor	Primary	BASELINE	219.34	scientia,_aere_perennius
specimen	CTDC-PARTICIPANT-224177	CTDC-SPECIMEN-924385	Bone Marrow Aspirate	BUCCAL CELL SAMPLE	Gallia_est_omnis_divisa_in_partes_tres	Normal	BASELINE	859.06	id_quod_plerumque_accidit
specimen	CTDC-PARTICIPANT-102742	CTDC-SPECIMEN-138957	Stained Bone Marrow Aspirate Slide	OTHER BODILY FLUIDs	scientiae_et_patriae	Adjacent Non-Tumor	PROGRESSION	281.26	cacatum_non_est_pictum
specimen	CTDC-PARTICIPANT-102742	CTDC-SPECIMEN-101893	Unstained Slide	Frozen Tissue	a_bene_placito	Adjacent Non-Tumor	On Treatment (Fresh)	196.84	scientia_et_labor
specimen	CTDC-PARTICIPANT-974241	CTDC-SPECIMEN-370773	Bone Marrow Aspirate	FORMALIN FIXED TISSUE	scientia_et_sapientia	Primary	BASELINE	583.02	scientia_et_labor
specimen	CTDC-PARTICIPANT-974241	CTDC-SPECIMEN-428294	EDTA Blood	STOOL	nascentes_morimur_finisque_ab_origine_pendet	Primary	ARCHIVAL	903.33	scientiae_cedit_mare
specimen	CTDC-PARTICIPANT-206397	CTDC-SPECIMEN-609268	Cell Block	BLOOD	Macte_animo_Generose_puer_sic_itur_ad_astra	Primary	ON TREATMENT	862.97	scientiae_et_patriae
specimen	CTDC-PARTICIPANT-206397	CTDC-SPECIMEN-287139	Streck Blood to VARI	Blood	haec_olim_meminisse_iuvabit	Normal	ARCHIVAL	946.41	scientia,_aere_perennius
specimen	CTDC-PARTICIPANT-882961	CTDC-SPECIMEN-442234	Streck Blood to VARI	FORMALIN FIXED PARAFFIN EMBEDDED TISSUE	scientia_imperii_decus_et_tutamen	Adjacent Non-Tumor	Baseline (Fresh)	133.7	scientia_imperii_decus_et_tutamen
specimen	CTDC-PARTICIPANT-882961	CTDC-SPECIMEN-199593	Stained Bone Marrow Aspirate Slide	Formalin Fixed Tissue	id_quod_plerumque_accidit	Adjacent Non-Tumor	PROGRESSION	731.87	scientiae_cedit_mare
specimen	CTDC-PARTICIPANT-872100	CTDC-SPECIMEN-295335	FFPE Block	STOOL	scientiae_et_patriae	Primary	Post-Treatment (No progression)	300.94	labor_ipse_voluptas
specimen	CTDC-PARTICIPANT-872100	CTDC-SPECIMEN-590536	FORMALIN FIXED TISSUE	BUCCAL CELL SAMPLE	barba_crescit_caput_nescit	Primary	Progression (Fresh)	192.83	scientiae_et_patriae
specimen	CTDC-PARTICIPANT-708331	CTDC-SPECIMEN-351213	FFPE Block	BLOOD	Gallia_est_omnis_divisa_in_partes_tres	Adjacent Non-Tumor	Baseline (Fresh)	392.75	O_Tite_tute_Tati_tibi_tanta_tyranne_tulisti
specimen	CTDC-PARTICIPANT-708331	CTDC-SPECIMEN-134261	FFPE Block	SALIVA	saltus_in_demonstrando	Normal	Progression (Fresh)	622.88	scientiae_cedit_mare
specimen	CTDC-PARTICIPANT-355887	CTDC-SPECIMEN-494840	FFPE Block	FROZEN TISSUE	scientiae_cedit_mare	Metastatic	BASELINE	872.36	faber_est_suae_quisque_fortunae
specimen	CTDC-PARTICIPANT-355887	CTDC-SPECIMEN-320060	Bone Marrow Aspirate	FRESH TISSUE	labor_ipse_voluptas	Metastatic	Post-Treatment (No progression)	229.76	imperium_in_imperio
specimen	CTDC-PARTICIPANT-384957	CTDC-SPECIMEN-632424	Streck Blood to PDMR	BUCCAL CELL SAMPLE	imperium_in_imperio	Normal	ARCHIVAL	371.68	scientiae_et_patriae
specimen	CTDC-PARTICIPANT-384957	CTDC-SPECIMEN-948793	Stained Bone Marrow Aspirate Slide	STOOL	pace_tua	Adjacent Non-Tumor	Post-Treatment (No progression)	688.09	saltus_in_demonstrando
specimen	CTDC-PARTICIPANT-373316	CTDC-SPECIMEN-316205	Snap Frozen Tissue	Fresh Tissue	pace_tua	Primary	PROGRESSION	889.41	Obedientia_civium_urbis_felicitas
specimen	CTDC-PARTICIPANT-373316	CTDC-SPECIMEN-823397	FORMALIN FIXED TISSUE	Formalin Fixed Paraffin Embedded Tissue	Obedientia_civium_urbis_felicitas	Primary	BASELINE	701.63	Gallia_est_omnis_divisa_in_partes_tres
specimen	CTDC-PARTICIPANT-548925	CTDC-SPECIMEN-216564	Stained Bone Marrow Aspirate Slide	BUCCAL CELL SAMPLE	faber_est_suae_quisque_fortunae	Primary	Post-Treatment (No progression)	602.94	pace_tua
specimen	CTDC-PARTICIPANT-548925	CTDC-SPECIMEN-995763	Stained Bone Marrow Aspirate Slide	Frozen Tissue	Macte_animo_Generose_puer_sic_itur_ad_astra	Normal	Archival	108.09	sapiens_qui_prospicit
specimen	CTDC-PARTICIPANT-789745	CTDC-SPECIMEN-228752	Cell Block	SALIVA	scientia_imperii_decus_et_tutamen	Metastatic	On Treatment (Fresh)	892.23	scientia_et_labor
specimen	CTDC-PARTICIPANT-789745	CTDC-SPECIMEN-176211	Unstained Bone Marrow Aspirate Slide	STOOL	scientia_imperii_decus_et_tutamen	Normal	ON TREATMENT	919.44	cacatum_non_est_pictum
specimen	CTDC-PARTICIPANT-539898	CTDC-SPECIMEN-853168	Formalin Fixed Tissue	FRESH TISSUE	Obedientia_civium_urbis_felicitas	Adjacent Non-Tumor	Baseline (Fresh)	452.44	scientiae_et_patriae
specimen	CTDC-PARTICIPANT-539898	CTDC-SPECIMEN-619094	Unstained Slide	BLOOD	scientia_imperii_decus_et_tutamen	Metastatic	Progression (Fresh)	525.3	O_Tite_tute_Tati_tibi_tanta_tyranne_tulisti
specimen	CTDC-PARTICIPANT-321444	CTDC-SPECIMEN-824996	Stained Bone Marrow Aspirate Slide	SALIVA	faber_est_suae_quisque_fortunae	Adjacent Non-Tumor	Progression (Fresh)	969.44	Macte_animo_Generose_puer_sic_itur_ad_astra
specimen	CTDC-PARTICIPANT-321444	CTDC-SPECIMEN-603036	Bone Marrow Aspirate	BUCCAL CELL SAMPLE	Gallia_est_omnis_divisa_in_partes_tres	Adjacent Non-Tumor	PROGRESSION	88.03	O_Tite_tute_Tati_tibi_tanta_tyranne_tulisti
specimen	CTDC-PARTICIPANT-949051	CTDC-SPECIMEN-991228	Snap Frozen Tissue	FORMALIN FIXED TISSUE	Obedientia_civium_urbis_felicitas	Normal	BASELINE	112.0	O_Tite_tute_Tati_tibi_tanta_tyranne_tulisti
specimen	CTDC-PARTICIPANT-949051	CTDC-SPECIMEN-553166	FORMALIN FIXED TISSUE	STOOL	scientiae_cedit_mare	Primary	Post-Treatment (No progression)	958.62	scientia_et_labor
specimen	CTDC-PARTICIPANT-545920	CTDC-SPECIMEN-123844	Streck Blood to VARI	Formalin Fixed Tissue	Macte_animo_Generose_puer_sic_itur_ad_astra	Metastatic	ON TREATMENT	410.43	scientia_et_sapientia
specimen	CTDC-PARTICIPANT-545920	CTDC-SPECIMEN-894979	FORMALIN FIXED TISSUE	Formalin Fixed Paraffin Embedded Tissue	id_quod_plerumque_accidit	Metastatic	ON TREATMENT	175.09	barba_crescit_caput_nescit
specimen	CTDC-PARTICIPANT-464697	CTDC-SPECIMEN-728140	Fresh Tissue in Media to PDMR	BUCCAL CELL SAMPLE	scientiae_et_patriae	Metastatic	Post-Treatment (No progression)	577.17	e_causa_ignota
specimen	CTDC-PARTICIPANT-464697	CTDC-SPECIMEN-550816	Unstained Slide	FORMALIN FIXED TISSUE	scientia_et_sapientia	Primary	On Treatment (Fresh)	662.84	O_Tite_tute_Tati_tibi_tanta_tyranne_tulisti
specimen	CTDC-PARTICIPANT-472918	CTDC-SPECIMEN-953993	Formalin Bone Marrow Biopsy	FORMALIN FIXED TISSUE	Obedientia_civium_urbis_felicitas	Metastatic	ARCHIVAL	390.16	Macte_animo_Generose_puer_sic_itur_ad_astra
specimen	CTDC-PARTICIPANT-472918	CTDC-SPECIMEN-348591	Streck Blood	Formalin Fixed Paraffin Embedded Tissue	saltus_in_demonstrando	Adjacent Non-Tumor	Baseline (Fresh)	427.09	id_quod_plerumque_accidit
specimen	CTDC-PARTICIPANT-118965	CTDC-SPECIMEN-230666	Streck Blood	Formalin Fixed Paraffin Embedded Tissue	imperium_in_imperio	Adjacent Non-Tumor	Baseline (Fresh)	989.77	salus_in_arduis
specimen	CTDC-PARTICIPANT-118965	CTDC-SPECIMEN-541662	EDTA Blood	STOOL	e_causa_ignota	Adjacent Non-Tumor	ON TREATMENT	118.79	sapiens_qui_prospicit
specimen	CTDC-PARTICIPANT-621225	CTDC-SPECIMEN-264684	FORMALIN FIXED TISSUE	BLOOD	imperium_in_imperio	Adjacent Non-Tumor	Post-Treatment (No progression)	708.37	damnant_quod_non_intellegunt
specimen	CTDC-PARTICIPANT-621225	CTDC-SPECIMEN-126427	Cell Block	FROZEN TISSUE	damnant_quod_non_intellegunt	Primary	ARCHIVAL	17.67	Obedientia_civium_urbis_felicitas
specimen	CTDC-PARTICIPANT-602836	CTDC-SPECIMEN-664544	FORMALIN FIXED TISSUE	Formalin Fixed Tissue	barba_crescit_caput_nescit	Primary	Baseline (Fresh)	660.62	id_quod_plerumque_accidit
specimen	CTDC-PARTICIPANT-602836	CTDC-SPECIMEN-647993	Unstained Bone Marrow Aspirate Slide	Blood	nascentes_morimur_finisque_ab_origine_pendet	Primary	Archival	100.84	Macte_animo_Generose_puer_sic_itur_ad_astra
specimen	CTDC-PARTICIPANT-914541	CTDC-SPECIMEN-384926	Streck Blood to VARI	OTHER BODILY FLUIDs	imperium_in_imperio	Primary	PROGRESSION	896.68	faber_est_suae_quisque_fortunae
specimen	CTDC-PARTICIPANT-914541	CTDC-SPECIMEN-933238	Unstained Bone Marrow Aspirate Slide	SALIVA	scientiae_et_patriae	Normal	On Treatment (Fresh)	153.61	saltus_in_demonstrando
specimen	CTDC-PARTICIPANT-988417	CTDC-SPECIMEN-745648	Unstained Bone Marrow Aspirate Slide	OTHER BODILY FLUIDs	faber_est_suae_quisque_fortunae	Metastatic	BASELINE	866.63	faber_est_suae_quisque_fortunae
specimen	CTDC-PARTICIPANT-988417	CTDC-SPECIMEN-276594	Formalin Bone Marrow Biopsy	URINE	barba_crescit_caput_nescit	Adjacent Non-Tumor	ARCHIVAL	46.55	pace_tua
specimen	CTDC-PARTICIPANT-433154	CTDC-SPECIMEN-937368	Formalin Fixed Tissue	STOOL	nanos_gigantum_humeris_insidentes	Normal	Baseline (Fresh)	557.02	scientiae_cedit_mare
specimen	CTDC-PARTICIPANT-433154	CTDC-SPECIMEN-331013	Formalin Fixed Tissue	BONE MARROW	nanos_gigantum_humeris_insidentes	Metastatic	Progression (Fresh)	458.64	damnant_quod_non_intellegunt
specimen	CTDC-PARTICIPANT-138724	CTDC-SPECIMEN-614777	Formalin Bone Marrow Biopsy	Frozen Tissue	scientia_imperii_decus_et_tutamen	Adjacent Non-Tumor	ON TREATMENT	112.21	nanos_gigantum_humeris_insidentes
specimen	CTDC-PARTICIPANT-138724	CTDC-SPECIMEN-616860	Stained Bone Marrow Aspirate Slide	FORMALIN FIXED TISSUE	Gallia_est_omnis_divisa_in_partes_tres	Adjacent Non-Tumor	PROGRESSION	771.94	scientia_et_labor
specimen	CTDC-PARTICIPANT-888214	CTDC-SPECIMEN-623804	Formalin Bone Marrow Biopsy	BUCCAL CELL SAMPLE	nascentes_morimur_finisque_ab_origine_pendet	Primary	Baseline (Fresh)	976.65	scientia_imperii_decus_et_tutamen
specimen	CTDC-PARTICIPANT-888214	CTDC-SPECIMEN-686308	Streck Blood to VARI	BONE MARROW	scientiae_cedit_mare	Adjacent Non-Tumor	ON TREATMENT	483.47	faber_est_suae_quisque_fortunae
specimen	CTDC-PARTICIPANT-823513	CTDC-SPECIMEN-945248	Stained Bone Marrow Aspirate Slide	BUCCAL CELL SAMPLE	scientia,_aere_perennius	Normal	Post-Treatment (No progression)	218.66	nanos_gigantum_humeris_insidentes
specimen	CTDC-PARTICIPANT-823513	CTDC-SPECIMEN-929318	Formalin Bone Marrow Biopsy	FROZEN TISSUE	haec_olim_meminisse_iuvabit	Metastatic	Archival	139.42	scientiae_et_patriae
specimen	CTDC-PARTICIPANT-515352	CTDC-SPECIMEN-101067	Streck Blood	OTHER BODILY FLUIDs	labor_ipse_voluptas	Normal	BASELINE	393.07	scientia_et_sapientia
specimen	CTDC-PARTICIPANT-515352	CTDC-SPECIMEN-270609	Formalin Fixed Tissue	BLOOD	id_quod_plerumque_accidit	Primary	PROGRESSION	928.95	barba_crescit_caput_nescit
specimen	CTDC-PARTICIPANT-678530	CTDC-SPECIMEN-259391	FORMALIN FIXED TISSUE	Formalin Fixed Tissue	scientia,_aere_perennius	Primary	Post-Treatment (No progression)	729.69	labor_ipse_voluptas
specimen	CTDC-PARTICIPANT-678530	CTDC-SPECIMEN-484063	Snap Frozen Tissue	BLOOD	scientiae_cedit_mare	Normal	Archival	515.31	scientiae_cedit_mare
specimen	CTDC-PARTICIPANT-669570	CTDC-SPECIMEN-635299	FORMALIN FIXED TISSUE	FORMALIN FIXED PARAFFIN EMBEDDED TISSUE	scientia_imperii_decus_et_tutamen	Adjacent Non-Tumor	Archival	582.83	scientia_et_sapientia
specimen	CTDC-PARTICIPANT-669570	CTDC-SPECIMEN-614612	Unstained Slide	Bone Marrow	damnant_quod_non_intellegunt	Adjacent Non-Tumor	Baseline (Fresh)	527.28	imperium_in_imperio
specimen	CTDC-PARTICIPANT-817106	CTDC-SPECIMEN-196480	Streck Blood	FRESH TISSUE	nascentes_morimur_finisque_ab_origine_pendet	Metastatic	On Treatment (Fresh)	706.19	Gallia_est_omnis_divisa_in_partes_tres
specimen	CTDC-PARTICIPANT-817106	CTDC-SPECIMEN-436070	Unstained Slide	STOOL	cacatum_non_est_pictum	Primary	Progression (Fresh)	747.09	Gallia_est_omnis_divisa_in_partes_tres
specimen	CTDC-PARTICIPANT-889341	CTDC-SPECIMEN-578266	FFPE Block	FRESH TISSUE	scientia,_aere_perennius	Primary	BASELINE	75.54	pace_tua
specimen	CTDC-PARTICIPANT-889341	CTDC-SPECIMEN-977477	Bone Marrow Aspirate	STOOL	e_causa_ignota	Normal	ARCHIVAL	106.93	Macte_animo_Generose_puer_sic_itur_ad_astra
specimen	CTDC-PARTICIPANT-114288	CTDC-SPECIMEN-845667	Streck Blood to PDMR	FORMALIN FIXED TISSUE	labor_ipse_voluptas	Metastatic	Progression (Fresh)	456.81	scientia_imperii_decus_et_tutamen
specimen	CTDC-PARTICIPANT-114288	CTDC-SPECIMEN-495947	Unstained Bone Marrow Aspirate Slide	BLOOD	Macte_animo_Generose_puer_sic_itur_ad_astra	Adjacent Non-Tumor	BASELINE	735.0	scientiae_et_patriae
specimen	CTDC-PARTICIPANT-869758	CTDC-SPECIMEN-757365	Cell Block	STOOL	pace_tua	Primary	BASELINE	150.39	sapiens_qui_prospicit
specimen	CTDC-PARTICIPANT-869758	CTDC-SPECIMEN-462607	Streck Blood to PDMR	FRESH TISSUE	Gallia_est_omnis_divisa_in_partes_tres	Primary	ARCHIVAL	849.72	imperium_in_imperio
specimen	CTDC-PARTICIPANT-550701	CTDC-SPECIMEN-299331	Snap Frozen Tissue	Blood	damnant_quod_non_intellegunt	Adjacent Non-Tumor	PROGRESSION	673.59	sapiens_qui_prospicit
specimen	CTDC-PARTICIPANT-550701	CTDC-SPECIMEN-863235	FORMALIN FIXED TISSUE	BLOOD	scientia_et_labor	Primary	BASELINE	586.66	damnant_quod_non_intellegunt
specimen	CTDC-PARTICIPANT-809067	CTDC-SPECIMEN-809766	Formalin Fixed Tissue	CEREBROSPINAL FLUID	id_quod_plerumque_accidit	Primary	BASELINE	979.88	haec_olim_meminisse_iuvabit
specimen	CTDC-PARTICIPANT-809067	CTDC-SPECIMEN-103002	Snap Frozen Tissue	CEREBROSPINAL FLUID	a_bene_placito	Primary	Post-Treatment (No progression)	208.46	salus_in_arduis
specimen	CTDC-PARTICIPANT-915905	CTDC-SPECIMEN-590195	Unstained Bone Marrow Aspirate Slide	FRESH TISSUE	sapiens_qui_prospicit	Metastatic	Post-Treatment (No progression)	472.18	cacatum_non_est_pictum
specimen	CTDC-PARTICIPANT-915905	CTDC-SPECIMEN-252822	Stained Bone Marrow Aspirate Slide	Blood	id_quod_plerumque_accidit	Metastatic	Progression (Fresh)	546.61	id_quod_plerumque_accidit
specimen	CTDC-PARTICIPANT-145747	CTDC-SPECIMEN-439141	Unstained Bone Marrow Aspirate Slide	Frozen Tissue	cacatum_non_est_pictum	Adjacent Non-Tumor	BASELINE	925.8	O_Tite_tute_Tati_tibi_tanta_tyranne_tulisti
specimen	CTDC-PARTICIPANT-145747	CTDC-SPECIMEN-388662	Formalin Fixed Tissue	Fresh Tissue	imperium_in_imperio	Primary	ARCHIVAL	50.39	pace_tua
specimen	CTDC-PARTICIPANT-354093	CTDC-SPECIMEN-107415	Formalin Fixed Tissue	Formalin Fixed Paraffin Embedded Tissue	labor_ipse_voluptas	Adjacent Non-Tumor	ON TREATMENT	743.2	imperium_in_imperio
specimen	CTDC-PARTICIPANT-354093	CTDC-SPECIMEN-484743	FORMALIN FIXED TISSUE	Formalin Fixed Tissue	sapiens_qui_prospicit	Metastatic	PROGRESSION	235.68	scientia_imperii_decus_et_tutamen
specimen	CTDC-PARTICIPANT-971501	CTDC-SPECIMEN-130630	Unstained Slide	FORMALIN FIXED PARAFFIN EMBEDDED TISSUE	O_Tite_tute_Tati_tibi_tanta_tyranne_tulisti	Metastatic	ON TREATMENT	269.67	barba_crescit_caput_nescit
specimen	CTDC-PARTICIPANT-971501	CTDC-SPECIMEN-295944	Snap Frozen Tissue	FORMALIN FIXED TISSUE	scientia_et_labor	Adjacent Non-Tumor	ON TREATMENT	829.99	id_quod_plerumque_accidit
specimen	CTDC-PARTICIPANT-915009	CTDC-SPECIMEN-873108	FFPE Block	BUCCAL CELL SAMPLE	id_quod_plerumque_accidit	Adjacent Non-Tumor	Post-Treatment (No progression)	888.65	nascentes_morimur_finisque_ab_origine_pendet
specimen	CTDC-PARTICIPANT-915009	CTDC-SPECIMEN-140626	Stained Bone Marrow Aspirate Slide	FORMALIN FIXED TISSUE	pace_tua	Metastatic	Baseline (Fresh)	655.57	pace_tua
specimen	CTDC-PARTICIPANT-501691	CTDC-SPECIMEN-418864	FORMALIN FIXED TISSUE	FRESH TISSUE	faber_est_suae_quisque_fortunae	Normal	Archival	514.98	Macte_animo_Generose_puer_sic_itur_ad_astra
specimen	CTDC-PARTICIPANT-501691	CTDC-SPECIMEN-880840	Streck Blood	BONE MARROW	Obedientia_civium_urbis_felicitas	Primary	On Treatment (Fresh)	428.36	imperium_in_imperio
specimen	CTDC-PARTICIPANT-276676	CTDC-SPECIMEN-582587	Unstained Slide	Frozen Tissue	id_quod_plerumque_accidit	Adjacent Non-Tumor	BASELINE	57.5	O_Tite_tute_Tati_tibi_tanta_tyranne_tulisti
specimen	CTDC-PARTICIPANT-276676	CTDC-SPECIMEN-730319	FORMALIN FIXED TISSUE	BUCCAL CELL SAMPLE	salus_in_arduis	Primary	Progression (Fresh)	611.64	scientia_imperii_decus_et_tutamen
specimen	CTDC-PARTICIPANT-648971	CTDC-SPECIMEN-145761	FORMALIN FIXED TISSUE	Blood	faber_est_suae_quisque_fortunae	Adjacent Non-Tumor	Post-Treatment (No progression)	555.91	id_quod_plerumque_accidit
specimen	CTDC-PARTICIPANT-648971	CTDC-SPECIMEN-747325	Streck Blood	BONE MARROW	a_bene_placito	Metastatic	PROGRESSION	982.75	sapiens_qui_prospicit
specimen	CTDC-PARTICIPANT-578532	CTDC-SPECIMEN-472434	Streck Blood to VARI	FORMALIN FIXED TISSUE	Macte_animo_Generose_puer_sic_itur_ad_astra	Normal	ON TREATMENT	563.42	cacatum_non_est_pictum
specimen	CTDC-PARTICIPANT-578532	CTDC-SPECIMEN-582788	EDTA Blood	FORMALIN FIXED PARAFFIN EMBEDDED TISSUE	scientia,_aere_perennius	Adjacent Non-Tumor	PROGRESSION	812.16	sapiens_qui_prospicit
specimen	CTDC-PARTICIPANT-284527	CTDC-SPECIMEN-785037	FORMALIN FIXED TISSUE	Frozen Tissue	nascentes_morimur_finisque_ab_origine_pendet	Metastatic	Progression (Fresh)	12.54	nascentes_morimur_finisque_ab_origine_pendet
specimen	CTDC-PARTICIPANT-284527	CTDC-SPECIMEN-579982	Unstained Bone Marrow Aspirate Slide	FRESH TISSUE	scientia,_aere_perennius	Metastatic	ARCHIVAL	196.97	haec_olim_meminisse_iuvabit
specimen	CTDC-PARTICIPANT-553738	CTDC-SPECIMEN-385103	Stained Bone Marrow Aspirate Slide	BUCCAL CELL SAMPLE	a_bene_placito	Normal	ARCHIVAL	756.16	scientia,_aere_perennius
specimen	CTDC-PARTICIPANT-553738	CTDC-SPECIMEN-186797	EDTA Blood	BUCCAL CELL SAMPLE	scientia,_aere_perennius	Adjacent Non-Tumor	Post-Treatment (No progression)	262.24	Obedientia_civium_urbis_felicitas
specimen	CTDC-PARTICIPANT-932219	CTDC-SPECIMEN-341597	Cell Block	Formalin Fixed Tissue	Obedientia_civium_urbis_felicitas	Adjacent Non-Tumor	On Treatment (Fresh)	930.3	cacatum_non_est_pictum
specimen	CTDC-PARTICIPANT-932219	CTDC-SPECIMEN-829448	Bone Marrow Aspirate	STOOL	scientia_et_labor	Normal	PROGRESSION	763.58	O_Tite_tute_Tati_tibi_tanta_tyranne_tulisti
specimen	CTDC-PARTICIPANT-235944	CTDC-SPECIMEN-607964	FFPE Block	URINE	scientiae_cedit_mare	Normal	On Treatment (Fresh)	952.17	Gallia_est_omnis_divisa_in_partes_tres
specimen	CTDC-PARTICIPANT-235944	CTDC-SPECIMEN-461203	FFPE Block	Fresh Tissue	damnant_quod_non_intellegunt	Adjacent Non-Tumor	On Treatment (Fresh)	284.21	Macte_animo_Generose_puer_sic_itur_ad_astra
specimen	CTDC-PARTICIPANT-461411	CTDC-SPECIMEN-741752	Formalin Fixed Tissue	STOOL	id_quod_plerumque_accidit	Adjacent Non-Tumor	Baseline (Fresh)	697.6	sapiens_qui_prospicit
specimen	CTDC-PARTICIPANT-461411	CTDC-SPECIMEN-835651	Streck Blood to VARI	BUCCAL CELL SAMPLE	haec_olim_meminisse_iuvabit	Metastatic	Progression (Fresh)	290.12	nascentes_morimur_finisque_ab_origine_pendet
specimen	CTDC-PARTICIPANT-406895	CTDC-SPECIMEN-123264	Snap Frozen Tissue	FRESH TISSUE	cacatum_non_est_pictum	Adjacent Non-Tumor	PROGRESSION	176.5	haec_olim_meminisse_iuvabit
specimen	CTDC-PARTICIPANT-406895	CTDC-SPECIMEN-610622	Streck Blood	BLOOD	O_Tite_tute_Tati_tibi_tanta_tyranne_tulisti	Primary	Archival	58.41	a_bene_placito
specimen	CTDC-PARTICIPANT-975776	CTDC-SPECIMEN-798523	Snap Frozen Tissue	FRESH TISSUE	imperium_in_imperio	Metastatic	Post-Treatment (No progression)	958.75	Obedientia_civium_urbis_felicitas
specimen	CTDC-PARTICIPANT-975776	CTDC-SPECIMEN-937235	Stained Bone Marrow Aspirate Slide	Bone Marrow	scientia,_aere_perennius	Adjacent Non-Tumor	ARCHIVAL	212.49	haec_olim_meminisse_iuvabit
specimen	CTDC-PARTICIPANT-433620	CTDC-SPECIMEN-465402	Fresh Tissue in Media to PDMR	STOOL	salus_in_arduis	Metastatic	PROGRESSION	129.98	a_bene_placito
specimen	CTDC-PARTICIPANT-433620	CTDC-SPECIMEN-585539	Formalin Fixed Tissue	CEREBROSPINAL FLUID	scientia_et_sapientia	Primary	Baseline (Fresh)	302.59	e_causa_ignota
specimen	CTDC-PARTICIPANT-802402	CTDC-SPECIMEN-468161	Unstained Slide	Fresh Tissue	imperium_in_imperio	Primary	Progression (Fresh)	243.55	imperium_in_imperio
specimen	CTDC-PARTICIPANT-802402	CTDC-SPECIMEN-833341	Unstained Bone Marrow Aspirate Slide	FROZEN TISSUE	nanos_gigantum_humeris_insidentes	Primary	On Treatment (Fresh)	226.89	scientia_imperii_decus_et_tutamen
specimen	CTDC-PARTICIPANT-626099	CTDC-SPECIMEN-701094	EDTA Blood	FORMALIN FIXED TISSUE	damnant_quod_non_intellegunt	Metastatic	PROGRESSION	637.36	sapiens_qui_prospicit
specimen	CTDC-PARTICIPANT-626099	CTDC-SPECIMEN-858991	EDTA Blood	CEREBROSPINAL FLUID	labor_ipse_voluptas	Metastatic	ON TREATMENT	58.49	scientiae_cedit_mare
specimen	CTDC-PARTICIPANT-804584	CTDC-SPECIMEN-470982	Unstained Slide	FROZEN TISSUE	Obedientia_civium_urbis_felicitas	Primary	PROGRESSION	732.98	nanos_gigantum_humeris_insidentes
specimen	CTDC-PARTICIPANT-804584	CTDC-SPECIMEN-963596	Snap Frozen Tissue	CEREBROSPINAL FLUID	scientia_imperii_decus_et_tutamen	Primary	Baseline (Fresh)	893.57	scientia,_aere_perennius
specimen	CTDC-PARTICIPANT-832791	CTDC-SPECIMEN-170121	Streck Blood to VARI	URINE	Macte_animo_Generose_puer_sic_itur_ad_astra	Metastatic	BASELINE	233.43	scientia_imperii_decus_et_tutamen
specimen	CTDC-PARTICIPANT-832791	CTDC-SPECIMEN-472286	Streck Blood to VARI	FROZEN TISSUE	Gallia_est_omnis_divisa_in_partes_tres	Primary	ARCHIVAL	981.53	scientia_imperii_decus_et_tutamen
specimen	CTDC-PARTICIPANT-913432	CTDC-SPECIMEN-270794	Formalin Bone Marrow Biopsy	CEREBROSPINAL FLUID	pace_tua	Metastatic	Post-Treatment (No progression)	110.86	pace_tua
specimen	CTDC-PARTICIPANT-913432	CTDC-SPECIMEN-597149	Stained Bone Marrow Aspirate Slide	Fresh Tissue	saltus_in_demonstrando	Normal	ON TREATMENT	265.62	scientia_et_sapientia
specimen	CTDC-PARTICIPANT-990699	CTDC-SPECIMEN-535979	Cell Block	FRESH TISSUE	scientiae_cedit_mare	Adjacent Non-Tumor	BASELINE	124.81	labor_ipse_voluptas
specimen	CTDC-PARTICIPANT-990699	CTDC-SPECIMEN-328765	Fresh Tissue in Media to PDMR	Blood	scientia,_aere_perennius	Normal	Progression (Fresh)	950.01	saltus_in_demonstrando
specimen	CTDC-PARTICIPANT-947230	CTDC-SPECIMEN-571856	Unstained Bone Marrow Aspirate Slide	OTHER BODILY FLUIDs	faber_est_suae_quisque_fortunae	Adjacent Non-Tumor	On Treatment (Fresh)	203.8	a_bene_placito
specimen	CTDC-PARTICIPANT-947230	CTDC-SPECIMEN-869825	Streck Blood to PDMR	URINE	id_quod_plerumque_accidit	Adjacent Non-Tumor	Post-Treatment (No progression)	39.29	scientiae_et_patriae
specimen	CTDC-PARTICIPANT-721385	CTDC-SPECIMEN-281208	Formalin Bone Marrow Biopsy	SALIVA	sapiens_qui_prospicit	Normal	BASELINE	621.29	damnant_quod_non_intellegunt
specimen	CTDC-PARTICIPANT-721385	CTDC-SPECIMEN-796603	Streck Blood to VARI	FROZEN TISSUE	cacatum_non_est_pictum	Normal	On Treatment (Fresh)	769.85	id_quod_plerumque_accidit
specimen	CTDC-PARTICIPANT-643832	CTDC-SPECIMEN-477680	Cell Block	URINE	Macte_animo_Generose_puer_sic_itur_ad_astra	Primary	ARCHIVAL	387.43	e_causa_ignota
specimen	CTDC-PARTICIPANT-643832	CTDC-SPECIMEN-124199	Unstained Slide	BLOOD	nascentes_morimur_finisque_ab_origine_pendet	Normal	Archival	11.48	labor_ipse_voluptas
specimen	CTDC-PARTICIPANT-136367	CTDC-SPECIMEN-339228	Streck Blood	SALIVA	scientia_et_labor	Adjacent Non-Tumor	ARCHIVAL	783.53	haec_olim_meminisse_iuvabit
specimen	CTDC-PARTICIPANT-136367	CTDC-SPECIMEN-563676	Streck Blood to PDMR	Frozen Tissue	haec_olim_meminisse_iuvabit	Normal	PROGRESSION	946.51	id_quod_plerumque_accidit
specimen	CTDC-PARTICIPANT-218256	CTDC-SPECIMEN-937032	Bone Marrow Aspirate	Frozen Tissue	e_causa_ignota	Metastatic	BASELINE	14.03	salus_in_arduis
specimen	CTDC-PARTICIPANT-218256	CTDC-SPECIMEN-984120	Unstained Bone Marrow Aspirate Slide	Formalin Fixed Paraffin Embedded Tissue	nanos_gigantum_humeris_insidentes	Normal	ON TREATMENT	330.05	scientia_et_labor
specimen	CTDC-PARTICIPANT-837802	CTDC-SPECIMEN-628288	Unstained Slide	Bone Marrow	nanos_gigantum_humeris_insidentes	Adjacent Non-Tumor	Progression (Fresh)	912.23	Gallia_est_omnis_divisa_in_partes_tres
specimen	CTDC-PARTICIPANT-837802	CTDC-SPECIMEN-178490	Streck Blood	Bone Marrow	scientia_et_labor	Primary	Baseline (Fresh)	310.59	labor_ipse_voluptas
specimen	CTDC-PARTICIPANT-802979	CTDC-SPECIMEN-316457	Bone Marrow Aspirate	FROZEN TISSUE	scientia_imperii_decus_et_tutamen	Metastatic	On Treatment (Fresh)	200.47	id_quod_plerumque_accidit
specimen	CTDC-PARTICIPANT-802979	CTDC-SPECIMEN-849849	Bone Marrow Aspirate	SALIVA	Macte_animo_Generose_puer_sic_itur_ad_astra	Primary	PROGRESSION	71.87	cacatum_non_est_pictum
specimen	CTDC-PARTICIPANT-579791	CTDC-SPECIMEN-315277	Streck Blood to PDMR	BLOOD	faber_est_suae_quisque_fortunae	Metastatic	Progression (Fresh)	132.01	scientia_et_labor
specimen	CTDC-PARTICIPANT-579791	CTDC-SPECIMEN-968607	Snap Frozen Tissue	CEREBROSPINAL FLUID	a_bene_placito	Metastatic	Post-Treatment (No progression)	88.96	haec_olim_meminisse_iuvabit
specimen	CTDC-PARTICIPANT-273628	CTDC-SPECIMEN-246137	Formalin Bone Marrow Biopsy	BUCCAL CELL SAMPLE	scientia_et_sapientia	Primary	On Treatment (Fresh)	889.31	saltus_in_demonstrando
specimen	CTDC-PARTICIPANT-273628	CTDC-SPECIMEN-497428	Stained Bone Marrow Aspirate Slide	Formalin Fixed Paraffin Embedded Tissue	imperium_in_imperio	Primary	PROGRESSION	383.89	scientia,_aere_perennius
specimen	CTDC-PARTICIPANT-545328	CTDC-SPECIMEN-198595	Streck Blood to PDMR	BONE MARROW	imperium_in_imperio	Primary	PROGRESSION	770.63	e_causa_ignota
specimen	CTDC-PARTICIPANT-545328	CTDC-SPECIMEN-615618	Streck Blood to VARI	Blood	barba_crescit_caput_nescit	Metastatic	Progression (Fresh)	857.85	Gallia_est_omnis_divisa_in_partes_tres
specimen	CTDC-PARTICIPANT-171365	CTDC-SPECIMEN-173608	Snap Frozen Tissue	URINE	scientiae_et_patriae	Primary	On Treatment (Fresh)	316.84	cacatum_non_est_pictum
specimen	CTDC-PARTICIPANT-171365	CTDC-SPECIMEN-904340	Formalin Fixed Tissue	Bone Marrow	saltus_in_demonstrando	Metastatic	Archival	183.29	scientia,_aere_perennius
specimen	CTDC-PARTICIPANT-690978	CTDC-SPECIMEN-535038	EDTA Blood	FROZEN TISSUE	labor_ipse_voluptas	Adjacent Non-Tumor	BASELINE	376.28	scientiae_et_patriae
specimen	CTDC-PARTICIPANT-690978	CTDC-SPECIMEN-766816	Cell Block	FROZEN TISSUE	e_causa_ignota	Adjacent Non-Tumor	Archival	617.98	scientia,_aere_perennius
specimen	CTDC-PARTICIPANT-903146	CTDC-SPECIMEN-608655	Streck Blood to VARI	SALIVA	Gallia_est_omnis_divisa_in_partes_tres	Normal	BASELINE	20.58	barba_crescit_caput_nescit
specimen	CTDC-PARTICIPANT-903146	CTDC-SPECIMEN-387304	Streck Blood to PDMR	SALIVA	barba_crescit_caput_nescit	Metastatic	Post-Treatment (No progression)	480.48	O_Tite_tute_Tati_tibi_tanta_tyranne_tulisti
specimen	CTDC-PARTICIPANT-491351	CTDC-SPECIMEN-774031	Snap Frozen Tissue	URINE	damnant_quod_non_intellegunt	Primary	BASELINE	942.65	scientiae_cedit_mare
specimen	CTDC-PARTICIPANT-491351	CTDC-SPECIMEN-251747	FORMALIN FIXED TISSUE	Formalin Fixed Tissue	labor_ipse_voluptas	Primary	Post-Treatment (No progression)	977.24	Macte_animo_Generose_puer_sic_itur_ad_astra
specimen	CTDC-PARTICIPANT-811509	CTDC-SPECIMEN-917184	Fresh Tissue in Media to PDMR	Blood	pace_tua	Metastatic	ARCHIVAL	797.95	Macte_animo_Generose_puer_sic_itur_ad_astra
specimen	CTDC-PARTICIPANT-811509	CTDC-SPECIMEN-175647	Bone Marrow Aspirate	FROZEN TISSUE	id_quod_plerumque_accidit	Normal	Progression (Fresh)	155.55	cacatum_non_est_pictum
specimen	CTDC-PARTICIPANT-396101	CTDC-SPECIMEN-604073	Unstained Bone Marrow Aspirate Slide	FRESH TISSUE	damnant_quod_non_intellegunt	Metastatic	PROGRESSION	736.58	cacatum_non_est_pictum
specimen	CTDC-PARTICIPANT-396101	CTDC-SPECIMEN-234742	Streck Blood to VARI	STOOL	scientiae_et_patriae	Normal	Progression (Fresh)	507.7	cacatum_non_est_pictum
specimen	CTDC-PARTICIPANT-150841	CTDC-SPECIMEN-773962	Stained Bone Marrow Aspirate Slide	Frozen Tissue	Gallia_est_omnis_divisa_in_partes_tres	Adjacent Non-Tumor	ARCHIVAL	758.45	Gallia_est_omnis_divisa_in_partes_tres
specimen	CTDC-PARTICIPANT-150841	CTDC-SPECIMEN-482657	Formalin Fixed Tissue	FORMALIN FIXED PARAFFIN EMBEDDED TISSUE	id_quod_plerumque_accidit	Adjacent Non-Tumor	On Treatment (Fresh)	16.91	scientiae_et_patriae
specimen	CTDC-PARTICIPANT-958083	CTDC-SPECIMEN-590147	Streck Blood	FROZEN TISSUE	haec_olim_meminisse_iuvabit	Metastatic	On Treatment (Fresh)	418.42	salus_in_arduis
specimen	CTDC-PARTICIPANT-958083	CTDC-SPECIMEN-860719	Streck Blood to VARI	STOOL	O_Tite_tute_Tati_tibi_tanta_tyranne_tulisti	Normal	BASELINE	264.84	haec_olim_meminisse_iuvabit
specimen	CTDC-PARTICIPANT-893582	CTDC-SPECIMEN-528613	Stained Bone Marrow Aspirate Slide	FRESH TISSUE	scientiae_et_patriae	Normal	Archival	378.51	cacatum_non_est_pictum
specimen	CTDC-PARTICIPANT-893582	CTDC-SPECIMEN-381264	Unstained Slide	Fresh Tissue	scientiae_cedit_mare	Primary	PROGRESSION	487.68	scientiae_cedit_mare
specimen	CTDC-PARTICIPANT-481156	CTDC-SPECIMEN-465712	FORMALIN FIXED TISSUE	Formalin Fixed Tissue	nascentes_morimur_finisque_ab_origine_pendet	Primary	BASELINE	63.47	salus_in_arduis
specimen	CTDC-PARTICIPANT-481156	CTDC-SPECIMEN-439452	Bone Marrow Aspirate	Fresh Tissue	cacatum_non_est_pictum	Metastatic	Archival	932.73	a_bene_placito
specimen	CTDC-PARTICIPANT-106443	CTDC-SPECIMEN-917777	Bone Marrow Aspirate	Blood	salus_in_arduis	Adjacent Non-Tumor	ON TREATMENT	437.82	O_Tite_tute_Tati_tibi_tanta_tyranne_tulisti
specimen	CTDC-PARTICIPANT-106443	CTDC-SPECIMEN-214869	FORMALIN FIXED TISSUE	Frozen Tissue	sapiens_qui_prospicit	Normal	Post-Treatment (No progression)	970.12	cacatum_non_est_pictum
specimen	CTDC-PARTICIPANT-252272	CTDC-SPECIMEN-483672	Snap Frozen Tissue	BUCCAL CELL SAMPLE	a_bene_placito	Adjacent Non-Tumor	ON TREATMENT	34.78	e_causa_ignota
specimen	CTDC-PARTICIPANT-252272	CTDC-SPECIMEN-524038	Cell Block	CEREBROSPINAL FLUID	scientia_et_labor	Primary	BASELINE	85.57	saltus_in_demonstrando
specimen	CTDC-PARTICIPANT-141279	CTDC-SPECIMEN-772582	Stained Bone Marrow Aspirate Slide	Formalin Fixed Paraffin Embedded Tissue	imperium_in_imperio	Metastatic	ARCHIVAL	894.61	labor_ipse_voluptas
specimen	CTDC-PARTICIPANT-141279	CTDC-SPECIMEN-345506	Unstained Slide	CEREBROSPINAL FLUID	Obedientia_civium_urbis_felicitas	Normal	Post-Treatment (No progression)	727.72	scientia_imperii_decus_et_tutamen
specimen	CTDC-PARTICIPANT-932532	CTDC-SPECIMEN-851546	Bone Marrow Aspirate	BLOOD	faber_est_suae_quisque_fortunae	Metastatic	Baseline (Fresh)	772.61	haec_olim_meminisse_iuvabit
specimen	CTDC-PARTICIPANT-932532	CTDC-SPECIMEN-201773	Bone Marrow Aspirate	FROZEN TISSUE	salus_in_arduis	Primary	Progression (Fresh)	421.23	haec_olim_meminisse_iuvabit
specimen	CTDC-PARTICIPANT-124024	CTDC-SPECIMEN-615631	Streck Blood to PDMR	CEREBROSPINAL FLUID	haec_olim_meminisse_iuvabit	Normal	Post-Treatment (No progression)	31.89	scientia_et_sapientia
specimen	CTDC-PARTICIPANT-124024	CTDC-SPECIMEN-593363	Streck Blood to VARI	Frozen Tissue	imperium_in_imperio	Adjacent Non-Tumor	PROGRESSION	775.21	haec_olim_meminisse_iuvabit
specimen	CTDC-PARTICIPANT-380628	CTDC-SPECIMEN-378778	Snap Frozen Tissue	Formalin Fixed Tissue	nanos_gigantum_humeris_insidentes	Primary	Baseline (Fresh)	525.64	a_bene_placito
specimen	CTDC-PARTICIPANT-380628	CTDC-SPECIMEN-692184	FFPE Block	Formalin Fixed Paraffin Embedded Tissue	haec_olim_meminisse_iuvabit	Primary	PROGRESSION	382.0	scientiae_cedit_mare
specimen	CTDC-PARTICIPANT-655971	CTDC-SPECIMEN-401967	Streck Blood	FORMALIN FIXED TISSUE	salus_in_arduis	Normal	Post-Treatment (No progression)	703.54	Gallia_est_omnis_divisa_in_partes_tres
specimen	CTDC-PARTICIPANT-655971	CTDC-SPECIMEN-142916	FORMALIN FIXED TISSUE	CEREBROSPINAL FLUID	a_bene_placito	Normal	ON TREATMENT	460.39	saltus_in_demonstrando
specimen	CTDC-PARTICIPANT-553493	CTDC-SPECIMEN-381340	Streck Blood to PDMR	BONE MARROW	scientia_imperii_decus_et_tutamen	Metastatic	Progression (Fresh)	43.16	Macte_animo_Generose_puer_sic_itur_ad_astra
specimen	CTDC-PARTICIPANT-553493	CTDC-SPECIMEN-566705	Formalin Bone Marrow Biopsy	FROZEN TISSUE	Macte_animo_Generose_puer_sic_itur_ad_astra	Adjacent Non-Tumor	ON TREATMENT	958.52	nascentes_morimur_finisque_ab_origine_pendet
specimen	CTDC-PARTICIPANT-896213	CTDC-SPECIMEN-479432	Bone Marrow Aspirate	Fresh Tissue	salus_in_arduis	Metastatic	On Treatment (Fresh)	792.78	sapiens_qui_prospicit
specimen	CTDC-PARTICIPANT-896213	CTDC-SPECIMEN-253083	Formalin Fixed Tissue	Bone Marrow	nanos_gigantum_humeris_insidentes	Primary	Archival	956.79	labor_ipse_voluptas
specimen	CTDC-PARTICIPANT-132751	CTDC-SPECIMEN-975416	Fresh Tissue in Media to PDMR	Blood	scientia,_aere_perennius	Normal	ON TREATMENT	673.25	scientia_imperii_decus_et_tutamen
specimen	CTDC-PARTICIPANT-132751	CTDC-SPECIMEN-267901	Fresh Tissue in Media to PDMR	BUCCAL CELL SAMPLE	scientia_imperii_decus_et_tutamen	Adjacent Non-Tumor	On Treatment (Fresh)	779.08	haec_olim_meminisse_iuvabit
specimen	CTDC-PARTICIPANT-237359	CTDC-SPECIMEN-914916	Formalin Bone Marrow Biopsy	OTHER BODILY FLUIDs	nascentes_morimur_finisque_ab_origine_pendet	Primary	Progression (Fresh)	882.35	scientia,_aere_perennius
specimen	CTDC-PARTICIPANT-237359	CTDC-SPECIMEN-370574	Fresh Tissue in Media to PDMR	FRESH TISSUE	Obedientia_civium_urbis_felicitas	Metastatic	Archival	17.01	faber_est_suae_quisque_fortunae
specimen	CTDC-PARTICIPANT-876508	CTDC-SPECIMEN-995376	Cell Block	SALIVA	scientia_imperii_decus_et_tutamen	Metastatic	ARCHIVAL	148.49	labor_ipse_voluptas
specimen	CTDC-PARTICIPANT-876508	CTDC-SPECIMEN-489722	Bone Marrow Aspirate	FRESH TISSUE	Gallia_est_omnis_divisa_in_partes_tres	Normal	On Treatment (Fresh)	776.42	damnant_quod_non_intellegunt
specimen	CTDC-PARTICIPANT-317587	CTDC-SPECIMEN-978391	Cell Block	Formalin Fixed Tissue	cacatum_non_est_pictum	Primary	PROGRESSION	711.6	labor_ipse_voluptas
specimen	CTDC-PARTICIPANT-317587	CTDC-SPECIMEN-564532	Fresh Tissue in Media to PDMR	FROZEN TISSUE	a_bene_placito	Metastatic	PROGRESSION	940.65	haec_olim_meminisse_iuvabit
specimen	CTDC-PARTICIPANT-161257	CTDC-SPECIMEN-258920	Bone Marrow Aspirate	OTHER BODILY FLUIDs	scientia,_aere_perennius	Adjacent Non-Tumor	Baseline (Fresh)	128.08	scientia,_aere_perennius
specimen	CTDC-PARTICIPANT-161257	CTDC-SPECIMEN-979304	Cell Block	BLOOD	cacatum_non_est_pictum	Primary	Post-Treatment (No progression)	56.29	scientiae_cedit_mare
specimen	CTDC-PARTICIPANT-814438	CTDC-SPECIMEN-412135	Cell Block	OTHER BODILY FLUIDs	scientiae_et_patriae	Metastatic	On Treatment (Fresh)	198.83	saltus_in_demonstrando
specimen	CTDC-PARTICIPANT-814438	CTDC-SPECIMEN-569675	Unstained Bone Marrow Aspirate Slide	BONE MARROW	imperium_in_imperio	Metastatic	BASELINE	216.82	scientiae_et_patriae
specimen	CTDC-PARTICIPANT-800186	CTDC-SPECIMEN-493473	FORMALIN FIXED TISSUE	BONE MARROW	barba_crescit_caput_nescit	Metastatic	PROGRESSION	322.21	scientia_imperii_decus_et_tutamen
specimen	CTDC-PARTICIPANT-800186	CTDC-SPECIMEN-623796	Streck Blood to PDMR	FORMALIN FIXED TISSUE	Macte_animo_Generose_puer_sic_itur_ad_astra	Primary	Post-Treatment (No progression)	652.3	sapiens_qui_prospicit
specimen	CTDC-PARTICIPANT-766659	CTDC-SPECIMEN-391910	Snap Frozen Tissue	Bone Marrow	labor_ipse_voluptas	Normal	PROGRESSION	551.16	Macte_animo_Generose_puer_sic_itur_ad_astra
specimen	CTDC-PARTICIPANT-766659	CTDC-SPECIMEN-222072	Unstained Slide	Frozen Tissue	id_quod_plerumque_accidit	Metastatic	BASELINE	415.26	barba_crescit_caput_nescit
specimen	CTDC-PARTICIPANT-460334	CTDC-SPECIMEN-981337	EDTA Blood	Fresh Tissue	scientia,_aere_perennius	Normal	BASELINE	837.71	saltus_in_demonstrando
specimen	CTDC-PARTICIPANT-460334	CTDC-SPECIMEN-857506	Streck Blood to PDMR	URINE	id_quod_plerumque_accidit	Normal	BASELINE	152.17	Macte_animo_Generose_puer_sic_itur_ad_astra
specimen	CTDC-PARTICIPANT-772926	CTDC-SPECIMEN-711376	Streck Blood	BONE MARROW	O_Tite_tute_Tati_tibi_tanta_tyranne_tulisti	Adjacent Non-Tumor	Post-Treatment (No progression)	507.04	Obedientia_civium_urbis_felicitas
specimen	CTDC-PARTICIPANT-772926	CTDC-SPECIMEN-356145	Bone Marrow Aspirate	Fresh Tissue	salus_in_arduis	Adjacent Non-Tumor	Archival	419.07	a_bene_placito
specimen	CTDC-PARTICIPANT-626978	CTDC-SPECIMEN-453692	Streck Blood to VARI	STOOL	saltus_in_demonstrando	Primary	Post-Treatment (No progression)	886.32	damnant_quod_non_intellegunt
specimen	CTDC-PARTICIPANT-626978	CTDC-SPECIMEN-566588	Formalin Fixed Tissue	OTHER BODILY FLUIDs	Gallia_est_omnis_divisa_in_partes_tres	Normal	ARCHIVAL	348.05	labor_ipse_voluptas
specimen	CTDC-PARTICIPANT-399685	CTDC-SPECIMEN-790127	Snap Frozen Tissue	Bone Marrow	Obedientia_civium_urbis_felicitas	Metastatic	Progression (Fresh)	247.29	scientia_et_labor
specimen	CTDC-PARTICIPANT-399685	CTDC-SPECIMEN-471524	Formalin Fixed Tissue	CEREBROSPINAL FLUID	labor_ipse_voluptas	Metastatic	BASELINE	587.37	scientia_et_labor
specimen	CTDC-PARTICIPANT-499669	CTDC-SPECIMEN-944577	Fresh Tissue in Media to PDMR	SALIVA	scientiae_et_patriae	Adjacent Non-Tumor	BASELINE	641.88	saltus_in_demonstrando
specimen	CTDC-PARTICIPANT-499669	CTDC-SPECIMEN-157326	Streck Blood	FORMALIN FIXED PARAFFIN EMBEDDED TISSUE	id_quod_plerumque_accidit	Adjacent Non-Tumor	BASELINE	544.02	pace_tua
specimen	CTDC-PARTICIPANT-453258	CTDC-SPECIMEN-941893	FORMALIN FIXED TISSUE	Fresh Tissue	O_Tite_tute_Tati_tibi_tanta_tyranne_tulisti	Primary	Post-Treatment (No progression)	751.05	O_Tite_tute_Tati_tibi_tanta_tyranne_tulisti
specimen	CTDC-PARTICIPANT-453258	CTDC-SPECIMEN-209944	EDTA Blood	CEREBROSPINAL FLUID	sapiens_qui_prospicit	Metastatic	ON TREATMENT	365.16	nanos_gigantum_humeris_insidentes
specimen	CTDC-PARTICIPANT-530151	CTDC-SPECIMEN-277983	Unstained Slide	Formalin Fixed Tissue	faber_est_suae_quisque_fortunae	Adjacent Non-Tumor	Post-Treatment (No progression)	128.76	scientiae_et_patriae
specimen	CTDC-PARTICIPANT-530151	CTDC-SPECIMEN-386488	Fresh Tissue in Media to PDMR	Bone Marrow	scientiae_et_patriae	Metastatic	Progression (Fresh)	185.01	Obedientia_civium_urbis_felicitas
specimen	CTDC-PARTICIPANT-351359	CTDC-SPECIMEN-380903	Formalin Fixed Tissue	BONE MARROW	O_Tite_tute_Tati_tibi_tanta_tyranne_tulisti	Adjacent Non-Tumor	ARCHIVAL	686.14	Gallia_est_omnis_divisa_in_partes_tres
specimen	CTDC-PARTICIPANT-351359	CTDC-SPECIMEN-590353	Snap Frozen Tissue	BUCCAL CELL SAMPLE	scientiae_et_patriae	Normal	PROGRESSION	728.97	salus_in_arduis
specimen	CTDC-PARTICIPANT-828955	CTDC-SPECIMEN-661398	Snap Frozen Tissue	Frozen Tissue	id_quod_plerumque_accidit	Normal	Progression (Fresh)	130.96	scientiae_et_patriae
specimen	CTDC-PARTICIPANT-828955	CTDC-SPECIMEN-313643	FORMALIN FIXED TISSUE	BUCCAL CELL SAMPLE	faber_est_suae_quisque_fortunae	Normal	ARCHIVAL	464.38	O_Tite_tute_Tati_tibi_tanta_tyranne_tulisti
specimen	CTDC-PARTICIPANT-219801	CTDC-SPECIMEN-795604	FFPE Block	STOOL	nascentes_morimur_finisque_ab_origine_pendet	Adjacent Non-Tumor	Post-Treatment (No progression)	37.82	barba_crescit_caput_nescit
specimen	CTDC-PARTICIPANT-219801	CTDC-SPECIMEN-489490	Fresh Tissue in Media to PDMR	Formalin Fixed Tissue	salus_in_arduis	Adjacent Non-Tumor	Baseline (Fresh)	206.35	scientia_et_labor
specimen	CTDC-PARTICIPANT-107207	CTDC-SPECIMEN-401874	Stained Bone Marrow Aspirate Slide	Bone Marrow	Macte_animo_Generose_puer_sic_itur_ad_astra	Primary	Progression (Fresh)	833.18	nascentes_morimur_finisque_ab_origine_pendet
specimen	CTDC-PARTICIPANT-107207	CTDC-SPECIMEN-318454	Formalin Bone Marrow Biopsy	URINE	O_Tite_tute_Tati_tibi_tanta_tyranne_tulisti	Normal	Archival	302.29	barba_crescit_caput_nescit
specimen	CTDC-PARTICIPANT-687631	CTDC-SPECIMEN-341412	EDTA Blood	STOOL	sapiens_qui_prospicit	Metastatic	Archival	648.25	scientia_et_sapientia
specimen	CTDC-PARTICIPANT-687631	CTDC-SPECIMEN-209145	Formalin Bone Marrow Biopsy	BONE MARROW	saltus_in_demonstrando	Normal	BASELINE	308.69	scientia_et_labor
specimen	CTDC-PARTICIPANT-995306	CTDC-SPECIMEN-181735	Fresh Tissue in Media to PDMR	Formalin Fixed Tissue	Obedientia_civium_urbis_felicitas	Normal	Archival	482.45	damnant_quod_non_intellegunt
specimen	CTDC-PARTICIPANT-995306	CTDC-SPECIMEN-962204	Streck Blood to PDMR	Formalin Fixed Paraffin Embedded Tissue	a_bene_placito	Normal	ON TREATMENT	446.32	O_Tite_tute_Tati_tibi_tanta_tyranne_tulisti
specimen	CTDC-PARTICIPANT-683828	CTDC-SPECIMEN-820282	Streck Blood	FORMALIN FIXED PARAFFIN EMBEDDED TISSUE	damnant_quod_non_intellegunt	Primary	ON TREATMENT	769.8	e_causa_ignota
specimen	CTDC-PARTICIPANT-683828	CTDC-SPECIMEN-120651	Snap Frozen Tissue	Formalin Fixed Paraffin Embedded Tissue	e_causa_ignota	Normal	On Treatment (Fresh)	239.05	imperium_in_imperio
specimen	CTDC-PARTICIPANT-142000	CTDC-SPECIMEN-630147	Cell Block	Formalin Fixed Tissue	saltus_in_demonstrando	Normal	Progression (Fresh)	95.1	a_bene_placito
specimen	CTDC-PARTICIPANT-142000	CTDC-SPECIMEN-778560	Formalin Fixed Tissue	Blood	labor_ipse_voluptas	Primary	Baseline (Fresh)	61.76	scientia_et_sapientia
specimen	CTDC-PARTICIPANT-918389	CTDC-SPECIMEN-264675	Bone Marrow Aspirate	STOOL	O_Tite_tute_Tati_tibi_tanta_tyranne_tulisti	Normal	Archival	806.36	nascentes_morimur_finisque_ab_origine_pendet
specimen	CTDC-PARTICIPANT-918389	CTDC-SPECIMEN-396278	Bone Marrow Aspirate	BUCCAL CELL SAMPLE	scientia_imperii_decus_et_tutamen	Normal	ARCHIVAL	83.76	damnant_quod_non_intellegunt
specimen	CTDC-PARTICIPANT-164484	CTDC-SPECIMEN-777934	Streck Blood to PDMR	OTHER BODILY FLUIDs	nascentes_morimur_finisque_ab_origine_pendet	Primary	PROGRESSION	245.87	a_bene_placito
specimen	CTDC-PARTICIPANT-164484	CTDC-SPECIMEN-276739	Streck Blood	Fresh Tissue	haec_olim_meminisse_iuvabit	Metastatic	ARCHIVAL	771.16	O_Tite_tute_Tati_tibi_tanta_tyranne_tulisti
specimen	CTDC-PARTICIPANT-131806	CTDC-SPECIMEN-602494	Streck Blood	FORMALIN FIXED TISSUE	pace_tua	Normal	Post-Treatment (No progression)	56.62	scientia_et_sapientia
specimen	CTDC-PARTICIPANT-131806	CTDC-SPECIMEN-391575	Snap Frozen Tissue	Bone Marrow	O_Tite_tute_Tati_tibi_tanta_tyranne_tulisti	Normal	Baseline (Fresh)	845.61	Obedientia_civium_urbis_felicitas
specimen	CTDC-PARTICIPANT-507363	CTDC-SPECIMEN-534396	Streck Blood to VARI	CEREBROSPINAL FLUID	scientiae_cedit_mare	Metastatic	ON TREATMENT	233.02	nascentes_morimur_finisque_ab_origine_pendet
specimen	CTDC-PARTICIPANT-507363	CTDC-SPECIMEN-889353	Cell Block	FORMALIN FIXED PARAFFIN EMBEDDED TISSUE	e_causa_ignota	Metastatic	Archival	779.2	scientia_et_labor
specimen	CTDC-PARTICIPANT-704044	CTDC-SPECIMEN-425369	Bone Marrow Aspirate	Frozen Tissue	scientiae_et_patriae	Primary	Progression (Fresh)	873.74	imperium_in_imperio
specimen	CTDC-PARTICIPANT-704044	CTDC-SPECIMEN-943668	FFPE Block	Formalin Fixed Paraffin Embedded Tissue	Macte_animo_Generose_puer_sic_itur_ad_astra	Primary	ON TREATMENT	527.32	imperium_in_imperio
specimen	CTDC-PARTICIPANT-646171	CTDC-SPECIMEN-338749	FFPE Block	FORMALIN FIXED PARAFFIN EMBEDDED TISSUE	scientia_et_sapientia	Primary	On Treatment (Fresh)	439.06	saltus_in_demonstrando
specimen	CTDC-PARTICIPANT-646171	CTDC-SPECIMEN-946750	Formalin Fixed Tissue	Formalin Fixed Paraffin Embedded Tissue	faber_est_suae_quisque_fortunae	Metastatic	Baseline (Fresh)	104.83	labor_ipse_voluptas
specimen	CTDC-PARTICIPANT-702783	CTDC-SPECIMEN-111956	Formalin Fixed Tissue	BUCCAL CELL SAMPLE	scientiae_et_patriae	Primary	On Treatment (Fresh)	717.71	nascentes_morimur_finisque_ab_origine_pendet
specimen	CTDC-PARTICIPANT-702783	CTDC-SPECIMEN-999933	EDTA Blood	STOOL	cacatum_non_est_pictum	Normal	Progression (Fresh)	940.58	a_bene_placito
specimen	CTDC-PARTICIPANT-895851	CTDC-SPECIMEN-656347	EDTA Blood	Bone Marrow	Gallia_est_omnis_divisa_in_partes_tres	Primary	ON TREATMENT	700.05	Gallia_est_omnis_divisa_in_partes_tres
specimen	CTDC-PARTICIPANT-895851	CTDC-SPECIMEN-106930	Bone Marrow Aspirate	FRESH TISSUE	O_Tite_tute_Tati_tibi_tanta_tyranne_tulisti	Normal	Baseline (Fresh)	128.39	damnant_quod_non_intellegunt
specimen	CTDC-PARTICIPANT-351896	CTDC-SPECIMEN-853054	Formalin Bone Marrow Biopsy	Frozen Tissue	labor_ipse_voluptas	Adjacent Non-Tumor	ARCHIVAL	290.12	cacatum_non_est_pictum
specimen	CTDC-PARTICIPANT-351896	CTDC-SPECIMEN-815609	Cell Block	URINE	salus_in_arduis	Primary	BASELINE	183.72	nascentes_morimur_finisque_ab_origine_pendet
specimen	CTDC-PARTICIPANT-510669	CTDC-SPECIMEN-984752	Streck Blood to PDMR	FORMALIN FIXED TISSUE	labor_ipse_voluptas	Normal	On Treatment (Fresh)	965.74	nascentes_morimur_finisque_ab_origine_pendet
specimen	CTDC-PARTICIPANT-510669	CTDC-SPECIMEN-923533	Bone Marrow Aspirate	CEREBROSPINAL FLUID	faber_est_suae_quisque_fortunae	Metastatic	ON TREATMENT	585.31	cacatum_non_est_pictum
specimen	CTDC-PARTICIPANT-293573	CTDC-SPECIMEN-649088	FORMALIN FIXED TISSUE	STOOL	O_Tite_tute_Tati_tibi_tanta_tyranne_tulisti	Primary	ARCHIVAL	779.97	scientia_imperii_decus_et_tutamen
specimen	CTDC-PARTICIPANT-293573	CTDC-SPECIMEN-883877	Formalin Fixed Tissue	Formalin Fixed Paraffin Embedded Tissue	salus_in_arduis	Metastatic	ON TREATMENT	972.14	nanos_gigantum_humeris_insidentes
specimen	CTDC-PARTICIPANT-385400	CTDC-SPECIMEN-544766	EDTA Blood	FRESH TISSUE	cacatum_non_est_pictum	Primary	On Treatment (Fresh)	927.48	scientia,_aere_perennius
specimen	CTDC-PARTICIPANT-385400	CTDC-SPECIMEN-144313	FFPE Block	BUCCAL CELL SAMPLE	e_causa_ignota	Normal	ON TREATMENT	83.42	faber_est_suae_quisque_fortunae
specimen	CTDC-PARTICIPANT-838872	CTDC-SPECIMEN-534338	Streck Blood	Formalin Fixed Tissue	a_bene_placito	Primary	Archival	339.54	Macte_animo_Generose_puer_sic_itur_ad_astra
specimen	CTDC-PARTICIPANT-838872	CTDC-SPECIMEN-476226	Stained Bone Marrow Aspirate Slide	Blood	labor_ipse_voluptas	Metastatic	Baseline (Fresh)	819.28	barba_crescit_caput_nescit
