type	participant.participant_id	surgical_procedure_record_id	surgical_procedure	surgical_procedure_date	surgical_procedure_anatomical_location	surgical_procedure_therapeutic	surgical_procedure_findings	extent_of_residual_disease	crdc_id
surgery	CTDC-PARTICIPANT-587927	CTDC-SURGERY-761285	barba_crescit_caput_nescit	406	scientia,_aere_perennius	No	scientiae_cedit_mare	Gallia_est_omnis_divisa_in_partes_tres	damnant_quod_non_intellegunt
surgery	CTDC-PARTICIPANT-587927	CTDC-SURGERY-527793	saltus_in_demonstrando	139	cacatum_non_est_pictum	Yes	cacatum_non_est_pictum	nascentes_morimur_finisque_ab_origine_pendet	Macte_animo_Generose_puer_sic_itur_ad_astra
surgery	CTDC-PARTICIPANT-146778	CTDC-SURGERY-834616	e_causa_ignota	169	pace_tua	Yes	scientiae_et_patriae	scientia_et_labor	imperium_in_imperio
surgery	CTDC-PARTICIPANT-146778	CTDC-SURGERY-995268	a_bene_placito	469	damnant_quod_non_intellegunt	Yes	scientia,_aere_perennius	scientia_imperii_decus_et_tutamen	haec_olim_meminisse_iuvabit
surgery	CTDC-PARTICIPANT-567611	CTDC-SURGERY-876288	saltus_in_demonstrando	916	Macte_animo_Generose_puer_sic_itur_ad_astra	Yes	scientia,_aere_perennius	scientia,_aere_perennius	Obedientia_civium_urbis_felicitas
surgery	CTDC-PARTICIPANT-567611	CTDC-SURGERY-626168	e_causa_ignota	123	Obedientia_civium_urbis_felicitas	No	sapiens_qui_prospicit	faber_est_suae_quisque_fortunae	haec_olim_meminisse_iuvabit
surgery	CTDC-PARTICIPANT-466738	CTDC-SURGERY-633381	Obedientia_civium_urbis_felicitas	471	scientia,_aere_perennius	No	labor_ipse_voluptas	nanos_gigantum_humeris_insidentes	O_Tite_tute_Tati_tibi_tanta_tyranne_tulisti
surgery	CTDC-PARTICIPANT-466738	CTDC-SURGERY-393576	haec_olim_meminisse_iuvabit	662	salus_in_arduis	No	scientia_imperii_decus_et_tutamen	faber_est_suae_quisque_fortunae	scientia,_aere_perennius
surgery	CTDC-PARTICIPANT-721019	CTDC-SURGERY-364752	haec_olim_meminisse_iuvabit	650	cacatum_non_est_pictum	Yes	id_quod_plerumque_accidit	Macte_animo_Generose_puer_sic_itur_ad_astra	salus_in_arduis
surgery	CTDC-PARTICIPANT-721019	CTDC-SURGERY-707744	a_bene_placito	972	nanos_gigantum_humeris_insidentes	Yes	haec_olim_meminisse_iuvabit	imperium_in_imperio	pace_tua
surgery	CTDC-PARTICIPANT-103838	CTDC-SURGERY-884755	scientia_et_labor	87	scientia_et_labor	Yes	saltus_in_demonstrando	faber_est_suae_quisque_fortunae	salus_in_arduis
surgery	CTDC-PARTICIPANT-103838	CTDC-SURGERY-395971	O_Tite_tute_Tati_tibi_tanta_tyranne_tulisti	539	cacatum_non_est_pictum	Yes	scientiae_cedit_mare	labor_ipse_voluptas	imperium_in_imperio
surgery	CTDC-PARTICIPANT-385607	CTDC-SURGERY-769086	a_bene_placito	829	nanos_gigantum_humeris_insidentes	Yes	damnant_quod_non_intellegunt	cacatum_non_est_pictum	damnant_quod_non_intellegunt
surgery	CTDC-PARTICIPANT-385607	CTDC-SURGERY-360355	O_Tite_tute_Tati_tibi_tanta_tyranne_tulisti	48	haec_olim_meminisse_iuvabit	No	Obedientia_civium_urbis_felicitas	saltus_in_demonstrando	nanos_gigantum_humeris_insidentes
surgery	CTDC-PARTICIPANT-159239	CTDC-SURGERY-727787	scientia_imperii_decus_et_tutamen	463	nascentes_morimur_finisque_ab_origine_pendet	No	cacatum_non_est_pictum	scientia,_aere_perennius	haec_olim_meminisse_iuvabit
surgery	CTDC-PARTICIPANT-159239	CTDC-SURGERY-182450	nascentes_morimur_finisque_ab_origine_pendet	401	faber_est_suae_quisque_fortunae	Yes	scientia_et_sapientia	scientia_imperii_decus_et_tutamen	scientia_et_sapientia
surgery	CTDC-PARTICIPANT-170991	CTDC-SURGERY-674832	Obedientia_civium_urbis_felicitas	536	Gallia_est_omnis_divisa_in_partes_tres	No	haec_olim_meminisse_iuvabit	cacatum_non_est_pictum	salus_in_arduis
surgery	CTDC-PARTICIPANT-170991	CTDC-SURGERY-106666	saltus_in_demonstrando	111	nanos_gigantum_humeris_insidentes	Yes	haec_olim_meminisse_iuvabit	a_bene_placito	sapiens_qui_prospicit
surgery	CTDC-PARTICIPANT-185695	CTDC-SURGERY-650560	scientiae_cedit_mare	173	e_causa_ignota	No	nascentes_morimur_finisque_ab_origine_pendet	imperium_in_imperio	id_quod_plerumque_accidit
surgery	CTDC-PARTICIPANT-185695	CTDC-SURGERY-557121	salus_in_arduis	999	cacatum_non_est_pictum	No	faber_est_suae_quisque_fortunae	scientiae_et_patriae	scientiae_cedit_mare
surgery	CTDC-PARTICIPANT-298159	CTDC-SURGERY-875211	scientia_imperii_decus_et_tutamen	338	nanos_gigantum_humeris_insidentes	Yes	id_quod_plerumque_accidit	O_Tite_tute_Tati_tibi_tanta_tyranne_tulisti	nascentes_morimur_finisque_ab_origine_pendet
surgery	CTDC-PARTICIPANT-298159	CTDC-SURGERY-556119	labor_ipse_voluptas	266	salus_in_arduis	Yes	scientia_et_sapientia	scientia_et_sapientia	salus_in_arduis
surgery	CTDC-PARTICIPANT-923443	CTDC-SURGERY-285006	pace_tua	764	sapiens_qui_prospicit	No	Gallia_est_omnis_divisa_in_partes_tres	Gallia_est_omnis_divisa_in_partes_tres	nanos_gigantum_humeris_insidentes
surgery	CTDC-PARTICIPANT-923443	CTDC-SURGERY-924376	labor_ipse_voluptas	550	scientia_et_sapientia	No	nanos_gigantum_humeris_insidentes	sapiens_qui_prospicit	nascentes_morimur_finisque_ab_origine_pendet
surgery	CTDC-PARTICIPANT-850550	CTDC-SURGERY-195179	nascentes_morimur_finisque_ab_origine_pendet	26	nascentes_morimur_finisque_ab_origine_pendet	Yes	id_quod_plerumque_accidit	id_quod_plerumque_accidit	pace_tua
surgery	CTDC-PARTICIPANT-850550	CTDC-SURGERY-604344	saltus_in_demonstrando	651	Macte_animo_Generose_puer_sic_itur_ad_astra	No	a_bene_placito	pace_tua	scientia_et_sapientia
surgery	CTDC-PARTICIPANT-159859	CTDC-SURGERY-243498	saltus_in_demonstrando	644	imperium_in_imperio	Yes	barba_crescit_caput_nescit	scientia_et_sapientia	barba_crescit_caput_nescit
surgery	CTDC-PARTICIPANT-159859	CTDC-SURGERY-409539	scientiae_cedit_mare	77	Gallia_est_omnis_divisa_in_partes_tres	No	nanos_gigantum_humeris_insidentes	nascentes_morimur_finisque_ab_origine_pendet	haec_olim_meminisse_iuvabit
surgery	CTDC-PARTICIPANT-250562	CTDC-SURGERY-131747	haec_olim_meminisse_iuvabit	557	Macte_animo_Generose_puer_sic_itur_ad_astra	No	scientiae_cedit_mare	imperium_in_imperio	imperium_in_imperio
surgery	CTDC-PARTICIPANT-250562	CTDC-SURGERY-375126	salus_in_arduis	414	sapiens_qui_prospicit	Yes	O_Tite_tute_Tati_tibi_tanta_tyranne_tulisti	a_bene_placito	sapiens_qui_prospicit
surgery	CTDC-PARTICIPANT-341842	CTDC-SURGERY-284710	scientia_et_labor	539	scientiae_et_patriae	No	scientia_imperii_decus_et_tutamen	a_bene_placito	scientia,_aere_perennius
surgery	CTDC-PARTICIPANT-341842	CTDC-SURGERY-143908	imperium_in_imperio	137	scientia,_aere_perennius	Yes	scientia_et_sapientia	Obedientia_civium_urbis_felicitas	scientia_et_sapientia
surgery	CTDC-PARTICIPANT-854074	CTDC-SURGERY-852190	labor_ipse_voluptas	249	Gallia_est_omnis_divisa_in_partes_tres	Yes	damnant_quod_non_intellegunt	saltus_in_demonstrando	damnant_quod_non_intellegunt
surgery	CTDC-PARTICIPANT-854074	CTDC-SURGERY-357324	id_quod_plerumque_accidit	314	saltus_in_demonstrando	Yes	salus_in_arduis	scientia,_aere_perennius	id_quod_plerumque_accidit
surgery	CTDC-PARTICIPANT-410124	CTDC-SURGERY-994192	imperium_in_imperio	773	labor_ipse_voluptas	No	labor_ipse_voluptas	O_Tite_tute_Tati_tibi_tanta_tyranne_tulisti	barba_crescit_caput_nescit
surgery	CTDC-PARTICIPANT-410124	CTDC-SURGERY-658032	Macte_animo_Generose_puer_sic_itur_ad_astra	248	scientia_et_labor	No	Obedientia_civium_urbis_felicitas	damnant_quod_non_intellegunt	id_quod_plerumque_accidit
surgery	CTDC-PARTICIPANT-664859	CTDC-SURGERY-169852	damnant_quod_non_intellegunt	56	nanos_gigantum_humeris_insidentes	Yes	damnant_quod_non_intellegunt	scientia_imperii_decus_et_tutamen	Macte_animo_Generose_puer_sic_itur_ad_astra
surgery	CTDC-PARTICIPANT-664859	CTDC-SURGERY-310766	sapiens_qui_prospicit	31	a_bene_placito	Yes	Obedientia_civium_urbis_felicitas	scientia_imperii_decus_et_tutamen	O_Tite_tute_Tati_tibi_tanta_tyranne_tulisti
surgery	CTDC-PARTICIPANT-311219	CTDC-SURGERY-604192	scientia,_aere_perennius	945	e_causa_ignota	No	scientia_et_labor	scientiae_et_patriae	O_Tite_tute_Tati_tibi_tanta_tyranne_tulisti
surgery	CTDC-PARTICIPANT-311219	CTDC-SURGERY-486267	scientia_imperii_decus_et_tutamen	42	a_bene_placito	No	scientia_et_sapientia	scientiae_cedit_mare	scientia_et_sapientia
surgery	CTDC-PARTICIPANT-743274	CTDC-SURGERY-600908	haec_olim_meminisse_iuvabit	159	scientia_et_labor	No	faber_est_suae_quisque_fortunae	cacatum_non_est_pictum	Macte_animo_Generose_puer_sic_itur_ad_astra
surgery	CTDC-PARTICIPANT-743274	CTDC-SURGERY-982851	O_Tite_tute_Tati_tibi_tanta_tyranne_tulisti	806	scientia_et_labor	Yes	scientia_imperii_decus_et_tutamen	a_bene_placito	Obedientia_civium_urbis_felicitas
surgery	CTDC-PARTICIPANT-218542	CTDC-SURGERY-163247	imperium_in_imperio	673	id_quod_plerumque_accidit	Yes	labor_ipse_voluptas	salus_in_arduis	O_Tite_tute_Tati_tibi_tanta_tyranne_tulisti
surgery	CTDC-PARTICIPANT-218542	CTDC-SURGERY-797109	Macte_animo_Generose_puer_sic_itur_ad_astra	963	scientia_imperii_decus_et_tutamen	Yes	nanos_gigantum_humeris_insidentes	faber_est_suae_quisque_fortunae	sapiens_qui_prospicit
surgery	CTDC-PARTICIPANT-584468	CTDC-SURGERY-703182	saltus_in_demonstrando	671	scientia,_aere_perennius	No	saltus_in_demonstrando	imperium_in_imperio	nascentes_morimur_finisque_ab_origine_pendet
surgery	CTDC-PARTICIPANT-584468	CTDC-SURGERY-219065	cacatum_non_est_pictum	284	e_causa_ignota	No	labor_ipse_voluptas	salus_in_arduis	scientia_imperii_decus_et_tutamen
surgery	CTDC-PARTICIPANT-721509	CTDC-SURGERY-460714	Macte_animo_Generose_puer_sic_itur_ad_astra	856	Gallia_est_omnis_divisa_in_partes_tres	No	scientiae_cedit_mare	sapiens_qui_prospicit	e_causa_ignota
surgery	CTDC-PARTICIPANT-721509	CTDC-SURGERY-899089	damnant_quod_non_intellegunt	978	barba_crescit_caput_nescit	Yes	scientia_et_labor	saltus_in_demonstrando	id_quod_plerumque_accidit
surgery	CTDC-PARTICIPANT-249882	CTDC-SURGERY-983458	scientia_imperii_decus_et_tutamen	236	saltus_in_demonstrando	Yes	nascentes_morimur_finisque_ab_origine_pendet	e_causa_ignota	damnant_quod_non_intellegunt
surgery	CTDC-PARTICIPANT-249882	CTDC-SURGERY-443480	faber_est_suae_quisque_fortunae	846	id_quod_plerumque_accidit	Yes	cacatum_non_est_pictum	Gallia_est_omnis_divisa_in_partes_tres	scientia_et_labor
surgery	CTDC-PARTICIPANT-633772	CTDC-SURGERY-179490	salus_in_arduis	923	scientia_et_labor	Yes	nascentes_morimur_finisque_ab_origine_pendet	saltus_in_demonstrando	scientia_et_labor
surgery	CTDC-PARTICIPANT-633772	CTDC-SURGERY-537273	pace_tua	556	scientiae_cedit_mare	No	Gallia_est_omnis_divisa_in_partes_tres	scientiae_et_patriae	labor_ipse_voluptas
surgery	CTDC-PARTICIPANT-493890	CTDC-SURGERY-516233	saltus_in_demonstrando	433	Gallia_est_omnis_divisa_in_partes_tres	No	pace_tua	scientia_et_sapientia	nanos_gigantum_humeris_insidentes
surgery	CTDC-PARTICIPANT-493890	CTDC-SURGERY-242117	e_causa_ignota	737	scientiae_et_patriae	No	a_bene_placito	damnant_quod_non_intellegunt	Gallia_est_omnis_divisa_in_partes_tres
surgery	CTDC-PARTICIPANT-375377	CTDC-SURGERY-153750	scientia_et_sapientia	598	scientia_imperii_decus_et_tutamen	No	salus_in_arduis	imperium_in_imperio	scientia_imperii_decus_et_tutamen
surgery	CTDC-PARTICIPANT-375377	CTDC-SURGERY-268043	e_causa_ignota	169	scientiae_et_patriae	No	scientia_et_sapientia	faber_est_suae_quisque_fortunae	barba_crescit_caput_nescit
surgery	CTDC-PARTICIPANT-246889	CTDC-SURGERY-303655	imperium_in_imperio	281	Obedientia_civium_urbis_felicitas	No	Gallia_est_omnis_divisa_in_partes_tres	O_Tite_tute_Tati_tibi_tanta_tyranne_tulisti	scientiae_cedit_mare
surgery	CTDC-PARTICIPANT-246889	CTDC-SURGERY-944585	a_bene_placito	140	e_causa_ignota	No	nanos_gigantum_humeris_insidentes	barba_crescit_caput_nescit	scientiae_cedit_mare
surgery	CTDC-PARTICIPANT-120617	CTDC-SURGERY-817129	scientiae_et_patriae	255	Gallia_est_omnis_divisa_in_partes_tres	No	nanos_gigantum_humeris_insidentes	saltus_in_demonstrando	Obedientia_civium_urbis_felicitas
surgery	CTDC-PARTICIPANT-120617	CTDC-SURGERY-650911	faber_est_suae_quisque_fortunae	855	Macte_animo_Generose_puer_sic_itur_ad_astra	No	Gallia_est_omnis_divisa_in_partes_tres	pace_tua	Gallia_est_omnis_divisa_in_partes_tres
surgery	CTDC-PARTICIPANT-610536	CTDC-SURGERY-716484	damnant_quod_non_intellegunt	806	scientia_et_labor	No	pace_tua	barba_crescit_caput_nescit	nanos_gigantum_humeris_insidentes
surgery	CTDC-PARTICIPANT-610536	CTDC-SURGERY-157996	imperium_in_imperio	695	Macte_animo_Generose_puer_sic_itur_ad_astra	No	Macte_animo_Generose_puer_sic_itur_ad_astra	sapiens_qui_prospicit	salus_in_arduis
surgery	CTDC-PARTICIPANT-463199	CTDC-SURGERY-930599	sapiens_qui_prospicit	739	Obedientia_civium_urbis_felicitas	Yes	pace_tua	nascentes_morimur_finisque_ab_origine_pendet	faber_est_suae_quisque_fortunae
surgery	CTDC-PARTICIPANT-463199	CTDC-SURGERY-994443	nanos_gigantum_humeris_insidentes	104	cacatum_non_est_pictum	No	barba_crescit_caput_nescit	nanos_gigantum_humeris_insidentes	Obedientia_civium_urbis_felicitas
surgery	CTDC-PARTICIPANT-189563	CTDC-SURGERY-815386	a_bene_placito	961	scientia_et_sapientia	Yes	Obedientia_civium_urbis_felicitas	scientia_et_sapientia	saltus_in_demonstrando
surgery	CTDC-PARTICIPANT-189563	CTDC-SURGERY-926767	faber_est_suae_quisque_fortunae	425	scientia_et_sapientia	Yes	haec_olim_meminisse_iuvabit	Macte_animo_Generose_puer_sic_itur_ad_astra	haec_olim_meminisse_iuvabit
surgery	CTDC-PARTICIPANT-300548	CTDC-SURGERY-117628	saltus_in_demonstrando	220	damnant_quod_non_intellegunt	Yes	O_Tite_tute_Tati_tibi_tanta_tyranne_tulisti	nascentes_morimur_finisque_ab_origine_pendet	faber_est_suae_quisque_fortunae
surgery	CTDC-PARTICIPANT-300548	CTDC-SURGERY-297780	scientia_imperii_decus_et_tutamen	931	scientia_et_sapientia	Yes	faber_est_suae_quisque_fortunae	damnant_quod_non_intellegunt	faber_est_suae_quisque_fortunae
surgery	CTDC-PARTICIPANT-780320	CTDC-SURGERY-421159	labor_ipse_voluptas	555	damnant_quod_non_intellegunt	No	pace_tua	barba_crescit_caput_nescit	scientiae_et_patriae
surgery	CTDC-PARTICIPANT-780320	CTDC-SURGERY-243901	labor_ipse_voluptas	698	Macte_animo_Generose_puer_sic_itur_ad_astra	Yes	imperium_in_imperio	barba_crescit_caput_nescit	sapiens_qui_prospicit
surgery	CTDC-PARTICIPANT-644940	CTDC-SURGERY-665663	pace_tua	862	labor_ipse_voluptas	No	nascentes_morimur_finisque_ab_origine_pendet	O_Tite_tute_Tati_tibi_tanta_tyranne_tulisti	nascentes_morimur_finisque_ab_origine_pendet
surgery	CTDC-PARTICIPANT-644940	CTDC-SURGERY-554145	saltus_in_demonstrando	717	id_quod_plerumque_accidit	Yes	haec_olim_meminisse_iuvabit	scientia_et_sapientia	cacatum_non_est_pictum
surgery	CTDC-PARTICIPANT-375479	CTDC-SURGERY-659571	scientiae_cedit_mare	815	imperium_in_imperio	Yes	scientia_et_labor	haec_olim_meminisse_iuvabit	faber_est_suae_quisque_fortunae
surgery	CTDC-PARTICIPANT-375479	CTDC-SURGERY-908233	labor_ipse_voluptas	993	Obedientia_civium_urbis_felicitas	Yes	faber_est_suae_quisque_fortunae	id_quod_plerumque_accidit	scientiae_et_patriae
surgery	CTDC-PARTICIPANT-674055	CTDC-SURGERY-384309	imperium_in_imperio	81	saltus_in_demonstrando	No	scientia_et_sapientia	haec_olim_meminisse_iuvabit	Macte_animo_Generose_puer_sic_itur_ad_astra
surgery	CTDC-PARTICIPANT-674055	CTDC-SURGERY-747019	id_quod_plerumque_accidit	555	saltus_in_demonstrando	Yes	nascentes_morimur_finisque_ab_origine_pendet	saltus_in_demonstrando	scientia_et_sapientia
surgery	CTDC-PARTICIPANT-904775	CTDC-SURGERY-657438	cacatum_non_est_pictum	455	Obedientia_civium_urbis_felicitas	No	Gallia_est_omnis_divisa_in_partes_tres	pace_tua	barba_crescit_caput_nescit
surgery	CTDC-PARTICIPANT-904775	CTDC-SURGERY-210926	imperium_in_imperio	33	Gallia_est_omnis_divisa_in_partes_tres	No	Obedientia_civium_urbis_felicitas	damnant_quod_non_intellegunt	scientiae_cedit_mare
surgery	CTDC-PARTICIPANT-775455	CTDC-SURGERY-259387	Gallia_est_omnis_divisa_in_partes_tres	52	damnant_quod_non_intellegunt	No	Macte_animo_Generose_puer_sic_itur_ad_astra	scientia_et_labor	cacatum_non_est_pictum
surgery	CTDC-PARTICIPANT-775455	CTDC-SURGERY-256137	Macte_animo_Generose_puer_sic_itur_ad_astra	551	Obedientia_civium_urbis_felicitas	No	scientia,_aere_perennius	faber_est_suae_quisque_fortunae	nanos_gigantum_humeris_insidentes
surgery	CTDC-PARTICIPANT-223297	CTDC-SURGERY-657288	haec_olim_meminisse_iuvabit	924	nascentes_morimur_finisque_ab_origine_pendet	Yes	haec_olim_meminisse_iuvabit	nanos_gigantum_humeris_insidentes	e_causa_ignota
surgery	CTDC-PARTICIPANT-223297	CTDC-SURGERY-362946	imperium_in_imperio	676	barba_crescit_caput_nescit	Yes	O_Tite_tute_Tati_tibi_tanta_tyranne_tulisti	imperium_in_imperio	scientia,_aere_perennius
surgery	CTDC-PARTICIPANT-904152	CTDC-SURGERY-768094	scientiae_cedit_mare	597	nanos_gigantum_humeris_insidentes	No	nanos_gigantum_humeris_insidentes	O_Tite_tute_Tati_tibi_tanta_tyranne_tulisti	cacatum_non_est_pictum
surgery	CTDC-PARTICIPANT-904152	CTDC-SURGERY-847812	Gallia_est_omnis_divisa_in_partes_tres	199	a_bene_placito	No	scientia_et_labor	scientia,_aere_perennius	id_quod_plerumque_accidit
surgery	CTDC-PARTICIPANT-820769	CTDC-SURGERY-520621	Gallia_est_omnis_divisa_in_partes_tres	26	cacatum_non_est_pictum	No	Obedientia_civium_urbis_felicitas	barba_crescit_caput_nescit	O_Tite_tute_Tati_tibi_tanta_tyranne_tulisti
surgery	CTDC-PARTICIPANT-820769	CTDC-SURGERY-211584	faber_est_suae_quisque_fortunae	953	faber_est_suae_quisque_fortunae	No	pace_tua	damnant_quod_non_intellegunt	id_quod_plerumque_accidit
surgery	CTDC-PARTICIPANT-100717	CTDC-SURGERY-272556	scientia_imperii_decus_et_tutamen	728	sapiens_qui_prospicit	Yes	id_quod_plerumque_accidit	Macte_animo_Generose_puer_sic_itur_ad_astra	cacatum_non_est_pictum
surgery	CTDC-PARTICIPANT-100717	CTDC-SURGERY-691865	nascentes_morimur_finisque_ab_origine_pendet	192	Gallia_est_omnis_divisa_in_partes_tres	No	id_quod_plerumque_accidit	a_bene_placito	damnant_quod_non_intellegunt
surgery	CTDC-PARTICIPANT-530796	CTDC-SURGERY-622834	scientia,_aere_perennius	788	pace_tua	No	scientia_imperii_decus_et_tutamen	sapiens_qui_prospicit	Macte_animo_Generose_puer_sic_itur_ad_astra
surgery	CTDC-PARTICIPANT-530796	CTDC-SURGERY-439988	O_Tite_tute_Tati_tibi_tanta_tyranne_tulisti	467	sapiens_qui_prospicit	Yes	faber_est_suae_quisque_fortunae	damnant_quod_non_intellegunt	imperium_in_imperio
surgery	CTDC-PARTICIPANT-347705	CTDC-SURGERY-102957	O_Tite_tute_Tati_tibi_tanta_tyranne_tulisti	148	Gallia_est_omnis_divisa_in_partes_tres	No	scientia_imperii_decus_et_tutamen	scientia_imperii_decus_et_tutamen	a_bene_placito
surgery	CTDC-PARTICIPANT-347705	CTDC-SURGERY-566271	scientia_et_labor	870	scientia,_aere_perennius	No	cacatum_non_est_pictum	cacatum_non_est_pictum	nascentes_morimur_finisque_ab_origine_pendet
surgery	CTDC-PARTICIPANT-211357	CTDC-SURGERY-629736	Obedientia_civium_urbis_felicitas	113	scientia_et_sapientia	No	id_quod_plerumque_accidit	damnant_quod_non_intellegunt	labor_ipse_voluptas
surgery	CTDC-PARTICIPANT-211357	CTDC-SURGERY-921048	haec_olim_meminisse_iuvabit	322	Obedientia_civium_urbis_felicitas	Yes	salus_in_arduis	imperium_in_imperio	salus_in_arduis
surgery	CTDC-PARTICIPANT-189490	CTDC-SURGERY-553535	faber_est_suae_quisque_fortunae	66	scientia_et_sapientia	Yes	id_quod_plerumque_accidit	nanos_gigantum_humeris_insidentes	damnant_quod_non_intellegunt
surgery	CTDC-PARTICIPANT-189490	CTDC-SURGERY-455648	cacatum_non_est_pictum	780	scientia_et_labor	Yes	saltus_in_demonstrando	pace_tua	scientia_et_sapientia
surgery	CTDC-PARTICIPANT-564731	CTDC-SURGERY-748473	salus_in_arduis	648	damnant_quod_non_intellegunt	No	salus_in_arduis	imperium_in_imperio	O_Tite_tute_Tati_tibi_tanta_tyranne_tulisti
surgery	CTDC-PARTICIPANT-564731	CTDC-SURGERY-309699	id_quod_plerumque_accidit	484	id_quod_plerumque_accidit	Yes	scientia_et_labor	haec_olim_meminisse_iuvabit	Obedientia_civium_urbis_felicitas
surgery	CTDC-PARTICIPANT-193514	CTDC-SURGERY-549341	cacatum_non_est_pictum	378	Gallia_est_omnis_divisa_in_partes_tres	No	Macte_animo_Generose_puer_sic_itur_ad_astra	cacatum_non_est_pictum	a_bene_placito
surgery	CTDC-PARTICIPANT-193514	CTDC-SURGERY-169343	barba_crescit_caput_nescit	377	scientia_imperii_decus_et_tutamen	No	O_Tite_tute_Tati_tibi_tanta_tyranne_tulisti	scientia_imperii_decus_et_tutamen	imperium_in_imperio
surgery	CTDC-PARTICIPANT-222593	CTDC-SURGERY-425406	haec_olim_meminisse_iuvabit	644	haec_olim_meminisse_iuvabit	Yes	nascentes_morimur_finisque_ab_origine_pendet	barba_crescit_caput_nescit	salus_in_arduis
surgery	CTDC-PARTICIPANT-222593	CTDC-SURGERY-309005	haec_olim_meminisse_iuvabit	852	haec_olim_meminisse_iuvabit	No	damnant_quod_non_intellegunt	e_causa_ignota	scientia_et_labor
surgery	CTDC-PARTICIPANT-351331	CTDC-SURGERY-271221	scientia_imperii_decus_et_tutamen	664	scientiae_cedit_mare	No	nascentes_morimur_finisque_ab_origine_pendet	scientia_et_sapientia	saltus_in_demonstrando
surgery	CTDC-PARTICIPANT-351331	CTDC-SURGERY-200173	Gallia_est_omnis_divisa_in_partes_tres	768	barba_crescit_caput_nescit	Yes	saltus_in_demonstrando	salus_in_arduis	Macte_animo_Generose_puer_sic_itur_ad_astra
surgery	CTDC-PARTICIPANT-421805	CTDC-SURGERY-692310	imperium_in_imperio	970	scientia_imperii_decus_et_tutamen	Yes	scientia,_aere_perennius	saltus_in_demonstrando	haec_olim_meminisse_iuvabit
surgery	CTDC-PARTICIPANT-421805	CTDC-SURGERY-807587	Macte_animo_Generose_puer_sic_itur_ad_astra	61	e_causa_ignota	Yes	faber_est_suae_quisque_fortunae	imperium_in_imperio	scientia_et_labor
surgery	CTDC-PARTICIPANT-361329	CTDC-SURGERY-208923	a_bene_placito	665	Gallia_est_omnis_divisa_in_partes_tres	Yes	pace_tua	Obedientia_civium_urbis_felicitas	nanos_gigantum_humeris_insidentes
surgery	CTDC-PARTICIPANT-361329	CTDC-SURGERY-948115	e_causa_ignota	430	imperium_in_imperio	No	scientiae_cedit_mare	saltus_in_demonstrando	a_bene_placito
surgery	CTDC-PARTICIPANT-746900	CTDC-SURGERY-294858	id_quod_plerumque_accidit	490	barba_crescit_caput_nescit	Yes	scientia_imperii_decus_et_tutamen	O_Tite_tute_Tati_tibi_tanta_tyranne_tulisti	Macte_animo_Generose_puer_sic_itur_ad_astra
surgery	CTDC-PARTICIPANT-746900	CTDC-SURGERY-568609	nascentes_morimur_finisque_ab_origine_pendet	118	imperium_in_imperio	No	Macte_animo_Generose_puer_sic_itur_ad_astra	nanos_gigantum_humeris_insidentes	barba_crescit_caput_nescit
surgery	CTDC-PARTICIPANT-732378	CTDC-SURGERY-567814	imperium_in_imperio	295	scientia_imperii_decus_et_tutamen	No	scientiae_cedit_mare	imperium_in_imperio	scientiae_cedit_mare
surgery	CTDC-PARTICIPANT-732378	CTDC-SURGERY-873422	Gallia_est_omnis_divisa_in_partes_tres	977	e_causa_ignota	Yes	e_causa_ignota	pace_tua	sapiens_qui_prospicit
surgery	CTDC-PARTICIPANT-531870	CTDC-SURGERY-630202	scientia_et_sapientia	277	scientia_imperii_decus_et_tutamen	Yes	Obedientia_civium_urbis_felicitas	scientia_imperii_decus_et_tutamen	Macte_animo_Generose_puer_sic_itur_ad_astra
surgery	CTDC-PARTICIPANT-531870	CTDC-SURGERY-131803	Obedientia_civium_urbis_felicitas	969	pace_tua	Yes	imperium_in_imperio	scientia,_aere_perennius	scientia_et_labor
surgery	CTDC-PARTICIPANT-481101	CTDC-SURGERY-918053	O_Tite_tute_Tati_tibi_tanta_tyranne_tulisti	25	Obedientia_civium_urbis_felicitas	Yes	a_bene_placito	scientia_et_labor	scientia_et_labor
surgery	CTDC-PARTICIPANT-481101	CTDC-SURGERY-473435	scientia_et_labor	53	cacatum_non_est_pictum	No	O_Tite_tute_Tati_tibi_tanta_tyranne_tulisti	haec_olim_meminisse_iuvabit	salus_in_arduis
surgery	CTDC-PARTICIPANT-297700	CTDC-SURGERY-910196	faber_est_suae_quisque_fortunae	145	Macte_animo_Generose_puer_sic_itur_ad_astra	Yes	scientia_et_sapientia	scientiae_et_patriae	O_Tite_tute_Tati_tibi_tanta_tyranne_tulisti
surgery	CTDC-PARTICIPANT-297700	CTDC-SURGERY-786912	barba_crescit_caput_nescit	447	id_quod_plerumque_accidit	No	pace_tua	Gallia_est_omnis_divisa_in_partes_tres	a_bene_placito
surgery	CTDC-PARTICIPANT-497492	CTDC-SURGERY-969210	scientia_et_sapientia	796	a_bene_placito	No	scientia_imperii_decus_et_tutamen	e_causa_ignota	Gallia_est_omnis_divisa_in_partes_tres
surgery	CTDC-PARTICIPANT-497492	CTDC-SURGERY-843710	haec_olim_meminisse_iuvabit	819	nanos_gigantum_humeris_insidentes	No	barba_crescit_caput_nescit	id_quod_plerumque_accidit	cacatum_non_est_pictum
surgery	CTDC-PARTICIPANT-269881	CTDC-SURGERY-985004	scientia,_aere_perennius	931	nanos_gigantum_humeris_insidentes	No	Gallia_est_omnis_divisa_in_partes_tres	O_Tite_tute_Tati_tibi_tanta_tyranne_tulisti	faber_est_suae_quisque_fortunae
surgery	CTDC-PARTICIPANT-269881	CTDC-SURGERY-774431	scientia_et_labor	847	faber_est_suae_quisque_fortunae	Yes	cacatum_non_est_pictum	scientia_et_sapientia	salus_in_arduis
surgery	CTDC-PARTICIPANT-723308	CTDC-SURGERY-540886	haec_olim_meminisse_iuvabit	287	scientiae_cedit_mare	Yes	e_causa_ignota	Gallia_est_omnis_divisa_in_partes_tres	scientia_et_labor
surgery	CTDC-PARTICIPANT-723308	CTDC-SURGERY-488374	labor_ipse_voluptas	256	imperium_in_imperio	Yes	id_quod_plerumque_accidit	imperium_in_imperio	nascentes_morimur_finisque_ab_origine_pendet
surgery	CTDC-PARTICIPANT-424640	CTDC-SURGERY-170521	scientia_et_labor	847	salus_in_arduis	Yes	sapiens_qui_prospicit	faber_est_suae_quisque_fortunae	saltus_in_demonstrando
surgery	CTDC-PARTICIPANT-424640	CTDC-SURGERY-421954	scientiae_cedit_mare	31	id_quod_plerumque_accidit	No	Macte_animo_Generose_puer_sic_itur_ad_astra	scientiae_et_patriae	faber_est_suae_quisque_fortunae
surgery	CTDC-PARTICIPANT-979936	CTDC-SURGERY-202565	imperium_in_imperio	107	id_quod_plerumque_accidit	No	id_quod_plerumque_accidit	nanos_gigantum_humeris_insidentes	salus_in_arduis
surgery	CTDC-PARTICIPANT-979936	CTDC-SURGERY-924225	labor_ipse_voluptas	121	scientia,_aere_perennius	No	O_Tite_tute_Tati_tibi_tanta_tyranne_tulisti	Obedientia_civium_urbis_felicitas	cacatum_non_est_pictum
surgery	CTDC-PARTICIPANT-430785	CTDC-SURGERY-856668	e_causa_ignota	464	scientia_et_sapientia	No	a_bene_placito	imperium_in_imperio	id_quod_plerumque_accidit
surgery	CTDC-PARTICIPANT-430785	CTDC-SURGERY-141734	scientia_imperii_decus_et_tutamen	518	scientiae_et_patriae	No	sapiens_qui_prospicit	damnant_quod_non_intellegunt	imperium_in_imperio
surgery	CTDC-PARTICIPANT-187182	CTDC-SURGERY-240316	Gallia_est_omnis_divisa_in_partes_tres	749	cacatum_non_est_pictum	Yes	pace_tua	id_quod_plerumque_accidit	scientia_et_sapientia
surgery	CTDC-PARTICIPANT-187182	CTDC-SURGERY-451455	saltus_in_demonstrando	322	imperium_in_imperio	No	nascentes_morimur_finisque_ab_origine_pendet	scientia_et_sapientia	imperium_in_imperio
surgery	CTDC-PARTICIPANT-775195	CTDC-SURGERY-718297	saltus_in_demonstrando	790	pace_tua	No	scientia_imperii_decus_et_tutamen	scientia_imperii_decus_et_tutamen	barba_crescit_caput_nescit
surgery	CTDC-PARTICIPANT-775195	CTDC-SURGERY-706252	barba_crescit_caput_nescit	793	scientia_et_sapientia	Yes	scientia_imperii_decus_et_tutamen	imperium_in_imperio	scientia_et_labor
surgery	CTDC-PARTICIPANT-218434	CTDC-SURGERY-707005	haec_olim_meminisse_iuvabit	636	O_Tite_tute_Tati_tibi_tanta_tyranne_tulisti	No	haec_olim_meminisse_iuvabit	a_bene_placito	scientiae_cedit_mare
surgery	CTDC-PARTICIPANT-218434	CTDC-SURGERY-626327	a_bene_placito	576	e_causa_ignota	Yes	e_causa_ignota	nascentes_morimur_finisque_ab_origine_pendet	barba_crescit_caput_nescit
surgery	CTDC-PARTICIPANT-466545	CTDC-SURGERY-961201	O_Tite_tute_Tati_tibi_tanta_tyranne_tulisti	620	nanos_gigantum_humeris_insidentes	Yes	O_Tite_tute_Tati_tibi_tanta_tyranne_tulisti	cacatum_non_est_pictum	damnant_quod_non_intellegunt
surgery	CTDC-PARTICIPANT-466545	CTDC-SURGERY-714546	sapiens_qui_prospicit	207	scientia_et_labor	No	id_quod_plerumque_accidit	Obedientia_civium_urbis_felicitas	a_bene_placito
surgery	CTDC-PARTICIPANT-104195	CTDC-SURGERY-163155	scientia_imperii_decus_et_tutamen	963	scientia,_aere_perennius	No	Obedientia_civium_urbis_felicitas	Obedientia_civium_urbis_felicitas	Obedientia_civium_urbis_felicitas
surgery	CTDC-PARTICIPANT-104195	CTDC-SURGERY-127607	haec_olim_meminisse_iuvabit	274	id_quod_plerumque_accidit	No	Macte_animo_Generose_puer_sic_itur_ad_astra	barba_crescit_caput_nescit	id_quod_plerumque_accidit
surgery	CTDC-PARTICIPANT-771057	CTDC-SURGERY-281905	e_causa_ignota	812	imperium_in_imperio	Yes	O_Tite_tute_Tati_tibi_tanta_tyranne_tulisti	pace_tua	salus_in_arduis
surgery	CTDC-PARTICIPANT-771057	CTDC-SURGERY-199196	haec_olim_meminisse_iuvabit	197	id_quod_plerumque_accidit	No	haec_olim_meminisse_iuvabit	nascentes_morimur_finisque_ab_origine_pendet	nascentes_morimur_finisque_ab_origine_pendet
surgery	CTDC-PARTICIPANT-638471	CTDC-SURGERY-743347	haec_olim_meminisse_iuvabit	217	Gallia_est_omnis_divisa_in_partes_tres	Yes	haec_olim_meminisse_iuvabit	pace_tua	O_Tite_tute_Tati_tibi_tanta_tyranne_tulisti
surgery	CTDC-PARTICIPANT-638471	CTDC-SURGERY-313287	cacatum_non_est_pictum	706	e_causa_ignota	No	O_Tite_tute_Tati_tibi_tanta_tyranne_tulisti	Macte_animo_Generose_puer_sic_itur_ad_astra	Gallia_est_omnis_divisa_in_partes_tres
surgery	CTDC-PARTICIPANT-326543	CTDC-SURGERY-634825	nascentes_morimur_finisque_ab_origine_pendet	213	scientiae_cedit_mare	Yes	Gallia_est_omnis_divisa_in_partes_tres	labor_ipse_voluptas	faber_est_suae_quisque_fortunae
surgery	CTDC-PARTICIPANT-326543	CTDC-SURGERY-437932	Gallia_est_omnis_divisa_in_partes_tres	994	e_causa_ignota	No	a_bene_placito	e_causa_ignota	O_Tite_tute_Tati_tibi_tanta_tyranne_tulisti
surgery	CTDC-PARTICIPANT-740425	CTDC-SURGERY-966370	imperium_in_imperio	630	scientiae_et_patriae	Yes	pace_tua	cacatum_non_est_pictum	scientiae_cedit_mare
surgery	CTDC-PARTICIPANT-740425	CTDC-SURGERY-380986	scientia_et_labor	83	haec_olim_meminisse_iuvabit	Yes	Gallia_est_omnis_divisa_in_partes_tres	scientiae_et_patriae	faber_est_suae_quisque_fortunae
surgery	CTDC-PARTICIPANT-417314	CTDC-SURGERY-380089	scientia_et_sapientia	350	scientiae_et_patriae	Yes	haec_olim_meminisse_iuvabit	cacatum_non_est_pictum	Gallia_est_omnis_divisa_in_partes_tres
surgery	CTDC-PARTICIPANT-417314	CTDC-SURGERY-939835	id_quod_plerumque_accidit	976	damnant_quod_non_intellegunt	Yes	damnant_quod_non_intellegunt	nascentes_morimur_finisque_ab_origine_pendet	Obedientia_civium_urbis_felicitas
surgery	CTDC-PARTICIPANT-286905	CTDC-SURGERY-725697	scientiae_et_patriae	936	barba_crescit_caput_nescit	No	damnant_quod_non_intellegunt	scientiae_cedit_mare	imperium_in_imperio
surgery	CTDC-PARTICIPANT-286905	CTDC-SURGERY-269905	nascentes_morimur_finisque_ab_origine_pendet	939	labor_ipse_voluptas	No	O_Tite_tute_Tati_tibi_tanta_tyranne_tulisti	Gallia_est_omnis_divisa_in_partes_tres	Macte_animo_Generose_puer_sic_itur_ad_astra
surgery	CTDC-PARTICIPANT-572079	CTDC-SURGERY-460165	scientiae_cedit_mare	550	scientia,_aere_perennius	No	labor_ipse_voluptas	scientia_imperii_decus_et_tutamen	pace_tua
surgery	CTDC-PARTICIPANT-572079	CTDC-SURGERY-225451	labor_ipse_voluptas	542	scientia_imperii_decus_et_tutamen	Yes	sapiens_qui_prospicit	damnant_quod_non_intellegunt	haec_olim_meminisse_iuvabit
surgery	CTDC-PARTICIPANT-808455	CTDC-SURGERY-925077	sapiens_qui_prospicit	851	faber_est_suae_quisque_fortunae	No	Macte_animo_Generose_puer_sic_itur_ad_astra	labor_ipse_voluptas	nanos_gigantum_humeris_insidentes
surgery	CTDC-PARTICIPANT-808455	CTDC-SURGERY-566313	nascentes_morimur_finisque_ab_origine_pendet	582	cacatum_non_est_pictum	Yes	scientiae_cedit_mare	O_Tite_tute_Tati_tibi_tanta_tyranne_tulisti	nanos_gigantum_humeris_insidentes
surgery	CTDC-PARTICIPANT-557622	CTDC-SURGERY-710142	damnant_quod_non_intellegunt	590	nanos_gigantum_humeris_insidentes	Yes	saltus_in_demonstrando	Gallia_est_omnis_divisa_in_partes_tres	nascentes_morimur_finisque_ab_origine_pendet
surgery	CTDC-PARTICIPANT-557622	CTDC-SURGERY-390321	a_bene_placito	483	a_bene_placito	Yes	scientia_et_labor	sapiens_qui_prospicit	e_causa_ignota
surgery	CTDC-PARTICIPANT-143098	CTDC-SURGERY-530823	Gallia_est_omnis_divisa_in_partes_tres	153	faber_est_suae_quisque_fortunae	No	e_causa_ignota	Obedientia_civium_urbis_felicitas	nascentes_morimur_finisque_ab_origine_pendet
surgery	CTDC-PARTICIPANT-143098	CTDC-SURGERY-958662	scientiae_et_patriae	909	nascentes_morimur_finisque_ab_origine_pendet	Yes	O_Tite_tute_Tati_tibi_tanta_tyranne_tulisti	nascentes_morimur_finisque_ab_origine_pendet	scientiae_et_patriae
surgery	CTDC-PARTICIPANT-134668	CTDC-SURGERY-434381	a_bene_placito	474	scientia_imperii_decus_et_tutamen	Yes	id_quod_plerumque_accidit	nascentes_morimur_finisque_ab_origine_pendet	nanos_gigantum_humeris_insidentes
surgery	CTDC-PARTICIPANT-134668	CTDC-SURGERY-543747	scientia_imperii_decus_et_tutamen	554	scientiae_et_patriae	Yes	damnant_quod_non_intellegunt	pace_tua	Gallia_est_omnis_divisa_in_partes_tres
surgery	CTDC-PARTICIPANT-249904	CTDC-SURGERY-680361	salus_in_arduis	756	barba_crescit_caput_nescit	No	salus_in_arduis	id_quod_plerumque_accidit	e_causa_ignota
surgery	CTDC-PARTICIPANT-249904	CTDC-SURGERY-323751	saltus_in_demonstrando	664	scientia_et_labor	Yes	scientiae_cedit_mare	haec_olim_meminisse_iuvabit	nanos_gigantum_humeris_insidentes
surgery	CTDC-PARTICIPANT-561546	CTDC-SURGERY-201710	Macte_animo_Generose_puer_sic_itur_ad_astra	75	sapiens_qui_prospicit	No	pace_tua	scientia_imperii_decus_et_tutamen	haec_olim_meminisse_iuvabit
surgery	CTDC-PARTICIPANT-561546	CTDC-SURGERY-457771	scientia_et_labor	976	imperium_in_imperio	No	scientiae_et_patriae	sapiens_qui_prospicit	nascentes_morimur_finisque_ab_origine_pendet
surgery	CTDC-PARTICIPANT-995178	CTDC-SURGERY-381727	damnant_quod_non_intellegunt	317	saltus_in_demonstrando	Yes	haec_olim_meminisse_iuvabit	sapiens_qui_prospicit	e_causa_ignota
surgery	CTDC-PARTICIPANT-995178	CTDC-SURGERY-888458	haec_olim_meminisse_iuvabit	743	cacatum_non_est_pictum	No	damnant_quod_non_intellegunt	haec_olim_meminisse_iuvabit	nanos_gigantum_humeris_insidentes
surgery	CTDC-PARTICIPANT-397286	CTDC-SURGERY-190692	scientiae_et_patriae	557	scientia_et_labor	No	scientiae_cedit_mare	Macte_animo_Generose_puer_sic_itur_ad_astra	salus_in_arduis
surgery	CTDC-PARTICIPANT-397286	CTDC-SURGERY-284870	haec_olim_meminisse_iuvabit	427	pace_tua	Yes	sapiens_qui_prospicit	scientia_et_labor	scientia,_aere_perennius
surgery	CTDC-PARTICIPANT-982678	CTDC-SURGERY-488682	damnant_quod_non_intellegunt	635	Macte_animo_Generose_puer_sic_itur_ad_astra	Yes	scientiae_cedit_mare	scientia_et_sapientia	e_causa_ignota
surgery	CTDC-PARTICIPANT-982678	CTDC-SURGERY-849654	sapiens_qui_prospicit	307	scientiae_et_patriae	No	id_quod_plerumque_accidit	scientia,_aere_perennius	scientia_et_labor
surgery	CTDC-PARTICIPANT-486285	CTDC-SURGERY-161776	imperium_in_imperio	744	barba_crescit_caput_nescit	No	Obedientia_civium_urbis_felicitas	haec_olim_meminisse_iuvabit	id_quod_plerumque_accidit
surgery	CTDC-PARTICIPANT-486285	CTDC-SURGERY-377545	scientiae_cedit_mare	221	saltus_in_demonstrando	Yes	scientia_et_sapientia	O_Tite_tute_Tati_tibi_tanta_tyranne_tulisti	e_causa_ignota
surgery	CTDC-PARTICIPANT-760221	CTDC-SURGERY-618538	nanos_gigantum_humeris_insidentes	242	saltus_in_demonstrando	No	scientiae_et_patriae	Gallia_est_omnis_divisa_in_partes_tres	scientia,_aere_perennius
surgery	CTDC-PARTICIPANT-760221	CTDC-SURGERY-194022	sapiens_qui_prospicit	953	scientia_imperii_decus_et_tutamen	No	a_bene_placito	salus_in_arduis	barba_crescit_caput_nescit
surgery	CTDC-PARTICIPANT-605724	CTDC-SURGERY-829743	scientiae_et_patriae	852	scientia_et_sapientia	Yes	id_quod_plerumque_accidit	nanos_gigantum_humeris_insidentes	id_quod_plerumque_accidit
surgery	CTDC-PARTICIPANT-605724	CTDC-SURGERY-525215	haec_olim_meminisse_iuvabit	762	scientia_imperii_decus_et_tutamen	No	scientia_imperii_decus_et_tutamen	labor_ipse_voluptas	e_causa_ignota
surgery	CTDC-PARTICIPANT-133395	CTDC-SURGERY-648357	e_causa_ignota	647	damnant_quod_non_intellegunt	Yes	O_Tite_tute_Tati_tibi_tanta_tyranne_tulisti	scientia_et_labor	pace_tua
surgery	CTDC-PARTICIPANT-133395	CTDC-SURGERY-665118	Obedientia_civium_urbis_felicitas	511	imperium_in_imperio	Yes	barba_crescit_caput_nescit	Gallia_est_omnis_divisa_in_partes_tres	nascentes_morimur_finisque_ab_origine_pendet
surgery	CTDC-PARTICIPANT-715881	CTDC-SURGERY-722898	nanos_gigantum_humeris_insidentes	539	imperium_in_imperio	No	Macte_animo_Generose_puer_sic_itur_ad_astra	damnant_quod_non_intellegunt	scientiae_cedit_mare
surgery	CTDC-PARTICIPANT-715881	CTDC-SURGERY-330635	saltus_in_demonstrando	47	scientia,_aere_perennius	No	scientia_et_sapientia	imperium_in_imperio	scientia_et_sapientia
surgery	CTDC-PARTICIPANT-162973	CTDC-SURGERY-957749	cacatum_non_est_pictum	309	Macte_animo_Generose_puer_sic_itur_ad_astra	Yes	Macte_animo_Generose_puer_sic_itur_ad_astra	Obedientia_civium_urbis_felicitas	scientia_et_sapientia
surgery	CTDC-PARTICIPANT-162973	CTDC-SURGERY-606464	salus_in_arduis	51	labor_ipse_voluptas	No	nanos_gigantum_humeris_insidentes	id_quod_plerumque_accidit	salus_in_arduis
surgery	CTDC-PARTICIPANT-147499	CTDC-SURGERY-823296	Obedientia_civium_urbis_felicitas	360	nanos_gigantum_humeris_insidentes	No	a_bene_placito	nanos_gigantum_humeris_insidentes	Gallia_est_omnis_divisa_in_partes_tres
surgery	CTDC-PARTICIPANT-147499	CTDC-SURGERY-317055	Gallia_est_omnis_divisa_in_partes_tres	971	O_Tite_tute_Tati_tibi_tanta_tyranne_tulisti	Yes	id_quod_plerumque_accidit	imperium_in_imperio	damnant_quod_non_intellegunt
surgery	CTDC-PARTICIPANT-488764	CTDC-SURGERY-399800	O_Tite_tute_Tati_tibi_tanta_tyranne_tulisti	869	scientia_et_labor	Yes	nanos_gigantum_humeris_insidentes	imperium_in_imperio	scientiae_et_patriae
surgery	CTDC-PARTICIPANT-488764	CTDC-SURGERY-849064	scientia_imperii_decus_et_tutamen	478	scientiae_cedit_mare	Yes	pace_tua	imperium_in_imperio	scientiae_et_patriae
surgery	CTDC-PARTICIPANT-440554	CTDC-SURGERY-399609	faber_est_suae_quisque_fortunae	571	saltus_in_demonstrando	Yes	labor_ipse_voluptas	scientia_et_labor	scientia,_aere_perennius
surgery	CTDC-PARTICIPANT-440554	CTDC-SURGERY-650086	Obedientia_civium_urbis_felicitas	789	Gallia_est_omnis_divisa_in_partes_tres	Yes	labor_ipse_voluptas	Obedientia_civium_urbis_felicitas	scientia_et_labor
surgery	CTDC-PARTICIPANT-955724	CTDC-SURGERY-259727	scientia_et_labor	873	nanos_gigantum_humeris_insidentes	Yes	Macte_animo_Generose_puer_sic_itur_ad_astra	cacatum_non_est_pictum	scientia,_aere_perennius
surgery	CTDC-PARTICIPANT-955724	CTDC-SURGERY-889740	O_Tite_tute_Tati_tibi_tanta_tyranne_tulisti	273	scientiae_et_patriae	Yes	scientiae_cedit_mare	salus_in_arduis	haec_olim_meminisse_iuvabit
surgery	CTDC-PARTICIPANT-720714	CTDC-SURGERY-586977	scientia_imperii_decus_et_tutamen	879	scientia_imperii_decus_et_tutamen	Yes	nascentes_morimur_finisque_ab_origine_pendet	scientiae_et_patriae	e_causa_ignota
surgery	CTDC-PARTICIPANT-720714	CTDC-SURGERY-107747	cacatum_non_est_pictum	375	salus_in_arduis	Yes	salus_in_arduis	cacatum_non_est_pictum	scientia_et_sapientia
surgery	CTDC-PARTICIPANT-768215	CTDC-SURGERY-294001	haec_olim_meminisse_iuvabit	390	haec_olim_meminisse_iuvabit	No	damnant_quod_non_intellegunt	scientiae_et_patriae	Macte_animo_Generose_puer_sic_itur_ad_astra
surgery	CTDC-PARTICIPANT-768215	CTDC-SURGERY-301055	pace_tua	828	scientia,_aere_perennius	Yes	salus_in_arduis	sapiens_qui_prospicit	Gallia_est_omnis_divisa_in_partes_tres
surgery	CTDC-PARTICIPANT-751705	CTDC-SURGERY-325888	haec_olim_meminisse_iuvabit	366	saltus_in_demonstrando	No	scientiae_cedit_mare	haec_olim_meminisse_iuvabit	labor_ipse_voluptas
surgery	CTDC-PARTICIPANT-751705	CTDC-SURGERY-482610	nascentes_morimur_finisque_ab_origine_pendet	886	Obedientia_civium_urbis_felicitas	No	sapiens_qui_prospicit	scientiae_et_patriae	labor_ipse_voluptas
surgery	CTDC-PARTICIPANT-617152	CTDC-SURGERY-484235	scientia_et_sapientia	774	salus_in_arduis	No	saltus_in_demonstrando	faber_est_suae_quisque_fortunae	cacatum_non_est_pictum
surgery	CTDC-PARTICIPANT-617152	CTDC-SURGERY-618372	e_causa_ignota	14	sapiens_qui_prospicit	Yes	barba_crescit_caput_nescit	nanos_gigantum_humeris_insidentes	O_Tite_tute_Tati_tibi_tanta_tyranne_tulisti
surgery	CTDC-PARTICIPANT-673936	CTDC-SURGERY-999371	scientia_et_labor	914	faber_est_suae_quisque_fortunae	Yes	a_bene_placito	Gallia_est_omnis_divisa_in_partes_tres	labor_ipse_voluptas
surgery	CTDC-PARTICIPANT-673936	CTDC-SURGERY-559535	saltus_in_demonstrando	694	nascentes_morimur_finisque_ab_origine_pendet	No	pace_tua	scientia_et_sapientia	id_quod_plerumque_accidit
surgery	CTDC-PARTICIPANT-638049	CTDC-SURGERY-244648	haec_olim_meminisse_iuvabit	926	scientiae_cedit_mare	Yes	sapiens_qui_prospicit	e_causa_ignota	nascentes_morimur_finisque_ab_origine_pendet
surgery	CTDC-PARTICIPANT-638049	CTDC-SURGERY-933790	id_quod_plerumque_accidit	920	barba_crescit_caput_nescit	No	O_Tite_tute_Tati_tibi_tanta_tyranne_tulisti	cacatum_non_est_pictum	e_causa_ignota
surgery	CTDC-PARTICIPANT-243483	CTDC-SURGERY-911694	salus_in_arduis	686	Macte_animo_Generose_puer_sic_itur_ad_astra	Yes	O_Tite_tute_Tati_tibi_tanta_tyranne_tulisti	Gallia_est_omnis_divisa_in_partes_tres	id_quod_plerumque_accidit
surgery	CTDC-PARTICIPANT-243483	CTDC-SURGERY-201973	salus_in_arduis	581	a_bene_placito	Yes	Obedientia_civium_urbis_felicitas	salus_in_arduis	pace_tua
surgery	CTDC-PARTICIPANT-229353	CTDC-SURGERY-601817	scientia_et_labor	430	sapiens_qui_prospicit	No	scientia_imperii_decus_et_tutamen	haec_olim_meminisse_iuvabit	damnant_quod_non_intellegunt
surgery	CTDC-PARTICIPANT-229353	CTDC-SURGERY-229032	faber_est_suae_quisque_fortunae	681	Gallia_est_omnis_divisa_in_partes_tres	No	Obedientia_civium_urbis_felicitas	nascentes_morimur_finisque_ab_origine_pendet	a_bene_placito
surgery	CTDC-PARTICIPANT-762989	CTDC-SURGERY-432406	scientia_et_labor	768	a_bene_placito	No	sapiens_qui_prospicit	nascentes_morimur_finisque_ab_origine_pendet	scientia,_aere_perennius
surgery	CTDC-PARTICIPANT-762989	CTDC-SURGERY-404253	scientia_et_labor	26	scientia,_aere_perennius	Yes	pace_tua	scientiae_et_patriae	nanos_gigantum_humeris_insidentes
surgery	CTDC-PARTICIPANT-131155	CTDC-SURGERY-755752	barba_crescit_caput_nescit	355	Gallia_est_omnis_divisa_in_partes_tres	No	haec_olim_meminisse_iuvabit	saltus_in_demonstrando	e_causa_ignota
surgery	CTDC-PARTICIPANT-131155	CTDC-SURGERY-932382	scientia,_aere_perennius	334	a_bene_placito	No	O_Tite_tute_Tati_tibi_tanta_tyranne_tulisti	scientiae_cedit_mare	saltus_in_demonstrando
surgery	CTDC-PARTICIPANT-523004	CTDC-SURGERY-211471	barba_crescit_caput_nescit	366	labor_ipse_voluptas	Yes	scientia_et_labor	id_quod_plerumque_accidit	Obedientia_civium_urbis_felicitas
surgery	CTDC-PARTICIPANT-523004	CTDC-SURGERY-772834	scientia_et_sapientia	226	scientia,_aere_perennius	No	salus_in_arduis	nascentes_morimur_finisque_ab_origine_pendet	scientia_et_labor
surgery	CTDC-PARTICIPANT-750106	CTDC-SURGERY-727029	salus_in_arduis	471	nascentes_morimur_finisque_ab_origine_pendet	Yes	scientia_et_sapientia	scientia_et_sapientia	Obedientia_civium_urbis_felicitas
surgery	CTDC-PARTICIPANT-750106	CTDC-SURGERY-460618	Macte_animo_Generose_puer_sic_itur_ad_astra	68	imperium_in_imperio	No	salus_in_arduis	nanos_gigantum_humeris_insidentes	scientia_imperii_decus_et_tutamen
surgery	CTDC-PARTICIPANT-967360	CTDC-SURGERY-547398	scientia_et_sapientia	792	sapiens_qui_prospicit	Yes	nascentes_morimur_finisque_ab_origine_pendet	scientiae_cedit_mare	cacatum_non_est_pictum
surgery	CTDC-PARTICIPANT-967360	CTDC-SURGERY-677631	id_quod_plerumque_accidit	569	Gallia_est_omnis_divisa_in_partes_tres	Yes	scientia_et_sapientia	e_causa_ignota	scientia_et_labor
surgery	CTDC-PARTICIPANT-819569	CTDC-SURGERY-450700	saltus_in_demonstrando	742	imperium_in_imperio	Yes	scientiae_cedit_mare	barba_crescit_caput_nescit	Macte_animo_Generose_puer_sic_itur_ad_astra
surgery	CTDC-PARTICIPANT-819569	CTDC-SURGERY-273418	nanos_gigantum_humeris_insidentes	65	nascentes_morimur_finisque_ab_origine_pendet	Yes	nascentes_morimur_finisque_ab_origine_pendet	pace_tua	barba_crescit_caput_nescit
surgery	CTDC-PARTICIPANT-966776	CTDC-SURGERY-320189	nascentes_morimur_finisque_ab_origine_pendet	682	scientiae_cedit_mare	Yes	nanos_gigantum_humeris_insidentes	Macte_animo_Generose_puer_sic_itur_ad_astra	cacatum_non_est_pictum
surgery	CTDC-PARTICIPANT-966776	CTDC-SURGERY-940377	nascentes_morimur_finisque_ab_origine_pendet	255	Obedientia_civium_urbis_felicitas	No	sapiens_qui_prospicit	scientia,_aere_perennius	haec_olim_meminisse_iuvabit
surgery	CTDC-PARTICIPANT-459398	CTDC-SURGERY-153228	labor_ipse_voluptas	701	scientia_et_sapientia	Yes	faber_est_suae_quisque_fortunae	a_bene_placito	scientia_imperii_decus_et_tutamen
surgery	CTDC-PARTICIPANT-459398	CTDC-SURGERY-519426	saltus_in_demonstrando	769	imperium_in_imperio	Yes	scientia,_aere_perennius	scientia,_aere_perennius	imperium_in_imperio
surgery	CTDC-PARTICIPANT-899637	CTDC-SURGERY-387771	id_quod_plerumque_accidit	715	scientiae_cedit_mare	Yes	haec_olim_meminisse_iuvabit	Macte_animo_Generose_puer_sic_itur_ad_astra	scientiae_cedit_mare
surgery	CTDC-PARTICIPANT-899637	CTDC-SURGERY-334229	O_Tite_tute_Tati_tibi_tanta_tyranne_tulisti	841	scientia_et_labor	Yes	sapiens_qui_prospicit	scientia_et_labor	e_causa_ignota
surgery	CTDC-PARTICIPANT-439845	CTDC-SURGERY-780780	e_causa_ignota	485	scientia_et_sapientia	Yes	Obedientia_civium_urbis_felicitas	saltus_in_demonstrando	labor_ipse_voluptas
surgery	CTDC-PARTICIPANT-439845	CTDC-SURGERY-582705	O_Tite_tute_Tati_tibi_tanta_tyranne_tulisti	329	id_quod_plerumque_accidit	No	scientia_et_sapientia	e_causa_ignota	scientia_et_sapientia
surgery	CTDC-PARTICIPANT-363603	CTDC-SURGERY-344586	scientiae_cedit_mare	510	faber_est_suae_quisque_fortunae	No	damnant_quod_non_intellegunt	labor_ipse_voluptas	haec_olim_meminisse_iuvabit
surgery	CTDC-PARTICIPANT-363603	CTDC-SURGERY-772204	nascentes_morimur_finisque_ab_origine_pendet	54	labor_ipse_voluptas	No	cacatum_non_est_pictum	Macte_animo_Generose_puer_sic_itur_ad_astra	barba_crescit_caput_nescit
surgery	CTDC-PARTICIPANT-853905	CTDC-SURGERY-201670	imperium_in_imperio	279	scientia,_aere_perennius	Yes	Obedientia_civium_urbis_felicitas	sapiens_qui_prospicit	haec_olim_meminisse_iuvabit
surgery	CTDC-PARTICIPANT-853905	CTDC-SURGERY-806738	sapiens_qui_prospicit	199	Macte_animo_Generose_puer_sic_itur_ad_astra	No	Macte_animo_Generose_puer_sic_itur_ad_astra	labor_ipse_voluptas	scientia_et_labor
surgery	CTDC-PARTICIPANT-425883	CTDC-SURGERY-668159	barba_crescit_caput_nescit	470	scientia_imperii_decus_et_tutamen	Yes	e_causa_ignota	scientia_et_labor	barba_crescit_caput_nescit
surgery	CTDC-PARTICIPANT-425883	CTDC-SURGERY-138651	scientiae_cedit_mare	822	Macte_animo_Generose_puer_sic_itur_ad_astra	Yes	Obedientia_civium_urbis_felicitas	Macte_animo_Generose_puer_sic_itur_ad_astra	faber_est_suae_quisque_fortunae
surgery	CTDC-PARTICIPANT-942393	CTDC-SURGERY-856614	labor_ipse_voluptas	61	a_bene_placito	No	Gallia_est_omnis_divisa_in_partes_tres	Obedientia_civium_urbis_felicitas	nascentes_morimur_finisque_ab_origine_pendet
surgery	CTDC-PARTICIPANT-942393	CTDC-SURGERY-724332	scientia_imperii_decus_et_tutamen	210	cacatum_non_est_pictum	Yes	nascentes_morimur_finisque_ab_origine_pendet	Obedientia_civium_urbis_felicitas	scientia_et_labor
surgery	CTDC-PARTICIPANT-183144	CTDC-SURGERY-496202	scientia_imperii_decus_et_tutamen	556	O_Tite_tute_Tati_tibi_tanta_tyranne_tulisti	Yes	Obedientia_civium_urbis_felicitas	scientia,_aere_perennius	faber_est_suae_quisque_fortunae
surgery	CTDC-PARTICIPANT-183144	CTDC-SURGERY-301000	faber_est_suae_quisque_fortunae	214	scientiae_et_patriae	Yes	nanos_gigantum_humeris_insidentes	haec_olim_meminisse_iuvabit	a_bene_placito
surgery	CTDC-PARTICIPANT-991837	CTDC-SURGERY-943743	haec_olim_meminisse_iuvabit	468	scientia_imperii_decus_et_tutamen	No	pace_tua	scientiae_et_patriae	barba_crescit_caput_nescit
surgery	CTDC-PARTICIPANT-991837	CTDC-SURGERY-740453	Gallia_est_omnis_divisa_in_partes_tres	177	scientia_et_labor	Yes	faber_est_suae_quisque_fortunae	id_quod_plerumque_accidit	imperium_in_imperio
surgery	CTDC-PARTICIPANT-282457	CTDC-SURGERY-478998	scientia,_aere_perennius	203	O_Tite_tute_Tati_tibi_tanta_tyranne_tulisti	No	a_bene_placito	pace_tua	salus_in_arduis
surgery	CTDC-PARTICIPANT-282457	CTDC-SURGERY-802636	scientia,_aere_perennius	128	e_causa_ignota	Yes	labor_ipse_voluptas	imperium_in_imperio	id_quod_plerumque_accidit
surgery	CTDC-PARTICIPANT-664855	CTDC-SURGERY-347842	barba_crescit_caput_nescit	515	scientia_et_labor	No	nanos_gigantum_humeris_insidentes	id_quod_plerumque_accidit	damnant_quod_non_intellegunt
surgery	CTDC-PARTICIPANT-664855	CTDC-SURGERY-490438	Gallia_est_omnis_divisa_in_partes_tres	758	scientiae_cedit_mare	No	nascentes_morimur_finisque_ab_origine_pendet	Gallia_est_omnis_divisa_in_partes_tres	cacatum_non_est_pictum
surgery	CTDC-PARTICIPANT-215570	CTDC-SURGERY-354743	haec_olim_meminisse_iuvabit	99	a_bene_placito	Yes	scientiae_cedit_mare	nascentes_morimur_finisque_ab_origine_pendet	Macte_animo_Generose_puer_sic_itur_ad_astra
surgery	CTDC-PARTICIPANT-215570	CTDC-SURGERY-700143	Macte_animo_Generose_puer_sic_itur_ad_astra	746	Macte_animo_Generose_puer_sic_itur_ad_astra	No	barba_crescit_caput_nescit	sapiens_qui_prospicit	scientia,_aere_perennius
surgery	CTDC-PARTICIPANT-621186	CTDC-SURGERY-730863	saltus_in_demonstrando	952	faber_est_suae_quisque_fortunae	No	scientia_et_labor	scientia_et_sapientia	a_bene_placito
surgery	CTDC-PARTICIPANT-621186	CTDC-SURGERY-197967	scientia_et_sapientia	361	imperium_in_imperio	Yes	e_causa_ignota	scientia_et_labor	scientia,_aere_perennius
surgery	CTDC-PARTICIPANT-846132	CTDC-SURGERY-625398	O_Tite_tute_Tati_tibi_tanta_tyranne_tulisti	541	Gallia_est_omnis_divisa_in_partes_tres	Yes	id_quod_plerumque_accidit	a_bene_placito	Gallia_est_omnis_divisa_in_partes_tres
surgery	CTDC-PARTICIPANT-846132	CTDC-SURGERY-566041	e_causa_ignota	940	salus_in_arduis	No	scientia_et_labor	scientia_et_sapientia	labor_ipse_voluptas
surgery	CTDC-PARTICIPANT-971098	CTDC-SURGERY-268497	scientia,_aere_perennius	816	a_bene_placito	No	scientiae_et_patriae	a_bene_placito	sapiens_qui_prospicit
surgery	CTDC-PARTICIPANT-971098	CTDC-SURGERY-772529	salus_in_arduis	118	saltus_in_demonstrando	Yes	cacatum_non_est_pictum	scientiae_et_patriae	haec_olim_meminisse_iuvabit
surgery	CTDC-PARTICIPANT-882220	CTDC-SURGERY-564525	nascentes_morimur_finisque_ab_origine_pendet	76	labor_ipse_voluptas	Yes	scientia_et_sapientia	scientiae_et_patriae	scientia_imperii_decus_et_tutamen
surgery	CTDC-PARTICIPANT-882220	CTDC-SURGERY-294726	haec_olim_meminisse_iuvabit	54	a_bene_placito	No	haec_olim_meminisse_iuvabit	a_bene_placito	sapiens_qui_prospicit
surgery	CTDC-PARTICIPANT-761601	CTDC-SURGERY-887526	sapiens_qui_prospicit	768	sapiens_qui_prospicit	Yes	imperium_in_imperio	faber_est_suae_quisque_fortunae	a_bene_placito
surgery	CTDC-PARTICIPANT-761601	CTDC-SURGERY-710705	id_quod_plerumque_accidit	615	salus_in_arduis	Yes	scientia_et_sapientia	barba_crescit_caput_nescit	id_quod_plerumque_accidit
surgery	CTDC-PARTICIPANT-867655	CTDC-SURGERY-519785	Obedientia_civium_urbis_felicitas	382	cacatum_non_est_pictum	Yes	cacatum_non_est_pictum	salus_in_arduis	haec_olim_meminisse_iuvabit
surgery	CTDC-PARTICIPANT-867655	CTDC-SURGERY-441914	e_causa_ignota	217	saltus_in_demonstrando	No	nanos_gigantum_humeris_insidentes	Gallia_est_omnis_divisa_in_partes_tres	scientia_et_labor
surgery	CTDC-PARTICIPANT-991131	CTDC-SURGERY-885642	haec_olim_meminisse_iuvabit	835	e_causa_ignota	No	damnant_quod_non_intellegunt	labor_ipse_voluptas	saltus_in_demonstrando
surgery	CTDC-PARTICIPANT-991131	CTDC-SURGERY-210038	scientia_et_sapientia	396	imperium_in_imperio	Yes	Gallia_est_omnis_divisa_in_partes_tres	id_quod_plerumque_accidit	pace_tua
surgery	CTDC-PARTICIPANT-722790	CTDC-SURGERY-192646	faber_est_suae_quisque_fortunae	657	scientia_et_labor	No	Obedientia_civium_urbis_felicitas	scientia_et_sapientia	nascentes_morimur_finisque_ab_origine_pendet
surgery	CTDC-PARTICIPANT-722790	CTDC-SURGERY-803417	imperium_in_imperio	276	scientia,_aere_perennius	Yes	scientia_imperii_decus_et_tutamen	O_Tite_tute_Tati_tibi_tanta_tyranne_tulisti	scientia_imperii_decus_et_tutamen
surgery	CTDC-PARTICIPANT-716159	CTDC-SURGERY-227626	cacatum_non_est_pictum	694	scientiae_et_patriae	No	Macte_animo_Generose_puer_sic_itur_ad_astra	scientia_et_sapientia	labor_ipse_voluptas
surgery	CTDC-PARTICIPANT-716159	CTDC-SURGERY-413557	scientia_imperii_decus_et_tutamen	174	scientiae_cedit_mare	Yes	damnant_quod_non_intellegunt	Obedientia_civium_urbis_felicitas	Gallia_est_omnis_divisa_in_partes_tres
surgery	CTDC-PARTICIPANT-529222	CTDC-SURGERY-825286	imperium_in_imperio	354	e_causa_ignota	No	imperium_in_imperio	e_causa_ignota	sapiens_qui_prospicit
surgery	CTDC-PARTICIPANT-529222	CTDC-SURGERY-422247	imperium_in_imperio	671	labor_ipse_voluptas	Yes	pace_tua	barba_crescit_caput_nescit	pace_tua
surgery	CTDC-PARTICIPANT-860466	CTDC-SURGERY-363478	haec_olim_meminisse_iuvabit	832	saltus_in_demonstrando	No	saltus_in_demonstrando	scientiae_et_patriae	imperium_in_imperio
surgery	CTDC-PARTICIPANT-860466	CTDC-SURGERY-878110	faber_est_suae_quisque_fortunae	219	e_causa_ignota	No	damnant_quod_non_intellegunt	O_Tite_tute_Tati_tibi_tanta_tyranne_tulisti	sapiens_qui_prospicit
surgery	CTDC-PARTICIPANT-945183	CTDC-SURGERY-564585	Gallia_est_omnis_divisa_in_partes_tres	863	Gallia_est_omnis_divisa_in_partes_tres	Yes	e_causa_ignota	Obedientia_civium_urbis_felicitas	scientia_et_labor
surgery	CTDC-PARTICIPANT-945183	CTDC-SURGERY-700200	scientiae_et_patriae	708	faber_est_suae_quisque_fortunae	Yes	salus_in_arduis	labor_ipse_voluptas	scientia,_aere_perennius
surgery	CTDC-PARTICIPANT-784294	CTDC-SURGERY-936845	O_Tite_tute_Tati_tibi_tanta_tyranne_tulisti	302	Macte_animo_Generose_puer_sic_itur_ad_astra	No	saltus_in_demonstrando	saltus_in_demonstrando	scientiae_cedit_mare
surgery	CTDC-PARTICIPANT-784294	CTDC-SURGERY-716864	scientia,_aere_perennius	881	scientiae_cedit_mare	No	scientia_et_sapientia	imperium_in_imperio	nanos_gigantum_humeris_insidentes
surgery	CTDC-PARTICIPANT-873945	CTDC-SURGERY-409963	sapiens_qui_prospicit	868	scientia_et_sapientia	Yes	saltus_in_demonstrando	nascentes_morimur_finisque_ab_origine_pendet	Gallia_est_omnis_divisa_in_partes_tres
surgery	CTDC-PARTICIPANT-873945	CTDC-SURGERY-483367	a_bene_placito	643	damnant_quod_non_intellegunt	Yes	scientiae_et_patriae	e_causa_ignota	saltus_in_demonstrando
surgery	CTDC-PARTICIPANT-900284	CTDC-SURGERY-183616	scientiae_cedit_mare	27	haec_olim_meminisse_iuvabit	Yes	scientiae_cedit_mare	Macte_animo_Generose_puer_sic_itur_ad_astra	scientiae_cedit_mare
surgery	CTDC-PARTICIPANT-900284	CTDC-SURGERY-244817	Obedientia_civium_urbis_felicitas	125	Gallia_est_omnis_divisa_in_partes_tres	Yes	faber_est_suae_quisque_fortunae	Gallia_est_omnis_divisa_in_partes_tres	scientiae_cedit_mare
surgery	CTDC-PARTICIPANT-417580	CTDC-SURGERY-430646	nanos_gigantum_humeris_insidentes	904	barba_crescit_caput_nescit	No	barba_crescit_caput_nescit	nascentes_morimur_finisque_ab_origine_pendet	id_quod_plerumque_accidit
surgery	CTDC-PARTICIPANT-417580	CTDC-SURGERY-919431	salus_in_arduis	259	Macte_animo_Generose_puer_sic_itur_ad_astra	No	pace_tua	pace_tua	sapiens_qui_prospicit
surgery	CTDC-PARTICIPANT-641895	CTDC-SURGERY-832596	scientia_et_sapientia	629	scientia_imperii_decus_et_tutamen	No	Macte_animo_Generose_puer_sic_itur_ad_astra	scientiae_et_patriae	cacatum_non_est_pictum
surgery	CTDC-PARTICIPANT-641895	CTDC-SURGERY-440693	e_causa_ignota	381	Gallia_est_omnis_divisa_in_partes_tres	No	salus_in_arduis	id_quod_plerumque_accidit	damnant_quod_non_intellegunt
surgery	CTDC-PARTICIPANT-256364	CTDC-SURGERY-229034	scientia_et_sapientia	931	id_quod_plerumque_accidit	No	scientia_et_labor	damnant_quod_non_intellegunt	labor_ipse_voluptas
surgery	CTDC-PARTICIPANT-256364	CTDC-SURGERY-326295	scientia_et_labor	37	saltus_in_demonstrando	No	scientiae_cedit_mare	scientiae_cedit_mare	O_Tite_tute_Tati_tibi_tanta_tyranne_tulisti
surgery	CTDC-PARTICIPANT-762135	CTDC-SURGERY-165617	pace_tua	460	id_quod_plerumque_accidit	No	Macte_animo_Generose_puer_sic_itur_ad_astra	nascentes_morimur_finisque_ab_origine_pendet	scientia_imperii_decus_et_tutamen
surgery	CTDC-PARTICIPANT-762135	CTDC-SURGERY-647285	haec_olim_meminisse_iuvabit	609	labor_ipse_voluptas	Yes	cacatum_non_est_pictum	id_quod_plerumque_accidit	barba_crescit_caput_nescit
surgery	CTDC-PARTICIPANT-817239	CTDC-SURGERY-610916	scientiae_cedit_mare	491	cacatum_non_est_pictum	No	nascentes_morimur_finisque_ab_origine_pendet	imperium_in_imperio	saltus_in_demonstrando
surgery	CTDC-PARTICIPANT-817239	CTDC-SURGERY-648038	nascentes_morimur_finisque_ab_origine_pendet	361	cacatum_non_est_pictum	No	scientiae_et_patriae	pace_tua	Gallia_est_omnis_divisa_in_partes_tres
surgery	CTDC-PARTICIPANT-488489	CTDC-SURGERY-982697	labor_ipse_voluptas	700	nanos_gigantum_humeris_insidentes	Yes	e_causa_ignota	a_bene_placito	pace_tua
surgery	CTDC-PARTICIPANT-488489	CTDC-SURGERY-270718	damnant_quod_non_intellegunt	804	e_causa_ignota	No	salus_in_arduis	Macte_animo_Generose_puer_sic_itur_ad_astra	damnant_quod_non_intellegunt
surgery	CTDC-PARTICIPANT-131013	CTDC-SURGERY-681690	saltus_in_demonstrando	268	Macte_animo_Generose_puer_sic_itur_ad_astra	Yes	pace_tua	imperium_in_imperio	haec_olim_meminisse_iuvabit
surgery	CTDC-PARTICIPANT-131013	CTDC-SURGERY-476661	cacatum_non_est_pictum	710	scientia_et_sapientia	Yes	O_Tite_tute_Tati_tibi_tanta_tyranne_tulisti	Obedientia_civium_urbis_felicitas	haec_olim_meminisse_iuvabit
surgery	CTDC-PARTICIPANT-794348	CTDC-SURGERY-505397	barba_crescit_caput_nescit	228	e_causa_ignota	Yes	scientia_et_sapientia	labor_ipse_voluptas	a_bene_placito
surgery	CTDC-PARTICIPANT-794348	CTDC-SURGERY-934917	Gallia_est_omnis_divisa_in_partes_tres	940	haec_olim_meminisse_iuvabit	Yes	nascentes_morimur_finisque_ab_origine_pendet	scientiae_et_patriae	Obedientia_civium_urbis_felicitas
surgery	CTDC-PARTICIPANT-202704	CTDC-SURGERY-443491	salus_in_arduis	733	sapiens_qui_prospicit	No	nascentes_morimur_finisque_ab_origine_pendet	scientia_et_sapientia	sapiens_qui_prospicit
surgery	CTDC-PARTICIPANT-202704	CTDC-SURGERY-468001	a_bene_placito	702	nascentes_morimur_finisque_ab_origine_pendet	No	Gallia_est_omnis_divisa_in_partes_tres	scientia,_aere_perennius	barba_crescit_caput_nescit
surgery	CTDC-PARTICIPANT-428430	CTDC-SURGERY-918502	scientia_imperii_decus_et_tutamen	491	imperium_in_imperio	No	nanos_gigantum_humeris_insidentes	damnant_quod_non_intellegunt	pace_tua
surgery	CTDC-PARTICIPANT-428430	CTDC-SURGERY-393778	Obedientia_civium_urbis_felicitas	322	faber_est_suae_quisque_fortunae	No	labor_ipse_voluptas	Gallia_est_omnis_divisa_in_partes_tres	pace_tua
surgery	CTDC-PARTICIPANT-860626	CTDC-SURGERY-335392	cacatum_non_est_pictum	805	scientiae_cedit_mare	No	nascentes_morimur_finisque_ab_origine_pendet	scientia_et_sapientia	O_Tite_tute_Tati_tibi_tanta_tyranne_tulisti
surgery	CTDC-PARTICIPANT-860626	CTDC-SURGERY-747433	barba_crescit_caput_nescit	31	salus_in_arduis	No	barba_crescit_caput_nescit	Obedientia_civium_urbis_felicitas	haec_olim_meminisse_iuvabit
surgery	CTDC-PARTICIPANT-481077	CTDC-SURGERY-159976	pace_tua	669	a_bene_placito	No	O_Tite_tute_Tati_tibi_tanta_tyranne_tulisti	salus_in_arduis	nanos_gigantum_humeris_insidentes
surgery	CTDC-PARTICIPANT-481077	CTDC-SURGERY-540303	scientiae_et_patriae	959	pace_tua	Yes	nanos_gigantum_humeris_insidentes	scientia_et_sapientia	faber_est_suae_quisque_fortunae
