type	participant.participant_id	surgical_procedure_record_id	surgical_procedure	surgical_procedure_date	surgical_procedure_anatomical_location	surgical_procedure_therapeutic	surgical_procedure_findings	extent_of_residual_disease	crdc_id
surgery	CTDC-PARTICIPANT-425496	CTDC-SURGERY-117068	a_bene_placito	802	haec_olim_meminisse_iuvabit	No	salus_in_arduis	salus_in_arduis	Macte_animo_Generose_puer_sic_itur_ad_astra
surgery	CTDC-PARTICIPANT-425496	CTDC-SURGERY-951705	scientia,_aere_perennius	287	Macte_animo_Generose_puer_sic_itur_ad_astra	No	saltus_in_demonstrando	sapiens_qui_prospicit	haec_olim_meminisse_iuvabit
surgery	CTDC-PARTICIPANT-752305	CTDC-SURGERY-744123	scientia_et_sapientia	766	salus_in_arduis	Yes	id_quod_plerumque_accidit	cacatum_non_est_pictum	e_causa_ignota
surgery	CTDC-PARTICIPANT-752305	CTDC-SURGERY-720261	scientia_et_labor	392	imperium_in_imperio	No	nascentes_morimur_finisque_ab_origine_pendet	nascentes_morimur_finisque_ab_origine_pendet	salus_in_arduis
surgery	CTDC-PARTICIPANT-178412	CTDC-SURGERY-300321	labor_ipse_voluptas	890	Macte_animo_Generose_puer_sic_itur_ad_astra	Yes	nascentes_morimur_finisque_ab_origine_pendet	cacatum_non_est_pictum	labor_ipse_voluptas
surgery	CTDC-PARTICIPANT-178412	CTDC-SURGERY-963829	pace_tua	735	scientiae_et_patriae	Yes	saltus_in_demonstrando	Obedientia_civium_urbis_felicitas	scientiae_cedit_mare
surgery	CTDC-PARTICIPANT-498416	CTDC-SURGERY-899398	sapiens_qui_prospicit	164	O_Tite_tute_Tati_tibi_tanta_tyranne_tulisti	Yes	pace_tua	sapiens_qui_prospicit	scientia,_aere_perennius
surgery	CTDC-PARTICIPANT-498416	CTDC-SURGERY-810002	labor_ipse_voluptas	519	id_quod_plerumque_accidit	Yes	id_quod_plerumque_accidit	a_bene_placito	barba_crescit_caput_nescit
surgery	CTDC-PARTICIPANT-976403	CTDC-SURGERY-705947	damnant_quod_non_intellegunt	97	imperium_in_imperio	Yes	saltus_in_demonstrando	nanos_gigantum_humeris_insidentes	nascentes_morimur_finisque_ab_origine_pendet
surgery	CTDC-PARTICIPANT-976403	CTDC-SURGERY-220419	labor_ipse_voluptas	773	saltus_in_demonstrando	Yes	scientia_imperii_decus_et_tutamen	salus_in_arduis	scientia_imperii_decus_et_tutamen
surgery	CTDC-PARTICIPANT-497144	CTDC-SURGERY-770770	scientia,_aere_perennius	75	scientiae_cedit_mare	No	a_bene_placito	pace_tua	haec_olim_meminisse_iuvabit
surgery	CTDC-PARTICIPANT-497144	CTDC-SURGERY-722137	scientia_et_sapientia	106	haec_olim_meminisse_iuvabit	Yes	faber_est_suae_quisque_fortunae	id_quod_plerumque_accidit	scientia_imperii_decus_et_tutamen
surgery	CTDC-PARTICIPANT-281297	CTDC-SURGERY-296210	labor_ipse_voluptas	116	haec_olim_meminisse_iuvabit	Yes	Macte_animo_Generose_puer_sic_itur_ad_astra	salus_in_arduis	scientia_et_labor
surgery	CTDC-PARTICIPANT-281297	CTDC-SURGERY-963048	barba_crescit_caput_nescit	769	faber_est_suae_quisque_fortunae	No	damnant_quod_non_intellegunt	Macte_animo_Generose_puer_sic_itur_ad_astra	damnant_quod_non_intellegunt
surgery	CTDC-PARTICIPANT-731664	CTDC-SURGERY-643324	scientia,_aere_perennius	942	pace_tua	No	a_bene_placito	saltus_in_demonstrando	id_quod_plerumque_accidit
surgery	CTDC-PARTICIPANT-731664	CTDC-SURGERY-635251	Gallia_est_omnis_divisa_in_partes_tres	111	scientia_et_labor	No	imperium_in_imperio	scientia_imperii_decus_et_tutamen	scientiae_et_patriae
surgery	CTDC-PARTICIPANT-469939	CTDC-SURGERY-862178	scientia_et_sapientia	651	scientia_et_sapientia	Yes	scientia_et_sapientia	scientiae_et_patriae	damnant_quod_non_intellegunt
surgery	CTDC-PARTICIPANT-469939	CTDC-SURGERY-239691	scientia_et_labor	271	scientia_imperii_decus_et_tutamen	No	scientia_et_labor	scientia,_aere_perennius	nanos_gigantum_humeris_insidentes
surgery	CTDC-PARTICIPANT-745706	CTDC-SURGERY-267372	cacatum_non_est_pictum	325	scientia_et_labor	No	Macte_animo_Generose_puer_sic_itur_ad_astra	faber_est_suae_quisque_fortunae	id_quod_plerumque_accidit
surgery	CTDC-PARTICIPANT-745706	CTDC-SURGERY-327177	Gallia_est_omnis_divisa_in_partes_tres	320	salus_in_arduis	No	e_causa_ignota	saltus_in_demonstrando	Gallia_est_omnis_divisa_in_partes_tres
surgery	CTDC-PARTICIPANT-705970	CTDC-SURGERY-961918	nascentes_morimur_finisque_ab_origine_pendet	204	pace_tua	No	id_quod_plerumque_accidit	scientia_imperii_decus_et_tutamen	haec_olim_meminisse_iuvabit
surgery	CTDC-PARTICIPANT-705970	CTDC-SURGERY-291124	scientia_imperii_decus_et_tutamen	271	nanos_gigantum_humeris_insidentes	Yes	scientia,_aere_perennius	labor_ipse_voluptas	imperium_in_imperio
surgery	CTDC-PARTICIPANT-500040	CTDC-SURGERY-329875	nascentes_morimur_finisque_ab_origine_pendet	169	barba_crescit_caput_nescit	Yes	O_Tite_tute_Tati_tibi_tanta_tyranne_tulisti	cacatum_non_est_pictum	scientiae_et_patriae
surgery	CTDC-PARTICIPANT-500040	CTDC-SURGERY-499931	imperium_in_imperio	319	nanos_gigantum_humeris_insidentes	No	a_bene_placito	scientia_et_sapientia	O_Tite_tute_Tati_tibi_tanta_tyranne_tulisti
surgery	CTDC-PARTICIPANT-996739	CTDC-SURGERY-942395	scientiae_cedit_mare	188	saltus_in_demonstrando	Yes	pace_tua	a_bene_placito	imperium_in_imperio
surgery	CTDC-PARTICIPANT-996739	CTDC-SURGERY-983636	haec_olim_meminisse_iuvabit	828	pace_tua	No	faber_est_suae_quisque_fortunae	Macte_animo_Generose_puer_sic_itur_ad_astra	nanos_gigantum_humeris_insidentes
surgery	CTDC-PARTICIPANT-765498	CTDC-SURGERY-104619	scientiae_cedit_mare	940	O_Tite_tute_Tati_tibi_tanta_tyranne_tulisti	Yes	labor_ipse_voluptas	Gallia_est_omnis_divisa_in_partes_tres	imperium_in_imperio
surgery	CTDC-PARTICIPANT-765498	CTDC-SURGERY-217341	saltus_in_demonstrando	899	e_causa_ignota	Yes	labor_ipse_voluptas	scientia_et_sapientia	labor_ipse_voluptas
surgery	CTDC-PARTICIPANT-803964	CTDC-SURGERY-295114	damnant_quod_non_intellegunt	321	labor_ipse_voluptas	No	saltus_in_demonstrando	sapiens_qui_prospicit	barba_crescit_caput_nescit
surgery	CTDC-PARTICIPANT-803964	CTDC-SURGERY-519070	O_Tite_tute_Tati_tibi_tanta_tyranne_tulisti	392	scientia_et_labor	No	scientiae_cedit_mare	saltus_in_demonstrando	scientia,_aere_perennius
surgery	CTDC-PARTICIPANT-346130	CTDC-SURGERY-781767	barba_crescit_caput_nescit	44	scientia,_aere_perennius	Yes	Gallia_est_omnis_divisa_in_partes_tres	imperium_in_imperio	pace_tua
surgery	CTDC-PARTICIPANT-346130	CTDC-SURGERY-895468	sapiens_qui_prospicit	715	e_causa_ignota	Yes	a_bene_placito	saltus_in_demonstrando	e_causa_ignota
surgery	CTDC-PARTICIPANT-672343	CTDC-SURGERY-355356	Gallia_est_omnis_divisa_in_partes_tres	338	labor_ipse_voluptas	No	damnant_quod_non_intellegunt	damnant_quod_non_intellegunt	saltus_in_demonstrando
surgery	CTDC-PARTICIPANT-672343	CTDC-SURGERY-354136	Obedientia_civium_urbis_felicitas	322	Macte_animo_Generose_puer_sic_itur_ad_astra	Yes	nascentes_morimur_finisque_ab_origine_pendet	O_Tite_tute_Tati_tibi_tanta_tyranne_tulisti	Gallia_est_omnis_divisa_in_partes_tres
surgery	CTDC-PARTICIPANT-618772	CTDC-SURGERY-969359	haec_olim_meminisse_iuvabit	422	faber_est_suae_quisque_fortunae	No	scientia_et_labor	salus_in_arduis	scientia_imperii_decus_et_tutamen
surgery	CTDC-PARTICIPANT-618772	CTDC-SURGERY-328993	scientiae_cedit_mare	596	nanos_gigantum_humeris_insidentes	No	a_bene_placito	nanos_gigantum_humeris_insidentes	scientia_et_labor
surgery	CTDC-PARTICIPANT-781918	CTDC-SURGERY-996099	faber_est_suae_quisque_fortunae	358	Macte_animo_Generose_puer_sic_itur_ad_astra	Yes	id_quod_plerumque_accidit	e_causa_ignota	scientia,_aere_perennius
surgery	CTDC-PARTICIPANT-781918	CTDC-SURGERY-786998	scientia,_aere_perennius	725	pace_tua	Yes	scientiae_cedit_mare	scientia_et_sapientia	nanos_gigantum_humeris_insidentes
surgery	CTDC-PARTICIPANT-868875	CTDC-SURGERY-422721	Macte_animo_Generose_puer_sic_itur_ad_astra	896	saltus_in_demonstrando	Yes	nascentes_morimur_finisque_ab_origine_pendet	scientiae_cedit_mare	nanos_gigantum_humeris_insidentes
surgery	CTDC-PARTICIPANT-868875	CTDC-SURGERY-547675	faber_est_suae_quisque_fortunae	793	barba_crescit_caput_nescit	Yes	faber_est_suae_quisque_fortunae	imperium_in_imperio	faber_est_suae_quisque_fortunae
surgery	CTDC-PARTICIPANT-651462	CTDC-SURGERY-652218	barba_crescit_caput_nescit	155	Macte_animo_Generose_puer_sic_itur_ad_astra	Yes	Gallia_est_omnis_divisa_in_partes_tres	id_quod_plerumque_accidit	labor_ipse_voluptas
surgery	CTDC-PARTICIPANT-651462	CTDC-SURGERY-803277	nascentes_morimur_finisque_ab_origine_pendet	420	scientia_et_labor	Yes	damnant_quod_non_intellegunt	id_quod_plerumque_accidit	barba_crescit_caput_nescit
surgery	CTDC-PARTICIPANT-357624	CTDC-SURGERY-862685	id_quod_plerumque_accidit	963	faber_est_suae_quisque_fortunae	No	scientia_et_sapientia	scientiae_et_patriae	scientiae_et_patriae
surgery	CTDC-PARTICIPANT-357624	CTDC-SURGERY-251923	nanos_gigantum_humeris_insidentes	498	nascentes_morimur_finisque_ab_origine_pendet	Yes	scientia_et_sapientia	damnant_quod_non_intellegunt	damnant_quod_non_intellegunt
surgery	CTDC-PARTICIPANT-665568	CTDC-SURGERY-126963	scientia_et_labor	581	haec_olim_meminisse_iuvabit	No	Obedientia_civium_urbis_felicitas	O_Tite_tute_Tati_tibi_tanta_tyranne_tulisti	nascentes_morimur_finisque_ab_origine_pendet
surgery	CTDC-PARTICIPANT-665568	CTDC-SURGERY-704840	scientiae_cedit_mare	642	Obedientia_civium_urbis_felicitas	Yes	imperium_in_imperio	salus_in_arduis	id_quod_plerumque_accidit
surgery	CTDC-PARTICIPANT-795686	CTDC-SURGERY-467236	barba_crescit_caput_nescit	162	haec_olim_meminisse_iuvabit	Yes	e_causa_ignota	pace_tua	Gallia_est_omnis_divisa_in_partes_tres
surgery	CTDC-PARTICIPANT-795686	CTDC-SURGERY-422140	sapiens_qui_prospicit	499	salus_in_arduis	No	scientia_imperii_decus_et_tutamen	cacatum_non_est_pictum	faber_est_suae_quisque_fortunae
surgery	CTDC-PARTICIPANT-780169	CTDC-SURGERY-734775	scientiae_cedit_mare	918	id_quod_plerumque_accidit	No	Macte_animo_Generose_puer_sic_itur_ad_astra	damnant_quod_non_intellegunt	sapiens_qui_prospicit
surgery	CTDC-PARTICIPANT-780169	CTDC-SURGERY-236063	barba_crescit_caput_nescit	767	faber_est_suae_quisque_fortunae	Yes	damnant_quod_non_intellegunt	pace_tua	id_quod_plerumque_accidit
surgery	CTDC-PARTICIPANT-485384	CTDC-SURGERY-602372	Macte_animo_Generose_puer_sic_itur_ad_astra	481	Gallia_est_omnis_divisa_in_partes_tres	Yes	O_Tite_tute_Tati_tibi_tanta_tyranne_tulisti	scientia_et_labor	scientia,_aere_perennius
surgery	CTDC-PARTICIPANT-485384	CTDC-SURGERY-936011	scientiae_et_patriae	564	saltus_in_demonstrando	Yes	a_bene_placito	Obedientia_civium_urbis_felicitas	scientia_et_sapientia
surgery	CTDC-PARTICIPANT-707555	CTDC-SURGERY-930627	id_quod_plerumque_accidit	347	scientia,_aere_perennius	No	barba_crescit_caput_nescit	O_Tite_tute_Tati_tibi_tanta_tyranne_tulisti	id_quod_plerumque_accidit
surgery	CTDC-PARTICIPANT-707555	CTDC-SURGERY-993797	Obedientia_civium_urbis_felicitas	929	nanos_gigantum_humeris_insidentes	No	scientia_et_sapientia	scientiae_cedit_mare	scientiae_cedit_mare
surgery	CTDC-PARTICIPANT-492276	CTDC-SURGERY-109768	pace_tua	479	scientia_et_sapientia	No	scientia_imperii_decus_et_tutamen	pace_tua	Obedientia_civium_urbis_felicitas
surgery	CTDC-PARTICIPANT-492276	CTDC-SURGERY-842761	Gallia_est_omnis_divisa_in_partes_tres	363	scientiae_cedit_mare	Yes	e_causa_ignota	O_Tite_tute_Tati_tibi_tanta_tyranne_tulisti	id_quod_plerumque_accidit
surgery	CTDC-PARTICIPANT-820083	CTDC-SURGERY-618848	Obedientia_civium_urbis_felicitas	808	scientiae_et_patriae	No	damnant_quod_non_intellegunt	salus_in_arduis	e_causa_ignota
surgery	CTDC-PARTICIPANT-820083	CTDC-SURGERY-462928	nascentes_morimur_finisque_ab_origine_pendet	414	scientiae_et_patriae	No	pace_tua	pace_tua	salus_in_arduis
surgery	CTDC-PARTICIPANT-822595	CTDC-SURGERY-401803	scientia_et_sapientia	327	barba_crescit_caput_nescit	No	id_quod_plerumque_accidit	Gallia_est_omnis_divisa_in_partes_tres	nanos_gigantum_humeris_insidentes
surgery	CTDC-PARTICIPANT-822595	CTDC-SURGERY-171064	barba_crescit_caput_nescit	192	scientia_imperii_decus_et_tutamen	No	salus_in_arduis	salus_in_arduis	nascentes_morimur_finisque_ab_origine_pendet
surgery	CTDC-PARTICIPANT-260866	CTDC-SURGERY-613345	Macte_animo_Generose_puer_sic_itur_ad_astra	624	a_bene_placito	No	id_quod_plerumque_accidit	haec_olim_meminisse_iuvabit	scientia,_aere_perennius
surgery	CTDC-PARTICIPANT-260866	CTDC-SURGERY-160234	imperium_in_imperio	532	scientia_et_labor	Yes	Gallia_est_omnis_divisa_in_partes_tres	faber_est_suae_quisque_fortunae	nanos_gigantum_humeris_insidentes
surgery	CTDC-PARTICIPANT-627159	CTDC-SURGERY-475674	O_Tite_tute_Tati_tibi_tanta_tyranne_tulisti	252	faber_est_suae_quisque_fortunae	Yes	nanos_gigantum_humeris_insidentes	e_causa_ignota	e_causa_ignota
surgery	CTDC-PARTICIPANT-627159	CTDC-SURGERY-772407	saltus_in_demonstrando	830	sapiens_qui_prospicit	Yes	faber_est_suae_quisque_fortunae	faber_est_suae_quisque_fortunae	faber_est_suae_quisque_fortunae
surgery	CTDC-PARTICIPANT-925562	CTDC-SURGERY-279020	pace_tua	555	sapiens_qui_prospicit	No	scientia,_aere_perennius	a_bene_placito	imperium_in_imperio
surgery	CTDC-PARTICIPANT-925562	CTDC-SURGERY-425760	saltus_in_demonstrando	56	Macte_animo_Generose_puer_sic_itur_ad_astra	No	damnant_quod_non_intellegunt	labor_ipse_voluptas	faber_est_suae_quisque_fortunae
surgery	CTDC-PARTICIPANT-854119	CTDC-SURGERY-539561	scientiae_et_patriae	855	Macte_animo_Generose_puer_sic_itur_ad_astra	Yes	scientia_et_labor	sapiens_qui_prospicit	O_Tite_tute_Tati_tibi_tanta_tyranne_tulisti
surgery	CTDC-PARTICIPANT-854119	CTDC-SURGERY-657896	haec_olim_meminisse_iuvabit	735	haec_olim_meminisse_iuvabit	No	barba_crescit_caput_nescit	id_quod_plerumque_accidit	nascentes_morimur_finisque_ab_origine_pendet
surgery	CTDC-PARTICIPANT-529091	CTDC-SURGERY-217112	Gallia_est_omnis_divisa_in_partes_tres	449	imperium_in_imperio	Yes	damnant_quod_non_intellegunt	O_Tite_tute_Tati_tibi_tanta_tyranne_tulisti	scientiae_cedit_mare
surgery	CTDC-PARTICIPANT-529091	CTDC-SURGERY-140064	nanos_gigantum_humeris_insidentes	819	sapiens_qui_prospicit	Yes	pace_tua	saltus_in_demonstrando	sapiens_qui_prospicit
surgery	CTDC-PARTICIPANT-343801	CTDC-SURGERY-422319	saltus_in_demonstrando	693	scientia_imperii_decus_et_tutamen	No	id_quod_plerumque_accidit	Macte_animo_Generose_puer_sic_itur_ad_astra	saltus_in_demonstrando
surgery	CTDC-PARTICIPANT-343801	CTDC-SURGERY-712114	barba_crescit_caput_nescit	242	scientia,_aere_perennius	No	damnant_quod_non_intellegunt	labor_ipse_voluptas	Macte_animo_Generose_puer_sic_itur_ad_astra
surgery	CTDC-PARTICIPANT-954327	CTDC-SURGERY-760991	pace_tua	456	scientia_et_sapientia	No	scientia_et_sapientia	nanos_gigantum_humeris_insidentes	scientia_et_sapientia
surgery	CTDC-PARTICIPANT-954327	CTDC-SURGERY-935413	Obedientia_civium_urbis_felicitas	629	id_quod_plerumque_accidit	No	haec_olim_meminisse_iuvabit	pace_tua	sapiens_qui_prospicit
surgery	CTDC-PARTICIPANT-324293	CTDC-SURGERY-486786	scientia,_aere_perennius	296	haec_olim_meminisse_iuvabit	Yes	Obedientia_civium_urbis_felicitas	Gallia_est_omnis_divisa_in_partes_tres	scientia,_aere_perennius
surgery	CTDC-PARTICIPANT-324293	CTDC-SURGERY-251969	scientia_et_labor	163	Obedientia_civium_urbis_felicitas	Yes	pace_tua	Macte_animo_Generose_puer_sic_itur_ad_astra	scientiae_cedit_mare
surgery	CTDC-PARTICIPANT-449191	CTDC-SURGERY-296631	O_Tite_tute_Tati_tibi_tanta_tyranne_tulisti	819	nanos_gigantum_humeris_insidentes	No	id_quod_plerumque_accidit	pace_tua	e_causa_ignota
surgery	CTDC-PARTICIPANT-449191	CTDC-SURGERY-953969	cacatum_non_est_pictum	81	scientia_et_sapientia	Yes	cacatum_non_est_pictum	scientia_et_sapientia	imperium_in_imperio
surgery	CTDC-PARTICIPANT-219666	CTDC-SURGERY-173379	sapiens_qui_prospicit	697	imperium_in_imperio	No	Obedientia_civium_urbis_felicitas	scientia_imperii_decus_et_tutamen	scientiae_et_patriae
surgery	CTDC-PARTICIPANT-219666	CTDC-SURGERY-278234	id_quod_plerumque_accidit	925	barba_crescit_caput_nescit	No	barba_crescit_caput_nescit	sapiens_qui_prospicit	scientia_imperii_decus_et_tutamen
surgery	CTDC-PARTICIPANT-591224	CTDC-SURGERY-266311	barba_crescit_caput_nescit	921	scientiae_et_patriae	No	nanos_gigantum_humeris_insidentes	imperium_in_imperio	scientia_imperii_decus_et_tutamen
surgery	CTDC-PARTICIPANT-591224	CTDC-SURGERY-189992	id_quod_plerumque_accidit	483	labor_ipse_voluptas	Yes	scientia_et_labor	a_bene_placito	id_quod_plerumque_accidit
surgery	CTDC-PARTICIPANT-260523	CTDC-SURGERY-527696	nascentes_morimur_finisque_ab_origine_pendet	680	scientia_imperii_decus_et_tutamen	No	imperium_in_imperio	cacatum_non_est_pictum	a_bene_placito
surgery	CTDC-PARTICIPANT-260523	CTDC-SURGERY-855262	Macte_animo_Generose_puer_sic_itur_ad_astra	428	scientia_et_labor	No	Obedientia_civium_urbis_felicitas	id_quod_plerumque_accidit	salus_in_arduis
surgery	CTDC-PARTICIPANT-697627	CTDC-SURGERY-960254	barba_crescit_caput_nescit	720	scientia_imperii_decus_et_tutamen	Yes	scientia_imperii_decus_et_tutamen	scientiae_cedit_mare	damnant_quod_non_intellegunt
surgery	CTDC-PARTICIPANT-697627	CTDC-SURGERY-376880	id_quod_plerumque_accidit	326	faber_est_suae_quisque_fortunae	No	labor_ipse_voluptas	Gallia_est_omnis_divisa_in_partes_tres	scientia,_aere_perennius
surgery	CTDC-PARTICIPANT-221730	CTDC-SURGERY-841960	imperium_in_imperio	320	labor_ipse_voluptas	Yes	scientiae_cedit_mare	nascentes_morimur_finisque_ab_origine_pendet	damnant_quod_non_intellegunt
surgery	CTDC-PARTICIPANT-221730	CTDC-SURGERY-993836	haec_olim_meminisse_iuvabit	354	Macte_animo_Generose_puer_sic_itur_ad_astra	No	saltus_in_demonstrando	scientiae_et_patriae	nascentes_morimur_finisque_ab_origine_pendet
surgery	CTDC-PARTICIPANT-412746	CTDC-SURGERY-545535	damnant_quod_non_intellegunt	655	scientia_et_labor	No	damnant_quod_non_intellegunt	saltus_in_demonstrando	barba_crescit_caput_nescit
surgery	CTDC-PARTICIPANT-412746	CTDC-SURGERY-196016	labor_ipse_voluptas	570	scientia,_aere_perennius	No	O_Tite_tute_Tati_tibi_tanta_tyranne_tulisti	haec_olim_meminisse_iuvabit	labor_ipse_voluptas
surgery	CTDC-PARTICIPANT-624107	CTDC-SURGERY-816996	scientiae_et_patriae	571	scientia,_aere_perennius	No	faber_est_suae_quisque_fortunae	scientia_et_sapientia	scientia_imperii_decus_et_tutamen
surgery	CTDC-PARTICIPANT-624107	CTDC-SURGERY-515394	damnant_quod_non_intellegunt	852	nanos_gigantum_humeris_insidentes	No	scientia,_aere_perennius	nanos_gigantum_humeris_insidentes	scientiae_cedit_mare
surgery	CTDC-PARTICIPANT-779742	CTDC-SURGERY-609764	salus_in_arduis	683	haec_olim_meminisse_iuvabit	Yes	Macte_animo_Generose_puer_sic_itur_ad_astra	pace_tua	labor_ipse_voluptas
surgery	CTDC-PARTICIPANT-779742	CTDC-SURGERY-224093	Obedientia_civium_urbis_felicitas	74	damnant_quod_non_intellegunt	No	haec_olim_meminisse_iuvabit	labor_ipse_voluptas	scientiae_cedit_mare
surgery	CTDC-PARTICIPANT-873770	CTDC-SURGERY-942397	a_bene_placito	380	Gallia_est_omnis_divisa_in_partes_tres	No	sapiens_qui_prospicit	faber_est_suae_quisque_fortunae	scientia,_aere_perennius
surgery	CTDC-PARTICIPANT-873770	CTDC-SURGERY-792966	barba_crescit_caput_nescit	630	nascentes_morimur_finisque_ab_origine_pendet	No	scientia_et_sapientia	pace_tua	saltus_in_demonstrando
surgery	CTDC-PARTICIPANT-471487	CTDC-SURGERY-406742	sapiens_qui_prospicit	811	nanos_gigantum_humeris_insidentes	No	barba_crescit_caput_nescit	haec_olim_meminisse_iuvabit	scientia,_aere_perennius
surgery	CTDC-PARTICIPANT-471487	CTDC-SURGERY-194780	id_quod_plerumque_accidit	171	scientia_imperii_decus_et_tutamen	No	a_bene_placito	scientia_imperii_decus_et_tutamen	scientia,_aere_perennius
surgery	CTDC-PARTICIPANT-241440	CTDC-SURGERY-189894	haec_olim_meminisse_iuvabit	474	scientiae_cedit_mare	No	saltus_in_demonstrando	scientiae_et_patriae	damnant_quod_non_intellegunt
surgery	CTDC-PARTICIPANT-241440	CTDC-SURGERY-894418	haec_olim_meminisse_iuvabit	750	scientia_et_sapientia	No	cacatum_non_est_pictum	salus_in_arduis	damnant_quod_non_intellegunt
surgery	CTDC-PARTICIPANT-575132	CTDC-SURGERY-302532	faber_est_suae_quisque_fortunae	755	barba_crescit_caput_nescit	No	saltus_in_demonstrando	Macte_animo_Generose_puer_sic_itur_ad_astra	nanos_gigantum_humeris_insidentes
surgery	CTDC-PARTICIPANT-575132	CTDC-SURGERY-677296	Obedientia_civium_urbis_felicitas	313	Macte_animo_Generose_puer_sic_itur_ad_astra	Yes	a_bene_placito	cacatum_non_est_pictum	scientiae_et_patriae
surgery	CTDC-PARTICIPANT-873739	CTDC-SURGERY-686274	nanos_gigantum_humeris_insidentes	768	scientia_imperii_decus_et_tutamen	Yes	nanos_gigantum_humeris_insidentes	barba_crescit_caput_nescit	salus_in_arduis
surgery	CTDC-PARTICIPANT-873739	CTDC-SURGERY-952995	nanos_gigantum_humeris_insidentes	89	e_causa_ignota	Yes	id_quod_plerumque_accidit	salus_in_arduis	O_Tite_tute_Tati_tibi_tanta_tyranne_tulisti
surgery	CTDC-PARTICIPANT-763429	CTDC-SURGERY-595170	pace_tua	532	scientia,_aere_perennius	No	scientiae_cedit_mare	scientia_et_labor	a_bene_placito
surgery	CTDC-PARTICIPANT-763429	CTDC-SURGERY-154061	O_Tite_tute_Tati_tibi_tanta_tyranne_tulisti	751	nanos_gigantum_humeris_insidentes	No	O_Tite_tute_Tati_tibi_tanta_tyranne_tulisti	imperium_in_imperio	scientia_et_sapientia
surgery	CTDC-PARTICIPANT-206820	CTDC-SURGERY-495085	haec_olim_meminisse_iuvabit	722	labor_ipse_voluptas	Yes	Macte_animo_Generose_puer_sic_itur_ad_astra	Obedientia_civium_urbis_felicitas	Obedientia_civium_urbis_felicitas
surgery	CTDC-PARTICIPANT-206820	CTDC-SURGERY-142216	Macte_animo_Generose_puer_sic_itur_ad_astra	196	O_Tite_tute_Tati_tibi_tanta_tyranne_tulisti	No	labor_ipse_voluptas	scientia_et_sapientia	damnant_quod_non_intellegunt
surgery	CTDC-PARTICIPANT-797414	CTDC-SURGERY-404263	scientia_et_labor	375	scientia_imperii_decus_et_tutamen	No	Gallia_est_omnis_divisa_in_partes_tres	scientia,_aere_perennius	e_causa_ignota
surgery	CTDC-PARTICIPANT-797414	CTDC-SURGERY-669787	scientia_et_sapientia	833	O_Tite_tute_Tati_tibi_tanta_tyranne_tulisti	Yes	salus_in_arduis	labor_ipse_voluptas	barba_crescit_caput_nescit
surgery	CTDC-PARTICIPANT-344803	CTDC-SURGERY-685226	Obedientia_civium_urbis_felicitas	779	faber_est_suae_quisque_fortunae	No	imperium_in_imperio	cacatum_non_est_pictum	scientia,_aere_perennius
surgery	CTDC-PARTICIPANT-344803	CTDC-SURGERY-952482	scientiae_et_patriae	538	faber_est_suae_quisque_fortunae	No	scientia_imperii_decus_et_tutamen	e_causa_ignota	id_quod_plerumque_accidit
surgery	CTDC-PARTICIPANT-590375	CTDC-SURGERY-791246	sapiens_qui_prospicit	362	Gallia_est_omnis_divisa_in_partes_tres	No	nascentes_morimur_finisque_ab_origine_pendet	scientia_et_labor	scientia_et_labor
surgery	CTDC-PARTICIPANT-590375	CTDC-SURGERY-856992	scientia,_aere_perennius	463	labor_ipse_voluptas	Yes	id_quod_plerumque_accidit	O_Tite_tute_Tati_tibi_tanta_tyranne_tulisti	saltus_in_demonstrando
surgery	CTDC-PARTICIPANT-374155	CTDC-SURGERY-338468	nascentes_morimur_finisque_ab_origine_pendet	973	scientia,_aere_perennius	No	damnant_quod_non_intellegunt	haec_olim_meminisse_iuvabit	saltus_in_demonstrando
surgery	CTDC-PARTICIPANT-374155	CTDC-SURGERY-266098	scientiae_et_patriae	526	e_causa_ignota	No	Obedientia_civium_urbis_felicitas	salus_in_arduis	imperium_in_imperio
surgery	CTDC-PARTICIPANT-976851	CTDC-SURGERY-498248	scientiae_et_patriae	204	Gallia_est_omnis_divisa_in_partes_tres	No	saltus_in_demonstrando	scientia_et_labor	nanos_gigantum_humeris_insidentes
surgery	CTDC-PARTICIPANT-976851	CTDC-SURGERY-402763	scientia_et_labor	42	barba_crescit_caput_nescit	No	scientia_et_sapientia	scientia,_aere_perennius	barba_crescit_caput_nescit
surgery	CTDC-PARTICIPANT-332897	CTDC-SURGERY-495230	sapiens_qui_prospicit	897	Gallia_est_omnis_divisa_in_partes_tres	No	scientia,_aere_perennius	faber_est_suae_quisque_fortunae	pace_tua
surgery	CTDC-PARTICIPANT-332897	CTDC-SURGERY-850441	Gallia_est_omnis_divisa_in_partes_tres	947	barba_crescit_caput_nescit	No	scientia,_aere_perennius	imperium_in_imperio	sapiens_qui_prospicit
surgery	CTDC-PARTICIPANT-775990	CTDC-SURGERY-779521	labor_ipse_voluptas	750	Obedientia_civium_urbis_felicitas	No	imperium_in_imperio	faber_est_suae_quisque_fortunae	pace_tua
surgery	CTDC-PARTICIPANT-775990	CTDC-SURGERY-974060	scientia,_aere_perennius	996	imperium_in_imperio	No	pace_tua	e_causa_ignota	scientiae_cedit_mare
surgery	CTDC-PARTICIPANT-181071	CTDC-SURGERY-560516	labor_ipse_voluptas	360	salus_in_arduis	No	barba_crescit_caput_nescit	scientia_et_sapientia	saltus_in_demonstrando
surgery	CTDC-PARTICIPANT-181071	CTDC-SURGERY-417306	nascentes_morimur_finisque_ab_origine_pendet	78	labor_ipse_voluptas	Yes	O_Tite_tute_Tati_tibi_tanta_tyranne_tulisti	id_quod_plerumque_accidit	Gallia_est_omnis_divisa_in_partes_tres
surgery	CTDC-PARTICIPANT-838837	CTDC-SURGERY-669316	id_quod_plerumque_accidit	558	scientia_et_labor	No	pace_tua	faber_est_suae_quisque_fortunae	salus_in_arduis
surgery	CTDC-PARTICIPANT-838837	CTDC-SURGERY-878035	nanos_gigantum_humeris_insidentes	644	Gallia_est_omnis_divisa_in_partes_tres	No	saltus_in_demonstrando	imperium_in_imperio	pace_tua
surgery	CTDC-PARTICIPANT-149013	CTDC-SURGERY-430173	cacatum_non_est_pictum	364	Macte_animo_Generose_puer_sic_itur_ad_astra	No	saltus_in_demonstrando	scientia_et_sapientia	faber_est_suae_quisque_fortunae
surgery	CTDC-PARTICIPANT-149013	CTDC-SURGERY-187707	labor_ipse_voluptas	261	scientia_et_labor	Yes	pace_tua	damnant_quod_non_intellegunt	scientia,_aere_perennius
surgery	CTDC-PARTICIPANT-893210	CTDC-SURGERY-963229	cacatum_non_est_pictum	664	scientia_et_sapientia	Yes	id_quod_plerumque_accidit	scientia_et_sapientia	saltus_in_demonstrando
surgery	CTDC-PARTICIPANT-893210	CTDC-SURGERY-244003	damnant_quod_non_intellegunt	494	nanos_gigantum_humeris_insidentes	Yes	scientiae_cedit_mare	cacatum_non_est_pictum	nanos_gigantum_humeris_insidentes
surgery	CTDC-PARTICIPANT-291399	CTDC-SURGERY-502486	Obedientia_civium_urbis_felicitas	357	id_quod_plerumque_accidit	No	haec_olim_meminisse_iuvabit	scientia_imperii_decus_et_tutamen	sapiens_qui_prospicit
surgery	CTDC-PARTICIPANT-291399	CTDC-SURGERY-130156	e_causa_ignota	895	haec_olim_meminisse_iuvabit	No	pace_tua	labor_ipse_voluptas	imperium_in_imperio
surgery	CTDC-PARTICIPANT-664268	CTDC-SURGERY-207678	e_causa_ignota	342	scientia,_aere_perennius	Yes	Obedientia_civium_urbis_felicitas	scientia_et_sapientia	scientia_et_sapientia
surgery	CTDC-PARTICIPANT-664268	CTDC-SURGERY-775037	cacatum_non_est_pictum	127	haec_olim_meminisse_iuvabit	Yes	id_quod_plerumque_accidit	sapiens_qui_prospicit	a_bene_placito
surgery	CTDC-PARTICIPANT-723698	CTDC-SURGERY-476047	scientia_et_sapientia	264	Obedientia_civium_urbis_felicitas	No	salus_in_arduis	scientia_et_sapientia	Obedientia_civium_urbis_felicitas
surgery	CTDC-PARTICIPANT-723698	CTDC-SURGERY-792787	sapiens_qui_prospicit	777	O_Tite_tute_Tati_tibi_tanta_tyranne_tulisti	Yes	pace_tua	saltus_in_demonstrando	imperium_in_imperio
surgery	CTDC-PARTICIPANT-627524	CTDC-SURGERY-110075	saltus_in_demonstrando	81	salus_in_arduis	No	Gallia_est_omnis_divisa_in_partes_tres	scientia_et_labor	haec_olim_meminisse_iuvabit
surgery	CTDC-PARTICIPANT-627524	CTDC-SURGERY-276051	cacatum_non_est_pictum	855	scientia_et_sapientia	No	imperium_in_imperio	barba_crescit_caput_nescit	a_bene_placito
surgery	CTDC-PARTICIPANT-755384	CTDC-SURGERY-614510	scientia,_aere_perennius	11	barba_crescit_caput_nescit	No	scientiae_et_patriae	scientiae_cedit_mare	scientia_et_sapientia
surgery	CTDC-PARTICIPANT-755384	CTDC-SURGERY-931219	labor_ipse_voluptas	991	damnant_quod_non_intellegunt	No	salus_in_arduis	damnant_quod_non_intellegunt	labor_ipse_voluptas
surgery	CTDC-PARTICIPANT-172709	CTDC-SURGERY-794737	saltus_in_demonstrando	234	imperium_in_imperio	No	Gallia_est_omnis_divisa_in_partes_tres	Obedientia_civium_urbis_felicitas	labor_ipse_voluptas
surgery	CTDC-PARTICIPANT-172709	CTDC-SURGERY-496158	nanos_gigantum_humeris_insidentes	679	Macte_animo_Generose_puer_sic_itur_ad_astra	Yes	a_bene_placito	scientia_et_labor	Macte_animo_Generose_puer_sic_itur_ad_astra
surgery	CTDC-PARTICIPANT-241615	CTDC-SURGERY-737580	a_bene_placito	594	O_Tite_tute_Tati_tibi_tanta_tyranne_tulisti	No	Macte_animo_Generose_puer_sic_itur_ad_astra	scientia_imperii_decus_et_tutamen	e_causa_ignota
surgery	CTDC-PARTICIPANT-241615	CTDC-SURGERY-655054	nascentes_morimur_finisque_ab_origine_pendet	737	sapiens_qui_prospicit	Yes	Gallia_est_omnis_divisa_in_partes_tres	e_causa_ignota	pace_tua
surgery	CTDC-PARTICIPANT-181206	CTDC-SURGERY-593883	a_bene_placito	521	faber_est_suae_quisque_fortunae	No	faber_est_suae_quisque_fortunae	scientiae_cedit_mare	sapiens_qui_prospicit
surgery	CTDC-PARTICIPANT-181206	CTDC-SURGERY-833008	scientia_et_sapientia	826	scientia_imperii_decus_et_tutamen	Yes	faber_est_suae_quisque_fortunae	Macte_animo_Generose_puer_sic_itur_ad_astra	e_causa_ignota
surgery	CTDC-PARTICIPANT-794084	CTDC-SURGERY-506915	scientiae_cedit_mare	490	Gallia_est_omnis_divisa_in_partes_tres	Yes	scientia_et_sapientia	sapiens_qui_prospicit	saltus_in_demonstrando
surgery	CTDC-PARTICIPANT-794084	CTDC-SURGERY-614609	a_bene_placito	603	damnant_quod_non_intellegunt	No	scientiae_et_patriae	labor_ipse_voluptas	labor_ipse_voluptas
surgery	CTDC-PARTICIPANT-527590	CTDC-SURGERY-371193	pace_tua	83	pace_tua	No	e_causa_ignota	faber_est_suae_quisque_fortunae	scientia,_aere_perennius
surgery	CTDC-PARTICIPANT-527590	CTDC-SURGERY-829718	scientiae_et_patriae	778	id_quod_plerumque_accidit	Yes	id_quod_plerumque_accidit	imperium_in_imperio	Macte_animo_Generose_puer_sic_itur_ad_astra
surgery	CTDC-PARTICIPANT-903832	CTDC-SURGERY-981549	cacatum_non_est_pictum	962	scientia_et_sapientia	No	e_causa_ignota	pace_tua	a_bene_placito
surgery	CTDC-PARTICIPANT-903832	CTDC-SURGERY-522450	a_bene_placito	808	saltus_in_demonstrando	Yes	O_Tite_tute_Tati_tibi_tanta_tyranne_tulisti	sapiens_qui_prospicit	id_quod_plerumque_accidit
surgery	CTDC-PARTICIPANT-617726	CTDC-SURGERY-471892	scientiae_et_patriae	192	pace_tua	No	cacatum_non_est_pictum	scientia,_aere_perennius	haec_olim_meminisse_iuvabit
surgery	CTDC-PARTICIPANT-617726	CTDC-SURGERY-779975	faber_est_suae_quisque_fortunae	737	a_bene_placito	No	scientia,_aere_perennius	a_bene_placito	pace_tua
surgery	CTDC-PARTICIPANT-417908	CTDC-SURGERY-653224	Obedientia_civium_urbis_felicitas	604	labor_ipse_voluptas	No	damnant_quod_non_intellegunt	faber_est_suae_quisque_fortunae	salus_in_arduis
surgery	CTDC-PARTICIPANT-417908	CTDC-SURGERY-919488	scientia_et_sapientia	543	scientia_imperii_decus_et_tutamen	No	e_causa_ignota	labor_ipse_voluptas	faber_est_suae_quisque_fortunae
surgery	CTDC-PARTICIPANT-573652	CTDC-SURGERY-703252	saltus_in_demonstrando	667	scientiae_cedit_mare	Yes	Gallia_est_omnis_divisa_in_partes_tres	scientia_imperii_decus_et_tutamen	Macte_animo_Generose_puer_sic_itur_ad_astra
surgery	CTDC-PARTICIPANT-573652	CTDC-SURGERY-950673	e_causa_ignota	167	O_Tite_tute_Tati_tibi_tanta_tyranne_tulisti	Yes	id_quod_plerumque_accidit	Gallia_est_omnis_divisa_in_partes_tres	nanos_gigantum_humeris_insidentes
surgery	CTDC-PARTICIPANT-756028	CTDC-SURGERY-365447	a_bene_placito	19	Obedientia_civium_urbis_felicitas	No	scientiae_cedit_mare	barba_crescit_caput_nescit	scientia_imperii_decus_et_tutamen
surgery	CTDC-PARTICIPANT-756028	CTDC-SURGERY-525021	labor_ipse_voluptas	809	scientia_et_labor	No	salus_in_arduis	scientia_et_sapientia	scientia_et_sapientia
surgery	CTDC-PARTICIPANT-145487	CTDC-SURGERY-155924	nanos_gigantum_humeris_insidentes	310	faber_est_suae_quisque_fortunae	No	faber_est_suae_quisque_fortunae	scientiae_cedit_mare	e_causa_ignota
surgery	CTDC-PARTICIPANT-145487	CTDC-SURGERY-264540	scientia_et_labor	190	scientiae_et_patriae	No	salus_in_arduis	e_causa_ignota	pace_tua
surgery	CTDC-PARTICIPANT-300101	CTDC-SURGERY-255755	labor_ipse_voluptas	245	Gallia_est_omnis_divisa_in_partes_tres	Yes	e_causa_ignota	a_bene_placito	nascentes_morimur_finisque_ab_origine_pendet
surgery	CTDC-PARTICIPANT-300101	CTDC-SURGERY-891413	scientia,_aere_perennius	43	scientia,_aere_perennius	No	scientia,_aere_perennius	id_quod_plerumque_accidit	cacatum_non_est_pictum
surgery	CTDC-PARTICIPANT-868867	CTDC-SURGERY-922367	Gallia_est_omnis_divisa_in_partes_tres	306	salus_in_arduis	No	saltus_in_demonstrando	scientiae_cedit_mare	id_quod_plerumque_accidit
surgery	CTDC-PARTICIPANT-868867	CTDC-SURGERY-439221	id_quod_plerumque_accidit	617	scientia_et_sapientia	No	saltus_in_demonstrando	labor_ipse_voluptas	imperium_in_imperio
surgery	CTDC-PARTICIPANT-246582	CTDC-SURGERY-722020	sapiens_qui_prospicit	274	scientiae_cedit_mare	No	cacatum_non_est_pictum	Macte_animo_Generose_puer_sic_itur_ad_astra	pace_tua
surgery	CTDC-PARTICIPANT-246582	CTDC-SURGERY-387980	scientia_et_labor	44	labor_ipse_voluptas	Yes	sapiens_qui_prospicit	scientiae_et_patriae	e_causa_ignota
surgery	CTDC-PARTICIPANT-193517	CTDC-SURGERY-742503	damnant_quod_non_intellegunt	357	nascentes_morimur_finisque_ab_origine_pendet	Yes	scientia,_aere_perennius	faber_est_suae_quisque_fortunae	nascentes_morimur_finisque_ab_origine_pendet
surgery	CTDC-PARTICIPANT-193517	CTDC-SURGERY-552096	labor_ipse_voluptas	172	scientiae_cedit_mare	Yes	salus_in_arduis	nanos_gigantum_humeris_insidentes	scientia_et_labor
surgery	CTDC-PARTICIPANT-730791	CTDC-SURGERY-690475	damnant_quod_non_intellegunt	732	e_causa_ignota	Yes	id_quod_plerumque_accidit	scientia_et_sapientia	barba_crescit_caput_nescit
surgery	CTDC-PARTICIPANT-730791	CTDC-SURGERY-983223	faber_est_suae_quisque_fortunae	118	imperium_in_imperio	No	scientia,_aere_perennius	scientia,_aere_perennius	scientiae_et_patriae
surgery	CTDC-PARTICIPANT-245717	CTDC-SURGERY-100730	scientia_imperii_decus_et_tutamen	172	scientia_et_labor	No	salus_in_arduis	nanos_gigantum_humeris_insidentes	scientia,_aere_perennius
surgery	CTDC-PARTICIPANT-245717	CTDC-SURGERY-266972	faber_est_suae_quisque_fortunae	881	scientia_et_sapientia	No	labor_ipse_voluptas	a_bene_placito	a_bene_placito
surgery	CTDC-PARTICIPANT-144381	CTDC-SURGERY-447885	haec_olim_meminisse_iuvabit	629	scientia_et_sapientia	Yes	nanos_gigantum_humeris_insidentes	sapiens_qui_prospicit	damnant_quod_non_intellegunt
surgery	CTDC-PARTICIPANT-144381	CTDC-SURGERY-604108	scientiae_et_patriae	902	labor_ipse_voluptas	Yes	cacatum_non_est_pictum	scientia,_aere_perennius	imperium_in_imperio
surgery	CTDC-PARTICIPANT-615561	CTDC-SURGERY-498044	Macte_animo_Generose_puer_sic_itur_ad_astra	121	nanos_gigantum_humeris_insidentes	Yes	saltus_in_demonstrando	pace_tua	pace_tua
surgery	CTDC-PARTICIPANT-615561	CTDC-SURGERY-394354	scientiae_et_patriae	603	Macte_animo_Generose_puer_sic_itur_ad_astra	Yes	sapiens_qui_prospicit	pace_tua	scientia_imperii_decus_et_tutamen
surgery	CTDC-PARTICIPANT-903334	CTDC-SURGERY-426645	sapiens_qui_prospicit	470	barba_crescit_caput_nescit	No	a_bene_placito	faber_est_suae_quisque_fortunae	haec_olim_meminisse_iuvabit
surgery	CTDC-PARTICIPANT-903334	CTDC-SURGERY-172568	a_bene_placito	898	scientiae_et_patriae	No	scientia_imperii_decus_et_tutamen	scientia_et_sapientia	scientia_et_sapientia
surgery	CTDC-PARTICIPANT-168762	CTDC-SURGERY-810397	id_quod_plerumque_accidit	492	damnant_quod_non_intellegunt	Yes	damnant_quod_non_intellegunt	barba_crescit_caput_nescit	pace_tua
surgery	CTDC-PARTICIPANT-168762	CTDC-SURGERY-984414	haec_olim_meminisse_iuvabit	593	scientia_imperii_decus_et_tutamen	No	cacatum_non_est_pictum	Gallia_est_omnis_divisa_in_partes_tres	scientiae_et_patriae
surgery	CTDC-PARTICIPANT-511763	CTDC-SURGERY-331417	scientia_et_sapientia	209	scientiae_et_patriae	No	scientia_imperii_decus_et_tutamen	e_causa_ignota	Macte_animo_Generose_puer_sic_itur_ad_astra
surgery	CTDC-PARTICIPANT-511763	CTDC-SURGERY-571289	O_Tite_tute_Tati_tibi_tanta_tyranne_tulisti	543	O_Tite_tute_Tati_tibi_tanta_tyranne_tulisti	Yes	scientiae_cedit_mare	scientia_et_sapientia	haec_olim_meminisse_iuvabit
surgery	CTDC-PARTICIPANT-943722	CTDC-SURGERY-774907	nascentes_morimur_finisque_ab_origine_pendet	632	nanos_gigantum_humeris_insidentes	Yes	nascentes_morimur_finisque_ab_origine_pendet	scientia_et_sapientia	haec_olim_meminisse_iuvabit
surgery	CTDC-PARTICIPANT-943722	CTDC-SURGERY-824037	saltus_in_demonstrando	756	scientia_imperii_decus_et_tutamen	Yes	haec_olim_meminisse_iuvabit	saltus_in_demonstrando	scientia,_aere_perennius
surgery	CTDC-PARTICIPANT-119050	CTDC-SURGERY-909637	nanos_gigantum_humeris_insidentes	487	imperium_in_imperio	Yes	O_Tite_tute_Tati_tibi_tanta_tyranne_tulisti	scientia,_aere_perennius	haec_olim_meminisse_iuvabit
surgery	CTDC-PARTICIPANT-119050	CTDC-SURGERY-656734	nascentes_morimur_finisque_ab_origine_pendet	286	nascentes_morimur_finisque_ab_origine_pendet	No	nascentes_morimur_finisque_ab_origine_pendet	damnant_quod_non_intellegunt	scientia_imperii_decus_et_tutamen
surgery	CTDC-PARTICIPANT-869188	CTDC-SURGERY-326350	cacatum_non_est_pictum	883	nanos_gigantum_humeris_insidentes	Yes	nascentes_morimur_finisque_ab_origine_pendet	salus_in_arduis	sapiens_qui_prospicit
surgery	CTDC-PARTICIPANT-869188	CTDC-SURGERY-375046	scientia_et_labor	598	scientia,_aere_perennius	Yes	O_Tite_tute_Tati_tibi_tanta_tyranne_tulisti	imperium_in_imperio	saltus_in_demonstrando
surgery	CTDC-PARTICIPANT-733770	CTDC-SURGERY-136268	scientia_et_sapientia	978	sapiens_qui_prospicit	Yes	damnant_quod_non_intellegunt	nascentes_morimur_finisque_ab_origine_pendet	nascentes_morimur_finisque_ab_origine_pendet
surgery	CTDC-PARTICIPANT-733770	CTDC-SURGERY-225367	barba_crescit_caput_nescit	85	pace_tua	No	barba_crescit_caput_nescit	faber_est_suae_quisque_fortunae	sapiens_qui_prospicit
surgery	CTDC-PARTICIPANT-117926	CTDC-SURGERY-499884	nascentes_morimur_finisque_ab_origine_pendet	700	Macte_animo_Generose_puer_sic_itur_ad_astra	Yes	cacatum_non_est_pictum	Obedientia_civium_urbis_felicitas	scientia_imperii_decus_et_tutamen
surgery	CTDC-PARTICIPANT-117926	CTDC-SURGERY-334872	damnant_quod_non_intellegunt	703	e_causa_ignota	Yes	Gallia_est_omnis_divisa_in_partes_tres	id_quod_plerumque_accidit	pace_tua
surgery	CTDC-PARTICIPANT-910438	CTDC-SURGERY-537202	e_causa_ignota	649	scientia_et_labor	No	cacatum_non_est_pictum	scientia,_aere_perennius	Macte_animo_Generose_puer_sic_itur_ad_astra
surgery	CTDC-PARTICIPANT-910438	CTDC-SURGERY-130132	id_quod_plerumque_accidit	481	Gallia_est_omnis_divisa_in_partes_tres	Yes	Obedientia_civium_urbis_felicitas	saltus_in_demonstrando	saltus_in_demonstrando
surgery	CTDC-PARTICIPANT-556810	CTDC-SURGERY-813658	scientiae_cedit_mare	375	labor_ipse_voluptas	Yes	Macte_animo_Generose_puer_sic_itur_ad_astra	labor_ipse_voluptas	Macte_animo_Generose_puer_sic_itur_ad_astra
surgery	CTDC-PARTICIPANT-556810	CTDC-SURGERY-605803	damnant_quod_non_intellegunt	442	sapiens_qui_prospicit	Yes	Obedientia_civium_urbis_felicitas	nascentes_morimur_finisque_ab_origine_pendet	sapiens_qui_prospicit
surgery	CTDC-PARTICIPANT-532435	CTDC-SURGERY-465757	id_quod_plerumque_accidit	175	id_quod_plerumque_accidit	No	sapiens_qui_prospicit	pace_tua	scientia,_aere_perennius
surgery	CTDC-PARTICIPANT-532435	CTDC-SURGERY-965876	nascentes_morimur_finisque_ab_origine_pendet	379	nanos_gigantum_humeris_insidentes	Yes	scientia,_aere_perennius	scientia,_aere_perennius	saltus_in_demonstrando
surgery	CTDC-PARTICIPANT-122581	CTDC-SURGERY-889173	Macte_animo_Generose_puer_sic_itur_ad_astra	136	cacatum_non_est_pictum	No	O_Tite_tute_Tati_tibi_tanta_tyranne_tulisti	scientia_et_sapientia	O_Tite_tute_Tati_tibi_tanta_tyranne_tulisti
surgery	CTDC-PARTICIPANT-122581	CTDC-SURGERY-426514	e_causa_ignota	785	Gallia_est_omnis_divisa_in_partes_tres	Yes	damnant_quod_non_intellegunt	scientiae_et_patriae	nanos_gigantum_humeris_insidentes
surgery	CTDC-PARTICIPANT-644940	CTDC-SURGERY-833429	damnant_quod_non_intellegunt	299	Gallia_est_omnis_divisa_in_partes_tres	Yes	nanos_gigantum_humeris_insidentes	a_bene_placito	faber_est_suae_quisque_fortunae
surgery	CTDC-PARTICIPANT-644940	CTDC-SURGERY-949104	sapiens_qui_prospicit	784	barba_crescit_caput_nescit	Yes	damnant_quod_non_intellegunt	Macte_animo_Generose_puer_sic_itur_ad_astra	scientia_et_sapientia
surgery	CTDC-PARTICIPANT-858046	CTDC-SURGERY-624268	scientia_imperii_decus_et_tutamen	217	nascentes_morimur_finisque_ab_origine_pendet	Yes	id_quod_plerumque_accidit	scientia_imperii_decus_et_tutamen	saltus_in_demonstrando
surgery	CTDC-PARTICIPANT-858046	CTDC-SURGERY-296049	damnant_quod_non_intellegunt	311	pace_tua	No	cacatum_non_est_pictum	scientiae_et_patriae	imperium_in_imperio
surgery	CTDC-PARTICIPANT-931464	CTDC-SURGERY-168217	e_causa_ignota	291	scientia_et_labor	No	scientia_imperii_decus_et_tutamen	scientiae_et_patriae	cacatum_non_est_pictum
surgery	CTDC-PARTICIPANT-931464	CTDC-SURGERY-164571	scientia_imperii_decus_et_tutamen	801	scientiae_cedit_mare	No	labor_ipse_voluptas	labor_ipse_voluptas	O_Tite_tute_Tati_tibi_tanta_tyranne_tulisti
surgery	CTDC-PARTICIPANT-569880	CTDC-SURGERY-326602	scientia_et_labor	428	nanos_gigantum_humeris_insidentes	Yes	sapiens_qui_prospicit	cacatum_non_est_pictum	nascentes_morimur_finisque_ab_origine_pendet
surgery	CTDC-PARTICIPANT-569880	CTDC-SURGERY-539367	Macte_animo_Generose_puer_sic_itur_ad_astra	898	damnant_quod_non_intellegunt	No	scientia_imperii_decus_et_tutamen	cacatum_non_est_pictum	a_bene_placito
surgery	CTDC-PARTICIPANT-148831	CTDC-SURGERY-824711	scientiae_cedit_mare	651	labor_ipse_voluptas	Yes	scientia_imperii_decus_et_tutamen	scientia_et_labor	haec_olim_meminisse_iuvabit
surgery	CTDC-PARTICIPANT-148831	CTDC-SURGERY-266264	a_bene_placito	952	faber_est_suae_quisque_fortunae	No	e_causa_ignota	imperium_in_imperio	salus_in_arduis
surgery	CTDC-PARTICIPANT-975244	CTDC-SURGERY-631556	scientia_imperii_decus_et_tutamen	858	scientiae_cedit_mare	Yes	sapiens_qui_prospicit	faber_est_suae_quisque_fortunae	e_causa_ignota
surgery	CTDC-PARTICIPANT-975244	CTDC-SURGERY-500906	Macte_animo_Generose_puer_sic_itur_ad_astra	427	id_quod_plerumque_accidit	No	nascentes_morimur_finisque_ab_origine_pendet	cacatum_non_est_pictum	cacatum_non_est_pictum
surgery	CTDC-PARTICIPANT-570320	CTDC-SURGERY-801057	faber_est_suae_quisque_fortunae	720	Obedientia_civium_urbis_felicitas	No	scientia_et_labor	saltus_in_demonstrando	cacatum_non_est_pictum
surgery	CTDC-PARTICIPANT-570320	CTDC-SURGERY-572623	saltus_in_demonstrando	653	e_causa_ignota	No	Gallia_est_omnis_divisa_in_partes_tres	O_Tite_tute_Tati_tibi_tanta_tyranne_tulisti	e_causa_ignota
surgery	CTDC-PARTICIPANT-541078	CTDC-SURGERY-190822	id_quod_plerumque_accidit	615	scientia_imperii_decus_et_tutamen	No	scientia_et_labor	scientia_imperii_decus_et_tutamen	nanos_gigantum_humeris_insidentes
surgery	CTDC-PARTICIPANT-541078	CTDC-SURGERY-799847	Gallia_est_omnis_divisa_in_partes_tres	847	a_bene_placito	Yes	nascentes_morimur_finisque_ab_origine_pendet	scientia,_aere_perennius	labor_ipse_voluptas
surgery	CTDC-PARTICIPANT-468519	CTDC-SURGERY-915678	sapiens_qui_prospicit	810	nascentes_morimur_finisque_ab_origine_pendet	No	a_bene_placito	nanos_gigantum_humeris_insidentes	Obedientia_civium_urbis_felicitas
surgery	CTDC-PARTICIPANT-468519	CTDC-SURGERY-202419	barba_crescit_caput_nescit	928	a_bene_placito	No	saltus_in_demonstrando	imperium_in_imperio	O_Tite_tute_Tati_tibi_tanta_tyranne_tulisti
surgery	CTDC-PARTICIPANT-480884	CTDC-SURGERY-210502	nanos_gigantum_humeris_insidentes	812	scientia_et_labor	Yes	a_bene_placito	nanos_gigantum_humeris_insidentes	pace_tua
surgery	CTDC-PARTICIPANT-480884	CTDC-SURGERY-627671	imperium_in_imperio	94	scientia,_aere_perennius	Yes	haec_olim_meminisse_iuvabit	scientia_et_sapientia	faber_est_suae_quisque_fortunae
surgery	CTDC-PARTICIPANT-479769	CTDC-SURGERY-494040	scientiae_et_patriae	823	e_causa_ignota	Yes	Macte_animo_Generose_puer_sic_itur_ad_astra	e_causa_ignota	scientia_imperii_decus_et_tutamen
surgery	CTDC-PARTICIPANT-479769	CTDC-SURGERY-627471	nascentes_morimur_finisque_ab_origine_pendet	512	scientia,_aere_perennius	Yes	salus_in_arduis	scientia_et_labor	scientiae_cedit_mare
surgery	CTDC-PARTICIPANT-776559	CTDC-SURGERY-226678	e_causa_ignota	194	pace_tua	Yes	saltus_in_demonstrando	e_causa_ignota	saltus_in_demonstrando
surgery	CTDC-PARTICIPANT-776559	CTDC-SURGERY-861587	barba_crescit_caput_nescit	586	a_bene_placito	Yes	haec_olim_meminisse_iuvabit	scientia_imperii_decus_et_tutamen	O_Tite_tute_Tati_tibi_tanta_tyranne_tulisti
surgery	CTDC-PARTICIPANT-722812	CTDC-SURGERY-621567	barba_crescit_caput_nescit	537	scientia,_aere_perennius	Yes	O_Tite_tute_Tati_tibi_tanta_tyranne_tulisti	saltus_in_demonstrando	scientiae_et_patriae
surgery	CTDC-PARTICIPANT-722812	CTDC-SURGERY-532475	O_Tite_tute_Tati_tibi_tanta_tyranne_tulisti	267	scientia_imperii_decus_et_tutamen	No	O_Tite_tute_Tati_tibi_tanta_tyranne_tulisti	scientia,_aere_perennius	a_bene_placito
surgery	CTDC-PARTICIPANT-144749	CTDC-SURGERY-455407	Obedientia_civium_urbis_felicitas	756	Gallia_est_omnis_divisa_in_partes_tres	Yes	sapiens_qui_prospicit	Gallia_est_omnis_divisa_in_partes_tres	damnant_quod_non_intellegunt
surgery	CTDC-PARTICIPANT-144749	CTDC-SURGERY-427428	scientia_et_sapientia	423	labor_ipse_voluptas	No	scientia,_aere_perennius	Obedientia_civium_urbis_felicitas	a_bene_placito
surgery	CTDC-PARTICIPANT-509623	CTDC-SURGERY-942268	Obedientia_civium_urbis_felicitas	45	sapiens_qui_prospicit	No	O_Tite_tute_Tati_tibi_tanta_tyranne_tulisti	cacatum_non_est_pictum	scientia,_aere_perennius
surgery	CTDC-PARTICIPANT-509623	CTDC-SURGERY-904198	O_Tite_tute_Tati_tibi_tanta_tyranne_tulisti	302	a_bene_placito	No	nanos_gigantum_humeris_insidentes	damnant_quod_non_intellegunt	labor_ipse_voluptas
surgery	CTDC-PARTICIPANT-178770	CTDC-SURGERY-892511	scientia_et_sapientia	840	faber_est_suae_quisque_fortunae	No	scientia_et_sapientia	e_causa_ignota	salus_in_arduis
surgery	CTDC-PARTICIPANT-178770	CTDC-SURGERY-498237	Macte_animo_Generose_puer_sic_itur_ad_astra	479	Macte_animo_Generose_puer_sic_itur_ad_astra	No	nascentes_morimur_finisque_ab_origine_pendet	a_bene_placito	scientia_et_labor
surgery	CTDC-PARTICIPANT-880097	CTDC-SURGERY-842357	Obedientia_civium_urbis_felicitas	163	Obedientia_civium_urbis_felicitas	Yes	e_causa_ignota	e_causa_ignota	scientiae_cedit_mare
surgery	CTDC-PARTICIPANT-880097	CTDC-SURGERY-191113	haec_olim_meminisse_iuvabit	971	nanos_gigantum_humeris_insidentes	No	faber_est_suae_quisque_fortunae	saltus_in_demonstrando	nascentes_morimur_finisque_ab_origine_pendet
surgery	CTDC-PARTICIPANT-578590	CTDC-SURGERY-488360	scientia_imperii_decus_et_tutamen	355	e_causa_ignota	No	nanos_gigantum_humeris_insidentes	O_Tite_tute_Tati_tibi_tanta_tyranne_tulisti	imperium_in_imperio
surgery	CTDC-PARTICIPANT-578590	CTDC-SURGERY-291751	Macte_animo_Generose_puer_sic_itur_ad_astra	786	faber_est_suae_quisque_fortunae	Yes	scientiae_cedit_mare	labor_ipse_voluptas	O_Tite_tute_Tati_tibi_tanta_tyranne_tulisti
surgery	CTDC-PARTICIPANT-144502	CTDC-SURGERY-871752	salus_in_arduis	863	e_causa_ignota	No	nascentes_morimur_finisque_ab_origine_pendet	scientiae_cedit_mare	haec_olim_meminisse_iuvabit
surgery	CTDC-PARTICIPANT-144502	CTDC-SURGERY-198744	saltus_in_demonstrando	719	haec_olim_meminisse_iuvabit	Yes	e_causa_ignota	scientia_et_labor	saltus_in_demonstrando
surgery	CTDC-PARTICIPANT-180514	CTDC-SURGERY-282474	faber_est_suae_quisque_fortunae	944	sapiens_qui_prospicit	Yes	barba_crescit_caput_nescit	haec_olim_meminisse_iuvabit	faber_est_suae_quisque_fortunae
surgery	CTDC-PARTICIPANT-180514	CTDC-SURGERY-534164	imperium_in_imperio	427	salus_in_arduis	Yes	O_Tite_tute_Tati_tibi_tanta_tyranne_tulisti	pace_tua	damnant_quod_non_intellegunt
surgery	CTDC-PARTICIPANT-326731	CTDC-SURGERY-554910	scientiae_et_patriae	260	saltus_in_demonstrando	No	scientiae_cedit_mare	imperium_in_imperio	pace_tua
surgery	CTDC-PARTICIPANT-326731	CTDC-SURGERY-537701	scientia,_aere_perennius	420	Obedientia_civium_urbis_felicitas	Yes	scientiae_et_patriae	O_Tite_tute_Tati_tibi_tanta_tyranne_tulisti	id_quod_plerumque_accidit
surgery	CTDC-PARTICIPANT-548508	CTDC-SURGERY-394717	barba_crescit_caput_nescit	878	a_bene_placito	No	id_quod_plerumque_accidit	salus_in_arduis	pace_tua
surgery	CTDC-PARTICIPANT-548508	CTDC-SURGERY-487131	saltus_in_demonstrando	166	sapiens_qui_prospicit	No	id_quod_plerumque_accidit	sapiens_qui_prospicit	scientiae_et_patriae
surgery	CTDC-PARTICIPANT-124632	CTDC-SURGERY-915061	damnant_quod_non_intellegunt	871	Gallia_est_omnis_divisa_in_partes_tres	No	damnant_quod_non_intellegunt	e_causa_ignota	haec_olim_meminisse_iuvabit
surgery	CTDC-PARTICIPANT-124632	CTDC-SURGERY-902363	scientiae_cedit_mare	37	damnant_quod_non_intellegunt	No	scientia,_aere_perennius	sapiens_qui_prospicit	a_bene_placito
surgery	CTDC-PARTICIPANT-868232	CTDC-SURGERY-783305	O_Tite_tute_Tati_tibi_tanta_tyranne_tulisti	649	scientiae_cedit_mare	No	scientiae_et_patriae	scientia_et_labor	scientia,_aere_perennius
surgery	CTDC-PARTICIPANT-868232	CTDC-SURGERY-107491	e_causa_ignota	132	nascentes_morimur_finisque_ab_origine_pendet	Yes	scientiae_cedit_mare	pace_tua	scientia_imperii_decus_et_tutamen
surgery	CTDC-PARTICIPANT-953395	CTDC-SURGERY-179290	scientiae_cedit_mare	217	Macte_animo_Generose_puer_sic_itur_ad_astra	Yes	scientiae_cedit_mare	scientia_imperii_decus_et_tutamen	cacatum_non_est_pictum
surgery	CTDC-PARTICIPANT-953395	CTDC-SURGERY-457007	saltus_in_demonstrando	555	saltus_in_demonstrando	Yes	scientia,_aere_perennius	id_quod_plerumque_accidit	Macte_animo_Generose_puer_sic_itur_ad_astra
surgery	CTDC-PARTICIPANT-789514	CTDC-SURGERY-758505	scientia,_aere_perennius	98	cacatum_non_est_pictum	No	scientia_et_sapientia	cacatum_non_est_pictum	O_Tite_tute_Tati_tibi_tanta_tyranne_tulisti
surgery	CTDC-PARTICIPANT-789514	CTDC-SURGERY-528917	saltus_in_demonstrando	661	saltus_in_demonstrando	No	saltus_in_demonstrando	e_causa_ignota	imperium_in_imperio
surgery	CTDC-PARTICIPANT-551066	CTDC-SURGERY-113868	O_Tite_tute_Tati_tibi_tanta_tyranne_tulisti	460	O_Tite_tute_Tati_tibi_tanta_tyranne_tulisti	Yes	faber_est_suae_quisque_fortunae	saltus_in_demonstrando	barba_crescit_caput_nescit
surgery	CTDC-PARTICIPANT-551066	CTDC-SURGERY-454950	imperium_in_imperio	693	Macte_animo_Generose_puer_sic_itur_ad_astra	Yes	salus_in_arduis	labor_ipse_voluptas	haec_olim_meminisse_iuvabit
surgery	CTDC-PARTICIPANT-889503	CTDC-SURGERY-495218	O_Tite_tute_Tati_tibi_tanta_tyranne_tulisti	80	id_quod_plerumque_accidit	Yes	labor_ipse_voluptas	scientiae_et_patriae	scientia_et_labor
surgery	CTDC-PARTICIPANT-889503	CTDC-SURGERY-187794	salus_in_arduis	685	scientia_et_labor	No	scientia,_aere_perennius	barba_crescit_caput_nescit	id_quod_plerumque_accidit
surgery	CTDC-PARTICIPANT-520702	CTDC-SURGERY-930662	O_Tite_tute_Tati_tibi_tanta_tyranne_tulisti	763	pace_tua	Yes	barba_crescit_caput_nescit	scientia_et_sapientia	labor_ipse_voluptas
surgery	CTDC-PARTICIPANT-520702	CTDC-SURGERY-358212	a_bene_placito	874	cacatum_non_est_pictum	Yes	sapiens_qui_prospicit	sapiens_qui_prospicit	Macte_animo_Generose_puer_sic_itur_ad_astra
surgery	CTDC-PARTICIPANT-817454	CTDC-SURGERY-246006	scientiae_cedit_mare	553	scientia,_aere_perennius	No	scientia_imperii_decus_et_tutamen	scientia,_aere_perennius	pace_tua
surgery	CTDC-PARTICIPANT-817454	CTDC-SURGERY-950389	faber_est_suae_quisque_fortunae	976	scientiae_cedit_mare	Yes	cacatum_non_est_pictum	scientia,_aere_perennius	saltus_in_demonstrando
surgery	CTDC-PARTICIPANT-178969	CTDC-SURGERY-215466	scientia_imperii_decus_et_tutamen	326	id_quod_plerumque_accidit	Yes	salus_in_arduis	O_Tite_tute_Tati_tibi_tanta_tyranne_tulisti	damnant_quod_non_intellegunt
surgery	CTDC-PARTICIPANT-178969	CTDC-SURGERY-780329	Gallia_est_omnis_divisa_in_partes_tres	300	haec_olim_meminisse_iuvabit	No	saltus_in_demonstrando	labor_ipse_voluptas	faber_est_suae_quisque_fortunae
surgery	CTDC-PARTICIPANT-838660	CTDC-SURGERY-747885	barba_crescit_caput_nescit	402	a_bene_placito	No	scientia_et_labor	scientia_imperii_decus_et_tutamen	faber_est_suae_quisque_fortunae
surgery	CTDC-PARTICIPANT-838660	CTDC-SURGERY-308660	e_causa_ignota	434	saltus_in_demonstrando	Yes	imperium_in_imperio	sapiens_qui_prospicit	imperium_in_imperio
surgery	CTDC-PARTICIPANT-299283	CTDC-SURGERY-851491	cacatum_non_est_pictum	656	nanos_gigantum_humeris_insidentes	No	damnant_quod_non_intellegunt	sapiens_qui_prospicit	scientia_imperii_decus_et_tutamen
surgery	CTDC-PARTICIPANT-299283	CTDC-SURGERY-671367	damnant_quod_non_intellegunt	835	scientiae_et_patriae	Yes	scientia,_aere_perennius	haec_olim_meminisse_iuvabit	O_Tite_tute_Tati_tibi_tanta_tyranne_tulisti
surgery	CTDC-PARTICIPANT-916037	CTDC-SURGERY-678435	Gallia_est_omnis_divisa_in_partes_tres	127	Obedientia_civium_urbis_felicitas	Yes	scientiae_cedit_mare	imperium_in_imperio	salus_in_arduis
surgery	CTDC-PARTICIPANT-916037	CTDC-SURGERY-358196	e_causa_ignota	781	damnant_quod_non_intellegunt	Yes	Macte_animo_Generose_puer_sic_itur_ad_astra	Gallia_est_omnis_divisa_in_partes_tres	O_Tite_tute_Tati_tibi_tanta_tyranne_tulisti
surgery	CTDC-PARTICIPANT-582896	CTDC-SURGERY-278178	cacatum_non_est_pictum	819	sapiens_qui_prospicit	No	Gallia_est_omnis_divisa_in_partes_tres	scientia_et_sapientia	faber_est_suae_quisque_fortunae
surgery	CTDC-PARTICIPANT-582896	CTDC-SURGERY-359711	e_causa_ignota	527	labor_ipse_voluptas	No	Macte_animo_Generose_puer_sic_itur_ad_astra	Obedientia_civium_urbis_felicitas	sapiens_qui_prospicit
surgery	CTDC-PARTICIPANT-213116	CTDC-SURGERY-766882	salus_in_arduis	974	haec_olim_meminisse_iuvabit	No	haec_olim_meminisse_iuvabit	scientia_et_labor	scientia_et_labor
surgery	CTDC-PARTICIPANT-213116	CTDC-SURGERY-479921	O_Tite_tute_Tati_tibi_tanta_tyranne_tulisti	800	scientia_imperii_decus_et_tutamen	Yes	e_causa_ignota	damnant_quod_non_intellegunt	scientiae_et_patriae
surgery	CTDC-PARTICIPANT-700912	CTDC-SURGERY-901396	barba_crescit_caput_nescit	597	sapiens_qui_prospicit	Yes	cacatum_non_est_pictum	nanos_gigantum_humeris_insidentes	labor_ipse_voluptas
surgery	CTDC-PARTICIPANT-700912	CTDC-SURGERY-219360	nanos_gigantum_humeris_insidentes	445	faber_est_suae_quisque_fortunae	No	O_Tite_tute_Tati_tibi_tanta_tyranne_tulisti	scientiae_et_patriae	saltus_in_demonstrando
surgery	CTDC-PARTICIPANT-631370	CTDC-SURGERY-843967	saltus_in_demonstrando	575	scientia,_aere_perennius	Yes	haec_olim_meminisse_iuvabit	cacatum_non_est_pictum	damnant_quod_non_intellegunt
surgery	CTDC-PARTICIPANT-631370	CTDC-SURGERY-596356	saltus_in_demonstrando	129	nascentes_morimur_finisque_ab_origine_pendet	Yes	scientia,_aere_perennius	scientiae_cedit_mare	cacatum_non_est_pictum
surgery	CTDC-PARTICIPANT-155194	CTDC-SURGERY-733957	damnant_quod_non_intellegunt	124	scientia_et_labor	Yes	imperium_in_imperio	barba_crescit_caput_nescit	Macte_animo_Generose_puer_sic_itur_ad_astra
surgery	CTDC-PARTICIPANT-155194	CTDC-SURGERY-965413	scientia,_aere_perennius	182	e_causa_ignota	No	imperium_in_imperio	O_Tite_tute_Tati_tibi_tanta_tyranne_tulisti	nascentes_morimur_finisque_ab_origine_pendet
surgery	CTDC-PARTICIPANT-341031	CTDC-SURGERY-714858	scientia,_aere_perennius	563	barba_crescit_caput_nescit	No	labor_ipse_voluptas	scientia_et_labor	Obedientia_civium_urbis_felicitas
surgery	CTDC-PARTICIPANT-341031	CTDC-SURGERY-800185	saltus_in_demonstrando	158	pace_tua	No	scientia_imperii_decus_et_tutamen	Macte_animo_Generose_puer_sic_itur_ad_astra	Obedientia_civium_urbis_felicitas
surgery	CTDC-PARTICIPANT-603503	CTDC-SURGERY-818660	scientia_et_labor	337	faber_est_suae_quisque_fortunae	No	pace_tua	id_quod_plerumque_accidit	a_bene_placito
surgery	CTDC-PARTICIPANT-603503	CTDC-SURGERY-210545	scientia_imperii_decus_et_tutamen	822	damnant_quod_non_intellegunt	No	salus_in_arduis	saltus_in_demonstrando	labor_ipse_voluptas
surgery	CTDC-PARTICIPANT-177817	CTDC-SURGERY-547815	imperium_in_imperio	35	scientia_et_labor	No	nanos_gigantum_humeris_insidentes	barba_crescit_caput_nescit	damnant_quod_non_intellegunt
surgery	CTDC-PARTICIPANT-177817	CTDC-SURGERY-471384	pace_tua	465	scientiae_cedit_mare	No	scientiae_cedit_mare	scientiae_cedit_mare	nascentes_morimur_finisque_ab_origine_pendet
surgery	CTDC-PARTICIPANT-899013	CTDC-SURGERY-781079	saltus_in_demonstrando	691	nanos_gigantum_humeris_insidentes	No	imperium_in_imperio	labor_ipse_voluptas	saltus_in_demonstrando
surgery	CTDC-PARTICIPANT-899013	CTDC-SURGERY-578930	imperium_in_imperio	189	scientia,_aere_perennius	Yes	nanos_gigantum_humeris_insidentes	saltus_in_demonstrando	faber_est_suae_quisque_fortunae
surgery	CTDC-PARTICIPANT-959532	CTDC-SURGERY-809527	id_quod_plerumque_accidit	34	Obedientia_civium_urbis_felicitas	No	faber_est_suae_quisque_fortunae	Gallia_est_omnis_divisa_in_partes_tres	imperium_in_imperio
surgery	CTDC-PARTICIPANT-959532	CTDC-SURGERY-716913	imperium_in_imperio	711	scientia_imperii_decus_et_tutamen	Yes	haec_olim_meminisse_iuvabit	haec_olim_meminisse_iuvabit	pace_tua
surgery	CTDC-PARTICIPANT-379481	CTDC-SURGERY-226126	faber_est_suae_quisque_fortunae	307	haec_olim_meminisse_iuvabit	No	sapiens_qui_prospicit	scientia,_aere_perennius	pace_tua
surgery	CTDC-PARTICIPANT-379481	CTDC-SURGERY-987995	nanos_gigantum_humeris_insidentes	82	nascentes_morimur_finisque_ab_origine_pendet	No	nascentes_morimur_finisque_ab_origine_pendet	scientia,_aere_perennius	Gallia_est_omnis_divisa_in_partes_tres
surgery	CTDC-PARTICIPANT-112719	CTDC-SURGERY-288799	scientia_et_labor	726	labor_ipse_voluptas	No	imperium_in_imperio	imperium_in_imperio	a_bene_placito
surgery	CTDC-PARTICIPANT-112719	CTDC-SURGERY-801514	labor_ipse_voluptas	38	haec_olim_meminisse_iuvabit	Yes	faber_est_suae_quisque_fortunae	a_bene_placito	salus_in_arduis
surgery	CTDC-PARTICIPANT-855649	CTDC-SURGERY-597488	Gallia_est_omnis_divisa_in_partes_tres	165	scientia_et_labor	Yes	scientia_et_labor	damnant_quod_non_intellegunt	saltus_in_demonstrando
surgery	CTDC-PARTICIPANT-855649	CTDC-SURGERY-575913	id_quod_plerumque_accidit	840	sapiens_qui_prospicit	Yes	id_quod_plerumque_accidit	a_bene_placito	cacatum_non_est_pictum
surgery	CTDC-PARTICIPANT-340189	CTDC-SURGERY-977363	saltus_in_demonstrando	605	scientiae_cedit_mare	Yes	faber_est_suae_quisque_fortunae	scientia,_aere_perennius	nanos_gigantum_humeris_insidentes
surgery	CTDC-PARTICIPANT-340189	CTDC-SURGERY-551991	pace_tua	335	nascentes_morimur_finisque_ab_origine_pendet	No	pace_tua	cacatum_non_est_pictum	nanos_gigantum_humeris_insidentes
surgery	CTDC-PARTICIPANT-975541	CTDC-SURGERY-840215	nascentes_morimur_finisque_ab_origine_pendet	252	cacatum_non_est_pictum	No	scientia,_aere_perennius	id_quod_plerumque_accidit	sapiens_qui_prospicit
surgery	CTDC-PARTICIPANT-975541	CTDC-SURGERY-641762	nascentes_morimur_finisque_ab_origine_pendet	687	scientia_imperii_decus_et_tutamen	No	scientiae_cedit_mare	Gallia_est_omnis_divisa_in_partes_tres	labor_ipse_voluptas
