type	participant.participant_id	surgical_procedure_record_id	surgical_procedure	surgical_procedure_date	surgical_procedure_anatomical_location	surgical_procedure_therapeutic	surgical_procedure_findings	extent_of_residual_disease	crdc_id
surgery	CTDC-PARTICIPANT-940697	CTDC-SURGERY-594307	Obedientia_civium_urbis_felicitas	968	cacatum_non_est_pictum	No	imperium_in_imperio	faber_est_suae_quisque_fortunae	cacatum_non_est_pictum
surgery	CTDC-PARTICIPANT-940697	CTDC-SURGERY-574473	Obedientia_civium_urbis_felicitas	264	nanos_gigantum_humeris_insidentes	Yes	cacatum_non_est_pictum	scientia_imperii_decus_et_tutamen	sapiens_qui_prospicit
surgery	CTDC-PARTICIPANT-295588	CTDC-SURGERY-648585	labor_ipse_voluptas	199	e_causa_ignota	Yes	id_quod_plerumque_accidit	scientiae_et_patriae	scientiae_et_patriae
surgery	CTDC-PARTICIPANT-295588	CTDC-SURGERY-283342	Obedientia_civium_urbis_felicitas	591	scientiae_cedit_mare	No	sapiens_qui_prospicit	cacatum_non_est_pictum	saltus_in_demonstrando
surgery	CTDC-PARTICIPANT-950265	CTDC-SURGERY-701241	scientia_et_labor	228	scientia_et_sapientia	Yes	damnant_quod_non_intellegunt	scientiae_cedit_mare	e_causa_ignota
surgery	CTDC-PARTICIPANT-950265	CTDC-SURGERY-970818	Gallia_est_omnis_divisa_in_partes_tres	683	Macte_animo_Generose_puer_sic_itur_ad_astra	No	scientiae_cedit_mare	id_quod_plerumque_accidit	faber_est_suae_quisque_fortunae
surgery	CTDC-PARTICIPANT-831328	CTDC-SURGERY-210728	O_Tite_tute_Tati_tibi_tanta_tyranne_tulisti	892	scientiae_cedit_mare	Yes	scientia_imperii_decus_et_tutamen	nanos_gigantum_humeris_insidentes	saltus_in_demonstrando
surgery	CTDC-PARTICIPANT-831328	CTDC-SURGERY-270957	saltus_in_demonstrando	794	pace_tua	Yes	Obedientia_civium_urbis_felicitas	salus_in_arduis	barba_crescit_caput_nescit
surgery	CTDC-PARTICIPANT-719227	CTDC-SURGERY-844964	a_bene_placito	874	cacatum_non_est_pictum	Yes	saltus_in_demonstrando	scientia,_aere_perennius	scientia_et_sapientia
surgery	CTDC-PARTICIPANT-719227	CTDC-SURGERY-323475	nascentes_morimur_finisque_ab_origine_pendet	884	imperium_in_imperio	Yes	scientia_imperii_decus_et_tutamen	scientiae_et_patriae	scientia,_aere_perennius
surgery	CTDC-PARTICIPANT-528022	CTDC-SURGERY-112948	O_Tite_tute_Tati_tibi_tanta_tyranne_tulisti	821	Obedientia_civium_urbis_felicitas	Yes	e_causa_ignota	haec_olim_meminisse_iuvabit	haec_olim_meminisse_iuvabit
surgery	CTDC-PARTICIPANT-528022	CTDC-SURGERY-832237	scientia_imperii_decus_et_tutamen	655	labor_ipse_voluptas	Yes	Obedientia_civium_urbis_felicitas	pace_tua	barba_crescit_caput_nescit
surgery	CTDC-PARTICIPANT-100099	CTDC-SURGERY-686348	imperium_in_imperio	246	scientia_et_labor	Yes	labor_ipse_voluptas	scientia_et_labor	imperium_in_imperio
surgery	CTDC-PARTICIPANT-100099	CTDC-SURGERY-208666	faber_est_suae_quisque_fortunae	332	cacatum_non_est_pictum	No	saltus_in_demonstrando	pace_tua	imperium_in_imperio
surgery	CTDC-PARTICIPANT-855147	CTDC-SURGERY-515034	nanos_gigantum_humeris_insidentes	478	Obedientia_civium_urbis_felicitas	No	barba_crescit_caput_nescit	cacatum_non_est_pictum	Obedientia_civium_urbis_felicitas
surgery	CTDC-PARTICIPANT-855147	CTDC-SURGERY-817779	scientiae_cedit_mare	938	haec_olim_meminisse_iuvabit	No	scientia,_aere_perennius	cacatum_non_est_pictum	barba_crescit_caput_nescit
surgery	CTDC-PARTICIPANT-628469	CTDC-SURGERY-517575	haec_olim_meminisse_iuvabit	489	haec_olim_meminisse_iuvabit	No	salus_in_arduis	id_quod_plerumque_accidit	cacatum_non_est_pictum
surgery	CTDC-PARTICIPANT-628469	CTDC-SURGERY-981685	nascentes_morimur_finisque_ab_origine_pendet	932	O_Tite_tute_Tati_tibi_tanta_tyranne_tulisti	No	id_quod_plerumque_accidit	barba_crescit_caput_nescit	imperium_in_imperio
surgery	CTDC-PARTICIPANT-635909	CTDC-SURGERY-964152	e_causa_ignota	144	pace_tua	No	imperium_in_imperio	scientia_et_sapientia	scientia_et_labor
surgery	CTDC-PARTICIPANT-635909	CTDC-SURGERY-295368	id_quod_plerumque_accidit	966	haec_olim_meminisse_iuvabit	Yes	pace_tua	scientiae_cedit_mare	e_causa_ignota
surgery	CTDC-PARTICIPANT-735210	CTDC-SURGERY-625323	Gallia_est_omnis_divisa_in_partes_tres	820	imperium_in_imperio	Yes	O_Tite_tute_Tati_tibi_tanta_tyranne_tulisti	e_causa_ignota	O_Tite_tute_Tati_tibi_tanta_tyranne_tulisti
surgery	CTDC-PARTICIPANT-735210	CTDC-SURGERY-574874	haec_olim_meminisse_iuvabit	631	O_Tite_tute_Tati_tibi_tanta_tyranne_tulisti	No	imperium_in_imperio	Gallia_est_omnis_divisa_in_partes_tres	salus_in_arduis
surgery	CTDC-PARTICIPANT-716246	CTDC-SURGERY-267068	pace_tua	501	cacatum_non_est_pictum	No	imperium_in_imperio	haec_olim_meminisse_iuvabit	pace_tua
surgery	CTDC-PARTICIPANT-716246	CTDC-SURGERY-880098	imperium_in_imperio	955	Macte_animo_Generose_puer_sic_itur_ad_astra	Yes	scientiae_cedit_mare	saltus_in_demonstrando	scientia_et_sapientia
surgery	CTDC-PARTICIPANT-702973	CTDC-SURGERY-907705	salus_in_arduis	898	e_causa_ignota	Yes	haec_olim_meminisse_iuvabit	scientiae_et_patriae	labor_ipse_voluptas
surgery	CTDC-PARTICIPANT-702973	CTDC-SURGERY-914723	scientia,_aere_perennius	791	Obedientia_civium_urbis_felicitas	Yes	scientia,_aere_perennius	Obedientia_civium_urbis_felicitas	pace_tua
surgery	CTDC-PARTICIPANT-808487	CTDC-SURGERY-416430	haec_olim_meminisse_iuvabit	628	a_bene_placito	No	Gallia_est_omnis_divisa_in_partes_tres	Macte_animo_Generose_puer_sic_itur_ad_astra	nascentes_morimur_finisque_ab_origine_pendet
surgery	CTDC-PARTICIPANT-808487	CTDC-SURGERY-560286	id_quod_plerumque_accidit	720	scientia_imperii_decus_et_tutamen	No	faber_est_suae_quisque_fortunae	scientia_et_labor	Macte_animo_Generose_puer_sic_itur_ad_astra
surgery	CTDC-PARTICIPANT-131113	CTDC-SURGERY-947862	Macte_animo_Generose_puer_sic_itur_ad_astra	487	O_Tite_tute_Tati_tibi_tanta_tyranne_tulisti	No	nascentes_morimur_finisque_ab_origine_pendet	Obedientia_civium_urbis_felicitas	salus_in_arduis
surgery	CTDC-PARTICIPANT-131113	CTDC-SURGERY-940451	sapiens_qui_prospicit	664	Obedientia_civium_urbis_felicitas	No	Macte_animo_Generose_puer_sic_itur_ad_astra	Gallia_est_omnis_divisa_in_partes_tres	faber_est_suae_quisque_fortunae
surgery	CTDC-PARTICIPANT-186856	CTDC-SURGERY-956213	Gallia_est_omnis_divisa_in_partes_tres	239	scientia_et_sapientia	No	nanos_gigantum_humeris_insidentes	nascentes_morimur_finisque_ab_origine_pendet	salus_in_arduis
surgery	CTDC-PARTICIPANT-186856	CTDC-SURGERY-211955	e_causa_ignota	218	scientiae_cedit_mare	Yes	haec_olim_meminisse_iuvabit	e_causa_ignota	labor_ipse_voluptas
surgery	CTDC-PARTICIPANT-178070	CTDC-SURGERY-351606	Gallia_est_omnis_divisa_in_partes_tres	905	Macte_animo_Generose_puer_sic_itur_ad_astra	Yes	scientiae_cedit_mare	scientia_imperii_decus_et_tutamen	faber_est_suae_quisque_fortunae
surgery	CTDC-PARTICIPANT-178070	CTDC-SURGERY-821978	nascentes_morimur_finisque_ab_origine_pendet	33	sapiens_qui_prospicit	No	faber_est_suae_quisque_fortunae	damnant_quod_non_intellegunt	e_causa_ignota
surgery	CTDC-PARTICIPANT-632761	CTDC-SURGERY-625145	haec_olim_meminisse_iuvabit	995	Obedientia_civium_urbis_felicitas	No	scientia,_aere_perennius	e_causa_ignota	cacatum_non_est_pictum
surgery	CTDC-PARTICIPANT-632761	CTDC-SURGERY-118791	labor_ipse_voluptas	132	scientia_et_sapientia	Yes	pace_tua	scientia_et_labor	Obedientia_civium_urbis_felicitas
surgery	CTDC-PARTICIPANT-148295	CTDC-SURGERY-658094	labor_ipse_voluptas	594	salus_in_arduis	No	scientiae_et_patriae	e_causa_ignota	damnant_quod_non_intellegunt
surgery	CTDC-PARTICIPANT-148295	CTDC-SURGERY-133710	pace_tua	488	barba_crescit_caput_nescit	Yes	labor_ipse_voluptas	Obedientia_civium_urbis_felicitas	cacatum_non_est_pictum
surgery	CTDC-PARTICIPANT-210035	CTDC-SURGERY-872454	saltus_in_demonstrando	964	salus_in_arduis	No	scientiae_et_patriae	damnant_quod_non_intellegunt	a_bene_placito
surgery	CTDC-PARTICIPANT-210035	CTDC-SURGERY-395093	e_causa_ignota	945	a_bene_placito	No	sapiens_qui_prospicit	e_causa_ignota	id_quod_plerumque_accidit
surgery	CTDC-PARTICIPANT-314035	CTDC-SURGERY-285080	Gallia_est_omnis_divisa_in_partes_tres	881	scientia,_aere_perennius	Yes	Gallia_est_omnis_divisa_in_partes_tres	nascentes_morimur_finisque_ab_origine_pendet	sapiens_qui_prospicit
surgery	CTDC-PARTICIPANT-314035	CTDC-SURGERY-583197	a_bene_placito	223	damnant_quod_non_intellegunt	No	scientia_imperii_decus_et_tutamen	salus_in_arduis	pace_tua
surgery	CTDC-PARTICIPANT-959772	CTDC-SURGERY-689824	faber_est_suae_quisque_fortunae	253	Gallia_est_omnis_divisa_in_partes_tres	Yes	haec_olim_meminisse_iuvabit	a_bene_placito	faber_est_suae_quisque_fortunae
surgery	CTDC-PARTICIPANT-959772	CTDC-SURGERY-431982	scientiae_et_patriae	376	sapiens_qui_prospicit	Yes	barba_crescit_caput_nescit	faber_est_suae_quisque_fortunae	scientia_et_sapientia
surgery	CTDC-PARTICIPANT-531425	CTDC-SURGERY-999107	O_Tite_tute_Tati_tibi_tanta_tyranne_tulisti	543	barba_crescit_caput_nescit	No	Macte_animo_Generose_puer_sic_itur_ad_astra	imperium_in_imperio	scientia_imperii_decus_et_tutamen
surgery	CTDC-PARTICIPANT-531425	CTDC-SURGERY-606512	scientia_et_labor	701	faber_est_suae_quisque_fortunae	No	Obedientia_civium_urbis_felicitas	scientiae_et_patriae	nanos_gigantum_humeris_insidentes
surgery	CTDC-PARTICIPANT-801713	CTDC-SURGERY-774553	Macte_animo_Generose_puer_sic_itur_ad_astra	228	haec_olim_meminisse_iuvabit	No	barba_crescit_caput_nescit	damnant_quod_non_intellegunt	e_causa_ignota
surgery	CTDC-PARTICIPANT-801713	CTDC-SURGERY-135233	pace_tua	666	scientia_et_labor	Yes	scientia,_aere_perennius	damnant_quod_non_intellegunt	sapiens_qui_prospicit
surgery	CTDC-PARTICIPANT-515074	CTDC-SURGERY-802007	saltus_in_demonstrando	153	nascentes_morimur_finisque_ab_origine_pendet	No	scientia,_aere_perennius	a_bene_placito	e_causa_ignota
surgery	CTDC-PARTICIPANT-515074	CTDC-SURGERY-535959	cacatum_non_est_pictum	749	scientiae_cedit_mare	Yes	damnant_quod_non_intellegunt	salus_in_arduis	scientia_et_sapientia
surgery	CTDC-PARTICIPANT-720549	CTDC-SURGERY-636389	Obedientia_civium_urbis_felicitas	130	scientia_et_labor	No	imperium_in_imperio	a_bene_placito	scientia_imperii_decus_et_tutamen
surgery	CTDC-PARTICIPANT-720549	CTDC-SURGERY-426012	e_causa_ignota	252	nascentes_morimur_finisque_ab_origine_pendet	Yes	cacatum_non_est_pictum	salus_in_arduis	haec_olim_meminisse_iuvabit
surgery	CTDC-PARTICIPANT-293581	CTDC-SURGERY-981541	id_quod_plerumque_accidit	177	Macte_animo_Generose_puer_sic_itur_ad_astra	No	scientia_imperii_decus_et_tutamen	cacatum_non_est_pictum	Obedientia_civium_urbis_felicitas
surgery	CTDC-PARTICIPANT-293581	CTDC-SURGERY-202871	haec_olim_meminisse_iuvabit	389	Gallia_est_omnis_divisa_in_partes_tres	No	faber_est_suae_quisque_fortunae	nascentes_morimur_finisque_ab_origine_pendet	pace_tua
surgery	CTDC-PARTICIPANT-746931	CTDC-SURGERY-718006	barba_crescit_caput_nescit	960	Macte_animo_Generose_puer_sic_itur_ad_astra	Yes	imperium_in_imperio	Macte_animo_Generose_puer_sic_itur_ad_astra	imperium_in_imperio
surgery	CTDC-PARTICIPANT-746931	CTDC-SURGERY-218124	pace_tua	935	salus_in_arduis	Yes	sapiens_qui_prospicit	pace_tua	scientiae_cedit_mare
surgery	CTDC-PARTICIPANT-920877	CTDC-SURGERY-460860	nanos_gigantum_humeris_insidentes	798	e_causa_ignota	No	nascentes_morimur_finisque_ab_origine_pendet	scientiae_cedit_mare	Macte_animo_Generose_puer_sic_itur_ad_astra
surgery	CTDC-PARTICIPANT-920877	CTDC-SURGERY-106555	haec_olim_meminisse_iuvabit	992	scientiae_et_patriae	Yes	labor_ipse_voluptas	scientia,_aere_perennius	scientia_imperii_decus_et_tutamen
surgery	CTDC-PARTICIPANT-775344	CTDC-SURGERY-766792	barba_crescit_caput_nescit	767	faber_est_suae_quisque_fortunae	Yes	scientia,_aere_perennius	Obedientia_civium_urbis_felicitas	barba_crescit_caput_nescit
surgery	CTDC-PARTICIPANT-775344	CTDC-SURGERY-439154	barba_crescit_caput_nescit	468	saltus_in_demonstrando	Yes	id_quod_plerumque_accidit	nascentes_morimur_finisque_ab_origine_pendet	Gallia_est_omnis_divisa_in_partes_tres
surgery	CTDC-PARTICIPANT-192505	CTDC-SURGERY-772365	sapiens_qui_prospicit	133	scientia_et_labor	Yes	a_bene_placito	scientia,_aere_perennius	cacatum_non_est_pictum
surgery	CTDC-PARTICIPANT-192505	CTDC-SURGERY-296852	cacatum_non_est_pictum	799	cacatum_non_est_pictum	No	Macte_animo_Generose_puer_sic_itur_ad_astra	saltus_in_demonstrando	imperium_in_imperio
surgery	CTDC-PARTICIPANT-908756	CTDC-SURGERY-228402	barba_crescit_caput_nescit	41	scientia,_aere_perennius	No	Macte_animo_Generose_puer_sic_itur_ad_astra	a_bene_placito	sapiens_qui_prospicit
surgery	CTDC-PARTICIPANT-908756	CTDC-SURGERY-273160	id_quod_plerumque_accidit	502	O_Tite_tute_Tati_tibi_tanta_tyranne_tulisti	No	Macte_animo_Generose_puer_sic_itur_ad_astra	Obedientia_civium_urbis_felicitas	damnant_quod_non_intellegunt
surgery	CTDC-PARTICIPANT-464092	CTDC-SURGERY-623233	O_Tite_tute_Tati_tibi_tanta_tyranne_tulisti	569	saltus_in_demonstrando	Yes	Obedientia_civium_urbis_felicitas	id_quod_plerumque_accidit	faber_est_suae_quisque_fortunae
surgery	CTDC-PARTICIPANT-464092	CTDC-SURGERY-322721	pace_tua	952	scientia_et_labor	No	scientia,_aere_perennius	labor_ipse_voluptas	scientia_et_labor
surgery	CTDC-PARTICIPANT-811159	CTDC-SURGERY-524617	sapiens_qui_prospicit	64	pace_tua	Yes	nascentes_morimur_finisque_ab_origine_pendet	cacatum_non_est_pictum	sapiens_qui_prospicit
surgery	CTDC-PARTICIPANT-811159	CTDC-SURGERY-273625	cacatum_non_est_pictum	922	pace_tua	No	faber_est_suae_quisque_fortunae	haec_olim_meminisse_iuvabit	scientia_imperii_decus_et_tutamen
surgery	CTDC-PARTICIPANT-398389	CTDC-SURGERY-527014	scientia_et_labor	285	id_quod_plerumque_accidit	No	Obedientia_civium_urbis_felicitas	scientiae_cedit_mare	pace_tua
surgery	CTDC-PARTICIPANT-398389	CTDC-SURGERY-840200	scientia_et_sapientia	899	nanos_gigantum_humeris_insidentes	No	a_bene_placito	pace_tua	scientia,_aere_perennius
surgery	CTDC-PARTICIPANT-848512	CTDC-SURGERY-965710	saltus_in_demonstrando	995	Obedientia_civium_urbis_felicitas	Yes	id_quod_plerumque_accidit	O_Tite_tute_Tati_tibi_tanta_tyranne_tulisti	cacatum_non_est_pictum
surgery	CTDC-PARTICIPANT-848512	CTDC-SURGERY-121045	id_quod_plerumque_accidit	176	scientia,_aere_perennius	No	scientiae_cedit_mare	Obedientia_civium_urbis_felicitas	scientia_et_labor
surgery	CTDC-PARTICIPANT-599371	CTDC-SURGERY-340230	saltus_in_demonstrando	83	id_quod_plerumque_accidit	Yes	barba_crescit_caput_nescit	Gallia_est_omnis_divisa_in_partes_tres	Macte_animo_Generose_puer_sic_itur_ad_astra
surgery	CTDC-PARTICIPANT-599371	CTDC-SURGERY-843145	salus_in_arduis	153	pace_tua	Yes	scientia_et_sapientia	scientiae_et_patriae	Obedientia_civium_urbis_felicitas
surgery	CTDC-PARTICIPANT-855609	CTDC-SURGERY-543889	O_Tite_tute_Tati_tibi_tanta_tyranne_tulisti	621	scientiae_et_patriae	No	salus_in_arduis	scientiae_cedit_mare	scientia,_aere_perennius
surgery	CTDC-PARTICIPANT-855609	CTDC-SURGERY-623569	O_Tite_tute_Tati_tibi_tanta_tyranne_tulisti	676	Gallia_est_omnis_divisa_in_partes_tres	Yes	O_Tite_tute_Tati_tibi_tanta_tyranne_tulisti	Obedientia_civium_urbis_felicitas	Gallia_est_omnis_divisa_in_partes_tres
surgery	CTDC-PARTICIPANT-879618	CTDC-SURGERY-434152	salus_in_arduis	523	scientia_et_sapientia	No	e_causa_ignota	Gallia_est_omnis_divisa_in_partes_tres	scientiae_et_patriae
surgery	CTDC-PARTICIPANT-879618	CTDC-SURGERY-180398	sapiens_qui_prospicit	359	Macte_animo_Generose_puer_sic_itur_ad_astra	Yes	nanos_gigantum_humeris_insidentes	imperium_in_imperio	scientia_imperii_decus_et_tutamen
surgery	CTDC-PARTICIPANT-683664	CTDC-SURGERY-844107	Macte_animo_Generose_puer_sic_itur_ad_astra	240	barba_crescit_caput_nescit	Yes	salus_in_arduis	id_quod_plerumque_accidit	pace_tua
surgery	CTDC-PARTICIPANT-683664	CTDC-SURGERY-204452	scientia_imperii_decus_et_tutamen	423	e_causa_ignota	No	scientia_imperii_decus_et_tutamen	scientia,_aere_perennius	nanos_gigantum_humeris_insidentes
surgery	CTDC-PARTICIPANT-772356	CTDC-SURGERY-993739	scientia,_aere_perennius	788	Gallia_est_omnis_divisa_in_partes_tres	No	scientia_et_sapientia	scientia_et_labor	scientia_et_labor
surgery	CTDC-PARTICIPANT-772356	CTDC-SURGERY-152912	Obedientia_civium_urbis_felicitas	859	scientia_imperii_decus_et_tutamen	Yes	a_bene_placito	salus_in_arduis	sapiens_qui_prospicit
surgery	CTDC-PARTICIPANT-641762	CTDC-SURGERY-955078	faber_est_suae_quisque_fortunae	47	scientia_et_sapientia	Yes	saltus_in_demonstrando	Gallia_est_omnis_divisa_in_partes_tres	cacatum_non_est_pictum
surgery	CTDC-PARTICIPANT-641762	CTDC-SURGERY-295659	Obedientia_civium_urbis_felicitas	47	Obedientia_civium_urbis_felicitas	No	nascentes_morimur_finisque_ab_origine_pendet	nanos_gigantum_humeris_insidentes	Macte_animo_Generose_puer_sic_itur_ad_astra
surgery	CTDC-PARTICIPANT-357366	CTDC-SURGERY-527442	a_bene_placito	904	O_Tite_tute_Tati_tibi_tanta_tyranne_tulisti	No	Obedientia_civium_urbis_felicitas	nascentes_morimur_finisque_ab_origine_pendet	nascentes_morimur_finisque_ab_origine_pendet
surgery	CTDC-PARTICIPANT-357366	CTDC-SURGERY-924674	scientia_et_sapientia	96	Obedientia_civium_urbis_felicitas	Yes	pace_tua	Obedientia_civium_urbis_felicitas	id_quod_plerumque_accidit
surgery	CTDC-PARTICIPANT-395458	CTDC-SURGERY-714707	Obedientia_civium_urbis_felicitas	666	e_causa_ignota	Yes	Gallia_est_omnis_divisa_in_partes_tres	salus_in_arduis	saltus_in_demonstrando
surgery	CTDC-PARTICIPANT-395458	CTDC-SURGERY-538209	saltus_in_demonstrando	714	imperium_in_imperio	Yes	nanos_gigantum_humeris_insidentes	Obedientia_civium_urbis_felicitas	scientia,_aere_perennius
surgery	CTDC-PARTICIPANT-237017	CTDC-SURGERY-958482	damnant_quod_non_intellegunt	718	Obedientia_civium_urbis_felicitas	No	scientia,_aere_perennius	nascentes_morimur_finisque_ab_origine_pendet	scientia_imperii_decus_et_tutamen
surgery	CTDC-PARTICIPANT-237017	CTDC-SURGERY-296903	scientiae_cedit_mare	271	labor_ipse_voluptas	Yes	haec_olim_meminisse_iuvabit	haec_olim_meminisse_iuvabit	Macte_animo_Generose_puer_sic_itur_ad_astra
surgery	CTDC-PARTICIPANT-423015	CTDC-SURGERY-822944	salus_in_arduis	602	Obedientia_civium_urbis_felicitas	Yes	labor_ipse_voluptas	Obedientia_civium_urbis_felicitas	a_bene_placito
surgery	CTDC-PARTICIPANT-423015	CTDC-SURGERY-807689	scientia_imperii_decus_et_tutamen	961	salus_in_arduis	No	scientiae_cedit_mare	salus_in_arduis	Macte_animo_Generose_puer_sic_itur_ad_astra
surgery	CTDC-PARTICIPANT-622116	CTDC-SURGERY-554420	sapiens_qui_prospicit	143	Macte_animo_Generose_puer_sic_itur_ad_astra	Yes	e_causa_ignota	scientia_et_labor	pace_tua
surgery	CTDC-PARTICIPANT-622116	CTDC-SURGERY-716785	sapiens_qui_prospicit	903	barba_crescit_caput_nescit	Yes	scientia,_aere_perennius	e_causa_ignota	salus_in_arduis
surgery	CTDC-PARTICIPANT-854884	CTDC-SURGERY-203676	nascentes_morimur_finisque_ab_origine_pendet	317	barba_crescit_caput_nescit	No	barba_crescit_caput_nescit	haec_olim_meminisse_iuvabit	scientia_et_sapientia
surgery	CTDC-PARTICIPANT-854884	CTDC-SURGERY-249370	nascentes_morimur_finisque_ab_origine_pendet	504	nanos_gigantum_humeris_insidentes	No	faber_est_suae_quisque_fortunae	pace_tua	scientia_imperii_decus_et_tutamen
surgery	CTDC-PARTICIPANT-593514	CTDC-SURGERY-501375	Macte_animo_Generose_puer_sic_itur_ad_astra	907	scientia,_aere_perennius	No	cacatum_non_est_pictum	salus_in_arduis	labor_ipse_voluptas
surgery	CTDC-PARTICIPANT-593514	CTDC-SURGERY-366203	labor_ipse_voluptas	536	scientia,_aere_perennius	No	nascentes_morimur_finisque_ab_origine_pendet	Gallia_est_omnis_divisa_in_partes_tres	Macte_animo_Generose_puer_sic_itur_ad_astra
surgery	CTDC-PARTICIPANT-456506	CTDC-SURGERY-943535	imperium_in_imperio	750	Macte_animo_Generose_puer_sic_itur_ad_astra	No	Obedientia_civium_urbis_felicitas	scientia_imperii_decus_et_tutamen	Macte_animo_Generose_puer_sic_itur_ad_astra
surgery	CTDC-PARTICIPANT-456506	CTDC-SURGERY-453141	nanos_gigantum_humeris_insidentes	375	damnant_quod_non_intellegunt	No	Macte_animo_Generose_puer_sic_itur_ad_astra	Gallia_est_omnis_divisa_in_partes_tres	O_Tite_tute_Tati_tibi_tanta_tyranne_tulisti
surgery	CTDC-PARTICIPANT-311363	CTDC-SURGERY-704297	faber_est_suae_quisque_fortunae	154	haec_olim_meminisse_iuvabit	No	Macte_animo_Generose_puer_sic_itur_ad_astra	labor_ipse_voluptas	barba_crescit_caput_nescit
surgery	CTDC-PARTICIPANT-311363	CTDC-SURGERY-814584	nascentes_morimur_finisque_ab_origine_pendet	792	faber_est_suae_quisque_fortunae	No	O_Tite_tute_Tati_tibi_tanta_tyranne_tulisti	Macte_animo_Generose_puer_sic_itur_ad_astra	salus_in_arduis
surgery	CTDC-PARTICIPANT-299574	CTDC-SURGERY-549901	id_quod_plerumque_accidit	962	labor_ipse_voluptas	No	e_causa_ignota	nanos_gigantum_humeris_insidentes	scientia_et_sapientia
surgery	CTDC-PARTICIPANT-299574	CTDC-SURGERY-514271	scientiae_et_patriae	649	sapiens_qui_prospicit	Yes	labor_ipse_voluptas	nascentes_morimur_finisque_ab_origine_pendet	scientiae_cedit_mare
surgery	CTDC-PARTICIPANT-864568	CTDC-SURGERY-155875	e_causa_ignota	684	damnant_quod_non_intellegunt	Yes	haec_olim_meminisse_iuvabit	scientia_et_sapientia	id_quod_plerumque_accidit
surgery	CTDC-PARTICIPANT-864568	CTDC-SURGERY-925598	a_bene_placito	484	haec_olim_meminisse_iuvabit	Yes	scientia_et_sapientia	faber_est_suae_quisque_fortunae	saltus_in_demonstrando
surgery	CTDC-PARTICIPANT-969646	CTDC-SURGERY-730008	scientia_et_sapientia	745	sapiens_qui_prospicit	Yes	scientiae_cedit_mare	scientia,_aere_perennius	pace_tua
surgery	CTDC-PARTICIPANT-969646	CTDC-SURGERY-816633	Gallia_est_omnis_divisa_in_partes_tres	832	labor_ipse_voluptas	No	nanos_gigantum_humeris_insidentes	labor_ipse_voluptas	damnant_quod_non_intellegunt
surgery	CTDC-PARTICIPANT-824899	CTDC-SURGERY-391999	cacatum_non_est_pictum	101	Macte_animo_Generose_puer_sic_itur_ad_astra	No	scientia_et_sapientia	O_Tite_tute_Tati_tibi_tanta_tyranne_tulisti	a_bene_placito
surgery	CTDC-PARTICIPANT-824899	CTDC-SURGERY-241755	scientia_et_labor	654	id_quod_plerumque_accidit	Yes	scientiae_cedit_mare	e_causa_ignota	scientiae_cedit_mare
surgery	CTDC-PARTICIPANT-624334	CTDC-SURGERY-642630	scientia_et_sapientia	321	scientiae_et_patriae	Yes	scientia,_aere_perennius	Obedientia_civium_urbis_felicitas	scientiae_et_patriae
surgery	CTDC-PARTICIPANT-624334	CTDC-SURGERY-670644	Obedientia_civium_urbis_felicitas	513	imperium_in_imperio	Yes	scientia_et_sapientia	Gallia_est_omnis_divisa_in_partes_tres	scientiae_cedit_mare
surgery	CTDC-PARTICIPANT-907836	CTDC-SURGERY-793723	scientia,_aere_perennius	480	pace_tua	Yes	Obedientia_civium_urbis_felicitas	O_Tite_tute_Tati_tibi_tanta_tyranne_tulisti	e_causa_ignota
surgery	CTDC-PARTICIPANT-907836	CTDC-SURGERY-595713	scientia_imperii_decus_et_tutamen	830	O_Tite_tute_Tati_tibi_tanta_tyranne_tulisti	No	salus_in_arduis	scientiae_et_patriae	nascentes_morimur_finisque_ab_origine_pendet
surgery	CTDC-PARTICIPANT-380189	CTDC-SURGERY-573435	scientiae_et_patriae	862	faber_est_suae_quisque_fortunae	Yes	scientiae_et_patriae	pace_tua	nascentes_morimur_finisque_ab_origine_pendet
surgery	CTDC-PARTICIPANT-380189	CTDC-SURGERY-981462	scientiae_et_patriae	45	labor_ipse_voluptas	No	a_bene_placito	scientia_et_sapientia	scientia_et_labor
surgery	CTDC-PARTICIPANT-255931	CTDC-SURGERY-326899	labor_ipse_voluptas	846	a_bene_placito	No	Gallia_est_omnis_divisa_in_partes_tres	scientia,_aere_perennius	labor_ipse_voluptas
surgery	CTDC-PARTICIPANT-255931	CTDC-SURGERY-776572	salus_in_arduis	116	haec_olim_meminisse_iuvabit	No	faber_est_suae_quisque_fortunae	Macte_animo_Generose_puer_sic_itur_ad_astra	id_quod_plerumque_accidit
surgery	CTDC-PARTICIPANT-713074	CTDC-SURGERY-402302	faber_est_suae_quisque_fortunae	195	scientia_imperii_decus_et_tutamen	Yes	sapiens_qui_prospicit	scientiae_et_patriae	labor_ipse_voluptas
surgery	CTDC-PARTICIPANT-713074	CTDC-SURGERY-561463	saltus_in_demonstrando	331	barba_crescit_caput_nescit	Yes	sapiens_qui_prospicit	haec_olim_meminisse_iuvabit	scientiae_et_patriae
surgery	CTDC-PARTICIPANT-592777	CTDC-SURGERY-381093	damnant_quod_non_intellegunt	612	saltus_in_demonstrando	Yes	haec_olim_meminisse_iuvabit	Macte_animo_Generose_puer_sic_itur_ad_astra	nanos_gigantum_humeris_insidentes
surgery	CTDC-PARTICIPANT-592777	CTDC-SURGERY-162591	barba_crescit_caput_nescit	401	id_quod_plerumque_accidit	No	barba_crescit_caput_nescit	nascentes_morimur_finisque_ab_origine_pendet	e_causa_ignota
surgery	CTDC-PARTICIPANT-759167	CTDC-SURGERY-977265	nanos_gigantum_humeris_insidentes	235	scientiae_cedit_mare	Yes	scientia_et_labor	O_Tite_tute_Tati_tibi_tanta_tyranne_tulisti	sapiens_qui_prospicit
surgery	CTDC-PARTICIPANT-759167	CTDC-SURGERY-561688	Obedientia_civium_urbis_felicitas	649	scientia_et_sapientia	No	damnant_quod_non_intellegunt	faber_est_suae_quisque_fortunae	saltus_in_demonstrando
surgery	CTDC-PARTICIPANT-162429	CTDC-SURGERY-715854	scientia,_aere_perennius	894	scientia_et_sapientia	No	Macte_animo_Generose_puer_sic_itur_ad_astra	scientia,_aere_perennius	a_bene_placito
surgery	CTDC-PARTICIPANT-162429	CTDC-SURGERY-900310	saltus_in_demonstrando	59	a_bene_placito	Yes	salus_in_arduis	barba_crescit_caput_nescit	sapiens_qui_prospicit
surgery	CTDC-PARTICIPANT-624958	CTDC-SURGERY-816571	scientia_et_labor	524	cacatum_non_est_pictum	No	haec_olim_meminisse_iuvabit	e_causa_ignota	a_bene_placito
surgery	CTDC-PARTICIPANT-624958	CTDC-SURGERY-218524	scientiae_et_patriae	57	O_Tite_tute_Tati_tibi_tanta_tyranne_tulisti	No	O_Tite_tute_Tati_tibi_tanta_tyranne_tulisti	faber_est_suae_quisque_fortunae	scientia_et_labor
surgery	CTDC-PARTICIPANT-445241	CTDC-SURGERY-910314	nanos_gigantum_humeris_insidentes	170	e_causa_ignota	Yes	nanos_gigantum_humeris_insidentes	barba_crescit_caput_nescit	saltus_in_demonstrando
surgery	CTDC-PARTICIPANT-445241	CTDC-SURGERY-742844	labor_ipse_voluptas	580	O_Tite_tute_Tati_tibi_tanta_tyranne_tulisti	Yes	id_quod_plerumque_accidit	labor_ipse_voluptas	scientia_et_labor
surgery	CTDC-PARTICIPANT-226801	CTDC-SURGERY-262451	id_quod_plerumque_accidit	999	sapiens_qui_prospicit	Yes	scientiae_cedit_mare	Macte_animo_Generose_puer_sic_itur_ad_astra	O_Tite_tute_Tati_tibi_tanta_tyranne_tulisti
surgery	CTDC-PARTICIPANT-226801	CTDC-SURGERY-447229	nascentes_morimur_finisque_ab_origine_pendet	97	salus_in_arduis	No	scientia_imperii_decus_et_tutamen	sapiens_qui_prospicit	scientiae_cedit_mare
surgery	CTDC-PARTICIPANT-800101	CTDC-SURGERY-163107	scientiae_et_patriae	731	faber_est_suae_quisque_fortunae	Yes	Macte_animo_Generose_puer_sic_itur_ad_astra	scientiae_et_patriae	cacatum_non_est_pictum
surgery	CTDC-PARTICIPANT-800101	CTDC-SURGERY-331700	cacatum_non_est_pictum	256	scientia,_aere_perennius	Yes	Obedientia_civium_urbis_felicitas	sapiens_qui_prospicit	e_causa_ignota
surgery	CTDC-PARTICIPANT-489962	CTDC-SURGERY-464179	damnant_quod_non_intellegunt	347	sapiens_qui_prospicit	Yes	damnant_quod_non_intellegunt	nanos_gigantum_humeris_insidentes	labor_ipse_voluptas
surgery	CTDC-PARTICIPANT-489962	CTDC-SURGERY-750219	e_causa_ignota	587	nascentes_morimur_finisque_ab_origine_pendet	Yes	labor_ipse_voluptas	imperium_in_imperio	id_quod_plerumque_accidit
surgery	CTDC-PARTICIPANT-617402	CTDC-SURGERY-940333	pace_tua	570	faber_est_suae_quisque_fortunae	No	haec_olim_meminisse_iuvabit	damnant_quod_non_intellegunt	Macte_animo_Generose_puer_sic_itur_ad_astra
surgery	CTDC-PARTICIPANT-617402	CTDC-SURGERY-406073	O_Tite_tute_Tati_tibi_tanta_tyranne_tulisti	794	a_bene_placito	No	salus_in_arduis	scientia_imperii_decus_et_tutamen	damnant_quod_non_intellegunt
surgery	CTDC-PARTICIPANT-934170	CTDC-SURGERY-805961	salus_in_arduis	315	scientiae_cedit_mare	No	nascentes_morimur_finisque_ab_origine_pendet	barba_crescit_caput_nescit	scientia_et_sapientia
surgery	CTDC-PARTICIPANT-934170	CTDC-SURGERY-837349	scientia_et_sapientia	571	scientiae_et_patriae	No	O_Tite_tute_Tati_tibi_tanta_tyranne_tulisti	pace_tua	salus_in_arduis
surgery	CTDC-PARTICIPANT-930739	CTDC-SURGERY-562849	faber_est_suae_quisque_fortunae	879	salus_in_arduis	Yes	Obedientia_civium_urbis_felicitas	faber_est_suae_quisque_fortunae	salus_in_arduis
surgery	CTDC-PARTICIPANT-930739	CTDC-SURGERY-796923	imperium_in_imperio	988	imperium_in_imperio	No	salus_in_arduis	sapiens_qui_prospicit	scientiae_et_patriae
surgery	CTDC-PARTICIPANT-785668	CTDC-SURGERY-656609	scientia_imperii_decus_et_tutamen	204	faber_est_suae_quisque_fortunae	Yes	scientia_et_sapientia	Obedientia_civium_urbis_felicitas	pace_tua
surgery	CTDC-PARTICIPANT-785668	CTDC-SURGERY-474985	imperium_in_imperio	943	nanos_gigantum_humeris_insidentes	No	scientia_imperii_decus_et_tutamen	Obedientia_civium_urbis_felicitas	nascentes_morimur_finisque_ab_origine_pendet
surgery	CTDC-PARTICIPANT-400918	CTDC-SURGERY-903553	labor_ipse_voluptas	612	labor_ipse_voluptas	Yes	scientia_et_sapientia	nascentes_morimur_finisque_ab_origine_pendet	scientiae_et_patriae
surgery	CTDC-PARTICIPANT-400918	CTDC-SURGERY-656195	scientia_et_sapientia	229	labor_ipse_voluptas	No	O_Tite_tute_Tati_tibi_tanta_tyranne_tulisti	damnant_quod_non_intellegunt	faber_est_suae_quisque_fortunae
surgery	CTDC-PARTICIPANT-531009	CTDC-SURGERY-954888	cacatum_non_est_pictum	60	haec_olim_meminisse_iuvabit	No	haec_olim_meminisse_iuvabit	Macte_animo_Generose_puer_sic_itur_ad_astra	faber_est_suae_quisque_fortunae
surgery	CTDC-PARTICIPANT-531009	CTDC-SURGERY-732215	scientia,_aere_perennius	995	scientiae_et_patriae	Yes	pace_tua	Macte_animo_Generose_puer_sic_itur_ad_astra	scientia_et_labor
surgery	CTDC-PARTICIPANT-165601	CTDC-SURGERY-222767	nanos_gigantum_humeris_insidentes	395	scientia_et_sapientia	No	barba_crescit_caput_nescit	haec_olim_meminisse_iuvabit	nanos_gigantum_humeris_insidentes
surgery	CTDC-PARTICIPANT-165601	CTDC-SURGERY-318990	labor_ipse_voluptas	224	faber_est_suae_quisque_fortunae	No	saltus_in_demonstrando	saltus_in_demonstrando	id_quod_plerumque_accidit
surgery	CTDC-PARTICIPANT-551570	CTDC-SURGERY-587765	saltus_in_demonstrando	101	saltus_in_demonstrando	Yes	e_causa_ignota	scientiae_cedit_mare	Obedientia_civium_urbis_felicitas
surgery	CTDC-PARTICIPANT-551570	CTDC-SURGERY-725135	scientia_imperii_decus_et_tutamen	297	salus_in_arduis	No	cacatum_non_est_pictum	scientia_et_sapientia	scientia_et_sapientia
surgery	CTDC-PARTICIPANT-175162	CTDC-SURGERY-521999	O_Tite_tute_Tati_tibi_tanta_tyranne_tulisti	968	id_quod_plerumque_accidit	Yes	imperium_in_imperio	nanos_gigantum_humeris_insidentes	a_bene_placito
surgery	CTDC-PARTICIPANT-175162	CTDC-SURGERY-171403	faber_est_suae_quisque_fortunae	937	O_Tite_tute_Tati_tibi_tanta_tyranne_tulisti	No	damnant_quod_non_intellegunt	Obedientia_civium_urbis_felicitas	faber_est_suae_quisque_fortunae
surgery	CTDC-PARTICIPANT-115872	CTDC-SURGERY-461004	Gallia_est_omnis_divisa_in_partes_tres	932	id_quod_plerumque_accidit	No	scientia,_aere_perennius	scientiae_cedit_mare	Macte_animo_Generose_puer_sic_itur_ad_astra
surgery	CTDC-PARTICIPANT-115872	CTDC-SURGERY-355335	haec_olim_meminisse_iuvabit	427	Gallia_est_omnis_divisa_in_partes_tres	Yes	haec_olim_meminisse_iuvabit	a_bene_placito	nanos_gigantum_humeris_insidentes
surgery	CTDC-PARTICIPANT-480277	CTDC-SURGERY-220595	nascentes_morimur_finisque_ab_origine_pendet	164	pace_tua	No	Obedientia_civium_urbis_felicitas	nascentes_morimur_finisque_ab_origine_pendet	nanos_gigantum_humeris_insidentes
surgery	CTDC-PARTICIPANT-480277	CTDC-SURGERY-624524	Gallia_est_omnis_divisa_in_partes_tres	563	damnant_quod_non_intellegunt	Yes	labor_ipse_voluptas	imperium_in_imperio	Gallia_est_omnis_divisa_in_partes_tres
surgery	CTDC-PARTICIPANT-304492	CTDC-SURGERY-190182	salus_in_arduis	726	id_quod_plerumque_accidit	No	salus_in_arduis	scientia_et_labor	O_Tite_tute_Tati_tibi_tanta_tyranne_tulisti
surgery	CTDC-PARTICIPANT-304492	CTDC-SURGERY-161802	barba_crescit_caput_nescit	70	nanos_gigantum_humeris_insidentes	Yes	nanos_gigantum_humeris_insidentes	damnant_quod_non_intellegunt	labor_ipse_voluptas
surgery	CTDC-PARTICIPANT-780147	CTDC-SURGERY-538660	damnant_quod_non_intellegunt	843	scientiae_et_patriae	No	sapiens_qui_prospicit	damnant_quod_non_intellegunt	scientia,_aere_perennius
surgery	CTDC-PARTICIPANT-780147	CTDC-SURGERY-656947	damnant_quod_non_intellegunt	67	labor_ipse_voluptas	No	id_quod_plerumque_accidit	Macte_animo_Generose_puer_sic_itur_ad_astra	a_bene_placito
surgery	CTDC-PARTICIPANT-155733	CTDC-SURGERY-121906	e_causa_ignota	287	imperium_in_imperio	Yes	Obedientia_civium_urbis_felicitas	scientia_et_sapientia	O_Tite_tute_Tati_tibi_tanta_tyranne_tulisti
surgery	CTDC-PARTICIPANT-155733	CTDC-SURGERY-129799	scientia,_aere_perennius	866	a_bene_placito	Yes	Macte_animo_Generose_puer_sic_itur_ad_astra	O_Tite_tute_Tati_tibi_tanta_tyranne_tulisti	sapiens_qui_prospicit
surgery	CTDC-PARTICIPANT-610906	CTDC-SURGERY-504475	imperium_in_imperio	941	scientia_et_sapientia	No	Macte_animo_Generose_puer_sic_itur_ad_astra	faber_est_suae_quisque_fortunae	Gallia_est_omnis_divisa_in_partes_tres
surgery	CTDC-PARTICIPANT-610906	CTDC-SURGERY-727344	scientia_et_labor	443	scientia_et_labor	Yes	sapiens_qui_prospicit	scientiae_et_patriae	a_bene_placito
surgery	CTDC-PARTICIPANT-132570	CTDC-SURGERY-777384	scientia_et_labor	683	nascentes_morimur_finisque_ab_origine_pendet	No	damnant_quod_non_intellegunt	scientia_et_sapientia	Obedientia_civium_urbis_felicitas
surgery	CTDC-PARTICIPANT-132570	CTDC-SURGERY-930905	scientiae_cedit_mare	413	salus_in_arduis	Yes	cacatum_non_est_pictum	pace_tua	e_causa_ignota
surgery	CTDC-PARTICIPANT-387859	CTDC-SURGERY-876619	labor_ipse_voluptas	292	barba_crescit_caput_nescit	Yes	cacatum_non_est_pictum	sapiens_qui_prospicit	nanos_gigantum_humeris_insidentes
surgery	CTDC-PARTICIPANT-387859	CTDC-SURGERY-116468	cacatum_non_est_pictum	474	scientiae_et_patriae	Yes	scientia_et_labor	imperium_in_imperio	scientiae_cedit_mare
surgery	CTDC-PARTICIPANT-554515	CTDC-SURGERY-951992	scientia,_aere_perennius	181	damnant_quod_non_intellegunt	No	scientiae_et_patriae	damnant_quod_non_intellegunt	nascentes_morimur_finisque_ab_origine_pendet
surgery	CTDC-PARTICIPANT-554515	CTDC-SURGERY-854300	imperium_in_imperio	858	id_quod_plerumque_accidit	Yes	nascentes_morimur_finisque_ab_origine_pendet	scientia,_aere_perennius	scientiae_et_patriae
surgery	CTDC-PARTICIPANT-813717	CTDC-SURGERY-521039	sapiens_qui_prospicit	79	barba_crescit_caput_nescit	Yes	a_bene_placito	Obedientia_civium_urbis_felicitas	scientia_imperii_decus_et_tutamen
surgery	CTDC-PARTICIPANT-813717	CTDC-SURGERY-342352	salus_in_arduis	818	saltus_in_demonstrando	No	scientia_imperii_decus_et_tutamen	salus_in_arduis	a_bene_placito
surgery	CTDC-PARTICIPANT-829393	CTDC-SURGERY-189913	scientia,_aere_perennius	523	faber_est_suae_quisque_fortunae	No	haec_olim_meminisse_iuvabit	a_bene_placito	labor_ipse_voluptas
surgery	CTDC-PARTICIPANT-829393	CTDC-SURGERY-785075	scientia,_aere_perennius	289	sapiens_qui_prospicit	No	haec_olim_meminisse_iuvabit	damnant_quod_non_intellegunt	haec_olim_meminisse_iuvabit
surgery	CTDC-PARTICIPANT-140828	CTDC-SURGERY-844471	id_quod_plerumque_accidit	726	nanos_gigantum_humeris_insidentes	Yes	id_quod_plerumque_accidit	Obedientia_civium_urbis_felicitas	a_bene_placito
surgery	CTDC-PARTICIPANT-140828	CTDC-SURGERY-848618	haec_olim_meminisse_iuvabit	298	salus_in_arduis	Yes	scientia,_aere_perennius	Obedientia_civium_urbis_felicitas	scientiae_et_patriae
surgery	CTDC-PARTICIPANT-153996	CTDC-SURGERY-941758	scientia,_aere_perennius	726	Macte_animo_Generose_puer_sic_itur_ad_astra	Yes	sapiens_qui_prospicit	damnant_quod_non_intellegunt	id_quod_plerumque_accidit
surgery	CTDC-PARTICIPANT-153996	CTDC-SURGERY-484993	faber_est_suae_quisque_fortunae	651	Gallia_est_omnis_divisa_in_partes_tres	Yes	haec_olim_meminisse_iuvabit	cacatum_non_est_pictum	scientiae_et_patriae
surgery	CTDC-PARTICIPANT-157188	CTDC-SURGERY-153175	scientia_et_labor	257	faber_est_suae_quisque_fortunae	No	sapiens_qui_prospicit	imperium_in_imperio	barba_crescit_caput_nescit
surgery	CTDC-PARTICIPANT-157188	CTDC-SURGERY-471217	O_Tite_tute_Tati_tibi_tanta_tyranne_tulisti	419	sapiens_qui_prospicit	Yes	pace_tua	haec_olim_meminisse_iuvabit	scientia,_aere_perennius
surgery	CTDC-PARTICIPANT-731202	CTDC-SURGERY-831434	haec_olim_meminisse_iuvabit	907	id_quod_plerumque_accidit	No	scientia_et_labor	id_quod_plerumque_accidit	saltus_in_demonstrando
surgery	CTDC-PARTICIPANT-731202	CTDC-SURGERY-775978	id_quod_plerumque_accidit	114	scientia,_aere_perennius	Yes	labor_ipse_voluptas	Macte_animo_Generose_puer_sic_itur_ad_astra	O_Tite_tute_Tati_tibi_tanta_tyranne_tulisti
surgery	CTDC-PARTICIPANT-541762	CTDC-SURGERY-978927	sapiens_qui_prospicit	142	e_causa_ignota	No	scientiae_cedit_mare	scientia_et_labor	faber_est_suae_quisque_fortunae
surgery	CTDC-PARTICIPANT-541762	CTDC-SURGERY-291000	nascentes_morimur_finisque_ab_origine_pendet	101	scientia_imperii_decus_et_tutamen	No	scientiae_et_patriae	nascentes_morimur_finisque_ab_origine_pendet	saltus_in_demonstrando
surgery	CTDC-PARTICIPANT-986899	CTDC-SURGERY-882002	labor_ipse_voluptas	876	cacatum_non_est_pictum	No	scientia,_aere_perennius	scientia_imperii_decus_et_tutamen	labor_ipse_voluptas
surgery	CTDC-PARTICIPANT-986899	CTDC-SURGERY-373964	faber_est_suae_quisque_fortunae	365	Obedientia_civium_urbis_felicitas	No	scientia,_aere_perennius	nascentes_morimur_finisque_ab_origine_pendet	haec_olim_meminisse_iuvabit
surgery	CTDC-PARTICIPANT-896676	CTDC-SURGERY-898645	Gallia_est_omnis_divisa_in_partes_tres	715	barba_crescit_caput_nescit	Yes	labor_ipse_voluptas	Gallia_est_omnis_divisa_in_partes_tres	saltus_in_demonstrando
surgery	CTDC-PARTICIPANT-896676	CTDC-SURGERY-144418	saltus_in_demonstrando	379	O_Tite_tute_Tati_tibi_tanta_tyranne_tulisti	No	haec_olim_meminisse_iuvabit	sapiens_qui_prospicit	scientiae_cedit_mare
surgery	CTDC-PARTICIPANT-617856	CTDC-SURGERY-197226	scientia_et_sapientia	754	O_Tite_tute_Tati_tibi_tanta_tyranne_tulisti	Yes	Obedientia_civium_urbis_felicitas	cacatum_non_est_pictum	scientiae_et_patriae
surgery	CTDC-PARTICIPANT-617856	CTDC-SURGERY-220040	saltus_in_demonstrando	674	Macte_animo_Generose_puer_sic_itur_ad_astra	No	scientia_et_sapientia	haec_olim_meminisse_iuvabit	O_Tite_tute_Tati_tibi_tanta_tyranne_tulisti
surgery	CTDC-PARTICIPANT-100150	CTDC-SURGERY-686433	pace_tua	212	id_quod_plerumque_accidit	No	scientia_et_labor	a_bene_placito	scientiae_et_patriae
surgery	CTDC-PARTICIPANT-100150	CTDC-SURGERY-754318	labor_ipse_voluptas	338	Gallia_est_omnis_divisa_in_partes_tres	Yes	faber_est_suae_quisque_fortunae	scientiae_et_patriae	barba_crescit_caput_nescit
surgery	CTDC-PARTICIPANT-489929	CTDC-SURGERY-720586	cacatum_non_est_pictum	420	Macte_animo_Generose_puer_sic_itur_ad_astra	Yes	saltus_in_demonstrando	scientia,_aere_perennius	a_bene_placito
surgery	CTDC-PARTICIPANT-489929	CTDC-SURGERY-412387	id_quod_plerumque_accidit	738	O_Tite_tute_Tati_tibi_tanta_tyranne_tulisti	Yes	saltus_in_demonstrando	id_quod_plerumque_accidit	damnant_quod_non_intellegunt
surgery	CTDC-PARTICIPANT-149982	CTDC-SURGERY-535325	scientia_et_sapientia	611	scientiae_et_patriae	Yes	Macte_animo_Generose_puer_sic_itur_ad_astra	salus_in_arduis	nanos_gigantum_humeris_insidentes
surgery	CTDC-PARTICIPANT-149982	CTDC-SURGERY-759691	damnant_quod_non_intellegunt	401	salus_in_arduis	No	cacatum_non_est_pictum	salus_in_arduis	e_causa_ignota
surgery	CTDC-PARTICIPANT-444431	CTDC-SURGERY-122738	scientia_et_sapientia	368	id_quod_plerumque_accidit	No	Gallia_est_omnis_divisa_in_partes_tres	saltus_in_demonstrando	Gallia_est_omnis_divisa_in_partes_tres
surgery	CTDC-PARTICIPANT-444431	CTDC-SURGERY-613960	id_quod_plerumque_accidit	191	scientia_et_labor	No	Gallia_est_omnis_divisa_in_partes_tres	Macte_animo_Generose_puer_sic_itur_ad_astra	labor_ipse_voluptas
surgery	CTDC-PARTICIPANT-348498	CTDC-SURGERY-966657	labor_ipse_voluptas	844	scientia_et_sapientia	Yes	O_Tite_tute_Tati_tibi_tanta_tyranne_tulisti	scientia_et_sapientia	nanos_gigantum_humeris_insidentes
surgery	CTDC-PARTICIPANT-348498	CTDC-SURGERY-790945	damnant_quod_non_intellegunt	96	nascentes_morimur_finisque_ab_origine_pendet	No	scientia_et_labor	scientia_et_sapientia	nascentes_morimur_finisque_ab_origine_pendet
surgery	CTDC-PARTICIPANT-151782	CTDC-SURGERY-623829	cacatum_non_est_pictum	608	scientia_et_sapientia	No	nanos_gigantum_humeris_insidentes	O_Tite_tute_Tati_tibi_tanta_tyranne_tulisti	Obedientia_civium_urbis_felicitas
surgery	CTDC-PARTICIPANT-151782	CTDC-SURGERY-246790	faber_est_suae_quisque_fortunae	970	nascentes_morimur_finisque_ab_origine_pendet	Yes	scientia_et_labor	Macte_animo_Generose_puer_sic_itur_ad_astra	haec_olim_meminisse_iuvabit
surgery	CTDC-PARTICIPANT-570580	CTDC-SURGERY-185962	a_bene_placito	732	labor_ipse_voluptas	No	pace_tua	labor_ipse_voluptas	damnant_quod_non_intellegunt
surgery	CTDC-PARTICIPANT-570580	CTDC-SURGERY-806771	salus_in_arduis	663	nanos_gigantum_humeris_insidentes	No	faber_est_suae_quisque_fortunae	damnant_quod_non_intellegunt	damnant_quod_non_intellegunt
surgery	CTDC-PARTICIPANT-322080	CTDC-SURGERY-294777	scientiae_cedit_mare	270	scientiae_et_patriae	Yes	cacatum_non_est_pictum	a_bene_placito	cacatum_non_est_pictum
surgery	CTDC-PARTICIPANT-322080	CTDC-SURGERY-556422	a_bene_placito	706	pace_tua	Yes	scientia_et_labor	scientia_et_sapientia	nanos_gigantum_humeris_insidentes
surgery	CTDC-PARTICIPANT-696969	CTDC-SURGERY-174195	faber_est_suae_quisque_fortunae	208	pace_tua	Yes	labor_ipse_voluptas	saltus_in_demonstrando	Gallia_est_omnis_divisa_in_partes_tres
surgery	CTDC-PARTICIPANT-696969	CTDC-SURGERY-711789	Gallia_est_omnis_divisa_in_partes_tres	895	pace_tua	Yes	haec_olim_meminisse_iuvabit	damnant_quod_non_intellegunt	Gallia_est_omnis_divisa_in_partes_tres
surgery	CTDC-PARTICIPANT-104574	CTDC-SURGERY-248664	a_bene_placito	717	O_Tite_tute_Tati_tibi_tanta_tyranne_tulisti	No	id_quod_plerumque_accidit	scientia_imperii_decus_et_tutamen	barba_crescit_caput_nescit
surgery	CTDC-PARTICIPANT-104574	CTDC-SURGERY-984423	haec_olim_meminisse_iuvabit	749	id_quod_plerumque_accidit	No	scientiae_et_patriae	labor_ipse_voluptas	imperium_in_imperio
surgery	CTDC-PARTICIPANT-521195	CTDC-SURGERY-959764	scientia_et_labor	587	saltus_in_demonstrando	Yes	labor_ipse_voluptas	saltus_in_demonstrando	scientia_et_labor
surgery	CTDC-PARTICIPANT-521195	CTDC-SURGERY-969549	scientia_imperii_decus_et_tutamen	268	nanos_gigantum_humeris_insidentes	Yes	nanos_gigantum_humeris_insidentes	nascentes_morimur_finisque_ab_origine_pendet	a_bene_placito
surgery	CTDC-PARTICIPANT-718725	CTDC-SURGERY-775086	id_quod_plerumque_accidit	734	scientia_imperii_decus_et_tutamen	No	id_quod_plerumque_accidit	saltus_in_demonstrando	barba_crescit_caput_nescit
surgery	CTDC-PARTICIPANT-718725	CTDC-SURGERY-224044	e_causa_ignota	932	scientia_imperii_decus_et_tutamen	No	salus_in_arduis	damnant_quod_non_intellegunt	barba_crescit_caput_nescit
surgery	CTDC-PARTICIPANT-801137	CTDC-SURGERY-396431	scientia_et_labor	822	faber_est_suae_quisque_fortunae	Yes	scientiae_et_patriae	scientiae_et_patriae	faber_est_suae_quisque_fortunae
surgery	CTDC-PARTICIPANT-801137	CTDC-SURGERY-609345	haec_olim_meminisse_iuvabit	164	salus_in_arduis	No	scientiae_cedit_mare	scientia_et_sapientia	scientia,_aere_perennius
surgery	CTDC-PARTICIPANT-602888	CTDC-SURGERY-240546	e_causa_ignota	73	sapiens_qui_prospicit	No	scientia_et_sapientia	Obedientia_civium_urbis_felicitas	scientia_et_labor
surgery	CTDC-PARTICIPANT-602888	CTDC-SURGERY-396089	scientiae_cedit_mare	840	a_bene_placito	No	salus_in_arduis	cacatum_non_est_pictum	scientia_et_labor
surgery	CTDC-PARTICIPANT-585644	CTDC-SURGERY-542048	saltus_in_demonstrando	569	pace_tua	No	e_causa_ignota	scientia,_aere_perennius	id_quod_plerumque_accidit
surgery	CTDC-PARTICIPANT-585644	CTDC-SURGERY-459800	salus_in_arduis	945	Macte_animo_Generose_puer_sic_itur_ad_astra	No	cacatum_non_est_pictum	cacatum_non_est_pictum	damnant_quod_non_intellegunt
surgery	CTDC-PARTICIPANT-923159	CTDC-SURGERY-943034	haec_olim_meminisse_iuvabit	795	labor_ipse_voluptas	Yes	Gallia_est_omnis_divisa_in_partes_tres	e_causa_ignota	damnant_quod_non_intellegunt
surgery	CTDC-PARTICIPANT-923159	CTDC-SURGERY-217479	scientia_et_labor	126	Gallia_est_omnis_divisa_in_partes_tres	No	scientiae_cedit_mare	scientiae_cedit_mare	Obedientia_civium_urbis_felicitas
surgery	CTDC-PARTICIPANT-796918	CTDC-SURGERY-559020	nanos_gigantum_humeris_insidentes	402	Macte_animo_Generose_puer_sic_itur_ad_astra	Yes	imperium_in_imperio	scientia,_aere_perennius	Macte_animo_Generose_puer_sic_itur_ad_astra
surgery	CTDC-PARTICIPANT-796918	CTDC-SURGERY-374178	Obedientia_civium_urbis_felicitas	419	barba_crescit_caput_nescit	No	id_quod_plerumque_accidit	saltus_in_demonstrando	scientiae_cedit_mare
surgery	CTDC-PARTICIPANT-646131	CTDC-SURGERY-650421	Obedientia_civium_urbis_felicitas	310	scientiae_cedit_mare	No	barba_crescit_caput_nescit	id_quod_plerumque_accidit	a_bene_placito
surgery	CTDC-PARTICIPANT-646131	CTDC-SURGERY-587130	imperium_in_imperio	103	Macte_animo_Generose_puer_sic_itur_ad_astra	Yes	a_bene_placito	Obedientia_civium_urbis_felicitas	labor_ipse_voluptas
surgery	CTDC-PARTICIPANT-965448	CTDC-SURGERY-370155	nanos_gigantum_humeris_insidentes	181	scientia_et_sapientia	No	O_Tite_tute_Tati_tibi_tanta_tyranne_tulisti	salus_in_arduis	haec_olim_meminisse_iuvabit
surgery	CTDC-PARTICIPANT-965448	CTDC-SURGERY-942194	scientia_imperii_decus_et_tutamen	858	Macte_animo_Generose_puer_sic_itur_ad_astra	Yes	pace_tua	damnant_quod_non_intellegunt	cacatum_non_est_pictum
surgery	CTDC-PARTICIPANT-830794	CTDC-SURGERY-863177	Macte_animo_Generose_puer_sic_itur_ad_astra	583	Macte_animo_Generose_puer_sic_itur_ad_astra	Yes	cacatum_non_est_pictum	scientia,_aere_perennius	haec_olim_meminisse_iuvabit
surgery	CTDC-PARTICIPANT-830794	CTDC-SURGERY-263615	barba_crescit_caput_nescit	467	id_quod_plerumque_accidit	No	sapiens_qui_prospicit	sapiens_qui_prospicit	Macte_animo_Generose_puer_sic_itur_ad_astra
surgery	CTDC-PARTICIPANT-405569	CTDC-SURGERY-125208	O_Tite_tute_Tati_tibi_tanta_tyranne_tulisti	278	O_Tite_tute_Tati_tibi_tanta_tyranne_tulisti	Yes	salus_in_arduis	haec_olim_meminisse_iuvabit	a_bene_placito
surgery	CTDC-PARTICIPANT-405569	CTDC-SURGERY-417596	labor_ipse_voluptas	521	labor_ipse_voluptas	No	a_bene_placito	nascentes_morimur_finisque_ab_origine_pendet	a_bene_placito
surgery	CTDC-PARTICIPANT-389280	CTDC-SURGERY-981447	faber_est_suae_quisque_fortunae	68	id_quod_plerumque_accidit	No	Gallia_est_omnis_divisa_in_partes_tres	scientia_et_sapientia	barba_crescit_caput_nescit
surgery	CTDC-PARTICIPANT-389280	CTDC-SURGERY-498314	scientia_imperii_decus_et_tutamen	420	pace_tua	Yes	nanos_gigantum_humeris_insidentes	faber_est_suae_quisque_fortunae	imperium_in_imperio
surgery	CTDC-PARTICIPANT-415492	CTDC-SURGERY-959209	damnant_quod_non_intellegunt	252	salus_in_arduis	No	sapiens_qui_prospicit	cacatum_non_est_pictum	scientiae_cedit_mare
surgery	CTDC-PARTICIPANT-415492	CTDC-SURGERY-238741	nanos_gigantum_humeris_insidentes	63	scientiae_et_patriae	Yes	salus_in_arduis	O_Tite_tute_Tati_tibi_tanta_tyranne_tulisti	nanos_gigantum_humeris_insidentes
surgery	CTDC-PARTICIPANT-450156	CTDC-SURGERY-134616	saltus_in_demonstrando	846	Gallia_est_omnis_divisa_in_partes_tres	Yes	scientiae_cedit_mare	scientiae_et_patriae	sapiens_qui_prospicit
surgery	CTDC-PARTICIPANT-450156	CTDC-SURGERY-772040	sapiens_qui_prospicit	49	sapiens_qui_prospicit	Yes	pace_tua	salus_in_arduis	scientia,_aere_perennius
surgery	CTDC-PARTICIPANT-842600	CTDC-SURGERY-445422	cacatum_non_est_pictum	149	scientiae_cedit_mare	No	scientia_et_sapientia	scientiae_et_patriae	scientia_et_sapientia
surgery	CTDC-PARTICIPANT-842600	CTDC-SURGERY-886812	saltus_in_demonstrando	143	sapiens_qui_prospicit	Yes	Obedientia_civium_urbis_felicitas	Gallia_est_omnis_divisa_in_partes_tres	scientia_et_labor
surgery	CTDC-PARTICIPANT-804006	CTDC-SURGERY-377343	Gallia_est_omnis_divisa_in_partes_tres	681	e_causa_ignota	Yes	salus_in_arduis	scientia_et_labor	salus_in_arduis
surgery	CTDC-PARTICIPANT-804006	CTDC-SURGERY-399982	haec_olim_meminisse_iuvabit	140	barba_crescit_caput_nescit	Yes	e_causa_ignota	scientiae_et_patriae	e_causa_ignota
surgery	CTDC-PARTICIPANT-794571	CTDC-SURGERY-840038	sapiens_qui_prospicit	866	id_quod_plerumque_accidit	Yes	salus_in_arduis	salus_in_arduis	salus_in_arduis
surgery	CTDC-PARTICIPANT-794571	CTDC-SURGERY-532146	nanos_gigantum_humeris_insidentes	857	O_Tite_tute_Tati_tibi_tanta_tyranne_tulisti	No	Obedientia_civium_urbis_felicitas	pace_tua	scientia_et_sapientia
surgery	CTDC-PARTICIPANT-912680	CTDC-SURGERY-655158	barba_crescit_caput_nescit	582	scientia_et_sapientia	No	nanos_gigantum_humeris_insidentes	sapiens_qui_prospicit	labor_ipse_voluptas
surgery	CTDC-PARTICIPANT-912680	CTDC-SURGERY-955009	pace_tua	342	pace_tua	No	Obedientia_civium_urbis_felicitas	saltus_in_demonstrando	nascentes_morimur_finisque_ab_origine_pendet
surgery	CTDC-PARTICIPANT-260687	CTDC-SURGERY-201763	Obedientia_civium_urbis_felicitas	339	scientiae_cedit_mare	Yes	scientia_imperii_decus_et_tutamen	scientiae_et_patriae	barba_crescit_caput_nescit
surgery	CTDC-PARTICIPANT-260687	CTDC-SURGERY-926566	haec_olim_meminisse_iuvabit	562	salus_in_arduis	No	damnant_quod_non_intellegunt	Macte_animo_Generose_puer_sic_itur_ad_astra	sapiens_qui_prospicit
surgery	CTDC-PARTICIPANT-513003	CTDC-SURGERY-346359	O_Tite_tute_Tati_tibi_tanta_tyranne_tulisti	376	faber_est_suae_quisque_fortunae	Yes	sapiens_qui_prospicit	scientiae_cedit_mare	Macte_animo_Generose_puer_sic_itur_ad_astra
surgery	CTDC-PARTICIPANT-513003	CTDC-SURGERY-189075	saltus_in_demonstrando	690	a_bene_placito	No	scientia_et_labor	haec_olim_meminisse_iuvabit	Obedientia_civium_urbis_felicitas
surgery	CTDC-PARTICIPANT-985753	CTDC-SURGERY-339575	haec_olim_meminisse_iuvabit	448	sapiens_qui_prospicit	No	scientia,_aere_perennius	barba_crescit_caput_nescit	scientia_et_sapientia
surgery	CTDC-PARTICIPANT-985753	CTDC-SURGERY-557154	haec_olim_meminisse_iuvabit	390	nascentes_morimur_finisque_ab_origine_pendet	Yes	scientia_et_labor	O_Tite_tute_Tati_tibi_tanta_tyranne_tulisti	scientia_et_labor
surgery	CTDC-PARTICIPANT-576238	CTDC-SURGERY-477743	nascentes_morimur_finisque_ab_origine_pendet	403	Gallia_est_omnis_divisa_in_partes_tres	No	haec_olim_meminisse_iuvabit	O_Tite_tute_Tati_tibi_tanta_tyranne_tulisti	O_Tite_tute_Tati_tibi_tanta_tyranne_tulisti
surgery	CTDC-PARTICIPANT-576238	CTDC-SURGERY-942323	saltus_in_demonstrando	680	sapiens_qui_prospicit	No	scientiae_cedit_mare	scientia,_aere_perennius	Obedientia_civium_urbis_felicitas
surgery	CTDC-PARTICIPANT-538281	CTDC-SURGERY-749554	labor_ipse_voluptas	372	id_quod_plerumque_accidit	Yes	nanos_gigantum_humeris_insidentes	scientia_et_sapientia	labor_ipse_voluptas
surgery	CTDC-PARTICIPANT-538281	CTDC-SURGERY-604871	id_quod_plerumque_accidit	327	cacatum_non_est_pictum	No	labor_ipse_voluptas	scientia_imperii_decus_et_tutamen	nascentes_morimur_finisque_ab_origine_pendet
surgery	CTDC-PARTICIPANT-567163	CTDC-SURGERY-140302	barba_crescit_caput_nescit	287	damnant_quod_non_intellegunt	Yes	scientia_imperii_decus_et_tutamen	saltus_in_demonstrando	haec_olim_meminisse_iuvabit
surgery	CTDC-PARTICIPANT-567163	CTDC-SURGERY-539348	Gallia_est_omnis_divisa_in_partes_tres	90	e_causa_ignota	Yes	sapiens_qui_prospicit	Gallia_est_omnis_divisa_in_partes_tres	imperium_in_imperio
surgery	CTDC-PARTICIPANT-375688	CTDC-SURGERY-739163	faber_est_suae_quisque_fortunae	669	cacatum_non_est_pictum	Yes	O_Tite_tute_Tati_tibi_tanta_tyranne_tulisti	sapiens_qui_prospicit	scientia_et_labor
surgery	CTDC-PARTICIPANT-375688	CTDC-SURGERY-607791	labor_ipse_voluptas	463	scientiae_et_patriae	No	barba_crescit_caput_nescit	Gallia_est_omnis_divisa_in_partes_tres	scientiae_et_patriae
surgery	CTDC-PARTICIPANT-842152	CTDC-SURGERY-489097	faber_est_suae_quisque_fortunae	742	faber_est_suae_quisque_fortunae	No	sapiens_qui_prospicit	pace_tua	pace_tua
surgery	CTDC-PARTICIPANT-842152	CTDC-SURGERY-792359	cacatum_non_est_pictum	173	damnant_quod_non_intellegunt	No	cacatum_non_est_pictum	e_causa_ignota	haec_olim_meminisse_iuvabit
surgery	CTDC-PARTICIPANT-100029	CTDC-SURGERY-477510	haec_olim_meminisse_iuvabit	237	scientiae_et_patriae	No	scientia_imperii_decus_et_tutamen	scientiae_et_patriae	Macte_animo_Generose_puer_sic_itur_ad_astra
surgery	CTDC-PARTICIPANT-100029	CTDC-SURGERY-127793	nanos_gigantum_humeris_insidentes	894	imperium_in_imperio	No	scientia_imperii_decus_et_tutamen	id_quod_plerumque_accidit	faber_est_suae_quisque_fortunae
surgery	CTDC-PARTICIPANT-141020	CTDC-SURGERY-205234	id_quod_plerumque_accidit	207	sapiens_qui_prospicit	Yes	nanos_gigantum_humeris_insidentes	Obedientia_civium_urbis_felicitas	cacatum_non_est_pictum
surgery	CTDC-PARTICIPANT-141020	CTDC-SURGERY-685588	Obedientia_civium_urbis_felicitas	671	pace_tua	Yes	nanos_gigantum_humeris_insidentes	imperium_in_imperio	saltus_in_demonstrando
surgery	CTDC-PARTICIPANT-380809	CTDC-SURGERY-301925	e_causa_ignota	896	faber_est_suae_quisque_fortunae	No	barba_crescit_caput_nescit	nanos_gigantum_humeris_insidentes	scientia_et_sapientia
surgery	CTDC-PARTICIPANT-380809	CTDC-SURGERY-356504	nascentes_morimur_finisque_ab_origine_pendet	173	nascentes_morimur_finisque_ab_origine_pendet	Yes	pace_tua	barba_crescit_caput_nescit	Obedientia_civium_urbis_felicitas
surgery	CTDC-PARTICIPANT-756502	CTDC-SURGERY-294450	O_Tite_tute_Tati_tibi_tanta_tyranne_tulisti	935	faber_est_suae_quisque_fortunae	Yes	e_causa_ignota	scientia_et_sapientia	pace_tua
surgery	CTDC-PARTICIPANT-756502	CTDC-SURGERY-870815	scientia,_aere_perennius	227	Gallia_est_omnis_divisa_in_partes_tres	Yes	scientia_et_sapientia	labor_ipse_voluptas	salus_in_arduis
surgery	CTDC-PARTICIPANT-616347	CTDC-SURGERY-479581	scientia_imperii_decus_et_tutamen	283	cacatum_non_est_pictum	Yes	Obedientia_civium_urbis_felicitas	Macte_animo_Generose_puer_sic_itur_ad_astra	barba_crescit_caput_nescit
surgery	CTDC-PARTICIPANT-616347	CTDC-SURGERY-507785	labor_ipse_voluptas	294	nascentes_morimur_finisque_ab_origine_pendet	No	id_quod_plerumque_accidit	scientiae_et_patriae	pace_tua
surgery	CTDC-PARTICIPANT-631268	CTDC-SURGERY-658912	nanos_gigantum_humeris_insidentes	60	imperium_in_imperio	No	haec_olim_meminisse_iuvabit	labor_ipse_voluptas	scientia,_aere_perennius
surgery	CTDC-PARTICIPANT-631268	CTDC-SURGERY-902786	cacatum_non_est_pictum	947	saltus_in_demonstrando	No	Obedientia_civium_urbis_felicitas	barba_crescit_caput_nescit	nanos_gigantum_humeris_insidentes
surgery	CTDC-PARTICIPANT-683397	CTDC-SURGERY-708317	scientiae_cedit_mare	584	barba_crescit_caput_nescit	No	scientia,_aere_perennius	cacatum_non_est_pictum	barba_crescit_caput_nescit
surgery	CTDC-PARTICIPANT-683397	CTDC-SURGERY-387130	pace_tua	106	scientia_imperii_decus_et_tutamen	Yes	id_quod_plerumque_accidit	saltus_in_demonstrando	Obedientia_civium_urbis_felicitas
surgery	CTDC-PARTICIPANT-870495	CTDC-SURGERY-455480	pace_tua	662	scientia_et_labor	Yes	scientiae_cedit_mare	Gallia_est_omnis_divisa_in_partes_tres	Gallia_est_omnis_divisa_in_partes_tres
surgery	CTDC-PARTICIPANT-870495	CTDC-SURGERY-666697	O_Tite_tute_Tati_tibi_tanta_tyranne_tulisti	598	Obedientia_civium_urbis_felicitas	Yes	nanos_gigantum_humeris_insidentes	scientia_et_labor	a_bene_placito
surgery	CTDC-PARTICIPANT-169247	CTDC-SURGERY-509863	faber_est_suae_quisque_fortunae	238	labor_ipse_voluptas	Yes	Gallia_est_omnis_divisa_in_partes_tres	Gallia_est_omnis_divisa_in_partes_tres	barba_crescit_caput_nescit
surgery	CTDC-PARTICIPANT-169247	CTDC-SURGERY-999388	id_quod_plerumque_accidit	154	haec_olim_meminisse_iuvabit	No	Obedientia_civium_urbis_felicitas	nanos_gigantum_humeris_insidentes	labor_ipse_voluptas
surgery	CTDC-PARTICIPANT-242464	CTDC-SURGERY-147331	sapiens_qui_prospicit	276	sapiens_qui_prospicit	No	nascentes_morimur_finisque_ab_origine_pendet	faber_est_suae_quisque_fortunae	sapiens_qui_prospicit
surgery	CTDC-PARTICIPANT-242464	CTDC-SURGERY-354994	scientia_imperii_decus_et_tutamen	701	saltus_in_demonstrando	No	scientiae_cedit_mare	pace_tua	haec_olim_meminisse_iuvabit
surgery	CTDC-PARTICIPANT-653360	CTDC-SURGERY-710252	faber_est_suae_quisque_fortunae	206	id_quod_plerumque_accidit	Yes	nascentes_morimur_finisque_ab_origine_pendet	Obedientia_civium_urbis_felicitas	damnant_quod_non_intellegunt
surgery	CTDC-PARTICIPANT-653360	CTDC-SURGERY-337845	salus_in_arduis	716	Macte_animo_Generose_puer_sic_itur_ad_astra	Yes	damnant_quod_non_intellegunt	scientia_et_sapientia	pace_tua
surgery	CTDC-PARTICIPANT-643257	CTDC-SURGERY-831547	nascentes_morimur_finisque_ab_origine_pendet	89	scientiae_cedit_mare	Yes	damnant_quod_non_intellegunt	damnant_quod_non_intellegunt	nascentes_morimur_finisque_ab_origine_pendet
surgery	CTDC-PARTICIPANT-643257	CTDC-SURGERY-835013	Obedientia_civium_urbis_felicitas	55	scientia_et_sapientia	Yes	faber_est_suae_quisque_fortunae	scientiae_cedit_mare	haec_olim_meminisse_iuvabit
surgery	CTDC-PARTICIPANT-516787	CTDC-SURGERY-863622	scientiae_et_patriae	985	sapiens_qui_prospicit	Yes	scientia_imperii_decus_et_tutamen	imperium_in_imperio	scientia_et_sapientia
surgery	CTDC-PARTICIPANT-516787	CTDC-SURGERY-246881	saltus_in_demonstrando	695	scientia_et_sapientia	Yes	barba_crescit_caput_nescit	id_quod_plerumque_accidit	sapiens_qui_prospicit
surgery	CTDC-PARTICIPANT-152632	CTDC-SURGERY-978507	id_quod_plerumque_accidit	34	Obedientia_civium_urbis_felicitas	Yes	damnant_quod_non_intellegunt	e_causa_ignota	salus_in_arduis
surgery	CTDC-PARTICIPANT-152632	CTDC-SURGERY-375036	e_causa_ignota	992	a_bene_placito	No	salus_in_arduis	Macte_animo_Generose_puer_sic_itur_ad_astra	scientiae_et_patriae
surgery	CTDC-PARTICIPANT-110623	CTDC-SURGERY-398601	saltus_in_demonstrando	14	damnant_quod_non_intellegunt	Yes	salus_in_arduis	barba_crescit_caput_nescit	scientiae_cedit_mare
surgery	CTDC-PARTICIPANT-110623	CTDC-SURGERY-801469	damnant_quod_non_intellegunt	846	nascentes_morimur_finisque_ab_origine_pendet	Yes	Obedientia_civium_urbis_felicitas	cacatum_non_est_pictum	scientiae_cedit_mare
surgery	CTDC-PARTICIPANT-681780	CTDC-SURGERY-961278	e_causa_ignota	435	damnant_quod_non_intellegunt	Yes	nascentes_morimur_finisque_ab_origine_pendet	labor_ipse_voluptas	id_quod_plerumque_accidit
surgery	CTDC-PARTICIPANT-681780	CTDC-SURGERY-828797	nanos_gigantum_humeris_insidentes	619	O_Tite_tute_Tati_tibi_tanta_tyranne_tulisti	No	faber_est_suae_quisque_fortunae	Macte_animo_Generose_puer_sic_itur_ad_astra	damnant_quod_non_intellegunt
surgery	CTDC-PARTICIPANT-913252	CTDC-SURGERY-617567	labor_ipse_voluptas	359	pace_tua	No	O_Tite_tute_Tati_tibi_tanta_tyranne_tulisti	id_quod_plerumque_accidit	scientia_et_sapientia
surgery	CTDC-PARTICIPANT-913252	CTDC-SURGERY-842346	id_quod_plerumque_accidit	908	Macte_animo_Generose_puer_sic_itur_ad_astra	Yes	a_bene_placito	scientia_et_labor	scientia_imperii_decus_et_tutamen
surgery	CTDC-PARTICIPANT-958510	CTDC-SURGERY-770337	Macte_animo_Generose_puer_sic_itur_ad_astra	102	a_bene_placito	No	nanos_gigantum_humeris_insidentes	Obedientia_civium_urbis_felicitas	nascentes_morimur_finisque_ab_origine_pendet
surgery	CTDC-PARTICIPANT-958510	CTDC-SURGERY-762606	Gallia_est_omnis_divisa_in_partes_tres	299	e_causa_ignota	No	O_Tite_tute_Tati_tibi_tanta_tyranne_tulisti	nascentes_morimur_finisque_ab_origine_pendet	sapiens_qui_prospicit
