type	participant.participant_id	surgical_procedure_record_id	surgical_procedure	surgical_procedure_date	surgical_procedure_anatomical_location	surgical_procedure_therapeutic	surgical_procedure_findings	extent_of_residual_disease	crdc_id
surgery	CTDC-PARTICIPANT-511036	CTDC-SURGERY-553135	imperium_in_imperio	164	haec_olim_meminisse_iuvabit	Yes	scientia,_aere_perennius	faber_est_suae_quisque_fortunae	Macte_animo_Generose_puer_sic_itur_ad_astra
surgery	CTDC-PARTICIPANT-511036	CTDC-SURGERY-111899	saltus_in_demonstrando	399	a_bene_placito	Yes	haec_olim_meminisse_iuvabit	e_causa_ignota	nanos_gigantum_humeris_insidentes
surgery	CTDC-PARTICIPANT-107504	CTDC-SURGERY-489581	scientiae_et_patriae	94	damnant_quod_non_intellegunt	Yes	scientia_et_sapientia	nanos_gigantum_humeris_insidentes	pace_tua
surgery	CTDC-PARTICIPANT-107504	CTDC-SURGERY-465162	barba_crescit_caput_nescit	465	a_bene_placito	Yes	Macte_animo_Generose_puer_sic_itur_ad_astra	a_bene_placito	scientia_et_labor
surgery	CTDC-PARTICIPANT-837902	CTDC-SURGERY-193922	salus_in_arduis	577	scientia_et_sapientia	Yes	id_quod_plerumque_accidit	saltus_in_demonstrando	damnant_quod_non_intellegunt
surgery	CTDC-PARTICIPANT-837902	CTDC-SURGERY-345909	faber_est_suae_quisque_fortunae	361	a_bene_placito	No	imperium_in_imperio	damnant_quod_non_intellegunt	O_Tite_tute_Tati_tibi_tanta_tyranne_tulisti
surgery	CTDC-PARTICIPANT-344069	CTDC-SURGERY-128548	scientia,_aere_perennius	141	nanos_gigantum_humeris_insidentes	Yes	a_bene_placito	barba_crescit_caput_nescit	sapiens_qui_prospicit
surgery	CTDC-PARTICIPANT-344069	CTDC-SURGERY-655635	faber_est_suae_quisque_fortunae	144	haec_olim_meminisse_iuvabit	Yes	O_Tite_tute_Tati_tibi_tanta_tyranne_tulisti	faber_est_suae_quisque_fortunae	sapiens_qui_prospicit
surgery	CTDC-PARTICIPANT-997409	CTDC-SURGERY-933652	scientia_imperii_decus_et_tutamen	597	O_Tite_tute_Tati_tibi_tanta_tyranne_tulisti	Yes	e_causa_ignota	nanos_gigantum_humeris_insidentes	salus_in_arduis
surgery	CTDC-PARTICIPANT-997409	CTDC-SURGERY-344195	scientia_et_sapientia	594	saltus_in_demonstrando	No	Gallia_est_omnis_divisa_in_partes_tres	id_quod_plerumque_accidit	Macte_animo_Generose_puer_sic_itur_ad_astra
surgery	CTDC-PARTICIPANT-139435	CTDC-SURGERY-987703	O_Tite_tute_Tati_tibi_tanta_tyranne_tulisti	503	scientia,_aere_perennius	No	sapiens_qui_prospicit	pace_tua	id_quod_plerumque_accidit
surgery	CTDC-PARTICIPANT-139435	CTDC-SURGERY-509663	nascentes_morimur_finisque_ab_origine_pendet	723	scientia_et_sapientia	No	scientia_et_labor	Gallia_est_omnis_divisa_in_partes_tres	scientiae_et_patriae
surgery	CTDC-PARTICIPANT-703002	CTDC-SURGERY-119265	faber_est_suae_quisque_fortunae	905	cacatum_non_est_pictum	No	O_Tite_tute_Tati_tibi_tanta_tyranne_tulisti	saltus_in_demonstrando	sapiens_qui_prospicit
surgery	CTDC-PARTICIPANT-703002	CTDC-SURGERY-967628	O_Tite_tute_Tati_tibi_tanta_tyranne_tulisti	908	scientia_et_sapientia	Yes	labor_ipse_voluptas	labor_ipse_voluptas	nascentes_morimur_finisque_ab_origine_pendet
surgery	CTDC-PARTICIPANT-114507	CTDC-SURGERY-789478	damnant_quod_non_intellegunt	259	nanos_gigantum_humeris_insidentes	Yes	salus_in_arduis	scientiae_et_patriae	a_bene_placito
surgery	CTDC-PARTICIPANT-114507	CTDC-SURGERY-911968	Macte_animo_Generose_puer_sic_itur_ad_astra	360	imperium_in_imperio	Yes	Obedientia_civium_urbis_felicitas	Obedientia_civium_urbis_felicitas	Gallia_est_omnis_divisa_in_partes_tres
surgery	CTDC-PARTICIPANT-805629	CTDC-SURGERY-344350	a_bene_placito	650	scientia_et_sapientia	Yes	imperium_in_imperio	damnant_quod_non_intellegunt	saltus_in_demonstrando
surgery	CTDC-PARTICIPANT-805629	CTDC-SURGERY-595268	a_bene_placito	135	Gallia_est_omnis_divisa_in_partes_tres	Yes	cacatum_non_est_pictum	Macte_animo_Generose_puer_sic_itur_ad_astra	nanos_gigantum_humeris_insidentes
surgery	CTDC-PARTICIPANT-205665	CTDC-SURGERY-887315	cacatum_non_est_pictum	834	scientia,_aere_perennius	Yes	Gallia_est_omnis_divisa_in_partes_tres	imperium_in_imperio	scientia_imperii_decus_et_tutamen
surgery	CTDC-PARTICIPANT-205665	CTDC-SURGERY-545760	nascentes_morimur_finisque_ab_origine_pendet	973	pace_tua	Yes	a_bene_placito	barba_crescit_caput_nescit	pace_tua
surgery	CTDC-PARTICIPANT-190949	CTDC-SURGERY-975451	scientia,_aere_perennius	187	Gallia_est_omnis_divisa_in_partes_tres	No	scientia_et_sapientia	scientia_imperii_decus_et_tutamen	imperium_in_imperio
surgery	CTDC-PARTICIPANT-190949	CTDC-SURGERY-704953	Macte_animo_Generose_puer_sic_itur_ad_astra	357	a_bene_placito	Yes	labor_ipse_voluptas	pace_tua	scientia_et_labor
surgery	CTDC-PARTICIPANT-884496	CTDC-SURGERY-140410	barba_crescit_caput_nescit	391	haec_olim_meminisse_iuvabit	Yes	pace_tua	faber_est_suae_quisque_fortunae	a_bene_placito
surgery	CTDC-PARTICIPANT-884496	CTDC-SURGERY-645522	pace_tua	64	pace_tua	No	Obedientia_civium_urbis_felicitas	a_bene_placito	saltus_in_demonstrando
surgery	CTDC-PARTICIPANT-298570	CTDC-SURGERY-336231	scientia_imperii_decus_et_tutamen	368	labor_ipse_voluptas	No	labor_ipse_voluptas	Macte_animo_Generose_puer_sic_itur_ad_astra	a_bene_placito
surgery	CTDC-PARTICIPANT-298570	CTDC-SURGERY-544207	O_Tite_tute_Tati_tibi_tanta_tyranne_tulisti	848	pace_tua	Yes	nanos_gigantum_humeris_insidentes	Gallia_est_omnis_divisa_in_partes_tres	cacatum_non_est_pictum
surgery	CTDC-PARTICIPANT-702567	CTDC-SURGERY-755446	nascentes_morimur_finisque_ab_origine_pendet	133	scientia_et_labor	Yes	saltus_in_demonstrando	haec_olim_meminisse_iuvabit	scientia_et_sapientia
surgery	CTDC-PARTICIPANT-702567	CTDC-SURGERY-738255	faber_est_suae_quisque_fortunae	719	imperium_in_imperio	No	imperium_in_imperio	scientia_et_labor	scientia_imperii_decus_et_tutamen
surgery	CTDC-PARTICIPANT-274998	CTDC-SURGERY-356709	scientiae_et_patriae	18	id_quod_plerumque_accidit	No	scientia_et_sapientia	a_bene_placito	labor_ipse_voluptas
surgery	CTDC-PARTICIPANT-274998	CTDC-SURGERY-938311	damnant_quod_non_intellegunt	727	cacatum_non_est_pictum	Yes	scientiae_et_patriae	sapiens_qui_prospicit	salus_in_arduis
surgery	CTDC-PARTICIPANT-267463	CTDC-SURGERY-696229	scientia,_aere_perennius	751	pace_tua	Yes	nascentes_morimur_finisque_ab_origine_pendet	barba_crescit_caput_nescit	scientia_et_sapientia
surgery	CTDC-PARTICIPANT-267463	CTDC-SURGERY-156007	id_quod_plerumque_accidit	673	barba_crescit_caput_nescit	Yes	scientiae_et_patriae	scientia_et_sapientia	imperium_in_imperio
surgery	CTDC-PARTICIPANT-279197	CTDC-SURGERY-226770	faber_est_suae_quisque_fortunae	807	id_quod_plerumque_accidit	No	saltus_in_demonstrando	a_bene_placito	a_bene_placito
surgery	CTDC-PARTICIPANT-279197	CTDC-SURGERY-817393	haec_olim_meminisse_iuvabit	20	scientiae_cedit_mare	No	labor_ipse_voluptas	saltus_in_demonstrando	Obedientia_civium_urbis_felicitas
surgery	CTDC-PARTICIPANT-552975	CTDC-SURGERY-667981	labor_ipse_voluptas	36	id_quod_plerumque_accidit	Yes	scientia_et_labor	haec_olim_meminisse_iuvabit	cacatum_non_est_pictum
surgery	CTDC-PARTICIPANT-552975	CTDC-SURGERY-300651	pace_tua	35	sapiens_qui_prospicit	Yes	barba_crescit_caput_nescit	pace_tua	imperium_in_imperio
surgery	CTDC-PARTICIPANT-591145	CTDC-SURGERY-321694	saltus_in_demonstrando	163	imperium_in_imperio	Yes	Obedientia_civium_urbis_felicitas	barba_crescit_caput_nescit	scientiae_et_patriae
surgery	CTDC-PARTICIPANT-591145	CTDC-SURGERY-750171	damnant_quod_non_intellegunt	901	sapiens_qui_prospicit	No	pace_tua	sapiens_qui_prospicit	imperium_in_imperio
surgery	CTDC-PARTICIPANT-890770	CTDC-SURGERY-738607	scientia_et_labor	78	Macte_animo_Generose_puer_sic_itur_ad_astra	Yes	e_causa_ignota	faber_est_suae_quisque_fortunae	cacatum_non_est_pictum
surgery	CTDC-PARTICIPANT-890770	CTDC-SURGERY-503136	haec_olim_meminisse_iuvabit	597	nascentes_morimur_finisque_ab_origine_pendet	Yes	a_bene_placito	scientia,_aere_perennius	salus_in_arduis
surgery	CTDC-PARTICIPANT-261480	CTDC-SURGERY-953637	Obedientia_civium_urbis_felicitas	777	scientiae_cedit_mare	Yes	nascentes_morimur_finisque_ab_origine_pendet	scientia_et_sapientia	saltus_in_demonstrando
surgery	CTDC-PARTICIPANT-261480	CTDC-SURGERY-142232	pace_tua	271	nanos_gigantum_humeris_insidentes	Yes	salus_in_arduis	saltus_in_demonstrando	scientia_et_labor
surgery	CTDC-PARTICIPANT-168364	CTDC-SURGERY-948044	id_quod_plerumque_accidit	330	scientia_imperii_decus_et_tutamen	No	sapiens_qui_prospicit	nanos_gigantum_humeris_insidentes	barba_crescit_caput_nescit
surgery	CTDC-PARTICIPANT-168364	CTDC-SURGERY-580126	faber_est_suae_quisque_fortunae	136	Macte_animo_Generose_puer_sic_itur_ad_astra	No	labor_ipse_voluptas	scientia_et_sapientia	nanos_gigantum_humeris_insidentes
surgery	CTDC-PARTICIPANT-186782	CTDC-SURGERY-684652	scientia_et_sapientia	550	Obedientia_civium_urbis_felicitas	No	e_causa_ignota	nanos_gigantum_humeris_insidentes	scientiae_et_patriae
surgery	CTDC-PARTICIPANT-186782	CTDC-SURGERY-105393	O_Tite_tute_Tati_tibi_tanta_tyranne_tulisti	549	pace_tua	No	nascentes_morimur_finisque_ab_origine_pendet	salus_in_arduis	damnant_quod_non_intellegunt
surgery	CTDC-PARTICIPANT-212275	CTDC-SURGERY-637214	a_bene_placito	711	scientia,_aere_perennius	No	faber_est_suae_quisque_fortunae	scientiae_et_patriae	haec_olim_meminisse_iuvabit
surgery	CTDC-PARTICIPANT-212275	CTDC-SURGERY-559873	labor_ipse_voluptas	487	salus_in_arduis	Yes	damnant_quod_non_intellegunt	sapiens_qui_prospicit	pace_tua
surgery	CTDC-PARTICIPANT-255600	CTDC-SURGERY-498564	scientia_et_labor	762	saltus_in_demonstrando	No	scientia_et_sapientia	a_bene_placito	Macte_animo_Generose_puer_sic_itur_ad_astra
surgery	CTDC-PARTICIPANT-255600	CTDC-SURGERY-386366	salus_in_arduis	108	scientia_et_sapientia	No	pace_tua	e_causa_ignota	cacatum_non_est_pictum
surgery	CTDC-PARTICIPANT-261972	CTDC-SURGERY-920106	pace_tua	708	scientiae_cedit_mare	Yes	Macte_animo_Generose_puer_sic_itur_ad_astra	Obedientia_civium_urbis_felicitas	damnant_quod_non_intellegunt
surgery	CTDC-PARTICIPANT-261972	CTDC-SURGERY-715966	e_causa_ignota	37	pace_tua	Yes	scientiae_cedit_mare	a_bene_placito	Obedientia_civium_urbis_felicitas
surgery	CTDC-PARTICIPANT-224177	CTDC-SURGERY-254257	nascentes_morimur_finisque_ab_origine_pendet	355	sapiens_qui_prospicit	No	salus_in_arduis	cacatum_non_est_pictum	Gallia_est_omnis_divisa_in_partes_tres
surgery	CTDC-PARTICIPANT-224177	CTDC-SURGERY-464168	scientia_imperii_decus_et_tutamen	452	scientiae_cedit_mare	Yes	scientia_et_labor	pace_tua	barba_crescit_caput_nescit
surgery	CTDC-PARTICIPANT-102742	CTDC-SURGERY-533224	a_bene_placito	593	scientia_et_labor	No	scientia_et_sapientia	cacatum_non_est_pictum	scientia,_aere_perennius
surgery	CTDC-PARTICIPANT-102742	CTDC-SURGERY-990831	cacatum_non_est_pictum	431	cacatum_non_est_pictum	No	nascentes_morimur_finisque_ab_origine_pendet	id_quod_plerumque_accidit	nanos_gigantum_humeris_insidentes
surgery	CTDC-PARTICIPANT-974241	CTDC-SURGERY-264847	scientia_et_sapientia	890	id_quod_plerumque_accidit	Yes	pace_tua	barba_crescit_caput_nescit	O_Tite_tute_Tati_tibi_tanta_tyranne_tulisti
surgery	CTDC-PARTICIPANT-974241	CTDC-SURGERY-391041	scientiae_cedit_mare	724	scientiae_cedit_mare	Yes	scientia,_aere_perennius	e_causa_ignota	nanos_gigantum_humeris_insidentes
surgery	CTDC-PARTICIPANT-206397	CTDC-SURGERY-735254	imperium_in_imperio	79	Gallia_est_omnis_divisa_in_partes_tres	Yes	barba_crescit_caput_nescit	cacatum_non_est_pictum	pace_tua
surgery	CTDC-PARTICIPANT-206397	CTDC-SURGERY-962677	scientia_et_labor	767	Macte_animo_Generose_puer_sic_itur_ad_astra	Yes	faber_est_suae_quisque_fortunae	salus_in_arduis	scientia_imperii_decus_et_tutamen
surgery	CTDC-PARTICIPANT-882961	CTDC-SURGERY-751792	id_quod_plerumque_accidit	440	damnant_quod_non_intellegunt	Yes	O_Tite_tute_Tati_tibi_tanta_tyranne_tulisti	Macte_animo_Generose_puer_sic_itur_ad_astra	nascentes_morimur_finisque_ab_origine_pendet
surgery	CTDC-PARTICIPANT-882961	CTDC-SURGERY-296755	Gallia_est_omnis_divisa_in_partes_tres	696	pace_tua	Yes	saltus_in_demonstrando	scientiae_et_patriae	e_causa_ignota
surgery	CTDC-PARTICIPANT-872100	CTDC-SURGERY-781746	e_causa_ignota	794	saltus_in_demonstrando	Yes	a_bene_placito	Gallia_est_omnis_divisa_in_partes_tres	O_Tite_tute_Tati_tibi_tanta_tyranne_tulisti
surgery	CTDC-PARTICIPANT-872100	CTDC-SURGERY-734900	nanos_gigantum_humeris_insidentes	214	scientiae_cedit_mare	Yes	saltus_in_demonstrando	scientia_et_sapientia	Gallia_est_omnis_divisa_in_partes_tres
surgery	CTDC-PARTICIPANT-708331	CTDC-SURGERY-180397	labor_ipse_voluptas	369	scientiae_et_patriae	Yes	Obedientia_civium_urbis_felicitas	pace_tua	haec_olim_meminisse_iuvabit
surgery	CTDC-PARTICIPANT-708331	CTDC-SURGERY-387522	faber_est_suae_quisque_fortunae	633	scientiae_cedit_mare	Yes	e_causa_ignota	scientia_et_sapientia	Gallia_est_omnis_divisa_in_partes_tres
surgery	CTDC-PARTICIPANT-355887	CTDC-SURGERY-851693	nanos_gigantum_humeris_insidentes	310	labor_ipse_voluptas	No	Obedientia_civium_urbis_felicitas	scientia,_aere_perennius	pace_tua
surgery	CTDC-PARTICIPANT-355887	CTDC-SURGERY-226395	scientia,_aere_perennius	737	imperium_in_imperio	Yes	nanos_gigantum_humeris_insidentes	e_causa_ignota	Gallia_est_omnis_divisa_in_partes_tres
surgery	CTDC-PARTICIPANT-384957	CTDC-SURGERY-342397	a_bene_placito	470	damnant_quod_non_intellegunt	Yes	a_bene_placito	haec_olim_meminisse_iuvabit	sapiens_qui_prospicit
surgery	CTDC-PARTICIPANT-384957	CTDC-SURGERY-987417	nanos_gigantum_humeris_insidentes	314	Gallia_est_omnis_divisa_in_partes_tres	No	imperium_in_imperio	pace_tua	saltus_in_demonstrando
surgery	CTDC-PARTICIPANT-373316	CTDC-SURGERY-798260	scientiae_cedit_mare	502	nascentes_morimur_finisque_ab_origine_pendet	Yes	damnant_quod_non_intellegunt	nascentes_morimur_finisque_ab_origine_pendet	id_quod_plerumque_accidit
surgery	CTDC-PARTICIPANT-373316	CTDC-SURGERY-708246	nanos_gigantum_humeris_insidentes	425	Gallia_est_omnis_divisa_in_partes_tres	Yes	nanos_gigantum_humeris_insidentes	sapiens_qui_prospicit	labor_ipse_voluptas
surgery	CTDC-PARTICIPANT-548925	CTDC-SURGERY-338193	a_bene_placito	902	scientia_imperii_decus_et_tutamen	Yes	barba_crescit_caput_nescit	cacatum_non_est_pictum	imperium_in_imperio
surgery	CTDC-PARTICIPANT-548925	CTDC-SURGERY-230412	salus_in_arduis	430	Obedientia_civium_urbis_felicitas	No	scientiae_et_patriae	scientia_imperii_decus_et_tutamen	damnant_quod_non_intellegunt
surgery	CTDC-PARTICIPANT-789745	CTDC-SURGERY-577296	barba_crescit_caput_nescit	567	labor_ipse_voluptas	Yes	haec_olim_meminisse_iuvabit	haec_olim_meminisse_iuvabit	saltus_in_demonstrando
surgery	CTDC-PARTICIPANT-789745	CTDC-SURGERY-520717	scientiae_cedit_mare	875	scientia_imperii_decus_et_tutamen	No	scientia_et_labor	saltus_in_demonstrando	nanos_gigantum_humeris_insidentes
surgery	CTDC-PARTICIPANT-539898	CTDC-SURGERY-582430	pace_tua	814	pace_tua	No	sapiens_qui_prospicit	saltus_in_demonstrando	Obedientia_civium_urbis_felicitas
surgery	CTDC-PARTICIPANT-539898	CTDC-SURGERY-256883	Macte_animo_Generose_puer_sic_itur_ad_astra	146	salus_in_arduis	Yes	haec_olim_meminisse_iuvabit	Obedientia_civium_urbis_felicitas	scientiae_cedit_mare
surgery	CTDC-PARTICIPANT-321444	CTDC-SURGERY-481876	faber_est_suae_quisque_fortunae	314	saltus_in_demonstrando	Yes	labor_ipse_voluptas	scientia_imperii_decus_et_tutamen	a_bene_placito
surgery	CTDC-PARTICIPANT-321444	CTDC-SURGERY-160134	cacatum_non_est_pictum	172	a_bene_placito	No	sapiens_qui_prospicit	O_Tite_tute_Tati_tibi_tanta_tyranne_tulisti	cacatum_non_est_pictum
surgery	CTDC-PARTICIPANT-949051	CTDC-SURGERY-858875	damnant_quod_non_intellegunt	75	saltus_in_demonstrando	Yes	O_Tite_tute_Tati_tibi_tanta_tyranne_tulisti	Obedientia_civium_urbis_felicitas	scientia_et_labor
surgery	CTDC-PARTICIPANT-949051	CTDC-SURGERY-280802	salus_in_arduis	137	faber_est_suae_quisque_fortunae	Yes	scientiae_cedit_mare	nascentes_morimur_finisque_ab_origine_pendet	saltus_in_demonstrando
surgery	CTDC-PARTICIPANT-545920	CTDC-SURGERY-200645	Obedientia_civium_urbis_felicitas	25	id_quod_plerumque_accidit	Yes	faber_est_suae_quisque_fortunae	salus_in_arduis	Gallia_est_omnis_divisa_in_partes_tres
surgery	CTDC-PARTICIPANT-545920	CTDC-SURGERY-157354	cacatum_non_est_pictum	924	Obedientia_civium_urbis_felicitas	No	damnant_quod_non_intellegunt	cacatum_non_est_pictum	scientia_imperii_decus_et_tutamen
surgery	CTDC-PARTICIPANT-464697	CTDC-SURGERY-288584	barba_crescit_caput_nescit	418	pace_tua	Yes	imperium_in_imperio	e_causa_ignota	damnant_quod_non_intellegunt
surgery	CTDC-PARTICIPANT-464697	CTDC-SURGERY-198823	scientiae_et_patriae	944	O_Tite_tute_Tati_tibi_tanta_tyranne_tulisti	Yes	scientia,_aere_perennius	damnant_quod_non_intellegunt	nanos_gigantum_humeris_insidentes
surgery	CTDC-PARTICIPANT-472918	CTDC-SURGERY-610755	damnant_quod_non_intellegunt	136	salus_in_arduis	No	faber_est_suae_quisque_fortunae	cacatum_non_est_pictum	O_Tite_tute_Tati_tibi_tanta_tyranne_tulisti
surgery	CTDC-PARTICIPANT-472918	CTDC-SURGERY-257285	saltus_in_demonstrando	534	saltus_in_demonstrando	Yes	salus_in_arduis	faber_est_suae_quisque_fortunae	faber_est_suae_quisque_fortunae
surgery	CTDC-PARTICIPANT-118965	CTDC-SURGERY-120777	scientia_et_sapientia	409	Obedientia_civium_urbis_felicitas	Yes	Obedientia_civium_urbis_felicitas	saltus_in_demonstrando	scientiae_cedit_mare
surgery	CTDC-PARTICIPANT-118965	CTDC-SURGERY-326664	salus_in_arduis	598	scientia,_aere_perennius	No	saltus_in_demonstrando	O_Tite_tute_Tati_tibi_tanta_tyranne_tulisti	scientiae_et_patriae
surgery	CTDC-PARTICIPANT-621225	CTDC-SURGERY-677017	saltus_in_demonstrando	21	scientiae_cedit_mare	Yes	scientia_et_labor	Gallia_est_omnis_divisa_in_partes_tres	barba_crescit_caput_nescit
surgery	CTDC-PARTICIPANT-621225	CTDC-SURGERY-365033	nascentes_morimur_finisque_ab_origine_pendet	81	scientiae_et_patriae	Yes	cacatum_non_est_pictum	saltus_in_demonstrando	scientia_et_labor
surgery	CTDC-PARTICIPANT-602836	CTDC-SURGERY-401833	Obedientia_civium_urbis_felicitas	706	scientia_imperii_decus_et_tutamen	Yes	Obedientia_civium_urbis_felicitas	scientia_imperii_decus_et_tutamen	imperium_in_imperio
surgery	CTDC-PARTICIPANT-602836	CTDC-SURGERY-385149	cacatum_non_est_pictum	719	a_bene_placito	Yes	sapiens_qui_prospicit	e_causa_ignota	scientia_et_labor
surgery	CTDC-PARTICIPANT-914541	CTDC-SURGERY-654348	Macte_animo_Generose_puer_sic_itur_ad_astra	992	nascentes_morimur_finisque_ab_origine_pendet	No	damnant_quod_non_intellegunt	saltus_in_demonstrando	Gallia_est_omnis_divisa_in_partes_tres
surgery	CTDC-PARTICIPANT-914541	CTDC-SURGERY-182916	Obedientia_civium_urbis_felicitas	81	Macte_animo_Generose_puer_sic_itur_ad_astra	No	scientiae_cedit_mare	scientia_et_labor	damnant_quod_non_intellegunt
surgery	CTDC-PARTICIPANT-988417	CTDC-SURGERY-630830	scientia_et_sapientia	675	scientiae_et_patriae	No	scientia,_aere_perennius	haec_olim_meminisse_iuvabit	cacatum_non_est_pictum
surgery	CTDC-PARTICIPANT-988417	CTDC-SURGERY-860737	saltus_in_demonstrando	551	cacatum_non_est_pictum	Yes	scientia_et_sapientia	pace_tua	pace_tua
surgery	CTDC-PARTICIPANT-433154	CTDC-SURGERY-531249	Gallia_est_omnis_divisa_in_partes_tres	52	O_Tite_tute_Tati_tibi_tanta_tyranne_tulisti	No	nanos_gigantum_humeris_insidentes	cacatum_non_est_pictum	Obedientia_civium_urbis_felicitas
surgery	CTDC-PARTICIPANT-433154	CTDC-SURGERY-560254	haec_olim_meminisse_iuvabit	512	sapiens_qui_prospicit	Yes	haec_olim_meminisse_iuvabit	haec_olim_meminisse_iuvabit	scientia_et_sapientia
surgery	CTDC-PARTICIPANT-138724	CTDC-SURGERY-306145	scientia_et_labor	744	id_quod_plerumque_accidit	No	damnant_quod_non_intellegunt	scientia_et_labor	pace_tua
surgery	CTDC-PARTICIPANT-138724	CTDC-SURGERY-646394	a_bene_placito	85	id_quod_plerumque_accidit	Yes	sapiens_qui_prospicit	cacatum_non_est_pictum	haec_olim_meminisse_iuvabit
surgery	CTDC-PARTICIPANT-888214	CTDC-SURGERY-162535	O_Tite_tute_Tati_tibi_tanta_tyranne_tulisti	764	scientia_et_labor	Yes	scientia_et_sapientia	damnant_quod_non_intellegunt	nanos_gigantum_humeris_insidentes
surgery	CTDC-PARTICIPANT-888214	CTDC-SURGERY-780230	barba_crescit_caput_nescit	309	labor_ipse_voluptas	No	salus_in_arduis	e_causa_ignota	scientiae_cedit_mare
surgery	CTDC-PARTICIPANT-823513	CTDC-SURGERY-539968	pace_tua	521	sapiens_qui_prospicit	Yes	saltus_in_demonstrando	sapiens_qui_prospicit	barba_crescit_caput_nescit
surgery	CTDC-PARTICIPANT-823513	CTDC-SURGERY-148267	saltus_in_demonstrando	84	scientia_imperii_decus_et_tutamen	Yes	scientia_imperii_decus_et_tutamen	imperium_in_imperio	imperium_in_imperio
surgery	CTDC-PARTICIPANT-515352	CTDC-SURGERY-347910	Obedientia_civium_urbis_felicitas	624	imperium_in_imperio	No	nanos_gigantum_humeris_insidentes	O_Tite_tute_Tati_tibi_tanta_tyranne_tulisti	nanos_gigantum_humeris_insidentes
surgery	CTDC-PARTICIPANT-515352	CTDC-SURGERY-764361	saltus_in_demonstrando	821	scientia_et_labor	Yes	sapiens_qui_prospicit	O_Tite_tute_Tati_tibi_tanta_tyranne_tulisti	faber_est_suae_quisque_fortunae
surgery	CTDC-PARTICIPANT-678530	CTDC-SURGERY-139655	scientia_imperii_decus_et_tutamen	395	salus_in_arduis	Yes	scientia_et_labor	salus_in_arduis	haec_olim_meminisse_iuvabit
surgery	CTDC-PARTICIPANT-678530	CTDC-SURGERY-213533	scientia,_aere_perennius	812	Gallia_est_omnis_divisa_in_partes_tres	Yes	nanos_gigantum_humeris_insidentes	scientiae_et_patriae	barba_crescit_caput_nescit
surgery	CTDC-PARTICIPANT-669570	CTDC-SURGERY-604723	pace_tua	384	labor_ipse_voluptas	Yes	cacatum_non_est_pictum	Macte_animo_Generose_puer_sic_itur_ad_astra	faber_est_suae_quisque_fortunae
surgery	CTDC-PARTICIPANT-669570	CTDC-SURGERY-941312	faber_est_suae_quisque_fortunae	300	nanos_gigantum_humeris_insidentes	Yes	haec_olim_meminisse_iuvabit	nanos_gigantum_humeris_insidentes	scientia_imperii_decus_et_tutamen
surgery	CTDC-PARTICIPANT-817106	CTDC-SURGERY-598947	nascentes_morimur_finisque_ab_origine_pendet	390	nascentes_morimur_finisque_ab_origine_pendet	Yes	scientia,_aere_perennius	scientia_imperii_decus_et_tutamen	Macte_animo_Generose_puer_sic_itur_ad_astra
surgery	CTDC-PARTICIPANT-817106	CTDC-SURGERY-702762	Gallia_est_omnis_divisa_in_partes_tres	552	labor_ipse_voluptas	Yes	O_Tite_tute_Tati_tibi_tanta_tyranne_tulisti	scientia_imperii_decus_et_tutamen	e_causa_ignota
surgery	CTDC-PARTICIPANT-889341	CTDC-SURGERY-557068	nanos_gigantum_humeris_insidentes	719	salus_in_arduis	Yes	cacatum_non_est_pictum	e_causa_ignota	sapiens_qui_prospicit
surgery	CTDC-PARTICIPANT-889341	CTDC-SURGERY-884320	a_bene_placito	709	damnant_quod_non_intellegunt	Yes	labor_ipse_voluptas	haec_olim_meminisse_iuvabit	faber_est_suae_quisque_fortunae
surgery	CTDC-PARTICIPANT-114288	CTDC-SURGERY-268043	saltus_in_demonstrando	933	Obedientia_civium_urbis_felicitas	Yes	scientia_et_labor	labor_ipse_voluptas	scientia_et_sapientia
surgery	CTDC-PARTICIPANT-114288	CTDC-SURGERY-679830	e_causa_ignota	570	Gallia_est_omnis_divisa_in_partes_tres	No	Gallia_est_omnis_divisa_in_partes_tres	salus_in_arduis	scientia_et_labor
surgery	CTDC-PARTICIPANT-869758	CTDC-SURGERY-647817	labor_ipse_voluptas	849	scientiae_et_patriae	No	nanos_gigantum_humeris_insidentes	Gallia_est_omnis_divisa_in_partes_tres	scientia_et_labor
surgery	CTDC-PARTICIPANT-869758	CTDC-SURGERY-745224	labor_ipse_voluptas	78	salus_in_arduis	No	scientia,_aere_perennius	damnant_quod_non_intellegunt	e_causa_ignota
surgery	CTDC-PARTICIPANT-550701	CTDC-SURGERY-915898	scientia_et_sapientia	997	imperium_in_imperio	Yes	salus_in_arduis	imperium_in_imperio	salus_in_arduis
surgery	CTDC-PARTICIPANT-550701	CTDC-SURGERY-282469	saltus_in_demonstrando	213	e_causa_ignota	Yes	Macte_animo_Generose_puer_sic_itur_ad_astra	barba_crescit_caput_nescit	scientia_et_labor
surgery	CTDC-PARTICIPANT-809067	CTDC-SURGERY-107195	haec_olim_meminisse_iuvabit	175	cacatum_non_est_pictum	No	salus_in_arduis	faber_est_suae_quisque_fortunae	faber_est_suae_quisque_fortunae
surgery	CTDC-PARTICIPANT-809067	CTDC-SURGERY-104436	imperium_in_imperio	987	a_bene_placito	Yes	pace_tua	saltus_in_demonstrando	barba_crescit_caput_nescit
surgery	CTDC-PARTICIPANT-915905	CTDC-SURGERY-325093	nascentes_morimur_finisque_ab_origine_pendet	735	nascentes_morimur_finisque_ab_origine_pendet	No	nascentes_morimur_finisque_ab_origine_pendet	scientiae_et_patriae	cacatum_non_est_pictum
surgery	CTDC-PARTICIPANT-915905	CTDC-SURGERY-555650	scientiae_cedit_mare	724	barba_crescit_caput_nescit	No	saltus_in_demonstrando	Obedientia_civium_urbis_felicitas	cacatum_non_est_pictum
surgery	CTDC-PARTICIPANT-145747	CTDC-SURGERY-876673	faber_est_suae_quisque_fortunae	859	Obedientia_civium_urbis_felicitas	No	scientiae_cedit_mare	scientia,_aere_perennius	nascentes_morimur_finisque_ab_origine_pendet
surgery	CTDC-PARTICIPANT-145747	CTDC-SURGERY-824065	scientia_et_labor	363	Gallia_est_omnis_divisa_in_partes_tres	Yes	scientia,_aere_perennius	haec_olim_meminisse_iuvabit	salus_in_arduis
surgery	CTDC-PARTICIPANT-354093	CTDC-SURGERY-785551	nanos_gigantum_humeris_insidentes	992	cacatum_non_est_pictum	Yes	pace_tua	nanos_gigantum_humeris_insidentes	imperium_in_imperio
surgery	CTDC-PARTICIPANT-354093	CTDC-SURGERY-852301	O_Tite_tute_Tati_tibi_tanta_tyranne_tulisti	898	e_causa_ignota	Yes	nanos_gigantum_humeris_insidentes	faber_est_suae_quisque_fortunae	barba_crescit_caput_nescit
surgery	CTDC-PARTICIPANT-971501	CTDC-SURGERY-899985	haec_olim_meminisse_iuvabit	420	imperium_in_imperio	Yes	pace_tua	O_Tite_tute_Tati_tibi_tanta_tyranne_tulisti	Gallia_est_omnis_divisa_in_partes_tres
surgery	CTDC-PARTICIPANT-971501	CTDC-SURGERY-126313	pace_tua	82	barba_crescit_caput_nescit	No	scientiae_cedit_mare	imperium_in_imperio	labor_ipse_voluptas
surgery	CTDC-PARTICIPANT-915009	CTDC-SURGERY-329726	scientia,_aere_perennius	884	e_causa_ignota	Yes	scientiae_cedit_mare	saltus_in_demonstrando	pace_tua
surgery	CTDC-PARTICIPANT-915009	CTDC-SURGERY-994028	scientia_imperii_decus_et_tutamen	599	scientia_imperii_decus_et_tutamen	No	labor_ipse_voluptas	salus_in_arduis	saltus_in_demonstrando
surgery	CTDC-PARTICIPANT-501691	CTDC-SURGERY-838948	haec_olim_meminisse_iuvabit	51	salus_in_arduis	No	nanos_gigantum_humeris_insidentes	nanos_gigantum_humeris_insidentes	sapiens_qui_prospicit
surgery	CTDC-PARTICIPANT-501691	CTDC-SURGERY-477544	labor_ipse_voluptas	864	scientia_imperii_decus_et_tutamen	No	Obedientia_civium_urbis_felicitas	Gallia_est_omnis_divisa_in_partes_tres	scientia_et_sapientia
surgery	CTDC-PARTICIPANT-276676	CTDC-SURGERY-909170	haec_olim_meminisse_iuvabit	588	e_causa_ignota	Yes	labor_ipse_voluptas	Macte_animo_Generose_puer_sic_itur_ad_astra	sapiens_qui_prospicit
surgery	CTDC-PARTICIPANT-276676	CTDC-SURGERY-483484	damnant_quod_non_intellegunt	272	faber_est_suae_quisque_fortunae	Yes	salus_in_arduis	scientia_imperii_decus_et_tutamen	salus_in_arduis
surgery	CTDC-PARTICIPANT-648971	CTDC-SURGERY-295115	e_causa_ignota	722	haec_olim_meminisse_iuvabit	Yes	nanos_gigantum_humeris_insidentes	nascentes_morimur_finisque_ab_origine_pendet	O_Tite_tute_Tati_tibi_tanta_tyranne_tulisti
surgery	CTDC-PARTICIPANT-648971	CTDC-SURGERY-613891	Macte_animo_Generose_puer_sic_itur_ad_astra	789	scientiae_et_patriae	No	labor_ipse_voluptas	Macte_animo_Generose_puer_sic_itur_ad_astra	nascentes_morimur_finisque_ab_origine_pendet
surgery	CTDC-PARTICIPANT-578532	CTDC-SURGERY-962057	pace_tua	842	imperium_in_imperio	Yes	faber_est_suae_quisque_fortunae	barba_crescit_caput_nescit	labor_ipse_voluptas
surgery	CTDC-PARTICIPANT-578532	CTDC-SURGERY-612414	Obedientia_civium_urbis_felicitas	164	damnant_quod_non_intellegunt	Yes	imperium_in_imperio	imperium_in_imperio	pace_tua
surgery	CTDC-PARTICIPANT-284527	CTDC-SURGERY-272868	a_bene_placito	884	faber_est_suae_quisque_fortunae	Yes	sapiens_qui_prospicit	e_causa_ignota	Gallia_est_omnis_divisa_in_partes_tres
surgery	CTDC-PARTICIPANT-284527	CTDC-SURGERY-715885	scientiae_et_patriae	618	scientia_imperii_decus_et_tutamen	No	Obedientia_civium_urbis_felicitas	scientia_et_sapientia	scientiae_cedit_mare
surgery	CTDC-PARTICIPANT-553738	CTDC-SURGERY-991823	e_causa_ignota	919	O_Tite_tute_Tati_tibi_tanta_tyranne_tulisti	Yes	sapiens_qui_prospicit	scientia_imperii_decus_et_tutamen	scientia_et_sapientia
surgery	CTDC-PARTICIPANT-553738	CTDC-SURGERY-403617	scientiae_cedit_mare	635	barba_crescit_caput_nescit	Yes	Obedientia_civium_urbis_felicitas	salus_in_arduis	sapiens_qui_prospicit
surgery	CTDC-PARTICIPANT-932219	CTDC-SURGERY-162911	a_bene_placito	633	saltus_in_demonstrando	Yes	damnant_quod_non_intellegunt	nascentes_morimur_finisque_ab_origine_pendet	pace_tua
surgery	CTDC-PARTICIPANT-932219	CTDC-SURGERY-564930	barba_crescit_caput_nescit	996	barba_crescit_caput_nescit	No	a_bene_placito	O_Tite_tute_Tati_tibi_tanta_tyranne_tulisti	salus_in_arduis
surgery	CTDC-PARTICIPANT-235944	CTDC-SURGERY-549372	imperium_in_imperio	282	damnant_quod_non_intellegunt	Yes	scientiae_et_patriae	scientia_et_sapientia	scientia_imperii_decus_et_tutamen
surgery	CTDC-PARTICIPANT-235944	CTDC-SURGERY-616449	scientia_et_sapientia	309	saltus_in_demonstrando	No	nanos_gigantum_humeris_insidentes	sapiens_qui_prospicit	barba_crescit_caput_nescit
surgery	CTDC-PARTICIPANT-461411	CTDC-SURGERY-590054	scientiae_et_patriae	133	pace_tua	Yes	saltus_in_demonstrando	cacatum_non_est_pictum	scientiae_et_patriae
surgery	CTDC-PARTICIPANT-461411	CTDC-SURGERY-424221	Obedientia_civium_urbis_felicitas	755	nanos_gigantum_humeris_insidentes	No	barba_crescit_caput_nescit	saltus_in_demonstrando	imperium_in_imperio
surgery	CTDC-PARTICIPANT-406895	CTDC-SURGERY-508357	haec_olim_meminisse_iuvabit	483	scientiae_et_patriae	No	cacatum_non_est_pictum	barba_crescit_caput_nescit	barba_crescit_caput_nescit
surgery	CTDC-PARTICIPANT-406895	CTDC-SURGERY-271506	Macte_animo_Generose_puer_sic_itur_ad_astra	310	scientia,_aere_perennius	Yes	damnant_quod_non_intellegunt	scientia_et_labor	O_Tite_tute_Tati_tibi_tanta_tyranne_tulisti
surgery	CTDC-PARTICIPANT-975776	CTDC-SURGERY-292285	faber_est_suae_quisque_fortunae	176	cacatum_non_est_pictum	Yes	nascentes_morimur_finisque_ab_origine_pendet	scientiae_cedit_mare	damnant_quod_non_intellegunt
surgery	CTDC-PARTICIPANT-975776	CTDC-SURGERY-577711	scientia_et_labor	679	scientia_et_labor	Yes	a_bene_placito	Obedientia_civium_urbis_felicitas	pace_tua
surgery	CTDC-PARTICIPANT-433620	CTDC-SURGERY-743854	damnant_quod_non_intellegunt	67	damnant_quod_non_intellegunt	No	cacatum_non_est_pictum	e_causa_ignota	scientiae_et_patriae
surgery	CTDC-PARTICIPANT-433620	CTDC-SURGERY-708637	Macte_animo_Generose_puer_sic_itur_ad_astra	908	cacatum_non_est_pictum	Yes	imperium_in_imperio	scientia,_aere_perennius	imperium_in_imperio
surgery	CTDC-PARTICIPANT-802402	CTDC-SURGERY-569558	e_causa_ignota	133	Macte_animo_Generose_puer_sic_itur_ad_astra	No	haec_olim_meminisse_iuvabit	Gallia_est_omnis_divisa_in_partes_tres	sapiens_qui_prospicit
surgery	CTDC-PARTICIPANT-802402	CTDC-SURGERY-531243	damnant_quod_non_intellegunt	420	imperium_in_imperio	No	scientiae_et_patriae	Obedientia_civium_urbis_felicitas	haec_olim_meminisse_iuvabit
surgery	CTDC-PARTICIPANT-626099	CTDC-SURGERY-508396	saltus_in_demonstrando	562	pace_tua	No	a_bene_placito	a_bene_placito	haec_olim_meminisse_iuvabit
surgery	CTDC-PARTICIPANT-626099	CTDC-SURGERY-359377	id_quod_plerumque_accidit	417	saltus_in_demonstrando	Yes	a_bene_placito	haec_olim_meminisse_iuvabit	nascentes_morimur_finisque_ab_origine_pendet
surgery	CTDC-PARTICIPANT-804584	CTDC-SURGERY-801133	sapiens_qui_prospicit	247	sapiens_qui_prospicit	No	faber_est_suae_quisque_fortunae	haec_olim_meminisse_iuvabit	sapiens_qui_prospicit
surgery	CTDC-PARTICIPANT-804584	CTDC-SURGERY-437155	a_bene_placito	114	haec_olim_meminisse_iuvabit	No	scientia_et_sapientia	saltus_in_demonstrando	Gallia_est_omnis_divisa_in_partes_tres
surgery	CTDC-PARTICIPANT-832791	CTDC-SURGERY-203135	id_quod_plerumque_accidit	125	salus_in_arduis	No	a_bene_placito	O_Tite_tute_Tati_tibi_tanta_tyranne_tulisti	faber_est_suae_quisque_fortunae
surgery	CTDC-PARTICIPANT-832791	CTDC-SURGERY-384406	O_Tite_tute_Tati_tibi_tanta_tyranne_tulisti	474	scientia_imperii_decus_et_tutamen	Yes	imperium_in_imperio	Gallia_est_omnis_divisa_in_partes_tres	nascentes_morimur_finisque_ab_origine_pendet
surgery	CTDC-PARTICIPANT-913432	CTDC-SURGERY-835061	O_Tite_tute_Tati_tibi_tanta_tyranne_tulisti	762	damnant_quod_non_intellegunt	No	saltus_in_demonstrando	Obedientia_civium_urbis_felicitas	salus_in_arduis
surgery	CTDC-PARTICIPANT-913432	CTDC-SURGERY-402018	a_bene_placito	312	haec_olim_meminisse_iuvabit	Yes	scientia_et_sapientia	Macte_animo_Generose_puer_sic_itur_ad_astra	scientia_et_labor
surgery	CTDC-PARTICIPANT-990699	CTDC-SURGERY-859353	scientiae_et_patriae	200	faber_est_suae_quisque_fortunae	No	saltus_in_demonstrando	Macte_animo_Generose_puer_sic_itur_ad_astra	id_quod_plerumque_accidit
surgery	CTDC-PARTICIPANT-990699	CTDC-SURGERY-980715	labor_ipse_voluptas	897	faber_est_suae_quisque_fortunae	Yes	id_quod_plerumque_accidit	nanos_gigantum_humeris_insidentes	Gallia_est_omnis_divisa_in_partes_tres
surgery	CTDC-PARTICIPANT-947230	CTDC-SURGERY-742179	sapiens_qui_prospicit	305	scientia_et_labor	Yes	scientiae_et_patriae	Macte_animo_Generose_puer_sic_itur_ad_astra	nascentes_morimur_finisque_ab_origine_pendet
surgery	CTDC-PARTICIPANT-947230	CTDC-SURGERY-640623	Macte_animo_Generose_puer_sic_itur_ad_astra	378	scientia_imperii_decus_et_tutamen	Yes	sapiens_qui_prospicit	barba_crescit_caput_nescit	id_quod_plerumque_accidit
surgery	CTDC-PARTICIPANT-721385	CTDC-SURGERY-690386	Macte_animo_Generose_puer_sic_itur_ad_astra	615	e_causa_ignota	Yes	scientia_et_labor	nascentes_morimur_finisque_ab_origine_pendet	O_Tite_tute_Tati_tibi_tanta_tyranne_tulisti
surgery	CTDC-PARTICIPANT-721385	CTDC-SURGERY-836715	id_quod_plerumque_accidit	765	e_causa_ignota	Yes	salus_in_arduis	salus_in_arduis	scientia_et_sapientia
surgery	CTDC-PARTICIPANT-643832	CTDC-SURGERY-747939	scientia_et_sapientia	711	scientia,_aere_perennius	No	faber_est_suae_quisque_fortunae	imperium_in_imperio	labor_ipse_voluptas
surgery	CTDC-PARTICIPANT-643832	CTDC-SURGERY-296324	O_Tite_tute_Tati_tibi_tanta_tyranne_tulisti	224	cacatum_non_est_pictum	Yes	a_bene_placito	labor_ipse_voluptas	haec_olim_meminisse_iuvabit
surgery	CTDC-PARTICIPANT-136367	CTDC-SURGERY-450137	sapiens_qui_prospicit	879	Macte_animo_Generose_puer_sic_itur_ad_astra	Yes	damnant_quod_non_intellegunt	barba_crescit_caput_nescit	cacatum_non_est_pictum
surgery	CTDC-PARTICIPANT-136367	CTDC-SURGERY-568993	id_quod_plerumque_accidit	48	scientia,_aere_perennius	Yes	scientia_et_labor	Macte_animo_Generose_puer_sic_itur_ad_astra	Obedientia_civium_urbis_felicitas
surgery	CTDC-PARTICIPANT-218256	CTDC-SURGERY-856626	sapiens_qui_prospicit	920	scientia_et_sapientia	No	salus_in_arduis	Gallia_est_omnis_divisa_in_partes_tres	salus_in_arduis
surgery	CTDC-PARTICIPANT-218256	CTDC-SURGERY-453712	pace_tua	767	nanos_gigantum_humeris_insidentes	No	sapiens_qui_prospicit	scientiae_et_patriae	e_causa_ignota
surgery	CTDC-PARTICIPANT-837802	CTDC-SURGERY-149368	faber_est_suae_quisque_fortunae	725	imperium_in_imperio	Yes	pace_tua	nascentes_morimur_finisque_ab_origine_pendet	scientia,_aere_perennius
surgery	CTDC-PARTICIPANT-837802	CTDC-SURGERY-211009	scientia,_aere_perennius	773	haec_olim_meminisse_iuvabit	No	pace_tua	barba_crescit_caput_nescit	saltus_in_demonstrando
surgery	CTDC-PARTICIPANT-802979	CTDC-SURGERY-228724	e_causa_ignota	570	imperium_in_imperio	Yes	e_causa_ignota	O_Tite_tute_Tati_tibi_tanta_tyranne_tulisti	faber_est_suae_quisque_fortunae
surgery	CTDC-PARTICIPANT-802979	CTDC-SURGERY-438027	faber_est_suae_quisque_fortunae	74	cacatum_non_est_pictum	Yes	nanos_gigantum_humeris_insidentes	imperium_in_imperio	scientiae_cedit_mare
surgery	CTDC-PARTICIPANT-579791	CTDC-SURGERY-529776	scientia_et_sapientia	916	a_bene_placito	No	scientia_imperii_decus_et_tutamen	cacatum_non_est_pictum	Macte_animo_Generose_puer_sic_itur_ad_astra
surgery	CTDC-PARTICIPANT-579791	CTDC-SURGERY-372360	Macte_animo_Generose_puer_sic_itur_ad_astra	409	a_bene_placito	No	e_causa_ignota	Gallia_est_omnis_divisa_in_partes_tres	scientia_et_labor
surgery	CTDC-PARTICIPANT-273628	CTDC-SURGERY-678337	cacatum_non_est_pictum	815	sapiens_qui_prospicit	No	salus_in_arduis	scientiae_cedit_mare	labor_ipse_voluptas
surgery	CTDC-PARTICIPANT-273628	CTDC-SURGERY-622876	scientiae_cedit_mare	195	Obedientia_civium_urbis_felicitas	Yes	salus_in_arduis	damnant_quod_non_intellegunt	Gallia_est_omnis_divisa_in_partes_tres
surgery	CTDC-PARTICIPANT-545328	CTDC-SURGERY-629042	nanos_gigantum_humeris_insidentes	858	sapiens_qui_prospicit	Yes	a_bene_placito	scientiae_cedit_mare	nanos_gigantum_humeris_insidentes
surgery	CTDC-PARTICIPANT-545328	CTDC-SURGERY-129647	Gallia_est_omnis_divisa_in_partes_tres	178	salus_in_arduis	Yes	pace_tua	barba_crescit_caput_nescit	salus_in_arduis
surgery	CTDC-PARTICIPANT-171365	CTDC-SURGERY-779980	pace_tua	579	saltus_in_demonstrando	Yes	cacatum_non_est_pictum	Obedientia_civium_urbis_felicitas	O_Tite_tute_Tati_tibi_tanta_tyranne_tulisti
surgery	CTDC-PARTICIPANT-171365	CTDC-SURGERY-158309	nanos_gigantum_humeris_insidentes	806	scientia_imperii_decus_et_tutamen	Yes	damnant_quod_non_intellegunt	Macte_animo_Generose_puer_sic_itur_ad_astra	Gallia_est_omnis_divisa_in_partes_tres
surgery	CTDC-PARTICIPANT-690978	CTDC-SURGERY-164949	nanos_gigantum_humeris_insidentes	339	scientia_et_sapientia	Yes	nanos_gigantum_humeris_insidentes	faber_est_suae_quisque_fortunae	labor_ipse_voluptas
surgery	CTDC-PARTICIPANT-690978	CTDC-SURGERY-207107	Obedientia_civium_urbis_felicitas	912	O_Tite_tute_Tati_tibi_tanta_tyranne_tulisti	Yes	e_causa_ignota	cacatum_non_est_pictum	Obedientia_civium_urbis_felicitas
surgery	CTDC-PARTICIPANT-903146	CTDC-SURGERY-390305	O_Tite_tute_Tati_tibi_tanta_tyranne_tulisti	552	damnant_quod_non_intellegunt	No	Obedientia_civium_urbis_felicitas	damnant_quod_non_intellegunt	faber_est_suae_quisque_fortunae
surgery	CTDC-PARTICIPANT-903146	CTDC-SURGERY-267695	scientiae_et_patriae	616	haec_olim_meminisse_iuvabit	No	e_causa_ignota	nanos_gigantum_humeris_insidentes	O_Tite_tute_Tati_tibi_tanta_tyranne_tulisti
surgery	CTDC-PARTICIPANT-491351	CTDC-SURGERY-845558	barba_crescit_caput_nescit	326	Macte_animo_Generose_puer_sic_itur_ad_astra	No	barba_crescit_caput_nescit	faber_est_suae_quisque_fortunae	nascentes_morimur_finisque_ab_origine_pendet
surgery	CTDC-PARTICIPANT-491351	CTDC-SURGERY-148991	a_bene_placito	357	cacatum_non_est_pictum	Yes	sapiens_qui_prospicit	O_Tite_tute_Tati_tibi_tanta_tyranne_tulisti	a_bene_placito
surgery	CTDC-PARTICIPANT-811509	CTDC-SURGERY-391825	salus_in_arduis	964	id_quod_plerumque_accidit	Yes	saltus_in_demonstrando	scientia_imperii_decus_et_tutamen	scientia_imperii_decus_et_tutamen
surgery	CTDC-PARTICIPANT-811509	CTDC-SURGERY-247772	scientia_et_labor	855	e_causa_ignota	No	e_causa_ignota	scientiae_et_patriae	Gallia_est_omnis_divisa_in_partes_tres
surgery	CTDC-PARTICIPANT-396101	CTDC-SURGERY-420176	sapiens_qui_prospicit	12	barba_crescit_caput_nescit	Yes	damnant_quod_non_intellegunt	nanos_gigantum_humeris_insidentes	Macte_animo_Generose_puer_sic_itur_ad_astra
surgery	CTDC-PARTICIPANT-396101	CTDC-SURGERY-361131	nascentes_morimur_finisque_ab_origine_pendet	617	nascentes_morimur_finisque_ab_origine_pendet	No	scientiae_et_patriae	scientia,_aere_perennius	Obedientia_civium_urbis_felicitas
surgery	CTDC-PARTICIPANT-150841	CTDC-SURGERY-550410	scientiae_et_patriae	531	pace_tua	No	scientia,_aere_perennius	scientia,_aere_perennius	pace_tua
surgery	CTDC-PARTICIPANT-150841	CTDC-SURGERY-943861	e_causa_ignota	494	faber_est_suae_quisque_fortunae	Yes	a_bene_placito	O_Tite_tute_Tati_tibi_tanta_tyranne_tulisti	scientia_et_sapientia
surgery	CTDC-PARTICIPANT-958083	CTDC-SURGERY-889440	scientia_et_sapientia	489	Gallia_est_omnis_divisa_in_partes_tres	Yes	imperium_in_imperio	id_quod_plerumque_accidit	id_quod_plerumque_accidit
surgery	CTDC-PARTICIPANT-958083	CTDC-SURGERY-128115	Gallia_est_omnis_divisa_in_partes_tres	744	id_quod_plerumque_accidit	Yes	Gallia_est_omnis_divisa_in_partes_tres	cacatum_non_est_pictum	scientia_et_sapientia
surgery	CTDC-PARTICIPANT-893582	CTDC-SURGERY-887220	Macte_animo_Generose_puer_sic_itur_ad_astra	994	id_quod_plerumque_accidit	No	O_Tite_tute_Tati_tibi_tanta_tyranne_tulisti	pace_tua	O_Tite_tute_Tati_tibi_tanta_tyranne_tulisti
surgery	CTDC-PARTICIPANT-893582	CTDC-SURGERY-519955	scientia_imperii_decus_et_tutamen	490	scientiae_et_patriae	No	e_causa_ignota	saltus_in_demonstrando	salus_in_arduis
surgery	CTDC-PARTICIPANT-481156	CTDC-SURGERY-838016	salus_in_arduis	762	scientiae_cedit_mare	Yes	scientiae_et_patriae	cacatum_non_est_pictum	scientia,_aere_perennius
surgery	CTDC-PARTICIPANT-481156	CTDC-SURGERY-557882	damnant_quod_non_intellegunt	799	scientia,_aere_perennius	Yes	nascentes_morimur_finisque_ab_origine_pendet	Gallia_est_omnis_divisa_in_partes_tres	saltus_in_demonstrando
surgery	CTDC-PARTICIPANT-106443	CTDC-SURGERY-457313	Macte_animo_Generose_puer_sic_itur_ad_astra	800	nascentes_morimur_finisque_ab_origine_pendet	No	scientiae_et_patriae	e_causa_ignota	saltus_in_demonstrando
surgery	CTDC-PARTICIPANT-106443	CTDC-SURGERY-683597	nanos_gigantum_humeris_insidentes	972	scientia,_aere_perennius	No	id_quod_plerumque_accidit	id_quod_plerumque_accidit	scientia_et_sapientia
surgery	CTDC-PARTICIPANT-252272	CTDC-SURGERY-826395	id_quod_plerumque_accidit	130	barba_crescit_caput_nescit	Yes	Obedientia_civium_urbis_felicitas	scientia,_aere_perennius	scientia_imperii_decus_et_tutamen
surgery	CTDC-PARTICIPANT-252272	CTDC-SURGERY-793202	imperium_in_imperio	73	Gallia_est_omnis_divisa_in_partes_tres	Yes	barba_crescit_caput_nescit	nascentes_morimur_finisque_ab_origine_pendet	Obedientia_civium_urbis_felicitas
surgery	CTDC-PARTICIPANT-141279	CTDC-SURGERY-850055	e_causa_ignota	131	labor_ipse_voluptas	Yes	id_quod_plerumque_accidit	haec_olim_meminisse_iuvabit	nanos_gigantum_humeris_insidentes
surgery	CTDC-PARTICIPANT-141279	CTDC-SURGERY-831584	barba_crescit_caput_nescit	387	saltus_in_demonstrando	Yes	imperium_in_imperio	imperium_in_imperio	pace_tua
surgery	CTDC-PARTICIPANT-932532	CTDC-SURGERY-574067	haec_olim_meminisse_iuvabit	431	nascentes_morimur_finisque_ab_origine_pendet	No	sapiens_qui_prospicit	scientia_imperii_decus_et_tutamen	nanos_gigantum_humeris_insidentes
surgery	CTDC-PARTICIPANT-932532	CTDC-SURGERY-190628	imperium_in_imperio	991	nanos_gigantum_humeris_insidentes	Yes	haec_olim_meminisse_iuvabit	scientia_imperii_decus_et_tutamen	scientia_et_sapientia
surgery	CTDC-PARTICIPANT-124024	CTDC-SURGERY-903849	scientia,_aere_perennius	323	imperium_in_imperio	Yes	scientiae_et_patriae	scientia_et_labor	labor_ipse_voluptas
surgery	CTDC-PARTICIPANT-124024	CTDC-SURGERY-396690	scientia_et_labor	442	damnant_quod_non_intellegunt	Yes	scientia_et_sapientia	e_causa_ignota	nanos_gigantum_humeris_insidentes
surgery	CTDC-PARTICIPANT-380628	CTDC-SURGERY-697535	Obedientia_civium_urbis_felicitas	344	Macte_animo_Generose_puer_sic_itur_ad_astra	No	scientia_imperii_decus_et_tutamen	salus_in_arduis	cacatum_non_est_pictum
surgery	CTDC-PARTICIPANT-380628	CTDC-SURGERY-152131	damnant_quod_non_intellegunt	97	nascentes_morimur_finisque_ab_origine_pendet	Yes	sapiens_qui_prospicit	scientiae_et_patriae	nanos_gigantum_humeris_insidentes
surgery	CTDC-PARTICIPANT-655971	CTDC-SURGERY-300130	scientiae_cedit_mare	216	Gallia_est_omnis_divisa_in_partes_tres	No	scientia,_aere_perennius	nanos_gigantum_humeris_insidentes	salus_in_arduis
surgery	CTDC-PARTICIPANT-655971	CTDC-SURGERY-907692	e_causa_ignota	92	cacatum_non_est_pictum	Yes	a_bene_placito	Gallia_est_omnis_divisa_in_partes_tres	damnant_quod_non_intellegunt
surgery	CTDC-PARTICIPANT-553493	CTDC-SURGERY-144916	e_causa_ignota	894	salus_in_arduis	Yes	salus_in_arduis	scientia_imperii_decus_et_tutamen	Obedientia_civium_urbis_felicitas
surgery	CTDC-PARTICIPANT-553493	CTDC-SURGERY-397811	scientia_imperii_decus_et_tutamen	375	O_Tite_tute_Tati_tibi_tanta_tyranne_tulisti	No	damnant_quod_non_intellegunt	scientia_imperii_decus_et_tutamen	faber_est_suae_quisque_fortunae
surgery	CTDC-PARTICIPANT-896213	CTDC-SURGERY-418128	cacatum_non_est_pictum	292	pace_tua	No	scientia_et_labor	sapiens_qui_prospicit	barba_crescit_caput_nescit
surgery	CTDC-PARTICIPANT-896213	CTDC-SURGERY-639219	salus_in_arduis	348	Gallia_est_omnis_divisa_in_partes_tres	No	Macte_animo_Generose_puer_sic_itur_ad_astra	haec_olim_meminisse_iuvabit	cacatum_non_est_pictum
surgery	CTDC-PARTICIPANT-132751	CTDC-SURGERY-644896	labor_ipse_voluptas	551	O_Tite_tute_Tati_tibi_tanta_tyranne_tulisti	Yes	haec_olim_meminisse_iuvabit	salus_in_arduis	barba_crescit_caput_nescit
surgery	CTDC-PARTICIPANT-132751	CTDC-SURGERY-992533	Macte_animo_Generose_puer_sic_itur_ad_astra	19	sapiens_qui_prospicit	No	scientia,_aere_perennius	cacatum_non_est_pictum	e_causa_ignota
surgery	CTDC-PARTICIPANT-237359	CTDC-SURGERY-393504	a_bene_placito	876	haec_olim_meminisse_iuvabit	Yes	Gallia_est_omnis_divisa_in_partes_tres	scientiae_et_patriae	id_quod_plerumque_accidit
surgery	CTDC-PARTICIPANT-237359	CTDC-SURGERY-449964	scientia,_aere_perennius	545	scientiae_cedit_mare	Yes	a_bene_placito	salus_in_arduis	scientia,_aere_perennius
surgery	CTDC-PARTICIPANT-876508	CTDC-SURGERY-397708	a_bene_placito	627	imperium_in_imperio	No	scientia_et_sapientia	imperium_in_imperio	damnant_quod_non_intellegunt
surgery	CTDC-PARTICIPANT-876508	CTDC-SURGERY-234636	id_quod_plerumque_accidit	866	O_Tite_tute_Tati_tibi_tanta_tyranne_tulisti	No	O_Tite_tute_Tati_tibi_tanta_tyranne_tulisti	labor_ipse_voluptas	e_causa_ignota
surgery	CTDC-PARTICIPANT-317587	CTDC-SURGERY-757302	scientia,_aere_perennius	55	scientia_et_labor	No	id_quod_plerumque_accidit	scientia_et_sapientia	scientia_imperii_decus_et_tutamen
surgery	CTDC-PARTICIPANT-317587	CTDC-SURGERY-741768	id_quod_plerumque_accidit	642	scientia,_aere_perennius	No	Obedientia_civium_urbis_felicitas	scientia_et_sapientia	Obedientia_civium_urbis_felicitas
surgery	CTDC-PARTICIPANT-161257	CTDC-SURGERY-667529	faber_est_suae_quisque_fortunae	712	id_quod_plerumque_accidit	Yes	cacatum_non_est_pictum	scientiae_cedit_mare	labor_ipse_voluptas
surgery	CTDC-PARTICIPANT-161257	CTDC-SURGERY-188490	damnant_quod_non_intellegunt	247	Macte_animo_Generose_puer_sic_itur_ad_astra	Yes	scientia_et_sapientia	scientia_et_sapientia	a_bene_placito
surgery	CTDC-PARTICIPANT-814438	CTDC-SURGERY-638166	saltus_in_demonstrando	939	a_bene_placito	No	nascentes_morimur_finisque_ab_origine_pendet	scientiae_cedit_mare	nanos_gigantum_humeris_insidentes
surgery	CTDC-PARTICIPANT-814438	CTDC-SURGERY-917142	damnant_quod_non_intellegunt	484	O_Tite_tute_Tati_tibi_tanta_tyranne_tulisti	No	cacatum_non_est_pictum	salus_in_arduis	id_quod_plerumque_accidit
surgery	CTDC-PARTICIPANT-800186	CTDC-SURGERY-856509	scientiae_et_patriae	347	imperium_in_imperio	No	scientia_imperii_decus_et_tutamen	sapiens_qui_prospicit	scientiae_cedit_mare
surgery	CTDC-PARTICIPANT-800186	CTDC-SURGERY-993438	Macte_animo_Generose_puer_sic_itur_ad_astra	271	barba_crescit_caput_nescit	Yes	scientiae_cedit_mare	scientia_et_labor	scientia,_aere_perennius
surgery	CTDC-PARTICIPANT-766659	CTDC-SURGERY-147666	faber_est_suae_quisque_fortunae	391	e_causa_ignota	No	sapiens_qui_prospicit	cacatum_non_est_pictum	Macte_animo_Generose_puer_sic_itur_ad_astra
surgery	CTDC-PARTICIPANT-766659	CTDC-SURGERY-934270	scientia,_aere_perennius	813	scientia_imperii_decus_et_tutamen	No	sapiens_qui_prospicit	e_causa_ignota	scientia_et_labor
surgery	CTDC-PARTICIPANT-460334	CTDC-SURGERY-138082	nascentes_morimur_finisque_ab_origine_pendet	792	sapiens_qui_prospicit	Yes	pace_tua	imperium_in_imperio	Obedientia_civium_urbis_felicitas
surgery	CTDC-PARTICIPANT-460334	CTDC-SURGERY-914044	scientia_et_sapientia	440	Macte_animo_Generose_puer_sic_itur_ad_astra	Yes	cacatum_non_est_pictum	Obedientia_civium_urbis_felicitas	a_bene_placito
surgery	CTDC-PARTICIPANT-772926	CTDC-SURGERY-633770	scientiae_cedit_mare	839	a_bene_placito	No	scientia,_aere_perennius	Macte_animo_Generose_puer_sic_itur_ad_astra	O_Tite_tute_Tati_tibi_tanta_tyranne_tulisti
surgery	CTDC-PARTICIPANT-772926	CTDC-SURGERY-572873	pace_tua	970	Obedientia_civium_urbis_felicitas	No	Gallia_est_omnis_divisa_in_partes_tres	id_quod_plerumque_accidit	sapiens_qui_prospicit
surgery	CTDC-PARTICIPANT-626978	CTDC-SURGERY-732511	barba_crescit_caput_nescit	79	O_Tite_tute_Tati_tibi_tanta_tyranne_tulisti	No	sapiens_qui_prospicit	Obedientia_civium_urbis_felicitas	e_causa_ignota
surgery	CTDC-PARTICIPANT-626978	CTDC-SURGERY-890938	id_quod_plerumque_accidit	819	O_Tite_tute_Tati_tibi_tanta_tyranne_tulisti	No	nanos_gigantum_humeris_insidentes	a_bene_placito	scientiae_cedit_mare
surgery	CTDC-PARTICIPANT-399685	CTDC-SURGERY-463641	haec_olim_meminisse_iuvabit	658	nanos_gigantum_humeris_insidentes	No	haec_olim_meminisse_iuvabit	id_quod_plerumque_accidit	Macte_animo_Generose_puer_sic_itur_ad_astra
surgery	CTDC-PARTICIPANT-399685	CTDC-SURGERY-691990	id_quod_plerumque_accidit	731	saltus_in_demonstrando	No	barba_crescit_caput_nescit	Gallia_est_omnis_divisa_in_partes_tres	sapiens_qui_prospicit
surgery	CTDC-PARTICIPANT-499669	CTDC-SURGERY-380304	sapiens_qui_prospicit	671	salus_in_arduis	No	nascentes_morimur_finisque_ab_origine_pendet	scientia_imperii_decus_et_tutamen	saltus_in_demonstrando
surgery	CTDC-PARTICIPANT-499669	CTDC-SURGERY-467781	Gallia_est_omnis_divisa_in_partes_tres	880	Obedientia_civium_urbis_felicitas	Yes	scientiae_et_patriae	labor_ipse_voluptas	id_quod_plerumque_accidit
surgery	CTDC-PARTICIPANT-453258	CTDC-SURGERY-402449	pace_tua	357	barba_crescit_caput_nescit	Yes	saltus_in_demonstrando	salus_in_arduis	scientia_et_labor
surgery	CTDC-PARTICIPANT-453258	CTDC-SURGERY-414445	scientia,_aere_perennius	505	scientia_et_labor	Yes	scientia_et_sapientia	scientiae_et_patriae	e_causa_ignota
surgery	CTDC-PARTICIPANT-530151	CTDC-SURGERY-571163	damnant_quod_non_intellegunt	482	saltus_in_demonstrando	No	labor_ipse_voluptas	imperium_in_imperio	Macte_animo_Generose_puer_sic_itur_ad_astra
surgery	CTDC-PARTICIPANT-530151	CTDC-SURGERY-974684	barba_crescit_caput_nescit	855	haec_olim_meminisse_iuvabit	Yes	scientiae_cedit_mare	nascentes_morimur_finisque_ab_origine_pendet	scientia,_aere_perennius
surgery	CTDC-PARTICIPANT-351359	CTDC-SURGERY-986001	scientiae_et_patriae	242	cacatum_non_est_pictum	No	pace_tua	Macte_animo_Generose_puer_sic_itur_ad_astra	cacatum_non_est_pictum
surgery	CTDC-PARTICIPANT-351359	CTDC-SURGERY-317435	scientia_et_sapientia	782	Macte_animo_Generose_puer_sic_itur_ad_astra	No	Macte_animo_Generose_puer_sic_itur_ad_astra	pace_tua	nascentes_morimur_finisque_ab_origine_pendet
surgery	CTDC-PARTICIPANT-828955	CTDC-SURGERY-707430	Obedientia_civium_urbis_felicitas	451	Gallia_est_omnis_divisa_in_partes_tres	No	scientia,_aere_perennius	O_Tite_tute_Tati_tibi_tanta_tyranne_tulisti	scientiae_et_patriae
surgery	CTDC-PARTICIPANT-828955	CTDC-SURGERY-665555	cacatum_non_est_pictum	203	faber_est_suae_quisque_fortunae	No	scientia,_aere_perennius	saltus_in_demonstrando	salus_in_arduis
surgery	CTDC-PARTICIPANT-219801	CTDC-SURGERY-341569	scientia_et_labor	422	Obedientia_civium_urbis_felicitas	No	Obedientia_civium_urbis_felicitas	a_bene_placito	scientia,_aere_perennius
surgery	CTDC-PARTICIPANT-219801	CTDC-SURGERY-268214	scientiae_et_patriae	508	scientia_et_sapientia	Yes	scientia_et_labor	faber_est_suae_quisque_fortunae	saltus_in_demonstrando
surgery	CTDC-PARTICIPANT-107207	CTDC-SURGERY-938854	damnant_quod_non_intellegunt	862	scientia_et_labor	Yes	barba_crescit_caput_nescit	scientia_imperii_decus_et_tutamen	haec_olim_meminisse_iuvabit
surgery	CTDC-PARTICIPANT-107207	CTDC-SURGERY-600080	scientia_imperii_decus_et_tutamen	76	scientiae_et_patriae	Yes	scientiae_et_patriae	a_bene_placito	e_causa_ignota
surgery	CTDC-PARTICIPANT-687631	CTDC-SURGERY-942042	haec_olim_meminisse_iuvabit	596	Macte_animo_Generose_puer_sic_itur_ad_astra	No	nanos_gigantum_humeris_insidentes	nanos_gigantum_humeris_insidentes	pace_tua
surgery	CTDC-PARTICIPANT-687631	CTDC-SURGERY-747129	sapiens_qui_prospicit	550	scientia,_aere_perennius	No	scientia,_aere_perennius	cacatum_non_est_pictum	salus_in_arduis
surgery	CTDC-PARTICIPANT-995306	CTDC-SURGERY-422121	haec_olim_meminisse_iuvabit	462	scientiae_et_patriae	Yes	scientia_et_sapientia	pace_tua	haec_olim_meminisse_iuvabit
surgery	CTDC-PARTICIPANT-995306	CTDC-SURGERY-324883	damnant_quod_non_intellegunt	53	sapiens_qui_prospicit	No	faber_est_suae_quisque_fortunae	nanos_gigantum_humeris_insidentes	haec_olim_meminisse_iuvabit
surgery	CTDC-PARTICIPANT-683828	CTDC-SURGERY-661349	scientiae_et_patriae	186	scientia,_aere_perennius	No	damnant_quod_non_intellegunt	scientiae_cedit_mare	haec_olim_meminisse_iuvabit
surgery	CTDC-PARTICIPANT-683828	CTDC-SURGERY-728092	cacatum_non_est_pictum	270	Macte_animo_Generose_puer_sic_itur_ad_astra	No	barba_crescit_caput_nescit	cacatum_non_est_pictum	faber_est_suae_quisque_fortunae
surgery	CTDC-PARTICIPANT-142000	CTDC-SURGERY-310690	damnant_quod_non_intellegunt	673	damnant_quod_non_intellegunt	Yes	cacatum_non_est_pictum	Gallia_est_omnis_divisa_in_partes_tres	Macte_animo_Generose_puer_sic_itur_ad_astra
surgery	CTDC-PARTICIPANT-142000	CTDC-SURGERY-550197	nanos_gigantum_humeris_insidentes	244	labor_ipse_voluptas	No	labor_ipse_voluptas	e_causa_ignota	scientia_et_labor
surgery	CTDC-PARTICIPANT-918389	CTDC-SURGERY-675637	labor_ipse_voluptas	265	scientia,_aere_perennius	No	scientiae_cedit_mare	Gallia_est_omnis_divisa_in_partes_tres	scientia_et_labor
surgery	CTDC-PARTICIPANT-918389	CTDC-SURGERY-722898	labor_ipse_voluptas	973	e_causa_ignota	No	a_bene_placito	haec_olim_meminisse_iuvabit	salus_in_arduis
surgery	CTDC-PARTICIPANT-164484	CTDC-SURGERY-505575	sapiens_qui_prospicit	86	nascentes_morimur_finisque_ab_origine_pendet	Yes	e_causa_ignota	saltus_in_demonstrando	Obedientia_civium_urbis_felicitas
surgery	CTDC-PARTICIPANT-164484	CTDC-SURGERY-432492	nascentes_morimur_finisque_ab_origine_pendet	822	scientia_et_sapientia	Yes	cacatum_non_est_pictum	labor_ipse_voluptas	damnant_quod_non_intellegunt
surgery	CTDC-PARTICIPANT-131806	CTDC-SURGERY-566373	cacatum_non_est_pictum	23	saltus_in_demonstrando	Yes	scientia_imperii_decus_et_tutamen	scientia_imperii_decus_et_tutamen	barba_crescit_caput_nescit
surgery	CTDC-PARTICIPANT-131806	CTDC-SURGERY-732682	Macte_animo_Generose_puer_sic_itur_ad_astra	42	Macte_animo_Generose_puer_sic_itur_ad_astra	No	Gallia_est_omnis_divisa_in_partes_tres	scientia_et_labor	nascentes_morimur_finisque_ab_origine_pendet
surgery	CTDC-PARTICIPANT-507363	CTDC-SURGERY-241459	e_causa_ignota	932	scientiae_cedit_mare	No	Gallia_est_omnis_divisa_in_partes_tres	Obedientia_civium_urbis_felicitas	Gallia_est_omnis_divisa_in_partes_tres
surgery	CTDC-PARTICIPANT-507363	CTDC-SURGERY-271237	id_quod_plerumque_accidit	695	pace_tua	Yes	Macte_animo_Generose_puer_sic_itur_ad_astra	scientia,_aere_perennius	labor_ipse_voluptas
surgery	CTDC-PARTICIPANT-704044	CTDC-SURGERY-299017	saltus_in_demonstrando	844	scientiae_et_patriae	No	labor_ipse_voluptas	imperium_in_imperio	labor_ipse_voluptas
surgery	CTDC-PARTICIPANT-704044	CTDC-SURGERY-301988	a_bene_placito	611	scientia_imperii_decus_et_tutamen	Yes	cacatum_non_est_pictum	barba_crescit_caput_nescit	imperium_in_imperio
surgery	CTDC-PARTICIPANT-646171	CTDC-SURGERY-958904	scientiae_et_patriae	439	scientia_et_sapientia	No	labor_ipse_voluptas	a_bene_placito	barba_crescit_caput_nescit
surgery	CTDC-PARTICIPANT-646171	CTDC-SURGERY-842555	sapiens_qui_prospicit	18	Obedientia_civium_urbis_felicitas	Yes	scientia_et_labor	pace_tua	imperium_in_imperio
surgery	CTDC-PARTICIPANT-702783	CTDC-SURGERY-295902	pace_tua	639	Obedientia_civium_urbis_felicitas	Yes	scientia_imperii_decus_et_tutamen	scientiae_et_patriae	cacatum_non_est_pictum
surgery	CTDC-PARTICIPANT-702783	CTDC-SURGERY-559044	e_causa_ignota	206	nascentes_morimur_finisque_ab_origine_pendet	Yes	Gallia_est_omnis_divisa_in_partes_tres	pace_tua	id_quod_plerumque_accidit
surgery	CTDC-PARTICIPANT-895851	CTDC-SURGERY-438377	scientia_imperii_decus_et_tutamen	815	labor_ipse_voluptas	No	imperium_in_imperio	scientia,_aere_perennius	imperium_in_imperio
surgery	CTDC-PARTICIPANT-895851	CTDC-SURGERY-599137	labor_ipse_voluptas	183	cacatum_non_est_pictum	No	e_causa_ignota	id_quod_plerumque_accidit	damnant_quod_non_intellegunt
surgery	CTDC-PARTICIPANT-351896	CTDC-SURGERY-286353	nascentes_morimur_finisque_ab_origine_pendet	302	id_quod_plerumque_accidit	No	pace_tua	imperium_in_imperio	cacatum_non_est_pictum
surgery	CTDC-PARTICIPANT-351896	CTDC-SURGERY-120182	salus_in_arduis	815	nanos_gigantum_humeris_insidentes	Yes	scientia_et_labor	a_bene_placito	cacatum_non_est_pictum
surgery	CTDC-PARTICIPANT-510669	CTDC-SURGERY-365263	cacatum_non_est_pictum	165	Obedientia_civium_urbis_felicitas	No	scientia_et_sapientia	id_quod_plerumque_accidit	cacatum_non_est_pictum
surgery	CTDC-PARTICIPANT-510669	CTDC-SURGERY-242284	O_Tite_tute_Tati_tibi_tanta_tyranne_tulisti	517	scientia,_aere_perennius	Yes	pace_tua	Obedientia_civium_urbis_felicitas	scientia_imperii_decus_et_tutamen
surgery	CTDC-PARTICIPANT-293573	CTDC-SURGERY-308663	faber_est_suae_quisque_fortunae	589	damnant_quod_non_intellegunt	No	Macte_animo_Generose_puer_sic_itur_ad_astra	O_Tite_tute_Tati_tibi_tanta_tyranne_tulisti	e_causa_ignota
surgery	CTDC-PARTICIPANT-293573	CTDC-SURGERY-353562	a_bene_placito	215	pace_tua	Yes	salus_in_arduis	scientiae_cedit_mare	scientia_et_sapientia
surgery	CTDC-PARTICIPANT-385400	CTDC-SURGERY-987134	scientiae_et_patriae	54	salus_in_arduis	Yes	scientiae_cedit_mare	e_causa_ignota	O_Tite_tute_Tati_tibi_tanta_tyranne_tulisti
surgery	CTDC-PARTICIPANT-385400	CTDC-SURGERY-433736	nanos_gigantum_humeris_insidentes	344	scientia,_aere_perennius	No	imperium_in_imperio	O_Tite_tute_Tati_tibi_tanta_tyranne_tulisti	labor_ipse_voluptas
surgery	CTDC-PARTICIPANT-838872	CTDC-SURGERY-832886	e_causa_ignota	925	haec_olim_meminisse_iuvabit	Yes	damnant_quod_non_intellegunt	haec_olim_meminisse_iuvabit	nanos_gigantum_humeris_insidentes
surgery	CTDC-PARTICIPANT-838872	CTDC-SURGERY-983384	scientiae_et_patriae	481	Macte_animo_Generose_puer_sic_itur_ad_astra	Yes	e_causa_ignota	scientia,_aere_perennius	scientia_et_labor
