type	participant.participant_id	targeted_therapy_record_id	targeted_therapy	targeted_therapy_dose	targeted_therapy_dose_units	targeted_therapy_frequency	targeted_therapy_start_date	targeted_therapy_end_date	best_response_to_targeted_therapy	crdc_id
targeted_therapy	CTDC-PARTICIPANT-960708	CTDC-TARGETED-THERAPY-702911	imperium_in_imperio	id_quod_plerumque_accidit	pace_tua	Obedientia_civium_urbis_felicitas	596	902	Too Early	damnant_quod_non_intellegunt
targeted_therapy	CTDC-PARTICIPANT-960708	CTDC-TARGETED-THERAPY-455722	labor_ipse_voluptas	O_Tite_tute_Tati_tibi_tanta_tyranne_tulisti	scientia,_aere_perennius	Gallia_est_omnis_divisa_in_partes_tres	599	843	Complete Response	pace_tua
targeted_therapy	CTDC-PARTICIPANT-810342	CTDC-TARGETED-THERAPY-760987	O_Tite_tute_Tati_tibi_tanta_tyranne_tulisti	faber_est_suae_quisque_fortunae	faber_est_suae_quisque_fortunae	e_causa_ignota	453	17	Complete Response	pace_tua
targeted_therapy	CTDC-PARTICIPANT-810342	CTDC-TARGETED-THERAPY-334272	scientia_et_sapientia	Macte_animo_Generose_puer_sic_itur_ad_astra	cacatum_non_est_pictum	pace_tua	332	41	Progressive Disease	scientia_imperii_decus_et_tutamen
targeted_therapy	CTDC-PARTICIPANT-583157	CTDC-TARGETED-THERAPY-535450	scientiae_cedit_mare	sapiens_qui_prospicit	O_Tite_tute_Tati_tibi_tanta_tyranne_tulisti	nanos_gigantum_humeris_insidentes	101	265	Too Early	nascentes_morimur_finisque_ab_origine_pendet
targeted_therapy	CTDC-PARTICIPANT-583157	CTDC-TARGETED-THERAPY-139010	scientia_et_labor	scientia_imperii_decus_et_tutamen	scientia,_aere_perennius	imperium_in_imperio	627	719	Progressive Disease	scientia_imperii_decus_et_tutamen
targeted_therapy	CTDC-PARTICIPANT-530961	CTDC-TARGETED-THERAPY-680336	damnant_quod_non_intellegunt	nanos_gigantum_humeris_insidentes	id_quod_plerumque_accidit	faber_est_suae_quisque_fortunae	242	810	Stable Disease	Obedientia_civium_urbis_felicitas
targeted_therapy	CTDC-PARTICIPANT-530961	CTDC-TARGETED-THERAPY-123892	scientiae_cedit_mare	nanos_gigantum_humeris_insidentes	scientia,_aere_perennius	scientiae_et_patriae	122	124	Unknown	nascentes_morimur_finisque_ab_origine_pendet
targeted_therapy	CTDC-PARTICIPANT-850736	CTDC-TARGETED-THERAPY-926752	scientia_et_labor	sapiens_qui_prospicit	scientia,_aere_perennius	scientiae_et_patriae	288	788	Not Evaluable	sapiens_qui_prospicit
targeted_therapy	CTDC-PARTICIPANT-850736	CTDC-TARGETED-THERAPY-851467	saltus_in_demonstrando	Gallia_est_omnis_divisa_in_partes_tres	scientiae_et_patriae	cacatum_non_est_pictum	26	24	Unknown	nanos_gigantum_humeris_insidentes
targeted_therapy	CTDC-PARTICIPANT-814196	CTDC-TARGETED-THERAPY-174848	pace_tua	id_quod_plerumque_accidit	labor_ipse_voluptas	faber_est_suae_quisque_fortunae	971	816	Too Early	scientiae_et_patriae
targeted_therapy	CTDC-PARTICIPANT-814196	CTDC-TARGETED-THERAPY-299771	faber_est_suae_quisque_fortunae	faber_est_suae_quisque_fortunae	faber_est_suae_quisque_fortunae	sapiens_qui_prospicit	62	751	Not Assessed	scientiae_cedit_mare
targeted_therapy	CTDC-PARTICIPANT-647360	CTDC-TARGETED-THERAPY-757400	nanos_gigantum_humeris_insidentes	damnant_quod_non_intellegunt	scientia_imperii_decus_et_tutamen	Gallia_est_omnis_divisa_in_partes_tres	434	687	Stable Disease	salus_in_arduis
targeted_therapy	CTDC-PARTICIPANT-647360	CTDC-TARGETED-THERAPY-675050	imperium_in_imperio	scientiae_et_patriae	labor_ipse_voluptas	scientia_et_labor	406	462	Not Assessed	O_Tite_tute_Tati_tibi_tanta_tyranne_tulisti
targeted_therapy	CTDC-PARTICIPANT-759740	CTDC-TARGETED-THERAPY-758410	saltus_in_demonstrando	faber_est_suae_quisque_fortunae	scientia,_aere_perennius	cacatum_non_est_pictum	496	340	Stable Disease	id_quod_plerumque_accidit
targeted_therapy	CTDC-PARTICIPANT-759740	CTDC-TARGETED-THERAPY-301233	O_Tite_tute_Tati_tibi_tanta_tyranne_tulisti	scientiae_et_patriae	scientia_et_labor	pace_tua	224	964	Partial Response	damnant_quod_non_intellegunt
targeted_therapy	CTDC-PARTICIPANT-484356	CTDC-TARGETED-THERAPY-904198	faber_est_suae_quisque_fortunae	saltus_in_demonstrando	a_bene_placito	Macte_animo_Generose_puer_sic_itur_ad_astra	696	605	Partial Response	pace_tua
targeted_therapy	CTDC-PARTICIPANT-484356	CTDC-TARGETED-THERAPY-873563	damnant_quod_non_intellegunt	sapiens_qui_prospicit	pace_tua	pace_tua	111	672	Not Assessed	a_bene_placito
targeted_therapy	CTDC-PARTICIPANT-516276	CTDC-TARGETED-THERAPY-757542	haec_olim_meminisse_iuvabit	scientiae_et_patriae	saltus_in_demonstrando	imperium_in_imperio	714	569	Partial Response	labor_ipse_voluptas
targeted_therapy	CTDC-PARTICIPANT-516276	CTDC-TARGETED-THERAPY-935224	nascentes_morimur_finisque_ab_origine_pendet	faber_est_suae_quisque_fortunae	scientiae_cedit_mare	scientia_et_labor	736	435	Partial Response	O_Tite_tute_Tati_tibi_tanta_tyranne_tulisti
targeted_therapy	CTDC-PARTICIPANT-829112	CTDC-TARGETED-THERAPY-286093	nanos_gigantum_humeris_insidentes	scientia_et_sapientia	pace_tua	scientia_et_labor	955	296	Unknown	scientia_et_sapientia
targeted_therapy	CTDC-PARTICIPANT-829112	CTDC-TARGETED-THERAPY-648788	saltus_in_demonstrando	e_causa_ignota	nanos_gigantum_humeris_insidentes	id_quod_plerumque_accidit	776	666	Partial Response	faber_est_suae_quisque_fortunae
targeted_therapy	CTDC-PARTICIPANT-787394	CTDC-TARGETED-THERAPY-983743	nascentes_morimur_finisque_ab_origine_pendet	haec_olim_meminisse_iuvabit	damnant_quod_non_intellegunt	nascentes_morimur_finisque_ab_origine_pendet	57	301	Partial Response	Macte_animo_Generose_puer_sic_itur_ad_astra
targeted_therapy	CTDC-PARTICIPANT-787394	CTDC-TARGETED-THERAPY-181754	Obedientia_civium_urbis_felicitas	imperium_in_imperio	scientiae_et_patriae	Obedientia_civium_urbis_felicitas	684	679	Too Early	Gallia_est_omnis_divisa_in_partes_tres
targeted_therapy	CTDC-PARTICIPANT-519553	CTDC-TARGETED-THERAPY-929750	scientia_et_labor	scientia,_aere_perennius	scientia_et_sapientia	scientiae_et_patriae	768	375	Progressive Disease	scientiae_et_patriae
targeted_therapy	CTDC-PARTICIPANT-519553	CTDC-TARGETED-THERAPY-577684	imperium_in_imperio	scientia_et_sapientia	Macte_animo_Generose_puer_sic_itur_ad_astra	pace_tua	263	579	Not Evaluable	Obedientia_civium_urbis_felicitas
targeted_therapy	CTDC-PARTICIPANT-518532	CTDC-TARGETED-THERAPY-458827	barba_crescit_caput_nescit	cacatum_non_est_pictum	Obedientia_civium_urbis_felicitas	salus_in_arduis	183	113	Less than partial response	Obedientia_civium_urbis_felicitas
targeted_therapy	CTDC-PARTICIPANT-518532	CTDC-TARGETED-THERAPY-335647	scientia_imperii_decus_et_tutamen	pace_tua	saltus_in_demonstrando	cacatum_non_est_pictum	383	299	Complete Response	imperium_in_imperio
targeted_therapy	CTDC-PARTICIPANT-880160	CTDC-TARGETED-THERAPY-648357	nanos_gigantum_humeris_insidentes	e_causa_ignota	e_causa_ignota	saltus_in_demonstrando	187	567	Complete Response	Gallia_est_omnis_divisa_in_partes_tres
targeted_therapy	CTDC-PARTICIPANT-880160	CTDC-TARGETED-THERAPY-156244	nanos_gigantum_humeris_insidentes	saltus_in_demonstrando	scientiae_cedit_mare	scientia_et_labor	781	547	Too Early	id_quod_plerumque_accidit
targeted_therapy	CTDC-PARTICIPANT-124743	CTDC-TARGETED-THERAPY-619146	pace_tua	scientiae_et_patriae	a_bene_placito	scientia_et_sapientia	181	33	Unknown	labor_ipse_voluptas
targeted_therapy	CTDC-PARTICIPANT-124743	CTDC-TARGETED-THERAPY-367363	saltus_in_demonstrando	a_bene_placito	scientia,_aere_perennius	cacatum_non_est_pictum	477	830	Not Evaluable	scientia_et_labor
targeted_therapy	CTDC-PARTICIPANT-467907	CTDC-TARGETED-THERAPY-641256	haec_olim_meminisse_iuvabit	Obedientia_civium_urbis_felicitas	nanos_gigantum_humeris_insidentes	salus_in_arduis	926	613	Progressive Disease	O_Tite_tute_Tati_tibi_tanta_tyranne_tulisti
targeted_therapy	CTDC-PARTICIPANT-467907	CTDC-TARGETED-THERAPY-965592	labor_ipse_voluptas	saltus_in_demonstrando	scientiae_et_patriae	scientia_imperii_decus_et_tutamen	118	714	Not Assessed	scientiae_cedit_mare
targeted_therapy	CTDC-PARTICIPANT-497352	CTDC-TARGETED-THERAPY-303767	faber_est_suae_quisque_fortunae	scientiae_et_patriae	scientia_et_labor	scientia_et_labor	656	363	Unknown	haec_olim_meminisse_iuvabit
targeted_therapy	CTDC-PARTICIPANT-497352	CTDC-TARGETED-THERAPY-273340	imperium_in_imperio	Gallia_est_omnis_divisa_in_partes_tres	scientia,_aere_perennius	nascentes_morimur_finisque_ab_origine_pendet	56	285	Not Evaluable	damnant_quod_non_intellegunt
targeted_therapy	CTDC-PARTICIPANT-203531	CTDC-TARGETED-THERAPY-234983	a_bene_placito	faber_est_suae_quisque_fortunae	nascentes_morimur_finisque_ab_origine_pendet	e_causa_ignota	365	727	Stable Disease	id_quod_plerumque_accidit
targeted_therapy	CTDC-PARTICIPANT-203531	CTDC-TARGETED-THERAPY-850990	nanos_gigantum_humeris_insidentes	saltus_in_demonstrando	cacatum_non_est_pictum	e_causa_ignota	722	176	Not Assessed	nanos_gigantum_humeris_insidentes
targeted_therapy	CTDC-PARTICIPANT-800361	CTDC-TARGETED-THERAPY-590951	haec_olim_meminisse_iuvabit	pace_tua	salus_in_arduis	id_quod_plerumque_accidit	889	717	Complete Response	scientia,_aere_perennius
targeted_therapy	CTDC-PARTICIPANT-800361	CTDC-TARGETED-THERAPY-950285	nanos_gigantum_humeris_insidentes	scientia,_aere_perennius	Macte_animo_Generose_puer_sic_itur_ad_astra	salus_in_arduis	646	844	Stable Disease	faber_est_suae_quisque_fortunae
targeted_therapy	CTDC-PARTICIPANT-308222	CTDC-TARGETED-THERAPY-511071	pace_tua	Obedientia_civium_urbis_felicitas	scientia_imperii_decus_et_tutamen	scientia_imperii_decus_et_tutamen	788	569	Progressive Disease	Macte_animo_Generose_puer_sic_itur_ad_astra
targeted_therapy	CTDC-PARTICIPANT-308222	CTDC-TARGETED-THERAPY-704172	id_quod_plerumque_accidit	nanos_gigantum_humeris_insidentes	id_quod_plerumque_accidit	damnant_quod_non_intellegunt	893	992	Complete Response	scientiae_et_patriae
targeted_therapy	CTDC-PARTICIPANT-740219	CTDC-TARGETED-THERAPY-665656	pace_tua	Macte_animo_Generose_puer_sic_itur_ad_astra	damnant_quod_non_intellegunt	cacatum_non_est_pictum	461	170	Less than partial response	haec_olim_meminisse_iuvabit
targeted_therapy	CTDC-PARTICIPANT-740219	CTDC-TARGETED-THERAPY-846846	scientiae_cedit_mare	imperium_in_imperio	barba_crescit_caput_nescit	Gallia_est_omnis_divisa_in_partes_tres	592	975	Progressive Disease	scientiae_et_patriae
targeted_therapy	CTDC-PARTICIPANT-581555	CTDC-TARGETED-THERAPY-159476	Gallia_est_omnis_divisa_in_partes_tres	haec_olim_meminisse_iuvabit	damnant_quod_non_intellegunt	imperium_in_imperio	567	226	Complete Response	scientia_imperii_decus_et_tutamen
targeted_therapy	CTDC-PARTICIPANT-581555	CTDC-TARGETED-THERAPY-904539	Macte_animo_Generose_puer_sic_itur_ad_astra	scientia_et_sapientia	Macte_animo_Generose_puer_sic_itur_ad_astra	salus_in_arduis	114	956	Less than partial response	scientia_et_labor
targeted_therapy	CTDC-PARTICIPANT-619348	CTDC-TARGETED-THERAPY-169014	a_bene_placito	damnant_quod_non_intellegunt	id_quod_plerumque_accidit	imperium_in_imperio	792	490	Partial Response	cacatum_non_est_pictum
targeted_therapy	CTDC-PARTICIPANT-619348	CTDC-TARGETED-THERAPY-835510	imperium_in_imperio	scientia_et_labor	scientia_et_sapientia	a_bene_placito	448	864	Progressive Disease	salus_in_arduis
targeted_therapy	CTDC-PARTICIPANT-590338	CTDC-TARGETED-THERAPY-926671	a_bene_placito	O_Tite_tute_Tati_tibi_tanta_tyranne_tulisti	scientia_et_sapientia	e_causa_ignota	516	213	Partial Response	Gallia_est_omnis_divisa_in_partes_tres
targeted_therapy	CTDC-PARTICIPANT-590338	CTDC-TARGETED-THERAPY-869211	faber_est_suae_quisque_fortunae	Macte_animo_Generose_puer_sic_itur_ad_astra	scientia_imperii_decus_et_tutamen	nascentes_morimur_finisque_ab_origine_pendet	666	933	Less than partial response	cacatum_non_est_pictum
targeted_therapy	CTDC-PARTICIPANT-401883	CTDC-TARGETED-THERAPY-860116	salus_in_arduis	saltus_in_demonstrando	scientia_imperii_decus_et_tutamen	scientiae_et_patriae	512	200	Not Assessed	imperium_in_imperio
targeted_therapy	CTDC-PARTICIPANT-401883	CTDC-TARGETED-THERAPY-656341	Obedientia_civium_urbis_felicitas	Gallia_est_omnis_divisa_in_partes_tres	sapiens_qui_prospicit	scientia,_aere_perennius	110	690	Not Assessed	a_bene_placito
targeted_therapy	CTDC-PARTICIPANT-985699	CTDC-TARGETED-THERAPY-830175	a_bene_placito	cacatum_non_est_pictum	sapiens_qui_prospicit	damnant_quod_non_intellegunt	893	325	Unknown	labor_ipse_voluptas
targeted_therapy	CTDC-PARTICIPANT-985699	CTDC-TARGETED-THERAPY-228819	Gallia_est_omnis_divisa_in_partes_tres	sapiens_qui_prospicit	barba_crescit_caput_nescit	barba_crescit_caput_nescit	72	978	Not Evaluable	saltus_in_demonstrando
targeted_therapy	CTDC-PARTICIPANT-792418	CTDC-TARGETED-THERAPY-397427	a_bene_placito	faber_est_suae_quisque_fortunae	Gallia_est_omnis_divisa_in_partes_tres	cacatum_non_est_pictum	28	198	Not Evaluable	scientiae_cedit_mare
targeted_therapy	CTDC-PARTICIPANT-792418	CTDC-TARGETED-THERAPY-340927	O_Tite_tute_Tati_tibi_tanta_tyranne_tulisti	barba_crescit_caput_nescit	Macte_animo_Generose_puer_sic_itur_ad_astra	pace_tua	623	185	Too Early	pace_tua
targeted_therapy	CTDC-PARTICIPANT-266079	CTDC-TARGETED-THERAPY-784528	damnant_quod_non_intellegunt	salus_in_arduis	Gallia_est_omnis_divisa_in_partes_tres	scientia_imperii_decus_et_tutamen	666	243	Not Evaluable	cacatum_non_est_pictum
targeted_therapy	CTDC-PARTICIPANT-266079	CTDC-TARGETED-THERAPY-643299	scientiae_cedit_mare	sapiens_qui_prospicit	scientia_et_sapientia	salus_in_arduis	316	60	Partial Response	id_quod_plerumque_accidit
targeted_therapy	CTDC-PARTICIPANT-192657	CTDC-TARGETED-THERAPY-677071	scientiae_et_patriae	scientiae_et_patriae	barba_crescit_caput_nescit	saltus_in_demonstrando	282	217	Progressive Disease	O_Tite_tute_Tati_tibi_tanta_tyranne_tulisti
targeted_therapy	CTDC-PARTICIPANT-192657	CTDC-TARGETED-THERAPY-418936	Macte_animo_Generose_puer_sic_itur_ad_astra	salus_in_arduis	scientia_imperii_decus_et_tutamen	e_causa_ignota	564	473	Progressive Disease	saltus_in_demonstrando
targeted_therapy	CTDC-PARTICIPANT-144230	CTDC-TARGETED-THERAPY-226300	salus_in_arduis	scientia_et_sapientia	Gallia_est_omnis_divisa_in_partes_tres	damnant_quod_non_intellegunt	10	305	Not Assessed	scientia_et_labor
targeted_therapy	CTDC-PARTICIPANT-144230	CTDC-TARGETED-THERAPY-443734	scientiae_cedit_mare	id_quod_plerumque_accidit	Obedientia_civium_urbis_felicitas	sapiens_qui_prospicit	631	913	Unknown	pace_tua
targeted_therapy	CTDC-PARTICIPANT-597514	CTDC-TARGETED-THERAPY-281290	imperium_in_imperio	nanos_gigantum_humeris_insidentes	cacatum_non_est_pictum	nanos_gigantum_humeris_insidentes	418	556	Unknown	nanos_gigantum_humeris_insidentes
targeted_therapy	CTDC-PARTICIPANT-597514	CTDC-TARGETED-THERAPY-295893	barba_crescit_caput_nescit	barba_crescit_caput_nescit	nanos_gigantum_humeris_insidentes	scientiae_et_patriae	322	30	Partial Response	O_Tite_tute_Tati_tibi_tanta_tyranne_tulisti
targeted_therapy	CTDC-PARTICIPANT-944958	CTDC-TARGETED-THERAPY-947573	sapiens_qui_prospicit	scientiae_cedit_mare	nanos_gigantum_humeris_insidentes	saltus_in_demonstrando	804	214	Less than partial response	barba_crescit_caput_nescit
targeted_therapy	CTDC-PARTICIPANT-944958	CTDC-TARGETED-THERAPY-111568	nascentes_morimur_finisque_ab_origine_pendet	nascentes_morimur_finisque_ab_origine_pendet	e_causa_ignota	labor_ipse_voluptas	669	18	Partial Response	a_bene_placito
targeted_therapy	CTDC-PARTICIPANT-816799	CTDC-TARGETED-THERAPY-863377	nanos_gigantum_humeris_insidentes	scientiae_cedit_mare	haec_olim_meminisse_iuvabit	scientia_imperii_decus_et_tutamen	611	215	Less than partial response	Obedientia_civium_urbis_felicitas
targeted_therapy	CTDC-PARTICIPANT-816799	CTDC-TARGETED-THERAPY-433235	saltus_in_demonstrando	Obedientia_civium_urbis_felicitas	O_Tite_tute_Tati_tibi_tanta_tyranne_tulisti	sapiens_qui_prospicit	884	691	Not Evaluable	faber_est_suae_quisque_fortunae
targeted_therapy	CTDC-PARTICIPANT-427353	CTDC-TARGETED-THERAPY-100754	id_quod_plerumque_accidit	nanos_gigantum_humeris_insidentes	O_Tite_tute_Tati_tibi_tanta_tyranne_tulisti	e_causa_ignota	156	408	Less than partial response	scientia_et_labor
targeted_therapy	CTDC-PARTICIPANT-427353	CTDC-TARGETED-THERAPY-382071	faber_est_suae_quisque_fortunae	haec_olim_meminisse_iuvabit	e_causa_ignota	pace_tua	559	875	Not Evaluable	e_causa_ignota
targeted_therapy	CTDC-PARTICIPANT-666363	CTDC-TARGETED-THERAPY-162479	damnant_quod_non_intellegunt	scientia_et_labor	imperium_in_imperio	scientiae_et_patriae	684	501	Complete Response	nascentes_morimur_finisque_ab_origine_pendet
targeted_therapy	CTDC-PARTICIPANT-666363	CTDC-TARGETED-THERAPY-573124	saltus_in_demonstrando	scientiae_cedit_mare	pace_tua	imperium_in_imperio	912	18	Not Assessed	scientia_et_labor
targeted_therapy	CTDC-PARTICIPANT-453769	CTDC-TARGETED-THERAPY-224892	scientiae_cedit_mare	Obedientia_civium_urbis_felicitas	damnant_quod_non_intellegunt	scientia_et_sapientia	889	962	Less than partial response	scientiae_cedit_mare
targeted_therapy	CTDC-PARTICIPANT-453769	CTDC-TARGETED-THERAPY-260311	scientiae_et_patriae	cacatum_non_est_pictum	Obedientia_civium_urbis_felicitas	scientiae_cedit_mare	521	934	Too Early	scientia_et_sapientia
targeted_therapy	CTDC-PARTICIPANT-683865	CTDC-TARGETED-THERAPY-791590	salus_in_arduis	faber_est_suae_quisque_fortunae	scientia_et_sapientia	scientiae_cedit_mare	244	647	Stable Disease	scientia_imperii_decus_et_tutamen
targeted_therapy	CTDC-PARTICIPANT-683865	CTDC-TARGETED-THERAPY-540581	scientiae_et_patriae	a_bene_placito	salus_in_arduis	haec_olim_meminisse_iuvabit	120	405	Partial Response	faber_est_suae_quisque_fortunae
targeted_therapy	CTDC-PARTICIPANT-948764	CTDC-TARGETED-THERAPY-269856	a_bene_placito	scientiae_cedit_mare	id_quod_plerumque_accidit	a_bene_placito	312	89	Not Assessed	salus_in_arduis
targeted_therapy	CTDC-PARTICIPANT-948764	CTDC-TARGETED-THERAPY-565244	damnant_quod_non_intellegunt	O_Tite_tute_Tati_tibi_tanta_tyranne_tulisti	scientia_imperii_decus_et_tutamen	salus_in_arduis	25	752	Not Assessed	scientiae_cedit_mare
targeted_therapy	CTDC-PARTICIPANT-820824	CTDC-TARGETED-THERAPY-685444	damnant_quod_non_intellegunt	Gallia_est_omnis_divisa_in_partes_tres	nascentes_morimur_finisque_ab_origine_pendet	haec_olim_meminisse_iuvabit	177	677	Too Early	scientiae_cedit_mare
targeted_therapy	CTDC-PARTICIPANT-820824	CTDC-TARGETED-THERAPY-998903	damnant_quod_non_intellegunt	Obedientia_civium_urbis_felicitas	scientiae_cedit_mare	salus_in_arduis	802	523	Complete Response	saltus_in_demonstrando
targeted_therapy	CTDC-PARTICIPANT-885131	CTDC-TARGETED-THERAPY-202009	scientiae_et_patriae	scientiae_cedit_mare	nascentes_morimur_finisque_ab_origine_pendet	barba_crescit_caput_nescit	978	923	Not Assessed	scientia_et_sapientia
targeted_therapy	CTDC-PARTICIPANT-885131	CTDC-TARGETED-THERAPY-926037	O_Tite_tute_Tati_tibi_tanta_tyranne_tulisti	scientia_et_labor	scientia_et_sapientia	haec_olim_meminisse_iuvabit	485	933	Complete Response	scientiae_et_patriae
targeted_therapy	CTDC-PARTICIPANT-528817	CTDC-TARGETED-THERAPY-758483	nascentes_morimur_finisque_ab_origine_pendet	scientiae_et_patriae	nanos_gigantum_humeris_insidentes	cacatum_non_est_pictum	885	586	Less than partial response	Macte_animo_Generose_puer_sic_itur_ad_astra
targeted_therapy	CTDC-PARTICIPANT-528817	CTDC-TARGETED-THERAPY-413541	saltus_in_demonstrando	saltus_in_demonstrando	scientia,_aere_perennius	scientia_imperii_decus_et_tutamen	637	626	Complete Response	nascentes_morimur_finisque_ab_origine_pendet
targeted_therapy	CTDC-PARTICIPANT-871816	CTDC-TARGETED-THERAPY-997094	sapiens_qui_prospicit	scientia_imperii_decus_et_tutamen	sapiens_qui_prospicit	labor_ipse_voluptas	79	572	Stable Disease	scientia,_aere_perennius
targeted_therapy	CTDC-PARTICIPANT-871816	CTDC-TARGETED-THERAPY-783801	sapiens_qui_prospicit	saltus_in_demonstrando	saltus_in_demonstrando	barba_crescit_caput_nescit	750	651	Partial Response	scientia_imperii_decus_et_tutamen
targeted_therapy	CTDC-PARTICIPANT-335968	CTDC-TARGETED-THERAPY-534420	pace_tua	cacatum_non_est_pictum	e_causa_ignota	id_quod_plerumque_accidit	633	129	Unknown	nanos_gigantum_humeris_insidentes
targeted_therapy	CTDC-PARTICIPANT-335968	CTDC-TARGETED-THERAPY-475329	cacatum_non_est_pictum	scientiae_cedit_mare	damnant_quod_non_intellegunt	O_Tite_tute_Tati_tibi_tanta_tyranne_tulisti	42	355	Too Early	a_bene_placito
targeted_therapy	CTDC-PARTICIPANT-786293	CTDC-TARGETED-THERAPY-610680	pace_tua	scientia_et_labor	scientiae_cedit_mare	damnant_quod_non_intellegunt	989	437	Less than partial response	cacatum_non_est_pictum
targeted_therapy	CTDC-PARTICIPANT-786293	CTDC-TARGETED-THERAPY-831135	a_bene_placito	nanos_gigantum_humeris_insidentes	scientia_et_labor	damnant_quod_non_intellegunt	890	564	Not Evaluable	scientia_imperii_decus_et_tutamen
targeted_therapy	CTDC-PARTICIPANT-760603	CTDC-TARGETED-THERAPY-385321	nanos_gigantum_humeris_insidentes	Macte_animo_Generose_puer_sic_itur_ad_astra	scientia_imperii_decus_et_tutamen	nanos_gigantum_humeris_insidentes	970	316	Progressive Disease	scientiae_cedit_mare
targeted_therapy	CTDC-PARTICIPANT-760603	CTDC-TARGETED-THERAPY-109892	scientia,_aere_perennius	saltus_in_demonstrando	scientia,_aere_perennius	faber_est_suae_quisque_fortunae	543	691	Too Early	pace_tua
targeted_therapy	CTDC-PARTICIPANT-425067	CTDC-TARGETED-THERAPY-319345	scientia_imperii_decus_et_tutamen	Obedientia_civium_urbis_felicitas	scientiae_et_patriae	sapiens_qui_prospicit	875	407	Unknown	scientiae_cedit_mare
targeted_therapy	CTDC-PARTICIPANT-425067	CTDC-TARGETED-THERAPY-394231	scientia_et_labor	nanos_gigantum_humeris_insidentes	nascentes_morimur_finisque_ab_origine_pendet	scientia_et_labor	690	305	Not Assessed	scientia,_aere_perennius
targeted_therapy	CTDC-PARTICIPANT-752934	CTDC-TARGETED-THERAPY-853873	id_quod_plerumque_accidit	scientia,_aere_perennius	scientia,_aere_perennius	nanos_gigantum_humeris_insidentes	348	404	Stable Disease	sapiens_qui_prospicit
targeted_therapy	CTDC-PARTICIPANT-752934	CTDC-TARGETED-THERAPY-919594	id_quod_plerumque_accidit	barba_crescit_caput_nescit	scientia,_aere_perennius	O_Tite_tute_Tati_tibi_tanta_tyranne_tulisti	869	708	Less than partial response	nanos_gigantum_humeris_insidentes
targeted_therapy	CTDC-PARTICIPANT-145212	CTDC-TARGETED-THERAPY-187516	salus_in_arduis	salus_in_arduis	barba_crescit_caput_nescit	barba_crescit_caput_nescit	827	562	Stable Disease	nanos_gigantum_humeris_insidentes
targeted_therapy	CTDC-PARTICIPANT-145212	CTDC-TARGETED-THERAPY-472373	sapiens_qui_prospicit	cacatum_non_est_pictum	nanos_gigantum_humeris_insidentes	barba_crescit_caput_nescit	542	618	Not Evaluable	faber_est_suae_quisque_fortunae
targeted_therapy	CTDC-PARTICIPANT-540765	CTDC-TARGETED-THERAPY-470129	scientia_et_labor	cacatum_non_est_pictum	scientiae_et_patriae	cacatum_non_est_pictum	511	207	Partial Response	Gallia_est_omnis_divisa_in_partes_tres
targeted_therapy	CTDC-PARTICIPANT-540765	CTDC-TARGETED-THERAPY-917847	imperium_in_imperio	cacatum_non_est_pictum	damnant_quod_non_intellegunt	Gallia_est_omnis_divisa_in_partes_tres	928	740	Partial Response	e_causa_ignota
targeted_therapy	CTDC-PARTICIPANT-319499	CTDC-TARGETED-THERAPY-995930	scientia_et_labor	scientia_imperii_decus_et_tutamen	nascentes_morimur_finisque_ab_origine_pendet	Macte_animo_Generose_puer_sic_itur_ad_astra	70	180	Not Evaluable	barba_crescit_caput_nescit
targeted_therapy	CTDC-PARTICIPANT-319499	CTDC-TARGETED-THERAPY-943753	labor_ipse_voluptas	e_causa_ignota	saltus_in_demonstrando	cacatum_non_est_pictum	508	713	Not Evaluable	Gallia_est_omnis_divisa_in_partes_tres
targeted_therapy	CTDC-PARTICIPANT-774829	CTDC-TARGETED-THERAPY-121849	sapiens_qui_prospicit	labor_ipse_voluptas	sapiens_qui_prospicit	pace_tua	467	737	Too Early	labor_ipse_voluptas
targeted_therapy	CTDC-PARTICIPANT-774829	CTDC-TARGETED-THERAPY-887958	id_quod_plerumque_accidit	nascentes_morimur_finisque_ab_origine_pendet	pace_tua	haec_olim_meminisse_iuvabit	616	156	Complete Response	nanos_gigantum_humeris_insidentes
targeted_therapy	CTDC-PARTICIPANT-480821	CTDC-TARGETED-THERAPY-615942	labor_ipse_voluptas	haec_olim_meminisse_iuvabit	scientiae_et_patriae	cacatum_non_est_pictum	645	337	Complete Response	Macte_animo_Generose_puer_sic_itur_ad_astra
targeted_therapy	CTDC-PARTICIPANT-480821	CTDC-TARGETED-THERAPY-682099	barba_crescit_caput_nescit	salus_in_arduis	scientiae_et_patriae	damnant_quod_non_intellegunt	337	605	Complete Response	scientiae_cedit_mare
targeted_therapy	CTDC-PARTICIPANT-394131	CTDC-TARGETED-THERAPY-773057	Macte_animo_Generose_puer_sic_itur_ad_astra	scientiae_et_patriae	scientia,_aere_perennius	scientia_et_labor	948	85	Too Early	scientia_imperii_decus_et_tutamen
targeted_therapy	CTDC-PARTICIPANT-394131	CTDC-TARGETED-THERAPY-881391	nanos_gigantum_humeris_insidentes	scientiae_et_patriae	salus_in_arduis	id_quod_plerumque_accidit	876	539	Stable Disease	sapiens_qui_prospicit
targeted_therapy	CTDC-PARTICIPANT-759563	CTDC-TARGETED-THERAPY-405479	saltus_in_demonstrando	pace_tua	id_quod_plerumque_accidit	scientiae_cedit_mare	43	590	Too Early	Obedientia_civium_urbis_felicitas
targeted_therapy	CTDC-PARTICIPANT-759563	CTDC-TARGETED-THERAPY-680999	scientiae_cedit_mare	nanos_gigantum_humeris_insidentes	a_bene_placito	damnant_quod_non_intellegunt	613	103	Partial Response	cacatum_non_est_pictum
targeted_therapy	CTDC-PARTICIPANT-209399	CTDC-TARGETED-THERAPY-697553	scientiae_et_patriae	scientia_et_labor	barba_crescit_caput_nescit	haec_olim_meminisse_iuvabit	708	512	Complete Response	nascentes_morimur_finisque_ab_origine_pendet
targeted_therapy	CTDC-PARTICIPANT-209399	CTDC-TARGETED-THERAPY-286048	scientia_et_sapientia	pace_tua	haec_olim_meminisse_iuvabit	e_causa_ignota	793	744	Not Assessed	barba_crescit_caput_nescit
targeted_therapy	CTDC-PARTICIPANT-413676	CTDC-TARGETED-THERAPY-714619	labor_ipse_voluptas	sapiens_qui_prospicit	nascentes_morimur_finisque_ab_origine_pendet	damnant_quod_non_intellegunt	719	527	Not Evaluable	a_bene_placito
targeted_therapy	CTDC-PARTICIPANT-413676	CTDC-TARGETED-THERAPY-253626	pace_tua	scientiae_et_patriae	scientia,_aere_perennius	imperium_in_imperio	289	691	Partial Response	labor_ipse_voluptas
targeted_therapy	CTDC-PARTICIPANT-685893	CTDC-TARGETED-THERAPY-459873	Obedientia_civium_urbis_felicitas	faber_est_suae_quisque_fortunae	O_Tite_tute_Tati_tibi_tanta_tyranne_tulisti	scientia,_aere_perennius	837	684	Stable Disease	a_bene_placito
targeted_therapy	CTDC-PARTICIPANT-685893	CTDC-TARGETED-THERAPY-887796	faber_est_suae_quisque_fortunae	Gallia_est_omnis_divisa_in_partes_tres	labor_ipse_voluptas	damnant_quod_non_intellegunt	742	211	Partial Response	a_bene_placito
targeted_therapy	CTDC-PARTICIPANT-992791	CTDC-TARGETED-THERAPY-431392	barba_crescit_caput_nescit	id_quod_plerumque_accidit	nanos_gigantum_humeris_insidentes	barba_crescit_caput_nescit	552	752	Not Assessed	scientia_imperii_decus_et_tutamen
targeted_therapy	CTDC-PARTICIPANT-992791	CTDC-TARGETED-THERAPY-392452	sapiens_qui_prospicit	scientia_et_sapientia	a_bene_placito	scientiae_et_patriae	760	287	Complete Response	e_causa_ignota
targeted_therapy	CTDC-PARTICIPANT-577730	CTDC-TARGETED-THERAPY-429119	labor_ipse_voluptas	id_quod_plerumque_accidit	a_bene_placito	Gallia_est_omnis_divisa_in_partes_tres	431	240	Complete Response	sapiens_qui_prospicit
targeted_therapy	CTDC-PARTICIPANT-577730	CTDC-TARGETED-THERAPY-996319	scientiae_et_patriae	faber_est_suae_quisque_fortunae	id_quod_plerumque_accidit	scientia_et_labor	771	825	Partial Response	cacatum_non_est_pictum
targeted_therapy	CTDC-PARTICIPANT-894286	CTDC-TARGETED-THERAPY-741264	scientia_et_labor	scientia_et_labor	scientiae_cedit_mare	salus_in_arduis	92	916	Not Assessed	id_quod_plerumque_accidit
targeted_therapy	CTDC-PARTICIPANT-894286	CTDC-TARGETED-THERAPY-156279	a_bene_placito	salus_in_arduis	scientia,_aere_perennius	scientia_et_sapientia	718	328	Partial Response	scientiae_cedit_mare
targeted_therapy	CTDC-PARTICIPANT-350158	CTDC-TARGETED-THERAPY-360413	scientiae_et_patriae	nanos_gigantum_humeris_insidentes	barba_crescit_caput_nescit	a_bene_placito	324	250	Complete Response	damnant_quod_non_intellegunt
targeted_therapy	CTDC-PARTICIPANT-350158	CTDC-TARGETED-THERAPY-627946	scientia,_aere_perennius	Macte_animo_Generose_puer_sic_itur_ad_astra	scientia_et_sapientia	Gallia_est_omnis_divisa_in_partes_tres	630	714	Stable Disease	pace_tua
targeted_therapy	CTDC-PARTICIPANT-773950	CTDC-TARGETED-THERAPY-603028	imperium_in_imperio	scientia_imperii_decus_et_tutamen	faber_est_suae_quisque_fortunae	saltus_in_demonstrando	492	552	Complete Response	cacatum_non_est_pictum
targeted_therapy	CTDC-PARTICIPANT-773950	CTDC-TARGETED-THERAPY-643744	id_quod_plerumque_accidit	nascentes_morimur_finisque_ab_origine_pendet	nanos_gigantum_humeris_insidentes	nascentes_morimur_finisque_ab_origine_pendet	293	376	Stable Disease	Gallia_est_omnis_divisa_in_partes_tres
targeted_therapy	CTDC-PARTICIPANT-491036	CTDC-TARGETED-THERAPY-777607	saltus_in_demonstrando	a_bene_placito	nascentes_morimur_finisque_ab_origine_pendet	faber_est_suae_quisque_fortunae	169	334	Complete Response	imperium_in_imperio
targeted_therapy	CTDC-PARTICIPANT-491036	CTDC-TARGETED-THERAPY-102508	labor_ipse_voluptas	scientiae_cedit_mare	scientia_imperii_decus_et_tutamen	Obedientia_civium_urbis_felicitas	617	825	Progressive Disease	scientia_imperii_decus_et_tutamen
targeted_therapy	CTDC-PARTICIPANT-438205	CTDC-TARGETED-THERAPY-961467	saltus_in_demonstrando	scientia_et_labor	scientiae_cedit_mare	faber_est_suae_quisque_fortunae	659	859	Partial Response	a_bene_placito
targeted_therapy	CTDC-PARTICIPANT-438205	CTDC-TARGETED-THERAPY-155217	Gallia_est_omnis_divisa_in_partes_tres	damnant_quod_non_intellegunt	damnant_quod_non_intellegunt	faber_est_suae_quisque_fortunae	649	135	Progressive Disease	damnant_quod_non_intellegunt
targeted_therapy	CTDC-PARTICIPANT-884933	CTDC-TARGETED-THERAPY-774746	haec_olim_meminisse_iuvabit	e_causa_ignota	scientia_et_sapientia	scientiae_cedit_mare	685	86	Complete Response	scientia,_aere_perennius
targeted_therapy	CTDC-PARTICIPANT-884933	CTDC-TARGETED-THERAPY-838598	a_bene_placito	Macte_animo_Generose_puer_sic_itur_ad_astra	Macte_animo_Generose_puer_sic_itur_ad_astra	cacatum_non_est_pictum	855	937	Not Evaluable	O_Tite_tute_Tati_tibi_tanta_tyranne_tulisti
targeted_therapy	CTDC-PARTICIPANT-491713	CTDC-TARGETED-THERAPY-231882	scientiae_et_patriae	scientia_et_sapientia	nascentes_morimur_finisque_ab_origine_pendet	id_quod_plerumque_accidit	972	898	Complete Response	imperium_in_imperio
targeted_therapy	CTDC-PARTICIPANT-491713	CTDC-TARGETED-THERAPY-384401	faber_est_suae_quisque_fortunae	scientia_et_labor	scientia_imperii_decus_et_tutamen	imperium_in_imperio	765	473	Partial Response	Macte_animo_Generose_puer_sic_itur_ad_astra
targeted_therapy	CTDC-PARTICIPANT-683181	CTDC-TARGETED-THERAPY-649915	barba_crescit_caput_nescit	scientiae_et_patriae	Gallia_est_omnis_divisa_in_partes_tres	labor_ipse_voluptas	384	79	Progressive Disease	saltus_in_demonstrando
targeted_therapy	CTDC-PARTICIPANT-683181	CTDC-TARGETED-THERAPY-679214	Gallia_est_omnis_divisa_in_partes_tres	a_bene_placito	Macte_animo_Generose_puer_sic_itur_ad_astra	haec_olim_meminisse_iuvabit	352	30	Stable Disease	labor_ipse_voluptas
targeted_therapy	CTDC-PARTICIPANT-746829	CTDC-TARGETED-THERAPY-843147	nascentes_morimur_finisque_ab_origine_pendet	imperium_in_imperio	imperium_in_imperio	id_quod_plerumque_accidit	145	880	Stable Disease	Obedientia_civium_urbis_felicitas
targeted_therapy	CTDC-PARTICIPANT-746829	CTDC-TARGETED-THERAPY-783732	scientia_et_sapientia	imperium_in_imperio	nanos_gigantum_humeris_insidentes	barba_crescit_caput_nescit	640	616	Too Early	id_quod_plerumque_accidit
targeted_therapy	CTDC-PARTICIPANT-802700	CTDC-TARGETED-THERAPY-920916	id_quod_plerumque_accidit	faber_est_suae_quisque_fortunae	e_causa_ignota	scientia_imperii_decus_et_tutamen	310	239	Not Evaluable	cacatum_non_est_pictum
targeted_therapy	CTDC-PARTICIPANT-802700	CTDC-TARGETED-THERAPY-421442	salus_in_arduis	salus_in_arduis	cacatum_non_est_pictum	haec_olim_meminisse_iuvabit	786	982	Partial Response	damnant_quod_non_intellegunt
targeted_therapy	CTDC-PARTICIPANT-794777	CTDC-TARGETED-THERAPY-144041	labor_ipse_voluptas	scientiae_et_patriae	haec_olim_meminisse_iuvabit	nanos_gigantum_humeris_insidentes	577	532	Not Evaluable	e_causa_ignota
targeted_therapy	CTDC-PARTICIPANT-794777	CTDC-TARGETED-THERAPY-170990	scientiae_et_patriae	e_causa_ignota	scientia,_aere_perennius	scientiae_et_patriae	367	705	Unknown	faber_est_suae_quisque_fortunae
targeted_therapy	CTDC-PARTICIPANT-591902	CTDC-TARGETED-THERAPY-939173	scientiae_cedit_mare	scientia,_aere_perennius	a_bene_placito	Obedientia_civium_urbis_felicitas	602	24	Progressive Disease	e_causa_ignota
targeted_therapy	CTDC-PARTICIPANT-591902	CTDC-TARGETED-THERAPY-614962	imperium_in_imperio	barba_crescit_caput_nescit	pace_tua	scientia,_aere_perennius	552	312	Too Early	imperium_in_imperio
targeted_therapy	CTDC-PARTICIPANT-925734	CTDC-TARGETED-THERAPY-408208	scientiae_et_patriae	Gallia_est_omnis_divisa_in_partes_tres	haec_olim_meminisse_iuvabit	nascentes_morimur_finisque_ab_origine_pendet	255	297	Partial Response	a_bene_placito
targeted_therapy	CTDC-PARTICIPANT-925734	CTDC-TARGETED-THERAPY-336246	Obedientia_civium_urbis_felicitas	imperium_in_imperio	Obedientia_civium_urbis_felicitas	scientiae_cedit_mare	867	919	Unknown	scientia_et_labor
targeted_therapy	CTDC-PARTICIPANT-880907	CTDC-TARGETED-THERAPY-281796	barba_crescit_caput_nescit	Gallia_est_omnis_divisa_in_partes_tres	scientia,_aere_perennius	imperium_in_imperio	761	87	Complete Response	faber_est_suae_quisque_fortunae
targeted_therapy	CTDC-PARTICIPANT-880907	CTDC-TARGETED-THERAPY-205983	pace_tua	scientia_et_sapientia	scientia,_aere_perennius	scientia_imperii_decus_et_tutamen	19	854	Too Early	barba_crescit_caput_nescit
targeted_therapy	CTDC-PARTICIPANT-174850	CTDC-TARGETED-THERAPY-201896	Macte_animo_Generose_puer_sic_itur_ad_astra	salus_in_arduis	scientiae_et_patriae	barba_crescit_caput_nescit	135	294	Unknown	id_quod_plerumque_accidit
targeted_therapy	CTDC-PARTICIPANT-174850	CTDC-TARGETED-THERAPY-489297	e_causa_ignota	scientia_imperii_decus_et_tutamen	saltus_in_demonstrando	Gallia_est_omnis_divisa_in_partes_tres	371	490	Too Early	scientia_et_labor
targeted_therapy	CTDC-PARTICIPANT-448917	CTDC-TARGETED-THERAPY-776605	faber_est_suae_quisque_fortunae	imperium_in_imperio	salus_in_arduis	salus_in_arduis	690	872	Less than partial response	Obedientia_civium_urbis_felicitas
targeted_therapy	CTDC-PARTICIPANT-448917	CTDC-TARGETED-THERAPY-649591	damnant_quod_non_intellegunt	scientiae_et_patriae	scientiae_et_patriae	damnant_quod_non_intellegunt	249	855	Complete Response	barba_crescit_caput_nescit
targeted_therapy	CTDC-PARTICIPANT-838563	CTDC-TARGETED-THERAPY-734313	Gallia_est_omnis_divisa_in_partes_tres	scientia_et_labor	scientia,_aere_perennius	scientia_et_labor	796	207	Too Early	scientia,_aere_perennius
targeted_therapy	CTDC-PARTICIPANT-838563	CTDC-TARGETED-THERAPY-223315	nascentes_morimur_finisque_ab_origine_pendet	id_quod_plerumque_accidit	imperium_in_imperio	damnant_quod_non_intellegunt	26	163	Not Evaluable	cacatum_non_est_pictum
targeted_therapy	CTDC-PARTICIPANT-477248	CTDC-TARGETED-THERAPY-276929	scientiae_et_patriae	haec_olim_meminisse_iuvabit	labor_ipse_voluptas	saltus_in_demonstrando	432	258	Partial Response	haec_olim_meminisse_iuvabit
targeted_therapy	CTDC-PARTICIPANT-477248	CTDC-TARGETED-THERAPY-118922	e_causa_ignota	Obedientia_civium_urbis_felicitas	nanos_gigantum_humeris_insidentes	Gallia_est_omnis_divisa_in_partes_tres	592	239	Partial Response	barba_crescit_caput_nescit
targeted_therapy	CTDC-PARTICIPANT-278550	CTDC-TARGETED-THERAPY-686917	imperium_in_imperio	nascentes_morimur_finisque_ab_origine_pendet	scientia_imperii_decus_et_tutamen	scientia,_aere_perennius	418	389	Too Early	haec_olim_meminisse_iuvabit
targeted_therapy	CTDC-PARTICIPANT-278550	CTDC-TARGETED-THERAPY-872340	haec_olim_meminisse_iuvabit	nanos_gigantum_humeris_insidentes	Macte_animo_Generose_puer_sic_itur_ad_astra	Gallia_est_omnis_divisa_in_partes_tres	109	18	Progressive Disease	Obedientia_civium_urbis_felicitas
targeted_therapy	CTDC-PARTICIPANT-834368	CTDC-TARGETED-THERAPY-290808	salus_in_arduis	scientiae_cedit_mare	Macte_animo_Generose_puer_sic_itur_ad_astra	O_Tite_tute_Tati_tibi_tanta_tyranne_tulisti	713	881	Less than partial response	scientia_imperii_decus_et_tutamen
targeted_therapy	CTDC-PARTICIPANT-834368	CTDC-TARGETED-THERAPY-990103	Gallia_est_omnis_divisa_in_partes_tres	nascentes_morimur_finisque_ab_origine_pendet	Gallia_est_omnis_divisa_in_partes_tres	barba_crescit_caput_nescit	124	632	Partial Response	a_bene_placito
targeted_therapy	CTDC-PARTICIPANT-416813	CTDC-TARGETED-THERAPY-589545	Obedientia_civium_urbis_felicitas	scientia_et_labor	labor_ipse_voluptas	Obedientia_civium_urbis_felicitas	647	737	Too Early	nascentes_morimur_finisque_ab_origine_pendet
targeted_therapy	CTDC-PARTICIPANT-416813	CTDC-TARGETED-THERAPY-218721	imperium_in_imperio	a_bene_placito	Gallia_est_omnis_divisa_in_partes_tres	scientia_imperii_decus_et_tutamen	900	347	Progressive Disease	saltus_in_demonstrando
targeted_therapy	CTDC-PARTICIPANT-600094	CTDC-TARGETED-THERAPY-841293	scientiae_et_patriae	barba_crescit_caput_nescit	Gallia_est_omnis_divisa_in_partes_tres	labor_ipse_voluptas	305	734	Complete Response	saltus_in_demonstrando
targeted_therapy	CTDC-PARTICIPANT-600094	CTDC-TARGETED-THERAPY-548575	saltus_in_demonstrando	e_causa_ignota	nanos_gigantum_humeris_insidentes	id_quod_plerumque_accidit	441	157	Complete Response	Macte_animo_Generose_puer_sic_itur_ad_astra
targeted_therapy	CTDC-PARTICIPANT-184656	CTDC-TARGETED-THERAPY-369944	nascentes_morimur_finisque_ab_origine_pendet	a_bene_placito	scientiae_cedit_mare	scientia,_aere_perennius	159	458	Complete Response	scientiae_et_patriae
targeted_therapy	CTDC-PARTICIPANT-184656	CTDC-TARGETED-THERAPY-739675	faber_est_suae_quisque_fortunae	pace_tua	sapiens_qui_prospicit	id_quod_plerumque_accidit	57	77	Not Evaluable	scientia_et_labor
targeted_therapy	CTDC-PARTICIPANT-882193	CTDC-TARGETED-THERAPY-498264	scientiae_et_patriae	barba_crescit_caput_nescit	barba_crescit_caput_nescit	scientia_et_sapientia	154	837	Progressive Disease	sapiens_qui_prospicit
targeted_therapy	CTDC-PARTICIPANT-882193	CTDC-TARGETED-THERAPY-461185	Gallia_est_omnis_divisa_in_partes_tres	sapiens_qui_prospicit	scientia_et_sapientia	a_bene_placito	380	384	Partial Response	Gallia_est_omnis_divisa_in_partes_tres
targeted_therapy	CTDC-PARTICIPANT-757445	CTDC-TARGETED-THERAPY-298372	scientiae_et_patriae	O_Tite_tute_Tati_tibi_tanta_tyranne_tulisti	Macte_animo_Generose_puer_sic_itur_ad_astra	haec_olim_meminisse_iuvabit	594	462	Partial Response	a_bene_placito
targeted_therapy	CTDC-PARTICIPANT-757445	CTDC-TARGETED-THERAPY-166977	scientia,_aere_perennius	scientia_et_labor	faber_est_suae_quisque_fortunae	sapiens_qui_prospicit	697	43	Stable Disease	damnant_quod_non_intellegunt
targeted_therapy	CTDC-PARTICIPANT-275225	CTDC-TARGETED-THERAPY-749230	damnant_quod_non_intellegunt	scientia_et_sapientia	salus_in_arduis	id_quod_plerumque_accidit	698	120	Partial Response	labor_ipse_voluptas
targeted_therapy	CTDC-PARTICIPANT-275225	CTDC-TARGETED-THERAPY-262867	barba_crescit_caput_nescit	pace_tua	scientia_et_labor	Obedientia_civium_urbis_felicitas	317	322	Stable Disease	scientia_et_sapientia
targeted_therapy	CTDC-PARTICIPANT-675410	CTDC-TARGETED-THERAPY-336493	saltus_in_demonstrando	id_quod_plerumque_accidit	O_Tite_tute_Tati_tibi_tanta_tyranne_tulisti	cacatum_non_est_pictum	209	137	Less than partial response	faber_est_suae_quisque_fortunae
targeted_therapy	CTDC-PARTICIPANT-675410	CTDC-TARGETED-THERAPY-669383	pace_tua	imperium_in_imperio	salus_in_arduis	Obedientia_civium_urbis_felicitas	176	596	Partial Response	scientia_et_sapientia
targeted_therapy	CTDC-PARTICIPANT-153386	CTDC-TARGETED-THERAPY-812688	haec_olim_meminisse_iuvabit	scientia,_aere_perennius	saltus_in_demonstrando	cacatum_non_est_pictum	771	214	Progressive Disease	scientiae_et_patriae
targeted_therapy	CTDC-PARTICIPANT-153386	CTDC-TARGETED-THERAPY-354870	Gallia_est_omnis_divisa_in_partes_tres	barba_crescit_caput_nescit	id_quod_plerumque_accidit	nanos_gigantum_humeris_insidentes	987	198	Complete Response	O_Tite_tute_Tati_tibi_tanta_tyranne_tulisti
targeted_therapy	CTDC-PARTICIPANT-795723	CTDC-TARGETED-THERAPY-280650	damnant_quod_non_intellegunt	imperium_in_imperio	haec_olim_meminisse_iuvabit	O_Tite_tute_Tati_tibi_tanta_tyranne_tulisti	251	331	Not Assessed	Macte_animo_Generose_puer_sic_itur_ad_astra
targeted_therapy	CTDC-PARTICIPANT-795723	CTDC-TARGETED-THERAPY-236602	salus_in_arduis	barba_crescit_caput_nescit	scientia_et_labor	scientia_et_labor	534	473	Complete Response	labor_ipse_voluptas
targeted_therapy	CTDC-PARTICIPANT-106241	CTDC-TARGETED-THERAPY-166819	scientiae_cedit_mare	O_Tite_tute_Tati_tibi_tanta_tyranne_tulisti	damnant_quod_non_intellegunt	e_causa_ignota	460	749	Progressive Disease	pace_tua
targeted_therapy	CTDC-PARTICIPANT-106241	CTDC-TARGETED-THERAPY-299795	Obedientia_civium_urbis_felicitas	O_Tite_tute_Tati_tibi_tanta_tyranne_tulisti	imperium_in_imperio	Obedientia_civium_urbis_felicitas	210	996	Not Evaluable	salus_in_arduis
targeted_therapy	CTDC-PARTICIPANT-618032	CTDC-TARGETED-THERAPY-382470	id_quod_plerumque_accidit	scientiae_et_patriae	O_Tite_tute_Tati_tibi_tanta_tyranne_tulisti	Macte_animo_Generose_puer_sic_itur_ad_astra	365	234	Partial Response	saltus_in_demonstrando
targeted_therapy	CTDC-PARTICIPANT-618032	CTDC-TARGETED-THERAPY-744754	saltus_in_demonstrando	saltus_in_demonstrando	cacatum_non_est_pictum	Obedientia_civium_urbis_felicitas	627	108	Too Early	scientiae_cedit_mare
targeted_therapy	CTDC-PARTICIPANT-952021	CTDC-TARGETED-THERAPY-720101	salus_in_arduis	haec_olim_meminisse_iuvabit	Macte_animo_Generose_puer_sic_itur_ad_astra	saltus_in_demonstrando	24	73	Progressive Disease	Macte_animo_Generose_puer_sic_itur_ad_astra
targeted_therapy	CTDC-PARTICIPANT-952021	CTDC-TARGETED-THERAPY-777022	scientia,_aere_perennius	scientia_et_labor	cacatum_non_est_pictum	scientia_et_labor	481	458	Not Assessed	scientia_imperii_decus_et_tutamen
targeted_therapy	CTDC-PARTICIPANT-265527	CTDC-TARGETED-THERAPY-663764	pace_tua	scientia_et_sapientia	scientiae_cedit_mare	labor_ipse_voluptas	737	187	Stable Disease	O_Tite_tute_Tati_tibi_tanta_tyranne_tulisti
targeted_therapy	CTDC-PARTICIPANT-265527	CTDC-TARGETED-THERAPY-880022	cacatum_non_est_pictum	pace_tua	scientia,_aere_perennius	haec_olim_meminisse_iuvabit	37	28	Unknown	nanos_gigantum_humeris_insidentes
targeted_therapy	CTDC-PARTICIPANT-788870	CTDC-TARGETED-THERAPY-711274	scientia_et_labor	Obedientia_civium_urbis_felicitas	nascentes_morimur_finisque_ab_origine_pendet	faber_est_suae_quisque_fortunae	96	864	Unknown	haec_olim_meminisse_iuvabit
targeted_therapy	CTDC-PARTICIPANT-788870	CTDC-TARGETED-THERAPY-299212	haec_olim_meminisse_iuvabit	Gallia_est_omnis_divisa_in_partes_tres	scientia_imperii_decus_et_tutamen	sapiens_qui_prospicit	809	231	Too Early	scientia_et_sapientia
targeted_therapy	CTDC-PARTICIPANT-798627	CTDC-TARGETED-THERAPY-839995	faber_est_suae_quisque_fortunae	Gallia_est_omnis_divisa_in_partes_tres	id_quod_plerumque_accidit	saltus_in_demonstrando	203	70	Not Assessed	O_Tite_tute_Tati_tibi_tanta_tyranne_tulisti
targeted_therapy	CTDC-PARTICIPANT-798627	CTDC-TARGETED-THERAPY-302830	saltus_in_demonstrando	scientiae_cedit_mare	labor_ipse_voluptas	pace_tua	53	873	Complete Response	scientia_et_labor
targeted_therapy	CTDC-PARTICIPANT-658713	CTDC-TARGETED-THERAPY-836006	damnant_quod_non_intellegunt	imperium_in_imperio	nanos_gigantum_humeris_insidentes	Macte_animo_Generose_puer_sic_itur_ad_astra	1000	530	Stable Disease	saltus_in_demonstrando
targeted_therapy	CTDC-PARTICIPANT-658713	CTDC-TARGETED-THERAPY-139436	damnant_quod_non_intellegunt	Macte_animo_Generose_puer_sic_itur_ad_astra	damnant_quod_non_intellegunt	id_quod_plerumque_accidit	189	985	Stable Disease	damnant_quod_non_intellegunt
targeted_therapy	CTDC-PARTICIPANT-133447	CTDC-TARGETED-THERAPY-165187	e_causa_ignota	salus_in_arduis	scientia_imperii_decus_et_tutamen	nascentes_morimur_finisque_ab_origine_pendet	58	222	Partial Response	sapiens_qui_prospicit
targeted_therapy	CTDC-PARTICIPANT-133447	CTDC-TARGETED-THERAPY-656830	scientia_imperii_decus_et_tutamen	faber_est_suae_quisque_fortunae	salus_in_arduis	nascentes_morimur_finisque_ab_origine_pendet	551	506	Less than partial response	pace_tua
targeted_therapy	CTDC-PARTICIPANT-173756	CTDC-TARGETED-THERAPY-670294	sapiens_qui_prospicit	cacatum_non_est_pictum	O_Tite_tute_Tati_tibi_tanta_tyranne_tulisti	damnant_quod_non_intellegunt	427	466	Partial Response	sapiens_qui_prospicit
targeted_therapy	CTDC-PARTICIPANT-173756	CTDC-TARGETED-THERAPY-813291	Gallia_est_omnis_divisa_in_partes_tres	a_bene_placito	barba_crescit_caput_nescit	a_bene_placito	933	446	Too Early	labor_ipse_voluptas
targeted_therapy	CTDC-PARTICIPANT-921347	CTDC-TARGETED-THERAPY-173025	scientia_imperii_decus_et_tutamen	faber_est_suae_quisque_fortunae	haec_olim_meminisse_iuvabit	cacatum_non_est_pictum	36	378	Complete Response	scientia_imperii_decus_et_tutamen
targeted_therapy	CTDC-PARTICIPANT-921347	CTDC-TARGETED-THERAPY-696142	scientiae_cedit_mare	Macte_animo_Generose_puer_sic_itur_ad_astra	imperium_in_imperio	imperium_in_imperio	86	133	Partial Response	Gallia_est_omnis_divisa_in_partes_tres
targeted_therapy	CTDC-PARTICIPANT-860612	CTDC-TARGETED-THERAPY-277061	a_bene_placito	scientia_imperii_decus_et_tutamen	scientia_et_labor	scientia,_aere_perennius	905	947	Too Early	Macte_animo_Generose_puer_sic_itur_ad_astra
targeted_therapy	CTDC-PARTICIPANT-860612	CTDC-TARGETED-THERAPY-276697	nanos_gigantum_humeris_insidentes	imperium_in_imperio	id_quod_plerumque_accidit	scientiae_cedit_mare	143	463	Not Assessed	haec_olim_meminisse_iuvabit
targeted_therapy	CTDC-PARTICIPANT-494879	CTDC-TARGETED-THERAPY-931553	Gallia_est_omnis_divisa_in_partes_tres	scientia,_aere_perennius	O_Tite_tute_Tati_tibi_tanta_tyranne_tulisti	damnant_quod_non_intellegunt	32	782	Too Early	saltus_in_demonstrando
targeted_therapy	CTDC-PARTICIPANT-494879	CTDC-TARGETED-THERAPY-625571	O_Tite_tute_Tati_tibi_tanta_tyranne_tulisti	nanos_gigantum_humeris_insidentes	cacatum_non_est_pictum	Obedientia_civium_urbis_felicitas	421	236	Too Early	labor_ipse_voluptas
targeted_therapy	CTDC-PARTICIPANT-965621	CTDC-TARGETED-THERAPY-881051	id_quod_plerumque_accidit	a_bene_placito	faber_est_suae_quisque_fortunae	nascentes_morimur_finisque_ab_origine_pendet	753	775	Progressive Disease	damnant_quod_non_intellegunt
targeted_therapy	CTDC-PARTICIPANT-965621	CTDC-TARGETED-THERAPY-658164	nascentes_morimur_finisque_ab_origine_pendet	cacatum_non_est_pictum	cacatum_non_est_pictum	cacatum_non_est_pictum	438	561	Not Assessed	saltus_in_demonstrando
targeted_therapy	CTDC-PARTICIPANT-570379	CTDC-TARGETED-THERAPY-953772	scientia_et_labor	haec_olim_meminisse_iuvabit	id_quod_plerumque_accidit	id_quod_plerumque_accidit	556	246	Unknown	imperium_in_imperio
targeted_therapy	CTDC-PARTICIPANT-570379	CTDC-TARGETED-THERAPY-460707	pace_tua	nascentes_morimur_finisque_ab_origine_pendet	labor_ipse_voluptas	e_causa_ignota	731	723	Not Evaluable	id_quod_plerumque_accidit
targeted_therapy	CTDC-PARTICIPANT-180230	CTDC-TARGETED-THERAPY-460442	e_causa_ignota	nanos_gigantum_humeris_insidentes	sapiens_qui_prospicit	salus_in_arduis	249	849	Progressive Disease	sapiens_qui_prospicit
targeted_therapy	CTDC-PARTICIPANT-180230	CTDC-TARGETED-THERAPY-275901	scientia_et_sapientia	scientia_et_labor	nascentes_morimur_finisque_ab_origine_pendet	cacatum_non_est_pictum	304	152	Not Assessed	nanos_gigantum_humeris_insidentes
targeted_therapy	CTDC-PARTICIPANT-511758	CTDC-TARGETED-THERAPY-877980	labor_ipse_voluptas	scientiae_et_patriae	nanos_gigantum_humeris_insidentes	damnant_quod_non_intellegunt	219	627	Progressive Disease	haec_olim_meminisse_iuvabit
targeted_therapy	CTDC-PARTICIPANT-511758	CTDC-TARGETED-THERAPY-915740	faber_est_suae_quisque_fortunae	saltus_in_demonstrando	scientia_et_sapientia	salus_in_arduis	326	135	Not Assessed	scientiae_et_patriae
targeted_therapy	CTDC-PARTICIPANT-163373	CTDC-TARGETED-THERAPY-891294	scientia_et_sapientia	barba_crescit_caput_nescit	damnant_quod_non_intellegunt	haec_olim_meminisse_iuvabit	751	987	Not Evaluable	barba_crescit_caput_nescit
targeted_therapy	CTDC-PARTICIPANT-163373	CTDC-TARGETED-THERAPY-964501	id_quod_plerumque_accidit	Macte_animo_Generose_puer_sic_itur_ad_astra	scientia_et_labor	O_Tite_tute_Tati_tibi_tanta_tyranne_tulisti	965	851	Too Early	damnant_quod_non_intellegunt
targeted_therapy	CTDC-PARTICIPANT-270040	CTDC-TARGETED-THERAPY-962522	scientia_et_labor	scientiae_et_patriae	Gallia_est_omnis_divisa_in_partes_tres	imperium_in_imperio	786	593	Too Early	scientia_imperii_decus_et_tutamen
targeted_therapy	CTDC-PARTICIPANT-270040	CTDC-TARGETED-THERAPY-126907	barba_crescit_caput_nescit	pace_tua	faber_est_suae_quisque_fortunae	e_causa_ignota	12	581	Partial Response	id_quod_plerumque_accidit
targeted_therapy	CTDC-PARTICIPANT-739935	CTDC-TARGETED-THERAPY-560614	Obedientia_civium_urbis_felicitas	barba_crescit_caput_nescit	saltus_in_demonstrando	scientiae_cedit_mare	930	573	Less than partial response	sapiens_qui_prospicit
targeted_therapy	CTDC-PARTICIPANT-739935	CTDC-TARGETED-THERAPY-208244	Obedientia_civium_urbis_felicitas	scientia_imperii_decus_et_tutamen	cacatum_non_est_pictum	labor_ipse_voluptas	868	911	Not Evaluable	nanos_gigantum_humeris_insidentes
targeted_therapy	CTDC-PARTICIPANT-226937	CTDC-TARGETED-THERAPY-331435	Macte_animo_Generose_puer_sic_itur_ad_astra	id_quod_plerumque_accidit	salus_in_arduis	labor_ipse_voluptas	660	53	Stable Disease	scientiae_cedit_mare
targeted_therapy	CTDC-PARTICIPANT-226937	CTDC-TARGETED-THERAPY-448612	O_Tite_tute_Tati_tibi_tanta_tyranne_tulisti	haec_olim_meminisse_iuvabit	e_causa_ignota	barba_crescit_caput_nescit	468	834	Less than partial response	nanos_gigantum_humeris_insidentes
targeted_therapy	CTDC-PARTICIPANT-577976	CTDC-TARGETED-THERAPY-980024	scientia,_aere_perennius	salus_in_arduis	damnant_quod_non_intellegunt	nascentes_morimur_finisque_ab_origine_pendet	480	679	Not Evaluable	cacatum_non_est_pictum
targeted_therapy	CTDC-PARTICIPANT-577976	CTDC-TARGETED-THERAPY-462352	scientia_et_labor	cacatum_non_est_pictum	scientia,_aere_perennius	scientiae_cedit_mare	231	478	Not Assessed	imperium_in_imperio
targeted_therapy	CTDC-PARTICIPANT-746621	CTDC-TARGETED-THERAPY-706780	imperium_in_imperio	sapiens_qui_prospicit	scientiae_cedit_mare	scientia_et_sapientia	678	294	Unknown	a_bene_placito
targeted_therapy	CTDC-PARTICIPANT-746621	CTDC-TARGETED-THERAPY-970632	saltus_in_demonstrando	Gallia_est_omnis_divisa_in_partes_tres	saltus_in_demonstrando	id_quod_plerumque_accidit	270	275	Complete Response	scientia_imperii_decus_et_tutamen
targeted_therapy	CTDC-PARTICIPANT-861727	CTDC-TARGETED-THERAPY-321606	scientia_et_sapientia	O_Tite_tute_Tati_tibi_tanta_tyranne_tulisti	pace_tua	scientiae_et_patriae	437	223	Stable Disease	e_causa_ignota
targeted_therapy	CTDC-PARTICIPANT-861727	CTDC-TARGETED-THERAPY-739316	barba_crescit_caput_nescit	id_quod_plerumque_accidit	scientia_et_sapientia	salus_in_arduis	18	592	Too Early	sapiens_qui_prospicit
targeted_therapy	CTDC-PARTICIPANT-832384	CTDC-TARGETED-THERAPY-475929	O_Tite_tute_Tati_tibi_tanta_tyranne_tulisti	O_Tite_tute_Tati_tibi_tanta_tyranne_tulisti	a_bene_placito	damnant_quod_non_intellegunt	624	17	Too Early	scientia,_aere_perennius
targeted_therapy	CTDC-PARTICIPANT-832384	CTDC-TARGETED-THERAPY-567937	scientia_imperii_decus_et_tutamen	a_bene_placito	nascentes_morimur_finisque_ab_origine_pendet	nanos_gigantum_humeris_insidentes	848	855	Less than partial response	Obedientia_civium_urbis_felicitas
targeted_therapy	CTDC-PARTICIPANT-617340	CTDC-TARGETED-THERAPY-618687	e_causa_ignota	salus_in_arduis	scientiae_et_patriae	nanos_gigantum_humeris_insidentes	292	472	Complete Response	sapiens_qui_prospicit
targeted_therapy	CTDC-PARTICIPANT-617340	CTDC-TARGETED-THERAPY-590232	scientia,_aere_perennius	labor_ipse_voluptas	sapiens_qui_prospicit	scientiae_et_patriae	602	996	Too Early	scientia_et_labor
targeted_therapy	CTDC-PARTICIPANT-264570	CTDC-TARGETED-THERAPY-183317	saltus_in_demonstrando	id_quod_plerumque_accidit	scientiae_cedit_mare	cacatum_non_est_pictum	681	343	Partial Response	Gallia_est_omnis_divisa_in_partes_tres
targeted_therapy	CTDC-PARTICIPANT-264570	CTDC-TARGETED-THERAPY-909565	O_Tite_tute_Tati_tibi_tanta_tyranne_tulisti	barba_crescit_caput_nescit	faber_est_suae_quisque_fortunae	pace_tua	428	301	Partial Response	O_Tite_tute_Tati_tibi_tanta_tyranne_tulisti
targeted_therapy	CTDC-PARTICIPANT-479073	CTDC-TARGETED-THERAPY-391192	Obedientia_civium_urbis_felicitas	Macte_animo_Generose_puer_sic_itur_ad_astra	scientia,_aere_perennius	labor_ipse_voluptas	318	442	Partial Response	nascentes_morimur_finisque_ab_origine_pendet
targeted_therapy	CTDC-PARTICIPANT-479073	CTDC-TARGETED-THERAPY-887379	e_causa_ignota	Gallia_est_omnis_divisa_in_partes_tres	scientia_et_labor	nanos_gigantum_humeris_insidentes	781	566	Too Early	faber_est_suae_quisque_fortunae
targeted_therapy	CTDC-PARTICIPANT-272379	CTDC-TARGETED-THERAPY-720676	damnant_quod_non_intellegunt	O_Tite_tute_Tati_tibi_tanta_tyranne_tulisti	faber_est_suae_quisque_fortunae	sapiens_qui_prospicit	686	127	Partial Response	scientiae_et_patriae
targeted_therapy	CTDC-PARTICIPANT-272379	CTDC-TARGETED-THERAPY-612201	scientia_imperii_decus_et_tutamen	sapiens_qui_prospicit	a_bene_placito	haec_olim_meminisse_iuvabit	375	138	Not Evaluable	faber_est_suae_quisque_fortunae
targeted_therapy	CTDC-PARTICIPANT-159766	CTDC-TARGETED-THERAPY-167262	scientia_et_labor	scientia,_aere_perennius	scientiae_cedit_mare	pace_tua	162	182	Too Early	barba_crescit_caput_nescit
targeted_therapy	CTDC-PARTICIPANT-159766	CTDC-TARGETED-THERAPY-215943	pace_tua	scientia_et_sapientia	scientiae_et_patriae	scientiae_cedit_mare	328	265	Not Assessed	Macte_animo_Generose_puer_sic_itur_ad_astra
targeted_therapy	CTDC-PARTICIPANT-900914	CTDC-TARGETED-THERAPY-811318	nascentes_morimur_finisque_ab_origine_pendet	barba_crescit_caput_nescit	scientia_imperii_decus_et_tutamen	imperium_in_imperio	971	319	Too Early	salus_in_arduis
targeted_therapy	CTDC-PARTICIPANT-900914	CTDC-TARGETED-THERAPY-748381	Macte_animo_Generose_puer_sic_itur_ad_astra	O_Tite_tute_Tati_tibi_tanta_tyranne_tulisti	nanos_gigantum_humeris_insidentes	cacatum_non_est_pictum	430	947	Progressive Disease	damnant_quod_non_intellegunt
targeted_therapy	CTDC-PARTICIPANT-152996	CTDC-TARGETED-THERAPY-838883	saltus_in_demonstrando	id_quod_plerumque_accidit	a_bene_placito	scientia_et_sapientia	482	546	Progressive Disease	Gallia_est_omnis_divisa_in_partes_tres
targeted_therapy	CTDC-PARTICIPANT-152996	CTDC-TARGETED-THERAPY-797246	Gallia_est_omnis_divisa_in_partes_tres	scientiae_cedit_mare	O_Tite_tute_Tati_tibi_tanta_tyranne_tulisti	a_bene_placito	987	916	Complete Response	Macte_animo_Generose_puer_sic_itur_ad_astra
targeted_therapy	CTDC-PARTICIPANT-981722	CTDC-TARGETED-THERAPY-792525	faber_est_suae_quisque_fortunae	salus_in_arduis	faber_est_suae_quisque_fortunae	scientiae_et_patriae	377	918	Progressive Disease	faber_est_suae_quisque_fortunae
targeted_therapy	CTDC-PARTICIPANT-981722	CTDC-TARGETED-THERAPY-484473	scientia_et_labor	id_quod_plerumque_accidit	scientia,_aere_perennius	Gallia_est_omnis_divisa_in_partes_tres	183	521	Unknown	Gallia_est_omnis_divisa_in_partes_tres
targeted_therapy	CTDC-PARTICIPANT-602554	CTDC-TARGETED-THERAPY-139750	Macte_animo_Generose_puer_sic_itur_ad_astra	scientia,_aere_perennius	pace_tua	id_quod_plerumque_accidit	87	93	Progressive Disease	e_causa_ignota
targeted_therapy	CTDC-PARTICIPANT-602554	CTDC-TARGETED-THERAPY-193081	Gallia_est_omnis_divisa_in_partes_tres	scientia_et_labor	nanos_gigantum_humeris_insidentes	damnant_quod_non_intellegunt	799	66	Not Assessed	e_causa_ignota
targeted_therapy	CTDC-PARTICIPANT-868606	CTDC-TARGETED-THERAPY-686726	scientia,_aere_perennius	salus_in_arduis	O_Tite_tute_Tati_tibi_tanta_tyranne_tulisti	sapiens_qui_prospicit	713	572	Not Assessed	e_causa_ignota
targeted_therapy	CTDC-PARTICIPANT-868606	CTDC-TARGETED-THERAPY-692257	nanos_gigantum_humeris_insidentes	scientiae_et_patriae	salus_in_arduis	O_Tite_tute_Tati_tibi_tanta_tyranne_tulisti	567	738	Not Assessed	scientia,_aere_perennius
targeted_therapy	CTDC-PARTICIPANT-785133	CTDC-TARGETED-THERAPY-514512	scientia,_aere_perennius	e_causa_ignota	damnant_quod_non_intellegunt	nascentes_morimur_finisque_ab_origine_pendet	20	826	Not Assessed	sapiens_qui_prospicit
targeted_therapy	CTDC-PARTICIPANT-785133	CTDC-TARGETED-THERAPY-508262	scientia_et_sapientia	damnant_quod_non_intellegunt	cacatum_non_est_pictum	scientia_imperii_decus_et_tutamen	300	593	Partial Response	Gallia_est_omnis_divisa_in_partes_tres
targeted_therapy	CTDC-PARTICIPANT-890456	CTDC-TARGETED-THERAPY-917386	barba_crescit_caput_nescit	Obedientia_civium_urbis_felicitas	damnant_quod_non_intellegunt	faber_est_suae_quisque_fortunae	646	181	Unknown	a_bene_placito
targeted_therapy	CTDC-PARTICIPANT-890456	CTDC-TARGETED-THERAPY-355343	a_bene_placito	faber_est_suae_quisque_fortunae	saltus_in_demonstrando	e_causa_ignota	759	900	Not Evaluable	pace_tua
targeted_therapy	CTDC-PARTICIPANT-817505	CTDC-TARGETED-THERAPY-599479	barba_crescit_caput_nescit	haec_olim_meminisse_iuvabit	scientiae_cedit_mare	scientia_imperii_decus_et_tutamen	295	959	Partial Response	scientia_et_labor
targeted_therapy	CTDC-PARTICIPANT-817505	CTDC-TARGETED-THERAPY-606715	nanos_gigantum_humeris_insidentes	scientia,_aere_perennius	scientia_et_labor	scientia_et_labor	369	916	Progressive Disease	Gallia_est_omnis_divisa_in_partes_tres
targeted_therapy	CTDC-PARTICIPANT-190738	CTDC-TARGETED-THERAPY-360264	scientia,_aere_perennius	O_Tite_tute_Tati_tibi_tanta_tyranne_tulisti	scientia_et_labor	haec_olim_meminisse_iuvabit	451	369	Not Assessed	id_quod_plerumque_accidit
targeted_therapy	CTDC-PARTICIPANT-190738	CTDC-TARGETED-THERAPY-297681	Gallia_est_omnis_divisa_in_partes_tres	scientia_imperii_decus_et_tutamen	nascentes_morimur_finisque_ab_origine_pendet	salus_in_arduis	135	220	Progressive Disease	barba_crescit_caput_nescit
targeted_therapy	CTDC-PARTICIPANT-674814	CTDC-TARGETED-THERAPY-111509	scientia_imperii_decus_et_tutamen	barba_crescit_caput_nescit	Macte_animo_Generose_puer_sic_itur_ad_astra	O_Tite_tute_Tati_tibi_tanta_tyranne_tulisti	933	268	Not Assessed	Macte_animo_Generose_puer_sic_itur_ad_astra
targeted_therapy	CTDC-PARTICIPANT-674814	CTDC-TARGETED-THERAPY-441991	Obedientia_civium_urbis_felicitas	haec_olim_meminisse_iuvabit	scientiae_et_patriae	saltus_in_demonstrando	746	439	Partial Response	damnant_quod_non_intellegunt
targeted_therapy	CTDC-PARTICIPANT-342957	CTDC-TARGETED-THERAPY-493173	pace_tua	faber_est_suae_quisque_fortunae	imperium_in_imperio	damnant_quod_non_intellegunt	483	856	Unknown	salus_in_arduis
targeted_therapy	CTDC-PARTICIPANT-342957	CTDC-TARGETED-THERAPY-184173	labor_ipse_voluptas	pace_tua	labor_ipse_voluptas	damnant_quod_non_intellegunt	712	713	Unknown	saltus_in_demonstrando
targeted_therapy	CTDC-PARTICIPANT-347791	CTDC-TARGETED-THERAPY-595396	labor_ipse_voluptas	imperium_in_imperio	scientia_et_labor	labor_ipse_voluptas	570	301	Not Assessed	nanos_gigantum_humeris_insidentes
targeted_therapy	CTDC-PARTICIPANT-347791	CTDC-TARGETED-THERAPY-730465	imperium_in_imperio	O_Tite_tute_Tati_tibi_tanta_tyranne_tulisti	nanos_gigantum_humeris_insidentes	sapiens_qui_prospicit	548	465	Too Early	Obedientia_civium_urbis_felicitas
targeted_therapy	CTDC-PARTICIPANT-392530	CTDC-TARGETED-THERAPY-540832	barba_crescit_caput_nescit	id_quod_plerumque_accidit	Obedientia_civium_urbis_felicitas	scientiae_et_patriae	222	218	Not Assessed	scientia,_aere_perennius
targeted_therapy	CTDC-PARTICIPANT-392530	CTDC-TARGETED-THERAPY-607552	imperium_in_imperio	a_bene_placito	scientia_et_sapientia	scientiae_cedit_mare	560	437	Not Assessed	imperium_in_imperio
targeted_therapy	CTDC-PARTICIPANT-550915	CTDC-TARGETED-THERAPY-104236	haec_olim_meminisse_iuvabit	barba_crescit_caput_nescit	a_bene_placito	haec_olim_meminisse_iuvabit	686	840	Too Early	haec_olim_meminisse_iuvabit
targeted_therapy	CTDC-PARTICIPANT-550915	CTDC-TARGETED-THERAPY-939821	nascentes_morimur_finisque_ab_origine_pendet	labor_ipse_voluptas	faber_est_suae_quisque_fortunae	pace_tua	979	158	Too Early	cacatum_non_est_pictum
targeted_therapy	CTDC-PARTICIPANT-679388	CTDC-TARGETED-THERAPY-266212	scientiae_et_patriae	scientia_et_labor	faber_est_suae_quisque_fortunae	imperium_in_imperio	817	587	Partial Response	nascentes_morimur_finisque_ab_origine_pendet
targeted_therapy	CTDC-PARTICIPANT-679388	CTDC-TARGETED-THERAPY-444211	damnant_quod_non_intellegunt	sapiens_qui_prospicit	labor_ipse_voluptas	scientia_et_sapientia	744	349	Complete Response	labor_ipse_voluptas
targeted_therapy	CTDC-PARTICIPANT-709985	CTDC-TARGETED-THERAPY-655031	scientia_imperii_decus_et_tutamen	imperium_in_imperio	cacatum_non_est_pictum	pace_tua	134	241	Complete Response	scientia_et_sapientia
targeted_therapy	CTDC-PARTICIPANT-709985	CTDC-TARGETED-THERAPY-498995	salus_in_arduis	haec_olim_meminisse_iuvabit	O_Tite_tute_Tati_tibi_tanta_tyranne_tulisti	barba_crescit_caput_nescit	359	300	Not Assessed	scientiae_cedit_mare
targeted_therapy	CTDC-PARTICIPANT-885820	CTDC-TARGETED-THERAPY-550972	damnant_quod_non_intellegunt	scientia,_aere_perennius	saltus_in_demonstrando	imperium_in_imperio	489	81	Complete Response	scientia,_aere_perennius
targeted_therapy	CTDC-PARTICIPANT-885820	CTDC-TARGETED-THERAPY-803738	saltus_in_demonstrando	Gallia_est_omnis_divisa_in_partes_tres	sapiens_qui_prospicit	saltus_in_demonstrando	28	131	Partial Response	salus_in_arduis
targeted_therapy	CTDC-PARTICIPANT-922338	CTDC-TARGETED-THERAPY-590517	e_causa_ignota	haec_olim_meminisse_iuvabit	cacatum_non_est_pictum	Macte_animo_Generose_puer_sic_itur_ad_astra	91	971	Progressive Disease	imperium_in_imperio
targeted_therapy	CTDC-PARTICIPANT-922338	CTDC-TARGETED-THERAPY-883972	saltus_in_demonstrando	pace_tua	labor_ipse_voluptas	scientia_imperii_decus_et_tutamen	747	378	Unknown	Gallia_est_omnis_divisa_in_partes_tres
targeted_therapy	CTDC-PARTICIPANT-425783	CTDC-TARGETED-THERAPY-676552	damnant_quod_non_intellegunt	Macte_animo_Generose_puer_sic_itur_ad_astra	nanos_gigantum_humeris_insidentes	Gallia_est_omnis_divisa_in_partes_tres	348	992	Not Evaluable	faber_est_suae_quisque_fortunae
targeted_therapy	CTDC-PARTICIPANT-425783	CTDC-TARGETED-THERAPY-803089	scientia_et_labor	e_causa_ignota	nascentes_morimur_finisque_ab_origine_pendet	scientiae_et_patriae	402	604	Unknown	labor_ipse_voluptas
targeted_therapy	CTDC-PARTICIPANT-480421	CTDC-TARGETED-THERAPY-920036	scientia_et_sapientia	scientia,_aere_perennius	damnant_quod_non_intellegunt	e_causa_ignota	383	319	Too Early	imperium_in_imperio
targeted_therapy	CTDC-PARTICIPANT-480421	CTDC-TARGETED-THERAPY-284314	Obedientia_civium_urbis_felicitas	imperium_in_imperio	scientiae_et_patriae	pace_tua	272	673	Not Assessed	Obedientia_civium_urbis_felicitas
targeted_therapy	CTDC-PARTICIPANT-114522	CTDC-TARGETED-THERAPY-979660	a_bene_placito	scientia,_aere_perennius	Macte_animo_Generose_puer_sic_itur_ad_astra	scientia_et_sapientia	507	520	Too Early	pace_tua
targeted_therapy	CTDC-PARTICIPANT-114522	CTDC-TARGETED-THERAPY-198079	sapiens_qui_prospicit	e_causa_ignota	id_quod_plerumque_accidit	damnant_quod_non_intellegunt	675	756	Complete Response	scientia_et_sapientia
targeted_therapy	CTDC-PARTICIPANT-180628	CTDC-TARGETED-THERAPY-625239	pace_tua	O_Tite_tute_Tati_tibi_tanta_tyranne_tulisti	saltus_in_demonstrando	faber_est_suae_quisque_fortunae	884	944	Not Assessed	imperium_in_imperio
targeted_therapy	CTDC-PARTICIPANT-180628	CTDC-TARGETED-THERAPY-778071	scientia_et_labor	haec_olim_meminisse_iuvabit	nascentes_morimur_finisque_ab_origine_pendet	imperium_in_imperio	937	599	Progressive Disease	saltus_in_demonstrando
targeted_therapy	CTDC-PARTICIPANT-598494	CTDC-TARGETED-THERAPY-994891	a_bene_placito	damnant_quod_non_intellegunt	scientiae_cedit_mare	Gallia_est_omnis_divisa_in_partes_tres	958	437	Less than partial response	barba_crescit_caput_nescit
targeted_therapy	CTDC-PARTICIPANT-598494	CTDC-TARGETED-THERAPY-276828	barba_crescit_caput_nescit	faber_est_suae_quisque_fortunae	Macte_animo_Generose_puer_sic_itur_ad_astra	sapiens_qui_prospicit	901	588	Not Assessed	nascentes_morimur_finisque_ab_origine_pendet
targeted_therapy	CTDC-PARTICIPANT-481358	CTDC-TARGETED-THERAPY-447131	e_causa_ignota	labor_ipse_voluptas	scientia_imperii_decus_et_tutamen	scientia_imperii_decus_et_tutamen	554	961	Partial Response	scientia_et_labor
targeted_therapy	CTDC-PARTICIPANT-481358	CTDC-TARGETED-THERAPY-591346	pace_tua	labor_ipse_voluptas	faber_est_suae_quisque_fortunae	haec_olim_meminisse_iuvabit	545	336	Less than partial response	scientia_et_labor
targeted_therapy	CTDC-PARTICIPANT-649208	CTDC-TARGETED-THERAPY-942918	salus_in_arduis	cacatum_non_est_pictum	saltus_in_demonstrando	pace_tua	292	630	Progressive Disease	scientiae_et_patriae
targeted_therapy	CTDC-PARTICIPANT-649208	CTDC-TARGETED-THERAPY-333916	scientiae_cedit_mare	scientia_et_sapientia	Gallia_est_omnis_divisa_in_partes_tres	pace_tua	455	132	Too Early	Macte_animo_Generose_puer_sic_itur_ad_astra
targeted_therapy	CTDC-PARTICIPANT-494080	CTDC-TARGETED-THERAPY-638760	cacatum_non_est_pictum	pace_tua	Obedientia_civium_urbis_felicitas	barba_crescit_caput_nescit	133	394	Not Evaluable	e_causa_ignota
targeted_therapy	CTDC-PARTICIPANT-494080	CTDC-TARGETED-THERAPY-740226	scientiae_cedit_mare	salus_in_arduis	scientia,_aere_perennius	Obedientia_civium_urbis_felicitas	35	825	Stable Disease	scientia,_aere_perennius
targeted_therapy	CTDC-PARTICIPANT-725519	CTDC-TARGETED-THERAPY-180654	e_causa_ignota	scientiae_et_patriae	e_causa_ignota	salus_in_arduis	321	856	Partial Response	barba_crescit_caput_nescit
targeted_therapy	CTDC-PARTICIPANT-725519	CTDC-TARGETED-THERAPY-397619	scientia_et_sapientia	barba_crescit_caput_nescit	pace_tua	barba_crescit_caput_nescit	61	887	Complete Response	scientiae_et_patriae
targeted_therapy	CTDC-PARTICIPANT-456992	CTDC-TARGETED-THERAPY-606819	saltus_in_demonstrando	O_Tite_tute_Tati_tibi_tanta_tyranne_tulisti	faber_est_suae_quisque_fortunae	O_Tite_tute_Tati_tibi_tanta_tyranne_tulisti	744	782	Complete Response	barba_crescit_caput_nescit
targeted_therapy	CTDC-PARTICIPANT-456992	CTDC-TARGETED-THERAPY-504873	e_causa_ignota	salus_in_arduis	scientia_et_sapientia	haec_olim_meminisse_iuvabit	298	950	Complete Response	cacatum_non_est_pictum
targeted_therapy	CTDC-PARTICIPANT-998777	CTDC-TARGETED-THERAPY-360528	Obedientia_civium_urbis_felicitas	faber_est_suae_quisque_fortunae	salus_in_arduis	Macte_animo_Generose_puer_sic_itur_ad_astra	799	560	Complete Response	scientia_et_sapientia
targeted_therapy	CTDC-PARTICIPANT-998777	CTDC-TARGETED-THERAPY-568140	haec_olim_meminisse_iuvabit	nascentes_morimur_finisque_ab_origine_pendet	cacatum_non_est_pictum	scientia_et_sapientia	194	306	Stable Disease	salus_in_arduis
targeted_therapy	CTDC-PARTICIPANT-885168	CTDC-TARGETED-THERAPY-115781	scientia_imperii_decus_et_tutamen	a_bene_placito	a_bene_placito	scientia,_aere_perennius	856	425	Not Evaluable	Obedientia_civium_urbis_felicitas
targeted_therapy	CTDC-PARTICIPANT-885168	CTDC-TARGETED-THERAPY-236903	scientiae_cedit_mare	labor_ipse_voluptas	imperium_in_imperio	pace_tua	356	177	Progressive Disease	labor_ipse_voluptas
targeted_therapy	CTDC-PARTICIPANT-609434	CTDC-TARGETED-THERAPY-824575	Gallia_est_omnis_divisa_in_partes_tres	nanos_gigantum_humeris_insidentes	id_quod_plerumque_accidit	scientia_et_labor	622	968	Not Assessed	imperium_in_imperio
targeted_therapy	CTDC-PARTICIPANT-609434	CTDC-TARGETED-THERAPY-117775	pace_tua	scientia_imperii_decus_et_tutamen	labor_ipse_voluptas	Obedientia_civium_urbis_felicitas	236	279	Too Early	scientiae_cedit_mare
targeted_therapy	CTDC-PARTICIPANT-990968	CTDC-TARGETED-THERAPY-245906	labor_ipse_voluptas	salus_in_arduis	e_causa_ignota	damnant_quod_non_intellegunt	619	390	Partial Response	a_bene_placito
targeted_therapy	CTDC-PARTICIPANT-990968	CTDC-TARGETED-THERAPY-719315	a_bene_placito	barba_crescit_caput_nescit	nascentes_morimur_finisque_ab_origine_pendet	Obedientia_civium_urbis_felicitas	641	938	Unknown	faber_est_suae_quisque_fortunae
