type	participant.participant_id	targeted_therapy_record_id	targeted_therapy	targeted_therapy_dose	targeted_therapy_dose_units	targeted_therapy_frequency	targeted_therapy_start_date	targeted_therapy_end_date	best_response_to_targeted_therapy	crdc_id
targeted_therapy	CTDC-PARTICIPANT-425496	CTDC-TARGETED-THERAPY-400813	scientia_et_labor	sapiens_qui_prospicit	scientia_et_labor	haec_olim_meminisse_iuvabit	406	124	Stable Disease	Gallia_est_omnis_divisa_in_partes_tres
targeted_therapy	CTDC-PARTICIPANT-425496	CTDC-TARGETED-THERAPY-234465	Obedientia_civium_urbis_felicitas	damnant_quod_non_intellegunt	scientia_imperii_decus_et_tutamen	Macte_animo_Generose_puer_sic_itur_ad_astra	341	529	Partial Response	scientiae_cedit_mare
targeted_therapy	CTDC-PARTICIPANT-752305	CTDC-TARGETED-THERAPY-367079	Obedientia_civium_urbis_felicitas	imperium_in_imperio	a_bene_placito	scientiae_et_patriae	285	73	Not Evaluable	scientia_imperii_decus_et_tutamen
targeted_therapy	CTDC-PARTICIPANT-752305	CTDC-TARGETED-THERAPY-705679	salus_in_arduis	haec_olim_meminisse_iuvabit	scientiae_cedit_mare	nascentes_morimur_finisque_ab_origine_pendet	505	704	Less than partial response	sapiens_qui_prospicit
targeted_therapy	CTDC-PARTICIPANT-178412	CTDC-TARGETED-THERAPY-825118	pace_tua	e_causa_ignota	a_bene_placito	haec_olim_meminisse_iuvabit	574	638	Partial Response	id_quod_plerumque_accidit
targeted_therapy	CTDC-PARTICIPANT-178412	CTDC-TARGETED-THERAPY-951919	scientia_et_sapientia	faber_est_suae_quisque_fortunae	Macte_animo_Generose_puer_sic_itur_ad_astra	Macte_animo_Generose_puer_sic_itur_ad_astra	566	703	Stable Disease	sapiens_qui_prospicit
targeted_therapy	CTDC-PARTICIPANT-498416	CTDC-TARGETED-THERAPY-920001	id_quod_plerumque_accidit	scientia_imperii_decus_et_tutamen	saltus_in_demonstrando	damnant_quod_non_intellegunt	693	60	Too Early	scientiae_cedit_mare
targeted_therapy	CTDC-PARTICIPANT-498416	CTDC-TARGETED-THERAPY-618628	faber_est_suae_quisque_fortunae	Macte_animo_Generose_puer_sic_itur_ad_astra	barba_crescit_caput_nescit	O_Tite_tute_Tati_tibi_tanta_tyranne_tulisti	750	852	Complete Response	labor_ipse_voluptas
targeted_therapy	CTDC-PARTICIPANT-976403	CTDC-TARGETED-THERAPY-349769	salus_in_arduis	imperium_in_imperio	scientiae_cedit_mare	Macte_animo_Generose_puer_sic_itur_ad_astra	508	884	Too Early	scientiae_et_patriae
targeted_therapy	CTDC-PARTICIPANT-976403	CTDC-TARGETED-THERAPY-861442	Macte_animo_Generose_puer_sic_itur_ad_astra	e_causa_ignota	scientia_et_sapientia	scientia_imperii_decus_et_tutamen	363	977	Too Early	cacatum_non_est_pictum
targeted_therapy	CTDC-PARTICIPANT-497144	CTDC-TARGETED-THERAPY-921322	faber_est_suae_quisque_fortunae	scientia_et_labor	a_bene_placito	scientia_et_labor	549	58	Progressive Disease	cacatum_non_est_pictum
targeted_therapy	CTDC-PARTICIPANT-497144	CTDC-TARGETED-THERAPY-590412	scientiae_et_patriae	id_quod_plerumque_accidit	imperium_in_imperio	scientia_et_sapientia	46	904	Progressive Disease	nanos_gigantum_humeris_insidentes
targeted_therapy	CTDC-PARTICIPANT-281297	CTDC-TARGETED-THERAPY-327402	saltus_in_demonstrando	cacatum_non_est_pictum	scientia,_aere_perennius	scientia_et_labor	197	396	Less than partial response	saltus_in_demonstrando
targeted_therapy	CTDC-PARTICIPANT-281297	CTDC-TARGETED-THERAPY-895761	Gallia_est_omnis_divisa_in_partes_tres	nascentes_morimur_finisque_ab_origine_pendet	id_quod_plerumque_accidit	Macte_animo_Generose_puer_sic_itur_ad_astra	62	700	Not Assessed	haec_olim_meminisse_iuvabit
targeted_therapy	CTDC-PARTICIPANT-731664	CTDC-TARGETED-THERAPY-491181	scientiae_et_patriae	scientia_imperii_decus_et_tutamen	salus_in_arduis	O_Tite_tute_Tati_tibi_tanta_tyranne_tulisti	31	994	Progressive Disease	labor_ipse_voluptas
targeted_therapy	CTDC-PARTICIPANT-731664	CTDC-TARGETED-THERAPY-123413	labor_ipse_voluptas	id_quod_plerumque_accidit	O_Tite_tute_Tati_tibi_tanta_tyranne_tulisti	Obedientia_civium_urbis_felicitas	231	107	Unknown	pace_tua
targeted_therapy	CTDC-PARTICIPANT-469939	CTDC-TARGETED-THERAPY-798419	cacatum_non_est_pictum	salus_in_arduis	scientia,_aere_perennius	id_quod_plerumque_accidit	256	939	Stable Disease	scientiae_et_patriae
targeted_therapy	CTDC-PARTICIPANT-469939	CTDC-TARGETED-THERAPY-835015	haec_olim_meminisse_iuvabit	scientia_et_labor	damnant_quod_non_intellegunt	nascentes_morimur_finisque_ab_origine_pendet	86	938	Complete Response	labor_ipse_voluptas
targeted_therapy	CTDC-PARTICIPANT-745706	CTDC-TARGETED-THERAPY-122896	imperium_in_imperio	Obedientia_civium_urbis_felicitas	barba_crescit_caput_nescit	nanos_gigantum_humeris_insidentes	295	230	Stable Disease	a_bene_placito
targeted_therapy	CTDC-PARTICIPANT-745706	CTDC-TARGETED-THERAPY-259850	scientia,_aere_perennius	nascentes_morimur_finisque_ab_origine_pendet	e_causa_ignota	scientia_imperii_decus_et_tutamen	571	118	Stable Disease	O_Tite_tute_Tati_tibi_tanta_tyranne_tulisti
targeted_therapy	CTDC-PARTICIPANT-705970	CTDC-TARGETED-THERAPY-693180	nanos_gigantum_humeris_insidentes	scientia_et_sapientia	barba_crescit_caput_nescit	Gallia_est_omnis_divisa_in_partes_tres	733	609	Partial Response	cacatum_non_est_pictum
targeted_therapy	CTDC-PARTICIPANT-705970	CTDC-TARGETED-THERAPY-639836	scientiae_et_patriae	e_causa_ignota	scientia,_aere_perennius	id_quod_plerumque_accidit	292	184	Progressive Disease	barba_crescit_caput_nescit
targeted_therapy	CTDC-PARTICIPANT-500040	CTDC-TARGETED-THERAPY-114230	salus_in_arduis	saltus_in_demonstrando	Obedientia_civium_urbis_felicitas	id_quod_plerumque_accidit	536	555	Complete Response	barba_crescit_caput_nescit
targeted_therapy	CTDC-PARTICIPANT-500040	CTDC-TARGETED-THERAPY-435725	scientia_et_labor	scientiae_et_patriae	e_causa_ignota	e_causa_ignota	913	314	Partial Response	Obedientia_civium_urbis_felicitas
targeted_therapy	CTDC-PARTICIPANT-996739	CTDC-TARGETED-THERAPY-373620	faber_est_suae_quisque_fortunae	barba_crescit_caput_nescit	damnant_quod_non_intellegunt	scientia,_aere_perennius	245	178	Unknown	barba_crescit_caput_nescit
targeted_therapy	CTDC-PARTICIPANT-996739	CTDC-TARGETED-THERAPY-958227	cacatum_non_est_pictum	pace_tua	imperium_in_imperio	scientiae_et_patriae	913	736	Less than partial response	scientia,_aere_perennius
targeted_therapy	CTDC-PARTICIPANT-765498	CTDC-TARGETED-THERAPY-441625	e_causa_ignota	nanos_gigantum_humeris_insidentes	pace_tua	haec_olim_meminisse_iuvabit	958	851	Complete Response	Obedientia_civium_urbis_felicitas
targeted_therapy	CTDC-PARTICIPANT-765498	CTDC-TARGETED-THERAPY-341772	nascentes_morimur_finisque_ab_origine_pendet	salus_in_arduis	nanos_gigantum_humeris_insidentes	nanos_gigantum_humeris_insidentes	682	97	Progressive Disease	faber_est_suae_quisque_fortunae
targeted_therapy	CTDC-PARTICIPANT-803964	CTDC-TARGETED-THERAPY-854617	imperium_in_imperio	salus_in_arduis	sapiens_qui_prospicit	e_causa_ignota	472	585	Less than partial response	haec_olim_meminisse_iuvabit
targeted_therapy	CTDC-PARTICIPANT-803964	CTDC-TARGETED-THERAPY-556404	faber_est_suae_quisque_fortunae	pace_tua	a_bene_placito	scientiae_cedit_mare	865	775	Progressive Disease	scientia_et_labor
targeted_therapy	CTDC-PARTICIPANT-346130	CTDC-TARGETED-THERAPY-995940	cacatum_non_est_pictum	nascentes_morimur_finisque_ab_origine_pendet	nascentes_morimur_finisque_ab_origine_pendet	scientia_et_labor	926	296	Complete Response	Gallia_est_omnis_divisa_in_partes_tres
targeted_therapy	CTDC-PARTICIPANT-346130	CTDC-TARGETED-THERAPY-947435	imperium_in_imperio	sapiens_qui_prospicit	nanos_gigantum_humeris_insidentes	faber_est_suae_quisque_fortunae	220	19	Too Early	a_bene_placito
targeted_therapy	CTDC-PARTICIPANT-672343	CTDC-TARGETED-THERAPY-317911	Macte_animo_Generose_puer_sic_itur_ad_astra	O_Tite_tute_Tati_tibi_tanta_tyranne_tulisti	Gallia_est_omnis_divisa_in_partes_tres	pace_tua	190	302	Progressive Disease	scientia_et_labor
targeted_therapy	CTDC-PARTICIPANT-672343	CTDC-TARGETED-THERAPY-735767	O_Tite_tute_Tati_tibi_tanta_tyranne_tulisti	scientiae_et_patriae	Obedientia_civium_urbis_felicitas	id_quod_plerumque_accidit	241	693	Not Assessed	scientiae_et_patriae
targeted_therapy	CTDC-PARTICIPANT-618772	CTDC-TARGETED-THERAPY-525604	a_bene_placito	Obedientia_civium_urbis_felicitas	Gallia_est_omnis_divisa_in_partes_tres	nanos_gigantum_humeris_insidentes	645	661	Partial Response	barba_crescit_caput_nescit
targeted_therapy	CTDC-PARTICIPANT-618772	CTDC-TARGETED-THERAPY-450535	scientiae_et_patriae	Obedientia_civium_urbis_felicitas	nascentes_morimur_finisque_ab_origine_pendet	scientia_imperii_decus_et_tutamen	934	122	Not Evaluable	nanos_gigantum_humeris_insidentes
targeted_therapy	CTDC-PARTICIPANT-781918	CTDC-TARGETED-THERAPY-622945	sapiens_qui_prospicit	imperium_in_imperio	scientia_imperii_decus_et_tutamen	pace_tua	486	266	Not Assessed	scientia_et_labor
targeted_therapy	CTDC-PARTICIPANT-781918	CTDC-TARGETED-THERAPY-196935	a_bene_placito	haec_olim_meminisse_iuvabit	salus_in_arduis	Gallia_est_omnis_divisa_in_partes_tres	762	79	Not Evaluable	damnant_quod_non_intellegunt
targeted_therapy	CTDC-PARTICIPANT-868875	CTDC-TARGETED-THERAPY-702044	damnant_quod_non_intellegunt	pace_tua	scientia_imperii_decus_et_tutamen	damnant_quod_non_intellegunt	461	739	Not Evaluable	scientia,_aere_perennius
targeted_therapy	CTDC-PARTICIPANT-868875	CTDC-TARGETED-THERAPY-853356	scientia_et_labor	scientia_et_sapientia	faber_est_suae_quisque_fortunae	nanos_gigantum_humeris_insidentes	666	297	Progressive Disease	Gallia_est_omnis_divisa_in_partes_tres
targeted_therapy	CTDC-PARTICIPANT-651462	CTDC-TARGETED-THERAPY-500199	scientia,_aere_perennius	a_bene_placito	Macte_animo_Generose_puer_sic_itur_ad_astra	nanos_gigantum_humeris_insidentes	914	692	Unknown	saltus_in_demonstrando
targeted_therapy	CTDC-PARTICIPANT-651462	CTDC-TARGETED-THERAPY-726115	imperium_in_imperio	imperium_in_imperio	id_quod_plerumque_accidit	id_quod_plerumque_accidit	387	745	Not Evaluable	scientia_et_labor
targeted_therapy	CTDC-PARTICIPANT-357624	CTDC-TARGETED-THERAPY-480601	a_bene_placito	scientiae_et_patriae	haec_olim_meminisse_iuvabit	imperium_in_imperio	343	761	Partial Response	scientiae_cedit_mare
targeted_therapy	CTDC-PARTICIPANT-357624	CTDC-TARGETED-THERAPY-721577	nascentes_morimur_finisque_ab_origine_pendet	salus_in_arduis	salus_in_arduis	scientia_et_labor	49	576	Complete Response	scientia,_aere_perennius
targeted_therapy	CTDC-PARTICIPANT-665568	CTDC-TARGETED-THERAPY-538512	labor_ipse_voluptas	id_quod_plerumque_accidit	scientiae_cedit_mare	id_quod_plerumque_accidit	611	939	Not Assessed	scientia,_aere_perennius
targeted_therapy	CTDC-PARTICIPANT-665568	CTDC-TARGETED-THERAPY-361940	pace_tua	damnant_quod_non_intellegunt	barba_crescit_caput_nescit	O_Tite_tute_Tati_tibi_tanta_tyranne_tulisti	584	557	Progressive Disease	Gallia_est_omnis_divisa_in_partes_tres
targeted_therapy	CTDC-PARTICIPANT-795686	CTDC-TARGETED-THERAPY-482489	O_Tite_tute_Tati_tibi_tanta_tyranne_tulisti	pace_tua	Obedientia_civium_urbis_felicitas	e_causa_ignota	416	160	Too Early	nanos_gigantum_humeris_insidentes
targeted_therapy	CTDC-PARTICIPANT-795686	CTDC-TARGETED-THERAPY-875387	scientiae_et_patriae	Obedientia_civium_urbis_felicitas	Macte_animo_Generose_puer_sic_itur_ad_astra	scientia_imperii_decus_et_tutamen	443	552	Too Early	scientia_imperii_decus_et_tutamen
targeted_therapy	CTDC-PARTICIPANT-780169	CTDC-TARGETED-THERAPY-916504	sapiens_qui_prospicit	Macte_animo_Generose_puer_sic_itur_ad_astra	scientia,_aere_perennius	haec_olim_meminisse_iuvabit	741	985	Too Early	O_Tite_tute_Tati_tibi_tanta_tyranne_tulisti
targeted_therapy	CTDC-PARTICIPANT-780169	CTDC-TARGETED-THERAPY-496758	salus_in_arduis	Obedientia_civium_urbis_felicitas	scientiae_et_patriae	barba_crescit_caput_nescit	28	516	Too Early	e_causa_ignota
targeted_therapy	CTDC-PARTICIPANT-485384	CTDC-TARGETED-THERAPY-555260	Obedientia_civium_urbis_felicitas	damnant_quod_non_intellegunt	Obedientia_civium_urbis_felicitas	Macte_animo_Generose_puer_sic_itur_ad_astra	700	968	Progressive Disease	salus_in_arduis
targeted_therapy	CTDC-PARTICIPANT-485384	CTDC-TARGETED-THERAPY-704899	pace_tua	Obedientia_civium_urbis_felicitas	faber_est_suae_quisque_fortunae	scientia_et_labor	806	462	Partial Response	nanos_gigantum_humeris_insidentes
targeted_therapy	CTDC-PARTICIPANT-707555	CTDC-TARGETED-THERAPY-704173	labor_ipse_voluptas	haec_olim_meminisse_iuvabit	O_Tite_tute_Tati_tibi_tanta_tyranne_tulisti	labor_ipse_voluptas	21	480	Stable Disease	e_causa_ignota
targeted_therapy	CTDC-PARTICIPANT-707555	CTDC-TARGETED-THERAPY-590096	scientia_imperii_decus_et_tutamen	Gallia_est_omnis_divisa_in_partes_tres	Obedientia_civium_urbis_felicitas	scientia_et_labor	930	104	Unknown	barba_crescit_caput_nescit
targeted_therapy	CTDC-PARTICIPANT-492276	CTDC-TARGETED-THERAPY-916396	a_bene_placito	saltus_in_demonstrando	scientia,_aere_perennius	e_causa_ignota	734	305	Not Evaluable	barba_crescit_caput_nescit
targeted_therapy	CTDC-PARTICIPANT-492276	CTDC-TARGETED-THERAPY-831292	scientia_et_labor	haec_olim_meminisse_iuvabit	Macte_animo_Generose_puer_sic_itur_ad_astra	id_quod_plerumque_accidit	308	362	Unknown	salus_in_arduis
targeted_therapy	CTDC-PARTICIPANT-820083	CTDC-TARGETED-THERAPY-482417	labor_ipse_voluptas	cacatum_non_est_pictum	nanos_gigantum_humeris_insidentes	e_causa_ignota	356	207	Less than partial response	saltus_in_demonstrando
targeted_therapy	CTDC-PARTICIPANT-820083	CTDC-TARGETED-THERAPY-998434	faber_est_suae_quisque_fortunae	scientia_imperii_decus_et_tutamen	sapiens_qui_prospicit	e_causa_ignota	547	731	Unknown	scientiae_et_patriae
targeted_therapy	CTDC-PARTICIPANT-822595	CTDC-TARGETED-THERAPY-258451	Gallia_est_omnis_divisa_in_partes_tres	saltus_in_demonstrando	salus_in_arduis	nanos_gigantum_humeris_insidentes	864	616	Complete Response	barba_crescit_caput_nescit
targeted_therapy	CTDC-PARTICIPANT-822595	CTDC-TARGETED-THERAPY-951064	sapiens_qui_prospicit	sapiens_qui_prospicit	damnant_quod_non_intellegunt	e_causa_ignota	517	491	Unknown	sapiens_qui_prospicit
targeted_therapy	CTDC-PARTICIPANT-260866	CTDC-TARGETED-THERAPY-447139	Obedientia_civium_urbis_felicitas	Gallia_est_omnis_divisa_in_partes_tres	saltus_in_demonstrando	saltus_in_demonstrando	371	557	Progressive Disease	scientia,_aere_perennius
targeted_therapy	CTDC-PARTICIPANT-260866	CTDC-TARGETED-THERAPY-463861	nascentes_morimur_finisque_ab_origine_pendet	salus_in_arduis	nanos_gigantum_humeris_insidentes	id_quod_plerumque_accidit	221	101	Complete Response	saltus_in_demonstrando
targeted_therapy	CTDC-PARTICIPANT-627159	CTDC-TARGETED-THERAPY-911096	haec_olim_meminisse_iuvabit	salus_in_arduis	cacatum_non_est_pictum	scientia,_aere_perennius	280	810	Complete Response	faber_est_suae_quisque_fortunae
targeted_therapy	CTDC-PARTICIPANT-627159	CTDC-TARGETED-THERAPY-750148	Obedientia_civium_urbis_felicitas	imperium_in_imperio	salus_in_arduis	a_bene_placito	984	137	Stable Disease	a_bene_placito
targeted_therapy	CTDC-PARTICIPANT-925562	CTDC-TARGETED-THERAPY-990762	scientia_et_sapientia	damnant_quod_non_intellegunt	Gallia_est_omnis_divisa_in_partes_tres	salus_in_arduis	668	894	Not Assessed	damnant_quod_non_intellegunt
targeted_therapy	CTDC-PARTICIPANT-925562	CTDC-TARGETED-THERAPY-752108	saltus_in_demonstrando	Gallia_est_omnis_divisa_in_partes_tres	barba_crescit_caput_nescit	Macte_animo_Generose_puer_sic_itur_ad_astra	35	22	Unknown	damnant_quod_non_intellegunt
targeted_therapy	CTDC-PARTICIPANT-854119	CTDC-TARGETED-THERAPY-188034	scientiae_et_patriae	scientia_et_sapientia	salus_in_arduis	a_bene_placito	163	242	Stable Disease	Obedientia_civium_urbis_felicitas
targeted_therapy	CTDC-PARTICIPANT-854119	CTDC-TARGETED-THERAPY-974892	scientia_et_labor	scientia,_aere_perennius	O_Tite_tute_Tati_tibi_tanta_tyranne_tulisti	scientia,_aere_perennius	262	74	Too Early	a_bene_placito
targeted_therapy	CTDC-PARTICIPANT-529091	CTDC-TARGETED-THERAPY-218140	pace_tua	Macte_animo_Generose_puer_sic_itur_ad_astra	O_Tite_tute_Tati_tibi_tanta_tyranne_tulisti	damnant_quod_non_intellegunt	198	948	Unknown	scientia_et_sapientia
targeted_therapy	CTDC-PARTICIPANT-529091	CTDC-TARGETED-THERAPY-785553	haec_olim_meminisse_iuvabit	faber_est_suae_quisque_fortunae	nascentes_morimur_finisque_ab_origine_pendet	Macte_animo_Generose_puer_sic_itur_ad_astra	89	413	Progressive Disease	haec_olim_meminisse_iuvabit
targeted_therapy	CTDC-PARTICIPANT-343801	CTDC-TARGETED-THERAPY-448415	Gallia_est_omnis_divisa_in_partes_tres	pace_tua	Macte_animo_Generose_puer_sic_itur_ad_astra	imperium_in_imperio	933	851	Unknown	faber_est_suae_quisque_fortunae
targeted_therapy	CTDC-PARTICIPANT-343801	CTDC-TARGETED-THERAPY-435884	imperium_in_imperio	scientiae_cedit_mare	e_causa_ignota	Macte_animo_Generose_puer_sic_itur_ad_astra	998	676	Too Early	imperium_in_imperio
targeted_therapy	CTDC-PARTICIPANT-954327	CTDC-TARGETED-THERAPY-109162	Obedientia_civium_urbis_felicitas	labor_ipse_voluptas	O_Tite_tute_Tati_tibi_tanta_tyranne_tulisti	saltus_in_demonstrando	374	762	Progressive Disease	scientia_et_sapientia
targeted_therapy	CTDC-PARTICIPANT-954327	CTDC-TARGETED-THERAPY-370690	O_Tite_tute_Tati_tibi_tanta_tyranne_tulisti	id_quod_plerumque_accidit	nascentes_morimur_finisque_ab_origine_pendet	scientiae_cedit_mare	312	265	Too Early	saltus_in_demonstrando
targeted_therapy	CTDC-PARTICIPANT-324293	CTDC-TARGETED-THERAPY-672604	Gallia_est_omnis_divisa_in_partes_tres	cacatum_non_est_pictum	scientia_imperii_decus_et_tutamen	cacatum_non_est_pictum	470	678	Stable Disease	damnant_quod_non_intellegunt
targeted_therapy	CTDC-PARTICIPANT-324293	CTDC-TARGETED-THERAPY-832096	labor_ipse_voluptas	damnant_quod_non_intellegunt	scientia_imperii_decus_et_tutamen	faber_est_suae_quisque_fortunae	88	90	Less than partial response	Gallia_est_omnis_divisa_in_partes_tres
targeted_therapy	CTDC-PARTICIPANT-449191	CTDC-TARGETED-THERAPY-269773	cacatum_non_est_pictum	a_bene_placito	a_bene_placito	pace_tua	33	118	Complete Response	Gallia_est_omnis_divisa_in_partes_tres
targeted_therapy	CTDC-PARTICIPANT-449191	CTDC-TARGETED-THERAPY-699427	faber_est_suae_quisque_fortunae	a_bene_placito	Obedientia_civium_urbis_felicitas	pace_tua	387	322	Progressive Disease	scientia,_aere_perennius
targeted_therapy	CTDC-PARTICIPANT-219666	CTDC-TARGETED-THERAPY-363423	nascentes_morimur_finisque_ab_origine_pendet	Macte_animo_Generose_puer_sic_itur_ad_astra	damnant_quod_non_intellegunt	scientiae_cedit_mare	688	183	Progressive Disease	sapiens_qui_prospicit
targeted_therapy	CTDC-PARTICIPANT-219666	CTDC-TARGETED-THERAPY-676920	a_bene_placito	scientia_et_sapientia	scientia_et_labor	scientia_et_sapientia	379	114	Partial Response	Macte_animo_Generose_puer_sic_itur_ad_astra
targeted_therapy	CTDC-PARTICIPANT-591224	CTDC-TARGETED-THERAPY-693195	scientia_et_labor	Macte_animo_Generose_puer_sic_itur_ad_astra	Macte_animo_Generose_puer_sic_itur_ad_astra	scientia,_aere_perennius	143	994	Unknown	sapiens_qui_prospicit
targeted_therapy	CTDC-PARTICIPANT-591224	CTDC-TARGETED-THERAPY-826478	scientia_et_sapientia	scientia_et_labor	scientia_imperii_decus_et_tutamen	scientiae_cedit_mare	550	397	Progressive Disease	imperium_in_imperio
targeted_therapy	CTDC-PARTICIPANT-260523	CTDC-TARGETED-THERAPY-287688	nanos_gigantum_humeris_insidentes	faber_est_suae_quisque_fortunae	scientiae_cedit_mare	labor_ipse_voluptas	642	349	Not Evaluable	damnant_quod_non_intellegunt
targeted_therapy	CTDC-PARTICIPANT-260523	CTDC-TARGETED-THERAPY-179187	O_Tite_tute_Tati_tibi_tanta_tyranne_tulisti	a_bene_placito	scientiae_cedit_mare	labor_ipse_voluptas	499	45	Not Evaluable	faber_est_suae_quisque_fortunae
targeted_therapy	CTDC-PARTICIPANT-697627	CTDC-TARGETED-THERAPY-990523	nanos_gigantum_humeris_insidentes	scientiae_cedit_mare	a_bene_placito	O_Tite_tute_Tati_tibi_tanta_tyranne_tulisti	45	109	Less than partial response	O_Tite_tute_Tati_tibi_tanta_tyranne_tulisti
targeted_therapy	CTDC-PARTICIPANT-697627	CTDC-TARGETED-THERAPY-968891	imperium_in_imperio	labor_ipse_voluptas	nanos_gigantum_humeris_insidentes	O_Tite_tute_Tati_tibi_tanta_tyranne_tulisti	121	379	Stable Disease	e_causa_ignota
targeted_therapy	CTDC-PARTICIPANT-221730	CTDC-TARGETED-THERAPY-100306	saltus_in_demonstrando	faber_est_suae_quisque_fortunae	Obedientia_civium_urbis_felicitas	O_Tite_tute_Tati_tibi_tanta_tyranne_tulisti	442	720	Progressive Disease	e_causa_ignota
targeted_therapy	CTDC-PARTICIPANT-221730	CTDC-TARGETED-THERAPY-373471	sapiens_qui_prospicit	scientia_et_sapientia	Macte_animo_Generose_puer_sic_itur_ad_astra	barba_crescit_caput_nescit	989	63	Complete Response	scientiae_cedit_mare
targeted_therapy	CTDC-PARTICIPANT-412746	CTDC-TARGETED-THERAPY-369143	a_bene_placito	a_bene_placito	Obedientia_civium_urbis_felicitas	Obedientia_civium_urbis_felicitas	417	364	Progressive Disease	labor_ipse_voluptas
targeted_therapy	CTDC-PARTICIPANT-412746	CTDC-TARGETED-THERAPY-358320	saltus_in_demonstrando	damnant_quod_non_intellegunt	nascentes_morimur_finisque_ab_origine_pendet	scientia_et_labor	735	67	Partial Response	Obedientia_civium_urbis_felicitas
targeted_therapy	CTDC-PARTICIPANT-624107	CTDC-TARGETED-THERAPY-194227	Gallia_est_omnis_divisa_in_partes_tres	scientia_et_sapientia	barba_crescit_caput_nescit	imperium_in_imperio	226	654	Unknown	Macte_animo_Generose_puer_sic_itur_ad_astra
targeted_therapy	CTDC-PARTICIPANT-624107	CTDC-TARGETED-THERAPY-952184	e_causa_ignota	scientia,_aere_perennius	a_bene_placito	faber_est_suae_quisque_fortunae	906	647	Stable Disease	Macte_animo_Generose_puer_sic_itur_ad_astra
targeted_therapy	CTDC-PARTICIPANT-779742	CTDC-TARGETED-THERAPY-804431	salus_in_arduis	O_Tite_tute_Tati_tibi_tanta_tyranne_tulisti	pace_tua	e_causa_ignota	76	150	Stable Disease	damnant_quod_non_intellegunt
targeted_therapy	CTDC-PARTICIPANT-779742	CTDC-TARGETED-THERAPY-934775	scientia_imperii_decus_et_tutamen	scientiae_cedit_mare	a_bene_placito	imperium_in_imperio	74	422	Stable Disease	Obedientia_civium_urbis_felicitas
targeted_therapy	CTDC-PARTICIPANT-873770	CTDC-TARGETED-THERAPY-319927	Obedientia_civium_urbis_felicitas	nascentes_morimur_finisque_ab_origine_pendet	scientia_et_sapientia	cacatum_non_est_pictum	242	15	Too Early	scientia,_aere_perennius
targeted_therapy	CTDC-PARTICIPANT-873770	CTDC-TARGETED-THERAPY-447859	pace_tua	nanos_gigantum_humeris_insidentes	labor_ipse_voluptas	damnant_quod_non_intellegunt	981	644	Progressive Disease	Obedientia_civium_urbis_felicitas
targeted_therapy	CTDC-PARTICIPANT-471487	CTDC-TARGETED-THERAPY-701634	nascentes_morimur_finisque_ab_origine_pendet	O_Tite_tute_Tati_tibi_tanta_tyranne_tulisti	nascentes_morimur_finisque_ab_origine_pendet	scientia_et_sapientia	819	788	Stable Disease	faber_est_suae_quisque_fortunae
targeted_therapy	CTDC-PARTICIPANT-471487	CTDC-TARGETED-THERAPY-985815	sapiens_qui_prospicit	scientia,_aere_perennius	nascentes_morimur_finisque_ab_origine_pendet	imperium_in_imperio	265	368	Not Assessed	faber_est_suae_quisque_fortunae
targeted_therapy	CTDC-PARTICIPANT-241440	CTDC-TARGETED-THERAPY-451330	scientia_et_labor	haec_olim_meminisse_iuvabit	scientia_et_sapientia	cacatum_non_est_pictum	602	893	Progressive Disease	id_quod_plerumque_accidit
targeted_therapy	CTDC-PARTICIPANT-241440	CTDC-TARGETED-THERAPY-524965	scientiae_et_patriae	damnant_quod_non_intellegunt	pace_tua	Gallia_est_omnis_divisa_in_partes_tres	757	197	Not Assessed	salus_in_arduis
targeted_therapy	CTDC-PARTICIPANT-575132	CTDC-TARGETED-THERAPY-329534	nanos_gigantum_humeris_insidentes	Gallia_est_omnis_divisa_in_partes_tres	barba_crescit_caput_nescit	scientia,_aere_perennius	885	117	Partial Response	saltus_in_demonstrando
targeted_therapy	CTDC-PARTICIPANT-575132	CTDC-TARGETED-THERAPY-721525	barba_crescit_caput_nescit	scientia_et_labor	salus_in_arduis	scientia_et_sapientia	392	791	Unknown	scientia_et_sapientia
targeted_therapy	CTDC-PARTICIPANT-873739	CTDC-TARGETED-THERAPY-727716	faber_est_suae_quisque_fortunae	Macte_animo_Generose_puer_sic_itur_ad_astra	damnant_quod_non_intellegunt	scientiae_cedit_mare	268	541	Not Evaluable	nanos_gigantum_humeris_insidentes
targeted_therapy	CTDC-PARTICIPANT-873739	CTDC-TARGETED-THERAPY-403401	scientiae_cedit_mare	scientia_et_sapientia	Macte_animo_Generose_puer_sic_itur_ad_astra	e_causa_ignota	872	708	Partial Response	haec_olim_meminisse_iuvabit
targeted_therapy	CTDC-PARTICIPANT-763429	CTDC-TARGETED-THERAPY-513349	labor_ipse_voluptas	sapiens_qui_prospicit	scientia,_aere_perennius	faber_est_suae_quisque_fortunae	758	663	Complete Response	labor_ipse_voluptas
targeted_therapy	CTDC-PARTICIPANT-763429	CTDC-TARGETED-THERAPY-187493	nanos_gigantum_humeris_insidentes	barba_crescit_caput_nescit	scientiae_cedit_mare	sapiens_qui_prospicit	252	483	Partial Response	Obedientia_civium_urbis_felicitas
targeted_therapy	CTDC-PARTICIPANT-206820	CTDC-TARGETED-THERAPY-658456	Macte_animo_Generose_puer_sic_itur_ad_astra	imperium_in_imperio	scientia_et_labor	nascentes_morimur_finisque_ab_origine_pendet	184	406	Not Assessed	id_quod_plerumque_accidit
targeted_therapy	CTDC-PARTICIPANT-206820	CTDC-TARGETED-THERAPY-903756	scientia,_aere_perennius	faber_est_suae_quisque_fortunae	nanos_gigantum_humeris_insidentes	imperium_in_imperio	532	829	Less than partial response	labor_ipse_voluptas
targeted_therapy	CTDC-PARTICIPANT-797414	CTDC-TARGETED-THERAPY-766211	scientia_imperii_decus_et_tutamen	pace_tua	a_bene_placito	scientia_et_sapientia	347	464	Stable Disease	salus_in_arduis
targeted_therapy	CTDC-PARTICIPANT-797414	CTDC-TARGETED-THERAPY-522795	e_causa_ignota	imperium_in_imperio	scientia_imperii_decus_et_tutamen	saltus_in_demonstrando	737	683	Less than partial response	scientia_et_labor
targeted_therapy	CTDC-PARTICIPANT-344803	CTDC-TARGETED-THERAPY-985414	scientia_et_sapientia	faber_est_suae_quisque_fortunae	scientia,_aere_perennius	cacatum_non_est_pictum	827	872	Too Early	labor_ipse_voluptas
targeted_therapy	CTDC-PARTICIPANT-344803	CTDC-TARGETED-THERAPY-355018	sapiens_qui_prospicit	O_Tite_tute_Tati_tibi_tanta_tyranne_tulisti	saltus_in_demonstrando	scientiae_et_patriae	482	599	Not Evaluable	cacatum_non_est_pictum
targeted_therapy	CTDC-PARTICIPANT-590375	CTDC-TARGETED-THERAPY-718101	Obedientia_civium_urbis_felicitas	a_bene_placito	imperium_in_imperio	e_causa_ignota	479	52	Not Assessed	damnant_quod_non_intellegunt
targeted_therapy	CTDC-PARTICIPANT-590375	CTDC-TARGETED-THERAPY-403998	scientiae_cedit_mare	cacatum_non_est_pictum	faber_est_suae_quisque_fortunae	nascentes_morimur_finisque_ab_origine_pendet	267	565	Not Assessed	barba_crescit_caput_nescit
targeted_therapy	CTDC-PARTICIPANT-374155	CTDC-TARGETED-THERAPY-583026	nanos_gigantum_humeris_insidentes	barba_crescit_caput_nescit	Gallia_est_omnis_divisa_in_partes_tres	scientia_imperii_decus_et_tutamen	240	682	Not Evaluable	faber_est_suae_quisque_fortunae
targeted_therapy	CTDC-PARTICIPANT-374155	CTDC-TARGETED-THERAPY-738998	id_quod_plerumque_accidit	scientia_et_labor	damnant_quod_non_intellegunt	scientiae_cedit_mare	797	523	Stable Disease	Obedientia_civium_urbis_felicitas
targeted_therapy	CTDC-PARTICIPANT-976851	CTDC-TARGETED-THERAPY-599709	faber_est_suae_quisque_fortunae	id_quod_plerumque_accidit	faber_est_suae_quisque_fortunae	O_Tite_tute_Tati_tibi_tanta_tyranne_tulisti	33	52	Stable Disease	O_Tite_tute_Tati_tibi_tanta_tyranne_tulisti
targeted_therapy	CTDC-PARTICIPANT-976851	CTDC-TARGETED-THERAPY-276846	scientiae_cedit_mare	scientiae_cedit_mare	O_Tite_tute_Tati_tibi_tanta_tyranne_tulisti	O_Tite_tute_Tati_tibi_tanta_tyranne_tulisti	437	688	Progressive Disease	haec_olim_meminisse_iuvabit
targeted_therapy	CTDC-PARTICIPANT-332897	CTDC-TARGETED-THERAPY-318815	nanos_gigantum_humeris_insidentes	nanos_gigantum_humeris_insidentes	barba_crescit_caput_nescit	salus_in_arduis	326	775	Progressive Disease	Obedientia_civium_urbis_felicitas
targeted_therapy	CTDC-PARTICIPANT-332897	CTDC-TARGETED-THERAPY-220836	sapiens_qui_prospicit	scientiae_et_patriae	saltus_in_demonstrando	scientiae_et_patriae	393	705	Complete Response	Macte_animo_Generose_puer_sic_itur_ad_astra
targeted_therapy	CTDC-PARTICIPANT-775990	CTDC-TARGETED-THERAPY-995092	faber_est_suae_quisque_fortunae	saltus_in_demonstrando	imperium_in_imperio	a_bene_placito	189	516	Not Assessed	haec_olim_meminisse_iuvabit
targeted_therapy	CTDC-PARTICIPANT-775990	CTDC-TARGETED-THERAPY-393046	sapiens_qui_prospicit	Gallia_est_omnis_divisa_in_partes_tres	scientiae_et_patriae	haec_olim_meminisse_iuvabit	925	84	Complete Response	pace_tua
targeted_therapy	CTDC-PARTICIPANT-181071	CTDC-TARGETED-THERAPY-667003	scientia_imperii_decus_et_tutamen	saltus_in_demonstrando	scientia_et_labor	sapiens_qui_prospicit	812	831	Stable Disease	scientia,_aere_perennius
targeted_therapy	CTDC-PARTICIPANT-181071	CTDC-TARGETED-THERAPY-224833	scientiae_cedit_mare	saltus_in_demonstrando	pace_tua	Macte_animo_Generose_puer_sic_itur_ad_astra	761	41	Stable Disease	saltus_in_demonstrando
targeted_therapy	CTDC-PARTICIPANT-838837	CTDC-TARGETED-THERAPY-913047	saltus_in_demonstrando	pace_tua	labor_ipse_voluptas	imperium_in_imperio	705	655	Less than partial response	saltus_in_demonstrando
targeted_therapy	CTDC-PARTICIPANT-838837	CTDC-TARGETED-THERAPY-436089	scientia_imperii_decus_et_tutamen	Macte_animo_Generose_puer_sic_itur_ad_astra	damnant_quod_non_intellegunt	scientia_imperii_decus_et_tutamen	562	755	Progressive Disease	a_bene_placito
targeted_therapy	CTDC-PARTICIPANT-149013	CTDC-TARGETED-THERAPY-890797	salus_in_arduis	scientiae_et_patriae	damnant_quod_non_intellegunt	damnant_quod_non_intellegunt	114	218	Complete Response	O_Tite_tute_Tati_tibi_tanta_tyranne_tulisti
targeted_therapy	CTDC-PARTICIPANT-149013	CTDC-TARGETED-THERAPY-525043	scientia_et_labor	labor_ipse_voluptas	scientiae_cedit_mare	Macte_animo_Generose_puer_sic_itur_ad_astra	985	560	Not Assessed	O_Tite_tute_Tati_tibi_tanta_tyranne_tulisti
targeted_therapy	CTDC-PARTICIPANT-893210	CTDC-TARGETED-THERAPY-499226	O_Tite_tute_Tati_tibi_tanta_tyranne_tulisti	Macte_animo_Generose_puer_sic_itur_ad_astra	Obedientia_civium_urbis_felicitas	faber_est_suae_quisque_fortunae	271	609	Progressive Disease	sapiens_qui_prospicit
targeted_therapy	CTDC-PARTICIPANT-893210	CTDC-TARGETED-THERAPY-620834	saltus_in_demonstrando	scientia_imperii_decus_et_tutamen	labor_ipse_voluptas	Macte_animo_Generose_puer_sic_itur_ad_astra	166	371	Not Assessed	cacatum_non_est_pictum
targeted_therapy	CTDC-PARTICIPANT-291399	CTDC-TARGETED-THERAPY-729078	e_causa_ignota	scientiae_et_patriae	nascentes_morimur_finisque_ab_origine_pendet	saltus_in_demonstrando	665	660	Stable Disease	scientiae_cedit_mare
targeted_therapy	CTDC-PARTICIPANT-291399	CTDC-TARGETED-THERAPY-403064	O_Tite_tute_Tati_tibi_tanta_tyranne_tulisti	imperium_in_imperio	e_causa_ignota	haec_olim_meminisse_iuvabit	629	565	Partial Response	scientiae_cedit_mare
targeted_therapy	CTDC-PARTICIPANT-664268	CTDC-TARGETED-THERAPY-861062	scientia_et_labor	imperium_in_imperio	Gallia_est_omnis_divisa_in_partes_tres	sapiens_qui_prospicit	840	260	Not Assessed	damnant_quod_non_intellegunt
targeted_therapy	CTDC-PARTICIPANT-664268	CTDC-TARGETED-THERAPY-385412	cacatum_non_est_pictum	id_quod_plerumque_accidit	scientia_et_labor	Obedientia_civium_urbis_felicitas	745	146	Not Assessed	saltus_in_demonstrando
targeted_therapy	CTDC-PARTICIPANT-723698	CTDC-TARGETED-THERAPY-944356	pace_tua	imperium_in_imperio	scientia,_aere_perennius	haec_olim_meminisse_iuvabit	989	846	Partial Response	scientia,_aere_perennius
targeted_therapy	CTDC-PARTICIPANT-723698	CTDC-TARGETED-THERAPY-933865	nanos_gigantum_humeris_insidentes	faber_est_suae_quisque_fortunae	scientia,_aere_perennius	e_causa_ignota	223	109	Stable Disease	scientia,_aere_perennius
targeted_therapy	CTDC-PARTICIPANT-627524	CTDC-TARGETED-THERAPY-852037	cacatum_non_est_pictum	Obedientia_civium_urbis_felicitas	scientia_imperii_decus_et_tutamen	pace_tua	576	900	Less than partial response	scientia,_aere_perennius
targeted_therapy	CTDC-PARTICIPANT-627524	CTDC-TARGETED-THERAPY-168623	a_bene_placito	Gallia_est_omnis_divisa_in_partes_tres	O_Tite_tute_Tati_tibi_tanta_tyranne_tulisti	Gallia_est_omnis_divisa_in_partes_tres	306	130	Not Evaluable	saltus_in_demonstrando
targeted_therapy	CTDC-PARTICIPANT-755384	CTDC-TARGETED-THERAPY-302624	nascentes_morimur_finisque_ab_origine_pendet	Obedientia_civium_urbis_felicitas	scientia_imperii_decus_et_tutamen	nascentes_morimur_finisque_ab_origine_pendet	886	813	Stable Disease	id_quod_plerumque_accidit
targeted_therapy	CTDC-PARTICIPANT-755384	CTDC-TARGETED-THERAPY-854103	scientia_et_labor	imperium_in_imperio	labor_ipse_voluptas	id_quod_plerumque_accidit	214	247	Partial Response	cacatum_non_est_pictum
targeted_therapy	CTDC-PARTICIPANT-172709	CTDC-TARGETED-THERAPY-841232	labor_ipse_voluptas	a_bene_placito	Gallia_est_omnis_divisa_in_partes_tres	scientiae_cedit_mare	637	957	Not Assessed	haec_olim_meminisse_iuvabit
targeted_therapy	CTDC-PARTICIPANT-172709	CTDC-TARGETED-THERAPY-965499	barba_crescit_caput_nescit	O_Tite_tute_Tati_tibi_tanta_tyranne_tulisti	scientia_imperii_decus_et_tutamen	id_quod_plerumque_accidit	797	550	Too Early	a_bene_placito
targeted_therapy	CTDC-PARTICIPANT-241615	CTDC-TARGETED-THERAPY-822690	O_Tite_tute_Tati_tibi_tanta_tyranne_tulisti	nanos_gigantum_humeris_insidentes	salus_in_arduis	nanos_gigantum_humeris_insidentes	711	307	Less than partial response	e_causa_ignota
targeted_therapy	CTDC-PARTICIPANT-241615	CTDC-TARGETED-THERAPY-226890	pace_tua	cacatum_non_est_pictum	haec_olim_meminisse_iuvabit	nascentes_morimur_finisque_ab_origine_pendet	403	252	Too Early	damnant_quod_non_intellegunt
targeted_therapy	CTDC-PARTICIPANT-181206	CTDC-TARGETED-THERAPY-970704	Obedientia_civium_urbis_felicitas	haec_olim_meminisse_iuvabit	barba_crescit_caput_nescit	saltus_in_demonstrando	468	262	Progressive Disease	imperium_in_imperio
targeted_therapy	CTDC-PARTICIPANT-181206	CTDC-TARGETED-THERAPY-836357	scientia_et_sapientia	Obedientia_civium_urbis_felicitas	haec_olim_meminisse_iuvabit	damnant_quod_non_intellegunt	292	662	Less than partial response	sapiens_qui_prospicit
targeted_therapy	CTDC-PARTICIPANT-794084	CTDC-TARGETED-THERAPY-629004	faber_est_suae_quisque_fortunae	saltus_in_demonstrando	id_quod_plerumque_accidit	labor_ipse_voluptas	30	246	Unknown	saltus_in_demonstrando
targeted_therapy	CTDC-PARTICIPANT-794084	CTDC-TARGETED-THERAPY-632903	Obedientia_civium_urbis_felicitas	faber_est_suae_quisque_fortunae	cacatum_non_est_pictum	id_quod_plerumque_accidit	573	104	Unknown	haec_olim_meminisse_iuvabit
targeted_therapy	CTDC-PARTICIPANT-527590	CTDC-TARGETED-THERAPY-201754	nascentes_morimur_finisque_ab_origine_pendet	scientia_et_labor	scientia_imperii_decus_et_tutamen	saltus_in_demonstrando	438	851	Partial Response	e_causa_ignota
targeted_therapy	CTDC-PARTICIPANT-527590	CTDC-TARGETED-THERAPY-149480	scientia_et_sapientia	nascentes_morimur_finisque_ab_origine_pendet	haec_olim_meminisse_iuvabit	scientia_et_labor	27	39	Complete Response	barba_crescit_caput_nescit
targeted_therapy	CTDC-PARTICIPANT-903832	CTDC-TARGETED-THERAPY-428436	e_causa_ignota	Gallia_est_omnis_divisa_in_partes_tres	e_causa_ignota	O_Tite_tute_Tati_tibi_tanta_tyranne_tulisti	983	988	Stable Disease	labor_ipse_voluptas
targeted_therapy	CTDC-PARTICIPANT-903832	CTDC-TARGETED-THERAPY-391199	scientia,_aere_perennius	e_causa_ignota	e_causa_ignota	scientia_imperii_decus_et_tutamen	346	677	Progressive Disease	id_quod_plerumque_accidit
targeted_therapy	CTDC-PARTICIPANT-617726	CTDC-TARGETED-THERAPY-450620	a_bene_placito	scientiae_et_patriae	scientia_et_sapientia	barba_crescit_caput_nescit	258	497	Not Assessed	damnant_quod_non_intellegunt
targeted_therapy	CTDC-PARTICIPANT-617726	CTDC-TARGETED-THERAPY-699614	labor_ipse_voluptas	sapiens_qui_prospicit	barba_crescit_caput_nescit	salus_in_arduis	591	548	Complete Response	damnant_quod_non_intellegunt
targeted_therapy	CTDC-PARTICIPANT-417908	CTDC-TARGETED-THERAPY-530838	barba_crescit_caput_nescit	a_bene_placito	imperium_in_imperio	Obedientia_civium_urbis_felicitas	210	685	Not Assessed	faber_est_suae_quisque_fortunae
targeted_therapy	CTDC-PARTICIPANT-417908	CTDC-TARGETED-THERAPY-169305	scientiae_et_patriae	imperium_in_imperio	scientia_et_labor	nascentes_morimur_finisque_ab_origine_pendet	379	824	Stable Disease	haec_olim_meminisse_iuvabit
targeted_therapy	CTDC-PARTICIPANT-573652	CTDC-TARGETED-THERAPY-907557	damnant_quod_non_intellegunt	haec_olim_meminisse_iuvabit	scientia,_aere_perennius	scientiae_cedit_mare	873	914	Complete Response	saltus_in_demonstrando
targeted_therapy	CTDC-PARTICIPANT-573652	CTDC-TARGETED-THERAPY-147563	scientia_et_labor	pace_tua	Gallia_est_omnis_divisa_in_partes_tres	nascentes_morimur_finisque_ab_origine_pendet	871	602	Not Assessed	sapiens_qui_prospicit
targeted_therapy	CTDC-PARTICIPANT-756028	CTDC-TARGETED-THERAPY-152810	nascentes_morimur_finisque_ab_origine_pendet	O_Tite_tute_Tati_tibi_tanta_tyranne_tulisti	e_causa_ignota	Macte_animo_Generose_puer_sic_itur_ad_astra	270	509	Not Evaluable	saltus_in_demonstrando
targeted_therapy	CTDC-PARTICIPANT-756028	CTDC-TARGETED-THERAPY-605561	damnant_quod_non_intellegunt	salus_in_arduis	labor_ipse_voluptas	scientia,_aere_perennius	847	945	Progressive Disease	saltus_in_demonstrando
targeted_therapy	CTDC-PARTICIPANT-145487	CTDC-TARGETED-THERAPY-946679	e_causa_ignota	faber_est_suae_quisque_fortunae	Gallia_est_omnis_divisa_in_partes_tres	scientiae_et_patriae	342	669	Complete Response	O_Tite_tute_Tati_tibi_tanta_tyranne_tulisti
targeted_therapy	CTDC-PARTICIPANT-145487	CTDC-TARGETED-THERAPY-871061	saltus_in_demonstrando	barba_crescit_caput_nescit	saltus_in_demonstrando	scientia_imperii_decus_et_tutamen	636	739	Not Evaluable	Macte_animo_Generose_puer_sic_itur_ad_astra
targeted_therapy	CTDC-PARTICIPANT-300101	CTDC-TARGETED-THERAPY-392570	haec_olim_meminisse_iuvabit	scientia_imperii_decus_et_tutamen	pace_tua	scientia,_aere_perennius	233	149	Not Evaluable	id_quod_plerumque_accidit
targeted_therapy	CTDC-PARTICIPANT-300101	CTDC-TARGETED-THERAPY-868927	scientiae_et_patriae	id_quod_plerumque_accidit	faber_est_suae_quisque_fortunae	scientia,_aere_perennius	285	897	Partial Response	faber_est_suae_quisque_fortunae
targeted_therapy	CTDC-PARTICIPANT-868867	CTDC-TARGETED-THERAPY-845944	a_bene_placito	labor_ipse_voluptas	barba_crescit_caput_nescit	salus_in_arduis	427	892	Progressive Disease	id_quod_plerumque_accidit
targeted_therapy	CTDC-PARTICIPANT-868867	CTDC-TARGETED-THERAPY-777928	sapiens_qui_prospicit	Obedientia_civium_urbis_felicitas	a_bene_placito	scientiae_cedit_mare	172	806	Unknown	Macte_animo_Generose_puer_sic_itur_ad_astra
targeted_therapy	CTDC-PARTICIPANT-246582	CTDC-TARGETED-THERAPY-884527	e_causa_ignota	faber_est_suae_quisque_fortunae	scientia_et_sapientia	imperium_in_imperio	589	402	Partial Response	a_bene_placito
targeted_therapy	CTDC-PARTICIPANT-246582	CTDC-TARGETED-THERAPY-258746	labor_ipse_voluptas	haec_olim_meminisse_iuvabit	scientiae_et_patriae	scientiae_et_patriae	98	478	Not Assessed	saltus_in_demonstrando
targeted_therapy	CTDC-PARTICIPANT-193517	CTDC-TARGETED-THERAPY-382730	Gallia_est_omnis_divisa_in_partes_tres	a_bene_placito	faber_est_suae_quisque_fortunae	haec_olim_meminisse_iuvabit	819	901	Not Assessed	scientiae_et_patriae
targeted_therapy	CTDC-PARTICIPANT-193517	CTDC-TARGETED-THERAPY-467744	nascentes_morimur_finisque_ab_origine_pendet	sapiens_qui_prospicit	faber_est_suae_quisque_fortunae	haec_olim_meminisse_iuvabit	99	686	Too Early	Gallia_est_omnis_divisa_in_partes_tres
targeted_therapy	CTDC-PARTICIPANT-730791	CTDC-TARGETED-THERAPY-972543	nanos_gigantum_humeris_insidentes	sapiens_qui_prospicit	damnant_quod_non_intellegunt	pace_tua	718	600	Partial Response	cacatum_non_est_pictum
targeted_therapy	CTDC-PARTICIPANT-730791	CTDC-TARGETED-THERAPY-906549	barba_crescit_caput_nescit	faber_est_suae_quisque_fortunae	scientia_imperii_decus_et_tutamen	Macte_animo_Generose_puer_sic_itur_ad_astra	500	331	Unknown	barba_crescit_caput_nescit
targeted_therapy	CTDC-PARTICIPANT-245717	CTDC-TARGETED-THERAPY-331562	scientiae_et_patriae	e_causa_ignota	saltus_in_demonstrando	scientia_imperii_decus_et_tutamen	653	899	Not Evaluable	scientiae_et_patriae
targeted_therapy	CTDC-PARTICIPANT-245717	CTDC-TARGETED-THERAPY-144263	Macte_animo_Generose_puer_sic_itur_ad_astra	scientia_imperii_decus_et_tutamen	scientia_et_sapientia	Gallia_est_omnis_divisa_in_partes_tres	698	712	Not Assessed	saltus_in_demonstrando
targeted_therapy	CTDC-PARTICIPANT-144381	CTDC-TARGETED-THERAPY-998297	salus_in_arduis	nanos_gigantum_humeris_insidentes	nanos_gigantum_humeris_insidentes	a_bene_placito	681	644	Too Early	e_causa_ignota
targeted_therapy	CTDC-PARTICIPANT-144381	CTDC-TARGETED-THERAPY-281434	O_Tite_tute_Tati_tibi_tanta_tyranne_tulisti	scientia,_aere_perennius	Obedientia_civium_urbis_felicitas	scientiae_et_patriae	136	341	Less than partial response	pace_tua
targeted_therapy	CTDC-PARTICIPANT-615561	CTDC-TARGETED-THERAPY-258617	saltus_in_demonstrando	scientia_et_sapientia	damnant_quod_non_intellegunt	labor_ipse_voluptas	408	207	Partial Response	scientiae_cedit_mare
targeted_therapy	CTDC-PARTICIPANT-615561	CTDC-TARGETED-THERAPY-930279	cacatum_non_est_pictum	a_bene_placito	scientia_et_sapientia	salus_in_arduis	601	112	Less than partial response	scientia,_aere_perennius
targeted_therapy	CTDC-PARTICIPANT-903334	CTDC-TARGETED-THERAPY-731031	scientia_et_labor	scientiae_cedit_mare	faber_est_suae_quisque_fortunae	pace_tua	779	833	Progressive Disease	saltus_in_demonstrando
targeted_therapy	CTDC-PARTICIPANT-903334	CTDC-TARGETED-THERAPY-370376	haec_olim_meminisse_iuvabit	scientia_et_labor	imperium_in_imperio	id_quod_plerumque_accidit	912	102	Not Assessed	cacatum_non_est_pictum
targeted_therapy	CTDC-PARTICIPANT-168762	CTDC-TARGETED-THERAPY-706055	Gallia_est_omnis_divisa_in_partes_tres	e_causa_ignota	damnant_quod_non_intellegunt	a_bene_placito	201	905	Unknown	Obedientia_civium_urbis_felicitas
targeted_therapy	CTDC-PARTICIPANT-168762	CTDC-TARGETED-THERAPY-697893	Obedientia_civium_urbis_felicitas	Obedientia_civium_urbis_felicitas	Macte_animo_Generose_puer_sic_itur_ad_astra	sapiens_qui_prospicit	486	151	Progressive Disease	Gallia_est_omnis_divisa_in_partes_tres
targeted_therapy	CTDC-PARTICIPANT-511763	CTDC-TARGETED-THERAPY-138082	scientia_et_sapientia	scientiae_cedit_mare	scientiae_et_patriae	Macte_animo_Generose_puer_sic_itur_ad_astra	610	806	Stable Disease	nascentes_morimur_finisque_ab_origine_pendet
targeted_therapy	CTDC-PARTICIPANT-511763	CTDC-TARGETED-THERAPY-174933	cacatum_non_est_pictum	Obedientia_civium_urbis_felicitas	barba_crescit_caput_nescit	sapiens_qui_prospicit	767	335	Unknown	scientiae_et_patriae
targeted_therapy	CTDC-PARTICIPANT-943722	CTDC-TARGETED-THERAPY-873308	pace_tua	scientiae_et_patriae	nanos_gigantum_humeris_insidentes	id_quod_plerumque_accidit	473	979	Not Assessed	saltus_in_demonstrando
targeted_therapy	CTDC-PARTICIPANT-943722	CTDC-TARGETED-THERAPY-484089	scientiae_cedit_mare	scientiae_et_patriae	scientiae_cedit_mare	cacatum_non_est_pictum	18	338	Complete Response	pace_tua
targeted_therapy	CTDC-PARTICIPANT-119050	CTDC-TARGETED-THERAPY-487401	sapiens_qui_prospicit	imperium_in_imperio	saltus_in_demonstrando	scientia_imperii_decus_et_tutamen	491	776	Not Evaluable	pace_tua
targeted_therapy	CTDC-PARTICIPANT-119050	CTDC-TARGETED-THERAPY-735928	Macte_animo_Generose_puer_sic_itur_ad_astra	scientia_et_sapientia	labor_ipse_voluptas	nanos_gigantum_humeris_insidentes	766	1000	Too Early	cacatum_non_est_pictum
targeted_therapy	CTDC-PARTICIPANT-869188	CTDC-TARGETED-THERAPY-198623	imperium_in_imperio	scientia_et_labor	saltus_in_demonstrando	labor_ipse_voluptas	932	434	Complete Response	Macte_animo_Generose_puer_sic_itur_ad_astra
targeted_therapy	CTDC-PARTICIPANT-869188	CTDC-TARGETED-THERAPY-992216	a_bene_placito	O_Tite_tute_Tati_tibi_tanta_tyranne_tulisti	imperium_in_imperio	nanos_gigantum_humeris_insidentes	376	663	Stable Disease	Obedientia_civium_urbis_felicitas
targeted_therapy	CTDC-PARTICIPANT-733770	CTDC-TARGETED-THERAPY-140442	haec_olim_meminisse_iuvabit	saltus_in_demonstrando	damnant_quod_non_intellegunt	pace_tua	298	579	Not Evaluable	scientia_imperii_decus_et_tutamen
targeted_therapy	CTDC-PARTICIPANT-733770	CTDC-TARGETED-THERAPY-685861	nanos_gigantum_humeris_insidentes	damnant_quod_non_intellegunt	O_Tite_tute_Tati_tibi_tanta_tyranne_tulisti	cacatum_non_est_pictum	384	148	Not Assessed	barba_crescit_caput_nescit
targeted_therapy	CTDC-PARTICIPANT-117926	CTDC-TARGETED-THERAPY-301888	O_Tite_tute_Tati_tibi_tanta_tyranne_tulisti	O_Tite_tute_Tati_tibi_tanta_tyranne_tulisti	cacatum_non_est_pictum	scientia,_aere_perennius	54	751	Not Evaluable	haec_olim_meminisse_iuvabit
targeted_therapy	CTDC-PARTICIPANT-117926	CTDC-TARGETED-THERAPY-100966	scientia,_aere_perennius	faber_est_suae_quisque_fortunae	pace_tua	O_Tite_tute_Tati_tibi_tanta_tyranne_tulisti	523	156	Unknown	scientia_et_sapientia
targeted_therapy	CTDC-PARTICIPANT-910438	CTDC-TARGETED-THERAPY-550377	damnant_quod_non_intellegunt	haec_olim_meminisse_iuvabit	scientia_imperii_decus_et_tutamen	barba_crescit_caput_nescit	417	781	Unknown	scientia_imperii_decus_et_tutamen
targeted_therapy	CTDC-PARTICIPANT-910438	CTDC-TARGETED-THERAPY-423664	Obedientia_civium_urbis_felicitas	saltus_in_demonstrando	scientia_et_sapientia	damnant_quod_non_intellegunt	269	810	Partial Response	salus_in_arduis
targeted_therapy	CTDC-PARTICIPANT-556810	CTDC-TARGETED-THERAPY-649559	haec_olim_meminisse_iuvabit	nascentes_morimur_finisque_ab_origine_pendet	id_quod_plerumque_accidit	pace_tua	666	436	Not Evaluable	a_bene_placito
targeted_therapy	CTDC-PARTICIPANT-556810	CTDC-TARGETED-THERAPY-599737	id_quod_plerumque_accidit	faber_est_suae_quisque_fortunae	a_bene_placito	Macte_animo_Generose_puer_sic_itur_ad_astra	954	841	Partial Response	scientia_et_sapientia
targeted_therapy	CTDC-PARTICIPANT-532435	CTDC-TARGETED-THERAPY-172108	scientiae_cedit_mare	scientiae_cedit_mare	faber_est_suae_quisque_fortunae	faber_est_suae_quisque_fortunae	41	685	Not Evaluable	scientiae_et_patriae
targeted_therapy	CTDC-PARTICIPANT-532435	CTDC-TARGETED-THERAPY-307747	O_Tite_tute_Tati_tibi_tanta_tyranne_tulisti	Obedientia_civium_urbis_felicitas	e_causa_ignota	damnant_quod_non_intellegunt	831	232	Partial Response	scientiae_cedit_mare
targeted_therapy	CTDC-PARTICIPANT-122581	CTDC-TARGETED-THERAPY-462814	sapiens_qui_prospicit	id_quod_plerumque_accidit	Gallia_est_omnis_divisa_in_partes_tres	id_quod_plerumque_accidit	106	801	Not Assessed	saltus_in_demonstrando
targeted_therapy	CTDC-PARTICIPANT-122581	CTDC-TARGETED-THERAPY-517628	imperium_in_imperio	imperium_in_imperio	scientia_et_labor	nascentes_morimur_finisque_ab_origine_pendet	980	440	Partial Response	faber_est_suae_quisque_fortunae
targeted_therapy	CTDC-PARTICIPANT-644940	CTDC-TARGETED-THERAPY-998797	scientiae_cedit_mare	scientia_et_sapientia	pace_tua	labor_ipse_voluptas	743	646	Less than partial response	sapiens_qui_prospicit
targeted_therapy	CTDC-PARTICIPANT-644940	CTDC-TARGETED-THERAPY-716793	scientia_et_labor	nascentes_morimur_finisque_ab_origine_pendet	saltus_in_demonstrando	id_quod_plerumque_accidit	737	517	Not Assessed	salus_in_arduis
targeted_therapy	CTDC-PARTICIPANT-858046	CTDC-TARGETED-THERAPY-370453	scientia_imperii_decus_et_tutamen	nascentes_morimur_finisque_ab_origine_pendet	labor_ipse_voluptas	Obedientia_civium_urbis_felicitas	139	948	Stable Disease	nascentes_morimur_finisque_ab_origine_pendet
targeted_therapy	CTDC-PARTICIPANT-858046	CTDC-TARGETED-THERAPY-656038	barba_crescit_caput_nescit	Macte_animo_Generose_puer_sic_itur_ad_astra	labor_ipse_voluptas	scientiae_et_patriae	261	952	Not Evaluable	cacatum_non_est_pictum
targeted_therapy	CTDC-PARTICIPANT-931464	CTDC-TARGETED-THERAPY-288995	faber_est_suae_quisque_fortunae	haec_olim_meminisse_iuvabit	scientia_et_sapientia	sapiens_qui_prospicit	725	367	Unknown	a_bene_placito
targeted_therapy	CTDC-PARTICIPANT-931464	CTDC-TARGETED-THERAPY-515705	haec_olim_meminisse_iuvabit	haec_olim_meminisse_iuvabit	sapiens_qui_prospicit	Gallia_est_omnis_divisa_in_partes_tres	331	713	Not Evaluable	barba_crescit_caput_nescit
targeted_therapy	CTDC-PARTICIPANT-569880	CTDC-TARGETED-THERAPY-552540	scientia_et_labor	sapiens_qui_prospicit	scientiae_cedit_mare	scientia_et_labor	936	67	Not Evaluable	scientia_et_labor
targeted_therapy	CTDC-PARTICIPANT-569880	CTDC-TARGETED-THERAPY-876192	O_Tite_tute_Tati_tibi_tanta_tyranne_tulisti	scientia_et_sapientia	labor_ipse_voluptas	a_bene_placito	345	692	Unknown	barba_crescit_caput_nescit
targeted_therapy	CTDC-PARTICIPANT-148831	CTDC-TARGETED-THERAPY-218275	damnant_quod_non_intellegunt	faber_est_suae_quisque_fortunae	salus_in_arduis	scientiae_et_patriae	130	985	Partial Response	scientia_et_sapientia
targeted_therapy	CTDC-PARTICIPANT-148831	CTDC-TARGETED-THERAPY-593929	scientia_imperii_decus_et_tutamen	sapiens_qui_prospicit	Gallia_est_omnis_divisa_in_partes_tres	scientiae_et_patriae	711	836	Not Assessed	haec_olim_meminisse_iuvabit
targeted_therapy	CTDC-PARTICIPANT-975244	CTDC-TARGETED-THERAPY-278402	id_quod_plerumque_accidit	scientia_et_sapientia	scientia,_aere_perennius	Obedientia_civium_urbis_felicitas	949	925	Less than partial response	saltus_in_demonstrando
targeted_therapy	CTDC-PARTICIPANT-975244	CTDC-TARGETED-THERAPY-642952	scientia_et_sapientia	faber_est_suae_quisque_fortunae	a_bene_placito	id_quod_plerumque_accidit	780	248	Not Assessed	O_Tite_tute_Tati_tibi_tanta_tyranne_tulisti
targeted_therapy	CTDC-PARTICIPANT-570320	CTDC-TARGETED-THERAPY-152653	a_bene_placito	scientia_et_labor	id_quod_plerumque_accidit	nanos_gigantum_humeris_insidentes	702	864	Not Assessed	Macte_animo_Generose_puer_sic_itur_ad_astra
targeted_therapy	CTDC-PARTICIPANT-570320	CTDC-TARGETED-THERAPY-532213	nascentes_morimur_finisque_ab_origine_pendet	barba_crescit_caput_nescit	cacatum_non_est_pictum	Obedientia_civium_urbis_felicitas	937	946	Less than partial response	e_causa_ignota
targeted_therapy	CTDC-PARTICIPANT-541078	CTDC-TARGETED-THERAPY-913857	faber_est_suae_quisque_fortunae	barba_crescit_caput_nescit	nascentes_morimur_finisque_ab_origine_pendet	O_Tite_tute_Tati_tibi_tanta_tyranne_tulisti	179	471	Partial Response	a_bene_placito
targeted_therapy	CTDC-PARTICIPANT-541078	CTDC-TARGETED-THERAPY-254681	id_quod_plerumque_accidit	nanos_gigantum_humeris_insidentes	Obedientia_civium_urbis_felicitas	scientia,_aere_perennius	785	214	Less than partial response	Gallia_est_omnis_divisa_in_partes_tres
targeted_therapy	CTDC-PARTICIPANT-468519	CTDC-TARGETED-THERAPY-365904	imperium_in_imperio	scientia,_aere_perennius	sapiens_qui_prospicit	imperium_in_imperio	408	86	Partial Response	saltus_in_demonstrando
targeted_therapy	CTDC-PARTICIPANT-468519	CTDC-TARGETED-THERAPY-951719	scientiae_cedit_mare	Macte_animo_Generose_puer_sic_itur_ad_astra	imperium_in_imperio	nascentes_morimur_finisque_ab_origine_pendet	868	781	Not Assessed	nascentes_morimur_finisque_ab_origine_pendet
targeted_therapy	CTDC-PARTICIPANT-480884	CTDC-TARGETED-THERAPY-288313	labor_ipse_voluptas	scientiae_cedit_mare	e_causa_ignota	Gallia_est_omnis_divisa_in_partes_tres	615	762	Not Evaluable	Obedientia_civium_urbis_felicitas
targeted_therapy	CTDC-PARTICIPANT-480884	CTDC-TARGETED-THERAPY-133259	Gallia_est_omnis_divisa_in_partes_tres	O_Tite_tute_Tati_tibi_tanta_tyranne_tulisti	haec_olim_meminisse_iuvabit	Obedientia_civium_urbis_felicitas	476	896	Unknown	a_bene_placito
targeted_therapy	CTDC-PARTICIPANT-479769	CTDC-TARGETED-THERAPY-777408	sapiens_qui_prospicit	O_Tite_tute_Tati_tibi_tanta_tyranne_tulisti	id_quod_plerumque_accidit	labor_ipse_voluptas	405	571	Not Assessed	pace_tua
targeted_therapy	CTDC-PARTICIPANT-479769	CTDC-TARGETED-THERAPY-149249	sapiens_qui_prospicit	Obedientia_civium_urbis_felicitas	O_Tite_tute_Tati_tibi_tanta_tyranne_tulisti	scientiae_cedit_mare	149	924	Partial Response	nanos_gigantum_humeris_insidentes
targeted_therapy	CTDC-PARTICIPANT-776559	CTDC-TARGETED-THERAPY-635339	labor_ipse_voluptas	Obedientia_civium_urbis_felicitas	scientia_imperii_decus_et_tutamen	imperium_in_imperio	976	600	Too Early	scientiae_et_patriae
targeted_therapy	CTDC-PARTICIPANT-776559	CTDC-TARGETED-THERAPY-857648	Obedientia_civium_urbis_felicitas	Macte_animo_Generose_puer_sic_itur_ad_astra	pace_tua	cacatum_non_est_pictum	779	795	Stable Disease	Gallia_est_omnis_divisa_in_partes_tres
targeted_therapy	CTDC-PARTICIPANT-722812	CTDC-TARGETED-THERAPY-376858	scientiae_et_patriae	scientiae_et_patriae	Macte_animo_Generose_puer_sic_itur_ad_astra	barba_crescit_caput_nescit	815	895	Too Early	labor_ipse_voluptas
targeted_therapy	CTDC-PARTICIPANT-722812	CTDC-TARGETED-THERAPY-792360	Macte_animo_Generose_puer_sic_itur_ad_astra	scientiae_cedit_mare	a_bene_placito	scientia_imperii_decus_et_tutamen	728	896	Complete Response	salus_in_arduis
targeted_therapy	CTDC-PARTICIPANT-144749	CTDC-TARGETED-THERAPY-450685	salus_in_arduis	a_bene_placito	nanos_gigantum_humeris_insidentes	scientia,_aere_perennius	844	978	Less than partial response	nascentes_morimur_finisque_ab_origine_pendet
targeted_therapy	CTDC-PARTICIPANT-144749	CTDC-TARGETED-THERAPY-853885	scientia_et_sapientia	nascentes_morimur_finisque_ab_origine_pendet	damnant_quod_non_intellegunt	scientia,_aere_perennius	270	775	Too Early	faber_est_suae_quisque_fortunae
targeted_therapy	CTDC-PARTICIPANT-509623	CTDC-TARGETED-THERAPY-177374	pace_tua	scientiae_et_patriae	id_quod_plerumque_accidit	Macte_animo_Generose_puer_sic_itur_ad_astra	96	684	Less than partial response	saltus_in_demonstrando
targeted_therapy	CTDC-PARTICIPANT-509623	CTDC-TARGETED-THERAPY-285901	damnant_quod_non_intellegunt	barba_crescit_caput_nescit	imperium_in_imperio	Macte_animo_Generose_puer_sic_itur_ad_astra	81	907	Complete Response	scientiae_et_patriae
targeted_therapy	CTDC-PARTICIPANT-178770	CTDC-TARGETED-THERAPY-949038	salus_in_arduis	a_bene_placito	Macte_animo_Generose_puer_sic_itur_ad_astra	sapiens_qui_prospicit	671	812	Progressive Disease	cacatum_non_est_pictum
targeted_therapy	CTDC-PARTICIPANT-178770	CTDC-TARGETED-THERAPY-732993	id_quod_plerumque_accidit	id_quod_plerumque_accidit	imperium_in_imperio	scientiae_cedit_mare	298	262	Complete Response	imperium_in_imperio
targeted_therapy	CTDC-PARTICIPANT-880097	CTDC-TARGETED-THERAPY-702999	e_causa_ignota	scientiae_cedit_mare	a_bene_placito	Macte_animo_Generose_puer_sic_itur_ad_astra	988	86	Less than partial response	scientia,_aere_perennius
targeted_therapy	CTDC-PARTICIPANT-880097	CTDC-TARGETED-THERAPY-159435	imperium_in_imperio	Gallia_est_omnis_divisa_in_partes_tres	Macte_animo_Generose_puer_sic_itur_ad_astra	id_quod_plerumque_accidit	400	101	Too Early	Macte_animo_Generose_puer_sic_itur_ad_astra
targeted_therapy	CTDC-PARTICIPANT-578590	CTDC-TARGETED-THERAPY-257903	sapiens_qui_prospicit	scientiae_cedit_mare	Obedientia_civium_urbis_felicitas	scientia_imperii_decus_et_tutamen	687	565	Too Early	haec_olim_meminisse_iuvabit
targeted_therapy	CTDC-PARTICIPANT-578590	CTDC-TARGETED-THERAPY-203463	scientia_et_labor	damnant_quod_non_intellegunt	Obedientia_civium_urbis_felicitas	cacatum_non_est_pictum	202	348	Progressive Disease	Macte_animo_Generose_puer_sic_itur_ad_astra
targeted_therapy	CTDC-PARTICIPANT-144502	CTDC-TARGETED-THERAPY-226896	a_bene_placito	Obedientia_civium_urbis_felicitas	scientiae_et_patriae	scientia_imperii_decus_et_tutamen	637	873	Unknown	faber_est_suae_quisque_fortunae
targeted_therapy	CTDC-PARTICIPANT-144502	CTDC-TARGETED-THERAPY-695514	Obedientia_civium_urbis_felicitas	Obedientia_civium_urbis_felicitas	scientiae_et_patriae	a_bene_placito	623	579	Complete Response	salus_in_arduis
targeted_therapy	CTDC-PARTICIPANT-180514	CTDC-TARGETED-THERAPY-911678	scientia_et_labor	scientia_et_sapientia	scientia_et_sapientia	scientiae_cedit_mare	712	59	Too Early	nanos_gigantum_humeris_insidentes
targeted_therapy	CTDC-PARTICIPANT-180514	CTDC-TARGETED-THERAPY-283270	cacatum_non_est_pictum	salus_in_arduis	faber_est_suae_quisque_fortunae	e_causa_ignota	148	954	Not Assessed	saltus_in_demonstrando
targeted_therapy	CTDC-PARTICIPANT-326731	CTDC-TARGETED-THERAPY-319882	nascentes_morimur_finisque_ab_origine_pendet	scientia_imperii_decus_et_tutamen	scientiae_cedit_mare	scientia_et_sapientia	660	233	Stable Disease	scientia_et_labor
targeted_therapy	CTDC-PARTICIPANT-326731	CTDC-TARGETED-THERAPY-448144	salus_in_arduis	damnant_quod_non_intellegunt	Gallia_est_omnis_divisa_in_partes_tres	Gallia_est_omnis_divisa_in_partes_tres	651	711	Too Early	scientiae_cedit_mare
targeted_therapy	CTDC-PARTICIPANT-548508	CTDC-TARGETED-THERAPY-309729	imperium_in_imperio	sapiens_qui_prospicit	faber_est_suae_quisque_fortunae	barba_crescit_caput_nescit	229	441	Complete Response	scientiae_et_patriae
targeted_therapy	CTDC-PARTICIPANT-548508	CTDC-TARGETED-THERAPY-262796	barba_crescit_caput_nescit	Gallia_est_omnis_divisa_in_partes_tres	salus_in_arduis	O_Tite_tute_Tati_tibi_tanta_tyranne_tulisti	926	872	Partial Response	scientia_et_sapientia
targeted_therapy	CTDC-PARTICIPANT-124632	CTDC-TARGETED-THERAPY-848965	faber_est_suae_quisque_fortunae	id_quod_plerumque_accidit	Gallia_est_omnis_divisa_in_partes_tres	O_Tite_tute_Tati_tibi_tanta_tyranne_tulisti	91	735	Not Evaluable	scientiae_et_patriae
targeted_therapy	CTDC-PARTICIPANT-124632	CTDC-TARGETED-THERAPY-846271	scientia_et_sapientia	scientia_et_labor	faber_est_suae_quisque_fortunae	scientiae_et_patriae	400	520	Not Evaluable	scientiae_cedit_mare
targeted_therapy	CTDC-PARTICIPANT-868232	CTDC-TARGETED-THERAPY-710833	saltus_in_demonstrando	haec_olim_meminisse_iuvabit	scientia_et_sapientia	scientiae_cedit_mare	424	956	Less than partial response	haec_olim_meminisse_iuvabit
targeted_therapy	CTDC-PARTICIPANT-868232	CTDC-TARGETED-THERAPY-211373	id_quod_plerumque_accidit	scientiae_cedit_mare	scientia_imperii_decus_et_tutamen	nanos_gigantum_humeris_insidentes	352	659	Unknown	nanos_gigantum_humeris_insidentes
targeted_therapy	CTDC-PARTICIPANT-953395	CTDC-TARGETED-THERAPY-348336	haec_olim_meminisse_iuvabit	faber_est_suae_quisque_fortunae	nanos_gigantum_humeris_insidentes	imperium_in_imperio	166	901	Too Early	Obedientia_civium_urbis_felicitas
targeted_therapy	CTDC-PARTICIPANT-953395	CTDC-TARGETED-THERAPY-848298	labor_ipse_voluptas	imperium_in_imperio	O_Tite_tute_Tati_tibi_tanta_tyranne_tulisti	scientia_et_labor	165	968	Not Assessed	id_quod_plerumque_accidit
targeted_therapy	CTDC-PARTICIPANT-789514	CTDC-TARGETED-THERAPY-980481	scientiae_et_patriae	haec_olim_meminisse_iuvabit	scientia_et_labor	damnant_quod_non_intellegunt	114	966	Complete Response	salus_in_arduis
targeted_therapy	CTDC-PARTICIPANT-789514	CTDC-TARGETED-THERAPY-665331	Gallia_est_omnis_divisa_in_partes_tres	nascentes_morimur_finisque_ab_origine_pendet	id_quod_plerumque_accidit	scientia,_aere_perennius	70	894	Not Assessed	sapiens_qui_prospicit
targeted_therapy	CTDC-PARTICIPANT-551066	CTDC-TARGETED-THERAPY-543235	labor_ipse_voluptas	scientia_et_sapientia	cacatum_non_est_pictum	id_quod_plerumque_accidit	662	145	Partial Response	sapiens_qui_prospicit
targeted_therapy	CTDC-PARTICIPANT-551066	CTDC-TARGETED-THERAPY-598811	imperium_in_imperio	id_quod_plerumque_accidit	scientia_imperii_decus_et_tutamen	e_causa_ignota	286	379	Complete Response	salus_in_arduis
targeted_therapy	CTDC-PARTICIPANT-889503	CTDC-TARGETED-THERAPY-593240	pace_tua	scientiae_cedit_mare	O_Tite_tute_Tati_tibi_tanta_tyranne_tulisti	nanos_gigantum_humeris_insidentes	861	87	Partial Response	sapiens_qui_prospicit
targeted_therapy	CTDC-PARTICIPANT-889503	CTDC-TARGETED-THERAPY-932349	scientia,_aere_perennius	haec_olim_meminisse_iuvabit	e_causa_ignota	a_bene_placito	858	935	Stable Disease	a_bene_placito
targeted_therapy	CTDC-PARTICIPANT-520702	CTDC-TARGETED-THERAPY-449645	scientia_et_labor	haec_olim_meminisse_iuvabit	e_causa_ignota	damnant_quod_non_intellegunt	310	16	Less than partial response	nascentes_morimur_finisque_ab_origine_pendet
targeted_therapy	CTDC-PARTICIPANT-520702	CTDC-TARGETED-THERAPY-246348	salus_in_arduis	labor_ipse_voluptas	salus_in_arduis	Macte_animo_Generose_puer_sic_itur_ad_astra	290	716	Too Early	damnant_quod_non_intellegunt
targeted_therapy	CTDC-PARTICIPANT-817454	CTDC-TARGETED-THERAPY-828851	scientia_et_labor	nascentes_morimur_finisque_ab_origine_pendet	a_bene_placito	faber_est_suae_quisque_fortunae	457	685	Not Assessed	scientiae_et_patriae
targeted_therapy	CTDC-PARTICIPANT-817454	CTDC-TARGETED-THERAPY-933006	barba_crescit_caput_nescit	e_causa_ignota	scientia_et_sapientia	scientia_et_labor	717	309	Partial Response	salus_in_arduis
targeted_therapy	CTDC-PARTICIPANT-178969	CTDC-TARGETED-THERAPY-964922	Macte_animo_Generose_puer_sic_itur_ad_astra	nanos_gigantum_humeris_insidentes	cacatum_non_est_pictum	sapiens_qui_prospicit	955	151	Complete Response	scientia_imperii_decus_et_tutamen
targeted_therapy	CTDC-PARTICIPANT-178969	CTDC-TARGETED-THERAPY-664688	scientia,_aere_perennius	id_quod_plerumque_accidit	Obedientia_civium_urbis_felicitas	scientiae_cedit_mare	791	83	Partial Response	damnant_quod_non_intellegunt
targeted_therapy	CTDC-PARTICIPANT-838660	CTDC-TARGETED-THERAPY-733681	id_quod_plerumque_accidit	faber_est_suae_quisque_fortunae	cacatum_non_est_pictum	Macte_animo_Generose_puer_sic_itur_ad_astra	700	306	Less than partial response	imperium_in_imperio
targeted_therapy	CTDC-PARTICIPANT-838660	CTDC-TARGETED-THERAPY-215063	labor_ipse_voluptas	nascentes_morimur_finisque_ab_origine_pendet	O_Tite_tute_Tati_tibi_tanta_tyranne_tulisti	cacatum_non_est_pictum	491	298	Complete Response	nascentes_morimur_finisque_ab_origine_pendet
targeted_therapy	CTDC-PARTICIPANT-299283	CTDC-TARGETED-THERAPY-445234	O_Tite_tute_Tati_tibi_tanta_tyranne_tulisti	scientiae_et_patriae	scientia,_aere_perennius	faber_est_suae_quisque_fortunae	592	678	Not Assessed	cacatum_non_est_pictum
targeted_therapy	CTDC-PARTICIPANT-299283	CTDC-TARGETED-THERAPY-739347	sapiens_qui_prospicit	e_causa_ignota	sapiens_qui_prospicit	nascentes_morimur_finisque_ab_origine_pendet	427	717	Not Evaluable	scientiae_cedit_mare
targeted_therapy	CTDC-PARTICIPANT-916037	CTDC-TARGETED-THERAPY-836508	a_bene_placito	damnant_quod_non_intellegunt	saltus_in_demonstrando	scientia_et_sapientia	776	295	Not Assessed	pace_tua
targeted_therapy	CTDC-PARTICIPANT-916037	CTDC-TARGETED-THERAPY-453233	cacatum_non_est_pictum	barba_crescit_caput_nescit	scientiae_cedit_mare	labor_ipse_voluptas	914	609	Complete Response	nanos_gigantum_humeris_insidentes
targeted_therapy	CTDC-PARTICIPANT-582896	CTDC-TARGETED-THERAPY-356313	scientiae_cedit_mare	haec_olim_meminisse_iuvabit	saltus_in_demonstrando	a_bene_placito	797	980	Partial Response	damnant_quod_non_intellegunt
targeted_therapy	CTDC-PARTICIPANT-582896	CTDC-TARGETED-THERAPY-361255	imperium_in_imperio	Obedientia_civium_urbis_felicitas	imperium_in_imperio	sapiens_qui_prospicit	149	227	Not Assessed	pace_tua
targeted_therapy	CTDC-PARTICIPANT-213116	CTDC-TARGETED-THERAPY-600910	Obedientia_civium_urbis_felicitas	pace_tua	pace_tua	scientia,_aere_perennius	958	137	Less than partial response	damnant_quod_non_intellegunt
targeted_therapy	CTDC-PARTICIPANT-213116	CTDC-TARGETED-THERAPY-529475	scientia_imperii_decus_et_tutamen	pace_tua	Obedientia_civium_urbis_felicitas	scientia_et_labor	967	706	Not Evaluable	scientia_et_labor
targeted_therapy	CTDC-PARTICIPANT-700912	CTDC-TARGETED-THERAPY-369116	saltus_in_demonstrando	scientia,_aere_perennius	a_bene_placito	Obedientia_civium_urbis_felicitas	536	637	Too Early	nanos_gigantum_humeris_insidentes
targeted_therapy	CTDC-PARTICIPANT-700912	CTDC-TARGETED-THERAPY-943514	cacatum_non_est_pictum	imperium_in_imperio	labor_ipse_voluptas	pace_tua	683	764	Partial Response	id_quod_plerumque_accidit
targeted_therapy	CTDC-PARTICIPANT-631370	CTDC-TARGETED-THERAPY-853923	saltus_in_demonstrando	a_bene_placito	id_quod_plerumque_accidit	sapiens_qui_prospicit	121	666	Progressive Disease	cacatum_non_est_pictum
targeted_therapy	CTDC-PARTICIPANT-631370	CTDC-TARGETED-THERAPY-427219	Gallia_est_omnis_divisa_in_partes_tres	Macte_animo_Generose_puer_sic_itur_ad_astra	haec_olim_meminisse_iuvabit	id_quod_plerumque_accidit	86	167	Not Assessed	nascentes_morimur_finisque_ab_origine_pendet
targeted_therapy	CTDC-PARTICIPANT-155194	CTDC-TARGETED-THERAPY-106423	scientiae_et_patriae	Gallia_est_omnis_divisa_in_partes_tres	scientiae_et_patriae	Obedientia_civium_urbis_felicitas	535	824	Unknown	id_quod_plerumque_accidit
targeted_therapy	CTDC-PARTICIPANT-155194	CTDC-TARGETED-THERAPY-757946	scientiae_et_patriae	O_Tite_tute_Tati_tibi_tanta_tyranne_tulisti	scientia_imperii_decus_et_tutamen	Gallia_est_omnis_divisa_in_partes_tres	12	78	Unknown	a_bene_placito
targeted_therapy	CTDC-PARTICIPANT-341031	CTDC-TARGETED-THERAPY-592100	damnant_quod_non_intellegunt	e_causa_ignota	nascentes_morimur_finisque_ab_origine_pendet	Gallia_est_omnis_divisa_in_partes_tres	54	723	Progressive Disease	faber_est_suae_quisque_fortunae
targeted_therapy	CTDC-PARTICIPANT-341031	CTDC-TARGETED-THERAPY-366051	saltus_in_demonstrando	saltus_in_demonstrando	e_causa_ignota	sapiens_qui_prospicit	302	849	Complete Response	scientia_et_sapientia
targeted_therapy	CTDC-PARTICIPANT-603503	CTDC-TARGETED-THERAPY-525447	scientia,_aere_perennius	scientiae_et_patriae	scientia_et_sapientia	scientiae_et_patriae	721	278	Too Early	nanos_gigantum_humeris_insidentes
targeted_therapy	CTDC-PARTICIPANT-603503	CTDC-TARGETED-THERAPY-797382	a_bene_placito	Gallia_est_omnis_divisa_in_partes_tres	cacatum_non_est_pictum	cacatum_non_est_pictum	912	485	Stable Disease	scientia_et_labor
targeted_therapy	CTDC-PARTICIPANT-177817	CTDC-TARGETED-THERAPY-268495	Gallia_est_omnis_divisa_in_partes_tres	salus_in_arduis	nanos_gigantum_humeris_insidentes	pace_tua	153	346	Less than partial response	haec_olim_meminisse_iuvabit
targeted_therapy	CTDC-PARTICIPANT-177817	CTDC-TARGETED-THERAPY-445998	scientia_et_labor	Macte_animo_Generose_puer_sic_itur_ad_astra	saltus_in_demonstrando	e_causa_ignota	101	903	Too Early	saltus_in_demonstrando
targeted_therapy	CTDC-PARTICIPANT-899013	CTDC-TARGETED-THERAPY-499462	Obedientia_civium_urbis_felicitas	e_causa_ignota	sapiens_qui_prospicit	labor_ipse_voluptas	887	237	Too Early	scientia_et_sapientia
targeted_therapy	CTDC-PARTICIPANT-899013	CTDC-TARGETED-THERAPY-383288	scientiae_cedit_mare	sapiens_qui_prospicit	e_causa_ignota	damnant_quod_non_intellegunt	778	923	Less than partial response	salus_in_arduis
targeted_therapy	CTDC-PARTICIPANT-959532	CTDC-TARGETED-THERAPY-531085	cacatum_non_est_pictum	saltus_in_demonstrando	O_Tite_tute_Tati_tibi_tanta_tyranne_tulisti	haec_olim_meminisse_iuvabit	506	805	Stable Disease	scientia_imperii_decus_et_tutamen
targeted_therapy	CTDC-PARTICIPANT-959532	CTDC-TARGETED-THERAPY-769698	scientiae_cedit_mare	labor_ipse_voluptas	e_causa_ignota	scientiae_et_patriae	415	329	Complete Response	nanos_gigantum_humeris_insidentes
targeted_therapy	CTDC-PARTICIPANT-379481	CTDC-TARGETED-THERAPY-138512	damnant_quod_non_intellegunt	id_quod_plerumque_accidit	imperium_in_imperio	barba_crescit_caput_nescit	513	90	Too Early	sapiens_qui_prospicit
targeted_therapy	CTDC-PARTICIPANT-379481	CTDC-TARGETED-THERAPY-333409	Gallia_est_omnis_divisa_in_partes_tres	e_causa_ignota	cacatum_non_est_pictum	imperium_in_imperio	577	568	Less than partial response	e_causa_ignota
targeted_therapy	CTDC-PARTICIPANT-112719	CTDC-TARGETED-THERAPY-600130	Macte_animo_Generose_puer_sic_itur_ad_astra	nanos_gigantum_humeris_insidentes	scientiae_et_patriae	scientia,_aere_perennius	546	520	Progressive Disease	salus_in_arduis
targeted_therapy	CTDC-PARTICIPANT-112719	CTDC-TARGETED-THERAPY-453382	scientia_et_labor	Macte_animo_Generose_puer_sic_itur_ad_astra	faber_est_suae_quisque_fortunae	scientia_imperii_decus_et_tutamen	969	182	Less than partial response	scientiae_et_patriae
targeted_therapy	CTDC-PARTICIPANT-855649	CTDC-TARGETED-THERAPY-215259	labor_ipse_voluptas	scientiae_et_patriae	nanos_gigantum_humeris_insidentes	nascentes_morimur_finisque_ab_origine_pendet	582	909	Partial Response	id_quod_plerumque_accidit
targeted_therapy	CTDC-PARTICIPANT-855649	CTDC-TARGETED-THERAPY-968048	nascentes_morimur_finisque_ab_origine_pendet	saltus_in_demonstrando	a_bene_placito	Obedientia_civium_urbis_felicitas	590	115	Less than partial response	labor_ipse_voluptas
targeted_therapy	CTDC-PARTICIPANT-340189	CTDC-TARGETED-THERAPY-806113	haec_olim_meminisse_iuvabit	scientia,_aere_perennius	id_quod_plerumque_accidit	scientiae_cedit_mare	172	324	Unknown	barba_crescit_caput_nescit
targeted_therapy	CTDC-PARTICIPANT-340189	CTDC-TARGETED-THERAPY-589850	barba_crescit_caput_nescit	scientia_et_sapientia	sapiens_qui_prospicit	a_bene_placito	533	781	Not Assessed	labor_ipse_voluptas
targeted_therapy	CTDC-PARTICIPANT-975541	CTDC-TARGETED-THERAPY-493370	id_quod_plerumque_accidit	scientia_et_labor	scientia,_aere_perennius	scientia_et_sapientia	313	532	Unknown	scientia_et_sapientia
targeted_therapy	CTDC-PARTICIPANT-975541	CTDC-TARGETED-THERAPY-422267	nanos_gigantum_humeris_insidentes	O_Tite_tute_Tati_tibi_tanta_tyranne_tulisti	scientia,_aere_perennius	Obedientia_civium_urbis_felicitas	793	889	Not Evaluable	e_causa_ignota
