type	participant.participant_id	targeted_therapy_record_id	targeted_therapy	targeted_therapy_dose	targeted_therapy_dose_units	targeted_therapy_frequency	targeted_therapy_start_date	targeted_therapy_end_date	best_response_to_targeted_therapy	crdc_id
targeted_therapy	CTDC-PARTICIPANT-285902	CTDC-TARGETED-THERAPY-480428	e_causa_ignota	imperium_in_imperio	sapiens_qui_prospicit	scientia,_aere_perennius	228	840	Stable Disease	scientiae_et_patriae
targeted_therapy	CTDC-PARTICIPANT-285902	CTDC-TARGETED-THERAPY-885252	scientia_imperii_decus_et_tutamen	Macte_animo_Generose_puer_sic_itur_ad_astra	faber_est_suae_quisque_fortunae	salus_in_arduis	981	412	Too Early	labor_ipse_voluptas
targeted_therapy	CTDC-PARTICIPANT-395041	CTDC-TARGETED-THERAPY-111323	faber_est_suae_quisque_fortunae	damnant_quod_non_intellegunt	damnant_quod_non_intellegunt	Obedientia_civium_urbis_felicitas	356	612	Stable Disease	imperium_in_imperio
targeted_therapy	CTDC-PARTICIPANT-395041	CTDC-TARGETED-THERAPY-443816	pace_tua	damnant_quod_non_intellegunt	scientia_et_labor	haec_olim_meminisse_iuvabit	565	564	Stable Disease	scientia_et_sapientia
targeted_therapy	CTDC-PARTICIPANT-848303	CTDC-TARGETED-THERAPY-672983	id_quod_plerumque_accidit	nascentes_morimur_finisque_ab_origine_pendet	sapiens_qui_prospicit	scientiae_cedit_mare	402	683	Stable Disease	scientia_et_sapientia
targeted_therapy	CTDC-PARTICIPANT-848303	CTDC-TARGETED-THERAPY-203141	Macte_animo_Generose_puer_sic_itur_ad_astra	scientia_et_labor	barba_crescit_caput_nescit	barba_crescit_caput_nescit	769	852	Too Early	O_Tite_tute_Tati_tibi_tanta_tyranne_tulisti
targeted_therapy	CTDC-PARTICIPANT-818056	CTDC-TARGETED-THERAPY-164655	salus_in_arduis	Obedientia_civium_urbis_felicitas	damnant_quod_non_intellegunt	scientia,_aere_perennius	319	313	Complete Response	scientia_et_labor
targeted_therapy	CTDC-PARTICIPANT-818056	CTDC-TARGETED-THERAPY-289510	scientiae_cedit_mare	saltus_in_demonstrando	scientiae_cedit_mare	scientia,_aere_perennius	829	725	Stable Disease	scientia,_aere_perennius
targeted_therapy	CTDC-PARTICIPANT-114136	CTDC-TARGETED-THERAPY-710798	pace_tua	nanos_gigantum_humeris_insidentes	damnant_quod_non_intellegunt	id_quod_plerumque_accidit	486	836	Less than partial response	nascentes_morimur_finisque_ab_origine_pendet
targeted_therapy	CTDC-PARTICIPANT-114136	CTDC-TARGETED-THERAPY-170301	cacatum_non_est_pictum	nanos_gigantum_humeris_insidentes	imperium_in_imperio	Macte_animo_Generose_puer_sic_itur_ad_astra	698	599	Progressive Disease	Obedientia_civium_urbis_felicitas
targeted_therapy	CTDC-PARTICIPANT-422576	CTDC-TARGETED-THERAPY-576277	scientia,_aere_perennius	scientia,_aere_perennius	Obedientia_civium_urbis_felicitas	barba_crescit_caput_nescit	990	921	Unknown	scientia,_aere_perennius
targeted_therapy	CTDC-PARTICIPANT-422576	CTDC-TARGETED-THERAPY-451981	scientia_et_sapientia	Macte_animo_Generose_puer_sic_itur_ad_astra	id_quod_plerumque_accidit	salus_in_arduis	125	428	Unknown	saltus_in_demonstrando
targeted_therapy	CTDC-PARTICIPANT-818047	CTDC-TARGETED-THERAPY-169792	Gallia_est_omnis_divisa_in_partes_tres	id_quod_plerumque_accidit	id_quod_plerumque_accidit	Macte_animo_Generose_puer_sic_itur_ad_astra	932	652	Not Assessed	cacatum_non_est_pictum
targeted_therapy	CTDC-PARTICIPANT-818047	CTDC-TARGETED-THERAPY-687092	nascentes_morimur_finisque_ab_origine_pendet	damnant_quod_non_intellegunt	scientia,_aere_perennius	damnant_quod_non_intellegunt	580	507	Progressive Disease	nanos_gigantum_humeris_insidentes
targeted_therapy	CTDC-PARTICIPANT-896665	CTDC-TARGETED-THERAPY-410378	salus_in_arduis	nanos_gigantum_humeris_insidentes	scientiae_cedit_mare	Gallia_est_omnis_divisa_in_partes_tres	865	939	Stable Disease	scientia,_aere_perennius
targeted_therapy	CTDC-PARTICIPANT-896665	CTDC-TARGETED-THERAPY-330277	scientiae_cedit_mare	imperium_in_imperio	scientia_imperii_decus_et_tutamen	Macte_animo_Generose_puer_sic_itur_ad_astra	304	462	Complete Response	O_Tite_tute_Tati_tibi_tanta_tyranne_tulisti
targeted_therapy	CTDC-PARTICIPANT-562413	CTDC-TARGETED-THERAPY-162293	scientia_imperii_decus_et_tutamen	barba_crescit_caput_nescit	scientia_et_sapientia	labor_ipse_voluptas	926	268	Not Assessed	labor_ipse_voluptas
targeted_therapy	CTDC-PARTICIPANT-562413	CTDC-TARGETED-THERAPY-252917	barba_crescit_caput_nescit	cacatum_non_est_pictum	Obedientia_civium_urbis_felicitas	barba_crescit_caput_nescit	897	851	Partial Response	scientia_et_labor
targeted_therapy	CTDC-PARTICIPANT-216011	CTDC-TARGETED-THERAPY-683559	barba_crescit_caput_nescit	sapiens_qui_prospicit	nanos_gigantum_humeris_insidentes	labor_ipse_voluptas	219	543	Not Assessed	scientia,_aere_perennius
targeted_therapy	CTDC-PARTICIPANT-216011	CTDC-TARGETED-THERAPY-795728	faber_est_suae_quisque_fortunae	nascentes_morimur_finisque_ab_origine_pendet	labor_ipse_voluptas	id_quod_plerumque_accidit	496	566	Stable Disease	Macte_animo_Generose_puer_sic_itur_ad_astra
targeted_therapy	CTDC-PARTICIPANT-847934	CTDC-TARGETED-THERAPY-308801	scientia_imperii_decus_et_tutamen	labor_ipse_voluptas	Gallia_est_omnis_divisa_in_partes_tres	imperium_in_imperio	534	142	Not Assessed	haec_olim_meminisse_iuvabit
targeted_therapy	CTDC-PARTICIPANT-847934	CTDC-TARGETED-THERAPY-507068	salus_in_arduis	labor_ipse_voluptas	imperium_in_imperio	barba_crescit_caput_nescit	765	29	Complete Response	O_Tite_tute_Tati_tibi_tanta_tyranne_tulisti
targeted_therapy	CTDC-PARTICIPANT-630851	CTDC-TARGETED-THERAPY-584360	pace_tua	Obedientia_civium_urbis_felicitas	Macte_animo_Generose_puer_sic_itur_ad_astra	scientia_et_labor	214	382	Not Evaluable	labor_ipse_voluptas
targeted_therapy	CTDC-PARTICIPANT-630851	CTDC-TARGETED-THERAPY-460517	scientia_et_sapientia	cacatum_non_est_pictum	damnant_quod_non_intellegunt	labor_ipse_voluptas	857	944	Less than partial response	scientia_et_sapientia
targeted_therapy	CTDC-PARTICIPANT-771842	CTDC-TARGETED-THERAPY-198802	pace_tua	e_causa_ignota	Gallia_est_omnis_divisa_in_partes_tres	scientia,_aere_perennius	420	809	Less than partial response	barba_crescit_caput_nescit
targeted_therapy	CTDC-PARTICIPANT-771842	CTDC-TARGETED-THERAPY-215819	sapiens_qui_prospicit	sapiens_qui_prospicit	imperium_in_imperio	faber_est_suae_quisque_fortunae	199	332	Not Assessed	scientia,_aere_perennius
targeted_therapy	CTDC-PARTICIPANT-592343	CTDC-TARGETED-THERAPY-799982	sapiens_qui_prospicit	scientiae_cedit_mare	haec_olim_meminisse_iuvabit	Macte_animo_Generose_puer_sic_itur_ad_astra	543	92	Too Early	scientia_et_sapientia
targeted_therapy	CTDC-PARTICIPANT-592343	CTDC-TARGETED-THERAPY-216545	scientiae_et_patriae	barba_crescit_caput_nescit	Obedientia_civium_urbis_felicitas	pace_tua	799	125	Complete Response	Obedientia_civium_urbis_felicitas
targeted_therapy	CTDC-PARTICIPANT-692508	CTDC-TARGETED-THERAPY-837497	scientia_imperii_decus_et_tutamen	scientia_et_sapientia	sapiens_qui_prospicit	Obedientia_civium_urbis_felicitas	419	515	Less than partial response	pace_tua
targeted_therapy	CTDC-PARTICIPANT-692508	CTDC-TARGETED-THERAPY-401366	Obedientia_civium_urbis_felicitas	e_causa_ignota	O_Tite_tute_Tati_tibi_tanta_tyranne_tulisti	pace_tua	544	526	Less than partial response	imperium_in_imperio
targeted_therapy	CTDC-PARTICIPANT-908655	CTDC-TARGETED-THERAPY-291721	id_quod_plerumque_accidit	nanos_gigantum_humeris_insidentes	scientia_imperii_decus_et_tutamen	haec_olim_meminisse_iuvabit	916	874	Not Evaluable	sapiens_qui_prospicit
targeted_therapy	CTDC-PARTICIPANT-908655	CTDC-TARGETED-THERAPY-547643	Macte_animo_Generose_puer_sic_itur_ad_astra	a_bene_placito	scientia_imperii_decus_et_tutamen	Obedientia_civium_urbis_felicitas	315	289	Partial Response	cacatum_non_est_pictum
targeted_therapy	CTDC-PARTICIPANT-382150	CTDC-TARGETED-THERAPY-906231	scientiae_et_patriae	Obedientia_civium_urbis_felicitas	faber_est_suae_quisque_fortunae	scientia,_aere_perennius	227	819	Unknown	damnant_quod_non_intellegunt
targeted_therapy	CTDC-PARTICIPANT-382150	CTDC-TARGETED-THERAPY-270000	barba_crescit_caput_nescit	faber_est_suae_quisque_fortunae	scientia,_aere_perennius	damnant_quod_non_intellegunt	330	361	Progressive Disease	Macte_animo_Generose_puer_sic_itur_ad_astra
targeted_therapy	CTDC-PARTICIPANT-605809	CTDC-TARGETED-THERAPY-410169	imperium_in_imperio	cacatum_non_est_pictum	imperium_in_imperio	scientia_imperii_decus_et_tutamen	452	432	Less than partial response	id_quod_plerumque_accidit
targeted_therapy	CTDC-PARTICIPANT-605809	CTDC-TARGETED-THERAPY-784878	nanos_gigantum_humeris_insidentes	scientia_et_sapientia	barba_crescit_caput_nescit	e_causa_ignota	430	503	Partial Response	a_bene_placito
targeted_therapy	CTDC-PARTICIPANT-912708	CTDC-TARGETED-THERAPY-270539	id_quod_plerumque_accidit	barba_crescit_caput_nescit	Obedientia_civium_urbis_felicitas	haec_olim_meminisse_iuvabit	968	173	Partial Response	Gallia_est_omnis_divisa_in_partes_tres
targeted_therapy	CTDC-PARTICIPANT-912708	CTDC-TARGETED-THERAPY-432638	scientiae_cedit_mare	scientia_et_sapientia	id_quod_plerumque_accidit	Obedientia_civium_urbis_felicitas	813	596	Progressive Disease	saltus_in_demonstrando
targeted_therapy	CTDC-PARTICIPANT-481872	CTDC-TARGETED-THERAPY-522996	scientia_et_labor	imperium_in_imperio	scientiae_cedit_mare	scientia,_aere_perennius	810	278	Not Assessed	Obedientia_civium_urbis_felicitas
targeted_therapy	CTDC-PARTICIPANT-481872	CTDC-TARGETED-THERAPY-401647	barba_crescit_caput_nescit	scientia_imperii_decus_et_tutamen	damnant_quod_non_intellegunt	pace_tua	178	412	Stable Disease	damnant_quod_non_intellegunt
targeted_therapy	CTDC-PARTICIPANT-949296	CTDC-TARGETED-THERAPY-777955	faber_est_suae_quisque_fortunae	nanos_gigantum_humeris_insidentes	sapiens_qui_prospicit	scientiae_et_patriae	978	238	Too Early	faber_est_suae_quisque_fortunae
targeted_therapy	CTDC-PARTICIPANT-949296	CTDC-TARGETED-THERAPY-940857	nanos_gigantum_humeris_insidentes	scientiae_et_patriae	O_Tite_tute_Tati_tibi_tanta_tyranne_tulisti	scientiae_cedit_mare	840	275	Stable Disease	pace_tua
targeted_therapy	CTDC-PARTICIPANT-625089	CTDC-TARGETED-THERAPY-212378	saltus_in_demonstrando	scientia_et_labor	Macte_animo_Generose_puer_sic_itur_ad_astra	Gallia_est_omnis_divisa_in_partes_tres	506	397	Not Assessed	pace_tua
targeted_therapy	CTDC-PARTICIPANT-625089	CTDC-TARGETED-THERAPY-587347	scientia,_aere_perennius	haec_olim_meminisse_iuvabit	damnant_quod_non_intellegunt	labor_ipse_voluptas	435	290	Partial Response	cacatum_non_est_pictum
targeted_therapy	CTDC-PARTICIPANT-457982	CTDC-TARGETED-THERAPY-200421	haec_olim_meminisse_iuvabit	cacatum_non_est_pictum	labor_ipse_voluptas	sapiens_qui_prospicit	588	874	Too Early	damnant_quod_non_intellegunt
targeted_therapy	CTDC-PARTICIPANT-457982	CTDC-TARGETED-THERAPY-458357	sapiens_qui_prospicit	faber_est_suae_quisque_fortunae	nascentes_morimur_finisque_ab_origine_pendet	barba_crescit_caput_nescit	785	212	Too Early	saltus_in_demonstrando
targeted_therapy	CTDC-PARTICIPANT-852223	CTDC-TARGETED-THERAPY-825034	nanos_gigantum_humeris_insidentes	Gallia_est_omnis_divisa_in_partes_tres	haec_olim_meminisse_iuvabit	cacatum_non_est_pictum	90	599	Partial Response	scientiae_et_patriae
targeted_therapy	CTDC-PARTICIPANT-852223	CTDC-TARGETED-THERAPY-780793	imperium_in_imperio	damnant_quod_non_intellegunt	nanos_gigantum_humeris_insidentes	Gallia_est_omnis_divisa_in_partes_tres	278	509	Too Early	haec_olim_meminisse_iuvabit
targeted_therapy	CTDC-PARTICIPANT-700372	CTDC-TARGETED-THERAPY-340412	barba_crescit_caput_nescit	salus_in_arduis	nanos_gigantum_humeris_insidentes	cacatum_non_est_pictum	229	260	Partial Response	scientiae_et_patriae
targeted_therapy	CTDC-PARTICIPANT-700372	CTDC-TARGETED-THERAPY-485526	sapiens_qui_prospicit	nanos_gigantum_humeris_insidentes	labor_ipse_voluptas	faber_est_suae_quisque_fortunae	920	263	Complete Response	barba_crescit_caput_nescit
targeted_therapy	CTDC-PARTICIPANT-888849	CTDC-TARGETED-THERAPY-821128	scientia,_aere_perennius	labor_ipse_voluptas	scientia_imperii_decus_et_tutamen	salus_in_arduis	952	864	Not Assessed	scientia_imperii_decus_et_tutamen
targeted_therapy	CTDC-PARTICIPANT-888849	CTDC-TARGETED-THERAPY-623980	salus_in_arduis	faber_est_suae_quisque_fortunae	scientiae_et_patriae	damnant_quod_non_intellegunt	371	664	Less than partial response	saltus_in_demonstrando
targeted_therapy	CTDC-PARTICIPANT-248623	CTDC-TARGETED-THERAPY-653387	damnant_quod_non_intellegunt	nanos_gigantum_humeris_insidentes	haec_olim_meminisse_iuvabit	saltus_in_demonstrando	177	775	Not Assessed	a_bene_placito
targeted_therapy	CTDC-PARTICIPANT-248623	CTDC-TARGETED-THERAPY-312873	Obedientia_civium_urbis_felicitas	scientia_et_sapientia	haec_olim_meminisse_iuvabit	damnant_quod_non_intellegunt	516	995	Less than partial response	damnant_quod_non_intellegunt
targeted_therapy	CTDC-PARTICIPANT-616751	CTDC-TARGETED-THERAPY-677780	cacatum_non_est_pictum	faber_est_suae_quisque_fortunae	salus_in_arduis	O_Tite_tute_Tati_tibi_tanta_tyranne_tulisti	166	458	Complete Response	Gallia_est_omnis_divisa_in_partes_tres
targeted_therapy	CTDC-PARTICIPANT-616751	CTDC-TARGETED-THERAPY-536103	nanos_gigantum_humeris_insidentes	a_bene_placito	Gallia_est_omnis_divisa_in_partes_tres	Obedientia_civium_urbis_felicitas	630	711	Not Evaluable	nascentes_morimur_finisque_ab_origine_pendet
targeted_therapy	CTDC-PARTICIPANT-517161	CTDC-TARGETED-THERAPY-123087	scientiae_et_patriae	id_quod_plerumque_accidit	imperium_in_imperio	scientiae_et_patriae	373	122	Progressive Disease	scientia,_aere_perennius
targeted_therapy	CTDC-PARTICIPANT-517161	CTDC-TARGETED-THERAPY-776866	e_causa_ignota	sapiens_qui_prospicit	faber_est_suae_quisque_fortunae	nanos_gigantum_humeris_insidentes	802	76	Too Early	sapiens_qui_prospicit
targeted_therapy	CTDC-PARTICIPANT-927569	CTDC-TARGETED-THERAPY-114402	cacatum_non_est_pictum	saltus_in_demonstrando	faber_est_suae_quisque_fortunae	scientia_et_sapientia	542	518	Less than partial response	scientia,_aere_perennius
targeted_therapy	CTDC-PARTICIPANT-927569	CTDC-TARGETED-THERAPY-399164	haec_olim_meminisse_iuvabit	O_Tite_tute_Tati_tibi_tanta_tyranne_tulisti	Macte_animo_Generose_puer_sic_itur_ad_astra	id_quod_plerumque_accidit	650	845	Too Early	saltus_in_demonstrando
targeted_therapy	CTDC-PARTICIPANT-634634	CTDC-TARGETED-THERAPY-183815	labor_ipse_voluptas	barba_crescit_caput_nescit	O_Tite_tute_Tati_tibi_tanta_tyranne_tulisti	Obedientia_civium_urbis_felicitas	481	487	Partial Response	scientiae_et_patriae
targeted_therapy	CTDC-PARTICIPANT-634634	CTDC-TARGETED-THERAPY-880027	nanos_gigantum_humeris_insidentes	scientia_et_sapientia	labor_ipse_voluptas	damnant_quod_non_intellegunt	34	929	Not Evaluable	O_Tite_tute_Tati_tibi_tanta_tyranne_tulisti
targeted_therapy	CTDC-PARTICIPANT-134394	CTDC-TARGETED-THERAPY-883384	imperium_in_imperio	faber_est_suae_quisque_fortunae	barba_crescit_caput_nescit	faber_est_suae_quisque_fortunae	341	97	Less than partial response	Gallia_est_omnis_divisa_in_partes_tres
targeted_therapy	CTDC-PARTICIPANT-134394	CTDC-TARGETED-THERAPY-248469	Macte_animo_Generose_puer_sic_itur_ad_astra	labor_ipse_voluptas	O_Tite_tute_Tati_tibi_tanta_tyranne_tulisti	a_bene_placito	451	495	Unknown	scientia_et_sapientia
targeted_therapy	CTDC-PARTICIPANT-977869	CTDC-TARGETED-THERAPY-901277	haec_olim_meminisse_iuvabit	barba_crescit_caput_nescit	Macte_animo_Generose_puer_sic_itur_ad_astra	faber_est_suae_quisque_fortunae	149	651	Unknown	id_quod_plerumque_accidit
targeted_therapy	CTDC-PARTICIPANT-977869	CTDC-TARGETED-THERAPY-647323	pace_tua	scientiae_cedit_mare	salus_in_arduis	Macte_animo_Generose_puer_sic_itur_ad_astra	92	88	Partial Response	imperium_in_imperio
targeted_therapy	CTDC-PARTICIPANT-552335	CTDC-TARGETED-THERAPY-619934	e_causa_ignota	pace_tua	Macte_animo_Generose_puer_sic_itur_ad_astra	imperium_in_imperio	425	541	Progressive Disease	sapiens_qui_prospicit
targeted_therapy	CTDC-PARTICIPANT-552335	CTDC-TARGETED-THERAPY-322241	nanos_gigantum_humeris_insidentes	Gallia_est_omnis_divisa_in_partes_tres	nanos_gigantum_humeris_insidentes	scientia_et_labor	793	565	Complete Response	saltus_in_demonstrando
targeted_therapy	CTDC-PARTICIPANT-266536	CTDC-TARGETED-THERAPY-633614	cacatum_non_est_pictum	cacatum_non_est_pictum	scientia_et_labor	scientia_et_labor	509	928	Not Evaluable	nanos_gigantum_humeris_insidentes
targeted_therapy	CTDC-PARTICIPANT-266536	CTDC-TARGETED-THERAPY-484934	cacatum_non_est_pictum	pace_tua	scientiae_cedit_mare	a_bene_placito	572	398	Not Evaluable	scientiae_et_patriae
targeted_therapy	CTDC-PARTICIPANT-669430	CTDC-TARGETED-THERAPY-369797	cacatum_non_est_pictum	faber_est_suae_quisque_fortunae	labor_ipse_voluptas	a_bene_placito	682	44	Partial Response	nanos_gigantum_humeris_insidentes
targeted_therapy	CTDC-PARTICIPANT-669430	CTDC-TARGETED-THERAPY-247821	barba_crescit_caput_nescit	scientia_imperii_decus_et_tutamen	pace_tua	saltus_in_demonstrando	719	665	Unknown	pace_tua
targeted_therapy	CTDC-PARTICIPANT-236757	CTDC-TARGETED-THERAPY-418219	pace_tua	faber_est_suae_quisque_fortunae	Macte_animo_Generose_puer_sic_itur_ad_astra	id_quod_plerumque_accidit	154	898	Partial Response	barba_crescit_caput_nescit
targeted_therapy	CTDC-PARTICIPANT-236757	CTDC-TARGETED-THERAPY-398869	scientia,_aere_perennius	imperium_in_imperio	imperium_in_imperio	haec_olim_meminisse_iuvabit	582	433	Progressive Disease	sapiens_qui_prospicit
targeted_therapy	CTDC-PARTICIPANT-246586	CTDC-TARGETED-THERAPY-322237	scientia_et_labor	O_Tite_tute_Tati_tibi_tanta_tyranne_tulisti	labor_ipse_voluptas	a_bene_placito	770	463	Unknown	saltus_in_demonstrando
targeted_therapy	CTDC-PARTICIPANT-246586	CTDC-TARGETED-THERAPY-908664	scientiae_et_patriae	pace_tua	labor_ipse_voluptas	scientiae_cedit_mare	67	85	Unknown	damnant_quod_non_intellegunt
targeted_therapy	CTDC-PARTICIPANT-819052	CTDC-TARGETED-THERAPY-804551	salus_in_arduis	faber_est_suae_quisque_fortunae	sapiens_qui_prospicit	faber_est_suae_quisque_fortunae	572	681	Partial Response	cacatum_non_est_pictum
targeted_therapy	CTDC-PARTICIPANT-819052	CTDC-TARGETED-THERAPY-968218	nascentes_morimur_finisque_ab_origine_pendet	pace_tua	scientia,_aere_perennius	haec_olim_meminisse_iuvabit	313	488	Stable Disease	e_causa_ignota
targeted_therapy	CTDC-PARTICIPANT-658782	CTDC-TARGETED-THERAPY-709446	scientia_et_sapientia	saltus_in_demonstrando	scientiae_cedit_mare	O_Tite_tute_Tati_tibi_tanta_tyranne_tulisti	981	418	Stable Disease	haec_olim_meminisse_iuvabit
targeted_therapy	CTDC-PARTICIPANT-658782	CTDC-TARGETED-THERAPY-495654	nanos_gigantum_humeris_insidentes	scientiae_et_patriae	faber_est_suae_quisque_fortunae	saltus_in_demonstrando	641	526	Unknown	labor_ipse_voluptas
targeted_therapy	CTDC-PARTICIPANT-755947	CTDC-TARGETED-THERAPY-575525	scientia_et_sapientia	damnant_quod_non_intellegunt	scientiae_et_patriae	cacatum_non_est_pictum	820	591	Partial Response	scientiae_cedit_mare
targeted_therapy	CTDC-PARTICIPANT-755947	CTDC-TARGETED-THERAPY-579232	sapiens_qui_prospicit	scientia_et_sapientia	Gallia_est_omnis_divisa_in_partes_tres	scientia,_aere_perennius	661	113	Too Early	a_bene_placito
targeted_therapy	CTDC-PARTICIPANT-626648	CTDC-TARGETED-THERAPY-280042	nascentes_morimur_finisque_ab_origine_pendet	nascentes_morimur_finisque_ab_origine_pendet	imperium_in_imperio	Macte_animo_Generose_puer_sic_itur_ad_astra	625	405	Complete Response	scientia_et_labor
targeted_therapy	CTDC-PARTICIPANT-626648	CTDC-TARGETED-THERAPY-163321	nascentes_morimur_finisque_ab_origine_pendet	pace_tua	labor_ipse_voluptas	scientiae_cedit_mare	287	957	Stable Disease	saltus_in_demonstrando
targeted_therapy	CTDC-PARTICIPANT-102667	CTDC-TARGETED-THERAPY-649825	cacatum_non_est_pictum	Obedientia_civium_urbis_felicitas	Macte_animo_Generose_puer_sic_itur_ad_astra	labor_ipse_voluptas	36	992	Unknown	scientia_imperii_decus_et_tutamen
targeted_therapy	CTDC-PARTICIPANT-102667	CTDC-TARGETED-THERAPY-476874	O_Tite_tute_Tati_tibi_tanta_tyranne_tulisti	scientia,_aere_perennius	cacatum_non_est_pictum	pace_tua	786	723	Unknown	e_causa_ignota
targeted_therapy	CTDC-PARTICIPANT-418183	CTDC-TARGETED-THERAPY-185167	nascentes_morimur_finisque_ab_origine_pendet	e_causa_ignota	Obedientia_civium_urbis_felicitas	faber_est_suae_quisque_fortunae	897	810	Not Evaluable	salus_in_arduis
targeted_therapy	CTDC-PARTICIPANT-418183	CTDC-TARGETED-THERAPY-291958	damnant_quod_non_intellegunt	pace_tua	O_Tite_tute_Tati_tibi_tanta_tyranne_tulisti	scientia_et_labor	858	746	Unknown	haec_olim_meminisse_iuvabit
targeted_therapy	CTDC-PARTICIPANT-255094	CTDC-TARGETED-THERAPY-837265	scientia_imperii_decus_et_tutamen	id_quod_plerumque_accidit	labor_ipse_voluptas	damnant_quod_non_intellegunt	284	462	Complete Response	pace_tua
targeted_therapy	CTDC-PARTICIPANT-255094	CTDC-TARGETED-THERAPY-684972	sapiens_qui_prospicit	Gallia_est_omnis_divisa_in_partes_tres	scientia,_aere_perennius	a_bene_placito	426	45	Complete Response	cacatum_non_est_pictum
targeted_therapy	CTDC-PARTICIPANT-725394	CTDC-TARGETED-THERAPY-481203	damnant_quod_non_intellegunt	scientia_et_labor	e_causa_ignota	scientia_et_sapientia	882	787	Less than partial response	sapiens_qui_prospicit
targeted_therapy	CTDC-PARTICIPANT-725394	CTDC-TARGETED-THERAPY-414088	e_causa_ignota	scientiae_cedit_mare	faber_est_suae_quisque_fortunae	id_quod_plerumque_accidit	130	772	Too Early	sapiens_qui_prospicit
targeted_therapy	CTDC-PARTICIPANT-826990	CTDC-TARGETED-THERAPY-635929	nanos_gigantum_humeris_insidentes	saltus_in_demonstrando	scientiae_et_patriae	a_bene_placito	797	824	Unknown	scientia_et_sapientia
targeted_therapy	CTDC-PARTICIPANT-826990	CTDC-TARGETED-THERAPY-550690	nascentes_morimur_finisque_ab_origine_pendet	id_quod_plerumque_accidit	Obedientia_civium_urbis_felicitas	a_bene_placito	450	376	Less than partial response	imperium_in_imperio
targeted_therapy	CTDC-PARTICIPANT-475422	CTDC-TARGETED-THERAPY-142467	barba_crescit_caput_nescit	nascentes_morimur_finisque_ab_origine_pendet	a_bene_placito	id_quod_plerumque_accidit	414	177	Unknown	cacatum_non_est_pictum
targeted_therapy	CTDC-PARTICIPANT-475422	CTDC-TARGETED-THERAPY-518966	scientia_et_sapientia	Macte_animo_Generose_puer_sic_itur_ad_astra	damnant_quod_non_intellegunt	Gallia_est_omnis_divisa_in_partes_tres	168	747	Less than partial response	imperium_in_imperio
targeted_therapy	CTDC-PARTICIPANT-411072	CTDC-TARGETED-THERAPY-889796	a_bene_placito	saltus_in_demonstrando	O_Tite_tute_Tati_tibi_tanta_tyranne_tulisti	damnant_quod_non_intellegunt	933	910	Complete Response	e_causa_ignota
targeted_therapy	CTDC-PARTICIPANT-411072	CTDC-TARGETED-THERAPY-624122	scientia_et_labor	scientia_et_labor	salus_in_arduis	a_bene_placito	837	62	Not Assessed	scientiae_cedit_mare
targeted_therapy	CTDC-PARTICIPANT-727896	CTDC-TARGETED-THERAPY-638305	scientia,_aere_perennius	scientia_et_sapientia	Gallia_est_omnis_divisa_in_partes_tres	haec_olim_meminisse_iuvabit	700	70	Stable Disease	nanos_gigantum_humeris_insidentes
targeted_therapy	CTDC-PARTICIPANT-727896	CTDC-TARGETED-THERAPY-930778	faber_est_suae_quisque_fortunae	salus_in_arduis	imperium_in_imperio	scientia_et_sapientia	157	898	Less than partial response	id_quod_plerumque_accidit
targeted_therapy	CTDC-PARTICIPANT-924317	CTDC-TARGETED-THERAPY-360787	nascentes_morimur_finisque_ab_origine_pendet	pace_tua	scientia_et_labor	damnant_quod_non_intellegunt	498	470	Progressive Disease	Macte_animo_Generose_puer_sic_itur_ad_astra
targeted_therapy	CTDC-PARTICIPANT-924317	CTDC-TARGETED-THERAPY-356594	labor_ipse_voluptas	labor_ipse_voluptas	sapiens_qui_prospicit	salus_in_arduis	503	199	Complete Response	scientia_imperii_decus_et_tutamen
targeted_therapy	CTDC-PARTICIPANT-217299	CTDC-TARGETED-THERAPY-580724	sapiens_qui_prospicit	id_quod_plerumque_accidit	scientia_imperii_decus_et_tutamen	imperium_in_imperio	618	750	Too Early	damnant_quod_non_intellegunt
targeted_therapy	CTDC-PARTICIPANT-217299	CTDC-TARGETED-THERAPY-197638	barba_crescit_caput_nescit	id_quod_plerumque_accidit	cacatum_non_est_pictum	e_causa_ignota	87	523	Complete Response	O_Tite_tute_Tati_tibi_tanta_tyranne_tulisti
targeted_therapy	CTDC-PARTICIPANT-612053	CTDC-TARGETED-THERAPY-621032	faber_est_suae_quisque_fortunae	a_bene_placito	id_quod_plerumque_accidit	a_bene_placito	267	841	Complete Response	imperium_in_imperio
targeted_therapy	CTDC-PARTICIPANT-612053	CTDC-TARGETED-THERAPY-316870	pace_tua	labor_ipse_voluptas	Macte_animo_Generose_puer_sic_itur_ad_astra	Gallia_est_omnis_divisa_in_partes_tres	874	272	Partial Response	a_bene_placito
targeted_therapy	CTDC-PARTICIPANT-643598	CTDC-TARGETED-THERAPY-671535	saltus_in_demonstrando	nanos_gigantum_humeris_insidentes	e_causa_ignota	haec_olim_meminisse_iuvabit	21	436	Not Evaluable	id_quod_plerumque_accidit
targeted_therapy	CTDC-PARTICIPANT-643598	CTDC-TARGETED-THERAPY-661565	pace_tua	Obedientia_civium_urbis_felicitas	barba_crescit_caput_nescit	scientia_imperii_decus_et_tutamen	155	803	Too Early	cacatum_non_est_pictum
targeted_therapy	CTDC-PARTICIPANT-752377	CTDC-TARGETED-THERAPY-563455	cacatum_non_est_pictum	scientia_et_labor	O_Tite_tute_Tati_tibi_tanta_tyranne_tulisti	barba_crescit_caput_nescit	199	535	Progressive Disease	barba_crescit_caput_nescit
targeted_therapy	CTDC-PARTICIPANT-752377	CTDC-TARGETED-THERAPY-293967	O_Tite_tute_Tati_tibi_tanta_tyranne_tulisti	Macte_animo_Generose_puer_sic_itur_ad_astra	imperium_in_imperio	nanos_gigantum_humeris_insidentes	519	15	Not Evaluable	id_quod_plerumque_accidit
targeted_therapy	CTDC-PARTICIPANT-984423	CTDC-TARGETED-THERAPY-840254	salus_in_arduis	nascentes_morimur_finisque_ab_origine_pendet	faber_est_suae_quisque_fortunae	Obedientia_civium_urbis_felicitas	923	347	Less than partial response	a_bene_placito
targeted_therapy	CTDC-PARTICIPANT-984423	CTDC-TARGETED-THERAPY-970765	sapiens_qui_prospicit	scientia_imperii_decus_et_tutamen	scientiae_cedit_mare	labor_ipse_voluptas	256	281	Not Assessed	Gallia_est_omnis_divisa_in_partes_tres
targeted_therapy	CTDC-PARTICIPANT-709410	CTDC-TARGETED-THERAPY-420104	damnant_quod_non_intellegunt	damnant_quod_non_intellegunt	damnant_quod_non_intellegunt	barba_crescit_caput_nescit	119	239	Complete Response	scientiae_cedit_mare
targeted_therapy	CTDC-PARTICIPANT-709410	CTDC-TARGETED-THERAPY-213365	scientia,_aere_perennius	scientia_et_sapientia	nascentes_morimur_finisque_ab_origine_pendet	Obedientia_civium_urbis_felicitas	87	366	Less than partial response	Obedientia_civium_urbis_felicitas
targeted_therapy	CTDC-PARTICIPANT-940790	CTDC-TARGETED-THERAPY-873970	Macte_animo_Generose_puer_sic_itur_ad_astra	e_causa_ignota	a_bene_placito	Obedientia_civium_urbis_felicitas	799	57	Too Early	scientiae_et_patriae
targeted_therapy	CTDC-PARTICIPANT-940790	CTDC-TARGETED-THERAPY-593723	barba_crescit_caput_nescit	scientiae_et_patriae	barba_crescit_caput_nescit	labor_ipse_voluptas	309	214	Not Assessed	e_causa_ignota
targeted_therapy	CTDC-PARTICIPANT-277817	CTDC-TARGETED-THERAPY-433796	e_causa_ignota	Gallia_est_omnis_divisa_in_partes_tres	haec_olim_meminisse_iuvabit	e_causa_ignota	383	770	Complete Response	scientia_et_sapientia
targeted_therapy	CTDC-PARTICIPANT-277817	CTDC-TARGETED-THERAPY-867039	pace_tua	scientia_imperii_decus_et_tutamen	pace_tua	cacatum_non_est_pictum	410	821	Not Assessed	nanos_gigantum_humeris_insidentes
targeted_therapy	CTDC-PARTICIPANT-635212	CTDC-TARGETED-THERAPY-556118	damnant_quod_non_intellegunt	scientia_imperii_decus_et_tutamen	id_quod_plerumque_accidit	cacatum_non_est_pictum	988	821	Stable Disease	scientia_et_sapientia
targeted_therapy	CTDC-PARTICIPANT-635212	CTDC-TARGETED-THERAPY-962324	imperium_in_imperio	scientia_et_labor	haec_olim_meminisse_iuvabit	id_quod_plerumque_accidit	393	533	Unknown	Obedientia_civium_urbis_felicitas
targeted_therapy	CTDC-PARTICIPANT-845787	CTDC-TARGETED-THERAPY-406822	O_Tite_tute_Tati_tibi_tanta_tyranne_tulisti	Macte_animo_Generose_puer_sic_itur_ad_astra	nanos_gigantum_humeris_insidentes	scientiae_cedit_mare	750	677	Complete Response	scientia_imperii_decus_et_tutamen
targeted_therapy	CTDC-PARTICIPANT-845787	CTDC-TARGETED-THERAPY-807677	scientia,_aere_perennius	salus_in_arduis	e_causa_ignota	O_Tite_tute_Tati_tibi_tanta_tyranne_tulisti	544	161	Not Assessed	scientiae_cedit_mare
targeted_therapy	CTDC-PARTICIPANT-938156	CTDC-TARGETED-THERAPY-342588	scientia_et_sapientia	saltus_in_demonstrando	sapiens_qui_prospicit	haec_olim_meminisse_iuvabit	48	136	Too Early	imperium_in_imperio
targeted_therapy	CTDC-PARTICIPANT-938156	CTDC-TARGETED-THERAPY-509631	a_bene_placito	id_quod_plerumque_accidit	scientia,_aere_perennius	scientia_et_labor	18	465	Not Evaluable	scientia,_aere_perennius
targeted_therapy	CTDC-PARTICIPANT-803823	CTDC-TARGETED-THERAPY-589150	pace_tua	salus_in_arduis	scientia_imperii_decus_et_tutamen	scientia_et_sapientia	561	905	Partial Response	scientia,_aere_perennius
targeted_therapy	CTDC-PARTICIPANT-803823	CTDC-TARGETED-THERAPY-949289	faber_est_suae_quisque_fortunae	sapiens_qui_prospicit	faber_est_suae_quisque_fortunae	cacatum_non_est_pictum	808	135	Unknown	scientia_et_labor
targeted_therapy	CTDC-PARTICIPANT-455737	CTDC-TARGETED-THERAPY-801127	labor_ipse_voluptas	O_Tite_tute_Tati_tibi_tanta_tyranne_tulisti	scientiae_et_patriae	a_bene_placito	368	640	Too Early	e_causa_ignota
targeted_therapy	CTDC-PARTICIPANT-455737	CTDC-TARGETED-THERAPY-927969	faber_est_suae_quisque_fortunae	a_bene_placito	scientiae_et_patriae	cacatum_non_est_pictum	65	232	Not Evaluable	pace_tua
targeted_therapy	CTDC-PARTICIPANT-518334	CTDC-TARGETED-THERAPY-628429	labor_ipse_voluptas	scientia_et_labor	pace_tua	sapiens_qui_prospicit	201	729	Complete Response	Obedientia_civium_urbis_felicitas
targeted_therapy	CTDC-PARTICIPANT-518334	CTDC-TARGETED-THERAPY-140245	scientia_et_sapientia	saltus_in_demonstrando	faber_est_suae_quisque_fortunae	scientia_imperii_decus_et_tutamen	921	671	Less than partial response	scientia,_aere_perennius
targeted_therapy	CTDC-PARTICIPANT-548324	CTDC-TARGETED-THERAPY-374704	scientiae_et_patriae	a_bene_placito	scientia_et_labor	e_causa_ignota	414	100	Complete Response	cacatum_non_est_pictum
targeted_therapy	CTDC-PARTICIPANT-548324	CTDC-TARGETED-THERAPY-694020	scientiae_et_patriae	damnant_quod_non_intellegunt	damnant_quod_non_intellegunt	saltus_in_demonstrando	532	274	Unknown	Gallia_est_omnis_divisa_in_partes_tres
targeted_therapy	CTDC-PARTICIPANT-693831	CTDC-TARGETED-THERAPY-740746	nanos_gigantum_humeris_insidentes	haec_olim_meminisse_iuvabit	Obedientia_civium_urbis_felicitas	salus_in_arduis	517	748	Progressive Disease	scientiae_et_patriae
targeted_therapy	CTDC-PARTICIPANT-693831	CTDC-TARGETED-THERAPY-189377	scientia,_aere_perennius	barba_crescit_caput_nescit	Macte_animo_Generose_puer_sic_itur_ad_astra	saltus_in_demonstrando	35	898	Less than partial response	Obedientia_civium_urbis_felicitas
targeted_therapy	CTDC-PARTICIPANT-345629	CTDC-TARGETED-THERAPY-993492	saltus_in_demonstrando	Macte_animo_Generose_puer_sic_itur_ad_astra	scientia_et_labor	Macte_animo_Generose_puer_sic_itur_ad_astra	697	286	Partial Response	nanos_gigantum_humeris_insidentes
targeted_therapy	CTDC-PARTICIPANT-345629	CTDC-TARGETED-THERAPY-742834	scientia_et_labor	scientiae_et_patriae	damnant_quod_non_intellegunt	e_causa_ignota	315	999	Progressive Disease	a_bene_placito
targeted_therapy	CTDC-PARTICIPANT-151888	CTDC-TARGETED-THERAPY-548746	O_Tite_tute_Tati_tibi_tanta_tyranne_tulisti	Macte_animo_Generose_puer_sic_itur_ad_astra	scientia_et_sapientia	scientia_et_sapientia	567	314	Not Assessed	scientia,_aere_perennius
targeted_therapy	CTDC-PARTICIPANT-151888	CTDC-TARGETED-THERAPY-363474	faber_est_suae_quisque_fortunae	sapiens_qui_prospicit	labor_ipse_voluptas	barba_crescit_caput_nescit	656	462	Unknown	haec_olim_meminisse_iuvabit
targeted_therapy	CTDC-PARTICIPANT-911273	CTDC-TARGETED-THERAPY-654767	scientia_et_labor	e_causa_ignota	Macte_animo_Generose_puer_sic_itur_ad_astra	Macte_animo_Generose_puer_sic_itur_ad_astra	648	903	Partial Response	saltus_in_demonstrando
targeted_therapy	CTDC-PARTICIPANT-911273	CTDC-TARGETED-THERAPY-399513	cacatum_non_est_pictum	labor_ipse_voluptas	e_causa_ignota	O_Tite_tute_Tati_tibi_tanta_tyranne_tulisti	710	714	Not Evaluable	imperium_in_imperio
targeted_therapy	CTDC-PARTICIPANT-862923	CTDC-TARGETED-THERAPY-301660	Macte_animo_Generose_puer_sic_itur_ad_astra	scientiae_et_patriae	nascentes_morimur_finisque_ab_origine_pendet	imperium_in_imperio	83	966	Less than partial response	scientia_imperii_decus_et_tutamen
targeted_therapy	CTDC-PARTICIPANT-862923	CTDC-TARGETED-THERAPY-744899	sapiens_qui_prospicit	cacatum_non_est_pictum	haec_olim_meminisse_iuvabit	pace_tua	377	937	Unknown	scientia_imperii_decus_et_tutamen
targeted_therapy	CTDC-PARTICIPANT-716314	CTDC-TARGETED-THERAPY-334879	scientia_imperii_decus_et_tutamen	scientiae_cedit_mare	sapiens_qui_prospicit	a_bene_placito	809	920	Partial Response	cacatum_non_est_pictum
targeted_therapy	CTDC-PARTICIPANT-716314	CTDC-TARGETED-THERAPY-534558	scientia_imperii_decus_et_tutamen	haec_olim_meminisse_iuvabit	cacatum_non_est_pictum	a_bene_placito	956	383	Progressive Disease	nanos_gigantum_humeris_insidentes
targeted_therapy	CTDC-PARTICIPANT-555997	CTDC-TARGETED-THERAPY-336545	scientiae_et_patriae	O_Tite_tute_Tati_tibi_tanta_tyranne_tulisti	saltus_in_demonstrando	imperium_in_imperio	926	371	Partial Response	faber_est_suae_quisque_fortunae
targeted_therapy	CTDC-PARTICIPANT-555997	CTDC-TARGETED-THERAPY-234845	sapiens_qui_prospicit	sapiens_qui_prospicit	nanos_gigantum_humeris_insidentes	Gallia_est_omnis_divisa_in_partes_tres	566	826	Partial Response	faber_est_suae_quisque_fortunae
targeted_therapy	CTDC-PARTICIPANT-317484	CTDC-TARGETED-THERAPY-806957	scientiae_et_patriae	imperium_in_imperio	saltus_in_demonstrando	id_quod_plerumque_accidit	926	596	Unknown	labor_ipse_voluptas
targeted_therapy	CTDC-PARTICIPANT-317484	CTDC-TARGETED-THERAPY-362886	Gallia_est_omnis_divisa_in_partes_tres	Macte_animo_Generose_puer_sic_itur_ad_astra	imperium_in_imperio	haec_olim_meminisse_iuvabit	327	202	Partial Response	damnant_quod_non_intellegunt
targeted_therapy	CTDC-PARTICIPANT-629268	CTDC-TARGETED-THERAPY-463952	scientia_imperii_decus_et_tutamen	barba_crescit_caput_nescit	scientia,_aere_perennius	scientia_imperii_decus_et_tutamen	901	232	Complete Response	e_causa_ignota
targeted_therapy	CTDC-PARTICIPANT-629268	CTDC-TARGETED-THERAPY-576722	Gallia_est_omnis_divisa_in_partes_tres	haec_olim_meminisse_iuvabit	id_quod_plerumque_accidit	imperium_in_imperio	247	212	Not Assessed	scientiae_cedit_mare
targeted_therapy	CTDC-PARTICIPANT-153199	CTDC-TARGETED-THERAPY-958285	imperium_in_imperio	scientiae_et_patriae	cacatum_non_est_pictum	id_quod_plerumque_accidit	272	874	Partial Response	imperium_in_imperio
targeted_therapy	CTDC-PARTICIPANT-153199	CTDC-TARGETED-THERAPY-252630	labor_ipse_voluptas	imperium_in_imperio	Gallia_est_omnis_divisa_in_partes_tres	e_causa_ignota	154	358	Less than partial response	imperium_in_imperio
targeted_therapy	CTDC-PARTICIPANT-381936	CTDC-TARGETED-THERAPY-349865	nascentes_morimur_finisque_ab_origine_pendet	faber_est_suae_quisque_fortunae	imperium_in_imperio	faber_est_suae_quisque_fortunae	929	430	Not Evaluable	O_Tite_tute_Tati_tibi_tanta_tyranne_tulisti
targeted_therapy	CTDC-PARTICIPANT-381936	CTDC-TARGETED-THERAPY-855040	barba_crescit_caput_nescit	faber_est_suae_quisque_fortunae	nascentes_morimur_finisque_ab_origine_pendet	imperium_in_imperio	479	709	Too Early	nanos_gigantum_humeris_insidentes
targeted_therapy	CTDC-PARTICIPANT-866904	CTDC-TARGETED-THERAPY-582296	scientiae_cedit_mare	saltus_in_demonstrando	O_Tite_tute_Tati_tibi_tanta_tyranne_tulisti	e_causa_ignota	866	912	Not Assessed	Obedientia_civium_urbis_felicitas
targeted_therapy	CTDC-PARTICIPANT-866904	CTDC-TARGETED-THERAPY-654797	scientiae_cedit_mare	a_bene_placito	sapiens_qui_prospicit	sapiens_qui_prospicit	728	322	Too Early	scientia,_aere_perennius
targeted_therapy	CTDC-PARTICIPANT-842962	CTDC-TARGETED-THERAPY-888826	scientiae_et_patriae	cacatum_non_est_pictum	pace_tua	O_Tite_tute_Tati_tibi_tanta_tyranne_tulisti	351	932	Stable Disease	scientia_et_sapientia
targeted_therapy	CTDC-PARTICIPANT-842962	CTDC-TARGETED-THERAPY-695379	pace_tua	id_quod_plerumque_accidit	scientia_et_labor	damnant_quod_non_intellegunt	610	113	Not Assessed	scientiae_cedit_mare
targeted_therapy	CTDC-PARTICIPANT-284794	CTDC-TARGETED-THERAPY-191081	nascentes_morimur_finisque_ab_origine_pendet	nanos_gigantum_humeris_insidentes	salus_in_arduis	labor_ipse_voluptas	980	699	Too Early	a_bene_placito
targeted_therapy	CTDC-PARTICIPANT-284794	CTDC-TARGETED-THERAPY-624009	imperium_in_imperio	scientia,_aere_perennius	O_Tite_tute_Tati_tibi_tanta_tyranne_tulisti	nascentes_morimur_finisque_ab_origine_pendet	817	767	Not Evaluable	e_causa_ignota
targeted_therapy	CTDC-PARTICIPANT-663400	CTDC-TARGETED-THERAPY-601117	saltus_in_demonstrando	pace_tua	imperium_in_imperio	damnant_quod_non_intellegunt	97	542	Partial Response	pace_tua
targeted_therapy	CTDC-PARTICIPANT-663400	CTDC-TARGETED-THERAPY-764645	sapiens_qui_prospicit	cacatum_non_est_pictum	pace_tua	sapiens_qui_prospicit	319	376	Not Assessed	Macte_animo_Generose_puer_sic_itur_ad_astra
targeted_therapy	CTDC-PARTICIPANT-307047	CTDC-TARGETED-THERAPY-421192	faber_est_suae_quisque_fortunae	scientia_et_labor	scientia_et_labor	labor_ipse_voluptas	403	275	Less than partial response	imperium_in_imperio
targeted_therapy	CTDC-PARTICIPANT-307047	CTDC-TARGETED-THERAPY-540154	labor_ipse_voluptas	scientia,_aere_perennius	saltus_in_demonstrando	scientia,_aere_perennius	30	141	Unknown	scientia_et_labor
targeted_therapy	CTDC-PARTICIPANT-684301	CTDC-TARGETED-THERAPY-798072	scientiae_cedit_mare	Macte_animo_Generose_puer_sic_itur_ad_astra	a_bene_placito	scientia_imperii_decus_et_tutamen	471	687	Unknown	scientia_et_labor
targeted_therapy	CTDC-PARTICIPANT-684301	CTDC-TARGETED-THERAPY-203957	id_quod_plerumque_accidit	salus_in_arduis	salus_in_arduis	scientia_et_labor	623	724	Not Assessed	scientia_et_sapientia
targeted_therapy	CTDC-PARTICIPANT-818286	CTDC-TARGETED-THERAPY-361920	nascentes_morimur_finisque_ab_origine_pendet	saltus_in_demonstrando	salus_in_arduis	saltus_in_demonstrando	90	62	Complete Response	scientiae_et_patriae
targeted_therapy	CTDC-PARTICIPANT-818286	CTDC-TARGETED-THERAPY-571120	faber_est_suae_quisque_fortunae	scientia_imperii_decus_et_tutamen	scientia,_aere_perennius	Obedientia_civium_urbis_felicitas	999	599	Not Evaluable	nanos_gigantum_humeris_insidentes
targeted_therapy	CTDC-PARTICIPANT-993025	CTDC-TARGETED-THERAPY-256957	haec_olim_meminisse_iuvabit	e_causa_ignota	pace_tua	scientia_et_sapientia	17	330	Unknown	nascentes_morimur_finisque_ab_origine_pendet
targeted_therapy	CTDC-PARTICIPANT-993025	CTDC-TARGETED-THERAPY-352382	cacatum_non_est_pictum	saltus_in_demonstrando	scientia_imperii_decus_et_tutamen	labor_ipse_voluptas	430	438	Unknown	a_bene_placito
targeted_therapy	CTDC-PARTICIPANT-578185	CTDC-TARGETED-THERAPY-803917	scientia_et_labor	imperium_in_imperio	O_Tite_tute_Tati_tibi_tanta_tyranne_tulisti	nanos_gigantum_humeris_insidentes	789	715	Progressive Disease	e_causa_ignota
targeted_therapy	CTDC-PARTICIPANT-578185	CTDC-TARGETED-THERAPY-611739	damnant_quod_non_intellegunt	nanos_gigantum_humeris_insidentes	nanos_gigantum_humeris_insidentes	cacatum_non_est_pictum	706	31	Stable Disease	barba_crescit_caput_nescit
targeted_therapy	CTDC-PARTICIPANT-324715	CTDC-TARGETED-THERAPY-912592	O_Tite_tute_Tati_tibi_tanta_tyranne_tulisti	haec_olim_meminisse_iuvabit	id_quod_plerumque_accidit	Macte_animo_Generose_puer_sic_itur_ad_astra	180	248	Complete Response	scientiae_cedit_mare
targeted_therapy	CTDC-PARTICIPANT-324715	CTDC-TARGETED-THERAPY-454116	id_quod_plerumque_accidit	scientia_et_sapientia	Gallia_est_omnis_divisa_in_partes_tres	cacatum_non_est_pictum	694	591	Too Early	scientiae_et_patriae
targeted_therapy	CTDC-PARTICIPANT-678673	CTDC-TARGETED-THERAPY-986777	faber_est_suae_quisque_fortunae	Gallia_est_omnis_divisa_in_partes_tres	pace_tua	damnant_quod_non_intellegunt	959	689	Progressive Disease	damnant_quod_non_intellegunt
targeted_therapy	CTDC-PARTICIPANT-678673	CTDC-TARGETED-THERAPY-987853	Macte_animo_Generose_puer_sic_itur_ad_astra	scientia,_aere_perennius	nascentes_morimur_finisque_ab_origine_pendet	cacatum_non_est_pictum	812	558	Too Early	scientia_et_labor
targeted_therapy	CTDC-PARTICIPANT-571518	CTDC-TARGETED-THERAPY-364181	haec_olim_meminisse_iuvabit	scientiae_cedit_mare	haec_olim_meminisse_iuvabit	barba_crescit_caput_nescit	868	668	Not Assessed	scientiae_et_patriae
targeted_therapy	CTDC-PARTICIPANT-571518	CTDC-TARGETED-THERAPY-905391	nascentes_morimur_finisque_ab_origine_pendet	imperium_in_imperio	damnant_quod_non_intellegunt	nascentes_morimur_finisque_ab_origine_pendet	946	559	Not Evaluable	nascentes_morimur_finisque_ab_origine_pendet
targeted_therapy	CTDC-PARTICIPANT-873392	CTDC-TARGETED-THERAPY-849305	Gallia_est_omnis_divisa_in_partes_tres	scientia_imperii_decus_et_tutamen	pace_tua	cacatum_non_est_pictum	977	112	Too Early	cacatum_non_est_pictum
targeted_therapy	CTDC-PARTICIPANT-873392	CTDC-TARGETED-THERAPY-539719	nanos_gigantum_humeris_insidentes	haec_olim_meminisse_iuvabit	nascentes_morimur_finisque_ab_origine_pendet	O_Tite_tute_Tati_tibi_tanta_tyranne_tulisti	912	99	Complete Response	sapiens_qui_prospicit
targeted_therapy	CTDC-PARTICIPANT-468304	CTDC-TARGETED-THERAPY-860103	id_quod_plerumque_accidit	id_quod_plerumque_accidit	scientia_et_sapientia	haec_olim_meminisse_iuvabit	575	457	Stable Disease	pace_tua
targeted_therapy	CTDC-PARTICIPANT-468304	CTDC-TARGETED-THERAPY-662041	e_causa_ignota	damnant_quod_non_intellegunt	a_bene_placito	nanos_gigantum_humeris_insidentes	213	926	Stable Disease	nascentes_morimur_finisque_ab_origine_pendet
targeted_therapy	CTDC-PARTICIPANT-509129	CTDC-TARGETED-THERAPY-165336	scientia_et_sapientia	a_bene_placito	haec_olim_meminisse_iuvabit	saltus_in_demonstrando	374	454	Too Early	pace_tua
targeted_therapy	CTDC-PARTICIPANT-509129	CTDC-TARGETED-THERAPY-812281	haec_olim_meminisse_iuvabit	nanos_gigantum_humeris_insidentes	a_bene_placito	Obedientia_civium_urbis_felicitas	374	58	Unknown	pace_tua
targeted_therapy	CTDC-PARTICIPANT-536078	CTDC-TARGETED-THERAPY-545538	sapiens_qui_prospicit	nanos_gigantum_humeris_insidentes	damnant_quod_non_intellegunt	scientia,_aere_perennius	560	794	Unknown	haec_olim_meminisse_iuvabit
targeted_therapy	CTDC-PARTICIPANT-536078	CTDC-TARGETED-THERAPY-165785	Obedientia_civium_urbis_felicitas	scientia_et_labor	scientiae_et_patriae	scientia_et_sapientia	802	930	Less than partial response	faber_est_suae_quisque_fortunae
targeted_therapy	CTDC-PARTICIPANT-406641	CTDC-TARGETED-THERAPY-877438	Gallia_est_omnis_divisa_in_partes_tres	damnant_quod_non_intellegunt	cacatum_non_est_pictum	pace_tua	759	133	Less than partial response	scientia_imperii_decus_et_tutamen
targeted_therapy	CTDC-PARTICIPANT-406641	CTDC-TARGETED-THERAPY-617782	nascentes_morimur_finisque_ab_origine_pendet	nanos_gigantum_humeris_insidentes	id_quod_plerumque_accidit	scientia_et_labor	228	168	Stable Disease	barba_crescit_caput_nescit
targeted_therapy	CTDC-PARTICIPANT-382497	CTDC-TARGETED-THERAPY-371243	Macte_animo_Generose_puer_sic_itur_ad_astra	Gallia_est_omnis_divisa_in_partes_tres	barba_crescit_caput_nescit	e_causa_ignota	784	255	Not Evaluable	labor_ipse_voluptas
targeted_therapy	CTDC-PARTICIPANT-382497	CTDC-TARGETED-THERAPY-277547	id_quod_plerumque_accidit	nanos_gigantum_humeris_insidentes	cacatum_non_est_pictum	a_bene_placito	857	423	Complete Response	O_Tite_tute_Tati_tibi_tanta_tyranne_tulisti
targeted_therapy	CTDC-PARTICIPANT-697606	CTDC-TARGETED-THERAPY-213618	imperium_in_imperio	scientia,_aere_perennius	a_bene_placito	scientia_imperii_decus_et_tutamen	600	219	Progressive Disease	labor_ipse_voluptas
targeted_therapy	CTDC-PARTICIPANT-697606	CTDC-TARGETED-THERAPY-286027	labor_ipse_voluptas	a_bene_placito	e_causa_ignota	scientia_et_sapientia	119	782	Less than partial response	nascentes_morimur_finisque_ab_origine_pendet
targeted_therapy	CTDC-PARTICIPANT-546234	CTDC-TARGETED-THERAPY-559915	a_bene_placito	pace_tua	pace_tua	labor_ipse_voluptas	395	791	Unknown	Macte_animo_Generose_puer_sic_itur_ad_astra
targeted_therapy	CTDC-PARTICIPANT-546234	CTDC-TARGETED-THERAPY-675995	scientiae_et_patriae	barba_crescit_caput_nescit	salus_in_arduis	cacatum_non_est_pictum	825	920	Less than partial response	cacatum_non_est_pictum
targeted_therapy	CTDC-PARTICIPANT-693469	CTDC-TARGETED-THERAPY-685049	nanos_gigantum_humeris_insidentes	Gallia_est_omnis_divisa_in_partes_tres	Obedientia_civium_urbis_felicitas	Gallia_est_omnis_divisa_in_partes_tres	717	120	Too Early	Gallia_est_omnis_divisa_in_partes_tres
targeted_therapy	CTDC-PARTICIPANT-693469	CTDC-TARGETED-THERAPY-376513	faber_est_suae_quisque_fortunae	sapiens_qui_prospicit	barba_crescit_caput_nescit	pace_tua	373	167	Partial Response	scientia_et_sapientia
targeted_therapy	CTDC-PARTICIPANT-922088	CTDC-TARGETED-THERAPY-464194	damnant_quod_non_intellegunt	faber_est_suae_quisque_fortunae	scientia_imperii_decus_et_tutamen	saltus_in_demonstrando	70	652	Unknown	Obedientia_civium_urbis_felicitas
targeted_therapy	CTDC-PARTICIPANT-922088	CTDC-TARGETED-THERAPY-847330	labor_ipse_voluptas	Obedientia_civium_urbis_felicitas	Macte_animo_Generose_puer_sic_itur_ad_astra	scientia_et_labor	339	520	Unknown	haec_olim_meminisse_iuvabit
targeted_therapy	CTDC-PARTICIPANT-141305	CTDC-TARGETED-THERAPY-970736	scientia_et_sapientia	a_bene_placito	saltus_in_demonstrando	scientia,_aere_perennius	614	680	Complete Response	pace_tua
targeted_therapy	CTDC-PARTICIPANT-141305	CTDC-TARGETED-THERAPY-302658	haec_olim_meminisse_iuvabit	cacatum_non_est_pictum	nascentes_morimur_finisque_ab_origine_pendet	id_quod_plerumque_accidit	799	60	Not Assessed	id_quod_plerumque_accidit
targeted_therapy	CTDC-PARTICIPANT-367517	CTDC-TARGETED-THERAPY-258327	nascentes_morimur_finisque_ab_origine_pendet	scientia_et_labor	pace_tua	scientia_imperii_decus_et_tutamen	799	723	Less than partial response	e_causa_ignota
targeted_therapy	CTDC-PARTICIPANT-367517	CTDC-TARGETED-THERAPY-259297	scientia_et_labor	salus_in_arduis	saltus_in_demonstrando	salus_in_arduis	652	874	Not Assessed	a_bene_placito
targeted_therapy	CTDC-PARTICIPANT-465076	CTDC-TARGETED-THERAPY-955295	salus_in_arduis	id_quod_plerumque_accidit	pace_tua	a_bene_placito	541	883	Not Assessed	saltus_in_demonstrando
targeted_therapy	CTDC-PARTICIPANT-465076	CTDC-TARGETED-THERAPY-232750	O_Tite_tute_Tati_tibi_tanta_tyranne_tulisti	haec_olim_meminisse_iuvabit	labor_ipse_voluptas	haec_olim_meminisse_iuvabit	905	831	Complete Response	labor_ipse_voluptas
targeted_therapy	CTDC-PARTICIPANT-615323	CTDC-TARGETED-THERAPY-769707	Gallia_est_omnis_divisa_in_partes_tres	labor_ipse_voluptas	Macte_animo_Generose_puer_sic_itur_ad_astra	scientiae_cedit_mare	916	671	Stable Disease	scientia,_aere_perennius
targeted_therapy	CTDC-PARTICIPANT-615323	CTDC-TARGETED-THERAPY-788170	nascentes_morimur_finisque_ab_origine_pendet	faber_est_suae_quisque_fortunae	salus_in_arduis	imperium_in_imperio	910	652	Unknown	nanos_gigantum_humeris_insidentes
targeted_therapy	CTDC-PARTICIPANT-732925	CTDC-TARGETED-THERAPY-175102	labor_ipse_voluptas	haec_olim_meminisse_iuvabit	salus_in_arduis	a_bene_placito	97	675	Partial Response	Gallia_est_omnis_divisa_in_partes_tres
targeted_therapy	CTDC-PARTICIPANT-732925	CTDC-TARGETED-THERAPY-318311	salus_in_arduis	haec_olim_meminisse_iuvabit	cacatum_non_est_pictum	scientia_et_labor	688	346	Progressive Disease	saltus_in_demonstrando
targeted_therapy	CTDC-PARTICIPANT-920683	CTDC-TARGETED-THERAPY-523559	Gallia_est_omnis_divisa_in_partes_tres	scientia_et_labor	id_quod_plerumque_accidit	scientiae_et_patriae	26	176	Stable Disease	scientia_et_labor
targeted_therapy	CTDC-PARTICIPANT-920683	CTDC-TARGETED-THERAPY-287215	scientiae_et_patriae	Gallia_est_omnis_divisa_in_partes_tres	barba_crescit_caput_nescit	scientia_et_labor	294	564	Not Evaluable	nascentes_morimur_finisque_ab_origine_pendet
targeted_therapy	CTDC-PARTICIPANT-301240	CTDC-TARGETED-THERAPY-265137	scientia_imperii_decus_et_tutamen	scientia_et_labor	a_bene_placito	id_quod_plerumque_accidit	684	126	Partial Response	scientia,_aere_perennius
targeted_therapy	CTDC-PARTICIPANT-301240	CTDC-TARGETED-THERAPY-444088	Macte_animo_Generose_puer_sic_itur_ad_astra	Gallia_est_omnis_divisa_in_partes_tres	scientiae_cedit_mare	nanos_gigantum_humeris_insidentes	542	665	Progressive Disease	sapiens_qui_prospicit
targeted_therapy	CTDC-PARTICIPANT-237383	CTDC-TARGETED-THERAPY-611976	sapiens_qui_prospicit	scientia_et_labor	cacatum_non_est_pictum	O_Tite_tute_Tati_tibi_tanta_tyranne_tulisti	85	520	Not Evaluable	Macte_animo_Generose_puer_sic_itur_ad_astra
targeted_therapy	CTDC-PARTICIPANT-237383	CTDC-TARGETED-THERAPY-389645	barba_crescit_caput_nescit	pace_tua	cacatum_non_est_pictum	Gallia_est_omnis_divisa_in_partes_tres	695	571	Progressive Disease	scientia_et_sapientia
targeted_therapy	CTDC-PARTICIPANT-981957	CTDC-TARGETED-THERAPY-871782	scientia,_aere_perennius	Gallia_est_omnis_divisa_in_partes_tres	a_bene_placito	faber_est_suae_quisque_fortunae	390	493	Partial Response	damnant_quod_non_intellegunt
targeted_therapy	CTDC-PARTICIPANT-981957	CTDC-TARGETED-THERAPY-273680	cacatum_non_est_pictum	scientia_et_sapientia	scientiae_et_patriae	nascentes_morimur_finisque_ab_origine_pendet	591	315	Partial Response	faber_est_suae_quisque_fortunae
targeted_therapy	CTDC-PARTICIPANT-582946	CTDC-TARGETED-THERAPY-671300	damnant_quod_non_intellegunt	scientia_et_sapientia	e_causa_ignota	O_Tite_tute_Tati_tibi_tanta_tyranne_tulisti	414	609	Too Early	haec_olim_meminisse_iuvabit
targeted_therapy	CTDC-PARTICIPANT-582946	CTDC-TARGETED-THERAPY-329554	scientia_imperii_decus_et_tutamen	saltus_in_demonstrando	labor_ipse_voluptas	faber_est_suae_quisque_fortunae	95	599	Progressive Disease	haec_olim_meminisse_iuvabit
targeted_therapy	CTDC-PARTICIPANT-498534	CTDC-TARGETED-THERAPY-694341	imperium_in_imperio	nanos_gigantum_humeris_insidentes	scientia,_aere_perennius	scientiae_et_patriae	777	386	Partial Response	nascentes_morimur_finisque_ab_origine_pendet
targeted_therapy	CTDC-PARTICIPANT-498534	CTDC-TARGETED-THERAPY-598248	pace_tua	cacatum_non_est_pictum	O_Tite_tute_Tati_tibi_tanta_tyranne_tulisti	nascentes_morimur_finisque_ab_origine_pendet	94	615	Partial Response	damnant_quod_non_intellegunt
targeted_therapy	CTDC-PARTICIPANT-263539	CTDC-TARGETED-THERAPY-389395	Macte_animo_Generose_puer_sic_itur_ad_astra	saltus_in_demonstrando	haec_olim_meminisse_iuvabit	salus_in_arduis	476	163	Progressive Disease	scientiae_et_patriae
targeted_therapy	CTDC-PARTICIPANT-263539	CTDC-TARGETED-THERAPY-937645	scientiae_cedit_mare	scientia,_aere_perennius	O_Tite_tute_Tati_tibi_tanta_tyranne_tulisti	barba_crescit_caput_nescit	499	187	Partial Response	labor_ipse_voluptas
targeted_therapy	CTDC-PARTICIPANT-548153	CTDC-TARGETED-THERAPY-239293	scientiae_cedit_mare	barba_crescit_caput_nescit	cacatum_non_est_pictum	haec_olim_meminisse_iuvabit	907	273	Stable Disease	scientia,_aere_perennius
targeted_therapy	CTDC-PARTICIPANT-548153	CTDC-TARGETED-THERAPY-493921	e_causa_ignota	haec_olim_meminisse_iuvabit	damnant_quod_non_intellegunt	haec_olim_meminisse_iuvabit	943	400	Unknown	faber_est_suae_quisque_fortunae
targeted_therapy	CTDC-PARTICIPANT-975057	CTDC-TARGETED-THERAPY-659699	nascentes_morimur_finisque_ab_origine_pendet	sapiens_qui_prospicit	scientia_et_sapientia	sapiens_qui_prospicit	369	196	Unknown	damnant_quod_non_intellegunt
targeted_therapy	CTDC-PARTICIPANT-975057	CTDC-TARGETED-THERAPY-361125	cacatum_non_est_pictum	scientia_et_labor	scientia_imperii_decus_et_tutamen	Gallia_est_omnis_divisa_in_partes_tres	929	891	Progressive Disease	sapiens_qui_prospicit
targeted_therapy	CTDC-PARTICIPANT-107028	CTDC-TARGETED-THERAPY-644928	a_bene_placito	O_Tite_tute_Tati_tibi_tanta_tyranne_tulisti	Macte_animo_Generose_puer_sic_itur_ad_astra	faber_est_suae_quisque_fortunae	902	793	Too Early	O_Tite_tute_Tati_tibi_tanta_tyranne_tulisti
targeted_therapy	CTDC-PARTICIPANT-107028	CTDC-TARGETED-THERAPY-555196	scientia_imperii_decus_et_tutamen	faber_est_suae_quisque_fortunae	scientia,_aere_perennius	scientiae_cedit_mare	228	682	Progressive Disease	e_causa_ignota
targeted_therapy	CTDC-PARTICIPANT-227268	CTDC-TARGETED-THERAPY-704185	scientia,_aere_perennius	scientia,_aere_perennius	Macte_animo_Generose_puer_sic_itur_ad_astra	scientia_et_labor	743	796	Stable Disease	sapiens_qui_prospicit
targeted_therapy	CTDC-PARTICIPANT-227268	CTDC-TARGETED-THERAPY-796849	cacatum_non_est_pictum	faber_est_suae_quisque_fortunae	cacatum_non_est_pictum	Macte_animo_Generose_puer_sic_itur_ad_astra	316	717	Unknown	scientiae_cedit_mare
targeted_therapy	CTDC-PARTICIPANT-367248	CTDC-TARGETED-THERAPY-481964	imperium_in_imperio	labor_ipse_voluptas	haec_olim_meminisse_iuvabit	O_Tite_tute_Tati_tibi_tanta_tyranne_tulisti	316	64	Progressive Disease	nanos_gigantum_humeris_insidentes
targeted_therapy	CTDC-PARTICIPANT-367248	CTDC-TARGETED-THERAPY-391455	barba_crescit_caput_nescit	a_bene_placito	damnant_quod_non_intellegunt	salus_in_arduis	203	329	Too Early	sapiens_qui_prospicit
targeted_therapy	CTDC-PARTICIPANT-450141	CTDC-TARGETED-THERAPY-677963	imperium_in_imperio	damnant_quod_non_intellegunt	scientia_et_sapientia	faber_est_suae_quisque_fortunae	227	557	Stable Disease	pace_tua
targeted_therapy	CTDC-PARTICIPANT-450141	CTDC-TARGETED-THERAPY-844757	Macte_animo_Generose_puer_sic_itur_ad_astra	imperium_in_imperio	barba_crescit_caput_nescit	id_quod_plerumque_accidit	460	79	Not Assessed	haec_olim_meminisse_iuvabit
targeted_therapy	CTDC-PARTICIPANT-828061	CTDC-TARGETED-THERAPY-910691	imperium_in_imperio	O_Tite_tute_Tati_tibi_tanta_tyranne_tulisti	pace_tua	imperium_in_imperio	45	146	Progressive Disease	pace_tua
targeted_therapy	CTDC-PARTICIPANT-828061	CTDC-TARGETED-THERAPY-334684	saltus_in_demonstrando	scientia_et_labor	Macte_animo_Generose_puer_sic_itur_ad_astra	Obedientia_civium_urbis_felicitas	482	650	Stable Disease	id_quod_plerumque_accidit
targeted_therapy	CTDC-PARTICIPANT-351016	CTDC-TARGETED-THERAPY-289270	imperium_in_imperio	sapiens_qui_prospicit	Obedientia_civium_urbis_felicitas	saltus_in_demonstrando	705	517	Less than partial response	Macte_animo_Generose_puer_sic_itur_ad_astra
targeted_therapy	CTDC-PARTICIPANT-351016	CTDC-TARGETED-THERAPY-223154	id_quod_plerumque_accidit	nascentes_morimur_finisque_ab_origine_pendet	scientia_et_sapientia	scientia_imperii_decus_et_tutamen	639	853	Unknown	e_causa_ignota
targeted_therapy	CTDC-PARTICIPANT-403624	CTDC-TARGETED-THERAPY-463658	scientiae_cedit_mare	barba_crescit_caput_nescit	Obedientia_civium_urbis_felicitas	id_quod_plerumque_accidit	677	922	Not Evaluable	Obedientia_civium_urbis_felicitas
targeted_therapy	CTDC-PARTICIPANT-403624	CTDC-TARGETED-THERAPY-564774	O_Tite_tute_Tati_tibi_tanta_tyranne_tulisti	a_bene_placito	scientia,_aere_perennius	scientia_imperii_decus_et_tutamen	27	307	Not Assessed	scientiae_et_patriae
targeted_therapy	CTDC-PARTICIPANT-477605	CTDC-TARGETED-THERAPY-333987	saltus_in_demonstrando	barba_crescit_caput_nescit	scientia_et_sapientia	haec_olim_meminisse_iuvabit	841	657	Complete Response	haec_olim_meminisse_iuvabit
targeted_therapy	CTDC-PARTICIPANT-477605	CTDC-TARGETED-THERAPY-406690	faber_est_suae_quisque_fortunae	Gallia_est_omnis_divisa_in_partes_tres	saltus_in_demonstrando	cacatum_non_est_pictum	454	203	Unknown	scientia_et_sapientia
targeted_therapy	CTDC-PARTICIPANT-725824	CTDC-TARGETED-THERAPY-409413	a_bene_placito	e_causa_ignota	salus_in_arduis	scientia,_aere_perennius	89	375	Partial Response	Obedientia_civium_urbis_felicitas
targeted_therapy	CTDC-PARTICIPANT-725824	CTDC-TARGETED-THERAPY-948158	O_Tite_tute_Tati_tibi_tanta_tyranne_tulisti	scientia_et_sapientia	scientiae_et_patriae	Gallia_est_omnis_divisa_in_partes_tres	933	850	Not Evaluable	salus_in_arduis
targeted_therapy	CTDC-PARTICIPANT-468027	CTDC-TARGETED-THERAPY-356997	scientia_et_labor	imperium_in_imperio	salus_in_arduis	nascentes_morimur_finisque_ab_origine_pendet	110	893	Complete Response	scientia_imperii_decus_et_tutamen
targeted_therapy	CTDC-PARTICIPANT-468027	CTDC-TARGETED-THERAPY-371305	faber_est_suae_quisque_fortunae	scientiae_cedit_mare	salus_in_arduis	sapiens_qui_prospicit	351	423	Too Early	Obedientia_civium_urbis_felicitas
targeted_therapy	CTDC-PARTICIPANT-685145	CTDC-TARGETED-THERAPY-350571	Macte_animo_Generose_puer_sic_itur_ad_astra	Gallia_est_omnis_divisa_in_partes_tres	barba_crescit_caput_nescit	imperium_in_imperio	100	792	Less than partial response	sapiens_qui_prospicit
targeted_therapy	CTDC-PARTICIPANT-685145	CTDC-TARGETED-THERAPY-996358	nanos_gigantum_humeris_insidentes	barba_crescit_caput_nescit	salus_in_arduis	O_Tite_tute_Tati_tibi_tanta_tyranne_tulisti	443	863	Too Early	Gallia_est_omnis_divisa_in_partes_tres
targeted_therapy	CTDC-PARTICIPANT-763370	CTDC-TARGETED-THERAPY-107651	nanos_gigantum_humeris_insidentes	barba_crescit_caput_nescit	labor_ipse_voluptas	id_quod_plerumque_accidit	162	322	Unknown	saltus_in_demonstrando
targeted_therapy	CTDC-PARTICIPANT-763370	CTDC-TARGETED-THERAPY-907229	labor_ipse_voluptas	Gallia_est_omnis_divisa_in_partes_tres	scientia_imperii_decus_et_tutamen	id_quod_plerumque_accidit	586	242	Progressive Disease	scientia,_aere_perennius
targeted_therapy	CTDC-PARTICIPANT-265206	CTDC-TARGETED-THERAPY-572962	saltus_in_demonstrando	scientiae_et_patriae	damnant_quod_non_intellegunt	imperium_in_imperio	313	764	Progressive Disease	scientia_et_sapientia
targeted_therapy	CTDC-PARTICIPANT-265206	CTDC-TARGETED-THERAPY-305156	nascentes_morimur_finisque_ab_origine_pendet	nanos_gigantum_humeris_insidentes	id_quod_plerumque_accidit	sapiens_qui_prospicit	703	913	Unknown	salus_in_arduis
targeted_therapy	CTDC-PARTICIPANT-486592	CTDC-TARGETED-THERAPY-817104	damnant_quod_non_intellegunt	a_bene_placito	damnant_quod_non_intellegunt	damnant_quod_non_intellegunt	545	959	Not Assessed	Gallia_est_omnis_divisa_in_partes_tres
targeted_therapy	CTDC-PARTICIPANT-486592	CTDC-TARGETED-THERAPY-930790	Macte_animo_Generose_puer_sic_itur_ad_astra	Gallia_est_omnis_divisa_in_partes_tres	sapiens_qui_prospicit	a_bene_placito	542	729	Too Early	labor_ipse_voluptas
targeted_therapy	CTDC-PARTICIPANT-219262	CTDC-TARGETED-THERAPY-947383	a_bene_placito	faber_est_suae_quisque_fortunae	salus_in_arduis	scientia_et_labor	662	226	Not Assessed	sapiens_qui_prospicit
targeted_therapy	CTDC-PARTICIPANT-219262	CTDC-TARGETED-THERAPY-887330	scientiae_et_patriae	scientia_et_sapientia	barba_crescit_caput_nescit	faber_est_suae_quisque_fortunae	716	488	Progressive Disease	nascentes_morimur_finisque_ab_origine_pendet
targeted_therapy	CTDC-PARTICIPANT-171311	CTDC-TARGETED-THERAPY-720916	scientia_et_sapientia	scientia_et_labor	a_bene_placito	faber_est_suae_quisque_fortunae	691	423	Unknown	scientia_imperii_decus_et_tutamen
targeted_therapy	CTDC-PARTICIPANT-171311	CTDC-TARGETED-THERAPY-901322	sapiens_qui_prospicit	Gallia_est_omnis_divisa_in_partes_tres	haec_olim_meminisse_iuvabit	scientia_imperii_decus_et_tutamen	323	581	Less than partial response	nascentes_morimur_finisque_ab_origine_pendet
targeted_therapy	CTDC-PARTICIPANT-375333	CTDC-TARGETED-THERAPY-511025	scientia_imperii_decus_et_tutamen	damnant_quod_non_intellegunt	id_quod_plerumque_accidit	barba_crescit_caput_nescit	734	911	Complete Response	damnant_quod_non_intellegunt
targeted_therapy	CTDC-PARTICIPANT-375333	CTDC-TARGETED-THERAPY-904933	faber_est_suae_quisque_fortunae	a_bene_placito	salus_in_arduis	a_bene_placito	645	804	Less than partial response	pace_tua
targeted_therapy	CTDC-PARTICIPANT-258626	CTDC-TARGETED-THERAPY-985861	scientia_et_labor	barba_crescit_caput_nescit	Gallia_est_omnis_divisa_in_partes_tres	nanos_gigantum_humeris_insidentes	996	877	Too Early	cacatum_non_est_pictum
targeted_therapy	CTDC-PARTICIPANT-258626	CTDC-TARGETED-THERAPY-564154	Gallia_est_omnis_divisa_in_partes_tres	id_quod_plerumque_accidit	salus_in_arduis	labor_ipse_voluptas	381	61	Unknown	sapiens_qui_prospicit
targeted_therapy	CTDC-PARTICIPANT-476700	CTDC-TARGETED-THERAPY-926713	labor_ipse_voluptas	scientia_et_labor	sapiens_qui_prospicit	a_bene_placito	356	910	Progressive Disease	sapiens_qui_prospicit
targeted_therapy	CTDC-PARTICIPANT-476700	CTDC-TARGETED-THERAPY-296403	labor_ipse_voluptas	Gallia_est_omnis_divisa_in_partes_tres	pace_tua	Gallia_est_omnis_divisa_in_partes_tres	57	924	Less than partial response	nanos_gigantum_humeris_insidentes
targeted_therapy	CTDC-PARTICIPANT-370927	CTDC-TARGETED-THERAPY-990821	scientia,_aere_perennius	scientia_imperii_decus_et_tutamen	scientia_imperii_decus_et_tutamen	labor_ipse_voluptas	752	548	Unknown	pace_tua
targeted_therapy	CTDC-PARTICIPANT-370927	CTDC-TARGETED-THERAPY-256673	cacatum_non_est_pictum	labor_ipse_voluptas	scientiae_et_patriae	barba_crescit_caput_nescit	913	741	Unknown	Macte_animo_Generose_puer_sic_itur_ad_astra
targeted_therapy	CTDC-PARTICIPANT-854959	CTDC-TARGETED-THERAPY-486428	scientiae_cedit_mare	scientia_et_labor	e_causa_ignota	haec_olim_meminisse_iuvabit	487	968	Not Evaluable	e_causa_ignota
targeted_therapy	CTDC-PARTICIPANT-854959	CTDC-TARGETED-THERAPY-905784	labor_ipse_voluptas	haec_olim_meminisse_iuvabit	O_Tite_tute_Tati_tibi_tanta_tyranne_tulisti	scientia_et_labor	58	720	Too Early	scientia,_aere_perennius
targeted_therapy	CTDC-PARTICIPANT-902884	CTDC-TARGETED-THERAPY-589583	haec_olim_meminisse_iuvabit	Macte_animo_Generose_puer_sic_itur_ad_astra	scientia_imperii_decus_et_tutamen	nascentes_morimur_finisque_ab_origine_pendet	522	910	Progressive Disease	scientiae_cedit_mare
targeted_therapy	CTDC-PARTICIPANT-902884	CTDC-TARGETED-THERAPY-729245	labor_ipse_voluptas	damnant_quod_non_intellegunt	id_quod_plerumque_accidit	haec_olim_meminisse_iuvabit	565	209	Progressive Disease	haec_olim_meminisse_iuvabit
targeted_therapy	CTDC-PARTICIPANT-739665	CTDC-TARGETED-THERAPY-427396	Macte_animo_Generose_puer_sic_itur_ad_astra	sapiens_qui_prospicit	barba_crescit_caput_nescit	nanos_gigantum_humeris_insidentes	501	174	Not Assessed	scientiae_et_patriae
targeted_therapy	CTDC-PARTICIPANT-739665	CTDC-TARGETED-THERAPY-504694	scientiae_cedit_mare	labor_ipse_voluptas	e_causa_ignota	scientia_et_labor	584	199	Not Evaluable	scientiae_cedit_mare
targeted_therapy	CTDC-PARTICIPANT-602860	CTDC-TARGETED-THERAPY-729277	id_quod_plerumque_accidit	labor_ipse_voluptas	O_Tite_tute_Tati_tibi_tanta_tyranne_tulisti	a_bene_placito	696	223	Unknown	Gallia_est_omnis_divisa_in_partes_tres
targeted_therapy	CTDC-PARTICIPANT-602860	CTDC-TARGETED-THERAPY-766118	Obedientia_civium_urbis_felicitas	scientia_imperii_decus_et_tutamen	scientia_et_sapientia	scientiae_cedit_mare	706	212	Partial Response	barba_crescit_caput_nescit
targeted_therapy	CTDC-PARTICIPANT-230731	CTDC-TARGETED-THERAPY-265321	barba_crescit_caput_nescit	imperium_in_imperio	salus_in_arduis	e_causa_ignota	984	479	Partial Response	cacatum_non_est_pictum
targeted_therapy	CTDC-PARTICIPANT-230731	CTDC-TARGETED-THERAPY-255650	O_Tite_tute_Tati_tibi_tanta_tyranne_tulisti	scientiae_cedit_mare	labor_ipse_voluptas	e_causa_ignota	80	257	Not Evaluable	faber_est_suae_quisque_fortunae
targeted_therapy	CTDC-PARTICIPANT-146827	CTDC-TARGETED-THERAPY-447147	pace_tua	scientiae_cedit_mare	e_causa_ignota	nascentes_morimur_finisque_ab_origine_pendet	298	189	Less than partial response	barba_crescit_caput_nescit
targeted_therapy	CTDC-PARTICIPANT-146827	CTDC-TARGETED-THERAPY-931847	pace_tua	scientia_imperii_decus_et_tutamen	Obedientia_civium_urbis_felicitas	salus_in_arduis	378	527	Partial Response	nascentes_morimur_finisque_ab_origine_pendet
targeted_therapy	CTDC-PARTICIPANT-288961	CTDC-TARGETED-THERAPY-649486	e_causa_ignota	faber_est_suae_quisque_fortunae	saltus_in_demonstrando	id_quod_plerumque_accidit	555	850	Too Early	pace_tua
targeted_therapy	CTDC-PARTICIPANT-288961	CTDC-TARGETED-THERAPY-826391	sapiens_qui_prospicit	scientiae_et_patriae	saltus_in_demonstrando	salus_in_arduis	994	538	Not Evaluable	scientia_et_sapientia
targeted_therapy	CTDC-PARTICIPANT-895862	CTDC-TARGETED-THERAPY-455668	scientia,_aere_perennius	scientia_imperii_decus_et_tutamen	id_quod_plerumque_accidit	scientiae_cedit_mare	423	404	Not Evaluable	scientia,_aere_perennius
targeted_therapy	CTDC-PARTICIPANT-895862	CTDC-TARGETED-THERAPY-189822	scientiae_et_patriae	cacatum_non_est_pictum	Macte_animo_Generose_puer_sic_itur_ad_astra	damnant_quod_non_intellegunt	662	903	Less than partial response	saltus_in_demonstrando
targeted_therapy	CTDC-PARTICIPANT-495302	CTDC-TARGETED-THERAPY-917910	salus_in_arduis	scientia_imperii_decus_et_tutamen	nanos_gigantum_humeris_insidentes	cacatum_non_est_pictum	441	672	Partial Response	saltus_in_demonstrando
targeted_therapy	CTDC-PARTICIPANT-495302	CTDC-TARGETED-THERAPY-236664	scientia,_aere_perennius	barba_crescit_caput_nescit	scientiae_et_patriae	nanos_gigantum_humeris_insidentes	462	18	Too Early	sapiens_qui_prospicit
targeted_therapy	CTDC-PARTICIPANT-586755	CTDC-TARGETED-THERAPY-501844	saltus_in_demonstrando	imperium_in_imperio	scientia_imperii_decus_et_tutamen	damnant_quod_non_intellegunt	917	13	Not Assessed	imperium_in_imperio
targeted_therapy	CTDC-PARTICIPANT-586755	CTDC-TARGETED-THERAPY-590820	scientiae_et_patriae	faber_est_suae_quisque_fortunae	faber_est_suae_quisque_fortunae	e_causa_ignota	484	417	Unknown	Macte_animo_Generose_puer_sic_itur_ad_astra
targeted_therapy	CTDC-PARTICIPANT-211132	CTDC-TARGETED-THERAPY-455189	saltus_in_demonstrando	pace_tua	scientia,_aere_perennius	sapiens_qui_prospicit	176	477	Complete Response	imperium_in_imperio
targeted_therapy	CTDC-PARTICIPANT-211132	CTDC-TARGETED-THERAPY-590796	faber_est_suae_quisque_fortunae	barba_crescit_caput_nescit	nascentes_morimur_finisque_ab_origine_pendet	haec_olim_meminisse_iuvabit	254	600	Stable Disease	sapiens_qui_prospicit
targeted_therapy	CTDC-PARTICIPANT-389913	CTDC-TARGETED-THERAPY-425958	a_bene_placito	O_Tite_tute_Tati_tibi_tanta_tyranne_tulisti	Macte_animo_Generose_puer_sic_itur_ad_astra	Macte_animo_Generose_puer_sic_itur_ad_astra	342	572	Partial Response	a_bene_placito
targeted_therapy	CTDC-PARTICIPANT-389913	CTDC-TARGETED-THERAPY-859056	Gallia_est_omnis_divisa_in_partes_tres	imperium_in_imperio	labor_ipse_voluptas	pace_tua	537	852	Less than partial response	cacatum_non_est_pictum
targeted_therapy	CTDC-PARTICIPANT-579844	CTDC-TARGETED-THERAPY-791086	scientia_imperii_decus_et_tutamen	nascentes_morimur_finisque_ab_origine_pendet	id_quod_plerumque_accidit	scientia_imperii_decus_et_tutamen	293	813	Complete Response	Gallia_est_omnis_divisa_in_partes_tres
targeted_therapy	CTDC-PARTICIPANT-579844	CTDC-TARGETED-THERAPY-939074	nanos_gigantum_humeris_insidentes	haec_olim_meminisse_iuvabit	Gallia_est_omnis_divisa_in_partes_tres	scientia_imperii_decus_et_tutamen	815	13	Unknown	a_bene_placito
targeted_therapy	CTDC-PARTICIPANT-196079	CTDC-TARGETED-THERAPY-534660	imperium_in_imperio	scientia_imperii_decus_et_tutamen	a_bene_placito	scientia_imperii_decus_et_tutamen	454	917	Partial Response	cacatum_non_est_pictum
targeted_therapy	CTDC-PARTICIPANT-196079	CTDC-TARGETED-THERAPY-683049	scientia_et_labor	damnant_quod_non_intellegunt	imperium_in_imperio	damnant_quod_non_intellegunt	501	422	Complete Response	id_quod_plerumque_accidit
targeted_therapy	CTDC-PARTICIPANT-221589	CTDC-TARGETED-THERAPY-598860	salus_in_arduis	scientiae_et_patriae	id_quod_plerumque_accidit	labor_ipse_voluptas	579	489	Complete Response	Macte_animo_Generose_puer_sic_itur_ad_astra
targeted_therapy	CTDC-PARTICIPANT-221589	CTDC-TARGETED-THERAPY-784281	Macte_animo_Generose_puer_sic_itur_ad_astra	scientia,_aere_perennius	labor_ipse_voluptas	scientiae_cedit_mare	536	798	Progressive Disease	sapiens_qui_prospicit
targeted_therapy	CTDC-PARTICIPANT-479741	CTDC-TARGETED-THERAPY-139907	Macte_animo_Generose_puer_sic_itur_ad_astra	Obedientia_civium_urbis_felicitas	scientiae_et_patriae	scientia_et_labor	854	794	Progressive Disease	haec_olim_meminisse_iuvabit
targeted_therapy	CTDC-PARTICIPANT-479741	CTDC-TARGETED-THERAPY-925327	saltus_in_demonstrando	pace_tua	scientia_imperii_decus_et_tutamen	cacatum_non_est_pictum	303	938	Partial Response	pace_tua
targeted_therapy	CTDC-PARTICIPANT-371871	CTDC-TARGETED-THERAPY-104819	sapiens_qui_prospicit	scientia,_aere_perennius	barba_crescit_caput_nescit	faber_est_suae_quisque_fortunae	744	373	Progressive Disease	scientiae_et_patriae
targeted_therapy	CTDC-PARTICIPANT-371871	CTDC-TARGETED-THERAPY-760615	damnant_quod_non_intellegunt	sapiens_qui_prospicit	haec_olim_meminisse_iuvabit	sapiens_qui_prospicit	89	760	Progressive Disease	scientia_imperii_decus_et_tutamen
