type	participant.participant_id	targeted_therapy_record_id	targeted_therapy	targeted_therapy_dose	targeted_therapy_dose_units	targeted_therapy_frequency	targeted_therapy_start_date	targeted_therapy_end_date	best_response_to_targeted_therapy	crdc_id
targeted_therapy	CTDC-PARTICIPANT-940697	CTDC-TARGETED-THERAPY-803610	Macte_animo_Generose_puer_sic_itur_ad_astra	faber_est_suae_quisque_fortunae	scientiae_cedit_mare	scientia_et_sapientia	442	762	Less than partial response	faber_est_suae_quisque_fortunae
targeted_therapy	CTDC-PARTICIPANT-940697	CTDC-TARGETED-THERAPY-360905	nascentes_morimur_finisque_ab_origine_pendet	scientia_et_sapientia	Obedientia_civium_urbis_felicitas	Macte_animo_Generose_puer_sic_itur_ad_astra	48	731	Not Assessed	salus_in_arduis
targeted_therapy	CTDC-PARTICIPANT-295588	CTDC-TARGETED-THERAPY-829429	scientia_imperii_decus_et_tutamen	Macte_animo_Generose_puer_sic_itur_ad_astra	Macte_animo_Generose_puer_sic_itur_ad_astra	cacatum_non_est_pictum	453	345	Partial Response	pace_tua
targeted_therapy	CTDC-PARTICIPANT-295588	CTDC-TARGETED-THERAPY-719142	salus_in_arduis	e_causa_ignota	O_Tite_tute_Tati_tibi_tanta_tyranne_tulisti	O_Tite_tute_Tati_tibi_tanta_tyranne_tulisti	547	767	Progressive Disease	faber_est_suae_quisque_fortunae
targeted_therapy	CTDC-PARTICIPANT-950265	CTDC-TARGETED-THERAPY-270705	id_quod_plerumque_accidit	scientia,_aere_perennius	labor_ipse_voluptas	scientia_et_labor	885	503	Partial Response	nanos_gigantum_humeris_insidentes
targeted_therapy	CTDC-PARTICIPANT-950265	CTDC-TARGETED-THERAPY-244994	scientiae_et_patriae	O_Tite_tute_Tati_tibi_tanta_tyranne_tulisti	labor_ipse_voluptas	nanos_gigantum_humeris_insidentes	515	929	Partial Response	scientia_imperii_decus_et_tutamen
targeted_therapy	CTDC-PARTICIPANT-831328	CTDC-TARGETED-THERAPY-721926	O_Tite_tute_Tati_tibi_tanta_tyranne_tulisti	salus_in_arduis	scientia,_aere_perennius	nanos_gigantum_humeris_insidentes	650	321	Progressive Disease	nascentes_morimur_finisque_ab_origine_pendet
targeted_therapy	CTDC-PARTICIPANT-831328	CTDC-TARGETED-THERAPY-295222	saltus_in_demonstrando	O_Tite_tute_Tati_tibi_tanta_tyranne_tulisti	scientia_imperii_decus_et_tutamen	nanos_gigantum_humeris_insidentes	219	268	Not Assessed	salus_in_arduis
targeted_therapy	CTDC-PARTICIPANT-719227	CTDC-TARGETED-THERAPY-795753	scientia,_aere_perennius	nascentes_morimur_finisque_ab_origine_pendet	haec_olim_meminisse_iuvabit	nascentes_morimur_finisque_ab_origine_pendet	746	692	Stable Disease	sapiens_qui_prospicit
targeted_therapy	CTDC-PARTICIPANT-719227	CTDC-TARGETED-THERAPY-649158	Obedientia_civium_urbis_felicitas	scientiae_et_patriae	faber_est_suae_quisque_fortunae	labor_ipse_voluptas	784	352	Stable Disease	cacatum_non_est_pictum
targeted_therapy	CTDC-PARTICIPANT-528022	CTDC-TARGETED-THERAPY-215555	imperium_in_imperio	labor_ipse_voluptas	scientia,_aere_perennius	cacatum_non_est_pictum	838	852	Unknown	scientia_et_labor
targeted_therapy	CTDC-PARTICIPANT-528022	CTDC-TARGETED-THERAPY-826541	nanos_gigantum_humeris_insidentes	id_quod_plerumque_accidit	pace_tua	damnant_quod_non_intellegunt	313	575	Progressive Disease	haec_olim_meminisse_iuvabit
targeted_therapy	CTDC-PARTICIPANT-100099	CTDC-TARGETED-THERAPY-591371	e_causa_ignota	nascentes_morimur_finisque_ab_origine_pendet	Macte_animo_Generose_puer_sic_itur_ad_astra	saltus_in_demonstrando	173	219	Progressive Disease	Gallia_est_omnis_divisa_in_partes_tres
targeted_therapy	CTDC-PARTICIPANT-100099	CTDC-TARGETED-THERAPY-803671	O_Tite_tute_Tati_tibi_tanta_tyranne_tulisti	barba_crescit_caput_nescit	Obedientia_civium_urbis_felicitas	scientia_et_sapientia	339	341	Not Assessed	scientia,_aere_perennius
targeted_therapy	CTDC-PARTICIPANT-855147	CTDC-TARGETED-THERAPY-827754	nanos_gigantum_humeris_insidentes	e_causa_ignota	scientia_et_labor	id_quod_plerumque_accidit	717	941	Not Evaluable	barba_crescit_caput_nescit
targeted_therapy	CTDC-PARTICIPANT-855147	CTDC-TARGETED-THERAPY-402084	imperium_in_imperio	damnant_quod_non_intellegunt	barba_crescit_caput_nescit	Gallia_est_omnis_divisa_in_partes_tres	953	227	Not Assessed	Macte_animo_Generose_puer_sic_itur_ad_astra
targeted_therapy	CTDC-PARTICIPANT-628469	CTDC-TARGETED-THERAPY-490444	e_causa_ignota	barba_crescit_caput_nescit	Obedientia_civium_urbis_felicitas	sapiens_qui_prospicit	100	994	Not Assessed	scientia,_aere_perennius
targeted_therapy	CTDC-PARTICIPANT-628469	CTDC-TARGETED-THERAPY-728105	pace_tua	damnant_quod_non_intellegunt	O_Tite_tute_Tati_tibi_tanta_tyranne_tulisti	e_causa_ignota	48	467	Unknown	Macte_animo_Generose_puer_sic_itur_ad_astra
targeted_therapy	CTDC-PARTICIPANT-635909	CTDC-TARGETED-THERAPY-818806	O_Tite_tute_Tati_tibi_tanta_tyranne_tulisti	nascentes_morimur_finisque_ab_origine_pendet	id_quod_plerumque_accidit	sapiens_qui_prospicit	631	982	Progressive Disease	cacatum_non_est_pictum
targeted_therapy	CTDC-PARTICIPANT-635909	CTDC-TARGETED-THERAPY-455420	scientia_et_labor	pace_tua	scientia_imperii_decus_et_tutamen	Macte_animo_Generose_puer_sic_itur_ad_astra	108	806	Not Assessed	O_Tite_tute_Tati_tibi_tanta_tyranne_tulisti
targeted_therapy	CTDC-PARTICIPANT-735210	CTDC-TARGETED-THERAPY-172331	saltus_in_demonstrando	salus_in_arduis	sapiens_qui_prospicit	nascentes_morimur_finisque_ab_origine_pendet	868	723	Too Early	Obedientia_civium_urbis_felicitas
targeted_therapy	CTDC-PARTICIPANT-735210	CTDC-TARGETED-THERAPY-110663	sapiens_qui_prospicit	labor_ipse_voluptas	salus_in_arduis	sapiens_qui_prospicit	173	456	Partial Response	nanos_gigantum_humeris_insidentes
targeted_therapy	CTDC-PARTICIPANT-716246	CTDC-TARGETED-THERAPY-859204	scientia_et_labor	O_Tite_tute_Tati_tibi_tanta_tyranne_tulisti	scientia,_aere_perennius	haec_olim_meminisse_iuvabit	425	193	Complete Response	nascentes_morimur_finisque_ab_origine_pendet
targeted_therapy	CTDC-PARTICIPANT-716246	CTDC-TARGETED-THERAPY-214004	a_bene_placito	scientia_imperii_decus_et_tutamen	saltus_in_demonstrando	scientiae_et_patriae	449	555	Progressive Disease	sapiens_qui_prospicit
targeted_therapy	CTDC-PARTICIPANT-702973	CTDC-TARGETED-THERAPY-532715	scientia,_aere_perennius	cacatum_non_est_pictum	saltus_in_demonstrando	scientia_imperii_decus_et_tutamen	17	533	Stable Disease	labor_ipse_voluptas
targeted_therapy	CTDC-PARTICIPANT-702973	CTDC-TARGETED-THERAPY-827095	imperium_in_imperio	a_bene_placito	scientia_imperii_decus_et_tutamen	salus_in_arduis	289	365	Complete Response	salus_in_arduis
targeted_therapy	CTDC-PARTICIPANT-808487	CTDC-TARGETED-THERAPY-142886	faber_est_suae_quisque_fortunae	damnant_quod_non_intellegunt	scientia_et_labor	faber_est_suae_quisque_fortunae	209	206	Unknown	O_Tite_tute_Tati_tibi_tanta_tyranne_tulisti
targeted_therapy	CTDC-PARTICIPANT-808487	CTDC-TARGETED-THERAPY-315885	imperium_in_imperio	cacatum_non_est_pictum	scientia_imperii_decus_et_tutamen	barba_crescit_caput_nescit	921	446	Complete Response	sapiens_qui_prospicit
targeted_therapy	CTDC-PARTICIPANT-131113	CTDC-TARGETED-THERAPY-422881	damnant_quod_non_intellegunt	salus_in_arduis	e_causa_ignota	nascentes_morimur_finisque_ab_origine_pendet	381	926	Not Evaluable	scientia_imperii_decus_et_tutamen
targeted_therapy	CTDC-PARTICIPANT-131113	CTDC-TARGETED-THERAPY-121328	id_quod_plerumque_accidit	nascentes_morimur_finisque_ab_origine_pendet	salus_in_arduis	scientia_et_sapientia	355	274	Unknown	sapiens_qui_prospicit
targeted_therapy	CTDC-PARTICIPANT-186856	CTDC-TARGETED-THERAPY-198870	haec_olim_meminisse_iuvabit	pace_tua	imperium_in_imperio	scientia_imperii_decus_et_tutamen	328	627	Not Evaluable	cacatum_non_est_pictum
targeted_therapy	CTDC-PARTICIPANT-186856	CTDC-TARGETED-THERAPY-192995	Obedientia_civium_urbis_felicitas	e_causa_ignota	imperium_in_imperio	labor_ipse_voluptas	852	522	Stable Disease	scientia_et_labor
targeted_therapy	CTDC-PARTICIPANT-178070	CTDC-TARGETED-THERAPY-709361	a_bene_placito	imperium_in_imperio	salus_in_arduis	scientiae_cedit_mare	120	728	Less than partial response	saltus_in_demonstrando
targeted_therapy	CTDC-PARTICIPANT-178070	CTDC-TARGETED-THERAPY-349720	scientia_imperii_decus_et_tutamen	cacatum_non_est_pictum	damnant_quod_non_intellegunt	scientia,_aere_perennius	821	50	Progressive Disease	e_causa_ignota
targeted_therapy	CTDC-PARTICIPANT-632761	CTDC-TARGETED-THERAPY-347605	barba_crescit_caput_nescit	haec_olim_meminisse_iuvabit	nanos_gigantum_humeris_insidentes	pace_tua	284	884	Complete Response	a_bene_placito
targeted_therapy	CTDC-PARTICIPANT-632761	CTDC-TARGETED-THERAPY-835654	scientiae_cedit_mare	e_causa_ignota	damnant_quod_non_intellegunt	barba_crescit_caput_nescit	897	278	Not Evaluable	faber_est_suae_quisque_fortunae
targeted_therapy	CTDC-PARTICIPANT-148295	CTDC-TARGETED-THERAPY-861545	nascentes_morimur_finisque_ab_origine_pendet	scientia_et_labor	O_Tite_tute_Tati_tibi_tanta_tyranne_tulisti	damnant_quod_non_intellegunt	814	397	Not Assessed	pace_tua
targeted_therapy	CTDC-PARTICIPANT-148295	CTDC-TARGETED-THERAPY-872075	Macte_animo_Generose_puer_sic_itur_ad_astra	scientia_et_labor	pace_tua	nascentes_morimur_finisque_ab_origine_pendet	413	941	Too Early	salus_in_arduis
targeted_therapy	CTDC-PARTICIPANT-210035	CTDC-TARGETED-THERAPY-359786	scientia_imperii_decus_et_tutamen	damnant_quod_non_intellegunt	scientia,_aere_perennius	id_quod_plerumque_accidit	793	661	Complete Response	Macte_animo_Generose_puer_sic_itur_ad_astra
targeted_therapy	CTDC-PARTICIPANT-210035	CTDC-TARGETED-THERAPY-894972	scientia_imperii_decus_et_tutamen	scientiae_cedit_mare	Gallia_est_omnis_divisa_in_partes_tres	scientia,_aere_perennius	601	127	Progressive Disease	Macte_animo_Generose_puer_sic_itur_ad_astra
targeted_therapy	CTDC-PARTICIPANT-314035	CTDC-TARGETED-THERAPY-352473	Macte_animo_Generose_puer_sic_itur_ad_astra	sapiens_qui_prospicit	saltus_in_demonstrando	O_Tite_tute_Tati_tibi_tanta_tyranne_tulisti	995	47	Progressive Disease	nanos_gigantum_humeris_insidentes
targeted_therapy	CTDC-PARTICIPANT-314035	CTDC-TARGETED-THERAPY-765742	O_Tite_tute_Tati_tibi_tanta_tyranne_tulisti	cacatum_non_est_pictum	imperium_in_imperio	scientia_et_sapientia	462	430	Not Assessed	scientiae_cedit_mare
targeted_therapy	CTDC-PARTICIPANT-959772	CTDC-TARGETED-THERAPY-636706	Macte_animo_Generose_puer_sic_itur_ad_astra	Gallia_est_omnis_divisa_in_partes_tres	scientiae_cedit_mare	e_causa_ignota	645	521	Not Evaluable	id_quod_plerumque_accidit
targeted_therapy	CTDC-PARTICIPANT-959772	CTDC-TARGETED-THERAPY-890354	damnant_quod_non_intellegunt	scientiae_cedit_mare	scientia,_aere_perennius	scientia_et_sapientia	339	686	Partial Response	saltus_in_demonstrando
targeted_therapy	CTDC-PARTICIPANT-531425	CTDC-TARGETED-THERAPY-638663	e_causa_ignota	barba_crescit_caput_nescit	scientiae_cedit_mare	salus_in_arduis	887	444	Not Assessed	haec_olim_meminisse_iuvabit
targeted_therapy	CTDC-PARTICIPANT-531425	CTDC-TARGETED-THERAPY-518219	cacatum_non_est_pictum	Macte_animo_Generose_puer_sic_itur_ad_astra	Macte_animo_Generose_puer_sic_itur_ad_astra	a_bene_placito	35	757	Not Assessed	Macte_animo_Generose_puer_sic_itur_ad_astra
targeted_therapy	CTDC-PARTICIPANT-801713	CTDC-TARGETED-THERAPY-486882	sapiens_qui_prospicit	barba_crescit_caput_nescit	a_bene_placito	scientiae_cedit_mare	706	614	Partial Response	scientia_imperii_decus_et_tutamen
targeted_therapy	CTDC-PARTICIPANT-801713	CTDC-TARGETED-THERAPY-842183	a_bene_placito	barba_crescit_caput_nescit	scientiae_et_patriae	scientia,_aere_perennius	688	294	Less than partial response	scientia_et_labor
targeted_therapy	CTDC-PARTICIPANT-515074	CTDC-TARGETED-THERAPY-201239	scientia,_aere_perennius	pace_tua	id_quod_plerumque_accidit	scientia_imperii_decus_et_tutamen	311	375	Partial Response	nascentes_morimur_finisque_ab_origine_pendet
targeted_therapy	CTDC-PARTICIPANT-515074	CTDC-TARGETED-THERAPY-354536	nascentes_morimur_finisque_ab_origine_pendet	scientia_imperii_decus_et_tutamen	a_bene_placito	damnant_quod_non_intellegunt	231	636	Less than partial response	Gallia_est_omnis_divisa_in_partes_tres
targeted_therapy	CTDC-PARTICIPANT-720549	CTDC-TARGETED-THERAPY-739056	e_causa_ignota	haec_olim_meminisse_iuvabit	scientia,_aere_perennius	scientia_imperii_decus_et_tutamen	212	611	Unknown	damnant_quod_non_intellegunt
targeted_therapy	CTDC-PARTICIPANT-720549	CTDC-TARGETED-THERAPY-715297	a_bene_placito	cacatum_non_est_pictum	scientia,_aere_perennius	cacatum_non_est_pictum	494	649	Unknown	scientia_et_sapientia
targeted_therapy	CTDC-PARTICIPANT-293581	CTDC-TARGETED-THERAPY-735337	sapiens_qui_prospicit	Gallia_est_omnis_divisa_in_partes_tres	haec_olim_meminisse_iuvabit	salus_in_arduis	185	666	Not Assessed	scientiae_et_patriae
targeted_therapy	CTDC-PARTICIPANT-293581	CTDC-TARGETED-THERAPY-720105	id_quod_plerumque_accidit	scientia_et_labor	pace_tua	scientia,_aere_perennius	532	404	Stable Disease	scientiae_et_patriae
targeted_therapy	CTDC-PARTICIPANT-746931	CTDC-TARGETED-THERAPY-700576	nanos_gigantum_humeris_insidentes	e_causa_ignota	damnant_quod_non_intellegunt	scientiae_cedit_mare	644	686	Too Early	haec_olim_meminisse_iuvabit
targeted_therapy	CTDC-PARTICIPANT-746931	CTDC-TARGETED-THERAPY-572516	a_bene_placito	O_Tite_tute_Tati_tibi_tanta_tyranne_tulisti	Obedientia_civium_urbis_felicitas	imperium_in_imperio	777	23	Not Evaluable	salus_in_arduis
targeted_therapy	CTDC-PARTICIPANT-920877	CTDC-TARGETED-THERAPY-621736	barba_crescit_caput_nescit	scientiae_et_patriae	pace_tua	Macte_animo_Generose_puer_sic_itur_ad_astra	540	122	Complete Response	scientiae_et_patriae
targeted_therapy	CTDC-PARTICIPANT-920877	CTDC-TARGETED-THERAPY-508259	pace_tua	pace_tua	scientia_et_labor	scientia_et_sapientia	239	778	Progressive Disease	Obedientia_civium_urbis_felicitas
targeted_therapy	CTDC-PARTICIPANT-775344	CTDC-TARGETED-THERAPY-789895	nascentes_morimur_finisque_ab_origine_pendet	barba_crescit_caput_nescit	scientiae_cedit_mare	salus_in_arduis	476	538	Too Early	haec_olim_meminisse_iuvabit
targeted_therapy	CTDC-PARTICIPANT-775344	CTDC-TARGETED-THERAPY-733273	barba_crescit_caput_nescit	nanos_gigantum_humeris_insidentes	scientia,_aere_perennius	scientia_et_sapientia	442	640	Less than partial response	scientia_et_sapientia
targeted_therapy	CTDC-PARTICIPANT-192505	CTDC-TARGETED-THERAPY-123338	barba_crescit_caput_nescit	e_causa_ignota	Obedientia_civium_urbis_felicitas	scientiae_cedit_mare	175	236	Partial Response	haec_olim_meminisse_iuvabit
targeted_therapy	CTDC-PARTICIPANT-192505	CTDC-TARGETED-THERAPY-129939	barba_crescit_caput_nescit	faber_est_suae_quisque_fortunae	e_causa_ignota	faber_est_suae_quisque_fortunae	781	282	Not Evaluable	Obedientia_civium_urbis_felicitas
targeted_therapy	CTDC-PARTICIPANT-908756	CTDC-TARGETED-THERAPY-147269	haec_olim_meminisse_iuvabit	e_causa_ignota	nanos_gigantum_humeris_insidentes	imperium_in_imperio	121	159	Too Early	e_causa_ignota
targeted_therapy	CTDC-PARTICIPANT-908756	CTDC-TARGETED-THERAPY-953951	id_quod_plerumque_accidit	faber_est_suae_quisque_fortunae	nascentes_morimur_finisque_ab_origine_pendet	cacatum_non_est_pictum	374	479	Less than partial response	scientia_imperii_decus_et_tutamen
targeted_therapy	CTDC-PARTICIPANT-464092	CTDC-TARGETED-THERAPY-390790	damnant_quod_non_intellegunt	haec_olim_meminisse_iuvabit	O_Tite_tute_Tati_tibi_tanta_tyranne_tulisti	saltus_in_demonstrando	681	853	Partial Response	scientiae_et_patriae
targeted_therapy	CTDC-PARTICIPANT-464092	CTDC-TARGETED-THERAPY-854526	Obedientia_civium_urbis_felicitas	haec_olim_meminisse_iuvabit	salus_in_arduis	O_Tite_tute_Tati_tibi_tanta_tyranne_tulisti	699	715	Too Early	scientiae_cedit_mare
targeted_therapy	CTDC-PARTICIPANT-811159	CTDC-TARGETED-THERAPY-553598	id_quod_plerumque_accidit	faber_est_suae_quisque_fortunae	salus_in_arduis	nascentes_morimur_finisque_ab_origine_pendet	893	961	Progressive Disease	faber_est_suae_quisque_fortunae
targeted_therapy	CTDC-PARTICIPANT-811159	CTDC-TARGETED-THERAPY-339619	labor_ipse_voluptas	scientiae_et_patriae	e_causa_ignota	Gallia_est_omnis_divisa_in_partes_tres	583	840	Complete Response	scientia_et_labor
targeted_therapy	CTDC-PARTICIPANT-398389	CTDC-TARGETED-THERAPY-550759	pace_tua	Macte_animo_Generose_puer_sic_itur_ad_astra	nascentes_morimur_finisque_ab_origine_pendet	imperium_in_imperio	921	465	Not Assessed	nanos_gigantum_humeris_insidentes
targeted_therapy	CTDC-PARTICIPANT-398389	CTDC-TARGETED-THERAPY-781918	labor_ipse_voluptas	scientia_et_labor	nascentes_morimur_finisque_ab_origine_pendet	pace_tua	352	857	Complete Response	labor_ipse_voluptas
targeted_therapy	CTDC-PARTICIPANT-848512	CTDC-TARGETED-THERAPY-677113	scientia_et_labor	damnant_quod_non_intellegunt	scientia_imperii_decus_et_tutamen	pace_tua	712	285	Complete Response	faber_est_suae_quisque_fortunae
targeted_therapy	CTDC-PARTICIPANT-848512	CTDC-TARGETED-THERAPY-720323	imperium_in_imperio	scientia,_aere_perennius	scientia_imperii_decus_et_tutamen	nanos_gigantum_humeris_insidentes	852	563	Stable Disease	scientia,_aere_perennius
targeted_therapy	CTDC-PARTICIPANT-599371	CTDC-TARGETED-THERAPY-996990	nascentes_morimur_finisque_ab_origine_pendet	haec_olim_meminisse_iuvabit	nascentes_morimur_finisque_ab_origine_pendet	sapiens_qui_prospicit	601	333	Progressive Disease	cacatum_non_est_pictum
targeted_therapy	CTDC-PARTICIPANT-599371	CTDC-TARGETED-THERAPY-746948	labor_ipse_voluptas	Gallia_est_omnis_divisa_in_partes_tres	haec_olim_meminisse_iuvabit	scientia_imperii_decus_et_tutamen	468	370	Partial Response	scientia_imperii_decus_et_tutamen
targeted_therapy	CTDC-PARTICIPANT-855609	CTDC-TARGETED-THERAPY-643141	scientiae_cedit_mare	scientiae_cedit_mare	cacatum_non_est_pictum	nanos_gigantum_humeris_insidentes	861	982	Too Early	sapiens_qui_prospicit
targeted_therapy	CTDC-PARTICIPANT-855609	CTDC-TARGETED-THERAPY-612434	e_causa_ignota	pace_tua	labor_ipse_voluptas	a_bene_placito	10	854	Less than partial response	scientia_imperii_decus_et_tutamen
targeted_therapy	CTDC-PARTICIPANT-879618	CTDC-TARGETED-THERAPY-438603	imperium_in_imperio	sapiens_qui_prospicit	nanos_gigantum_humeris_insidentes	scientia_imperii_decus_et_tutamen	384	66	Unknown	a_bene_placito
targeted_therapy	CTDC-PARTICIPANT-879618	CTDC-TARGETED-THERAPY-541862	imperium_in_imperio	nanos_gigantum_humeris_insidentes	Obedientia_civium_urbis_felicitas	scientia_et_sapientia	241	564	Not Evaluable	scientia_et_sapientia
targeted_therapy	CTDC-PARTICIPANT-683664	CTDC-TARGETED-THERAPY-970915	imperium_in_imperio	haec_olim_meminisse_iuvabit	scientiae_cedit_mare	Gallia_est_omnis_divisa_in_partes_tres	773	809	Less than partial response	pace_tua
targeted_therapy	CTDC-PARTICIPANT-683664	CTDC-TARGETED-THERAPY-206072	cacatum_non_est_pictum	scientia,_aere_perennius	Obedientia_civium_urbis_felicitas	scientia_et_labor	825	92	Progressive Disease	scientia,_aere_perennius
targeted_therapy	CTDC-PARTICIPANT-772356	CTDC-TARGETED-THERAPY-225458	cacatum_non_est_pictum	nanos_gigantum_humeris_insidentes	scientiae_et_patriae	pace_tua	226	139	Unknown	scientiae_et_patriae
targeted_therapy	CTDC-PARTICIPANT-772356	CTDC-TARGETED-THERAPY-322432	barba_crescit_caput_nescit	O_Tite_tute_Tati_tibi_tanta_tyranne_tulisti	Gallia_est_omnis_divisa_in_partes_tres	labor_ipse_voluptas	353	929	Complete Response	Gallia_est_omnis_divisa_in_partes_tres
targeted_therapy	CTDC-PARTICIPANT-641762	CTDC-TARGETED-THERAPY-798778	scientia,_aere_perennius	scientia_imperii_decus_et_tutamen	saltus_in_demonstrando	cacatum_non_est_pictum	61	165	Progressive Disease	scientia_et_sapientia
targeted_therapy	CTDC-PARTICIPANT-641762	CTDC-TARGETED-THERAPY-802191	id_quod_plerumque_accidit	cacatum_non_est_pictum	scientiae_cedit_mare	scientiae_cedit_mare	314	930	Partial Response	barba_crescit_caput_nescit
targeted_therapy	CTDC-PARTICIPANT-357366	CTDC-TARGETED-THERAPY-977553	scientia_et_labor	faber_est_suae_quisque_fortunae	e_causa_ignota	scientia_imperii_decus_et_tutamen	966	334	Partial Response	Gallia_est_omnis_divisa_in_partes_tres
targeted_therapy	CTDC-PARTICIPANT-357366	CTDC-TARGETED-THERAPY-468007	a_bene_placito	haec_olim_meminisse_iuvabit	saltus_in_demonstrando	scientia_et_sapientia	128	264	Too Early	scientia_et_labor
targeted_therapy	CTDC-PARTICIPANT-395458	CTDC-TARGETED-THERAPY-327250	a_bene_placito	damnant_quod_non_intellegunt	labor_ipse_voluptas	pace_tua	219	551	Unknown	faber_est_suae_quisque_fortunae
targeted_therapy	CTDC-PARTICIPANT-395458	CTDC-TARGETED-THERAPY-751937	scientia,_aere_perennius	scientiae_et_patriae	scientia_imperii_decus_et_tutamen	labor_ipse_voluptas	412	425	Too Early	haec_olim_meminisse_iuvabit
targeted_therapy	CTDC-PARTICIPANT-237017	CTDC-TARGETED-THERAPY-716407	labor_ipse_voluptas	damnant_quod_non_intellegunt	labor_ipse_voluptas	haec_olim_meminisse_iuvabit	721	316	Less than partial response	scientia_et_sapientia
targeted_therapy	CTDC-PARTICIPANT-237017	CTDC-TARGETED-THERAPY-316060	scientia_imperii_decus_et_tutamen	salus_in_arduis	cacatum_non_est_pictum	saltus_in_demonstrando	542	397	Not Assessed	a_bene_placito
targeted_therapy	CTDC-PARTICIPANT-423015	CTDC-TARGETED-THERAPY-338799	salus_in_arduis	salus_in_arduis	sapiens_qui_prospicit	scientia_et_labor	463	128	Complete Response	O_Tite_tute_Tati_tibi_tanta_tyranne_tulisti
targeted_therapy	CTDC-PARTICIPANT-423015	CTDC-TARGETED-THERAPY-852374	cacatum_non_est_pictum	scientia_et_sapientia	pace_tua	haec_olim_meminisse_iuvabit	407	568	Partial Response	scientia,_aere_perennius
targeted_therapy	CTDC-PARTICIPANT-622116	CTDC-TARGETED-THERAPY-885899	damnant_quod_non_intellegunt	O_Tite_tute_Tati_tibi_tanta_tyranne_tulisti	haec_olim_meminisse_iuvabit	O_Tite_tute_Tati_tibi_tanta_tyranne_tulisti	135	683	Less than partial response	O_Tite_tute_Tati_tibi_tanta_tyranne_tulisti
targeted_therapy	CTDC-PARTICIPANT-622116	CTDC-TARGETED-THERAPY-386078	e_causa_ignota	salus_in_arduis	Macte_animo_Generose_puer_sic_itur_ad_astra	pace_tua	673	295	Stable Disease	e_causa_ignota
targeted_therapy	CTDC-PARTICIPANT-854884	CTDC-TARGETED-THERAPY-614948	salus_in_arduis	labor_ipse_voluptas	imperium_in_imperio	pace_tua	128	315	Unknown	scientia,_aere_perennius
targeted_therapy	CTDC-PARTICIPANT-854884	CTDC-TARGETED-THERAPY-793439	sapiens_qui_prospicit	damnant_quod_non_intellegunt	sapiens_qui_prospicit	damnant_quod_non_intellegunt	123	353	Not Evaluable	scientia_imperii_decus_et_tutamen
targeted_therapy	CTDC-PARTICIPANT-593514	CTDC-TARGETED-THERAPY-367411	nascentes_morimur_finisque_ab_origine_pendet	imperium_in_imperio	scientiae_et_patriae	haec_olim_meminisse_iuvabit	518	198	Not Assessed	a_bene_placito
targeted_therapy	CTDC-PARTICIPANT-593514	CTDC-TARGETED-THERAPY-607870	nascentes_morimur_finisque_ab_origine_pendet	damnant_quod_non_intellegunt	scientiae_et_patriae	e_causa_ignota	254	388	Partial Response	cacatum_non_est_pictum
targeted_therapy	CTDC-PARTICIPANT-456506	CTDC-TARGETED-THERAPY-830196	cacatum_non_est_pictum	saltus_in_demonstrando	scientia,_aere_perennius	faber_est_suae_quisque_fortunae	228	537	Less than partial response	saltus_in_demonstrando
targeted_therapy	CTDC-PARTICIPANT-456506	CTDC-TARGETED-THERAPY-370217	saltus_in_demonstrando	nanos_gigantum_humeris_insidentes	scientiae_cedit_mare	Obedientia_civium_urbis_felicitas	663	554	Not Evaluable	cacatum_non_est_pictum
targeted_therapy	CTDC-PARTICIPANT-311363	CTDC-TARGETED-THERAPY-586034	sapiens_qui_prospicit	barba_crescit_caput_nescit	pace_tua	faber_est_suae_quisque_fortunae	165	432	Less than partial response	faber_est_suae_quisque_fortunae
targeted_therapy	CTDC-PARTICIPANT-311363	CTDC-TARGETED-THERAPY-638061	Obedientia_civium_urbis_felicitas	faber_est_suae_quisque_fortunae	scientiae_et_patriae	nanos_gigantum_humeris_insidentes	710	936	Too Early	id_quod_plerumque_accidit
targeted_therapy	CTDC-PARTICIPANT-299574	CTDC-TARGETED-THERAPY-655775	salus_in_arduis	scientia,_aere_perennius	scientiae_cedit_mare	scientia_imperii_decus_et_tutamen	263	619	Less than partial response	nascentes_morimur_finisque_ab_origine_pendet
targeted_therapy	CTDC-PARTICIPANT-299574	CTDC-TARGETED-THERAPY-743396	a_bene_placito	nascentes_morimur_finisque_ab_origine_pendet	barba_crescit_caput_nescit	damnant_quod_non_intellegunt	731	728	Unknown	O_Tite_tute_Tati_tibi_tanta_tyranne_tulisti
targeted_therapy	CTDC-PARTICIPANT-864568	CTDC-TARGETED-THERAPY-220747	haec_olim_meminisse_iuvabit	Macte_animo_Generose_puer_sic_itur_ad_astra	saltus_in_demonstrando	nanos_gigantum_humeris_insidentes	510	883	Progressive Disease	Gallia_est_omnis_divisa_in_partes_tres
targeted_therapy	CTDC-PARTICIPANT-864568	CTDC-TARGETED-THERAPY-741123	barba_crescit_caput_nescit	damnant_quod_non_intellegunt	faber_est_suae_quisque_fortunae	saltus_in_demonstrando	895	66	Progressive Disease	pace_tua
targeted_therapy	CTDC-PARTICIPANT-969646	CTDC-TARGETED-THERAPY-815541	a_bene_placito	barba_crescit_caput_nescit	faber_est_suae_quisque_fortunae	sapiens_qui_prospicit	845	652	Less than partial response	id_quod_plerumque_accidit
targeted_therapy	CTDC-PARTICIPANT-969646	CTDC-TARGETED-THERAPY-100864	scientiae_et_patriae	scientia_imperii_decus_et_tutamen	nascentes_morimur_finisque_ab_origine_pendet	haec_olim_meminisse_iuvabit	781	603	Not Evaluable	scientia_imperii_decus_et_tutamen
targeted_therapy	CTDC-PARTICIPANT-824899	CTDC-TARGETED-THERAPY-339066	nanos_gigantum_humeris_insidentes	nanos_gigantum_humeris_insidentes	cacatum_non_est_pictum	a_bene_placito	613	135	Too Early	damnant_quod_non_intellegunt
targeted_therapy	CTDC-PARTICIPANT-824899	CTDC-TARGETED-THERAPY-753466	cacatum_non_est_pictum	scientia_imperii_decus_et_tutamen	pace_tua	nanos_gigantum_humeris_insidentes	912	313	Stable Disease	salus_in_arduis
targeted_therapy	CTDC-PARTICIPANT-624334	CTDC-TARGETED-THERAPY-381091	saltus_in_demonstrando	nanos_gigantum_humeris_insidentes	scientia_imperii_decus_et_tutamen	Obedientia_civium_urbis_felicitas	180	669	Partial Response	cacatum_non_est_pictum
targeted_therapy	CTDC-PARTICIPANT-624334	CTDC-TARGETED-THERAPY-808960	Gallia_est_omnis_divisa_in_partes_tres	O_Tite_tute_Tati_tibi_tanta_tyranne_tulisti	sapiens_qui_prospicit	salus_in_arduis	989	736	Partial Response	cacatum_non_est_pictum
targeted_therapy	CTDC-PARTICIPANT-907836	CTDC-TARGETED-THERAPY-767115	nascentes_morimur_finisque_ab_origine_pendet	salus_in_arduis	haec_olim_meminisse_iuvabit	faber_est_suae_quisque_fortunae	770	641	Progressive Disease	scientia,_aere_perennius
targeted_therapy	CTDC-PARTICIPANT-907836	CTDC-TARGETED-THERAPY-221212	scientia,_aere_perennius	nascentes_morimur_finisque_ab_origine_pendet	saltus_in_demonstrando	haec_olim_meminisse_iuvabit	190	547	Progressive Disease	scientiae_et_patriae
targeted_therapy	CTDC-PARTICIPANT-380189	CTDC-TARGETED-THERAPY-247652	Obedientia_civium_urbis_felicitas	nascentes_morimur_finisque_ab_origine_pendet	a_bene_placito	imperium_in_imperio	622	638	Progressive Disease	cacatum_non_est_pictum
targeted_therapy	CTDC-PARTICIPANT-380189	CTDC-TARGETED-THERAPY-415745	saltus_in_demonstrando	Macte_animo_Generose_puer_sic_itur_ad_astra	O_Tite_tute_Tati_tibi_tanta_tyranne_tulisti	nascentes_morimur_finisque_ab_origine_pendet	199	159	Too Early	haec_olim_meminisse_iuvabit
targeted_therapy	CTDC-PARTICIPANT-255931	CTDC-TARGETED-THERAPY-522863	scientia,_aere_perennius	salus_in_arduis	faber_est_suae_quisque_fortunae	nascentes_morimur_finisque_ab_origine_pendet	749	974	Not Assessed	damnant_quod_non_intellegunt
targeted_therapy	CTDC-PARTICIPANT-255931	CTDC-TARGETED-THERAPY-394564	e_causa_ignota	nanos_gigantum_humeris_insidentes	scientiae_cedit_mare	barba_crescit_caput_nescit	731	922	Progressive Disease	scientia,_aere_perennius
targeted_therapy	CTDC-PARTICIPANT-713074	CTDC-TARGETED-THERAPY-179954	saltus_in_demonstrando	barba_crescit_caput_nescit	a_bene_placito	scientia_imperii_decus_et_tutamen	324	355	Not Evaluable	faber_est_suae_quisque_fortunae
targeted_therapy	CTDC-PARTICIPANT-713074	CTDC-TARGETED-THERAPY-404853	Macte_animo_Generose_puer_sic_itur_ad_astra	pace_tua	saltus_in_demonstrando	haec_olim_meminisse_iuvabit	39	969	Too Early	sapiens_qui_prospicit
targeted_therapy	CTDC-PARTICIPANT-592777	CTDC-TARGETED-THERAPY-808896	labor_ipse_voluptas	nanos_gigantum_humeris_insidentes	scientia_imperii_decus_et_tutamen	labor_ipse_voluptas	632	369	Not Assessed	scientiae_cedit_mare
targeted_therapy	CTDC-PARTICIPANT-592777	CTDC-TARGETED-THERAPY-605005	Obedientia_civium_urbis_felicitas	id_quod_plerumque_accidit	Macte_animo_Generose_puer_sic_itur_ad_astra	pace_tua	337	474	Too Early	scientia_et_sapientia
targeted_therapy	CTDC-PARTICIPANT-759167	CTDC-TARGETED-THERAPY-497807	damnant_quod_non_intellegunt	scientiae_cedit_mare	barba_crescit_caput_nescit	nascentes_morimur_finisque_ab_origine_pendet	738	389	Unknown	scientiae_cedit_mare
targeted_therapy	CTDC-PARTICIPANT-759167	CTDC-TARGETED-THERAPY-470895	Gallia_est_omnis_divisa_in_partes_tres	sapiens_qui_prospicit	labor_ipse_voluptas	salus_in_arduis	493	330	Complete Response	salus_in_arduis
targeted_therapy	CTDC-PARTICIPANT-162429	CTDC-TARGETED-THERAPY-199697	sapiens_qui_prospicit	scientia_et_sapientia	scientia_imperii_decus_et_tutamen	faber_est_suae_quisque_fortunae	235	268	Not Evaluable	labor_ipse_voluptas
targeted_therapy	CTDC-PARTICIPANT-162429	CTDC-TARGETED-THERAPY-137060	nascentes_morimur_finisque_ab_origine_pendet	labor_ipse_voluptas	scientia_et_sapientia	barba_crescit_caput_nescit	443	129	Not Assessed	Obedientia_civium_urbis_felicitas
targeted_therapy	CTDC-PARTICIPANT-624958	CTDC-TARGETED-THERAPY-908581	Macte_animo_Generose_puer_sic_itur_ad_astra	Obedientia_civium_urbis_felicitas	id_quod_plerumque_accidit	imperium_in_imperio	933	597	Stable Disease	faber_est_suae_quisque_fortunae
targeted_therapy	CTDC-PARTICIPANT-624958	CTDC-TARGETED-THERAPY-984834	saltus_in_demonstrando	id_quod_plerumque_accidit	scientia,_aere_perennius	sapiens_qui_prospicit	87	111	Less than partial response	nascentes_morimur_finisque_ab_origine_pendet
targeted_therapy	CTDC-PARTICIPANT-445241	CTDC-TARGETED-THERAPY-685736	pace_tua	pace_tua	scientia_imperii_decus_et_tutamen	haec_olim_meminisse_iuvabit	393	492	Stable Disease	scientiae_cedit_mare
targeted_therapy	CTDC-PARTICIPANT-445241	CTDC-TARGETED-THERAPY-501206	Gallia_est_omnis_divisa_in_partes_tres	sapiens_qui_prospicit	e_causa_ignota	faber_est_suae_quisque_fortunae	235	950	Not Assessed	Gallia_est_omnis_divisa_in_partes_tres
targeted_therapy	CTDC-PARTICIPANT-226801	CTDC-TARGETED-THERAPY-138934	cacatum_non_est_pictum	barba_crescit_caput_nescit	imperium_in_imperio	scientia_et_sapientia	423	327	Not Evaluable	imperium_in_imperio
targeted_therapy	CTDC-PARTICIPANT-226801	CTDC-TARGETED-THERAPY-974902	nascentes_morimur_finisque_ab_origine_pendet	id_quod_plerumque_accidit	haec_olim_meminisse_iuvabit	nanos_gigantum_humeris_insidentes	155	256	Progressive Disease	haec_olim_meminisse_iuvabit
targeted_therapy	CTDC-PARTICIPANT-800101	CTDC-TARGETED-THERAPY-384047	scientia_et_sapientia	nanos_gigantum_humeris_insidentes	scientiae_cedit_mare	Macte_animo_Generose_puer_sic_itur_ad_astra	661	208	Too Early	Obedientia_civium_urbis_felicitas
targeted_therapy	CTDC-PARTICIPANT-800101	CTDC-TARGETED-THERAPY-541056	barba_crescit_caput_nescit	scientia,_aere_perennius	salus_in_arduis	O_Tite_tute_Tati_tibi_tanta_tyranne_tulisti	344	253	Progressive Disease	scientia,_aere_perennius
targeted_therapy	CTDC-PARTICIPANT-489962	CTDC-TARGETED-THERAPY-570274	salus_in_arduis	e_causa_ignota	saltus_in_demonstrando	damnant_quod_non_intellegunt	415	607	Less than partial response	scientia_imperii_decus_et_tutamen
targeted_therapy	CTDC-PARTICIPANT-489962	CTDC-TARGETED-THERAPY-353561	scientiae_cedit_mare	scientia_imperii_decus_et_tutamen	scientiae_et_patriae	labor_ipse_voluptas	842	555	Less than partial response	sapiens_qui_prospicit
targeted_therapy	CTDC-PARTICIPANT-617402	CTDC-TARGETED-THERAPY-304582	scientiae_cedit_mare	saltus_in_demonstrando	labor_ipse_voluptas	sapiens_qui_prospicit	667	951	Less than partial response	e_causa_ignota
targeted_therapy	CTDC-PARTICIPANT-617402	CTDC-TARGETED-THERAPY-445152	e_causa_ignota	nascentes_morimur_finisque_ab_origine_pendet	saltus_in_demonstrando	salus_in_arduis	940	759	Not Assessed	imperium_in_imperio
targeted_therapy	CTDC-PARTICIPANT-934170	CTDC-TARGETED-THERAPY-633109	Obedientia_civium_urbis_felicitas	a_bene_placito	damnant_quod_non_intellegunt	scientia_et_sapientia	565	429	Unknown	sapiens_qui_prospicit
targeted_therapy	CTDC-PARTICIPANT-934170	CTDC-TARGETED-THERAPY-661173	damnant_quod_non_intellegunt	scientiae_cedit_mare	damnant_quod_non_intellegunt	Macte_animo_Generose_puer_sic_itur_ad_astra	438	313	Progressive Disease	scientia_imperii_decus_et_tutamen
targeted_therapy	CTDC-PARTICIPANT-930739	CTDC-TARGETED-THERAPY-482441	Obedientia_civium_urbis_felicitas	pace_tua	a_bene_placito	scientia,_aere_perennius	912	699	Unknown	damnant_quod_non_intellegunt
targeted_therapy	CTDC-PARTICIPANT-930739	CTDC-TARGETED-THERAPY-635610	Obedientia_civium_urbis_felicitas	pace_tua	faber_est_suae_quisque_fortunae	salus_in_arduis	188	601	Less than partial response	Macte_animo_Generose_puer_sic_itur_ad_astra
targeted_therapy	CTDC-PARTICIPANT-785668	CTDC-TARGETED-THERAPY-575917	salus_in_arduis	a_bene_placito	nanos_gigantum_humeris_insidentes	scientia_et_labor	291	793	Not Assessed	labor_ipse_voluptas
targeted_therapy	CTDC-PARTICIPANT-785668	CTDC-TARGETED-THERAPY-208911	id_quod_plerumque_accidit	O_Tite_tute_Tati_tibi_tanta_tyranne_tulisti	faber_est_suae_quisque_fortunae	scientiae_et_patriae	194	502	Unknown	a_bene_placito
targeted_therapy	CTDC-PARTICIPANT-400918	CTDC-TARGETED-THERAPY-644650	Obedientia_civium_urbis_felicitas	nascentes_morimur_finisque_ab_origine_pendet	Gallia_est_omnis_divisa_in_partes_tres	scientiae_cedit_mare	750	796	Not Evaluable	O_Tite_tute_Tati_tibi_tanta_tyranne_tulisti
targeted_therapy	CTDC-PARTICIPANT-400918	CTDC-TARGETED-THERAPY-993157	a_bene_placito	sapiens_qui_prospicit	labor_ipse_voluptas	labor_ipse_voluptas	102	600	Too Early	labor_ipse_voluptas
targeted_therapy	CTDC-PARTICIPANT-531009	CTDC-TARGETED-THERAPY-330013	nanos_gigantum_humeris_insidentes	a_bene_placito	imperium_in_imperio	id_quod_plerumque_accidit	798	280	Less than partial response	sapiens_qui_prospicit
targeted_therapy	CTDC-PARTICIPANT-531009	CTDC-TARGETED-THERAPY-276818	nanos_gigantum_humeris_insidentes	Obedientia_civium_urbis_felicitas	O_Tite_tute_Tati_tibi_tanta_tyranne_tulisti	nanos_gigantum_humeris_insidentes	97	375	Less than partial response	haec_olim_meminisse_iuvabit
targeted_therapy	CTDC-PARTICIPANT-165601	CTDC-TARGETED-THERAPY-236323	O_Tite_tute_Tati_tibi_tanta_tyranne_tulisti	saltus_in_demonstrando	faber_est_suae_quisque_fortunae	id_quod_plerumque_accidit	21	626	Not Evaluable	nascentes_morimur_finisque_ab_origine_pendet
targeted_therapy	CTDC-PARTICIPANT-165601	CTDC-TARGETED-THERAPY-830890	faber_est_suae_quisque_fortunae	scientia,_aere_perennius	faber_est_suae_quisque_fortunae	labor_ipse_voluptas	64	522	Less than partial response	Obedientia_civium_urbis_felicitas
targeted_therapy	CTDC-PARTICIPANT-551570	CTDC-TARGETED-THERAPY-291114	scientia_et_labor	a_bene_placito	O_Tite_tute_Tati_tibi_tanta_tyranne_tulisti	Gallia_est_omnis_divisa_in_partes_tres	424	557	Not Assessed	Gallia_est_omnis_divisa_in_partes_tres
targeted_therapy	CTDC-PARTICIPANT-551570	CTDC-TARGETED-THERAPY-635846	haec_olim_meminisse_iuvabit	scientiae_et_patriae	imperium_in_imperio	nanos_gigantum_humeris_insidentes	532	671	Progressive Disease	haec_olim_meminisse_iuvabit
targeted_therapy	CTDC-PARTICIPANT-175162	CTDC-TARGETED-THERAPY-264897	scientia,_aere_perennius	faber_est_suae_quisque_fortunae	a_bene_placito	scientia,_aere_perennius	743	448	Partial Response	e_causa_ignota
targeted_therapy	CTDC-PARTICIPANT-175162	CTDC-TARGETED-THERAPY-161404	O_Tite_tute_Tati_tibi_tanta_tyranne_tulisti	imperium_in_imperio	id_quod_plerumque_accidit	cacatum_non_est_pictum	422	789	Not Assessed	haec_olim_meminisse_iuvabit
targeted_therapy	CTDC-PARTICIPANT-115872	CTDC-TARGETED-THERAPY-101460	scientiae_cedit_mare	saltus_in_demonstrando	Obedientia_civium_urbis_felicitas	scientia_et_labor	564	156	Stable Disease	Macte_animo_Generose_puer_sic_itur_ad_astra
targeted_therapy	CTDC-PARTICIPANT-115872	CTDC-TARGETED-THERAPY-782143	Macte_animo_Generose_puer_sic_itur_ad_astra	nanos_gigantum_humeris_insidentes	nascentes_morimur_finisque_ab_origine_pendet	Gallia_est_omnis_divisa_in_partes_tres	628	292	Progressive Disease	damnant_quod_non_intellegunt
targeted_therapy	CTDC-PARTICIPANT-480277	CTDC-TARGETED-THERAPY-621380	scientia_et_labor	imperium_in_imperio	a_bene_placito	scientia_et_labor	978	114	Too Early	scientia_et_labor
targeted_therapy	CTDC-PARTICIPANT-480277	CTDC-TARGETED-THERAPY-146483	e_causa_ignota	Obedientia_civium_urbis_felicitas	scientia_imperii_decus_et_tutamen	damnant_quod_non_intellegunt	378	75	Stable Disease	scientiae_et_patriae
targeted_therapy	CTDC-PARTICIPANT-304492	CTDC-TARGETED-THERAPY-428350	e_causa_ignota	salus_in_arduis	saltus_in_demonstrando	saltus_in_demonstrando	614	330	Partial Response	imperium_in_imperio
targeted_therapy	CTDC-PARTICIPANT-304492	CTDC-TARGETED-THERAPY-483840	Macte_animo_Generose_puer_sic_itur_ad_astra	damnant_quod_non_intellegunt	scientiae_et_patriae	sapiens_qui_prospicit	384	166	Complete Response	Macte_animo_Generose_puer_sic_itur_ad_astra
targeted_therapy	CTDC-PARTICIPANT-780147	CTDC-TARGETED-THERAPY-421600	haec_olim_meminisse_iuvabit	scientiae_et_patriae	haec_olim_meminisse_iuvabit	scientia_et_labor	525	542	Stable Disease	damnant_quod_non_intellegunt
targeted_therapy	CTDC-PARTICIPANT-780147	CTDC-TARGETED-THERAPY-508074	scientia_imperii_decus_et_tutamen	scientiae_cedit_mare	id_quod_plerumque_accidit	scientia_imperii_decus_et_tutamen	256	318	Complete Response	id_quod_plerumque_accidit
targeted_therapy	CTDC-PARTICIPANT-155733	CTDC-TARGETED-THERAPY-121724	sapiens_qui_prospicit	labor_ipse_voluptas	scientia_imperii_decus_et_tutamen	cacatum_non_est_pictum	206	353	Progressive Disease	scientiae_cedit_mare
targeted_therapy	CTDC-PARTICIPANT-155733	CTDC-TARGETED-THERAPY-853524	scientia_et_sapientia	faber_est_suae_quisque_fortunae	Gallia_est_omnis_divisa_in_partes_tres	scientia_imperii_decus_et_tutamen	707	931	Stable Disease	id_quod_plerumque_accidit
targeted_therapy	CTDC-PARTICIPANT-610906	CTDC-TARGETED-THERAPY-168533	imperium_in_imperio	Obedientia_civium_urbis_felicitas	haec_olim_meminisse_iuvabit	faber_est_suae_quisque_fortunae	17	927	Less than partial response	labor_ipse_voluptas
targeted_therapy	CTDC-PARTICIPANT-610906	CTDC-TARGETED-THERAPY-585909	labor_ipse_voluptas	haec_olim_meminisse_iuvabit	a_bene_placito	scientia_et_labor	808	596	Stable Disease	O_Tite_tute_Tati_tibi_tanta_tyranne_tulisti
targeted_therapy	CTDC-PARTICIPANT-132570	CTDC-TARGETED-THERAPY-893405	damnant_quod_non_intellegunt	scientiae_cedit_mare	id_quod_plerumque_accidit	a_bene_placito	384	63	Progressive Disease	id_quod_plerumque_accidit
targeted_therapy	CTDC-PARTICIPANT-132570	CTDC-TARGETED-THERAPY-553104	id_quod_plerumque_accidit	scientia_et_labor	nanos_gigantum_humeris_insidentes	pace_tua	449	184	Not Evaluable	sapiens_qui_prospicit
targeted_therapy	CTDC-PARTICIPANT-387859	CTDC-TARGETED-THERAPY-246175	O_Tite_tute_Tati_tibi_tanta_tyranne_tulisti	Gallia_est_omnis_divisa_in_partes_tres	imperium_in_imperio	Gallia_est_omnis_divisa_in_partes_tres	866	89	Not Assessed	pace_tua
targeted_therapy	CTDC-PARTICIPANT-387859	CTDC-TARGETED-THERAPY-190534	scientia_et_labor	a_bene_placito	faber_est_suae_quisque_fortunae	nascentes_morimur_finisque_ab_origine_pendet	625	83	Unknown	scientia_imperii_decus_et_tutamen
targeted_therapy	CTDC-PARTICIPANT-554515	CTDC-TARGETED-THERAPY-653979	sapiens_qui_prospicit	id_quod_plerumque_accidit	Macte_animo_Generose_puer_sic_itur_ad_astra	nanos_gigantum_humeris_insidentes	34	666	Too Early	labor_ipse_voluptas
targeted_therapy	CTDC-PARTICIPANT-554515	CTDC-TARGETED-THERAPY-416258	barba_crescit_caput_nescit	damnant_quod_non_intellegunt	scientia,_aere_perennius	labor_ipse_voluptas	467	761	Not Evaluable	nascentes_morimur_finisque_ab_origine_pendet
targeted_therapy	CTDC-PARTICIPANT-813717	CTDC-TARGETED-THERAPY-492425	scientia,_aere_perennius	faber_est_suae_quisque_fortunae	Macte_animo_Generose_puer_sic_itur_ad_astra	barba_crescit_caput_nescit	681	513	Partial Response	scientiae_cedit_mare
targeted_therapy	CTDC-PARTICIPANT-813717	CTDC-TARGETED-THERAPY-764463	salus_in_arduis	salus_in_arduis	imperium_in_imperio	barba_crescit_caput_nescit	314	432	Progressive Disease	haec_olim_meminisse_iuvabit
targeted_therapy	CTDC-PARTICIPANT-829393	CTDC-TARGETED-THERAPY-111372	pace_tua	Gallia_est_omnis_divisa_in_partes_tres	haec_olim_meminisse_iuvabit	Obedientia_civium_urbis_felicitas	871	592	Not Assessed	scientia_et_labor
targeted_therapy	CTDC-PARTICIPANT-829393	CTDC-TARGETED-THERAPY-519160	labor_ipse_voluptas	Obedientia_civium_urbis_felicitas	scientiae_cedit_mare	scientia_et_labor	750	224	Stable Disease	scientia_et_sapientia
targeted_therapy	CTDC-PARTICIPANT-140828	CTDC-TARGETED-THERAPY-425990	haec_olim_meminisse_iuvabit	haec_olim_meminisse_iuvabit	faber_est_suae_quisque_fortunae	nascentes_morimur_finisque_ab_origine_pendet	310	842	Progressive Disease	id_quod_plerumque_accidit
targeted_therapy	CTDC-PARTICIPANT-140828	CTDC-TARGETED-THERAPY-611332	scientiae_cedit_mare	sapiens_qui_prospicit	haec_olim_meminisse_iuvabit	id_quod_plerumque_accidit	549	904	Progressive Disease	scientia_et_labor
targeted_therapy	CTDC-PARTICIPANT-153996	CTDC-TARGETED-THERAPY-504537	scientia_imperii_decus_et_tutamen	haec_olim_meminisse_iuvabit	damnant_quod_non_intellegunt	scientia_et_labor	871	400	Less than partial response	nanos_gigantum_humeris_insidentes
targeted_therapy	CTDC-PARTICIPANT-153996	CTDC-TARGETED-THERAPY-236726	cacatum_non_est_pictum	O_Tite_tute_Tati_tibi_tanta_tyranne_tulisti	saltus_in_demonstrando	salus_in_arduis	79	966	Less than partial response	Gallia_est_omnis_divisa_in_partes_tres
targeted_therapy	CTDC-PARTICIPANT-157188	CTDC-TARGETED-THERAPY-420541	e_causa_ignota	damnant_quod_non_intellegunt	pace_tua	e_causa_ignota	207	545	Not Evaluable	scientiae_et_patriae
targeted_therapy	CTDC-PARTICIPANT-157188	CTDC-TARGETED-THERAPY-836834	scientia,_aere_perennius	a_bene_placito	e_causa_ignota	haec_olim_meminisse_iuvabit	149	647	Not Evaluable	labor_ipse_voluptas
targeted_therapy	CTDC-PARTICIPANT-731202	CTDC-TARGETED-THERAPY-320426	labor_ipse_voluptas	nanos_gigantum_humeris_insidentes	damnant_quod_non_intellegunt	faber_est_suae_quisque_fortunae	592	893	Not Evaluable	e_causa_ignota
targeted_therapy	CTDC-PARTICIPANT-731202	CTDC-TARGETED-THERAPY-398582	nascentes_morimur_finisque_ab_origine_pendet	saltus_in_demonstrando	cacatum_non_est_pictum	O_Tite_tute_Tati_tibi_tanta_tyranne_tulisti	439	339	Too Early	saltus_in_demonstrando
targeted_therapy	CTDC-PARTICIPANT-541762	CTDC-TARGETED-THERAPY-953666	haec_olim_meminisse_iuvabit	scientia_imperii_decus_et_tutamen	haec_olim_meminisse_iuvabit	Gallia_est_omnis_divisa_in_partes_tres	311	537	Not Evaluable	scientia,_aere_perennius
targeted_therapy	CTDC-PARTICIPANT-541762	CTDC-TARGETED-THERAPY-852765	pace_tua	O_Tite_tute_Tati_tibi_tanta_tyranne_tulisti	pace_tua	pace_tua	148	990	Stable Disease	nascentes_morimur_finisque_ab_origine_pendet
targeted_therapy	CTDC-PARTICIPANT-986899	CTDC-TARGETED-THERAPY-148671	scientia_imperii_decus_et_tutamen	e_causa_ignota	Macte_animo_Generose_puer_sic_itur_ad_astra	labor_ipse_voluptas	665	564	Not Evaluable	damnant_quod_non_intellegunt
targeted_therapy	CTDC-PARTICIPANT-986899	CTDC-TARGETED-THERAPY-793499	a_bene_placito	Macte_animo_Generose_puer_sic_itur_ad_astra	scientia_imperii_decus_et_tutamen	e_causa_ignota	788	650	Progressive Disease	nascentes_morimur_finisque_ab_origine_pendet
targeted_therapy	CTDC-PARTICIPANT-896676	CTDC-TARGETED-THERAPY-193407	haec_olim_meminisse_iuvabit	saltus_in_demonstrando	faber_est_suae_quisque_fortunae	scientia_et_labor	327	941	Unknown	nanos_gigantum_humeris_insidentes
targeted_therapy	CTDC-PARTICIPANT-896676	CTDC-TARGETED-THERAPY-272259	scientia_imperii_decus_et_tutamen	labor_ipse_voluptas	haec_olim_meminisse_iuvabit	scientia_et_sapientia	708	923	Not Assessed	scientiae_cedit_mare
targeted_therapy	CTDC-PARTICIPANT-617856	CTDC-TARGETED-THERAPY-940779	e_causa_ignota	e_causa_ignota	salus_in_arduis	Obedientia_civium_urbis_felicitas	739	98	Not Assessed	cacatum_non_est_pictum
targeted_therapy	CTDC-PARTICIPANT-617856	CTDC-TARGETED-THERAPY-738715	imperium_in_imperio	scientiae_cedit_mare	cacatum_non_est_pictum	haec_olim_meminisse_iuvabit	414	535	Too Early	O_Tite_tute_Tati_tibi_tanta_tyranne_tulisti
targeted_therapy	CTDC-PARTICIPANT-100150	CTDC-TARGETED-THERAPY-646075	Obedientia_civium_urbis_felicitas	Obedientia_civium_urbis_felicitas	nanos_gigantum_humeris_insidentes	e_causa_ignota	872	710	Not Assessed	saltus_in_demonstrando
targeted_therapy	CTDC-PARTICIPANT-100150	CTDC-TARGETED-THERAPY-363020	barba_crescit_caput_nescit	cacatum_non_est_pictum	saltus_in_demonstrando	cacatum_non_est_pictum	442	367	Less than partial response	Obedientia_civium_urbis_felicitas
targeted_therapy	CTDC-PARTICIPANT-489929	CTDC-TARGETED-THERAPY-501743	scientiae_et_patriae	haec_olim_meminisse_iuvabit	nascentes_morimur_finisque_ab_origine_pendet	scientia_imperii_decus_et_tutamen	809	367	Less than partial response	pace_tua
targeted_therapy	CTDC-PARTICIPANT-489929	CTDC-TARGETED-THERAPY-465659	Macte_animo_Generose_puer_sic_itur_ad_astra	damnant_quod_non_intellegunt	nascentes_morimur_finisque_ab_origine_pendet	haec_olim_meminisse_iuvabit	749	942	Too Early	Obedientia_civium_urbis_felicitas
targeted_therapy	CTDC-PARTICIPANT-149982	CTDC-TARGETED-THERAPY-173480	scientia,_aere_perennius	barba_crescit_caput_nescit	labor_ipse_voluptas	pace_tua	891	556	Not Evaluable	nascentes_morimur_finisque_ab_origine_pendet
targeted_therapy	CTDC-PARTICIPANT-149982	CTDC-TARGETED-THERAPY-664693	faber_est_suae_quisque_fortunae	faber_est_suae_quisque_fortunae	scientiae_cedit_mare	pace_tua	580	235	Too Early	barba_crescit_caput_nescit
targeted_therapy	CTDC-PARTICIPANT-444431	CTDC-TARGETED-THERAPY-294609	scientia_et_sapientia	e_causa_ignota	scientiae_cedit_mare	labor_ipse_voluptas	572	831	Not Assessed	scientia_et_sapientia
targeted_therapy	CTDC-PARTICIPANT-444431	CTDC-TARGETED-THERAPY-594203	scientiae_cedit_mare	scientiae_cedit_mare	nascentes_morimur_finisque_ab_origine_pendet	cacatum_non_est_pictum	383	391	Less than partial response	Obedientia_civium_urbis_felicitas
targeted_therapy	CTDC-PARTICIPANT-348498	CTDC-TARGETED-THERAPY-702247	scientia_imperii_decus_et_tutamen	scientia_et_labor	sapiens_qui_prospicit	labor_ipse_voluptas	872	561	Too Early	barba_crescit_caput_nescit
targeted_therapy	CTDC-PARTICIPANT-348498	CTDC-TARGETED-THERAPY-796183	saltus_in_demonstrando	O_Tite_tute_Tati_tibi_tanta_tyranne_tulisti	pace_tua	haec_olim_meminisse_iuvabit	642	545	Complete Response	scientiae_et_patriae
targeted_therapy	CTDC-PARTICIPANT-151782	CTDC-TARGETED-THERAPY-760341	nanos_gigantum_humeris_insidentes	cacatum_non_est_pictum	Macte_animo_Generose_puer_sic_itur_ad_astra	sapiens_qui_prospicit	85	415	Not Evaluable	scientia_et_sapientia
targeted_therapy	CTDC-PARTICIPANT-151782	CTDC-TARGETED-THERAPY-790245	nascentes_morimur_finisque_ab_origine_pendet	a_bene_placito	scientia_et_labor	pace_tua	146	75	Not Evaluable	scientia_imperii_decus_et_tutamen
targeted_therapy	CTDC-PARTICIPANT-570580	CTDC-TARGETED-THERAPY-510677	sapiens_qui_prospicit	e_causa_ignota	faber_est_suae_quisque_fortunae	Obedientia_civium_urbis_felicitas	950	38	Not Evaluable	scientia_et_sapientia
targeted_therapy	CTDC-PARTICIPANT-570580	CTDC-TARGETED-THERAPY-383386	nanos_gigantum_humeris_insidentes	haec_olim_meminisse_iuvabit	Macte_animo_Generose_puer_sic_itur_ad_astra	sapiens_qui_prospicit	104	229	Stable Disease	cacatum_non_est_pictum
targeted_therapy	CTDC-PARTICIPANT-322080	CTDC-TARGETED-THERAPY-708932	scientiae_et_patriae	a_bene_placito	a_bene_placito	Macte_animo_Generose_puer_sic_itur_ad_astra	521	753	Progressive Disease	salus_in_arduis
targeted_therapy	CTDC-PARTICIPANT-322080	CTDC-TARGETED-THERAPY-415361	O_Tite_tute_Tati_tibi_tanta_tyranne_tulisti	id_quod_plerumque_accidit	Macte_animo_Generose_puer_sic_itur_ad_astra	Obedientia_civium_urbis_felicitas	565	527	Complete Response	scientia_et_labor
targeted_therapy	CTDC-PARTICIPANT-696969	CTDC-TARGETED-THERAPY-145338	cacatum_non_est_pictum	e_causa_ignota	faber_est_suae_quisque_fortunae	salus_in_arduis	137	168	Not Evaluable	nascentes_morimur_finisque_ab_origine_pendet
targeted_therapy	CTDC-PARTICIPANT-696969	CTDC-TARGETED-THERAPY-978637	Obedientia_civium_urbis_felicitas	cacatum_non_est_pictum	scientia_imperii_decus_et_tutamen	scientia_et_labor	962	947	Stable Disease	e_causa_ignota
targeted_therapy	CTDC-PARTICIPANT-104574	CTDC-TARGETED-THERAPY-575938	O_Tite_tute_Tati_tibi_tanta_tyranne_tulisti	pace_tua	faber_est_suae_quisque_fortunae	nascentes_morimur_finisque_ab_origine_pendet	759	861	Less than partial response	scientia_et_labor
targeted_therapy	CTDC-PARTICIPANT-104574	CTDC-TARGETED-THERAPY-974354	sapiens_qui_prospicit	nanos_gigantum_humeris_insidentes	nanos_gigantum_humeris_insidentes	scientia,_aere_perennius	357	689	Progressive Disease	pace_tua
targeted_therapy	CTDC-PARTICIPANT-521195	CTDC-TARGETED-THERAPY-326657	labor_ipse_voluptas	pace_tua	scientia_et_labor	a_bene_placito	402	334	Complete Response	scientiae_cedit_mare
targeted_therapy	CTDC-PARTICIPANT-521195	CTDC-TARGETED-THERAPY-368841	e_causa_ignota	barba_crescit_caput_nescit	Gallia_est_omnis_divisa_in_partes_tres	imperium_in_imperio	791	110	Progressive Disease	imperium_in_imperio
targeted_therapy	CTDC-PARTICIPANT-718725	CTDC-TARGETED-THERAPY-671589	scientiae_cedit_mare	Macte_animo_Generose_puer_sic_itur_ad_astra	Obedientia_civium_urbis_felicitas	a_bene_placito	206	273	Unknown	scientia_et_sapientia
targeted_therapy	CTDC-PARTICIPANT-718725	CTDC-TARGETED-THERAPY-347842	faber_est_suae_quisque_fortunae	e_causa_ignota	id_quod_plerumque_accidit	e_causa_ignota	65	945	Too Early	labor_ipse_voluptas
targeted_therapy	CTDC-PARTICIPANT-801137	CTDC-TARGETED-THERAPY-154992	O_Tite_tute_Tati_tibi_tanta_tyranne_tulisti	O_Tite_tute_Tati_tibi_tanta_tyranne_tulisti	faber_est_suae_quisque_fortunae	sapiens_qui_prospicit	895	541	Complete Response	O_Tite_tute_Tati_tibi_tanta_tyranne_tulisti
targeted_therapy	CTDC-PARTICIPANT-801137	CTDC-TARGETED-THERAPY-184527	nanos_gigantum_humeris_insidentes	salus_in_arduis	imperium_in_imperio	cacatum_non_est_pictum	202	230	Not Assessed	pace_tua
targeted_therapy	CTDC-PARTICIPANT-602888	CTDC-TARGETED-THERAPY-741863	scientia_et_labor	e_causa_ignota	scientiae_cedit_mare	sapiens_qui_prospicit	186	478	Less than partial response	faber_est_suae_quisque_fortunae
targeted_therapy	CTDC-PARTICIPANT-602888	CTDC-TARGETED-THERAPY-509528	scientia_et_labor	damnant_quod_non_intellegunt	scientiae_et_patriae	scientiae_et_patriae	590	900	Not Evaluable	scientia_imperii_decus_et_tutamen
targeted_therapy	CTDC-PARTICIPANT-585644	CTDC-TARGETED-THERAPY-238585	Gallia_est_omnis_divisa_in_partes_tres	labor_ipse_voluptas	barba_crescit_caput_nescit	scientiae_et_patriae	585	161	Progressive Disease	damnant_quod_non_intellegunt
targeted_therapy	CTDC-PARTICIPANT-585644	CTDC-TARGETED-THERAPY-178223	sapiens_qui_prospicit	faber_est_suae_quisque_fortunae	scientia,_aere_perennius	nascentes_morimur_finisque_ab_origine_pendet	559	485	Not Evaluable	imperium_in_imperio
targeted_therapy	CTDC-PARTICIPANT-923159	CTDC-TARGETED-THERAPY-272998	id_quod_plerumque_accidit	a_bene_placito	id_quod_plerumque_accidit	nascentes_morimur_finisque_ab_origine_pendet	469	467	Unknown	scientiae_et_patriae
targeted_therapy	CTDC-PARTICIPANT-923159	CTDC-TARGETED-THERAPY-590874	nanos_gigantum_humeris_insidentes	scientia_et_labor	labor_ipse_voluptas	saltus_in_demonstrando	429	583	Unknown	Obedientia_civium_urbis_felicitas
targeted_therapy	CTDC-PARTICIPANT-796918	CTDC-TARGETED-THERAPY-633412	scientia,_aere_perennius	damnant_quod_non_intellegunt	Macte_animo_Generose_puer_sic_itur_ad_astra	pace_tua	970	749	Complete Response	scientiae_et_patriae
targeted_therapy	CTDC-PARTICIPANT-796918	CTDC-TARGETED-THERAPY-808850	imperium_in_imperio	scientiae_et_patriae	cacatum_non_est_pictum	scientia_imperii_decus_et_tutamen	758	347	Not Assessed	sapiens_qui_prospicit
targeted_therapy	CTDC-PARTICIPANT-646131	CTDC-TARGETED-THERAPY-302346	pace_tua	scientia,_aere_perennius	nanos_gigantum_humeris_insidentes	scientia_imperii_decus_et_tutamen	999	596	Unknown	scientia,_aere_perennius
targeted_therapy	CTDC-PARTICIPANT-646131	CTDC-TARGETED-THERAPY-320669	O_Tite_tute_Tati_tibi_tanta_tyranne_tulisti	nanos_gigantum_humeris_insidentes	Macte_animo_Generose_puer_sic_itur_ad_astra	pace_tua	834	574	Not Assessed	Gallia_est_omnis_divisa_in_partes_tres
targeted_therapy	CTDC-PARTICIPANT-965448	CTDC-TARGETED-THERAPY-143655	imperium_in_imperio	Macte_animo_Generose_puer_sic_itur_ad_astra	a_bene_placito	scientiae_cedit_mare	180	431	Progressive Disease	imperium_in_imperio
targeted_therapy	CTDC-PARTICIPANT-965448	CTDC-TARGETED-THERAPY-674967	scientia_et_sapientia	scientia,_aere_perennius	saltus_in_demonstrando	scientiae_et_patriae	330	449	Partial Response	nascentes_morimur_finisque_ab_origine_pendet
targeted_therapy	CTDC-PARTICIPANT-830794	CTDC-TARGETED-THERAPY-260553	saltus_in_demonstrando	scientiae_cedit_mare	scientia_et_sapientia	a_bene_placito	73	243	Unknown	nanos_gigantum_humeris_insidentes
targeted_therapy	CTDC-PARTICIPANT-830794	CTDC-TARGETED-THERAPY-501982	scientia,_aere_perennius	haec_olim_meminisse_iuvabit	O_Tite_tute_Tati_tibi_tanta_tyranne_tulisti	barba_crescit_caput_nescit	691	206	Less than partial response	Macte_animo_Generose_puer_sic_itur_ad_astra
targeted_therapy	CTDC-PARTICIPANT-405569	CTDC-TARGETED-THERAPY-402888	scientia,_aere_perennius	cacatum_non_est_pictum	O_Tite_tute_Tati_tibi_tanta_tyranne_tulisti	Macte_animo_Generose_puer_sic_itur_ad_astra	186	117	Not Assessed	scientia,_aere_perennius
targeted_therapy	CTDC-PARTICIPANT-405569	CTDC-TARGETED-THERAPY-986860	Gallia_est_omnis_divisa_in_partes_tres	scientia,_aere_perennius	cacatum_non_est_pictum	barba_crescit_caput_nescit	523	614	Unknown	pace_tua
targeted_therapy	CTDC-PARTICIPANT-389280	CTDC-TARGETED-THERAPY-390425	Gallia_est_omnis_divisa_in_partes_tres	saltus_in_demonstrando	barba_crescit_caput_nescit	scientia_et_sapientia	529	102	Progressive Disease	scientia_et_sapientia
targeted_therapy	CTDC-PARTICIPANT-389280	CTDC-TARGETED-THERAPY-926048	saltus_in_demonstrando	labor_ipse_voluptas	scientiae_et_patriae	salus_in_arduis	711	803	Complete Response	scientia,_aere_perennius
targeted_therapy	CTDC-PARTICIPANT-415492	CTDC-TARGETED-THERAPY-439941	id_quod_plerumque_accidit	faber_est_suae_quisque_fortunae	labor_ipse_voluptas	a_bene_placito	590	557	Stable Disease	damnant_quod_non_intellegunt
targeted_therapy	CTDC-PARTICIPANT-415492	CTDC-TARGETED-THERAPY-558159	sapiens_qui_prospicit	Macte_animo_Generose_puer_sic_itur_ad_astra	scientiae_et_patriae	O_Tite_tute_Tati_tibi_tanta_tyranne_tulisti	314	577	Complete Response	damnant_quod_non_intellegunt
targeted_therapy	CTDC-PARTICIPANT-450156	CTDC-TARGETED-THERAPY-524147	nascentes_morimur_finisque_ab_origine_pendet	cacatum_non_est_pictum	haec_olim_meminisse_iuvabit	Obedientia_civium_urbis_felicitas	968	656	Progressive Disease	haec_olim_meminisse_iuvabit
targeted_therapy	CTDC-PARTICIPANT-450156	CTDC-TARGETED-THERAPY-955789	Gallia_est_omnis_divisa_in_partes_tres	scientia_imperii_decus_et_tutamen	cacatum_non_est_pictum	id_quod_plerumque_accidit	108	863	Unknown	scientiae_cedit_mare
targeted_therapy	CTDC-PARTICIPANT-842600	CTDC-TARGETED-THERAPY-662456	a_bene_placito	labor_ipse_voluptas	pace_tua	scientia_et_sapientia	274	777	Complete Response	saltus_in_demonstrando
targeted_therapy	CTDC-PARTICIPANT-842600	CTDC-TARGETED-THERAPY-472829	a_bene_placito	scientia_imperii_decus_et_tutamen	Gallia_est_omnis_divisa_in_partes_tres	scientiae_et_patriae	48	568	Stable Disease	cacatum_non_est_pictum
targeted_therapy	CTDC-PARTICIPANT-804006	CTDC-TARGETED-THERAPY-926601	nascentes_morimur_finisque_ab_origine_pendet	O_Tite_tute_Tati_tibi_tanta_tyranne_tulisti	Gallia_est_omnis_divisa_in_partes_tres	Macte_animo_Generose_puer_sic_itur_ad_astra	653	126	Not Evaluable	scientia_imperii_decus_et_tutamen
targeted_therapy	CTDC-PARTICIPANT-804006	CTDC-TARGETED-THERAPY-318284	salus_in_arduis	Gallia_est_omnis_divisa_in_partes_tres	scientiae_cedit_mare	e_causa_ignota	698	178	Complete Response	nascentes_morimur_finisque_ab_origine_pendet
targeted_therapy	CTDC-PARTICIPANT-794571	CTDC-TARGETED-THERAPY-254867	haec_olim_meminisse_iuvabit	scientiae_et_patriae	O_Tite_tute_Tati_tibi_tanta_tyranne_tulisti	sapiens_qui_prospicit	960	165	Not Evaluable	Macte_animo_Generose_puer_sic_itur_ad_astra
targeted_therapy	CTDC-PARTICIPANT-794571	CTDC-TARGETED-THERAPY-345309	labor_ipse_voluptas	Obedientia_civium_urbis_felicitas	scientia,_aere_perennius	id_quod_plerumque_accidit	386	717	Complete Response	id_quod_plerumque_accidit
targeted_therapy	CTDC-PARTICIPANT-912680	CTDC-TARGETED-THERAPY-816739	cacatum_non_est_pictum	scientiae_et_patriae	scientia_et_sapientia	cacatum_non_est_pictum	664	967	Unknown	pace_tua
targeted_therapy	CTDC-PARTICIPANT-912680	CTDC-TARGETED-THERAPY-359680	nanos_gigantum_humeris_insidentes	sapiens_qui_prospicit	scientia,_aere_perennius	sapiens_qui_prospicit	411	818	Complete Response	scientiae_et_patriae
targeted_therapy	CTDC-PARTICIPANT-260687	CTDC-TARGETED-THERAPY-531948	scientiae_cedit_mare	sapiens_qui_prospicit	a_bene_placito	scientiae_et_patriae	632	326	Unknown	imperium_in_imperio
targeted_therapy	CTDC-PARTICIPANT-260687	CTDC-TARGETED-THERAPY-970553	O_Tite_tute_Tati_tibi_tanta_tyranne_tulisti	scientiae_cedit_mare	e_causa_ignota	barba_crescit_caput_nescit	65	830	Not Evaluable	Gallia_est_omnis_divisa_in_partes_tres
targeted_therapy	CTDC-PARTICIPANT-513003	CTDC-TARGETED-THERAPY-966574	salus_in_arduis	e_causa_ignota	salus_in_arduis	scientiae_cedit_mare	34	156	Partial Response	scientia_et_sapientia
targeted_therapy	CTDC-PARTICIPANT-513003	CTDC-TARGETED-THERAPY-254483	faber_est_suae_quisque_fortunae	labor_ipse_voluptas	haec_olim_meminisse_iuvabit	scientia_et_labor	288	240	Progressive Disease	scientia_et_sapientia
targeted_therapy	CTDC-PARTICIPANT-985753	CTDC-TARGETED-THERAPY-771341	cacatum_non_est_pictum	O_Tite_tute_Tati_tibi_tanta_tyranne_tulisti	imperium_in_imperio	cacatum_non_est_pictum	642	114	Progressive Disease	scientia_imperii_decus_et_tutamen
targeted_therapy	CTDC-PARTICIPANT-985753	CTDC-TARGETED-THERAPY-162087	salus_in_arduis	Obedientia_civium_urbis_felicitas	saltus_in_demonstrando	imperium_in_imperio	811	287	Not Assessed	scientia_et_sapientia
targeted_therapy	CTDC-PARTICIPANT-576238	CTDC-TARGETED-THERAPY-154471	pace_tua	scientia_imperii_decus_et_tutamen	a_bene_placito	scientia,_aere_perennius	144	972	Too Early	Gallia_est_omnis_divisa_in_partes_tres
targeted_therapy	CTDC-PARTICIPANT-576238	CTDC-TARGETED-THERAPY-554195	haec_olim_meminisse_iuvabit	e_causa_ignota	labor_ipse_voluptas	scientiae_cedit_mare	297	409	Unknown	nascentes_morimur_finisque_ab_origine_pendet
targeted_therapy	CTDC-PARTICIPANT-538281	CTDC-TARGETED-THERAPY-268845	salus_in_arduis	damnant_quod_non_intellegunt	scientiae_et_patriae	nanos_gigantum_humeris_insidentes	136	730	Not Evaluable	faber_est_suae_quisque_fortunae
targeted_therapy	CTDC-PARTICIPANT-538281	CTDC-TARGETED-THERAPY-588775	nanos_gigantum_humeris_insidentes	scientiae_et_patriae	Obedientia_civium_urbis_felicitas	O_Tite_tute_Tati_tibi_tanta_tyranne_tulisti	656	647	Unknown	Gallia_est_omnis_divisa_in_partes_tres
targeted_therapy	CTDC-PARTICIPANT-567163	CTDC-TARGETED-THERAPY-245321	pace_tua	O_Tite_tute_Tati_tibi_tanta_tyranne_tulisti	O_Tite_tute_Tati_tibi_tanta_tyranne_tulisti	saltus_in_demonstrando	384	313	Not Evaluable	scientia_imperii_decus_et_tutamen
targeted_therapy	CTDC-PARTICIPANT-567163	CTDC-TARGETED-THERAPY-247927	nascentes_morimur_finisque_ab_origine_pendet	haec_olim_meminisse_iuvabit	barba_crescit_caput_nescit	scientiae_et_patriae	75	799	Progressive Disease	faber_est_suae_quisque_fortunae
targeted_therapy	CTDC-PARTICIPANT-375688	CTDC-TARGETED-THERAPY-354368	e_causa_ignota	sapiens_qui_prospicit	saltus_in_demonstrando	scientia,_aere_perennius	280	83	Progressive Disease	imperium_in_imperio
targeted_therapy	CTDC-PARTICIPANT-375688	CTDC-TARGETED-THERAPY-633311	Obedientia_civium_urbis_felicitas	haec_olim_meminisse_iuvabit	O_Tite_tute_Tati_tibi_tanta_tyranne_tulisti	a_bene_placito	802	309	Stable Disease	id_quod_plerumque_accidit
targeted_therapy	CTDC-PARTICIPANT-842152	CTDC-TARGETED-THERAPY-174101	e_causa_ignota	scientiae_cedit_mare	sapiens_qui_prospicit	scientia_et_sapientia	973	76	Too Early	nanos_gigantum_humeris_insidentes
targeted_therapy	CTDC-PARTICIPANT-842152	CTDC-TARGETED-THERAPY-198933	scientiae_cedit_mare	scientia_et_sapientia	Obedientia_civium_urbis_felicitas	nascentes_morimur_finisque_ab_origine_pendet	652	359	Unknown	sapiens_qui_prospicit
targeted_therapy	CTDC-PARTICIPANT-100029	CTDC-TARGETED-THERAPY-753311	imperium_in_imperio	nascentes_morimur_finisque_ab_origine_pendet	scientia_et_labor	scientiae_et_patriae	262	422	Too Early	scientiae_cedit_mare
targeted_therapy	CTDC-PARTICIPANT-100029	CTDC-TARGETED-THERAPY-216638	e_causa_ignota	imperium_in_imperio	e_causa_ignota	Gallia_est_omnis_divisa_in_partes_tres	355	109	Progressive Disease	imperium_in_imperio
targeted_therapy	CTDC-PARTICIPANT-141020	CTDC-TARGETED-THERAPY-391499	e_causa_ignota	e_causa_ignota	pace_tua	nanos_gigantum_humeris_insidentes	854	734	Progressive Disease	id_quod_plerumque_accidit
targeted_therapy	CTDC-PARTICIPANT-141020	CTDC-TARGETED-THERAPY-800160	cacatum_non_est_pictum	imperium_in_imperio	barba_crescit_caput_nescit	nascentes_morimur_finisque_ab_origine_pendet	188	310	Too Early	saltus_in_demonstrando
targeted_therapy	CTDC-PARTICIPANT-380809	CTDC-TARGETED-THERAPY-301525	haec_olim_meminisse_iuvabit	Obedientia_civium_urbis_felicitas	scientia,_aere_perennius	pace_tua	879	710	Progressive Disease	scientiae_cedit_mare
targeted_therapy	CTDC-PARTICIPANT-380809	CTDC-TARGETED-THERAPY-887937	damnant_quod_non_intellegunt	haec_olim_meminisse_iuvabit	e_causa_ignota	scientia_imperii_decus_et_tutamen	302	990	Stable Disease	Gallia_est_omnis_divisa_in_partes_tres
targeted_therapy	CTDC-PARTICIPANT-756502	CTDC-TARGETED-THERAPY-990490	nanos_gigantum_humeris_insidentes	labor_ipse_voluptas	nanos_gigantum_humeris_insidentes	labor_ipse_voluptas	888	306	Not Assessed	cacatum_non_est_pictum
targeted_therapy	CTDC-PARTICIPANT-756502	CTDC-TARGETED-THERAPY-162811	faber_est_suae_quisque_fortunae	pace_tua	imperium_in_imperio	sapiens_qui_prospicit	432	785	Progressive Disease	Obedientia_civium_urbis_felicitas
targeted_therapy	CTDC-PARTICIPANT-616347	CTDC-TARGETED-THERAPY-789347	salus_in_arduis	scientia,_aere_perennius	nanos_gigantum_humeris_insidentes	labor_ipse_voluptas	546	578	Unknown	nanos_gigantum_humeris_insidentes
targeted_therapy	CTDC-PARTICIPANT-616347	CTDC-TARGETED-THERAPY-921773	scientia_et_labor	salus_in_arduis	scientia_imperii_decus_et_tutamen	nascentes_morimur_finisque_ab_origine_pendet	494	498	Not Assessed	imperium_in_imperio
targeted_therapy	CTDC-PARTICIPANT-631268	CTDC-TARGETED-THERAPY-491280	cacatum_non_est_pictum	salus_in_arduis	imperium_in_imperio	labor_ipse_voluptas	185	801	Progressive Disease	scientiae_cedit_mare
targeted_therapy	CTDC-PARTICIPANT-631268	CTDC-TARGETED-THERAPY-267799	Obedientia_civium_urbis_felicitas	Gallia_est_omnis_divisa_in_partes_tres	faber_est_suae_quisque_fortunae	scientia_et_sapientia	455	525	Less than partial response	id_quod_plerumque_accidit
targeted_therapy	CTDC-PARTICIPANT-683397	CTDC-TARGETED-THERAPY-952934	nascentes_morimur_finisque_ab_origine_pendet	Gallia_est_omnis_divisa_in_partes_tres	barba_crescit_caput_nescit	id_quod_plerumque_accidit	534	188	Not Assessed	nanos_gigantum_humeris_insidentes
targeted_therapy	CTDC-PARTICIPANT-683397	CTDC-TARGETED-THERAPY-782851	salus_in_arduis	id_quod_plerumque_accidit	Obedientia_civium_urbis_felicitas	haec_olim_meminisse_iuvabit	361	916	Progressive Disease	scientiae_et_patriae
targeted_therapy	CTDC-PARTICIPANT-870495	CTDC-TARGETED-THERAPY-666873	nanos_gigantum_humeris_insidentes	scientia_et_sapientia	scientia,_aere_perennius	a_bene_placito	541	326	Less than partial response	nascentes_morimur_finisque_ab_origine_pendet
targeted_therapy	CTDC-PARTICIPANT-870495	CTDC-TARGETED-THERAPY-559066	Obedientia_civium_urbis_felicitas	cacatum_non_est_pictum	e_causa_ignota	damnant_quod_non_intellegunt	787	134	Less than partial response	barba_crescit_caput_nescit
targeted_therapy	CTDC-PARTICIPANT-169247	CTDC-TARGETED-THERAPY-983537	scientia_imperii_decus_et_tutamen	saltus_in_demonstrando	labor_ipse_voluptas	Gallia_est_omnis_divisa_in_partes_tres	380	223	Not Evaluable	sapiens_qui_prospicit
targeted_therapy	CTDC-PARTICIPANT-169247	CTDC-TARGETED-THERAPY-788275	Macte_animo_Generose_puer_sic_itur_ad_astra	Gallia_est_omnis_divisa_in_partes_tres	nanos_gigantum_humeris_insidentes	saltus_in_demonstrando	834	301	Partial Response	id_quod_plerumque_accidit
targeted_therapy	CTDC-PARTICIPANT-242464	CTDC-TARGETED-THERAPY-142938	Macte_animo_Generose_puer_sic_itur_ad_astra	scientia_imperii_decus_et_tutamen	scientiae_et_patriae	sapiens_qui_prospicit	670	796	Progressive Disease	faber_est_suae_quisque_fortunae
targeted_therapy	CTDC-PARTICIPANT-242464	CTDC-TARGETED-THERAPY-826758	scientiae_cedit_mare	scientia_imperii_decus_et_tutamen	barba_crescit_caput_nescit	scientiae_cedit_mare	870	904	Stable Disease	scientia_et_labor
targeted_therapy	CTDC-PARTICIPANT-653360	CTDC-TARGETED-THERAPY-467388	scientiae_cedit_mare	saltus_in_demonstrando	salus_in_arduis	Macte_animo_Generose_puer_sic_itur_ad_astra	770	458	Complete Response	scientia_imperii_decus_et_tutamen
targeted_therapy	CTDC-PARTICIPANT-653360	CTDC-TARGETED-THERAPY-556657	pace_tua	saltus_in_demonstrando	scientia_et_sapientia	scientia_imperii_decus_et_tutamen	570	587	Partial Response	Obedientia_civium_urbis_felicitas
targeted_therapy	CTDC-PARTICIPANT-643257	CTDC-TARGETED-THERAPY-225040	scientia,_aere_perennius	cacatum_non_est_pictum	barba_crescit_caput_nescit	damnant_quod_non_intellegunt	198	719	Stable Disease	sapiens_qui_prospicit
targeted_therapy	CTDC-PARTICIPANT-643257	CTDC-TARGETED-THERAPY-893359	sapiens_qui_prospicit	e_causa_ignota	sapiens_qui_prospicit	scientia_imperii_decus_et_tutamen	336	963	Not Assessed	scientia,_aere_perennius
targeted_therapy	CTDC-PARTICIPANT-516787	CTDC-TARGETED-THERAPY-947298	scientia_et_sapientia	scientia_et_sapientia	scientia_imperii_decus_et_tutamen	scientia,_aere_perennius	743	414	Complete Response	nanos_gigantum_humeris_insidentes
targeted_therapy	CTDC-PARTICIPANT-516787	CTDC-TARGETED-THERAPY-783138	scientia,_aere_perennius	nanos_gigantum_humeris_insidentes	Gallia_est_omnis_divisa_in_partes_tres	haec_olim_meminisse_iuvabit	969	338	Complete Response	salus_in_arduis
targeted_therapy	CTDC-PARTICIPANT-152632	CTDC-TARGETED-THERAPY-777045	salus_in_arduis	damnant_quod_non_intellegunt	saltus_in_demonstrando	nascentes_morimur_finisque_ab_origine_pendet	824	318	Not Evaluable	barba_crescit_caput_nescit
targeted_therapy	CTDC-PARTICIPANT-152632	CTDC-TARGETED-THERAPY-198095	a_bene_placito	scientiae_cedit_mare	scientia_imperii_decus_et_tutamen	imperium_in_imperio	134	894	Not Assessed	a_bene_placito
targeted_therapy	CTDC-PARTICIPANT-110623	CTDC-TARGETED-THERAPY-235576	scientia_et_labor	id_quod_plerumque_accidit	a_bene_placito	nanos_gigantum_humeris_insidentes	433	403	Too Early	Gallia_est_omnis_divisa_in_partes_tres
targeted_therapy	CTDC-PARTICIPANT-110623	CTDC-TARGETED-THERAPY-382135	barba_crescit_caput_nescit	haec_olim_meminisse_iuvabit	damnant_quod_non_intellegunt	scientia,_aere_perennius	530	679	Complete Response	O_Tite_tute_Tati_tibi_tanta_tyranne_tulisti
targeted_therapy	CTDC-PARTICIPANT-681780	CTDC-TARGETED-THERAPY-752052	pace_tua	saltus_in_demonstrando	Gallia_est_omnis_divisa_in_partes_tres	a_bene_placito	359	179	Not Evaluable	damnant_quod_non_intellegunt
targeted_therapy	CTDC-PARTICIPANT-681780	CTDC-TARGETED-THERAPY-342899	pace_tua	Obedientia_civium_urbis_felicitas	damnant_quod_non_intellegunt	barba_crescit_caput_nescit	207	142	Not Assessed	pace_tua
targeted_therapy	CTDC-PARTICIPANT-913252	CTDC-TARGETED-THERAPY-919365	labor_ipse_voluptas	saltus_in_demonstrando	scientia_et_labor	scientiae_et_patriae	660	681	Unknown	nanos_gigantum_humeris_insidentes
targeted_therapy	CTDC-PARTICIPANT-913252	CTDC-TARGETED-THERAPY-381282	pace_tua	cacatum_non_est_pictum	scientia_et_sapientia	id_quod_plerumque_accidit	644	690	Not Assessed	Gallia_est_omnis_divisa_in_partes_tres
targeted_therapy	CTDC-PARTICIPANT-958510	CTDC-TARGETED-THERAPY-885421	scientiae_et_patriae	salus_in_arduis	scientia_et_sapientia	O_Tite_tute_Tati_tibi_tanta_tyranne_tulisti	442	775	Not Assessed	Gallia_est_omnis_divisa_in_partes_tres
targeted_therapy	CTDC-PARTICIPANT-958510	CTDC-TARGETED-THERAPY-829922	scientiae_et_patriae	Macte_animo_Generose_puer_sic_itur_ad_astra	nanos_gigantum_humeris_insidentes	Macte_animo_Generose_puer_sic_itur_ad_astra	506	510	Progressive Disease	nascentes_morimur_finisque_ab_origine_pendet
